timestamp_us,audio_adc
5452119,11804
5485218,7605
5486712,8621
5487969,4465
5489112,1923
5490212,22
5491712,1090
5492812,3446
5493912,2347
5495012,5361
5496512,3772
5497612,10278
5498712,7262
5499812,0
5501312,8238
5502412,9497
5503512,4343
5504612,6866
5506112,6534
5507212,4429
5508312,5329
5509412,54
5510912,8187
5512012,5829
5513112,9150
5514212,7013
5515312,7827
5516912,9808
5518012,12191
5519112,9053
5520212,12192
5521712,8837
5522812,1839
5523912,3974
5525012,0
5526512,1560
5527612,28
5528712,5594
5548812,4987
5630410,6233
5631910,5831
5633010,5539
5634210,7340
5635310,3685
5636812,5547
5637912,1142
5639012,3773
5640112,1380
5641612,5588
5642712,8082
5643812,9778
5644912,8846
5646412,9608
5647512,9377
5648612,1744
5649712,5202
5651312,2787
5652412,7401
5653512,4294
5654612,2004
5656112,6599
5657212,7911
5658312,5170
5659412,9622
5742912,6985
5744410,8491
5746012,1287
5747212,3285
5748312,22
5749412,6043
5750912,3198
5752012,4179
5753112,12164
5754212,12201
5755312,10870
5756812,3902
5757912,1916
5759012,5216
5760112,4923
5761612,4206
5762712,4015
5763812,8177
5764912,3375
5766412,11200
5767512,9116
5768612,8514
5769712,8415
5771312,6636
5772412,6306
5773512,10563
5774612,9244
5776112,7675
5777212,5543
5778312,4839
5779412,4484
5780912,4957
5782012,6570
5783112,7648
5784212,6447
5785312,4317
5786812,12217
5787912,9787
5789012,11324
5790112,5581
5791612,8970
5792712,12194
5793812,4390
5794912,2942
5796412,5371
5797512,5168
5798612,612
5799712,5231
5874910,7632
5876410,5282
5877510,9711
5878710,9202
5879810,7210
5881312,9691
5882412,5586
5883512,9319
5884612,3856
5886112,7012
5887212,3761
5888312,4957
5889412,3021
5890912,5869
5892012,6234
5893112,3256
5977410,2869
5989612,789
5991112,1214
5992212,6177
5993312,3320
5994412,7259
5995912,7670
5997012,4313
5998112,3311
5999212,2192
6000312,6095
6001812,7786
6002912,4241
6004012,12207
6005112,12169
6006612,7283
6007712,9973
6008812,1974
6009912,1374
6011412,1642
6012512,3697
6013612,7512
6014712,6010
6016212,4466
6017312,12194
6018412,6896
6019512,5512
6021012,8992
6022112,12178
6023212,6601
6024312,12203
6025412,6080
6027012,9976
6028112,6066
6029212,4341
6030312,2401
6031812,1420
6032912,4234
6034012,8020
6035112,278
6036612,6976
6037712,6563
6038812,5071
6039912,11799
6041412,3577
6042512,12220
6043612,7156
6044712,5222
6046212,8593
6047312,1178
6048412,0
6049512,6234
6051012,1991
6052112,708
6053212,4148
6054312,3008
6055412,9906
6056912,2021
6058012,12187
6059112,5781
6060212,9820
6133110,9203
6134711,5116
6136211,23
6219812,6309
6221312,12203
6222412,12199
6223512,8560
6224712,3257
6226312,30
6227412,33
6228512,0
6229612,28
6231112,6053
6232212,12201
6233312,6319
6234412,12200
6235912,8372
6237012,9230
6238112,5737
6239212,12179
6240312,12174
6241812,12182
6242912,5916
6244012,7605
6245112,268
6246612,1759
6247712,1286
6248812,2589
6249912,11700
6251412,5708
6252512,8681
6253612,10172
6254712,12188
6256212,12218
6257312,8041
6258412,9607
6259512,7658
6261012,4280
6262112,1363
6263212,3433
6264312,10482
6265412,5206
6267012,6834
6268112,11370
6269212,1747
6270312,8017
6271812,310
6272912,11688
6274012,3816
6275112,10656
6276612,3508
6277712,9610
6278812,36
6279912,1341
6281412,2072
6282512,3416
6283612,6620
6284712,364
6286212,8435
6287312,12188
6288412,10052
6289512,5180
6291012,12206
6292112,9718
6293212,12181
6294312,11355
6295412,10176
6379012,9259
6380512,10779
6455112,6712
6472012,6728
6473512,12203
6474612,11201
6476112,10552
6477212,6107
6478312,9082
6479412,3966
6480912,2532
6482012,2675
6483112,6231
6484212,5434
6485312,8436
6486812,4452
6487912,6144
6489012,9160
6490112,1159
6491712,10988
6492812,9065
6493912,8893
6495012,8352
6496512,3961
6497612,6837
6498712,36
6499812,6759
6501312,8058
6502412,8917
6503512,5253
6504612,8203
6506112,5572
6507212,8310
6508312,5001
6509412,8979
6510912,11619
6512012,7953
6513112,602
6514212,3586
6515312,4964
6516812,45
6517912,2243
6519012,2820
6520112,1942
6521612,4785
6522712,8528
6523812,4413
6524912,7260
6526412,11049
6527512,12215
6528612,12168
6548812,6739
6550321,4772
6551921,5008
6553112,1361
6554312,7421
6555412,9375
6556912,8388
6558012,7334
6559112,8309
6560212,2685
6561812,4404
6562912,8002
6564012,5812
6647010,4180
6648510,5984
6649610,1852
6651112,8867
6652212,8354
6653312,9020
6654412,8000
6727510,6927
6729010,7118
6730110,6015
6731612,24
6732712,2774
6733812,4072
6734912,5224
6736412,7017
6737512,8500
6738612,10704
6739712,8177
6741212,7286
6742312,6739
6743412,11504
6744512,12180
6746012,7155
6747112,1993
6748212,7168
6749312,37
6750412,23
6751912,937
6753012,1870
6754112,7162
6755212,8024
6756712,5413
6757812,3139
6758912,7780
6760012,8089
6761612,9282
6762712,10999
6763812,8733
6764912,5110
6766412,4320
6767512,5397
6768612,3514
6769712,23
6771212,6746
6772312,6502
6773412,5047
6774512,4949
6776012,995
6777112,9434
6778212,10265
6779312,8878
6780412,9433
6781912,10593
6783012,7128
6784112,8741
6785212,6645
6786712,7099
6787812,3915
6788912,2722
6790012,5011
6791512,12189
6792612,5450
6793712,2271
6794812,4055
6878812,2232
6880412,54
6881912,8128
6883012,12168
6884112,8257
6885212,8220
6886712,5905
6887812,8184
6888912,3188
6890012,9665
6891612,3694
6892712,9856
6893812,1378
6894912,5002
6967610,792
6988410,7541
6989910,5069
6991410,7653
6992510,5414
6993610,5800
6994710,9707
6996212,6087
6997312,2845
6998412,4030
6999512,1475
7001012,37
7002112,2872
7003212,16
7004312,2712
7005412,5796
7006912,3006
7008012,3137
7009112,4975
7010212,7457
7011812,11143
7012912,6608
7014012,11291
7015112,12188
7016612,4347
7017712,7494
7018812,5700
7019912,1714
7021412,2491
7022512,7806
7023612,5714
7024712,11512
7026212,6097
7027312,8827
7028412,5890
7029512,6383
7031012,1486
7032112,12175
7033212,10910
7034312,5934
7035412,7617
7036912,5709
7038012,4599
7039112,2385
7040212,4793
7041712,4703
7042812,12226
7043912,3224
7045012,6975
7046512,6018
7130512,1202
7132112,5068
7133212,7206
7134412,6019
7135912,8153
7137012,8008
7138112,5370
7139212,4460
7140312,8228
7141812,10192
7142912,9941
7144012,10961
7145112,7821
7146612,4087
7147712,4666
7148812,8210
7149912,6056
7151412,12215
7152512,6032
7153612,6719
7154712,12198
7228511,7256
7230111,8521
7231711,6948
7232911,7254
7234011,5296
7235111,3714
7236611,4562
7237711,2711
7238811,8332
7239911,7469
7241411,9139
7242511,4220
7243611,10147
7244711,5925
7246311,11531
7247411,7730
7248511,10804
7249611,7903
7251111,8191
7252211,8622
7253311,1741
7254411,6755
7255911,3215
7257011,1752
7258111,34
7259211,8017
7260311,7435
7261811,6834
7262911,624
7264011,8995
7265111,4596
7266611,9860
7267711,6331
7268811,7986
7269911,6300
7271411,4194
7272511,735
7273611,0
7274711,5181
7276211,2782
7277311,3023
7278411,6128
7279511,4020
7363614,6161
7365214,4896
7366712,4791
7367812,10721
7368912,4715
7370012,0
7371512,6976
7372612,1924
7373712,10891
7374812,7042
7376312,6161
7377412,3221
7378512,5895
7379612,4716
7381112,2602
7382212,4475
7383312,5214
7384412,7740
7385912,10271
7387012,8544
7388112,6847
7389212,10929
7390312,12208
7391812,11807
7392912,12215
7394012,12177
7395112,8827
7467610,3615
7481110,5363
7482610,12200
7483710,5368
7484810,12177
7486312,5754
7487412,12196
7488512,5765
7489612,2002
7491112,7987
7492212,3846
7493312,10541
7494412,3620
7495912,10106
7497012,7917
7498112,8992
7499212,8046
7500312,4841
7501812,10106
7502912,7779
7504012,9206
7505112,4932
7506612,2074
7507712,4397
7508812,1653
7509912,4544
7511412,4558
7512512,5306
7513612,9351
7514712,5484
7516312,5542
7517412,7354
7518512,11559
7519612,6706
7521112,5579
7522212,4557
7523312,2647
7632112,4725
7633868,6230
7635012,4163
7636512,8219
7637612,0
7638712,5404
7639812,32
7641312,4708
7642412,8124
7643512,8522
7644612,12200
7646112,8427
7647212,10479
7648312,2134
7649412,8742
7650912,1598
7652012,5835
7653112,5220
7654212,7492
7655312,10350
7656812,3893
7657912,8774
7659012,6529
7660112,9092
7661712,2866
7662812,8885
7663912,8348
7665012,5354
7666512,5399
7667612,1216
7668712,7
7669812,46
7671312,3520
7672412,5626
7673512,12163
7674612,12171
7747511,6885
7749111,1828
7750311,12181
7751811,10273
7752911,10101
7754011,11865
7755111,12219
7756611,5857
7757711,6408
7758811,4659
7759911,31
7761411,47
7762511,2396
7763611,2
7764711,9163
7766311,7163
7767411,20
7768511,12020
7769611,38
7771111,1592
7772211,6273
7773311,12193
7774411,25
7775911,560
7777011,8338
7778111,5269
7779211,5884
7780311,12161
7863610,5782
7865212,3940
7866712,0
7867812,7926
7868912,5575
7870012,7769
7871512,5830
7872612,4583
7873712,7917
7874812,8296
7876312,12220
7877412,10983
7878512,9397
7879612,6937
7881112,4149
7882212,7287
7883312,2716
7884412,0
7885912,53
7887012,7770
7888112,6296
7889212,10259
7890312,1812
7891912,6870
7893012,11891
7894112,8938
7895212,6733
7896712,6498
7897812,10487
7898912,12200
7900012,4514
7901512,8064
7902612,3394
7903712,9115
7904812,5061
7906312,8350
7907412,3492
7908512,10068
7909612,7562
7911112,2675
7912212,5493
7913312,7485
7914412,8794
7987610,10182
8015112,11368
8016612,7644
8017712,10590
8018812,5729
8019912,5281
8021412,6402
8022512,12167
8023612,12200
8024712,4876
8026312,8102
8027412,4306
8028512,43
8029612,4921
8031112,5159
8032212,4748
8033312,9568
8034412,7665
8035912,4133
8037012,1927
8038112,5418
8122312,0
8123921,4816
8125268,6045
8126812,2874
8127912,602
8129012,8923
8130112,12192
8131612,12212
8132712,7042
8133812,3930
8134912,4675
8136412,1573
8137512,4192
8138612,6557
8139712,5932
8141212,8451
8142312,3784
8143412,2977
8144512,4791
8146012,489
8147112,4519
8148212,6196
8149312,5313
8150412,11358
8152012,3510
8153112,5667
8154212,8376
8155312,4349
8156812,10420
8157912,3226
8159012,8274
8160112,6684
8161612,9361
8162712,3735
8163812,6518
8164912,10744
8166412,12197
8167512,11424
8168612,8843
8169712,3376
8171212,5486
8172312,2187
8173412,2475
8174512,4348
8176012,3302
8177112,11023
8178212,6477
8179312,5800
8180412,5932
8181912,4252
8183012,9528
8184112,12183
8185212,6684
8258010,7541
8259611,8172
8261111,9064
8262211,4475
8263311,4278
8264411,4073
8265911,3162
8267011,6974
8268111,1728
8269211,5813
8270311,7650
8355110,6558
8356712,5774
8357912,1956
8359012,30
8360112,3197
8361612,1065
8362712,6453
8363812,4225
8364912,9156
8366512,12176
8367612,5356
8368712,2991
8369812,51
8371312,614
8372412,35
8373512,6357
8374612,7949
8376112,10153
8377212,10241
8378312,8303
8379412,6243
8380912,1622
8382012,6209
8383112,4800
8384212,9089
8385312,1748
8386812,2029
8387912,1468
8389012,4590
8390112,7510
8391612,10178
8392712,6645
8393812,9295
8394912,5458
8396512,5378
8397612,6267
8398712,4211
8399812,6999
8401312,10912
8402412,12189
8403512,7820
8404612,6553
8406112,6318
8407212,642
8408312,2941
8409412,5768
8410912,6598
8412012,3428
8413112,7988
8414212,7443
8415312,8666
8416812,6845
8417912,8762
8419012,10620
8420112,10229
8421612,9202
8422712,6728
8423812,7460
8424912,3807
8434811,7007
8511212,7958
8512812,8102
8514012,2993
8515114,147
8599112,10349
8600612,8535
8602121,7218
8603468,7127
8604612,4434
8606112,8415
8626412,8061
8628012,5559
8629212,4156
8630312,2483
8631812,2210
8632912,7245
8634012,5832
8635112,9842
8636612,5498
8637712,5026
8638812,6099
8639912,8868
8641412,5968
8642512,2945
8643612,4394
8644712,10324
8646212,6997
8647312,5693
8648412,6242
8649512,2265
8651112,10322
8652212,8421
8653312,12192
8654412,12176
8655912,9694
8657012,1839
8658112,7303
8659212,6203
8660312,5031
8661812,1446
8662912,5429
8664012,4886
8665112,6274
8666612,5285
8667712,197
8668812,4746
8669912,5488
8671412,9631
8672512,8515
8673612,7514
8674712,7450
8676212,2216
8677312,1976
8678412,3326
8679512,7008
8681012,10948
8682112,8614
8683212,6750
8684312,10160
8685412,9923
8686912,9919
8688012,9747
8689112,9483
8690212,7492
8691812,9548
8692912,11616
8694012,3393
8695112,5349
8855910,5948
8857510,1455
8858710,7453
8859810,7320
8861412,6946
8862512,3720
8863612,4076
8864712,2384
8866212,5507
8867312,7478
8868412,7732
8869512,4534
8871012,8301
8872112,9231
8873212,7049
8874312,23
8875412,1410
8876912,722
8878012,8536
8879112,7050
8880212,9215
8881712,11303
8882812,7950
8883912,10501
8885012,10054
8886512,10856
8887612,5704
8888712,7407
8889812,5179
8891312,4323
8892412,871
8893512,0
8894612,2152
8896112,7126
8897212,2525
8898312,4287
8899412,4000
8901012,2833
8902112,4811
8903212,6410
8904312,9885
8905412,11047
8906912,5273
8908012,2680
8909112,5614
8910212,32
8911712,1727
8912812,6227
8913912,8957
8915012,11162
8916512,12214
8917612,10364
8918712,6578
8919812,9701
8921312,8929
8922412,11191
8923512,9057
8924612,9171
8941611,5868
8943111,6821
8944211,6601
8945411,3504
8947011,4202
8948111,1102
9031012,9245
9032612,7351
9033812,9360
9034912,3483
9036412,6391
9037512,6725
9038612,7144
9039712,8849
9112412,3639
9113912,3256
9115012,6502
9116512,4974
9117612,1853
9118712,1838
9119812,6961
9121412,12220
9122512,8625
9123612,12164
9124712,10080
9126212,4681
9127312,9839
9128412,7038
9129512,5702
9131012,4086
9132112,0
9133212,6090
9134312,6475
9135412,8211
9136912,5693
9138012,7971
9139112,6950
9140212,10715
9141712,7596
9142812,6742
9143912,4125
9145012,2781
9146512,6833
9147612,7958
9148712,11477
9149812,8654
9151312,1615
9152412,4344
9153512,2107
9154612,4715
9156112,5492
9157212,5257
9158312,7300
9159412,5847
9161012,4153
9162112,1530
9163212,1096
9164312,3546
9165412,2520
9166912,7939
9168012,864
9169112,8977
9170212,10548
9171712,8919
9172812,9726
9173912,6134
9175012,8699
9176512,7392
9177612,8309
9178712,7938
9261512,6889
9263112,8002
9264222,10079
9265412,9047
9266912,7943
9268012,9069
9269112,5411
9270212,4204
9271712,2153
9272812,3389
9273912,922
9275012,1643
9276612,6500
9277712,4121
9278812,5818
9279912,5934
9281412,6277
9282512,5007
9283612,2536
9284712,6820
9357210,8896
9358710,5464
9359810,5273
9361412,5040
9362512,9899
9363612,11717
9364712,10810
9366212,8819
9367312,7801
9368412,4131
9369512,6216
9371012,8558
9372112,11361
9373212,8476
9374312,4211
9375412,9004
9376912,5909
9378012,5242
9379112,7427
9380212,4629
9381712,9522
9382812,5534
9383912,9801
9385012,2900
9386512,5186
9387612,4947
9388712,6085
9389812,1901
9391312,3163
9392412,2692
9393512,4291
9394612,359
9396112,2943
9397212,3618
9398312,2588
9399412,2582
9401012,4535
9402112,3150
9403212,4640
9404312,6408
9405412,6347
9406912,9333
9408012,8781
9409112,7980
9492111,4324
9504310,7448
9505810,7216
9507313,5444
9508410,7029
9509510,4211
9511012,10634
9512112,9158
9513212,8377
9514312,5470
9515412,2283
9516912,7241
9518012,5926
9519112,11187
9520212,8675
9521712,4159
9522812,5178
9523912,54
9525012,3176
9526612,1673
9527712,325
9528812,6713
9529912,8248
9531412,12159
9532512,9516
9533612,6555
9534712,5090
9631211,7387
9632811,6740
9633911,5605
9635111,6998
9636711,9479
9637811,8371
9638911,9830
9640011,9831
9641511,6281
9642611,6335
9643711,5457
9644811,640
9646311,4155
9647411,1050
9648511,3369
9649611,1089
9651111,3309
9652211,3358
9653311,6568
9654411,4643
9655911,3912
9657011,6867
9658111,10374
9659211,10079
9660311,6450
9661811,10861
9662911,6752
9664011,5265
9665111,6516
9666611,3650
9667711,5527
9668811,6021
9669911,4093
9671411,6168
9672511,7283
9673611,5086
9674711,7917
9758219,3721
9759822,6091
9761312,2934
9762412,8341
9763512,6741
9764612,8939
9766112,12212
9767212,9313
9768312,12212
9769412,7164
9771012,9066
9772112,4236
9773212,7878
9774312,9447
9775412,6492
9776912,3817
9778012,14
9779112,886
9780212,3234
9781712,8284
9782812,9860
9783912,2100
9785012,8399
9786512,9912
9787612,6682
9788712,7701
9789812,5498
9791312,4490
9792412,1828
9793512,3648
9794612,2470
9796112,3071
9797212,4473
9798312,2846
9799412,41
9872311,6344
9873911,7447
9875111,12200
9876711,8896
9877811,4187
9878911,6294
9880011,8834
9881511,2786
9882611,10882
9883711,8059
9884811,3051
9886311,4288
9887411,7728
9888511,2782
9889611,5633
9891111,4806
9892211,12185
9893311,7378
9894411,9505
9895911,6371
9897011,10582
9898111,2884
9899211,4690
9900311,12192
9901811,8308
9902911,4241
9904011,11107
9905111,9999
9906611,12195
9989812,5141
10003410,4913
10004910,4300
10006512,2261
10007612,6577
10008712,4598
10009812,6244
10011312,7044
10012412,7545
10013512,5367
10014612,4462
10016112,5108
10017212,5418
10018312,7910
10019412,5756
10020912,5843
10022012,6906
10023112,6953
10024212,9294
10025312,7423
10026812,2976
10027912,7750
10029012,1322
10030112,2978
10031612,8440
10032712,11016
10033812,8782
10034912,10254
10036512,4547
10037612,6986
10038712,5336
10039812,1912
10041312,6858
10042412,5154
10043512,3573
10044612,2540
10046112,1594
10047212,4482
10048312,3249
10049412,7551
10123710,5705
10125210,5873
10126712,8301
10127912,6965
10129012,9987
10130112,6889
10131612,11879
10132712,6933
10133812,6501
10134912,3671
10136512,9538
10137612,5474
10138712,6994
10139812,9341
10141312,8608
10142412,8505
10143512,12171
10144612,12169
10146112,11512
10147212,4830
10148312,1647
10149412,8113
10150912,7588
10152012,2312
10240810,6379
10242411,4928
10243611,8080
10244711,2602
10246211,5781
10247311,3473
10248411,8033
10249511,9725
10251011,5669
10252111,6969
10253211,6692
10254311,8075
10255411,596
10256911,848
10258011,5262
10259111,7940
10260211,2216
10261711,8442
10262811,2943
10263911,1104
10265011,9760
10266511,5835
10267611,3839
10268711,7942
10269811,7518
10271311,5297
10272411,5630
10273511,342
10274611,2546
10276111,7650
10277211,5976
10278311,3422
10279411,3006
10281011,5331
10282111,1848
10283211,8317
10284311,9545
10285411,9139
10286911,11235
10288011,12207
10289111,9530
10290211,8754
10291711,12186
10292811,9944
10293911,6651
10295011,8742
10296511,2817
10297611,3806
10298711,3482
10299811,6920
10374810,12188
10376310,4132
10377410,3110
10378510,3169
10379610,7487
10381212,10449
10382312,8215
10383412,4729
10384512,8275
10386012,11527
10387112,33
10388212,10475
10389312,8762
10390412,10044
10479612,10362
10496812,4446
10498312,2898
10499412,4797
10500912,12178
10502012,3454
10503112,10315
10504212,9945
10505312,5078
10506912,6132
10508012,6504
10509112,1528
10510212,9823
10511712,5884
10512812,44
10513912,1293
10515012,1300
10516512,9083
10517612,12159
10518712,12185
10519812,4008
10521312,796
10522412,6002
10523512,7648
10524612,10629
10526112,12178
10527212,721
10528312,6762
10529412,5301
10530912,6977
10532012,4031
10533112,10819
10534212,8936
10535312,12177
10536812,12199
10537912,7587
10539012,10504
10540112,12152
10541612,12220
10542712,11482
10543812,5449
10544912,3930
10546512,971
10547612,47
10548712,2181
10549812,9
10551312,4531
10552412,6349
10553512,2851
10554612,5333
10556112,12173
10557212,6095
10558312,6207
10559412,12224
10560912,8825
10562012,10464
10563112,7250
10564212,3651
10565312,1621
10664210,3912
10665810,11816
10667412,4516
10668612,9004
10669712,4538
10759311,8522
10760968,4715
10762511,6538
10763711,6175
10764811,3570
10766311,6405
10767411,2480
10768511,9292
10769611,8002
10771211,4169
10772311,8974
10773411,5423
10774511,8599
10776011,1090
10777111,9665
10778211,8791
10779311,5141
10780411,4650
10781911,3661
10783011,206
10784111,3847
10785211,24
10786711,6862
10787811,7658
10788911,7808
10790011,10528
10791511,12175
10792611,12198
10793711,10543
10794811,12210
10796311,7301
10797411,6867
10798511,7299
10799611,8361
10801111,499
10802211,2818
10803311,4574
10804411,4669
10805911,7133
10807011,6125
10808111,7962
10809211,3091
10810311,1839
10811911,5908
10813011,5335
10814111,8623
10815211,6698
10816711,2670
10817811,58
10818911,2344
10820011,4514
10821511,6615
10822611,4242
10823711,8276
10824811,6468
10826311,4161
10827411,8410
10828511,0
10829611,3127
10831111,7871
10832211,4336
10833311,6352
10834411,2246
10909010,9369
11000910,2305
11013010,8849
11014512,3159
11016012,874
11017212,7284
11018312,5440
11019412,1232
11021012,3916
11022112,3895
11023212,4862
11024312,8575
11025412,7043
11026912,11375
11028012,10231
11029112,5797
11030212,5896
11031712,5998
11032812,5349
11033912,2090
11035012,4832
11036512,5918
11037612,1326
11038712,0
11039812,5552
11041312,6212
11042412,8019
11043512,6451
11044612,9508
11046112,7369
11047212,7863
11048312,1734
11049412,10032
11051012,4171
11052112,3252
11053212,6295
11054312,9708
11055412,2652
11056912,6645
11058012,3095
11059112,5658
11060212,9009
11061712,10300
11062812,10442
11063912,12166
11065012,8221
11066512,9473
11067612,12214
11068712,6989
11069812,3700
11071312,8247
11072412,6800
11073512,2784
11074612,9300
11076112,15
11077212,9197
11078312,10205
11079412,3807
11080912,12203
11082012,46
11083112,12172
11084212,5321
11085312,928
11086812,11305
11087912,3424
11176612,3983
11178112,9577
11179212,4361
11180312,5760
11256512,12215
11258112,12178
11259312,504
11260512,2756
11262012,49
11263112,12200
11264212,23
11265312,6015
11266912,12189
11268012,3854
11269112,6308
11270212,12178
11271712,9570
11272812,2125
11273912,12194
11275012,8880
11276512,12178
11277612,6881
11278712,7610
11279812,58
11281312,12174
11282412,7433
11283512,12166
11284612,18
11286112,14
11287212,1826
11288312,41
11289412,12171
11290912,821
11292012,6041
11293112,32
11294212,12180
11295312,9110
11296812,12227
11297912,8178
11299012,9501
11300112,11
11301612,12216
11302712,9342
11303812,12168
11304912,9108
11306512,1276
11307612,8788
11308712,6573
11309812,28
11311312,5866
11312412,2211
11313512,565
11314612,12172
11316112,7337
11317212,9973
11318312,7544
11319412,8769
11320912,2280
11322012,5743
11323112,10715
11324212,7472
11325312,1335
11326812,4781
11327912,25
11415610,1127
11417110,3862
11418210,10952
11419310,1413
11420410,5561
11421912,4191
11423012,8696
11424112,12218
11425212,6435
11435211,2399
11436711,3807
11437811,9874
11439011,7272
11440111,8902
11514012,12167
11515512,12156
11517012,12184
11518212,7290
11519312,12189
11520412,441
11521912,11459
11523012,11244
11524112,4304
11525212,18
11526812,9
11527912,12182
11529012,198
11530112,7563
11531612,7388
11532712,550
11533812,12173
11534912,8270
11536412,12194
11537512,4452
11538612,9608
11539712,12212
11541212,4
11542312,12181
11543412,45
11544512,12170
11546012,12214
11547112,50
11548212,12231
11549312,3
11550412,12186
11551912,3342
11553012,9945
11554112,5626
11555212,825
11556712,12174
11557812,66
11558912,12189
11560012,7836
11561512,433
11562612,12176
11563712,5
11564812,12215
11566412,12180
11567512,7215
11568612,12158
11569712,4
11571212,12197
11572312,4921
11573412,12224
11685510,9009
11687110,50
11688210,5799
11689310,6750
11690410,12208
11692012,8962
11693112,12184
11694212,9
11695312,12178
11696812,6729
11697912,8485
11699012,8889
11700112,4044
11701612,12221
11702712,9573
11703812,12191
11704912,485
11706412,7801
11707512,28
11708612,12203
11709712,1232
11711212,5941
11712312,12193
11713412,10328
11714512,2741
11789010,2496
11790510,4092
11792012,4758
11793212,4603
11794312,4709
11795412,4934
11796912,25
11798012,3269
11799112,11200
11800212,3170
11801712,8832
11802812,7591
11803912,6287
11805012,5976
11806612,3555
11807712,3378
11808812,8698
11809912,2829
11811412,4923
11812512,3165
11813612,4660
11814712,1224
11816212,2887
11817312,0
11818412,5766
11819512,9200
11821012,12172
11822112,12170
11823212,11292
11824312,12184
11825412,8575
11826912,5180
11828012,7882
11829112,11733
11830212,9104
11831712,1887
11832812,9965
11833912,6520
11835012,6857
11923910,12164
11925520,55
11936610,8844
11938110,12167
11939210,6179
11940310,1611
11941812,8906
11942912,10072
11944012,4712
11945112,4949
11946612,6868
11947712,8932
11948812,12170
11949912,8123
11951412,10476
11952512,47
11953612,7852
11954712,14
11956212,12177
11957312,26
11958412,3666
11959512,6293
11961012,54
11962112,4977
11963212,25
11964312,17
11965412,10639
12040310,5226
12041810,4152
12042910,10105
12044110,1997
12045210,4494
12046812,10232
12047912,5599
12049012,41
12050112,10504
12051612,37
12052712,4973
12053812,12178
12054912,2907
12056412,12204
12057512,1010
12058612,7255
12059712,4088
12061212,9827
12062312,8698
12063412,5423
12064512,4883
12066012,1188
12067112,7343
12068212,31
12069312,9672
12070412,5887
12071912,7909
12073012,6385
12074112,7659
12075212,12207
12076712,6707
12077812,12189
12078912,7183
12080012,5453
12081512,6520
12082612,12198
12083712,639
12171610,5144
12173112,14
12174212,1124
12175312,6427
12176812,6463
12177912,8187
12179012,7898
12180112,12182
12181612,9298
12182712,6096
12183812,9885
12184912,4889
12186412,3329
12187512,9003
12188612,7
12189712,2656
12191212,1509
12192312,10547
12193412,25
12194512,10400
12196012,12214
12197112,814
12198212,12176
12199312,649
12200412,12165
12202012,10930
12203112,15
12204212,5074
12205312,2665
12206812,8023
12207912,23
12209012,12205
12210112,4205
12211612,2834
12212712,12213
12213812,7983
12214912,9980
12216412,7796
12217512,11624
12218612,222
12219712,10273
12293912,7086
12295412,4701
12296912,4700
12298112,30
12299212,4901
12300312,7920
12301912,5811
12303012,6760
12304112,10598
12305212,4524
12306712,7619
12307812,9711
12308912,10897
12310012,10925
12311512,4659
12312612,7971
12313712,7419
12314812,8319
12316312,3697
12317412,21
12318512,1858
12319612,0
12321112,5434
12409010,10072
12410610,12212
12412112,12170
12413212,10453
12414312,9195
12415412,12205
12416912,5632
12418012,535
12419112,811
12420212,4265
12421712,4011
12422812,5369
12423912,15
12425012,5792
12442021,8928
12443512,6818
12444612,8818
12446112,6838
12447212,5953
12448312,5497
12449412,820
12451012,5186
12452112,9603
12453212,5978
12454312,5429
12455412,9744
12456912,9512
12458012,6384
12459112,6970
12460212,8017
12461712,4998
12462812,3263
12463912,10716
12465012,4545
12466512,5707
12467612,12236
12468712,12184
12469812,9745
12471312,10316
12472412,3966
12473512,5018
12474612,33
12549510,5044
12551012,8257
12552112,5320
12553212,7221
12554412,6641
12555912,6223
12557012,4493
12558112,3416
12559212,7119
12560312,5552
12561912,4798
12563012,5608
12564112,58
12565212,5272
12566712,4534
12567812,1871
12568912,10806
12570012,9276
12571512,2721
12572612,3860
12573712,5976
12574812,8336
12687511,10188
12689111,7954
12690311,6280
12691811,2013
12692911,3517
12694011,6262
12695111,2464
12696611,5971
12697711,9803
12698811,3064
12699911,6774
12701411,10590
12702511,9695
12703611,7708
12704711,6418
12706211,7602
12707311,4579
12708411,3058
12709511,4912
12711011,8261
12712111,6464
12713211,2012
12714311,3706
12715411,2036
12716911,2625
12718011,2141
12719111,1157
12720211,12119
12721811,8760
12722911,6635
12724011,11420
12725111,8626
12726611,3376
12727711,5257
12728811,3585
12729911,6607
12731411,8268
12732511,7746
12733611,9234
12734711,4380
12736211,6391
12737311,9437
12738411,9596
12739511,10487
12741011,7165
12742111,8439
12743211,3980
12744311,5482
12745411,9789
12746911,5957
12748011,1688
12749111,32
12750211,5
12825012,2769
12826512,1521
12827712,5000
12828812,11504
12829912,5072
12831412,10149
12832512,12220
12833612,9822
12834712,9099
12836312,2502
12837412,35
12925810,5210
12943011,3455
12944511,5524
12946011,8209
12947311,5864
12948411,6264
12949511,1384
12951011,7675
12952111,8978
12953211,6571
12954311,7933
12955411,7706
12956911,11171
12958011,9559
12959111,9318
12960211,4792
12961711,3950
12962811,4305
12963911,2486
12965011,675
12966511,3257
12967611,6807
12968711,6066
12969811,1272
12971311,4549
12972411,4989
12973511,8732
12974611,7074
12976211,10161
12977311,7928
12978411,3952
12979511,7890
12981011,3721
12982111,9000
12983211,7234
12984311,8366
12985411,8766
12986911,5716
12988011,9800
12989111,8273
12990211,5248
12991711,4901
12992811,3858
12993911,4012
12995011,4202
12996511,2005
12997611,4123
12998711,2835
12999811,2837
13001311,8908
13002411,3416
13003511,10459
13004611,9039
13006111,4878
13007211,6242
13008311,8446
13009411,7301
13010911,11511
13012011,12160
13013111,9829
13014211,8923
13015311,5485
13089812,8056
13091312,8762
13182310,5280
13183810,3699
13184910,5927
13186412,9748
13187512,42
13188612,6044
13189712,8040
13191212,6942
13192312,10219
13193412,5625
13194512,12219
13196012,9081
13197112,2210
13198212,9757
13199312,1599
13200412,6403
13202012,9587
13203112,3501
13204212,8631
13205312,6500
13206812,2013
13207912,12177
13209012,9706
13210112,4471
13211612,4703
13212712,40
13213812,4961
13214912,2335
13216412,1136
13217512,4310
13218612,37
13219712,9987
13221212,5588
13222312,9510
13223412,10985
13224512,6286
13226012,12236
13227112,6289
13228212,5490
13229312,8894
13230412,9640
13231912,12171
13233012,3583
13234112,7344
13235212,887
13236712,12171
13237812,2
13238912,3612
13240012,4651
13241612,30
13242712,11313
13243812,11427
13244912,3498
13246412,7994
13247512,12186
13248612,6460
13249712,5
13251212,3
13252312,3662
13253412,12182
13254512,6711
13256012,12215
13257112,8608
13258212,10929
13347312,4253
13348912,9137
13350112,8915
13351612,7392
13352712,9885
13353812,5989
13354912,9597
13429012,3368
13442410,12177
13443917,10973
13445010,7782
13446512,6104
13447612,648
13448712,5886
13449812,2743
13451312,4970
13452412,6
13453512,0
13454612,7470
13456112,11214
13457212,9004
13458312,17
13459412,613
13460912,8977
13462012,12220
13463112,8013
13464212,718
13465312,3663
13466812,7876
13467912,12214
13469012,12201
13470112,46
13471612,1877
13472712,2042
13473812,12208
13474912,5653
13476512,12209
13477612,12169
13478712,1471
13479812,5175
13481312,2962
13482412,12167
13483512,5062
13484612,23
13486112,1332
13487212,1
13488312,0
13489412,5448
13490912,12187
13492012,10296
13493112,43
13494212,3935
13495312,12228
13496812,9542
13497912,2690
13499012,9947
13500112,1704
13501612,2609
13502712,6303
13503812,3816
13504912,12162
13506412,9285
13507512,12203
13508612,6220
13597812,12207
13599412,11208
13601012,7830
13602212,7796
13603312,2432
13604412,12156
13605912,7853
13607012,12210
13608112,55
13609212,7932
13610312,11288
13611812,12191
13612912,46
13614012,9077
13615112,10566
13714011,11897
13715611,7400
13717120,3806
13718468,9103
13719611,4638
13721111,3007
13722211,0
13723311,8286
13724411,8630
13725911,1172
13727011,1880
13728111,36
13729211,1
13730311,10386
13731811,5109
13732911,9920
13734011,9408
13735111,10693
13736611,6789
13737711,4554
13738811,1909
13739911,4019
13741411,4664
13742511,1389
13743611,12183
13744711,5632
13746311,4897
13747411,5420
13748511,12218
13749611,3025
13751111,4690
13752211,12185
13753311,9923
13754411,2560
13755911,27
13757011,7130
13758111,1071
13759211,9100
13760311,1417
13761811,40
13762911,7101
13764011,9792
13765111,116
13766611,5911
13767711,12177
13768811,2949
13769911,9477
13771411,12216
13772511,3176
13862110,4244
13863610,1297
13864710,8560
13866212,10916
13867312,0
13868412,12183
13869512,3382
13871012,6102
13872112,5255
13873212,3490
13874312,4827
13875412,1633
13876912,3897
13878012,2512
13879112,9872
13880212,5676
13881812,20
13882912,3546
13884012,4294
13885112,4474
13886612,4539
13887712,7906
13888812,1476
13889912,10746
13964810,0
13985510,3413
13987010,4082
13988110,6883
13989210,0
13990310,12189
13991812,8499
13992912,0
13994012,12183
13995112,40
13996612,4799
13997712,12194
13998812,40
13999912,10906
14001412,7786
14002512,0
14003612,7337
14004712,0
14006212,7089
14007312,10344
14008412,7942
14009512,6069
14011012,4324
14012112,9914
14013212,11897
14014312,3723
14015412,5798
14016912,39
14018012,8916
14019112,12162
14020212,10464
14021812,8625
14022912,4726
14024012,11098
14025112,5050
14026612,3035
14027712,12199
14028812,41
14029912,8418
14031412,12185
14120010,7408
14121610,657
14122879,9819
14124010,5867
14125110,1080
14126610,2289
14127710,4735
14128810,11887
14129910,10456
14131410,11114
14132510,10147
14133610,6034
14134710,6858
14136212,5357
14137312,5775
14138412,8883
14139512,8915
14141012,9649
14142112,8458
14143212,8620
14144312,2416
14145412,1882
14146912,9043
14148012,5882
14149112,5528
14150212,1524
14151812,4658
14152912,9130
14154012,5753
14155112,5911
14156612,5061
14157712,9184
14158812,5544
14159912,1788
14233911,4555
14235511,5828
14237011,4021
14238111,33
14239211,3139
14240311,7953
14241811,6537
14242911,9830
14244011,1802
14245111,12167
14246611,8726
14247711,4243
14248811,2344
14249911,6975
14251411,4233
14252511,24
14253611,10426
14254711,8227
14256211,9568
14257311,11455
14258411,7158
14259511,7462
14261011,5376
14262111,1294
14263211,1803
14264311,7893
14265411,4081
14266911,6362
14268011,28
14269111,8442
14358810,6318
14360410,7385
14361912,10776
14363012,3165
14364112,1395
14365212,4748
14366712,10004
14367812,6400
14368912,4025
14370012,6414
14371512,10564
14372612,7311
14373712,7258
14374812,12155
14376312,12215
14377412,1232
14378512,11010
14379612,9949
14381112,3544
14382212,7076
14383312,5222
14384412,6751
14385912,7199
14387012,7482
14388112,3836
14389212,5957
14390312,391
14391912,6292
14393012,2815
14394112,4674
14395212,4457
14396712,41
14397812,4382
14398912,12177
14400012,11758
14401512,8810
14402612,10553
14403712,8176
14404812,9289
14406312,3923
14407412,5895
14408512,2346
14409612,12171
14484610,2303
14501812,8568
14503312,5340
14504512,2489
14506012,6941
14507112,12112
14508212,3356
14509312,6707
14510412,9325
14512012,6639
14513112,49
14514212,4838
14515312,12205
14516812,10557
14517912,10976
14519012,5156
14520112,11818
14521612,3022
14522712,7545
14523812,9416
14524912,1122
14616110,2702
14617712,8839
14618912,8153
14620012,10090
14621512,7358
14622612,3798
14623712,12193
14624812,33
14626412,8191
14627512,24
14628612,6254
14629712,1824
14631212,10873
14632312,0
14633412,5503
14634512,7170
14636012,7655
14637112,3
14638212,11309
14639312,7669
14640412,3547
14641912,7506
14643012,9410
14644112,7989
14645212,10742
14646712,67
14647812,2983
14648912,8058
14650012,8487
14651512,7616
14652612,7012
14653712,10584
14654812,6186
14656412,4
14657512,2869
14658612,2788
14659712,5238
14661212,12208
14662312,10322
14663412,7666
14664512,10196
14666012,0
14667112,9
14668212,3956
14669312,6181
14670412,8852
14671912,779
14673012,3158
14674112,6121
14675212,8846
14774212,5231
14775812,6828
14777312,6215
14778512,5928
14779612,3366
14781112,8856
14782212,9574
14783312,4666
14784412,6286
14785912,3832
14787012,5177
14788112,5469
14789212,4495
14790312,11467
14879412,7295
14881012,7789
14882212,421
14883312,4791
14884412,11728
14885912,9142
14887012,12077
14888112,7450
14889212,12188
14890312,7912
14891912,6005
14893012,4
14894112,9242
14895212,3
14896712,1567
14897812,5594
14898912,8968
14900012,33
14901512,3282
14902612,7008
14903712,12208
14904812,67
14906312,11890
14907412,12167
14908512,12191
14909612,12
14911112,7621
14912212,10813
14913312,1771
14914412,31
14915912,4226
14917012,4434
14918112,12
14919212,5367
14920312,12173
14921912,12188
14923012,16
14924112,12219
14925212,7980
14938612,12217
14940112,8511
14941612,7159
14942812,133
14943912,5503
14945012,2364
14946512,38
14947612,9399
14948712,12182
14949812,46
14951312,1050
14952412,4314
14953512,5380
14954612,8765
15029711,11419
15031211,12213
15032411,12159
15033511,10256
15034611,3667
15036111,5832
15037211,1261
15038311,6131
15039411,3508
15041011,12186
15042111,6813
15131612,4760
15133212,2224
15134512,1979
15136012,1902
15137112,12210
15138212,0
15139312,8694
15140412,7751
15141912,11639
15143012,6933
15144112,12174
15145212,3849
15146712,0
15147812,11053
15148912,12203
15150012,5292
15151512,6444
15152612,12220
15153712,5519
15154812,9359
15156312,6068
15157412,417
15158512,0
15159612,15
15161212,10929
15162312,8376
15163412,6432
15164512,954
15166012,3106
15167112,4533
15168212,8248
15169312,3123
15170412,5707
15171912,3920
15173012,3742
15174112,4095
15175212,12218
15176712,12166
15177812,2942
15178912,5013
15180012,46
15181512,54
15182612,3493
15183712,5782
15184812,4402
15186312,7223
15187412,8117
15188512,8036
15189612,12192
15191112,11804
15192212,9247
15193312,12220
15194412,9498
15195912,9015
15197012,12200
15198112,10272
15199212,3686
15200312,6950
15201912,9370
15203012,4222
15204112,8377
15205212,5444
15206712,2206
15207812,8087
15297010,11053
15374912,8615
15376512,5558
15377612,7392
15378812,1118
15379912,5110
15381512,7494
15382612,4846
15383712,9311
15384812,8131
15386312,6683
15387412,6676
15388512,5897
15389612,7009
15391112,5809
15392212,5485
15393312,7759
15394412,6828
15395912,8981
15397012,9580
15398112,8260
15399212,10363
15400312,4114
15401812,876
15402912,4079
15404012,3865
15405112,3626
15406612,4378
15407712,3232
15408812,8084
15409912,9317
15411412,7120
15412512,4413
15413612,2615
15414712,6854
15416212,2005
15417312,8920
15418412,6649
15419512,9520
15421112,10820
15422212,7980
15423312,7074
15424412,5083
15434410,3056
15435910,3900
15437010,1339
15438110,10118
15439210,5823
15440310,12207
15441912,12214
15443012,10581
15444112,6969
15445212,6641
15446712,5599
15447812,1330
15448912,5166
15450012,2546
15451512,5440
15452612,6446
15453712,1510
15454812,5772
15456312,1454
15457412,2203
15458512,31
15548310,963
15549812,5991
15551312,9497
15552512,6039
15553612,6694
15554712,10333
15556212,6139
15557312,3336
15558412,7286
15559512,4702
15634012,5764
15635512,2
15637012,40
15638212,8597
15639312,3938
15640412,5482
15641912,9269
15643012,9372
15644112,9265
15645212,10266
15646812,2522
15647912,1681
15649012,5946
15650112,2874
15651612,5228
15652712,10062
15653812,8827
15654912,7227
15656412,8480
15657512,5155
15658612,4348
15659712,11758
15661212,7809
15662312,3307
15663412,6586
15664512,7210
15666012,2718
15667112,3427
15668212,5685
15669312,1353
15670412,5935
15671912,9182
15673012,12222
15674112,12215
15675212,10041
15676812,8265
15677912,1878
15679012,8388
15680112,6888
15681612,2785
15682712,4972
15683812,7159
15684912,8454
15686412,10229
15687512,8815
15688612,2827
15689712,6550
15691212,2457
15692312,2219
15693412,94
15694512,1474
15696012,8787
15697112,10200
15698212,5183
15812112,4979
15813712,8051
15814812,5344
15816312,8629
15817512,8442
15818612,10394
15819712,8414
15821212,8189
15822312,6209
15823412,7595
15824512,2615
15826012,5812
15827112,4868
15828212,8094
15829312,4928
15830412,8930
15832012,4416
15833112,9404
15834212,5541
15835312,6202
15910112,12220
15911712,7449
15912912,6682
15914012,11314
15915112,8879
15916612,5439
15917712,10155
15918812,7316
15919912,10106
15921412,6948
15922512,7111
15923612,6555
15924712,8888
15934610,6463
15936110,9241
15937210,2142
15938310,2904
15939410,8258
15940912,4788
15942012,8157
15943112,12208
15944212,3518
15945312,2314
15946812,10500
15947912,3451
15949012,2687
15950112,7700
15951612,4911
15952712,37
15953812,7274
15954912,2035
15956412,3609
15957512,9567
15958612,7050
15959712,0
15961212,11479
15962312,8861
15963412,7368
15964512,8053
15966012,7528
15967112,552
15968212,7870
15969312,6033
15970412,6710
16059512,7561
16061012,5191
16062212,9373
16063312,9189
16064412,7980
16065912,7871
16067012,6734
16068112,1348
16069212,24
16070312,2797
16071812,1988
16072912,3043
16074012,7872
16075112,7904
16076712,7988
16077812,7113
16078912,5258
16080012,5724
16081512,7580
16082612,6165
16083712,4566
16084812,6829
16086312,7559
16087412,9775
16088512,8038
16089612,4945
16091112,5330
16092212,5368
16093312,10397
16094412,10406
16169111,2973
16170611,2168
16172211,3380
16173311,3334
16174411,6536
16175911,7861
16177011,8427
16178111,4171
16179211,5348
16180311,7469
16181811,2662
16182911,7324
16184011,3418
16185111,8962
16186611,10331
16187711,7499
16188811,6436
16189911,6756
16191411,4284
16192511,1742
16193611,20
16194711,5512
16196211,2228
16197311,5729
16198411,2797
16199511,6550
16201111,5186
16202211,6511
16203311,8290
16204411,6512
16205911,7135
16207011,8126
16208111,11820
16209211,6422
16297812,12189
16299312,1662
16300412,3
16301912,40
16303012,12220
16304112,0
16305212,1
16306812,4607
16307912,5323
16309012,12181
16310112,3901
16311612,7456
16312712,0
16313812,10
16314912,12194
16316412,12188
16317512,2955
16318612,28
16319712,12203
16321212,47
16322312,3880
16323412,6565
16324512,18
16326012,9
16327112,40
16328212,12206
16329312,12174
16330412,3366
16331912,5783
16333012,11657
16334112,12209
16335212,12225
16336712,12173
16337812,32
16338912,10113
16340012,6976
16341512,12199
16342612,12181
16343712,3873
16344812,12166
16419911,11876
16421411,6340
16422611,3497
16423711,6720
16424811,3990
16445412,7101
16446912,3253
16448012,8624
16449112,8640
16450212,4398
16451712,9620
16452812,7335
16453912,5731
16455012,7104
16456612,6544
16457712,3609
16458812,4129
16459912,4245
16461412,4477
16462512,7457
16463612,4083
16464712,7943
16466212,7527
16467312,1783
16555912,6297
16557522,4288
16558868,15
16560012,0
16561512,12218
16562612,4779
16563712,6260
16564812,2727
16566312,12162
16567412,9605
16568512,4417
16569612,16
16571112,4
16572212,6570
16573312,8775
16574412,12169
16575912,6239
16577012,1123
16578112,9231
16579212,4537
16580312,4912
16581812,8135
16582912,12204
16584012,3607
16585112,2742
16586712,8275
16587812,7040
16588912,7401
16590012,1066
16591512,6700
16592612,9952
16593712,11681
16594812,8534
16596312,3759
16597412,6803
16598512,10111
16599612,6299
16601112,2777
16602212,8881
16603312,44
16604412,12178
16605912,25
16607012,9040
16608112,12161
16609212,3888
16610312,2783
16611812,0
16612912,12183
16614012,6212
16615112,7478
16689911,2288
16691511,2075
16692711,7403
16693911,10347
16695011,2445
16696511,5958
16697611,7024
16698711,6356
16699811,8557
16701311,5439
16702411,49
16703511,3458
16704611,7603
16706111,6163
16819010,45
16820610,8810
16822212,10705
16823312,42
16824412,12198
16825912,6540
16827012,12171
16828112,5146
16829212,12167
16830312,0
16831812,11045
16832912,2809
16834012,11456
16835112,30
16836612,12194
16837712,1206
16838812,9630
16839912,2648
16841412,12174
16842512,4929
16843612,7562
16844712,10
16846212,5067
16847312,504
16848412,11616
16849512,730
16851012,12199
16852112,3617
16853212,10224
16854312,10427
16855412,7913
16856912,0
16858012,12222
16859112,9119
16860212,9204
16861812,12
16862912,7631
16864012,56
16865112,7417
16866612,12201
16867712,25
16868812,12162
16869912,7982
16871412,3505
16872512,12202
16873612,4677
16874712,12199
16876212,10370
16877312,8870
16878412,81
16879512,12173
16881012,6098
16882112,11278
16883212,6426
16884312,18
16885412,12178
16886912,12141
16888012,2387
16889112,12202
16890212,36
16964812,6428
16978511,10134
16980011,2273
16981611,2961
17071110,1792
17072610,40
17073710,9322
17074810,12196
17076312,5945
17077412,2750
17078512,4163
17079612,10823
17081112,10733
17082212,7458
17083312,1877
17084412,5499
17085912,8061
17087012,4834
17088112,1282
17089212,10820
17090312,896
17091812,1628
17092912,2191
17094012,12176
17095112,1059
17096612,6171
17097712,2269
17098812,5356
17099912,5003
17101412,46
17102512,5398
17103612,10348
17104712,7519
17106312,12214
17107412,8804
17108512,9053
17109612,6733
17111112,8249
17112212,8
17113312,9789
17114412,9010
17115912,6213
17117012,2744
17118112,11713
17119212,8542
17120312,6924
17121812,6879
17122912,5098
17124012,8207
17125112,10186
17126612,7551
17127712,2140
17128812,6954
17129912,10767
17131412,3625
17132512,0
17133612,10910
17134712,10676
17136212,12174
17137312,11720
17138412,4931
17139512,4645
17141012,12166
17142112,2389
17143212,36
17144312,9661
17145412,6968
17147012,14
17236612,6
17315010,10653
17316612,55
17317712,12173
17318812,3858
17319912,4640
17321412,32
17322512,5888
17323612,2766
17324712,4110
17326212,5839
17327312,5114
17328412,3055
17329512,9237
17331012,7261
17332112,12206
17333212,9065
17334312,3508
17335412,7473
17336912,6919
17338012,7351
17339112,9130
17340212,6881
17341712,6457
17342812,5416
17343912,3699
17345012,825
17346512,3
17347612,3128
17348712,5181
17349812,11679
17351312,9544
17352412,10182
17353512,8192
17354612,10047
17356212,12160
17357312,6530
17358412,4411
17359512,7274
17361012,8617
17362112,9199
17363212,3486
17364312,6830
17365412,8781
17366912,4871
17368012,2
17369112,2379
17370212,9834
17371712,5855
17372812,2898
17373912,7252
17375012,6656
17376512,2610
17377612,8337
17378712,3767
17379812,6413
17381312,25
17382412,3979
17383512,2544
17384612,7480
17386112,7363
17387212,7667
17388312,4133
17389412,12171
17478812,8108
17496012,8845
17497512,8108
17498612,6034
17499712,9283
17501212,7256
17502312,8621
17503412,8324
17504512,11248
17580710,0
17582210,12234
17583410,5220
17584510,30
17586010,14
17587110,12216
17588210,12180
17589310,12202
17590410,7121
17592012,10804
17593112,5514
17594212,4383
17595312,12201
17596812,12214
17597912,4025
17599012,12180
17600112,12214
17601612,3252
17602712,2159
17603812,12179
17604912,4416
17606412,12
17607512,12157
17608612,12198
17609712,8
17611212,0
17612312,12215
17613412,33
17614512,6518
17616012,9007
17617112,30
17618212,1442
17619312,12217
17620412,6379
17621912,6905
17623012,49
17624112,11026
17625212,2584
17626712,12192
17627812,8674
17628912,12222
17630012,6920
17631612,52
17632712,6700
17633812,1416
17634912,4320
17636412,1012
17637512,5830
17638612,41
17639712,8519
17641212,9163
17642312,12212
17643412,6208
17644512,6281
17646012,42
17735110,10231
17736710,5755
17737910,10861
17739010,6700
17740110,9284
17741712,8359
17742812,7054
17743912,5394
17745012,4519
17746512,7972
17747612,5337
17748712,5677
17749812,12196
17751312,8063
17752412,5191
17753512,6361
17754612,4746
17756112,6219
17757212,9799
17758312,5701
17759412,4332
17858111,20
17859711,36
17861211,9308
17862311,12211
17863411,11388
17864511,1709
17866111,25
17867211,12172
17868311,49
17869411,8954
17870911,2505
17872011,12165
17873111,10
17874211,7743
17875311,7817
17876811,6486
17877911,56
17879011,11345
17880111,52
17881611,4320
17882711,12215
17883811,12217
17884911,21
17886411,40
17887511,12186
17888611,2400
17889711,8340
17891211,3182
17892311,12177
17893411,5221
17894511,12197
17896011,12189
17897111,8302
17898211,31
17899311,10643
17900411,25
17901911,3
17903011,12216
17904111,12220
17905211,5277
17906811,7141
17907911,7972
17909011,9720
17998010,11426
18014912,4156
18016412,8512
18017512,64
18018612,31
18019712,2144
18021212,13
18022312,1198
18023412,6711
18024512,9487
18026012,8175
18027112,8502
18028212,3495
18029312,8462
18030412,5361
18031912,7829
18033012,6481
18034112,8731
18035212,2536
18036712,6956
18037812,9867
18038912,2723
18040012,28
18041512,7600
18042612,35
18043712,1124
18044812,3147
18046312,12
18047412,11507
18048512,3353
18049612,12193
18123810,9142
18125410,2675
18126912,12191
18128012,3150
18129112,8867
18130212,7139
18131712,4242
18132812,0
18133912,9160
18135012,7576
18136512,8859
18137612,7134
18138712,6416
18139812,4846
18141312,9276
18142412,10625
18143512,9272
18144612,6207
18146112,3581
18147212,32
18148312,6323
18149412,5747
18150912,4643
18152012,11376
18153112,9470
18154212,5246
18155312,10133
18156912,10959
18158012,2224
18159112,7408
18160212,27
18161712,7764
18162812,5858
18251510,6842
18253110,2607
18254310,9543
18255410,2133
18256912,11015
18258012,7459
18259112,5146
18260212,4187
18261712,2966
18262812,2282
18263912,7512
18265012,3504
18266512,1419
18267612,7078
18268712,7364
18269812,9958
18271412,9913
18272512,8540
18273612,6822
18274712,6715
18276212,6766
18277312,6706
18278412,1592
18279512,5428
18281012,6869
18282112,4834
18283212,8322
18284312,7617
18285412,5328
18286912,2908
18288012,1575
18289112,6512
18290212,10067
18291712,1124
18292812,6978
18293912,4679
18295012,4179
18296512,7729
18297612,1716
18298712,9479
18299812,10916
18374211,11224
18375811,8782
18377311,16
18378411,7593
18379511,8765
18381011,8254
18382111,9182
18383211,6794
18384311,15
18385411,5313
18387011,3900
18388111,10627
18389211,4122
18390311,12003
18391811,8734
18392911,9817
18394011,4114
18395111,4266
18396611,6635
18397711,11587
18398811,3125
18399911,8888
18401411,6359
18491369,9632
18503611,12207
18505111,869
18506611,4876
18507911,12198
18509011,2520
18510111,3989
18511611,12205
18512711,6920
18513811,10666
18514911,9493
18516411,5998
18517511,6369
18518611,4494
18519711,12190
18521211,3874
18522311,5625
18523411,6231
18524511,6189
18526011,4315
18527111,7251
18528211,10584
18529311,15
18530411,8941
18531911,9383
18533011,10782
18534111,5755
18535211,3434
18536811,5166
18537911,9248
18539011,6067
18540111,6657
18541611,4327
18542711,6997
18543811,3037
18544911,9756
18546411,9951
18547511,6187
18548611,2611
18549711,2460
18551211,3346
18552311,6846
18553411,5091
18554511,1273
18628712,6054
18630312,7964
18631812,3694
18632912,24
18634012,8332
18635112,4342
18636712,1201
18637812,9082
18638912,7284
18640012,9626
18641512,5258
18642612,9421
18643712,35
18644812,7630
18646312,6502
18647412,6102
18648512,2389
18649612,12183
18651112,12193
18652212,8
18741812,15
18743412,6692
18744712,4781
18746212,5651
18747312,9156
18748412,6070
18749512,12152
18751012,12160
18752112,4971
18753212,4432
18754312,11209
18755412,0
18756912,3538
18758012,9517
18759112,9840
18760212,6978
18761712,9497
18762812,11
18763912,10566
18765012,0
18766512,131
18767612,6273
18768712,51
18769812,12177
18771412,12197
18772512,5812
18773612,6635
18774712,2138
18776212,5912
18777312,8483
18778412,1468
18779512,12193
18781012,9673
18782112,8917
18783212,12192
18784312,2267
18785412,12157
18786912,10782
18788012,307
18789112,99
18790212,5697
18791712,9439
18792812,5981
18793912,5481
18795012,12175
18796512,6942
18797612,8028
18798712,8892
18799812,1200
18801312,12214
18802412,12179
18803512,4216
18804612,12204
18903412,9655
18905012,12200
18906612,3635
18907812,3666
18908912,39
18910012,6840
18911512,10402
18912612,1966
18913712,7864
18914812,1974
18916312,4796
19005921,3011
19019521,4348
19021012,6281
19022112,5504
19023312,6294
19024412,6388
19026012,420
19027112,4470
19028212,2287
19029312,5998
19030412,3195
19031912,9331
19033012,3633
19034112,2514
19035212,92
19036712,5444
19037812,3835
19038912,3128
19040012,12191
19041512,5910
19042612,9895
19043712,9035
19044812,9590
19046312,12205
19047412,9882
19048512,3499
19049612,7515
19051112,2997
19052212,0
19053312,3444
19054412,5517
19055912,5235
19057012,2860
19058112,12200
19059212,9898
19060312,6256
19061812,7
19062912,8638
19064012,8822
19065112,6055
19066712,3860
19067812,8274
19068912,10469
19070012,5276
19071512,4920
19072612,12201
19073712,12214
19074812,4134
19076312,39
19077412,10579
19078512,3567
19079612,52
19081112,1572
19082212,1142
19083312,5735
19084412,9917
19085912,1405
19087012,5
19088112,8279
19089212,3261
19090312,8010
19165010,7489
19166611,8566
19167811,9395
19256512,12209
19258112,2964
19259221,1747
19260412,1085
19261912,9006
19263012,7450
19264112,8846
19265212,9607
19266812,8253
19267912,3864
19269012,1302
19270112,4585
19271612,3715
19272712,9938
19273812,4495
19274912,3577
19276412,10821
19277512,1538
19278612,5038
19279712,8832
19281212,9447
19282312,12212
19283412,11592
19284512,12211
19286012,7920
19287112,743
19288212,2176
19289312,10094
19290412,10143
19291912,9997
19293012,6581
19294112,10485
19295212,27
19296812,48
19297912,4855
19299012,7414
19300112,5662
19301612,8680
19302712,556
19303812,9441
19304912,4832
19306412,2287
19307512,6913
19308612,3279
19309712,8565
19311212,7038
19312312,5584
19313412,6146
19314512,5928
19316012,3352
19317112,3393
19318212,2259
19319312,1825
19320412,1333
19321912,6018
19323012,6243
19324112,9194
19325212,7916
19326712,8646
19327812,4021
19328912,6874
19330012,9046
19331512,6625
19332612,9022
19423612,6476
19425212,9480
19449711,12186
19529222,5540
19530821,6091
19532312,11764
19533412,7643
19534512,514
19536012,6238
19537112,6871
19538212,4123
19539312,4527
19540412,10561
19541912,3840
19543012,3671
19544112,7251
19545212,9083
19546712,6041
19547812,808
19548912,1075
19550012,4280
19551512,12202
19552612,12176
19553712,3534
19554812,5141
19556312,5210
19557412,9958
19558512,12178
19559612,11012
19561212,4557
19562312,5969
19563412,10516
19564512,4255
19566012,8352
19567112,7050
19568212,5395
19569312,12204
19570412,6814
19571912,9438
19573012,4828
19574112,1460
19575212,7669
19576712,3540
19577812,10276
19578912,5754
19580012,8484
19581512,10167
19582612,8218
19583712,6233
19584812,3716
19586312,9368
19587412,3988
19588512,0
19589612,2473
19591112,8870
19592212,7769
19593312,7346
19594412,2834
19595912,3363
19597012,33
19598112,5017
19599212,5770
19600312,7380
19601912,8128
19691910,4316
19693510,3226
19694610,3286
19696110,2959
19697210,6357
19698310,4033
19699410,7124
19701011,9011
19702111,6303
19703211,7135
19704311,8412
19705411,6332
19783310,5874
19784810,4958
19786314,1640
19787410,3987
19788510,7318
19789610,3663
19791112,5033
19792212,9516
19793312,10379
19794412,5758
19795912,4156
19797012,5208
19798112,7083
19799212,4132
19800312,3067
19801812,9846
19802912,11088
19804012,6737
19805112,5932
19806712,4756
19807812,12203
19808912,6057
19810012,9971
19811512,6119
19812612,7679
19813712,2150
19814812,6750
19816312,6839
19817412,3705
19818512,697
19819612,11640
19821112,8622
19822212,8153
19823312,5806
19824412,5733
19825912,8300
19827012,8522
19828112,7878
19829212,9404
19830312,10125
19831812,5896
19832912,8175
19834012,4918
19835112,5433
19836612,4863
19837712,5345
19838812,8229
19839912,9617
19841412,6956
19842512,7600
19843612,6067
19844712,6277
19958810,6582
19973112,9116
19974612,3062
19976112,4
19977312,8101
19978412,1044
19979512,5755
19981012,8465
19982112,12214
19983212,2883
19984312,5724
19985412,4966
19986912,6790
19988012,7640
19989112,4972
19990212,50
20065710,5670
20067210,5323
20068310,6750
20069410,6794
20070912,6705
20072012,9048
20073112,6972
20074212,785
20075312,10857
20076812,12204
20077912,7623
20079012,6816
20080112,9076
20081612,6854
20082712,9275
20083812,8492
20084912,6347
20086412,578
20087512,7903
20088612,21
20089712,10607
20091212,12199
20092312,6088
20093412,12
20094512,6015
20096012,11113
20097112,4417
20098212,7795
20099312,5527
20100412,12191
20102012,5045
20103112,8832
20104212,1872
20105312,7090
20106812,12201
20107912,9773
20109012,8515
20110112,8079
20111612,2509
20112712,10137
20113812,6231
20114912,5309
20116412,8149
20117512,5013
20118612,0
20119712,3143
20121212,7813
20122312,6483
20211310,6555
20212912,6799
20214019,6948
20215212,12182
20216712,6295
20217812,12214
20218912,9129
20220012,1138
20221512,6874
20222612,3670
20223712,10586
20224812,11871
20226412,12169
20227512,0
20228612,1224
20229712,8428
20231212,9169
20232312,12168
20233412,11259
20234512,9146
20236012,12176
20237112,2941
20238212,12203
20239312,12178
20240412,12178
20241912,8267
20243012,12188
20244112,6926
20245212,2506
20323412,3810
20325012,11401
20326512,15
20327612,4
20328712,12159
20329812,9758
20331312,18
20332412,10361
20333512,2633
20334612,8944
20336112,4945
20337212,12201
20338312,12213
20339412,5272
20341012,28
20342112,12218
20343212,8158
20344312,0
20345412,12168
20346912,12171
20348012,7836
20349112,7894
20350212,12210
20351712,9444
20352812,47
20353912,6134
20355012,9135
20356512,33
20357612,290
20358712,12197
20359812,2938
20361312,6126
20362412,8798
20363512,6964
20364612,6391
20454912,12173
20467010,10
20468612,29
20469812,9096
20471312,12187
20472412,29
20473512,0
20474612,12160
20476112,10538
20477212,40
20478312,9981
20479412,12212
20481012,12190
20482112,44
20483212,3678
20484312,12183
20485412,5222
20486912,0
20488012,12200
20489112,12219
20490212,5271
20491712,4707
20492812,12220
20493912,12002
20495012,4498
20496512,8337
20497612,12200
20498712,41
20499812,42
20501312,657
20502412,6948
20503512,26
20504612,12201
20580910,10785
20582410,12181
20583610,9431
20584710,7433
20586210,5352
20587310,4087
20588410,51
20589510,7943
20591112,7328
20592212,0
20593312,61
20594412,9326
20595912,9964
20597012,3
20598112,33
20599212,10298
20600312,3179
20601812,30
20602912,12168
20604012,12193
20605112,31
20606612,55
20607712,7953
20608812,6530
20609912,3561
20611412,3737
20612512,12220
20613612,2603
20614712,6875
20616212,10
20617312,15
20704612,3032
20706212,61
20707312,12187
20708512,7656
20709612,12
20711212,37
20712312,12171
20713412,10256
20714512,1238
20716012,54
20717112,6811
20718212,0
20719312,4459
20720412,8766
20721912,12200
20723012,7193
20724112,10045
20725212,10186
20726712,12175
20727812,3704
20728912,12186
20730012,12160
20731512,7077
20732612,0
20733712,12193
20734812,12183
20736312,8347
20737412,5812
20738512,12218
20739612,10266
20741112,31
20742212,6684
20743312,12212
20744412,25
20745912,13
20747012,12173
20748112,12202
20749212,31
20750312,9
20751912,12207
20753012,24
20754112,5065
20755212,12218
20756712,12204
20757812,4
20758912,9376
20760012,12142
20834610,12
20836110,12184
20837210,12175
20838310,10446
20839410,8337
20840912,12199
20842012,9830
20843112,1172
20844212,12207
20845312,9482
20846812,7518
20847912,11400
20849012,12201
20850112,26
20851612,10
20852712,12186
20853812,12155
20966810,11211
20987511,6864
20989011,42
20990111,6987
20991611,0
20992711,3531
20993811,12222
20994911,2109
20996511,203
20997611,7330
20998711,4738
20999811,12187
21001311,12183
21002411,7647
21003511,7273
21004611,68
21006111,2520
21007211,6809
21008311,4968
21009411,5104
21010911,7764
21012011,12170
21013111,12213
21014211,9494
21015311,12194
21016811,4223
21017911,946
21019011,4339
21020111,12218
21021611,4463
21022711,6687
21023811,8774
21024911,5845
21026411,6179
21027511,2105
21028611,12181
21029711,2931
21031211,12178
21032311,9372
21033411,1215
21034511,8696
21036111,10704
21037211,12195
21038311,2657
21039411,7097
21040911,10164
21042011,927
21043111,3167
21044211,1310
21045311,6312
21046811,3527
21047911,7835
21049011,9427
21050111,3100
21051611,12218
21052711,2651
21053811,50
21054911,7715
21130510,6211
21132010,10990
21133210,6584
21134310,2
21135410,6741
21136910,11688
21226610,3339
21228210,3482
21229410,6346
21230912,5936
21232012,1982
21233112,10090
21234212,8608
21235312,8819
21236812,5242
21237912,2805
21239012,7009
21240112,1309
21241612,0
21242712,7986
21243812,5117
21244912,8697
21246512,12207
21247612,7289
21248712,12207
21249812,595
21251312,6795
21252412,2402
21253512,8268
21254612,10333
21256112,995
21257212,10441
21258312,11115
21259412,4563
21260912,5794
21262012,5389
21263112,9507
21264212,3000
21265312,1213
21266812,8586
21267912,6742
21269012,11332
21270112,7468
21271612,11575
21272712,12179
21273812,4886
21274912,3650
21276412,10278
21277512,6574
21278612,6679
21279712,9140
21281212,4426
21282312,10720
21283412,8822
21284512,6767
21286112,8146
21287212,7666
21288312,10007
21289412,1843
21290912,1303
21292012,5840
21293112,11
21294212,5348
21295312,1336
21296812,9242
21297912,8417
21299012,12153
21300112,10687
21301612,7337
21302712,5238
21392912,6653
21394512,4373
21470512,10902
21497912,516
21499412,7220
21500912,12216
21502112,4867
21503212,7142
21504312,8757
21505412,1590
21506912,12213
21508012,7509
21509112,0
21510212,7167
21511712,27
21512812,1075
21513912,6784
21515012,4447
21516612,12175
21517712,9788
21518812,3366
21519912,4
21521412,0
21522512,5371
21523612,12205
21524712,12222
21526212,4334
21527312,6832
21528412,11
21529512,4744
21531012,1186
21532112,6842
21533212,4822
21534312,4045
21535412,10398
21536912,1377
21538012,6161
21539112,12188
21540212,1622
21541712,3998
21542812,1158
21543912,3687
21545012,10709
21546512,59
21547612,8937
21548712,10000
21549812,4
21551312,8575
21552412,2432
21553512,31
21554612,9902
21556212,9968
21557312,9914
21558412,12185
21559512,10777
21561012,10362
21562112,7028
21563212,746
21564312,2837
21565412,10021
21566912,2992
21568012,3653
21569112,5965
21570212,4754
21659412,5062
21661012,12177
21662212,10786
21663312,7157
21664412,11325
21666012,9063
21667112,7402
21668212,5716
21669312,9166
21670412,18
21745610,4092
21747210,5835
21748410,7634
21749510,846
21751012,5156
21752112,848
21753212,25
21754312,10898
21755412,7740
21756912,9976
21758012,10972
21759112,7967
21760212,7139
21761712,2863
21762812,1008
21763912,3243
21765012,31
21766612,6919
21767712,2287
21768812,4422
21769912,3632
21771412,1803
21772512,1803
21773612,5304
21774712,645
21776212,2651
21777312,3208
21778412,9286
21779512,9982
21781012,5082
21782112,2150
21783212,5028
21784312,10999
21785412,6279
21786912,5845
21788012,7163
21789112,12212
21790212,6134
21791712,11126
21792812,11289
21793912,4149
21795012,10394
21796512,2080
21797612,4575
21798712,6313
21799812,4418
21801312,7708
21802412,8345
21803512,3816
21804612,6162
21806212,1123
21807312,6207
21808412,12224
21809512,8490
21899512,5039
21901112,8152
21902312,4003
21903412,50
21904512,7322
21906112,3786
21907212,4195
21908312,4671
21909412,11742
21910912,4501
21912012,5594
21913112,3686
21914212,1409
21915312,1996
21916812,4200
21917912,2255
21919012,5030
21920112,3287
21921612,9110
21922712,12202
21923812,9497
21924912,10828
22036710,259
22038312,4672
22039512,1083
22041012,3679
22042212,11525
22043312,8456
22044412,7619
22046012,10058
22047112,37
22048212,8939
22049312,3717
22050412,10689
22051912,1166
22053012,7170
22054112,11181
22055212,4243
22056712,9753
22057812,4370
22058912,7223
22060012,695
22061512,3672
22062612,2751
22063712,4141
22064812,5746
22066312,2113
22067412,7885
22068512,12199
22069612,6048
22071112,10924
22072212,3386
22073312,12191
22074412,8363
22076012,9726
22077112,7658
22078212,6027
22079312,1985
22080412,3151
22081912,7396
22083012,7482
22084112,1419
22085212,7652
22086712,17
22176510,4286
22178010,7785
22179110,4753
22180210,7413
22181812,7021
22182912,5384
22184012,9017
22185112,5326
22186612,6775
22187712,6545
22188812,12173
22189912,2273
22191412,4664
22192512,9095
22193612,7932
22194712,4222
22196212,1043
22197312,1956
22198412,8169
22199512,2456
22201012,306
22202112,4491
22203212,5512
22204312,7655
22205412,5766
22206912,5476
22208012,3918
22209112,6440
22210212,2784
22211712,5572
22212812,6549
22213912,9921
22215012,2710
22289710,1123
22291310,4156
22292510,6546
22293610,12198
22294710,7896
22296212,4823
22297312,6942
22298412,5908
22299512,12184
22301012,2248
22302112,5599
22303212,6118
22304312,0
22305412,6080
22306912,7889
22308012,12206
22309112,7630
22310212,8606
22311812,11044
22312912,6567
22314012,7109
22315112,8837
22316612,4972
22317712,5343
22318812,3626
22319912,19
22321412,2562
22322512,2392
22323612,5803
22324712,12207
22326212,1173
22414710,3887
22416312,6455
22417512,3758
22418612,4768
22419812,6858
22421312,3586
22422412,7645
22423512,4297
22424612,6528
22441611,10565
22443111,6380
22444211,5503
22445411,2965
22447011,7459
22448111,5279
22449211,577
22450311,8559
22451811,6021
22452911,6361
22454011,3719
22455111,5450
22456611,5670
22457711,5680
22458811,6521
22459911,5061
22461411,4650
22462511,11878
22463611,8982
22464711,2185
22466211,9781
22467311,30
22468411,21
22469511,6193
22471011,2921
22472111,6499
22473211,6764
22474311,0
22475411,9819
22477011,2906
22478111,9643
22479211,986
22480311,12138
22554412,10833
22556012,9747
22557116,7003
22558212,9362
22559312,4513
22560412,3
22561912,2488
22563012,2545
22564112,5603
22565212,9364
22566712,4706
22567812,6257
22568912,12216
22570012,2137
22571512,10780
22572612,5871
22573712,997
22574812,1724
22576312,4513
22577412,5820
22578512,10511
22579612,451
22667910,5867
22669512,2957
22671012,9234
22672112,8844
22673212,10285
22674312,7634
22675412,7914
22676912,9473
22678012,6505
22679112,7984
22680212,6452
22681712,5272
22682812,5375
22683912,5688
22685012,25
22686512,53
22687612,6996
22688712,6897
22689812,5111
22691312,4306
22692412,9593
22693512,4547
22694612,5660
22696212,5097
22697312,10196
22698412,6448
22699512,8693
22701012,6506
22702112,7783
22703212,8496
22704312,6376
22705412,1130
22706912,0
22708012,443
22709112,6863
22710212,8196
22711712,8324
22712812,9522
22713912,7798
22715012,7428
22716512,8654
22717612,6136
22718712,1987
22719812,5948
22721312,7706
22722412,8283
22723512,4720
22724612,7016
22726112,9371
22727212,5634
22728312,8007
22729412,4395
22804112,4833
22805712,7058
22807212,3136
22808312,5169
22809412,2552
22810912,2785
22812012,6414
22813112,5357
22814212,5199
22815312,2037
22816812,6250
22817912,3304
22907010,3657
22908512,5803
22909612,7774
22911112,8599
22912212,10198
22913312,11436
22914412,3565
22915912,6454
22917012,3035
22918112,6304
22919212,1222
22920312,0
22921812,6572
22922912,2490
22924012,1732
22925112,1593
22935111,6411
22936611,2837
22937711,164
22938911,6921
22940011,7328
22941611,9566
22942711,4458
22943811,6307
22944911,4384
22946411,2591
22947511,6096
22948611,4674
22949711,5424
22951211,9007
22952311,7701
22953411,8848
22954511,10562
22956011,7518
22957111,8860
22958211,3286
22959311,2395
22960411,4059
22961911,10877
22963011,10323
22964111,11401
22965211,7921
22966711,6208
22967811,5429
22968911,7841
22970011,300
22971611,1017
22972711,2529
22973811,5978
22974911,9450
22976411,6757
22977511,7239
22978611,4218
22979711,5226
22981211,3567
22982311,11710
22983411,12175
22984511,11028
23083310,9157
23084912,9718
23086412,3091
23087512,2609
23088612,7341
23089712,9830
23180110,8465
23181712,11372
23182912,10421
23184112,12171
23185212,7742
23186712,6270
23187812,4018
23188912,4493
23190012,2301
23191612,5501
23192712,1009
23193812,6250
23194912,8508
23196412,7119
23197512,7376
23198612,5620
23199712,4408
23201212,4552
23202312,12203
23203412,6137
23204512,6603
23206012,5062
23207112,6805
23208212,5930
23209312,7414
23210412,5464
23211912,2445
23213012,48
23214112,2360
23215212,3160
23216712,3549
23217812,335
23218912,6757
23220012,12166
23221612,9472
23222712,10428
23223812,8169
23224912,5725
23226412,3293
23227512,10336
23228612,9643
23229712,11620
23231212,6188
23232312,4848
23233412,5721
23234512,9829
23236012,4896
23237112,5289
23238212,3811
23239312,3286
23240412,6483
23241912,2314
23243012,899
23244112,1997
23245212,1254
23246712,4533
23247812,5110
23248912,1419
23250012,7318
23251512,11694
23252612,8084
23253712,9349
23254812,8951
23256312,12188
23346510,9046
23424410,6849
23456011,3555
23457511,5171
23458711,6593
23459811,3768
23461311,7250
23462411,5803
23463511,4610
23464611,7140
23466211,7580
23467311,5409
23468411,6060
23469511,10443
23471011,8067
23472111,6890
23473211,7876
23474311,8729
23475411,4644
23476911,3560
23478011,5672
23479111,4078
23480211,3334
23481711,5411
23482811,3946
23483911,2776
23485011,5954
23486511,2391
23487611,7014
23488711,9303
23489811,10779
23491311,7966
23492411,8819
23493511,8094
23494611,7874
23496111,4038
23497211,5778
23498311,6969
23499411,3315
23500911,5631
23502011,3004
23503111,3019
23504211,5016
23505311,5270
23506911,1479
23508011,8836
23509111,8908
23510211,4383
23511711,10571
23512811,10412
23513911,9236
23515011,7589
23516511,6274
23517611,5532
23518711,10128
23519811,7962
23521311,7307
23522411,8581
23523511,7086
23524611,7125
23526111,6403
23527211,3784
23528311,2904
23529411,2744
23619714,9393
23621313,6053
23622412,7462
23623512,6163
23624612,4193
23626112,5841
23627212,6512
23628312,4173
23629412,3957
23704410,6786
23706011,5277
23707211,8043
23708311,6114
23709411,6449
23710911,7053
23712011,3871
23713111,6062
23714211,7550
23715311,5572
23716911,4489
23718011,6725
23719111,6250
23720211,5067
23721711,4870
23722811,4162
23723911,8898
23725011,6703
23726511,3244
23727611,5862
23728711,9380
23729811,5758
23731311,8493
23732411,7617
23733511,4442
23734611,8268
23736111,4592
23737211,4468
23738311,5103
23739411,3361
23740911,6438
23742011,7770
23743111,5581
23744211,3786
23745311,4298
23746911,2262
23748011,4474
23749111,5338
23750211,5621
23751711,6895
23752811,8765
23753911,12202
23755011,11626
23756511,10093
23757611,8668
23758711,9150
23759811,7825
23761311,9342
23762411,5695
23763511,4203
23764611,4813
23766111,2292
23767211,4500
23768311,4535
23769411,3549
23859712,2278
23861312,6050
23862512,9980
23863612,4445
23864712,6919
23866212,8678
23867312,7838
23868412,4964
23869512,4817
23871112,5201
23872212,3091
23873312,9431
23874412,11371
23875912,7734
23877012,4086
23878112,3750
23879212,5947
23880312,7909
23881812,1892
23882912,1845
23884012,7811
23885112,8465
23959610,7732
23973012,10321
23974512,11182
23976012,12043
23977212,7713
23978312,4187
23979412,2140
23980912,2526
23982012,1090
23983112,3495
23984212,3725
23985312,6376
23986812,5861
23987912,6575
23989012,6089
23990112,6892
23991712,6114
23992812,6985
23993912,12176
23995012,11317
23996512,9480
23997612,10475
23998712,7395
23999812,3287
24001312,3380
24002412,2765
24003512,4507
24004612,3764
24006112,8646
24007212,5285
24008312,3326
24009412,1308
24010912,6497
24012012,3576
24013112,7720
24014212,2934
24015312,5224
24016812,12180
24017912,9535
24019012,3203
24020112,11123
24021612,12201
24136210,9487
24137812,1481
24138912,12183
24140012,12210
24141512,12206
24142612,5173
24143712,12203
24144812,24
24146312,3644
24147412,4915
24148512,12203
24149612,3352
24151112,6711
24152212,36
24153312,8
24154412,2593
24155912,12176
24157012,12160
24158112,46
24159212,7242
24160312,5225
24161812,12163
24162912,5162
24164012,12200
24165112,9311
24166712,12185
24167812,4578
24168912,12220
24170012,8035
24244112,11790
24245612,7818
24247212,12219
24248312,8875
24249412,4287
24250912,5440
24252012,3802
24253112,10609
24254212,3794
24255312,5470
24256812,4303
24257912,6437
24259012,119
24260112,7708
24261612,12203
24262712,5038
24263812,5938
24264912,12218
24266412,8555
24267512,4128
24268612,3346
24269712,5988
24271212,3019
24272312,1764
24273412,2027
24274512,4468
24276012,10136
24277112,10567
24278212,2125
24279312,5142
24280412,6675
24281912,8182
24283012,7908
24284112,4718
24285212,10108
24375912,3283
24377412,5522
24378612,11545
24379712,12180
24381212,9394
24382312,10570
24383412,8871
24384512,5731
24386012,7948
24387112,3092
24388212,1978
24389312,3574
24390412,4230
24391912,745
24393012,5
24394112,3425
24395212,6087
24396712,3568
24397812,6814
24398912,6100
24400012,11243
24401512,5293
24402612,4377
24403712,6436
24404812,7191
24406312,12166
24407412,11209
24408512,10811
24409612,9781
24411212,2116
24412312,6778
24413412,11
24414512,12157
24416012,9163
24417112,23
24418212,6094
24419312,3139
24420412,5235
24495010,12216
24511712,1156
24513212,14
24514312,4813
24515412,1824
24516912,2863
24518012,12193
24519112,8793
24520212,12172
24521712,12201
24522812,9946
24523912,12170
24525012,4237
24526512,8753
24527612,12163
24528712,12218
24529812,6944
24531312,2238
24532412,12177
24533512,12211
24534612,5672
24536112,10811
24537212,1779
24538312,2332
24539412,4032
24540912,12190
24631468,3313
24633012,12171
24634112,751
24635312,6444
24636812,3424
24637912,1267
24639012,12201
24640112,4
24641712,12170
24642812,14
24643912,12199
24645012,12172
24646512,45
24647612,12176
24648712,1812
24649812,12180
24651312,12189
24652412,48
24653512,10121
24654612,4014
24656112,9849
24657212,12176
24658312,10
24659412,5731
24660912,7924
24662012,12173
24663112,4522
24664212,10579
24665312,10916
24666812,11692
24667912,0
24669012,10509
24670112,12174
24671612,6068
24672712,7472
24673812,8405
24674912,12202
24676412,12180
24677512,46
24678612,12214
24679712,12208
24681312,8765
24682412,8465
24683512,0
24684612,4114
24759011,9059
24760611,6762
24762111,6375
24763211,6261
24764311,11695
24765411,11165
24766911,12181
24768011,3296
24769111,8778
24770211,8367
24771711,5186
24772811,22
24773911,5318
24775011,11186
24776511,6250
24777611,2930
24778711,33
24779811,8528
24781311,6987
24870910,8789
24872410,11035
24873510,4517
24874710,3432
24876312,9943
24877412,4395
24878512,3211
24879612,13
24881112,54
24882212,6419
24883312,56
24884412,0
24885912,12178
24887012,9985
24888112,7079
24889212,686
24890312,9171
24891812,195
24892912,7
24894012,9364
24895112,6505
24896612,9138
24897712,17
24898812,11230
24899912,6304
24901412,26
24902512,11664
24903612,1990
24904712,0
24906212,9682
24907312,12198
24908412,7704
24909512,18
24911012,11761
24912112,9369
24913212,4450
24914312,12173
24915412,7904
24917012,1684
24918112,8231
24919212,8429
24920312,7031
24921812,10426
24922912,3567
24924012,7934
24925112,9056
24934912,936
24936412,6577
24937512,4950
24938712,9013
24939812,7664
25014411,5600
25016011,29
25017211,10931
25018311,3881
25019411,3033
25020911,3908
25022011,4865
25023111,6550
25024211,3433
25025311,6618
25026811,2929
25027911,3488
25029011,10009
25141510,8123
25143110,9608
25144310,3793
25145410,4081
25147012,5514
25148112,6030
25149212,7237
25150312,6719
25151812,9904
25152912,4909
25154012,5156
25155112,6424
25156612,7296
25157712,2046
25158812,1960
25159912,8805
25161412,5822
25162512,1231
25163612,8743
25164712,6235
25166212,4818
25167312,3895
25168412,1401
25169512,933
25171012,3755
25172112,1597
25173212,8150
25174312,7119
25175412,11492
25177012,6193
25178112,6965
25179212,8004
25180312,6469
25181812,5617
25182912,3542
25184012,8081
25185112,11212
25186612,8574
25187712,2310
25188812,5794
25189912,4577
25191412,10671
25192512,2939
25193612,4152
25194712,5024
25196212,3435
25197312,7478
25198412,11862
25199512,10384
25201012,7962
25202112,8113
25203212,11379
25204312,8412
25205412,8480
25206912,8673
25208012,10189
25209112,5611
25210212,5494
25211712,6681
25212812,733
25213912,3716
25215012,5397
25216612,6233
25217712,4597
25307811,3685
25386410,6833
25387910,3237
25389010,5114
25390110,9121
25391612,10777
25392712,6200
25393812,4169
25394912,5664
25396412,11123
25397512,6116
25398612,9662
25399712,5317
25401212,5634
25402312,5574
25403412,1166
25404512,4770
25406112,50
25407212,7541
25408312,7546
25409412,1431
25410912,8168
25412012,7083
25413112,10978
25414212,6259
25415312,9475
25416812,5897
25417912,8273
25419012,7347
25420112,8834
25421612,5540
25422712,2171
25423812,2164
25424912,8652
25455812,1647
25457312,5890
25458412,3042
25459512,15
25461012,5174
25462112,3916
25463212,10613
25464312,11240
25465412,10966
25466912,8265
25468012,5997
25469112,5194
25470212,5605
25471712,6234
25472812,9380
25473912,6994
25475012,5353
25476512,8908
25477612,12218
25478712,963
25479812,7387
25481312,6012
25482412,7050
25483512,5676
25484612,4806
25486112,7723
25487212,5386
25488312,4987
25489412,4178
25491012,6442
25580812,4760
25582412,1009
25583512,6246
25584612,4079
25586112,8108
25587212,6098
25588312,3953
25589412,2991
25664010,7903
25665510,5264
25667012,3472
25668212,1047
25669312,5847
25670412,3201
25671912,10690
25673012,2854
25674112,2909
25675212,4349
25676712,3209
25677812,7645
25678912,5788
25680012,6454
25681612,7820
25682712,4030
25683812,5481
25684912,4893
25686412,5102
25687512,7423
25688612,8169
25689712,10092
25691212,25
25692312,2522
25693412,10291
25694512,3261
25696012,4722
25697112,5288
25698212,7024
25699312,5280
25700412,7118
25701912,4490
25703012,6230
25704112,8166
25705212,8085
25706712,7765
25707812,9480
25708912,8128
25710012,2584
25711512,21
25712612,8463
25713712,2661
25714812,4423
25716312,10538
25717412,8410
25718512,9940
25719612,8116
25721212,9321
25722312,7240
25723412,1467
25724512,5693
25726012,6307
25727112,7903
25728212,9721
25729312,5821
25730412,7194
25824810,8103
25826310,5186
25827410,3804
25828610,11240
25829710,7815
25831312,8950
25832412,2475
25833512,1261
25834612,6774
25836112,6200
25837212,31
25838312,1
25839412,5761
25840912,9675
25842012,1145
25843112,5012
25844212,6148
25845312,6340
25919912,6545
25921412,6013
25922512,11896
25923612,10140
25924812,11816
25949011,4882
25950511,4229
25952011,4714
25953311,7866
25954411,3176
25955911,4575
25957011,5139
25958111,0
25959211,10
25960311,6405
25961811,10977
25962911,7818
25964011,7431
25965111,11381
25966611,3513
25967711,4339
25968811,12218
25969911,3503
25971411,6200
25972511,5382
25973611,4222
25974711,9479
25976211,12201
25977311,810
25978411,1756
25979511,10354
25981111,6455
25982211,1169
25983311,9777
25984411,8235
25985911,4290
25987011,8139
25988111,3741
25989211,2585
25990311,7022
25991811,7045
25992911,2027
25994011,9347
25995111,12178
25996611,3637
25997711,7650
26087110,11111
26088712,4911
26089820,6720
26091312,5753
26092412,1912
26093512,9174
26094612,7724
26096112,8296
26097212,9927
26098312,9117
26099412,1300
26100912,3465
26102012,2807
26103112,4860
26104212,6289
26105312,5708
26106812,6788
26107912,5893
26109012,3911
26110112,10300
26111612,4972
26112712,9009
26113812,7989
26114912,7196
26213611,6944
26215368,7812
26216911,4306
26218011,4925
26219111,4380
26220211,4995
26221711,5115
26222811,1982
26223911,2074
26225011,3868
26226511,5803
26227611,5092
26228711,8184
26229811,7666
26231311,9939
26232411,7819
26233511,9234
26234611,3043
26236111,3464
26237211,7944
26238311,6683
26239411,8662
26241011,11100
26242111,7192
26243211,2755
26244311,20
26245411,25
26246911,759
26248011,3554
26249111,7159
26250211,7157
26251711,5280
26252811,8011
26253911,7056
26255011,6393
26256511,7453
26257611,3984
26258711,8291
26259811,6012
26261311,7474
26350912,12195
26352512,6214
26353612,41
26354812,2036
26356312,4395
26357412,3662
26358512,6841
26359612,9265
26361112,9061
26362212,2904
26363312,3823
26364412,5344
26365912,4715
26367012,1262
26368112,4175
26369212,7912
26370312,11498
26371812,7540
26372912,7607
26374012,9604
26375112,12176
26376612,4492
26377712,2237
26378812,4455
26379912,1106
26381412,2552
26382512,10900
26383612,7840
26384712,10002
26386312,6630
26387412,4205
26388512,2491
26389612,7433
26464211,7600
26488512,4293
26490012,3494
26491512,2416
26492768,3729
26493912,3842
26495012,7740
26496512,4913
26497612,4477
26498712,8597
26499812,5091
26501312,9311
26502412,6348
26503512,12050
26504612,8250
26506112,8239
26507212,7637
26508312,6344
26509412,192
26510912,5575
26512012,1213
26513112,4533
26514212,5302
26515312,5920
26516812,6711
26517912,10339
26519012,9815
26520112,7831
26521712,8123
26522812,6528
26523912,36
26613612,44
26615112,32
26616612,6621
26617812,5045
26618912,5426
26620012,8937
26621612,9413
26622712,1679
26623812,2752
26624912,7839
26626412,9896
26627512,6920
26628612,12201
26629712,11499
26631212,6922
26632312,7059
26633412,4013
26634512,15
26636012,7609
26637112,32
26638212,3097
26639312,8409
26640412,4198
26641912,3408
26643012,11417
26644112,4797
26645212,5544
26646712,2540
26647812,9153
26648912,9022
26650012,7522
26651612,7939
26652712,5870
26653812,4203
26654912,7020
26656412,490
26657512,4149
26658612,4744
26659712,6990
26734310,28
26735810,6019
26737312,7954
26738512,6368
26739612,12196
26741112,9682
26742212,6622
26743312,38
26744412,3074
26745912,4997
26747012,2068
26748112,6737
26749212,11317
26750312,8431
26751912,9945
26753012,7903
26754112,9898
26755212,6167
26756712,4122
26757812,2204
26758912,3038
26760012,7895
26761512,4380
26762612,9767
26763712,5296
26852512,6293
26854012,6312
26855112,4690
26856612,1763
26857712,8519
26858812,8412
26859912,7135
26861412,10954
26862512,12212
26863612,12201
26864712,9356
26866212,3878
26867312,24
26868412,26
26869512,4696
26871012,9346
26872112,12176
26873212,7083
26874312,9035
26875412,11000
26876912,3208
26878012,2296
26879112,3502
26880212,1521
26881812,6097
26882912,10613
26884012,12183
26885112,11665
26886612,6999
26887712,3851
26888812,40
26889912,2956
26891412,6
26892512,803
26893612,10316
26894712,9367
26896212,6142
26897312,9256
26898412,7312
26899512,3420
26901012,6738
26902112,4269
26903212,6296
26904312,2170
26905412,1658
26906912,12169
26908012,12174
26909112,12213
26910212,7752
26985410,7049
27006211,9202
27007711,9912
27008811,6101
27009911,262
27011411,4261
27012511,38
27013611,4539
27014711,3061
27016311,8158
27017411,10722
27018511,2786
27019611,4456
27021111,324
27022211,957
27111869,6359
27113410,5867
27114510,7813
27116010,10259
27117110,25
27118210,12182
27119310,3097
27120410,5151
27121912,0
27123012,8045
27124112,2259
27125212,9912
27126712,3000
27127812,12177
27128912,5555
27130012,9608
27131512,0
27132612,12174
27133712,20
27134812,11321
27136412,0
27137512,9176
27138612,40
27139712,12199
27141212,28
27142312,12193
27143412,5140
27144512,12213
27146012,2868
27147112,12178
27148212,3955
27149312,12195
27150412,11302
27151912,12177
27153012,3
27154112,12188
27155212,1
27156712,7163
27157812,2
27158912,8416
27160012,24
27161512,12189
27162612,6289
27163712,12184
27164812,6143
27166312,4092
27167412,0
27168512,11195
27169612,937
27171112,12178
27172212,12212
27173312,12213
27174412,3435
27176012,11299
27177112,37
27178212,8589
27179312,6902
27180412,3407
27278910,0
27280511,8750
27282011,2656
27283112,6530
27284211,5622
27285311,11935
27373714,6835
27375212,37
27376712,2942
27377912,41
27379012,10884
27380112,1025
27381712,7520
27382812,8622
27383912,12221
27385012,10420
27386512,5471
27387612,4739
27388712,7883
27389812,37
27391312,3724
27392412,9028
27393512,9111
27394612,10427
27396112,5351
27397212,2259
27398312,10809
27399412,875
27400912,15
27402012,5835
27403112,8806
27404212,8218
27405312,6318
27406812,3110
27407912,8414
27409012,0
27410112,11947
27411712,2265
27412812,8322
27413912,5709
27415012,12222
27416512,7999
27417612,9578
27418712,7056
27419812,1229
27421312,1869
27422412,7166
27423512,3615
27424612,494
27448911,10508
27450411,9514
27451911,5829
27453011,8505
27454111,1239
27455211,3495
27456711,5285
27457811,7009
27458911,7666
27460011,10644
27461511,10213
27462611,5413
27463711,6076
27464811,5895
27539610,5859
27541110,8581
27542210,3472
27543310,4939
27544410,3627
27545912,6840
27547012,8533
27636311,7314
27637911,6899
27639111,5302
27640311,5123
27641811,5224
27642911,4596
27644011,182
27645111,3311
27646611,5295
27647711,5396
27648811,9037
27649911,10610
27651411,6785
27652511,7960
27653611,5305
27654711,1112
27656311,3417
27657411,5688
27658511,8406
27659611,7048
27661111,8775
27662211,3430
27663311,2870
27664411,1889
27665911,3807
27667011,2817
27668111,7345
27669211,7733
27670311,12007
27671811,10717
27672911,12221
27674011,9467
27675111,5470
27676611,32
27677711,1120
27678811,4511
27679911,6554
27681411,6334
27682511,7480
27683611,8375
27684711,8975
27686211,4182
27687311,3330
27688411,2675
27689511,1804
27691011,4153
27692111,11329
27693211,12220
27694311,8010
27695411,7642
27697011,6302
27698111,3700
27699211,1601
27700311,3193
27701811,6248
27702911,6452
27704011,8053
27705111,6951
27706611,8229
27707711,5883
27708811,4075
27709911,5382
27711411,103
27712511,2224
27802469,7780
27804010,7614
27805110,6617
27880769,10548
27882310,6853
27883410,6936
27884610,5560
27886110,3630
27887210,3335
27888310,2141
27889410,5509
27891012,3140
27892112,6882
27893212,7699
27894312,10117
27895412,10277
27896912,6276
27898012,2996
27899112,3651
27900212,2161
27901712,4601
27902812,4439
27903912,7739
27905012,9243
27906512,6006
27907612,10378
27908712,8011
27909812,4287
27911312,1670
27912412,53
27913512,4387
27914612,3670
27916112,3728
27917212,6080
27918312,6985
27919412,7030
27920912,7799
27922012,5562
27923112,6530
27924212,7266
27925312,8821
27945911,9153
27947411,6958
27948511,7268
27949611,12181
27951111,6787
27952211,6497
27953311,6790
27954411,6748
27956011,5041
27957111,2683
27958211,4452
27959311,6093
27960411,11837
27961911,12171
27963011,10174
27964111,1406
27965211,6574
27966711,2918
27967811,5246
27968911,9429
27970011,6891
27971511,9666
27972611,7701
28062810,6099
28064410,5349
28065912,1719
28067012,4981
28068112,5720
28069212,4228
28070312,5480
28071812,4992
28072912,4974
28074012,1908
28075112,3270
28149611,10049
28151211,9183
28152411,11167
28153611,8904
28154711,3520
28156211,8026
28157311,10546
28158411,10415
28159511,9609
28161011,4428
28162111,3795
28163211,26
28164311,1066
28165411,5805
28166911,3270
28168011,5687
28169111,9959
28170211,5392
28171811,7104
28172911,6560
28174011,6990
28175111,1209
28176611,2785
28177711,1165
28178811,32
28179911,6749
28181411,7800
28182511,5155
28183611,9825
28184711,11513
28186211,2820
28187311,42
28188411,2226
28189511,5725
28191011,4672
28192111,8910
28193211,8473
28194311,9558
28195411,5562
28196911,10569
28198011,5543
28199111,10
28200211,1358
28201711,8351
28202811,7961
28203911,7521
28205011,7985
28206511,7940
28207611,10401
28208711,6758
28209811,5910
28211411,6512
28212511,9231
28326010,10822
28327610,12191
28328710,4327
28329810,4794
28331312,4151
28332412,3587
28333512,12152
28334612,28
28336112,5507
28337212,12177
28338312,8923
28339412,4376
28340912,12190
28342012,41
28343112,3197
28344212,7751
28345312,8424
28346912,6774
28348012,3241
28349112,1104
28350212,12197
28351712,7871
28352812,9202
28353912,2099
28355012,19
28429610,0
28457011,8701
28458511,11597
28459611,5625
28461111,7671
28462211,9924
28463311,21
28464411,31
28466011,1424
28467111,8379
28468211,5265
28469311,6126
28470411,9784
28471911,3840
28473011,12122
28474111,2543
28475211,3036
28476711,2997
28477811,690
28478911,1379
28480011,10089
28481511,4719
28482611,6193
28483711,5494
28484811,3036
28486311,9828
28487411,11078
28488511,7753
28489611,3276
28491111,9320
28492211,5888
28493311,12158
28494411,11566
28495911,8690
28497011,6617
28498111,8437
28499211,8338
28500311,5482
28501811,12216
28591412,12170
28592912,10094
28594012,12160
28595112,8647
28596712,12212
28597812,1013
28598912,31
28600012,1964
28601512,11101
28602612,8971
28603712,10074
28604812,8176
28606312,11407
28607412,11
28608512,9088
28609612,5459
28611112,0
28612212,12202
28613312,39
28614412,7995
28615912,3370
28617012,12160
28618112,4247
28619212,11868
28620312,0
28621812,12186
28622912,0
28624012,12219
28625112,2752
28626712,8858
28627812,2859
28628912,8855
28630012,5973
28704411,10145
28706011,8081
28707211,3932
28708311,11409
28709411,0
28710911,9506
28712011,6145
28713111,8109
28714211,2396
28715311,12
28716811,11719
28717911,6466
28719011,3268
28720111,3639
28721611,5233
28722711,29
28723811,7894
28724911,1641
28726411,12215
28727511,12160
28728611,10801
28729711,3115
28731311,6508
28732411,9639
28733511,10976
28734611,12207
28736111,9837
28737211,9891
28738311,1622
28739411,9646
28740911,31
28829112,12194
28830712,3364
28832312,12164
28833412,7
28834512,1784
28836012,7749
28837112,1129
28838212,6791
28839312,1916
28840412,4513
28841912,1804
28843012,13
28844112,27
28845212,8434
28846712,5519
28847812,4313
28848912,7198
28850012,3698
28851512,4708
28852612,37
28853712,6717
28854812,3462
28856312,7207
28857412,7123
28858512,7112
28859612,7120
28861212,37
28862312,7880
28863412,2317
28864512,6961
28866012,2708
28867112,6628
28868212,6267
28869312,6486
28870412,6991
28871912,6425
28873012,3107
28874112,467
28875212,8668
28876712,6208
28877812,5375
28878912,8866
28880012,6915
28954511,5284
28967869,5387
28969410,8470
28970910,4857
28972010,7597
28973110,10162
28974210,10464
28975310,4969
28976812,9483
28977912,4682
28979012,4637
28980112,10401
28981612,2325
28982712,5856
28983812,7536
28984912,4687
28986412,10312
28987512,3792
28988612,7744
28989712,8384
28991312,8060
29079311,7815
29080911,5281
29082417,7423
29083611,12239
29084711,6969
29086211,12163
29087311,6733
29088411,3355
29089511,2449
29091011,10101
29092111,8251
29093211,1061
29094311,2220
29095411,7865
29097011,10712
29098111,9404
29099211,3851
29100311,4424
29101811,4693
29102911,8045
29104011,9948
29105111,2085
29106611,1326
29107711,1831
29108811,7379
29109911,12174
29111411,12221
29112511,9766
29113611,4139
29114711,6439
29116211,12214
29117311,12216
29118411,22
29119511,2392
29121011,9127
29122111,12185
29123211,12222
29124311,49
29125411,1174
29126911,3281
29128011,12180
29129111,12200
29130211,3728
29131711,6524
29132811,5694
29133911,12170
29135011,11114
29210110,6602
29211610,7250
29212810,2690
29213910,5070
29215010,4339
29216510,12201
29217610,10849
29218710,12169
29219810,5484
29221412,11843
29222512,4530
29223612,4557
29224712,8399
29226212,5357
29227312,12177
29228412,12171
29229512,7391
29344810,10948
29346410,9376
29347510,6915
29348610,3640
29349870,0
29351410,4467
29352510,9906
29353610,11470
29354710,7430
29356210,8550
29357310,6647
29358410,8388
29359510,0
29361012,0
29362112,8514
29363212,4486
29364312,2447
29365412,2431
29366912,11719
29368012,9619
29369112,6061
29370212,5021
29371712,5685
29372812,11096
29373912,7712
29375012,2839
29376612,1465
29377712,12180
29378812,10482
29379912,6279
29381412,1417
29382512,6763
29383612,2138
29384712,3882
29386212,8176
29387312,28
29388412,8063
29389512,12195
29391012,12214
29392112,1856
29393212,12161
29394312,2894
29395412,2
29396912,12170
29398012,11894
29399112,7841
29400212,12192
29401712,12169
29402812,6549
29403912,9129
29405012,12198
29406512,4527
29407612,7382
29408712,12232
29409812,2976
29411312,923
29412412,8575
29413512,36
29414612,7623
29489012,11635
29509811,7756
29511311,2277
29512411,3572
29513511,5072
29602910,5596
29604412,2426
29605912,6169
29607112,12190
29608212,8589
29609312,4897
29610412,9512
29611912,3314
29613012,6609
29614112,8577
29615212,8964
29616812,6737
29617912,8195
29619012,10788
29620112,6015
29621612,7059
29622712,62
29623812,7274
29624912,52
29626412,3985
29627512,0
29628612,2052
29629712,8028
29631212,4516
29632312,6163
29633412,8654
29634512,11248
29636012,4360
29637112,4177
29638212,3266
29639312,10445
29640412,7865
29641912,4508
29643012,7259
29644112,4000
29645212,7473
29646712,7101
29647812,0
29648912,41
29650012,11174
29651512,11255
29652612,8308
29653712,6407
29654812,1878
29656412,57
29657512,2615
29658612,4133
29659712,5059
29661212,12156
29662312,5936
29663412,2251
29664512,4541
29666012,11508
29667112,4230
29668212,7140
29669312,11575
29670412,6206
29671912,6123
29673012,10351
29674112,5418
29675212,5840
29676712,35
29677812,6815
29678912,1595
29767910,35
29769512,7270
29846012,2316
29847612,1317
29848912,6751
29850012,6837
29851512,12177
29852612,7167
29853712,7679
29854812,9530
29856312,5610
29857412,3062
29858512,2746
29859612,8284
29861112,4163
29862212,1796
29863312,12189
29864412,8643
29865912,5423
29867012,2176
29868112,3017
29869212,679
29870312,6211
29871812,1341
29872912,1643
29874012,4046
29875112,4328
29876712,37
29877812,2643
29878912,12200
29880012,3902
29881512,10276
29882612,12228
29883712,6039
29884812,11817
29886312,12170
29887412,6120
29888512,9971
29889612,1166
29891112,7221
29892212,2044
29893312,7072
29894412,5082
29895912,3605
29897012,2051
29898112,2039
29899212,10346
29900312,8563
29901812,10814
29902912,7255
29904012,12198
29905112,5616
29906612,12225
29907712,9953
29908812,12168
29909912,9888
29911412,2285
29912512,2845
29913612,4
29914712,2286
29916312,5535
29917412,4854
29918512,9365
29919612,8433
30009812,8988
30034210,7708
30035710,12173
30037312,9905
30038412,5552
30039512,6733
30114210,4864
30115812,2836
30117312,6921
30118412,12214
30119512,2519
30121012,8399
30122112,7797
30123212,9269
30124312,4521
30125412,6046
30126912,3609
30128012,2162
30129112,11609
30130212,11522
30131712,4241
30132812,1111
30133912,4673
30135012,4742
30136512,5404
30137612,6531
30138712,4781
30139812,6510
30141312,4514
30142412,6070
30143512,7704
30144612,7194
30146112,5118
30147212,8447
30148312,5634
30149412,7526
30151012,11243
30152112,12209
30153212,4443
30154312,7101
30155412,1337
30156912,13
30158012,2127
30159112,2132
30160212,41
30161712,33
30162812,1107
30163912,204
30165012,9319
30166512,5720
30167612,11930
30168712,7009
30169812,9261
30171312,8599
30172412,9574
30173512,6739
30174612,2119
30176112,10784
30177212,240
30178312,11356
30179412,38
30180912,7057
30182012,1874
30183112,7892
30272412,12173
30274012,6747
30275112,11919
30276612,8742
30277712,5358
30278812,7418
30279912,4547
30281412,9528
30282512,7527
30283612,9008
30284712,9253
30286212,4002
30287312,410
30288412,7535
30289512,7508
30387812,6944
30389412,12198
30390912,12198
30392112,5192
30393212,5265
30394312,44
30395412,0
30396912,6217
30398012,10405
30399112,8683
30400212,8477
30401812,12161
30402912,3239
30404012,7164
30405112,5438
30406612,6401
30407712,5061
30408812,1705
30409912,2
30411412,4940
30412512,4033
30413612,6
30414712,51
30416212,5879
30417312,12205
30418412,7057
30419512,2706
30421012,7907
30422112,12218
30423212,7195
30424312,6604
30425412,12205
30435312,7205
30436812,6506
30437912,12159
30439012,9629
30440112,5453
30441612,8160
30442712,6422
30443812,12207
30444912,16
30446412,1502
30447512,5957
30448612,12189
30449712,2393
30451212,6699
30452312,12178
30453412,12183
30454512,12180
30544611,7835
30546211,7054
30547311,8463
30548411,1090
30549511,7448
30551011,8132
30552111,9399
30553211,12225
30554311,1269
30555411,16
30556911,1371
30558011,7634
30559111,1298
30560211,35
30561711,2355
30562811,8189
30563911,11282
30565011,2530
30566511,4048
30567611,7168
30568711,6390
30569811,12213
30644312,6823
30645912,0
30647512,6189
30648712,4580
30649812,4782
30651312,11397
30652412,9618
30653512,12208
30654612,6493
30656112,12173
30657212,12160
30658312,12225
30659412,3422
30661012,11926
30662112,5867
30663212,12184
30664312,28
30665412,3508
30666912,9533
30668012,9718
30669112,10472
30670212,7042
30671712,12172
30672812,6653
30673912,5775
30675012,9077
30676512,10886
30677612,10032
30678712,7676
30679812,8872
30681312,3712
30682412,5390
30683512,62
30684612,12198
30686112,8574
30687212,3273
30688312,100
30689412,12207
30690912,7986
30692012,6347
30693112,23
30694212,9516
30784112,7893
30785712,5208
30787312,7078
30788412,7879
30789512,3729
30791012,4567
30792112,5624
30793212,7823
30794312,9589
30795412,12177
30796912,9364
30798012,6136
30799112,1788
30800212,6793
30801712,6522
30802812,5752
30803912,6273
30805012,6018
30806512,2726
30807612,1642
30808712,503
30809812,7506
30811312,6636
30812412,6919
30813512,2438
30814612,6470
30816212,10435
30817312,1500
30818412,5751
30819512,10131
30893412,6124
30894912,9295
30896412,7511
30897612,6323
30898712,3424
30899812,32
30901312,4962
30902412,4833
30903512,7731
30904612,10828
30906112,8180
30907212,3497
30908312,9113
30909412,9017
30911012,8192
30912112,7866
30913212,6775
30914312,2306
30915412,1
30916912,3909
30918012,7374
30919112,578
30920212,2222
30921712,6165
30922812,6917
30923912,4293
30925012,25
30935011,4710
30936511,2809
30937711,3073
30938811,11602
30939911,11560
30941411,1441
30942511,7825
31031969,8649
31033510,5790
31034610,11755
31036110,10868
31037210,4584
31038310,7185
31039410,5179
31040912,8753
31042012,7
31043112,1447
31044212,2112
31045312,13
31046812,6379
31047912,4221
31049012,11725
31050112,12159
31051612,10560
31052712,12177
31053812,10141
31054912,12228
31056512,6519
31057612,9896
31058712,11454
31059812,4266
31061312,2918
31062412,6448
31063512,2798
31064612,4319
31066112,5546
31067212,6604
31068312,2338
31069412,224
31070912,8267
31072012,7832
31073112,7709
31074212,11172
31075312,10515
31149511,10370
31151111,9954
31152311,6729
31153411,2311
31154511,10959
31156011,4557
31157111,9704
31158211,2784
31159311,8777
31160411,8406
31161911,630
31163011,4478
31164111,1671
31165211,5626
31166711,29
31167811,47
31168911,8476
31170011,4881
31171511,9774
31172611,8375
31173711,12156
31174811,5202
31176311,6772
31177411,4119
31178511,4418
31179611,8822
31181111,10577
31271210,4345
31272810,5321
31274010,7389
31275110,10908
31276712,4282
31277812,3394
31278912,4190
31280012,2249
31281512,5346
31282612,3632
31283712,36
31284812,6289
31286312,6632
31287412,2655
31288512,8079
31289612,6332
31291112,8896
31292212,7330
31293312,11938
31294412,7261
31295912,2232
31297012,1486
31298112,3568
31299212,5408
31300312,8099
31301812,4336
31302912,12212
31304012,8009
31305112,6014
31306612,6017
31307712,1236
31308812,2560
31309912,19
31311412,3976
31312512,6989
31313612,1897
31314712,11673
31316312,12009
31317412,9046
31318512,12168
31319612,7416
31321112,5774
31322212,12157
31323312,6345
31324412,5253
31325912,7028
31327012,7635
31328112,735
31329212,48
31330312,1239
31428811,5583
31443412,3747
31444912,9539
31446412,6997
31447612,6849
31448712,8624
31449812,9367
31451312,8815
31452412,5171
31453512,3746
31454612,5679
31456212,1828
31457312,3670
31458412,6434
31547912,4826
31549512,5634
31551012,4231
31552112,12220
31553212,12230
31554312,7336
31555412,8898
31556912,11036
31558012,47
31559112,6618
31560212,11645
31561712,10999
31562812,10506
31563912,1278
31565012,8889
31566512,7619
31567612,4140
31568712,1489
31569812,11977
31571312,10100
31572412,7224
31573512,5715
31574612,4168
31576212,6889
31577312,8659
31578412,5150
31579512,10376
31581012,5978
31582112,5596
31583212,1219
31584312,9564
31585412,6557
31586912,3872
31588012,2606
31589112,7129
31590212,9378
31591712,12221
31592812,42
31593912,5974
31595012,11692
31596512,4538
31597612,3544
31598712,5844
31599812,5227
31601312,31
31602412,6377
31603512,4628
31604612,9594
31606112,6899
31607212,5685
31608312,4148
31609412,7989
31610912,12219
31612012,11095
31613112,11005
31614212,5287
31615312,6699
31689011,4375
31690611,0
31692111,10504
31693211,12192
31694311,12201
31695411,10179
31697011,4831
31787512,4686
31789112,11729
31790312,4766
31791812,7444
31792912,7133
31794012,6269
31795112,8524
31796612,3761
31797712,7411
31798812,4197
31799912,3074
31801412,800
31802512,5600
31803612,1455
31804712,8591
31806312,8153
31807412,5925
31808512,7040
31809612,9660
31811112,6831
31812212,4456
31813312,6521
31814412,5698
31815912,7903
31817012,6472
31818112,8572
31819212,6314
31820312,3722
31821812,8644
31822912,10608
31824012,9385
31825112,3315
31826612,7841
31827712,7639
31828812,12200
31829912,8053
31831412,2650
31832512,1939
31833612,1687
31834712,8063
31836212,3656
31837312,26
31838412,6504
31839512,9339
31841012,6880
31842112,7935
31843212,8557
31844312,6132
31845412,3731
31847012,11120
31848112,9054
31849212,7234
31850312,4676
31851812,5
31852912,3149
31854012,1080
31855112,3894
31856612,1756
31857712,8902
31858812,11295
31859912,6069
31861412,4609
31862512,8053
31863612,7978
31952912,8084
32042412,12200
32044012,4414
32045112,12181
32046612,6187
32047712,8179
32048812,5913
32049912,1458
32051412,54
32052512,55
32053612,280
32054712,7888
32056212,12190
32057312,8315
32058412,12162
32059512,5926
32061012,9098
32062112,3116
32063212,11803
32064312,6299
32065412,71
32066912,12198
32068012,5224
32069112,9085
32070212,10123
32071812,4810
32072912,120
32074012,1371
32075112,3960
32076612,8043
32077712,4770
32078812,7303
32079912,7077
32081412,3717
32082512,3795
32083612,12201
32084712,12183
32086212,5268
32087312,5095
32088412,8440
32089512,11547
32091012,2440
32092112,1744
32093212,5951
32094312,8028
32095412,6471
32096912,4536
32098012,4940
32099112,12220
32100212,4059
32101712,3455
32102812,2311
32103912,5404
32105012,4946
32106512,3026
32107612,12210
32108712,6854
32109812,7964
32111412,12206
32112512,12197
32113612,8966
32114712,5210
32116212,7510
32117312,12222
32207412,7612
32208912,8206
32210012,11495
32211612,1712
32212712,9085
32213812,7214
32214912,8
32216412,8666
32217512,450
32218612,4907
32219712,2162
32294310,413
32295810,8008
32297312,891
32298512,7250
32299612,9135
32301112,9542
32302212,6816
32303312,4440
32304412,8443
32305912,12217
32307012,1193
32308112,11429
32309212,12174
32310312,3203
32311912,12171
32313012,6732
32314112,984
32315212,5096
32316712,3549
32317812,11384
32318912,28
32320012,4484
32321512,1923
32322612,6725
32323712,3313
32324812,12199
32326312,12160
32327412,5909
32328512,10807
32329612,6734
32331112,10702
32332212,8583
32333312,7402
32334412,10502
32335912,6220
32337012,30
32338112,7700
32339212,6601
32340312,3851
32341812,10
32342912,41
32344012,9372
32345112,16
32346612,4900
32347712,12186
32348812,12224
32349912,3050
32351512,8091
32352612,12162
32353712,9003
32354812,3886
32356312,35
32357412,7698
32469512,9120
32485110,4519
32486610,2348
32487710,10521
32488910,23
32490010,12199
32491612,12169
32492712,9996
32493812,3392
32494912,8
32496412,1600
32497512,12224
32498612,7514
32499712,0
32501212,12200
32502312,17
32503412,12213
32504512,0
32579111,8847
32580711,4532
32582211,3137
32583311,2844
32584411,7798
32586011,6596
32587111,9111
32588211,9764
32589311,10839
32590411,5990
32591911,485
32593011,33
32594111,8614
32595211,7899
32596711,2675
32597811,3956
32598911,6717
32600011,7562
32601511,11
32602611,7295
32603711,26
32604811,7843
32606311,2231
32607411,0
32608511,7145
32609611,8520
32611111,12173
32612211,4685
32613311,4781
32614411,9773
32616011,9953
32617111,5786
32618211,10323
32619311,7490
32620411,12175
32621911,7879
32623011,11224
32624111,8262
32625211,7031
32626711,4952
32627811,2992
32628911,834
32630011,470
32631511,0
32632611,8040
32633711,5621
32721912,2116
32723412,46
32724512,9129
32726012,1780
32727112,11331
32728212,6877
32729312,8720
32730412,3473
32731912,4959
32733012,8398
32734112,11585
32735212,12
32736712,5962
32737812,8658
32738912,3835
32740012,11132
32741612,2
32742712,452
32743812,4876
32744912,7994
32746412,12150
32747512,10398
32748612,1800
32749712,9445
32751212,5948
32752312,2447
32753412,6520
32754512,4435
32828712,4296
32830212,10188
32831712,10517
32832912,5018
32834012,5108
32835112,6906
32836612,8768
32837712,10230
32838812,12203
32839912,10270
32841412,4756
32842512,21
32843612,20
32844712,4834
32846312,6292
32847412,6741
32848512,8847
32849612,6004
32851112,12206
32852212,10873
32853312,11116
32854412,9387
32855912,7
32857012,3145
32858112,8902
32859212,3413
32860312,6290
32861812,1278
32862912,4756
32864012,5420
32865112,4098
32866612,9030
32867712,5614
32868812,4753
32869912,7165
32871412,10005
32961021,4067
32974421,12185
32975912,11795
32977012,41
32978212,12195
32979312,0
32980412,12197
32982012,4070
32983112,3173
32984212,10150
32985312,5254
32986812,4330
32987912,660
32989012,8455
32990112,1605
32991612,12193
32992712,3617
32993812,6309
32994912,10776
32996412,2807
32997512,11810
32998612,3178
32999712,5949
33001212,6206
33002312,7914
33003412,3408
33004512,1090
33006012,3021
33007112,2674
33008212,8855
33009312,1756
33010412,1080
33011912,12171
33013012,3319
33014112,12179
33015212,4817
33089711,7
33091211,1886
33092311,3637
33093411,6508
33094611,1786
33096211,3726
33097311,10446
33098411,1072
33099511,7551
33101011,3497
33102111,2774
33103211,11278
33104311,12177
33105411,9079
33106911,0
33108011,3881
33109111,1508
33110211,12196
33111711,7296
33112811,365
33113911,441
33115011,9404
33116511,7468
33117611,12177
33118711,4383
33119811,25
33121311,12194
33122411,9861
33212110,48
33213710,12164
33214819,12169
33216312,6895
33217412,6486
33218512,3747
33219612,11046
33221112,5396
33222212,2446
33223312,1883
33224412,15
33225912,2407
33227012,12208
33228112,5370
33229212,9285
33230312,11
33231912,3793
33233012,12209
33234112,5887
33235212,12185
33236712,9764
33237812,46
33238912,12198
33240012,2438
33241512,3054
33242612,12183
33243712,44
33244812,12213
33246312,4262
33247412,1781
33248512,12206
33249612,4595
33251112,12216
33252212,586
33253312,1374
33254412,12218
33255912,1455
33257012,12161
33258112,9849
33259212,7205
33260312,7255
33261812,12186
33262912,11346
33264012,12201
33265112,4702
33266612,12205
33267712,10857
33268812,8030
33269912,9559
33344312,5227
33345912,6844
33347412,6433
33348512,6018
33349612,7878
33351112,6648
33352212,1787
33353312,7670
33354412,12198
33355912,10164
33357012,10940
33358112,9568
33359212,5975
33360312,9794
33361912,8428
33476612,12164
33497311,16
33498811,3708
33499911,12194
33501411,9342
33502511,12166
33503611,12192
33504711,12190
33506311,12213
33507411,7718
33508511,5890
33509611,12215
33511111,26
33512211,12166
33513311,9172
33514411,3672
33515911,6077
33517011,6203
33518111,9076
33519211,10612
33520311,6246
33521811,8464
33522911,32
33524011,9795
33525111,2860
33526611,4064
33527711,12166
33528811,12171
33529911,12221
33531411,12200
33532511,12171
33533611,12201
33534711,12174
33536211,16
33537311,7901
33538411,11189
33539511,28
33541011,12208
33542111,0
33543211,373
33544311,12216
33545411,2017
33547011,10983
33548111,9804
33549211,7792
33550311,12173
33551811,11505
33552911,12210
33554011,6598
33555111,12198
33556611,9009
33557711,12200
33558811,3217
33559911,6564
33634312,8767
33635912,2345
33637412,13
33638512,10720
33639612,8
33641112,10629
33642212,10637
33643312,10682
33644412,11648
33645912,12218
33736612,3582
33738221,6218
33739568,6793
33741112,12212
33742212,8
33743312,12198
33744412,6448
33745912,37
33747012,12201
33748112,32
33749212,12181
33750312,5851
33751812,28
33752912,12169
33754012,36
33755112,12204
33756612,38
33757712,3177
33758812,12211
33759912,0
33761412,12201
33762512,6886
33763612,7487
33764712,12159
33766312,2624
33767412,12181
33768512,3131
33769612,12198
33771112,12175
33772212,41
33773312,12176
33774412,42
33775912,2285
33777012,12172
33778112,26
33779212,12192
33780312,44
33781812,1196
33782912,12202
33784012,3245
33785112,12180
33786612,37
33787712,12168
33788812,3885
33789912,12174
33791412,12187
33792512,4921
33793612,12203
33794712,857
33796212,42
33797312,9949
33798412,21
33799512,12209
33801012,11878
33802112,11028
33803212,12196
33804312,7983
33805412,12153
33807012,11353
33808112,7633
33809212,12160
33810312,3000
33884511,2327
33886111,23
33976110,12182
34004011,11918
34005511,5012
34007011,12198
34008268,0
34009411,12189
34010911,8392
34012011,43
34013111,12185
34014211,49
34015311,5470
34016811,10539
34017911,2130
34019011,12213
34020111,21
34021611,6526
34022711,1488
34023811,8503
34024911,6541
34026411,7409
34027511,7345
34028611,12222
34029711,9243
34031211,8962
34032311,7084
34033411,2464
34034511,10028
34036111,38
34037211,11510
34038311,11252
34039411,1103
34040911,4440
34042011,58
34043111,9754
34044211,5874
34045311,52
34046811,5223
34047911,2589
34049011,6760
34050111,12175
34051611,9246
34052711,12157
34053811,12185
34054911,4574
34056411,5618
34057511,7826
34058611,841
34059711,12158
34061211,9922
34062311,12170
34063411,43
34064511,9244
34066011,1166
34067111,2432
34068211,12165
34069311,751
34070411,9852
34071911,4788
34073011,3527
34074111,9813
34075211,1852
34076811,6284
34077911,7885
34079011,779
34168410,12165
34169910,8150
34246421,2922
34248021,3434
34249212,10790
34250412,12206
34252012,4948
34253112,5051
34254212,12207
34255312,34
34256812,4033
34257912,3475
34259012,9724
34260112,9699
34261612,7229
34262712,12165
34263812,566
34264912,5756
34266412,12197
34267512,1947
34268612,12222
34269712,7014
34271212,12199
34272312,7774
34273412,9471
34274512,8541
34276012,0
34277112,12194
34278212,9
34279312,4040
34280412,46
34281912,9690
34283012,0
34284112,8493
34285212,8173
34286712,21
34287812,12200
34288912,2127
34290012,4850
34291612,6956
34292712,968
34293812,12168
34294912,2250
34296412,4416
34297512,2812
34298612,10579
34299712,5967
34301212,12165
34302312,44
34303412,12209
34304512,6315
34306012,32
34307112,12176
34308212,0
34309312,8656
34310412,10064
34311912,12182
34313012,11620
34314112,12190
34315212,12187
34316712,8005
34317812,12198
34318912,8337
34320012,9029
34409712,1966
34411312,6418
34412412,7567
34413512,8827
34414612,2003
34416112,3924
34417212,12212
34418312,1729
34419412,7570
34420912,9864
34422012,7902
34423112,11021
34424212,12215
34425312,1013
34535510,3258
34537112,6709
34538312,12190
34539412,8038
34540912,0
34542012,5220
34543112,8942
34544212,7898
34545312,1132
34546812,2228
34547912,7138
34549012,5534
34550112,4466
34551612,2967
34552712,8699
34553812,6945
34554912,4853
34556412,11327
34557512,9504
34558612,9854
34559712,11008
34561312,3758
34562412,7846
34563512,12164
34564612,7466
34566112,3535
34567212,9273
34568312,5
34569412,4608
34570912,3509
34572012,6243
34573112,9210
34574212,2916
34575312,3361
34576812,2760
34577912,12061
34579012,7443
34580112,10860
34581612,4674
34582712,8626
34583812,1354
34584912,7528
34586412,3785
34587512,5222
34588612,12185
34589712,8752
34591212,5445
34592312,2755
34593412,11548
34594512,4004
34685110,8032
34686712,8372
34687912,8149
34689012,8606
34690112,11983
34691612,9067
34692712,7109
34693812,2326
34694912,2369
34696512,1559
34697612,3352
34698712,5047
34699812,3758
34701312,12175
34702412,5242
34703512,11136
34704612,10869
34706112,12178
34707212,11696
34708312,11520
34709412,10650
34710912,9948
34712012,3670
34713112,9322
34714212,5
34715312,906
34789412,8103
34790912,2480
34792012,5454
34793112,5957
34794312,3504
34795412,8313
34796912,8719
34798012,12211
34799112,9278
34800212,12195
34801712,9680
34802812,934
34803912,12169
34805012,3381
34806512,3869
34807612,885
34808712,4941
34809812,8410
34811412,4648
34812512,12205
34813612,10192
34814712,5374
34816212,4281
34817312,8613
34818412,1772
34819512,3427
34821012,5182
34822112,8797
34823212,5564
34824312,6043
34825412,3498
34826912,5912
34828012,7050
34829112,6992
34830212,10738
34831712,9905
34832812,6752
34833912,7750
34924312,14
34925912,3544
34946711,12203
34948211,8733
34949311,4795
34950511,12208
34952111,51
34953211,12211
34954311,19
34955411,12169
34956911,10380
34958011,12221
34959111,1474
34960211,12210
34961711,12173
34962811,5558
34963911,10223
34965011,52
34966511,12212
34967611,2076
34968711,12179
34969811,43
34971311,12221
34972411,8122
34973511,12180
34974611,9885
34976111,2041
34977211,12222
34978311,46
34979411,12201
34981011,1872
34982111,10774
34983211,26
34984311,12208
34985411,381
35060410,8697
35061910,12185
35063010,7917
35064110,10035
35065210,4010
35066712,11972
35067812,12192
35068912,5114
35070012,5998
35071512,9524
35072612,5466
35073712,6717
35074812,383
35076312,612
35077412,9954
35078512,6768
35079612,11615
35081112,1952
35082212,74
35083312,1
35084412,12231
35085912,7
35087012,12217
35088112,3359
35089212,12216
35090312,3788
35091812,9991
35092912,5854
35094012,12197
35182710,2730
35184310,3795
35185510,1272
35187112,6113
35188212,12194
35189312,9840
35190412,12186
35191912,2754
35193012,7934
35194112,10873
35195212,2413
35196712,56
35197812,9626
35198912,1859
35200012,3889
35201512,6593
35202612,7472
35203712,7316
35204812,7845
35206312,3414
35207412,9
35208512,12206
35209612,3436
35211112,8416
35212212,12190
35213312,7199
35214412,7168
35215912,9360
35217012,8910
35218112,6460
35219212,4186
35220312,8498
35221812,3994
35222912,9401
35224012,0
35225112,11990
35226712,5604
35227812,10811
35228912,2273
35230012,6770
35231512,2944
35232612,12207
35233712,4894
35234812,11499
35236312,0
35237412,6246
35238512,353
35239612,7142
35314311,4055
35315911,2442
35317411,3296
35318511,6041
35319611,5870
35321111,4497
35322211,12206
35323311,10141
35324411,9686
35325911,9305
35327011,5924
35328111,4559
35329211,3221
35330311,4600
35331811,5343
35332911,8406
35421412,4160
35422912,11606
35424012,12188
35425112,9520
35435010,6211
35436510,27
35437610,4929
35438710,1152
35439810,6823
35441312,5754
35442412,9182
35443512,8516
35444612,9970
35446112,6327
35447212,6821
35448312,5100
35449412,4275
35450912,9568
35452012,6472
35453112,7702
35454212,9013
35455312,3572
35456812,8657
35457912,5203
35459012,7146
35460112,8466
35461612,7849
35462712,5175
35463812,7951
35464912,6810
35466412,7953
35467512,8733
35468612,11970
35469712,10186
35471312,8110
35472412,4600
35473512,3485
35474612,9916
35476112,6993
35477212,9312
35478312,12203
35479412,7893
35480912,2702
35482012,4454
35483112,2413
35484212,2131
35485312,5582
35486812,40
35487912,7594
35489012,1654
35490112,4306
35491612,1496
35492712,5775
35493812,6185
35494912,4985
35593412,3676
35595012,3868
35596612,10046
35597712,31
35598812,6080
35599912,2995
35601412,10590
35602512,2
35603612,10114
35692912,4448
35694412,6842
35696012,5250
35697112,10403
35698212,11497
35699312,6060
35700412,5350
35701912,2773
35703012,4334
35704112,6979
35705212,5970
35706712,4376
35707812,4300
35708912,6367
35710012,12172
35711512,8654
35712612,11248
35713712,12204
35714812,8619
35716312,11401
35717412,3860
35718512,4517
35719612,1601
35721112,2677
35722212,3947
35723312,592
35724412,3632
35725912,18
35727012,3884
35728112,10887
35729212,5972
35730312,5953
35731812,4950
35732912,9015
35734012,5184
35735112,7848
35736712,6699
35737812,8088
35738912,2961
35740012,6244
35741512,3232
35742612,4069
35743712,4648
35744812,6266
35746312,3295
35747412,4650
35748512,3133
35749612,9700
35751112,4811
35752212,8384
35753312,8311
35754412,8763
35755912,7852
35757012,7286
35758112,8808
35759212,4455
35760312,7121
35761812,5957
35762912,10658
35764012,11708
35765112,6074
35766612,7278
35767712,8635
35768812,6307
35859112,12193
35936512,2170
35948711,9598
35950212,9640
35951711,10528
35952911,9726
35954011,10055
35955111,8090
35956611,6420
35957711,3295
35958811,3360
35959911,5119
35961511,3228
35962611,6245
35963711,7119
35964811,8351
35966311,5620
35967411,7880
35968511,8826
35969611,6256
35971111,3860
35972211,5504
35973311,7002
35974411,8945
35975911,6487
35977011,5902
35978111,5159
35979211,7706
35980311,6255
35981811,7238
35982911,7146
35984011,6257
35985111,8841
35986611,7593
35987711,3802
35988811,6428
35989911,1695
35991411,5142
35992511,5466
35993611,3253
35994711,8980
35996211,5336
35997311,7356
35998411,7073
35999511,10893
36001111,12202
36002211,11437
36003311,6385
36004411,9959
36005911,6642
36007011,1950
36008111,4032
36009211,628
36010311,1815
36011811,2171
36012911,1165
36014011,3047
36015111,1586
36016611,6368
36017711,8112
36018811,6403
36019911,6321
36021411,5922
36022511,7247
36112512,7472
36114012,7168
36115112,10
36116612,8284
36117712,4724
36118812,5913
36119912,4478
36194012,2973
36195512,4318
36197012,5934
36198212,10670
36199312,8450
36200412,4197
36201912,9120
36203012,987
36204112,6754
36205212,3
36206712,2303
36207812,1399
36208912,3105
36210012,5874
36211612,6048
36212712,5069
36213812,7488
36214912,4283
36216412,4634
36217512,8766
36218612,11476
36219712,12167
36221212,9981
36222312,5619
36223412,8218
36224512,4595
36226012,3787
36227112,7416
36228212,3140
36229312,6497
36230412,5
36231912,2813
36233012,8073
36234112,4990
36235212,4935
36236712,7145
36237812,8441
36238912,9420
36240012,10584
36241512,9520
36242612,3608
36243712,7524
36244812,3379
36246312,5573
36247412,6995
36248512,4556
36249612,2741
36251212,2
36252312,9646
36253412,8243
36254512,9449
36256012,4905
36257112,4927
36258212,8365
36259312,7941
36260412,3273
36261912,2585
36350812,4988
36352312,5428
36353412,510
36354612,6148
36356112,3417
36357212,3497
36358312,8334
36359412,9555
36361012,4561
36362112,10617
36363212,11489
36364312,10186
36365412,8273
36366912,10239
36368012,7013
36369112,4099
36370212,8377
36444012,7460
36457412,10814
36458912,10635
36460012,50
36461512,9540
36462612,7215
36463712,8698
36464812,3815
36466312,1362
36467412,5274
36468512,3739
36469612,3690
36471112,10341
36472212,1699
36473312,12198
36474412,5878
36475912,3980
36477012,12227
36478112,4535
36479212,7220
36480312,1132
36481812,4569
36482912,5981
36484012,2553
36485112,10901
36486612,5569
36487712,12200
36488812,6407
36489912,12220
36491512,2083
36492612,2885
36493712,4141
36494812,7680
36496312,3537
36497412,6112
36498512,6000
36499612,12196
36501112,4554
36502212,2494
36503312,5944
36504412,9646
36505912,7928
36507012,7999
36508112,9356
36509212,7834
36510312,6389
36511812,9796
36626811,4811
36628411,4607
36629511,1607
36631011,9450
36632111,9984
36633211,4459
36634311,5185
36635411,2163
36636911,3847
36638011,37
36639111,43
36640211,4831
36641711,4304
36642811,358
36643911,1590
36645011,7848
36646511,1184
36647611,3441
36648711,8405
36649811,10132
36651311,734
36652411,3909
36653511,12172
36654611,6378
36728812,6734
36730412,2664
36731912,5067
36733012,4448
36734112,4568
36735212,3060
36736712,5337
36737812,6699
36738912,12194
36740012,817
36741512,10301
36742612,7540
36743712,9514
36744812,5690
36746312,5748
36747412,5878
36748512,4692
36749612,9524
36751112,6891
36752212,2232
36753312,6756
36754412,8299
36755912,4707
36757012,4928
36758112,1263
36759212,9094
36760312,6795
36761812,11857
36762912,8546
36764012,7802
36765112,6967
36766712,9352
36767812,4234
36768912,6822
36770012,9718
36771512,4560
36772612,9507
36773712,5476
36774812,11085
36776312,6267
36865812,5395
36867412,4518
36868612,12191
36869712,9626
36871212,7455
36872312,9653
36873412,2956
36874512,3755
36876012,8232
36877112,29
36878212,8106
36879312,3455
36880412,5954
36881912,0
36883012,8205
36884112,9822
36885212,8774
36886812,8735
36887912,12208
36889012,12207
36890112,0
36891612,5796
36892712,5410
36893812,9659
36894912,4494
36896412,5122
36897512,9897
36898612,1007
36899712,4744
36901212,4
36902312,6162
36903412,19
36904512,2248
36979010,8921
36992511,38
36994011,3455
36995111,7125
36996711,9922
36997811,3799
36998911,7038
37000011,6385
37001511,826
37002611,11493
37003711,9053
37004811,9078
37006311,12195
37007411,12163
37008511,12194
37009611,10217
37011111,5007
37012211,6268
37013311,10383
37014411,31
37015911,3892
37017011,5948
37018111,2192
37019211,10153
37020311,8496
37021811,2294
37022911,8687
37024011,4931
37025111,4702
37026711,6033
37027811,7998
37116810,3861
37118410,4685
37119510,5008
37121112,9967
37122212,6446
37123312,4872
37124412,3274
37125912,5203
37127012,7934
37128112,7779
37129212,4751
37130312,11168
37131812,6119
37132912,5778
37134012,6
37135112,4896
37136612,6365
37137712,7134
37138812,5611
37139912,12195
37141412,9521
37142512,3381
37143612,3404
37144712,6617
37146212,2112
37147312,3106
37148412,1921
37149512,12192
37151112,12202
37152212,3192
37153312,5912
37154412,6571
37155912,8392
37157012,6938
37158112,7757
37159212,9959
37160312,6580
37161812,5220
37162912,5931
37164012,4516
37165112,2463
37239811,8438
37241411,9532
37242611,8418
37243711,8522
37244811,3839
37246311,5445
37247411,8680
37248511,7955
37249611,5878
37251111,3995
37252211,11024
37253311,22
37254411,4460
37255911,3852
37257011,7587
37258111,4799
37259211,35
37260311,4752
37261811,7411
37262911,2506
37264011,11411
37265111,10540
37266711,6879
37356210,2211
37357812,43
37358921,4365
37360112,10091
37361612,3613
37362712,6986
37363812,10804
37364912,3577
37366412,6614
37367512,4414
37368612,6169
37369712,6167
37371312,9996
37372412,9625
37373512,9143
37374612,9674
37376112,9149
37377212,2316
37378312,8590
37379412,4661
37380912,3300
37382012,3284
37383112,9085
37384212,3972
37385312,9136
37386812,9419
37387912,4750
37389012,8850
37390112,3732
37391612,1495
37392712,11230
37393812,7308
37394912,6036
37396412,10101
37397512,8587
37398612,10464
37399712,10504
37401212,8248
37402312,471
37403412,10438
37404512,5095
37406012,28
37407112,12202
37408212,8860
37409312,10852
37410412,10826
37412012,12182
37413112,776
37414212,8546
37415312,5561
37416812,6807
37417912,12206
37419012,9794
37420112,11626
37494710,8844
37508110,8303
37509614,7700
37511112,8
37512212,4028
37513312,840
37514412,6508
37515912,8188
37517012,5615
37518112,12185
37632412,6121
37634012,8433
37635112,6795
37636621,6779
37637812,2112
37638912,5912
37640012,11222
37641512,2425
37642612,2490
37643712,1992
37644812,4585
37646312,3286
37647412,4855
37648512,5169
37649612,9248
37651212,9152
37652312,3333
37653412,7572
37654512,1096
37656012,2621
37657112,5559
37658212,1951
37659312,7199
37660412,10582
37661912,8337
37663012,7463
37664112,6345
37665212,10933
37666712,4591
37667812,10707
37668912,41
37670012,4
37671512,6705
37672612,5028
37673712,2118
37674812,7870
37676312,10228
37677412,10847
37678512,6612
37679612,10827
37681112,10127
37682212,10232
37683312,12206
37684412,5387
37685912,12207
37687012,8410
37688112,6127
37689212,7338
37690312,5381
37691912,1776
37693012,41
37694112,35
37695212,9333
37696712,7702
37697812,7904
37698912,9546
37700012,12238
37701512,11881
37702612,2692
37703712,9878
37704812,7015
37779012,8054
37780512,6001
37782012,8763
37871910,2548
37873412,8808
37874512,6478
37876012,6799
37877112,7304
37878212,7468
37879312,8054
37880412,4937
37881912,3471
37883012,9198
37884112,5949
37885212,2307
37886712,2548
37887812,4222
37888912,4405
37890012,7782
37891512,8162
37892612,4343
37893712,11351
37894812,12077
37896312,9967
37897412,6399
37898512,9853
37899612,8434
37901212,1890
37902312,12232
37903412,5973
37904512,4471
37906012,12169
37907112,6678
37908212,4920
37909312,1401
37910412,2351
37911912,2562
37913012,4634
37914112,6711
37915212,4473
37916712,10293
37917812,12163
37918912,8143
37920012,4447
37921512,7800
37922612,9509
37923712,4198
37924812,5933
37952711,10299
37954211,7425
37955311,2672
37956811,4348
37957911,6027
37959011,7554
37960111,8411
37961711,5680
37962811,7098
37963911,3204
37965011,2076
37966511,2074
37967611,9966
37968711,7767
37969811,8094
37971311,12215
37972411,12194
37973511,6856
37974611,7966
38141910,4937
38143510,0
38144610,3230
38146110,3639
38147210,4348
38148310,9358
38149410,4240
38151011,4991
38152111,6700
38153211,7409
38154311,3282
38155411,6554
38156911,9704
38158011,11859
38159111,4707
38160211,8607
38161711,9022
38162811,8947
38163911,8995
38165011,9710
38166511,9233
38167611,5697
38168711,7638
38169811,4207
38171311,9870
38172411,2979
38173511,5
38174611,4002
38176111,5634
38177211,2525
38178311,4175
38179411,3069
38180911,4410
38182011,8629
38183111,4482
38184211,9773
38185311,7545
38186811,7961
38187911,4891
38189011,6608
38190111,8436
38191711,5958
38192811,4870
38193911,2826
38195011,9298
38196511,51
38197611,2746
38198711,3333
38199811,9234
38201311,7264
38202411,5355
38203511,3375
38204611,3989
38206111,6085
38207211,5841
38208311,10480
38209411,2219
38210911,14
38212011,6328
38213111,4229
38214211,8096
38215311,6646
38216811,9762
38217911,9801
38306812,5711
38308412,5672
38309521,8522
38311012,8382
38312112,7361
38313212,3971
38314312,6366
38315412,9952
38316912,9034
38318012,4594
38319112,2440
38320212,7
38394812,4189
38396312,4249
38397412,3726
38398612,3961
38399712,9094
38401212,7220
38402312,9532
38403412,8873
38404512,12164
38406112,2853
38407212,4478
38408312,11
38409412,4750
38410912,6844
38412012,58
38413112,6481
38414212,2262
38415312,7710
38416812,7349
38417912,7752
38419012,4497
38420112,4799
38421612,6065
38422712,6492
38423812,7975
38424912,10124
38438411,4762
38439911,5711
38441411,5771
38442611,3757
38443711,7140
38444811,3734
38446311,1623
38447411,3725
38448511,4275
38449611,4793
38451111,6416
38452211,5322
38453311,12183
38454411,10807
38456011,4803
38457111,8174
38458211,12216
38459311,7416
38460411,1880
38461911,4005
38463011,11
38464111,7914
38465211,5548
38466711,5405
38467811,3260
38468911,1012
38558212,7506
38559812,4968
38561412,7878
38562612,3166
38563712,6058
38564812,11639
38566312,11834
38567412,8292
38568512,10727
38569612,3668
38571112,8438
38572212,4339
38573312,3945
38574412,1386
38576012,93
38577112,4379
38578212,3527
38579312,8187
38580412,0
38678310,11240
38679810,1840
38681412,2109
38682612,2008
38683712,60
38684812,8647
38686312,5975
38687412,2282
38688512,15
38689612,5750
38691112,10088
38692212,4184
38693312,11856
38694412,2395
38696012,8684
38697112,6772
38698212,4544
38699312,3790
38700412,9560
38701912,2775
38703012,9149
38704112,2967
38705212,2651
38706712,8003
38707812,2303
38708912,3930
38710012,10284
38711512,6765
38712612,8102
38713712,6943
38714812,8888
38716312,6713
38717412,2887
38718512,2332
38719612,7630
38721112,8848
38722212,4592
38723312,20
38724412,7534
38725912,11846
38727012,5892
38728112,3236
38729212,8819
38730312,3126
38731812,4240
38821210,9442
38822710,1231
38823910,4898
38825010,6355
38826510,1413
38827610,0
38828710,0
38829810,11851
38831411,5239
38832511,8327
38833611,3495
38834711,1525
38836211,6869
38837311,6771
38838411,2441
38839511,11397
38841011,6686
38842111,1411
38843211,2152
38844311,2156
38845411,2641
38846911,4699
38848011,2693
38849111,12170
38850211,6504
38851711,2481
38852811,8888
38853911,12220
38855011,12188
38928412,7512
38941812,9519
38943312,569
38944412,2658
38945912,38
38947012,1105
38948112,3494
38949212,9193
38950312,4248
38951812,9364
38952912,1894
38954012,10270
38955112,43
38956612,6380
38957712,11880
38958812,12216
38959912,12198
38961412,10849
38962512,6020
38963612,3663
38964712,12168
38966212,12188
38967312,1608
38968412,4507
38969512,10278
38971012,3495
38972112,880
38973212,1991
38974312,7573
38975412,4049
38977012,9719
38978112,9299
38979212,1489
38980312,9154
38981812,4076
39071512,1490
39073112,6181
39074221,2493
39075412,7956
39076912,5267
39078012,11528
39079112,9400
39080212,8573
39081712,12221
39082812,7110
39083912,7842
39085012,5382
39086512,3770
39087612,695
39088712,4157
39089812,5906
39091312,30
39092412,7195
39093512,5357
39094612,4046
39096112,808
39097212,1843
39098312,2084
39099412,4299
39100912,7979
39102012,12202
39103112,12189
39104212,11634
39105312,7408
39106912,6208
39108012,5920
39109112,7082
39110212,3153
39111712,11370
39112812,3559
39113912,4738
39115012,3864
39189010,976
39190612,5418
39192112,5141
39193212,12222
39194312,7996
39195412,9145
39196912,2878
39198012,8879
39199112,9128
39200212,12209
39201712,12177
39202812,11317
39203912,12169
39205012,7700
39206512,36
39207612,8866
39208712,2425
39209812,11
39211312,2669
39212412,5139
39213512,677
39214612,4402
39216112,8367
39217212,40
39218312,9037
39219412,9369
39220912,10555
39310610,2465
39312210,634
39313410,5203
39314510,0
39316012,5593
39317112,7630
39318212,7949
39319312,10603
39320412,8862
39321912,6637
39323012,11116
39324112,12170
39325212,4810
39326712,12025
39327812,8780
39328912,921
39330012,3205
39331612,1424
39332712,939
39333812,3756
39334912,14
39336412,1992
39337512,7090
39338612,10185
39339712,12188
39341212,12187
39342312,10010
39343412,3989
39344512,11075
39346012,11479
39347112,8246
39348212,11109
39349312,12222
39350412,2432
39351912,2011
39353012,12
39354112,3439
39355212,12162
39356712,4608
39357812,3961
39358912,10321
39360012,10189
39361512,6957
39362612,11556
39363712,3919
39364812,5470
39439610,8055
39453010,0
39454510,6634
39456012,11437
39457212,9354
39458312,6255
39459412,4074
39460912,10913
39462012,5934
39463112,9036
39464212,4100
39465312,5347
39466812,7454
39467912,8441
39469012,9005
39470112,5268
39471712,9767
39472812,3248
39562610,12194
39564212,1997
39565312,7131
39566812,1976
39567912,3196
39569012,6088
39570112,7482
39571612,46
39572712,6184
39573812,6642
39574912,43
39576412,4876
39577512,12180
39578612,9001
39579712,9782
39581212,7146
39582312,10980
39583412,8541
39584512,7586
39586012,1512
39587112,2967
39588212,6118
39589312,7156
39590412,12201
39591912,7538
39593012,7766
39594112,5522
39595212,1466
39596712,2904
39597812,265
39598912,6180
39600012,11183
39601612,4546
39602712,9786
39603812,11031
39604912,3101
39606412,9441
39607512,9455
39608612,5284
39609712,8926
39611212,8021
39612312,9367
39613412,3950
39614512,8569
39616012,8530
39617112,3979
39618212,5225
39619312,6223
39620412,12207
39621912,7747
39623012,4
39624112,9090
39625212,12182
39723812,12163
39725412,11488
39726912,10694
39728112,35
39729212,2859
39730312,11758
39731812,3521
39732912,3817
39734012,3915
39735112,4983
39736612,12162
39826512,5771
39828112,10402
39829412,10326
39830912,4576
39832012,6931
39833112,4879
39834212,8621
39835312,9754
39836812,12206
39837912,10573
39839012,15
39840112,20
39841612,40
39842712,1948
39843812,9
39844912,11198
39846412,12172
39847512,12216
39848612,7901
39849712,4357
39851212,6446
39852312,5906
39853412,8377
39854512,5606
39856112,12170
39857212,12215
39858312,3302
39859412,2856
39860912,9760
39862012,2648
39863112,0
39864212,12201
39865312,11018
39866812,8515
39867912,4965
39869012,10992
39870112,8998
39871612,5873
39872712,11
39873812,3249
39874912,9677
39876412,9046
39877512,8970
39878612,8062
39879712,9094
39881212,6248
39882312,3073
39883412,9992
39884512,3683
39886012,7610
39887112,12201
39888212,2474
39889312,4679
39890412,0
39891912,11111
39893012,4125
39894112,11699
39895212,7652
39896812,666
39897912,10457
39899012,5201
39900112,7371
39974311,5556
39987512,8143
40079612,6135
40081212,12205
40082312,6050
40083412,4881
40084512,9024
40086112,464
40087212,12174
40088312,4797
40089412,2388
40090912,3556
40092012,1138
40093112,9002
40094212,0
40095312,5
40096812,3
40097912,4940
40099012,25
40100112,3214
40101612,12202
40102712,20
40103812,12206
40104912,35
40106412,6111
40107512,12195
40108612,4
40109712,12189
40111212,12217
40112312,2152
40113412,12217
40114512,8
40116112,47
40117212,12216
40118312,3
40119412,12161
40120912,12161
40122012,1
40123112,12191
40124212,61
40125312,18
40126812,12191
40127912,19
40129012,6708
40130112,28
40131612,15
40132712,12188
40133812,9984
40134912,5406
40136412,12163
40137512,11622
40138612,12186
40139712,12208
40141212,139
40142312,12208
40143412,11288
40144512,12208
40146012,9015
40147112,37
40148212,10788
40149312,38
40150412,42
40151912,7109
40153012,7
40154112,19
40155212,4445
40242512,12209
40244112,4
40245312,43
40321110,5502
40322610,10341
40323710,9629
40324910,1720
40326512,3107
40327612,6793
40328712,640
40329812,12203
40331312,3267
40332412,3137
40333512,6335
40334612,1173
40336112,22
40337212,12183
40338312,6492
40339412,9662
40340912,2932
40342012,1277
40343112,2323
40344212,11202
40345312,3834
40346812,7619
40347912,7149
40349012,5248
40350112,1122
40351612,6520
40352712,5729
40353812,10166
40354912,3777
40356412,9768
40357512,9547
40358612,12197
40359712,4521
40361212,2093
40362312,48
40363412,840
40364512,12177
40366112,3490
40367212,11644
40368312,48
40369412,5977
40370912,7807
40372012,5615
40373112,10990
40374212,7296
40375312,4057
40376812,1653
40377912,12187
40379012,30
40380112,12201
40381612,2255
40382712,3137
40383812,2641
40384912,7867
40386412,7932
40387512,16
40388612,8434
40389712,1012
40391212,12204
40392312,3718
40393412,12195
40482712,12173
40496212,12164
40497712,10133
40498812,12168
40500012,6165
40501612,11883
40502712,4116
40503812,2191
40504912,2345
40506412,47
40507512,9530
40508612,10707
40509712,10628
40584210,0
40585810,6300
40587312,5564
40588412,7550
40589512,12178
40591012,8967
40592112,2091
40593212,4566
40594312,1023
40595412,3426
40596912,10377
40598012,12207
40599112,12190
40600212,5594
40601712,2429
40602812,2013
40603912,5056
40605012,6428
40606512,5666
40607612,9465
40608712,7875
40609812,12153
40611312,9656
40612412,11152
40613512,6207
40614612,3614
40616212,5300
40617312,4891
40618412,685
40619512,1267
40621012,19
40622112,2381
40623212,6220
40624312,4542
40625412,10965
40626912,5184
40628012,6579
40629112,5557
40630212,7962
40631712,6717
40632812,6198
40633912,9026
40635012,9692
40636512,6551
40637612,5998
40638712,7456
40639812,6300
40641312,6339
40642412,9346
40643512,8486
40644612,9027
40759012,8131
40760612,12213
40762112,5673
40763212,9750
40764312,4518
40765412,3014
40767012,6063
40768112,3319
40769212,4868
40770312,7538
40771812,5412
40772912,5478
40774012,5472
40775112,2860
40776612,5954
40777712,5218
40778812,6866
40779912,7664
40854112,5101
40855612,2893
40857112,4632
40858312,5294
40859412,5097
40860912,4873
40862012,5533
40863112,4794
40864212,5754
40865312,2064
40866812,4531
40867912,10472
40869012,5996
40870112,8967
40871712,6007
40872812,11583
40873912,3233
40875012,7545
40876512,6824
40877612,6929
40878712,10576
40879812,7279
40881312,9400
40882412,8573
40883512,2946
40884612,3742
40886112,5800
40887212,12182
40888312,5588
40889412,2211
40890912,5953
40892012,7282
40893112,6514
40894212,4837
40895312,4297
40896812,6227
40897912,10182
40899012,6535
40900112,7116
40901612,4935
40902712,4438
40903812,5112
40904912,4848
40906412,6994
40907512,28
40908612,599
40998512,3723
41011910,4460
41013410,10336
41014510,4958
41016012,650
41017112,30
41018212,0
41019312,10443
41020412,3821
41021912,8929
41023012,10265
41024112,12201
41025212,4049
41026712,11420
41027812,6875
41028912,6823
41030012,6289
41031612,3459
41032712,10809
41033812,7010
41034912,1248
41036412,1758
41037512,3010
41038612,6586
41039712,5423
41113711,2979
41115311,12200
41116811,5788
41117911,12194
41119011,12198
41120111,12175
41121611,12180
41122711,12211
41123811,12204
41124911,12194
41126411,1816
41127511,1195
41128611,12172
41129711,10526
41131211,39
41132311,5777
41133411,9693
41134511,8659
41136011,262
41137111,4380
41138211,7426
41139311,12207
41140411,6926
41141911,4002
41143011,6580
41144111,8102
41145211,6678
41146711,6680
41147811,9908
41148911,8891
41150011,11018
41151611,8596
41152711,7058
41153811,7834
41154911,8848
41156411,8899
41157511,10334
41158611,6919
41159711,5419
41250512,1246
41252012,1192
41253212,5391
41254312,4091
41255412,7444
41257012,7577
41258112,5865
41259212,7262
41260312,7100
41261812,8513
41262912,8091
41264012,7722
41265112,9669
41266612,7466
41267712,3797
41268812,3221
41269912,6530
41271412,1782
41272512,2975
41273612,5413
41274712,5875
41276212,3556
41277312,8491
41278412,9576
41279512,9696
41281012,7514
41282112,3551
41283212,6678
41284312,11716
41285412,4507
41287012,2098
41288112,0
41289212,1449
41290312,5310
41365310,6701
41366810,9444
41367910,5910
41369010,6707
41370110,8726
41371612,6073
41372712,6448
41373812,6065
41374912,8636
41376412,2494
41377512,2681
41378612,2106
41379712,4753
41381212,10710
41382312,10826
41383412,12157
41384512,9473
41386012,6918
41387112,3631
41388212,4428
41389312,2420
41390412,8640
41391912,373
41393012,1065
41394112,3611
41395212,27
41396712,474
41397812,7264
41398912,3729
41400012,7164
41489710,10680
41513812,8438
41515312,7064
41516812,4306
41518068,7552
41519212,4408
41520312,4439
41521812,6843
41522912,0
41524012,1867
41525112,3657
41526612,7206
41527712,7394
41528812,7712
41529912,10190
41531412,8591
41532512,12201
41533612,9766
41534712,7822
41536212,7226
41537312,6293
41538412,25
41539512,12
41541012,0
41542112,7387
41543212,4441
41544312,8458
41545412,11079
41547012,5839
41548112,3054
41549212,6038
41550312,11044
41551812,4197
41552912,10903
41554012,12166
41555112,10613
41556612,8322
41557712,7864
41558812,3099
41559912,6565
41633769,8967
41635310,4549
41636810,6918
41637910,5585
41639010,2040
41640110,2594
41641612,4867
41642712,7887
41643812,8132
41644912,10516
41646412,2117
41647512,6322
41648612,4875
41649712,7624
41651212,6342
41652312,10849
41653412,6955
41654512,11006
41656112,5688
41657212,6004
41658312,5278
41659412,8643
41660912,4186
41662012,6930
41776011,1730
41777611,4202
41778711,4779
41779811,3158
41781311,2222
41782411,4561
41783511,6441
41784611,6561
41786111,5051
41787211,7933
41788311,5412
41789411,5498
41790911,9716
41792011,9175
41793111,466
41794211,6356
41795311,7070
41796811,8542
41797911,6714
41799011,10110
41800111,7830
41801611,8408
41802711,11288
41803811,3384
41804911,6977
41806411,4712
41807511,4452
41808611,5666
41809711,8976
41811311,4702
41812411,4015
41813511,8081
41814611,8242
41816111,9582
41817211,11872
41818311,9147
41819411,12025
41820911,9312
41822011,10447
41823111,10904
41824211,6940
41825311,4824
41826811,4639
41827911,2913
41829011,15
41830111,4591
41831611,4004
41832711,6262
41833811,4953
41834911,3575
41908612,2872
41910112,12192
41911612,12201
41912812,8910
41913912,12168
41915012,12206
41916512,9408
41917612,12184
41918712,19
41919812,6769
41921412,12185
41922512,5413
41923612,0
41924712,12173
42027510,7547
42029112,0
42030312,1002
42031812,4873
42032912,8618
42034012,7832
42035112,5665
42036612,6392
42037712,12172
42038812,10892
42039912,12207
42041512,9611
42042612,0
42043712,5544
42044812,2341
42046312,585
42047412,7322
42048512,0
42049612,3640
42051112,8742
42052212,12200
42053312,12204
42054412,11068
42055912,0
42057012,12152
42058112,7390
42059212,12209
42060312,5408
42061812,3784
42062912,2
42064012,11253
42065112,0
42066612,862
42067712,8615
42068812,7746
42069912,0
42071412,6186
42072512,7752
42073612,27
42074712,12193
42076212,11
42077312,12188
42078412,3390
42079512,12197
42081112,12183
42082212,5880
42083312,12
42084412,12191
42085912,8964
42087012,7994
42088112,11095
42089212,6336
42090312,27
42091812,13
42092912,8306
42094012,2909
42095112,12156
42169611,12156
42171211,9496
42172411,255
42173511,8010
42174611,12182
42176111,12187
42177211,31
42265112,4064
42266712,11568
42267821,4000
42269171,11696
42270312,10629
42271812,42
42272912,12154
42274012,8010
42275112,3410
42276612,9555
42277712,5531
42278812,7456
42279912,7993
42281412,5593
42282512,9744
42283612,2644
42284712,3852
42286212,6633
42287312,6173
42288412,12173
42289512,10662
42291012,9622
42292112,7389
42293212,3258
42294312,460
42295412,8007
42297012,6689
42298112,6
42299212,8382
42300312,6043
42301812,3943
42302912,9628
42304012,5834
42305112,12200
42306612,5568
42307712,12174
42308812,6317
42309912,7105
42311412,12179
42312512,7929
42313612,2
42314712,8264
42316212,1233
42317312,560
42318412,4224
42319512,3854
42321012,12161
42322112,1834
42323212,40
42324312,12176
42325412,5956
42326912,12208
42328012,6810
42329112,5529
42330212,12184
42331712,53
42332812,9095
42333912,645
42335012,3830
42336612,12205
42337712,45
42338812,12201
42339912,6979
42341412,36
42430610,12218
42445112,1884
42522410,8241
42523910,4703
42525110,10
42526610,2916
42527710,4606
42528810,86
42529910,2523
42531511,4917
42532611,7209
42533711,6590
42534811,6771
42536311,6603
42537411,6990
42538511,7156
42539611,7225
42541111,15
42542211,12214
42543311,6728
42544411,4598
42545911,3748
42547011,2451
42548111,6385
42549211,11
42550311,7636
42551811,3268
42552911,5561
42554011,9179
42555111,8735
42556611,145
42557711,6949
42558811,30
42559911,12213
42561411,7246
42562511,8443
42563611,12176
42564711,19
42566211,12208
42567311,6933
42568411,1631
42569511,7814
42571111,31
42572211,11809
42573311,8540
42574411,7768
42575911,7222
42577011,4
42578111,12159
42579211,4240
42580311,2908
42581811,12204
42582911,30
42584011,12207
42585111,24
42586611,31
42587711,5169
42588811,27
42589911,12199
42591411,1853
42592511,9007
42593611,12200
42594711,41
42596211,12204
42684810,5413
42686410,842
42687679,12168
42688810,40
42689910,12184
42691410,5593
42692510,0
42693610,6557
42694710,7018
42696210,12175
42697310,10772
42698410,12173
42699510,4765
42800311,50
42801911,35
42803011,5905
42804111,5861
42805211,11530
42806711,12223
42807811,49
42808911,12220
42810011,2954
42811511,9752
42812611,12137
42813711,21
42814811,981
42816311,2674
42817411,1832
42818511,12153
42819611,1836
42821211,22
42822311,6745
42823411,12202
42824511,4086
42826011,8467
42827111,9036
42828211,6357
42829311,12165
42830411,51
42831911,9368
42833011,12
42834111,10210
42835211,5844
42836711,7
42837811,7508
42838911,889
42840011,11410
42841511,5299
42842611,12210
42843711,3283
42844811,12193
42846311,12176
42847411,3783
42848511,12187
42849611,12164
42851111,12218
42852211,37
42853311,10341
42854411,45
42855911,11
42857011,4291
42858111,3427
42859211,9166
42860311,12160
42949410,5970
42961611,4289
42963111,12222
42964211,0
42965311,12200
42966811,10306
42967911,8638
42969011,6649
42970111,8691
42971611,12173
42972711,0
42973811,10186
42974911,29
42976411,3172
42977511,1276
42978611,2074
42979711,10671
42981211,26
42982311,10778
42983411,2614
42984511,7503
43059012,4780
43060512,12166
43062012,1012
43063268,54
43064412,12154
43065912,3110
43067012,5879
43068112,12208
43069212,8965
43070312,3834
43071812,8758
43072912,54
43074012,723
43075112,6688
43076612,2382
43077712,10379
43078812,1634
43079912,12167
43081412,1843
43082512,7098
43083612,6137
43084712,12179
43086212,8242
43087312,5847
43088412,8998
43089512,7501
43091112,8245
43092212,7138
43093312,1538
43094412,8452
43095912,12198
43097012,2455
43098112,4695
43099212,5408
43100312,3730
43101812,8
43102912,8792
43104012,5139
43105112,4349
43106612,3431
43107712,7253
43108812,2426
43109912,5520
43198416,308
43200016,11986
43201512,4237
43202612,12169
43203712,6480
43204812,7053
43206312,2134
43207412,9451
43208512,2549
43209612,12198
43211212,1753
43212312,8305
43213412,6944
43214512,12214
43216012,1872
43217112,4653
43218212,33
43219312,1987
43220412,0
43221912,12207
43223012,3482
43224112,10706
43225212,6010
43226712,6822
43227812,38
43228912,3989
43230012,12164
43304510,2623
43306010,6094
43307210,36
43308310,6166
43309410,11238
43310910,6648
43312010,9133
43313110,10679
43314210,3796
43315310,12166
43316911,3
43318011,10159
43319111,5238
43320211,12182
43321711,8295
43322811,10406
43323911,8
43325011,2042
43326511,9743
43327611,1405
43328711,12180
43329811,4827
43331311,8372
43332411,8764
43333511,12206
43334611,8981
43336111,12203
43337211,44
43338311,8524
43339411,2522
43340911,1083
43342011,10038
43343111,9838
43344211,48
43345311,8695
43346811,12164
43347911,7307
43437210,8550
43450512,6942
43452012,2899
43453112,6789
43454368,9683
43455512,7774
43457012,6552
43458112,7394
43459212,6250
43460312,7217
43461812,4203
43462912,6712
43464012,9518
43465112,2146
43466612,8476
43467712,8466
43468812,34
43469912,3749
43471412,1958
43472512,2389
43473612,7872
43474712,9591
43476212,9070
43477312,10008
43478412,12174
43479512,10417
43481112,10128
43482212,9836
43483312,3506
43484412,2624
43485912,2550
43487012,2684
43488112,7348
43489212,6733
43490312,7339
43491812,5804
43492912,8386
43494012,6576
43495112,7888
43569011,8822
43570511,12167
43572111,10998
43573211,12188
43574311,7111
43575411,13
43576911,7874
43578011,11236
43579111,7509
43580211,7230
43581711,12178
43582811,53
43583911,12185
43585011,11114
43586511,44
43587611,12164
43588711,10
43589811,12172
43591311,7521
43592411,720
43593511,5581
43594611,3425
43596111,6274
43597211,12201
43598311,9
43688210,42
43689710,12176
43691212,3654
43692412,8857
43693512,7884
43694612,45
43696112,12172
43697212,993
43698312,12212
43699412,2
43701012,0
43702112,12237
43703212,5525
43704312,4138
43705412,7748
43706912,5771
43708012,8088
43709112,11168
43710212,4350
43711712,11144
43712812,48
43713912,4836
43715012,5225
43716512,5746
43717612,12202
43718712,3018
43719812,2710
43721312,12170
43722412,688
43723512,9537
43724612,6214
43726112,588
43727212,10501
43728312,1512
43729412,12175
43731012,7114
43732112,8664
43733212,7815
43734312,8475
43735412,10856
43736912,9932
43738012,7022
43739112,4257
43740212,8883
43741712,6935
43742812,4206
43743912,7302
43745012,14
43842811,38
43844411,48
43845920,11546
43847111,10383
43848311,36
43849411,1409
43851011,5871
43852111,12186
43853211,12201
43854311,3348
43855411,713
43856911,6617
43858011,2272
43859111,3931
43860211,3027
43861711,2509
43950312,10778
43981810,943
43983310,2864
43984510,2943
43986010,2684
43987110,6979
43988210,6710
43989310,4434
43990410,5598
43992011,5660
43993111,7433
43994211,3375
43995311,8026
43996811,11517
43997911,5668
43999011,8422
44000111,5777
44001611,3107
44002711,4039
44003811,3940
44004911,5192
44006411,9171
44007511,7620
44008611,10625
44009711,8000
44011211,4633
44012311,2135
44013411,3261
44014511,4197
44016011,6738
44017111,6222
44018211,12191
44019311,10205
44020411,4800
44021911,6065
44023011,7677
44024111,8136
44025211,8616
44026711,5344
44027811,2178
44028911,3398
44030011,2
44031611,6451
44032711,7252
44033811,9572
44034911,5845
44036411,2431
44037511,3141
44038611,7293
44039711,5824
44041211,7551
44042311,5163
44043411,4601
44044511,6333
44118412,4430
44119912,7461
44121412,9155
44122668,6851
44123812,9780
44124912,7290
44126412,6404
44127512,7028
44128612,5800
44129712,4525
44219612,6919
44221112,8445
44222312,7354
44223412,8429
44224512,5622
44226012,3700
44227112,5440
44228212,2398
44229312,2539
44230412,2965
44232012,5328
44233112,4359
44234212,8138
44235312,6011
44236812,4815
44237912,7477
44239012,7232
44240112,9532
44241612,3534
44242712,9956
44243812,5516
44244912,7082
44246412,6807
44247512,2706
44248612,6328
44249712,3735
44251212,11406
44252312,6698
44253412,2898
44254512,105
44256012,1523
44257112,8027
44258212,6500
44259312,8219
44260412,7945
44261912,5766
44263012,5629
44264112,9428
44265212,8512
44266712,5052
44267812,6514
44268912,6458
44270012,8817
44271612,3966
44272712,7492
44273812,8409
44274912,6002
44276412,5594
44277512,5960
44278612,5720
44279712,5572
44281212,1584
44282312,8861
44283412,4518
44284512,7350
44286012,8185
44287112,7118
44288212,7765
44289312,7038
44290412,3457
44291912,4894
44293012,8640
44294112,9337
44295212,9142
44462212,5657
44478912,1109
44480412,2692
44481912,4244
44483112,5959
44484212,7764
44485312,8724
44486812,8261
44487912,10128
44489012,7807
44490112,5199
44491612,3985
44492712,1702
44493812,7375
44494912,3037
44496512,7469
44497612,4558
44498712,4652
44499812,6441
44501312,6574
44502412,10694
44503512,8144
44504612,7552
44506112,6930
44507212,7084
44508312,7375
44509412,6934
44510912,10013
44512012,8855
44513112,8860
44514212,8392
44515312,2777
44516812,1115
44517912,1285
44519012,2123
44520112,6224
44521612,5935
44522712,5150
44523812,7604
44524912,2369
44526412,4676
44527512,7239
44528612,4522
44529712,5796
44531212,9465
44532312,6141
44533412,4829
44534512,965
44536112,4794
44537212,6703
44538312,11025
44539412,12173
44540912,10739
44542012,7758
44543112,1120
44544212,5479
44545312,6487
44546812,10520
44547912,9876
44549012,6871
44550112,7920
44551612,5996
44552712,6687
44553812,2707
44644212,11373
44645812,10645
44647312,9057
44648412,9269
44649512,5156
44723911,7785
44725511,10281
44727011,7375
44728111,7950
44729211,9497
44730311,10826
44731811,6704
44732911,6817
44734011,2498
44735111,49
44736711,5073
44737811,6057
44738911,7652
44740011,8223
44741511,7260
44742611,8803
44743711,7564
44744811,2762
44746311,8640
44747411,8062
44748511,3159
44749611,6823
44751111,9156
44752211,6039
44753311,5390
44754411,5035
44755911,7238
44757011,6508
44758111,4874
44759211,5593
44760311,9416
44761811,9248
44762911,6175
44764011,5996
44765111,7972
44766611,4140
44767711,3784
44768811,5526
44769911,9863
44771411,7637
44772511,6036
44773611,8866
44774711,8086
44776311,8375
44777411,4587
44778511,2972
44779611,3710
44781111,6255
44782211,8565
44783311,5765
44784411,12178
44785911,6708
44787011,9913
44788111,7923
44789211,4018
44790311,9873
44791811,8168
44792911,7458
44794011,7158
44908112,8099
44909712,6703
44911212,5541
44912312,4730
44913412,2956
44914512,4548
44916112,1279
44917212,3921
44918312,3478
44919412,5722
44920912,3882
44922012,6082
44923112,11201
44924212,6101
44925312,6332
45013019,2527
45014619,7647
45016112,9102
45017212,9540
45018312,9988
45019412,8440
45020912,5935
45022012,37
45023112,32
45024212,4128
45025312,7998
45026812,7924
45027912,8995
45029012,6507
45030112,10884
45031612,3455
45032712,7397
45033812,6097
45034912,7992
45036412,3100
45037512,4601
45038612,3916
45039712,6310
45041212,5911
45042312,4588
45043412,5316
45044512,7151
45046112,4827
45047212,5614
45048312,5801
45049412,5090
45050912,10233
45052012,9899
45053112,11398
45054212,5392
45055312,5622
45056812,5428
45057912,2192
45059012,5596
45060112,5119
45061612,9244
45062712,7801
45063812,4968
45064912,2478
45066412,6208
45067512,2896
45068612,831
45069712,7820
45071212,3000
45159710,5139
45161210,8995
45162310,9649
45163410,11212
45164510,10828
45166012,4523
45167112,3980
45168212,7677
45169312,4452
45170412,5855
45171912,8247
45173012,6025
45174112,6369
45175212,5462
45176712,4049
45177812,9993
45178912,8516
45180012,10727
45181512,7755
45182612,3033
45183712,1576
45184812,1615
45186312,1771
45187412,3973
45188512,7362
45189612,1777
45264912,10966
45266512,2125
45267613,12174
45268712,10904
45269812,10678
45271312,6911
45272412,668
45273512,12166
45274612,326
45276112,12179
45277212,13
45278312,9105
45279412,12175
45280912,9251
45282012,12204
45283112,42
45284212,12210
45285312,6
45286812,12215
45287912,32
45289012,2397
45290112,12177
45291612,1726
45292712,12176
45293812,36
45294912,12166
45296412,36
45297512,12201
45298612,4054
45299712,37
45301212,12197
45302312,35
45303412,12214
45304512,0
45306112,12167
45307212,37
45308312,12200
45309412,7593
45399112,15
45400712,5286
45402212,12205
45403312,12
45404412,12172
45405912,5299
45407012,0
45408112,12170
45409212,1
45410312,12197
45411912,7971
45413012,10167
45414112,12198
45415212,4990
45416712,12201
45417812,6
45418912,12203
45420012,10256
45421512,9992
45422612,8122
45423712,12204
45424812,5402
45434811,1
45436311,12180
45437511,2811
45438611,12204
45439711,4871
45441211,6326
45442311,1574
45443411,8883
45444511,625
45519312,6855
45520912,6684
45522412,8414
45523512,1470
45524612,6167
45526212,2114
45527312,1120
45528412,11
45529512,7741
45531012,34
45532112,12196
45533212,4912
45534312,9631
45535412,4872
45536912,12204
45538012,7574
45539112,10696
45540212,9001
45541712,8357
45542812,3035
45543912,8736
45545012,8329
45546512,10035
45547612,2924
45548712,4010
45549812,966
45551312,8069
45552412,9546
45553512,2593
45554612,12215
45556212,8671
45557312,3925
45558412,10641
45647821,4764
45649421,58
45651021,23
45652212,12184
45653312,3558
45654412,12202
45655912,10908
45657012,1088
45658112,12191
45659212,1238
45660312,12181
45661812,3634
45662912,12211
45664012,8374
45665112,12193
45666612,5909
45667712,23
45668812,12222
45669912,0
45671412,4586
45672512,11526
45673612,7514
45674712,3620
45676312,5153
45677412,10465
45678512,25
45679612,12207
45681112,8940
45682212,10542
45683312,8085
45684412,5823
45685912,12197
45687012,9125
45688112,12162
45689212,8074
45690312,5062
45691812,9260
45692912,0
45694012,5737
45695112,7
45769311,7528
45770911,4837
45772411,3646
45773511,12213
45774611,567
45776211,12207
45777311,12173
45778411,5896
45779511,7484
45781011,502
45782111,9486
45783211,22
45784311,1836
45785411,3458
45786911,7711
45788011,5936
45789111,3510
45790211,5841
45791711,4874
45792811,7424
45793911,6024
45795011,10063
45796511,6478
45797611,3374
45910910,6629
45912510,6849
45913610,4661
45914710,9873
45916312,8601
45917412,6574
45918512,10089
45919612,10823
45921112,7461
45922212,8036
45923312,8274
45924412,4684
45941511,6075
45943011,9630
45944111,12214
45945211,8982
45946811,6717
45947911,7156
45949011,1904
45950111,6217
45951611,4674
45952711,8731
45953811,5897
45954911,11062
45956411,8124
45957511,256
45958611,2754
45959711,3139
45961211,2645
45962311,13
45963411,4084
45964511,5461
45966011,5822
45967111,7747
45968211,5750
45969311,6318
45970411,9941
45971911,4694
45973011,8352
45974111,7612
45975211,6880
45976811,6586
45977911,9178
45979011,7831
45980111,5502
46055110,4410
46056610,5730
46057710,2662
46058810,2273
46059910,6356
46061412,7045
46062512,6848
46063612,12159
46064712,12133
46066212,10599
46067312,7717
46068412,7323
46069512,2285
46071012,2105
46072112,1560
46073212,6913
46074312,9052
46075412,9158
46076912,12201
46166710,4040
46168212,657
46169312,5156
46170412,5311
46171912,9502
46173012,12164
46174112,6821
46175212,4983
46176712,5372
46177812,3801
46178912,2699
46180012,5076
46181512,8961
46182612,7449
46183712,6751
46184812,5499
46186312,8729
46187412,6649
46188512,6845
46189612,6570
46191112,2113
46192212,1748
46193312,1204
46194412,966
46196012,6448
46197112,2178
46198212,4788
46199312,9674
46200412,5783
46201912,5593
46203012,8238
46204112,7418
46205212,4786
46206712,5510
46207812,11249
46208912,11419
46210012,11491
46211512,8454
46212612,11373
46213712,2905
46214812,2247
46216312,2587
46217412,1703
46218512,357
46219612,3700
46221112,10412
46222212,6856
46223312,7532
46224412,8990
46225912,1681
46227012,6041
46228112,5566
46229212,8535
46230312,4920
46231812,9400
46232912,12168
46234012,12202
46235112,7227
46309512,12197
46311012,6482
46312112,8021
46313212,7214
46314412,4177
46315912,11301
46405910,7130
46407512,10712
46408616,8925
46409712,12201
46411212,9035
46412312,4192
46413412,1618
46414512,6310
46416012,5570
46417112,4266
46418212,2023
46419312,6172
46420412,4962
46421912,3958
46423012,9921
46424112,4597
46425212,6181
46438512,9030
46440012,9253
46441512,3
46442712,2524
46443812,6423
46444912,8189
46446412,8159
46447512,8875
46448612,10366
46449712,8769
46451212,6858
46452312,7000
46453412,8884
46454512,6050
46456112,11195
46457212,9146
46458312,9077
46459412,6287
46460912,2941
46462012,3056
46463112,8509
46464212,593
46465312,1906
46466812,6925
46467912,5308
46469012,2457
46470112,2754
46471612,6021
46472712,5986
46473812,1392
46474912,3147
46476412,9321
46477512,4852
46478612,4657
46479712,4258
46481212,3041
46482312,2081
46483412,10363
46484512,3577
46486012,0
46487112,3470
46488212,6945
46489312,7539
46490412,6088
46491912,7000
46493012,1271
46494112,3337
46583811,296
46661512,3190
46663112,10194
46664216,12169
46665312,11073
46666812,6580
46667912,12192
46669012,8574
46670112,9513
46671612,2807
46672712,5202
46673812,6512
46674912,4412
46676412,7094
46677512,4433
46678612,4272
46679712,2807
46681212,6024
46682312,2273
46683412,2726
46684512,5012
46686012,4024
46687112,7265
46688212,7308
46689312,11457
46690412,11741
46691912,11286
46693012,7349
46694112,5023
46695212,4978
46696712,4670
46697812,6894
46698912,8398
46700012,12191
46701612,4128
46702712,3786
46703812,1231
46704912,4
46706412,474
46707512,18
46708612,3447
46709712,2831
46711212,6639
46712312,8635
46713412,7984
46714512,9660
46716012,8301
46717112,8759
46718212,6345
46719312,11158
46720412,9103
46721912,7477
46723012,9281
46724112,12170
46725212,7228
46726712,3120
46727812,2897
46728912,5055
46730012,3968
46731512,4896
46732612,6031
46733712,5084
46734812,4996
46736312,5895
46826112,3430
46827612,4911
46828712,3443
46829812,6731
46831312,5916
46832412,10237
46833512,10065
46834612,9232
46836112,5980
46837212,9063
46838312,6885
46839412,6043
46937711,7
46954910,5822
46956410,7016
46957510,9355
46958610,9756
46959710,9401
46961312,8108
46962412,6841
46963512,1351
46964612,4301
46966112,7227
46967212,7310
46968312,6306
46969412,3720
46970912,5054
46972012,4715
46973112,2973
46974212,4576
46975312,6648
46976812,8348
46977912,9531
46979012,7082
46980112,7808
46981612,1180
46982712,9100
46983812,8435
46984912,4601
46986412,7303
46987512,10020
46988612,11397
46989712,7119
46991312,7
46992412,6039
46993512,3784
46994612,2027
46996112,24
46997212,2411
46998312,4455
46999412,9575
47000912,5416
47002012,8972
47003112,10332
47004212,5677
47005312,1368
47006812,2808
47007912,7833
47009012,7217
47010112,4678
47011612,10087
47012712,5358
47013812,7862
47014912,6335
47103710,9007
47105310,12188
47106911,6918
47108011,3380
47109111,9142
47110211,10797
47111711,6413
47112811,8884
47113911,4653
47115011,3136
47116511,3393
47117611,0
47118711,1977
47119811,10084
47121311,12197
47122411,7942
47123511,3958
47124611,8454
47198512,4573
47200012,7338
47201512,5939
47202712,7039
47203812,5663
47204912,5680
47206412,4122
47207512,8842
47208612,7260
47209712,5725
47211312,6021
47212412,5258
47213512,5319
47214612,6181
47216112,5018
47217212,7876
47218312,7723
47219412,3869
47220912,5957
47222012,7463
47223112,5025
47224212,8531
47225312,7142
47226812,4949
47227912,4231
47229012,7549
47230112,10111
47231612,8593
47232712,8622
47233812,7350
47234912,4704
47236412,7273
47237512,2726
47238612,41
47239712,9488
47241312,5231
47242412,11235
47243512,5788
47244612,6302
47246112,4258
47247212,5532
47248312,9283
47249412,4714
47250912,8140
47252012,5006
47253112,12211
47342910,6318
47344512,6497
47346012,5453
47347112,8996
47348212,5873
47349312,3141
47350412,6332
47351912,4137
47353012,8584
47354112,6845
47355212,10489
47356712,5073
47357812,7899
47358912,4418
47360012,6370
47361512,5495
47362612,3127
47363712,4274
47364812,6507
47366312,6065
47367412,4347
47368512,2962
47369612,7509
47371212,5186
47372312,4448
47373412,6876
47374512,9621
47448911,7545
47462512,8980
47464012,6135
47465112,8225
47466612,4526
47467712,6639
47468812,3374
47469912,6904
47471512,4261
47472612,7211
47473712,258
47474812,5341
47476312,10397
47477412,8624
47478512,7430
47479612,6788
47481112,5044
47482212,2373
47483312,4888
47484412,6002
47485912,8794
47487012,8305
47488112,7430
47489212,6291
47490312,4568
47491812,7103
47492912,4486
47494012,7054
47495112,2499
47496612,3860
47497712,6031
47498812,5501
47499912,934
47501412,10373
47502512,8931
47503612,8567
47504712,5572
47594512,2290
47596112,5532
47597312,2607
47598412,7191
47599512,1503
47601112,6094
47602212,6169
47603312,4330
47604412,2686
47605912,2456
47607012,3255
47608112,5455
47609212,7469
47610312,10225
47611812,8910
47612912,10235
47614012,9753
47615112,6027
47616612,5714
47617712,872
47618812,4228
47619912,5163
47621412,7878
47622512,3966
47623612,6835
47624712,6959
47626212,4453
47627312,5515
47628412,7029
47629512,8920
47631112,7159
47632212,10273
47633312,7636
47634412,7773
47708312,6706
47709812,9093
47711312,8281
47712512,7512
47713612,4791
47714712,4951
47716212,2744
47717312,2476
47718412,7030
47719512,9450
47721012,10072
47722112,6863
47723212,9764
47724312,6796
47725412,7104
47727012,8550
47728112,7194
47729212,6368
47730312,8166
47731812,6082
47732912,8446
47734012,6618
47735112,5188
47736612,5583
47737712,6554
47738812,5752
47739912,5839
47741412,2120
47742512,6632
47743612,3217
47833312,6932
47834912,6078
47836412,3797
47837512,4777
47838612,3023
47839712,7804
47841212,6141
47842312,6478
47843412,6886
47844512,5304
47846012,7164
47847112,5285
47848212,6566
47849312,7065
47850412,5604
47851912,6347
47853012,8852
47854112,8152
47855212,8390
47856712,7032
47857812,7500
47858912,6131
47860012,1321
47861512,5054
47862612,5353
47863712,6071
47864812,9560
47866312,4086
47867412,6296
47868512,3436
47869612,15
47871212,5771
47872312,3578
47873412,6680
47874512,7674
47876012,8419
47877112,8630
47878212,9416
47879312,8590
47880412,5301
47881912,6087
47883012,10643
47884112,3384
47885212,4723
47983412,4468
48007720,7432
48009211,7728
48010311,6863
48011811,7223
48012911,7511
48014011,6013
48015111,5119
48016711,3578
48017811,7419
48018911,6477
48020011,6781
48021511,7871
48022611,8662
48023711,8250
48024811,3653
48026311,2114
48027411,2831
48028511,2736
48029611,5008
48119519,5820
48121121,9183
48122312,7558
48123512,7275
48124612,4818
48126112,1847
48127212,3979
48128312,8663
48129412,6993
48130912,7915
48132012,10957
48133112,9486
48134212,6034
48135312,1820
48136812,2254
48137912,4173
48139012,4976
48140112,7563
48141612,7717
48142712,10080
48143812,9885
48144912,8404
48146412,5452
48147512,4769
48148612,3021
48149712,5382
48151212,2659
48152312,4758
48153412,7328
48154512,3903
48156012,4398
48157112,5579
48158212,5953
48159312,5071
48160412,6992
48162012,7839
48163112,8174
48164212,6938
48165312,7703
48166812,11717
48167912,7893
48169012,5283
48170112,4077
48171612,6559
48172712,4954
48173812,5541
48174912,2749
48176412,6630
48177512,4609
48178612,5846
48179712,7306
48253512,5488
48255012,10999
48256512,7986
48257712,11326
48258812,6942
48259912,7283
48261412,12212
48262512,4936
48263612,6251
48264712,5346
48266212,3129
48267312,1105
48268412,1979
48357412,9209
48358912,3128
48360012,10321
48361512,7799
48362612,10646
48363712,8564
48364812,7220
48366312,1937
48367412,4055
48368512,3057
48369612,2554
48371112,2351
48372212,5310
48373312,5986
48374412,6054
48375912,7667
48377012,9989
48378112,8107
48379212,7212
48380312,7234
48381812,6680
48382912,9690
48384012,3806
48385112,7344
48386712,3435
48387812,9312
48388912,6287
48390012,2036
48391512,4723
48392612,7
48393712,5690
48394812,5189
48396312,6924
48397412,6284
48398512,6120
48399612,7943
48401112,6070
48402212,6832
48403312,8555
48404412,8698
48405912,4098
48407012,3880
48408112,5968
48409212,7961
48410312,4982
48411812,5033
48412912,7587
48414012,3389
48415112,8520
48416612,6467
48417712,5818
48418812,5787
48419912,5672
48421412,6574
48422512,4649
48423612,3718
48424712,6102
48434611,8947
48511410,6420
48512910,4561
48514010,2789
48515110,5138
48516712,1365
48517812,1017
48607112,4580
48608612,4473
48609712,7152
48611212,6010
48612312,5295
48613412,10684
48614512,7234
48616012,3885
48617112,6170
48618212,8378
48619312,9909
48620412,8068
48621912,3055
48623012,4417
48624112,2964
48625212,2913
48626812,5228
48627912,5322
48629012,6718
48630112,8415
48631612,7736
48632712,7759
48633812,5157
48634912,3432
48636412,6251
48637512,3449
48638612,8353
48639712,5187
48641212,1105
48642312,5743
48643412,8698
48644512,10518
48646012,6690
48647112,7057
48648212,5011
48649312,6574
48650412,7492
48651912,8536
48653012,7298
48654112,7944
48655212,5148
48656712,2838
48657812,3650
48658912,769
48660012,1602
48661512,6606
48662612,7566
48663712,10311
48664812,7649
48666412,10139
48667512,6946
48668612,7426
48669712,8374
48671212,7620
48672312,8099
48673412,6923
48674512,2794
48676012,3930
48677112,5146
48678212,4555
48679312,4764
48680412,8236
48681912,10506
48683012,7152
48773011,7337
48774611,4414
48849410,7132
48850910,11725
48852010,12190
48853110,9921
48854210,8047
48855310,10422
48856912,7541
48858012,219
48859112,4986
48860212,8632
48861712,9570
48862812,7135
48863912,7883
48865012,6587
48866512,5587
48867612,3365
48868712,6526
48869812,6683
48871312,4519
48872412,10447
48873512,9560
48874612,8328
48876112,1568
48877212,2356
48878312,4819
48879412,9782
48880912,3802
48882012,7305
48883112,4675
48884212,9151
48885312,12208
48886812,11795
48887912,6396
48889012,7619
48890112,8211
48891612,2128
48892712,7253
48893812,3109
48894912,825
48896512,906
48897612,2745
48898712,5061
48899812,6331
48901312,5974
48902412,4901
48903512,4564
48904612,5892
48906112,12178
48907212,8830
48908312,12196
48909412,8922
48910912,7364
48912012,3974
48913112,4393
48914212,3685
48915312,1443
48916812,7238
48917912,5184
48919012,8924
48920112,9361
48921612,7975
48922712,5265
49036710,1608
49052412,10150
49054012,6020
49055112,5794
49056612,612
49057712,41
49058812,3494
49059912,1861
49061412,2384
49062512,7893
49063612,5777
49064712,6409
49138611,5929
49140111,12189
49141611,7286
49142911,7441
49144011,9108
49145111,8040
49146611,10476
49147711,3568
49148811,7463
49149911,6267
49151411,8965
49152511,6226
49153611,6753
49154711,7007
49156211,7768
49157311,3468
49158411,3678
49159511,4334
49161011,4588
49162111,4668
49163211,3937
49164311,5982
49165411,5949
49166911,3902
49168011,4168
49169111,6934
49170211,9747
49171811,5480
49172911,10009
49174011,7908
49175111,12202
49176611,11595
49177711,6708
49178811,5537
49179911,6567
49181411,2652
49182511,4336
49183611,4541
49184711,2505
49186211,2261
49187311,2668
49188411,4432
49189511,8456
49191011,7417
49192111,12120
49193211,11013
49194311,10278
49195411,9606
49196911,8212
49198011,9808
49199111,7219
49200211,5058
49290512,7125
49292112,5578
49293312,7847
49294412,7470
49295912,4241
49297012,8227
49298112,4494
49299212,8303
49300312,7045
49301812,9398
49302912,7920
49304012,10836
49305112,4534
49306612,6184
49307712,3363
49308812,951
49309912,6635
49311412,8309
49312512,10832
49313612,6983
49314712,5849
49389511,6746
49391011,4801
49392211,8472
49393311,5744
49394411,8321
49395911,8482
49397011,4843
49398111,3973
49399211,1514
49400311,1713
49401911,2167
49403011,4190
49404111,7349
49405211,9234
49406711,7397
49407811,8337
49408911,10368
49410011,12174
49411511,6864
49412611,6540
49413711,4514
49414811,3270
49416311,2879
49417411,754
49418511,5905
49419611,6032
49421111,7109
49422211,6629
49423311,5495
49424411,8244
49434112,1971
49435612,3560
49437112,7943
49438312,1924
49439412,3131
49440912,4262
49442012,6014
49443112,5168
49444212,5441
49445312,7913
49446912,7321
49448012,1704
49449112,5585
49538910,7119
49540512,6276
49542012,4096
49543112,412
49544212,8
49545312,3614
49546812,5327
49547912,4845
49549012,8722
49550112,6370
49551612,4503
49552712,7812
49553812,8207
49554912,10626
49556412,5580
49557512,6333
49558612,5367
49559712,5691
49561212,1737
49562312,4443
49563412,6046
49564512,6988
49566112,5314
49567212,3887
49568312,4322
49569412,3125
49643811,5226
49645411,8902
49646911,8835
49648011,7666
49649111,7231
49650211,3963
49651711,5508
49652811,3883
49653911,9294
49655011,11412
49656511,4886
49657611,8357
49658711,7772
49659811,8181
49661311,4408
49662411,4322
49663511,6505
49664611,6363
49666111,5888
49667211,6021
49668311,3285
49669411,7595
49670911,9068
49672011,6204
49673111,9187
49674211,5113
49675311,5764
49676811,7599
49677911,7109
49679011,4321
49680111,5707
49681711,9495
49682811,9018
49683911,6933
49685011,5862
49686511,0
49687611,1829
49688711,2151
49777710,2823
49779210,4082
49780310,6043
49781912,4699
49783012,10302
49784112,7169
49785212,8268
49786712,6939
49787812,5161
49788912,8875
49790012,4548
49791512,2441
49792612,8751
49793712,9885
49794812,3338
49796312,5
49797412,8992
49798512,12191
49799612,11475
49801112,4508
49802212,5660
49803312,4601
49804412,10615
49805912,1620
49807012,5929
49808112,6502
49809212,3270
49810312,2231
49811812,602
49812912,4483
49814012,7643
49815112,7243
49816612,5242
49817712,10715
49818812,10441
49819912,8175
49894312,9142
49895812,8821
49897312,6528
49898512,8889
49899612,5116
49901112,3318
49902212,1370
49903312,3718
49904412,1438
49905912,1383
49907012,3647
49908112,3521
49909212,4162
49910312,10599
49911912,7717
49913012,10549
49914112,11186
49915212,10346
49916712,6654
49917812,8660
49918912,3744
49920012,10553
49921512,6163
49922612,2245
49923712,3751
49924812,5495
49941812,6587
49943312,5497
50058712,9419
50060312,5883
50061912,2927
50063012,1960
50064212,5
50065312,2178
50066812,5838
50067912,2552
50069012,7432
50070112,10830
50071612,5314
50072712,7474
50073812,9295
50074912,6015
50076412,9918
50077512,3366
50078612,11742
50079712,8162
50081212,9633
50082312,5855
50083412,6829
50084512,5222
50086112,5688
50087212,5778
50088312,5718
50089412,9472
50090912,567
50092012,9293
50093112,7039
50094212,9789
50095312,10454
50096812,3908
50097912,5470
50099012,1975
50100112,6408
50101612,6467
50102712,4666
50103812,4475
50104912,8142
50179111,2864
50180711,9330
50182211,10209
50183311,11052
50184411,2091
50186011,6042
50187111,3279
50188211,6757
50189311,572
50190411,3234
50191911,5904
50193011,1754
50194111,3927
50195211,7
50196711,9359
50197811,11058
50198911,9138
50200011,8904
50201511,12183
50202611,12188
50203711,8032
50204811,11194
50206311,4742
50207411,6928
50208511,1206
50298110,3220
50299712,10160
50301212,9380
50302312,10220
50303412,8178
50304512,22
50306012,12171
50307112,6283
50308212,3668
50309312,8995
50310412,840
50311912,8102
50313012,9174
50314112,7995
50315212,3354
50316712,0
50317812,0
50318912,10572
50320012,10056
50321512,10724
50322612,8429
50323712,1049
50324812,2727
50326312,7578
50327412,6324
50328512,7108
50329612,4310
50331112,7374
50332212,4433
50333312,5854
50334412,3997
50336012,1745
50337112,42
50338212,2623
50339312,6479
50340412,6209
50341912,9188
50343012,6628
50344112,6448
50345212,7770
50346712,10634
50347812,12213
50348912,5718
50350012,3661
50351512,845
50352612,7871
50353712,7841
50354812,5501
50429310,2241
50442669,12162
50444210,6899
50445310,6534
50446810,6632
50447910,10814
50449010,8758
50450110,5305
50451612,11147
50452712,4524
50453812,4794
50454912,4787
50456412,10032
50457512,3450
50458612,4600
50459712,1322
50549612,959
50551112,2878
50552312,5020
50553412,3385
50554512,4020
50556112,4735
50557212,4772
50558312,4432
50559412,7188
50560912,6990
50562012,8556
50563112,9578
50564212,10601
50565312,6834
50566812,4003
50567912,2934
50569012,4997
50570112,2997
50571612,5916
50572712,5701
50573812,3004
50574912,5736
50576412,6763
50577512,8374
50578612,11582
50579712,6996
50581212,7302
50582312,4633
50583412,3788
50584512,10333
50586112,11923
50587212,8262
50588312,7369
50589412,6512
50590912,8172
50592012,7958
50593112,8751
50594212,4035
50595312,5873
50596812,5161
50597912,4967
50599012,219
50600112,3764
50601612,11084
50602712,4967
50603812,7072
50604912,3027
50606412,5807
50607512,4554
50608612,5665
50609712,7062
50611212,8275
50612312,3257
50613412,7128
50614512,5360
50689111,5117
50690711,8792
50692211,11771
50693311,5657
50694411,1331
50695911,4036
50697011,35
50698111,4921
50699211,1016
50788910,1052
50790410,5098
50792012,4393
50793112,7106
50794212,6551
50795312,2041
50796812,4753
50797912,8916
50799012,9058
50800112,9183
50801612,6395
50802712,7953
50803812,9625
50804912,3267
50806412,1309
50807512,5194
50808612,4398
50809712,8066
50811212,3226
50812312,8484
50813412,3329
50814512,39
50816012,1271
50817112,8335
50818212,4752
50819312,10593
50820412,6764
50821912,2435
50823012,4479
50824112,4362
50825212,4518
50826712,5554
50827812,8320
50828912,9123
50830012,9606
50831612,7415
50832712,7438
50833812,6238
50834912,7137
50836412,9304
50837512,9124
50838612,5333
50839712,3640
50841212,1539
50842312,3583
50843412,6400
50844512,5838
50846012,4723
50847112,7882
50848212,6571
50849312,8566
50850412,6530
50851912,9033
50853012,11046
50854112,9528
50855212,8732
50856712,4049
50857812,1266
50858912,5574
50860012,4282
50861512,3138
50862612,3118
50863712,9298
50864812,7722
51030410,6610
51068171,9823
51069712,8824
51071211,9464
51072411,6005
51073511,8751
51074611,7604
51076211,5734
51077311,6250
51078411,7581
51079511,7117
51081011,5013
51082111,8506
51083211,2827
51084311,5595
51085411,5994
51086911,3790
51088011,6184
51089111,7939
51090211,12212
51091711,11527
51092811,7804
51093911,7324
51095011,52
51096511,7760
51097611,6982
51098711,4087
51099811,7652
51101311,1501
51102411,4965
51103511,6824
51104611,3588
51106111,1950
51107211,5569
51108311,2493
51109411,10440
51110911,798
51112011,2459
51113111,7299
51114211,5951
51115311,3919
51116911,9311
51118011,7394
51119111,5394
51120211,8449
51121711,4333
51122811,7884
51123911,7345
51125011,7322
51126511,12189
51127611,3450
51128711,2725
51129811,3042
51131311,3172
51132411,7371
51133511,6221
51134611,9981
51136111,7164
51137211,3728
51138311,4516
51139411,6823
51140911,8146
51142011,12198
51143111,12189
51231710,5798
51233210,9154
51234310,8017
51235410,6126
51237012,7216
51238112,2721
51239212,6794
51240312,6498
51314511,5566
51316111,3888
51317311,4479
51318411,3366
51319511,5347
51321011,9479
51322111,9050
51323211,9983
51324311,9142
51325411,9680
51327011,4861
51328111,2294
51329211,7373
51330311,4071
51331811,6735
51332911,7345
51334011,9892
51335111,8358
51336611,5423
51337711,4422
51338811,5617
51339911,5732
51341411,2296
51342511,3266
51343611,1820
51344711,3258
51346211,3389
51347311,3869
51348411,7365
51349511,6750
51351011,10738
51352111,9594
51353211,6427
51354311,4942
51355411,8148
51357011,7525
51358111,6287
51359211,8904
51360311,8231
51361811,6549
51362911,4425
51364011,5722
51365111,4954
51366611,2784
51367711,8972
51368811,6497
51369911,3412
51371411,7776
51372511,8394
51373611,2078
51374711,4566
51376211,8434
51377311,6249
51378411,8097
51379511,10040
51381011,7798
51469710,7033
51490410,4180
51491910,4947
51493010,5186
51494110,8277
51495210,8346
51496712,6132
51497812,9508
51498912,7134
51500012,6678
51501512,8883
51502612,9715
51503712,9508
51504812,8116
51506312,3997
51507412,4571
51508512,5256
51509612,2819
51583012,7424
51584512,5973
51586012,5703
51587212,6364
51588312,5664
51589412,6215
51590912,6246
51592012,4195
51593112,4580
51594212,6431
51595312,10426
51596812,8865
51597912,7411
51599012,9145
51600112,7858
51601712,5414
51602812,6125
51603912,5566
51605012,4704
51606512,3956
51607612,4732
51608712,5072
51609812,7736
51611312,11954
51612412,12031
51613512,10864
51614612,8827
51616112,5301
51617212,5387
51618312,5028
51619412,5885
51620912,6620
51622012,7989
51623112,6162
51624212,2732
51625312,5875
51626812,1505
51627912,6002
51629012,9854
51630112,7264
51631612,6588
51632712,5711
51633812,4078
51634912,7468
51636412,3417
51637512,6283
51727412,4943
51728912,3848
51730012,6699
51731612,2217
51732712,3216
51733812,9981
51734912,2729
51736412,6998
51737512,3852
51738612,7252
51739712,9115
51741212,5905
51742312,6536
51743412,8248
51744512,6144
51746012,9135
51747112,9835
51748212,6945
51749312,9354
51750412,4836
51751912,6813
51753012,5959
51754112,7044
51755212,10310
51756712,8396
51757812,10039
51758912,9459
51760012,8500
51834012,7157
51835612,6500
51837112,8267
51838212,6248
51839312,5897
51840412,10321
51841912,7446
51843012,7312
51844112,4912
51845212,6834
51846712,5694
51847812,8034
51848912,8132
51850012,9164
51851512,6315
51852612,2646
51853712,7664
51854812,6618
51856312,1991
51857412,6689
51858512,5942
51859612,12077
51861112,6579
51862212,6289
51863312,8062
51864412,10807
51866012,12159
51867112,8520
51868212,8106
51869312,18
51870412,11
51871912,2
51873012,4308
51874112,8186
51875212,4394
51876712,12171
51966410,2036
51979821,6022
51981312,5378
51982412,5831
51983612,4504
51984712,5426
51986312,2708
51987412,7873
51988512,6212
51989612,11321
51991112,5245
51992212,8455
51993312,10920
51994412,6562
51995912,8177
51997012,8840
51998112,8289
51999212,4421
52000312,6335
52001812,10106
52002912,9812
52004012,11509
52005112,7487
52006612,5275
52007712,1847
52008812,6570
52009912,5585
52011412,6351
52012512,4705
52013612,6840
52014712,1522
52016212,2707
52017312,6172
52018412,7318
52019512,3443
52118410,4745
52120010,7423
52121521,6241
52122712,7617
52123912,10078
52125012,3437
52126512,5499
52127612,2078
52128712,6837
52129812,5365
52131412,4939
52132512,4873
52133612,3320
52134712,7073
52136212,2797
52137312,1907
52138412,4927
52139512,3201
52141012,4049
52142112,782
52143212,5925
52144312,7136
52145412,8261
52146912,9256
52148012,6627
52149112,12212
52150212,11335
52151712,9764
52152812,8407
52243112,11990
52244612,8261
52246112,6317
52247312,4452
52248412,1869
52249512,2514
52251012,2148
52252112,6370
52253212,0
52254312,4309
52255412,5855
52257012,7101
52258112,11094
52259212,8927
52260312,9472
52261812,4960
52262912,3694
52264012,4610
52265112,4098
52266612,5930
52267712,3000
52268812,6591
52269912,24
52271412,8482
52272512,8068
52273612,9003
52274712,7426
52276212,6494
52277312,7709
52278412,8626
52279512,5775
52281012,932
52282112,82
52283212,8468
52284312,2185
52285412,5503
52287012,5751
52288112,6899
52289212,7342
52290312,8868
52291812,7516
52292912,6516
52294012,9395
52295112,5821
52369610,9873
52371210,6499
52372410,5962
52373510,6675
52374610,5702
52376112,1351
52377212,4984
52378312,3824
52379412,1988
52380912,7330
52382012,7331
52383112,3530
52384212,11808
52385312,8108
52386812,9509
52387912,7785
52389012,12176
52390112,7948
52391712,4507
52392812,4866
52482210,5562
52495621,4061
52497112,2420
52498212,6529
52499412,5518
52501012,6832
52502112,3110
52503212,3623
52504312,1043
52505412,3581
52506912,1149
52508012,8504
52509112,8353
52510212,7117
52511712,8208
52512812,11352
52513912,11065
52515012,7805
52516512,7279
52517612,8135
52518712,2870
52519812,13
52521312,5821
52522412,7110
52523512,3695
52524612,7234
52526112,9442
52527212,9307
52528312,8244
52529412,11712
52530912,12215
52532012,6644
52533112,3645
52534212,5410
52535312,3618
52536812,963
52537912,8162
52539012,6696
52540112,6013
52541712,4002
52542812,2405
52543912,9373
52545012,5869
52546512,9820
52547612,8081
52548712,7022
52549812,3169
52551312,5364
52552412,5992
52553512,8684
52554612,1609
52556112,3492
52557212,2016
52558312,4040
52559412,4311
52634011,8888
52635511,6344
52637111,7395
52638211,4644
52639311,6456
52640411,3401
52641911,2022
52643011,7606
52644111,5757
52733610,2998
52735112,4921
52736612,2755
52737812,3216
52738912,2233
52740012,3035
52741512,5825
52742612,4758
52743712,7656
52744812,3446
52746412,9525
52747512,9928
52748612,5164
52749712,6271
52751212,1491
52752312,6361
52753412,7303
52754512,2775
52756012,5293
52757112,2019
52758212,6466
52759312,6248
52760412,7523
52761912,8663
52763012,7123
52764112,7414
52765212,12186
52766712,9104
52767812,7126
52768912,3275
52770012,2192
52771512,7413
52772612,6232
52773712,6172
52774812,1644
52776312,5453
52777412,7628
52778512,12211
52779612,10150
52781112,8791
52782212,3985
52783312,8500
52784412,5225
52786012,4095
52787112,1572
52788212,1073
52789312,4394
52790412,6200
52791912,2779
52793012,3953
52794112,4798
52795212,0
52796712,6022
52797812,10873
52798912,8461
52800012,12136
52801512,9548
52802612,8587
52803712,12215
52804812,7402
52806312,4172
52807412,6282
52808512,1977
52809612,5931
52977512,9714
52989811,5531
52991314,7626
52992411,2624
52993511,11477
52994611,6425
52996211,6943
52997311,7747
52998411,2902
52999511,5146
53001011,4947
53002111,21
53003211,3412
53004311,4806
53005411,7053
53006911,10786
53008011,7568
53009111,6771
53010211,6792
53011711,7114
53012811,7829
53013911,12165
53015011,7875
53016511,7603
53017611,3900
53018711,7280
53019811,4717
53021311,5117
53022411,3449
53023511,2755
53024611,1530
53026211,3539
53027311,5389
53028411,2511
53029511,6986
53031011,10385
53032111,5632
53033211,8220
53034311,12207
53035411,12222
53036911,11254
53038011,3489
53039111,3330
53040211,2827
53041711,4488
53042811,4240
53043911,7505
53045011,6293
53046511,8130
53047611,5429
53048711,4009
53049811,8111
53051311,7513
53052411,10050
53053511,12199
53054611,8840
53056111,7466
53057211,5764
53058311,2396
53059411,4345
53060911,4090
53062011,3333
53063111,6500
53064211,2961
53178610,12212
53180212,5731
53181712,3742
53182912,4738
53184012,1951
53185112,3411
53186612,1278
53187712,4929
53188812,5527
53189912,7466
53264511,9297
53266111,9041
53267311,12185
53268411,12177
53269511,9584
53271011,4943
53272111,1396
53273211,3033
53274311,3966
53275411,2812
53276911,2549
53278011,3923
53279111,5667
53280211,8219
53281711,6774
53282811,8724
53283911,9285
53285011,6745
53286511,7153
53287611,7541
53288711,7190
53289811,2672
53291311,4948
53292411,2934
53293511,6510
53294611,5561
53296111,7341
53297211,8087
53298311,6871
53299411,11609
53300911,8128
53302011,11957
53303111,6796
53304211,8614
53305311,2084
53306911,3240
53308011,6213
53309111,4262
53310211,2631
53311711,6563
53312811,6075
53313911,5185
53315011,3683
53316511,5600
53317611,6975
53318711,9342
53319811,10478
53321311,7566
53322411,7018
53323511,6948
53324611,8006
53326111,5730
53327211,3517
53328311,4414
53418412,1222
53420012,4069
53421512,7455
53422612,5216
53423712,10098
53424812,3966
53438112,7041
53439612,3923
53441112,3540
53442312,9388
53443412,9074
53444512,8702
53446012,7302
53447112,6162
53448212,12168
53449312,8516
53450412,9151
53524611,3393
53526211,49
53527411,5741
53528511,3061
53529611,4425
53531111,3827
53532211,2551
53533311,6865
53534411,6958
53535911,9374
53537011,9351
53538111,6407
53539211,12169
53540311,10903
53541811,6813
53542911,4660
53544011,2133
53545111,24
53546611,2818
53547711,0
53548811,4222
53549911,4971
53551511,9061
53552611,6429
53553711,11111
53554811,8411
53556311,12208
53557411,5622
53558511,5139
53559611,0
53561111,3097
53562211,1963
53563311,7991
53564411,50
53565911,3364
53567011,7799
53568111,5942
53569211,9792
53570311,5623
53571811,8962
53572911,7564
53574011,12187
53575111,11313
53576611,8244
53577711,2258
53578811,3558
53579911,2672
53669510,2133
53671269,31
53672410,33
53673610,2281
53674710,39
53676210,5431
53677310,4853
53678410,5118
53679510,9352
53681010,6775
53682110,12187
53683210,12195
53684310,7510
53685410,6833
53687012,4409
53688112,5896
53689212,2624
53690312,123
53691812,3383
53692912,21
53694012,1286
53695112,1182
53696612,12203
53697712,3271
53698812,4372
53699912,4847
53701412,6962
53702512,3620
53703612,6223
53704712,4599
53778911,3970
53780511,4997
53782011,7740
53783111,12173
53784211,6881
53785311,9300
53786911,10772
53788011,10403
53789111,9797
53790211,4776
53791711,4781
53792811,7522
53793911,23
53795011,3440
53796511,2083
53797611,2396
53798711,4405
53799811,48
53801311,3333
53802411,9982
53803511,4976
53804611,8792
53806111,4973
53807211,9380
53808311,12171
53809411,12222
53810911,9866
53812011,7194
53813111,3351
53814211,2013
53815311,4845
53816911,3751
53818011,3993
53819111,6169
53908210,1920
53909810,2157
53911312,2852
53912412,3550
53913512,3484
53914612,7055
53916112,10488
53917212,9015
53918312,12212
53919412,10558
53920912,6192
53922012,6764
53923112,6038
53924212,8361
53925312,8660
53942411,2906
53943911,3992
53945011,1922
53946611,4808
53947711,9546
53948811,5798
53949911,9040
53951411,9464
53952511,11993
53953611,9504
53954711,9646
53956211,8472
53957311,6953
53958411,3131
53959511,761
53961011,46
53962111,28
53963211,23
53964311,4498
53965411,6587
54040012,902
54041612,10032
54042812,12201
54043912,4563
54045012,8478
54046512,7759
54047612,48
54048712,4214
54049812,12204
54051312,12171
54052412,45
54053512,12219
54054612,18
54056112,38
54057212,7459
54058312,12193
54059412,27
54060912,12213
54062012,12203
54063112,5
54064212,12215
54065312,12217
54066912,7861
54068012,4363
54069112,11192
54070212,1106
54071712,10818
54072812,7074
54073912,62
54187110,12200
54188710,4364
54189810,9248
54191412,7
54192612,6016
54193712,6950
54194812,1269
54196312,2485
54197412,6344
54198512,239
54199612,3232
54201112,1475
54202212,6315
54203312,6372
54204412,7165
54205912,12169
54207012,12170
54208112,6682
54209212,6964
54210312,2240
54211812,4843
54212912,7346
54214012,2807
54215112,3643
54216712,20
54217812,12160
54218912,9822
54220012,7770
54221512,8213
54222612,6203
54223712,12215
54224812,6224
54226312,6920
54227412,4410
54228512,1354
54229612,5176
54231112,3694
54232212,2217
54233312,7339
54234412,930
54235912,4283
54237012,8695
54238112,12175
54239212,5831
54240312,12173
54241812,6983
54242912,10586
54244012,6916
54245112,5707
54320310,790
54321810,2901
54322910,441
54324010,7
54325110,3130
54326612,12208
54327712,6427
54328812,7251
54329912,8395
54331412,12204
54332512,6127
54333612,12218
54334712,6066
54336212,8
54337312,2632
54425410,5998
54438612,12194
54440212,12206
54441712,12204
54442812,4181
54443912,2503
54445012,1525
54446512,1821
54447612,3413
54448712,6475
54449812,1023
54451312,7708
54452412,8409
54453512,5910
54454612,5281
54456112,7556
54457212,11571
54458312,8054
54459412,12221
54460912,11336
54462012,10235
54463112,4405
54464212,701
54465312,1309
54466912,4917
54468012,512
54469112,10004
54470212,72
54471712,12164
54472812,6936
54473912,12206
54475012,6168
54476512,12226
54477612,3181
54478712,12193
54479812,12
54481312,3231
54482412,6213
54483512,4813
54484612,25
54486112,4844
54487212,9534
54488312,7
54489412,11440
54490912,10
54492012,12209
54493112,1464
54494212,12200
54495312,1847
54496812,12159
54497912,38
54499012,6054
54500112,10
54501612,1142
54502712,12151
54503812,369
54504912,7471
54580510,7383
54582010,7604
54583110,12164
54584210,9130
54585310,12203
54586812,8565
54587912,4928
54677510,12188
54679010,12222
54680110,10379
54681612,12212
54682712,63
54683812,12222
54684912,5450
54686412,5194
54687512,25
54688612,12192
54689712,12195
54691212,8427
54692312,12178
54693412,9402
54694512,12213
54696112,3207
54697212,12216
54698312,3198
54699412,12186
54700912,33
54702012,12210
54703112,39
54704212,8801
54705312,18
54706812,4310
54707912,12195
54709012,7627
54710112,5384
54711612,6963
54712712,12226
54713812,0
54714912,12160
54716412,1512
54717512,12182
54718612,1136
54719712,12202
54721212,57
54722312,12199
54723412,3052
54724512,8372
54726012,8835
54727112,11830
54728212,10943
54729312,6839
54730412,7601
54731912,6612
54733012,4999
54734112,2890
54735212,3388
54736812,4297
54737912,12219
54739012,11609
54740112,7717
54741612,11290
54742712,472
54743812,8207
54744912,9583
54746412,5291
54747512,2374
54748612,8346
54749712,3499
54751212,5673
54752312,29
54753412,8
54843368,4831
54844912,5656
54921711,12209
54923311,12224
54924511,12212
54941612,10537
54943112,7112
54944212,8989
54945312,23
54946812,5284
54947912,3830
54949012,5245
54950112,4906
54951712,6133
54952812,12218
54953912,7446
54955012,12199
54956512,40
54957612,1994
54958712,37
54959812,6824
54961312,12194
54962412,12151
54963512,3663
54964612,12194
54966112,12208
54967212,6340
54968312,12196
54969412,4558
54970912,30
54972012,2212
54973112,2
54974212,8983
54975312,49
54976812,7636
54977912,12189
54979012,8798
54980112,12162
54981612,12200
54982712,4094
54983812,12207
54984912,43
54986412,9
54987512,34
54988612,7449
54989712,13
54991312,5510
54992412,5675
54993512,12184
54994612,4477
54996112,3690
54997212,12187
54998312,9956
54999412,9286
55000912,8498
55002012,10725
55003112,12213
55004212,12199
55005312,6268
55006812,5723
55007912,3017
55009012,12204
55010112,6191
55011612,8276
55101212,12208
55102812,3986
55103912,6263
55105112,26
55106612,9533
55107712,12165
55108812,11760
55109912,12179
55208112,12210
55209712,0
55211312,12172
55212412,39
55213512,10116
55214612,12184
55216112,21
55217212,12209
55218312,36
55219412,12212
55220912,23
55222012,12214
55223112,11170
55224212,0
55225312,12202
55226812,18
55227912,12221
55229012,40
55230112,7015
55231612,1672
55232712,10544
55233812,12174
55234912,0
55236412,12206
55237512,22
55238612,12199
55239712,44
55241312,12213
55242412,6620
55243512,9533
55244612,12167
55246112,1113
55247212,12213
55248312,4
55249412,12210
55250912,25
55252012,12197
55253112,8643
55254212,3439
55255312,12206
55256812,0
55257912,12227
55259012,26
55260112,12178
55261612,21
55262712,12200
55263812,5244
55264912,12210
55266412,34
55267512,12165
55268612,12158
55269712,3638
55271212,12159
55272312,27
55273412,12202
55274512,52
55363012,2556
55364612,6119
55366119,1934
55367312,11305
55368412,4239
55369512,12147
55371012,1128
55372112,12204
55373212,4018
55374312,12221
55375412,4457
55376912,8063
55378012,6780
55379112,33
55380212,10580
55455010,8
55468410,3807
55469913,12202
55471412,12199
55472512,12180
55473612,12166
55474712,5666
55476212,12217
55477312,9
55478412,12206
55479512,1525
55481012,8623
55482112,12211
55483212,35
55484312,12206
55485412,42
55486912,12184
55488012,12188
55489112,8216
55490212,12177
55491712,3229
55492812,4145
55493912,12171
55495012,16
55496512,12180
55497612,0
55498712,9276
55499812,12203
55501412,12221
55502512,10873
55503612,7346
55504712,5161
55506212,4884
55507312,12200
55508412,8963
55509512,9141
55511012,31
55512112,12234
55513212,2
55514312,12170
55515412,7885
55516912,342
55518012,11645
55519112,3712
55520212,12207
55521712,4309
55522812,12218
55523912,8797
55525012,10549
55615314,6911
55616913,6293
55618012,8740
55619112,2478
55620212,6849
55621712,6248
55622812,7392
55623912,1501
55625012,1692
55626612,5090
55627712,5821
55628812,12176
55629912,9531
55631412,7556
55632512,5017
55633612,5267
55634712,2582
55636212,4557
55637312,9596
55638412,7991
55639512,5210
55713311,2616
55714911,6242
55716411,3133
55717511,4997
55718611,8317
55719711,7824
55721311,7099
55722411,3254
55723511,981
55724611,2868
55726111,7844
55727211,7742
55728311,5715
55729411,7113
55730911,7369
55732011,5920
55733111,1388
55734211,5615
55735311,8127
55736811,9355
55737911,3714
55739011,2755
55740111,4575
55741611,8903
55742711,6030
55743811,4957
55744911,3937
55746411,842
55747511,8172
55748611,6300
55749711,10067
55751311,9560
55752411,9912
55753511,12181
55754611,10019
55756111,6757
55757211,11139
55758311,8660
55759411,7256
55760911,3694
55762011,4313
55763111,4799
55764211,5378
55853910,3949
55855510,2924
55857112,6101
55858212,4160
55859312,7002
55860412,7536
55861912,2516
55863012,5873
55864112,7947
55865212,8479
55866712,4833
55867812,7247
55868912,5557
55870012,694
55871512,5559
55872612,5955
55873712,2581
55874812,2242
55876312,4478
55877412,8555
55878512,7830
55879612,10155
55881112,10804
55882212,8163
55883312,6636
55884412,7422
55885912,4497
55887012,1234
55888112,4632
55889212,4223
55890312,7938
55965010,3370
55985810,15
55987310,10821
55988510,8
55989610,10456
55991110,180
55992210,8615
55993310,12171
55994410,8584
55996012,3775
55997112,5032
55998212,3895
55999312,1365
56000412,7
56001912,11823
56003012,2427
56004112,6223
56005212,4049
56006712,7987
56007812,42
56008912,1578
56010012,12175
56011512,12175
56012612,11520
56013712,6147
56014812,6683
56016312,3476
56017412,1057
56018512,0
56019612,12169
56021112,12208
56022212,12208
56023312,9172
56112612,2421
56114212,52
56115412,8301
56116912,7876
56118012,12156
56119112,4973
56120212,8875
56121712,2773
56122812,11639
56123912,4
56125012,10829
56126512,12159
56127612,11055
56128712,12176
56129812,3400
56131412,10217
56132512,8923
56133612,9695
56134712,5104
56136212,2
56137312,12211
56138412,2016
56139512,12186
56141012,12191
56142112,12197
56143212,12182
56144312,6984
56145412,7090
56146912,0
56148012,11034
56149112,41
56150212,12198
56151712,8869
56152812,6531
56153912,12225
56155012,4893
56156512,12178
56157612,43
56158712,5350
56159812,12
56259111,12167
56260710,12179
56262212,7745
56263412,11121
56264512,9107
56266012,3957
56267112,602
56268212,47
56269312,44
56270412,1540
56271912,49
56273012,4172
56274112,4651
56275212,4881
56276812,2052
56277912,1591
56279012,11016
56280112,5797
56281612,11584
56282712,3695
56283812,12162
56284912,1316
56286412,10588
56287512,0
56376812,10
56378412,23
56379512,12202
56381112,917
56382212,12169
56383312,16
56384412,12217
56385912,8
56387012,12174
56388112,55
56389212,12225
56390312,1517
56391812,12212
56392912,8877
56394012,10152
56395112,11670
56396612,9586
56397712,8171
56398812,916
56399912,11833
56401412,36
56402512,2
56403612,11237
56404712,11342
56406212,10748
56407312,3820
56408412,12188
56409512,2236
56411112,8943
56412212,9942
56413312,4882
56414412,8969
56415912,5278
56417012,33
56418112,10690
56419212,2860
56420312,7257
56421812,4890
56422912,7852
56424012,12196
56425112,7241
56435111,7842
56436611,3493
56437811,1829
56438911,6051
56440011,9471
56514212,10660
56515812,8824
56517312,8036
56518412,10562
56519512,6407
56521012,7492
56522112,3874
56523212,3835
56524312,9451
56525412,11571
56526912,7442
56528012,5787
56529112,10970
56530212,8323
56531712,3964
56532812,2464
56533912,5784
56535012,7264
56624912,7308
56626412,3144
56627612,17
56628712,12192
56629812,12222
56631412,12163
56632512,12195
56633612,2176
56634712,17
56636212,12160
56637312,12216
56638412,9
56639512,11068
56641012,12164
56642112,12193
56643212,12220
56644312,12150
56645412,29
56646912,12160
56648012,12217
56649112,12170
56650212,12173
56651712,12198
56652812,8822
56653912,12191
56655012,12206
56656512,36
56657612,12190
56658712,12184
56659812,6145
56661312,44
56662412,12199
56663512,7761
56664612,12179
56666112,12209
56667212,21
56668312,12169
56669412,12212
56671012,41
56672112,38
56673212,12173
56674312,4380
56675412,12198
56676912,12174
56678012,5811
56679112,12175
56680212,12173
56681712,48
56682812,12206
56683912,12168
56685012,2635
56686512,12198
56687612,12202
56688712,328
56689812,12178
56764511,12222
56766111,0
56767311,8745
56768411,12218
56769511,5
56771011,12209
56772111,12191
56773211,360
56774311,12223
56865012,9265
56866512,4271
56867612,5025
56868812,11378
56869912,43
56871512,575
56872612,9926
56873712,6817
56874812,12171
56876312,4128
56877412,12191
56878512,19
56879612,12215
56881112,12198
56882212,52
56883312,9213
56884412,20
56885912,12204
56887012,1775
56888112,12158
56889212,14
56890312,12219
56891812,8730
56892912,35
56894012,12236
56895112,3838
56896612,12181
56897712,34
56898812,12203
56899912,8
56901412,0
56902512,12202
56903612,2
56904712,12215
56906212,12199
56907312,12203
56908412,9866
56909512,8534
56911112,12219
56912212,16
56913312,12204
56914412,8
56915912,16
56917012,12220
56918112,12
56919212,12232
56920312,2
56921812,11393
56922912,10257
56924012,3248
56925112,12202
56935111,2317
56936611,19
56937811,12206
56939011,36
56940111,12157
56941711,12162
56942811,33
56943911,12172
56945011,22
56946511,8487
56947611,12190
56948711,3831
56949811,12204
57038414,12213
57116310,6311
57117810,10112
57118910,9566
57120010,4644
57121512,6780
57122612,7705
57123712,6502
57124812,10742
57126312,0
57127412,10908
57128512,18
57129612,12209
57131112,0
57132212,12156
57133312,22
57134412,5243
57136012,10
57137112,12176
57138212,37
57139312,12234
57140412,12195
57141912,12216
57143012,28
57144112,1754
57145212,12171
57146712,12197
57147812,12213
57148912,35
57150012,12209
57151512,12195
57152612,12192
57153712,0
57154812,12182
57156312,6053
57157412,12200
57158512,17
57159612,12205
57161112,870
57162212,12204
57163312,22
57164412,12215
57165912,6816
57167012,12186
57168112,13
57169212,12219
57170312,14
57171812,12221
57172912,6
57174012,12175
57175112,22
57176712,12173
57177812,4312
57178912,12217
57180012,53
57181512,12170
57182612,25
57183712,12174
57184812,17
57186312,12217
57187412,0
57188512,12180
57189612,37
57191112,12198
57303510,31
57305279,12169
57306810,18
57307914,12174
57309010,12173
57310110,12213
57311610,9467
57312710,39
57313810,50
57314910,22
57388711,12187
57390311,28
57391811,12203
57392911,12195
57394011,12221
57395111,12213
57396711,38
57397811,12149
57398911,4750
57400011,7747
57401511,45
57402611,12162
57403711,1280
57404811,12221
57406311,11523
57407411,12178
57408511,12217
57409611,12205
57411111,3171
57412211,8258
57413311,57
57414411,6232
57415911,12166
57417011,12158
57418111,12182
57419211,12167
57420311,12187
57421811,2074
57422911,12195
57424011,2278
57425111,4982
57438712,12206
57440212,12198
57441712,19
57442968,47
57444112,3563
57445212,12203
57446712,8158
57447812,32
57448912,12213
57450012,1702
57451512,12171
57452612,12002
57453712,12162
57454812,1486
57456312,6815
57457412,5442
57458512,46
57459612,6412
57461112,12214
57462212,12178
57463312,12160
57464412,12177
57465912,9539
57554912,5631
57556512,12173
57557621,145
57558812,11058
57560012,6998
57561512,6266
57562612,12193
57563712,45
57564812,11802
57566412,56
57567512,12201
57568612,41
57569712,12201
57643611,12170
57645111,12159
57646711,51
57647811,31
57648911,42
57650011,8
57651511,44
57652611,42
57653711,2
57654811,8
57656311,11671
57657411,12212
57658511,12207
57659611,12208
57661111,12214
57662211,12220
57663311,12190
57664411,12154
57665911,12177
57667011,12179
57668111,12218
57669211,12183
57670311,12230
57671811,12221
57672911,6053
57674011,12201
57675111,12218
57676711,8
57677811,12215
57678911,8244
57680011,7876
57681511,12156
57682611,2118
57683711,12209
57684811,9294
57686311,6120
57687411,12203
57688511,12202
57689611,1043
57691111,9406
57692211,12211
57693311,12214
57694411,12185
57695911,12187
57697011,6952
57698111,12174
57699211,10155
57700311,12212
57701811,11138
57702911,12185
57704011,12212
57794712,18
57796212,9569
57797312,7638
57798512,6037
57799612,12175
57801212,12198
57802312,8255
57803412,12213
57804512,12214
57806012,44
57807112,10780
57808212,10405
57809312,15
57810412,12201
57811912,8634
57813012,8
57814112,12201
57815212,0
57816712,7
57817812,12178
57818912,0
57820012,9593
57821512,12200
57822612,2623
57823712,12180
57824812,12161
57902712,1249
57904212,10861
57905312,2971
57906912,7461
57908012,12165
57909112,14
57910212,12176
57911712,6836
57912812,8038
57913912,5905
57915012,12165
57916512,3527
57917612,8288
57918712,3993
57919812,12210
57921312,10798
57922412,11009
57923512,3565
57924612,12178
57945311,7826
57946811,16
57947911,12171
57949011,4440
57950211,12161
57951711,9
57952811,4550
57953911,52
57955011,12198
57956511,0
57957611,12181
57958711,9531
57959811,9565
57961311,1572
57962411,12198
57963511,2712
57964611,6402
57966111,7834
57967211,1716
58056310,19
58057810,12191
58059010,10
58060110,11128
58061610,2813
58062710,12208
58063810,12187
58064910,12163
58066512,5827
58067612,12201
58068712,5216
58069812,8699
58071312,5862
58072412,2873
58073512,1991
58074612,2142
58076112,2476
58077212,0
58078312,12187
58079412,3815
58080912,3768
58082012,5933
58083112,12185
58084212,3536
58085312,12176
58086812,7506
58087912,10700
58089012,6
58090112,10128
58091612,3566
58092712,12214
58093812,511
58094912,12198
58169311,12162
58170911,5302
58172411,12175
58173511,3206
58174611,12212
58176111,1473
58177211,12169
58178311,52
58179411,12205
58181011,0
58182111,7327
58183211,12177
58184311,9
58185411,12183
58186911,41
58188011,12158
58189111,35
58190211,53
58191711,12221
58192811,3503
58193911,12208
58195011,12194
58196511,12246
58197611,9398
58198711,7
58199811,9719
58201311,4481
58202411,5714
58203511,12189
58204611,12212
58206111,6870
58319910,37
58321510,12208
58322610,1209
58323710,10118
58324910,6453
58326512,6564
58327612,9292
58328712,12213
58329812,1223
58331312,12196
58332412,27
58333512,12210
58334612,52
58336112,11296
58337212,11488
58338312,9472
58339412,2429
58340912,233
58342012,12197
58343112,22
58344212,12202
58345312,19
58346812,12216
58347912,22
58349012,12173
58350112,12209
58351612,1892
58352712,8749
58353812,12170
58354912,5694
58356412,3884
58357512,31
58358612,12178
58359712,3106
58361212,40
58362312,12187
58363412,8340
58364512,842
58366112,4771
58367212,12186
58368312,1151
58369412,12209
58444111,12214
58461012,9471
58462512,11604
58463612,7472
58464712,12188
58466212,4052
58467312,12155
58468412,2137
58469512,8769
58471012,1442
58472112,12161
58473212,2461
58474312,12185
58475412,21
58476912,12208
58478012,21
58479112,12178
58480212,63
58481712,12169
58482812,23
58483912,12216
58485012,45
58574910,8477
58576512,2
58577712,12173
58578812,5
58579912,12213
58581412,44
58582512,12179
58583612,21
58584712,12206
58586312,6574
58587412,12199
58588512,1514
58589612,12192
58591112,8691
58592212,12199
58593312,4687
58594412,12171
58595912,8398
58597012,12182
58598112,2
58599212,11278
58600312,23
58601812,7725
58602912,8835
58604012,12209
58605112,7127
58606612,5824
58607712,12217
58608812,9281
58609912,10708
58611412,2321
58612512,12211
58613612,2486
58614712,7040
58616312,0
58617412,12218
58618512,1654
58619612,12217
58621112,40
58622212,12189
58623312,1393
58624412,12174
58625912,14
58627012,12193
58628112,2347
58629212,12201
58630312,5252
58631812,12199
58632912,43
58634012,12183
58635112,2009
58709610,32
58711110,12190
58712310,4756
58713410,12201
58714510,4333
58716010,10270
58717110,12172
58718210,11617
58719310,11030
58720410,12178
58722011,12173
58723111,0
58724211,9242
58813710,9629
58815312,5349
58816812,29
58817912,12070
58819012,4317
58820112,1278
58821612,34
58822712,4789
58823812,8943
58824912,8965
58826412,7236
58827512,12195
58828612,10165
58829712,9685
58831212,1022
58832312,7679
58833412,1944
58834512,5917
58836012,2447
58837112,12221
58838212,10160
58839312,12155
58840412,5449
58842012,12201
58843112,2
58844212,8769
58845312,10
58846812,10034
58847912,42
58849012,12202
58850112,2
58851612,8124
58852712,25
58853812,12184
58854912,55
58856412,3238
58857512,7629
58858612,6795
58859712,10057
58861212,4767
58862312,5288
58863412,5555
58864512,12178
58866012,1528
58867112,10067
58868212,44
58869312,5556
58870412,6876
58871912,3942
58873012,3727
58874112,11436
58875212,2221
58876712,2992
58877812,9105
58878912,8827
58880012,12189
58881612,6534
58882712,9851
58883812,8365
58884912,11589
58886412,6036
58887512,8699
58888612,9955
58889712,30
59057412,12192
59071111,10618
59072611,28
59073711,12199
59074811,38
59076411,12178
59077511,6
59078611,12171
59079711,2702
59081211,11184
59082311,7764
59083411,12166
59084511,3137
59086011,8254
59087111,4026
59088211,12158
59089311,0
59090411,10032
59091911,57
59093011,12187
59094111,7
59095211,12163
59096711,38
59097811,12201
59098911,8
59100011,12206
59101511,0
59102611,12174
59103711,7103
59104811,6188
59106411,50
59107511,7602
59108611,9036
59109711,6293
59111211,3190
59112311,8990
59113411,5088
59114511,12214
59116011,6249
59117111,7251
59118211,10710
59119311,6623
59120411,7003
59121911,20
59123011,12193
59124111,4607
59125211,12170
59126711,1584
59127811,10216
59128911,5174
59130011,5908
59131511,9158
59132611,3
59133711,11691
59134811,1490
59136311,10256
59137411,11092
59138511,10177
59139611,12164
59141111,2674
59142211,7344
59143311,7463
59144411,5266
59146011,6510
59235210,49
59236810,3395
59238010,5207
59239110,6969
59240210,9287
59241812,12200
59242912,8155
59244012,11969
59245112,8371
59343411,12171
59345011,12159
59346520,3031
59347711,9
59348911,12174
59350011,7186
59351611,4085
59352711,1778
59353811,1498
59354911,9193
59356411,6602
59357511,9
59358611,6757
59359711,9719
59361211,11594
59362311,10715
59363411,12205
59364511,12162
59366011,12201
59367111,10737
59368211,12163
59369311,3756
59370411,12180
59371911,12208
59373011,7904
59374111,1533
59375211,2618
59376711,39
59377811,21
59378911,12193
59380011,2
59381611,45
59382711,12182
59383811,9761
59384911,8357
59386411,12205
59387511,11000
59388611,8545
59389711,12175
59391211,0
59392311,12159
59393411,12208
59394511,10702
59396011,6599
59397111,3414
59398211,9013
59399311,7511
59400411,4377
59401911,657
59403011,10698
59404111,12217
59405211,6355
59406711,12156
59407811,0
59408911,4730
59498510,3379
59522810,6679
59524310,8143
59525410,4810
59526912,2853
59528012,11640
59529112,8043
59530212,4012
59531712,7417
59532812,12198
59533912,7392
59535012,7009
59536512,6680
59537612,6759
59538712,5612
59539812,1214
59614310,5116
59615810,12213
59617312,5537
59618512,9884
59619612,5451
59621112,7538
59622212,4888
59623312,8428
59624412,12171
59625912,11015
59627012,5160
59628112,5986
59629212,31
59630312,1285
59631912,2686
59633012,8062
59634112,5957
59635212,9173
59636712,6317
59637812,1122
59638912,1951
59640012,8881
59641512,6681
59642612,3244
59643712,17
59644812,6645
59646312,4825
59647412,8325
59648512,6297
59649612,7265
59651112,6334
59652212,10643
59653312,9374
59654412,8064
59655912,6625
59657012,1010
59658112,1138
59659212,22
59660312,8835
59661812,4322
59662912,7904
59664012,6834
59665112,4922
59666612,4067
59667712,4400
59668812,8864
59669912,5147
59671512,8896
59761010,4651
59762612,3013
59763718,3789
59764912,4172
59766412,11288
59767512,4806
59768612,6002
59769712,3121
59771212,10305
59772312,5240
59773412,9811
59774512,7037
59776112,2759
59777212,4379
59778312,4124
59779412,8295
59780912,4595
59782012,10632
59783112,6186
59784212,9809
59785312,6846
59786812,2650
59787912,2003
59789012,3970
59790112,7188
59864711,6145
59866311,12000
59867511,5374
59868611,9421
59869711,5918
59871211,8634
59872311,8103
59873411,5655
59874511,4943
59876011,3415
59877111,1
59878211,32
59879311,45
59880411,2147
59881911,8021
59883011,6223
59884111,9062
59885211,4130
59886711,3699
59887811,1806
59888911,3251
59890011,2020
59891511,12107
59892611,6562
59893711,840
59894811,2655
59896311,2469
59897411,2368
59898511,24
59899611,3174
59901111,2
59902211,9873
59903311,305
59904411,4834
59906011,7336
59907111,10572
59908211,6594
59909311,9771
59910411,56
59999512,47
60013012,38
60014512,0
60016012,52
60017212,12198
60018312,41
60019412,16
60020912,12227
60022012,12206
60023112,27
60024212,12203
60025312,12187
60026812,36
60027912,43
60029012,12207
60030112,308
60031712,18
60032812,12160
60033912,12208
60035012,1978
60036512,1
60037612,12182
60038712,8420
60039812,12168
60041312,12212
60042412,10967
60043512,7287
60044612,12150
60046112,10690
60047212,36
60048312,12203
60049412,0
60124510,12211
60126111,5864
60127311,12201
60128511,12223
60129611,12180
60131111,12184
60132211,0
60133311,12208
60134411,9
60136011,10229
60137111,12227
60138211,12186
60139311,12151
60140411,40
60141911,12214
60143011,8683
60144111,12158
60145211,4594
60146711,12185
60147811,11512
60148911,6308
60150011,12195
60151511,7298
60152611,4050
60153711,10579
60154811,0
60156311,12162
60157411,17
60158511,6317
60159611,12218
60161111,5792
60162211,12220
60249810,12203
60251410,2692
60252610,12191
60253872,18
60255010,12216
60256510,2969
60257610,6809
60258710,12172
60259810,8
60261310,12204
60262410,62
60263510,12194
60264610,12175
60266112,12200
60267212,27
60268312,12192
60269412,12168
60270912,12165
60272012,51
60273112,12218
60274212,12171
60275312,37
60276812,9
60277912,12217
60279012,12224
60280112,42
60281712,49
60282812,12215
60283912,4681
60285012,0
60286512,12195
60287612,12174
60288712,42
60289812,12177
60291312,12191
60292412,21
60293512,12203
60294612,12199
60296112,12196
60297212,45
60298312,12200
60299412,5048
60300912,25
60302012,12199
60303112,12064
60304212,8870
60305312,12179
60403812,26
60405412,12216
60407012,12160
60408112,5
60409212,0
60410312,12203
60411812,16
60412912,8150
60414012,3
60415112,12198
60416612,5877
60417712,12201
60418812,11
60419912,12162
60421412,12
60422512,12209
60423612,16
60511910,2
60526610,12192
60528110,12216
60529210,32
60530410,12215
60532012,4843
60533112,12188
60534212,3
60535312,12203
60536812,12208
60537912,544
60539012,12186
60540112,7217
60541612,12177
60542712,16
60543812,12177
60544912,14
60546412,12207
60547512,24
60548612,12196
60549712,970
60551212,4554
60552312,66
60553412,9626
60554512,47
60556012,4123
60557112,6438
60558212,12173
60559312,12184
60560412,11317
60561912,11608
60563012,12210
60564112,8271
60565212,8159
60566712,10662
60567812,12220
60568912,10179
60570012,2100
60571612,12081
60572712,8185
60573812,8225
60574912,8680
60576412,3517
60577512,8625
60578612,17
60579712,6
60581212,3828
60582312,12200
60583412,13
60584512,5835
60586012,6
60587112,12215
60588212,7048
60589312,8484
60590412,2987
60664611,47
60666211,12214
60667411,3752
60668511,10507
60669611,6070
60671111,14
60672211,12201
60673311,12
60674411,12210
60762612,12217
60764212,5834
60765412,12190
60766912,21
60768012,2758
60769112,12211
60770212,35
60771812,8
60772912,12219
60774012,12207
60775112,40
60776612,12181
60777712,5411
60778812,25
60779912,12171
60781412,12198
60782512,35
60783612,12199
60784712,12216
60786212,41
60787312,12187
60788412,2354
60789512,7
60791012,12187
60792112,9073
60793212,12181
60794312,11602
60795412,16
60796912,2240
60798012,12175
60799112,8
60800212,12195
60801812,12178
60802912,29
60804012,12166
60805112,7389
60806612,10867
60807712,12195
60808812,3786
60809912,12170
60811412,3555
60812512,12173
60813612,6783
60814712,12175
60816212,12168
60817312,12
60818412,12212
60819512,5
60821012,3011
60822112,12201
60823212,8120
60824312,11640
60825412,4866
60826912,12182
60828012,18
60829112,12166
60830212,40
60831712,12208
60832812,4352
60833912,12207
60835012,8087
60836512,6438
60837612,8610
60838712,1162
60928110,12209
61018210,8050
61019811,8254
61021311,7873
61022411,5927
61023511,1259
61024611,11511
61026111,9492
61027211,7930
61028311,4459
61029411,7529
61031011,1397
61032111,5288
61033211,9
61034311,3804
61035411,1302
61036911,5845
61038011,2127
61039111,5201
61040211,7334
61041711,8729
61042811,8831
61043911,7033
61045011,12174
61046511,12220
61047611,8986
61048711,9946
61049811,5596
61051311,5330
61052411,4982
61053511,3179
61054611,1957
61056111,3925
61057211,4481
61058311,8262
61059411,8392
61060911,8936
61062011,6140
61063111,7206
61064211,7982
61065311,12183
61066811,7815
61067911,2975
61069011,7643
61070111,6275
61071711,6524
61072811,8473
61073911,7727
61075011,3015
61076511,7817
61077611,7370
61078711,8657
61079811,7037
61081311,8081
61082411,5212
61083511,6348
61084611,6448
61086111,39
61087211,2619
61088311,36
61089411,2637
61090911,8665
61092011,10152
61093111,10589
61181710,9004
61183310,2353
61184510,4148
61186012,4603
61187112,11095
61188212,4239
61189312,7883
61190412,10
61191912,12170
61193012,9013
61194112,8113
61195212,3562
61269411,12171
61271011,12236
61272211,50
61273311,909
61274411,12198
61275911,3782
61277011,6038
61278111,12210
61279211,34
61280311,5963
61281811,9486
61282911,12181
61284011,19
61285111,12176
61286611,19
61287711,12163
61288811,40
61289911,12174
61291411,12
61292511,12189
61293611,6224
61294711,12174
61296311,12165
61297411,12181
61298511,46
61299611,9844
61301111,12214
61302211,45
61303311,12197
61304411,21
61305911,5
61307011,12207
61308111,12228
61309211,12212
61310311,41
61311811,8672
61312911,12168
61314011,5531
61315111,12199
61316611,2026
61317711,12181
61318811,2646
61319911,12181
61321411,1484
61322511,12189
61323611,12165
61324711,1127
61326211,12163
61327311,12152
61328411,12219
61329511,26
61331011,12204
61444912,7160
61459512,10635
61461012,9063
61462112,11803
61463212,0
61464469,12170
61466012,8994
61467112,58
61468212,5445
61469312,18
61470412,8784
61471912,4366
61473012,3837
61474112,6393
61475212,6113
61476712,8224
61477812,12164
61478912,10407
61480012,5001
61481512,12176
61482612,12178
61483712,9333
61484812,5470
61559610,1
61561110,4384
61562210,0
61563310,2452
61564410,116
61565912,8802
61567012,5110
61568112,6626
61569212,12162
61570312,7979
61571812,11710
61572912,8176
61574012,5737
61575112,5560
61576612,2265
61577712,3798
61578812,4592
61579912,6083
61581412,6128
61582512,10232
61583612,12187
61584712,3449
61586212,9282
61587312,4026
61588412,4307
61589512,3973
61591012,5861
61592112,8037
61593212,10
61594312,11219
61595412,9
61597012,7922
61598112,4006
61599212,10696
61600312,6082
61601812,2599
61602912,10164
61604012,7363
61605112,12188
61606612,873
61607712,7193
61696911,4697
61698511,2928
61699611,1687
61701111,3209
61702211,10122
61703311,12184
61704411,7606
61706011,7520
61707111,1813
61708211,37
61709311,2512
61710411,2863
61711911,4672
61713011,2420
61714111,6211
61715211,11382
61716711,2590
61717811,11098
61718911,7497
61720011,9744
61721511,6887
61722611,8581
61723711,6570
61724811,8996
61726311,5870
61727411,12168
61728511,4540
61729611,7454
61731111,53
61732211,0
61733311,3646
61734411,1157
61735911,4351
61737011,1225
61738111,7635
61739211,9159
61740311,4855
61814312,2525
61815912,12192
61817412,4508
61818512,7575
61819612,5390
61821112,12177
61822212,11685
61823312,12180
61824412,1801
61826012,1491
61827112,2339
61828212,14
61829312,5735
61830412,6068
61831912,4934
61833012,9884
61834112,6427
61835212,4573
61836712,8077
61837812,10516
61838912,10899
61840012,2245
61841512,8736
61842612,6191
61843712,9492
61844812,4506
61846312,5101
61936321,4910
61957011,4855
61958511,8529
61959611,6180
61961111,12129
61962211,8274
61963311,10447
61964411,10281
61966011,2227
61967111,8622
61968211,4718
61969311,10933
61970411,4253
61971911,4945
61973011,1930
61974111,4017
61975211,1770
61976711,3829
61977811,12
61978911,10237
61980011,1967
61981511,6032
61982611,5828
61983711,9989
61984811,6004
61986311,3975
61987411,10979
61988511,2813
61989611,9059
61991111,4231
61992211,12200
61993311,4348
61994411,9537
61995911,41
61997011,3627
61998111,4744
61999211,2940
62000311,8444
62001811,3459
62002911,10487
62004011,3133
62005111,11359
62079512,3577
62081112,4714
62082312,9299
62083568,3999
62084712,3947
62086212,8764
62087312,3657
62088412,7702
62089512,652
62091012,3272
62092112,5976
62093212,500
62094312,6403
62095412,5027
62096912,3370
62098012,4651
62099112,12165
62100212,9823
62101712,6055
62102812,12166
62103912,11155
62105012,11921
62195612,3394
62197212,8135
62198412,6361
62199512,7593
62201012,11127
62202112,5935
62203212,7260
62204312,8956
62205412,6563
62207012,6258
62208112,8617
62209212,7451
62210312,770
62211812,7587
62212912,5722
62214012,7753
62215112,7477
62216612,10514
62217712,7231
62218812,9504
62219912,7445
62221412,101
62222512,9239
62223612,9464
62224712,4414
62226212,2370
62227312,5122
62228412,3404
62229512,3779
62231012,5166
62232112,9547
62233212,7030
62234312,8698
62235412,8822
62237012,6321
62238112,4767
62239212,9126
62240312,32
62241812,577
62242912,1421
62244012,8401
62245112,6225
62246612,1377
62247712,12175
62248812,9518
62249912,6338
62251412,8887
62252512,6264
62253612,10604
62254712,7739
62256212,11513
62257312,382
62258412,3807
62259512,1799
62333811,3128
62335411,3715
62336911,9640
62338011,26
62339111,2585
62340211,5590
62341711,5702
62342811,5890
62343911,4951
62345011,12191
62458610,7916
62475811,3387
62477311,2536
62478411,4018
62479611,6482
62481211,6510
62482311,1920
62483411,9788
62484511,4454
62486011,6908
62487111,9648
62488211,6420
62489311,7680
62490411,2189
62491911,9094
62493011,5003
62494111,6174
62495211,12170
62496711,12044
62497811,8623
62498911,32
62500011,4881
62501511,5990
62502611,12188
62503711,9350
62504811,10117
62506311,7432
62507411,9234
62508511,6863
62509611,3672
62511211,5236
62512311,11874
62513411,6438
62514511,7846
62516011,737
62517111,1661
62518211,3388
62519311,0
62520411,2178
62521911,7963
62523011,12176
62524111,8785
62525211,4396
62526711,10579
62527811,11924
62528911,4905
62530011,2676
62531511,9405
62532611,5895
62533711,2236
62534811,3321
62536311,12183
62537411,1955
62538511,6374
62539611,6055
62541111,7238
62542211,8945
62543311,5138
62544411,7525
62619210,2363
62620710,7621
62622212,2704
62623412,4402
62624512,567
62714779,8990
62716310,8212
62717510,7069
62718610,12175
62719710,6317
62721210,0
62722310,31
62723410,7012
62724510,12176
62726112,23
62727212,52
62728312,3785
62729412,10513
62730912,12160
62732012,8497
62733112,4208
62734212,1080
62735312,5514
62736812,10043
62737912,12183
62739012,12224
62740112,9687
62741612,423
62742712,7972
62743812,21
62744912,12193
62746412,10775
62747512,10263
62748612,54
62749712,10847
62751212,5856
62752312,4716
62753412,6420
62754512,10738
62756012,11064
62757112,1972
62758212,10138
62759312,6366
62760412,9748
62761912,8564
62763012,2681
62764112,3108
62765212,7725
62766812,5101
62767912,3939
62769012,2510
62770112,1516
62771612,5384
62772712,2940
62773812,8145
62774912,5292
62776412,6086
62777512,3889
62778612,6914
62779712,10740
62781212,9490
62782312,12172
62783412,8443
62784512,28
62786012,43
62787112,365
62788212,4058
62789312,9529
62790412,6373
62880012,12160
62957812,12160
62975010,12210
62976510,7
62977610,12175
62978710,12185
62979810,2011
62981412,12225
62982512,12217
62983612,12215
62984712,12181
62986212,9531
62987312,30
62988412,12177
62989512,12166
62991012,12170
62992112,9876
62993212,8870
62994312,9399
62995412,10583
62996912,11484
62998012,5392
62999112,12195
63000212,12208
63001712,12200
63002812,1448
63003912,12184
63005012,9945
63006512,9263
63007612,6539
63008712,7933
63009812,1971
63011412,12215
63012512,20
63013612,7238
63014712,12210
63016212,6141
63017312,7800
63018412,10838
63019512,11212
63021012,8633
63022112,3042
63023212,3789
63024312,4475
63025412,12156
63026912,3772
63028012,437
63029112,5461
63030212,12164
63031712,5226
63032812,7512
63033912,6747
63035012,12198
63036512,7558
63037612,53
63038712,9778
63039812,8012
63041312,6897
63042412,16
63043512,11719
63044612,6828
63046112,10289
63047212,4884
63048312,12219
63139410,10385
63140910,11326
63142010,1778
63143110,4252
63144210,3941
63145310,4077
63146912,3380
63148012,3810
63149112,5893
63150212,29
63151712,7652
63152812,7556
63153912,12227
63155012,7706
63229510,8024
63231110,7191
63232310,3070
63233410,5695
63234510,6020
63236012,3096
63237112,2586
63238212,1749
63239312,5508
63240412,9279
63241912,8279
63243012,4268
63244112,9724
63245212,8465
63246712,6212
63247812,7154
63248912,6506
63250012,2382
63251612,7
63252712,3809
63253812,5428
63254912,5500
63256412,4007
63257512,4207
63258612,4399
63259712,9046
63261212,7512
63262312,12198
63263412,3522
63264512,12159
63266012,11201
63267112,3842
63268212,6460
63269312,3233
63270412,1912
63271912,4814
63273012,6488
63274112,2383
63275212,8901
63276712,3188
63277812,3392
63278912,7013
63280012,5224
63281512,4604
63282612,9822
63283712,8726
63284812,12218
63286312,27
63287412,8926
63288512,34
63378212,30
63379712,6903
63381212,4739
63382412,9949
63383512,27
63384612,12212
63386112,4734
63387212,0
63388312,8574
63389412,3514
63390912,3380
63392012,6025
63393112,9618
63394212,3381
63395312,7984
63396912,5932
63398012,6032
63399112,3352
63400212,3023
63401712,6009
63402812,5341
63403912,7699
63405012,8155
63406512,8517
63407612,8378
63408712,7824
63409812,5243
63508012,30
63535910,12180
63537410,7506
63538510,7153
63539610,12175
63541112,13
63542212,4
63543312,12191
63544412,12204
63545912,35
63547012,12158
63548112,12224
63549212,26
63550312,12215
63551812,12215
63552912,5452
63554012,16
63555112,12183
63556612,12178
63557712,12203
63558812,8341
63559912,12204
63561412,12215
63562512,8471
63563612,6313
63564712,12159
63566212,0
63567312,0
63568412,4488
63569512,11127
63571112,16
63572212,10685
63573312,12194
63574412,12188
63575912,17
63577012,12196
63578112,12201
63667112,36
63668612,12175
63669712,2392
63671212,32
63672312,12187
63673412,4886
63674512,12166
63676012,0
63677112,10713
63678212,12202
63679312,7794
63680412,12150
63681912,0
63683012,12199
63684112,43
63685212,12171
63686812,12160
63687912,27
63689012,12185
63690112,43
63691612,12210
63692712,12198
63693812,12192
63694912,12168
63696412,38
63697512,12166
63698612,30
63699712,12162
63701212,12167
63702312,12191
63703412,12156
63704512,10918
63706012,8082
63707112,8908
63708212,4287
63709312,12222
63710412,2379
63784511,3989
63786111,4492
63787311,12198
63788511,49
63789611,12173
63791111,4
63792211,12192
63793311,21
63794411,12186
63795911,12194
63797011,4
63798111,12171
63799211,5112
63800311,10147
63801811,9
63802911,12179
63804011,0
63805111,12213
63806711,12187
63807811,43
63808911,12212
63810011,0
63811511,5600
63812611,12195
63813711,7201
63814811,7414
63816311,0
63903712,9770
63905312,7486
63906812,12197
63907912,5351
63909012,12173
63910112,40
63911612,1710
63912712,11120
63913812,12185
63914912,12177
63916412,5373
63917512,12163
63918612,7825
63919712,7531
63921312,12183
63922412,0
63923512,12175
63924612,10073
63934611,10280
63936111,11254
63937211,5633
63938311,12198
63939511,12170
63941011,3120
63942111,7048
63943211,5634
63944311,8918
63945411,3964
63946911,9057
63948011,4950
63949111,10688
63950211,6130
63951711,9814
63952811,6347
63953911,1587
63955011,8168
63956611,4658
63957711,10508
63958811,5244
63959911,10651
63961411,5828
63962511,1948
63963611,6330
63964711,3901
64039510,39
64041112,12198
64042312,13
64043412,12180
64044512,44
64046012,12202
64047112,58
64048212,12169
64049312,1012
64050412,12184
64051912,39
64053012,12184
64054112,54
64055212,12212
64056812,33
64057912,12193
64059012,1127
64060112,12202
64061612,39
64062712,12201
64152821,5406
64154421,18
64156021,12174
64157212,9165
64158312,11015
64159412,10408
64160912,0
64162012,5395
64163112,4835
64164212,5930
64165312,6474
64166812,12193
64167912,10067
64169012,8820
64170112,11288
64171612,12201
64172712,5309
64173812,12015
64174912,3906
64176412,12208
64177512,4234
64178612,4064
64179712,42
64181312,12176
64182412,12167
64183512,6404
64184612,3233
64186112,3609
64187212,5422
64188312,6655
64189412,0
64190912,2548
64192012,10990
64193112,745
64194212,4464
64195312,3979
64196812,7298
64197912,5918
64199012,10334
64200112,3950
64201612,10825
64202712,2912
64203812,9960
64204912,9152
64206412,42
64207512,6740
64208612,8376
64209712,2164
64211212,5610
64212312,5287
64213412,9350
64214512,3704
64216012,8515
64217112,49
64218212,1624
64219312,12183
64220412,8603
64294812,12200
64296312,12181
64297412,28
64298512,12211
64299712,10479
64301212,0
64302312,12194
64392912,12179
64394512,12200
64396012,12197
64397112,27
64398212,7
64399312,38
64400412,8183
64401912,6944
64403012,10998
64404112,12205
64405212,8693
64406712,9934
64407812,4381
64408912,11174
64410012,12199
64411612,48
64412712,18
64413812,16
64414912,7204
64416412,12174
64417512,12174
64418612,12160
64419712,12160
64421212,9
64422312,12210
64423412,2841
64424512,12195
64434511,732
64436011,12183
64437211,5999
64438311,7993
64439411,6336
64440911,12219
64442011,9599
64443111,9754
64444211,4810
64445311,17
64446911,12169
64448011,8226
64449111,2424
64450211,691
64451711,12218
64452811,40
64453911,1356
64455011,12169
64456511,12188
64457611,7981
64458711,171
64459811,9419
64461311,4844
64462411,3507
64463511,7679
64464611,8218
64466111,6965
64467211,11812
64468311,5989
64469411,9275
64470911,8425
64472011,54
64473111,11416
64474211,12171
64475311,7360
64476811,7280
64477911,6452
64591310,8000
64670610,9960
64672110,5224
64673210,2196
64674310,12222
64675410,2489
64676912,9826
64678012,2610
64679112,9296
64680212,7148
64681712,45
64682812,10945
64683912,558
64685012,10514
64686512,3952
64687612,7000
64688712,6593
64689812,5492
64691312,5157
64692412,25
64693512,7232
64694612,766
64696112,596
64697212,6819
64698312,12176
64699412,10930
64700912,2754
64702012,12170
64703112,5818
64704212,9543
64705312,3415
64706912,12189
64708012,7262
64709112,12216
64710212,2101
64711712,3238
64712812,6460
64713912,8310
64715012,5757
64716512,4
64717612,12200
64718712,0
64719812,8501
64721312,231
64722412,12004
64723512,566
64724612,12169
64726112,49
64727212,12172
64728312,1693
64729412,12161
64730912,6997
64732012,9981
64733112,1935
64734212,12215
64735312,25
64736812,8212
64737912,3
64739012,9408
64740112,1481
64741612,665
64742712,6581
64743812,12176
64744912,6275
64834012,8986
64835612,9065
64837120,4489
64838312,7462
64839412,1197
64840912,4129
64842012,3696
64843112,2878
64844212,7221
64845312,6629
64920011,5417
64921611,6083
64922811,2651
64923911,10792
64925011,5304
64938312,6687
64939812,6527
64941312,3876
64942512,6829
64943612,9690
64944712,12168
64946212,9049
64947312,6779
64948412,7349
64949512,6605
64951012,1410
64952112,5191
64953212,27
64954312,4064
64955412,5530
64957012,11128
64958112,8411
64959212,3764
64960312,10324
64961812,5891
64962912,7478
64964012,3650
64965112,5522
64966612,7842
64967712,4808
64968812,7273
64969912,756
64971412,10322
64972512,7043
64973612,6688
64974712,5114
64976212,4031
64977312,8147
64978412,6125
64979512,6565
64981012,4692
64982112,4404
64983212,4643
64984312,6526
64985412,1882
64986912,9055
64988012,8899
64989112,10139
64990212,1971
64991712,8908
64992812,4481
64993912,4556
64995012,9877
64996612,4852
65086410,12207
65088012,12193
65089118,11528
65090312,12208
65091812,5545
65092912,11196
65094012,7660
65095112,10932
65096612,1523
65097712,5162
65098812,2038
65099912,5111
65101412,2092
65102512,1680
65103612,8854
65104712,11964
65179410,4593
65181010,9969
65182210,8406
65183310,6681
65184410,6367
65185912,9650
65187012,5202
65188112,7610
65189212,2957
65190312,6426
65191812,5872
65192912,12198
65194012,5500
65195112,10287
65196612,3656
65197712,0
65198812,5365
65199912,3208
65201512,7552
65202612,6942
65203712,8030
65204812,4553
65206312,4921
65207412,7440
65208512,2706
65209612,5144
65211112,1610
65212212,9317
65213312,9171
65214412,10981
65215912,12162
65217012,5182
65218112,6259
65219212,2530
65220312,19
65221812,1473
65222912,5459
65224012,5525
65225112,5921
65226612,6685
65227712,5202
65228812,2728
65229912,6521
65231412,12013
65232512,2885
65233612,7618
65234712,9799
65236212,10654
65326769,8329
65328310,7624
65329410,3861
65330910,12219
65332010,5971
65333110,6406
65334210,7313
65335310,6500
65336812,4558
65337912,8754
65339012,1423
65340112,6432
65341612,5363
65342712,4135
65343812,2067
65344912,3256
65346412,6462
65347512,2191
65348612,10350
65349712,6548
65351312,5936
65352412,9656
65353512,6570
65354612,8040
65356112,9879
65357212,5677
65358312,5660
65359412,10190
65434811,7669
65459112,1837
65460612,5223
65462112,2550
65463368,3025
65464512,53
65466012,10182
65467112,2304
65468212,3970
65469312,6881
65470412,5777
65471912,10409
65473012,8187
65474112,8629
65475212,7474
65476712,4547
65477812,10895
65478912,8512
65480012,6615
65481512,10676
65482612,5573
65483712,6752
65484812,7150
65486312,6134
65487412,5387
65488512,2708
65489612,44
65491212,212
65492312,2148
65493412,3113
65494512,9406
65496012,5319
65497112,8635
65498212,3951
65499312,5086
65500412,12232
65614610,9771
65616210,12157
65617410,8845
65618510,11390
65619770,7408
65621310,5444
65622410,5185
65623510,5999
65624610,6483
65626110,8686
65627210,2215
65628310,4513
65629410,7029
65630912,4912
65632012,5816
65633112,3207
65634212,3249
65635312,4227
65636812,5166
65637912,5283
65639012,7564
65640112,8650
65641612,916
65642712,1804
65643812,4499
65644912,7146
65646512,5006
65647612,10101
65648712,11671
65649812,6010
65651312,5618
65652412,8898
65653512,3238
65654612,7414
65729112,768
65730712,10342
65732212,6820
65733312,8369
65734412,3484
65735912,6352
65737012,6041
65738112,5194
65739212,56
65740312,6933
65741812,5894
65742912,11906
65744012,2141
65745112,1982
65746712,8304
65747812,1095
65748912,8449
65750012,4712
65751512,4479
65752612,2546
65753712,5759
65754812,3921
65756312,6525
65757412,4673
65758512,8001
65759612,6142
65761112,6171
65762212,7959
65763312,5506
65764412,5965
65854612,6534
65856112,7154
65857312,4923
65858412,12202
65859512,12181
65861012,12184
65862112,7403
65863212,5139
65864312,7031
65865412,5548
65866912,5084
65868012,4200
65869112,6441
65870212,8942
65871712,1379
65872812,4129
65873912,8971
65875012,5386
65876612,3733
65877712,6088
65878812,7562
65879912,4870
65881412,5020
65882512,8249
65883612,10114
65884712,8673
65886212,7079
65887312,6515
65888412,9782
65889512,7878
65891012,10836
65892112,3922
65893212,1198
65894312,18
65895412,3930
65896912,4849
65898012,5293
65899112,8197
65900212,2650
65901712,8111
65902812,10033
65903912,5558
65905012,10345
65980011,7807
65993210,8041
65994710,3397
65996210,9051
65997310,7630
65998410,11666
65999510,6810
66001112,6514
66002212,3564
66003312,5396
66004412,6
66005912,8165
66007012,11846
66008112,6527
66009212,8834
66010312,7841
66011812,17
66012912,4335
66014012,6176
66015112,41
66016612,7374
66106110,9970
66107612,4995
66108712,7204
66109812,7293
66111312,2555
66112412,5935
66113512,3557
66114612,5923
66116112,3578
66117212,7018
66118312,6051
66119412,5526
66120912,9397
66122012,3623
66123112,4185
66124212,1727
66125312,3854
66126812,6428
66127912,9093
66129012,2194
66130112,30
66131612,7591
66132712,3805
66133812,2137
66134912,6888
66136512,6062
66137612,8407
66138712,5029
66139812,4259
66141312,3042
66142412,4259
66143512,5507
66144612,12168
66146112,10634
66147212,10538
66148312,9570
66149412,6725
66150912,4202
66152012,5334
66153112,9037
66154212,10448
66155312,4380
66156812,2598
66157912,7473
66159012,1443
66160112,5436
66161612,3008
66162712,5868
66163812,1471
66164912,5851
66239911,7672
66241511,9339
66242711,4494
66244011,7164
66245111,12171
66246611,11926
66247711,11078
66248811,7860
66249911,7256
66251411,7245
66252511,5484
66253611,1823
66254711,4303
66256211,4791
66346110,12188
66347612,9404
66348712,7876
66349812,6196
66351312,2127
66352412,3
66353512,4001
66354612,5957
66356112,12195
66357212,2997
66358312,6684
66359412,0
66361012,8605
66362112,2868
66363212,9823
66364312,6820
66365412,11424
66366912,12214
66368012,6490
66369112,10149
66370212,7629
66371712,1731
66372812,8580
66373912,4412
66375012,9480
66376512,3625
66377612,4343
66378712,8115
66379812,24
66381312,29
66382412,6249
66383512,932
66384612,3281
66386112,12222
66387212,6872
66388312,12167
66389412,4048
66390912,10425
66392012,8929
66393112,12191
66394212,7779
66395312,5667
66396812,2109
66397912,856
66399012,8914
66400112,3167
66401712,5474
66402812,5168
66403912,4198
66405012,11482
66406512,7468
66407612,6486
66408712,3853
66409812,10534
66411312,7103
66412412,3134
66413512,12214
66414612,4484
66416112,2298
66417212,7570
66418312,2875
66419412,12199
66493911,6585
66507510,11358
66623910,9593
66625510,10013
66627010,11351
66628110,7595
66629210,7412
66630310,6039
66631912,7029
66633012,5669
66634112,7025
66635212,9118
66636712,9701
66637812,5422
66638912,1354
66640012,46
66641512,3450
66642612,6626
66643712,8016
66644812,7700
66646312,2787
66647412,1862
66648512,2362
66649612,7556
66651112,5033
66652212,8512
66653312,3746
66654412,4478
66655912,6606
66657012,11117
66658112,7784
66659212,3649
66660312,7766
66661812,8636
66662912,6352
66664012,8893
66665112,1269
66666612,2237
66667712,2961
66668812,8292
66669912,8915
66671512,6971
66672612,9688
66673712,4984
66674812,4736
66676312,4928
66677412,8459
66678512,10697
66679612,9049
66681112,6942
66682212,7723
66683312,5526
66684412,7626
66685912,7265
66687012,6859
66688112,4027
66689212,5011
66690312,320
66691812,3105
66692912,8184
66694012,4315
66695112,1748
66696612,2334
66697712,5754
66698812,9772
66699912,7539
66789912,4015
66866710,9549
66868379,7115
66869510,7210
66871010,10726
66872110,10555
66873210,5361
66874310,6901
66875410,4882
66876910,8164
66878010,8034
66879110,3815
66880210,4804
66881711,3043
66882811,8650
66883911,7706
66885011,5916
66886511,4414
66887611,2468
66888711,4722
66889811,5052
66891311,5920
66892411,5087
66893511,7130
66894611,2298
66896211,9335
66897311,7786
66898411,5890
66899511,9056
66901011,8027
66902111,5938
66903211,2700
66904311,6760
66905411,7221
66906911,3704
66908011,3722
66909111,447
66910211,5412
66911711,8278
66912811,9696
66913911,1265
66915011,3996
66916511,8234
66917611,8660
66918711,6483
66919811,6778
66921311,4055
66922411,8920
66923511,9844
66924611,6384
66934612,3004
66936112,3152
66937212,6090
66938312,1827
66939412,8240
66940912,9558
66942012,5139
66943112,6767
66944212,9482
66945312,8917
66946912,7059
66948012,4675
66949112,4871
66950212,3484
67040012,3943
67041612,8955
67042812,3521
67043912,5855
67045012,5786
67046512,6842
67047612,4241
67048712,2517
67049812,5026
67124210,5491
67125710,8939
67127211,10385
67128411,8694
67129511,5338
67131011,7133
67132111,6682
67133211,7620
67134311,9557
67135411,3879
67136911,4377
67138011,5110
67139111,5654
67140211,6650
67141811,6097
67142911,0
67144011,5782
67145111,8299
67146611,8989
67147711,3712
67148811,3905
67149911,6427
67151411,6761
67152511,5367
67153611,56
67154711,4944
67156211,6111
67157311,5156
67158411,5617
67159511,10879
67161011,10437
67162111,6337
67163211,9104
67164311,4968
67165411,12002
67166911,7275
67168011,6744
67169111,7415
67170211,3482
67171711,8955
67172811,345
67173911,9003
67175011,4736
67176511,4911
67177611,6632
67178711,4440
67179811,8569
67181411,1395
67182511,6912
67183611,4150
67184711,3280
67186211,6165
67187311,4275
67188411,7126
67189511,8395
67279212,7208
67280812,4039
67282412,8973
67283612,4310
67284712,4867
67286212,1652
67287312,2260
67288412,9434
67289512,6112
67291012,3274
67292112,3703
67293212,7158
67294312,3810
67295412,4444
67370211,6352
67371811,5442
67373011,6705
67374111,10547
67375211,4055
67376711,7600
67377811,9607
67378911,8285
67380011,7045
67381511,9638
67382611,6487
67383711,3030
67384811,2267
67386311,8960
67387411,19
67388511,6466
67389611,13
67391111,10311
67392211,2542
67393311,7597
67394411,461
67395911,3710
67397011,11623
67398111,1704
67399211,9468
67400311,12201
67401811,10270
67402911,6576
67404011,5573
67405111,8442
67406611,4307
67407711,1307
67408811,8633
67409911,5994
67411511,2207
67412611,9111
67413711,6771
67414811,9264
67416311,983
67417411,8047
67418511,4406
67419611,11390
67421111,5697
67422211,6929
67423311,4781
67424411,12209
67434412,9630
67435912,2367
67437112,5059
67438212,2145
67526710,4091
67528311,7262
67529511,3207
67531011,2698
67532111,3397
67533211,2433
67534311,6170
67535411,5353
67536911,10020
67538011,1668
67539111,5402
67540211,5255
67541711,11662
67542811,5319
67543911,9436
67545011,4715
67546511,9178
67547611,6424
67548711,12188
67549811,1673
67551411,1046
67552511,5411
67553611,3472
67554711,8367
67653810,2032
67655310,4277
67656912,4
67658112,0
67659212,10369
67660312,4513
67661812,7156
67662912,12184
67664012,6556
67665112,6879
67666612,12166
67667712,12208
67668812,7405
67669912,12218
67671512,5168
67672612,9287
67673712,34
67674812,8371
67676312,3195
67677412,2216
67678512,7852
67679612,10262
67681112,7859
67682212,5606
67683312,8892
67684412,2600
67685912,9213
67687012,11257
67688112,9700
67689212,9258
67690312,7487
67691812,7608
67692912,5358
67694012,10916
67695112,3275
67696612,0
67697712,6733
67698812,36
67699912,1834
67701412,3163
67790810,12188
67792312,12193
67793412,7
67794512,12172
67796012,12204
67797112,6835
67798212,12203
67799312,51
67800412,12185
67801912,12170
67803012,949
67804112,1912
67805212,1305
67806712,12166
67807812,12220
67808912,8484
67810012,6191
67811512,32
67812612,12184
67813712,2240
67814812,11420
67816312,8321
67817412,2354
67818512,12214
67819612,22
67821212,9661
67822312,4428
67823412,10501
67824512,12189
67826012,1
67827112,12183
67828212,50
67829312,12175
67830412,47
67904211,8496
67905811,9284
67907311,5396
67908411,8165
67909511,6916
67911011,9707
67912111,2220
67913211,4006
67914311,21
67915411,5377
67917011,6368
67918111,5437
67919211,5208
67920311,12225
67921811,3437
67922911,4169
67924011,4558
67925111,6298
67934912,8636
67936412,7968
67937512,7702
67938712,727
67939812,1955
67941412,54
67942512,4440
67943612,1720
67944712,24
67946212,4289
67947312,1628
67948412,4735
68037310,2
68038810,12216
68039910,3958
68041412,2535
68042512,12181
68043612,5669
68044712,6322
68046212,4361
68047312,12203
68048412,4497
68049512,5533
68051012,5698
68052112,12172
68053212,10490
68054312,771
68055412,9484
68056912,2139
68058012,8338
68059112,2385
68060212,4001
68061712,5189
68062812,3437
68063912,3690
68065012,12176
68066512,8355
68067612,2539
68068712,9702
68069812,10052
68071412,8150
68072512,3452
68073612,11394
68074712,6214
68076212,6527
68077312,9950
68078412,12176
68079512,7861
68081012,1440
68082112,9914
68083212,4951
68084312,30
68085412,2081
68160411,2632
68162011,5172
68163211,4122
68164411,7729
68166011,2584
68167111,2601
68168211,12222
68169311,4311
68170411,4371
68171911,10442
68173011,10769
68174111,4369
68175211,10298
68176711,6432
68177811,2494
68178911,8478
68180011,6338
68181511,37
68182611,7494
68183711,6359
68184811,5
68186311,7008
68187411,12166
68277412,45
68278912,0
68280012,12163
68281512,6059
68282612,274
68283712,12222
68284812,27
68286312,819
68287412,12172
68288512,350
68289612,12154
68291112,12186
68292212,52
68293312,12217
68294412,41
68296012,47
68297112,12161
68298212,0
68299312,8985
68300412,12205
68301912,17
68303012,12181
68304112,12197
68305212,9
68306712,12164
68307812,12154
68308912,24
68310012,12213
68311512,10397
68312612,8306
68313712,8961
68314812,5544
68316312,10990
68317412,10171
68318512,2624
68319612,12166
68321112,11106
68322212,7116
68323312,12206
68324412,57
68325912,6004
68327012,12183
68328112,0
68329212,12172
68330312,14
68331812,6053
68332912,10702
68334012,30
68335112,12203
68336712,10377
68337812,5162
68338912,12189
68340012,40
68413912,2808
68415412,1623
68416912,3530
68418112,8639
68419212,41
68420312,12193
68421812,8520
68422912,6192
68424012,9772
68425112,9525
68435012,1281
68526112,8
68527612,1026
68528812,9641
68529912,10280
68531412,12160
68532512,12173
68533612,12214
68534712,12178
68536312,1997
68537412,7533
68538512,42
68539612,10841
68541112,46
68542212,12163
68543312,5456
68544412,12222
68545912,24
68547012,7382
68548112,6685
68549212,8520
68550312,11395
68551812,10818
68552912,12185
68554012,6820
68555112,12172
68556612,40
68557712,12163
68558812,6680
68559912,4227
68561412,2807
68562512,1250
68563612,12200
68564712,52
68566212,12188
68567312,1405
68568412,8853
68569512,3816
68571012,0
68572112,10808
68573212,37
68574312,4781
68575412,12176
68577012,10372
68578112,9329
68579212,3937
68580312,39
68581812,11990
68582912,22
68584012,7376
68585112,3165
68586612,12217
68587712,9647
68588812,10611
68589912,7269
68591412,910
68592512,2266
68593612,40
68594712,8355
68693612,5343
68695212,344
68696812,6386
68698012,12224
68699112,10359
68700212,3725
68790021,9480
68791621,2415
68792812,7980
68794012,3320
68795112,7305
68796612,7822
68797712,6549
68798812,8454
68799912,6344
68801412,8278
68802512,3837
68803612,5492
68804712,2521
68806212,2737
68807312,5235
68808412,10788
68809512,8468
68811012,8575
68812112,4366
68813212,4191
68814312,7537
68815412,3940
68816912,7102
68818012,5945
68819112,5075
68820212,10450
68821712,9502
68822812,8021
68823912,10565
68825012,3360
68826512,7060
68827612,2758
68828712,7757
68829812,5541
68831412,2529
68832512,3888
68833612,7887
68834712,11363
68836212,3973
68837312,3622
68838412,9370
68839512,3588
68841012,6639
68842112,5006
68843212,8346
68844312,4150
68845412,4070
68846912,11506
68848012,774
68849112,5774
68850212,4168
68851712,6647
68852812,3579
68853912,7628
68855012,5044
68856512,4918
68857612,5352
68858712,7859
68859812,43
68861312,3184
68862412,4018
68863512,9832
68864612,6017
68866112,7070
68956012,3177
69046612,10076
69048368,4948
69049512,3650
69051012,7067
69052112,12181
69053212,2558
69054312,3953
69055412,8096
69056912,8280
69058012,1980
69059112,11164
69060212,6465
69061712,3405
69062812,6060
69063912,12182
69065012,4708
69066512,9555
69067612,12222
69068712,5080
69069812,13
69071312,2447
69072412,8956
69073512,8252
69074612,12212
69076212,28
69077312,2744
69078412,2265
69079512,3340
69081012,4156
69082112,5295
69083212,7248
69084312,11056
69085412,7550
69086912,12226
69088012,12203
69089112,8602
69090212,10543
69091712,1919
69092812,854
69093912,2988
69095012,5496
69096512,3
69097612,5201
69098712,0
69099812,12
69101312,9793
69102412,10596
69103512,7352
69104612,11955
69106112,4901
69107212,8895
69108312,12200
69109412,8654
69110912,12181
69112012,5844
69113112,3102
69114212,9162
69115312,3098
69116912,6161
69118012,1691
69119112,7824
69120212,8896
69121712,4211
69211511,5811
69213111,43
69214311,4353
69215511,4887
69217111,7250
69218211,8294
69219311,1923
69220411,6629
69221911,3060
69223011,6274
69224111,54
69225211,5112
69299512,5875
69301112,5141
69302312,3850
69303412,3470
69304512,18
69306012,9029
69307112,4211
69308212,10697
69309312,7616
69310412,5838
69311912,5592
69313012,944
69314112,5733
69315212,6473
69316712,6932
69317812,5975
69318912,4638
69320012,9076
69321512,10459
69322612,6834
69323712,8553
69324812,9905
69326312,6199
69327412,9268
69328512,6338
69329612,5817
69331112,2898
69332212,5947
69333312,2985
69334412,4337
69336012,1377
69337112,6710
69338212,5342
69339312,6512
69340412,9000
69341912,4573
69343012,2409
69344112,4357
69345212,8374
69346712,8024
69347812,3672
69348912,3904
69350012,5033
69351512,4918
69352612,6879
69353712,7775
69354812,7406
69356312,3751
69357412,4006
69358512,8424
69359612,1379
69361112,6281
69450210,10327
69462512,5784
69464012,7815
69465112,1687
69466712,7499
69467812,3694
69468912,8722
69470012,7599
69471512,5890
69472612,6864
69473712,6114
69474812,2921
69476312,5755
69477412,6612
69478512,6402
69479612,3561
69481112,2819
69482212,4557
69483312,6750
69484412,3184
69558811,1851
69560411,4282
69561911,7128
69563011,6839
69564111,3572
69565211,6138
69566711,5926
69567811,6049
69568911,11502
69570011,9756
69571611,3687
69572711,8627
69573811,7959
69574911,5368
69576411,11291
69577511,8191
69578611,4921
69579711,5342
69581211,5066
69582311,2642
69583411,3199
69584511,3134
69586011,4852
69587111,10659
69588211,6703
69589311,6860
69590411,7541
69591911,4706
69593011,4716
69594111,5118
69595211,7522
69596711,12218
69597811,9057
69598911,9873
69600011,9622
69601511,2849
69602611,4702
69603711,5815
69604811,5105
69606311,2445
69607411,3227
69608511,1687
69609611,6146
69611211,6404
69725210,4233
69726812,4771
69727912,6481
69729012,7226
69730212,7709
69731712,5708
69732812,6694
69733912,4812
69735012,3772
69736512,6728
69737612,1885
69738712,8490
69739812,6822
69741312,5834
69742412,6749
69743512,4679
69744612,3174
69746112,3532
69747212,5986
69748312,7963
69749412,4353
69751012,11507
69752112,7193
69753212,3314
69754312,7795
69755412,6655
69756912,6463
69758012,8421
69759112,12178
69760212,8131
69833811,4726
69835568,2769
69837111,1831
69838211,7345
69839311,9517
69840411,5344
69841911,9092
69843011,6963
69844111,6332
69845211,2523
69846711,26
69847811,5819
69848911,6196
69850011,6905
69851511,5466
69852611,9815
69853711,4988
69854811,3453
69856311,8181
69857411,5829
69858511,4438
69859611,4222
69861211,9916
69862311,12198
69863411,11325
69864511,7936
69866011,7746
69867111,4117
69868211,8295
69869311,418
69870411,1211
69871911,2864
69873011,5239
69874111,6267
69963810,9951
69988110,7154
69989610,0
69991112,12209
69992312,8
69993412,12192
69994512,45
69996012,12181
69997112,5251
69998212,12172
69999312,10
70000412,12216
70001912,4720
70003012,7638
70004112,11998
70005212,12206
70006812,12211
70007912,2475
70009012,12165
70010112,968
70011612,12189
70012712,0
70013812,12210
70014912,29
70016412,12160
70017512,31
70018612,12180
70019712,17
70021212,12163
70022312,21
70023412,12177
70024512,0
70026012,8973
70027112,18
70028212,12205
70029312,12
70030412,12184
70104511,10221
70106011,4124
70107211,8178
70108311,12201
70109411,6161
70110911,12206
70112011,3173
70113111,11347
70114211,2603
70115311,3042
70116911,4088
70118011,12181
70119111,7590
70120211,5503
70121711,3569
70122811,6605
70123911,5325
70125011,8976
70126511,6864
70127611,7548
70128711,5929
70129811,9524
70131311,9441
70132411,3257
70133511,5512
70134611,1884
70136111,7543
70224910,15
70226510,5853
70227620,6116
70228875,6693
70230010,5651
70231510,4837
70232610,7260
70233710,8913
70234810,7273
70236310,2956
70237410,6781
70238510,5777
70239610,10431
70241112,10958
70242212,4972
70243312,5559
70244412,11321
70245912,8922
70247012,2638
70248112,3328
70249212,5947
70250312,0
70251812,1453
70252912,9208
70254012,6487
70255112,8325
70256712,3988
70257812,4728
70258912,1807
70260012,5346
70261512,9087
70262612,8623
70263712,12224
70264812,12195
70266312,5344
70267412,6418
70268512,5383
70269612,2861
70271112,30
70272212,8858
70273312,6314
70274412,8281
70275912,8552
70277012,8389
70278112,5245
70279212,8398
70280312,1702
70281812,3
70282912,8278
70284012,9156
70285112,6545
70359212,5019
70360712,9908
70362212,11097
70363412,8910
70364512,10008
70366012,6561
70367112,6704
70368212,9028
70369312,7646
70370412,8629
70371912,10685
70373012,10175
70374112,10674
70463810,6546
70477310,8605
70478810,8840
70479910,10001
70481412,10546
70482512,10893
70483612,9628
70484712,6977
70486212,7576
70487312,4477
70488412,3356
70489512,2301
70491012,20
70492112,1858
70493212,3226
70494312,4891
70495412,9343
70496912,8212
70498012,7978
70499112,7808
70500212,3076
70501712,11215
70502812,6841
70503912,5260
70505012,10579
70506512,8683
70507612,4049
70508712,10577
70509812,7722
70511412,1300
70512512,3137
70513612,5080
70514712,3778
70516212,11210
70517312,8699
70518412,3204
70519512,7791
70521012,5411
70522112,4862
70523212,4347
70524312,6217
70525412,4978
70526912,7855
70528012,5979
70529112,10285
70530212,12198
70531712,6870
70532812,9780
70533912,8624
70535012,4174
70536512,5451
70537612,1574
70538712,6328
70539812,2672
70541312,5316
70542412,6182
70543512,3166
70544612,7300
70618411,4976
70620168,3517
70621711,2260
70622811,8805
70623911,0
70625011,10003
70738312,30
70739912,2525
70741421,6921
70742612,9610
70743812,13
70744912,12
70746412,12165
70747512,7057
70748612,1913
70749712,7411
70751212,12188
70752312,12153
70753412,3548
70754512,12215
70756012,5053
70757112,14
70758212,12202
70759312,6
70760412,60
70761912,1706
70763012,4094
70764112,6781
70765212,9877
70766712,12212
70767812,2692
70768912,76
70770012,2308
70771512,45
70772612,6802
70773712,12186
70774812,8535
70776312,12201
70777412,12211
70778512,0
70779612,9833
70781212,9883
70782312,33
70783412,12215
70784512,1832
70786012,2077
70787112,10
70788212,4236
70789312,12180
70790412,0
70791912,11755
70793012,40
70794112,7303
70795212,12179
70796712,12181
70797812,10345
70798912,5776
70800012,3756
70801512,1
70802612,5871
70803712,12220
70804812,46
70806312,12193
70807412,6606
70808512,12172
70809612,8620
70811112,1938
70812212,11586
70813312,8
70814412,12178
70980312,5
70992610,9674
70994110,902
70995210,4901
70996812,6540
70997912,12158
70999012,11017
71000112,5947
71001612,35
71002712,34
71003812,1119
71004912,47
71006412,10871
71007512,6612
71008612,4094
71009712,11626
71011212,0
71012312,12195
71013412,46
71014512,12220
71016012,26
71017112,12157
71018212,325
71019312,12198
71020412,256
71021912,12178
71023012,51
71024112,12211
71025212,2
71026812,12169
71027912,0
71029012,12222
71030112,2
71031612,12214
71032712,11
71033812,12179
71034912,29
71036412,12209
71037512,6
71038612,12170
71039712,1344
71041212,12204
71042312,6569
71043412,12174
71044512,43
71046012,12199
71047112,3061
71048212,10579
71049312,52
71050412,12223
71051912,6834
71053012,11990
71054112,0
71055212,12162
71056712,8598
71057812,10052
71058912,48
71060012,12187
71061512,8589
71062612,12207
71063712,20
71064812,12164
71066412,12209
71067512,12176
71155412,12200
71156912,5362
71158012,8150
71159112,795
71160312,12198
71161912,11485
71163012,8910
71164112,10728
71165212,12164
71239811,12211
71241411,10399
71242611,12163
71243711,7641
71244811,12200
71246311,10386
71247411,7316
71248511,7227
71249611,5707
71251111,2711
71252211,9291
71253311,11671
71254411,10793
71255911,8813
71257011,5411
71258111,4606
71259211,4362
71260311,1594
71261811,7515
71262911,8433
71264011,5201
71265111,2514
71266611,3481
71267711,2510
71268811,3943
71269911,30
71271411,1149
71272511,5853
71273611,5718
71274711,4201
71276211,7210
71277311,12201
71278411,960
71279511,4241
71281111,9313
71282211,8696
71283311,50
71284411,12163
71285911,3969
71287011,8694
71288111,2215
71289211,10137
71290311,5744
71291811,7244
71292911,48
71294011,6174
71295111,12180
71296611,5508
71297711,46
71298811,10109
71299911,6465
71301411,12193
71302511,116
71303611,8494
71304711,6161
71395377,12194
71396912,0
71398112,12159
71399212,12194
71400312,12193
71401812,3747
71402912,34
71404012,18
71405112,7550
71406712,12213
71407812,41
71408912,10036
71410012,0
71411512,12187
71412612,12187
71413712,43
71414812,12185
71416312,6379
71417412,33
71418512,12166
71419612,0
71493912,4599
71511110,3745
71512610,5631
71513810,1
71514910,7861
71516410,3936
71517510,4506
71518610,3643
71519710,2067
71521311,2911
71522411,12197
71523511,2
71524611,45
71526111,12219
71527211,12210
71528311,9877
71529411,6653
71530911,12175
71532011,0
71533111,12209
71534211,7026
71535311,12220
71536811,53
71537911,10445
71539011,3931
71540111,41
71541611,12167
71542711,9
71543811,52
71544911,12216
71546411,12208
71547511,1044
71548611,12216
71549711,1121
71551211,49
71552311,5379
71553411,12198
71554511,4967
71556011,4848
71557111,12209
71558211,1425
71559311,10444
71560411,12174
71649012,34
71650612,5
71652112,12222
71653212,4073
71654312,1769
71655412,10
71656912,4717
71658012,30
71659112,15
71660212,5664
71661712,21
71662812,549
71663912,2852
71665012,12204
71666612,52
71667712,2824
71668812,10
71669912,5026
71671412,25
71672512,12205
71673612,12210
71674712,12152
71676212,20
71677312,12153
71678412,12195
71679512,0
71777712,10941
71779312,8994
71780512,12210
71782012,12195
71783212,37
71784312,12163
71785412,12215
71786912,12210
71788012,12177
71789112,7
71790212,12
71791712,58
71792812,12178
71793912,12207
71795012,12201
71796612,12215
71797712,12221
71798812,8248
71799912,12214
71801412,12215
71802512,3449
71803612,12186
71804712,8
71806212,2353
71807312,38
71808412,12166
71809512,12222
71811012,12221
71812112,12167
71813212,6802
71814312,20
71815412,12171
71816912,12165
71818012,9631
71819112,4923
71820212,12203
71821712,57
71822812,12194
71911312,12214
71912812,12207
71913912,13
71915112,10549
71916712,7969
71917812,7
71918912,1943
71920012,1267
71921512,5534
71922612,4171
71923712,8150
71924812,10935
71934612,7456
71936112,6507
71937212,5675
71938412,7335
71939512,1366
71941112,12174
71942212,11062
71943312,44
71944412,12207
71945912,0
71947012,10702
71948112,9016
71949212,52
71950312,12177
71951812,12220
71952912,4653
71954012,6725
71955112,12179
71956612,25
71957712,12170
71958812,5739
71959912,2995
72034511,12187
72036011,12159
72037111,3152
72038211,12187
72039411,11291
72040911,7470
72042011,8378
72043111,12186
72044211,47
72045311,12210
72046811,12232
72047911,2416
72049011,8424
72050111,12198
72051611,12162
72052711,46
72053811,12191
72054911,12200
72056411,12197
72057511,20
72058611,12209
72059711,12189
72061211,8538
72062311,5
72063411,12185
72064511,8511
72066011,2877
72067111,1907
72068211,12165
72069311,7507
72159212,4877
72160877,7744
72162412,7049
72163512,8392
72164612,7568
72166112,11744
72167212,3532
72168312,1832
72169412,3686
72170912,5314
72172012,9954
72173112,6048
72174212,4657
72175312,6246
72176812,9871
72177912,8221
72179012,3022
72180112,5910
72181612,9039
72182712,9023
72183812,9011
72184912,9850
72186512,5501
72187612,9512
72188712,8864
72189812,8040
72191312,6780
72192412,5874
72193512,4491
72194612,9998
72196112,5848
72197212,6845
72198312,8697
72199412,6675
72200912,6512
72202012,5004
72203112,4828
72204212,3150
72205312,2555
72206812,7505
72207912,9628
72209012,3255
72210112,7327
72211612,7925
72212712,6787
72213812,7529
72214912,1802
72288711,7676
72290311,5740
72291911,8930
72293111,6879
72294211,3628
72295311,4399
72296811,2784
72297911,1879
72299011,281
72300111,4903
72301611,5597
72302711,4883
72303811,9126
72304911,9026
72306511,9525
72307611,10485
72308711,6880
72398210,3160
72399812,0
72401312,6934
72402412,8614
72403512,9322
72404612,3183
72406112,3174
72407212,3372
72408312,2393
72409412,3100
72410912,5540
72412012,9428
72413112,9036
72414212,3862
72415312,6751
72416812,6277
72417912,7716
72419012,5315
72420112,6031
72421612,1577
72422712,7493
72423812,4583
72424912,1641
72442110,6519
72443610,1177
72444710,2898
72446212,9818
72447312,3973
72448412,6075
72449512,9786
72451012,9355
72452112,6441
72453212,5378
72454312,5899
72455412,2668
72456912,6006
72458012,3978
72459112,2968
72460212,1506
72461712,3028
72462812,5227
72463912,9888
72465012,4364
72466512,5659
72467612,6385
72468712,4586
72469812,3349
72471312,10642
72472412,5860
72473512,5706
72474612,1322
72548110,6188
72549711,3298
72551211,3689
72552311,6846
72553411,2373
72554511,3941
72556011,7109
72557111,5289
72558211,8982
72559311,5895
72560411,6092
72561911,11426
72563011,8543
72652610,11228
72654110,5047
72655210,8148
72656712,2038
72657812,5759
72658912,6644
72660012,4027
72661512,2972
72662612,7600
72663712,2154
72664812,9293
72666312,8048
72667412,2847
72668512,7989
72669612,12199
72671212,7419
72672312,5873
72673412,6726
72674512,3201
72676012,36
72677112,4076
72678212,4477
72679312,9879
72680412,8297
72681912,10783
72683012,5703
72684112,9717
72685212,6313
72686712,11509
72687812,8968
72688912,5925
72690012,37
72691512,9559
72692612,1456
72693712,9239
72694812,509
72696312,6045
72697412,727
72698512,9992
72699612,2969
72701112,4271
72702212,10216
72703312,10392
72704412,5482
72705912,12223
72707012,6461
72708112,5234
72709212,6576
72710312,1661
72711912,4738
72713012,4984
72714112,12157
72715212,8227
72716712,9105
72717812,7852
72718912,3620
72720012,9064
72721512,11203
72722612,5668
72723712,7371
72724812,7460
72823311,10388
72825068,12200
72826611,4341
72918921,3821
72920521,1609
72922012,5231
72923112,4713
72924212,8680
72925312,10284
72935311,6048
72936811,4313
72938011,9355
72939111,9715
72940211,8802
72941711,3114
72942811,7505
72943911,6420
72945011,6162
72946611,4822
72947711,7880
72948811,5917
72949911,6386
72951411,1116
72952511,4171
72953611,9410
72954711,4191
72956211,8988
72957311,6971
72958411,10886
72959511,5762
72961011,2593
72962111,0
72963211,3959
72964311,6484
72965411,6768
72966911,10706
72968011,5564
72969111,7084
72970211,7498
72971711,7011
72972811,9276
72973911,9578
72975011,4180
72976511,6646
72977611,10409
72978711,6290
72979811,2779
72981311,41
72982411,3374
72983511,4298
72984611,2221
72986211,3514
72987311,2608
72988411,4022
72989511,8746
72991011,7622
72992111,7995
72993211,6164
72994311,9561
72995411,4007
72996911,5178
72998011,5478
72999111,5478
73000211,8536
73001711,6266
73002811,9586
73003911,8638
73093210,6982
73171610,5686
73173112,3991
73174212,7899
73175412,6234
73176912,11159
73178012,4760
73179112,3968
73180212,1580
73181712,5233
73182812,11203
73183912,23
73185012,7043
73186612,3165
73187712,4368
73188812,12199
73189912,4921
73191412,12210
73192512,5989
73193612,11039
73194712,9639
73196212,2434
73197312,12193
73198412,34
73199512,4817
73201012,4792
73202112,48
73203212,12201
73204312,4228
73205412,9144
73206912,8836
73208012,5859
73209112,12213
73210212,7276
73211712,5280
73212812,12206
73213912,7988
73215012,12164
73216512,10670
73217612,8416
73218712,9234
73219812,43
73221312,2988
73222412,8409
73223512,7301
73224612,10674
73226212,4421
73227312,44
73228412,9095
73229512,6160
73231012,6931
73232112,0
73233212,43
73234312,7361
73235412,12218
73236912,7739
73238012,38
73239112,6
73240212,7026
73241712,11638
73242812,8492
73243912,12220
73245012,1166
73246512,4407
73335512,9654
73337112,1176
73338212,12164
73339312,5057
73340412,36
73341912,10227
73343012,12163
73344112,0
73345212,12202
73346712,12209
73347812,6
73348912,12202
73350012,12162
73424510,5546
73451911,2667
73453411,3145
73454511,4806
73456011,9669
73457111,8370
73458211,4450
73459311,6892
73460411,1908
73462011,2646
73463111,6531
73464211,10460
73465311,8967
73466811,16
73467911,5449
73469011,7889
73470111,10227
73471611,43
73472711,12169
73473811,37
73474911,12198
73476411,12183
73477511,12223
73478611,8141
73479711,2560
73481211,2919
73482311,3209
73483411,3799
73484511,12183
73486011,12158
73487111,56
73488211,12182
73489311,1130
73490411,12162
73491911,12176
73493011,4574
73494111,855
73495211,5546
73496711,35
73497811,12216
73498911,12181
73500011,2996
73501611,12196
73502711,20
73503811,12215
73504911,11720
73506411,12199
73507511,12207
73508611,47
73509711,26
73511211,8083
73600910,12213
73602410,9974
73603510,7753
73604610,7548
73606112,9259
73607212,0
73608312,5386
73609412,5249
73610912,5357
73612012,12199
73613112,4725
73614212,5947
73615312,9672
73616812,0
73617912,8366
73619012,6120
73620112,2451
73621712,12183
73622812,10875
73623912,46
73625012,3313
73699610,7615
73701110,12165
73702310,6603
73703410,5456
73704510,5968
73706010,32
73707110,3054
73708210,9
73709310,12231
73710410,12196
73712011,12175
73713111,11729
73714211,12159
73715311,52
73716811,41
73717911,12190
73719011,37
73720111,5588
73721611,12207
73722711,43
73723811,12202
73724911,1285
73726411,36
73727511,12178
73728611,4169
73729711,12159
73731211,12182
73732311,989
73733411,2464
73734511,35
73736011,45
73737111,12200
73738211,12200
73739311,12199
73740411,33
73741911,12197
73743011,3070
73744111,3
73745211,4653
73746711,41
73747811,12199
73748911,12208
73750011,52
73862512,12169
73864112,11662
73865312,3441
73866912,12198
73868012,6583
73869112,12178
73870212,12164
73871712,12150
73872812,12180
73873912,12196
73875012,10490
73876512,5356
73877612,8816
73878712,4
73879812,12187
73881312,4768
73882412,52
73883512,12216
73884612,4007
73886112,12193
73887212,10429
73888312,8575
73889412,7916
73890912,5104
73892012,12187
73893112,10504
73894212,6902
73895312,8424
73896912,4550
73898012,7500
73899112,7788
73900212,3683
73975710,11208
73989012,12199
73990612,61
73992112,65
73993212,3819
73994312,0
73995412,12183
73996912,5819
73998012,12170
73999112,3263
74000212,6376
74001712,8563
74002812,33
74003912,12180
74005012,52
74006512,12179
74007612,4318
74008712,22
74009812,12204
74011312,12166
74012412,8599
74013512,12176
74014612,7750
74016112,0
74017212,12198
74018312,2000
74019412,7419
74020912,12183
74022012,42
74023112,12183
74024212,12182
74025312,50
74115412,6743
74117012,10456
74118212,12163
74119312,9674
74120412,4323
74121912,12204
74123012,5545
74124112,12164
74125212,12214
74126712,12165
74127812,8882
74128912,9467
74130012,861
74131612,33
74132712,3824
74133812,45
74134912,12206
74136412,9722
74137512,45
74138612,12170
74139712,12167
74141212,0
74142312,9044
74143412,3305
74144512,377
74146012,12215
74147112,725
74148212,4205
74149312,1312
74150412,5908
74151912,7378
74153012,9985
74154112,6631
74155212,4037
74156712,8276
74157812,6137
74158912,12173
74160012,2036
74234112,12219
74235712,0
74237212,12175
74238312,1929
74239412,12183
74240912,11
74242012,8955
74243112,6871
74244212,12180
74245312,3156
74246812,45
74247912,12207
74249012,47
74250112,12166
74251712,9402
74252812,12200
74253912,28
74255012,12184
74256512,401
74257612,7
74258712,4
74259812,12163
74261312,37
74262412,4
74263512,12222
74264612,3
74353012,62
74354512,12210
74356021,2825
74357212,10
74358312,12147
74359412,12176
74360912,12216
74362012,12219
74363112,12208
74364212,55
74365312,59
74366812,12200
74367912,12212
74369012,12168
74370112,12204
74371712,7478
74372812,6922
74373912,7
74375012,2018
74376512,12202
74377612,12162
74378712,6
74379812,16
74381312,27
74382412,12194
74383512,12169
74384612,3860
74386112,20
74387212,60
74388312,2958
74389412,12213
74390912,12173
74392012,12
74393112,42
74394212,12191
74395312,12205
74396812,12171
74397912,32
74399012,2
74400112,12189
74401612,12192
74402712,12201
74403812,54
74404912,11
74478612,12191
74490810,37
74492310,2162
74493410,12180
74494510,12165
74496112,8888
74497212,10664
74498312,12161
74499412,5
74500912,11
74502012,4955
74503112,951
74504212,12198
74505312,12214
74506812,7407
74507912,11303
74509012,6075
74510112,1728
74511612,3306
74512712,12225
74601210,30
74602710,12161
74603810,5782
74605010,12218
74606612,35
74607712,7801
74608812,12201
74609912,28
74611412,6980
74612512,12167
74613612,21
74614712,12201
74616212,12178
74617312,11916
74618412,10431
74619512,5787
74621012,7373
74622112,12170
74623212,10176
74624312,8165
74625412,6370
74626912,7571
74628012,12209
74629112,6129
74630212,8404
74631712,4814
74632812,12220
74633912,7015
74635012,12047
74636512,2073
74637612,6789
74638712,10198
74639812,6232
74641312,715
74642412,5655
74643512,9456
74644612,12182
74646212,6396
74647312,12171
74648412,3781
74649512,11128
74651012,5453
74652112,4648
74653212,5458
74654312,1436
74655412,8884
74656912,33
74658012,1188
74659112,15
74660212,2222
74661712,12185
74662812,8475
74663912,12197
74665012,12183
74738812,27
74740312,6212
74741812,12171
74743012,0
74744112,12190
74745212,3368
74746712,12224
74747812,41
74748912,12154
74750012,28
74864010,7462
74865610,7673
74867110,1819
74868370,2217
74869510,11068
74871010,8309
74872110,201
74873210,7042
74874310,1447
74875410,5958
74876910,4870
74878010,12225
74879110,52
74880210,9814
74881712,9147
74882812,3141
74883912,2787
74885012,4712
74886512,1959
74887612,4638
74888712,4406
74889812,34
74891312,3
74892412,6954
74893512,12201
74894612,1670
74896212,8246
74897312,28
74898412,7062
74899512,8354
74901012,6051
74902112,7699
74903212,4134
74904312,6056
74905412,6655
74906912,1214
74908012,2420
74909112,4787
74910212,10281
74911712,8539
74912812,12168
74913912,773
74915012,12165
74916512,8769
74917612,12170
74918712,2
74919812,12209
74921312,1427
74922412,12195
74923512,6
74924612,45
74934611,9075
74936111,6873
74937211,12221
74938311,2391
74939511,12212
75014310,4229
75015912,4831
75017412,3698
75018512,6833
75019612,1411
75021112,9721
75022212,1089
75023312,6221
75112112,2224
75113612,5138
75114712,3534
75116212,3
75117312,4071
75118412,9422
75119512,7248
75121012,2739
75122112,4833
75123212,7935
75124312,5753
75125412,6198
75126912,4135
75128012,7785
75129112,8732
75130212,12203
75131812,9946
75132912,5691
75134012,5219
75135112,8569
75136612,6362
75137712,4598
75138812,4692
75139912,2770
75141412,1565
75142512,7102
75143612,5151
75144712,4560
75146212,2948
75147312,7264
75148412,1830
75149512,7946
75151012,6134
75152112,5991
75153212,6956
75154312,5592
75155412,5064
75156912,6895
75158012,3771
75159112,2695
75160212,980
75161712,3306
75162812,3977
75163912,5480
75165012,7296
75166512,700
75167612,9319
75168712,2982
75169812,4068
75171412,5099
75172512,3187
75173612,5957
75174712,4883
75176212,10829
75177312,8850
75178412,9500
75179512,3748
75181012,6258
75182112,2296
75183212,3767
75184312,1488
75185412,4500
75186912,3034
75188012,7610
75277210,6838
75355112,4706
75356712,10872
75357912,7502
75359112,2023
75360212,3727
75361712,1608
75362812,1331
75363912,2306
75365012,1112
75366512,8083
75367612,12170
75368712,10858
75369812,6903
75371312,5109
75372412,10997
75373512,3956
75374612,8518
75376112,9129
75377212,5157
75378312,1498
75379412,5984
75380912,664
75382012,4232
75383112,8554
75384212,4184
75385312,8244
75386812,4889
75387912,9008
75389012,3158
75390112,1815
75391712,5072
75392812,9088
75393912,7298
75395012,7440
75396512,4917
75397612,4241
75398712,11820
75399812,5039
75401312,3176
75402412,6333
75403512,1394
75404612,12175
75406112,9953
75407212,7499
75408312,4328
75409412,5925
75410912,5178
75412012,40
75413112,4818
75414212,11054
75415312,6401
75416812,7038
75417912,10522
75419012,7006
75420112,4989
75421612,3495
75422712,7824
75423812,6445
75424912,11494
75449110,6414
75450610,1911
75452112,996
75453312,3335
75543112,12162
75544612,1251
75546112,9016
75547312,8049
75548412,4002
75549512,10700
75624011,10233
75625611,11567
75627211,10630
75628411,8377
75629511,7786
75631011,10
75632111,6841
75633211,6685
75634311,2120
75635411,10151
75636911,4167
75638011,9479
75639111,3308
75640211,11602
75641811,8028
75642911,9311
75644011,7803
75645111,3849
75646611,11550
75647711,12191
75648811,4546
75649911,1858
75651411,9324
75652511,5091
75653611,9754
75654711,6734
75656211,2137
75657311,12173
75658411,0
75659511,10599
75661011,3323
75662111,12165
75663211,3138
75664311,12215
75665411,56
75666911,12222
75668011,5599
75669111,3276
75670211,18
75671711,25
75672811,10119
75673911,52
75675011,12203
75676511,42
75677611,12208
75678711,9
75679811,12208
75681411,12188
75682511,36
75683611,12199
75684711,7
75686211,0
75687311,12164
75688411,7280
75689511,12164
75691011,12171
75692111,0
75693211,6250
75782412,31
75784012,7254
75785112,1
75786612,12165
75787712,1366
75788812,7010
75789912,12190
75791512,10991
75792612,12179
75793712,8
75794812,12218
75796312,41
75797412,12201
75798512,3
75799612,12208
75898212,7861
75899812,5327
75901412,8443
75902512,15
75903612,35
75904712,12185
75906212,8394
75907312,4710
75908412,12226
75909512,2884
75911012,7551
75912112,12232
75913212,43
75914312,12185
75915412,12193
75916912,25
75918012,554
75919112,12
75920212,12212
75921712,12212
75922812,12179
75923912,10186
75925012,30
75934910,12190
75936410,5
75937510,12168
75938610,11578
75939710,12173
75941212,9833
75942312,46
75943412,12159
75944512,12214
75946012,4395
75947112,9031
75948212,6
75949312,12225
75950412,12221
75951912,1723
75953012,8369
75954112,3
75955212,12194
75956712,11468
75957812,6444
75958912,12203
75960012,565
75961512,12178
75962612,8455
75963712,6097
75964812,11804
76054016,26
76055768,12223
76057311,6
76058511,13
76059611,55
76061111,41
76062211,6245
76063311,12179
76064411,12180
76066011,12194
76067111,12199
76068211,11663
76069311,21
76070411,12167
76071911,40
76073011,12209
76074111,10361
76075211,22
76149910,3377
76151410,734
76152510,4637
76153610,2263
76154710,5885
76156212,9250
76157312,7046
76158412,7084
76159512,10266
76161012,9569
76162112,576
76163212,7927
76164312,11950
76165412,12162
76166912,12222
76168012,25
76169112,8007
76170212,7982
76171812,3610
76172912,6407
76174012,33
76175112,3042
76176612,7740
76177712,6700
76178812,9447
76179912,5606
76181412,3533
76182512,7161
76183612,12062
76184712,8347
76186212,5774
76187312,12209
76188412,10146
76189512,5804
76191012,41
76192112,4166
76193212,3346
76194312,1866
76195412,6451
76196912,8030
76198012,2494
76199112,6837
76200212,12173
76201712,2375
76202812,9087
76203912,3880
76293112,12199
76294712,12201
76296312,12181
76297512,41
76298612,12210
76299712,4
76301212,32
76302312,12217
76303412,6488
76304512,7614
76306012,12217
76307112,12202
76308212,12185
76309312,11585
76310412,12196
76311912,12184
76313012,11368
76314112,0
76315212,12216
76316712,4377
76317812,1191
76318912,12192
76320012,52
76321612,12220
76322712,12176
76323812,4502
76324912,7354
76326412,6534
76327512,10581
76328612,12184
76329712,609
76404011,21
76405511,4796
76407011,10924
76408311,12192
76409411,8857
76410911,277
76412011,12174
76413111,7004
76414211,7135
76415311,6298
76416811,5541
76417911,11580
76419011,1571
76420111,12163
76421611,7136
76422711,10121
76423811,12183
76424911,6496
76438412,1185
76439912,5163
76441512,7979
76442612,8171
76443712,2999
76444812,6902
76446312,6435
76447412,3834
76448512,7851
76449612,3328
76451112,3494
76452212,10964
76453312,5020
76454412,10828
76455912,8290
76546610,12170
76548210,5661
76549479,1
76551010,7562
76552110,12211
76553210,6771
76554310,12164
76555410,24
76556910,12189
76558010,12175
76559110,12203
76560210,1175
76561712,8
76562812,12155
76563912,2587
76565012,12214
76566512,12178
76567612,678
76568712,12226
76569812,28
76571312,12207
76572412,12198
76573512,12191
76574612,12206
76576212,10281
76577312,12200
76578412,12176
76579512,12217
76581012,8920
76582112,10878
76583212,2672
76584312,12212
76585412,12191
76659910,596
76661510,11446
76662710,7208
76663810,12174
76664910,7443
76666411,5707
76667511,8222
76668611,12186
76669711,10715
76671211,24
76672311,2510
76673411,4205
76674511,6393
76676011,12174
76677111,1233
76678211,4512
76679311,6271
76680411,12222
76682011,10913
76683111,44
76684211,12176
76685311,3793
76686811,4877
76687911,12222
76689011,49
76690111,12171
76691611,3542
76692711,8046
76693811,10339
76694911,53
76696411,2493
76787112,8883
76788712,4231
76789912,12189
76791412,8377
76792512,11
76793612,12204
76794712,9
76796212,11802
76797312,12148
76798412,12188
76799512,43
76801012,12169
76802112,2875
76803212,9049
76804312,12198
76805412,1346
76806912,12206
76808012,7124
76809112,10612
76810212,12193
76811712,7442
76812812,12165
76813912,297
76815012,52
76816512,5014
76817612,9610
76818712,12203
76819812,5293
76821312,12225
76822412,9390
76823512,8885
76824612,3842
76826212,0
76827312,12191
76828412,25
76829512,12180
76831012,1669
76832112,12184
76833212,2990
76834312,9300
76835412,12229
76836912,1601
76838012,12189
76839112,0
76840212,12189
76938711,3905
76959312,276
76960812,3393
76962312,11033
76963568,6988
76964712,3878
76966212,5085
76967312,47
76968412,4494
76969512,57
76971012,4926
76972112,0
76973212,12209
76974312,7611
76975412,9763
76976912,6467
76978012,12216
76979112,12200
76980212,2947
77069916,12211
77071516,12176
77072712,8856
77073912,12201
77075012,7
77076512,12162
77077612,12192
77078712,26
77079812,12219
77081412,12197
77082512,31
77083612,12195
77084712,59
77086212,38
77087312,12170
77088412,9865
77089512,9620
77091012,12200
77092112,12151
77093212,12212
77094312,12159
77095412,12188
77096912,9920
77098012,12185
77099112,12175
77100212,12158
77101712,4717
77102812,0
77103912,8875
77105012,6654
77106512,9007
77107612,5791
77108712,6734
77109812,10733
77111412,8018
77112512,8291
77113612,10232
77114712,19
77116212,12171
77117312,7358
77118412,11358
77119512,12210
77121012,1609
77122112,9926
77123212,8250
77124312,6384
77125412,5954
77126912,0
77128012,10500
77129112,11183
77130212,9275
77204112,10328
77205712,9611
77207312,90
77208512,10537
77209612,6703
77211112,5407
77212212,5899
77213312,26
77214412,11915
77215912,4325
77217012,10421
77218112,7722
77219212,921
77309010,29
77310612,2938
77312112,10536
77313212,19
77314312,12180
77315412,12167
77316912,3902
77318012,12221
77319112,4
77320212,12171
77321712,12220
77322812,12209
77323912,12181
77325012,1654
77326512,12194
77327612,0
77328712,12173
77329812,1786
77331312,1526
77332412,12224
77333512,12201
77334612,12170
77336212,9771
77337312,9800
77338412,430
77339512,12166
77341012,12162
77342112,4300
77343212,12151
77344312,39
77345412,12217
77346912,25
77348012,9286
77349112,9760
77350212,6460
77351712,12185
77352812,21
77353912,12210
77355012,2022
77356512,7671
77357612,12185
77358712,4306
77359812,11919
77361312,2344
77362412,12197
77363512,0
77364612,12220
77366112,1975
77367212,12211
77368312,6310
77369412,763
77370912,12180
77372012,0
77373112,12174
77374212,1609
77375312,6437
77376912,12158
77378012,23
77379112,8534
77380212,10919
77455210,8248
77471912,7152
77473412,7468
77474512,20
77564612,10563
77566368,1159
77567512,4823
77568612,12204
77569712,8005
77571212,12196
77572312,365
77573412,6737
77574512,12183
77576012,9706
77577112,28
77578212,12210
77579312,41
77580412,1477
77581912,6408
77583012,12192
77584112,3768
77585212,7065
77586712,3222
77587812,8693
77588912,12166
77590012,1961
77591512,26
77592612,12183
77593712,23
77594812,41
77596412,12209
77597512,12175
77598612,0
77599712,12162
77601212,6700
77602312,38
77603412,12202
77604512,27
77606012,36
77607112,12207
77608212,8110
77609312,9082
77610412,12202
77611912,5218
77613012,1905
77614112,5924
77615212,18
77616712,0
77617812,12201
77618912,11
77620012,12163
77621512,12164
77622612,3343
77623712,12220
77624812,0
77626312,29
77627412,12176
77628512,4279
77629612,12202
77631112,12226
77632212,56
77633312,12198
77634412,12213
77636012,3018
77637112,8541
77638212,12196
77639312,15
77640412,12203
77729312,6923
77806810,8505
77808319,8021
77809510,3947
77811012,25
77812112,3767
77813212,6093
77814312,10788
77815412,12197
77816912,12188
77818012,12198
77819112,12223
77820212,12189
77821712,9126
77822812,12176
77823912,4603
77825012,7952
77826612,3861
77827712,2376
77828812,1753
77829912,1764
77831412,654
77832512,17
77833612,4091
77834712,9353
77836212,3532
77837312,6832
77838412,9492
77839512,12172
77841012,12225
77842112,9928
77843212,7320
77844312,8283
77845412,2430
77846912,4938
77848012,6242
77849112,5815
77850212,9122
77851712,8532
77852812,5963
77853912,4176
77855012,20
77856512,0
77857612,4695
77858712,5540
77859812,12221
77861312,12172
77862412,6582
77863512,12189
77864612,7911
77866212,7587
77867312,9004
77868412,7042
77869512,10680
77871012,6245
77872112,6901
77873212,8932
77874312,9560
77875412,7934
77876912,7997
77878012,6256
77879112,7583
77880212,4749
77881712,2688
77995811,6959
78012812,7145
78014312,4388
78015412,7446
78016912,5742
78018012,5475
78019112,7009
78020212,2297
78094210,7944
78095810,6562
78097311,7796
78098411,5013
78099511,16
78101011,2116
78102111,1430
78103211,3995
78104311,11646
78105411,8803
78106911,12189
78108011,7133
78109111,6526
78110211,10459
78111711,6008
78112811,9526
78113911,4607
78115011,2874
78116511,5989
78117611,7676
78118711,9413
78119811,384
78121311,1083
78122411,6989
78123511,5181
78124611,10074
78126211,5494
78127311,5631
78128411,5402
78129511,8672
78131011,12157
78132111,9275
78133211,40
78134311,23
78135411,49
78136911,10969
78138011,7446
78139111,4526
78140211,7228
78141711,3382
78142811,3632
78143911,8820
78145011,1
78146511,5168
78147611,6425
78148711,10828
78149811,12210
78151311,12174
78152411,9267
78153511,8758
78154611,12190
78156111,12216
78157211,10507
78158311,10188
78159411,9440
78160911,7912
78250610,12166
78252210,9826
78253410,9796
78254510,6831
78256112,10922
78257212,8138
78258312,12202
78259412,6004
78260912,5892
78262012,2734
78263112,1657
78264212,4303
78265312,0
78266812,8141
78267912,326
78269012,7501
78270112,8225
78344212,5941
78345812,7502
78347312,10923
78348412,10017
78349512,3797
78351012,8450
78352112,2658
78353212,6215
78354312,2034
78355412,658
78356912,1081
78358012,3643
78359112,6031
78360212,12215
78361712,6490
78362812,6042
78363912,5122
78365012,2242
78366512,5214
78367612,28
78368712,5581
78369812,5244
78371312,3303
78372412,9024
78373512,3273
78374612,8935
78376212,6517
78377312,6930
78378412,9124
78379512,4498
78381012,12197
78382112,9004
78383212,6261
78384312,658
78385412,4437
78386912,0
78388012,6514
78389112,421
78390212,4260
78391712,5865
78392812,5913
78393912,12200
78395012,5321
78396512,12172
78397612,10729
78398712,2610
78399812,6246
78489912,5703
78507111,4867
78508611,44
78509711,12221
78511211,12218
78512311,12184
78513411,12217
78514511,31
78516111,2596
78517211,12183
78518311,3064
78519411,32
78520911,8843
78522011,12191
78523111,9601
78524211,0
78525311,9614
78526811,4361
78527911,12201
78529011,3220
78530111,12165
78605112,8757
78606612,4125
78607712,6407
78608812,4718
78610012,3381
78611512,4912
78612612,6798
78613712,2182
78614812,3714
78616312,9444
78617412,2985
78618512,12207
78619612,10398
78621112,5857
78622212,5843
78623312,28
78624412,1923
78625912,2211
78627012,22
78628112,12169
78629212,9360
78630312,3927
78631812,8159
78632912,5109
78634012,8138
78635112,12176
78636612,0
78637712,12172
78638812,12213
78639912,31
78641512,8419
78642612,11231
78643712,1401
78644812,11022
78646312,8657
78647412,9291
78648512,2979
78649612,7944
78651112,6776
78652212,9278
78653312,1229
78654412,3194
78655912,421
78744010,21
78745610,12199
78747112,12188
78748212,4
78749312,12195
78750412,12213
78751912,36
78753012,12182
78754112,12
78755212,12193
78756712,12182
78757812,0
78758912,12177
78760012,12173
78761612,7
78762712,12167
78763812,23
78764912,12174
78766412,12170
78767512,49
78768612,12186
78769712,42
78771212,7111
78772312,12186
78773412,53
78774512,12189
78776012,12217
78777112,8410
78778212,12181
78779312,57
78780412,12164
78854910,4032
78856410,3384
78857610,12208
78858710,7110
78859810,9838
78861310,12226
78862410,39
78863510,12210
78864610,38
78866211,12198
78867311,662
78868411,4958
78869511,12153
78871011,2028
78872111,12208
78873211,37
78874311,12198
78875411,24
78876911,10423
78878011,10415
78879111,0
78880211,12202
78881711,16
78882811,12194
78883911,1481
78885011,12191
78886511,28
78887611,12185
78888711,2512
78889811,9754
78891311,2329
78892411,8911
78893511,12218
79006310,1286
79020612,39
79022112,2864
79023212,12210
79024412,8485
79026012,12177
79027112,851
79028212,12189
79029312,3002
79030412,1373
79031912,5763
79033012,11803
79034112,16
79035212,10266
79036712,12200
79037812,12191
79038912,12186
79040012,3849
79041512,4478
79042612,38
79043712,12171
79044812,40
79046312,12191
79047412,0
79048512,12210
79049612,8192
79051112,7160
79052212,12185
79053312,12201
79054412,1954
79055912,49
79057012,5935
79058112,5314
79059212,10692
79060312,2590
79061812,12216
79062912,26
79064012,12160
79065112,11059
79066712,12215
79067812,12166
79068912,11568
79070012,2554
79144611,40
79146111,12159
79147311,1694
79148411,11
79149511,12102
79151011,12171
79152111,22
79153211,12174
79154311,59
79155411,4734
79157011,1151
79158111,12211
79159211,5306
79160311,12167
79161811,2862
79162911,12227
79164011,7304
79165111,52
79166611,7
79167711,12216
79168811,3874
79258310,12191
79259810,12176
79261312,34
79262512,12194
79263612,12215
79264712,12196
79266212,12184
79267312,4132
79268412,10323
79269512,5564
79271012,5269
79272112,4205
79273212,6901
79274312,21
79275412,7203
79277012,3502
79278112,3882
79279212,7051
79280312,8623
79281812,12202
79282912,9587
79284012,9330
79285112,12215
79286612,6002
79287712,5260
79288812,10884
79289912,9948
79291412,5188
79292512,912
79293612,1447
79294712,3916
79296212,7445
79297312,287
79298412,1599
79299512,2627
79301012,8044
79302112,6082
79303212,4234
79304312,10121
79305412,12200
79306912,5522
79308012,12200
79309112,12199
79310212,10634
79311712,10836
79312812,4957
79313912,7866
79315012,6895
79316612,6800
79317712,10336
79318812,821
79319912,2035
79321412,5447
79322512,7550
79323612,1448
79324712,4997
79398711,3631
79400311,12192
79401811,12194
79402911,46
79404011,12218
79405111,12205
79406611,54
79407711,12216
79498310,7650
79518811,6842
79520411,9387
79521911,7307
79523011,25
79524111,6553
79525211,3883
79526711,10119
79527811,8352
79528911,18
79530011,12209
79531511,2872
79532611,12166
79533711,3755
79534811,12162
79536311,28
79537411,12184
79538511,50
79539611,16
79541111,1485
79542211,12194
79543311,12160
79544411,3207
79545911,7
79547011,16
79548111,12168
79549211,54
79550311,12162
79551811,8803
79552911,12172
79554011,9182
79555111,3304
79556711,10407
79557811,11658
79558911,12202
79560011,0
79561511,790
79562611,49
79563711,12178
79564811,22
79566311,7842
79567411,41
79568511,12158
79569611,12
79571111,2782
79572211,8494
79573311,12185
79574411,12164
79575911,12199
79577011,12160
79578111,12218
79579211,12168
79580311,7
79581811,12207
79582911,0
79584011,12167
79585111,30
79586611,12214
79587711,10879
79588811,12214
79589911,12187
79664412,10
79666012,0
79667212,12215
79755710,12209
79757310,12216
79758410,2289
79759510,12172
79761010,12208
79762110,5122
79763210,12196
79764310,40
79765410,7
79767012,12165
79768112,44
79769212,12204
79770312,12210
79771812,12185
79772912,5839
79774012,12193
79775112,10
79776612,20
79777712,10303
79778812,0
79779912,12197
79781412,12162
79782512,27
79783612,12196
79784712,20
79786212,18
79787312,12170
79788412,12157
79789512,5152
79791012,12169
79792112,12198
79793212,26
79794312,12199
79795412,64
79796912,21
79798012,12157
79799112,12199
79800212,12212
79801712,12195
79802812,8142
79803912,12179
79805012,12140
79806612,2692
79807712,28
79808812,12173
79809912,27
79811412,22
79812512,12169
79813612,56
79814712,12170
79816212,12181
79817312,44
79818412,3225
79819512,12199
79821012,6636
79822112,4585
79823212,12193
79824312,3728
79825412,12200
79826912,12219
79828012,5667
79829112,12190
79830212,10191
79831712,9458
79924610,31
79937912,2447
79939412,3286
80039410,9268
80040910,0
80042170,12187
80043310,12211
80044410,3195
80045910,12237
80047010,10476
80048110,10513
80049210,12174
80050310,4752
80051810,12154
80052910,9119
80054010,12217
80055110,5719
80056612,12217
80057712,11147
80058812,2209
80059912,12181
80061412,484
80062512,12204
80063612,12162
80064712,37
80066212,34
80067312,12186
80068412,8005
80069512,16
80071112,1895
80072212,9874
80073312,43
80074412,6892
80075912,12166
80077012,12158
80078112,9476
80079212,12212
80080312,12204
80081812,48
80082912,49
80084012,10308
80085112,44
80086612,1
80087712,12155
80088812,12161
80089912,3858
80091412,9868
80092512,12206
80093612,2781
80094712,10584
80096212,25
80097312,12216
80098412,60
80099512,12161
80101012,10416
80102112,49
80103212,61
80104312,12208
80105412,12207
80106912,12172
80108012,30
80109112,12204
80110212,2199
80111812,12172
80201110,5451
80202710,9063
80203819,12206
80204910,8380
80206512,3934
80207612,988
80208712,9481
80209812,8258
80211312,25
80212412,12189
80213512,13
80214612,12183
80216112,919
80217212,11233
80218312,0
80219412,12210
80293811,1101
80295411,8039
80296911,47
80298011,12202
80299111,5287
80300211,12199
80301711,12166
80302811,12214
80303911,12225
80305011,28
80306511,1245
80307611,2468
80308711,50
80309811,2851
80311311,9014
80312411,8554
80313511,7890
80314611,12184
80316111,1287
80317211,10445
80318311,6238
80319411,24
80321011,8145
80322111,9194
80323211,10039
80324311,7770
80325411,12210
80326911,7275
80328011,10104
80329111,12217
80330211,3643
80331711,10594
80332811,11854
80333911,12210
80335011,12182
80336511,12159
80337611,56
80338711,9560
80339811,11374
80341311,0
80342411,5627
80343511,6375
80344611,6088
80346111,193
80347211,12221
80348311,2472
80349411,12187
80350911,12156
80439710,4772
80455510,12161
80457010,36
80458110,5503
80459210,10202
80460310,9624
80461912,2019
80463012,932
80464112,12201
80465212,2348
80466712,12208
80467812,4569
80468912,12180
80470012,1730
80471512,12187
80472612,24
80473712,6598
80474812,12205
80476312,3354
80477412,1649
80478512,6093
80479612,8557
80554110,22
80555610,12191
80557112,12210
80558210,12171
80559310,16
80560410,12174
80561912,55
80563012,3
80564112,12215
80565212,11189
80566712,12200
80567812,11591
80568912,6308
80570012,10
80571512,25
80572612,108
80573712,12168
80574812,40
80576412,41
80577512,12216
80578612,12221
80579712,0
80581212,12191
80582312,0
80583412,21
80584512,12172
80586012,11386
80587112,12198
80588212,12218
80589312,12207
80590412,1941
80591912,9147
80593012,3278
80594112,8825
80595212,11705
80596712,12213
80597812,2783
80598912,10186
80600012,1085
80601512,6578
80602612,12218
80603712,10530
80693212,5962
80694812,12163
80696312,4505
80697412,6072
80698512,12171
80699612,46
80701112,2
80702212,12185
80703312,6680
80704412,12204
80705912,4402
80707012,51
80708112,12181
80709212,7324
80710312,12202
80711912,12203
80713012,47
80714112,12168
80715212,2486
80716712,38
80717812,12216
80718912,16
80720012,10605
80721512,12220
80722612,9080
80723712,12205
80724812,36
80726312,3982
80727412,12158
80728512,9
80729612,12221
80804410,12165
80806010,12195
80807210,6473
80808310,12223
80809410,38
80810912,12170
80812012,780
80813112,12202
80814212,3809
80815312,397
80816812,12195
80817912,7
80819012,12192
80820112,2742
80821612,2369
80822712,12213
80823812,4422
80824912,8448
80826512,2931
80827612,5254
80828712,1752
80829812,11159
80831312,7620
80832412,10719
80833512,12200
80834612,0
80836112,12170
80837212,47
80838312,12164
80839412,10921
80840912,15
80842012,12160
80843112,8701
80932410,59
80944711,12203
80946211,12195
80947311,3740
80948411,28
80949668,12154
80951211,8538
80952311,18
80953411,12162
80954511,958
80956011,12211
80957111,12174
80958211,12205
80959311,14
80960411,12177
80961911,3517
80963011,26
80964111,12191
80965211,12154
80966711,12163
80967811,12216
80968911,12196
80970011,27
80971511,12174
80972611,53
80973711,10
80974811,12214
80976411,12212
80977511,12183
80978611,12164
80979711,12165
80981211,4348
80982311,1719
80983411,12200
80984511,0
80986011,58
80987111,12158
80988211,3372
80989311,12206
80990411,12201
80991911,33
80993011,12199
80994111,12198
80995211,55
81093510,1750
81095112,18
81096612,4370
81097812,40
81099012,4877
81100112,4364
81101612,41
81102712,19
81103812,12185
81104912,4
81106412,1
81107512,2975
81108612,12187
81109712,12166
81111212,12215
81112312,12184
81113412,0
81114512,12188
81116012,31
81117112,478
81205312,12204
81206912,3479
81208020,10499
81209212,12227
81210412,8967
81212012,8601
81213112,6413
81214212,11106
81215312,47
81216812,12175
81217912,38
81219012,12160
81220112,2886
81221612,12218
81222712,9842
81223812,8644
81224912,12183
81226412,4
81227512,12195
81228612,6988
81229712,12210
81231212,25
81232312,12169
81233412,536
81234512,12195
81236012,41
81237112,0
81238212,56
81239312,9255
81240412,12177
81241912,9463
81243012,12209
81244112,12210
81245212,12215
81246712,0
81247812,4517
81248912,9626
81250012,12164
81251612,5154
81252712,33
81253812,12207
81254912,9868
81256412,12160
81257512,12163
81258612,0
81259712,38
81261212,12206
81262312,12156
81263412,48
81264512,12224
81266012,12172
81267112,11284
81268212,12189
81269312,3172
81270412,2646
81344610,6428
81346112,3722
81347212,12177
81348312,2853
81349512,10624
81351012,12166
81352112,8761
81353212,12192
81354312,3
81443612,12209
81460711,12201
81462211,1207
81463311,12182
81464511,12228
81466111,61
81467211,12201
81468311,44
81469411,12190
81470911,12215
81472011,12216
81473111,12176
81474211,12196
81475311,10264
81476811,12212
81477911,12179
81479011,20
81480111,12218
81481611,8700
81482711,6076
81483811,12203
81484911,4
81486411,12182
81487511,40
81488611,12167
81489711,12206
81491211,40
81492311,12181
81493411,9259
81494511,12205
81496111,8496
81497211,53
81498311,12146
81499411,5041
81500911,12209
81502011,1496
81503111,1754
81504211,12213
81505311,8801
81506811,12208
81507911,913
81509011,990
81510111,12195
81511611,4156
81512711,12197
81513811,7341
81514911,32
81516411,9496
81517511,2540
81518611,12199
81519711,3406
81521211,8257
81522311,9654
81523411,2034
81524511,12180
81526011,4358
81527111,12214
81528211,4390
81529311,7581
81530411,12195
81531911,41
81533011,12188
81534111,1540
81535211,4591
81626110,1874
81703612,12189
81705112,12222
81706612,43
81707812,12162
81708912,8081
81710012,12203
81711612,12169
81712712,25
81713812,12179
81714912,28
81716412,4665
81717512,6
81718612,9
81719712,10830
81721212,3663
81722312,12202
81723412,5139
81724512,12211
81726012,12197
81727112,8211
81728212,12180
81729312,46
81730412,12198
81731912,6528
81733012,12170
81734112,8932
81735212,7509
81736712,12186
81737812,6832
81738912,11176
81740012,12152
81741612,4699
81742712,12199
81743812,6313
81744912,5993
81746412,12210
81747512,6887
81748612,10714
81749712,11118
81751212,8009
81752312,9206
81753412,4747
81754512,4865
81756012,12182
81757112,5202
81758212,9213
81759312,12198
81760412,9568
81761912,12217
81763012,36
81764112,41
81765212,10938
81766712,6042
81767812,5678
81768912,6176
81770012,35
81771512,12206
81772612,2746
81773712,0
81774812,7646
81776312,4678
81777412,8408
81778512,8928
81868412,12193
81870012,20
81871612,1177
81872812,12224
81873912,1622
81875012,12197
81876512,12
81877612,8613
81878712,12203
81879812,11736
81954310,12222
81967919,0
81969410,10633
81970912,31
81972012,7844
81973112,11974
81974212,3227
81975312,12195
81976812,7359
81977912,10735
81979012,3563
81980112,11129
81981612,85
81982712,12199
81983812,4847
81984912,8494
81986512,3168
81987612,3618
81988712,183
81989812,12215
81991312,12163
81992412,29
81993512,8654
81994612,8116
81996112,12166
81997212,5954
81998312,6609
81999412,5904
82000912,8000
82002012,5471
82003112,2343
82004212,16
82005312,12222
82006812,2494
82007912,57
82009012,4039
82010112,3549
82011612,7437
82012712,6557
82013812,3215
82014912,11905
82016412,7351
82017512,6630
82018612,4744
82019712,8645
82021212,9708
82022312,10002
82023412,8649
82024512,43
82026112,3451
82027212,9046
82028312,4558
82029412,4464
82030912,7100
82144712,7477
82146312,6851
82147421,10969
82148612,341
82149812,4420
82151312,1079
82152412,0
82153512,1849
82154612,1776
82156112,12167
82157212,12198
82158312,10267
82159412,7950
82160912,6051
82162012,9856
82163112,12159
82164212,9550
82165312,1796
82239810,5404
82241310,7418
82242410,5834
82243510,5855
82244610,9241
82246112,5450
82247212,9824
82248312,7291
82249412,8234
82250912,10165
82252012,4714
82253112,6568
82254212,7723
82255312,4069
82256812,18
82257912,23
82259012,2392
82260112,8720
82261612,6191
82262712,7980
82263812,9617
82264912,12213
82266412,12177
82267512,5497
82268612,5662
82269712,2888
82271212,6255
82272312,5830
82273412,12159
82274512,2004
82276112,2423
82277212,2046
82278312,6998
82279412,1194
82280912,6862
82282012,7402
82283112,8340
82284212,6854
82285312,12208
82286812,10172
82287912,4095
82289012,10824
82290112,1683
82291612,12183
82292712,870
82293812,8889
82383911,4180
82385511,9953
82387011,4
82388111,8855
82389211,6196
82390311,12197
82391811,8578
82392911,12196
82394011,5754
82395111,9012
82396611,1336
82397711,7914
82398811,343
82399911,4131
82401411,162
82402511,4003
82403611,3621
82404711,3337
82406211,6406
82407311,9509
82408411,12189
82409511,6191
82411011,8451
82412111,5293
82413211,12208
82414311,8403
82415411,3507
82417011,4860
82418111,6507
82419211,6189
82420311,2454
82494910,2605
82508411,12168
82509911,3164
82511511,1720
82512611,10494
82513711,2521
82514811,9931
82516311,8906
82517411,11031
82518511,693
82519611,7818
82521111,12186
82522211,7107
82523311,4904
82524411,6113
82525911,12207
82527011,1240
82528111,8043
82529211,646
82530311,7351
82531811,2183
82532911,12216
82534011,5364
82535111,11123
82536611,3860
82537711,9867
82538811,10152
82539911,10084
82541511,2812
82542611,25
82543711,9382
82544811,7057
82546311,19
82636510,6076
82638110,7450
82639379,4666
82640510,5026
82642010,5
82643110,7823
82644210,5908
82645310,12209
82646810,9764
82647910,4331
82649010,11033
82650110,6964
82651612,914
82652712,264
82653812,10512
82654912,4078
82656412,7492
82657512,11566
82658612,9809
82659712,5527
82661212,1912
82662312,8416
82663412,10423
82664512,5495
82666112,7514
82667212,8775
82668312,8595
82669412,35
82670912,48
82672012,10534
82673112,333
82674212,8799
82675312,14
82676812,9242
82677912,5084
82679012,12216
82680112,4790
82754412,6112
82755912,6993
82757012,8652
82758212,10127
82759312,11235
82760412,7648
82762012,10038
82763112,9535
82764212,7220
82765312,1372
82766812,6352
82767912,32
82769012,3555
82770112,4244
82771612,12197
82772712,7208
82773812,5445
82774912,5077
82776412,8331
82777512,4383
82778612,471
82779712,2553
82781212,4534
82782312,637
82783412,242
82784512,12206
82786012,9155
82875110,779
82876710,6763
82877810,5952
82878910,9891
82880010,8117
82881510,8333
82882610,5151
82883710,5490
82884810,7032
82886412,6461
82887512,48
82888612,603
82889712,704
82891212,2737
82892312,8
82893412,2434
82894512,2996
82896012,7511
82897112,6460
82898212,3212
82899312,5299
82900412,12218
82901912,8196
82903012,8280
82904112,10674
82905212,8298
82906712,9091
82907812,1871
82908912,1597
82910012,5387
82911512,5908
82912612,0
82913712,7025
82914812,3993
82916312,1343
82917412,6497
82918512,10352
82919612,12171
82921112,4215
82922212,18
82923312,5903
82924412,3814
82937910,4485
82939410,34
83015912,325
83017512,996
83018712,1998
83019912,4196
83021412,6782
83022512,9392
83023612,8702
83024712,6745
83026312,9834
83027412,8163
83028512,8647
83029612,8371
83031112,8338
83032212,6734
83033312,3708
83034412,4298
83035912,1559
83037012,6686
83038112,6313
83039212,5578
83150713,12227
83152312,5582
83153412,12185
83154512,12199
83156012,12188
83157112,3381
83158212,7266
83159312,43
83160412,4714
83161912,40
83163012,4871
83164112,11669
83165212,1848
83166712,4942
83167812,3050
83168912,5884
83170012,25
83171512,5950
83172612,6132
83173712,7225
83174812,12178
83176312,3990
83177412,7366
83178512,0
83179612,12164
83181112,1770
83182212,12178
83183312,8099
83184412,8018
83186012,9
83187112,3412
83188212,5937
83189312,3382
83190412,10719
83191912,10860
83193012,10213
83194112,10030
83195212,12229
83196712,9125
83197812,12215
83198912,2544
83200012,5026
83201512,6163
83202612,5257
83203712,12217
83204812,7341
83206312,12173
83207412,3573
83208512,8090
83209612,15
83211112,9106
83212212,3634
83213312,1869
83214412,8002
83215912,6997
83217012,9028
83218112,3741
83219212,9332
83220312,3107
83294312,5225
83295912,12219
83297412,12170
83298512,11407
83299612,8910
83390018,3313
83391616,7168
83392812,4364
83394012,6885
83395112,1156
83396612,8790
83397712,9254
83398812,6521
83399912,12169
83401512,8064
83402612,8380
83403712,6975
83404812,5150
83406312,1615
83407412,3099
83408512,4317
83409612,5477
83411112,472
83412212,1199
83413312,7403
83414412,2953
83415912,7945
83417012,6134
83418112,121
83419212,12175
83420312,7955
83421812,7428
83422912,10827
83424012,7949
83425112,7194
83445712,8403
83447212,4062
83448312,3303
83449412,2242
83450912,4582
83452012,3814
83453112,8803
83454212,5969
83455312,7339
83456912,2422
83458012,3915
83459112,5258
83460212,5778
83461712,3971
83462812,8775
83463912,4267
83465012,2430
83466512,2891
83467612,6283
83468712,665
83469812,6651
83471312,8639
83472412,7486
83473512,5259
83474612,3074
83476112,6881
83477212,11726
83478312,1726
83479412,4801
83480912,3523
83482012,7909
83483112,6361
83484212,7733
83485312,6658
83651912,12203
83653512,8416
83654712,10725
83656212,6857
83657312,12204
83658412,12167
83659512,11126
83661012,12175
83662112,9874
83663212,6084
83664312,4130
83665412,5767
83666912,731
83668012,2038
83669112,1846
83670212,7741
83671812,1385
83672912,8316
83674012,6884
83675112,10233
83676612,10819
83677712,10748
83678812,9004
83679912,6008
83681412,5
83682512,3925
83683612,7487
83684712,6919
83686212,8828
83687312,12171
83688412,10530
83689512,11438
83691012,5093
83692112,7815
83693212,1718
83694312,8178
83695412,3630
83696912,2804
83698012,1918
83699112,11
83700212,7350
83701712,7983
83702812,1874
83703912,8563
83705012,3052
83706512,5953
83707612,12177
83708712,10560
83709812,11364
83711412,10533
83712512,12187
83713612,8876
83714712,7922
83716212,6373
83717312,0
83718412,3120
83719512,31
83721012,2588
83722112,8449
83723212,4592
83724312,8990
83725412,4633
83726912,8307
83728012,10825
83818210,4762
83819810,9850
83821312,7593
83822412,8513
83823512,7962
83824612,410
83826112,597
83827212,1307
83828312,5999
83829412,1705
83904210,11930
83905810,1052
83907312,7531
83908412,9506
83909512,4826
83911012,4247
83912112,4241
83913212,1343
83914312,5007
83915412,2520
83916912,6540
83918012,4921
83919112,5422
83920212,3119
83921712,5397
83922812,9004
83923912,9788
83925012,7819
83935012,4844
83936512,2870
83937612,2876
83938712,6905
83939812,4749
83941312,11
83942412,5480
83943512,4518
83944612,4163
83946212,4371
83947312,5223
83948412,7478
83949512,12187
83951012,8140
83952112,3010
83953212,6607
83954312,4851
83955412,5344
83956912,2367
83958012,4912
83959112,6520
83960212,4
83961712,6631
83962812,8323
83963912,12218
83965012,7766
83966512,1939
83967612,6373
83968712,6987
83969812,39
83971312,6515
83972412,5619
83973512,9588
83974612,4656
83976112,9828
83977212,4183
84066312,0
84067912,5121
84069012,5118
84070212,4444
84071812,8046
84072912,10412
84074012,6447
84075112,1932
84076612,8863
84077712,3341
84078812,5013
84079912,3755
84081412,9530
84082512,9079
84083612,1890
84084712,9537
84182912,9212
84184512,3049
84186112,1410
84187212,5271
84188312,5324
84189412,5342
84190912,5189
84192012,6635
84193112,7983
84194212,9818
84195312,710
84196812,3211
84197912,1921
84199012,3569
84200112,5621
84201612,6645
84202712,6679
84203812,11144
84204912,11542
84206412,11230
84207512,8856
84208612,5896
84209712,6272
84211212,12207
84212312,7790
84213412,3936
84214512,6494
84216112,8142
84217212,2503
84218312,5106
84219412,0
84220912,50
84222012,29
84223112,35
84224212,4074
84225312,2605
84226812,7437
84227912,8994
84229012,7646
84230112,9834
84231612,4838
84232712,2904
84233812,3174
84234912,2744
84236412,7323
84237512,9384
84238612,10628
84239712,6277
84328812,7889
84330412,6652
84331920,4901
84333112,6124
84334212,6330
84335312,12199
84336912,6020
84338012,2089
84339112,428
84340212,1268
84341712,5463
84342812,3994
84343912,1316
84345012,4282
84346512,7265
84347612,5446
84348712,6523
84349812,11986
84351312,7230
84352412,3559
84353512,9346
84354612,10853
84429611,4368
84443112,6953
84444612,5036
84446112,5897
84447312,5656
84448412,6756
84449512,5289
84451012,12198
84452112,7975
84453212,448
84454312,5822
84455412,7449
84456912,2130
84458012,11
84459112,0
84460212,5095
84461812,10418
84462912,5422
84464012,5925
84465112,3062
84466612,10049
84467712,3624
84468812,2136
84469912,10976
84471412,9405
84472512,8219
84473612,9667
84474712,6061
84476212,8152
84477312,10937
84478412,7055
84479512,10798
84481012,11351
84482112,6917
84483212,4888
84484312,4709
84485412,9274
84486912,1901
84488012,5096
84489112,3313
84490212,2953
84491712,9081
84581711,7507
84583311,5880
84584419,8163
84585911,696
84587011,5043
84588111,4284
84589211,9070
84590311,5025
84591811,12142
84592911,7937
84594011,4970
84595111,9942
84596611,10900
84597711,5940
84598811,7871
84599911,2022
84601411,7243
84602511,2564
84603611,2485
84604711,7109
84606211,3797
84607311,4118
84608411,7512
84609511,8997
84611011,5230
84612111,3391
84613211,6351
84614311,7268
84615411,2304
84689812,5014
84691312,2782
84692412,3520
84693512,5300
84694712,1170
84696212,2908
84697312,3218
84698412,9402
84699512,8575
84701012,7629
84702112,10768
84703212,7329
84704312,11172
84705412,7052
84706912,5985
84708012,2676
84709112,5554
84710212,3947
84711812,5238
84712912,9149
84714012,7259
84715112,5696
84716612,11384
84717712,5173
84718812,9506
84719912,2166
84721412,5718
84722512,1448
84723612,6708
84724712,2272
84726212,3369
84727312,8974
84728412,1854
84729512,5768
84731012,9425
84820912,2616
84822412,6418
84823512,8127
84824612,10562
84826112,8488
84827212,10840
84828312,7782
84829412,6562
84830912,7233
84832012,4757
84833112,8064
84834212,4986
84835312,3155
84836812,6200
84837912,2163
84839012,7587
84840112,6810
84841712,7254
84842812,9035
84843912,8802
84845012,7393
84846512,8720
84847612,3780
84848712,3102
84849812,4461
84851312,3684
84852412,2952
84853512,3117
84854612,8314
84856112,2325
84857212,6817
84858312,4207
84859412,5407
84860912,12217
84862012,8220
84863112,5990
84864212,3223
84865312,13
84866812,5801
84867912,0
84869012,5219
84870112,2425
84944311,829
84957812,8761
84959312,3267
84960412,1123
84961912,4992
84963012,3519
84964112,40
84965212,0
84966712,6
84967812,5206
84968912,12215
84970012,10009
84971512,9756
84972612,10789
84973712,7268
84974812,3996
84976312,7661
84977412,7968
84978512,6163
84979612,4971
84981112,14
84982212,5030
85071012,2624
85072621,14
85073968,12203
85075112,12169
85076612,4800
85077712,4070
85078812,12211
85079912,15
85081412,460
85082512,12166
85083612,2140
85084712,6754
85086212,8265
85087312,12197
85088412,14
85089512,12193
85091012,10044
85092112,5
85093212,12203
85094312,12199
85095412,32
85096912,7313
85098012,8605
85099112,2246
85100212,12208
85101812,12220
85102912,8306
85104012,4176
85105112,12173
85106612,10439
85107712,21
85108812,12198
85109912,7258
85111412,34
85112512,12203
85113612,12162
85114712,30
85116212,12198
85117312,12208
85118412,41
85119512,11404
85121012,12200
85122112,12170
85123212,10
85124312,12183
85125412,30
85126912,2687
85128012,12195
85129112,12058
85130212,21
85229011,8004
85230611,4780
85232111,0
85233213,1
85234311,2114
85235411,9145
85236911,33
85238011,2313
85239111,1643
85240211,8961
85241711,11463
85242811,7949
85243911,2435
85245011,5045
85334012,57
85335512,723
85337112,12209
85338312,12172
85339412,794
85340912,10306
85342012,33
85343112,42
85344212,12174
85345312,0
85346812,22
85347912,12190
85349012,22
85350112,12174
85351712,12169
85352812,20
85353912,12214
85355012,33
85356512,10011
85357612,12206
85358712,0
85359812,12200
85361312,12210
85362412,7249
85363512,12162
85364612,1244
85366112,16
85367212,12198
85368312,34
85369412,12201
85370912,12174
85372012,0
85373112,12176
85374212,4143
85375312,9090
85376812,12184
85377912,31
85379012,12195
85380112,7968
85381612,46
85382712,12163
85383812,10075
85384912,12166
85386412,9696
85387512,28
85388612,12170
85389712,0
85391312,4991
85392412,12215
85393512,7859
85394612,628
85396112,12185
85397212,4098
85398312,1661
85399412,12189
85473711,2541
85487212,3319
85488712,5681
85489812,11470
85491312,11568
85492412,12207
85493512,8370
85494612,1425
85496112,1102
85584969,9000
85586510,5586
85587610,6744
85588810,1948
85589910,2352
85591410,942
85592510,342
85593610,36
85594710,12200
85596312,12219
85597412,12211
85598512,12158
85599612,12178
85601112,12178
85602212,12200
85603312,12182
85604412,8535
85605912,8359
85607012,3305
85608112,12206
85609212,12212
85610312,3853
85611812,12213
85612912,12202
85614012,16
85615112,50
85616612,32
85617712,1579
85618812,4887
85619912,9504
85621412,12214
85622512,31
85623612,3965
85624712,12193
85626212,5010
85627312,14
85628412,12211
85629512,10081
85631012,0
85632112,12198
85633212,12217
85634312,4
85635412,12187
85637012,12167
85638112,12165
85639212,1287
85640312,7557
85641812,12225
85642912,24
85644012,12181
85645112,2436
85646612,2970
85647712,9602
85648812,1538
85649912,800
85651412,12165
85652512,2601
85653612,3280
85654712,2472
85656212,12164
85657312,1058
85658412,12189
85659512,6384
85734010,38
85826612,5175
85828212,2445
85829468,11511
85831012,1
85832112,9087
85833212,3158
85834312,9061
85835412,8537
85836912,9847
85838012,8690
85839112,6323
85840212,12212
85841712,12163
85842812,8089
85843912,12158
85845012,2809
85846512,4040
85847612,5383
85848712,4258
85849812,2813
85851312,12208
85852412,5441
85853512,11682
85854612,6335
85856212,8329
85857312,7363
85858412,27
85859512,9335
85861012,10
85862112,12183
85863212,8
85864312,8636
85865412,4849
85866912,46
85868012,11173
85869112,4265
85870212,9084
85871712,6889
85872812,2410
85873912,1084
85875012,12185
85876512,53
85877612,12163
85878712,590
85879812,12198
85881312,5075
85882412,3385
85883512,9869
85884612,12191
85886112,2876
85887212,12217
85888312,22
85889412,9873
85890912,12218
85892012,3333
85893112,8936
85894212,12172
85895312,3383
85896912,2917
85898012,12205
85899112,38
85900212,12192
85901712,20
85902812,1080
85992112,12200
86005312,8063
86006912,9558
86008012,6763
86009112,6022
86010212,8281
86084711,4042
86086311,12
86087511,7435
86088611,9909
86089711,7111
86091211,4766
86092311,12209
86093411,36
86094511,7394
86096111,3335
86097211,452
86098311,2378
86099411,3565
86100911,10124
86102011,7640
86103111,5872
86104211,4188
86105311,7751
86106811,5733
86107911,7117
86109011,2595
86110111,3760
86111611,7997
86112711,5045
86113811,12214
86114911,6746
86116411,5221
86117511,5531
86118611,10799
86119711,3850
86121211,9146
86122311,9302
86123411,5337
86124511,9164
86126111,7156
86127211,6971
86128311,9449
86129411,8782
86130911,3762
86132011,7493
86133111,3649
86134211,2313
86135311,31
86136811,4843
86137911,6688
86139011,233
86140111,12177
86141611,6053
86142711,8399
86143811,5740
86144911,6525
86146411,6570
86147511,10087
86148611,8740
86149711,5809
86151211,12160
86152311,0
86153411,12201
86267210,2636
86268810,5427
86269910,8130
86271512,8547
86272712,8053
86273812,4313
86274912,10297
86276412,3900
86277512,0
86278612,2400
86279712,9128
86281212,4821
86282312,8104
86283412,3572
86284512,3212
86286012,4881
86287112,6498
86288212,10437
86289312,5545
86290412,9504
86365712,5041
86367312,4160
86368412,12187
86369512,6549
86371012,4655
86372112,6265
86373212,1956
86374312,6559
86375412,6952
86376912,54
86378012,4147
86379112,12157
86380212,1467
86381712,12175
86382812,8564
86383912,7453
86385012,777
86386512,2278
86387612,7700
86388712,142
86389812,4761
86391312,28
86392412,951
86393512,2563
86394612,7049
86396112,7123
86397212,42
86398312,10719
86399412,0
86400912,12198
86402012,3962
86403112,6553
86404212,12210
86405312,2
86406912,12203
86408012,30
86409112,6676
86410212,6219
86411712,34
86412812,12219
86413912,12186
86415012,2453
86416512,11146
86417612,773
86506221,5455
86526911,3828
86528411,6430
86529511,12200
86531011,12165
86532111,7
86533211,12202
86534311,26
86535411,12191
86537011,12220
86538111,770
86539211,12209
86540311,3
86541811,0
86542911,12172
86544011,35
86545111,12210
86546611,12171
86547711,0
86548811,12216
86549911,4
86551411,20
86552511,12195
86553611,66
86554711,12203
86556211,12187
86557311,1163
86558411,12185
86559511,4435
86634010,4310
86635510,12214
86637012,0
86638212,9382
86639312,6464
86640412,9616
86641912,866
86643012,6715
86644112,1298
86645212,1172
86646712,35
86647812,4896
86648912,6949
86650012,11058
86651612,9627
86652712,9024
86653812,10675
86654912,4659
86656412,8974
86657512,7200
86658612,7294
86659712,5668
86661212,5089
86662312,4814
86663412,7190
86664512,12193
86666012,7730
86667112,6824
86668212,5424
86669312,5721
86670412,6999
86671912,7113
86673012,4822
86674112,4320
86675212,7195
86764412,29
86766012,7561
86767212,6189
86768312,6
86769412,2073
86770912,5326
86772012,5811
86773112,7292
86774212,10587
86775312,12207
86776912,9337
86778012,4078
86779112,8701
86780212,6451
86781712,5029
86782812,9888
86783912,12231
86785012,7044
86786512,3437
86787612,4686
86788712,3938
86789812,5
86791312,4734
86792412,3408
86793512,5580
86794612,2006
86796112,12166
86797212,7516
86798312,6172
86799412,9251
86800912,3925
86802012,6862
86803112,745
86804212,8198
86805312,9822
86806912,7767
86808012,8363
86809112,11450
86810212,3843
86884212,8784
86885712,4260
86887212,8151
86888412,3626
86889512,5500
86891012,9135
86892112,3994
86893212,4853
86894312,7760
86895412,11441
86896912,5804
86898012,12096
86899112,2969
86900212,9943
86901812,4226
86902912,9176
86904012,2413
86905112,5667
86906612,10684
86907712,5008
86908812,8655
86909912,9244
86911412,5332
86912512,8
86913612,4428
87002911,12192
87016410,12156
87017910,9498
87019010,11731
87020110,1224
87021612,1095
87022712,13
87023812,6627
87024912,3938
87026412,10382
87027512,6766
87028612,8240
87029712,6143
87031212,8840
87032312,3557
87033412,5924
87034512,5697
87036012,8497
87037112,9705
87038212,10096
87039312,9689
87040412,10067
87041912,8258
87043012,12191
87044112,6262
87045212,6744
87046712,2618
87047812,3481
87048912,35
87050012,7548
87051612,2413
87052712,9429
87053812,6134
87054912,4150
87056412,5992
87057512,5
87058612,5306
87059712,11289
87061212,8347
87062312,12204
87063412,5458
87064512,12180
87066012,1727
87067112,9575
87068212,6255
87069312,5777
87070412,6783
87144212,6952
87145712,7352
87147212,8496
87148412,6905
87149512,7344
87151012,6022
87152112,7374
87153212,9952
87154312,4430
87155412,4045
87156912,3674
87158012,6711
87159112,7982
87160212,10189
87161812,9858
87162912,10673
87164012,3528
87278211,7087
87279811,22
87281311,12204
87282411,6185
87283511,12193
87284611,11838
87286211,8423
87287311,3450
87288411,4861
87289511,5947
87291011,12163
87292111,5086
87293211,12206
87294311,4673
87295411,8797
87296911,1404
87298011,9405
87299111,1484
87300211,4741
87301711,12197
87302811,2205
87303911,12178
87305011,12200
87306511,9512
87307611,10967
87308711,12218
87309811,10346
87311311,4466
87312411,8
87313511,3584
87314611,6122
87316111,5196
87317211,12185
87318311,3978
87319411,12089
87320911,25
87322011,12224
87323111,7405
87324211,11244
87325311,1743
87326911,12172
87328011,7660
87329111,12208
87330211,12215
87331711,38
87332811,10
87333911,12208
87335011,776
87336511,12217
87337611,12206
87338711,12158
87339811,4388
87341311,12184
87342411,46
87343511,12196
87344611,6
87418612,14
87420212,8012
87421712,12219
87422812,198
87423912,10290
87425012,37
87445711,5875
87447211,2233
87538112,9332
87539712,2
87541212,6216
87542312,11802
87543412,9557
87544512,4146
87546112,1624
87547212,9292
87548312,8953
87549412,5621
87550912,4133
87552012,11003
87553112,12181
87554212,6163
87555312,3503
87556812,9
87557912,4133
87559012,7320
87560112,5448
87561612,9244
87562712,3703
87563812,6473
87564912,3894
87566412,4468
87567512,1733
87568612,4053
87569712,10553
87571212,10472
87572312,8433
87573412,3739
87574512,12165
87576012,6740
87577112,4568
87578212,3670
87579312,3620
87580412,981
87581912,5382
87583012,1361
87584112,9672
87585212,4660
87586812,2631
87587912,8058
87589012,2245
87590112,7939
87591612,7543
87592712,7956
87593812,8479
87594912,10804
87596412,6751
87597512,12218
87598612,6972
87599712,2003
87601212,44
87602312,3954
87603412,8365
87604512,12214
87606012,3959
87607112,3472
87608212,10916
87609312,5267
87610412,2228
87684711,8945
87686311,5974
87687511,178
87777310,6771
87778910,11343
87780110,1151
87781712,22
87782812,2270
87783912,11388
87785012,10930
87786512,12176
87787612,9054
87788712,1239
87789812,2460
87791312,7403
87792412,3223
87793512,10770
87794612,4651
87796112,6336
87797212,11144
87798312,9888
87799412,651
87800912,3651
87802012,3741
87803112,2927
87804212,9438
87805312,4531
87806812,4396
87807912,7277
87809012,9932
87810112,5171
87811612,7305
87812712,5203
87813812,6685
87814912,6488
87816412,7386
87817512,8044
87818612,11123
87819712,8456
87821312,11532
87822412,7992
87823512,4308
87824612,56
87826112,687
87827212,6619
87828312,4934
87829412,7218
87830912,7836
87832012,2518
87833112,4249
87834212,5873
87835312,9519
87836812,6646
87837912,9560
87839012,11426
87840112,12199
87841612,10977
87842712,4471
87843812,142
87844912,911
87846412,6577
87847512,8832
87848612,4950
87849712,5661
87851212,4557
87852312,1725
87853412,1839
87943312,33
87960212,10499
87961712,34
87962812,12213
87963912,3051
87965012,8398
88039510,9606
88041110,5315
88042310,4137
88043410,9034
88044510,479
88046012,33
88047112,6468
88048212,4274
88049312,3988
88050412,11341
88051912,12041
88053012,10260
88054112,8652
88055212,4242
88056712,12212
88057812,8631
88058912,12034
88060012,1716
88061612,6255
88062712,3143
88063812,4329
88064912,1971
88066412,1641
88067512,24
88068612,5999
88069712,4448
88071212,3836
88072312,11045
88073412,12180
88074512,4400
88076012,6286
88077112,7279
88078212,3916
88079312,8023
88080412,8101
88081912,6785
88083012,6296
88084112,7629
88085212,940
88086712,20
88087812,4952
88088912,5442
88090012,7892
88091512,12185
88092612,9947
88093712,6622
88094812,9606
88096312,6745
88097412,6966
88098512,9400
88099612,6487
88101212,4328
88102312,4643
88103412,7471
88104512,6340
88106012,9468
88107112,6953
88108212,12205
88197610,10057
88199212,7388
88200312,8915
88201812,6836
88202912,11793
88204012,10036
88205112,7289
88206612,4741
88207712,11552
88208812,7457
88209912,5653
88211412,32
88212512,4494
88213612,2142
88214712,5337
88216212,7862
88217312,9068
88218412,5220
88219512,5197
88318311,10018
88320068,8506
88321611,1914
88322711,8498
88323811,10061
88324911,7084
88326411,4962
88327511,9035
88328611,2702
88329711,10040
88331211,2704
88332311,4599
88333411,3
88334511,26
88336011,6162
88337111,10324
88338211,7250
88339311,7991
88340411,10859
88341911,7949
88343011,5076
88344111,6225
88345211,16
88346811,748
88347911,8882
88349011,1046
88350111,8310
88351611,8390
88352711,53
88353811,9684
88354911,35
88356411,10
88357511,12185
88358611,38
88359711,12151
88361211,12180
88362311,33
88363411,12213
88364511,4036
88366011,20
88367111,9935
88368211,2635
88369311,12206
88370411,1
88371911,3842
88460312,12209
88477411,12225
88479011,1824
88480211,44
88481711,2
88482811,10
88483911,12171
88485011,10502
88486511,12167
88487611,12211
88488711,12171
88489811,22
88491311,12206
88492411,12169
88493511,4779
88494611,8634
88496111,12164
88497211,4949
88498311,18
88499411,7547
88501011,12185
88502111,31
88503211,1833
88504311,12191
88505411,7510
88579612,11519
88581212,10440
88582412,4692
88583512,12215
88584612,11690
88586112,11713
88587212,12169
88588312,13
88589412,5030
88591012,3305
88592112,12168
88593212,7568
88594312,672
88595412,7500
88596912,47
88598012,4695
88599112,1528
88600212,2212
88601712,11734
88602812,472
88603912,12192
88605012,6825
88606512,38
88607612,12217
88608712,6102
88609812,8263
88611312,12225
88612412,2749
88613512,12196
88614612,21
88616112,12179
88617212,12165
88618312,6196
88619412,12185
88621012,10
88622112,21
88623212,12167
88624312,842
88625412,12178
88715212,7976
88716812,12191
88718012,43
88719112,12166
88720212,1092
88721712,26
88722812,12180
88723912,16
88725012,10349
88726512,7017
88727612,2
88728712,12221
88729812,1008
88731312,9757
88732412,9306
88733512,6873
88734612,12200
88736112,6682
88737212,12169
88738312,3612
88739412,6186
88741012,9193
88742112,30
88743212,2631
88744312,7597
88745412,0
88746912,12170
88748012,44
88749112,7428
88750212,6901
88751712,12180
88752812,12217
88753912,6601
88755012,6893
88756512,57
88757612,9066
88758712,6928
88759812,3416
88834610,53
88836210,5777
88837410,4649
88838510,7252
88839610,7285
88841112,6637
88842212,12156
88843312,10873
88844412,9247
88845912,1385
88847012,12163
88848112,4141
88849212,12214
88850312,6180
88851812,12167
88852912,32
88854012,12196
88855112,4967
88856712,4569
88857812,56
88858912,12173
88860012,35
88861512,0
88862612,12161
88863712,22
88864812,4677
88953412,48
88965711,3908
88967212,45
88968311,12176
88969411,8919
88971011,7967
88972111,12189
88973211,5776
88974311,8320
88975411,3270
88976911,12182
88978011,6891
88979111,10
88980211,508
88981711,0
88982811,11290
88983911,1755
88985011,8999
88986511,7039
88987611,4338
88988711,8654
88989811,21
88991311,6111
88992411,12173
88993511,9982
88994611,1756
88996111,10976
88997211,1001
88998311,9612
88999411,5045
89001011,3524
89002111,827
89003211,12199
89004311,11548
89005411,10140
89006911,12216
89008011,3441
89009111,2081
89010211,8207
89011711,6469
89012811,3994
89013911,8846
89015011,12190
89016511,6525
89017611,2230
89018711,9166
89019811,2749
89094510,7903
89096010,981
89097110,4544
89098210,8525
89099310,12213
89100410,1597
89102012,12169
89103112,5542
89104212,10072
89105312,514
89106812,6143
89107912,12180
89109012,2916
89110112,12199
89111612,50
89112712,12177
89113812,2364
89203610,12172
89205210,12187
89206712,20
89207812,12180
89208912,8072
89210012,2191
89211512,12216
89212612,43
89213712,12197
89214812,12174
89216312,21
89217412,11638
89218512,43
89219612,10086
89221212,2665
89222312,10390
89223412,7282
89224512,1985
89226012,12182
89227112,5188
89228212,12187
89229312,5960
89230412,8492
89231912,12187
89233012,45
89234112,2612
89235212,12165
89236712,9904
89237812,12206
89238912,1416
89240012,4073
89241512,12227
89242612,7318
89243712,3355
89244812,6306
89246312,4254
89247412,12212
89248512,10
89249612,12188
89251112,6942
89252212,1069
89253312,5252
89254412,8908
89255912,8895
89257012,5698
89258112,6427
89259212,4536
89260312,8067
89261912,5438
89263012,8675
89264112,12198
89265212,841
89266712,1460
89267812,2345
89268912,8245
89270012,28
89271512,0
89272612,6167
89273712,6211
89274812,9997
89373010,3068
89374610,9766
89376211,6574
89377411,3770
89469210,12199
89489911,857
89491411,12202
89492511,7700
89493611,12202
89494811,2671
89496311,1713
89497411,5710
89498511,44
89499611,4567
89501111,9611
89502211,6483
89503311,3389
89504411,5669
89505911,2434
89507011,1767
89508111,1224
89509211,7599
89510311,11023
89511811,9302
89512911,5627
89514011,2866
89515111,9252
89516611,12208
89517711,9315
89518811,10897
89519911,4699
89521411,28
89522511,5293
89523611,716
89524711,10924
89526311,7831
89527411,2236
89528511,10454
89529611,4338
89531111,1362
89532211,4746
89533311,8383
89534411,8605
89535911,2361
89537011,3610
89538111,7484
89539211,2599
89540311,8303
89541811,1530
89542911,12207
89544011,4663
89545111,6714
89546611,31
89547711,8871
89548811,8360
89549911,12156
89551411,1945
89552511,7962
89553611,12204
89554711,6137
89556211,5160
89557311,6
89558411,8164
89559511,7764
89561011,5144
89562111,11857
89563211,8415
89564311,10151
89654212,6963
89655712,3098
89732512,7709
89734012,5907
89735112,7393
89736712,3444
89737812,4852
89738912,4325
89740012,7524
89741512,8067
89742612,8836
89743712,7590
89744812,2496
89746312,4756
89747412,4843
89748512,3835
89749612,3168
89751112,9687
89752212,7339
89753312,10584
89754412,4119
89755912,9248
89757012,6351
89758112,10302
89759212,6750
89760312,6299
89761812,8274
89762912,3684
89764012,539
89765112,2337
89766612,2876
89767712,7380
89768812,6694
89769912,6830
89771412,6185
89772512,6094
89773612,5793
89774712,3076
89776312,5381
89777412,5323
89778512,7761
89779612,6182
89781112,7193
89782212,4249
89783312,8659
89784412,10771
89785912,8602
89787012,4034
89788112,9697
89789212,4636
89790312,4950
89791812,24
89792912,4167
89794012,4084
89795112,9674
89796612,8264
89797712,7572
89798812,6510
89799912,8884
89801412,6117
89802512,7653
89803612,7240
89804712,10042
89806212,10092
89896112,10505
89897712,9079
89898812,6176
89900012,8237
89901512,4536
89902612,11847
89903712,10720
89904812,4336
89906312,4329
89907412,5228
89908512,4347
89909612,5508
89985511,1883
89998912,8574
90000412,12198
90001912,12214
90003112,11602
90004212,8005
90005312,11292
90006812,8568
90007912,22
90009012,667
90010112,4659
90011612,1724
90012712,6099
90013812,6767
90014912,11315
90016512,3833
90017612,4588
90018712,6288
90019812,9173
90021312,7890
90022412,8762
90023512,12188
90024612,6841
90026112,4049
90027212,4279
90028312,8181
90029412,5994
90030912,7579
90032012,4490
90033112,10001
90034212,4711
90035312,2990
90036812,5070
90037912,12159
90039012,2728
90040112,10226
90041612,9400
90042712,7803
90043812,2515
90044912,7432
90046412,9190
90047512,10524
90048612,6137
90049712,5431
90051212,4241
90052312,2122
90053412,8217
90054512,11685
90056112,12199
90057212,6917
90058312,9589
90059412,8786
90150512,5828
90152012,1849
90153212,1798
90154312,6458
90155412,11136
90156912,8017
90158012,5037
90159112,9094
90160212,7823
90161812,6503
90162912,8743
90164012,3909
90165112,8560
90166612,6462
90167712,12177
90168812,4406
90169912,4740
90244211,12166
90245711,4227
90247211,1652
90248511,25
90249611,1642
90251111,7025
90252211,4480
90253311,2376
90254411,0
90255911,11147
90257011,10470
90258111,10194
90259211,5166
90260311,11
90261811,9582
90262911,8027
90264011,8449
90265111,5253
90266611,2493
90267711,645
90268811,8605
90269911,10850
90271411,9998
90272511,6357
90273611,12210
90274711,7322
90276311,10651
90277411,2324
90278511,1268
90279611,18
90281111,6335
90282211,7320
90283311,7889
90284411,4878
90285911,6390
90287011,6396
90288111,10645
90289211,10078
90290311,12179
90291811,11876
90292911,5319
90294011,6722
90295111,4237
90296611,0
90297711,8474
90298811,9532
90299911,4426
90413812,5574
90415412,6521
90416912,10057
90418112,6043
90419212,4316
90420312,3946
90421812,49
90422912,3296
90424012,0
90425112,5826
90445711,3785
90447211,31
90448311,2513
90449411,7075
90451011,5788
90452111,8447
90453211,7756
90454311,6558
90455411,10744
90529712,9331
90531212,5474
90532312,7444
90533412,3123
90534612,6260
90536212,2606
90537312,4706
90538412,3098
90539512,4600
90541012,5922
90542112,4405
90543212,4583
90544312,8507
90545412,3653
90546912,3277
90548012,5540
90549112,6258
90550212,6058
90551712,12158
90552812,10581
90553912,4682
90555012,3943
90556512,6246
90557612,8282
90558712,9917
90559812,7739
90561312,4471
90562412,4924
90563512,8134
90564612,7537
90566112,2638
90567212,3215
90568312,1908
90569412,9182
90570912,10204
90572012,6992
90573112,7162
90574212,5693
90575312,7924
90576912,12178
90578012,12217
90579112,7742
90580212,11418
90581712,4008
90582812,2840
90671510,10601
90673110,7628
90674310,5574
90675410,4369
90676911,5138
90678011,6984
90679111,4571
90680211,5095
90681711,3516
90682811,4990
90683911,5475
90685011,11519
90686511,12202
90687611,7818
90688711,4828
90689811,6969
90691411,2370
90692511,5911
90693611,5611
90694711,7618
90696211,7880
90697311,4549
90698411,7044
90699511,4776
90701011,4353
90702111,8418
90703211,8459
90704311,5693
90705411,6473
90706911,1904
90708011,1300
90709111,29
90710211,2124
90784312,6347
90785812,8437
90787312,8179
90788512,6566
90789612,8980
90791112,8186
90792212,7787
90793312,7801
90794412,7807
90796012,4710
90797112,1345
90798212,5842
90799312,5281
90800412,2635
90801912,9362
90803012,8115
90804112,10958
90805212,4918
90806712,4477
90807812,7152
90808912,1756
90810012,8168
90811512,7990
90812612,8657
90813712,10345
90814812,10390
90816312,7734
90817412,5101
90818512,6166
90819612,9212
90821112,8060
90910010,3067
90911611,8700
90912811,8372
90913911,3814
90915111,10860
90916611,6291
90917711,8766
90918811,7882
90919911,4917
90921511,10876
90922611,5011
90923711,8125
90924811,1163
90934810,5573
90936310,12211
90937410,7749
90938510,6372
90939610,8781
90941212,3368
90942312,6882
90943412,4382
90944512,7491
90946012,4790
90947112,3170
90948212,2927
90949312,6840
90950412,3066
90951912,6070
90953012,5360
90954112,7971
90955212,8461
90956712,6600
90957812,9299
90958912,6646
90960012,12210
90961512,12194
90962612,8302
90963712,7295
90964812,6711
91039510,8147
91041110,8276
91042310,5908
91043510,587
91044610,408
91046211,3984
91047311,9977
91048411,7846
91049511,2800
91051011,4811
91052111,5739
91053211,3909
91054311,5485
91055411,9437
91056911,7744
91058011,3432
91059111,9346
91060211,5243
91061711,5104
91062811,5557
91063911,9025
91065011,8577
91066511,9961
91067611,6501
91068711,7655
91157512,2947
91159112,10264
91160312,3468
91161912,4837
91163012,12225
91164112,29
91165212,794
91166712,8653
91167812,8174
91168912,12189
91170012,6532
91171512,8405
91172612,6210
91173712,3438
91174812,12200
91176312,6263
91177412,4493
91178512,4658
91179612,12198
91181112,5453
91182212,2070
91183312,2891
91184412,734
91185912,1879
91187012,9643
91188112,7880
91189212,1189
91190312,0
91191812,12176
91192912,12216
91194012,10182
91195112,5327
91196612,12202
91197712,7204
91198812,6356
91199912,3375
91201512,4182
91202612,4957
91203712,8
91204812,12164
91206312,7501
91207412,12215
91208512,10017
91209612,8372
91211112,7764
91212212,28
91213312,12
91214412,9486
91215912,9406
91217012,8293
91218112,724
91219212,997
91220312,2603
91294512,9973
91296012,11922
91297112,12187
91298312,12192
91299412,6069
91300912,12193
91302012,12175
91303112,7194
91304212,10192
91305312,931
91306912,2
91419511,12200
91421111,43
91422211,7484
91423311,12171
91424511,2515
91445210,12199
91446710,9488
91447810,12163
91448910,29
91450010,1582
91451512,0
91452612,1421
91453712,12182
91454812,8343
91456312,8907
91457412,14
91458512,3452
91459612,8265
91461112,12199
91462212,12172
91463312,6479
91464412,54
91465912,41
91467012,9659
91468112,12223
91469212,11920
91470312,3670
91471812,5015
91472912,14
91474012,10669
91475112,12210
91476612,11021
91477712,3701
91478812,4411
91479912,12214
91481512,46
91482612,7148
91483712,12187
91484812,11938
91486312,12196
91487412,3546
91488512,12199
91489612,6242
91491112,7737
91492212,12208
91493312,782
91494412,12168
91495912,14
91497012,12188
91498112,3044
91499212,12193
91500312,5551
91501812,1699
91502912,20
91504012,6265
91505112,12167
91506612,43
91507712,9100
91508812,7769
91509912,4245
91511412,10212
91512512,4646
91513612,12160
91514712,26
91679812,12200
91681412,6510
91682521,12206
91683712,7626
91684812,12186
91686412,12
91687512,12199
91688612,6
91689712,47
91691212,50
91692312,6395
91693412,12190
91694512,9028
91696012,6871
91697112,7863
91698212,12174
91699312,12193
91700412,2
91701912,7678
91703012,6264
91704112,8784
91705212,0
91706712,19
91707812,58
91708912,9053
91710012,10
91711512,61
91712612,11085
91713712,12191
91714812,12210
91716312,12192
91717412,12193
91718512,10033
91719612,12174
91721112,12177
91722212,1077
91723312,9964
91724412,12195
91726012,12194
91727112,1172
91728212,12
91729312,5961
91730412,12193
91731912,11043
91733012,2763
91734112,12200
91735212,12206
91736712,12194
91737812,4160
91738912,12203
91740012,0
91741512,10050
91742612,0
91743712,12183
91744812,12199
91746312,12219
91747412,24
91748512,6032
91749612,12214
91751112,12212
91752212,2167
91753312,12187
91754412,11672
91755912,12216
91844110,29
91845712,8275
91847212,4199
91848312,5880
91849412,1076
91850912,6827
91852012,12190
91853112,2792
91854212,9493
91855312,7410
91929469,3753
91943011,12196
91944511,12156
91946111,7
91947211,12183
91948311,7040
91949411,12222
91950911,11490
91952011,8320
91953111,8179
91954211,3162
91955311,12172
91956811,10146
91957911,10596
91959011,9718
91960111,12207
91961611,12189
91962711,6086
91963811,26
91964911,9322
91966411,6518
91967511,3391
91968611,9756
91969711,11677
91971211,12173
91972311,7895
91973411,9780
91974511,10939
91976111,13
91977211,7676
91978311,50
91979411,9996
91980911,11109
91982011,5999
91983111,9855
91984211,6815
91985311,12192
91986811,3489
91987911,12170
91989011,25
91990111,12206
91991611,12206
91992711,25
91993811,12180
91994911,1
91996411,12199
91997511,7
91998611,12166
91999711,28
92001211,8
92002311,12216
92003411,50
92004511,12207
92006011,15
92094010,8793
92095610,8332
92097112,33
92098212,2363
92099312,36
92100412,5297
92101912,8342
92103012,12207
92104112,6586
92105212,9076
92106712,2401
92107812,2852
92108912,1057
92110012,3631
92184712,4759
92186212,12195
92187312,4913
92188512,10038
92189612,6526
92191112,12169
92192212,734
92193312,0
92194412,47
92195912,8680
92197012,7778
92198112,2676
92199212,819
92200312,10608
92201912,7216
92203012,4879
92204112,12217
92205212,2748
92206712,6369
92207812,6800
92208912,8579
92210012,11084
92211512,3465
92212612,12178
92213712,27
92214812,10950
92216312,0
92217412,12211
92218512,11622
92219612,11027
92221112,12215
92222212,8674
92223312,12172
92224412,5542
92225912,12191
92227012,0
92228112,8622
92229212,9557
92230312,6
92231812,6080
92232912,6747
92234012,5153
92235112,12157
92236612,12189
92237712,6952
92238812,21
92239912,8027
92241512,448
92242612,5688
92243712,12163
92331611,2533
92333211,4641
92334411,9916
92335911,7552
92337011,3517
92338111,1960
92339211,4569
92340311,1588
92341811,18
92342911,3572
92344011,9492
92345111,12180
92346611,12185
92347711,11144
92348811,7018
92349911,3742
92351511,5703
92352611,5225
92353711,6071
92354811,4950
92356311,10292
92357411,11046
92358511,11025
92359611,5526
92361111,4444
92362211,12168
92363311,228
92364411,7122
92462710,7373
92476210,10792
92477710,5950
92478810,52
92479910,7887
92481412,333
92482512,7636
92483612,2111
92484712,10949
92486212,22
92487312,9981
92488412,1691
92489512,12175
92491012,2391
92492112,12188
92493212,2607
92494312,5908
92495412,9
92496912,8841
92498012,6081
92499112,9528
92500212,12051
92501712,3305
92502812,12217
92503912,15
92505012,11381
92506512,9
92507612,11331
92508712,9
92509812,12203
92511412,8698
92512512,1830
92513612,6975
92514712,4901
92516212,12206
92517312,36
92605510,5503
92607111,7196
92608311,1500
92609411,4345
92610911,6292
92612011,5607
92613111,4445
92614211,5485
92615311,329
92616811,5095
92617911,10554
92619011,12186
92620111,5981
92621611,1963
92622711,49
92623811,3464
92624911,4838
92626411,3500
92627511,7783
92628611,8936
92629711,4926
92631211,2830
92632311,8028
92633411,655
92634511,8542
92636011,5187
92637111,2845
92638211,4348
92639311,3942
92640411,5527
92641911,3482
92643011,8251
92644111,6610
92645211,8108
92646811,4994
92647911,12173
92649011,10084
92650111,5483
92725210,3898
92726710,3235
92727810,1875
92729010,409
92730110,3758
92731712,4712
92732812,5908
92733912,7154
92735012,9935
92736512,4309
92737612,1746
92738712,6590
92739812,10846
92741312,8872
92742412,9793
92743512,11358
92744612,8770
92746112,2105
92747212,3900
92748312,2435
92749412,3093
92750912,7
92752012,8891
92753112,14
92754212,12193
92755312,39
92843610,3349
92845212,12152
92846712,10350
92847912,12208
92849012,981
92850112,12209
92851612,11191
92852712,1187
92853812,40
92854912,10469
92856412,156
92857512,12175
92858612,7055
92859712,8967
92861212,12184
92862312,10650
92863412,8483
92864512,45
92866112,5799
92867212,10028
92868312,0
92869412,5837
92870912,5235
92872012,6925
92873112,2316
92874212,5854
92875312,1086
92876812,4681
92877912,10606
92879012,12186
92880112,7434
92881612,536
92882712,2906
92883812,12161
92884912,10949
92886412,4455
92887512,5948
92888612,860
92889712,5973
92891212,1674
92892312,7637
92893412,2395
92894512,7657
92896012,11416
92897112,1862
92898212,2288
92899312,9808
92900412,5980
92974512,3380
92991711,4542
92993211,8148
92994311,9717
92995411,12176
92996911,2284
92998011,7678
92999111,4047
93000211,3430
93001711,7248
93002811,6480
93003911,3395
93005011,6020
93006511,12164
93007611,12195
93008711,10000
93098012,9520
93099612,9901
93101112,12227
93102212,8578
93103312,5103
93104412,5109
93105912,4381
93107012,5760
93108112,4658
93109212,812
93110312,1525
93111812,5273
93112912,6826
93114012,3890
93115112,10747
93116612,6384
93117712,10062
93118812,8590
93119912,7292
93121412,1157
93122512,3711
93123612,5658
93124712,1393
93126212,7455
93127312,5890
93128412,6480
93129512,7245
93131012,1099
93132112,4398
93133212,3847
93134312,5936
93135412,8924
93137012,9302
93138112,9809
93139212,8846
93140312,4923
93141812,5327
93142912,3934
93144012,6984
93145112,7458
93146612,7609
93147712,7284
93148812,8918
93149912,6117
93151412,2687
93152512,5582
93153612,7057
93154712,213
93156212,4985
93157312,5806
93158412,6109
93159512,4909
93161012,8180
93162112,9295
93163212,4791
93164312,4808
93165412,2442
93242010,12180
93243612,7078
93244715,9565
93246212,7552
93247312,11739
93248412,7974
93249512,4951
93338610,2887
93340210,3905
93341711,9411
93342811,7490
93343911,4684
93345011,5271
93346511,11
93347611,7808
93348711,12226
93349811,8138
93351311,12163
93352411,4276
93353511,4794
93354611,6097
93356211,381
93357311,282
93358411,278
93359511,2615
93361011,3582
93362111,4873
93363211,6649
93364311,6583
93365411,9705
93366911,7442
93368011,7767
93369111,3440
93370211,9574
93371711,3176
93372811,5547
93373911,5721
93375011,7794
93376511,9120
93377611,5985
93378711,5500
93379811,7431
93381311,6923
93382411,11536
93383511,8822
93384611,5767
93386111,7765
93387211,6864
93388311,6843
93389411,3975
93390911,1597
93392011,1404
93393111,4807
93394211,748
93395311,8221
93396911,4565
93398011,6486
93399111,7699
93400211,8410
93401711,7846
93402811,7250
93403911,5455
93405011,9132
93406511,10589
93407611,9678
93408711,9605
93409811,5871
93411311,3151
93412411,4354
93413511,11
93414611,6815
93603511,7081
93618112,7261
93619612,12220
93621112,10205
93622212,6977
93623312,7593
93624412,1342
93625912,2085
93627012,7746
93628112,3296
93629212,8336
93630312,4261
93631812,8938
93632912,4631
93634012,5777
93635112,3531
93636612,9764
93637712,9922
93638812,8097
93639912,7875
93641512,5520
93642612,6482
93643712,1262
93644812,557
93646312,3868
93647412,7679
93648512,5925
93649612,9498
93651112,8677
93652212,7893
93653312,9472
93654412,7657
93655912,7201
93657012,4438
93658112,7198
93659212,8559
93660312,5280
93661812,4644
93662912,7410
93664012,5167
93665112,5814
93666612,6016
93667712,5915
93668812,4834
93669912,4700
93671412,9905
93672512,11408
93673612,8669
93674712,10193
93676212,6093
93677312,8018
93678412,8783
93679512,8940
93681112,4570
93682212,1120
93683312,4655
93684412,4282
93685912,4530
93687012,3273
93688112,5677
93689212,1097
93690312,9754
93691812,10328
93692912,8060
93781610,6819
93783110,6315
93784210,7839
93785310,6515
93786912,8370
93788012,2287
93789112,5290
93790212,5827
93864911,7098
93866411,9201
93867511,7621
93868611,6590
93869811,7764
93871411,9062
93872511,6041
93873611,6324
93874711,1197
93876211,38
93877311,3180
93878411,1865
93879511,1146
93881011,2392
93882111,4569
93883211,5154
93884311,8383
93885411,7809
93886911,7417
93888011,7071
93889111,5113
93890211,11314
93891711,10685
93892811,9007
93893911,9795
93895011,7481
93896511,5853
93897611,4512
93898711,4336
93899811,1264
93901411,3874
93902511,5973
93903611,4707
93904711,7561
93906211,12169
93907311,10093
93908411,12191
93909511,10331
93911011,8128
93912111,9278
93913211,3063
93914311,5485
93915411,3103
93916911,3952
93918011,8243
93919111,7333
93920211,5947
93921711,3536
93922811,3674
93923911,8536
93925011,9331
93934812,6203
93936412,5811
93937513,3799
93938612,7451
93939712,7117
94028979,5744
94030510,6268
94032010,2874
94033110,11523
94034210,10254
94035310,12212
94036812,9455
94037912,8536
94039012,5291
94040112,468
94041612,3637
94042712,4701
94043812,3364
94044912,5192
94118812,3453
94120412,7335
94121912,5697
94123012,11093
94124112,10978
94125212,12181
94126712,10313
94127812,10469
94128912,8505
94130012,1665
94131512,3939
94132612,5459
94133712,3046
94134812,796
94136312,5736
94137412,5210
94138512,7833
94139612,5825
94141112,4262
94142212,12218
94143312,10232
94144412,7259
94146012,9212
94147112,11802
94148212,3662
94149312,5564
94150412,4771
94151912,6214
94153012,2043
94154112,8977
94155212,4123
94156712,8635
94157812,5015
94158912,7936
94160012,7676
94161512,5847
94162612,8196
94163712,7459
94164812,47
94166312,6101
94167412,2719
94168512,4145
94169612,2866
94171112,4701
94172212,2299
94173312,7436
94174412,3739
94175912,11012
94177012,9382
94178112,12195
94267212,8827
94268812,7052
94270012,12166
94271612,5828
94272712,8429
94273812,8187
94274912,10343
94276412,5024
94277512,5767
94278612,5896
94279712,6593
94281212,9625
94282312,3
94283412,7680
94284512,768
94286012,5384
94287112,6996
94288212,6917
94289312,6882
94290412,11262
94291912,8832
94293012,10086
94294112,1982
94295212,963
94369610,2622
94371210,5571
94372410,5557
94373710,9135
94374810,8435
94376310,9703
94377410,7789
94378510,7430
94379610,8582
94381110,9275
94382210,3183
94383310,6881
94384410,7882
94385911,5802
94387011,8122
94388111,5988
94389211,6335
94390311,8454
94391811,7316
94392911,9179
94394011,6025
94395111,9990
94396611,6429
94397711,4989
94398811,6498
94399911,4000
94401511,5261
94402611,5227
94403711,1127
94404811,2012
94406311,249
94407411,6407
94408511,3302
94409611,11104
94411111,8516
94412211,12161
94413311,12216
94414411,6450
94415911,9272
94417011,2827
94505410,9782
94522611,6774
94524111,3932
94525211,10441
94526811,8390
94527911,0
94529011,4874
94530111,4435
94531611,6075
94532711,7284
94533811,3568
94534911,7314
94536411,10307
94537511,4247
94538611,10968
94539711,7208
94541211,10647
94542311,10902
94543411,3
94544511,9121
94546011,6611
94547111,2937
94548211,1922
94549311,5552
94550411,7739
94551911,9503
94553011,2652
94554111,9528
94555211,6690
94556811,5880
94557911,8575
94559011,9165
94560111,8988
94658110,5289
94659710,10457
94661212,4659
94662320,12177
94663512,12194
94664612,18
94666112,7993
94667212,12172
94668312,1952
94669412,0
94670912,12191
94672012,3015
94673112,41
94674212,12181
94675312,2827
94676912,47
94678012,12185
94679112,1286
94680212,8169
94681712,12184
94682812,15
94683912,9072
94685012,12216
94686512,3632
94687612,4752
94688712,12183
94689812,12
94691312,6766
94692412,12169
94693512,6
94694612,10114
94783010,46
94784612,0
94786112,59
94787212,5762
94788312,4086
94789412,10385
94790912,8776
94792012,3625
94793112,10994
94794212,4479
94795312,5240
94796812,6882
94797912,6494
94799012,3542
94800112,7727
94801612,6624
94802712,8
94803812,10199
94804912,6961
94806412,3056
94807512,12171
94808612,4173
94809712,9938
94811312,10046
94812412,40
94813512,6821
94814612,1276
94816112,1044
94817212,9064
94818312,7062
94819412,7274
94820912,3982
94822012,12197
94823112,5750
94824212,12187
94825312,9334
94826812,7865
94827912,12207
94829012,6235
94830112,12175
94904010,15
94905510,9995
94907112,12216
94908212,1047
94909312,12185
94910412,29
94911912,10923
94913012,41
94914112,12181
94915212,37
94916712,6192
94917812,4779
94918912,12222
94920012,12170
94921512,6374
94922612,4139
94923712,3926
94924812,7803
94945511,1017
94947011,8466
94948111,10666
94949311,11567
94950411,4793
94952011,9472
95040210,5232
95041710,7835
95042810,12228
95043910,8745
95045010,2033
95046510,12194
95047610,3942
95048710,5679
95049810,10526
95051412,14
95052512,24
95053612,3816
95054712,8618
95056212,1515
95057312,11388
95058412,10205
95059512,9456
95061012,10
95062112,12152
95063212,12201
95064312,9763
95065412,35
95066912,9586
95068012,8959
95069112,720
95070212,10253
95071712,12169
95072812,12184
95073912,15
95075012,40
95076512,3881
95077612,4564
95078712,12222
95079812,4387
95081312,8922
95082412,50
95083512,23
95084612,11945
95086112,10300
95087212,12201
95088312,19
95089412,6840
95091012,48
95092112,33
95093212,12219
95094312,6171
95095412,1908
95169312,4222
95170812,44
95172312,50
95173512,487
95174612,9679
95176112,12185
95177212,8150
95178312,2308
95179412,6687
95181012,8296
95182112,8196
95183212,6352
95184312,32
95185412,12207
95186912,12212
95188012,12214
95189112,6540
95276511,5323
95278111,12215
95279311,0
95280411,12084
95281911,2012
95283011,10510
95284111,12213
95285211,44
95286711,5539
95287811,4467
95288911,2112
95290011,12203
95291511,7138
95292611,24
95293711,1601
95294811,5753
95296311,12199
95297411,2015
95298511,12191
95299611,12198
95301111,12212
95302211,12182
95303311,4
95304411,6278
95305911,7635
95307011,9700
95308111,4714
95309211,12193
95310311,12178
95311811,12211
95312911,4057
95314011,5661
95315111,9051
95316711,12192
95317811,7441
95318911,18
95320011,10647
95321511,12197
95322611,7603
95323711,10
95324811,4522
95326311,5
95327411,3762
95328511,1512
95329611,12185
95331111,12171
95332211,12169
95333311,8332
95334411,10656
95335911,11748
95337011,0
95338111,4339
95339211,4514
95340311,1
95341811,33
95342911,5085
95344011,12164
95345111,2418
95419712,5697
95421312,7360
95422417,10254
95423512,12197
95424612,8587
95438112,11476
95529311,8104
95530911,9724
95532411,9804
95533511,6879
95534611,2319
95536111,2786
95537211,2118
95538311,6764
95539411,8750
95540911,4494
95542011,6650
95543111,7945
95544211,8445
95545311,7199
95546811,5488
95547911,5473
95549011,5790
95550111,11264
95551611,6352
95552711,8392
95553811,6945
95554911,5805
95556411,3853
95557511,4490
95558611,4956
95559711,5546
95561311,6398
95562411,6674
95563511,2246
95564611,5556
95566111,6294
95567211,6283
95568311,5709
95569411,5776
95570911,8361
95572011,5951
95573111,4337
95574211,5680
95575311,3947
95576811,7673
95577911,5195
95579011,1878
95580111,7776
95581611,8062
95582711,6538
95583811,9969
95584911,12198
95586411,8356
95587511,6380
95588611,7458
95589711,436
95591211,15
95592311,783
95593411,2693
95594511,4675
95596011,8844
95597111,9842
95598211,9784
95599311,8725
95600411,11376
95602011,2603
95603111,5086
95604211,26
95605311,6008
95795111,5410
95796711,5632
95797911,7801
95799011,9384
95800111,8512
95801611,2267
95802711,6289
95803811,7011
95804911,5311
95806411,892
95807511,3519
95808611,7056
95809711,5971
95811311,8292
95812411,5696
95813511,5410
95814611,6308
95816111,7738
95817211,5621
95818311,7864
95819411,5605
95820911,6148
95822011,5590
95823111,1699
95824211,6553
95825311,3307
95826811,6139
95827911,7277
95829011,7541
95830111,10732
95831611,12203
95832711,9199
95833811,6255
95834911,7330
95836411,6530
95837511,9069
95838611,3827
95839711,2886
95841211,7353
95842311,4661
95843411,3350
95844511,7253
95846011,4030
95847111,5553
95848211,1772
95849311,5
95850411,1915
95852011,10508
95853111,8438
95854211,9288
95855311,11790
95856811,5006
95857911,6241
95859011,6846
95860111,4185
95861611,4020
95862711,4320
95863811,2168
95864911,5493
95866411,6215
95867511,4767
95868611,666
95869711,6162
95871211,5530
95959712,11701
95973010,7746
95974510,12158
95976010,11918
95977110,8772
95978210,12216
95979310,4044
95980410,7036
96054912,10698
96056412,6644
96057512,43
96058771,3129
96059912,3129
96061412,2845
96062512,4091
96063612,7992
96064712,6066
96066212,8657
96067312,6595
96068412,6760
96069512,10876
96071012,8303
96072112,7633
96073212,5471
96074312,9271
96075412,7213
96076912,1569
96078012,6409
96079112,5750
96080212,3714
96081712,2379
96082812,1687
96083912,4279
96085012,1919
96086612,5670
96087712,11751
96088812,12187
96089912,7468
96091412,5245
96092512,3548
96093612,1983
96094712,8147
96096212,8228
96097312,1678
96098412,8918
96099512,3452
96101012,6915
96102112,5946
96103212,11610
96104312,11217
96105412,9639
96106912,7944
96108012,7417
96109112,6257
96110212,3391
96111712,28
96112812,5160
96113912,4890
96115012,8140
96116512,9688
96117612,8328
96118712,5854
96119812,7441
96121312,7440
96210312,6644
96211912,4818
96213022,3659
96214212,9019
96215412,10235
96216912,9263
96218012,8830
96219112,3735
96220212,4707
96221812,6608
96222912,3030
96224012,4378
96225112,1916
96226612,41
96227712,36
96228812,4146
96229912,9246
96231412,8630
96232512,9383
96233612,8743
96234712,5915
96309310,1752
96310810,8577
96312312,5140
96313512,7459
96314612,5747
96316112,8645
96317212,3759
96318312,9319
96319412,8095
96321012,5094
96322112,4925
96323212,5453
96324312,7669
96325412,4424
96326912,3938
96328012,7518
96329112,2131
96330212,5315
96331712,5015
96332812,2805
96333912,4546
96335012,5071
96336512,1204
96337612,3488
96338712,8623
96339812,10916
96341312,12178
96342412,11063
96343512,10908
96344612,5161
96346112,1435
96347212,1248
96348312,3973
96349412,1467
96351012,2353
96352112,5952
96353212,4729
96354312,7025
96355412,9102
96356912,9296
96358012,6844
96359112,8864
96360212,8370
96452412,10349
96476710,6105
96478210,3239
96479310,1267
96480410,3367
96481912,4956
96483012,8075
96484112,11688
96485212,12192
96486712,11187
96487812,8051
96488912,4336
96490012,6275
96491512,4086
96492612,3730
96493712,3465
96494812,3050
96496312,4121
96497412,7210
96498512,5066
96499612,6905
96501112,10465
96502212,8146
96503312,7016
96504412,7161
96578612,3061
96580212,5316
96581712,2104
96582812,3376
96583912,7741
96585012,2606
96586512,7451
96587612,11210
96588712,456
96589812,2240
96591312,8736
96592412,5263
96593512,11708
96594612,7710
96596112,7578
96597212,10157
96598312,4876
96599412,7669
96600912,22
96602012,3243
96603112,3142
96604212,5746
96605312,9408
96606812,9153
96607912,12185
96609012,9286
96610112,4533
96611612,4191
96612712,4069
96613812,3534
96614912,3474
96616512,5240
96617612,3403
96618712,6009
96619812,11708
96621312,8687
96622412,3391
96623512,4877
96624612,29
96714015,4322
96715614,4741
96717111,4753
96718311,8358
96719411,10673
96720911,7719
96722011,6203
96723111,4685
96724211,1200
96725311,2321
96726811,2445
96727911,7699
96729011,6605
96730111,7275
96731611,5062
96732711,2372
96733811,6
96734911,1489
96736511,9672
96737611,6927
96738711,4608
96739811,8723
96741311,7667
96742411,6343
96743511,8550
96744611,6246
96746111,8850
96747211,8516
96748311,8871
96749411,4265
96848010,8417
96849612,5145
96851112,7866
96852312,6266
96853412,5196
96854512,7699
96856012,5666
96857112,4227
96858212,5212
96859312,3971
96860412,5573
96862012,3612
96863112,7346
96864212,1777
96865312,3569
96866812,5512
96867912,7410
96869012,4729
96870112,3869
96871612,4754
96872712,10743
96873812,11069
96874912,5006
96876412,7255
96877512,5012
96878612,8009
96879712,5382
96881212,37
96882312,7476
96883412,9346
96884512,5343
96886012,6694
96887112,3247
96888212,7607
96976710,5100
96997420,6592
96998911,4654
97000011,8933
97001511,8141
97002611,10368
97003711,3731
97004811,9326
97006411,8380
97007511,10789
97008611,6922
97009711,9331
97011211,5245
97012311,5982
97013411,0
97014511,4475
97016011,7018
97017111,6693
97018211,3915
97019311,6029
97020411,7648
97021911,2736
97023011,7629
97024111,7337
97025211,8813
97026711,10044
97027811,12151
97028911,5410
97030011,4788
97031511,12188
97032611,3809
97033711,7077
97034811,4964
97036311,10325
97037411,6525
97038511,10708
97039611,10816
97113612,3654
97115212,7855
97116712,2694
97117812,5629
97118912,10377
97120012,1
97121512,4872
97122612,4884
97123712,5333
97124812,7863
97126412,9161
97127512,6791
97128612,9947
97129712,10147
97131212,6972
97132312,6196
97133412,5433
97134512,8350
97136012,4831
97137112,7033
97138212,4692
97139312,6888
97140412,9435
97141912,1957
97143012,8177
97144112,4354
97145212,10748
97235512,6214
97237012,5227
97238212,6450
97239312,6719
97240412,6683
97242012,8343
97243112,7077
97244212,11184
97245312,6524
97246812,6999
97247912,7328
97249012,2149
97250112,6236
97251612,4051
97252712,5658
97253812,12168
97254912,1180
97256412,8522
97257512,8266
97258612,8690
97259712,9578
97261212,5264
97262312,7106
97263412,9
97264512,6978
97266012,1938
97267112,53
97268212,11032
97269312,8960
97270412,12211
97271912,12181
97273012,6531
97274112,12158
97275212,5244
97276712,12164
97277812,4592
97278912,6006
97280012,386
97281612,5933
97282712,5596
97283812,3020
97284912,3987
97286412,5349
97287512,6434
97288612,9033
97289712,8447
97364410,9779
97365910,3412
97367010,8038
97368210,8484
97369310,3421
97370410,4289
97372012,7589
97373112,9116
97374212,5442
97375312,6852
97376812,9054
97377912,3686
97379012,4301
97380112,1409
97381612,797
97382712,6146
97383812,4195
97384912,4187
97473810,6924
97501212,6103
97502712,2220
97503812,29
97505012,10194
97506612,10799
97507712,10081
97508812,6335
97509912,6365
97511412,2708
97512512,1748
97513612,7490
97514712,9316
97516212,245
97517312,7931
97518412,11515
97519512,1726
97521012,11124
97522112,7
97523212,12219
97524312,9
97525412,9033
97526912,12224
97528012,45
97529112,12188
97530212,19
97531712,1261
97532812,12191
97533912,8
97535012,12200
97536512,1062
97537612,11686
97538712,12158
97539812,1134
97541312,12166
97542412,4
97543512,12181
97544612,10576
97546212,26
97547312,12177
97548412,36
97549512,12214
97551012,12203
97552112,30
97553212,12197
97554312,43
97555412,12195
97556912,7012
97558012,7353
97559112,12182
97560212,8523
97561712,12198
97562812,2296
97563912,12197
97565012,46
97639212,12219
97640712,1741
97642212,10425
97643412,8182
97644512,21
97646112,6970
97647212,36
97648312,11018
97649412,8972
97737512,2513
97739012,12182
97740212,1254
97741712,10904
97742812,0
97743912,9318
97745012,12172
97746612,11941
97747712,8215
97748812,40
97749912,12173
97751412,47
97752512,12225
97753612,1124
97754712,2373
97756212,12202
97757312,8
97758412,12194
97759512,832
97761012,12222
97762112,12215
97763212,0
97764312,12182
97765412,32
97766912,12200
97768012,1584
97769112,6597
97770212,12209
97771712,40
97772812,12189
97773912,380
97775012,12207
97776512,32
97777612,5867
97778712,12210
97779812,4
97781312,12190
97782412,30
97783512,5626
97784612,12173
97786212,12169
97787312,8618
97788412,1012
97789512,12175
97791012,41
97792112,12202
97793212,51
97794312,3196
97795412,12173
97796912,2
97798012,12214
97799112,11
97800212,3909
97801712,36
97802812,8329
97803912,12233
97805012,88
97806512,12196
97807612,0
97808712,12218
97809812,10464
97907810,12185
97909312,12215
97910512,34
97999711,12181
98024112,4363
98025612,12195
98027212,12155
98028312,10
98029412,12180
98030912,12213
98032012,49
98033112,12195
98034212,4452
98035312,1215
98036812,12199
98037912,5151
98039012,12182
98040112,12170
98041612,27
98042712,12183
98043812,12175
98044912,35
98046412,12160
98047512,12196
98048612,44
98049712,12195
98051212,12206
98052312,667
98053412,12162
98054512,48
98056112,9
98057212,12198
98058312,8507
98059412,12206
98060912,12203
98062012,10255
98063112,12176
98064212,12212
98065312,12206
98066812,12213
98067912,10311
98069012,8857
98070112,12219
98071612,8552
98072712,12212
98073812,12200
98074912,9801
98076412,12169
98077512,8314
98078612,12188
98079712,4009
98081212,7294
98082312,11260
98083412,4741
98084512,10426
98086012,12202
98087112,7189
98088212,6308
98089312,2721
98090412,12180
98091912,6407
98093012,12191
98094112,11214
98095212,11668
98096812,10601
98097912,12201
98099012,12162
98189510,31
98265811,12223
98267411,12204
98268611,7457
98269711,12229
98271211,12220
98272311,9638
98273411,10897
98274511,882
98276011,2562
98277111,4473
98278211,5094
98279311,7752
98280411,7470
98281911,5006
98283011,2991
98284111,6696
98285211,9243
98286711,12179
98287811,4822
98288911,9586
98290011,4217
98291511,4741
98292611,11465
98293711,4744
98294811,6306
98296311,8286
98297411,1568
98298511,9290
98299611,4416
98301111,47
98302211,3742
98303311,6193
98304411,4189
98306011,2512
98307111,1137
98308211,10417
98309311,51
98310411,6121
98311911,5969
98313011,8754
98314111,5660
98315211,11426
98316711,10497
98317811,500
98318911,3849
98320011,8
98321511,1424
98322611,8588
98323711,1803
98324811,5612
98326311,6928
98327411,6128
98328511,5975
98329611,10923
98331111,10238
98332211,6115
98333311,3297
98334411,5673
98335911,3209
98337011,10020
98338111,4128
98339211,12184
98340311,8918
98429510,8989
98446711,22
98448211,12206
98449311,2894
98450411,7937
98451911,3056
98453011,8540
98454111,52
98455211,8606
98529512,6708
98531112,6796
98532312,2923
98533412,6
98534512,5324
98536012,7763
98537112,9087
98538212,9673
98539312,10321
98540412,3684
98541912,10267
98543012,20
98544112,11041
98545212,7340
98546712,2813
98547812,9233
98548912,12207
98550012,8292
98551612,663
98552712,8607
98553812,56
98554912,11134
98556412,11281
98557512,34
98558612,6987
98559712,4736
98561212,3687
98562312,12195
98563412,18
98564512,9373
98566012,10
98567112,42
98568212,12201
98569312,11471
98570412,12174
98571912,12178
98573012,12200
98574112,3107
98575212,5250
98576712,12201
98577812,6
98578912,12167
98580012,789
98581512,2551
98582612,12207
98583712,24
98584812,12190
98586312,12241
98587412,35
98588512,12200
98589612,24
98591212,12191
98592312,7707
98593412,2340
98594512,12162
98683612,11041
98685212,4394
98686712,11821
98687812,9621
98688912,9325
98690012,10
98691512,23
98692612,10065
98693712,639
98694812,7902
98696312,0
98697412,12202
98698512,0
98699612,12184
98701112,3488
98702212,9385
98703312,0
98704412,4056
98778512,12210
98780112,1838
98781612,12188
98782712,13
98783812,12202
98784912,41
98786412,3609
98787512,12177
98788612,12207
98789712,3
98791212,9578
98792312,12180
98793412,4566
98794512,4645
98796112,8822
98797212,1577
98798312,2173
98799412,12159
98800912,1599
98802012,40
98803112,12177
98804212,17
98805312,12206
98806812,12216
98807912,8411
98809012,0
98810112,12166
98811612,12210
98812712,42
98813812,12194
98814912,7509
98816412,39
98817512,12214
98818612,12168
98819712,3
98821212,9693
98822312,12212
98823412,40
98824512,12172
98826012,12212
98827112,0
98828212,5283
98829312,12223
98830412,32
98831912,3512
98833012,12165
98944116,8783
98959912,12197
98961412,12182
98962612,29
98963712,2991
98964812,12211
98966312,12187
98967412,809
98968512,12214
98969612,3182
98971212,11990
98972312,3956
98973412,10409
98974512,2787
98976012,12175
98977112,2170
98978212,2794
98979312,6169
98980412,5433
98981912,5145
98983012,12191
98984112,2611
98985212,3642
98986712,6965
98987812,12185
98988912,2942
98990012,12179
99063711,0
99065311,6197
99066811,2611
99067911,7529
99069011,3655
99070111,2314
99071611,12214
99072711,8407
99073811,58
99074911,12207
99076411,1731
99077511,8196
99078611,8383
99079711,12226
99081211,9975
99082311,6916
99083411,4376
99084511,9158
99086011,0
99087111,9
99088211,7061
99089311,1078
99090411,5433
99091911,2157
99093011,591
99094111,2334
99095211,9141
99096811,6318
99097911,10270
99099011,2802
99100111,12210
99101611,3760
99102711,2979
99103811,12176
99104911,6194
99106411,1525
99107511,10087
99196110,3149
99197610,800
99198710,8049
99199810,8628
99201412,5736
99202512,8156
99203612,11015
99204712,6936
99206212,9210
99207312,5856
99208412,14
99209512,2856
99211012,587
99212112,6716
99213212,7521
99214312,1146
99215412,52
99216912,12172
99218012,3789
99219112,4122
99220212,3394
99221712,2268
99222812,7533
99223912,12206
99225012,774
99226512,874
99227612,12210
99228712,12201
99229812,9194
99231312,5383
99232412,16
99233512,12211
99234612,4300
99236112,8020
99237212,18
99238312,6602
99239412,8847
99316121,3966
99317721,6007
99319068,4090
99320212,12193
99321712,3210
99322812,2463
99323912,8850
99325012,5006
99326512,4151
99327612,3440
99328712,10362
99329812,3497
99331312,29
99332412,4468
99333512,8694
99334612,3363
99336112,2935
99337212,4832
99338312,8984
99339412,8454
99340912,6594
99342012,38
99343112,12199
99344212,5815
99345312,6273
99346912,7423
99348012,9142
99435911,12200
99450612,3247
99452112,10770
99453212,15
99454412,12019
99456012,7663
99457112,4775
99458212,7496
99459312,6877
99460412,3962
99461912,1642
99463012,5693
99464112,4631
99465212,6168
99466712,7677
99467812,4399
99468912,7573
99470012,12184
99471512,6657
99472612,8257
99473712,5488
99474812,2090
99476312,5886
99477412,3120
99478512,3545
99479612,1174
99481112,8569
99482212,5963
99483312,1521
99484412,4319
99485912,5916
99487012,2067
99488112,8566
99489212,12207
99490312,7824
99491812,2274
99492912,7775
99494012,6484
99495112,6616
99496712,7
99497812,4941
99498912,2091
99500012,10177
99501512,5572
99502612,0
99503712,6512
99504812,3768
99580610,10642
99582110,12157
99583210,12158
99584310,7833
99585410,10997
99586912,3104
99588012,7583
99589112,5777
99590212,2242
99591712,7085
99592812,8093
99593912,9330
99595012,6946
99596512,1314
99597612,4911
99598712,8502
99599812,7731
99694410,8024
99695912,5609
99697112,3446
99698212,4324
99699312,4872
99700412,10189
99701912,4603
99703012,6031
99704112,4998
99705212,6781
99706712,7728
99707812,5194
99708912,5832
99710012,3861
99711612,5459
99712712,2091
99713812,6610
99714912,4018
99716412,7378
99717512,6092
99718612,5594
99719712,7150
99721212,11123
99722312,9597
99723412,4318
99724512,9134
99726012,8313
99727112,9141
99728212,8565
99729312,8068
99730412,781
99731912,5737
99733012,7962
99734112,7942
99735212,2965
99736712,9900
99737812,6061
99738912,4658
99740012,3608
99741512,2775
99742612,951
99743712,6892
99744812,11000
99746312,5810
99747412,11543
99748512,8634
99749612,9895
99751212,12187
99752312,8773
99753412,8783
99754512,2377
99756012,10644
99757112,5075
99758212,2779
99759312,1969
99760412,1685
99761912,2617
99763012,3727
99764112,4668
99765212,9076
99839311,7256
99840911,5947
99842411,4494
99843511,9213
99956610,4848
99973910,7355
99975410,4480
99977012,5952
99978112,2340
99979212,2140
99980312,9964
99981812,4147
99982912,5983
99984012,6414
99985112,6309
99986612,9938
99987712,8348
99988812,6329
99989912,7255
99991412,10724
99992512,7226
99993612,7085
99994712,6232
99996212,9662
99997312,8177
99998412,4515
99999512,5311
100001012,2536
100002112,5209
100003212,3155
100004312,3284
100005412,5322
100007012,7989
100008112,4926
100009212,3537
100010312,5603
100011812,7926
100012912,10004
100014012,11410
100015112,10679
100016612,8151
100017712,6586
100018812,6257
100019912,5978
100021412,3968
100022512,5843
100023612,5326
100024712,5962
100026212,7024
100027312,4583
100028412,4195
100029512,2340
100031012,4636
100032112,2519
100033212,4800
100034312,9474
100035412,9662
100036912,4908
100038012,7298
100039112,5688
100040212,8231
100041712,5563
100042812,7979
100043912,8879
100045012,7509
100046612,2999
100047712,6912
100048812,6446
100141312,7422
100219010,5011
100220612,2255
100222112,6971
100223212,6965
100224312,5523
100225412,5186
100227012,4837
100228112,4135
100229212,8380
100230312,8523
100231812,9355
100232912,7131
100234012,8466
100235112,7444
100236612,8518
100237712,9175
100238812,8686
100239912,6831
100241412,4930
100242512,1783
100243612,2152
100244712,2960
100246212,2450
100247312,7013
100248412,4269
100249512,3501
100251012,5878
100252112,690
100253212,4554
100254312,9858
100255412,10484
100257012,12164
100258112,9652
100259212,8312
100260312,6019
100261812,4780
100262912,1420
100264012,5529
100265112,5827
100266612,6880
100267712,6980
100268812,9127
100269912,3417
100271412,5890
100272512,4893
100273612,4691
100274712,6761
100276212,6434
100277312,7256
100278412,9689
100279512,7126
100281012,2668
100282112,6501
100283212,7664
100284312,9884
100285412,7921
100286912,8399
100288012,9096
100289112,4166
100290212,6619
100291712,6740
100292812,7165
100293912,5350
100388110,4757
100389710,1516
100391212,5824
100392312,5303
100393412,7163
100394512,5071
100396012,6415
100397112,7670
100398212,1944
100399312,8457
100400412,11570
100476312,9941
100500810,6634
100502310,9352
100503410,6056
100504510,6370
100506111,5921
100507211,5873
100508311,5330
100509411,3896
100510911,5438
100512011,7698
100513111,4785
100514211,6792
100515311,4746
100516811,2751
100517911,6809
100519011,5161
100520111,7039
100521611,6720
100522711,11319
100523811,9476
100524911,11151
100526411,8614
100527511,4852
100528611,5718
100529711,2946
100531211,8389
100532311,2249
100533411,5707
100534511,4301
100536011,4595
100537111,7302
100538211,4240
100539311,6982
100540411,43
100541911,4855
100543011,2643
100544111,6282
100545211,8867
100546811,9952
100547911,8232
100549011,11033
100550111,5293
100551611,2989
100552711,4218
100553811,2771
100554911,6824
100556411,2231
100557511,4805
100558611,4651
100559711,2011
100561211,9678
100562311,3997
100656810,7122
100658410,6016
100659519,6000
100661012,7562
100662112,6566
100663212,6164
100664312,4677
100665412,8811
100666912,12198
100668012,5180
100669112,7280
100670212,4895
100671712,3199
100672812,8032
100673912,1478
100675012,6735
100676512,7672
100677612,3697
100678712,8314
100679812,6112
100755710,8585
100757210,7053
100758410,4332
100759510,4879
100761010,6783
100762110,5272
100763210,7320
100764310,11357
100765410,7398
100767011,8063
100768111,8325
100769211,3058
100770311,5953
100771811,6443
100772911,4694
100774011,7883
100775111,9850
100776611,7271
100777711,8039
100778811,5590
100779911,7939
100781411,6553
100782511,6309
100783611,7785
100784711,7992
100786211,8185
100787311,4662
100788411,11030
100789511,7128
100791011,7855
100792111,10410
100793211,8461
100794311,3983
100795411,1390
100796911,3606
100798011,4301
100799111,4353
100800211,5632
100801711,5626
100802811,724
100803911,7791
100805011,3538
100806611,4713
100807711,9688
100903312,4733
100904912,2829
100906512,4550
100907612,5492
100908712,5458
100909812,7188
100911312,8210
100912412,6761
100913512,7891
100914612,8087
100916112,6504
100917212,5581
100918312,5306
100919412,7475
100920912,7233
100922012,7302
100923112,5762
100924212,7081
100925312,7521
100959411,7363
100960912,6068
100962011,6325
100963111,5103
100964211,6500
100965311,6023
100966811,12187
100967911,4320
100969011,5080
100970111,5420
101046112,4685
101047712,6379
101048912,5684
101050012,6193
101051512,5456
101052612,9832
101053712,6090
101054812,5829
101056312,5823
101057412,893
101058512,6079
101059612,2086
101061112,4774
101062212,39
101063312,3176
101064412,3777
101065912,6782
101067012,5856
101068112,9500
101069212,7655
101070312,6993
101071812,8140
101072912,6954
101074012,10687
101075112,6730
101076612,5622
101077712,9777
101078812,5340
101079912,8170
101081412,5029
101082512,3390
101083612,5740
101084712,1744
101086312,1210
101087412,4204
101182412,5331
101184012,4267
101185113,3615
101186612,6627
101187712,8111
101188812,7949
101189912,10151
101191412,8984
101192512,2261
101193612,1603
101194712,3795
101196212,4587
101197312,1826
101198412,7381
101199512,8204
101201012,8481
101202112,2694
101203212,5212
101204312,3850
101205412,5069
101206912,7978
101208012,8335
101209112,9086
101210212,7432
101211812,8973
101212912,5256
101214012,4726
101215112,9046
101216612,7170
101217712,1899
101218812,10201
101219912,7746
101221412,6826
101222512,10310
101223612,8061
101224712,8833
101226212,5357
101227312,5925
101228412,7071
101229512,1518
101306510,10419
101308110,7646
101309310,7053
101310410,5938
101311912,6362
101313012,6963
101314112,3540
101315212,9634
101316712,7050
101317812,6921
101318912,6975
101320012,5293
101321512,8614
101322612,5837
101323712,9199
101324812,3894
101326412,6711
101327512,5737
101328612,5287
101329712,4745
101331212,4859
101332312,9401
101333412,6935
101334512,6589
101430510,9013
101451012,6959
101452512,7374
101453612,8981
101454712,10666
101456212,8899
101457312,8739
101458412,4298
101459512,7273
101461012,5292
101462112,4588
101463212,6446
101464312,7936
101465412,5737
101466912,6802
101468012,5941
101469112,5249
101470212,4488
101471712,2232
101472812,2622
101473912,6464
101475012,7502
101476512,8312
101477612,8227
101478712,10108
101479812,7238
101481312,5689
101482412,1560
101483512,4357
101484612,6212
101486212,8954
101487312,6826
101488412,7842
101489512,6051
101491012,6798
101492112,4668
101493212,3747
101494312,2662
101495412,4513
101496912,5424
101498012,7977
101499112,7989
101500212,5219
101501712,9754
101502812,8739
101503912,6869
101505012,10130
101580912,5897
101582512,7352
101583712,4769
101584812,8396
101586312,7126
101587412,4940
101588512,4952
101589612,7858
101591112,4724
101592212,6025
101593312,6985
101594412,5193
101595912,8119
101597012,4880
101598112,8307
101599212,8140
101600312,8086
101696377,6539
101697912,4665
101699112,6046
101700212,5896
101701712,6243
101702812,4212
101703912,7063
101705012,5849
101706612,4802
101707712,3809
101708812,7931
101709912,10435
101711412,10181
101712512,3707
101713612,1896
101714712,5157
101716212,4594
101717312,5273
101718412,10793
101719512,30
101721012,2549
101722112,4137
101723212,7891
101724312,7248
101725412,10140
101726912,7367
101728012,8687
101729112,8088
101730212,5793
101731712,5382
101732812,8982
101733912,4213
101735012,4726
101736512,5990
101737612,3973
101738712,5089
101739812,7563
101741312,6433
101742412,10857
101743512,9442
101744612,6620
101746212,5219
101747312,10027
101748412,7536
101749512,8604
101751012,6678
101752112,3146
101753212,5370
101754312,7512
101755412,4114
101756912,3903
101758012,5804
101759112,5277
101760212,8681
101761712,6743
101762812,7279
101763912,6320
101765012,5948
101841411,4882
101843011,2460
101844211,4269
101845311,6109
101846811,6752
101847911,4565
101967910,6914
101982411,11466
101983911,8109
101985011,10066
101986511,7107
101987611,6616
101988711,7632
101989811,6126
101991311,1686
101992411,2220
101993511,4572
101994611,6735
101996111,5448
101997211,8220
101998311,10358
101999411,6629
102000911,5972
102002011,3804
102003111,5351
102004211,4689
102005311,8665
102006811,5890
102007911,7158
102009011,2627
102010111,4956
102011711,6389
102012811,6750
102013911,6216
102015011,8797
102016511,11608
102017611,8245
102018711,9794
102019811,4681
102021311,4255
102022411,7442
102023511,6172
102024611,3289
102026111,4205
102027211,7518
102028311,11702
102029411,4984
102030911,7741
102032011,8558
102033111,8340
102034211,8693
102035311,5202
102036811,4888
102037911,6266
102039011,5369
102040111,4870
102041611,7729
102042711,8741
102043811,11166
102044911,7148
102046411,7663
102047511,8580
102048611,4427
102049711,2805
102051311,7375
102052411,3987
102053511,6871
102054611,2258
102056111,2063
102057211,6913
102153010,6561
102233219,8406
102234819,9287
102236421,7411
102237612,6290
102238712,4746
102239812,4857
102241312,1406
102242412,4287
102243512,4830
102244612,4908
102246112,6237
102247212,7518
102248312,5693
102249412,6379
102250912,5345
102252012,8605
102253112,6738
102254212,11337
102255312,11516
102256812,6967
102257912,4717
102259012,4843
102260112,6289
102261712,3191
102262812,18
102263912,4669
102265012,4444
102266512,8485
102267612,6642
102268712,7452
102269812,9516
102271312,9671
102272412,5779
102273512,8296
102274612,9713
102276112,6912
102277212,5250
102278312,7188
102279412,5546
102280912,5653
102282012,3854
102283112,2154
102284212,5240
102285312,1286
102286812,6127
102287912,8638
102289012,8296
102290112,5780
102291612,7863
102292712,7115
102293812,7812
102294912,5582
102296412,2162
102297512,4252
102298612,2081
102299712,4378
102301312,3418
102302412,6026
102303512,7890
102304612,9558
102306112,9704
102307212,6909
102308312,9164
102402810,3493
102404310,5034
102405410,4787
102406912,8142
102408012,4810
102409112,6604
102410212,2829
102411712,6342
102412812,6333
102413912,9668
102415012,6934
102491211,5155
102504412,3174
102505912,6264
102507012,6758
102508112,7606
102509212,2774
102510312,7622
102511912,9569
102513012,11749
102514112,8006
102515212,7933
102516712,5927
102517812,4935
102518912,4516
102520012,3657
102521512,12092
102522612,5734
102523712,7984
102524812,3627
102526312,1
102527412,2109
102528512,4062
102529612,1615
102531112,9035
102532212,3055
102533312,6624
102534412,7072
102535912,9018
102537012,6243
102538112,8161
102539212,9326
102540312,10344
102541812,9016
102542912,6319
102544012,6317
102545112,3884
102546612,5581
102547712,5973
102548812,5274
102549912,5266
102551512,5505
102552612,3533
102553712,6758
102554812,6823
102556312,7574
102557412,7396
102558512,9752
102559612,8469
102561112,4467
102562212,7291
102563312,5037
102564412,4840
102565912,9011
102661311,7018
102662911,8771
102664011,9348
102665111,10046
102666611,6802
102667711,6221
102668811,2644
102669911,2485
102671511,6784
102672611,5608
102673711,8592
102674811,2760
102676311,8953
102677411,5680
102678511,4691
102679611,1155
102681111,6258
102682211,5902
102683311,8770
102684411,7763
102760812,5753
102762312,2916
102763412,6335
102764512,2628
102766012,5219
102767112,3726
102768212,1928
102769312,4538
102770412,7287
102771912,4737
102773012,8127
102774112,7307
102775212,9433
102776712,10437
102777812,4390
102778912,6772
102780012,3870
102781512,5540
102782612,3686
102783712,1720
102784812,5956
102786312,4160
102787412,362
102788512,5919
102789612,3715
102791112,5031
102792212,3381
102793312,12109
102794412,7993
102796012,5218
102797112,8460
102798212,7370
102799312,5954
102800412,8421
102801912,7812
102803012,7587
102804112,8348
102805212,5884
102806712,2865
102807812,7031
102808912,6000
102810012,7193
102811512,3622
102812612,5029
102907111,6913
102908711,1479
102909911,6976
102911411,3438
102912511,5089
102913611,6350
102914711,3359
102916211,4468
102917311,5305
102918411,10391
102919511,8923
102921011,8500
102922111,7361
102923211,6479
102924311,6859
102925411,6852
102970010,6698
102971519,7747
102972710,8120
102973910,7951
102975010,7310
102976512,3184
102977612,1561
102978712,3626
102979812,5530
102981312,950
102982412,4438
102983512,7245
102984612,7747
103060712,7899
103062312,5593
103063412,6012
103064512,7639
103066012,1998
103067112,5171
103068212,3838
103069312,5055
103070412,4562
103071912,5972
103073012,4380
103074112,3073
103075212,5417
103076712,5430
103077812,3428
103078912,5584
103080012,4705
103081512,4186
103082612,7215
103083712,8680
103084812,5759
103086312,8644
103087412,8759
103088512,7729
103089612,8962
103091212,8747
103092312,10356
103093412,7345
103094512,8314
103096012,7558
103097112,5840
103098212,5440
103099312,4768
103100412,2171
103101912,2053
103197112,6110
103198777,5417
103199912,4039
103201412,6455
103202512,3936
103203612,4606
103204712,7235
103206212,6703
103207312,5823
103208412,6937
103209512,8152
103211012,5582
103212112,4933
103213212,5805
103214312,4929
103215412,5807
103216912,6510
103218012,6174
103219112,3744
103220212,5374
103221712,5563
103222812,5973
103223912,5526
103225012,6691
103226612,6772
103227712,7009
103228812,7727
103229912,5730
103231412,6772
103232512,8871
103233612,7188
103234712,7999
103236212,9975
103237312,7672
103238412,6032
103239512,7298
103241012,6935
103242112,8388
103243212,6265
103244312,5526
103245412,4335
103321312,7330
103322912,3880
103324112,4243
103325212,4592
103326712,6408
103327812,5984
103328912,7044
103330012,7398
103331512,6784
103332612,3639
103333712,8027
103334812,7941
103336312,6176
103337412,4347
103338512,5362
103339612,3903
103341212,5289
103342312,5473
103343412,8662
103344512,7335
103346012,5888
103347112,6493
103348212,7012
103443810,6722
103468110,7875
103469610,6491
103471112,7954
103472312,7398
103473412,6118
103474512,9966
103476012,8651
103477112,7531
103478212,7313
103479312,7905
103480412,6940
103481912,5896
103483012,6136
103484112,4774
103485212,6787
103486812,3976
103487912,5212
103489012,5551
103490112,3734
103491612,4831
103492712,11515
103493812,6378
103494912,8959
103496412,8753
103497512,8550
103498612,8236
103499712,7247
103501212,3899
103502312,8166
103503412,7584
103504512,7729
103506012,5682
103507112,4158
103508212,3632
103509312,3228
103510412,1492
103511912,2042
103513012,6225
103514112,6325
103515212,7960
103516712,7450
103517812,7324
103518912,7913
103520012,7948
103521512,5667
103522612,8407
103523712,10005
103524812,8971
103601111,6062
103602711,6132
103603911,7303
103605111,6255
103606611,3700
103607711,8655
103608811,7239
103609911,7005
103611411,2209
103612511,4856
103613611,4834
103614711,7375
103616211,7842
103617311,8834
103618411,6545
103714010,8680
103715612,7074
103717112,8382
103718212,6888
103719312,6463
103720412,7405
103721912,5926
103723012,6813
103724112,5084
103725212,5123
103726812,4823
103727912,1432
103729012,4216
103730112,4605
103731612,6895
103732712,5465
103733812,2490
103734912,3961
103736412,7412
103737512,10307
103738612,10010
103739712,7391
103741212,9027
103742312,5680
103743412,1410
103744512,5350
103746012,3526
103747112,3206
103748212,3715
103749312,6950
103750412,4427
103751912,4858
103753012,4307
103754112,3710
103755212,4712
103756712,4634
103757812,6066
103758912,7422
103760012,4052
103761512,7121
103762612,9183
103763712,9323
103764812,12191
103766412,9678
103767512,10716
103768612,5773
103769712,4876
103771212,4414
103772312,3807
103773412,3717
103774512,7635
103776012,6652
103777112,4704
103778212,5087
103779312,4808
103780412,5477
103781912,4334
103783012,6462
103784112,5360
103785212,6125
103861112,7076
103862712,9284
103863912,5718
103865012,7809
103985010,9066
104000612,5923
104002212,7900
104003312,7615
104004412,7192
104005912,8932
104007012,6019
104008112,7141
104009212,5292
104010312,7314
104011812,5556
104012912,4579
104014012,7215
104015112,5830
104016612,2621
104017712,5773
104018812,6464
104019912,8142
104021412,3327
104022512,2672
104023612,5403
104024712,7445
104026212,4922
104027312,8047
104028412,4857
104029512,5271
104031012,3511
104032112,3433
104033212,7148
104034312,4704
104035412,3158
104036912,5185
104038012,6992
104039112,9568
104040212,8637
104041812,6142
104042912,2919
104044012,4460
104045112,8772
104046612,6074
104047712,10056
104048812,6121
104049912,7743
104051412,4334
104052512,9376
104053612,8733
104054712,4420
104056212,5837
104057312,7553
104058412,7505
104059512,6093
104061012,8057
104062112,9825
104063212,7431
104064312,4475
104065412,8435
104066912,4842
104068012,7277
104069112,2436
104070212,7364
104071712,5827
104072812,7295
104073912,9423
104075012,4118
104170712,8768
104250112,8969
104251721,5383
104253068,7274
104254212,8257
104255312,2384
104256812,3699
104257912,1908
104259012,1913
104260112,3927
104261612,3883
104262712,8460
104263812,4181
104264912,8280
104266412,6268
104267512,9201
104268612,10170
104269712,7056
104271212,5736
104272312,6261
104273412,9445
104274512,4991
104276012,4141
104277112,2561
104278212,6273
104279312,9234
104280412,6374
104282012,8272
104283112,7844
104284212,5912
104285312,2898
104286812,5606
104287912,3387
104289012,5451
104290112,2074
104291612,8549
104292712,4235
104293812,8560
104294912,9075
104296412,10015
104297512,8105
104298612,8730
104299712,7720
104301212,4552
104302312,5452
104303412,4714
104304512,8179
104306012,5395
104307112,8184
104308212,5167
104309312,6196
104310412,4234
104311912,3749
104313012,1928
104314112,4719
104315212,7958
104316712,6235
104317812,10091
104318912,4604
104320012,6207
104321612,3360
104322712,8527
104323812,5502
104324912,4801
104421011,2883
104422611,4148
104423711,8273
104424811,4595
104434812,5415
104436312,11685
104437512,6163
104438612,9889
104439712,4440
104515410,7779
104517010,6426
104518210,2510
104519310,4734
104520410,4827
104521911,3616
104523011,4478
104524111,4963
104525211,3818
104526711,4241
104527811,6519
104528911,4325
104530011,5592
104531511,4510
104532611,9036
104533711,8939
104534811,10470
104536411,5803
104537511,7215
104538611,10229
104539711,6246
104541211,7593
104542311,6488
104543411,7569
104544511,5822
104546011,6693
104547111,1846
104548211,6289
104549311,3936
104550411,3725
104551911,4163
104553011,4968
104554111,4021
104555211,5172
104556711,7608
104557811,9629
104558911,7928
104560011,11385
104561511,7741
104562611,5937
104563711,2147
104564811,2492
104566311,4188
104567411,5363
104568511,5551
104569611,8788
104571111,8473
104572211,6247
104573311,2894
104574411,4600
104576011,3952
104577111,2534
104578211,4358
104579311,6526
104580411,8067
104676812,6632
104678412,7677
104679612,7855
104681112,9362
104682212,5300
104683312,7737
104684412,9081
104686012,5910
104687112,6387
104688212,5809
104689312,4370
104690412,4661
104691912,3771
104693012,2693
104694112,6766
104695212,6107
104696712,6167
104697812,5404
104698912,7934
104700012,6413
104776310,11069
104777810,8911
104779010,10602
104780110,8010
104781610,7951
104782710,3806
104783810,4542
104784910,4121
104786511,5522
104787611,5371
104788711,3688
104789811,7594
104791311,3985
104792411,8859
104793511,8249
104794611,5272
104796111,7988
104797211,7944
104798311,6475
104799411,3756
104800911,9581
104802011,6376
104803111,10521
104804211,8115
104805311,7798
104806811,6278
104807911,6332
104809011,1994
104810111,6090
104811611,5573
104812711,10513
104813811,8811
104814911,5556
104816411,3449
104817511,4302
104818611,4380
104819711,2135
104821211,4920
104822311,7117
104823411,7619
104824511,8247
104826111,7582
104827211,8634
104828311,9419
104924312,9536
104925912,7652
104939611,6895
104941111,7165
104942211,7273
104943311,6309
104944411,7037
104946011,5306
104947111,6893
104948211,7801
104949311,5464
104950411,3428
104951911,2118
104953011,1193
104954111,2139
104955211,3891
104956711,6252
104957811,9760
104958911,7251
104960011,7484
104980811,1513
104982311,6469
104983511,2227
104984711,9121
105062410,3706
105063912,1939
105065012,9532
105066512,8938
105067612,7639
105068712,9289
105069812,5580
105071312,1466
105072412,6826
105073512,7152
105074612,5825
105076212,5782
105077312,6600
105078412,922
105079512,7801
105081012,9166
105082112,7761
105083212,10346
105084312,6549
105085412,7006
105086912,6747
105088012,4284
105089112,5684
105090212,7131
105091712,7419
105092812,5103
105093912,3452
105095012,5825
105096512,4578
105097612,3739
105098712,3880
105099812,11797
105101312,5757
105102412,5850
105103512,6078
105104612,5181
105106112,0
105107212,2278
105108312,42
105109412,4582
105204812,8257
105206412,8398
105207512,6887
105208612,8279
105209712,9249
105211312,6952
105212412,9602
105213512,6754
105214612,7985
105216112,5967
105217212,1251
105218312,2913
105219412,722
105220912,2451
105222012,3570
105223112,8828
105224212,7051
105225312,6568
105226812,7956
105227912,7138
105229012,6524
105230112,3735
105231612,4887
105232712,7988
105233812,6586
105234912,6918
105236412,9006
105237512,5869
105238612,10259
105239712,6368
105241312,5516
105242412,2535
105243512,4567
105244612,6841
105320712,7630
105322212,8219
105323312,5314
105324412,3286
105325912,5658
105327012,8289
105328112,7563
105329212,5935
105330312,7228
105331812,4374
105332912,1755
105334012,6220
105335112,5958
105336612,8938
105337712,5602
105338812,2794
105339912,7849
105341412,4011
105342512,3615
105343612,4005
105344712,3054
105346212,5069
105347312,4714
105348412,5516
105349512,6976
105351012,8352
105352112,7188
105353212,7082
105354312,7369
105355412,7678
105451112,5738
105471810,7593
105473310,5100
105474410,5113
105475912,4914
105477012,5966
105478112,3633
105479212,4601
105480312,5481
105481812,6808
105482912,8318
105484012,8340
105485112,6781
105486612,4776
105487712,4941
105488812,7483
105489912,6271
105491412,5771
105492512,8343
105493612,10875
105494712,10684
105496212,9688
105497312,6797
105498412,6893
105499512,5071
105501012,5054
105502112,10592
105503212,5884
105504312,5071
105505412,6330
105507012,3933
105508112,555
105509212,1091
105510312,793
105511812,7986
105512912,6358
105514012,10704
105515112,9383
105516612,8635
105517712,7463
105518812,8149
105519912,4653
105596211,7823
105597811,4284
105599011,5191
105600111,4703
105601611,1816
105602711,5942
105603811,10172
105604911,7581
105606411,7746
105607511,6956
105608611,6350
105609711,8658
105611211,4534
105612311,2734
105613411,1391
105614511,4267
105616111,10093
105617211,8568
105618311,6952
105619411,6928
105620911,5851
105622011,3503
105717710,2206
105719379,4132
105720510,2731
105722010,4951
105723110,5582
105724210,5710
105725310,11813
105726810,9995
105727910,3690
105729010,3793
105730110,4529
105731612,0
105732712,1917
105733812,3829
105734912,10075
105736412,12171
105737512,7632
105738612,9687
105739712,9907
105741212,6318
105742312,2614
105743412,4570
105744512,5754
105746112,8585
105747212,5100
105748312,5928
105749412,7643
105750912,7547
105752012,6696
105753112,5167
105754212,6036
105755312,5774
105756812,2816
105757912,3991
105759012,5466
105760112,8753
105761612,8619
105762712,6243
105763812,5752
105764912,4859
105766412,4406
105767512,4863
105768612,8001
105769712,9971
105771212,10375
105772312,4966
105773412,5220
105774512,4156
105776012,6692
105777112,3918
105778212,3390
105779312,6308
105780412,6049
105856811,6743
105858411,12215
105859611,9759
105861111,10555
105862211,5256
105863311,6197
105864411,2517
105865911,1405
105867011,2237
105868111,2531
105869211,8614
105988810,5511
106003410,12210
106004910,12206
106006414,11802
106007510,4952
106008610,3128
106009710,2010
106011211,1958
106012311,3189
106013411,6553
106014511,223
106016011,5405
106017111,4297
106018211,6439
106019311,5711
106020411,543
106021911,3284
106023011,5914
106024111,9866
106025211,12185
106026811,10893
106027911,12172
106029011,3704
106030111,4542
106031611,0
106032711,10890
106033811,4992
106034911,4190
106036411,20
106037511,12210
106038611,4860
106039711,12215
106041211,12214
106042311,19
106043411,9037
106044511,48
106046011,0
106047111,12166
106048211,31
106049311,12187
106050411,41
106051911,12
106053011,12212
106054111,63
106055211,12223
106056711,12218
106057811,40
106058911,12210
106060011,36
106061511,3138
106062611,12226
106063711,63
106064811,12170
106066411,9685
106067511,36
106068611,12180
106069711,22
106071211,7274
106072311,11820
106073411,51
106074511,12160
106150712,6442
106152312,8527
106153512,1202
106249710,12176
106251312,8378
106252421,12168
106253612,27
106254812,12169
106256312,0
106257412,12196
106258512,22
106259612,12207
106261112,0
106262212,12187
106263312,5061
106264412,9010
106265912,46
106267012,242
106268112,12221
106269212,6957
106270312,12209
106271812,12169
106272912,12210
106274012,43
106275112,12222
106276712,12223
106277812,11930
106278912,2
106280012,12193
106281512,735
106282612,4991
106283712,0
106284812,12198
106286312,14
106287412,12162
106288512,12169
106289612,2822
106291112,7
106292212,9467
106293312,12193
106294412,5340
106295912,12193
106297012,8638
106298112,11233
106299212,13
106300312,12210
106301812,3
106302912,12201
106304012,12206
106305112,8784
106306612,12168
106307712,673
106308812,12171
106309912,5855
106311412,12212
106312512,6682
106313612,12175
106314712,12211
106316312,9324
106317412,7466
106318512,6639
106319612,1956
106321112,4782
106322212,8165
106323312,4020
106324412,4506
106325912,10613
106421112,8130
106422712,1
106424012,8050
106425112,12158
106435111,4731
106513812,6699
106515477,2193
106517012,34
106518112,8051
106519212,3926
106520312,2775
106521812,5975
106522912,7300
106524012,3947
106525112,12181
106526612,8177
106527712,7741
106528812,7278
106529912,4644
106531412,4289
106532512,10771
106533612,991
106534712,5039
106536212,10101
106537312,3201
106538412,7539
106539512,12172
106541112,1684
106542212,5763
106543312,8834
106544412,2276
106545912,11600
106547012,11037
106548112,12203
106549212,9470
106550312,1074
106551812,1562
106552912,10934
106554012,2731
106555112,22
106556612,6267
106557712,2068
106558812,8126
106559912,11452
106561412,8184
106562512,9446
106563612,3007
106564712,2031
106566212,10780
106567312,5015
106568412,2634
106569512,8069
106571012,2823
106572112,5718
106573212,10508
106574312,7328
106575412,8969
106576912,1583
106578012,3097
106579112,10093
106580212,9177
106581812,9103
106582912,10351
106584012,41
106680012,22
106681612,12205
106682712,12180
106683912,5525
106685012,8
106686612,6170
106687712,12164
106688812,3562
106689912,2684
106691412,12190
106692512,12169
106693612,10195
106694712,12221
106696212,12196
106697312,3
106698412,4771
106699512,12186
106775110,19
106776711,12225
106777911,57
106779111,12176
106780211,29
106781711,12172
106782811,4560
106783911,12197
106785011,38
106786511,4517
106787611,8257
106788711,7009
106789811,2941
106791311,12170
106792411,6296
106793511,12186
106794611,9864
106796111,6210
106797211,12193
106798311,7540
106799411,4299
106800911,3681
106802011,12197
106803111,50
106804211,2372
106805311,10947
106806811,12176
106807911,18
106809011,0
106810111,12190
106811611,12206
106812711,2260
106813811,12190
106814911,12202
106816511,12201
106817611,2365
106818711,12176
106819811,0
106821311,12205
106822411,4907
106823511,12163
106824611,3742
106826111,12203
106827211,2547
106828311,9962
106829411,25
106830911,9998
106926112,12194
106943312,12190
106944812,261
106946312,12182
106947512,6824
106948612,12180
106949712,23
106951212,12178
106952312,20
106953412,9341
106954512,3178
106956012,12187
106957112,2126
106958212,6546
106959312,11803
106960412,4704
106962012,5949
106963112,1279
106983512,654
106985112,5360
107065269,5972
107066810,3918
107067910,7113
107069110,7502
107070210,6863
107071710,10411
107072810,4422
107073910,9792
107075010,1764
107076612,12210
107077712,28
107078812,2992
107079912,4842
107081412,198
107082512,12174
107083612,2273
107084712,11692
107086212,7897
107087312,3368
107088412,8478
107089512,4049
107091012,9951
107092112,9
107093212,12160
107094312,9
107095412,1702
107096912,8440
107098012,2532
107099112,9754
107100212,9256
107101712,12173
107102812,6373
107103912,12193
107105012,4719
107106512,10064
107107612,9648
107108712,2290
107109812,7244
107111312,1364
107112412,12208
107113512,536
107114612,12200
107116212,7749
107117312,409
107212612,5997
107214212,12206
107215319,6987
107216812,104
107217912,6078
107219012,4005
107220112,6751
107221612,7312
107222712,47
107223812,8805
107224912,4759
107226412,2164
107227512,7397
107228612,5528
107229712,7586
107231212,8740
107232312,12197
107233412,2265
107234512,10196
107236012,12213
107237112,4572
107238212,555
107239312,1778
107240412,4388
107241912,3124
107243012,8072
107244112,8503
107245212,7158
107246712,9858
107247812,0
107248912,7300
107250012,12197
107325710,2219
107327311,3225
107328511,4939
107329711,4268
107331211,5899
107332311,2157
107333411,12199
107334511,4188
107336111,3831
107337211,7524
107338311,7555
107339411,8302
107340911,12200
107342011,8968
107343111,7844
107344211,5186
107345311,7784
107346811,11
107347911,6928
107349011,12218
107350111,10163
107351611,6607
107352711,1617
107353811,3539
107354911,12190
107356411,7970
107357511,5318
107358611,10408
107359711,774
107361211,9763
107362311,7630
107363411,29
107458810,5552
107479511,7273
107481011,7707
107482111,1584
107483311,12189
107484411,6747
107486011,9102
107487111,11
107488211,12194
107489311,8259
107490411,6688
107491911,20
107493011,2225
107494111,10699
107495211,6745
107496711,1513
107497811,11427
107498911,6025
107500011,8638
107501511,8294
107502611,10069
107503711,10262
107504811,8723
107506311,5300
107507411,5429
107508511,9210
107509611,6246
107511111,4871
107512211,6
107513311,1088
107514411,7369
107516011,8755
107517111,8763
107518211,3297
107519311,8731
107520411,2712
107521911,5305
107523011,6560
107524111,3701
107525211,3868
107526711,7158
107527811,43
107528911,763
107530011,6712
107605212,6965
107606812,9049
107608012,11162
107609112,5205
107610212,7356
107611712,12107
107612812,3962
107613912,6536
107615012,6636
107616512,33
107617612,1333
107618712,702
107619812,1
107621312,6358
107622412,2842
107623512,7084
107624612,6879
107626212,9957
107627312,10232
107628412,10474
107723319,9344
107724919,11714
107726522,6346
107727712,6852
107728812,2701
107729912,2795
107731412,4132
107732512,8078
107733612,5112
107734712,9792
107736212,8609
107737312,6598
107738412,9992
107739512,4217
107741012,10059
107742112,6219
107743212,10506
107744312,5075
107745412,2979
107746912,3408
107748012,9763
107749112,1070
107750212,3806
107751812,4377
107752912,9667
107754012,11724
107755112,1465
107756612,5072
107757712,4465
107758812,1880
107759912,4587
107761412,6652
107762512,1734
107763612,7644
107764712,4514
107766212,5144
107767312,3810
107768412,5610
107769512,7817
107771012,8233
107772112,5204
107773212,8918
107774312,6098
107775412,12227
107776912,8569
107778012,6923
107779112,4700
107780212,4143
107781712,4592
107782812,2346
107783912,2919
107785012,5160
107786512,5315
107787612,8819
107788712,7187
107789812,6610
107866412,9043
107867912,12176
107869012,5844
107870112,7974
107871612,11442
107872712,6004
107873812,7710
107874912,2982
107995212,6851
108016012,7810
108017512,4460
108018612,6005
108019712,6795
108021212,3906
108022312,6108
108023412,7102
108024512,8256
108026112,3564
108027212,2260
108028312,4474
108029412,3173
108030912,3870
108032012,2130
108033112,5283
108034212,4571
108035312,5857
108036812,3885
108037912,5911
108039012,12219
108040112,12197
108041612,8730
108042712,6529
108043812,5627
108044912,2420
108046412,2982
108047512,2380
108048612,2907
108049712,3712
108051212,4297
108052312,5892
108053412,5609
108054512,3947
108056012,5108
108057112,6533
108058212,6878
108059312,3719
108060412,8270
108061912,6190
108063012,8132
108064112,8243
108065212,5597
108066812,10861
108067912,5990
108069012,4812
108070112,925
108071612,4752
108072712,7961
108073812,4688
108074912,9359
108076412,9841
108077512,4874
108078612,4666
108079712,3136
108081212,5519
108082312,8080
108083412,9533
108084512,10394
108086012,8871
108087112,7584
108088212,5535
108089312,6252
108090412,1698
108266021,3382
108267621,4159
108268812,34
108270012,9
108271612,9162
108272712,10381
108273812,10262
108274912,10829
108276412,12182
108277512,12036
108278612,6197
108279712,3437
108281212,5573
108282312,8830
108283412,5440
108284512,4247
108286012,7926
108287112,6378
108288212,7301
108289312,4871
108290412,31
108291912,1616
108293012,2072
108294112,766
108295212,1195
108296712,6656
108297812,5473
108298912,7995
108300012,9462
108301512,12195
108302612,6884
108303712,5308
108304812,4031
108306312,8024
108307412,8284
108308512,8264
108309612,6944
108311212,8191
108312312,9761
108313412,5679
108314512,6122
108316012,9439
108317112,5214
108318212,4984
108319312,3786
108320412,1497
108321912,3936
108323012,3719
108324112,5961
108325212,5734
108326712,10124
108327812,11179
108328912,8062
108330012,6821
108331512,6091
108332612,5710
108333712,3630
108334812,3107
108336312,5478
108337412,5273
108338512,3523
108339612,1263
108341112,6775
108342212,4509
108437612,4769
108465510,2601
108467010,6418
108468110,6645
108469210,7711
108470310,9873
108471812,8334
108472912,10571
108474012,7426
108475112,6507
108551512,12174
108553012,3563
108554112,3239
108555212,4798
108556712,0
108557812,6827
108558912,5489
108560012,4483
108561512,12191
108562612,7857
108563712,10554
108564812,7869
108566312,8283
108567412,7144
108568512,6594
108569612,11152
108571112,7432
108572212,6114
108573312,10235
108574412,5016
108575912,3826
108577012,6755
108578112,6128
108579212,933
108580312,2690
108581812,2832
108582912,4421
108584012,1440
108585112,5771
108586712,7866
108587812,6707
108588912,6379
108590012,2742
108591512,6573
108592612,5790
108593712,8760
108594812,6276
108596312,12134
108597412,10896
108598512,4118
108599612,9317
108601112,4143
108602212,3044
108603312,6609
108604412,6648
108605912,7853
108607012,3836
108608112,6315
108609212,7452
108610312,28
108611812,7066
108612912,6591
108614012,8312
108615112,12202
108710812,7903
108712412,7563
108713612,6406
108714712,8681
108716312,5977
108717412,4997
108718512,6559
108719612,6705
108721112,5280
108722212,7010
108723312,285
108724412,2101
108725912,5045
108727012,483
108728112,3185
108729212,4595
108730312,5444
108731812,6168
108732912,9315
108734012,6617
108735112,3962
108817012,1684
108818612,3306
108819912,4703
108821412,5070
108822512,7881
108823612,7451
108824712,8461
108826212,6161
108827312,6132
108828412,8655
108829512,7089
108831012,3801
108832112,4123
108833212,4570
108834312,3857
108835412,4134
108836912,6769
108838012,10548
108839112,7433
108840212,6287
108841712,3564
108842812,5283
108843912,2993
108845012,2335
108846612,7131
108847712,12191
108848812,9447
108849912,10583
108851412,11953
108852512,7796
108853612,8457
108854712,7417
108856212,8096
108857312,7488
108858412,7012
108859512,5931
108861012,7703
108862112,5297
108863212,5275
108864312,4251
108865412,3563
108866912,4595
108868012,5997
108963412,2310
109008211,726
109009717,421
109011211,4563
109012468,8
109013611,291
109014711,3503
109016211,5240
109017311,5392
109018411,8311
109019511,6485
109021011,6654
109022111,4811
109023211,2378
109024311,6982
109025411,6784
109026911,8060
109028011,7900
109029111,10613
109030211,6686
109031711,7392
109032811,4328
109033911,5988
109035011,3094
109036511,3328
109037611,9235
109038711,6378
109039811,3931
109115710,10040
109117212,12211
109118312,1795
109119412,2848
109120912,39
109122012,0
109123112,7108
109124212,7484
109125312,4528
109126812,12200
109127912,12174
109129012,301
109130112,5067
109131712,8306
109132812,8154
109133912,18
109135012,12192
109136512,7103
109137612,3109
109138712,12214
109139812,9310
109141312,12214
109142412,11403
109143512,1884
109144612,4250
109146112,30
109147212,12200
109148312,12158
109149412,3332
109150912,0
109152012,10925
109153112,233
109154212,2186
109155312,3500
109156812,4451
109157912,9351
109252612,10598
109254212,4006
109255321,7515
109256912,11907
109258012,4053
109259112,9782
109260212,5840
109261712,12192
109262812,5885
109263912,5009
109265012,545
109266512,9948
109267612,6791
109268712,27
109269812,9235
109271312,12198
109272412,3771
109273512,7679
109274612,36
109276112,1843
109277212,12213
109278312,12199
109279412,7707
109280912,12181
109282012,8746
109283112,8134
109284212,2777
109285312,11060
109286912,4365
109288012,4141
109289112,4740
109290212,5481
109291712,4410
109292812,5966
109293912,10399
109295012,5237
109296512,13
109297612,846
109298712,33
109299812,3356
109376210,8484
109377710,10490
109378810,5844
109379910,8508
109381412,9626
109382512,9385
109383612,1957
109384712,2586
109386212,3287
109387312,5710
109388412,5483
109389512,9754
109391012,5084
109392112,6527
109393212,3624
109394312,4581
109395412,0
109396912,25
109398012,7700
109399112,6516
109400212,10942
109401712,8737
109402812,848
109403912,4098
109497512,5007
109514711,11599
109516211,52
109517411,3550
109518611,7378
109519711,9659
109521311,9523
109522411,6842
109523511,8746
109524611,4116
109526111,12200
109527211,542
109528311,10799
109529411,7815
109530911,8043
109532011,2974
109533111,5616
109534211,3977
109535311,6696
109536811,3763
109537911,19
109539011,1456
109540111,37
109541611,6383
109542711,12167
109543811,4220
109544911,8652
109546411,2341
109547511,7847
109548611,8182
109549711,8488
109551311,12208
109552411,1162
109553511,10189
109554611,6701
109556111,3691
109557211,2513
109558311,6976
109559411,2906
109560911,3297
109562011,1741
109563111,662
109564211,12223
109565311,2268
109566811,8949
109567911,5434
109569011,4120
109570111,12178
109571611,6763
109572711,9490
109573811,6471
109574911,3695
109650712,11531
109652312,7641
109653512,12216
109654612,5598
109656112,10308
109657212,2389
109658312,26
109659412,10719
109660912,25
109662012,5718
109663112,3619
109664212,1365
109759612,8992
109761212,11639
109762312,7
109763412,12167
109764512,6524
109766112,0
109767212,12218
109768312,12022
109769412,4575
109770912,12163
109772012,8456
109773112,2193
109774212,12168
109775312,1747
109776812,6316
109777912,10604
109779012,15
109780112,12204
109781612,8994
109782712,2823
109783812,12214
109784912,2127
109786412,6548
109787512,1022
109788612,0
109789712,7884
109791212,5599
109792312,4596
109793412,9249
109794512,9249
109796012,5530
109797112,11610
109798212,5777
109799312,9114
109800412,7198
109801912,2713
109803012,7670
109804112,4485
109805212,3451
109806812,6762
109807912,2119
109809012,8881
109810112,5766
109811612,6882
109812712,12153
109813812,7290
109814912,6612
109816412,11123
109817512,9113
109818612,6177
109819712,7894
109821212,6397
109822312,5681
109823412,3818
109824512,4600
109826012,6115
109827112,4358
109828212,4164
109829312,10737
109830412,6480
109831912,7607
109833012,5893
109834112,7946
109835212,4950
109931112,1840
110048812,0
110050412,8093
110052012,5165
110053212,10428
110054312,6449
110055412,3040
110056912,5281
110058012,6242
110059112,6924
110060212,6567
110061712,3851
110062812,12171
110063912,42
110065012,12193
110066612,12202
110067712,6510
110068812,12
110069912,3636
110071412,12201
110072512,2299
110073612,3451
110074712,477
110076212,10
110077312,1357
110078412,2130
110079512,12222
110081012,3496
110082112,12193
110083212,621
110084312,10516
110085412,7011
110086912,637
110088012,36
110089112,12139
110090212,7581
110091712,6113
110092812,7030
110093912,3793
110095012,7009
110096512,12188
110097612,1182
110098712,12200
110099812,4880
110101312,12216
110102412,23
110103512,12176
110104612,2770
110106212,1148
110107312,12212
110108412,892
110109512,2997
110111012,21
110112112,12212
110113212,18
110114312,1367
110115412,12167
110116912,11203
110118012,1601
110119112,4514
110120212,12159
110121712,12201
110122812,3845
110123912,12208
110218912,9988
110220412,23
110221912,1670
110223112,9362
110224212,6129
110225312,12198
110226812,1676
110227912,12203
110229012,12
110230112,8131
110306010,591
110307611,3470
110308811,445
110309911,0
110311411,6129
110312511,7733
110313611,10089
110314711,9531
110316211,8575
110317311,5416
110318411,6272
110319511,4958
110321011,11441
110322111,7508
110323211,8196
110324311,5183
110325411,5089
110326911,10072
110328011,5979
110329111,3217
110330211,5415
110331711,5538
110332811,9547
110333911,10085
110335011,7702
110336511,5558
110337611,8736
110338711,5228
110339811,8223
110341311,11394
110342411,8025
110343511,5541
110344611,6725
110346211,9018
110347311,6164
110348411,7418
110349511,5225
110351011,1525
110352111,7037
110353211,4791
110354311,3770
110355411,5342
110356911,2310
110358011,7238
110359111,7623
110360211,3384
110361711,5992
110362811,4054
110363911,4241
110365011,7311
110366511,4523
110367611,7926
110368711,8324
110369811,9256
110465712,10855
110486410,12191
110487910,6123
110489010,9844
110490110,6280
110491612,12200
110492712,11651
110493812,12206
110494912,2178
110496412,8659
110497512,22
110498612,6495
110499712,2665
110501212,7830
110502312,20
110503412,12180
110504512,3326
110580511,4603
110582111,10223
110583311,5790
110584411,6935
110585911,8679
110587011,8031
110588111,5266
110589211,12171
110590311,3551
110591811,5259
110592911,9549
110594011,0
110595111,13
110596611,9
110597711,2287
110598811,607
110599911,7768
110601411,6503
110602511,9312
110603611,9153
110604711,10075
110606211,7499
110607311,6978
110608411,5226
110609511,6897
110611011,8368
110612111,6355
110613211,8282
110614311,9516
110615411,3435
110616911,922
110618011,6061
110619111,1385
110620211,5294
110621811,6623
110622911,11443
110624011,2678
110625111,7293
110626611,5770
110627711,7813
110628811,10399
110629911,9172
110631411,11701
110632511,5314
110633611,7998
110634711,8000
110636211,8464
110731312,11527
110732912,4889
110734020,12222
110735212,1141
110736712,9994
110737812,8
110738912,8562
110740012,33
110741512,4368
110742612,39
110743712,12216
110744812,1196
110746312,8273
110747412,10868
110748512,9031
110749612,4875
110751112,12174
110752212,1787
110753312,12206
110754412,3210
110755912,9436
110757012,11
110758112,10832
110759212,13
110760312,12215
110761812,3148
110762912,17
110764012,12197
110765112,5068
110841511,6923
110843111,5350
110844311,6707
110845411,5986
110846911,6741
110848011,4961
110849111,6163
110850211,4257
110851711,10088
110852811,5760
110853911,7194
110855011,10564
110856511,6120
110857611,3560
110858711,2611
110859811,1726
110861311,3257
110862411,6546
110863511,7557
110864611,5965
110866211,3365
110867311,6456
110868411,7279
110869511,11756
110871011,7087
110872111,12224
110873211,9047
110874311,4788
110875411,12205
110876911,8181
110878011,6233
110879111,4962
110880211,7483
110881711,44
110882811,6952
110977812,8535
110991012,3385
110992612,4182
110993712,7116
110994812,4259
110996312,11686
110997412,7609
110998512,8662
110999612,5956
111001112,2383
111002212,6354
111003312,3406
111004412,4634
111005912,5734
111007012,6578
111008112,5202
111009212,7157
111010312,10073
111011812,11081
111012912,4251
111014012,2641
111015112,5504
111016612,2953
111017712,6548
111018812,6714
111019912,12186
111021512,7022
111022612,5736
111023712,6932
111044112,9004
111045712,6033
111047212,7370
111048412,4633
111049512,3415
111124910,12153
111126510,12216
111127710,5424
111128810,12175
111129910,9072
111131411,0
111132511,7826
111133611,8841
111134711,33
111136211,12163
111137311,3304
111138411,12224
111139511,22
111141011,8825
111142111,12199
111143211,12199
111144311,12204
111145411,4496
111147011,2645
111148111,9354
111149211,5313
111150311,4400
111151811,2268
111152911,12199
111154011,35
111155111,16
111156611,12214
111157711,12209
111158811,7070
111159911,7262
111256012,4787
111257616,6369
111258712,5093
111259812,9338
111261312,8079
111262412,3144
111263512,5161
111264612,6495
111266112,2104
111267212,2349
111268312,6581
111269412,3842
111270912,9107
111272012,8934
111273112,5656
111274212,7358
111275312,7223
111276912,8264
111278012,5612
111279112,2781
111280212,2349
111281712,4485
111282812,4632
111283912,4489
111285012,2335
111286512,7383
111287612,10053
111288712,7730
111289812,10516
111291312,3058
111292412,7862
111293512,2837
111294612,10993
111296112,7402
111297212,2632
111298312,12192
111299412,4301
111300912,9686
111302012,5680
111303112,26
111304212,12192
111305312,5201
111306812,8468
111307912,12159
111309012,6651
111310112,4349
111386710,7536
111388210,2845
111389410,5186
111390910,5589
111392010,4820
111393110,5728
111394210,12190
111395310,8346
111396911,3206
111398011,11368
111399111,1445
111400211,10069
111401711,9246
111402811,7106
111403911,4469
111405011,2944
111406511,2899
111407611,3270
111503610,7616
111517110,2672
111518613,5339
111519710,6493
111521212,5324
111522312,8445
111523412,8686
111524512,9333
111526012,7131
111527112,5292
111528212,8472
111529312,6931
111530412,5287
111531912,4807
111533012,6127
111534112,5986
111535212,2830
111536712,6322
111537812,4999
111538912,4945
111540012,6807
111541512,6583
111542612,6572
111543712,8968
111544812,11609
111546312,7337
111547412,5522
111548512,5759
111549612,8817
111551212,5356
111552312,4939
111553412,2420
111554512,4502
111556012,1266
111557112,1788
111558212,5896
111559312,3228
111560412,11603
111561912,6420
111563012,8830
111564112,9717
111565212,6544
111566712,6912
111567812,3781
111568912,7869
111570012,7505
111571512,3752
111572612,8039
111573712,8772
111574812,6780
111576312,4769
111577412,6447
111578512,4249
111579612,7137
111656111,6840
111657711,5213
111658911,1800
111660011,2126
111661511,2508
111662611,2780
111663711,5769
111664811,9307
111666311,11674
111667411,6696
111763010,8782
111764612,8959
111766112,2936
111767212,7426
111768312,6916
111769412,2440
111770912,1210
111772012,7440
111773112,2887
111774212,6798
111775312,7745
111776912,4698
111778012,12201
111779112,12212
111780212,11553
111781712,7977
111782812,7313
111783912,12219
111785012,8142
111786512,6848
111787612,2022
111788712,0
111789812,6033
111791312,2889
111792412,12171
111793512,1668
111794612,33
111796112,6387
111797212,10136
111798312,8534
111799412,2960
111800912,8812
111802012,9299
111803112,7842
111804212,879
111805312,1386
111806812,2187
111807912,6512
111809012,5054
111810112,5166
111811612,7669
111812712,6790
111813812,9266
111814912,8056
111816512,112
111817612,6709
111818712,9504
111819812,12176
111821312,4560
111822412,3513
111823512,1742
111824612,3566
111826112,6385
111827212,12200
111828312,17
111829412,4563
111830912,9288
111832012,3738
111833112,3586
111834212,11499
111835312,4320
111836812,4258
111837912,8979
111839012,17
111934512,1718
112052611,9538
112054211,5717
112055411,4287
112056911,9604
112058111,6842
112059211,5193
112060311,2353
112061911,7853
112063011,6117
112064111,8310
112065211,4758
112066711,7932
112067811,11034
112068911,708
112070011,11809
112071511,9491
112072611,4173
112073711,8157
112074811,4394
112076311,8887
112077411,4331
112078511,7
112079611,12097
112081111,12155
112082211,7760
112083311,8121
112084411,2389
112085911,4922
112087011,9256
112088111,6
112089211,3670
112090311,2739
112091911,31
112093011,11643
112094111,6385
112095211,1616
112096711,12187
112097811,12
112098911,12214
112100011,9201
112101511,40
112102611,11248
112103711,4292
112104811,7802
112106311,5575
112107411,31
112108511,7013
112109611,24
112111111,3777
112112211,9029
112113311,3371
112114411,10955
112115911,12211
112117011,8748
112118111,8561
112119211,7468
112120311,7980
112121811,12214
112122911,8143
112124011,3959
112125111,1326
112126611,2186
112127711,9981
112222712,7200
112224312,230
112225512,8830
112227012,115
112228112,10650
112229212,1851
112230312,7398
112231812,2397
112232912,7397
112234012,2583
112235112,8727
112310811,3314
112312311,47
112313411,10180
112314611,9407
112316211,12159
112317311,12176
112318411,8118
112319511,6818
112321011,4086
112322111,3122
112323211,2727
112324311,2515
112325411,18
112326911,4906
112328011,5291
112329111,7199
112330211,7570
112331711,10880
112332811,7612
112333911,4008
112335011,7139
112336511,4424
112337611,6225
112338711,6112
112339811,5671
112341311,8296
112342411,2048
112343511,3557
112344611,4601
112346211,4576
112347311,5927
112348411,8470
112349511,6589
112351011,9281
112352111,6337
112353211,6173
112354311,7893
112355411,6532
112356911,8406
112358011,8148
112359111,6228
112360211,10616
112361711,3573
112362811,10288
112363911,7098
112365011,894
112366511,461
112367611,5746
112368711,6168
112369811,8694
112371311,3908
112372411,6767
112373511,9340
112468612,7790
112500211,5401
112501711,10829
112502811,7265
112503911,8730
112505111,9799
112506611,5668
112507711,4385
112508811,4252
112509911,4798
112511411,7641
112512511,6923
112513611,4
112514711,8638
112516211,8374
112517311,12205
112518411,4520
112519511,1231
112521011,4777
112522111,3054
112523211,7412
112524311,1269
112525411,2417
112601310,5567
112602910,6458
112604010,9252
112605110,4667
112606610,4567
112607710,7864
112608810,6059
112609910,3985
112611512,5818
112612612,6324
112613712,1278
112614812,8914
112616312,7909
112617412,4378
112618512,3606
112619612,12184
112621112,6588
112622212,4364
112623312,3616
112624412,8999
112625912,6791
112627012,7329
112628112,9528
112629212,10500
112630312,9641
112631812,5147
112632912,10525
112634012,5147
112635112,1351
112636612,8564
112637712,4249
112638812,3964
112639912,3213
112641412,10360
112642512,5454
112643612,10673
112644712,8910
112646212,12193
112647312,9031
112648412,7416
112649512,4036
112745712,5884
112747312,2737
112748512,2643
112749712,8497
112751312,1558
112752412,5914
112753512,4257
112754612,326
112756112,3609
112757212,9606
112758312,6294
112759412,32
112760912,3233
112762012,10731
112763112,7510
112764212,9840
112765312,3339
112766812,8281
112767912,9926
112769012,10554
112770112,5073
112771612,7224
112772712,9077
112773812,5501
112774912,2750
112776412,9637
112777512,8753
112778612,5063
112779712,2334
112781212,8382
112782312,5001
112783412,8173
112784512,10603
112860410,8254
112861910,9830
112863010,7187
112864110,3791
112865210,7816
112866712,5463
112867812,5733
112868912,6925
112870012,6983
112871512,8169
112872612,35
112873712,3819
112874812,4509
112876312,4362
112877412,10115
112878512,8601
112879612,9842
112881112,8726
112882212,9005
112883312,7259
112884412,12171
112885912,4512
112887012,7105
112888112,5525
112889212,5297
112890312,5705
112891812,1592
112892912,12195
112894012,2533
112895112,9182
112896712,3837
112991912,0
113005012,6743
113006612,8524
113007714,3009
113008812,6428
113009912,1760
113011412,7266
113012512,5329
113013612,8575
113014712,9184
113016212,5693
113017312,5416
113018412,7222
113019512,8785
113021012,7296
113022112,7310
113023212,11931
113024312,9088
113025412,7641
113026912,10373
113028012,7303
113048410,5600
113049910,7135
113051419,5260
113052610,7164
113053870,10688
113055010,8410
113056510,2941
113057610,4698
113058710,2556
113059810,2282
113061310,6561
113062410,10141
113063510,4469
113064610,1486
113066112,3029
113067212,2991
113068312,3381
113069412,3856
113146411,9406
113147911,4331
113149111,9108
113150211,3308
113151711,2960
113152811,5722
113153911,5736
113155011,5254
113156611,11484
113157711,7673
113158811,7158
113159911,5744
113161411,3700
113162511,7319
113163611,5838
113164711,9159
113166211,6035
113167311,2686
113168411,5652
113169511,10436
113171011,5936
113172111,4958
113173211,7471
113174311,9812
113175411,10165
113270619,8346
113272221,9017
113273412,4659
113274612,5866
113276112,6475
113277212,8466
113278312,6348
113279412,1216
113281012,5212
113282112,6397
113283212,2716
113284312,2759
113285412,4775
113286912,8216
113288012,4956
113289112,7361
113290212,6968
113291712,5349
113292812,7774
113293912,2675
113295012,5374
113296512,4277
113297612,6054
113298712,5817
113299812,2224
113301312,1925
113302412,7625
113303512,9657
113304612,7305
113306112,4276
113307212,3538
113308312,4878
113309412,8109
113310912,9584
113312012,4229
113313112,7597
113314212,11894
113315312,5289
113316812,7485
113317912,5184
113319012,10986
113320112,7312
113321712,8844
113322812,7569
113323912,10911
113325012,2213
113326512,4711
113327612,3153
113328712,4846
113329812,1706
113405811,706
113407411,10481
113408611,711
113409711,8400
113411211,10108
113412311,10886
113413411,8605
113414511,7650
113416111,5664
113417211,7470
113418311,3502
113419411,172
113420911,2893
113422011,1528
113517610,4100
113531112,5595
113532612,8553
113533712,7426
113534812,6801
113536312,4423
113537412,3100
113538512,4211
113539612,7568
113541112,6713
113542212,7330
113543312,5685
113544412,10216
113545912,7052
113547012,9715
113548112,3779
113549212,2482
113550312,3497
113551812,4754
113552912,5098
113554012,11234
113555112,7211
113556612,11772
113557712,8663
113558812,9290
113559912,7810
113561412,6191
113562512,3444
113563612,4881
113564712,8640
113566312,4218
113567412,5333
113568512,4974
113569612,5200
113571112,7280
113572212,5119
113573312,6129
113574412,6518
113575912,9526
113577012,6385
113578112,5059
113579212,5489
113580312,3033
113581812,7266
113582912,5922
113584012,6136
113585112,4859
113586612,6034
113587712,9018
113588812,10470
113589912,7465
113591412,9081
113592512,3708
113593612,5921
113594712,6648
113596212,1793
113597312,4000
113598412,2885
113599512,9582
113676111,6556
113677611,6438
113678811,3712
113679911,7587
113681411,7853
113777112,5747
113778712,8203
113779821,8128
113781312,6575
113782412,3676
113783512,4978
113784612,4678
113786212,4697
113787312,4708
113788412,2441
113789512,4501
113791012,9814
113792112,9498
113793212,7621
113794312,6980
113795412,10694
113796912,10116
113798012,10199
113799112,5578
113800212,5119
113801712,5651
113802812,3893
113803912,4190
113805012,5054
113806512,4509
113807612,2739
113808712,4303
113809812,9508
113811312,8284
113812412,6111
113813512,6315
113814612,6252
113816212,7269
113817312,4081
113818412,3995
113819512,3384
113821012,4555
113822112,6576
113823212,7940
113824312,7619
113825412,4824
113826912,3331
113828012,6579
113829112,5612
113830212,7272
113831712,5094
113832812,8330
113833912,7444
113835012,5085
113836512,4266
113837612,2102
113838712,2939
113839812,6636
113841312,7191
113842412,12161
113843512,8807
113844612,8610
113846112,7498
113847212,5737
113848312,5724
113849412,6604
113850912,6426
113852012,4293
113853112,2076
113948910,7081
113963812,4724
114066312,5463
114067912,4097
114069012,5354
114070268,5074
114071812,2747
114072912,2678
114074012,3465
114075112,3126
114076612,5514
114077712,4356
114078812,4902
114079912,5423
114081412,3332
114082512,5351
114083612,3862
114084712,10141
114086212,4765
114087312,7223
114088412,7289
114089512,6031
114091012,5187
114092112,2793
114093212,3211
114094312,2320
114095412,8250
114097012,7147
114098112,11445
114099212,8809
114100312,9254
114101812,10065
114102912,8970
114104012,5219
114105112,4328
114106612,6419
114107712,4696
114108812,7196
114109912,5968
114111412,6253
114112512,2720
114113612,7378
114114712,4431
114116212,7477
114117312,5182
114118412,7012
114119512,4295
114121012,8186
114122112,9507
114123212,2428
114124312,5362
114125412,1482
114126912,4850
114128012,7570
114129112,12170
114130212,9602
114131712,9272
114132812,8547
114133912,7101
114135012,6595
114136612,1896
114137712,6300
114138812,3200
114139912,6024
114236212,1517
114237812,5033
114239012,6897
114240112,5872
114241612,6869
114242712,9039
114243812,8354
114244912,8206
114246512,6631
114247612,4484
114248712,2714
114249812,6572
114325911,3883
114327411,9890
114328511,8594
114329611,8079
114331211,6960
114332311,6966
114333411,8854
114334511,7042
114336011,4415
114337111,5226
114338211,6294
114339311,1932
114340411,3804
114341911,6954
114343011,6646
114344111,5730
114345211,8445
114346711,5491
114347811,4458
114348911,3940
114350011,5783
114351511,6503
114352611,7854
114353711,7741
114354811,7344
114356311,6539
114357411,7473
114358511,7167
114359611,4568
114361211,3932
114362311,4198
114363411,6381
114364511,4178
114366011,6601
114367111,5058
114368211,3223
114369311,7266
114370411,8768
114371911,5036
114373011,8357
114374111,10900
114375211,9128
114376711,7120
114377811,3461
114378911,5784
114380011,4537
114381511,3629
114382611,7348
114383711,6919
114384811,6594
114386311,8094
114387411,4683
114482612,1741
114495912,6265
114497512,7604
114498612,10425
114499712,12067
114501212,4806
114502312,3864
114503412,6012
114504512,5803
114506012,2958
114507112,4496
114508212,4654
114509312,6111
114510412,6013
114511912,8227
114513012,5572
114514112,5545
114515212,6559
114516712,4243
114517812,6362
114518912,8079
114520012,7109
114595912,10520
114597412,8104
114598512,5493
114599612,4729
114601112,8525
114602212,5461
114603312,4355
114604412,8222
114605912,5511
114607012,9144
114608112,7256
114609212,9964
114610312,6708
114611812,7544
114612912,5740
114614012,3611
114615112,3955
114616612,7283
114617712,7068
114618812,10981
114619912,7289
114621412,7515
114622512,8615
114623612,6790
114624712,6165
114626212,628
114627312,5865
114628412,2908
114629512,7669
114631112,3767
114632212,5142
114633312,2792
114634412,5088
114635912,595
114637012,2051
114638112,7537
114639212,8669
114640312,9414
114641812,8570
114642912,9618
114644012,9783
114645112,6563
114741012,11408
114742612,5289
114743712,3972
114744812,15
114746412,952
114747512,5490
114748612,5805
114749712,7820
114751212,5884
114752312,9079
114753412,2664
114754512,6144
114756012,1782
114757112,5156
114758212,5015
114759312,8174
114760412,5843
114761912,6142
114763012,11153
114764112,6797
114765212,6179
114766712,7052
114767812,4793
114768912,61
114770012,3964
114771512,2636
114772612,8385
114773712,7341
114774812,5579
114776412,3859
114777512,5806
114778612,4056
114779712,6514
114855410,4551
114856910,6497
114858110,8125
114859210,5995
114860310,9089
114861810,1860
114862910,6521
114864010,10930
114865110,7507
114866711,1639
114867811,35
114868911,3734
114870011,2400
114871511,2753
114872611,2917
114873711,6455
114874811,6244
114876311,12168
114877411,5547
114878511,4312
114879611,6481
114881111,5247
114882211,7874
114883311,6146
114884411,7114
114885911,7660
114887011,6988
114888111,4476
114889211,1882
114890311,2262
114891811,9030
114986912,9019
115011210,3188
115012710,9105
115013810,8633
115014910,7482
115016412,637
115017512,5892
115018612,6218
115019712,4851
115021212,6684
115022312,7757
115023412,2909
115024512,1396
115026012,6467
115027112,5273
115028212,5748
115029312,1277
115030412,11020
115031912,3922
115033012,4571
115034112,6461
115035212,5300
115036712,3875
115037812,3372
115038912,8449
115040012,6878
115041512,8513
115062012,7328
115063512,3107
115064768,7709
115066312,921
115067412,5213
115068512,3263
115069612,6590
115071112,6365
115072212,7009
115073312,11874
115074412,9316
115150710,7559
115152210,4095
115153410,4348
115154510,2913
115156010,9528
115157110,4599
115158210,2667
115159310,1698
115160410,3020
115162011,9924
115163111,11231
115164211,9351
115165311,4690
115166811,7327
115167911,6059
115169011,7739
115170111,10543
115171611,8803
115172711,8169
115173811,10516
115174911,5701
115176411,6772
115177511,2980
115178611,4584
115179711,7810
115181211,8792
115276710,4631
115278310,5353
115279419,4594
115281012,1821
115282112,5590
115283212,9817
115284312,10087
115285412,8484
115286912,45
115288012,3623
115289112,44
115290212,12201
115291712,6738
115292812,6284
115293912,12155
115295012,5704
115296512,12206
115297612,13
115298712,8080
115299812,8742
115301312,4918
115302412,63
115303512,12182
115304612,39
115306112,1972
115307212,8947
115308312,2661
115309412,6936
115310912,12186
115312012,4928
115313112,0
115314212,5974
115315312,8095
115316812,4459
115317912,21
115319012,42
115320112,10365
115321712,3627
115322812,11411
115323912,6888
115325012,9118
115326512,3954
115327612,12182
115328712,4409
115329812,12213
115331312,10225
115332412,37
115333512,12212
115334612,825
115410912,4516
115412512,0
115413712,12194
115414812,25
115416312,0
115417412,12162
115418512,18
115419612,563
115421112,12199
115422212,0
115423312,2236
115424412,12193
115434312,1443
115435812,12209
115437312,6408
115531211,5664
115532811,7248
115534011,4653
115535311,3904
115536811,7257
115537911,3952
115539011,8701
115540111,4895
115541611,2956
115542711,10066
115543811,3644
115544911,7634
115546411,136
115547511,9434
115548611,0
115549711,12198
115551211,4289
115552311,8238
115553411,6325
115554511,6286
115556011,9
115557111,12185
115558211,9642
115559311,7301
115560411,5148
115562011,12172
115563111,53
115564211,3844
115565311,12210
115566811,3277
115567911,27
115569011,12221
115570111,6633
115571611,39
115572711,12175
115573811,8671
115574911,42
115576411,12212
115577511,12162
115578611,45
115579711,12166
115581211,12201
115582311,4
115583411,12163
115584511,12202
115586011,1957
115587111,2214
115588211,11874
115589311,0
115590411,12168
115591911,12168
115593011,43
115594111,12168
115595211,12204
115671112,1909
115672612,8724
115673712,6294
115674812,1486
115676312,0
115677412,10833
115678512,36
115679612,9670
115681112,12210
115682212,3308
115776721,8229
115778321,28
115779512,3153
115781012,9129
115782112,1200
115783212,6652
115784312,5679
115785412,2910
115786912,5036
115788012,1168
115789112,4439
115790212,9116
115791712,8945
115792812,11285
115793912,9464
115795012,11072
115796612,6075
115797712,6460
115798812,4362
115799912,5
115801412,4664
115802512,7979
115803612,4888
115804712,6676
115806212,8610
115807312,2
115808412,7517
115809512,5664
115811012,8157
115812112,3733
115813212,5808
115814312,4377
115815412,7266
115816912,6430
115818012,9387
115819112,9853
115820212,7403
115821712,4938
115822812,2525
115823912,9666
115825012,9718
115826512,10233
115827612,2329
115828712,4162
115829812,3527
115831312,9304
115832412,2713
115833512,7937
115834612,2985
115836212,6913
115837312,4006
115838412,12206
115839512,3939
115841012,6793
115842112,4905
115843212,6364
115844312,10626
115845412,9004
115846912,12186
115848012,3709
115849112,5885
115850212,4788
115851712,12187
115852812,13
115946711,12204
116038910,9294
116040510,6381
116042012,3470
116063012,11863
116064512,46
116066012,7016
116067112,3113
116068412,5811
116069512,9530
116071012,23
116072112,12200
116073212,15
116074312,12200
116075412,10
116076912,7236
116078012,26
116079112,12203
116080212,11
116081712,12175
116082812,1437
116083912,12167
116085012,16
116086512,9652
116087612,57
116088712,12192
116089812,3354
116091312,1917
116092412,10409
116093512,12193
116094612,4456
116096212,581
116097312,12186
116098412,4039
116099512,6216
116101012,28
116102112,12218
116103212,32
116104312,6272
116105412,2414
116106912,12162
116108012,31
116109112,12214
116110212,0
116111712,8261
116112812,1715
116113912,12164
116115012,3706
116116512,12168
116117612,3912
116118712,10645
116119812,4282
116121312,11633
116122412,1383
116123512,12211
116124612,6370
116126112,8309
116127212,1480
116128312,12188
116129412,4886
116130912,11350
116132012,4576
116133112,9439
116134212,3607
116229212,12188
116230812,7920
116232412,12169
116233512,3376
116234612,12209
116310210,12198
116311811,7224
116313011,7714
116314111,10864
116315211,10211
116316711,12196
116317811,11574
116318911,8213
116320011,4823
116321611,12190
116322711,3161
116323811,11357
116324911,9929
116326411,8432
116327511,3944
116328611,347
116329711,12188
116331211,40
116332311,6571
116333411,1053
116334511,10837
116336011,5363
116337111,10388
116338211,6604
116339311,12206
116340411,12128
116341911,12213
116343011,8569
116344111,8151
116345211,6690
116346711,10640
116347811,3931
116348911,4577
116350011,5935
116351611,5287
116352711,1747
116353811,45
116354911,0
116356411,4358
116357511,5250
116358611,5405
116359711,8725
116361211,9918
116362311,6986
116363411,2762
116364511,8771
116366011,6480
116367111,4505
116368211,11943
116369311,12158
116370411,10501
116371911,8083
116373011,7200
116374111,8326
116375211,5406
116376711,1937
116377811,7038
116378911,4208
116380011,6596
116476879,6474
116497511,8972
116499011,10988
116500111,36
116501611,6489
116502711,7005
116503811,4518
116504911,12199
116506411,3071
116507511,7364
116508611,8218
116509711,6217
116586312,5116
116587912,5328
116589112,7301
116590212,5919
116591712,8635
116592812,4344
116593912,4849
116595012,3376
116596512,4658
116597612,6782
116598712,206
116599812,8541
116601312,1629
116602412,12203
116603512,280
116604612,12183
116606212,5908
116607312,9557
116608412,21
116609512,8510
116611012,5822
116612112,4569
116613212,6718
116614312,5285
116615412,2936
116616912,10873
116618012,991
116619112,3448
116620212,5759
116621712,8232
116622812,4413
116623912,10584
116625012,5812
116626512,8021
116627612,5939
116628712,699
116629812,12170
116631312,1350
116632412,4284
116633512,10468
116634612,6379
116636112,6746
116637212,8739
116638312,6165
116639412,5772
116640912,8809
116642012,1255
116643112,7384
116644212,8124
116645312,5356
116646912,7112
116648012,7317
116743310,22
116744912,501
116746412,8390
116747512,12198
116748612,7237
116749712,2728
116751212,9394
116752312,6520
116753412,3289
116754512,12132
116756012,6678
116757112,1734
116758212,12206
116759312,12211
116760412,2643
116761912,2499
116763012,5580
116764112,8483
116765212,5890
116766712,8889
116767812,6610
116768912,6867
116770012,5684
116845610,5585
116847211,12174
116848411,26
116849511,12216
116851011,3625
116852111,10624
116853211,10086
116854311,12216
116855411,12212
116856911,9018
116858011,9108
116859111,12200
116860211,6483
116861711,12207
116862811,7
116863911,6306
116865011,12168
116866511,12177
116867611,5956
116868711,12221
116869811,12194
116871311,4461
116872411,6319
116873511,12189
116874611,3643
116876111,2542
116877211,10102
116878311,1873
116879411,24
116880911,4469
116882011,10403
116883111,52
116884211,7574
116885311,54
116886911,12199
116888011,2496
116889111,12207
116890211,3471
116891711,12159
116892811,6512
116893911,12181
116990110,6074
117004612,2817
117006121,0
117007312,49
117008512,3932
117009612,6192
117011112,9815
117012212,10075
117013312,11365
117014412,10305
117015912,10100
117017012,8558
117018112,10299
117019212,2173
117020312,5541
117021812,8692
117022912,3206
117024012,7959
117025112,7420
117026612,4399
117027712,1365
117028812,8818
117029912,5041
117031412,5493
117032512,2244
117033612,4670
117034712,9765
117036212,9024
117037312,10197
117038412,5416
117039512,6854
117041112,2087
117042212,5065
117062610,10604
117144310,10380
117145810,4239
117147310,6561
117148410,3416
117149510,7835
117151011,5279
117152111,6377
117153211,3979
117154311,3618
117155411,10171
117156911,8674
117158011,10572
117159111,7571
117160211,6491
117161711,6293
117162811,2550
117163911,9120
117165011,3295
117166611,5550
117167711,3571
117168811,8770
117169911,6977
117171411,5877
117172511,4529
117173611,4602
117174711,6358
117176211,5228
117177311,7213
117178411,7129
117179511,8540
117275513,2135
117277112,5801
117278212,2404
117279312,7640
117280412,3782
117281912,8675
117283012,8159
117284112,9957
117285212,7408
117286712,10452
117287812,3830
117288912,6520
117290012,10662
117291512,12176
117292612,5139
117293712,4342
117294812,1678
117296312,25
117297412,1925
117298512,7113
117299612,8548
117301112,12225
117302212,10450
117303312,6983
117304412,6563
117305912,9876
117307012,4397
117308112,4299
117309212,5098
117310312,3137
117311912,6770
117313012,3680
117314112,4288
117315212,2708
117316712,5699
117317812,4040
117318912,4850
117320012,4805
117321512,9102
117322612,10877
117323712,9594
117324812,9613
117400410,6223
117402011,6751
117403211,6823
117404311,6995
117405411,4840
117406911,3054
117408011,4752
117409111,5221
117410211,3301
117411811,6945
117412911,10780
117414011,3716
117415111,6188
117416611,4151
117417711,2429
117418811,10977
117419911,6421
117421411,4115
117422511,1969
117423611,4776
117424711,6475
117438112,4658
117536712,8492
117538312,6469
117539412,8107
117541012,7921
117542112,10291
117543212,7392
117544312,3496
117545412,9406
117546912,10232
117548012,38
117549112,1441
117550212,2626
117551712,7019
117552812,6578
117553912,5658
117555012,10516
117556512,5333
117557612,10977
117558712,8781
117559812,5981
117561312,6980
117562412,3254
117563512,6169
117564612,6720
117566112,7589
117567212,1192
117568312,2050
117569412,1837
117570912,13
117572012,8913
117573112,6395
117574212,10229
117575312,6174
117576812,9822
117577912,7413
117579012,8740
117580112,8606
117581712,1704
117582812,9957
117583912,2494
117585012,593
117586512,2741
117587612,10453
117588712,10558
117589812,12168
117591312,10662
117592412,6633
117593512,2467
117594612,5146
117670912,7899
117672512,1392
117673712,25
117674812,5
117676312,3145
117677412,13
117678512,5731
117679612,7075
117681112,9886
117682212,12197
117683312,0
117684412,1455
117685912,2585
117687012,5474
117688112,1612
117782812,8440
117784412,5228
117785912,7027
117787012,5383
117788112,1705
117789212,7339
117790312,9561
117791812,8037
117792912,6027
117794012,1896
117795112,42
117796612,21
117797712,1534
117798812,5737
117799912,8287
117801412,10224
117802512,8724
117803612,8592
117804712,4520
117806212,4240
117807312,5774
117808412,6628
117809512,4951
117811012,12177
117812112,12177
117813212,9235
117814312,7953
117815412,5227
117816912,2614
117818012,1871
117819112,24
117820212,6101
117821812,3633
117822912,5554
117824012,7421
117825112,8643
117826612,2357
117827712,4581
117828812,6141
117829912,6465
117831412,10815
117832512,12208
117833612,7376
117834712,8909
117836212,5070
117837312,2083
117838412,3339
117839512,5160
117841012,8563
117842112,2033
117843212,1466
117844312,6269
117845412,12107
117846912,6504
117848012,4788
117849112,3976
117850212,4121
117851712,7283
117852812,7620
117853912,11316
117855012,5090
117930710,10337
117943012,9
117944512,4172
118040812,33
118042412,1748
118064710,2131
118066212,12187
118067412,7486
118068512,43
118069712,4951
118071212,6184
118072312,5262
118073412,5
118074512,4355
118076012,11049
118077112,12218
118078212,6706
118079312,8127
118080412,12209
118081912,5252
118083012,7628
118084112,7758
118085212,2145
118086712,3356
118087812,3950
118088912,3527
118090012,40
118091512,7754
118092612,7054
118093712,171
118094812,28
118096312,2709
118097412,10516
118098512,35
118099612,11573
118101112,12187
118102212,11571
118103312,710
118104412,12219
118106012,12197
118107112,8024
118108212,19
118109312,9159
118110412,12211
118111912,12205
118113012,3882
118114112,3996
118115212,12178
118116712,15
118117812,3049
118118912,39
118120012,52
118121512,6110
118122612,12189
118123712,29
118124812,38
118126312,6822
118127412,12200
118128512,12204
118129612,2869
118131112,6521
118132212,2078
118133312,6734
118134412,12215
118135912,4883
118137012,10154
118138112,4119
118232610,3
118311712,3299
118313312,7299
118314412,6446
118316012,7626
118317112,11046
118318212,12192
118319312,1118
118320412,2530
118321912,4600
118323012,10339
118324112,6129
118325212,1737
118326712,3025
118327812,4709
118328912,7081
118330012,5242
118331512,11249
118332612,6107
118333712,7220
118334812,7282
118336312,7236
118337412,10059
118338512,12217
118339612,9447
118341112,4318
118342212,6569
118343312,11598
118344412,8934
118346012,0
118347112,192
118348212,5406
118349312,1919
118350412,3155
118351912,6527
118353012,10324
118354112,5336
118355212,9998
118356712,5035
118357812,4928
118358912,8080
118360012,11042
118361512,4131
118362612,2756
118363712,4452
118364812,12156
118366312,3401
118367412,6969
118368512,7882
118369612,10536
118371112,2430
118372212,6471
118373312,0
118374412,5622
118375912,7
118377012,3
118378112,12205
118379212,11093
118380312,5032
118381812,0
118382912,12217
118384012,47
118385112,12211
118386712,12168
118480412,11183
118493910,7641
118495410,6284
118496912,6815
118498012,4674
118499112,5801
118500212,5464
118575810,3300
118577411,4344
118578611,4784
118579711,12218
118581211,1884
118582311,1932
118583411,10423
118584511,12210
118586011,1128
118587111,19
118588211,10181
118589311,12207
118590411,5392
118591911,12193
118593011,6392
118594111,10277
118595211,2783
118596711,12186
118597811,3283
118598911,1299
118600011,12168
118601511,9928
118602611,2586
118603711,12181
118604811,12214
118606311,12174
118607411,12210
118608511,9614
118609611,0
118611111,12210
118612211,2317
118613311,12160
118614411,6635
118616011,0
118617111,10
118618211,30
118619311,49
118620411,6304
118621911,10295
118623011,12199
118624111,12154
118625211,6143
118626711,3214
118627811,6998
118628911,7895
118630011,2864
118631511,1886
118632611,12149
118633711,10526
118634811,5035
118636311,5110
118637411,12209
118638511,6162
118639611,0
118641111,11
118642211,3960
118643311,5449
118738812,4754
118740412,2192
118741912,6069
118743012,8726
118744112,12194
118745212,6242
118746712,8241
118747812,10129
118748912,10628
118750012,8106
118751512,7365
118752612,5327
118753712,8326
118754812,6836
118756312,2152
118757412,43
118758512,1360
118759612,720
118835411,7731
118837011,9769
118838211,4901
118839411,9999
118840911,9720
118842011,12068
118843111,9826
118844211,11315
118845311,2676
118846911,4058
118848011,3881
118849111,5819
118850211,36
118851711,2629
118852811,3557
118853911,4416
118855011,5520
118856511,7591
118857611,6063
118858711,6674
118859811,5565
118861311,10334
118862411,8046
118863511,4858
118864611,3945
118866111,7069
118867211,818
118868311,3548
118869411,3764
118870911,5105
118872011,10915
118873111,7130
118874211,9688
118875311,8392
118876911,7441
118878011,6545
118879111,6932
118880211,3378
118881711,2342
118882811,7185
118883911,12061
118885011,2753
118886511,1206
118887611,10289
118888711,8758
118889811,7355
118985613,9863
118999210,8371
119000710,7920
119002312,9690
119003412,7585
119004512,5360
119006012,3791
119007112,22
119008212,4950
119009312,6251
119010412,5958
119011912,26
119013012,2823
119014112,4921
119015212,4781
119016712,5089
119017812,9616
119018912,11308
119020012,7462
119021512,4495
119022612,6190
119023712,4694
119024812,5025
119127812,5689
119129412,11623
119130912,10893
119132168,4548
119133312,6294
119134412,1577
119135912,3653
119137012,3072
119138112,5010
119139212,7579
119140312,8268
119141812,6448
119142912,9067
119144012,8308
119145112,4230
119146612,4431
119147712,2008
119148812,6700
119149912,2526
119151412,8616
119152512,7163
119153612,5816
119154712,4236
119156212,1262
119157312,1818
119158412,7479
119159512,9665
119161112,6389
119162212,7044
119163312,10586
119164412,11304
119165912,9332
119167012,1330
119168112,4964
119169212,2892
119170312,1690
119171812,5244
119172912,6856
119174012,7483
119175112,7079
119176612,4926
119272010,8214
119273610,10955
119274710,11057
119276210,7319
119277310,7316
119278410,4529
119279510,5074
119281112,1969
119282212,5100
119283312,4805
119284412,3837
119285912,3979
119287012,6888
119288112,6808
119289212,4742
119290312,10623
119291812,8778
119292912,7144
119294012,5344
119295112,3341
119296612,4038
119297712,2007
119298812,5367
119299912,1260
119301412,39
119302512,9465
119303612,9604
119304712,5835
119306212,7529
119307312,8907
119308412,12185
119309512,3988
119385110,33
119386612,1699
119387712,1196
119388812,2795
119390012,7701
119391512,6163
119392612,8022
119393712,5272
119394812,10877
119396412,9032
119397512,8319
119398612,10675
119399712,9600
119401212,12216
119402312,8456
119403412,8974
119404512,2518
119406012,1282
119407112,3908
119408212,1879
119409312,4178
119410412,2363
119411912,3879
119413012,5540
119414112,5287
119415212,7461
119416712,7581
119417812,7881
119418912,10311
119420012,8917
119421512,9410
119422612,7186
119518412,7675
119533111,1291
119534611,675
119536111,10476
119537411,3961
119538511,10298
119539611,8569
119541111,12162
119542211,12125
119543311,12216
119544411,11198
119545911,8210
119547011,6
119548111,816
119549211,9311
119550311,6735
119551811,2088
119552911,0
119554011,35
119555111,2064
119556611,36
119557711,2022
119558811,6374
119559911,11490
119561411,9240
119562511,12174
119563611,4544
119564711,12164
119566311,8227
119567411,5494
119568511,5857
119569611,5027
119571111,7275
119572211,8925
119573311,5530
119574411,7345
119575911,5451
119577011,5383
119578111,11190
119579211,994
119580311,666
119656412,3849
119657912,3527
119659012,5469
119660212,10104
119661812,10851
119662912,6738
119664012,2637
119665112,4002
119666612,9546
119667712,8150
119668812,7088
119669912,10458
119671412,4464
119672512,7398
119673612,4445
119674712,2130
119676212,1675
119677312,809
119678412,6799
119679512,7675
119681012,9554
119682112,4592
119683212,1089
119778312,9445
119779912,6578
119781412,2773
119782512,3586
119783612,6516
119784712,7792
119786212,9062
119787312,10766
119788412,4459
119789512,5357
119791012,1946
119792112,20
119793212,2440
119794312,2179
119795412,4764
119796912,11956
119798012,8941
119799112,4339
119800212,5048
119801712,2486
119802812,9
119803912,2314
119805012,8306
119806512,4473
119807612,9954
119808712,10496
119809812,9160
119811312,12167
119812412,10513
119813512,4328
119814612,8670
119816212,305
119817312,0
119818412,3981
119819512,9940
119821012,6462
119822112,7746
119823212,3954
119824312,855
119825412,0
119826912,6063
119828012,5210
119829112,12209
119830212,12220
119831712,12208
119832812,10491
119833912,12210
119835012,1838
119836512,5898
119837612,1203
119838712,5980
119839812,2312
119916211,9076
119917811,12165
119919011,4174
119920111,8924
119921611,12198
119922711,9116
119923811,10118
119924911,12167
119938412,12218
119939912,12201
119941512,11692
119942612,4487
120038469,6
120040010,12163
120041510,12189
120042610,4388
120043710,12180
120044810,4494
120046312,12175
120047412,10770
120048512,12218
120049612,12200
120051112,10364
120052212,8091
120053312,10496
120054412,9000
120055912,11762
120057012,10
120058112,12206
120059212,552
120060312,2545
120061912,2845
120063012,10217
120064112,5413
120065212,5017
120066712,12220
120067812,11946
120068912,7785
120070012,12216
120071512,12200
120072612,6238
120073712,673
120074812,12170
120076312,10641
120077412,2394
120078512,1378
120079612,8726
120081112,3245
120082212,42
120083312,9785
120084412,2189
120085912,5173
120087012,10010
120088112,12198
120089212,6770
120090312,12207
120091812,6512
120092912,4693
120094012,8112
120095112,3020
120096612,4697
120097712,6905
120098812,7523
120099912,7267
120101512,12168
120102612,8223
120123010,11052
120203811,4242
120205411,2832
120206913,4501
120208011,8968
120209111,8104
120210211,5631
120211711,5168
120212811,8975
120213911,8317
120310612,4692
120312212,3158
120313322,2680
120314512,4477
120316012,6957
120317112,42
120318212,7135
120319312,7977
120320412,1451
120321912,7641
120323012,12203
120324112,10780
120325212,2
120326712,9590
120327812,10625
120328912,2073
120330012,35
120331612,8010
120332712,11234
120333812,655
120334912,8019
120336412,7785
120337512,4702
120338612,1169
120339712,12174
120341212,12169
120342312,6416
120343412,10663
120344512,8177
120346012,8420
120347112,7300
120348212,12187
120349312,8
120350412,7301
120351912,4979
120353012,0
120354112,9346
120355212,6293
120356712,4653
120357812,12179
120358912,12193
120360012,10799
120361512,9760
120362612,6012
120363712,0
120364812,11168
120366312,10922
120367412,40
120368512,7586
120369612,8928
120371212,2163
120372312,6602
120373412,7972
120374512,2276
120376012,4740
120377112,10002
120378212,7962
120379312,6020
120380412,1865
120381912,4658
120383012,6990
120384112,3066
120385212,3752
120386712,1951
120481412,1889
120574610,10291
120576211,10049
120577411,7912
120578511,5530
120579611,3760
120581111,12179
120582211,9241
120583311,8267
120584411,4408
120585911,178
120587011,7788
120588111,2878
120589211,6187
120590311,3036
120591811,7029
120592911,7124
120594011,6648
120595111,3488
120596611,1904
120597711,5445
120598811,1617
120599911,3612
120601511,6131
120602611,5293
120603711,3556
120604811,4058
120606311,6122
120607411,6329
120608511,5776
120609611,10360
120611111,9416
120612211,6914
120613311,8820
120614411,8805
120615911,6383
120617011,2884
120618111,3002
120619211,4666
120620311,6340
120621811,2717
120622911,6255
120624011,5753
120625111,5459
120626611,4845
120627711,7745
120628811,9650
120629911,10322
120631411,8607
120632511,4582
120633611,9788
120634711,7701
120636211,7061
120637311,3914
120638411,3445
120639511,0
120641111,40
120642211,6422
120643311,10031
120644411,7409
120645911,5765
120647011,6538
120648111,8450
120649211,5602
120744810,5504
120746410,2941
120747680,6051
120748810,3657
120749910,4809
120751410,3354
120752510,2776
120753610,5336
120754710,3624
120756210,9531
120757310,12164
120758410,6590
120759510,5821
120761012,5303
120762112,4657
120763212,5056
120764312,3097
120765412,7902
120841010,5736
120842611,6115
120843811,10565
120844911,9114
120846411,9691
120847511,9028
120848611,4062
120849711,2332
120851211,7226
120852311,7645
120853411,6605
120854511,4648
120856011,8409
120857111,9496
120858211,5524
120859311,7780
120860411,1089
120861911,6540
120863011,5892
120864111,7119
120865211,6211
120866711,6137
120867811,9077
120868911,6019
120870011,8805
120871511,8172
120872611,4475
120873711,4555
120874811,5054
120876311,3730
120877411,7470
120878511,5984
120879611,8738
120881211,9105
120882311,6840
120883411,3850
120884511,7308
120886011,3752
120887111,6439
120888211,7747
120889311,8275
120890411,6882
120891911,7325
120893011,5775
120894111,5546
120895211,2223
120991012,5314
121003311,2725
121004811,1287
121006411,6029
121007511,6509
121008611,7395
121009711,8758
121011211,7234
121012311,9132
121013411,5634
121014511,8240
121016011,7751
121017111,6910
121018211,3674
121019311,6475
121020411,4373
121021911,3234
121023011,4803
121024111,2788
121025211,6234
121026711,6982
121027811,7490
121028911,6041
121030011,4945
121130010,8048
121131610,10071
121132810,5279
121133910,5114
121135110,7448
121136712,7874
121137812,3242
121138912,5051
121140012,6316
121141512,6179
121142612,5351
121143712,6235
121144812,1468
121146312,2465
121147412,3434
121148512,4858
121149612,6496
121151112,4512
121152212,6529
121153312,4973
121154412,4806
121155912,8001
121157012,8405
121158112,8105
121159212,2855
121160312,4811
121161812,5207
121162912,2205
121164012,7080
121165112,4705
121166612,5609
121167712,6975
121168812,8014
121169912,6211
121171412,2722
121172512,8736
121173612,7659
121174712,2989
121176312,2661
121177412,4817
121272612,2384
121274212,5666
121275319,3840
121276812,5862
121277912,5422
121279012,8339
121280112,7604
121281712,6015
121282812,8844
121283912,3296
121285012,8522
121286512,5451
121287612,8188
121288712,3455
121289812,7122
121291312,3127
121292412,2129
121293512,4017
121294612,6483
121296112,6014
121297212,4610
121298312,8697
121299412,8444
121300912,5490
121302012,11549
121303112,4054
121304212,8464
121305312,11881
121306812,5437
121307912,11965
121309012,2739
121310112,5344
121311712,6957
121312812,3882
121313912,7104
121315012,10576
121391112,722
121392612,4856
121393712,5150
121394812,6954
121396312,4926
121397412,6018
121398512,1477
121399612,12192
121401112,9274
121402212,9902
121403312,1214
121404412,3211
121405912,3512
121407012,2497
121408112,5879
121409212,5030
121410312,1090
121411812,11989
121412912,6704
121414012,5594
121415112,12210
121416612,6774
121417712,11725
121418812,5051
121419912,7471
121421412,6604
121422512,5489
121423612,12185
121519911,7861
121544012,9952
121545512,4805
121547012,4641
121548268,5061
121549412,2867
121550912,28
121552012,5217
121553112,2218
121554212,3522
121555312,1640
121556812,8478
121557912,8730
121559012,8610
121560112,10339
121561612,5315
121562712,7441
121563812,4598
121564912,5500
121566412,12189
121567512,8134
121568612,7432
121569712,1249
121571212,4229
121572312,0
121573412,7454
121574512,9412
121576112,9319
121577212,6744
121578312,8087
121579412,5156
121580912,4815
121582012,3069
121583112,6373
121584212,28
121585312,8602
121586812,5987
121587912,6759
121589012,2627
121590112,8416
121591612,5856
121592712,7417
121593812,8785
121594912,11008
121671411,4084
121673011,1920
121674211,5186
121675311,6927
121676811,6346
121677911,9489
121679011,7287
121680111,1909
121681611,2418
121682711,7675
121683811,5891
121684911,8937
121686411,7111
121687511,5577
121688611,7115
121689711,7200
121691211,7596
121692311,4600
121693411,4188
121694511,3178
121790010,4873
121791612,8037
121792712,11225
121793812,8490
121794912,7258
121796412,4994
121797512,6723
121798612,6736
121799712,6416
121801212,8505
121802312,1458
121803412,52
121804512,4350
121806012,5263
121807112,4802
121808212,3823
121809312,9504
121810412,10451
121811912,9866
121813012,4746
121814112,4291
121815212,2492
121816712,5749
121817812,6884
121818912,7102
121820012,8412
121821612,9086
121822712,5958
121823812,6741
121824912,3661
121826412,9451
121827512,7318
121828612,8353
121829712,9171
121831212,8575
121832312,5925
121833412,4815
121834512,3295
121836012,2626
121837112,1219
121838212,2297
121839312,1147
121840412,2862
121841912,3694
121843012,2738
121844112,4423
121845212,10417
121846712,11381
121847812,12202
121848912,9421
121850012,7503
121851512,3173
121852612,6301
121853712,7431
121854812,10801
121930811,2854
121944112,7288
121945612,6709
121947112,7113
121948212,6645
121949312,1006
121950412,5621
121951912,7117
121953012,11047
122048710,1820
122050210,6020
122051712,8039
122052912,7746
122054012,9949
122055112,4949
122056612,3923
122057712,4490
122058812,3304
122059912,3615
122061412,9939
122062512,9373
122063612,6179
122064712,7318
122066312,11068
122067412,8573
122068512,4748
122069612,2807
122071112,3432
122072212,4267
122073312,3723
122074412,1105
122075912,3040
122077012,6847
122078112,9701
122079212,5990
122080312,6167
122081812,9076
122082912,9347
122084012,4223
122085112,5066
122086612,4960
122087712,10297
122088812,8214
122089912,6084
122091412,4887
122092512,6717
122093612,6880
122094712,5906
122096212,8651
122097312,5180
122098412,7486
122099512,7210
122101012,5410
122102112,4751
122103212,5110
122104312,1124
122124812,5291
122126312,4788
122127568,0
122128712,2350
122129812,2412
122131312,3944
122132412,7590
122133512,11699
122134612,10017
122136112,12216
122137212,6615
122138312,7257
122139412,4511
122215811,3902
122217311,2958
122218411,2807
122219611,2901
122314610,5982
122316112,7164
122317312,8107
122318412,4781
122319512,2990
122321012,3012
122322112,8061
122323212,3483
122324312,5263
122325412,7324
122326912,5776
122328012,3104
122329112,3690
122330212,5548
122331812,8299
122332912,9790
122334012,7753
122335112,7804
122336612,5139
122337712,3624
122338812,5571
122339912,6857
122341412,10333
122342512,9614
122343612,7106
122344712,6716
122346212,1168
122347312,4087
122348412,7782
122349512,7441
122351012,8820
122352112,10302
122353212,11391
122354312,9282
122355412,7305
122356912,6020
122358012,8918
122359112,5890
122360212,4901
122361712,4488
122362812,2955
122363912,2307
122365012,2548
122366512,2214
122367612,5255
122368712,2479
122369812,5671
122371412,6448
122372512,2717
122373612,3048
122374712,5311
122376212,6986
122377312,9828
122378412,4902
122379512,11646
122381012,2826
122382112,2882
122383212,3490
122384312,1651
122385412,6109
122386912,3704
122388012,4694
122389112,7255
122390212,5792
122486410,8590
122507110,4287
122585412,1539
122587012,7970
122588212,4242
122589468,7701
122591012,7104
122592112,5208
122593212,7297
122594312,6471
122595412,6682
122596912,5243
122598012,2772
122599112,6412
122600212,4912
122601712,6007
122602812,2230
122603912,6410
122605012,8915
122606512,3900
122607612,4518
122608712,5871
122609812,9364
122611312,7379
122612412,4579
122613512,244
122614612,938
122616212,2390
122617312,6111
122618412,5351
122619512,10910
122621012,7416
122622112,8610
122623212,8241
122624312,5749
122625412,6840
122626912,4198
122628012,8142
122629112,8613
122630212,9338
122631712,4339
122632812,5310
122633912,3322
122635012,1203
122636512,5023
122637612,9297
122638712,11738
122639812,8568
122641312,5271
122642412,7913
122643512,6686
122644612,6260
122646112,9183
122647212,5036
122648312,6512
122649412,8055
122650912,590
122652012,3251
122653112,1268
122654212,8726
122655312,3255
122656912,4378
122658012,12171
122659112,5169
122754412,1342
122756012,5389
122757112,4949
122758212,5995
122759312,2791
122760412,4084
122761912,4781
122763012,3236
122764112,10522
122765212,12205
122766712,7382
122767812,3640
122768912,5486
122770012,8471
122771512,5250
122772612,9895
122773712,8611
122774812,7564
122851311,4840
122852911,4134
122854111,5146
122855211,8682
122856711,9444
122857811,8947
122858911,8890
122860011,9079
122861511,6894
122862611,10312
122863711,9639
122864811,8036
122866311,7807
122867411,5040
122868511,5374
122869611,5002
122871111,5535
122872211,3672
122873311,2208
122874411,5572
122876011,5456
122877111,5542
122878211,11472
122879311,10020
122880411,8002
122881911,6480
122883011,4743
122884111,4301
122885211,8692
122886711,3041
122887811,5702
122888911,7561
122890011,8064
122891511,6289
122892611,2866
122893711,2540
122894811,2868
122896311,4373
122897411,6545
122898511,6888
122899611,7707
122901111,3063
122902211,755
122903311,2030
122904411,3216
122905911,3561
123001710,6952
123026012,4526
123027512,42
123028612,5167
123029712,633
123031212,5797
123032312,3211
123033412,6194
123034512,8380
123036012,4086
123037112,6334
123038212,0
123039312,6940
123040412,1105
123041912,4808
123043012,8539
123044112,6627
123045212,18
123046712,723
123047812,5159
123048912,2406
123050012,4202
123051512,5069
123052612,9148
123053712,7972
123054812,12182
123155111,4466
123156711,6265
123157911,4421
123159011,186
123160111,2204
123161611,8383
123162711,7846
123163811,6783
123164911,7678
123166411,9892
123167511,5047
123168611,8308
123169711,7330
123171311,6132
123172411,2647
123173511,5191
123174611,3170
123176111,3857
123177211,6918
123178311,8051
123179411,8375
123180911,6075
123182011,5226
123183111,4218
123184211,8879
123185311,4374
123186811,2180
123187911,3075
123189011,9319
123190111,3881
123191611,3392
123192711,2852
123193811,4014
123194911,5711
123196411,4602
123197511,6406
123198611,7874
123199711,9337
123294312,9006
123295912,7863
123297412,10846
123298712,7864
123299812,5617
123301312,6130
123302412,1093
123303512,3191
123304612,3978
123306112,6689
123307212,3407
123308312,876
123309412,6200
123310912,9843
123312012,9884
123313112,6448
123314212,5029
123315312,5618
123316812,4948
123317912,3454
123319012,3764
123320112,4753
123321612,8062
123322712,8022
123323812,6424
123324912,9931
123326512,5790
123327612,1878
123328712,3073
123329812,5774
123331312,5686
123332412,6864
123333512,7354
123334612,4550
123411410,4027
123412910,5852
123414010,6275
123415110,5104
123416612,3251
123417712,7277
123418812,7251
123419912,8937
123421412,7247
123422512,3278
123423612,3966
123424712,2499
123438012,7421
123439512,10636
123441012,9800
123442212,9450
123443312,5776
123444412,5608
123445912,5484
123447012,2142
123448112,3054
123449212,1904
123450312,2803
123451812,9707
123452912,9842
123454012,12171
123455112,7215
123456712,5792
123457812,9436
123458912,5081
123554512,2698
123556112,7829
123557212,7275
123558412,5898
123559512,4845
123561012,6683
123562112,7061
123563212,10007
123564312,6487
123565412,7201
123566912,3381
123568012,1428
123569112,3770
123570212,3303
123571712,6328
123572812,5116
123573912,4566
123575012,4452
123576512,9154
123577612,6284
123578712,7120
123579812,8313
123581312,8617
123582412,8122
123583512,8931
123584612,9754
123586112,9310
123587212,3523
123588312,3063
123589412,2
123591012,4112
123592112,4988
123593212,2994
123594312,9088
123595412,8565
123596912,9465
123598012,8362
123599112,8617
123600212,8999
123601712,8733
123602812,8522
123603912,6008
123605012,8239
123680810,1670
123682411,7755
123683611,5297
123684711,7905
123686211,7011
123687311,5922
123688411,5116
123689511,7381
123691011,8380
123692111,6280
123693211,8859
123694311,8108
123695411,9641
123696911,6740
123698011,6954
123699111,6097
123700211,3258
123701711,16
123702811,2649
123703911,4411
123705011,10459
123800510,2697
123802112,3053
123803212,3765
123804312,1379
123805412,4687
123806912,4466
123808012,7904
123809112,8656
123810212,8174
123811712,6553
123812812,6633
123813912,8971
123815012,6699
123816512,6782
123817612,7092
123818712,9543
123819812,6311
123821312,7053
123822412,3055
123823512,3707
123824612,685
123826112,6333
123827212,9892
123828312,9709
123829412,9787
123831012,5932
123832112,6930
123833212,6236
123834312,7059
123835412,8923
123836912,9187
123838012,10638
123839112,7476
123840212,10402
123841712,4186
123842812,3790
123843912,782
123845012,3458
123846512,9360
123847612,9763
123848712,7234
123849812,6168
123851312,9282
123852412,7933
123853512,3502
123854612,4808
123856112,1248
123857212,3496
123858312,4020
123859412,2947
123860912,6320
123862012,8121
123863112,3726
123864212,2956
123865312,5333
123941010,8837
123954210,4926
123955710,5222
123957210,4414
123958310,4676
123959410,7654
123961012,7604
123962112,9813
123963212,7542
124058412,5508
124060012,3032
124061512,3626
124062612,6070
124063712,5992
124064812,5704
124066412,2633
124067512,6783
124068612,7491
124069712,11516
124071212,7290
124072312,7038
124073412,9805
124074512,5282
124076012,2933
124077112,5200
124078212,1504
124079312,5517
124080412,8167
124081912,9482
124083012,7872
124084112,11182
124085212,8981
124086712,8069
124087812,9038
124088912,7932
124090012,5107
124091512,2984
124092612,4179
124093712,2648
124094812,2303
124096412,4264
124097512,8122
124098612,6357
124099712,7014
124101212,3667
124102312,4358
124103412,6390
124104512,5100
124106012,10624
124107112,9009
124108212,9698
124109312,7328
124110412,9594
124111912,7151
124113012,5534
124114112,8013
124115212,2073
124116712,2557
124117812,3914
124118912,4448
124120012,4493
124121512,8671
124122612,4630
124123712,5965
124124812,12083
124126312,8438
124127412,5790
124128512,1625
124129612,7858
124229510,8029
124231010,7257
124232210,8858
124233310,11766
124331310,15
124332979,2395
124334110,3966
124335310,2616
124336810,4892
124337910,10642
124339010,9053
124340110,8644
124341610,7162
124342710,2418
124343810,6549
124344910,1337
124346512,1852
124347612,4604
124348712,5144
124349812,4910
124351312,8415
124352412,5451
124353512,3526
124354612,7234
124356112,7482
124357212,11647
124358312,11086
124359412,10467
124360912,12180
124362012,6354
124363112,6170
124364212,35
124365312,3538
124366812,6033
124367912,1681
124369012,10177
124370112,7086
124371612,11154
124372712,12207
124373812,8244
124374912,5122
124376412,7281
124377512,8136
124378612,5664
124379712,6169
124381212,5727
124382312,3196
124383412,4250
124384512,989
124386112,7786
124387212,2780
124388312,3883
124389412,3006
124390912,5438
124392012,5527
124393112,8319
124394212,6223
124395312,6926
124396812,7604
124397912,4731
124399012,6315
124400112,5983
124401612,6309
124402712,10412
124403812,4881
124404912,5139
124406412,6012
124407512,4212
124503212,11135
124520311,9834
124521811,7010
124522911,3941
124524011,3075
124525211,5320
124601810,3368
124603310,443
124604410,844
124605912,7892
124607012,8795
124608112,8557
124609212,8866
124610312,8746
124611812,10526
124612912,6497
124614012,2904
124615112,2210
124616612,3163
124617712,49
124618812,5247
124619912,6936
124621412,5736
124622512,5429
124623612,5572
124624712,3714
124626212,6461
124627312,7276
124628412,8176
124629512,7725
124631012,5563
124632112,2473
124633212,3706
124634312,5368
124635412,1935
124637012,5991
124638112,5254
124639212,4741
124640312,7078
124641812,6749
124642912,8765
124644012,8815
124645112,11660
124646612,12177
124647712,11450
124648812,6031
124649912,5264
124651412,2660
124652512,1673
124653612,2828
124654712,5817
124656212,9608
124657312,9719
124658412,8240
124659512,8896
124661012,4765
124662112,8419
124663212,7610
124664312,6474
124665412,7589
124666912,4776
124668012,6610
124669112,3450
124670212,3362
124766012,6423
124767778,4344
124768912,6384
124770012,9523
124771512,7725
124772612,6104
124773712,8902
124774812,8629
124776312,7336
124777412,2863
124778512,3375
124779612,1199
124781112,7279
124782212,8970
124783312,5012
124784412,4487
124860310,6733
124861910,5008
124863010,7646
124864110,6276
124865210,4085
124866710,4588
124867810,4720
124868910,1428
124870010,5825
124871612,7623
124872712,4412
124873812,8796
124874912,6790
124876412,4671
124877512,2676
124878612,3453
124879712,10842
124881212,6841
124882312,7945
124883412,7718
124884512,5402
124886012,5193
124887112,7536
124888212,3141
124889312,1466
124890412,3956
124891912,5619
124893012,6543
124894112,9036
124895212,10006
124896712,7293
124897812,8205
124898912,11506
124900012,8016
124901512,5866
124902612,3333
124903712,2851
124904812,2144
124906312,4631
124907412,4522
124908512,3131
124909612,3045
124911212,5537
124912312,5796
124913412,7286
124914512,6684
124916012,7890
124917112,7927
125012712,3009
125029811,5765
125031411,2402
125032611,4149
125033711,1229
125034811,2552
125036311,4451
125037411,7897
125038511,7717
125039611,10278
125041111,8641
125042211,9984
125043311,10310
125044411,10767
125045911,7765
125047011,4352
125048111,5102
125049211,1136
125050311,4909
125051811,3624
125052911,3471
125054011,6044
125055111,5764
125056711,6831
125057811,5031
125058911,4169
125060011,3459
125136112,8350
125137612,8395
125138712,5449
125139812,8234
125141312,8348
125142412,9560
125143512,3399
125144612,5853
125146112,6410
125147212,8961
125148312,3704
125149412,4078
125150912,1612
125152012,2437
125153112,31
125154212,3823
125155312,7210
125156812,9127
125157912,8594
125159012,6965
125160112,9874
125161612,4096
125162712,2526
125163812,3769
125164912,10894
125166412,6265
125167512,7392
125168612,9464
125169712,11100
125171312,9829
125172412,5346
125173512,7060
125174612,4011
125176112,0
125177212,22
125178312,2537
125179412,7160
125298911,4515
125300511,5836
125302011,3290
125303211,10585
125304311,1961
125305411,8027
125306911,11369
125308011,4347
125309111,5682
125310211,9154
125311711,10000
125312811,9930
125313911,6502
125315011,12180
125316611,10735
125317711,9073
125318811,1060
125319911,3487
125321411,4814
125322511,4845
125323611,4302
125324711,2086
125326211,7586
125327311,6960
125328411,6704
125329511,9919
125331011,7582
125332111,7110
125333211,9433
125334311,10078
125335411,647
125336911,2077
125338011,5684
125339111,3673
125340211,3701
125415912,5242
125417412,6290
125418512,5537
125419612,9590
125421112,10286
125422212,8076
125423312,11283
125424412,6492
125434411,3046
125435911,1947
125437011,3454
125438211,6920
125439311,3939
125440411,6608
125442011,937
125443111,3396
125444211,5015
125445311,2199
125446811,6952
125447911,7847
125449011,3573
125450111,10443
125451611,6652
125452711,9114
125453811,6887
125454911,10710
125456411,12212
125457511,5574
125458611,6952
125553610,5354
125555210,8432
125556712,4736
125557812,7647
125558912,3678
125560012,8182
125561512,4278
125562612,7532
125563712,8510
125564812,7890
125566312,12176
125567412,5690
125568512,3538
125569612,5973
125571212,8402
125572312,2724
125573412,6449
125574512,4952
125576012,6393
125577112,10005
125578212,4491
125579312,4423
125580412,9172
125581912,6053
125583012,7757
125584112,8819
125585212,3577
125586712,31
125587812,15
125588912,1138
125590012,3414
125591512,5340
125592612,7393
125593712,9414
125594812,11153
125596312,10451
125597412,4098
125598512,5575
125599612,7708
125601112,8422
125602212,12192
125603312,8491
125604412,9002
125680312,44
125681812,3633
125682912,6880
125684012,6925
125685212,5394
125686712,8041
125687812,9085
125688912,5488
125690012,8642
125691512,7788
125692612,4368
125693712,10458
125694812,10106
125696312,5781
125697412,6251
125698512,336
125699612,6121
125701212,2484
125702312,3514
125703412,5781
125704512,9308
125800112,11642
125801712,6909
125802912,2211
125804012,4446
125805112,1801
125806612,836
125807712,5804
125808812,3961
125809912,10292
125811412,11515
125812512,10253
125813612,11747
125814712,8872
125816212,4393
125817312,6585
125818412,8939
125819512,3296
125821012,1976
125822112,31
125823212,3219
125824312,6635
125825412,5018
125826912,4466
125828012,5538
125829112,6817
125830212,8091
125831712,4198
125832812,7189
125833912,10719
125835012,8358
125836612,3121
125837712,6739
125838812,6341
125839912,5929
125841412,9079
125842512,8555
125843612,6311
125844712,8224
125846212,8187
125847312,5551
125848412,433
125849512,3294
125851012,9282
125852112,8170
125853212,10734
125854312,10913
125855412,7156
125856912,4084
125858012,57
125859112,5242
125860212,5731
125861712,2534
125862812,10010
125863912,5897
125865012,8939
125940610,10478
125954012,8897
125955612,12164
125957112,8906
125958212,5520
125959312,12204
125960412,6577
125961912,8042
125963012,4785
126059112,2275
126060712,6383
126062212,6254
126063312,9666
126064412,6549
126065912,7531
126067012,5442
126068112,8480
126069212,6722
126070312,11126
126071812,5101
126072912,576
126074012,4290
126075112,2224
126076712,1657
126077812,5752
126078912,10467
126080012,6989
126081512,6382
126082612,1189
126083712,9072
126084812,12188
126086312,9677
126087412,9284
126088512,10290
126089612,5814
126091112,4813
126092212,2310
126093312,3879
126094412,6274
126095912,7716
126097012,6177
126098112,12212
126099212,6391
126100312,12197
126101812,9108
126102912,6707
126104012,6048
126105112,8414
126106612,4320
126107712,8031
126108812,179
126109912,3057
126111412,2994
126112512,288
126113612,4971
126114712,4941
126116312,8045
126117412,3847
126118512,7822
126119612,9179
126121112,12201
126122212,11661
126123312,4792
126124412,7486
126125912,12215
126127012,9540
126128112,12193
126129212,6972
126130312,5898
126205810,3974
126207412,9232
126208612,12175
126209812,9810
126330010,3749
126331610,4828
126332710,2864
126333810,3097
126335070,2555
126336610,11327
126337710,9459
126338810,10400
126339910,9384
126341410,7632
126342510,8630
126343610,6096
126344710,5337
126346212,3639
126347312,3335
126348412,7589
126349512,6816
126351012,4920
126352112,7325
126353212,8225
126354312,12197
126355412,7337
126356912,6696
126358012,2972
126359112,10190
126360212,38
126361812,3374
126362912,6451
126364012,4468
126365112,2161
126366612,4280
126367712,898
126368812,4919
126369912,10472
126371412,10520
126372512,2285
126373612,12213
126374712,2629
126376212,6473
126377312,10698
126378412,4827
126379512,40
126381012,12200
126382112,32
126383212,1450
126384312,10301
126385412,8751
126386912,5022
126388012,1219
126389112,4126
126390212,12206
126391712,8735
126392812,7298
126393912,4009
126395012,43
126396512,16
126397612,5896
126398712,9202
126399812,3247
126401412,35
126402512,12210
126403612,26
126404712,6768
126406212,10486
126501610,6727
126514112,3955
126593312,12204
126594912,25
126596412,8
126597612,2911
126598712,0
126599812,11245
126601312,577
126602412,10436
126603512,2879
126604612,7700
126606212,32
126607312,12171
126608412,680
126609512,12180
126611012,9453
126612112,12173
126613212,7362
126614312,10990
126615412,2797
126616912,12200
126618012,31
126619112,7203
126620212,4789
126621712,12166
126622812,2234
126623912,12218
126625012,5215
126626512,11817
126627612,4092
126628712,9909
126629812,7764
126631312,6977
126632412,1698
126633512,7858
126634612,1470
126636212,4768
126637312,6203
126638412,3117
126639512,5297
126641012,5954
126642112,6972
126643212,8677
126644312,8694
126645412,7976
126646912,4855
126648012,4958
126649112,30
126650212,2896
126651712,4848
126652812,7272
126653912,2340
126655012,8824
126656512,6187
126657612,9035
126658712,2709
126659812,5167
126661312,10219
126662412,10130
126663512,8511
126664612,7712
126666112,8746
126667212,2681
126762112,4987
126763712,1494
126764819,42
126766312,10239
126767412,5534
126768512,12199
126769612,7432
126771112,10123
126772212,4726
126773312,12218
126774412,7722
126850912,109
126852512,7908
126853712,2374
126854812,3092
126856312,12186
126857412,1087
126858512,3493
126859612,11746
126861112,7857
126862212,7190
126863312,12177
126864412,1
126865912,37
126867012,12203
126868112,9
126869212,12193
126870312,1234
126871912,32
126873012,12168
126874112,12162
126875212,41
126876712,12204
126877812,12214
126878912,20
126880012,12187
126881512,7897
126882612,26
126883712,12157
126884812,40
126886312,46
126887412,12176
126888512,32
126889612,12204
126891112,12204
126892212,24
126893312,12207
126894412,8535
126895912,35
126897012,12215
126898112,2515
126899212,12238
126900312,11556
126901812,7791
126902912,8862
126904012,5578
126905112,12171
126906612,3127
126907712,1090
126908812,7856
126909912,2516
126911512,11900
126912612,12196
126913712,1708
127008712,2979
127020911,11732
127022411,7021
127023511,5501
127024611,2927
127026211,2141
127027311,1862
127028411,4345
127029511,3946
127031011,724
127032111,8834
127033211,1757
127034311,11435
127035411,2081
127036911,7810
127038011,4492
127039111,583
127040211,2101
127041711,4700
127042811,12192
127043911,30
127045011,12216
127121112,4031
127122612,12184
127123712,28
127124812,12186
127126312,9537
127127412,2995
127128512,6279
127129612,6677
127131112,7521
127132212,2
127133312,9924
127134412,3902
127135912,12220
127137012,5816
127138112,11181
127139212,13
127140312,10567
127141912,4597
127143012,6294
127144112,9074
127145212,5818
127146712,6295
127147812,6909
127148912,8605
127150012,7622
127151512,7378
127152612,54
127153712,5336
127154812,24
127156312,7968
127157412,3770
127158512,10179
127159612,10055
127161112,8182
127162212,11303
127163312,1
127164412,9410
127165912,63
127167012,10876
127168112,33
127169212,10664
127170312,6417
127265511,8103
127267111,2700
127268211,4828
127269311,8691
127270411,6102
127271911,1871
127273011,4913
127274111,2440
127275211,9645
127276711,10732
127277811,7012
127278911,7409
127280011,4519
127281511,8653
127282611,7577
127283711,1324
127284811,3253
127286311,9473
127287411,5998
127288511,6080
127289611,6620
127291111,6020
127292211,6380
127293311,10998
127294411,7703
127296011,6555
127297111,8802
127298211,4872
127299311,2925
127300411,1346
127301911,7913
127303011,9293
127304111,9802
127305211,2295
127405010,5193
127406610,2011
127407810,0
127408910,1484
127410110,3673
127411712,8242
127412812,2454
127413912,5417
127415012,6491
127416512,12193
127417612,5003
127418712,9462
127419812,11331
127421312,5778
127422412,8696
127423512,7107
127424612,3611
127434611,3670
127436111,7049
127437311,7499
127438411,9372
127439511,8541
127441011,6037
127442111,7987
127443211,10492
127444311,10217
127445411,3809
127447011,5983
127448111,8620
127449211,8124
127544810,10222
127546410,12161
127547510,5932
127548710,5352
127549810,3851
127551312,28
127552412,48
127553512,22
127554612,2992
127556112,1972
127557212,5581
127558312,8390
127559412,8833
127560912,5568
127562012,5286
127563112,4396
127564212,4302
127565312,8902
127566812,5229
127567912,5488
127569012,6526
127570112,4982
127571612,3215
127572712,7454
127573812,6103
127574912,9786
127576412,4233
127577512,6464
127578612,8383
127579712,12188
127581312,9087
127582412,9529
127583512,6418
127584612,8410
127586112,4344
127587212,5526
127588312,5446
127589412,6949
127590912,6329
127592012,6055
127593112,5886
127594212,5653
127595312,11653
127596812,7858
127597912,5422
127599012,2410
127600112,7869
127676511,2688
127678111,2224
127679311,9066
127680411,8594
127681911,5434
127683011,6421
127684111,7456
127685211,12079
127686711,5340
127687811,7900
127688911,7394
127690011,7231
127691511,7630
127692611,6283
127693711,511
127694811,3237
127696311,8662
127791912,12222
127793512,9630
127794812,2085
127796312,4669
127797412,4959
127798512,3468
127799612,5997
127801112,4382
127802212,2621
127803312,7864
127804412,767
127805912,2888
127807012,5398
127808112,7474
127809212,5068
127810312,7083
127811812,8757
127812912,5166
127814012,6813
127815112,5985
127816612,3538
127817712,6459
127818812,8465
127819912,11218
127821512,4171
127822612,6282
127823712,10046
127824812,9166
127826312,3100
127827412,6066
127828512,7546
127829612,10092
127831112,3442
127832212,5516
127833312,5070
127834412,9611
127835912,9353
127837012,4158
127838112,4874
127839212,4953
127840312,3991
127841812,4862
127842912,1057
127844012,5044
127845112,7389
127846612,4347
127847712,5521
127848812,5585
127849912,7647
127851412,9314
127852512,6606
127853612,10070
127854712,8181
127856212,9295
127857312,4182
127858412,4937
127859512,3799
127935410,4324
127948612,5025
127950212,1732
127951712,5577
127952812,3
127953912,6947
127955012,9761
128049719,4081
128051469,9122
128052610,7995
128053710,7506
128054810,8252
128056310,5821
128057410,3810
128058510,23
128059610,24
128061110,3167
128062210,5316
128063310,5683
128064410,11647
128065911,12170
128067011,12193
128068111,9883
128069211,8505
128070311,8664
128071811,8312
128072911,3560
128074011,4356
128075111,6223
128076611,3019
128077711,2560
128078811,5318
128079911,8492
128081511,6632
128082611,4262
128083711,4785
128084811,4934
128086311,6281
128087411,5204
128088511,6885
128089611,4329
128091111,1836
128092211,5492
128093311,17
128094411,65
128095911,3715
128097011,6825
128098111,12164
128099211,11594
128100311,10105
128101811,8762
128102911,3024
128104011,5830
128105111,5350
128106611,5354
128107711,4868
128108811,4559
128109911,2606
128111411,9043
128112511,11142
128113611,4277
128114711,7641
128116211,8377
128117311,10558
128118411,12213
128119511,9134
128121111,10260
128122211,7782
128123311,11997
128124411,8912
128199710,5229
128298112,4871
128299712,5815
128301212,9004
128302468,10516
128303612,9483
128304712,10120
128306212,10385
128307312,6408
128308412,7420
128309512,5313
128311012,3999
128312112,10182
128313212,4745
128314312,6581
128315412,10679
128316912,9146
128318012,6537
128319112,8723
128320212,14
128321712,1091
128322812,4248
128323912,2951
128325012,717
128326512,763
128327612,5515
128328712,5334
128329812,5360
128331412,6211
128332512,7543
128333612,2805
128334712,2067
128336212,2908
128337312,12155
128338412,7434
128339512,10833
128341012,8329
128342112,10834
128343212,8242
128344312,3409
128345412,1961
128346912,2404
128348012,2494
128349112,6958
128350212,6754
128351712,8048
128352812,5842
128353912,12200
128355012,8214
128356512,7198
128357612,9995
128358712,4735
128359812,10355
128361312,4845
128362412,251
128363512,2367
128364612,3638
128366112,2472
128367212,11457
128368312,7774
128369412,7434
128371012,10048
128372112,7923
128373212,5359
128374312,6783
128494412,7386
128510121,6554
128511612,5570
128512712,11313
128513912,5991
128515012,9600
128590510,7004
128592010,10729
128593110,6588
128594210,8980
128595310,8429
128596812,3216
128597912,2790
128599012,6315
128600112,5271
128601612,2312
128602712,1355
128603812,7244
128604912,7039
128606412,8492
128607512,5897
128608612,4548
128609712,6257
128611212,3447
128612312,4148
128613412,4024
128614512,6098
128616012,1271
128617112,3406
128618212,11642
128619312,6727
128620412,4161
128621912,7052
128623012,7086
128624112,5847
128625212,1888
128626812,5758
128627912,11199
128629012,10055
128630112,8049
128631612,9487
128632712,6242
128633812,2121
128634912,4720
128636412,5465
128637512,5390
128638612,7617
128639712,8259
128641212,3060
128642312,6072
128643412,10649
128644512,10173
128646012,12141
128647112,9099
128648212,6406
128649312,325
128650412,4710
128651912,3119
128653012,1772
128654112,9016
128655212,6290
128656712,4186
128657812,9259
128658912,4879
128753610,7869
128755369,6459
128756910,6492
128758010,8137
128759110,1842
128760210,6698
128761710,6703
128762810,8723
128763910,7581
128765010,7256
128766512,8541
128767612,2942
128768712,4640
128769812,4313
128771312,4303
128772412,3774
128773512,6871
128774612,6247
128850811,27
128852411,3183
128853611,8542
128854711,9773
128856211,6678
128857311,7345
128858411,8454
128859511,7937
128861111,8789
128862211,8342
128863311,8432
128864411,6674
128865911,6832
128867011,3495
128868111,1705
128869211,6241
128870311,4466
128871811,3679
128872911,3340
128874011,9969
128875111,8648
128876611,3993
128877711,3404
128878811,12187
128879911,9987
128881411,5984
128882511,5098
128883611,4426
128884711,6589
128886211,8134
128887311,8327
128888411,5164
128889511,8642
128891111,5724
128892211,3971
128893311,4042
128894411,6523
128895911,6245
128897011,6189
128898111,2838
128899211,6944
128900311,6053
128901811,0
128902911,3606
128904011,4139
128905111,10369
129000612,5540
129012811,1596
129014311,1296
129015411,6873
129016911,4343
129018011,4535
129019111,5086
129020211,6742
129021711,10177
129022811,4309
129023911,9909
129025011,8108
129026511,7394
129027611,10099
129028711,10290
129029811,7793
129031311,4407
129032411,3282
129033511,3326
129034611,7024
129036111,6740
129037211,11308
129038311,9009
129039411,12221
129115712,9400
129117312,1739
129118512,1076
129119612,2108
129121112,6757
129122212,5934
129123312,5051
129124412,9006
129125912,12184
129127012,7492
129128112,8764
129129212,2841
129130312,5829
129131812,5596
129132912,7959
129134012,7481
129135112,7859
129136712,8810
129137812,2642
129138912,3
129140012,2593
129141512,5766
129142612,5587
129143712,5203
129144812,6325
129146312,5494
129147412,6593
129148512,6529
129149612,4353
129151112,1692
129152212,2718
129153312,8513
129154412,3720
129155912,7776
129157012,9517
129158112,9650
129159212,8594
129160312,6254
129161812,5709
129162912,4400
129258312,4401
129259912,2721
129261412,5626
129262512,7556
129263612,9435
129264712,5908
129266312,5765
129267412,7112
129268512,6013
129269612,9568
129271112,8815
129272212,7084
129273312,6320
129274412,6120
129275912,11493
129277012,8361
129278112,7472
129279212,7393
129280312,4594
129281812,4634
129282912,2315
129284012,2974
129285112,3723
129286612,5902
129287712,7416
129288812,6581
129289912,10205
129291412,10816
129292512,5623
129293612,3650
129294712,9359
129296312,5561
129297412,7408
129298512,4664
129299612,6613
129375712,6685
129377212,5245
129378312,3846
129379412,7662
129380912,6191
129382012,4901
129383112,2992
129384212,2399
129385312,7753
129386812,3728
129387912,6681
129389012,4245
129390112,7234
129391612,4045
129392712,934
129393812,5989
129394912,6771
129396412,8489
129397512,6184
129398612,5535
129399712,9525
129401212,3370
129402312,7433
129403412,7301
129404512,5726
129406012,2015
129407112,5918
129408212,8986
129409312,5172
129529110,6862
129546211,9268
129547711,7670
129548811,3763
129550011,6258
129551611,4014
129552711,5390
129553811,4396
129554911,4934
129556411,5866
129557511,5891
129558611,9592
129559711,9465
129561211,10535
129562311,6200
129563411,5669
129564511,5276
129566011,7872
129567111,8869
129568211,7763
129569311,7900
129570411,5463
129571911,1411
129573011,0
129574111,18
129575211,948
129576711,5929
129577811,7434
129578911,5916
129580011,11313
129581611,11371
129582711,3962
129583811,3946
129584911,4792
129586411,6057
129587511,9755
129588611,7592
129589711,7145
129591211,7584
129592311,2688
129593411,1713
129594511,1516
129596011,7005
129597111,7550
129598211,7324
129599311,7193
129600411,9254
129676312,7911
129677912,6592
129679112,7349
129680212,6556
129681712,4161
129682812,2588
129683912,3140
129685012,1792
129686512,8973
129687612,7728
129688712,12010
129689812,7724
129691312,3323
129692412,986
129693512,0
129694612,7307
129696212,2757
129791112,33
129792712,2712
129793812,3372
129794912,5352
129796512,8854
129797612,11922
129798712,10996
129799812,10608
129801312,7343
129802412,6200
129803512,4254
129804612,1739
129806112,5399
129807212,2882
129808312,3199
129809412,8675
129810912,6520
129812012,1719
129813112,2404
129814212,4464
129815312,4493
129816812,5276
129817912,6644
129819012,8050
129820112,11151
129821612,8003
129822712,5533
129823812,6636
129824912,2840
129826412,173
129827512,3697
129828612,9628
129829712,7069
129831212,9137
129832312,11317
129833412,11635
129834512,7401
129836112,2316
129837212,1893
129838312,4790
129839412,5818
129840912,8206
129842012,7427
129843112,8881
129844212,9968
129845312,3750
129846812,6595
129847912,6026
129849012,8893
129850112,12177
129851612,8849
129852712,9898
129853812,12216
129854912,10294
129856412,6864
129857512,9237
129858612,4471
129859712,4912
129935511,8136
129948812,5888
129950312,2951
129951912,3867
129953012,5412
129954112,5533
130050110,6974
130051710,8384
130052979,2339
130054110,1937
130055210,1000
130056710,2769
130057810,6134
130058910,6853
130060010,8233
130061510,8651
130062610,10048
130063710,9621
130064810,3812
130066312,5112
130067412,5171
130068512,3845
130069612,6125
130071112,6019
130072212,7212
130073312,6587
130074412,2403
130075912,7984
130077012,2025
130078112,5240
130079212,8456
130080312,3253
130081912,3973
130083012,6193
130084112,8624
130085212,12104
130086712,6519
130087812,7763
130088912,7979
130090012,6100
130091512,12219
130092612,30
130093712,5913
130094812,2914
130096312,2116
130097412,6830
130098512,7874
130099612,5863
130101112,9869
130102212,9584
130103312,6019
130104412,7373
130105912,7539
130107012,12191
130108112,8468
130109212,7138
130110312,8635
130111812,4211
130112912,961
130114012,6817
130115112,4198
130116612,8950
130117712,6700
130118812,3853
130119912,2042
130121512,10237
130122612,6104
130123712,2797
130124812,35
130126312,25
130221712,28
130301412,11219
130303012,9088
130304113,45
130305212,7339
130306712,2437
130307812,6998
130308912,13
130310012,8781
130311512,8917
130312612,12218
130313712,2786
130314812,8652
130316312,6298
130317412,12210
130318512,10312
130319612,5723
130321112,3961
130322212,6747
130323312,12170
130324412,12144
130325912,0
130327012,12210
130328112,5710
130329212,12178
130330312,11747
130331912,12164
130333012,9683
130334112,9548
130335212,4679
130336712,5178
130337812,12225
130338912,12176
130340012,0
130341512,14
130342612,35
130343712,2234
130344812,47
130346312,1144
130347412,10173
130348512,7581
130349612,12178
130351112,5510
130352212,2387
130353312,4447
130354412,0
130355912,12166
130357012,12218
130358112,675
130359212,12177
130360312,10081
130361812,11365
130362912,1018
130364012,12212
130365112,8983
130366612,8876
130367712,62
130368812,7340
130369912,12212
130371512,12214
130372612,1126
130373712,2
130374812,10301
130376312,12222
130471411,3343
130488412,10602
130489912,28
130491412,5812
130492612,33
130493712,12171
130494812,8586
130594412,5599
130596068,12177
130597221,0
130598412,6590
130599612,8085
130601112,12197
130602212,4721
130603312,4017
130604412,10417
130606012,11
130607112,19
130608212,11019
130609312,10506
130610412,0
130611912,10
130613012,1119
130614112,4856
130615212,6293
130616712,8032
130617812,6422
130618912,6594
130620012,8403
130621512,12216
130622612,7606
130623712,9828
130624812,8536
130626312,4672
130627412,8763
130628512,12195
130629612,6567
130631112,39
130632212,19
130633312,40
130634412,1469
130636012,4
130637112,1657
130638212,12200
130639312,12169
130640412,8269
130641912,6185
130643012,2673
130644112,12183
130645212,10111
130646712,6191
130647812,7021
130648912,7786
130650012,4433
130651512,2286
130652612,11846
130653712,12180
130654812,11452
130656312,12189
130657412,12199
130658512,3615
130659612,8607
130661112,1959
130662212,1888
130756912,3800
130758512,3840
130759621,3919
130761212,6565
130762312,10282
130763412,11719
130764512,6301
130766012,8865
130767112,7450
130768212,3979
130769312,7442
130770412,8927
130771912,6385
130773012,4160
130774112,4310
130775212,6638
130776712,7913
130777812,1425
130778912,46
130780012,50
130855410,7567
130856910,8829
130858010,7235
130859272,6736
130860410,7835
130861910,12217
130863010,11728
130864110,8570
130865210,9716
130866710,10370
130867810,8041
130868910,4984
130870010,6307
130871512,8665
130872612,4312
130873712,4479
130874812,24
130876312,6722
130877412,6410
130878512,4690
130879612,10783
130881112,10389
130882212,8559
130883312,3269
130884412,6231
130886012,3552
130887112,5998
130888212,1783
130889312,9893
130890412,5442
130891912,7438
130893012,7345
130894112,9680
130895212,6286
130896712,3410
130897812,3551
130898912,5663
130900012,7996
130901512,8594
130902612,4951
130903712,4487
130904812,1844
130906312,7417
130907412,5924
131002810,9480
131016419,2
131017910,5
131019010,32
131020210,0
131021812,12198
131022912,8293
131024012,5002
131025112,12215
131026612,7116
131027712,6843
131028812,9751
131029912,26
131031412,4793
131032512,7810
131033612,5670
131034712,11700
131036212,12174
131037312,12213
131038412,4761
131039512,9190
131041012,25
131042112,8495
131043212,1249
131044312,25
131045412,5241
131046912,1
131048012,0
131049112,2853
131050212,5382
131126512,7055
131128012,6356
131129112,12198
131130212,5547
131131712,8939
131132812,12185
131133912,8399
131135012,11534
131136512,5080
131137612,34
131138712,7920
131139812,12165
131141312,6774
131142412,762
131143512,7562
131144612,5677
131146112,8360
131147212,9465
131148312,4990
131149412,7051
131150912,12195
131152012,8759
131153112,12198
131154212,7768
131155312,35
131156812,35
131157912,10111
131159012,6447
131160112,5159
131161712,4746
131162812,4055
131163912,4
131165012,2926
131166512,12209
131260012,2586
131261612,6757
131262712,0
131263812,7955
131264912,6600
131266412,7372
131267512,7422
131268612,12031
131269712,5997
131271212,2346
131272312,7039
131273412,4771
131274512,7601
131276012,11016
131277112,7311
131278212,10609
131279312,10465
131280412,12222
131281912,10779
131283012,18
131284112,19
131285212,3306
131286712,1910
131287812,3674
131288912,9001
131290012,0
131291612,10672
131292712,11231
131293812,7221
131294912,7833
131296412,5779
131297512,7130
131298612,10731
131299712,5400
131301212,6397
131302312,6766
131303412,6943
131304512,1
131306012,12157
131307112,8005
131308212,5596
131309312,11222
131310412,7341
131386412,0
131387912,10857
131389012,10481
131390112,12
131391612,4325
131392712,9655
131393812,9524
131394912,7340
131396412,8840
131397512,1234
131398612,2955
131399712,11916
131401212,3433
131402312,8779
131403412,12180
131404512,5941
131406012,4681
131407112,11317
131408212,14
131409312,2733
131410412,8762
131505812,6049
131526510,1769
131528010,9070
131529110,8510
131530210,5201
131531712,8318
131532812,8536
131533912,11856
131535012,12206
131536512,6590
131537612,8335
131538712,4241
131539812,3111
131541312,704
131542412,6547
131543512,2409
131544612,3470
131546112,6169
131547212,9314
131548312,6361
131549412,6997
131550912,4136
131552012,8780
131553112,6556
131554212,36
131555312,5146
131556812,5118
131557912,9014
131559012,9067
131560112,7136
131561712,4467
131562812,8998
131563912,0
131565012,3333
131566512,10822
131567612,3220
131568712,12197
131569812,2799
131590612,12205
131592212,2366
131593312,5728
131594512,2171
131596012,22
131597112,4639
131598212,2700
131599312,5087
131600412,6007
131675910,11802
131677410,2446
131678610,7146
131679710,10067
131681210,12214
131682310,8944
131683410,2681
131684510,1963
131686111,48
131687211,8433
131688311,4437
131689411,12194
131690911,10796
131692011,1664
131693111,5369
131694211,4434
131695311,6383
131791210,8385
131792812,2992
131794012,8687
131795112,9103
131796612,10981
131797712,12236
131798812,5512
131799912,4013
131801512,3774
131802612,8926
131803712,10224
131804812,12216
131806312,5220
131807412,344
131808512,2903
131809612,3361
131811112,21
131812212,5223
131813312,7706
131814412,7940
131815912,5510
131817012,25
131818112,9372
131819212,7473
131820312,7218
131821812,12199
131822912,33
131824012,30
131825112,5980
131826612,9981
131827712,12198
131828812,12214
131829912,4076
131831512,9028
131832612,4455
131833712,11242
131834812,12193
131836312,12195
131837412,12192
131838512,5294
131839612,12200
131841112,31
131842212,6353
131843312,2848
131844412,1082
131845912,45
131847012,37
131848112,9062
131849212,7882
131850312,33
131851812,2841
131852912,43
131854012,9961
131855112,5863
131856612,7372
131857712,12208
131858812,4010
131859912,8522
131936212,5
131954112,0
131955612,7920
131957112,4911
131958212,12186
131959312,1892
132053510,9160
132055012,8035
132056512,5806
132057712,77
132058812,762
132059912,4910
132061412,4205
132062512,6989
132063612,4382
132064712,12216
132066312,8506
132067412,7129
132068512,6866
132069612,7372
132071112,12154
132072212,12172
132073312,8900
132074412,8854
132075912,6005
132077012,5017
132078112,1878
132079212,7132
132080312,4984
132081812,4576
132082912,421
132084012,2425
132085112,9343
132086612,10498
132087712,12198
132088812,12206
132089912,6717
132091412,9480
132092512,7325
132093612,12160
132094712,4446
132096212,4553
132097312,43
132098412,6118
132099512,12167
132101012,7869
132102112,6007
132103212,6036
132104312,9430
132105412,9689
132107012,11123
132108112,8020
132109212,10385
132110312,7899
132111812,8472
132112912,8253
132114012,7780
132115112,297
132116612,5283
132117712,8888
132118812,3227
132119912,12157
132121412,8465
132122512,5389
132123612,7027
132124712,5463
132126212,12216
132127312,12175
132128412,6170
132129512,8090
132305412,3138
132307012,7329
132308312,4542
132309412,5354
132310912,12175
132312012,7778
132313112,0
132314212,4720
132315312,6129
132316812,12192
132317912,25
132319012,23
132320112,2586
132321612,49
132322712,12216
132323812,8994
132324912,9965
132326412,7470
132327512,32
132328612,12165
132329712,6332
132331212,7347
132332312,3072
132333412,2480
132334512,12220
132336112,3928
132337212,9322
132338312,7060
132339412,856
132340912,7054
132342012,3710
132343112,12138
132344212,3408
132345312,3217
132346812,5733
132347912,2782
132349012,6444
132350112,42
132351612,0
132352712,10285
132353812,11156
132354912,9036
132356412,10272
132357512,4047
132358612,10991
132359712,12183
132361212,10689
132362312,7480
132363412,647
132364512,21
132366012,1344
132367112,18
132368212,1388
132369312,3826
132370412,4697
132371912,6970
132373012,8844
132374112,4076
132375212,8169
132376812,5150
132377912,10910
132379012,12171
132380112,9157
132381612,7096
132476312,3300
132493411,11001
132494911,8220
132496511,3096
132497611,7158
132498711,2961
132499811,1808
132601510,5540
132603110,5828
132604210,1473
132605310,4513
132606812,3793
132607912,3507
132609012,7495
132610112,5315
132611612,3014
132612712,7625
132613812,12216
132614912,12167
132616412,7539
132617512,36
132618612,4256
132619712,5619
132621312,7442
132622412,9193
132623512,342
132624612,10782
132626112,2028
132627212,0
132628312,9593
132629412,2654
132630912,10361
132632012,1952
132633112,8515
132634212,12174
132635312,3685
132636812,9380
132637912,0
132639012,8868
132640112,6125
132641612,2913
132642712,5615
132643812,5679
132644912,11438
132646412,10287
132647512,6105
132648612,9020
132649712,8786
132651212,10857
132652312,5986
132653412,2251
132654512,39
132656012,4578
132657112,6926
132658212,1527
132659312,7900
132660412,5226
132662012,11414
132663112,11754
132664212,10048
132665312,11870
132666812,8339
132667912,12189
132669012,8989
132764510,2116
132766010,8865
132767110,3208
132768210,3214
132769310,4668
132770410,7798
132771912,7057
132773012,9408
132774112,7600
132775212,4134
132776712,9880
132777812,7166
132778912,8252
132780012,2626
132781512,0
132782612,3278
132783712,5148
132784812,3880
132786412,5737
132787512,0
132788612,9941
132789712,9657
132865410,12213
132866910,12212
132868110,11792
132869210,2506
132870310,2760
132871810,3534
132872910,25
132874010,6679
132875110,8473
132876711,12200
132877811,12183
132878911,344
132880011,8071
132881511,5843
132882611,9321
132883711,5720
132884811,12219
132886311,7645
132887411,4850
132888511,899
132889611,4369
132891111,7000
132892211,4320
132893311,2376
132894411,8368
132895911,10490
132897011,1722
132898111,3224
132899211,7730
132900311,12188
132901811,12202
132902911,9266
132904011,5217
132905111,10377
132906611,1295
132907711,4630
132908811,3953
132909911,2838
132911411,6841
132912511,8649
132913611,39
132914711,7477
133010410,11292
133031110,6057
133032610,4673
133033710,5284
133034810,6653
133036312,6093
133037412,9419
133038512,4171
133039612,3371
133041112,7980
133042212,5292
133043312,10962
133044412,11446
133045912,2770
133047012,6190
133048112,12171
133049212,7028
133050312,9086
133051812,12192
133052912,0
133054012,6512
133055112,4218
133056612,20
133057712,9513
133058812,7824
133059912,4732
133061412,4980
133062512,753
133063612,4908
133064712,6281
133140110,7456
133141710,6068
133142910,9094
133144010,8585
133145110,8294
133146612,10432
133147712,3778
133148812,9850
133149912,2423
133151412,9885
133152512,9701
133153612,1295
133154712,8978
133156212,11220
133157312,12176
133158412,2905
133159512,27
133161112,1932
133162212,3832
133163312,9075
133164412,9501
133165912,12163
133167012,8318
133168112,7489
133169212,12198
133170312,6164
133171812,4119
133172912,4172
133174012,4344
133175112,4482
133176612,733
133177712,20
133178812,4602
133179912,8334
133275512,5237
133277112,6246
133278212,5369
133279312,9753
133280412,6724
133281912,7236
133283012,5750
133284112,5068
133285212,2795
133286712,3426
133287812,7827
133288912,6086
133290012,6486
133291512,2004
133292612,8653
133293712,7165
133294812,7769
133296312,7105
133297412,7814
133298512,6974
133299612,7206
133301112,5891
133302212,3672
133303312,7376
133304412,3973
133305912,7196
133307012,4833
133308112,3041
133309212,9597
133310312,9087
133311912,9276
133313012,8421
133314112,10378
133315212,10000
133316712,4331
133317812,3031
133318912,6328
133320012,2346
133321512,2964
133322612,3445
133323712,4661
133324812,2862
133400010,4531
133401610,6834
133402810,6701
133403910,6585
133405010,9102
133406512,11062
133407612,2454
133408712,7123
133409812,7148
133411312,6555
133412412,3754
133413512,417
133414612,1353
133416112,7983
133417212,3792
133418312,6965
133419412,3613
133421012,6606
133422112,8952
133423212,6197
133424312,6240
133425412,4916
133533610,5813
133535210,4464
133536812,1208
133537912,5398
133539012,8392
133540112,5954
133541612,2384
133542712,10234
133543812,5621
133544912,4
133546412,2352
133547512,12221
133548612,9768
133549712,5586
133551212,7933
133552312,12179
133553412,3689
133554512,8559
133556012,7872
133557112,3771
133558212,40
133559312,7345
133560412,7614
133561912,7193
133563012,6898
133564112,3017
133565212,4780
133566712,5040
133567812,11624
133568912,7404
133570012,9023
133571512,9917
133572612,8914
133573712,5589
133574812,5605
133576412,740
133596810,8404
133598412,6641
133599512,1942
133601012,4653
133602212,10924
133603312,8232
133604412,11106
133605912,1311
133607012,9909
133608112,5209
133609212,5345
133610312,4085
133686712,4034
133688212,5095
133689312,10030
133690512,5963
133692112,5762
133693212,8585
133694312,11553
133695412,3507
133696912,7078
133698012,2092
133699112,2481
133700212,4638
133701712,3884
133702812,6293
133703912,4212
133705012,3689
133800812,12194
133802412,8060
133803512,8535
133804612,8089
133806112,6343
133807212,3154
133808312,4200
133809412,191
133811012,3723
133812112,735
133813212,6509
133814312,3445
133815412,7498
133816912,8119
133818012,5850
133819112,12192
133820212,6872
133821712,3893
133822812,12213
133823912,3507
133825012,3012
133826512,6922
133827612,4743
133828712,6679
133829812,4452
133831312,8001
133832412,10408
133833512,8210
133834612,5286
133836112,5697
133837212,11012
133838312,398
133839412,3094
133840912,6755
133842012,4902
133843112,6627
133844212,1958
133845312,32
133846812,6883
133847912,8386
133849012,12187
133850112,6778
133851712,6429
133852812,6590
133853912,6787
133855012,6214
133856512,9854
133857612,8438
133858712,2764
133859812,3009
133861312,1070
133862412,123
133863512,4267
133864612,6363
133866112,3810
133867212,11309
133868312,8284
133869412,10771
133945512,7387
133957812,8593
133959312,5909
133960412,4239
133962012,7539
133963112,7906
134058710,6767
134060310,2658
134061912,5616
134063012,6593
134064112,7330
134065212,3145
134066712,4378
134067812,6016
134068912,5903
134070012,8958
134071512,11134
134072612,12166
134073712,7608
134074812,2581
134076312,4371
134077412,7034
134078512,3779
134079612,4434
134081112,5328
134082212,4032
134083312,5983
134084412,3066
134085912,3205
134087012,2268
134088112,0
134089212,10560
134090312,6069
134091912,6862
134093012,5378
134094112,6946
134095212,6341
134096712,1013
134097812,45
134098912,7352
134100012,5496
134101512,5242
134102612,6274
134103712,4776
134104812,12175
134106312,12165
134107412,4024
134108512,6603
134109612,6626
134111112,12217
134112212,9063
134113312,4269
134114412,4418
134115912,1710
134117012,2830
134118112,6014
134119212,8295
134120312,6182
134121812,11616
134122912,5411
134124012,11055
134125112,9174
134126612,2986
134127712,6323
134128812,10
134129912,10062
134131512,6002
134132612,2993
134133712,42
134134812,5856
134309012,8312
134310712,3244
134312212,8614
134313412,9024
134314512,7953
134316012,8028
134317112,4140
134318212,6989
134319312,12214
134320412,8608
134322012,4798
134323112,7932
134324212,8368
134325312,8252
134326812,6711
134327912,7164
134329012,3633
134330112,3395
134331612,1801
134332712,9687
134333812,2910
134334912,11066
134336412,8976
134337512,11133
134338612,7768
134339712,12166
134341212,3755
134342312,2126
134343412,9114
134344512,5361
134346012,4985
134347112,6329
134348212,10
134349312,9434
134350412,10395
134351912,8455
134353012,9435
134354112,4465
134355212,2752
134356712,7553
134357812,9720
134358912,5660
134360012,1350
134361612,6107
134362712,6406
134363812,10869
134364912,9879
134366412,2686
134367512,17
134368612,30
134369712,5801
134371212,7938
134372312,2876
134373412,678
134374512,8558
134376012,7409
134377112,6598
134378212,6380
134379312,7489
134380412,45
134381912,3540
134383012,7433
134384112,10229
134385212,6985
134479810,9768
134497012,9452
134498512,8474
134499612,1986
134575412,747
134577012,341
134599712,10455
134601219,3392
134602412,1155
134603612,4741
134604912,8507
134606412,5039
134607512,7165
134608612,3609
134609712,3936
134611212,5966
134612312,3375
134613412,4434
134614512,6109
134616012,2199
134617112,10265
134618212,3560
134619312,4651
134620412,2550
134621912,6618
134623012,4023
134624112,8725
134625212,6902
134626712,6802
134627812,8136
134628912,6026
134630012,2008
134631612,3813
134632712,6027
134633812,8485
134634912,6822
134636412,4032
134637512,7395
134638612,6472
134639712,6880
134641212,4638
134642312,7492
134643412,2329
134644512,5779
134646012,6020
134647112,6203
134648212,9128
134649312,2603
134650412,4962
134651912,6288
134653012,12218
134654112,9954
134655212,5304
134656712,5502
134657812,3667
134658912,20
134660012,6896
134661512,7103
134662612,7083
134663712,2654
134664812,8227
134666312,8737
134667412,7534
134668512,5121
134763912,8587
134765512,4358
134767112,5145
134768212,8703
134769312,6527
134770412,6066
134771912,2284
134773012,6607
134774112,1250
134775212,3801
134776712,6298
134777812,6739
134778912,23
134780012,6411
134855810,3060
134857411,7337
134858611,8142
134859711,8560
134861211,5943
134862311,752
134863411,3961
134864511,27
134866011,5323
134867111,489
134868211,5628
134869311,8586
134870411,6986
134871911,4387
134873011,3325
134874111,2483
134875211,5726
134876711,5718
134877811,6024
134878911,7551
134880011,11821
134881611,10083
134882711,6741
134883811,5412
134884911,6210
134886411,6466
134887511,8926
134888611,4154
134889711,2208
134891211,5734
134892311,6914
134893411,4085
134894511,5484
134896011,9954
134897111,8466
134898211,3794
134899311,9618
134900411,7593
134901911,6645
134903011,4660
134904111,1416
134905211,9574
134906711,7855
134907811,7978
134908911,1971
134910011,3915
134911511,5115
134912611,8924
134913711,7563
134914811,4245
135010212,2796
135022511,5443
135024011,8114
135025111,12167
135026711,7288
135027811,6096
135028911,6942
135030011,6998
135031511,12212
135032611,7324
135033711,8390
135034811,2654
135036311,2267
135037411,6271
135038511,5306
135039611,4763
135041111,5188
135042211,7573
135043311,6972
135044411,5793
135120712,10963
135122212,8413
135123312,5809
135124412,6526
135125912,4707
135127012,7215
135128112,7814
135129212,7135
135130312,7887
135131812,10310
135132912,11120
135134012,6284
135135112,3381
135136612,10093
135137712,7259
135138812,3740
135139912,5337
135141412,4074
135142512,5007
135143612,5241
135144712,3488
135146212,4999
135147312,3294
135148412,5539
135149512,6810
135151012,7742
135152112,6616
135153212,341
135154312,7512
135155412,6788
135157012,8307
135158112,7583
135159212,3899
135160312,4091
135161812,5
135162912,1788
135164012,5372
135165112,4980
135166612,2898
135167712,8856
135168812,12201
135169912,8992
135171412,6694
135172512,6366
135267011,11131
135268611,8988
135269811,6702
135271311,4181
135272411,5888
135273511,6182
135274611,2471
135276111,4189
135277211,0
135278311,6926
135279411,6911
135280911,4862
135282011,6968
135283111,10770
135284211,6134
135285311,5399
135286911,6225
135288011,5456
135289111,6261
135290211,5796
135291711,7778
135292811,4805
135293911,8687
135295011,362
135296511,7000
135297611,4673
135298711,4265
135299811,6888
135301311,8888
135302411,821
135303511,4925
135304611,10833
135380310,3346
135381810,7921
135382910,3902
135384010,6682
135385110,8180
135386712,5431
135387812,9784
135388912,11949
135390012,3386
135391512,4246
135392612,7773
135393712,4935
135394812,8484
135396312,7431
135397412,8226
135398512,5798
135399612,7532
135401112,8292
135402212,506
135403312,2341
135404412,1094
135405912,1574
135407012,4263
135408112,9647
135409212,9362
135410312,12194
135411812,10694
135412912,8424
135414012,9272
135415112,5225
135416712,4222
135417812,7897
135513012,10601
135526112,12210
135527712,12219
135528812,4327
135529912,30
135531412,5890
135532512,12182
135533612,41
135534712,3
135536212,8080
135537312,12198
135538412,18
135539512,12183
135541012,12222
135542112,8686
135543212,7
135544312,12161
135545412,12212
135546912,813
135548012,2904
135549112,12169
135550212,11235
135551712,5224
135552812,4302
135553912,10401
135555012,7439
135556612,8808
135557712,3477
135558812,12216
135559912,16
135561412,6358
135562512,48
135563612,12187
135564712,22
135566212,1
135567312,6142
135568412,8944
135569512,12198
135571012,4857
135572112,12160
135573212,3871
135574312,10329
135575412,4084
135675515,10060
135677113,8458
135678212,6097
135679312,12172
135680412,52
135681912,5861
135683012,2
135684112,1270
135685212,5224
135686712,1203
135687812,5182
135688912,4213
135690012,9088
135691512,3828
135692612,10124
135693712,59
135694812,1574
135696312,4899
135697412,12222
135698512,12214
135699612,1689
135794712,7811
135796368,4004
135797512,8537
135798612,10785
135799712,4041
135801212,9467
135802312,1587
135803412,271
135804512,12165
135806012,1291
135807112,12185
135808212,8501
135809312,1290
135810412,12208
135811912,3610
135813012,12197
135814112,12195
135815212,1793
135816712,9839
135817812,3405
135818912,7004
135820012,8518
135821512,6562
135822612,7194
135823712,3961
135824812,35
135826412,578
135827512,6328
135828612,8481
135829712,6274
135831212,10517
135832312,12199
135833412,5096
135834512,7124
135836012,5115
135837112,2196
135838212,8636
135839312,5961
135840412,11956
135841912,9109
135843012,5209
135844112,9694
135845212,3387
135846712,9469
135847812,2208
135848912,6609
135850012,23
135851512,1124
135852612,4958
135853712,4633
135854812,7094
135856312,3994
135857412,9533
135858512,7435
135859612,12206
135935512,2166
135959611,12196
135961111,15
135962211,12189
135963311,46
135964511,10926
135966011,12182
135967111,403
135968211,10526
136064012,10859
136065612,7050
136067112,12154
136068212,17
136069312,9683
136070412,689
136072012,7581
136073112,6448
136074212,26
136075312,9940
136076812,4934
136077912,10789
136079012,7
136080112,1658
136081612,3643
136082712,2180
136083812,1795
136084912,964
136086412,8646
136087512,8720
136088612,4808
136089712,8897
136091212,26
136092312,8816
136093412,12184
136094512,4522
136096012,10155
136097112,4968
136098212,12218
136099312,501
136100412,7249
136101912,12222
136103012,26
136104112,3520
136105212,9271
136106712,8314
136107812,6321
136108912,4225
136110012,5930
136111612,15
136112712,7796
136113812,1803
136114912,7764
136116412,4
136117512,3713
136118612,7753
136119712,6885
136121212,11046
136122312,3848
136123412,6877
136124512,9626
136126012,2615
136127112,7087
136128212,11263
136129312,7596
136130412,7350
136131912,10101
136133012,9832
136134112,36
136135212,8743
136136712,1408
136137812,53
136138912,11596
136140012,4942
136313212,11848
136314812,12220
136316312,9693
136317412,1956
136318512,12180
136319612,364
136321112,6258
136322212,12208
136323312,10229
136324412,6144
136325912,5990
136327012,7445
136328112,4290
136329212,6617
136330312,1980
136331912,4479
136333012,2381
136334112,10201
136335212,8013
136336712,7381
136337812,8479
136338912,38
136340012,3449
136341512,8854
136342612,6774
136343712,5401
136344812,12154
136346312,6990
136347412,8089
136348512,10177
136349612,16
136351112,1292
136352212,6209
136353312,1069
136354412,1591
136355912,9213
136357012,8421
136358112,338
136359212,12218
136360312,5397
136361812,6919
136362912,9476
136364012,6688
136365112,2143
136366612,4461
136367712,2009
136368812,1003
136369912,11084
136371512,5535
136372612,2470
136373712,11203
136374812,12234
136376312,6769
136377412,4639
136378512,1836
136379612,192
136381112,8152
136382212,3849
136383312,11840
136384412,11468
136385912,5737
136387012,7029
136388112,5986
136389212,5352
136485010,7579
136498412,2217
136499912,4477
136501412,9498
136502512,6368
136503612,3474
136504712,7065
136580810,11998
136582410,8983
136583610,8915
136584710,10728
136586211,3335
136587311,50
136588411,2927
136589511,8324
136591011,2844
136592111,6934
136593211,8903
136594311,5301
136595411,3491
136596911,8456
136598011,3945
136599111,5075
136600211,6822
136601811,7818
136602911,7056
136604011,4391
136605111,2830
136606611,6330
136607711,3389
136608811,6218
136609911,3949
136611411,7195
136612511,7603
136613611,9318
136614711,51
136616211,9065
136617311,29
136618411,12181
136619511,6
136621011,4841
136622111,12209
136623211,12178
136624311,1169
136625411,12044
136626911,9611
136628011,3368
136629111,5283
136630211,8454
136631711,15
136632811,12174
136633911,11140
136635011,8138
136636511,8417
136637611,12226
136638711,38
136639811,9929
136641411,10391
136642511,1231
136643611,8465
136644711,12215
136646211,4878
136647311,1712
136648411,8698
136768112,12213
136769712,7282
136771312,10
136772412,6850
136773612,12213
136774712,7396
136776212,2
136777312,12225
136778412,12227
136779512,50
136781012,0
136782112,12212
136783212,0
136784312,0
136785412,12163
136786912,12187
136788012,8817
136789112,9185
136790212,6497
136866112,32
136867612,12184
136868712,12200
136869812,12232
136871312,7112
136872412,12199
136873512,12216
136874612,4170
136876112,658
136877212,2676
136878312,12204
136879412,6725
136880912,8278
136882012,12159
136883112,7000
136884212,6132
136885312,8831
136886812,7211
136887912,7589
136889012,4457
136890112,8545
136891612,1488
136892712,11837
136893812,7748
136894912,51
136896412,0
136897512,4263
136898612,6974
136899712,12158
136901312,10148
136902412,12209
136903512,2512
136904612,7260
136906112,12214
136907212,6541
136908312,6878
136909412,12222
136910912,8164
136912012,20
136913112,10746
136914212,3890
136915312,6950
136916812,6971
136917912,1867
136919012,2296
137013712,1183
137034411,10540
137035911,9918
137037011,6384
137038111,8408
137039311,7775
137040411,32
137042011,7599
137043111,12185
137044211,4535
137045311,8136
137046811,9686
137047911,12210
137049011,1321
137050111,12221
137051611,8484
137052711,9079
137053811,2863
137054911,12168
137056411,12040
137057511,8913
137058611,12163
137059711,5250
137061211,12193
137062311,5609
137063411,12198
137064511,9099
137066011,12216
137067111,1423
137068211,6170
137069311,9753
137070411,12197
137146010,8541
137147510,0
137148610,12166
137149710,0
137151212,8655
137152312,1647
137153412,12182
137154512,4299
137156012,12174
137157112,9570
137158212,12156
137159312,9252
137160412,9564
137161912,992
137163012,3260
137164112,5496
137165212,1776
137166812,6311
137167912,900
137169012,12218
137170112,4717
137171612,7191
137172712,2825
137173812,12177
137174912,4203
137176412,7156
137177512,9189
137178612,4949
137179712,3686
137181212,7912
137182312,3478
137183412,2624
137279210,10393
137280810,12199
137282412,12188
137283512,8882
137284612,8380
137286112,4665
137287212,4772
137288312,2633
137289412,7503
137290912,1231
137292012,3044
137293112,1813
137294212,2064
137295312,1146
137296812,3766
137297912,5569
137299012,11189
137300112,12215
137301612,11697
137302712,10289
137303812,12212
137304912,6386
137306412,3028
137307512,4418
137308612,2219
137309712,7544
137311212,4819
137312312,2217
137313412,4283
137314512,4828
137316012,10594
137317112,7717
137318212,4841
137319312,10884
137320412,8928
137322012,6187
137323112,7014
137324212,8914
137325312,7364
137326812,1094
137327912,2151
137329012,4310
137330112,2649
137406111,3785
137407711,49
137408911,12200
137410011,0
137411511,5424
137412611,9005
137413711,7608
137414811,7037
137416411,0
137417511,9267
137418611,3707
137419711,777
137421211,5376
137422311,5604
137423411,9520
137424511,8118
137437812,6061
137439312,7951
137440412,7800
137441912,0
137443012,12186
137538212,11751
137539877,9978
137541412,8962
137542512,12214
137543612,4542
137544712,416
137546212,2211
137547312,8245
137548412,4994
137549512,8867
137551012,354
137552112,3070
137553212,4042
137554312,8252
137555412,8264
137556912,7752
137558012,4517
137559112,7012
137560212,1997
137561712,4354
137562812,855
137563912,957
137565012,1095
137566612,10923
137567712,8820
137568812,10723
137569912,12193
137571412,9413
137572512,9713
137573612,7995
137574712,4712
137576212,2792
137577312,5485
137578412,4460
137579512,8881
137581012,2688
137582112,2236
137583212,4864
137584312,3298
137585412,8478
137586912,6958
137588012,6854
137589112,12208
137590212,12177
137591712,12167
137592812,1351
137593912,12210
137595012,0
137670910,2247
137672410,7885
137673610,3263
137674710,0
137676210,4183
137677310,1015
137678410,2636
137679510,8007
137681111,12177
137682211,4255
137683311,8640
137684411,4263
137685911,11637
137687011,6947
137688111,5712
137689211,6071
137808010,10324
137809779,28
137811310,8958
137812415,8994
137813510,6307
137814610,759
137816110,20
137817210,2153
137818310,1948
137819410,3
137820912,7289
137822012,12205
137823112,6105
137824212,851
137825312,10139
137826812,12179
137827912,8012
137829012,20
137830112,3347
137831612,12175
137832712,5044
137833812,3518
137834912,3499
137836512,4738
137837612,8075
137838712,9675
137839812,5730
137841312,6521
137842412,927
137843512,0
137844612,4375
137846112,6548
137847212,1869
137848312,1676
137849412,3656
137850912,5161
137852012,7
137853112,4565
137854212,4148
137855312,4356
137856812,9066
137857912,12175
137859012,9042
137860112,8774
137861612,5771
137862712,7505
137863812,1170
137864912,4204
137866412,3221
137867512,4299
137868612,6214
137869712,6083
137871212,5560
137872312,5873
137873412,8723
137874512,5411
137876112,9261
137877212,12197
137878312,12187
137879412,8232
137955512,5940
137972212,5168
137973712,8791
137974812,2509
138069612,11342
138071212,12027
138072312,11990
138073412,6039
138074512,5277
138076012,6959
138077112,7077
138078212,2493
138079312,1597
138080412,5294
138082012,5143
138083112,4226
138084212,5659
138085312,6137
138086812,7425
138087912,4942
138089012,5070
138090112,7205
138091612,8372
138092712,6770
138093812,9316
138094912,8310
138096412,7186
138097512,4295
138098612,7192
138099712,6446
138101212,7250
138102312,5557
138103412,4366
138104512,2737
138106012,4939
138107112,4674
138108212,3620
138109312,6707
138110412,2806
138112012,9504
138113112,7879
138114212,9292
138115312,7232
138116812,7865
138117912,12179
138119012,11045
138120112,7830
138121612,1628
138122712,4078
138123812,1078
138124912,11940
138126412,4997
138127512,6498
138128612,9076
138129712,5489
138131212,3364
138132312,1068
138133412,16
138134512,5101
138136012,6081
138137112,9980
138138212,8884
138139312,7206
138140412,9884
138141912,8929
138143012,7077
138144112,1394
138145212,10190
138241312,49
138320210,7471
138321810,6805
138323010,12181
138324110,1073
138325210,6230
138326712,9575
138327812,12225
138328912,7801
138330012,11463
138331512,4258
138332612,12177
138333712,2498
138334812,9442
138336312,7749
138337412,12201
138338512,2426
138339612,11688
138341212,8763
138342312,12182
138343412,4718
138344512,11035
138346012,10832
138347112,12212
138348212,7395
138349312,12201
138350412,7187
138351912,12217
138353012,5809
138354112,12211
138355212,8358
138356712,11477
138357812,12187
138358912,8474
138360012,9031
138361512,9233
138362612,9840
138363712,5828
138364812,5508
138366312,12192
138367412,6913
138368512,3030
138369612,6789
138371112,12185
138372212,5342
138373312,0
138374412,1624
138375912,12170
138377012,7567
138378112,492
138379212,2739
138380312,9659
138381912,10279
138383012,4669
138384112,2679
138385212,4232
138386712,8075
138387812,6521
138388912,1803
138390012,1868
138391512,5504
138392612,23
138393712,3009
138394812,5
138490210,10466
138502411,9382
138504011,2829
138505211,10933
138506711,11912
138507811,10868
138508911,6859
138510011,9337
138585512,4054
138587112,3443
138588312,2482
138589412,4510
138590912,6786
138592012,7158
138593112,6883
138594212,1406
138595312,5262
138596812,9192
138597912,8024
138599012,11042
138600112,12175
138601612,12198
138602712,7374
138603812,6961
138604912,3421
138606412,1759
138607512,0
138608612,326
138609712,2418
138611212,7293
138612312,6988
138613412,8928
138614512,6289
138616012,7699
138617112,4637
138618212,4446
138619312,5503
138620412,7195
138622012,7278
138623112,9620
138624212,12080
138625312,7910
138626812,2926
138627912,927
138629012,697
138630112,6018
138631612,3328
138632712,6853
138633812,10618
138634912,11398
138636412,8735
138637512,6303
138638612,4373
138639712,4609
138641212,3107
138642312,4334
138643412,6182
138644512,4724
138646012,10736
138647112,7599
138648212,8315
138649312,8097
138650412,7478
138651912,7765
138747712,7635
138749321,4825
138750668,3636
138752212,1299
138753312,2
138754412,21
138755912,7300
138757012,8906
138758112,7276
138759212,6136
138760312,8022
138761812,9135
138762912,10817
138764012,9038
138765112,6650
138766612,8759
138767712,4442
138768812,34
138769912,180
138870012,11069
138871612,7869
138872712,10032
138873812,5227
138875012,2444
138876612,3820
138877712,20
138878812,3381
138879912,4853
138881412,2492
138882512,6872
138883612,725
138884712,12166
138886212,9948
138887312,12167
138888412,10056
138889512,12217
138891012,12166
138892112,4898
138893212,7803
138894312,7870
138895412,6909
138896912,14
138898012,16
138899112,6581
138900212,1857
138901712,3819
138902812,6903
138903912,6715
138905012,10030
138906512,12192
138907612,8154
138908712,6129
138909812,4647
138911312,5308
138912412,8030
138913512,9003
138914612,8
138916212,3459
138917312,19
138918412,9264
138919512,7325
138921012,8510
138922112,9060
138923212,5772
139017612,4984
139038311,0
139039811,33
139041311,7996
139042611,11122
139043711,44
139044811,2311
139046311,30
139047411,12148
139048511,8
139049611,10448
139051111,10508
139052211,12193
139053311,2276
139054411,12215
139055911,4585
139057011,12166
139058111,6372
139059211,1838
139060311,9389
139061811,12172
139062911,3173
139064011,12166
139065111,3768
139066611,11659
139067711,12188
139068811,12169
139069911,6964
139145910,25
139147512,10988
139148712,9780
139149814,2350
139151312,1600
139152412,3627
139153512,8467
139154612,7592
139156112,10271
139157212,12177
139158312,12159
139159412,9270
139160912,1263
139162012,5928
139163112,11391
139164212,4907
139165312,3907
139166812,22
139167912,5614
139169012,18
139170112,9982
139171712,9581
139172812,1956
139173912,9182
139175012,6628
139176512,12173
139177612,11906
139178712,11507
139179812,8793
139181312,9048
139182412,4359
139183512,10636
139184612,7490
139186112,7221
139187212,3012
139188312,40
139283512,9668
139285112,4048
139286612,6032
139287712,4557
139288812,3
139289912,7543
139291412,1566
139292512,2769
139293612,1295
139294712,0
139296212,0
139297312,4985
139298412,1669
139299512,3711
139301012,3038
139302112,12216
139303212,12166
139304312,12180
139305412,11207
139306912,10770
139308012,7150
139309112,4833
139310212,44
139311712,4700
139312812,5327
139313912,4152
139315012,0
139316512,4058
139317612,8380
139318712,6447
139319812,9470
139321412,1189
139322512,4335
139323612,12205
139324712,12188
139326212,4669
139327312,6024
139328412,10051
139329512,12208
139405511,26
139407111,2085
139408311,7585
139409411,6247
139410911,2248
139412011,12198
139413111,12199
139414211,12200
139415311,11625
139416911,8759
139418011,6278
139419111,10366
139420211,5795
139421711,1193
139422811,3295
139423911,9050
139425011,9192
139449310,11806
139450810,6500
139452312,2715
139453512,1237
139454612,586
139456112,6490
139457212,23
139458312,7009
139553312,7716
139554912,12164
139556412,11446
139557512,9694
139558612,9913
139559712,5118
139561312,3488
139562412,1338
139563512,1134
139564612,0
139566112,11726
139567212,5669
139568312,8833
139569412,6729
139570912,9274
139572012,11063
139573112,11698
139574212,6327
139575312,7430
139576812,5172
139577912,303
139579012,8988
139580112,44
139581612,34
139582712,1225
139583812,10
139584912,8367
139586412,6138
139587512,4069
139588612,12202
139589712,6869
139591312,10682
139592412,12204
139593512,3418
139594612,7499
139596112,9077
139597212,1669
139598312,4411
139599412,2550
139600912,7145
139602012,8001
139603112,1223
139604212,1636
139605312,6169
139680610,6792
139682110,10287
139683210,10989
139684310,9292
139685410,3220
139686912,5414
139688012,6798
139689112,6854
139690212,16
139691712,41
139692812,4518
139693912,1127
139695012,2336
139696512,9638
139697612,7986
139698712,6645
139699812,12215
139701312,12213
139702412,10597
139703512,8902
139798512,10834
139800112,5374
139801712,5974
139802812,5682
139803912,12210
139805012,7911
139806512,12213
139807612,7670
139808712,6260
139809812,10385
139811312,7317
139812412,3843
139813512,5544
139814612,10983
139816112,2384
139817212,6202
139818312,4529
139819412,4202
139820912,2006
139822012,7516
139823112,7636
139824212,8533
139825312,12200
139826812,9751
139827912,7738
139829012,6092
139830112,7430
139831612,5841
139832712,1877
139833812,7000
139834912,1096
139836412,191
139837512,388
139838612,3443
139839712,44
139841312,3276
139842412,5556
139843512,7567
139844612,5844
139865412,55
139866912,9
139868112,12208
139869212,2800
139870412,0
139871912,6238
139873012,10911
139874112,9543
139875212,9437
139876712,12209
139877812,5438
139878912,12210
139880012,12174
139956211,3205
139973312,3261
139974812,4911
139976312,2715
139977568,1967
139978712,4295
139979812,12169
139981312,8337
139982412,8043
139983512,3145
139984612,816
139986112,980
140081612,10815
140083212,12218
140084312,1349
140085412,2288
140087012,3135
140088112,10667
140089212,12195
140090312,6515
140091812,12196
140092912,7755
140094012,7273
140095112,12212
140096612,9302
140097712,7314
140098812,5241
140099912,6342
140101412,3672
140102512,12177
140103612,9153
140104712,7206
140106212,1229
140107312,23
140108412,7747
140109512,3347
140111012,7515
140112112,1127
140113212,10484
140114312,12209
140115412,8966
140116912,12202
140118012,1830
140119112,7570
140120212,10075
140121712,9508
140122812,9380
140123912,5697
140125012,11111
140126612,1368
140127712,4741
140128812,3498
140129912,45
140131412,3224
140132512,12185
140133612,12197
140134712,12209
140136212,5054
140137312,5339
140138412,6277
140139512,4232
140141012,9724
140142112,53
140143212,2110
140144312,6912
140145412,8770
140146912,11163
140148012,2173
140149112,2975
140150212,9778
140225812,6287
140227312,4313
140228412,10021
140229512,0
140231012,6637
140232112,4462
140328212,7669
140329812,12228
140331312,11649
140332412,6514
140333512,5456
140334612,4754
140336112,3372
140337212,921
140338312,3846
140339412,12006
140340912,8279
140342012,2488
140343112,669
140344212,2930
140345312,3416
140346912,24
140348012,3355
140349112,9671
140350212,12218
140351712,10681
140352812,9711
140353912,1450
140355012,0
140356512,1049
140357612,21
140358712,2366
140359812,4269
140361312,10172
140362412,4975
140363512,5391
140364612,8343
140366112,12222
140367212,2204
140368312,986
140369412,9117
140370912,8355
140372012,4472
140373112,593
140374212,2834
140375312,5952
140376812,12185
140377912,7577
140379012,6729
140380112,4607
140381612,6821
140382712,12186
140383812,11973
140384912,8854
140386512,7117
140387612,11248
140388712,11104
140389812,8848
140391312,9977
140392412,5931
140393512,3611
140394612,39
140396112,3848
140397212,3008
140398312,5564
140399412,2027
140400912,1635
140402012,8440
140403112,9674
140404212,8811
140499212,9113
140519910,1216
140599812,7630
140601412,7250
140602612,9020
140603812,11725
140604912,9632
140606412,5766
140607512,4814
140608612,6424
140609712,4713
140611312,5327
140612412,5378
140613512,3072
140614612,2910
140616112,4456
140617212,7275
140618312,9446
140619412,7086
140620912,11705
140622012,9487
140623112,8375
140624212,5408
140625312,2621
140626812,5746
140627912,4719
140629012,4016
140630112,3649
140631612,2803
140632712,2711
140633812,5457
140634912,5181
140636412,7010
140637512,4636
140638612,10065
140639712,10481
140641212,11697
140642312,7138
140643412,5036
140644512,4075
140646012,3992
140647112,2381
140648212,2136
140649312,5215
140650412,3629
140652012,5042
140653112,6051
140654212,5787
140655312,7902
140656812,6012
140657912,4461
140659012,4711
140660112,7551
140661612,3290
140662712,7588
140663812,9572
140664912,6250
140666412,7894
140667512,11718
140668612,7330
140669712,3736
140671212,7982
140672312,12066
140673412,7064
140769210,12165
140770712,2845
140772212,10185
140773412,10
140774512,1003
140776112,2
140777212,2539
140778312,35
140779412,1330
140780912,2682
140782012,12191
140783112,11536
140784212,12165
140785312,12222
140884811,324
140886411,1416
140887511,7964
140888611,11011
140889811,9763
140891311,11558
140892411,3923
140893511,5625
140894611,12186
140896111,12178
140897211,6412
140898311,39
140899411,5372
140900911,1278
140902011,8631
140903111,10423
140904211,1516
140905311,4871
140906811,2779
140907911,11169
140909011,7810
140910111,5533
140911611,34
140912711,7298
140913811,12191
140914911,4914
140916411,9633
140917511,51
140918611,4162
140919711,6176
140921211,4330
140922311,7295
140923411,0
140924511,10124
140934412,7962
140935912,12192
140937012,3375
140938112,7512
140939212,8983
140940312,9552
140941812,5442
140942912,4128
140944012,7056
140945112,9238
140946612,6963
140947712,5204
140948812,5787
140949912,10495
140951512,5783
140952612,4525
141047612,7762
141049212,9514
141050312,6820
141051812,8748
141052912,4288
141054012,10329
141055112,6716
141056612,10103
141057712,9160
141058812,8269
141059912,5926
141061412,4899
141062512,1371
141063612,7460
141064712,6328
141066212,8318
141067312,6901
141068412,5383
141069512,8182
141071012,11843
141072112,11975
141073212,10913
141074312,2904
141075412,9953
141151310,3219
141152911,4198
141154111,2386
141155211,9336
141156711,6691
141157811,6501
141158911,4011
141160011,8849
141161511,6939
141162611,2338
141163711,3362
141164811,3982
141166311,8190
141167411,7992
141168511,3977
141169611,12206
141171111,7834
141172211,4842
141173311,1263
141174411,7157
141175911,7265
141177011,12213
141178111,12215
141179211,5304
141180311,6260
141181811,9601
141182911,4554
141184011,8403
141185111,1005
141186611,4287
141187711,7029
141188811,9526
141189911,3684
141191511,3204
141192611,4223
141193711,8729
141194811,2966
141196311,6104
141197411,5361
141198511,8026
141294710,5859
141296310,6808
141297410,8208
141298510,4478
141299610,7739
141301110,6483
141302210,9835
141303310,7239
141304410,7220
141306012,7640
141307112,3214
141308212,3298
141309312,4238
141310412,2767
141311912,7166
141313012,6505
141314112,6115
141315212,5299
141316712,4653
141317812,5526
141318912,3268
141320012,4922
141321512,6002
141322612,7823
141323712,12185
141324812,9682
141326312,8073
141327412,5398
141328512,7156
141329612,3068
141331112,2868
141332212,4291
141333312,7007
141334412,4013
141335912,4011
141337012,7031
141338112,9391
141339212,6450
141340312,4807
141416611,6628
141418211,9232
141419411,5558
141420911,6896
141422011,7798
141423111,4030
141424211,2826
141425311,4827
141435212,7399
141436812,5200
141438012,4739
141439212,2822
141440312,4091
141441812,8470
141442912,5531
141444012,8193
141445112,4980
141446712,9291
141447812,9824
141448912,5472
141450012,6788
141451512,8855
141452612,2026
141453712,6602
141454812,5935
141550312,3819
141551912,5736
141553112,3912
141554212,7117
141555312,5386
141556812,2226
141557912,4794
141559012,4234
141560112,6966
141561612,2375
141562712,6099
141563812,6847
141564912,7318
141566412,7526
141567512,3104
141568612,8375
141569712,6230
141571212,1336
141572312,6036
141573412,6313
141574512,6555
141576012,11436
141577112,9305
141578212,5838
141579312,5771
141580412,7086
141581912,2477
141583012,9199
141584112,7878
141585212,8689
141586812,12167
141587912,5884
141589012,7810
141590112,4440
141591612,2894
141592712,2919
141593812,3804
141594912,6253
141596412,6699
141597512,7973
141598612,3562
141599712,11722
141601212,8996
141602312,4675
141603412,2400
141604512,1817
141680912,6298
141682412,8277
141683512,8375
141684612,8139
141686112,6428
141687212,11420
141688312,6302
141689412,5292
141690912,3432
141692012,8739
141693112,4186
141694212,5342
141695312,3818
141696912,4081
141698012,6220
141699112,3882
141700212,987
141701712,10217
141797312,8858
141798977,697
141800112,36
141801612,5866
141802712,7124
141803812,3564
141804912,9704
141806412,10682
141807512,11186
141808612,8512
141809712,6031
141811212,7518
141812312,8025
141813412,10226
141814512,6543
141816012,5915
141817112,6362
141818212,6107
141819312,1488
141820412,4558
141821912,5697
141823012,6291
141824112,9718
141825212,8644
141826812,6009
141827912,6603
141829012,10613
141830112,9683
141831612,6771
141832712,10543
141833812,10466
141834912,9007
141836412,9794
141837512,8607
141838612,3554
141839712,4210
141841212,19
141842312,15
141843412,3648
141844512,4488
141846012,6366
141847112,9603
141848212,10830
141849312,7327
141850412,8196
141851912,2429
141853012,1455
141854112,7292
141855212,4354
141856712,7026
141857812,6839
141858912,3110
141860012,4807
141880910,7496
141961310,4981
141974612,6196
141976112,8329
141977212,11370
141978312,7605
141979412,6184
141980912,7062
141982012,4084
141983112,1759
141984212,24
142079312,8506
142080977,5119
142082512,6716
142083612,6804
142084712,5910
142086212,3973
142087312,6561
142088412,5023
142089512,8355
142091012,4167
142092112,5208
142093212,3841
142094312,5821
142095412,3700
142096912,5802
142098012,8071
142099112,4951
142100212,6797
142101712,4896
142102812,4533
142103912,40
142105012,4332
142106612,6499
142107712,3478
142108812,9379
142109912,9636
142111412,12195
142112512,9167
142113612,6331
142114712,5621
142116212,5225
142117312,6596
142118412,5818
142119512,10378
142121012,12174
142122112,10787
142123212,6863
142124312,6
142125412,5942
142126912,1164
142128012,4730
142129112,5709
142130212,3930
142131712,10160
142132812,8544
142133912,11335
142135012,11002
142136512,9579
142137612,6676
142138712,8900
142139812,3929
142141312,5363
142142412,6687
142143512,6802
142144612,7131
142146212,20
142147312,0
142148412,8
142149512,4900
142151012,7000
142152112,7714
142153212,12195
142154312,10154
142155412,12196
142330510,8302
142332112,8305
142333312,9414
142334512,10526
142336012,4126
142337112,5855
142338212,8318
142339312,5734
142340412,5323
142342012,1536
142343112,8
142344212,7619
142345312,3571
142346812,2002
142347912,7045
142349012,6226
142350112,12182
142351612,10490
142352712,11767
142353812,11986
142354912,10902
142356412,10898
142357512,2261
142358612,1632
142359712,4790
142361212,1166
142362312,7043
142363412,3
142364512,4074
142366012,6350
142367112,4143
142368212,10001
142369312,6781
142370412,6696
142372012,10137
142373112,0
142374212,7753
142375312,7286
142376812,7368
142377912,929
142379012,31
142380112,10
142381612,3670
142382712,7822
142383812,6056
142384912,4837
142386412,10538
142387512,7398
142388612,7112
142389712,6607
142391212,6127
142392312,6329
142393412,3032
142394512,8048
142396012,6680
142397112,6911
142398212,6004
142399312,5444
142400412,5800
142401912,5354
142403012,4269
142404112,5408
142405212,10850
142406712,8492
