timestamp_us,ax,ay,az,gx,gy,gz
5324710,1172,-2220,-14308,836,830,8367
5329810,1220,-1884,-6464,-737,2514,8715
5334610,976,680,-14612,-1305,1064,8787
5339410,496,68,-13568,-698,-55,8830
5345312,1052,256,-18284,558,702,8784
5350112,2468,-1492,-12228,35,-141,8710
5354912,1628,-1100,-13224,-552,95,8750
5359812,508,-644,-11852,-1184,-200,8615
5364612,844,-332,-14096,-167,488,8431
5452119,1044,-68,-13536,63,380,3915
5485218,976,-452,-13116,325,201,3487
5490212,992,-908,-12896,182,544,3587
5495012,752,-708,-13556,88,737,3695
5499812,1204,-772,-13092,-88,899,3761
5504612,1252,-196,-13920,-765,798,3859
5509412,1236,-928,-14144,-1021,606,4050
5515312,1416,-772,-14508,-1161,120,4252
5520212,1424,-992,-13700,-1235,-139,4403
5525012,380,-1020,-13164,-16,-522,4478
5548812,1160,-1008,-14476,-502,-111,4706
5630410,1052,-88,-13652,-10,248,3826
5635310,1112,-404,-13220,-84,327,3740
5640112,1032,-356,-13336,-120,319,3674
5644912,888,-196,-13696,26,358,3602
5649712,1208,-344,-13500,35,333,3549
5654612,1312,-400,-13400,174,386,3437
5659412,1112,-188,-13564,60,323,2344
5742912,980,-300,-13352,-26,350,2293
5744410,980,-300,-13352,-26,350,2293
5749412,1012,-220,-13296,12,388,2185
5755312,1224,-496,-13544,561,331,2045
5760112,1140,-912,-13716,-182,246,1996
5764912,1076,148,-13712,-309,362,1984
5769712,972,-300,-13944,115,403,1869
5774612,1000,-480,-12740,48,342,1849
5779412,1064,-448,-13392,-9,331,1808
5785312,936,-272,-13636,-35,357,1731
5790112,1192,-228,-14008,135,375,1672
5794912,1208,-348,-13340,67,299,1598
5799712,1132,-372,-13604,32,290,1516
5874910,1208,-252,-13460,129,355,458
5879810,1044,-388,-13628,65,303,371
5884612,1160,-240,-13564,117,340,297
5889412,908,-276,-13456,92,349,234
5977410,1056,-444,-13504,107,298,98
5989612,1188,-304,-13388,112,396,109
5994412,1156,-436,-13452,107,340,90
6000312,956,-360,-13544,138,269,87
6005112,856,-432,-13540,68,329,96
6009912,1016,-432,-13328,119,374,107
6014712,1080,-428,-13472,112,401,101
6019512,1108,-408,-13656,118,345,101
6025412,1092,-372,-13576,122,273,111
6030312,1068,-316,-13448,100,301,109
6035112,1032,-320,-13488,116,372,111
6039912,992,-360,-13380,101,378,96
6044712,1048,-380,-13660,88,301,94
6049512,1172,-496,-13444,112,319,132
6055412,1088,-456,-13404,103,321,88
6060212,984,-452,-13552,97,356,105
6133110,1000,-436,-13556,117,348,96
6134711,1000,-436,-13556,117,348,96
6219812,1032,-344,-13628,124,276,98
6224712,916,-388,-13360,122,324,100
6229612,1064,-404,-13380,77,366,90
6234412,1104,-388,-13636,133,339,103
6240312,1036,-416,-13468,86,320,111
6245112,1100,-396,-13500,108,349,101
6249912,1116,-416,-13600,91,354,116
6254712,1088,-320,-13584,113,313,84
6259512,1024,-444,-13452,104,327,90
6265412,1052,-436,-13504,121,317,102
6270312,1104,-316,-13680,105,316,83
6275112,1120,-364,-13620,91,381,97
6279912,1032,-476,-13696,126,285,108
6284712,1080,-432,-13424,93,316,95
6289512,1112,-536,-13512,103,355,106
6295412,1112,-444,-13576,120,319,89
6379012,1112,-444,-13576,120,319,89
6380512,1112,-444,-13576,120,319,89
6455112,1084,-408,-13516,102,353,122
6472012,1136,-436,-13504,107,335,99
6474612,1028,-508,-13416,115,359,88
6479412,1036,-484,-13520,120,344,87
6485312,1000,-404,-13512,108,330,95
6490112,1080,-444,-13428,69,307,110
6495012,1120,-472,-13256,90,328,106
6499812,1008,-592,-13504,77,351,103
6504612,1148,-476,-13488,106,311,106
6509412,952,-492,-13400,88,334,109
6515312,996,-340,-13516,112,344,98
6520112,1132,-536,-13564,116,337,115
6524912,1020,-380,-13632,114,329,82
6548812,1024,-496,-13400,100,371,97
6550321,1024,-496,-13400,100,371,97
6555412,1164,-448,-13644,149,328,98
6560212,1084,-304,-13432,107,233,112
6647010,1132,-472,-13676,108,323,99
6649610,1048,-440,-13604,120,315,111
6654412,1028,-392,-13440,136,293,110
6727510,1092,-456,-13648,98,347,100
6730110,1092,-456,-13648,98,347,100
6734912,1016,-472,-13560,117,353,101
6739712,1048,-504,-13572,107,333,105
6744512,1148,-512,-13608,126,318,101
6750412,1080,-476,-13488,92,312,98
6755212,984,-460,-13716,95,347,82
6760012,1028,-356,-13368,101,321,98
6764912,1088,-440,-13500,109,353,98
6769712,1092,-452,-13472,110,342,108
6774512,996,-472,-13512,117,337,92
6780412,1004,-336,-13552,110,313,94
6785212,1108,-460,-13580,103,309,107
6790012,1108,-352,-13380,88,343,118
6794812,1100,-428,-13664,88,321,90
6878812,1100,-428,-13664,88,321,90
6880412,1100,-428,-13664,88,321,90
6885212,1044,-396,-13484,92,350,100
6890012,1048,-428,-13528,97,354,102
6894912,1020,-340,-13588,139,333,101
6967610,1224,-508,-13828,145,346,107
6988410,1220,320,-14892,617,-544,168
6989910,1220,320,-14892,617,-544,168
6994710,1332,-1736,-11324,346,-314,196
6999512,336,-308,-12588,-685,663,255
7005412,-32,528,-15700,671,637,141
7010212,2164,-816,-13104,377,94,159
7015112,1948,-600,-15752,25,16,125
7019912,748,-60,-11924,529,-566,153
7024712,884,-720,-12408,108,457,165
7029512,816,-24,-12880,-265,1142,142
7035412,1404,-368,-15336,248,631,67
7040212,1348,-452,-13460,164,121,114
7045012,1164,-352,-14204,256,-248,107
7130512,1100,-428,-13288,131,324,87
7134412,1068,-404,-13572,141,323,115
7140312,1012,-408,-13452,97,358,95
7145112,1132,-424,-13688,101,362,92
7149912,1152,-408,-13488,127,310,94
7154712,1112,-448,-13384,134,309,107
7228511,1088,-456,-13444,89,310,102
7230111,1088,-456,-13444,89,310,102
7235111,956,-308,-13624,114,352,107
7239911,1052,-436,-13672,97,343,92
7244711,1028,-472,-13504,120,298,98
7249611,1120,-416,-13652,100,307,90
7254411,1096,-400,-13488,119,332,109
7260311,1032,-344,-13356,93,361,78
7265111,1124,-400,-13536,91,341,100
7269911,1052,-344,-13636,94,345,98
7274711,1032,-320,-13528,97,339,76
7279511,1100,-512,-13456,84,353,100
7363614,1140,-400,-13712,94,305,101
7365214,1140,-400,-13712,94,305,101
7370012,1016,-288,-13580,95,323,111
7374812,1032,-540,-13636,118,347,78
7379612,1288,-556,-13012,169,331,107
7384412,1008,-456,-13892,113,345,87
7390312,936,-524,-12944,-1,349,122
7395112,1272,-404,-14088,251,384,95
7467610,1072,-420,-13596,93,335,82
7481110,1064,-396,-13528,105,322,89
7484810,988,-424,-13460,100,357,103
7489612,1088,-428,-13568,77,343,98
7494412,1124,-452,-13608,131,322,116
7500312,1032,-404,-13408,132,310,78
7505112,1028,-432,-13444,118,352,98
7509912,1084,-384,-13452,118,357,116
7514712,1124,-420,-13496,94,322,106
7519612,1024,-340,-13640,106,311,90
7632112,944,-396,-13460,120,337,108
7635012,940,-404,-13496,87,330,89
7639812,1104,-468,-13504,111,358,105
7644612,1028,-460,-13544,102,352,89
7649412,1100,-556,-13612,94,318,100
7655312,1172,-360,-13496,86,335,116
7660112,1060,-300,-13540,102,353,93
7665012,1152,-380,-13568,131,311,128
7669812,1164,-384,-13588,115,331,98
7674612,1064,-412,-13640,112,364,88
7747511,1108,-436,-13240,118,325,104
7750311,1076,-464,-13596,97,339,89
7755111,1132,-420,-13632,111,310,91
7759911,1028,-348,-13552,94,340,113
7764711,1012,-492,-13496,124,360,109
7769611,1116,-384,-13416,116,321,84
7774411,1096,-464,-13632,114,324,108
7780311,1044,-412,-13500,105,318,98
7863610,1108,-448,-13472,93,349,108
7865212,1108,-448,-13472,93,349,108
7870012,1120,-396,-13428,113,323,115
7874812,1076,-340,-13532,113,299,86
7879612,988,-428,-13544,94,326,105
7884412,1004,-264,-13560,110,335,92
7890312,1016,-368,-13548,131,343,117
7895212,1188,-420,-13412,111,338,113
7900012,1056,-336,-13584,126,274,88
7904812,1120,-524,-13476,110,318,103
7909612,1092,-396,-13680,83,353,106
7914412,976,-460,-13460,106,341,102
7987610,1120,-432,-13452,93,343,83
8015112,1096,-368,-13644,95,351,107
8019912,1180,-396,-13560,113,333,88
8024712,1056,-456,-13284,118,330,85
8029612,1124,-512,-13600,103,319,121
8034412,1104,-440,-13548,111,303,79
8122312,1068,-344,-13448,112,354,105
8125268,1000,-440,-13432,102,348,92
8130112,1032,-320,-13432,115,311,100
8134912,1084,-500,-13592,103,318,100
8139712,992,-472,-13488,108,318,90
8144512,1088,-404,-13660,85,365,72
8150412,1112,-400,-13588,123,356,92
8155312,1120,-392,-13324,121,307,92
8160112,1064,-472,-13668,101,311,111
8164912,1052,-428,-13304,89,318,112
8169712,1164,-284,-13548,91,370,71
8174512,928,-404,-13560,108,320,86
8180412,1136,-452,-13560,98,320,91
8185212,1076,-340,-13436,131,336,116
8258010,1064,-304,-13636,151,341,85
8259611,1064,-304,-13636,151,341,85
8264411,1044,-440,-13544,83,275,88
8270311,1056,-416,-13508,96,316,101
8355110,1056,-416,-13508,96,316,101
8360112,1076,-456,-13480,109,318,111
8364912,1080,-380,-13664,115,337,105
8369812,1132,-448,-13552,128,340,88
8374612,1004,-464,-13616,120,329,103
8379412,960,-412,-13556,92,333,111
8385312,1112,-384,-13528,103,350,103
8390112,1092,-440,-13440,98,304,114
8394912,1004,-440,-13600,123,311,102
8399812,1128,-452,-13352,106,282,91
8404612,1156,-352,-13528,90,345,95
8409412,1068,-416,-13528,87,361,106
8415312,1040,-440,-13532,102,332,96
8420112,1160,-344,-13584,124,329,94
8424912,1072,-400,-13480,99,330,90
8434811,1068,-336,-13516,118,308,109
8511212,1216,-488,-13340,107,369,85
8515114,1076,-368,-13364,114,322,114
8599112,1112,-476,-13684,109,306,99
8600612,1112,-476,-13684,109,306,99
8604612,1068,-444,-13468,110,331,111
8626412,1108,-396,-13472,117,327,98
8630312,1064,-444,-13540,109,311,125
8635112,1044,-508,-13564,92,351,99
8639912,1104,-392,-13476,101,367,94
8644712,1108,-484,-13496,95,342,107
8649512,948,-424,-13604,79,330,98
8654412,1148,-432,-13684,107,312,90
8660312,1160,-464,-13408,92,323,89
8665112,972,-544,-13544,105,339,97
8669912,1112,-336,-13556,105,327,72
8674712,1032,-336,-13564,120,343,108
8679512,1032,-456,-13480,115,346,84
8685412,1112,-504,-13552,115,339,90
8690212,1092,-352,-13548,105,335,92
8695112,1072,-496,-13540,106,332,96
8855910,1156,-464,-13520,111,322,108
8859810,1132,-420,-13548,86,333,85
8864712,984,-532,-13584,107,318,100
8869512,996,-436,-13448,101,343,129
8875412,1092,-416,-13648,80,337,119
8880212,1080,-448,-13392,115,341,113
8885012,932,-368,-13660,103,323,108
8889812,1060,-460,-13460,95,322,95
8894612,1056,-408,-13452,95,328,94
8899412,1144,-476,-13524,97,357,104
8905412,1076,-492,-13608,113,310,79
8910212,1160,-388,-13412,133,326,102
8915012,1164,-416,-13540,105,320,80
8919812,1024,-384,-13480,91,356,94
8924612,1100,-380,-13460,108,332,92
8941611,1016,-388,-13472,101,330,109
8945411,1104,-384,-13608,118,366,99
9031012,1004,-408,-13384,76,336,99
9034912,1032,-424,-13708,83,359,90
9039712,1076,-432,-13496,117,337,100
9112412,1036,-536,-13548,104,346,105
9115012,972,-412,-13392,87,318,108
9119812,1160,-436,-13516,115,309,108
9124712,1104,-388,-13592,99,321,91
9129512,1112,-476,-13492,91,328,97
9135412,1128,-412,-13472,120,354,118
9140212,1112,-472,-13504,105,343,92
9145012,1092,-356,-13384,98,335,102
9149812,1196,-464,-13600,119,316,107
9154612,1172,-416,-13532,85,341,100
9159412,1052,-452,-13564,103,347,99
9165412,1016,-500,-13452,119,336,110
9170212,1088,-404,-13460,119,313,87
9175012,1128,-440,-13516,99,315,90
9261512,1016,-440,-13424,104,319,114
9265412,1032,-488,-13472,111,332,97
9270212,996,-416,-13564,118,311,79
9275012,988,-476,-13532,115,313,92
9279912,1008,-352,-13600,82,326,88
9284712,1088,-464,-13580,122,346,90
9357210,1160,-384,-13540,93,337,90
9359810,1172,-560,-13640,109,317,92
9364712,1084,-380,-13544,93,312,87
9369512,1068,-360,-13508,98,336,108
9375412,988,-400,-13384,117,342,80
9380212,1200,-488,-13612,100,319,92
9385012,1092,-456,-13632,113,333,114
9389812,936,-456,-13596,105,346,99
9394612,1008,-412,-13728,97,329,87
9399412,1096,-360,-13508,116,339,107
9405412,996,-376,-13560,97,310,108
9492111,1060,-456,-13676,103,315,103
9504310,1040,-400,-13592,91,318,112
9505810,1040,-400,-13592,91,318,112
9509510,1116,-388,-13440,115,332,92
9515412,1092,-428,-13400,127,322,98
9520212,1092,-408,-13600,101,321,83
9525012,1024,-544,-13680,83,347,97
9529912,1168,-348,-13532,116,340,103
9534712,1120,-428,-13568,109,309,107
9631211,1144,-448,-13480,119,321,76
9635111,964,-416,-13512,102,345,97
9640011,1092,-532,-13572,111,345,131
9644811,1068,-336,-13504,102,334,95
9649611,1032,-484,-13544,117,328,89
9654411,964,-420,-13568,103,330,93
9660311,948,-344,-13560,110,323,101
9665111,1064,-448,-13492,104,315,99
9669911,1036,-328,-13444,101,323,86
9674711,1196,-396,-13528,118,364,117
9758219,1196,-396,-13528,118,364,117
9759822,1108,-348,-13576,112,322,94
9764612,1044,-500,-13712,107,321,89
9769412,1016,-332,-13584,89,347,112
9775412,1088,-488,-13564,114,337,95
9780212,1044,-436,-13608,104,336,108
9785012,1064,-476,-13628,97,316,85
9789812,1136,-404,-13728,80,349,96
9794612,1036,-352,-13616,91,329,121
9799412,1064,-380,-13504,113,331,101
9872311,1080,-384,-13348,118,331,110
9875111,1032,-348,-13476,93,335,110
9880011,1068,-384,-13632,101,362,105
9884811,1092,-444,-13572,114,339,109
9889611,1104,-288,-13552,115,319,101
9894411,1072,-424,-13580,96,291,98
9900311,1020,-452,-13532,87,337,94
9905111,1064,-388,-13444,102,354,96
9989812,1148,-492,-13444,119,343,95
10003410,1096,-388,-13472,113,321,110
10004910,1096,-388,-13472,113,321,110
10009812,1132,-456,-13544,105,330,94
10014612,1128,-460,-13544,108,359,112
10019412,1032,-404,-13704,91,348,95
10025312,1024,-356,-13388,115,350,109
10030112,1184,-532,-13444,115,318,111
10034912,1056,-320,-13552,97,320,107
10039812,1016,-420,-13564,99,327,100
10044612,1112,-464,-13592,104,347,89
10049412,1080,-472,-13476,100,326,109
10123710,1052,-436,-13404,105,329,106
10125210,1052,-436,-13404,105,329,106
10130112,1012,-404,-13500,114,337,102
10134912,1100,-460,-13492,99,333,98
10139812,1036,-464,-13576,97,293,119
10144612,1044,-412,-13496,85,354,102
10149412,1072,-400,-13588,113,351,98
10240810,1112,-572,-13352,125,317,99
10244711,996,-428,-13532,123,335,105
10249511,984,-372,-13388,104,317,100
10255411,1176,-484,-13456,130,324,92
10260211,1000,-360,-13532,112,310,97
10265011,1120,-328,-13648,115,322,119
10269811,1048,-380,-13524,105,328,90
10274611,1156,-468,-13444,112,336,108
10279411,1168,-332,-13516,79,309,100
10285411,1168,-420,-13588,108,305,112
10290211,1120,-372,-13524,79,337,117
10295011,1064,-472,-13744,133,319,100
10299811,1120,-348,-13428,107,314,97
10374810,1012,-308,-13632,130,348,125
10379610,1176,-488,-13400,106,327,103
10384512,1132,-464,-13480,122,333,108
10390412,968,-364,-13496,128,313,105
10479612,1080,-392,-13508,102,330,102
10496812,1072,-484,-13460,96,326,114
10499412,1032,-388,-13524,108,331,71
10505312,1160,-400,-13524,95,359,93
10510212,1112,-412,-13632,108,338,84
10515012,1016,-504,-13620,126,346,92
10519812,1044,-424,-13416,78,321,82
10524612,1040,-404,-13584,132,337,87
10529412,1032,-488,-13620,104,336,86
10535312,1048,-472,-13496,135,354,99
10540112,1072,-412,-13544,99,326,130
10544912,1016,-484,-13564,115,324,87
10549812,1088,-384,-13540,108,352,96
10554612,1072,-424,-13596,119,347,103
10559412,1120,-436,-13576,100,323,108
10565312,1100,-328,-13448,116,366,100
10664210,1116,-380,-13428,98,341,97
10665810,1116,-380,-13428,98,341,97
10669712,1068,-332,-13552,102,325,114
10759311,1100,-420,-13652,107,329,105
10760968,1100,-420,-13652,107,329,105
10764811,1120,-372,-13452,95,326,80
10769611,1032,-452,-13588,98,334,93
10774511,1116,-440,-13520,113,333,94
10780411,984,-404,-13604,122,327,103
10785211,1156,-404,-13612,83,329,97
10790011,1124,-376,-13600,119,337,105
10794811,1080,-440,-13572,100,318,89
10799611,1136,-436,-13480,119,345,97
10804411,1024,-408,-13520,112,350,89
10810311,1108,-492,-13648,101,337,107
10815211,1100,-472,-13616,134,323,90
10820011,1088,-364,-13432,84,335,91
10824811,1060,-504,-13516,123,334,121
10829611,1044,-472,-13544,112,331,98
10834411,1124,-444,-13684,104,317,95
10909010,996,-492,-13424,114,322,115
11000910,996,-492,-13424,114,322,115
11013010,1132,-452,-13500,105,332,119
11014512,1064,-440,-13468,111,322,106
11019412,1012,-364,-13572,91,340,105
11025412,1052,-372,-13444,88,320,109
11030212,1124,-420,-13504,106,337,96
11035012,940,-440,-13536,111,336,93
11039812,1040,-444,-13464,118,302,100
11044612,1028,-384,-13408,118,354,95
11049412,1164,-312,-13356,104,349,100
11055412,1112,-412,-13640,107,347,104
11060212,1052,-432,-13500,106,324,72
11065012,1120,-480,-13628,112,327,105
11069812,988,-400,-13520,93,316,91
11074612,1112,-468,-13456,126,331,124
11079412,1072,-404,-13464,122,340,103
11085312,1064,-468,-13424,110,329,105
11176612,1104,-484,-13524,117,341,123
11180312,992,-336,-13352,120,350,102
11256512,956,-492,-13648,101,344,81
11260512,1216,-352,-13444,104,355,106
11265312,1088,-440,-13496,92,319,97
11270212,1104,-580,-13424,98,335,86
11275012,1104,-312,-13752,99,343,97
11279812,1084,-584,-13556,117,316,106
11284612,1140,-404,-13432,83,308,88
11289412,1008,-504,-13556,94,327,109
11295312,1172,-296,-13616,87,343,99
11300112,1040,-452,-13632,130,334,70
11304912,988,-480,-13396,90,322,101
11309812,1024,-352,-13380,98,346,109
11314612,1064,-472,-13616,91,346,95
11319412,1016,-504,-13616,148,327,102
11325312,1096,-392,-13532,101,313,77
11415610,1108,-452,-13536,106,338,87
11420410,1004,-452,-13544,101,314,99
11425212,1072,-348,-13568,76,360,99
11435211,1096,-408,-13420,124,327,117
11440111,1024,-424,-13568,91,335,110
11514012,956,-476,-13652,79,349,106
11515512,956,-476,-13652,79,349,106
11520412,1064,-388,-13596,117,314,113
11525212,1100,-508,-13588,93,303,106
11530112,1072,-416,-13412,103,334,93
11534912,1204,-536,-13512,103,367,107
11539712,1028,-356,-13520,114,347,103
11544512,1080,-384,-13604,124,330,91
11550412,1004,-348,-13356,104,313,94
11555212,1184,-476,-13576,111,341,90
11560012,1092,-460,-13728,108,353,98
11564812,992,-412,-13492,110,337,106
11569712,1172,-524,-13700,104,331,87
11685510,1168,-360,-13540,96,351,111
11690410,1068,-480,-13504,86,332,105
11695312,1040,-464,-13448,124,335,85
11700112,1084,-476,-13716,116,319,103
11704912,1136,-384,-13532,126,307,92
11709712,1012,-528,-13500,79,328,116
11714512,1056,-372,-13352,97,336,97
11789010,1180,-412,-13628,108,331,107
11790510,1180,-412,-13628,108,331,107
11795412,1040,-392,-13492,111,328,81
11800212,1180,-440,-13440,106,332,88
11805012,1076,-436,-13380,102,339,96
11809912,1056,-408,-13556,117,341,107
11814712,1052,-396,-13552,118,310,100
11819512,1044,-492,-13484,94,324,86
11825412,1136,-436,-13492,112,329,102
11830212,1100,-368,-13616,101,343,71
11835012,1028,-304,-13388,120,333,105
11923910,1028,-304,-13388,120,333,105
11925520,1080,-536,-13588,116,310,105
11936610,976,-380,-13496,79,343,90
11940310,1060,-404,-13560,111,344,93
11945112,988,-336,-13500,103,360,96
11949912,948,-460,-13552,150,296,106
11954712,1100,-416,-13516,97,307,96
11959512,984,-452,-13532,126,328,84
11965412,1112,-492,-13532,106,344,92
12040310,996,-388,-13468,123,339,111
12045210,1044,-448,-13716,121,315,102
12050112,1152,-432,-13620,124,324,102
12054912,980,-388,-13448,114,354,115
12059712,1108,-400,-13428,82,337,88
12064512,1072,-508,-13608,111,325,87
12070412,1016,-456,-13484,108,323,92
12075212,1076,-364,-13516,90,323,95
12080012,1156,-384,-13428,93,323,116
12171610,1036,-284,-13592,97,343,107
12175312,992,-440,-13608,99,338,112
12180112,1044,-448,-13492,76,340,103
12184912,1136,-420,-13492,104,342,97
12189712,1132,-412,-13408,115,300,101
12194512,1100,-464,-13532,127,333,91
12200412,1072,-372,-13452,79,344,95
12205312,960,-516,-13588,91,330,99
12210112,1128,-396,-13620,116,339,84
12214912,976,-428,-13364,109,335,107
12219712,1080,-452,-13428,117,340,99
12293912,1140,-268,-13644,98,316,97
12295412,1136,-452,-13572,88,358,109
12300312,908,-408,-13620,99,350,102
12305212,1056,-364,-13436,112,318,112
12310012,996,-392,-13488,111,328,117
12314812,1052,-388,-13576,102,330,120
12319612,1068,-488,-13588,134,350,111
12409010,1060,-384,-13356,98,353,100
12410610,1024,-384,-13460,123,335,114
12415412,1036,-476,-13500,113,344,117
12420212,996,-432,-13600,106,342,94
12425012,1152,-420,-13516,121,325,102
12442021,1100,-452,-13496,90,325,95
12444612,1092,-460,-13528,130,328,99
12449412,1172,-368,-13444,93,338,102
12455412,1040,-440,-13480,109,332,123
12460212,1216,-304,-13400,104,335,85
12465012,1088,-568,-13632,113,312,108
12469812,1116,-540,-13452,116,349,104
12474612,1100,-440,-13460,114,345,87
12549510,1056,-400,-13548,94,343,129
12554412,1080,-352,-13400,91,346,104
12560312,1064,-396,-13560,99,341,124
12565212,1168,-544,-13652,145,325,107
12570012,1108,-512,-13544,115,308,100
12574812,1032,-508,-13556,127,335,95
12687511,1160,-488,-13468,118,329,89
12690311,972,-320,-13572,120,341,97
12695111,1092,-496,-13680,111,336,116
12699911,1040,-408,-13440,100,337,111
12704711,1080,-524,-13628,106,315,93
12709511,1120,-376,-13532,80,350,113
12715411,1048,-468,-13396,109,325,74
12720211,1160,-352,-13504,113,345,102
12725111,1032,-404,-13472,96,318,96
12729911,1208,-472,-13656,103,300,94
12734711,1160,-504,-13544,103,335,104
12739511,1044,-504,-13660,86,335,79
12745411,884,-552,-13520,91,323,118
12750211,1004,-532,-13464,93,335,110
12825012,1032,-356,-13480,105,324,92
12829912,1136,-408,-13600,106,338,93
12834712,1108,-380,-13480,106,339,95
12925810,968,-464,-13548,81,320,107
12943011,1132,-444,-13636,98,315,89
12944511,1024,-436,-13456,94,344,111
12949511,1044,-504,-13508,116,343,106
12955411,1040,-384,-13468,102,315,71
12960211,1084,-544,-13588,107,341,99
12965011,1032,-424,-13616,93,347,114
12969811,1032,-396,-13456,121,305,92
12974611,1080,-368,-13592,115,312,90
12979511,1112,-476,-13420,107,287,92
12985411,1032,-436,-13444,111,333,103
12990211,1032,-484,-13648,77,345,75
12995011,1104,-480,-13436,119,351,92
12999811,1052,-400,-13368,102,345,87
13004611,1196,-356,-13524,117,321,105
13009411,1196,-356,-13524,117,321,105
13015311,984,-428,-13556,107,293,100
13089812,1192,-532,-13712,111,401,98
13182310,1028,-488,-13620,108,366,90
13184910,1072,-348,-13296,131,374,85
13189712,960,-496,-13760,73,293,115
13194512,960,-496,-13760,73,293,115
13200412,1156,-476,-13592,82,341,90
13205312,1120,-416,-13576,140,357,99
13210112,1080,-448,-13732,114,289,104
13214912,984,-344,-13364,136,320,104
13219712,1032,-380,-13652,113,313,88
13224512,1032,-380,-13652,113,313,88
13230412,1200,-452,-13568,72,314,84
13235212,1012,-572,-13524,124,311,104
13240012,1044,-500,-13440,100,312,92
13244912,1156,-280,-13440,136,335,99
13249712,1116,-496,-13572,79,341,82
13254512,1116,-496,-13572,79,341,82
13347312,992,-500,-13424,109,326,103
13350112,1004,-396,-13540,119,349,83
13354912,1132,-468,-13656,109,328,102
13429012,1132,-484,-13568,121,339,117
13442410,1028,-384,-13520,108,355,112
13445010,1052,-532,-13420,108,344,119
13449812,1016,-552,-13508,99,329,104
13454612,1016,-552,-13508,99,329,104
13459412,984,-392,-13616,107,340,94
13465312,976,-508,-13592,121,301,97
13470112,1196,-436,-13324,94,312,99
13474912,1140,-552,-13528,106,322,93
13479812,1068,-376,-13520,84,346,93
13484612,1068,-376,-13520,84,346,93
13489412,1028,-492,-13564,100,347,104
13495312,1108,-392,-13532,104,343,96
13500112,1120,-380,-13412,101,301,93
13504912,1048,-452,-13400,104,344,99
13597812,1040,-388,-13504,115,354,98
13599412,1040,-388,-13504,115,354,98
13604412,1104,-436,-13612,107,336,103
13610312,1028,-424,-13300,110,320,108
13615112,1064,-400,-13504,100,341,125
13714011,1048,-488,-13628,119,366,110
13715611,1156,-420,-13440,114,338,81
13719611,1156,-420,-13440,114,338,81
13724411,1100,-464,-13376,105,318,95
13730311,1052,-436,-13516,110,342,95
13735111,1064,-484,-13444,140,328,114
13739911,1064,-404,-13632,106,349,116
13744711,1056,-476,-13556,94,359,109
13749611,1056,-476,-13556,94,359,109
13754411,1012,-424,-13544,109,346,107
13760311,1128,-400,-13596,98,296,96
13765111,1088,-328,-13616,86,329,128
13769911,1148,-428,-13620,100,327,115
13862110,1052,-472,-13496,127,331,88
13864710,1052,-472,-13496,127,331,88
13869512,1084,-468,-13524,91,326,109
13875412,984,-420,-13560,130,312,101
13880212,1064,-432,-13536,143,311,125
13885112,1148,-412,-13556,115,341,85
13889912,1064,-360,-13612,83,357,115
13964810,1076,-384,-13544,98,337,103
13985510,1064,-392,-13540,135,337,86
13990310,948,-432,-13572,117,325,90
13995112,1136,-396,-13588,122,323,108
13999912,1064,-376,-13536,97,347,85
14004712,1064,-376,-13536,97,347,85
14009512,984,-480,-13500,102,343,78
14015412,1016,-396,-13428,108,325,95
14020212,1148,-356,-13664,84,322,88
14025112,1016,-296,-13472,116,314,99
14029912,1024,-404,-13512,94,340,108
14120010,1060,-492,-13468,108,319,120
14125110,1108,-424,-13456,94,339,92
14129910,1032,-384,-13612,98,339,88
14134710,1032,-384,-13612,98,339,88
14139512,968,-292,-13452,101,328,85
14145412,1128,-472,-13520,106,303,110
14150212,980,-384,-13608,121,318,94
14155112,1168,-452,-13408,131,325,109
14159912,1044,-500,-13448,93,311,106
14233911,1116,-456,-13696,115,326,84
14235511,1092,-376,-13528,94,325,110
14240311,1176,-420,-13604,120,329,101
14245111,1056,-356,-13588,120,317,101
14249911,1056,-356,-13588,120,317,101
14254711,1008,-524,-13492,112,308,89
14259511,1148,-428,-13488,80,315,109
14265411,1012,-320,-13612,107,348,115
14358810,1044,-572,-13488,107,337,85
14360410,1032,-396,-13524,135,331,105
14365212,1012,-400,-13716,101,341,116
14370012,1016,-500,-13528,84,345,113
14374812,1016,-500,-13528,84,345,113
14379612,1056,-340,-13600,129,336,101
14384412,1072,-432,-13524,90,334,104
14390312,1048,-412,-13432,123,319,88
14395212,1084,-432,-13692,89,326,94
14400012,1080,-412,-13476,99,346,98
14404812,1080,-412,-13476,99,346,98
14409612,1120,-372,-13524,103,312,108
14484610,1028,-448,-13416,108,306,82
14501812,996,-500,-13572,92,309,105
14504512,996,-500,-13572,92,309,105
14510412,1124,-460,-13364,104,320,89
14515312,1096,-376,-13584,95,370,107
14520112,1132,-384,-13716,116,337,111
14524912,1092,-524,-13448,116,296,106
14616110,1120,-360,-13524,125,330,100
14620012,1120,-360,-13524,125,330,100
14624812,1048,-404,-13472,126,362,77
14629712,996,-328,-13516,126,357,89
14634512,1040,-348,-13604,108,312,98
14640412,1080,-424,-13616,107,380,105
14645212,1000,-500,-13608,103,346,105
14650012,1000,-500,-13608,103,346,105
14654812,1024,-432,-13588,120,300,112
14659712,1032,-408,-13352,88,325,114
14664512,1052,-388,-13460,109,367,96
14670412,1076,-460,-13564,140,333,131
14675212,1024,-472,-13640,95,291,100
14774212,1080,-500,-13456,112,334,96
14775812,1020,-404,-13588,109,310,132
14779612,1020,-404,-13588,109,310,132
14784412,996,-420,-13632,103,341,116
14790312,1056,-404,-13544,129,344,116
14879412,1056,-404,-13544,129,344,116
14884412,1004,-372,-13452,121,315,96
14890312,1168,-436,-13336,95,345,89
14895212,1044,-420,-13512,120,338,115
14900012,1044,-420,-13512,120,338,115
14904812,1112,-380,-13464,117,322,106
14909612,980,-516,-13548,121,303,111
14914412,1116,-420,-13528,103,327,96
14920312,1196,-468,-13568,94,341,80
14925212,1044,-368,-13344,126,307,87
14938612,1136,-332,-13492,95,351,92
14940112,1136,-332,-13492,95,351,92
14945012,1036,-476,-13600,91,350,105
14949812,1096,-508,-13636,112,332,104
14954612,1048,-524,-13632,113,325,98
15029711,1040,-392,-13488,122,313,87
15034611,1156,-412,-13460,117,313,96
15039411,1088,-464,-13496,106,348,93
15131612,980,-480,-13596,100,355,91
15134512,980,-480,-13596,100,355,91
15140412,996,-296,-13544,110,324,102
15145212,996,-296,-13544,110,324,102
15150012,984,-404,-13488,109,302,104
15154812,1152,-412,-13596,100,322,100
15159612,964,-432,-13480,90,326,110
15164512,1132,-448,-13652,100,356,114
15170412,1048,-448,-13452,87,332,97
15175212,1048,-448,-13452,87,332,97
15180012,1092,-448,-13500,115,320,97
15184812,1144,-408,-13556,102,336,94
15189612,1180,-404,-13544,87,337,97
15194412,1112,-364,-13464,131,350,119
15200312,1032,-472,-13504,126,333,78
15205212,1032,-472,-13504,126,333,78
15297010,1044,-504,-13660,104,333,86
15374912,1064,-440,-13716,109,327,111
15379912,1084,-332,-13564,97,318,106
15384812,1104,-400,-13452,122,345,96
15389612,1096,-404,-13456,128,331,84
15394412,1120,-420,-13324,97,331,123
15400312,1148,-512,-13660,112,321,108
15405112,1100,-448,-13476,91,343,104
15409912,1028,-368,-13616,92,343,84
15414712,1232,-440,-13560,97,352,97
15419512,1020,-388,-13668,102,335,99
15424412,1140,-368,-13360,120,318,102
15434410,1116,-400,-13680,112,329,93
15440310,1084,-512,-13456,108,337,112
15445212,1224,-440,-13656,83,318,102
15450012,1092,-524,-13480,98,336,93
15454812,1004,-308,-13436,83,323,107
15548310,1108,-444,-13468,107,328,85
15549812,1108,-444,-13468,107,328,85
15554712,1088,-348,-13512,91,351,79
15559512,1160,-528,-13516,117,343,83
15634012,988,-476,-13392,127,328,88
15635512,984,-388,-13676,109,292,93
15640412,984,-388,-13676,109,292,93
15645212,1036,-376,-13420,118,352,91
15650112,1112,-444,-13628,102,352,108
15654912,1152,-420,-13600,113,328,109
15659712,1132,-504,-13536,90,352,123
15664512,1012,-488,-13596,120,322,84
15670412,1024,-432,-13536,83,289,108
15675212,1012,-480,-13572,123,335,91
15680112,1132,-440,-13404,104,325,80
15684912,1084,-392,-13648,112,325,113
15689712,1116,-516,-13548,87,345,116
15694512,1092,-424,-13452,118,364,92
15812112,1040,-588,-13524,92,349,109
15814812,1040,-588,-13524,92,349,109
15819712,1128,-384,-13588,130,299,91
15824512,1064,-468,-13536,102,326,113
15830412,1044,-448,-13556,117,308,82
15835312,1124,-408,-13456,120,324,103
15910112,1204,-348,-13500,107,353,103
15915112,1176,-500,-13412,96,338,109
15919912,1132,-360,-13600,110,320,114
15924712,1012,-528,-13544,118,313,104
15934610,1144,-416,-13612,114,340,95
15939410,1056,-400,-13620,107,325,106
15945312,1120,-356,-13552,80,295,87
15950112,1164,-484,-13540,113,348,112
15954912,1072,-392,-13532,119,333,101
15959712,1080,-448,-13628,92,343,78
15964512,1140,-468,-13588,114,328,99
15970412,1080,-376,-13492,97,329,95
16059512,1080,-376,-13492,97,329,95
16064412,1136,-500,-13628,71,343,93
16070312,1116,-448,-13588,120,327,119
16075112,1180,-416,-13412,125,337,80
16080012,1044,-432,-13584,124,316,94
16084812,1076,-364,-13500,107,353,98
16089612,1084,-404,-13548,93,331,96
16094412,1208,-352,-13588,128,338,92
16169111,1036,-404,-13352,113,354,105
16170611,1036,-404,-13352,113,354,105
16174411,1136,-364,-13528,124,333,103
16180311,1016,-496,-13532,96,297,106
16185111,1112,-356,-13576,106,337,104
16189911,1048,-504,-13516,84,362,94
16194711,1132,-456,-13556,129,351,84
16199511,1060,-472,-13584,125,317,81
16204411,1044,-408,-13344,114,324,97
16297812,1148,-432,-13660,93,335,85
16300412,1148,-432,-13660,93,335,85
16305212,1080,-336,-13456,115,353,84
16310112,1112,-416,-13512,92,334,111
16314912,1100,-436,-13324,119,344,106
16319712,1120,-452,-13496,119,292,117
16324512,1168,-464,-13500,106,305,120
16330412,968,-488,-13576,111,350,126
16335212,1132,-376,-13596,75,339,86
16340012,1084,-400,-13588,88,383,111
16344812,1008,-460,-13560,108,310,102
16419911,1208,-400,-13500,77,361,116
16424811,1052,-328,-13668,103,364,95
16445412,1140,-384,-13588,102,333,100
16450212,1004,-420,-13524,83,315,93
16455012,1032,-432,-13696,122,337,89
16459912,1124,-504,-13500,99,373,102
16464712,1024,-404,-13556,101,375,72
16555912,1028,-520,-13516,100,325,114
16560012,1028,-520,-13516,100,325,114
16564812,1072,-368,-13452,98,327,112
16569612,1096,-348,-13540,116,349,85
16574412,1096,-384,-13628,94,351,106
16580312,1020,-404,-13616,96,307,105
16585112,1168,-428,-13500,100,308,104
16590012,1092,-460,-13432,115,357,92
16594812,1128,-472,-13556,105,356,90
16599612,1084,-544,-13540,124,308,91
16604412,1004,-388,-13568,96,340,114
16610312,1012,-440,-13512,107,331,90
16615112,1032,-428,-13764,103,366,84
16689911,1036,-324,-13508,113,303,80
16695011,1052,-380,-13468,88,317,79
16699811,1044,-456,-13384,107,341,84
16704611,1044,-272,-13532,104,330,99
16819010,1104,-496,-13384,116,348,103
16820610,1104,-496,-13384,116,348,103
16824412,1104,-392,-13428,88,318,99
16830312,1068,-420,-13528,117,324,114
16835112,1144,-488,-13504,102,309,107
16839912,1124,-392,-13620,91,336,123
16844712,956,-472,-13436,79,338,96
16849512,1080,-452,-13456,128,357,117
16855412,1100,-408,-13452,89,304,114
16860212,1068,-504,-13616,114,286,100
16865112,1048,-360,-13384,105,318,96
16869912,984,-484,-13636,66,345,97
16874712,1096,-416,-13684,110,330,93
16879512,1016,-428,-13332,100,340,111
16885412,1048,-440,-13520,131,324,104
16890212,1040,-484,-13568,100,330,105
16964812,1128,-360,-13608,116,330,101
16978511,1096,-412,-13748,111,344,115
16980011,1096,-412,-13748,111,344,115
17071110,1008,-460,-13488,94,329,83
17074810,1008,-460,-13488,94,329,83
17079612,1080,-384,-13584,113,355,97
17084412,1112,-428,-13480,105,341,101
17090312,1108,-332,-13540,105,326,102
17095112,1092,-460,-13412,122,329,93
17099912,1148,-432,-13480,117,316,99
17104712,1004,-440,-13532,94,332,95
17109612,1052,-524,-13584,92,333,103
17114412,924,-412,-13584,120,341,108
17120312,1044,-532,-13604,133,321,107
17125112,1160,-500,-13468,93,316,103
17129912,1080,-416,-13488,61,333,103
17134712,1104,-440,-13588,103,342,84
17139512,956,-436,-13568,108,328,90
17145412,1040,-440,-13568,103,318,106
17236612,1032,-484,-13672,135,351,85
17315010,1060,-352,-13508,132,336,99
17319912,1104,-472,-13544,90,318,99
17324712,988,-456,-13644,104,327,103
17329512,1028,-336,-13612,107,336,100
17335412,1084,-492,-13452,109,336,99
17340212,1056,-448,-13528,106,359,109
17345012,1012,-484,-13572,118,322,107
17349812,1088,-380,-13516,102,325,93
17354612,1060,-336,-13500,97,321,89
17359512,1076,-448,-13556,80,347,111
17365412,1188,-492,-13464,107,338,113
17370212,1108,-472,-13396,94,346,101
17375012,1004,-376,-13468,102,317,115
17379812,1032,-408,-13620,86,337,98
17384612,1072,-488,-13492,119,343,92
17389412,1044,-392,-13548,110,321,101
17478812,1044,-392,-13548,110,321,101
17496012,1144,-444,-13688,95,358,105
17499712,1096,-444,-13476,115,335,86
17504512,1072,-456,-13472,111,314,97
17580710,1064,-448,-13636,100,361,74
17584510,1036,-380,-13548,98,335,103
17590410,1100,-456,-13512,99,333,96
17595312,1068,-440,-13456,82,347,90
17600112,1068,-400,-13484,103,330,100
17604912,1112,-404,-13452,122,343,106
17609712,1072,-480,-13456,104,322,103
17614512,1204,-452,-13252,93,353,99
17620412,1120,-352,-13624,117,332,102
17625212,1204,-512,-13464,106,339,99
17630012,1056,-484,-13560,93,324,91
17634912,1136,-400,-13624,98,298,98
17639712,1016,-392,-13644,106,337,86
17644512,1044,-348,-13596,129,345,106
17735110,1004,-500,-13532,113,350,85
17740110,1252,-396,-13648,100,323,97
17745012,1044,-532,-13464,104,311,100
17749812,1164,-388,-13496,119,328,91
17754612,1036,-452,-13400,94,361,99
17759412,1032,-436,-13452,121,345,72
17858111,1064,-368,-13396,94,366,106
17859711,1064,-368,-13396,94,366,106
17864511,1000,-432,-13544,88,351,109
17869411,1080,-472,-13404,112,344,98
17875311,1100,-316,-13616,117,323,95
17880111,1088,-512,-13440,92,329,108
17884911,1184,-408,-13564,95,341,109
17889711,1044,-552,-13376,97,364,101
17894511,1112,-484,-13472,113,326,87
17900411,1092,-420,-13492,98,327,88
17905211,1084,-428,-13504,86,336,110
17998010,1028,-376,-13468,121,353,93
18014912,1052,-452,-13716,96,338,95
18019712,1120,-444,-13580,104,324,101
18024512,1076,-388,-13532,90,314,92
18030412,1180,-488,-13436,111,327,88
18035212,992,-396,-13616,110,324,117
18040012,968,-452,-13476,85,330,89
18044812,1032,-440,-13360,111,340,96
18049612,1016,-512,-13496,94,322,96
18123810,1024,-392,-13560,106,315,106
18125410,1024,-392,-13560,106,315,106
18130212,1148,-356,-13412,107,339,86
18135012,1048,-504,-13508,91,359,98
18139812,1116,-452,-13476,106,345,97
18144612,1164,-500,-13476,107,333,92
18149412,1080,-420,-13464,104,319,128
18155312,1192,-488,-13528,89,326,93
18160212,1140,-436,-13624,114,340,99
18251510,1112,-452,-13564,112,310,85
18255410,1112,-452,-13564,112,310,85
18260212,976,-440,-13476,91,324,95
18265012,1040,-488,-13460,89,341,94
18269812,1068,-508,-13592,105,374,114
18274712,1020,-376,-13464,109,332,88
18279512,1116,-464,-13428,118,328,97
18285412,1092,-464,-13556,69,330,116
18290212,964,-388,-13564,106,320,108
18295012,1056,-432,-13552,94,324,81
18299812,1008,-412,-13456,105,328,100
18374211,1100,-436,-13744,90,354,90
18375811,1100,-436,-13744,90,354,90
18379511,1032,-428,-13516,125,328,99
18385411,1120,-296,-13520,89,345,83
18390311,1068,-404,-13660,98,336,91
18395111,1088,-340,-13492,103,328,70
18399911,1052,-556,-13436,108,345,90
18491369,972,-428,-13704,82,314,97
18503611,1080,-416,-13620,116,321,93
18505111,1080,-416,-13620,116,321,93
18510111,1072,-456,-13504,122,336,103
18514911,1072,-400,-13412,108,338,88
18519711,1032,-472,-13552,122,339,98
18524511,1200,-544,-13744,103,329,99
18530411,1012,-328,-13488,105,323,92
18535211,1056,-436,-13608,125,362,109
18540111,1076,-464,-13424,129,335,89
18544911,1084,-340,-13564,118,313,95
18549711,1060,-488,-13628,123,296,127
18554511,1068,-404,-13544,96,337,117
18628712,1060,-384,-13564,111,362,84
18630312,1060,-384,-13564,111,362,84
18635112,1112,-512,-13488,110,322,97
18640012,1080,-444,-13620,89,334,101
18644812,1196,-472,-13532,99,316,96
18649612,1052,-492,-13320,91,370,97
18741812,1092,-324,-13556,93,342,110
18744712,1092,-324,-13556,93,342,110
18749512,1124,-352,-13524,94,334,102
18755412,1024,-452,-13572,103,310,118
18760212,1108,-484,-13648,84,346,102
18765012,1040,-416,-13476,115,329,115
18769812,1020,-328,-13632,113,329,100
18774712,1012,-520,-13536,111,331,119
18779512,1140,-488,-13496,117,317,96
18785412,1128,-432,-13488,114,361,105
18790212,1128,-364,-13448,96,340,99
18795012,1116,-404,-13548,95,325,82
18799812,1080,-544,-13492,106,322,96
18804612,1020,-384,-13520,126,312,92
18903412,1156,-392,-13584,98,329,79
18905012,1156,-392,-13584,98,329,79
18910012,1052,-404,-13504,113,331,94
18914812,964,-452,-13600,95,332,92
19005921,1160,-300,-13572,83,347,107
19019521,1016,-420,-13264,114,330,109
19024412,1080,-508,-13380,106,329,107
19030412,1080,-452,-13512,87,361,110
19035212,1104,-508,-13664,102,354,100
19040012,1044,-452,-13440,108,318,131
19044812,1028,-424,-13392,104,319,92
19049612,1048,-436,-13488,99,312,86
19054412,1068,-492,-13552,110,316,115
19060312,1044,-356,-13516,125,338,99
19065112,1056,-444,-13464,115,330,115
19070012,1156,-372,-13472,107,285,116
19074812,1124,-508,-13596,103,301,89
19079612,956,-384,-13568,123,327,92
19084412,1036,-380,-13560,95,316,106
19090312,1020,-452,-13584,120,356,107
19165010,980,-420,-13412,113,327,76
19256512,1012,-452,-13336,115,314,106
19260412,1000,-376,-13644,81,329,91
19265212,1008,-528,-13496,100,360,99
19270112,1088,-464,-13592,84,369,67
19274912,876,-548,-13584,137,326,65
19279712,1064,-392,-13496,95,261,32
19284512,1100,-348,-13508,128,349,10
19290412,1044,-320,-13608,103,339,-38
19295212,1100,-256,-13508,96,340,-111
19300112,1056,-236,-13408,102,334,-186
19304912,1048,-212,-13464,147,325,-294
19309712,1124,-104,-13464,120,348,-354
19314512,1188,-352,-13388,111,317,-460
19320412,1100,-188,-13568,131,322,-564
19325212,1168,-312,-13624,139,335,-689
19330012,1120,-116,-13448,96,309,-856
19423612,1076,-96,-13668,225,297,-3692
19425212,1076,-96,-13668,225,297,-3692
19449711,1196,-256,-13772,329,326,-4077
19529222,1372,-356,-13808,37,419,-3250
19530821,1372,-356,-13808,37,419,-3250
19534512,952,-524,-13572,174,231,-3155
19540412,1092,-256,-13688,183,206,-3070
19545212,1592,-576,-13060,415,388,-2892
19550012,1256,-780,-13388,286,298,-2701
19554812,712,-812,-13952,169,237,-2509
19559612,664,-572,-13880,133,155,-2326
19564512,560,-728,-13372,296,249,-2151
19570412,512,-620,-13244,280,305,-1913
19575212,664,-844,-13728,256,366,-1717
19580012,480,-816,-13376,208,298,-1428
19584812,824,-944,-13564,185,335,-1109
19589612,560,-1004,-13676,208,371,-744
19594412,1168,-984,-13700,139,268,-501
19600312,1088,-992,-13512,80,219,-252
19691910,1144,-456,-13504,105,328,110
19694610,1144,-456,-13504,105,328,110
19699410,1068,-460,-13680,106,354,106
19705411,1052,-416,-13736,112,324,84
19783310,1080,-428,-13576,109,351,110
19784810,1080,-428,-13576,109,351,110
19789610,1096,-416,-13568,112,339,97
19794412,1116,-432,-13484,105,330,105
19800312,1092,-432,-13460,110,312,124
19805112,1004,-496,-13612,122,311,117
19810012,1068,-416,-13524,124,355,121
19814812,1064,-456,-13592,104,333,110
19819612,1164,-396,-13408,113,328,107
19824412,1112,-472,-13496,106,348,101
19830312,1120,-388,-13392,75,338,105
19835112,1016,-408,-13584,118,340,86
19839912,984,-512,-13500,115,310,110
19844712,1044,-388,-13420,112,348,100
19958810,1040,-436,-13644,111,352,94
19973112,956,-400,-13360,102,318,97
19974612,956,-400,-13360,102,318,97
19979512,1080,-428,-13548,104,315,101
19985412,1128,-472,-13364,103,368,100
19990212,1116,-484,-13560,107,361,110
20065710,1100,-384,-13524,145,391,108
20069410,1016,-476,-13500,137,413,106
20075312,1164,-384,-13508,152,439,111
20080112,1164,-436,-13508,146,430,103
20084912,1008,-436,-13696,117,392,127
20089712,1108,-464,-13536,106,349,107
20094512,1104,-448,-13408,103,345,134
20100412,1076,-572,-13800,127,353,126
20105312,1024,-428,-13712,108,386,172
20110112,1084,-540,-13628,110,406,199
20114912,1108,-468,-13664,140,335,215
20119712,1024,-764,-13620,116,352,280
20211310,1096,-1532,-13544,1635,535,6201
20215212,1236,-1408,-13772,1672,523,6642
20220012,1128,-1456,-13372,1665,495,7043
20224812,1156,-1600,-13384,1519,367,7427
20229712,1064,-1408,-13492,1497,580,7819
20234512,2236,2296,-13396,1231,627,7810
20240412,1856,-268,-14832,657,518,7209
20245212,1320,-984,-12532,-386,425,6829
20323412,1092,-1080,-13832,-412,423,-300
20325012,1092,-1080,-13832,-412,423,-300
20329812,1200,-404,-13036,613,150,-148
20334612,1064,-696,-14072,-180,-38,-213
20339412,808,-380,-13376,277,283,-148
20345412,936,-608,-13408,153,511,-110
20350212,1304,-636,-13148,125,562,-24
20355012,1180,-624,-13652,-12,277,27
20359812,1032,-484,-13804,136,129,97
20364612,1092,-416,-13580,102,315,111
20454912,1092,-416,-13580,102,315,111
20467010,960,-444,-13324,91,305,115
20469812,1080,-488,-13496,111,348,128
20474612,1052,-432,-13492,87,336,114
20479412,1196,-440,-13532,117,323,95
20485412,1052,-468,-13400,79,330,105
20490212,1076,-420,-13592,110,322,105
20495012,1116,-344,-13388,97,343,109
20499812,1040,-464,-13572,90,329,130
20504612,1104,-504,-13416,91,334,90
20580910,1080,-424,-13444,84,326,113
20584710,1036,-456,-13580,108,294,98
20589510,1072,-396,-13364,96,353,76
20594412,1016,-520,-13620,118,324,97
20600312,1076,-436,-13560,111,330,102
20605112,1064,-460,-13628,111,308,95
20609912,1112,-360,-13468,113,352,102
20614712,1072,-464,-13620,100,317,87
20704612,1060,-504,-13444,117,304,93
20709612,1072,-416,-13476,111,354,115
20714512,1144,-500,-13496,75,330,113
20720412,1060,-488,-13548,137,335,81
20725212,1144,-404,-13552,92,309,102
20730012,1028,-420,-13532,111,341,124
20734812,1032,-416,-13468,103,341,96
20739612,1072,-476,-13504,108,327,99
20744412,1132,-364,-13544,86,329,87
20750312,1124,-384,-13648,82,332,112
20755212,992,-328,-13444,100,344,119
20760012,992,-380,-13536,109,335,104
20834610,1116,-376,-13512,119,304,98
20839410,1008,-392,-13628,109,323,96
20845312,1000,-452,-13592,111,325,102
20850112,1028,-404,-13420,131,314,87
20966810,1024,-472,-13680,107,335,86
20987511,1048,-436,-13620,110,322,115
20990111,1048,-436,-13620,110,322,115
20994911,1096,-512,-13436,119,337,82
20999811,1052,-380,-13432,110,347,102
21004611,1076,-492,-13496,77,322,110
21009411,1168,-392,-13764,111,348,104
21015311,1076,-540,-13580,106,329,112
21020111,1036,-420,-13540,110,357,94
21024911,1044,-452,-13688,109,315,112
21029711,1024,-492,-13496,108,323,93
21034511,1120,-452,-13588,102,349,117
21039411,1124,-384,-13664,103,332,120
21045311,1144,-548,-13644,118,348,117
21050111,1060,-524,-13624,103,320,89
21054911,1112,-484,-13612,96,340,108
21130510,944,-456,-13600,103,352,92
21135410,1052,-352,-13420,98,336,97
21226610,1004,-488,-13432,117,313,89
21229410,1104,-348,-13580,100,342,108
21235312,1056,-380,-13512,85,335,93
21240112,984,-372,-13588,82,336,92
21244912,1148,-396,-13464,92,339,99
21249812,1140,-356,-13428,93,366,82
21254612,1116,-548,-13576,98,357,93
21259412,1056,-356,-13480,87,313,105
21265312,1044,-404,-13524,96,337,85
21270112,1064,-452,-13424,92,341,106
21274912,1096,-476,-13404,110,376,115
21279712,1016,-404,-13508,111,339,99
21284512,1024,-404,-13468,104,317,98
21289412,1076,-424,-13516,103,322,99
21295312,1076,-312,-13572,111,341,120
21300112,1140,-436,-13568,115,352,98
21392912,1060,-532,-13528,99,327,110
21394512,1060,-532,-13528,99,327,110
21470512,1044,-508,-13600,105,337,111
21497912,1104,-416,-13488,105,308,92
21499412,1104,-416,-13488,105,308,92
21505412,1016,-480,-13592,109,327,118
21510212,1064,-408,-13508,115,347,125
21515012,1008,-328,-13480,115,332,101
21519912,1032,-496,-13608,124,314,89
21524712,1036,-464,-13564,101,324,116
21529512,976,-408,-13404,107,362,104
21535412,1132,-512,-13500,107,327,69
21540212,1096,-464,-13648,117,335,88
21545012,1060,-488,-13532,117,320,103
21549812,1168,-468,-13504,122,342,86
21554612,1056,-412,-13600,100,332,103
21559512,1036,-360,-13488,91,337,115
21565412,1028,-380,-13544,120,317,117
21570212,1108,-536,-13408,87,336,98
21659412,1108,-536,-13408,87,336,98
21664412,1064,-364,-13324,111,326,109
21670412,1016,-324,-13772,111,330,98
21745610,1044,-340,-13564,105,345,87
21749510,1048,-556,-13480,126,326,97
21755412,976,-472,-13560,132,336,101
21760212,1056,-512,-13384,131,319,117
21765012,1072,-372,-13532,82,318,129
21769912,1084,-448,-13576,90,322,101
21774712,1168,-340,-13468,94,349,100
21779512,1032,-364,-13564,111,337,100
21785412,1028,-400,-13408,108,322,119
21790212,1072,-536,-13592,88,341,118
21795012,1168,-424,-13588,104,312,83
21799812,992,-492,-13548,116,340,92
21804612,968,-456,-13496,102,315,113
21809512,1152,-492,-13616,129,317,95
21899512,1152,-492,-13616,129,317,95
21904512,1156,-432,-13580,111,342,95
21909412,1048,-448,-13680,127,282,87
21915312,1020,-432,-13548,124,350,99
21920112,1128,-472,-13408,81,326,114
21924912,1096,-448,-13628,119,341,94
22036710,1080,-476,-13408,123,331,85
22039512,1056,-504,-13448,77,361,100
22044412,1100,-444,-13548,120,322,108
22050412,1000,-404,-13452,91,355,112
22055212,1104,-504,-13556,138,319,100
22060012,1036,-424,-13432,100,325,106
22064812,1036,-536,-13568,133,316,89
22069612,1104,-424,-13572,89,333,92
22074412,1032,-456,-13556,84,350,96
22080412,1064,-440,-13632,102,342,110
22085212,1076,-480,-13696,95,322,99
22176510,1164,-532,-13420,146,302,88
22180210,992,-584,-13568,105,260,85
22185112,1092,-584,-13336,112,357,118
22189912,992,-316,-13632,73,375,86
22194712,1012,-416,-13716,138,300,106
22199512,948,-348,-13368,96,301,100
22205412,1076,-396,-13344,99,362,107
22210212,1264,-524,-13548,111,400,100
22215012,1172,-524,-13624,118,297,102
22289710,1124,-356,-13412,129,302,91
22294710,1128,-448,-13640,84,381,82
22299512,1036,-344,-13532,102,344,105
22305412,976,-500,-13452,121,308,109
22310212,1152,-484,-13572,122,330,101
22315112,1088,-472,-13648,91,351,87
22319912,1248,-432,-13660,102,318,86
22324712,1016,-496,-13556,111,280,124
22414710,1104,-484,-13384,132,277,87
22419812,1132,-524,-13556,105,332,95
22424612,1060,-504,-13672,99,388,103
22441611,1040,-448,-13492,84,348,114
22445411,1128,-448,-13576,79,359,104
22450311,1156,-568,-13688,85,329,94
22455111,1080,-488,-13580,86,280,91
22459911,964,-332,-13000,98,371,115
22464711,1160,-232,-13700,122,349,100
22469511,1200,-448,-12608,109,425,85
22475411,1228,-424,-14284,189,279,87
22480311,980,-556,-13244,80,198,78
22554412,1072,-500,-13312,131,386,100
22560412,976,-516,-13704,90,308,88
22565212,944,-504,-13368,177,414,98
22570012,1044,-388,-13612,59,278,73
22574812,1184,-412,-13704,117,351,100
22579612,1080,-448,-13600,103,297,66
22667910,1080,-448,-13600,103,297,66
22669512,1072,-404,-13348,134,374,111
22675412,896,-460,-13716,106,281,107
22680212,1000,-496,-13532,124,390,100
22685012,1084,-548,-13720,65,341,80
22689812,1124,-476,-13524,158,304,104
22694612,1080,-316,-13308,52,360,92
22699512,1140,-492,-13564,136,351,94
22705412,1064,-436,-13556,88,314,75
22710212,1076,-452,-13644,134,348,120
22715012,1084,-460,-13484,115,336,100
22719812,1092,-388,-13604,114,316,93
22724612,1164,-428,-13552,93,360,99
22729412,1172,-432,-13632,100,300,114
22804112,1008,-428,-13288,112,350,99
22805712,1008,-428,-13288,112,350,99
22809412,1200,-364,-13544,64,329,102
22815312,1128,-364,-13624,130,321,116
22907010,1036,-408,-13512,105,320,93
22909612,1112,-388,-13292,95,334,97
22914412,1036,-380,-13560,102,335,111
22920312,1092,-420,-13556,91,347,98
22925112,1080,-516,-13412,118,340,104
22935111,1088,-484,-13716,104,342,98
22940011,1144,-396,-13536,103,351,90
22944911,996,-444,-13516,119,316,98
22949711,1124,-428,-13468,135,307,110
22954511,1180,-432,-13500,83,340,102
22960411,1104,-380,-13708,79,318,95
22965211,1060,-380,-13452,92,346,84
22970011,1024,-420,-13372,112,319,114
22974911,1004,-444,-13576,119,315,111
22979711,1028,-428,-13552,118,359,95
22984511,1144,-408,-13468,115,321,118
23083310,1112,-480,-13428,107,335,110
23084912,1112,-480,-13428,107,335,110
23089712,1216,-348,-13176,98,414,95
23180110,1216,-348,-13176,98,414,95
23185212,1180,-260,-13980,99,292,92
23190012,1032,-508,-13300,122,287,107
23194912,948,-400,-13676,108,350,109
23199712,964,-580,-13508,80,322,125
23204512,1008,-516,-13464,97,381,97
23210412,1212,-460,-13812,90,297,91
23215212,1036,-396,-13340,115,306,101
23220012,1140,-340,-13384,138,344,111
23224912,1132,-388,-13552,101,356,95
23229712,1052,-536,-13592,133,327,88
23234512,1024,-572,-13632,132,285,85
23240412,1040,-528,-13380,97,319,96
23245212,1048,-396,-13436,107,346,88
23250012,1132,-440,-13404,78,386,74
23254812,1080,-252,-13684,124,332,87
23346510,980,-472,-13628,105,314,118
23424410,968,-412,-13432,119,312,116
23456011,1036,-392,-13468,85,337,93
23459811,1032,-444,-13584,121,372,91
23464611,1132,-400,-13692,110,329,98
23469511,1088,-500,-13428,99,334,128
23475411,1080,-496,-13372,106,314,128
23480211,1096,-424,-13440,102,340,100
23485011,1200,-324,-13468,71,344,101
23489811,1044,-308,-13520,117,303,111
23494611,1152,-388,-13552,100,349,107
23499411,1108,-564,-13548,103,332,97
23505311,964,-444,-13552,121,318,77
23510211,1076,-492,-13668,112,322,93
23515011,1064,-480,-13528,102,319,105
23519811,1100,-380,-13544,101,342,107
23524611,1088,-400,-13500,95,333,92
23529411,1008,-420,-13592,104,365,85
23619714,1100,-452,-13508,81,362,100
23624612,1108,-424,-13360,116,329,101
23629412,996,-484,-13572,126,283,107
23704410,1216,-468,-13464,89,348,109
23709411,1040,-424,-13664,122,325,102
23715311,1136,-408,-13560,102,328,85
23720211,1188,-520,-13668,111,326,96
23725011,1028,-600,-13424,103,341,115
23729811,1012,-444,-13544,92,317,91
23734611,1020,-456,-13432,94,335,84
23739411,1028,-372,-13504,105,337,102
23745311,1108,-500,-13560,98,325,111
23750211,948,-468,-13616,108,358,101
23755011,972,-516,-13604,84,322,100
23759811,1080,-448,-13568,114,300,101
23764611,992,-296,-13384,86,350,87
23769411,1064,-436,-13456,114,326,105
23859712,1064,-380,-13480,94,347,94
23864712,976,-436,-13336,127,337,123
23869512,1108,-436,-13596,123,328,124
23874412,1052,-472,-13448,84,314,113
23880312,1136,-488,-13660,94,345,87
23885112,1024,-512,-13296,127,343,113
23959610,992,-484,-13644,76,328,127
23973012,956,-368,-13500,105,321,115
23974512,1076,-584,-13476,114,386,114
23979412,1108,-440,-13628,55,374,82
23985312,1200,-468,-13668,122,295,90
23990112,1132,-368,-13436,80,300,102
23995012,940,-396,-13632,130,317,114
23999812,1040,-436,-13380,114,384,96
24004612,1052,-448,-13604,100,335,122
24009412,1024,-532,-13424,116,312,76
24015312,1028,-444,-13516,103,318,89
24020112,1080,-428,-13344,80,335,116
24136210,1136,-420,-13436,107,337,96
24140012,1164,-332,-13540,94,301,88
24144812,1120,-352,-13488,83,322,106
24149612,1040,-388,-13516,92,360,103
24154412,1104,-324,-13592,94,352,95
24160312,1008,-384,-13620,98,308,103
24165112,952,-368,-13372,92,325,118
24170012,1012,-464,-13460,97,360,87
24244112,1100,-396,-13608,119,334,98
24245612,1100,-396,-13608,119,334,98
24249412,1036,-500,-13564,104,295,104
24255312,1028,-500,-13584,78,331,88
24260112,1212,-364,-13408,103,368,92
24264912,1096,-388,-13564,92,333,92
24269712,1040,-364,-13612,128,318,107
24274512,1016,-460,-13572,84,326,119
24280412,1076,-408,-13360,85,378,94
24285212,1040,-380,-13572,139,354,82
24375912,1040,-380,-13572,139,354,82
24379712,1120,-460,-13400,113,322,87
24384512,1048,-416,-13472,102,315,113
24390412,1096,-464,-13412,112,349,121
24395212,1072,-404,-13584,81,315,73
24400012,1068,-376,-13552,108,327,82
24404812,1128,-452,-13344,75,319,102
24409612,1088,-400,-13556,97,331,109
24414512,1056,-500,-13448,95,336,120
24420412,1124,-404,-13536,107,312,119
24495010,888,-424,-13516,95,357,105
24511712,944,-484,-13428,124,298,96
24515412,1092,-500,-13468,91,324,105
24520212,1128,-544,-13552,119,339,116
24525012,1040,-404,-13436,102,323,111
24529812,1112,-356,-13352,106,306,87
24534612,960,-476,-13396,85,342,92
24539412,1008,-400,-13512,112,340,108
24631468,1048,-428,-13564,113,337,86
24635312,1140,-400,-13436,102,335,106
24640112,1032,-420,-13420,106,322,93
24645012,1084,-364,-13592,109,314,112
24649812,1000,-424,-13424,67,358,90
24654612,1072,-356,-13528,134,362,92
24659412,988,-552,-13484,101,339,87
24665312,1036,-480,-13644,93,316,94
24670112,1184,-312,-13612,107,319,120
24674912,956,-552,-13484,87,332,106
24679712,1260,-324,-13492,73,358,109
24684612,1060,-456,-13496,126,297,104
24759011,1124,-468,-13636,124,348,96
24760611,1124,-468,-13636,124,348,96
24765411,1048,-448,-13440,112,345,124
24770211,1064,-420,-13396,117,361,98
24775011,1124,-452,-13488,99,349,105
24779811,1068,-500,-13604,100,299,106
24870910,1076,-532,-13352,109,316,96
24874710,1056,-440,-13500,94,321,84
24879612,1120,-452,-13516,76,350,92
24884412,988,-308,-13604,100,355,98
24890312,996,-360,-13532,128,303,89
24895112,1140,-380,-13424,128,332,87
24899912,1080,-424,-13388,111,288,72
24904712,1140,-540,-13640,112,330,93
24909512,1004,-384,-13620,107,341,107
24915412,1096,-384,-13440,104,346,92
24920312,1116,-368,-13388,90,324,95
24925112,1100,-492,-13620,106,317,104
24934912,1048,-368,-13544,130,340,100
24939812,1028,-480,-13548,125,338,109
25014411,1152,-400,-13380,125,353,95
25019411,1128,-500,-13480,152,338,91
25025311,1016,-428,-13652,115,320,84
25141510,1092,-512,-13472,101,352,93
25145410,1080,-440,-13512,111,333,100
25150312,1116,-448,-13528,111,350,122
25155112,1084,-384,-13432,116,346,112
25159912,888,-468,-13712,104,340,100
25164712,1076,-340,-13492,111,334,95
25169512,1172,-384,-13620,103,321,99
25175412,1004,-488,-13524,123,339,96
25180312,956,-396,-13608,106,351,112
25185112,1056,-424,-13644,109,329,96
25189912,1064,-396,-13332,120,348,112
25194712,1024,-444,-13668,118,341,112
25199512,1012,-408,-13564,79,319,88
25205412,1056,-496,-13680,82,361,119
25210212,1096,-416,-13472,120,328,79
25215012,1032,-480,-13616,104,356,100
25307811,1080,-384,-13516,79,341,105
25386410,1032,-416,-13640,123,313,87
25390110,996,-432,-13372,113,332,99
25394912,1040,-464,-13628,106,333,96
25399712,1036,-504,-13616,131,315,96
25404512,972,-408,-13716,94,333,104
25409412,1092,-444,-13588,83,355,109
25415312,1152,-432,-13492,93,333,91
25420112,1160,-388,-13604,103,340,102
25424912,1104,-444,-13496,102,327,89
25455812,1036,-404,-13620,101,353,122
25459512,1052,-444,-13516,88,352,109
25465412,1028,-440,-13568,96,326,127
25470212,1028,-444,-13560,108,341,121
25475012,1012,-348,-13640,103,329,105
25479812,1076,-400,-13640,85,324,122
25484612,1020,-512,-13620,118,332,94
25489412,1000,-432,-13464,112,343,86
25580812,1012,-424,-13624,123,332,105
25584612,1036,-436,-13548,120,331,103
25589412,1128,-424,-13488,98,311,101
25664010,1056,-392,-13472,91,329,116
25665510,1104,-384,-13632,101,335,89
25670412,1168,-372,-13520,102,339,107
25675212,1080,-508,-13632,111,327,105
25680012,1048,-384,-13400,105,343,99
25684912,1044,-456,-13572,103,330,84
25689712,1060,-552,-13660,125,354,101
25694512,1236,-676,-13088,119,359,109
25700412,1304,-288,-13896,111,337,107
25705212,1112,-352,-13436,66,297,97
25710012,880,-396,-13656,121,317,88
25714812,912,-372,-13300,100,324,83
25719612,1132,-380,-13512,123,403,81
25724512,1232,-524,-13676,98,375,78
25730412,1036,-440,-13492,125,272,72
25824810,1044,-512,-13532,111,359,96
25829710,1140,-504,-13604,92,392,88
25834612,1044,-404,-13688,106,318,116
25839412,976,-352,-13476,112,263,102
25845312,1016,-396,-13508,108,339,115
25919912,1008,-440,-13540,99,332,94
25924812,1076,-504,-13572,131,277,102
25949011,1076,-352,-13660,113,281,114
25950511,976,-496,-13484,113,305,104
25954411,1036,-436,-13444,89,387,101
25960311,1112,-372,-13484,104,378,100
25965111,1144,-476,-13528,112,297,85
25969911,1120,-488,-13572,120,294,101
25974711,1044,-428,-13340,80,322,107
25979511,1112,-328,-13492,95,399,110
25984411,1100,-436,-13516,114,340,105
25990311,1132,-404,-13592,92,289,84
25995111,1044,-464,-13528,88,316,99
26087110,1096,-380,-13368,95,351,113
26089820,1208,-344,-13456,113,354,93
26094612,1196,-432,-13604,76,332,104
26099412,1052,-416,-13560,87,337,109
26105312,980,-464,-13496,88,355,80
26110112,1108,-316,-13524,101,344,87
26114912,1092,-528,-13688,120,318,104
26213611,984,-512,-13536,93,336,112
26215368,1044,-332,-13384,94,363,81
26220211,1088,-476,-13496,102,331,109
26225011,1188,-452,-13652,107,330,105
26229811,1052,-444,-13500,131,323,96
26234611,1064,-392,-13672,85,323,125
26239411,1116,-492,-13580,101,354,111
26245411,984,-492,-13532,110,334,94
26250211,956,-480,-13540,98,324,100
26255011,1016,-588,-13420,109,337,106
26259811,1068,-328,-13568,122,352,89
26350912,1172,-432,-13564,79,321,106
26354812,1100,-416,-13632,95,330,110
26359612,1152,-428,-13456,109,312,101
26364412,1152,-428,-13456,109,312,101
26370312,1168,-452,-13380,83,336,106
26375112,1040,-400,-13480,98,334,79
26379912,984,-452,-13420,113,329,102
26384712,1112,-460,-13460,135,337,94
26389612,1060,-268,-13536,107,328,88
26464211,988,-388,-13560,137,326,91
26488512,1068,-432,-13624,104,304,97
26490012,1072,-436,-13556,85,360,99
26495012,996,-340,-13672,92,353,73
26499812,1132,-356,-13664,109,321,89
26504612,1132,-592,-13544,117,312,101
26509412,1132,-592,-13544,117,312,101
26515312,1080,-476,-13656,68,320,101
26520112,1036,-432,-13528,125,349,107
26613612,1004,-392,-13464,89,335,80
26615112,1080,-408,-13612,120,327,86
26620012,1052,-476,-13500,91,316,91
26624912,1132,-436,-13456,86,322,84
26629712,1012,-584,-13516,116,313,108
26634512,1012,-584,-13516,116,313,108
26640412,1100,-436,-13384,97,326,106
26645212,1100,-412,-13628,68,335,104
26650012,1096,-388,-13664,106,336,105
26654912,984,-320,-13428,126,356,104
26659712,1108,-508,-13608,113,311,101
26734310,992,-540,-13544,114,321,129
26735810,1124,-404,-13456,97,333,103
26739612,1024,-460,-13616,108,331,114
26744412,1024,-460,-13616,108,331,114
26750312,1064,-456,-13492,107,343,96
26755212,1056,-400,-13464,109,331,108
26760012,1140,-420,-13688,104,313,106
26852512,1068,-408,-13628,97,303,96
26855112,1128,-412,-13632,105,336,105
26859912,1200,-440,-13588,110,338,119
26864712,1088,-400,-13524,94,322,93
26869512,1088,-400,-13524,94,322,93
26875412,1092,-324,-13480,111,338,109
26880212,1108,-496,-13600,119,338,96
26885112,1008,-416,-13392,96,305,82
26889912,1056,-544,-13588,114,322,102
26894712,1084,-404,-13424,104,305,108
26899512,1084,-404,-13424,104,305,108
26905412,1068,-504,-13532,117,323,91
26910212,1148,-384,-13408,89,331,111
26985410,1072,-456,-13468,66,340,88
27006211,1136,-460,-13492,111,325,108
27009911,1044,-444,-13512,108,323,99
27014711,1052,-464,-13464,98,344,120
27019611,1052,-464,-13464,98,344,120
27111869,1048,-540,-13596,107,317,95
27114510,1048,-540,-13596,107,317,95
27120410,1004,-444,-13460,107,329,89
27125212,1176,-388,-13720,113,330,99
27130012,1012,-344,-13432,92,308,88
27134812,1052,-536,-13632,131,326,93
27139712,1052,-536,-13632,131,326,93
27144512,1160,-316,-13364,106,328,113
27150412,1112,-356,-13496,108,335,101
27155212,980,-396,-13424,99,314,114
27160012,1136,-460,-13528,100,364,92
27164812,1020,-420,-13556,66,367,106
27169612,1020,-420,-13556,66,367,106
27174412,1060,-540,-13716,130,332,83
27180412,976,-432,-13504,84,333,113
27278910,1128,-448,-13404,110,331,96
27280511,1076,-504,-13676,135,313,105
27285311,1140,-528,-13524,105,325,97
27373714,1140,-528,-13524,105,325,97
27375212,948,-500,-13580,103,321,88
27380112,1160,-356,-13428,105,341,115
27385012,1072,-480,-13548,113,372,103
27389812,1072,-480,-13548,113,372,103
27394612,1168,-424,-13428,120,325,94
27399412,1028,-460,-13540,119,329,115
27405312,1024,-396,-13676,103,327,100
27410112,944,-436,-13592,87,331,97
27415012,1020,-540,-13480,124,319,108
27419812,1020,-540,-13480,124,319,108
27424612,1044,-460,-13432,89,328,92
27448911,1168,-364,-13568,103,343,97
27450411,1052,-448,-13528,93,324,88
27455211,1004,-444,-13520,115,352,96
27460011,1092,-404,-13464,100,344,96
27464811,1092,-404,-13464,100,344,96
27539610,1116,-404,-13616,125,348,100
27544410,1064,-396,-13520,95,334,105
27636311,1136,-500,-13488,105,343,101
27640311,1012,-424,-13512,106,355,93
27645111,1084,-552,-13600,90,348,104
27649911,1084,-552,-13600,90,348,104
27654711,984,-456,-13408,125,302,89
27659611,1008,-356,-13588,111,324,101
27664411,1032,-488,-13468,80,317,89
27670311,1152,-380,-13524,85,338,98
27675111,1016,-340,-13448,98,350,81
27679911,1016,-340,-13448,98,350,81
27684711,1032,-396,-13556,117,334,104
27689511,1092,-492,-13508,124,302,93
27695411,1124,-468,-13656,134,303,90
27700311,1024,-424,-13672,112,331,97
27705111,1108,-512,-13392,89,321,100
27709911,1108,-512,-13392,89,321,100
27802469,1032,-420,-13476,106,319,83
27805110,1032,-444,-13584,84,301,109
27880769,984,-444,-13680,131,363,105
27884610,984,-444,-13680,131,363,105
27889410,1064,-480,-13312,107,327,93
27895412,1216,-504,-13588,82,320,99
27900212,984,-444,-13584,86,335,97
27905012,1008,-464,-13440,99,349,107
27909812,1008,-464,-13440,99,349,107
27914612,1116,-440,-13588,115,338,109
27919412,972,-388,-13648,125,301,86
27925312,1172,-500,-13552,103,335,76
27945911,1108,-464,-13432,112,347,107
27949611,1108,-464,-13432,112,347,107
27954411,1060,-540,-13484,89,323,106
27960411,1144,-472,-13624,120,315,97
27965211,1060,-348,-13444,96,340,111
27970011,1060,-348,-13444,96,340,111
28062810,1116,-416,-13448,105,348,115
28064410,1116,-416,-13448,105,348,115
28070312,1092,-524,-13412,94,321,91
28075112,968,-504,-13540,105,330,69
28149611,1100,-360,-13684,106,320,100
28154711,996,-496,-13560,92,328,84
28159511,1080,-360,-13544,101,346,111
28165411,1092,-452,-13476,88,327,109
28170211,1028,-560,-13544,115,328,99
28175111,1028,-560,-13544,115,328,99
28179911,1064,-404,-13456,116,359,101
28184711,964,-492,-13592,114,332,85
28189511,1108,-524,-13424,103,346,88
28195411,1084,-420,-13556,105,331,93
28200211,1016,-396,-13512,93,308,104
28205011,1016,-396,-13512,93,308,104
28209811,1092,-496,-13508,106,311,103
28326010,1080,-388,-13536,84,327,96
28329810,1080,-388,-13536,84,327,96
28334612,1100,-484,-13608,120,330,101
28339412,1216,-436,-13492,121,319,107
28345312,1048,-340,-13472,87,305,104
28350212,1024,-348,-13544,102,355,95
28355012,1024,-348,-13544,102,355,95
28429610,1036,-484,-13536,101,325,114
28457011,1084,-416,-13524,119,340,95
28459611,1084,-416,-13524,119,340,95
28464411,1044,-492,-13440,134,317,104
28470411,1100,-372,-13588,69,319,124
28475211,1100,-372,-13588,69,319,124
28480011,1068,-512,-13500,88,369,103
28484811,1152,-440,-13556,118,338,100
28489611,1104,-456,-13464,141,345,101
28494411,1148,-476,-13592,91,317,108
28500311,1028,-428,-13492,92,337,111
28591412,1048,-412,-13584,88,346,72
28595112,1048,-412,-13584,88,346,72
28600012,1032,-476,-13640,95,355,96
28604812,1080,-380,-13608,110,363,95
28609612,1128,-532,-13592,93,336,112
28614412,1108,-420,-13392,96,335,117
28620312,1040,-484,-13488,88,320,96
28625112,1040,-484,-13488,88,320,96
28630012,1056,-400,-13600,75,336,97
28704411,1004,-400,-13540,112,326,114
28709411,1108,-388,-13620,76,359,107
28715311,1032,-548,-13580,109,370,72
28720111,1060,-432,-13384,114,348,97
28724911,1072,-492,-13636,119,327,131
28729711,1080,-444,-13436,86,341,104
28734611,1100,-444,-13644,113,363,94
28739411,1064,-436,-13620,94,337,88
28829112,1144,-448,-13624,96,353,97
28830712,1104,-424,-13424,111,344,95
28834512,1104,-424,-13424,111,344,95
28840412,1052,-308,-13572,79,348,97
28845212,1052,-308,-13572,79,348,97
28850012,1100,-376,-13556,94,305,110
28854812,1016,-412,-13480,109,326,74
28859612,1072,-488,-13616,109,335,92
28864512,1112,-496,-13468,84,338,100
28870412,1216,-496,-13508,105,347,84
28875212,1216,-496,-13508,105,347,84
28880012,1076,-404,-13300,84,343,101
28954511,1008,-372,-13464,105,318,97
28967869,1156,-344,-13448,96,348,85
28969410,1156,-344,-13448,96,348,85
28975310,1060,-400,-13504,99,347,129
28980112,1044,-500,-13460,108,336,100
28984912,1072,-356,-13404,123,320,113
28989712,1080,-400,-13460,67,307,97
29079311,1140,-428,-13604,116,321,90
29080911,1152,-476,-13464,109,331,77
29084711,1152,-476,-13464,109,331,77
29089511,1076,-428,-13468,94,336,105
29095411,1076,-484,-13580,98,346,128
29100311,1076,-484,-13580,98,346,128
29105111,1136,-452,-13580,109,335,105
29109911,1100,-424,-13480,107,329,88
29114711,1112,-460,-13408,95,340,76
29119511,1300,216,-12832,50,198,95
29125411,-264,1840,-19752,-517,1948,206
29130211,-1240,-272,-10852,1202,1743,149
29135011,836,-28,-11332,1866,206,160
29210110,804,-720,-13232,-116,-179,97
29215010,872,-124,-13888,57,434,106
29219810,984,-372,-14440,-28,431,76
29224712,1320,-316,-12688,433,511,127
29229512,1004,-484,-13400,135,303,97
29344810,1072,-384,-13460,118,276,111
29349870,1144,-452,-13412,125,334,109
29354710,940,-428,-13700,77,317,105
29359510,1048,-492,-13348,122,346,100
29365412,1040,-376,-13656,141,353,96
29370212,1048,-432,-13352,113,299,84
29375012,1232,-432,-13652,95,339,99
29379912,1092,-400,-13700,103,324,86
29384712,1020,-412,-13508,125,356,99
29389512,1052,-464,-13508,149,310,81
29395412,1016,-416,-13444,89,324,105
29400212,1040,-352,-13668,85,339,63
29405012,864,-340,-13632,89,348,79
29409812,1096,-548,-13624,134,361,98
29414612,996,-364,-13492,102,322,93
29489012,1052,-440,-13424,96,348,83
29509811,996,-488,-13584,67,324,101
29602910,1032,-436,-13512,133,350,145
29604412,1032,-436,-13512,133,350,145
29610412,1036,-396,-13504,114,328,106
29615212,1100,-452,-13660,120,324,101
29620112,1124,-452,-13520,101,325,102
29624912,1104,-404,-13428,121,342,103
29629712,1044,-444,-13408,92,353,89
29634512,1096,-532,-13568,88,342,101
29640412,1052,-288,-13420,91,360,86
29645212,1036,-340,-13712,108,331,82
29650012,952,-424,-13424,113,347,90
29654812,1068,-380,-13628,120,329,93
29659712,1044,-500,-13596,90,325,115
29664512,1092,-384,-13436,116,331,99
29670412,1188,-468,-13612,80,334,98
29675212,1080,-372,-13560,97,327,90
29767910,1092,-448,-13620,119,356,97
29769512,1092,-448,-13620,119,356,97
29846012,1056,-412,-13564,113,310,91
29850012,1056,-412,-13564,113,310,91
29854812,1092,-384,-13352,105,354,100
29859612,1104,-380,-13684,79,286,96
29864412,1112,-444,-13316,76,343,85
29870312,1112,-496,-13800,121,347,114
29875112,1072,-488,-13484,113,292,104
29880012,1108,-468,-13380,95,355,126
29884812,1020,-468,-13684,84,299,98
29889612,1072,-364,-13308,104,339,96
29894412,1020,-376,-13736,84,379,68
29900312,1076,-488,-13476,100,312,93
29905112,1144,-472,-13288,110,335,105
29909912,1116,-352,-13800,84,327,104
29914712,1116,-452,-13412,113,359,83
29919612,1084,-488,-13528,74,319,100
30009812,1084,-488,-13528,74,319,100
30034210,1072,-432,-13620,118,338,115
30035710,1072,-432,-13620,118,338,115
30039512,1044,-452,-13516,114,312,101
30114210,928,-452,-13592,123,350,101
30115812,928,-452,-13592,123,350,101
30119512,1092,-468,-13764,92,347,69
30125412,1072,-504,-13472,85,284,87
30130212,984,-456,-13576,89,315,115
30135012,1056,-480,-13588,91,342,81
30139812,1160,-504,-13468,107,345,98
30144612,1072,-452,-13440,127,359,99
30149412,1004,-408,-13616,120,305,99
30155412,1072,-464,-13412,91,313,98
30160212,1100,-432,-13424,104,360,99
30165012,1240,-432,-13496,94,334,106
30169812,984,-436,-13488,129,316,101
30174612,1032,-284,-13684,103,312,116
30179412,1076,-564,-13580,86,348,106
30272412,1132,-340,-13664,102,364,91
30275112,1132,-340,-13664,102,364,91
30279912,1080,-420,-13384,101,319,88
30284712,1004,-452,-13572,140,349,115
30289512,1040,-432,-13504,117,323,106
30387812,1076,-412,-13340,112,289,108
30389412,1076,-412,-13340,112,289,108
30395412,952,-400,-13956,91,441,103
30400212,1072,-444,-13068,167,264,91
30405112,1184,-592,-13284,165,316,116
30409912,1276,-480,-13904,111,40,75
30414712,1032,-528,-12800,-52,403,91
30419512,1112,-296,-14784,85,494,100
30425412,1008,-424,-12836,78,366,88
30435312,1020,-312,-14172,12,237,93
30440112,876,-572,-12820,177,342,96
30444912,1180,-248,-13680,123,475,89
30449712,1136,-408,-13892,91,149,116
30454512,1112,-368,-13380,127,272,76
30544611,1112,-368,-13380,127,272,76
30549511,1024,-496,-13288,66,373,79
30555411,1072,-436,-13860,128,300,90
30560211,1008,-512,-13148,133,377,125
30565011,1180,-444,-13680,133,326,109
30569811,1064,-476,-13184,72,299,109
30644312,1036,-504,-12804,89,275,99
30645912,1036,-504,-12804,89,275,99
30649812,1124,-368,-13604,55,432,95
30654612,1064,-464,-13724,72,338,104
30659412,1172,-408,-13104,138,341,111
30665412,1176,-452,-13960,121,284,105
30670212,992,-476,-13256,92,290,89
30675012,948,-500,-13752,135,444,83
30679812,1080,-476,-13828,96,284,100
30684612,1156,-368,-13332,136,344,82
30689412,1036,-440,-13540,67,297,104
30784112,1116,-416,-13736,88,318,104
30785712,1116,-416,-13736,88,318,104
30789512,952,-460,-13572,80,306,102
30795412,944,-544,-13468,109,318,91
30800212,1140,-360,-13552,99,363,90
30805012,1164,-448,-13616,81,339,98
30809812,1212,-380,-13380,105,310,105
30814612,1084,-416,-13480,117,299,108
30819512,1040,-296,-13532,92,355,94
30893412,1120,-408,-13628,114,310,102
30894912,1120,-408,-13628,114,310,102
30899812,1148,-468,-13592,121,315,100
30904612,1112,-416,-13500,98,315,117
30909412,1108,-432,-13548,94,330,112
30915412,1084,-304,-13520,100,341,85
30920212,1120,-388,-13524,95,335,105
30925012,996,-456,-13560,89,356,96
30935011,1000,-436,-13592,95,335,92
30939911,1036,-416,-13476,123,334,113
31031969,992,-456,-13452,76,374,102
31034610,992,-456,-13452,76,374,102
31039410,1152,-384,-13880,107,354,92
31045312,1092,-456,-13500,113,279,98
31050112,1064,-376,-13556,117,316,94
31054912,988,-444,-13624,100,338,97
31059812,1032,-352,-13588,93,375,93
31064612,1064,-440,-13564,106,322,82
31069412,1116,-456,-13552,99,317,108
31075312,1084,-380,-13384,82,332,83
31149511,1104,-492,-13500,97,360,107
31154511,1200,-376,-13420,119,310,98
31160411,1080,-468,-13536,116,331,84
31165211,1020,-380,-13636,94,332,84
31170011,1024,-396,-13616,116,325,101
31174811,1048,-464,-13400,98,320,97
31179611,1080,-452,-13540,115,316,99
31271210,1044,-448,-13476,119,290,100
31275110,1004,-484,-13428,119,307,78
31280012,948,-516,-13520,125,345,97
31284812,1080,-468,-13488,109,369,98
31289612,1124,-456,-13536,90,339,108
31294412,1076,-456,-13668,102,347,109
31300312,980,-436,-13676,108,343,102
31305112,1128,-300,-13476,103,341,90
31309912,1084,-364,-13396,135,353,88
31314712,1120,-488,-13572,96,329,96
31319612,1044,-504,-13576,85,334,94
31324412,1144,-424,-13504,80,343,110
31330312,1000,-340,-13824,86,374,116
31428811,1168,-572,-12772,118,408,91
31443412,756,-504,-13744,119,225,106
31444912,756,-504,-13744,119,225,106
31449812,940,-444,-13340,96,436,115
31454612,1216,-352,-13620,44,377,111
31547912,1072,-300,-13696,111,245,97
31549512,1072,-300,-13696,111,245,97
31555412,888,-560,-13344,119,285,100
31560212,1108,-452,-13356,59,421,99
31565012,1164,-356,-13644,113,412,94
31569812,1164,-504,-13716,123,257,98
31574612,984,-464,-13472,106,230,99
31579512,984,-440,-13256,91,394,103
31585412,1200,-408,-13724,99,415,82
31590212,1144,-412,-13732,93,326,92
31595012,900,-528,-13560,103,283,101
31599812,972,-412,-13356,118,329,89
31604612,1212,-396,-13556,92,408,94
31609412,1120,-304,-13844,75,345,89
31615312,1032,-176,-13460,121,218,81
31689011,984,-440,-13308,82,381,91
31690611,984,-440,-13308,82,381,91
31695411,1216,-580,-13748,80,442,86
31787512,1056,-484,-13588,117,246,107
31790312,1056,-484,-13588,117,246,107
31795112,964,-580,-13356,82,296,93
31799912,1008,-528,-13448,67,424,80
31804712,1220,-328,-13820,106,383,96
31809612,940,-440,-13520,121,246,108
31814412,928,-380,-13496,91,303,102
31820312,1128,-384,-13312,84,405,116
31825112,1220,-376,-13456,81,382,85
31829912,1100,-516,-13692,105,291,89
31834712,1016,-492,-13412,116,265,78
31839512,1072,-600,-13316,102,331,79
31845412,1004,-432,-13460,80,398,82
31850312,988,-368,-13732,110,329,90
31855112,1052,-440,-13536,110,251,106
31859912,1032,-456,-13284,112,339,92
31952912,1088,-356,-13596,122,338,96
32042412,1148,-388,-13640,84,333,99
32045112,1148,-388,-13640,84,333,99
32049912,980,-400,-13576,107,294,118
32054712,1020,-312,-13524,128,320,96
32059512,940,-492,-13680,102,322,124
32065412,1148,-528,-13488,95,366,93
32070212,1104,-484,-13904,102,300,87
32075112,1188,-368,-13272,99,312,99
32079912,1224,-248,-13508,78,310,113
32084712,1120,-368,-13516,110,317,91
32089512,1044,-420,-13604,119,344,96
32095412,1040,-388,-13452,114,332,130
32100212,1080,-560,-13484,104,333,101
32105012,1072,-584,-13392,103,345,100
32109812,1080,-420,-13656,128,333,101
32114712,1116,-416,-13432,76,285,77
32207412,1092,-452,-13492,111,314,104
32210012,1092,-452,-13492,111,314,104
32214912,1044,-484,-13764,99,335,85
32219712,1032,-320,-13496,97,341,101
32294310,984,-528,-13504,85,328,88
32295810,984,-528,-13504,85,328,88
32299612,1012,-552,-13496,103,334,83
32304412,1132,-440,-13536,109,344,90
32310312,1044,-392,-13656,116,319,82
32315212,1024,-508,-13392,112,347,91
32320012,1064,-404,-13640,90,363,97
32324812,1136,-396,-13536,113,306,126
32329612,1100,-304,-13512,121,306,105
32334412,1120,-560,-13492,105,344,95
32340312,1144,-400,-13624,97,361,116
32345112,1156,-448,-13476,124,348,102
32349912,1012,-440,-13656,118,321,110
32354812,1004,-452,-13580,115,345,102
32469512,1044,-284,-13500,112,323,89
32485110,1100,-460,-13644,90,339,106
32490010,1020,-496,-13504,94,342,109
32494912,1068,-440,-13508,85,345,90
32499712,1104,-396,-13596,115,339,102
32504512,992,-464,-13640,105,288,104
32579111,1120,-384,-13668,99,330,88
32580711,1120,-384,-13668,99,330,88
32584411,1048,-456,-13412,112,308,91
32590411,1024,-476,-13544,105,326,95
32595211,1036,-488,-13524,62,320,107
32600011,1000,-456,-13432,113,354,111
32604811,1080,-420,-13476,112,341,117
32609611,1040,-464,-13644,91,297,114
32614411,1160,-344,-13496,74,348,104
32620411,1092,-392,-13532,96,363,107
32625211,984,-400,-13424,128,361,92
32630011,1056,-424,-13620,109,333,84
32721912,1168,-496,-13420,120,313,99
32724512,1168,-496,-13420,120,313,99
32730412,1120,-484,-13560,116,312,88
32735212,964,-396,-13548,98,347,103
32740012,984,-500,-13652,94,353,112
32744912,972,-372,-13424,145,338,114
32749712,1076,-652,-13500,109,321,82
32754512,1160,-300,-13440,77,355,99
32828712,1156,-292,-13448,158,321,90
32830212,1156,-292,-13448,158,321,90
32835112,1024,-408,-13488,93,282,97
32839912,1108,-420,-13536,90,300,117
32844712,1096,-388,-13424,88,405,129
32849612,1108,-540,-13700,93,321,95
32854412,1292,-488,-13524,134,308,108
32860312,984,-436,-13420,109,285,78
32865112,1020,-456,-13652,144,346,74
32869912,956,-500,-13548,105,340,91
32961021,1068,-480,-13788,126,295,99
32974421,1116,-420,-13504,115,332,96
32980412,1008,-596,-13540,105,303,111
32985312,1136,-460,-13596,91,307,110
32990112,948,-436,-13620,70,323,120
32994912,1100,-260,-13468,64,351,120
32999712,1068,-248,-13504,88,344,99
33004512,1088,-304,-13496,108,316,123
33010412,1004,-436,-13564,100,329,113
33015212,1112,-560,-13560,95,348,103
33089711,1096,-388,-13720,68,325,88
33094611,1120,-460,-13504,128,335,109
33099511,984,-444,-13512,144,337,102
33105411,1076,-428,-13212,103,318,91
33110211,996,-508,-13716,126,344,102
33115011,1104,-460,-13480,81,298,82
33119811,1140,-448,-13620,93,345,105
33212110,1008,-436,-13188,79,247,86
33214819,1008,-436,-13188,79,247,86
33219612,1096,-500,-13880,134,400,85
33224412,1040,-416,-13256,12,307,101
33230312,1040,-380,-13456,151,399,101
33235212,1064,-464,-13664,90,292,97
33240012,1068,-408,-13360,120,351,112
33244812,1096,-420,-13740,95,300,86
33249612,1152,-400,-13568,136,289,107
33254412,1052,-656,-13344,113,350,86
33260312,1068,-344,-13880,81,349,98
33265112,1056,-468,-13396,68,314,93
33269912,1092,-588,-13448,150,339,88
33344312,1136,-488,-13460,117,344,90
33345912,1136,-488,-13460,117,344,90
33349612,1064,-512,-13504,90,316,121
33354412,1052,-480,-13476,117,312,107
33360312,1064,-448,-13484,99,333,115
33476612,812,-588,-13236,112,378,77
33497311,936,-400,-13476,112,306,107
33499911,936,-400,-13476,112,306,107
33504711,1112,-408,-13656,115,341,116
33509611,1112,-544,-13408,92,329,105
33514411,1156,-276,-13740,97,346,109
33520311,928,-400,-13560,92,279,92
33525111,964,-496,-13480,115,405,94
33529911,1276,-544,-13688,119,350,108
33534711,1140,-408,-13624,123,307,101
33539511,896,-388,-13480,133,244,113
33545411,848,-428,-13412,114,288,77
33550311,1076,-548,-13616,77,393,123
33555111,1168,-396,-13732,74,366,80
33559911,1168,-328,-13644,124,285,104
33634312,1076,-560,-13464,93,377,124
33635912,1076,-560,-13464,93,377,124
33639612,1224,-312,-13584,106,377,92
33644412,1136,-440,-13748,120,256,86
33736612,1040,-500,-13640,100,247,116
33739568,1056,-404,-13416,93,345,99
33744412,1104,-224,-13472,87,388,97
33750312,1180,-604,-13600,119,352,96
33755112,1140,-412,-13680,127,267,107
33759912,996,-412,-13356,119,274,100
33764712,1132,-436,-13332,75,364,86
33769612,1144,-392,-13592,56,368,97
33774412,1128,-260,-13488,114,303,108
33780312,976,-532,-13572,97,270,102
33785112,1004,-424,-13608,88,360,106
33789912,1096,-472,-13528,89,376,103
33794712,1216,-520,-13644,128,290,107
33799512,1004,-444,-13424,86,295,82
33805412,968,-460,-13428,116,364,79
33810312,1244,-480,-13436,69,392,81
33884511,1008,-412,-13724,125,316,84
33976110,1204,-288,-13292,103,299,118
34004011,996,-292,-13556,110,326,80
34005511,996,-292,-13556,110,326,80
34009411,1072,-564,-13680,108,314,94
34015311,1132,-220,-13492,80,354,101
34020111,916,-376,-13532,121,328,99
34024911,1120,-540,-13600,118,342,98
34029711,1172,-228,-13508,125,339,107
34034511,1048,-468,-13540,120,303,99
34039411,1140,-496,-13536,81,317,100
34045311,1148,-252,-13644,95,362,123
34050111,1052,-600,-13712,121,317,94
34054911,1144,-364,-13536,94,338,92
34059711,1072,-448,-13556,135,270,106
34064511,1024,-748,-13556,89,342,92
34070411,1168,-228,-13524,70,369,122
34075211,968,-412,-13532,128,346,77
34168410,1088,-428,-13484,102,334,95
34169910,1088,-428,-13484,102,334,95
34246421,1028,-396,-13464,74,337,101
34250412,1044,-448,-13648,110,363,92
34255312,988,-528,-13604,108,339,82
34260112,1088,-324,-13408,94,341,106
34264912,916,-520,-13572,88,336,122
34269712,1252,-292,-13468,86,347,115
34274512,996,-624,-13660,114,355,102
34280412,1144,-316,-13556,81,314,93
34285212,1040,-496,-13328,127,312,116
34290012,940,-460,-13644,75,313,96
34294912,1232,-360,-13604,108,350,100
34299712,980,-520,-13536,126,344,114
34304512,1152,-192,-13388,82,316,81
34310412,1052,-544,-13480,126,332,101
34315212,1100,-344,-13564,91,325,96
34320012,1052,-472,-13508,96,353,96
34409712,1052,-472,-13508,96,353,96
34414612,1188,-460,-13604,121,321,95
34419412,980,-524,-13564,102,330,111
34425312,1104,-396,-13668,82,336,82
34535510,1104,-492,-13540,109,325,81
34539412,1092,-456,-13780,149,347,101
34545312,1032,-340,-13260,102,303,86
34550112,1116,-476,-13316,133,348,94
34554912,1148,-432,-13640,78,320,105
34559712,952,-528,-13584,116,303,92
34564612,1160,-520,-13604,113,307,103
34569412,948,-420,-13424,111,333,104
34575312,1172,-404,-13584,121,357,94
34580112,980,-448,-13656,89,330,98
34584912,976,-588,-13564,108,319,100
34589712,1092,-488,-13684,99,338,87
34594512,984,-456,-13496,125,350,82
34685110,984,-456,-13496,125,350,82
34690112,1104,-524,-13464,122,304,98
34694912,1036,-436,-13416,93,332,93
34699812,1108,-444,-13744,98,351,100
34704612,1032,-504,-13660,95,330,93
34709412,1064,-420,-13384,117,310,94
34715312,1084,-432,-13568,107,332,98
34789412,1052,-532,-13544,48,318,92
34795412,1152,-424,-13544,118,327,94
34800212,1080,-344,-13520,99,322,80
34805012,1060,-448,-13388,112,355,100
34809812,1056,-396,-13656,87,331,101
34814712,1080,-440,-13580,106,318,99
34819512,1004,-396,-13400,102,307,103
34825412,1080,-384,-13596,130,355,93
34830212,1088,-376,-13528,93,336,99
34924312,1116,-416,-13424,131,310,111
34925912,1116,-416,-13424,131,310,111
34946711,1064,-476,-13376,100,319,96
34950511,1120,-504,-13448,121,305,98
34955411,1076,-472,-13420,88,361,110
34960211,1036,-372,-13636,84,374,105
34965011,984,-420,-13576,123,316,127
34969811,1148,-452,-13644,115,315,117
34974611,1024,-448,-13544,115,348,113
34979411,1180,-460,-13656,80,328,101
34985411,1012,-436,-13548,127,351,110
35060410,1088,-452,-13372,113,312,87
35065210,1084,-496,-13540,68,355,86
35070012,1084,-388,-13424,62,332,107
35074812,1116,-488,-13584,94,342,103
35079612,1032,-392,-13404,111,353,109
35084412,1072,-488,-13376,103,333,109
35090312,1088,-380,-13596,106,336,100
35182710,1100,-400,-13716,102,359,96
35185510,1100,-400,-13716,102,359,96
35190412,1108,-488,-13388,101,318,101
35195212,1108,-396,-13652,101,363,95
35200012,964,-400,-13536,86,316,89
35204812,1060,-512,-13572,125,298,99
35209612,1308,-408,-13496,92,330,109
35214412,1036,-460,-13376,94,322,102
35220312,1080,-456,-13612,123,340,90
35225112,1016,-300,-13556,84,332,107
35230012,1072,-416,-13252,116,323,116
35234812,1064,-400,-13580,109,324,97
35239612,1072,-460,-13480,80,303,103
35314311,1080,-380,-13400,111,346,95
35315911,1080,-380,-13400,111,346,95
35319611,1132,-276,-13564,107,308,96
35324411,1148,-504,-13492,115,310,98
35330311,1132,-392,-13412,116,325,95
35421412,1068,-328,-13448,126,345,106
35425112,1076,-460,-13740,115,326,92
35435010,1052,-488,-13572,95,342,88
35439810,1160,-488,-13684,114,328,98
35444612,1060,-396,-13548,100,316,91
35449412,1100,-432,-13516,99,332,99
35455312,1048,-432,-13588,78,325,118
35460112,1108,-388,-13584,115,359,73
35464912,1120,-328,-13488,117,335,102
35469712,1072,-524,-13588,110,297,119
35474612,1080,-492,-13544,82,313,92
35479412,1060,-508,-13580,87,346,100
35485312,1136,-432,-13352,113,359,93
35490112,1056,-388,-13428,123,310,107
35494912,1072,-400,-13476,94,323,94
35593412,988,-380,-13252,77,309,93
35595012,988,-380,-13252,77,309,93
35599912,1260,-436,-13660,139,407,135
35692912,1124,-364,-13620,82,276,122
35694412,1124,-364,-13620,82,276,122
35700412,820,-380,-13232,111,261,88
35705212,1152,-372,-13096,105,429,97
35710012,1092,-420,-13960,95,332,96
35714812,1152,-516,-13520,121,310,89
35719612,1012,-536,-13892,100,265,103
35724412,948,-492,-13056,105,368,106
35730312,1252,-280,-13820,84,390,92
35735112,1168,-424,-13584,105,272,94
35740012,992,-444,-13588,105,271,93
35744812,940,-400,-13432,124,361,88
35749612,1156,-444,-13436,90,440,92
35754412,1216,-516,-13952,119,333,90
35760312,1032,-488,-13632,114,213,82
35765112,888,-516,-13472,104,321,99
35859112,1172,-496,-13644,103,339,98
35936512,1016,-384,-13624,107,309,113
35948711,1144,-444,-13524,83,311,114
35950212,1144,-444,-13524,83,311,114
35955111,1052,-524,-13452,114,328,108
35959911,1084,-512,-13428,86,342,89
35964811,1092,-400,-13604,112,333,116
35969611,984,-464,-13512,95,313,100
35974411,960,-464,-13428,114,315,120
35980311,1072,-448,-13356,116,359,82
35985111,1056,-476,-13576,98,339,107
35989911,1040,-368,-13516,102,350,91
35994711,928,-736,-13792,150,371,84
35999511,1064,-424,-12704,78,131,92
36004411,1528,-204,-14464,71,772,125
36010311,1212,-664,-13232,-50,10,81
36015111,712,-244,-13208,354,459,119
36019911,692,-596,-14112,-6,88,105
36112512,1008,-500,-13104,126,359,98
36115112,1216,-388,-13380,31,446,116
36119912,1140,-300,-13668,114,286,88
36194012,896,-428,-13496,96,332,96
36195512,896,-428,-13496,96,332,96
36200412,1144,-440,-13548,72,380,103
36205212,1412,-448,-13748,121,398,92
36210012,1096,-576,-13932,114,218,86
36214912,1032,-408,-13252,117,299,114
36219712,1012,-324,-13440,71,382,101
36224512,1104,-292,-13708,98,400,100
36230412,1108,-328,-13544,107,297,91
36235212,988,-420,-13428,105,241,104
36240012,888,-584,-13308,77,356,88
36244812,1156,-584,-13900,94,498,124
36249612,1240,-504,-13464,127,227,95
36254512,1200,-424,-13472,143,270,117
36260412,996,-304,-14172,81,262,111
36350812,1160,-424,-13420,89,366,99
36354612,1144,-424,-13772,90,364,83
36359412,1080,-408,-13592,130,346,95
36365412,928,-384,-13588,98,265,115
36370212,912,-544,-13328,120,388,122
36444012,1108,-316,-13468,149,449,94
36457412,996,-408,-12920,157,361,108
36460012,980,-496,-13756,91,328,90
36464812,1100,-516,-13440,171,369,98
36469612,1100,-504,-13696,79,328,85
36474412,1192,-484,-13588,118,314,100
36480312,1100,-476,-13440,78,339,105
36485112,1184,-336,-13736,143,364,116
36489912,1100,-380,-13488,71,325,97
36494812,1040,-412,-13696,150,346,107
36499612,1096,-440,-13392,100,347,72
36504412,1024,-448,-13448,95,354,112
36510312,1184,-464,-13624,105,357,125
36626811,1064,-492,-13532,117,327,86
36629511,1084,-420,-13528,124,326,107
36635411,1100,-484,-13472,118,320,80
36640211,1108,-372,-13592,97,347,97
36645011,964,-456,-13568,92,319,92
36649811,1032,-336,-13544,108,307,116
36654611,964,-496,-13548,91,321,96
36728812,948,-352,-13576,107,345,95
36730412,948,-352,-13576,107,345,95
36735212,1004,-540,-13608,113,357,112
36740012,1160,-524,-13456,103,334,92
36744812,1176,-352,-13692,98,340,104
36749612,956,-348,-13472,101,329,100
36754412,1108,-352,-13368,107,337,85
36760312,960,-472,-13448,102,332,78
36765112,1072,-476,-13636,100,333,87
36770012,1168,-512,-13496,125,352,96
36774812,1084,-468,-13556,85,332,93
36865812,1052,-516,-13512,126,312,88
36869712,1036,-496,-13528,128,326,101
36874512,1052,-340,-13712,100,328,91
36880412,1136,-420,-13672,138,325,122
36885212,1096,-468,-13572,108,324,87
36890112,1140,-484,-13408,94,330,110
36894912,1124,-496,-13656,89,340,96
36899712,1000,-388,-13556,102,334,71
36904512,1012,-448,-13560,125,343,98
36979010,1020,-344,-13528,90,330,101
36992511,1084,-464,-13408,103,305,81
36995111,1100,-456,-13488,124,313,122
37000011,1040,-408,-13732,114,342,101
37004811,952,-400,-13532,95,329,117
37009611,1040,-448,-13432,93,341,78
37014411,1104,-404,-13520,98,339,99
37020311,988,-496,-13332,92,339,79
37025111,1060,-424,-13564,97,317,114
37116810,1060,-516,-13408,110,317,111
37119510,1100,-372,-13612,110,329,110
37124412,1016,-464,-13560,113,327,122
37130312,1068,-372,-13452,102,311,105
37135112,1108,-444,-13668,76,343,100
37139912,1092,-392,-13376,116,358,101
37144712,1032,-456,-13604,81,333,100
37149512,1140,-432,-13488,119,332,100
37154412,1016,-436,-13340,88,328,101
37160312,964,-496,-13756,115,301,109
37165112,1004,-480,-13348,99,329,101
37239811,1116,-464,-13532,109,329,96
37244811,1056,-360,-13572,100,320,106
37249611,1016,-448,-13600,86,346,111
37254411,964,-508,-13564,103,337,91
37260311,1088,-364,-13472,117,332,98
37265111,1064,-452,-13548,120,323,103
37356210,1076,-356,-13452,88,345,84
37360112,1072,-544,-13552,95,323,97
37364912,1072,-424,-13488,103,339,115
37369712,1096,-584,-13612,101,318,129
37374612,1064,-332,-13484,80,327,99
37379412,1052,-352,-13444,117,338,105
37385312,1092,-376,-13524,105,305,118
37390112,1096,-380,-13584,101,342,85
37394912,1008,-320,-13708,116,325,99
37399712,1092,-428,-13504,109,317,90
37404512,1080,-476,-13532,100,345,94
37410412,1080,-480,-13528,96,338,84
37415312,1064,-488,-13636,128,312,90
37420112,1124,-440,-13580,86,311,98
37494710,1068,-504,-13600,110,327,91
37508110,1044,-468,-13676,108,317,100
37509614,996,-424,-13504,91,303,88
37514412,1180,-500,-13620,126,320,81
37632412,1144,-432,-13712,94,356,118
37635112,1072,-472,-13596,108,308,89
37640012,1056,-480,-13536,117,322,113
37644812,1112,-444,-13520,108,358,103
37649612,1088,-428,-13712,95,335,109
37654512,1044,-412,-13640,106,313,102
37660412,1072,-432,-13540,73,309,90
37665212,1036,-436,-13468,94,335,95
37670012,1116,-400,-13448,110,359,86
37674812,1120,-412,-13408,112,307,94
37679612,1024,-380,-13568,106,312,120
37684412,976,-472,-13568,117,339,95
37690312,1052,-436,-13496,86,360,111
37695212,956,-460,-13588,96,317,97
37700012,1104,-468,-13736,82,326,90
37704812,1072,-424,-13644,83,308,97
37779012,1040,-408,-13640,97,349,104
37780512,1040,-408,-13640,97,349,104
37871910,968,-376,-13536,96,331,93
37874512,1124,-412,-13644,85,337,116
37880412,1072,-472,-13576,104,339,98
37885212,1096,-444,-13628,104,322,109
37890012,1156,-448,-13664,121,299,103
37894812,976,-368,-13368,97,332,80
37899612,1036,-424,-13448,81,312,93
37904512,1072,-352,-13292,93,337,103
37910412,1084,-432,-13472,104,312,68
37915212,1068,-440,-13528,81,326,93
37920012,1076,-524,-13592,86,347,92
37924812,1100,-464,-13572,108,354,100
37952711,1012,-508,-13556,110,306,73
37955311,1200,-408,-13512,116,338,100
37960111,1080,-492,-13640,92,327,79
37965011,1080,-512,-13428,122,337,91
37969811,1064,-408,-13568,131,340,101
37974611,1160,-492,-13384,101,345,94
38141910,1144,-424,-13640,98,302,81
38144610,1140,-424,-13332,111,329,123
38149410,1032,-516,-13432,91,338,106
38155411,1144,-400,-13396,111,358,99
38160211,1264,-468,-13576,103,332,103
38165011,1020,-304,-13620,109,328,103
38169811,960,-484,-13544,86,325,88
38174611,1088,-400,-13380,104,382,102
38179411,1052,-384,-13448,103,335,100
38185311,1052,-400,-13488,110,314,118
38190111,976,-472,-13520,108,296,95
38195011,1080,-396,-13536,108,339,88
38199811,1088,-424,-13612,88,353,97
38204611,1044,-440,-13748,112,306,103
38209411,1040,-508,-13544,121,303,74
38215311,1072,-416,-13572,111,336,116
38306812,976,-532,-13560,108,318,97
38309521,1180,-428,-13624,80,350,110
38315412,1064,-464,-13476,101,294,101
38320212,964,-448,-13488,115,299,90
38394812,948,-508,-13544,110,350,81
38399712,1036,-448,-13552,92,341,90
38404512,1180,-424,-13420,102,335,109
38409412,1080,-484,-13592,81,322,102
38415312,1164,-420,-13504,109,307,93
38420112,1076,-340,-13528,100,343,79
38424912,1032,-508,-13548,105,327,99
38438411,1052,-392,-13508,109,303,84
38439911,1144,-496,-13336,104,324,95
38444811,1120,-424,-13468,73,339,91
38449611,1124,-344,-13672,106,326,82
38454411,1084,-396,-13704,129,305,97
38460411,972,-356,-13452,131,303,86
38465211,992,-448,-13468,89,346,102
38558212,1116,-532,-13300,125,351,105
38559812,1180,-404,-13452,107,367,104
38564812,1120,-376,-13592,93,382,82
38569612,1212,-300,-13696,119,275,94
38574412,1056,-420,-13468,119,285,90
38580412,956,-516,-13496,87,391,84
38678310,1112,-376,-13576,63,403,78
38679810,1248,-340,-13852,101,316,83
38684812,960,-496,-13244,130,279,119
38689612,880,-396,-13348,112,348,113
38694412,1128,-456,-13512,76,400,92
38700412,1172,-472,-13720,72,339,81
38705212,1168,-412,-13640,128,255,95
38710012,976,-460,-13408,99,292,95
38714812,988,-512,-13588,90,395,114
38719612,1216,-328,-13616,69,398,71
38724412,1192,-516,-13736,109,271,100
38730312,976,-448,-13404,110,262,94
38821210,1036,-476,-13444,95,307,99
38825010,1032,-468,-13432,97,365,103
38829810,1172,-364,-13776,99,364,101
38834711,1000,-480,-13740,89,308,94
38839511,936,-416,-13572,106,320,97
38845411,948,-432,-13404,106,352,88
38850211,1152,-508,-13524,97,347,115
38855011,1176,-516,-13668,99,300,92
38928412,1092,-404,-13632,125,320,125
38941812,1052,-492,-13708,103,338,85
38944412,1120,-416,-13520,95,316,103
38950312,1132,-448,-13504,89,312,103
38955112,1080,-492,-13628,85,324,110
38959912,1068,-336,-13572,98,333,82
38964712,1072,-368,-13644,105,327,85
38969512,1020,-424,-13452,103,315,90
38975412,964,-548,-13336,98,335,111
38980312,1128,-444,-13584,103,321,114
39071512,1012,-420,-13568,106,323,116
39075412,1092,-392,-13508,112,333,92
39080212,1104,-440,-13524,130,317,124
39085012,928,-424,-13504,83,317,89
39089812,1140,-444,-13596,88,340,94
39094612,1096,-528,-13492,128,324,97
39099412,980,-300,-13548,91,333,86
39105312,1144,-488,-13456,91,322,99
39110212,1036,-440,-13544,88,364,74
39115012,984,-536,-13684,123,322,75
39189010,1080,-392,-13492,110,340,106
39190612,948,-436,-13536,108,337,81
39195412,1056,-476,-13540,138,338,87
39200212,1020,-368,-13580,115,337,100
39205012,1080,-524,-13596,96,317,102
39209812,956,-432,-13588,106,334,100
39214612,1064,-484,-13524,110,330,107
39219412,1076,-436,-13504,105,345,82
39310610,1060,-428,-13512,111,301,109
39314510,1060,-476,-13492,114,306,99
39320412,1052,-476,-13604,108,349,120
39325212,1176,-488,-13620,79,343,106
39330012,1108,-408,-13536,85,358,99
39334912,1236,-484,-13584,96,324,101
39339712,1116,-388,-13404,98,362,114
39344512,1052,-444,-13556,131,332,121
39350412,1088,-452,-13532,111,312,101
39355212,976,-296,-13520,86,321,107
39360012,1080,-500,-13564,123,364,111
39364812,1080,-500,-13676,122,339,97
39439610,1068,-408,-13540,105,329,89
39453010,988,-476,-13460,108,346,92
39454510,1200,-532,-13568,137,338,105
39459412,1092,-456,-13456,117,315,111
39465312,1188,-420,-13592,91,342,99
39470112,1100,-348,-13516,99,335,92
39562610,1228,-356,-13512,107,349,83
39565312,1168,-416,-13480,116,339,93
39570112,1024,-388,-13672,115,311,118
39574912,916,-448,-13560,110,334,92
39579712,1104,-404,-13596,114,357,91
39584512,1152,-472,-13496,118,340,110
39590412,1144,-468,-13648,127,319,115
39595212,1120,-388,-13576,91,310,102
39600012,1068,-372,-13424,131,342,84
39604912,1212,-392,-13764,127,322,104
39609712,1016,-444,-13616,108,276,102
39614512,1064,-368,-13608,93,326,87
39620412,920,-492,-13668,119,359,109
39625212,1068,-420,-13536,127,360,79
39723812,1100,-532,-13440,90,321,108
39725412,1080,-492,-13616,104,341,99
39730312,1044,-484,-13584,108,333,102
39735112,1140,-492,-13504,98,328,93
39826512,1176,-440,-13484,99,308,94
39829412,1176,-440,-13484,99,308,94
39835312,1084,-436,-13528,115,341,92
39840112,1072,-456,-13416,116,337,83
39844912,1132,-452,-13568,86,291,111
39849712,1156,-440,-13508,88,338,102
39854512,1052,-400,-13632,96,345,93
39859412,1052,-400,-13632,96,345,93
39865312,1168,-436,-13560,116,311,87
39870112,1020,-388,-13576,112,325,88
39874912,948,-440,-13612,85,333,84
39879712,1168,-472,-13720,102,338,77
39884512,1064,-480,-13436,136,353,105
39890412,1100,-416,-13552,106,356,100
39895212,1004,-472,-13552,120,333,102
39900112,1028,-416,-13596,94,341,100
39974311,1000,-452,-13412,110,315,100
39987512,1076,-384,-13444,126,330,110
40079612,1136,-564,-13640,109,309,120
40084512,1136,-564,-13640,109,309,120
40089412,1148,-348,-13640,86,329,106
40095312,1184,-444,-13468,125,345,114
40100112,1052,-508,-13720,88,303,100
40104912,1024,-396,-13340,84,353,93
40109712,1080,-328,-13488,99,350,88
40114512,1080,-328,-13488,99,350,88
40119412,992,-460,-13532,111,325,97
40125312,1024,-384,-13492,90,320,109
40130112,1112,-388,-13416,94,330,99
40134912,1028,-444,-13488,99,350,89
40139712,1144,-520,-13500,120,340,104
40144512,1144,-520,-13500,120,340,104
40150412,1148,-400,-13612,95,333,100
40155212,1128,-532,-13504,116,313,92
40242512,1128,-532,-13504,116,313,92
40245312,1152,-384,-13488,113,310,100
40321110,1088,-340,-13472,151,304,95
40324910,1020,-412,-13532,82,301,93
40329812,1136,-460,-13620,110,353,100
40334612,1136,-460,-13620,110,353,100
40339412,988,-364,-13484,92,384,100
40345312,1132,-412,-13584,90,325,104
40350112,1084,-504,-13696,96,325,115
40354912,1080,-324,-13384,139,345,96
40359712,1128,-564,-13524,110,301,91
40364512,1128,-564,-13524,110,301,91
40369412,1132,-436,-13448,86,353,123
40375312,1028,-484,-13492,153,298,109
40380112,1080,-384,-13512,101,318,113
40384912,1180,-356,-13752,107,350,107
40389712,928,-660,-13536,81,360,93
40482712,1008,-420,-13372,98,320,112
40496212,1080,-448,-13400,92,352,118
40500012,1044,-484,-13616,72,315,77
40504912,1128,-460,-13360,83,332,86
40509712,1128,-460,-13360,83,332,86
40584210,1096,-412,-13464,107,355,82
40585810,1056,-404,-13504,76,300,95
40589512,1056,-404,-13504,76,300,95
40595412,1136,-552,-13712,83,324,85
40600212,1008,-584,-13492,119,330,96
40605012,1064,-452,-13568,75,384,106
40609812,1176,-488,-13644,72,334,114
40614612,1176,-488,-13644,72,334,114
40619512,1116,-304,-13412,119,339,88
40625412,1016,-468,-13328,116,337,104
40630212,1184,-476,-13616,87,360,91
40635012,1024,-512,-13588,107,303,112
40639812,920,-520,-13456,112,305,87
40644612,1304,-460,-14132,27,309,100
40759012,1368,-384,-15224,233,340,96
40760612,904,-608,-12048,-40,161,79
40765412,1180,-420,-14256,179,399,86
40770312,1028,-444,-13128,59,411,66
40775112,1124,-364,-13592,45,321,100
40779912,1128,-268,-13216,166,336,101
40854112,1004,-328,-13588,95,276,87
40855612,1120,-284,-13404,129,315,101
40859412,1120,-284,-13404,129,315,101
40865312,1228,-548,-13436,85,346,86
40870112,1036,-464,-13792,81,349,100
40875012,988,-492,-13420,112,295,99
40879812,988,-492,-13420,112,295,99
40884612,1064,-432,-13340,128,333,117
40889412,1172,-332,-13484,85,337,100
40895312,1128,-332,-13680,137,330,133
40900112,1176,-528,-13624,112,309,92
40904912,1064,-372,-13504,106,342,92
40998512,1412,-300,-11904,159,625,88
41011910,816,-624,-13720,30,381,98
41014510,816,-624,-13720,30,381,98
41020412,1084,-332,-13960,-8,228,68
41025212,1044,-300,-12964,211,260,120
41030012,1128,-452,-13324,24,295,92
41034912,1128,-452,-13324,24,295,92
41039712,1352,-392,-13360,144,596,109
41113711,-680,1664,-3720,730,733,110
41115311,1616,1392,-23212,493,1317,211
41120111,1564,-516,-4852,462,-1159,-5
41124911,1564,-516,-4852,462,-1159,-5
41129711,1956,-1884,-18040,412,875,181
41134511,-360,-2368,-14292,-1793,285,91
41140411,1316,-1884,-10096,436,34,133
41145211,2136,-68,-15940,-309,-1088,77
41150011,580,-812,-11132,-416,847,136
41154911,580,-812,-11132,-416,847,136
41159711,912,-592,-13520,20,318,94
41250512,1136,-404,-13804,167,443,89
41255412,784,-552,-13532,86,208,107
41260312,1028,-324,-13504,84,324,99
41265112,1160,-444,-13356,85,412,104
41269912,1160,-444,-13356,85,412,104
41274712,1412,-396,-13896,130,428,98
41279512,1296,-448,-13520,141,229,96
41285412,808,-460,-13340,75,349,95
41290312,984,-500,-13644,71,432,99
41365310,1056,-520,-13572,120,268,92
41370110,924,-620,-13440,99,346,90
41374912,924,-620,-13440,99,346,90
41379712,1220,-540,-13608,93,413,73
41384512,1224,-404,-13664,106,311,110
41390412,1004,-452,-13256,86,314,93
41395212,1108,-380,-13456,81,398,94
41400012,1040,-620,-13524,94,353,84
41489710,1040,-620,-13524,94,353,84
41513812,1228,-544,-13764,130,324,89
41515312,1160,-524,-13608,116,297,115
41520312,928,-340,-13536,119,322,92
41525112,928,-340,-13536,119,322,92
41529912,988,-480,-13564,95,371,94
41534712,964,-400,-13536,97,334,90
41539512,1164,-352,-13584,109,307,98
41545412,1040,-368,-13520,130,365,95
41550312,1084,-436,-13452,110,357,101
41555112,1084,-436,-13452,110,357,101
41559912,1068,-448,-13560,119,284,101
41633769,1064,-344,-13492,104,312,131
41635310,1124,-456,-13560,73,332,65
41640110,1124,-456,-13560,73,332,65
41644912,1044,-560,-13740,108,339,99
41649712,1036,-472,-13516,91,312,116
41654512,1208,-508,-13516,101,327,96
41659412,1176,-356,-13464,83,349,92
41776011,1080,-568,-12820,87,464,98
41779811,1080,-568,-12820,87,464,98
41784611,1256,-384,-14228,-99,588,75
41789411,1128,-308,-14632,223,257,81
41795311,832,-476,-13036,104,311,114
41800111,832,-476,-13036,104,311,114
41804911,976,-512,-13092,64,494,101
41809711,1168,-424,-14364,99,401,85
41814611,1064,-432,-13568,156,265,99
41819411,1016,-432,-13512,133,209,90
41825311,1012,-460,-13828,62,437,78
41830111,1012,-460,-13828,62,437,78
41834911,1200,-328,-13892,113,352,101
41908612,1024,-460,-14012,66,367,102
41910112,1024,-460,-14012,66,367,102
41915012,1044,-452,-13588,127,268,114
41919812,1012,-356,-13552,137,287,89
41924712,1060,-512,-13388,77,319,106
42027510,1120,-472,-13316,100,354,105
42030312,1120,-472,-13316,100,354,105
42035112,1228,-324,-13916,92,342,106
42039912,1048,-476,-13268,132,299,101
42044812,1004,-456,-13684,116,332,84
42049612,956,-492,-13472,103,284,98
42054412,932,-420,-13408,100,401,86
42060312,952,-244,-13700,96,355,119
42065112,1184,-384,-13556,114,319,103
42069912,1200,-336,-13412,129,339,105
42074712,1120,-436,-13612,97,338,88
42079512,1032,-476,-13544,131,337,81
42084412,984,-508,-13652,98,281,104
42090312,1024,-520,-13444,118,326,88
42095112,1044,-508,-13488,75,348,93
42169611,988,-400,-13360,39,386,119
42174611,1156,-372,-13720,134,338,105
42265112,1080,-440,-13316,61,362,90
42270312,1100,-356,-13660,122,355,113
42275112,1104,-468,-13620,90,354,119
42279912,1088,-532,-13564,108,314,94
42284712,1108,-360,-13468,86,346,103
42289512,1068,-508,-13456,154,334,81
42295412,1152,-320,-13760,100,324,112
42300312,1152,-320,-13760,100,324,112
42305112,1044,-408,-13220,130,328,107
42309912,1056,-528,-13540,108,334,105
42314712,1216,-476,-13464,115,336,111
42319512,1132,-492,-13648,108,319,106
42325412,1120,-412,-13664,97,316,99
42330212,980,-520,-13488,115,339,102
42335012,1108,-364,-13544,127,350,98
42339912,1052,-348,-13564,89,328,89
42430610,1120,-300,-13472,85,340,97
42445112,1024,-448,-13568,105,350,129
42522410,1100,-396,-13684,90,338,96
42525110,1100,-396,-13684,90,338,96
42529910,1032,-512,-13488,117,341,75
42534811,1076,-356,-13516,112,317,89
42539611,1176,-444,-13580,95,318,113
42544411,1104,-492,-13524,76,343,93
42550311,1068,-468,-13508,99,363,92
42555111,1152,-400,-13520,95,337,81
42559911,1120,-360,-13628,102,344,101
42564711,1108,-404,-13412,122,315,89
42569511,1084,-436,-13572,125,334,101
42574411,1068,-416,-13424,120,337,100
42580311,1060,-384,-13708,109,334,105
42585111,1044,-424,-13644,100,348,112
42589911,1048,-372,-13592,120,351,123
42594711,1000,-424,-13452,129,336,96
42684810,1076,-340,-13588,113,283,85
42689910,1084,-464,-13540,77,346,90
42694710,1084,-428,-13508,115,361,82
42699510,1084,-444,-13520,85,358,94
42800311,1052,-620,-13556,119,325,98
42805211,1076,-356,-13552,91,313,132
42810011,960,-416,-13496,100,356,92
42814811,1064,-496,-13504,88,327,90
42819611,1044,-320,-13536,102,367,112
42824511,1028,-592,-13304,90,319,112
42830411,1140,-468,-13560,102,344,109
42835211,880,-328,-13640,107,322,80
42840011,1172,-436,-13512,128,324,88
42844811,924,-472,-13496,118,353,91
42849611,1028,-464,-13376,100,321,107
42854411,1196,-488,-13496,108,293,116
42860311,1132,-344,-13608,115,343,95
42949410,1132,-344,-13608,115,343,95
42961611,1064,-588,-13620,117,314,102
42965311,1064,-588,-13620,117,314,102
42970111,1116,-384,-13496,64,291,96
42974911,1072,-352,-13440,66,409,104
42979711,952,-384,-13668,130,295,79
42984511,1136,-388,-13368,86,312,82
43059012,1192,-492,-13696,99,342,97
43060512,1192,-492,-13696,99,342,97
43064412,1168,-420,-13484,124,284,104
43070312,1024,-432,-13364,124,347,124
43075112,1092,-492,-13460,119,366,94
43079912,1148,-352,-13668,112,356,110
43084712,1060,-328,-13684,103,281,104
43089512,988,-420,-13540,99,347,123
43094412,1120,-472,-13576,82,379,83
43100312,1144,-368,-13696,113,354,105
43105112,1116,-532,-13636,116,278,81
43109912,840,-576,-13560,132,270,107
43198416,840,-576,-13560,132,270,107
43200016,840,-576,-13560,132,270,107
43204812,1100,-336,-13820,48,438,112
43209612,1324,-356,-13204,118,307,84
43214512,1100,-196,-13628,81,336,85
43220412,880,-508,-13684,173,131,114
43225212,1052,-328,-13044,63,401,108
43230012,1216,-544,-13736,73,482,98
43304510,960,-500,-13656,120,104,95
43309410,912,-508,-13364,96,300,108
43315310,816,-532,-13528,47,511,106
43320211,1220,-524,-13964,181,350,84
43325011,1368,-380,-13508,91,220,97
43329811,936,-676,-13536,100,317,109
43334611,1120,-84,-13280,81,432,107
43339411,1352,-516,-13460,185,366,84
43345311,1288,-100,-13704,90,216,84
43437210,852,-460,-13408,78,316,111
43450512,1288,-340,-13604,77,361,113
43455512,1180,-424,-13740,145,233,103
43460312,1008,-396,-13340,140,272,103
43465112,992,-620,-13416,86,404,98
43469912,1068,-376,-13824,71,408,115
43474712,1012,-496,-13908,113,294,87
43479512,904,-384,-13432,119,313,115
43484412,1016,-420,-13208,104,358,88
43490312,1276,-324,-13620,95,373,95
43495112,1256,-396,-13528,117,297,90
43569011,976,-508,-13376,148,290,102
43570511,976,-508,-13376,148,290,102
43575411,1088,-752,-13468,126,296,92
43580211,1112,-352,-13640,100,341,76
43585011,1160,-264,-13440,69,301,91
43589811,948,-568,-13620,96,341,91
43594611,932,-664,-13536,60,424,89
43688210,1180,-372,-13712,54,341,83
43689710,1180,-372,-13712,54,341,83
43694612,932,-324,-13572,93,361,101
43699412,924,-572,-13328,122,359,100
43705412,1092,-364,-13460,167,303,109
43710212,1092,-420,-13472,107,246,89
43715012,1176,-532,-13636,77,319,110
43719812,1188,-216,-13452,70,426,89
43724612,956,-640,-13532,125,381,94
43729412,1244,-348,-13244,127,303,94
43735412,1120,-596,-13560,115,226,108
43740212,992,-396,-13652,52,340,106
43745012,972,-312,-13656,42,431,112
43842811,1100,-540,-13696,68,315,91
43844411,1100,-540,-13696,68,315,91
43849411,1104,-388,-13728,50,396,109
43855411,948,-432,-13556,117,393,73
43860211,1040,-520,-13308,143,309,106
43950312,992,-320,-13500,104,349,99
43981810,1084,-520,-13496,94,342,84
43984510,1084,-520,-13496,94,342,84
43990410,1048,-352,-13488,113,300,103
43995311,1100,-456,-13404,97,320,84
44000111,1024,-468,-13460,97,358,105
44004911,1044,-328,-13460,97,331,98
44009711,1016,-380,-13660,127,329,93
44014511,1052,-452,-13424,103,338,116
44020411,1080,-520,-13656,87,332,115
44025211,1084,-364,-13520,115,365,107
44030011,1048,-460,-13580,127,318,90
44034911,1156,-564,-13496,95,311,87
44039711,964,-380,-13508,99,327,93
44044511,1028,-532,-13532,99,328,82
44118412,1128,-480,-13604,116,310,109
44119912,1128,-480,-13604,116,310,109
44124912,1088,-416,-13484,111,331,102
44129712,1084,-420,-13672,116,325,80
44219612,1084,-420,-13672,116,325,80
44224512,1116,-516,-13556,102,336,94
44230412,1060,-408,-13516,94,346,104
44235312,1108,-520,-13540,99,332,95
44240112,1108,-456,-13572,106,338,89
44244912,1008,-564,-13500,79,321,89
44249712,1060,-404,-13404,114,327,92
44254512,1048,-264,-13564,86,333,98
44260412,1092,-452,-13516,99,380,91
44265212,1108,-412,-13636,101,307,94
44270012,1112,-428,-13504,116,285,104
44274912,1128,-376,-13624,100,305,95
44279712,1056,-408,-13560,106,359,108
44284512,1072,-396,-13644,88,336,107
44290412,1052,-508,-13496,124,324,96
44295212,1028,-496,-13496,117,342,64
44462212,1012,-456,-13456,116,292,112
44478912,1120,-496,-13520,108,356,97
44480412,1120,-496,-13520,108,356,97
44485312,988,-536,-13288,117,330,118
44490112,972,-416,-13612,105,333,85
44494912,984,-452,-13464,97,342,85
44499812,1204,-480,-13480,82,293,105
44504612,1120,-496,-13640,98,320,106
44509412,1088,-452,-13620,93,332,91
44515312,948,-464,-13556,117,351,100
44520112,1056,-388,-13364,129,327,92
44524912,1052,-436,-13716,108,314,121
44529712,1048,-424,-13508,99,343,120
44534512,1044,-440,-13444,101,337,100
44539412,1024,-404,-13408,96,365,92
44545312,1096,-420,-13556,120,323,102
44550112,976,-400,-13580,97,312,111
44644212,1080,-360,-13560,102,347,92
44645812,1080,-360,-13560,102,347,92
44649512,1200,-388,-13672,105,360,104
44723911,960,-408,-13476,102,310,89
44725511,960,-408,-13476,102,310,89
44730311,1088,-384,-13460,115,345,93
44735111,1056,-448,-13556,103,326,115
44740011,1076,-416,-13376,86,355,93
44744811,972,-448,-13648,109,323,91
44749611,1004,-512,-13532,115,330,104
44754411,1016,-428,-13560,101,318,98
44760311,1024,-356,-13528,95,333,93
44765111,1144,-532,-13520,89,332,108
44769911,1048,-388,-13328,87,338,108
44774711,1092,-492,-13532,103,323,125
44779611,1220,-480,-13500,97,330,81
44784411,1128,-384,-13552,126,330,91
44790311,1000,-472,-13592,98,327,82
44908112,1092,-424,-13556,91,316,90
44909712,1092,-424,-13556,91,316,90
44914512,1112,-404,-13504,100,343,97
44919412,1128,-432,-13436,101,308,103
44925312,1104,-392,-13592,118,353,99
45013019,1160,-424,-13604,109,336,94
45014619,1160,-424,-13604,109,336,94
45019412,1120,-504,-13656,112,342,97
45025312,1104,-504,-13520,99,343,94
45030112,1092,-540,-13480,106,345,86
45034912,1072,-516,-13536,82,346,106
45039712,1040,-460,-13528,102,349,108
45044512,932,-404,-13496,94,325,96
45049412,1052,-384,-13568,104,333,97
45055312,976,-324,-13644,72,320,80
45060112,1040,-464,-13552,81,354,116
45064912,1008,-412,-13428,103,327,102
45069712,1052,-452,-13616,124,314,99
45159710,1016,-432,-13600,103,347,95
45164510,1120,-468,-13528,104,324,103
45170412,1076,-512,-13496,86,344,109
45175212,1048,-524,-13572,91,321,81
45180012,1048,-472,-13468,99,305,105
45184812,1132,-424,-13548,100,310,62
45189612,1104,-396,-13536,103,349,96
45264912,1056,-380,-13360,92,334,89
45269812,1104,-476,-13480,89,329,73
45274612,1088,-524,-13476,115,329,104
45279412,1032,-388,-13756,68,351,114
45285312,1056,-244,-13620,66,383,105
45290112,1144,-208,-13460,114,331,107
45294912,1068,-424,-13416,143,335,99
45299712,1132,-536,-13740,157,299,107
45304512,1072,-632,-13740,128,329,108
45309412,1092,-284,-13612,56,297,105
45399112,1092,-284,-13612,56,297,105
45400712,1092,-284,-13612,56,297,105
45404412,1056,-480,-13620,68,368,90
45410312,1064,-332,-13580,71,404,86
45415212,936,-468,-13572,118,351,106
45420012,1092,-468,-13280,113,319,115
45424812,1264,-236,-13480,152,258,110
45434811,1056,-192,-13724,50,378,105
45439711,908,-460,-13568,121,402,74
45444511,1128,-412,-13348,149,327,102
45519312,1064,-332,-13488,119,313,107
45520912,1064,-332,-13488,119,313,107
45524612,980,-528,-13560,113,348,90
45529512,1108,-352,-13476,87,366,104
45535412,1128,-424,-13320,103,336,102
45540212,1060,-448,-13528,120,312,98
45545012,936,-448,-13440,103,311,93
45549812,1044,-424,-13492,131,326,119
45554612,1128,-368,-13660,90,316,100
45647821,1084,-336,-13500,87,341,89
45649421,1084,-336,-13500,87,341,89
45654412,1144,-412,-13572,117,320,98
45660312,1016,-392,-13384,107,330,115
45665112,1044,-516,-13812,113,320,107
45669912,956,-432,-13548,91,324,105
45674712,1072,-484,-13604,95,302,89
45679612,1092,-516,-13512,92,351,70
45684412,1096,-364,-13820,94,336,93
45690312,1144,-412,-13616,132,327,96
45695112,1100,-424,-13516,84,336,79
45769311,1032,-328,-13520,111,337,128
45770911,1032,-328,-13520,111,337,128
45774611,1244,-404,-13676,83,330,117
45779511,1076,-416,-13524,102,333,106
45785411,1016,-464,-13716,106,347,122
45790211,1084,-532,-13420,101,302,104
45795011,1104,-420,-13728,111,308,102
45910910,1072,-436,-13548,112,337,118
45914710,1148,-468,-13464,128,345,104
45919612,1016,-448,-13380,94,327,106
45924412,1112,-352,-13660,137,361,104
45941511,1108,-420,-13328,78,340,106
45945211,1072,-396,-13484,142,346,106
45950111,992,-396,-13480,110,330,97
45954911,992,-444,-13596,83,307,109
45959711,1028,-340,-13468,91,348,97
45964511,1088,-476,-13604,93,349,83
45970411,1140,-520,-13420,103,319,96
45975211,1116,-388,-13708,95,311,85
45980111,1076,-408,-13580,103,319,91
46055110,1092,-376,-13488,105,323,113
46059910,1120,-372,-13456,114,339,114
46064712,1052,-472,-13528,89,313,121
46069512,1128,-456,-13824,110,366,109
46075412,1132,-484,-13548,95,325,104
46166710,1076,-508,-13624,86,321,96
46170412,1068,-380,-13684,91,340,94
46175212,1124,-408,-13592,105,355,94
46180012,992,-452,-13548,99,339,82
46184812,1024,-472,-13548,126,308,103
46189612,1076,-440,-13600,83,322,98
46194412,1200,-468,-13436,99,325,85
46200412,1096,-548,-13544,85,349,84
46205212,1128,-436,-13700,109,330,124
46210012,1064,-404,-13696,95,344,107
46214812,1072,-420,-13468,83,348,91
46219612,1148,-396,-13448,88,328,82
46224412,1148,-472,-13504,114,312,102
46230312,1072,-492,-13564,97,346,99
46235112,1064,-380,-13548,67,345,100
46309512,1124,-436,-13556,106,344,109
46314412,1028,-388,-13508,88,329,76
46405910,1100,-564,-13480,106,320,95
46409712,1044,-488,-13568,82,335,73
46414512,1032,-580,-13564,110,323,94
46420412,1096,-492,-13632,114,342,85
46425212,1116,-444,-13416,74,334,79
46438512,1220,-476,-13512,131,322,108
46440012,1220,-476,-13512,131,322,108
46444912,992,-396,-13480,115,301,99
46449712,1004,-396,-13648,91,307,97
46454512,1140,-460,-13536,71,344,85
46459412,1040,-428,-13580,81,365,93
46465312,1044,-456,-13472,109,316,95
46470112,1248,-436,-13440,93,333,100
46474912,1060,-496,-13612,106,325,90
46479712,1072,-436,-13508,94,310,88
46484512,1052,-416,-13596,106,333,107
46490412,1172,-480,-13544,108,325,84
46583811,1044,-400,-13536,102,350,89
46661512,1056,-348,-13400,65,314,122
46665312,1044,-336,-13436,120,366,88
46670112,1060,-420,-13440,97,334,100
46674912,1108,-476,-13664,116,303,83
46679712,1144,-412,-13564,78,319,103
46684512,1152,-496,-13696,90,346,109
46690412,1112,-440,-13540,116,364,96
46695212,1060,-420,-13352,132,337,99
46700012,1168,-432,-13420,87,335,92
46704912,944,-456,-13448,113,323,92
46709712,1024,-476,-13476,72,322,107
46714512,1116,-356,-13576,114,329,97
46720412,976,-496,-13420,80,341,114
46725212,1144,-452,-13520,131,317,74
46730012,1032,-504,-13492,138,325,95
46734812,1004,-452,-13604,93,328,101
46826112,1176,-408,-13420,115,318,90
46829812,1132,-468,-13620,127,320,96
46834612,1092,-492,-13500,105,341,103
46839412,1048,-460,-13520,83,350,97
46937711,1108,-412,-13500,130,353,104
46954910,1136,-472,-13600,73,316,97
46959710,1068,-480,-13452,104,362,80
46964612,1048,-396,-13552,97,330,102
46969412,1008,-468,-13564,87,343,67
46975312,1044,-400,-13724,100,345,81
46980112,1052,-384,-13628,120,365,87
46984912,1024,-400,-13524,103,308,95
46989712,992,-424,-13344,112,341,102
46994612,1144,-444,-13920,96,306,111
46999412,1020,-416,-13496,99,344,99
47005312,1104,-364,-13716,102,352,72
47010112,1012,-568,-13336,60,420,105
47014912,1080,-400,-13664,93,360,105
47103710,948,-428,-13496,102,346,89
47105310,948,-428,-13496,102,346,89
47110211,1164,-492,-13444,154,332,94
47115011,1096,-380,-13644,86,302,97
47119811,1016,-544,-13544,91,349,108
47124611,1016,-480,-13568,93,333,92
47198512,1080,-432,-13512,84,406,103
47200012,1080,-432,-13512,84,406,103
47204912,1128,-452,-13744,71,286,87
47209712,1104,-408,-13392,138,413,98
47214612,1204,-468,-13680,107,257,99
47219412,1148,-536,-13440,106,327,93
47225312,1016,-524,-13400,56,341,95
47230112,1004,-392,-13720,159,337,92
47234912,976,-416,-13388,55,315,118
47239712,1148,-372,-13724,125,339,106
47244612,1004,-472,-13308,9,346,106
47249412,1200,-316,-13720,177,326,83
47342910,1008,-596,-13480,103,319,124
47344512,1008,-596,-13480,103,319,124
47350412,1048,-516,-13420,96,332,77
47355212,1144,-400,-13636,107,344,92
47360012,1148,-368,-13532,99,353,100
47364812,1072,-284,-13468,114,328,99
47369612,1120,-288,-13444,83,303,117
47374512,1116,-352,-13652,104,325,110
47448911,1180,-376,-13444,124,328,103
47462512,1048,-588,-13536,90,353,93
47465112,1048,-588,-13536,90,353,93
47469912,972,-512,-13584,102,341,87
47474812,1064,-424,-13520,91,344,95
47479612,1044,-492,-13520,107,307,100
47484412,1148,-376,-13428,98,335,91
47490312,988,-468,-13480,99,361,117
47495112,1124,-476,-13556,95,343,104
47499912,1072,-488,-13420,100,324,97
47504712,1104,-448,-13488,91,348,116
47594512,1104,-448,-13488,91,348,116
47599512,1116,-348,-13632,91,326,111
47604412,1160,-376,-13508,90,342,108
47610312,1132,-380,-13612,94,324,113
47615112,1052,-372,-13368,104,327,99
47619912,1076,-440,-13516,99,328,100
47624712,1140,-432,-13424,102,326,97
47629512,1108,-424,-13540,80,360,102
47634412,988,-352,-13672,86,353,99
47708312,1100,-484,-13600,90,328,81
47709812,1100,-484,-13600,90,328,81
47714712,1100,-416,-13388,97,306,111
47719512,1080,-472,-13596,87,324,99
47725412,1168,-420,-13436,122,319,98
47730312,1052,-448,-13600,121,315,112
47735112,1108,-432,-13652,102,321,101
47739912,1020,-472,-13544,105,330,119
47833312,1128,-436,-13464,85,338,84
47834912,1128,-436,-13464,85,338,84
47839712,964,-440,-13684,117,374,111
47844512,1168,-424,-13508,96,316,89
47850412,964,-448,-13608,83,316,103
47855212,1084,-416,-13540,82,353,99
47860012,1100,-428,-13364,110,350,103
47864812,1052,-416,-13592,140,335,94
47869612,1140,-524,-13388,108,320,88
47874512,1056,-400,-13688,112,344,79
47880412,1088,-472,-13796,123,339,85
47885212,1012,-468,-13700,117,338,111
47983412,1160,-428,-13452,99,323,104
48007720,1028,-380,-13420,132,329,98
48010311,1028,-380,-13420,132,329,98
48015111,1060,-464,-13520,98,325,90
48020011,1128,-416,-13632,115,304,102
48024811,1072,-348,-13496,91,329,85
48029611,1024,-472,-13332,82,323,108
48119519,1024,-472,-13332,82,323,108
48124612,968,-396,-13484,92,376,87
48129412,1176,-388,-13516,110,342,92
48135312,1044,-620,-13624,127,273,94
48140112,884,-460,-13632,83,321,79
48144912,1020,-460,-13592,89,389,86
48149712,1080,-328,-13604,82,357,102
48154512,1124,-404,-13604,123,301,87
48160412,1052,-556,-13412,105,296,113
48165312,1208,-176,-13720,83,385,100
48170112,1192,-508,-13576,108,412,88
48174912,972,-520,-13516,84,249,75
48179712,1236,-352,-13756,133,334,99
48253512,1168,-332,-13772,104,306,97
48255012,1168,-332,-13772,104,306,97
48259912,1080,-472,-13340,107,313,108
48264712,1068,-416,-13596,82,319,118
48357412,1052,-320,-13480,102,351,85
48360012,1044,-360,-13692,103,333,98
48364812,1036,-448,-13396,90,323,90
48369612,1168,-532,-13516,105,348,105
48374412,1044,-476,-13248,111,357,111
48380312,1256,-452,-13728,116,277,99
48385112,1208,-516,-13492,105,297,107
48390012,944,-560,-13572,84,337,93
48394812,1100,-452,-13468,92,377,88
48399612,1112,-368,-13684,87,381,89
48404412,1088,-384,-13608,118,318,99
48410312,1160,-420,-13508,90,314,108
48415112,1052,-512,-13512,106,326,95
48419912,1164,-516,-13568,117,325,87
48424712,1072,-412,-13524,76,330,99
48434611,1064,-384,-13432,70,352,100
48511410,1140,-400,-13636,75,344,74
48515110,1004,-396,-13568,87,318,86
48607112,1060,-444,-13476,95,332,102
48609712,1056,-520,-13504,110,337,84
48614512,1068,-484,-13520,105,336,96
48620412,1112,-444,-13580,115,334,99
48625212,1080,-432,-13536,82,309,98
48630112,1048,-456,-13384,80,330,109
48634912,1100,-436,-13552,80,346,109
48639712,1100,-428,-13604,92,333,104
48644512,1096,-564,-13600,83,318,93
48650412,1056,-436,-13544,115,323,122
48655212,964,-424,-13452,80,332,119
48660012,1028,-468,-13496,79,351,100
48664812,1112,-400,-13592,111,351,104
48669712,984,-476,-13344,89,336,99
48674512,1076,-360,-13468,127,318,111
48680412,1092,-432,-13492,103,350,96
48773011,740,-572,-11396,23,131,70
48774611,740,-572,-11396,23,131,70
48849410,860,-492,-13880,-29,163,89
48855310,1120,-328,-12996,238,476,97
48860212,1224,-348,-14136,48,369,92
48865012,1212,-536,-12924,178,289,138
48869812,1008,-344,-13756,47,351,93
48874612,952,-548,-13632,96,270,107
48879412,996,-412,-13536,150,410,112
48885312,1024,-476,-13552,101,311,116
48890112,1108,-408,-13192,125,308,89
48894912,1112,-500,-13716,38,365,110
48899812,996,-316,-13584,117,338,115
48904612,1096,-436,-13492,98,352,95
48909412,1172,-436,-13656,131,262,88
48915312,996,-472,-13316,43,345,105
48920112,1000,-408,-13636,94,365,96
49036710,1212,-344,-13472,80,291,99
49052412,1076,-444,-13624,121,347,121
49055112,996,-476,-13600,89,290,108
49059912,1012,-388,-13640,137,351,108
49064712,992,-480,-13356,53,330,91
49138611,776,-412,-15000,210,555,110
49140111,776,-412,-15000,210,555,110
49145111,1020,-416,-12432,113,64,105
49149911,1212,-460,-13492,163,552,114
49154711,992,-500,-14424,-38,190,87
49159511,1132,-508,-12576,166,425,109
49165411,1200,-328,-14348,114,294,115
49170211,984,-424,-12912,145,244,109
49175111,1176,-488,-13524,17,542,105
49179911,1032,-392,-14500,151,184,82
49184711,964,-612,-12500,107,470,83
49189511,1128,-396,-14504,129,301,126
49195411,972,-472,-12520,40,339,111
49200211,1336,-552,-13784,152,359,111
49290512,1336,-552,-13784,152,359,111
49294412,1120,-408,-13488,79,285,100
49300312,980,-376,-13368,106,322,93
49305112,976,-408,-13480,73,381,98
49309912,1160,-332,-13664,112,319,103
49314712,1024,-420,-13232,115,319,108
49389511,1092,-424,-13496,113,335,112
49394411,1108,-432,-13388,97,347,87
49400311,1196,-332,-13956,114,300,110
49405211,1012,-536,-13292,115,325,109
49410011,1004,-396,-13644,134,340,96
49414811,1044,-424,-13232,72,336,100
49419611,1092,-448,-13736,117,320,91
49424411,1044,-444,-13512,47,335,97
49434112,1284,-356,-13404,89,365,107
49435612,1284,-356,-13404,89,365,107
49439412,1096,-356,-13616,122,289,109
49445312,1044,-340,-13424,119,326,99
49538910,1260,-536,-13492,134,401,89
49540512,1260,-536,-13492,134,401,89
49545312,1000,-468,-13880,88,338,105
49550112,1128,-484,-13212,92,298,100
49554912,1048,-352,-13864,80,383,93
49559712,948,-460,-13224,77,321,72
49564512,1184,-492,-13584,138,373,104
49569412,988,-424,-13572,62,278,90
49643811,1152,-392,-13552,121,361,122
49645411,1152,-392,-13552,121,361,122
49650211,1128,-556,-13516,131,294,90
49655011,928,-516,-13400,99,328,108
49659811,968,-424,-13448,95,341,107
49664611,1040,-464,-13372,118,375,107
49669411,1204,-400,-13604,110,327,90
49675311,1128,-488,-13600,118,335,91
49680111,1208,-432,-13544,77,343,99
49685011,1100,-464,-13804,106,346,118
49777710,1140,-556,-13356,115,338,116
49780310,1100,-428,-13984,56,298,94
49785212,1032,-380,-13188,98,356,90
49790012,1316,-368,-13776,129,367,94
49794812,1044,-476,-13352,114,275,107
49799612,1028,-472,-13520,94,284,91
49804412,976,-364,-13724,97,366,95
49810312,1020,-472,-13524,122,347,109
49815112,1208,-460,-13580,112,364,79
49819912,1176,-448,-13584,55,261,100
49894312,1020,-704,-14792,142,123,106
49895812,1020,-704,-14792,142,123,106
49899612,916,-912,-11964,46,487,104
49904412,1260,-356,-15524,69,420,84
49910312,820,-328,-12848,99,134,72
49915212,976,-100,-13000,138,413,113
49920012,1168,-488,-14016,54,411,112
49924812,1392,-460,-12784,141,392,103
49941812,568,-596,-12848,84,489,102
50058712,1160,-476,-13836,114,306,88
50060312,1160,-476,-13836,114,306,88
50065312,1072,-408,-13252,136,245,95
50070112,1096,-496,-13284,98,364,106
50074912,1228,-328,-13536,86,384,95
50079712,1104,-204,-13740,110,317,117
50084512,896,-476,-13396,132,231,106
50089412,860,-568,-13292,97,317,106
50095312,1092,-600,-13460,92,464,100
50100112,1304,-508,-13852,85,374,99
50104912,1136,-496,-13644,120,234,81
50179111,1108,-276,-13456,67,416,91
50180711,1108,-276,-13456,67,416,91
50184411,1304,-168,-13516,57,400,64
50190411,1160,-288,-13484,146,309,122
50195211,968,-432,-13456,109,287,103
50200011,948,-552,-13532,122,354,100
50204811,1016,-460,-13736,102,376,105
50298110,1092,-504,-13592,136,359,124
50299712,1092,-416,-13500,125,225,113
50304512,1072,-664,-13396,123,273,112
50310412,1056,-428,-13648,32,343,96
50315212,1084,-388,-13796,84,413,110
50320012,900,-436,-13664,110,354,85
50324812,960,-416,-13396,150,274,110
50329612,988,-524,-13308,120,279,116
50334412,1288,-252,-13628,51,360,86
50340412,1120,-464,-13724,50,385,114
50345212,936,-400,-13540,118,356,90
50350012,1040,-448,-13288,147,294,96
50354812,1176,-420,-13476,103,318,92
50429310,992,-400,-13444,125,319,90
50442669,1168,-440,-13800,100,415,93
50445310,1064,-348,-13668,114,342,88
50450110,1076,-436,-13432,128,284,72
50454912,1084,-320,-13260,112,285,86
50459712,1080,-640,-13496,105,335,111
50549612,1020,-472,-13640,77,354,114
50554512,1064,-504,-13580,105,344,93
50559412,1052,-336,-13428,98,329,107
50565312,1112,-464,-13520,124,317,95
50570112,1228,-424,-13488,105,312,83
50574912,1172,-512,-13656,112,312,102
50579712,1036,-392,-13476,83,302,103
50584512,968,-372,-13560,98,367,92
50589412,1092,-424,-13584,112,347,91
50595312,1152,-520,-13452,127,317,108
50600112,1096,-480,-13536,122,308,105
50604912,1072,-440,-13344,94,349,93
50609712,988,-456,-13376,119,366,106
50614512,1104,-416,-13468,106,376,104
50689111,1188,-436,-13760,100,351,110
50690711,1188,-436,-13760,100,351,110
50694411,1052,-452,-13300,69,365,80
50788910,1800,364,-18624,140,157,67
50790410,1800,364,-18624,140,157,67
50795312,1192,-536,-9472,171,381,32
50800112,1624,-828,-16808,305,468,140
50804912,600,-844,-12096,9,-92,112
50809712,804,-612,-13124,73,737,127
50814512,780,-364,-15156,71,359,57
50820412,888,-272,-12812,163,128,109
50825212,908,-232,-13524,123,465,118
50830012,1360,-112,-13544,-70,319,77
50834912,1884,-264,-12524,213,778,94
50839712,1292,-440,-15616,-2,-44,122
50844512,316,-860,-12608,317,25,121
50850412,372,-468,-13344,0,366,146
50855212,1176,-408,-13640,87,680,81
50860012,1292,-348,-13288,-2,465,81
50864812,1172,-348,-13832,162,182,114
51030410,1284,-364,-13736,77,507,98
51068171,864,-332,-13116,94,306,83
51069712,1156,-492,-13520,67,514,110
51074611,1204,-472,-14168,64,259,106
51079511,816,-1432,-15000,69,456,106
51085411,428,-1820,-13196,-17,-298,100
51090211,1192,-848,-11040,304,1154,186
51095011,2112,788,-15300,325,-840,9
51099811,2148,944,-7120,199,893,-32
51104611,2152,144,-19648,-486,671,173
51109411,712,-984,-11680,258,394,155
51115311,-20,-1936,-14968,399,200,223
51120211,-204,-1416,-13908,141,14,152
51125011,560,-1268,-13380,118,135,93
51129811,1156,448,-13748,-122,891,94
51134611,1728,916,-14628,-64,164,44
51139411,2256,668,-9960,222,770,29
51231710,640,-660,-13992,238,231,116
51235410,56,-792,-13560,72,202,129
51240312,172,-536,-13496,107,394,104
51314511,628,-852,-13652,107,436,96
51319511,924,-780,-13900,72,377,87
51325411,1372,-672,-13520,69,347,85
51330311,1504,-244,-13364,36,330,97
51335111,1384,-68,-13132,127,313,87
51339911,1164,-24,-13372,139,282,100
51344711,748,-532,-13452,152,282,96
51349511,592,-680,-13704,135,349,104
51355411,832,-920,-13668,99,414,100
51360311,1068,-684,-13824,42,378,75
51365111,1296,-384,-13564,52,305,93
51369911,1328,-88,-13176,75,309,89
51374711,1200,-48,-13296,117,346,102
51379511,1092,-304,-13680,138,351,90
51469710,904,-504,-13804,104,322,101
51490410,1308,-264,-13488,86,365,113
51495210,1332,-492,-13732,155,272,108
51500012,1040,-560,-13396,145,268,118
51504812,860,-508,-13644,97,353,88
51509612,944,-484,-13768,93,337,90
51583012,992,-472,-13548,111,289,115
51584512,860,-536,-13584,85,312,79
51589412,1036,-536,-13700,94,356,119
51595312,1156,-420,-13684,79,400,89
51600112,1152,-388,-13644,99,313,87
51605012,1244,-364,-13416,102,308,102
51609812,1088,-340,-13516,92,319,98
51614612,1068,-484,-13496,93,330,107
51619412,1024,-484,-13524,91,344,119
51625312,964,-644,-13616,97,339,85
51630112,1096,-488,-13592,100,350,75
51634912,1116,-404,-13492,103,355,100
51727412,1160,-400,-13540,88,323,92
51730012,920,-476,-13448,128,253,99
51734912,1056,-404,-13352,103,356,97
51739712,1044,-472,-13584,111,375,79
51744512,1180,-444,-13524,118,374,77
51750412,1112,-648,-13672,80,277,109
51755212,1104,-488,-13468,137,337,117
51760012,1264,-308,-13516,68,374,96
51834012,1004,-348,-13516,107,272,103
51835612,1004,-348,-13516,107,272,103
51840412,948,-392,-13436,112,349,116
51845212,1160,-396,-13516,97,393,103
51850012,1124,-512,-13628,98,373,101
51854812,1024,-536,-13544,101,243,106
51859612,1056,-460,-13304,111,289,100
51864412,888,-432,-13328,57,390,113
51870412,1100,-420,-13484,107,393,90
51875212,1172,-472,-13740,117,269,96
51966410,1072,-396,-13452,110,293,96
51979821,1104,-380,-13556,124,355,93
51984712,1120,-472,-13464,121,312,99
51989612,1092,-456,-13412,106,321,104
51994412,1104,-488,-13508,117,358,93
52000312,1092,-388,-13524,115,315,114
52005112,1016,-368,-13552,106,297,88
52009912,976,-396,-13428,81,323,85
52014712,1000,-436,-13460,90,388,108
52019512,1076,-476,-13548,110,354,90
52118410,988,-536,-13508,107,325,128
52120010,1120,-464,-13640,94,342,97
52125012,1060,-520,-13712,80,349,106
52129812,1012,-408,-13644,113,335,112
52134712,980,-408,-13432,93,337,101
52139512,1112,-412,-13504,128,336,84
52145412,1120,-452,-13480,99,359,82
52150212,1144,-448,-13480,109,331,110
52243112,1100,-364,-13640,91,309,103
52244612,1080,-464,-13604,88,350,100
52249512,1068,-440,-13520,90,348,118
52255412,1072,-412,-13576,118,341,94
52260312,1100,-452,-13552,98,301,91
52265112,996,-484,-13656,110,324,100
52269912,1068,-468,-13640,84,306,97
52274712,1092,-360,-13608,98,352,112
52279512,1048,-464,-13580,79,342,115
52285412,968,-452,-13616,101,351,104
52290312,1096,-336,-13476,107,337,108
52295112,1100,-504,-13560,111,329,70
52369610,1004,-468,-13624,129,325,109
52374610,952,-468,-13408,96,327,81
52379412,1064,-468,-13444,96,319,100
52385312,1032,-344,-13592,93,345,95
52390112,1104,-456,-13592,99,337,108
52482210,1080,-424,-13512,122,295,93
52495621,1072,-400,-13584,105,324,106
52499412,984,-532,-13356,77,343,88
52505412,1076,-420,-13588,106,366,104
52510212,1060,-280,-13512,113,342,108
52515012,980,-396,-13644,114,324,109
52519812,1088,-360,-13484,87,333,92
52524612,1088,-456,-13568,81,334,89
52529412,1048,-460,-13468,104,354,100
52535312,1032,-372,-13544,121,358,115
52540112,1044,-476,-13336,118,333,89
52545012,1040,-388,-13620,108,323,93
52549812,1080,-380,-13560,85,330,99
52554612,1072,-388,-13616,104,350,100
52559412,1088,-472,-13516,103,361,108
52634011,912,-472,-13308,104,283,97
52635511,1048,-368,-13652,116,357,107
52640411,1104,-408,-13728,64,365,97
52733610,1064,-424,-13556,116,301,92
52735112,1028,-436,-13652,99,317,103
52740012,928,-280,-13460,104,342,94
52744812,1208,-460,-13484,111,387,101
52749712,1144,-440,-13584,85,352,102
52754512,1120,-492,-13564,98,276,98
52760412,984,-472,-13484,101,341,112
52765212,956,-384,-13544,88,356,92
52770012,1100,-316,-13452,95,379,112
52774812,1064,-480,-13588,138,296,98
52779612,1064,-452,-13468,112,316,116
52784412,1044,-412,-13536,77,369,91
52790412,1124,-396,-13424,116,379,67
52795212,1100,-380,-13532,134,313,109
52800012,1016,-348,-13496,118,284,97
52804812,1104,-388,-13440,80,348,114
52809612,1088,-480,-13596,95,363,110
52977512,1076,-428,-13404,106,358,118
52989811,1032,-428,-13556,86,351,84
52994611,1088,-456,-13432,127,331,96
52999511,1100,-400,-13656,89,344,113
53005411,1104,-456,-13520,93,333,65
53010211,1076,-376,-13636,92,326,97
53015011,1044,-404,-13592,90,334,87
53019811,1068,-420,-13564,105,315,90
53024611,1260,-452,-13432,108,347,109
53029511,1056,-380,-13544,127,317,91
53035411,1132,-468,-13440,78,307,97
53040211,1116,-380,-13492,87,350,87
53045011,1100,-360,-13576,98,360,101
53049811,1128,-356,-13520,126,326,97
53054611,1076,-472,-13612,104,326,117
53059411,1076,-472,-13612,104,326,117
53178610,1044,-456,-13692,120,331,93
53180212,1036,-420,-13520,117,325,100
53185112,1116,-396,-13728,116,331,91
53189912,1052,-484,-13468,106,334,108
53264511,1028,-384,-13588,100,332,104
53269511,1028,-384,-13588,100,332,104
53275411,1004,-448,-13512,102,334,92
53280211,1056,-476,-13556,106,342,86
53285011,992,-472,-13532,111,304,99
53289811,1032,-480,-13492,91,330,88
53294611,956,-444,-13532,102,341,97
53299411,956,-444,-13532,102,341,97
53305311,1112,-404,-13448,94,337,100
53310211,1140,-436,-13580,132,330,88
53315011,996,-352,-13520,112,337,117
53319811,1160,-364,-13512,122,335,70
53324611,1096,-440,-13548,113,356,84
53418412,1140,-416,-13360,119,350,100
53420012,1112,-520,-13860,99,328,104
53424812,1064,-376,-13304,74,329,89
53438112,1092,-452,-13432,96,326,96
53439612,1092,-452,-13432,96,326,96
53444512,1100,-424,-13548,96,338,118
53450412,1028,-420,-13444,113,328,84
53524611,1048,-524,-13612,119,319,109
53529611,1048,-524,-13612,119,319,109
53534411,1192,-472,-13504,123,322,104
53540311,1016,-400,-13600,102,334,102
53545111,1092,-472,-13460,100,334,89
53549911,1104,-304,-13400,86,331,117
53554811,956,-428,-13392,114,357,105
53559611,956,-428,-13392,114,357,105
53564411,1064,-408,-13472,89,365,102
53570311,1000,-572,-13556,106,338,101
53575111,1084,-508,-13480,102,347,110
53579911,1096,-448,-13544,114,319,90
53669510,1096,-448,-13544,114,319,90
53674710,1096,-476,-13400,97,346,85
53679510,1096,-476,-13400,97,346,85
53685410,1076,-424,-13476,94,328,93
53690312,1032,-416,-13576,82,347,90
53695112,1100,-452,-13484,96,330,78
53699912,996,-540,-13592,95,335,99
53704712,996,-540,-13592,95,335,99
53778911,948,-400,-13488,92,278,93
53780511,892,-404,-13508,93,345,89
53785311,1044,-368,-13396,101,365,92
53790211,1172,-508,-13412,123,347,97
53795011,1208,-416,-13656,84,296,107
53799811,1044,-488,-13644,115,305,102
53804611,1044,-488,-13644,115,305,102
53809411,1140,-532,-13492,104,343,96
53815311,1088,-400,-13448,103,324,95
53908210,988,-440,-13576,91,342,102
53909810,1116,-432,-13484,89,342,105
53914612,1116,-432,-13484,89,342,105
53919412,1076,-560,-13284,116,329,102
53925312,1148,-444,-13596,122,350,96
53942411,1044,-408,-13440,114,331,84
53945011,1100,-416,-13560,103,362,112
53949911,1136,-532,-13648,113,325,107
53954711,1136,-532,-13648,113,325,107
53959511,996,-376,-13692,106,311,77
53965411,1056,-428,-13616,79,348,109
54040012,1016,-376,-13640,120,344,115
54045012,1020,-448,-13476,155,316,94
54049812,1020,-448,-13476,155,316,94
54054612,1016,-472,-13472,121,327,98
54059412,1168,-604,-13508,71,345,125
54065312,1092,-404,-13660,176,233,99
54070212,956,-332,-13212,124,291,113
54187110,1076,-464,-13340,85,376,109
54189810,1076,-464,-13340,85,376,109
54194812,1156,-392,-13516,80,456,112
54199612,1156,-544,-13644,136,319,104
54204412,1020,-452,-13472,122,256,127
54210312,1016,-400,-13512,72,400,146
54215112,1268,-312,-13704,110,345,167
54220012,1036,-616,-13664,121,285,178
54224812,1036,-616,-13664,121,285,178
54229612,964,-572,-13584,84,332,189
54234412,1132,-532,-13572,78,410,195
54240312,1016,-316,-13668,112,289,134
54245112,912,-352,-13228,115,292,128
54320310,1100,-392,-13672,93,323,138
54325110,1040,-468,-13792,97,342,106
54329912,1040,-468,-13792,97,342,106
54334712,940,-520,-13492,108,324,102
54425410,1140,-80,-13528,112,341,-308
54438612,1052,-116,-13588,101,295,-755
54440212,1160,-356,-13464,150,321,-814
54445012,1000,-564,-13496,103,353,-776
54449812,1000,-564,-13496,103,353,-776
54454612,1112,-800,-13656,97,362,-580
54459412,1024,-1420,-13512,124,390,-205
54465312,1160,-228,-13604,104,303,151
54470212,1164,-504,-13620,89,348,97
54475012,1164,-504,-13620,89,348,97
54479812,1048,-432,-13452,134,364,114
54484612,1016,-380,-13688,67,334,115
54489412,1052,-380,-13544,135,308,108
54495312,1064,-432,-13468,103,330,92
54500112,1004,-392,-13612,83,307,76
54504912,1004,-392,-13612,83,307,76
54580510,1120,-500,-13516,105,347,124
54585310,980,-348,-13656,121,313,119
54677510,1088,-504,-13384,127,337,119
54680110,1012,-412,-13524,71,347,84
54684912,1012,-412,-13524,71,347,84
54689712,1112,-392,-13392,131,393,115
54694512,1200,-496,-13732,94,279,116
54699412,992,-440,-13628,141,309,125
54705312,1100,-460,-13512,105,375,79
54710112,1100,-492,-13524,53,331,96
54714912,1100,-492,-13524,53,331,96
54719712,1064,-436,-13668,97,332,105
54724512,1144,-456,-13496,111,339,114
54730412,944,-532,-13448,112,319,106
54735212,1096,-428,-13696,105,300,131
54740112,1096,-428,-13696,105,300,131
54744912,1104,-416,-13644,82,294,145
54749712,1068,-488,-13516,90,344,164
54843368,1060,-372,-13788,107,328,109
54844912,1060,-372,-13788,107,328,109
54921711,1040,-456,-13584,103,322,103
54924511,1040,-456,-13584,103,322,103
54941612,1200,-372,-13432,109,322,82
54945312,1036,-632,-13508,105,340,78
54950112,1036,-632,-13508,105,340,78
54955012,1072,-364,-13752,96,358,114
54959812,956,-424,-13552,87,341,94
54964612,1140,-440,-13616,111,324,89
54969412,1012,-512,-13628,112,323,115
54975312,1120,-448,-13556,81,349,89
54980112,1120,-448,-13556,81,349,89
54984912,1100,-420,-13520,110,340,103
54989712,1172,-412,-13544,96,330,95
54994612,1052,-568,-13636,103,324,96
54999412,1032,-452,-13396,82,321,106
55005312,1052,-400,-13404,87,338,93
55010112,1052,-400,-13404,87,338,93
55101212,1004,-424,-13468,73,342,123
55105112,1004,-424,-13468,73,342,123
55109912,1116,-476,-13512,76,329,116
55208112,1108,-268,-13376,120,338,151
55209712,1108,-268,-13376,120,338,151
55214612,1000,-512,-13560,107,316,183
55219412,920,-816,-13608,108,329,243
55225312,1108,-516,-13584,71,355,402
55230112,1108,-516,-13584,71,355,402
55234912,1064,-384,-13340,62,330,454
55239712,1048,-396,-13700,99,331,471
55244612,1072,-444,-13680,117,345,450
55249412,976,-456,-13752,108,345,401
55255312,1064,-420,-13484,89,370,351
55260112,1080,-152,-13592,65,371,272
55264912,1092,-124,-13588,75,347,197
55269712,1112,-108,-13476,82,358,177
55274512,1088,-404,-13712,75,348,108
55363012,1088,-404,-13712,75,348,108
55364612,1088,-404,-13712,75,348,108
55369512,1040,-432,-13624,75,372,109
55375412,1096,-432,-13436,104,336,92
55380212,1096,-432,-13436,104,336,92
55455010,980,-464,-13524,143,318,115
55468410,1036,-564,-13768,85,356,101
55469913,1036,-564,-13768,85,356,101
55474712,1188,-284,-13400,62,376,92
55479512,1104,-204,-13428,102,325,100
55485412,992,-616,-13564,96,328,106
55490212,992,-616,-13564,96,328,106
55495012,980,-396,-13684,55,389,85
55499812,1072,-276,-13684,81,353,94
55504712,1092,-452,-13640,146,346,117
55509512,980,-592,-13520,133,303,107
55515412,1124,-424,-13536,91,299,105
55520212,1056,-424,-13604,77,312,122
55525012,1116,-444,-13636,98,345,83
55615314,1116,-444,-13636,98,345,83
55620212,1052,-492,-13620,95,319,121
55625012,1040,-348,-13488,95,358,101
55629912,1028,-540,-13556,108,345,76
55634712,1144,-448,-13476,93,339,114
55639512,980,-440,-13592,114,337,89
55713311,1000,-548,-13608,115,332,113
55714911,1000,-548,-13608,115,332,113
55719711,1192,-416,-13396,87,344,114
55724611,1040,-344,-13448,67,344,89
55729411,1088,-424,-13432,104,360,94
55735311,1052,-500,-13524,138,316,106
55740111,1040,-460,-13524,132,309,86
55744911,1044,-436,-13644,95,320,94
55749711,884,-520,-13668,121,348,102
55754611,972,-432,-13620,82,327,87
55759411,1120,-488,-13560,104,336,107
55853910,1132,-444,-13540,95,327,108
55855510,1192,-492,-13580,109,339,122
55860412,1192,-492,-13580,109,339,122
55865212,1080,-356,-13564,97,329,112
55870012,980,-552,-13472,98,310,112
55874812,1160,-432,-13560,97,345,92
55879612,988,-504,-13624,126,329,97
55884412,1112,-536,-13540,105,318,114
55890312,1080,-492,-13428,108,326,109
55965010,1032,-780,-13436,68,367,981
55985810,1140,28,-13524,42,340,674
55989610,1140,28,-13524,42,340,674
55994410,1096,-124,-13588,101,363,459
56000412,1112,76,-13544,120,300,253
56005212,1044,-188,-13512,100,330,54
56010012,1076,-556,-13576,88,355,100
56014812,1156,-484,-13356,82,344,106
56019612,1116,-404,-13540,107,327,105
56112612,1124,-444,-13496,102,344,81
56115412,1124,-444,-13496,102,344,81
56120212,1052,-424,-13636,107,333,91
56125012,1196,-368,-13656,111,349,80
56129812,1040,-500,-13624,118,323,89
56134712,1196,-388,-13340,97,305,90
56139512,1080,-360,-13564,89,334,115
56145412,1040,-528,-13496,93,341,102
56150212,1048,-404,-13508,123,344,113
56155012,1148,-500,-13380,120,329,99
56159812,1056,-432,-13508,91,329,85
56259111,984,-508,-13368,122,351,95
56260710,1168,-452,-13420,107,300,104
56264512,1168,-452,-13420,107,300,104
56270412,1096,-432,-13592,99,305,102
56275212,1004,-468,-13600,77,345,105
56280112,1020,-536,-13552,126,379,69
56284912,1004,-376,-13660,130,334,110
56376812,1076,-408,-13484,84,332,60
56379512,1076,-408,-13484,84,332,60
56384412,1072,-452,-13592,84,347,81
56390312,1024,-328,-13612,125,338,91
56395112,1100,-452,-13564,110,329,96
56399912,1148,-460,-13568,93,322,100
56404712,1140,-396,-13600,103,347,70
56409512,1076,-320,-13528,85,367,80
56414412,1036,-524,-13492,114,352,90
56420312,1232,-472,-13404,119,318,73
56425112,1040,-424,-13548,87,333,61
56435111,1100,-496,-13656,103,355,95
56440011,1176,-396,-13520,95,348,97
56514212,1072,-536,-13492,105,352,97
56515812,1064,-460,-13496,126,342,71
56519512,1064,-460,-13496,126,342,71
56525412,1028,-492,-13444,101,344,106
56530212,1096,-368,-13508,116,336,97
56535012,1140,-400,-13508,90,330,83
56624912,1140,-400,-13508,90,330,83
56629812,1076,-384,-13828,129,327,97
56634712,1020,-444,-13508,124,333,98
56639512,1064,-408,-13460,92,326,110
56645412,1032,-372,-13440,97,330,117
56650212,1128,-452,-13672,80,342,101
56655012,1040,-512,-13584,122,320,111
56659812,1120,-416,-13508,111,339,91
56664612,1084,-452,-13532,100,345,88
56669412,1072,-456,-13408,113,329,112
56675412,1000,-428,-13528,105,307,88
56680212,1016,-468,-13552,106,331,86
56685012,1104,-488,-13548,101,348,97
56689812,1104,-480,-13648,81,347,113
56764511,1180,-408,-13660,84,319,103
56769511,1036,-420,-13536,104,312,100
56865012,964,-404,-13496,103,320,95
56869912,1052,-652,-13632,109,371,106
56874812,1004,-348,-13408,63,344,91
56879612,1088,-368,-13324,141,335,102
56884412,1152,-520,-13744,97,321,98
56890312,1068,-440,-13512,92,336,98
56895112,1032,-448,-13532,86,352,92
56899912,1088,-472,-13532,126,306,109
56904712,1116,-464,-13624,105,293,96
56909512,1044,-408,-13516,68,326,109
56914412,1112,-476,-13600,126,360,102
56920312,956,-500,-13272,142,323,119
56925112,1176,-348,-13564,91,319,104
56935111,1068,-400,-13544,73,369,100
56940111,1024,-528,-13752,134,357,97
56945011,968,-460,-13304,126,329,106
56949811,1052,-356,-13512,108,291,111
57038414,1052,-356,-13512,108,291,111
57116310,1168,-428,-13700,72,334,93
57120010,1168,-428,-13700,72,334,93
57124812,1004,-464,-13516,66,402,85
57129612,1052,-476,-13648,115,377,108
57134412,988,-524,-13572,134,325,90
57140412,1072,-448,-13496,159,265,97
57145212,992,-652,-13616,126,297,100
57150012,1040,-500,-13616,96,364,90
57154812,1160,-492,-13628,71,378,115
57159612,972,-488,-13576,139,365,77
57164412,1068,-548,-13576,110,308,119
57170312,1088,-536,-13508,119,328,104
57175112,984,-432,-13584,140,309,113
57180012,1120,-512,-13616,121,336,92
57184812,1112,-488,-13612,102,334,84
57189612,1052,-364,-13420,112,346,106
57303510,912,-628,-13544,98,332,36
57305279,912,-628,-13544,98,332,36
57310110,960,-428,-13468,98,350,87
57314910,1060,-472,-13596,112,362,109
57388711,996,-300,-13400,78,305,93
57390311,996,-300,-13400,78,305,93
57395111,1044,-452,-13696,103,349,99
57400011,1120,-424,-13488,123,353,93
57404811,1044,-404,-13548,124,343,73
57409611,976,-468,-13584,107,303,90
57414411,924,-472,-13688,91,337,98
57420311,1072,-392,-13444,107,353,78
57425111,1080,-512,-13372,101,355,85
57438712,980,-268,-13500,77,334,90
57440212,980,-268,-13500,77,334,90
57445212,1092,-436,-13476,98,332,102
57450012,1064,-420,-13608,105,319,85
57454812,1140,-336,-13504,107,346,86
57459612,1016,-420,-13508,109,324,119
57464412,1088,-400,-13584,115,325,103
57554912,1016,-496,-13372,143,351,96
57560012,1084,-424,-13464,107,310,106
57564812,1072,-420,-13696,117,292,107
57569712,1088,-460,-13520,84,331,104
57643611,828,-568,-13772,-19,254,99
57645111,828,-568,-13772,-19,254,99
57650011,3380,5552,-13428,1566,95,-915
57654811,-1224,-548,-8024,-2014,-3073,-728
57659611,692,680,-21216,-580,408,-567
57664411,2632,-404,2704,2979,2705,-1210
57670311,4160,-432,-32768,-3614,-7216,-1106
57675111,-532,224,-14656,3161,2332,-770
57680011,8160,-1496,-9640,748,2760,-699
57684811,4056,-2852,-1092,431,1537,394
57689611,-3000,-1016,-16408,-3622,-2667,433
57694411,-2316,2148,-15900,123,961,378
57700311,2180,-1044,-20292,1431,2951,427
57794712,1108,-416,-13464,117,146,97
57799612,996,-412,-12580,63,391,108
57804512,1032,-484,-13672,33,486,92
57810412,1136,-548,-13928,100,348,96
57815212,1032,-464,-13764,132,288,116
57820012,1024,-384,-13340,110,283,114
57824812,1068,-520,-13368,76,372,109
57902712,1072,-324,-13500,91,372,96
57905312,1072,-324,-13500,91,372,96
57910212,1124,-564,-13680,110,298,80
57915012,1160,-348,-13268,90,329,101
57919812,1024,-600,-13588,101,343,102
57924612,1192,-484,-13528,108,357,104
57945311,1036,-472,-13592,106,325,102
57950211,1100,-432,-13596,98,367,84
57955011,984,-348,-13428,92,332,128
57959811,1272,-424,-13532,124,349,80
57964611,1068,-412,-13436,110,303,89
58056310,1176,-356,-13432,106,296,107
58060110,1208,-548,-13684,104,299,106
58064910,1268,-352,-13592,83,353,118
58069812,924,-364,-13440,87,367,97
58074612,1060,-512,-13572,133,304,96
58079412,1012,-312,-13484,117,350,95
58085312,896,-468,-13420,56,324,101
58090112,1176,-456,-13420,117,330,95
58094912,1016,-432,-13668,109,347,101
58169311,1036,-400,-13428,78,312,103
58170911,1036,-400,-13428,78,312,103
58174611,964,-408,-13720,102,345,105
58179411,1060,-404,-13620,109,338,105
58185411,1092,-556,-13668,143,328,100
58190211,976,-476,-13536,111,276,97
58195011,1052,-444,-13664,81,344,117
58199811,1024,-456,-13428,95,374,110
58204611,1100,-432,-13344,135,327,113
58319910,1120,-544,-13464,92,314,87
58324910,1068,-440,-13508,65,347,89
58329812,1112,-512,-13520,91,353,94
58334612,1044,-452,-13488,84,349,88
58339412,1092,-488,-13468,128,323,120
58345312,1024,-412,-13640,106,324,118
58350112,1084,-404,-13600,110,304,111
58354912,1000,-372,-13468,99,355,92
58359712,1120,-540,-13496,107,368,93
58364512,1060,-484,-13524,101,311,95
58369412,1100,-404,-13560,112,325,117
58444111,1184,-476,-13404,112,359,75
58461012,1044,-388,-13752,96,340,104
58464712,1032,-468,-13752,111,355,88
58469512,1112,-436,-13496,124,313,90
58475412,1008,-436,-13496,111,318,95
58480212,1072,-488,-13544,92,343,91
58485012,1056,-420,-13496,110,347,81
58574910,1056,-420,-13496,110,347,81
58579912,1012,-384,-13556,130,316,91
58584712,1068,-396,-13556,131,312,90
58589612,1024,-328,-13628,91,314,98
58594412,1172,-420,-13584,98,349,91
58600312,1072,-384,-13488,73,374,111
58605112,1108,-436,-13420,98,356,85
58609912,1000,-448,-13536,107,313,102
58614712,980,-508,-13540,113,321,109
58619612,1072,-416,-13576,121,322,86
58624412,1140,-480,-13716,107,325,108
58630312,1096,-412,-13564,110,362,108
58635112,1044,-420,-13428,92,344,118
58709610,1084,-448,-13432,86,338,102
58714510,1112,-444,-13664,126,342,94
58720410,1148,-476,-13580,104,334,104
58813710,1092,-468,-13428,103,328,75
58815312,1092,-468,-13428,103,328,75
58820112,1024,-464,-13592,94,354,101
58824912,1160,-516,-13712,107,359,104
58829712,1200,-416,-13624,96,309,101
58834512,1072,-476,-13448,101,335,103
58840412,1060,-444,-13548,107,349,99
58845312,1044,-344,-13508,108,372,101
58850112,972,-520,-13600,104,311,108
58854912,1024,-432,-13324,107,319,113
58859712,1024,-468,-13600,127,330,108
58864512,1168,-428,-13488,101,331,111
58870412,1120,-396,-13780,103,323,93
58875212,1056,-428,-13520,114,321,98
58880012,1060,-452,-13436,78,387,91
58884912,1204,-496,-13552,139,325,81
58889712,1028,-392,-13368,90,326,99
59057412,1016,-308,-13564,80,311,91
59071111,1036,-436,-13572,95,382,92
59074811,1212,-484,-13592,131,309,97
59079711,1004,-388,-13392,101,312,92
59084511,1076,-516,-13368,99,326,124
59090411,1076,-452,-13560,123,346,119
59095211,1128,-408,-13408,97,317,75
59100011,1188,-460,-13616,105,345,88
59104811,1064,-472,-13560,83,343,102
59109711,1000,-528,-13452,136,370,116
59114511,1184,-464,-13392,112,335,92
59120411,1068,-576,-13568,80,301,100
59125211,1088,-376,-13412,90,348,101
59130011,948,-432,-13528,73,344,87
59134811,960,-448,-13564,122,389,92
59139611,972,-388,-13548,92,328,100
59144411,1124,-356,-13464,104,315,93
59235210,1028,-444,-13472,105,315,108
59240210,1032,-452,-13476,98,311,106
59245112,1128,-404,-13500,103,336,100
59343411,1068,-492,-13532,122,358,105
59345011,1068,-492,-13532,122,358,105
59350011,1016,-440,-13516,117,306,93
59354911,1148,-404,-13404,97,316,97
59359711,1112,-420,-13656,110,348,98
59364511,1056,-388,-13480,121,342,100
59370411,1204,-484,-13492,122,304,98
59375211,1064,-388,-13564,81,348,108
59380011,1080,-476,-13468,71,334,80
59384911,1096,-392,-13640,84,362,82
59389711,1132,-432,-13612,93,318,105
59394511,1124,-424,-13564,84,338,83
59400411,1100,-420,-13624,107,325,108
59405211,1060,-420,-13608,104,335,95
59498510,1104,-396,-13420,102,320,121
59522810,1056,-404,-13408,107,337,77
59525410,1056,-404,-13408,107,337,77
59530212,1112,-524,-13452,94,328,100
59535012,1064,-472,-13564,104,344,96
59539812,1076,-492,-13592,98,340,85
59614310,1088,-396,-13492,113,334,69
59615810,1088,-396,-13492,113,334,69
59619612,1092,-408,-13544,99,337,94
59624412,1128,-360,-13664,118,335,117
59630312,1180,-504,-13524,109,328,120
59635212,1024,-452,-13620,98,364,124
59640012,1120,-392,-13476,108,304,74
59644812,1140,-360,-13492,84,343,106
59649612,1044,-452,-13636,106,358,106
59654412,1036,-432,-13568,93,351,119
59660312,1032,-468,-13404,98,312,137
59665112,1156,-496,-13568,84,302,121
59669912,1180,-524,-13660,85,342,119
59761010,1068,-380,-13536,100,354,112
59764912,1044,-412,-13384,93,350,91
59769712,1092,-408,-13464,107,327,94
59774512,1152,-424,-13700,113,333,92
59779412,996,-408,-13536,97,335,108
59785312,1088,-328,-13724,93,369,97
59790112,1128,-476,-13420,108,363,104
59864711,1040,-420,-13444,122,353,109
59869711,1112,-328,-13596,91,349,113
59874511,1048,-436,-13516,111,330,110
59880411,1092,-532,-13452,83,337,101
59885211,1024,-472,-13504,116,351,108
59890011,996,-552,-13508,96,347,101
59894811,1088,-492,-13484,102,342,90
59899611,1060,-524,-13508,64,310,124
59904411,1108,-112,-13516,49,277,116
59910411,1152,-716,-13476,117,360,-179
59999512,1152,-716,-13476,117,360,-179
60013012,1032,-392,-13504,107,287,-52
60014512,1032,-392,-13504,107,287,-52
60019412,1024,-692,-13240,61,382,17
60025312,1128,-296,-13816,62,409,109
60030112,1084,-504,-13724,103,315,107
60035012,1012,-472,-13452,116,282,123
60039812,1120,-384,-13420,108,331,99
60044612,1068,-424,-13504,83,331,96
60049412,1080,-460,-13648,97,343,83
60124510,1120,-516,-13592,100,372,92
60129611,1168,-304,-13568,119,333,86
60134411,936,-420,-13460,105,294,101
60140411,1076,-480,-13568,78,323,96
60145211,1096,-344,-13400,126,379,116
60150011,1096,-428,-13604,114,372,98
60154811,1100,-476,-13452,101,301,118
60159611,1032,-508,-13500,96,324,108
60249810,1092,-484,-13616,95,331,88
60255010,1084,-476,-13616,89,360,76
60259810,1100,-332,-13408,137,290,57
60264610,1060,-456,-13452,108,304,65
60269412,1080,-416,-13576,87,325,72
60275312,1000,-464,-13436,110,359,91
60280112,1084,-336,-13656,121,351,112
60285012,1108,-524,-13416,97,338,96
60289812,1036,-336,-13648,95,325,103
60294612,1040,-524,-13580,71,335,84
60299412,1108,-508,-13728,113,376,103
60305312,1044,-548,-13636,126,314,96
60403812,1132,-364,-13552,47,361,117
60405412,1132,-364,-13552,47,361,117
60410312,1032,-316,-13596,99,396,111
60415112,996,-400,-13420,155,376,166
60419912,1084,-424,-13432,126,315,136
60511910,1108,-416,-13716,82,337,107
60526610,1008,-584,-13580,89,347,95
60530410,996,-388,-13472,89,327,94
60535312,1044,-508,-13524,126,325,119
60540112,1080,-464,-13540,94,307,86
60544912,1036,-428,-13636,69,350,108
60549712,1080,-468,-13464,108,371,85
60554512,1064,-452,-13628,94,339,101
60560412,1044,-520,-13592,98,303,113
60565212,1016,-380,-13524,75,331,95
60570012,1004,-536,-13432,103,330,99
60574912,1028,-484,-13556,96,321,95
60579712,1120,-432,-13560,98,329,101
60584512,1120,-488,-13532,105,313,103
60590412,1080,-428,-13696,112,333,96
60664611,1076,-388,-13616,95,302,83
60669611,1200,-352,-13636,98,353,106
60674411,1084,-456,-13460,110,330,91
60762612,1024,-552,-13380,98,319,89
60765412,1024,-552,-13380,98,319,89
60770212,1044,-512,-13776,110,299,111
60775112,1040,-416,-13636,104,345,91
60779912,1020,-464,-13488,117,347,104
60784712,1064,-416,-13444,114,331,104
60789512,1252,-460,-13652,106,330,111
60795412,972,-372,-13576,110,330,98
60800212,1004,-360,-13516,119,344,84
60805112,912,-544,-13492,128,347,79
60809912,1092,-476,-13504,133,295,97
60814712,1064,-348,-13432,120,309,99
60819512,1044,-460,-13500,112,343,111
60825412,1120,-288,-13552,88,374,87
60830212,976,-336,-13496,127,381,81
60835012,948,-544,-13440,54,333,119
60928110,972,-488,-13468,125,327,91
61018210,1068,-536,-13480,51,340,481
61019811,1068,-536,-13480,51,340,481
61024611,1056,-592,-13452,96,353,495
61029411,1080,-484,-13504,71,311,564
61035411,936,-452,-13724,67,363,618
61040211,1104,-456,-13556,65,355,609
61045011,1156,-392,-13520,86,350,553
61049811,1120,-284,-13612,75,293,485
61054611,1092,-84,-13604,82,353,398
61059411,948,-268,-13452,112,354,286
61065311,1132,-172,-13616,106,376,214
61070111,1204,-276,-13452,100,320,91
61075011,992,-432,-13524,86,299,102
61079811,1056,-440,-13520,58,317,99
61084611,1180,-440,-13456,93,353,112
61089411,1024,-504,-13464,102,354,97
61181710,1060,-584,-13404,99,342,95
61184510,1060,-560,-13648,86,309,120
61190412,1112,-588,-13548,85,328,177
61195212,1064,-596,-13560,125,320,244
61269411,1144,-228,-13572,117,294,203
61274411,1208,-192,-13348,109,315,106
61280311,1032,-416,-13536,86,338,116
61285111,1008,-536,-13424,136,368,107
61289911,1112,-644,-13320,146,322,197
61294711,1136,-700,-13480,92,283,262
61299611,1088,-712,-13320,82,378,413
61304411,1116,-812,-13772,102,320,617
61310311,976,-976,-13472,82,328,831
61315111,1016,-984,-13604,81,348,1031
61319911,996,-1016,-13524,-9,301,1212
61324711,1004,-776,-13448,48,381,1408
61329511,1256,-424,-13800,23,298,1519
61444912,1080,-360,-13648,109,300,107
61459512,1248,-448,-13656,92,300,89
61464469,1000,-424,-13776,82,328,125
61470412,872,-432,-13492,133,322,107
61475212,916,-472,-13380,132,386,92
61480012,1064,-468,-13668,80,340,92
61484812,1168,-388,-13360,68,311,90
61559610,1096,-460,-13428,111,357,105
61564410,1256,-296,-13576,93,310,95
61570312,1084,-452,-13624,93,292,126
61575112,1016,-412,-13396,67,322,92
61579912,1084,-448,-13584,124,360,98
61584712,1048,-460,-13736,96,358,117
61589512,1128,-456,-13616,108,321,103
61595412,1092,-536,-13728,102,328,116
61600312,952,-376,-13464,82,324,105
61605112,1216,-380,-13612,118,333,84
61696911,948,-444,-13428,105,330,83
61699611,1064,-392,-13644,84,312,89
61704411,956,-412,-13384,101,329,94
61710411,916,-492,-13780,121,324,95
61715211,1112,-336,-13240,109,344,96
61720011,1092,-408,-13588,92,382,116
61724811,1144,-348,-13584,89,318,102
61729611,1080,-392,-13508,92,370,102
61734411,1116,-396,-13636,92,342,94
61740311,980,-476,-13312,114,336,90
61814312,1120,-404,-13672,121,369,81
61815912,1120,-404,-13672,121,369,81
61819612,1024,-288,-13452,177,308,94
61824412,1008,-420,-13328,114,316,108
61830412,1096,-500,-13660,103,348,103
61835212,940,-516,-13728,66,318,95
61840012,940,-448,-13224,130,397,83
61844812,1048,-448,-13788,152,234,101
61936321,1020,-268,-13356,89,320,98
61957011,992,-388,-13600,82,343,96
61959611,1056,-412,-13524,61,370,96
61964411,1120,-348,-13624,74,374,117
61970411,1080,-356,-13608,109,355,104
61975211,1132,-460,-13584,119,295,103
61980011,964,-408,-13548,124,344,89
61984811,1056,-500,-13588,100,338,102
61989611,1056,-372,-13612,106,331,112
61994411,1016,-484,-13556,112,348,90
62000311,1112,-396,-13436,108,340,100
62005111,1040,-456,-13492,84,332,91
62079512,1060,-448,-13488,94,311,120
62084712,1024,-500,-13480,82,350,96
62089512,1056,-472,-13556,106,353,79
62095412,1088,-464,-13448,110,345,109
62100212,1148,-460,-13508,113,286,86
62105012,1044,-328,-13212,81,379,104
62195612,1044,-328,-13212,81,379,104
62199512,908,-596,-13924,141,339,84
62205412,1056,-500,-13452,104,328,96
62210312,1044,-472,-13664,118,350,109
62215112,1116,-476,-13480,75,336,91
62219912,1048,-420,-13504,86,363,101
62224712,1076,-364,-13624,94,347,100
62229512,976,-392,-13480,127,303,105
62235412,988,-396,-13492,104,358,92
62240312,1064,-492,-13668,95,330,91
62245112,1060,-532,-13600,102,351,90
62249912,988,-528,-13612,110,314,89
62254712,1120,-404,-13404,118,343,103
62259512,1040,-356,-13536,77,336,106
62333811,1044,-420,-13524,108,319,125
62335411,1044,-420,-13524,108,319,125
62340211,1096,-452,-13416,76,342,105
62345011,1232,-344,-13660,146,352,105
62458610,1048,-356,-13632,105,302,102
62475811,1084,-396,-13552,116,340,86
62479611,1072,-464,-13592,75,332,85
62484511,1140,-396,-13468,96,311,96
62490411,1044,-452,-13488,108,339,109
62495211,1064,-460,-13688,94,353,93
62500011,1112,-472,-13652,79,323,98
62504811,1136,-336,-13648,102,336,92
62509611,1112,-416,-13504,96,363,99
62514511,1104,-448,-13608,109,370,121
62520411,1120,-460,-13484,108,301,105
62525211,1120,-496,-13600,105,326,121
62530011,1004,-532,-13476,63,327,102
62534811,1096,-524,-13512,134,391,110
62539611,948,-380,-13516,102,347,93
62544411,1068,-372,-13564,107,293,100
62619210,1072,-432,-13480,105,331,114
62620710,1072,-432,-13480,105,331,114
62624512,1016,-432,-13500,104,317,87
62714779,1040,-532,-13552,110,311,88
62719710,1040,-356,-13380,102,329,108
62724510,1040,-400,-13664,83,360,93
62729412,1136,-448,-13528,88,351,79
62735312,1096,-464,-13516,107,320,91
62740112,988,-392,-13496,115,339,83
62744912,1108,-456,-13508,134,352,98
62749712,1032,-404,-13552,94,353,105
62754512,1124,-456,-13532,111,349,87
62760412,992,-532,-13528,95,323,81
62765212,1036,-388,-13440,103,337,106
62770112,1144,-284,-13600,95,338,99
62774912,1112,-364,-13588,85,320,104
62779712,1108,-404,-13680,99,333,131
62784512,1048,-416,-13464,89,315,82
62790412,1056,-484,-13656,119,356,105
62880012,1056,-484,-13656,119,356,105
62957812,1044,-468,-13456,97,343,87
62975010,1136,-532,-13476,101,302,97
62979810,1052,-312,-13524,97,337,122
62984712,1152,-536,-13628,103,342,100
62989512,1060,-400,-13740,115,309,108
62995412,1028,-480,-13448,112,305,102
63000212,1100,-440,-13432,55,334,109
63005012,936,-404,-13552,81,385,84
63009812,1100,-388,-13580,118,364,110
63014712,1144,-468,-13564,106,287,95
63019512,1136,-300,-13632,84,291,89
63025412,1076,-464,-13612,71,360,102
63030212,972,-444,-13460,82,362,102
63035012,1056,-412,-13500,126,303,109
63039812,1016,-464,-13400,95,304,98
63044612,1132,-444,-13708,80,319,84
63139410,1068,-352,-13600,110,338,93
63145310,1168,-404,-13580,81,320,95
63150212,1004,-448,-13516,107,341,107
63155012,1040,-404,-13472,101,334,98
63229510,1108,-444,-13568,93,336,97
63234510,1048,-380,-13528,98,380,92
63240412,1040,-540,-13548,96,347,106
63245212,1108,-380,-13612,104,321,95
63250012,1132,-508,-13712,104,315,91
63254912,1092,-392,-13504,69,356,102
63259712,944,-428,-13568,97,363,88
63264512,1172,-468,-13644,138,328,106
63270412,1036,-420,-13460,110,319,96
63275212,1092,-404,-13480,103,337,98
63280012,1036,-452,-13516,86,357,96
63284812,1076,-452,-13560,91,326,91
63378212,1064,-348,-13484,112,319,88
63379712,1092,-468,-13484,102,322,92
63384612,1052,-472,-13532,101,318,93
63389412,984,-408,-13580,111,351,87
63395312,1032,-492,-13400,104,341,95
63400212,1016,-496,-13624,127,347,103
63405012,1172,-452,-13556,85,330,99
63409812,1124,-352,-13556,99,330,120
63508012,1060,-480,-13796,131,305,103
63535910,1020,-572,-13716,88,314,111
63539610,1016,-408,-13496,102,339,92
63544412,1080,-576,-13660,104,315,93
63550312,992,-376,-13500,106,327,101
63555112,1172,-372,-13480,110,304,96
63559912,1072,-488,-13656,80,315,105
63564712,1008,-428,-13712,108,357,72
63569512,1052,-436,-13388,112,358,103
63574412,1148,-408,-13692,98,315,95
63667112,1032,-336,-13352,82,302,130
63669712,976,-452,-13628,94,315,86
63674512,1140,-412,-13548,92,355,99
63680412,1012,-460,-13636,99,344,94
63685212,1060,-500,-13584,110,310,119
63690112,992,-348,-13448,96,300,96
63694912,1056,-452,-13612,80,329,93
63699712,1032,-480,-13380,95,333,104
63704512,1148,-468,-13592,70,344,107
63710412,1092,-420,-13616,134,339,79
63784511,1052,-428,-13576,123,304,121
63789611,1088,-384,-13476,102,320,97
63794411,1072,-400,-13556,88,351,90
63800311,1008,-392,-13528,104,348,124
63805111,1020,-444,-13416,85,342,113
63810011,1072,-492,-13560,100,339,101
63814811,1012,-456,-13436,107,317,99
63903712,1040,-512,-13476,122,325,104
63905312,1040,-512,-13476,122,325,104
63910112,1140,-348,-13564,112,313,90
63914912,984,-536,-13712,96,343,90
63919712,1032,-508,-13460,102,356,83
63924612,1152,-324,-13580,105,327,110
63934611,936,-464,-13704,72,342,113
63939511,1072,-292,-13512,73,352,102
63945411,1032,-508,-13616,115,342,106
63950211,1064,-456,-13564,129,325,106
63955011,1008,-500,-13660,72,292,100
63959911,1180,-364,-13568,66,329,92
63964711,1020,-468,-13720,78,391,109
64039510,1096,-484,-13392,121,332,80
64044512,1184,-416,-13336,80,319,111
64050412,1072,-412,-13576,64,341,122
64055212,1032,-452,-13604,128,378,113
64060112,1068,-352,-13336,112,329,91
64152821,1148,-480,-13628,97,330,95
64154421,1140,-524,-13472,95,317,104
64159412,1040,-496,-13624,89,322,101
64165312,1128,-512,-13596,90,362,78
64170112,1052,-460,-13600,109,366,108
64174912,1052,-440,-13584,115,329,102
64179712,976,-320,-13508,116,319,87
64184612,1104,-476,-13532,71,344,106
64189412,1040,-404,-13456,106,341,98
64195312,1008,-484,-13500,111,329,89
64200112,1100,-504,-13564,93,310,89
64204912,1068,-464,-13588,68,293,114
64209712,1000,-456,-13656,94,350,104
64214512,1072,-464,-13548,117,362,85
64220412,1080,-444,-13700,117,321,88
64294812,984,-552,-13628,95,289,87
64299712,1156,-464,-13412,136,372,109
64392912,1168,-472,-13624,107,336,98
64394512,1064,-380,-13516,100,364,99
64400412,1128,-520,-13464,112,326,87
64405212,1048,-448,-13564,106,324,105
64410012,1044,-484,-13408,109,350,111
64414912,1092,-400,-13496,99,343,112
64419712,1244,-472,-13608,93,342,125
64424512,1004,-540,-13524,105,319,96
64434511,980,-512,-13688,98,324,97
64439411,1032,-388,-13588,138,337,97
64445311,1080,-388,-13572,108,314,90
64450211,1044,-464,-13668,88,322,98
64455011,1080,-336,-13616,83,358,86
64459811,1120,-476,-13628,90,332,93
64464611,1176,-356,-13496,80,318,105
64469411,1056,-492,-13508,89,321,86
64475311,1068,-452,-13556,67,331,83
64591310,1052,-348,-13684,95,335,108
64670610,1032,-456,-13536,80,314,107
64675410,1088,-388,-13396,109,336,105
64680212,1032,-380,-13488,116,317,120
64685012,1164,-508,-13492,108,350,91
64689812,968,-388,-13576,111,337,98
64694612,1208,-472,-13448,106,334,95
64699412,1092,-444,-13576,93,324,115
64705312,1080,-508,-13672,101,320,89
64710212,1088,-408,-13612,120,352,103
64715012,1136,-312,-13492,95,342,83
64719812,1004,-468,-13568,81,338,109
64724612,992,-428,-13464,107,363,96
64729412,1044,-420,-13684,116,328,98
64735312,1088,-476,-13524,110,331,92
64740112,1044,-408,-13416,101,311,101
64744912,1032,-448,-13368,89,307,76
64834012,1112,-484,-13568,109,322,90
64835612,1112,-484,-13568,109,322,90
64839412,1032,-536,-13600,100,320,111
64845312,1132,-440,-13564,103,331,105
64920011,1112,-356,-13600,113,325,107
64925011,1052,-396,-13524,111,333,92
64938312,1012,-372,-13524,109,327,109
64939812,1200,-392,-13448,108,320,98
64944712,1092,-396,-13684,76,331,91
64949512,944,-500,-13572,72,365,79
64955412,1056,-340,-13472,126,372,77
64960312,1036,-508,-13416,130,299,104
64965112,1132,-440,-13504,98,316,88
64969912,1020,-524,-13524,79,339,116
64974712,1028,-408,-13620,110,355,97
64979512,1068,-524,-13456,112,328,95
64985412,928,-432,-13488,92,333,93
64990212,1032,-372,-13480,70,350,89
64995012,1096,-484,-13492,115,340,116
65086410,1068,-412,-13548,119,355,118
65090312,1056,-408,-13576,103,311,102
65095112,1108,-448,-13500,117,304,110
65099912,1076,-476,-13612,94,314,104
65104712,1068,-400,-13508,102,331,108
65179410,1068,-420,-13788,140,339,111
65184410,1148,-460,-13544,74,343,95
65190312,1148,-468,-13548,113,338,118
65195112,1004,-344,-13708,100,348,103
65199912,1092,-360,-13404,96,345,103
65204812,1076,-508,-13472,91,340,115
65209612,1016,-344,-13452,102,332,110
65214412,996,-500,-13696,100,343,108
65220312,1032,-480,-13604,102,322,96
65225112,1172,-388,-13560,124,348,105
65229912,1084,-436,-13392,96,361,103
65234712,1072,-456,-13576,96,362,103
65326769,1056,-428,-13560,105,324,96
65329410,1116,-400,-13436,111,337,110
65335310,1124,-432,-13492,104,351,107
65340112,980,-396,-13540,129,347,106
65344912,1044,-332,-13572,98,309,104
65349712,1076,-480,-13576,102,319,107
65354612,1132,-452,-13684,104,364,92
65359412,1100,-468,-13500,101,343,105
65434811,1140,-388,-13524,100,312,106
65459112,1168,-420,-13660,87,334,95
65460612,1012,-508,-13452,108,313,97
65464512,1052,-452,-13628,100,321,112
65470412,1068,-408,-13460,98,319,81
65475212,1092,-436,-13540,90,340,86
65480012,1052,-372,-13548,84,350,111
65484812,1108,-452,-13468,115,346,91
65489612,1036,-380,-13608,113,346,101
65494512,996,-376,-13492,99,349,106
65500412,1060,-368,-13536,110,337,94
65614610,1024,-476,-13592,73,340,87
65619770,1008,-352,-13648,98,387,78
65624610,1128,-424,-13552,131,348,84
65629410,980,-420,-13516,144,340,100
65635312,1148,-432,-13460,123,314,82
65640112,1056,-524,-13528,88,318,79
65644912,1032,-392,-13504,98,358,104
65649812,1048,-476,-13540,102,351,115
65654612,1068,-500,-13520,101,328,120
65729112,1056,-444,-13612,106,322,105
65730712,1176,-592,-13532,124,316,90
65734412,1108,-388,-13560,130,323,99
65740312,1028,-568,-13480,104,329,87
65745112,1008,-452,-13648,87,347,101
65750012,1028,-408,-13552,109,349,102
65754812,1040,-428,-13564,130,357,111
65759612,1084,-432,-13536,96,322,96
65764412,1112,-420,-13468,101,339,104
65854612,1100,-404,-13576,66,346,88
65859512,1048,-360,-13640,84,336,118
65865412,1036,-380,-13824,109,373,111
65870212,1080,-436,-13544,135,331,94
65875012,1064,-388,-13496,101,340,103
65879912,1004,-576,-13516,86,320,83
65884712,1052,-444,-13576,118,353,113
65889512,1036,-488,-13516,135,331,95
65895412,1080,-260,-13528,108,322,97
65900212,1024,-488,-13516,117,287,102
65905012,1028,-332,-13404,102,320,91
65980011,932,-1080,-13620,26,261,946
65993210,972,-756,-13648,-109,314,1501
65994710,956,-656,-13660,109,308,1637
65999510,1172,-320,-13280,9,271,1716
66004412,1164,-272,-13484,91,380,1597
66010312,1032,-332,-13664,-10,379,1465
66015112,1188,-216,-13388,97,355,1388
66106110,972,-408,-13548,73,350,574
66109812,1112,-296,-13660,54,368,510
66114612,1112,-172,-13776,96,331,433
66119412,1112,-172,-13776,96,331,433
66125312,1084,-216,-13524,98,319,162
66130112,964,-384,-13688,80,347,81
66134912,1128,-400,-13628,70,349,91
66139812,1076,-388,-13444,108,318,119
66144612,1016,-476,-13584,101,313,90
66149412,1016,-476,-13584,101,313,90
66155312,1128,-476,-13668,94,352,122
66160112,1040,-420,-13628,91,321,151
66164912,1120,-504,-13364,97,310,148
66239911,1096,-252,-13640,101,336,166
66245111,1092,-336,-13532,96,310,107
66249911,1092,-344,-13488,91,319,110
66254711,1016,-400,-13504,97,328,112
66346110,1044,-376,-13584,96,315,94
66349812,1020,-532,-13544,102,338,94
66354612,1144,-400,-13584,132,335,112
66359412,1144,-400,-13584,132,335,112
66365412,1144,-380,-13516,97,315,95
66370212,984,-468,-13724,88,331,88
66375012,1120,-356,-13584,79,340,95
66379812,1128,-472,-13580,143,349,99
66384612,1076,-400,-13624,100,304,93
66389412,1076,-400,-13624,100,304,93
66395312,1076,-448,-13548,118,309,86
66400112,904,-440,-13636,81,364,91
66405012,1068,-464,-13520,94,371,95
66409812,1060,-540,-13408,130,339,101
66414612,1108,-444,-13572,106,293,109
66419412,1108,-444,-13572,106,293,109
66493911,984,-424,-13492,93,353,107
66507510,1052,-384,-13580,108,338,100
66623910,1124,-404,-13560,89,373,90
66625510,1076,-440,-13580,101,321,88
66630310,1060,-396,-13592,117,338,113
66635212,1060,-480,-13392,81,349,99
66640012,1140,-404,-13488,95,330,106
66644812,1064,-448,-13732,84,336,107
66649612,1064,-448,-13732,84,336,107
66654412,1104,-488,-13508,101,343,109
66660312,1028,-364,-13504,97,318,92
66665112,1016,-460,-13488,108,320,94
66669912,1120,-452,-13532,118,330,93
66674812,1168,-376,-13668,112,325,80
66679612,1168,-376,-13668,112,325,80
66684412,1160,-404,-13616,75,322,105
66690312,1120,-440,-13440,112,354,97
66695112,1036,-348,-13480,95,324,101
66699912,1040,-328,-13564,102,330,116
66789912,1020,-396,-13384,106,328,79
66866710,1052,-440,-13504,97,337,96
66869510,1052,-440,-13504,97,337,96
66875410,1036,-424,-13480,92,352,98
66880210,1120,-388,-13588,113,334,98
66885011,1040,-452,-13580,119,337,111
66889811,1184,-404,-13572,106,340,113
66894611,1184,-404,-13572,106,340,113
66899511,968,-532,-13496,81,328,99
66905411,1108,-464,-13560,111,316,95
66910211,1132,-480,-13504,76,332,115
66915011,1020,-476,-13676,64,343,104
66919811,1056,-240,-13692,104,338,89
66924611,1056,-240,-13692,104,338,89
66934612,1128,-488,-13452,96,339,108
66939412,1168,-332,-13632,105,344,94
66945312,1140,-444,-13592,127,341,105
66950212,1008,-544,-13524,114,314,96
67040012,948,-420,-13668,97,304,93
67045012,988,-412,-13472,103,334,102
67049812,1028,-372,-13724,92,365,99
67124210,1056,-488,-13484,103,333,101
67125710,1136,-388,-13524,92,346,94
67129511,1136,-388,-13524,92,346,94
67135411,1036,-384,-13516,94,346,98
67140211,940,-504,-13528,114,340,111
67145111,1100,-404,-13448,100,316,108
67149911,1020,-456,-13560,88,321,105
67154711,1020,-456,-13560,88,321,105
67159511,1084,-416,-13596,78,349,87
67165411,1096,-480,-13600,95,305,92
67170211,1024,-396,-13408,130,322,102
67175011,1068,-424,-13380,105,326,102
67179811,1092,-456,-13492,103,325,107
67184711,1092,-456,-13492,103,325,107
67189511,1068,-468,-13468,95,351,124
67279212,1068,-468,-13468,95,351,124
67280812,1128,-380,-13576,90,305,112
67284712,1128,-380,-13576,90,305,112
67289512,1032,-520,-13388,121,323,97
67295412,1164,-464,-13604,100,340,107
67370211,1196,-320,-13536,103,321,99
67375211,1092,-368,-13548,89,330,109
67380011,1024,-380,-13512,115,338,105
67384811,1024,-380,-13512,115,338,105
67389611,1072,-520,-13548,102,325,107
67394411,1068,-436,-13508,97,321,102
67400311,1008,-496,-13584,92,324,98
67405111,996,-320,-13548,97,325,93
67409911,1072,-396,-13584,106,324,101
67414811,1072,-396,-13584,106,324,101
67419611,1140,-452,-13612,95,320,108
67424411,1000,-440,-13568,108,336,106
67434412,1020,-468,-13520,124,326,108
67526710,1004,-468,-13488,91,345,89
67529511,1004,-468,-13488,91,345,89
67535411,1028,-440,-13532,110,341,122
67540211,1064,-340,-13488,111,341,110
67545011,1016,-380,-13476,104,302,107
67549811,1016,-380,-13476,104,302,107
67554711,1120,-472,-13676,118,326,97
67653810,1092,-568,-13524,96,352,93
67655310,1060,-380,-13564,93,341,119
67660312,1076,-420,-13576,110,331,84
67665112,1104,-340,-13540,94,343,105
67669912,1104,-340,-13540,94,343,105
67674812,1052,-308,-13504,95,335,96
67679612,1064,-424,-13568,87,335,89
67684412,1120,-328,-13496,104,370,98
67690312,1000,-420,-13464,104,335,109
67695112,996,-492,-13564,121,308,97
67699912,996,-492,-13564,121,308,97
67790810,1108,-436,-13660,74,326,95
67794512,1108,-436,-13660,74,326,95
67800412,936,-308,-13372,88,358,114
67805212,976,-400,-13512,155,325,102
67810012,976,-400,-13512,155,325,102
67814812,1068,-564,-13476,127,271,87
67819612,1060,-396,-13492,93,291,90
67824512,1168,-384,-13612,91,338,101
67830412,1124,-332,-13504,97,391,100
67904211,1012,-408,-13488,123,340,107
67905811,1164,-324,-13492,127,333,76
67909511,1164,-324,-13492,127,333,76
67915411,1060,-396,-13684,60,347,128
67920311,1112,-428,-13668,94,347,78
67925111,1112,-428,-13668,94,347,78
67934912,1132,-352,-13484,126,303,108
67939812,928,-444,-13564,86,309,103
67944712,1032,-428,-13416,92,352,116
68037310,1196,-452,-13504,109,340,106
68039910,1196,-452,-13504,109,340,106
68044712,1076,-444,-13668,99,340,105
68049512,1036,-436,-13664,109,308,104
68055412,988,-448,-13728,85,360,117
68060212,1144,-348,-13696,105,354,102
68065012,1144,-348,-13696,105,354,102
68069812,1000,-360,-13656,124,339,128
68074712,1124,-352,-13480,102,324,89
68079512,1000,-492,-13600,131,331,102
68085412,1012,-532,-13592,105,322,94
68160411,1048,-472,-13524,106,343,88
68164411,1048,-472,-13524,106,343,88
68170411,1124,-484,-13528,96,317,84
68175211,1124,-484,-13528,96,317,84
68180011,1132,-348,-13516,95,321,76
68184811,1164,-408,-13592,110,347,91
68277412,1104,-212,-13488,118,367,112
68280012,1104,-212,-13488,118,367,112
68284812,892,-356,-13572,91,279,107
68289612,1240,-584,-13464,119,333,97
68294412,1008,-208,-13524,77,302,76
68300412,1100,-404,-13444,99,381,82
68305212,1100,-404,-13444,99,381,82
68310012,936,-400,-13380,98,334,100
68314812,1184,-516,-13644,108,349,117
68319612,1000,-308,-13516,109,343,111
68324412,944,-532,-13668,80,315,101
68330312,1032,-372,-13524,85,350,90
68335112,1032,-372,-13524,85,350,90
68340012,1188,-600,-13536,113,344,117
68413912,1052,-404,-13616,102,363,90
68415412,1192,-468,-13428,100,331,97
68420312,1192,-468,-13428,100,331,97
68425112,1092,-460,-13568,105,302,109
68435012,1064,-400,-13628,75,379,111
68526112,1032,-516,-13424,105,379,103
68529912,1032,-516,-13424,105,379,103
68534712,1044,-424,-13592,111,368,106
68539612,1012,-440,-13540,112,300,103
68544412,1164,-448,-13532,76,327,98
68550312,1040,-416,-13552,78,351,95
68555112,1052,-304,-13600,97,363,76
68559912,1196,-244,-13484,88,356,104
68564712,1076,-308,-13412,94,322,87
68569512,1024,-380,-13508,124,323,113
68575412,1064,-480,-13440,119,340,103
68580312,1064,-480,-13440,119,340,103
68585112,1188,-220,-13596,105,311,74
68589912,1080,-372,-13544,109,333,93
68594712,980,-404,-13516,79,340,95
68693612,984,-356,-13576,101,309,80
68695212,984,-356,-13576,101,309,80
68700212,1064,-432,-13640,110,322,104
68790021,1064,-432,-13640,110,322,104
68795112,1052,-396,-13504,91,337,80
68799912,980,-384,-13612,103,352,87
68804712,1036,-348,-13448,102,340,88
68809512,1048,-396,-13476,103,337,91
68815412,1028,-484,-13716,88,317,109
68820212,1100,-348,-13488,101,362,85
68825012,992,-616,-13620,82,328,105
68829812,1096,-388,-13452,108,333,66
68834712,1140,-356,-13460,74,344,101
68839512,1072,-436,-13496,92,319,99
68845412,1016,-460,-13528,94,330,92
68850212,1100,-440,-13456,96,328,103
68855012,1116,-512,-13576,84,298,121
68859812,1092,-360,-13672,95,325,93
68864612,1136,-468,-13404,88,338,81
68956012,1040,-476,-13384,106,332,98
69046612,1016,-384,-13556,121,319,96
69049512,1016,-384,-13556,121,319,96
69055412,1056,-448,-13496,80,351,98
69060212,968,-400,-13464,90,360,99
69065012,1056,-524,-13464,128,379,97
69069812,1088,-332,-13376,118,338,98
69074612,1188,-412,-13448,99,331,105
69079512,1072,-444,-13424,65,315,109
69085412,1032,-424,-13532,79,379,101
69090212,1000,-484,-13632,83,361,91
69095012,1012,-408,-13480,119,333,113
69099812,1100,-444,-13640,80,307,84
69104612,1100,-372,-13528,87,355,110
69109412,1092,-400,-13452,99,338,87
69115312,1048,-428,-13472,119,363,104
69120212,1056,-432,-13568,103,336,79
69211511,1080,-420,-13560,106,316,101
69215511,1080,-420,-13560,106,316,101
69220411,1044,-452,-13644,80,333,98
69225211,992,-368,-13476,105,325,116
69299512,1088,-464,-13412,117,340,111
69304512,1004,-472,-13532,98,335,97
69310412,1080,-456,-13536,92,338,107
69315212,1064,-400,-13524,98,311,103
69320012,980,-432,-13436,97,336,114
69324812,1180,-532,-13456,84,332,99
69329612,1096,-444,-13604,88,331,83
69334412,1088,-500,-13492,107,331,93
69340412,1040,-512,-13480,105,367,74
69345212,1048,-444,-13520,125,319,104
69350012,1076,-436,-13588,111,335,89
69354812,1060,-460,-13404,78,364,98
69359612,1048,-496,-13560,73,329,100
69450210,1036,-456,-13476,118,322,69
69462512,1140,-432,-13568,118,330,117
69465112,1140,-432,-13568,118,330,117
69470012,1080,-464,-13544,87,335,101
69474812,1116,-584,-13536,75,335,92
69479612,1028,-424,-13480,84,354,105
69484412,1012,-444,-13536,122,349,94
69558811,976,-420,-13488,103,332,92
69560411,976,-420,-13488,103,332,92
69565211,964,-496,-13656,108,351,83
69570011,956,-508,-13428,124,330,95
69574911,988,-456,-13564,98,315,113
69579711,1116,-432,-13476,89,320,112
69584511,1068,-368,-13468,78,342,90
69590411,1080,-384,-13624,82,362,114
69595211,1088,-496,-13456,98,329,111
69600011,1064,-460,-13616,110,318,107
69604811,1204,-500,-13544,92,347,100
69609611,1092,-404,-13436,122,347,99
69725210,1048,-524,-13500,112,348,98
69730212,980,-376,-13508,104,325,107
69735012,968,-492,-13504,82,336,83
69739812,1084,-424,-13528,109,352,89
69744612,940,-472,-13572,109,319,102
69749412,1148,-464,-13672,80,351,98
69755412,1008,-436,-13608,86,330,111
69760212,1128,-368,-13644,82,336,93
69833811,948,-484,-13552,93,297,84
69835568,948,-484,-13552,93,297,84
69840411,1064,-488,-13612,105,334,125
69845211,1028,-472,-13620,110,332,110
69850011,1028,-440,-13484,109,315,120
69854811,1020,-544,-13576,105,322,101
69859611,1092,-464,-13484,97,338,98
69864511,920,-492,-13508,117,342,87
69870411,956,-440,-13496,98,340,109
69963810,1080,-484,-13556,92,331,87
69988110,992,-396,-13620,131,336,98
69989610,992,-396,-13620,131,336,98
69994512,1048,-456,-13624,122,330,113
70000412,1084,-508,-13448,113,308,105
70005212,1028,-432,-13544,93,324,119
70010112,1092,-440,-13624,107,342,83
70014912,1004,-428,-13556,99,345,81
70019712,1136,-404,-13664,89,341,108
70024512,1024,-456,-13280,98,327,84
70030412,1060,-368,-13656,118,324,110
70104511,1104,-436,-13644,108,343,99
70109411,1144,-308,-13596,98,310,78
70115311,1144,-528,-13544,78,340,117
70120211,1024,-496,-13492,93,319,79
70125011,1048,-512,-13548,87,358,98
70129811,1004,-440,-13540,106,324,99
70134611,1100,-448,-13576,96,311,84
70224910,1056,-452,-13488,111,347,106
70230010,1060,-288,-13516,103,351,92
70234810,1060,-428,-13536,110,328,117
70239610,1000,-428,-13544,110,353,94
70244412,1196,-396,-13532,100,328,95
70250312,1024,-416,-13504,108,352,106
70255112,992,-436,-13536,89,318,95
70260012,1220,-376,-13572,109,366,97
70264812,996,-360,-13588,98,347,107
70269612,1052,-384,-13580,92,335,117
70274412,1004,-448,-13620,110,319,101
70280312,992,-344,-13508,123,314,92
70285112,1120,-476,-13516,113,344,93
70359212,1176,-360,-13624,141,351,93
70360712,1176,-360,-13624,141,351,93
70364512,1012,-472,-13588,65,335,98
70370412,1080,-516,-13732,127,336,92
70463810,1092,-504,-13844,123,339,106
70477310,964,-408,-13380,59,181,89
70479910,964,-408,-13380,59,181,89
70484712,980,-348,-13548,165,377,99
70489512,1092,-440,-13576,19,313,100
70495412,1296,-484,-13440,150,431,84
70500212,1136,-480,-14020,68,253,91
70505012,1032,-452,-13312,136,267,93
70509812,1044,-460,-13488,76,431,103
70514712,1196,-336,-13900,96,356,85
70519512,1184,-404,-13440,119,320,112
70525412,1024,-472,-13812,126,226,120
70530212,964,-476,-13016,99,404,108
70535012,1168,-548,-13916,61,383,85
70539812,1208,-444,-13592,113,277,92
70544612,944,-356,-13316,125,269,111
70618411,1088,-364,-13484,92,368,96
70620168,1088,-364,-13484,92,368,96
70625011,1036,-400,-13580,131,308,96
70738312,1092,-564,-13520,100,314,101
70739912,1092,-564,-13520,100,314,101
70744912,1064,-448,-13676,91,366,94
70749712,1036,-404,-13568,113,371,97
70754512,992,-388,-13436,144,292,106
70760412,1084,-396,-13380,128,286,97
70765212,980,-416,-13684,84,359,85
70770012,1032,-452,-13536,68,368,94
70774812,1184,-440,-13536,111,338,108
70779612,1008,-500,-13456,123,320,92
70784512,1048,-380,-13592,91,290,93
70790412,1068,-488,-13436,103,358,103
70795212,1188,-424,-13696,96,343,90
70800012,1048,-372,-13524,109,311,110
70804812,1044,-472,-13676,99,307,107
70809612,1096,-448,-13604,95,357,105
70814412,1152,-428,-13436,106,354,83
70980312,1032,-492,-13432,95,374,81
70992610,1172,-352,-13656,126,327,102
70995210,1172,-352,-13656,126,327,102
71000112,1036,-472,-13608,104,326,84
71004912,1120,-436,-13408,84,372,84
71009712,1032,-372,-13476,98,330,96
71014512,1092,-540,-13600,98,338,93
71020412,1060,-500,-13656,96,339,91
71025212,1072,-372,-13492,124,340,116
71030112,1084,-420,-13572,100,342,101
71034912,1092,-524,-13552,95,323,105
71039712,1028,-388,-13608,100,363,96
71044512,1036,-488,-13604,112,315,108
71050412,1080,-420,-13684,101,308,92
71055212,1172,-476,-13580,91,300,101
71060012,1032,-388,-13640,106,323,114
71064812,868,-352,-13576,117,351,110
71155412,1092,-500,-13628,103,344,109
71160312,1128,-384,-13416,76,344,102
71165212,944,-408,-13640,119,344,91
71239811,1016,-428,-13580,98,330,104
71244811,1064,-472,-13688,118,298,114
71249611,972,-400,-13440,100,347,100
71254411,1100,-364,-13628,95,331,115
71260311,1060,-468,-13548,127,313,102
71265111,1052,-388,-13444,76,339,103
71269911,1144,-404,-13600,97,323,122
71274711,1008,-376,-13584,109,351,81
71279511,1064,-464,-13612,118,332,96
71284411,1088,-404,-13648,96,322,88
71290311,1060,-504,-13440,126,324,113
71295111,1112,-320,-13468,102,377,89
71299911,1036,-444,-13504,93,343,96
71304711,1096,-452,-13760,117,332,92
71395377,1096,-452,-13760,117,332,92
71400312,976,-476,-13588,89,351,91
71405112,1072,-424,-13536,93,347,100
71410012,1132,-380,-13576,102,323,97
71414812,984,-480,-13608,130,311,94
71419612,1060,-452,-13476,102,365,112
71493912,1148,-356,-13552,127,321,86
71511110,960,-392,-13700,95,371,123
71514910,1124,-392,-13572,93,387,97
71519710,1040,-504,-13732,115,325,94
71524611,1004,-592,-13396,89,298,102
71529411,1076,-420,-13568,100,333,96
71535311,1140,-460,-13544,42,364,112
71540111,1020,-348,-13596,99,364,85
71544911,1132,-448,-13604,111,293,111
71549711,1000,-348,-13440,130,329,95
71554511,1044,-404,-13476,71,363,104
71560411,1100,-396,-13560,116,301,80
71649012,1100,-396,-13560,116,301,80
71650612,1100,-396,-13560,116,301,80
71655412,1096,-456,-13396,122,307,90
71660212,988,-528,-13592,79,374,91
71665012,1092,-408,-13612,99,356,97
71669912,1148,-540,-13572,87,327,97
71674712,1048,-400,-13600,108,289,106
71679512,988,-452,-13440,114,321,107
71777712,1044,-404,-13584,95,305,99
71780512,1044,-404,-13584,95,305,99
71785412,1056,-448,-13452,122,295,103
71790212,1012,-472,-13508,111,361,96
71795012,1072,-568,-13620,87,374,108
71799912,980,-464,-13520,106,357,96
71804712,1112,-444,-13492,142,302,125
71809512,1040,-340,-13540,83,343,109
71815412,1084,-312,-13568,80,364,88
71820212,1048,-380,-13548,112,342,95
71911312,1024,-460,-13548,111,340,99
71915112,1036,-472,-13464,120,314,84
71920012,1052,-516,-13644,89,334,114
71924812,1080,-408,-13624,103,346,108
71934612,1052,-512,-13628,128,302,111
71939512,1064,-420,-13544,101,361,97
71944412,1084,-404,-13588,95,345,133
71950312,1056,-388,-13540,87,319,95
71955112,960,-432,-13384,115,323,118
71959912,1008,-452,-13328,121,324,106
72034511,1088,-436,-13608,71,329,82
72039411,1032,-484,-13572,121,340,93
72045311,1036,-412,-13608,101,338,97
72050111,952,-380,-13640,86,364,106
72054911,1080,-408,-13588,88,356,105
72059711,1000,-396,-13448,86,342,97
72064511,1172,-468,-13336,88,344,92
72159212,1080,-376,-13512,101,335,88
72160877,1080,-376,-13512,101,335,88
72164612,1104,-432,-13716,65,343,113
72169412,1120,-456,-13588,99,321,107
72175312,936,-484,-13532,95,338,80
72180112,1012,-408,-13548,93,353,90
72184912,1100,-420,-13512,86,322,95
72189812,1084,-440,-13544,74,372,93
72194612,1016,-404,-13624,100,310,130
72199412,1072,-444,-13516,85,352,100
72205312,1080,-488,-13656,94,380,89
72210112,1036,-340,-13560,101,336,89
72214912,1120,-372,-13656,151,334,94
72288711,1044,-440,-13384,96,379,92
72290311,1044,-440,-13384,96,379,92
72295311,1100,-384,-13684,104,332,111
72300111,1136,-496,-13508,122,319,86
72304911,1060,-372,-13580,97,344,106
72398210,1088,-388,-13664,95,348,78
72399812,1088,-388,-13664,95,348,78
72404612,1124,-492,-13708,99,352,103
72409412,1096,-420,-13560,101,333,91
72415312,1052,-468,-13472,95,328,95
72420112,1112,-528,-13560,92,334,77
72424912,984,-420,-13556,72,369,89
72442110,1080,-432,-13560,76,347,89
72444710,1080,-432,-13560,76,347,89
72449512,1228,-428,-13624,109,354,82
72455412,1088,-516,-13592,79,349,90
72460212,1068,-408,-13692,94,356,100
72465012,1008,-464,-13564,96,321,82
72469812,1068,-388,-13616,118,347,111
72474612,1148,-440,-13500,72,316,82
72548110,1020,-508,-13532,116,346,93
72549711,1020,-508,-13532,116,346,93
72554511,1060,-352,-13552,113,333,90
72560411,1044,-384,-13648,100,316,100
72652610,984,-320,-13536,96,336,90
72655210,984,-320,-13536,96,336,90
72660012,1088,-452,-13336,118,333,121
72664812,1192,-436,-13652,118,340,117
72669612,1100,-376,-13548,100,317,87
72674512,1128,-500,-13656,120,324,116
72680412,1020,-456,-13612,121,309,91
72685212,1084,-564,-13424,80,379,101
72690012,1180,-352,-13520,86,376,94
72694812,1124,-360,-13572,119,306,89
72699612,1008,-508,-13616,102,379,108
72704412,1052,-268,-13404,94,326,89
72710312,1160,-484,-13544,120,316,103
72715212,1128,-512,-13728,92,332,114
72720012,1084,-300,-13468,84,314,95
72724812,1060,-492,-13664,100,322,95
72823311,1108,-448,-13532,124,311,106
72825068,1108,-448,-13532,124,311,106
72918921,1088,-440,-13608,104,347,104
72920521,1088,-440,-13608,104,347,104
72925312,984,-444,-13580,107,331,97
72935311,996,-384,-13632,104,352,85
72940211,1200,-364,-13572,103,332,83
72945011,1156,-472,-13644,112,317,106
72949911,1000,-440,-13328,99,309,109
72954711,1036,-488,-13492,109,361,122
72959511,1056,-424,-13548,96,342,103
72965411,1036,-304,-13492,109,335,107
72970211,968,-404,-13648,124,336,101
72975011,1096,-468,-13524,124,334,105
72979811,1068,-400,-13472,92,333,102
72984611,1064,-484,-13524,118,312,89
72989511,1116,-476,-13556,91,321,93
72995411,1004,-424,-13628,103,331,96
73000211,1068,-424,-13652,101,357,100
73093210,928,-568,-12812,33,366,90
73171610,1384,-500,-14212,-35,150,91
73175412,924,-540,-13068,227,138,118
73180212,1024,-348,-13272,15,483,92
73185012,1180,-364,-13956,146,425,84
73189912,1128,-288,-13368,103,427,104
73194712,1048,-608,-14120,172,62,122
73199512,884,-500,-12528,73,357,112
73205412,1316,-372,-14284,48,459,74
73210212,1264,-452,-13100,102,378,93
73215012,980,-392,-13896,106,246,129
73219812,880,-320,-12940,129,244,88
73224612,1120,-380,-13480,80,514,106
73229512,1236,-392,-13888,130,348,92
73235412,1172,-524,-13484,110,253,100
73240212,892,-540,-13444,129,260,96
73245012,988,-420,-13132,50,439,103
73335512,1240,-480,-13704,113,380,105
73340412,1168,-608,-13764,132,243,100
73345212,948,-540,-13416,113,272,113
73350012,1024,-420,-13564,101,401,112
73424510,956,-472,-13376,122,268,97
73451911,1056,-428,-13428,124,311,86
73454511,936,-428,-13572,81,355,109
73460411,1032,-492,-13596,125,335,70
73465311,1224,-452,-13652,125,313,96
73470111,1056,-460,-13640,122,296,99
73474911,1160,-492,-13420,87,335,92
73479711,1100,-440,-13444,113,374,101
73484511,1132,-312,-13580,88,368,95
73490411,1060,-388,-13488,134,306,91
73495211,1064,-468,-13408,126,314,100
73500011,1072,-488,-13536,87,308,106
73504911,1184,-568,-13476,106,341,95
73509711,1180,-404,-13644,117,320,88
73600910,1164,-384,-13432,132,242,89
73604610,1204,-400,-13660,111,317,98
73609412,1016,-392,-13600,72,419,115
73615312,1092,-448,-13796,118,366,105
73620112,1112,-492,-13628,124,321,92
73625012,1036,-484,-13460,105,272,108
73699610,1184,-480,-13564,105,339,97
73704510,1036,-400,-13760,98,323,99
73710410,1012,-428,-13448,78,341,92
73715311,1044,-448,-13536,76,375,93
73720111,1108,-460,-13544,94,341,108
73724911,1152,-436,-13680,115,311,96
73729711,1096,-340,-13660,104,311,118
73734511,976,-364,-13384,78,364,112
73740411,1164,-600,-13600,80,379,94
73745211,1116,-536,-13692,128,313,91
73750011,1096,-464,-13384,121,279,100
73862512,1120,-500,-13532,100,335,102
73865312,1120,-500,-13532,100,335,102
73870212,1132,-312,-13584,82,357,109
73875012,1096,-376,-13572,103,379,88
73879812,1000,-548,-13584,144,315,107
73884612,1028,-464,-13368,112,292,103
73889412,1064,-524,-13640,66,310,94
73895312,1084,-396,-13540,77,371,94
73900212,1132,-452,-13488,102,384,87
73975710,1060,-312,-13784,69,423,105
73989012,1176,-376,-13512,110,279,97
73990612,1176,-376,-13512,110,279,97
73995412,1024,-348,-13536,112,290,99
74000212,1016,-524,-13520,81,321,109
74005012,912,-540,-13648,70,370,100
74009812,1112,-472,-13532,69,388,111
74014612,1020,-576,-13316,105,312,88
74019412,1096,-356,-13656,77,288,87
74025312,588,-740,-11124,302,551,113
74115412,588,-740,-11124,302,551,113
74120412,676,-468,-15700,-117,-6,103
74125212,504,-300,-11668,173,553,90
74130012,1160,-196,-14844,76,436,96
74134912,1584,-248,-12992,183,303,106
74139712,1496,-408,-13288,-19,404,82
74144512,1228,-600,-14364,212,261,120
74150412,868,-600,-12448,5,339,102
74155212,828,-280,-14716,188,403,124
74160012,540,-596,-12876,11,185,80
74234112,916,-512,-13824,112,359,124
74235712,916,-512,-13824,112,359,124
74239412,996,-708,-13504,99,340,97
74245312,1200,-576,-13640,56,344,95
74250112,1192,-500,-13416,46,326,114
74255012,1148,-252,-13436,36,332,116
74259812,1132,-188,-13512,95,310,98
74264612,1416,-444,-13164,270,635,108
74353012,1260,-624,-13948,-140,96,94
74354512,1260,-624,-13948,-140,96,94
74359412,944,-504,-13660,265,267,108
74365312,732,-216,-13424,-32,299,97
74370112,992,-372,-13060,218,552,79
74375012,1396,-500,-13464,12,462,85
74379812,1372,-516,-14276,108,165,108
74384612,960,-560,-13368,137,283,113
74389412,904,-404,-13620,110,346,84
74395312,1180,-288,-12968,138,455,102
74400112,1180,-392,-14000,41,237,90
74404912,804,-508,-13256,86,276,92
74478612,1160,-596,-13672,92,446,95
74490810,1124,-464,-13420,96,264,98
74494510,920,-408,-13332,93,334,106
74499412,920,-340,-13392,81,422,96
74505312,1248,-312,-13616,104,351,104
74510112,1148,-400,-13412,117,305,99
74601210,1112,-396,-13576,53,306,94
74605010,1044,-372,-13520,107,374,111
74609912,1028,-428,-13404,116,370,94
74614712,1104,-352,-13612,97,293,105
74619512,868,-508,-13552,95,301,90
74625412,980,-552,-13564,80,389,96
74630212,1108,-276,-13544,91,385,80
74635012,1204,-248,-13528,117,321,83
74639812,1116,-356,-13312,104,305,101
74644612,1148,-472,-13444,100,332,99
74649512,1024,-568,-13644,97,361,108
74655412,1064,-452,-13504,98,325,83
74660212,1092,-412,-13572,104,316,86
74665012,984,-408,-13496,100,324,95
74738812,928,-448,-13544,103,343,109
74740312,928,-448,-13544,103,343,109
74745212,1040,-372,-13444,70,312,87
74750012,1132,-496,-13604,130,348,122
74864010,1092,-440,-13468,122,341,112
74865610,1092,-440,-13468,122,341,112
74869510,984,-300,-13584,108,331,120
74875410,1068,-420,-13548,106,314,101
74880210,1044,-436,-13576,91,319,106
74885012,1020,-516,-13648,103,329,110
74889812,1072,-452,-13476,92,359,105
74894612,1020,-440,-13684,118,302,86
74899512,1152,-424,-13408,119,324,99
74905412,1064,-388,-13556,102,322,82
74910212,1132,-388,-13580,100,337,107
74915012,1036,-452,-13532,91,335,88
74919812,1168,-396,-13616,99,333,97
74924612,1080,-524,-13488,116,329,105
74934611,924,-476,-13532,123,314,85
74939511,1140,-380,-13464,95,314,110
75014310,1052,-468,-13452,91,310,109
75015912,1052,-468,-13452,91,310,109
75019612,1028,-420,-13692,110,338,108
75112112,1016,-580,-13632,91,318,103
75114712,1128,-428,-13548,84,341,87
75119512,1132,-328,-13584,93,317,91
75125412,1128,-456,-13504,94,342,105
75130212,980,-452,-13616,94,343,105
75135112,1080,-464,-13572,96,322,106
75139912,1112,-424,-13688,92,319,99
75144712,960,-384,-13556,72,338,113
75149512,1028,-396,-13552,123,343,109
75155412,1036,-300,-13560,101,349,102
75160212,1116,-368,-13508,111,318,99
75165012,1108,-424,-13588,88,314,90
75169812,1140,-436,-13696,77,334,83
75174712,1152,-496,-13584,93,342,75
75179512,1116,-400,-13580,117,325,100
75185412,964,-488,-13548,113,332,101
75277210,1044,-624,-13356,110,333,119
75355112,1060,-512,-13704,49,346,109
75360212,1052,-368,-13676,113,325,78
75365012,1128,-380,-13648,105,349,107
75369812,980,-516,-13468,85,323,82
75374612,1052,-500,-13524,118,323,101
75379412,1044,-488,-13564,85,363,88
75385312,1132,-404,-13752,93,378,103
75390112,1088,-252,-13472,116,302,93
75395012,1116,-400,-13480,100,342,106
75399812,1104,-416,-13620,99,353,93
75404612,1120,-436,-13776,125,344,93
75409412,1040,-584,-13620,86,293,109
75415312,1044,-416,-13508,78,327,93
75420112,1068,-392,-13532,96,346,100
75424912,1032,-404,-13628,100,346,88
75449110,1112,-548,-13420,89,310,100
75450610,1112,-548,-13420,89,310,100
75543112,1084,-404,-13520,90,313,100
75544612,1084,-404,-13520,90,313,100
75549512,1204,-380,-13352,117,297,105
75624011,976,-372,-13392,120,327,97
75625611,976,-372,-13392,120,327,97
75629511,1112,-420,-13392,122,353,91
75635411,1160,-552,-13608,112,334,97
75640211,1028,-432,-13584,91,289,104
75645111,1088,-460,-13392,110,352,84
75649911,1096,-404,-13508,101,353,93
75654711,1104,-468,-13648,114,382,108
75659511,1080,-484,-13668,103,320,100
75665411,1040,-416,-13496,125,300,112
75670211,1152,-456,-13460,100,363,102
75675011,1112,-428,-13616,49,344,100
75679811,1104,-436,-13588,82,355,111
75684711,1004,-348,-13592,102,317,90
75689511,1008,-480,-13444,117,327,107
75782412,952,-556,-13556,91,361,89
75785112,1132,-420,-13704,74,326,107
75789912,1028,-500,-13508,87,345,89
75794812,1140,-456,-13456,110,337,99
75799612,1028,-360,-13516,114,328,93
75898212,988,-420,-13572,146,315,110
75899812,988,-420,-13572,146,315,110
75904712,1064,-404,-13648,91,354,103
75909512,1092,-480,-13576,109,355,102
75915412,1148,-424,-13720,76,322,101
75920212,1152,-472,-13520,94,310,125
75925012,1044,-412,-13560,102,336,114
75934910,1076,-508,-13436,97,345,120
75939710,1008,-416,-13432,118,314,115
75944512,1112,-404,-13652,132,317,90
75950412,1064,-304,-13504,93,345,116
75955212,1136,-476,-13388,85,359,104
75960012,1148,-408,-13540,101,351,113
75964812,1160,-532,-13708,69,330,97
76054016,1072,-436,-13628,104,332,96
76055768,1072,-436,-13628,104,332,96
76059611,1088,-440,-13664,93,356,110
76064411,1104,-460,-13604,96,331,92
76070411,1132,-488,-13488,108,324,107
76075211,1064,-448,-13524,126,313,89
76149910,1036,-476,-13544,88,354,99
76154710,1080,-456,-13632,101,350,100
76159512,1048,-452,-13568,113,328,95
76165412,1092,-444,-13432,116,317,104
76170212,1132,-508,-13468,96,348,96
76175112,1172,-404,-13584,97,347,74
76179912,1072,-372,-13592,67,351,103
76184712,1056,-476,-13544,128,328,89
76189512,992,-496,-13644,93,351,102
76195412,1096,-512,-13632,116,322,112
76200212,1076,-492,-13416,98,330,113
76293112,1056,-372,-13524,96,314,102
76294712,940,-596,-13608,100,349,108
76299712,1144,-448,-13640,94,334,97
76304512,1088,-324,-13408,101,323,92
76310412,1032,-424,-13620,107,327,126
76315212,980,-500,-13464,93,321,93
76320012,1032,-512,-13660,71,339,89
76324912,1180,-456,-13612,95,336,102
76329712,1024,-436,-13596,99,363,115
76404011,1260,-364,-13596,110,298,90
76405511,1260,-364,-13596,110,298,90
76409411,1104,-352,-13464,85,362,102
76415311,1236,-320,-13408,91,351,107
76420111,1136,-304,-13556,150,340,112
76424911,964,-492,-13700,102,296,118
76438412,1232,-500,-13744,55,371,75
76439912,1232,-500,-13744,55,371,75
76444812,1172,-384,-13620,85,341,108
76449612,1048,-324,-13500,95,297,87
76454412,1108,-308,-13360,95,347,97
76546610,1084,-544,-13716,104,356,110
76549479,1016,-440,-13716,109,302,97
76555410,1056,-396,-13600,100,322,128
76560210,1068,-352,-13508,80,378,102
76565012,1144,-320,-13688,97,394,100
76569812,1136,-428,-13660,91,331,105
76574612,996,-488,-13672,107,293,112
76579512,948,-404,-13468,71,325,128
76585412,980,-576,-13688,104,383,115
76659910,1004,-416,-13496,85,306,108
76664910,1056,-404,-13596,87,346,102
76669711,1016,-496,-13488,76,379,100
76674511,1100,-348,-13556,103,357,87
76680411,1188,-500,-13476,106,288,89
76685311,1072,-400,-13540,111,302,103
76690111,1072,-400,-13608,85,336,107
76694911,1024,-400,-13596,96,387,97
76787112,1012,-348,-13600,110,299,123
76789912,960,-328,-13516,102,324,110
76794712,1044,-492,-13624,97,354,99
76799512,1092,-536,-13700,102,352,100
76805412,1128,-584,-13616,96,336,112
76810212,1100,-380,-13476,100,320,112
76815012,1020,-216,-13376,107,304,90
76819812,952,-368,-13500,87,353,114
76824612,1108,-372,-13560,127,346,90
76829512,1080,-328,-13556,99,354,99
76835412,1112,-468,-13656,144,328,99
76840212,964,-600,-13720,123,297,87
76938711,1012,-484,-13740,105,314,30
76959312,1044,-496,-13388,97,326,70
76960812,1044,-496,-13388,97,326,70
76964712,1016,-396,-13572,85,306,103
76969512,988,-492,-13532,113,361,96
76975412,920,-384,-13532,95,365,91
76980212,1104,-344,-13656,92,306,96
77069916,1064,-508,-13704,103,326,116
77075012,1148,-332,-13516,92,345,101
77079812,1036,-396,-13484,99,328,77
77084712,1080,-388,-13844,78,317,109
77089512,1040,-408,-13376,93,333,82
77095412,968,-476,-13736,60,395,101
77100212,952,-244,-13780,111,369,112
77105012,956,-500,-13532,116,299,93
77109812,1116,-516,-13620,104,287,102
77114712,1076,-296,-13528,85,364,99
77119512,1188,-504,-13760,67,358,87
77125412,1092,-460,-13652,109,311,91
77130212,1032,-396,-13344,119,310,87
77204112,1056,-396,-13448,145,364,91
77205712,1056,-396,-13448,145,364,91
77209612,1088,-404,-13512,105,322,97
77214412,1052,-424,-13544,100,324,92
77309010,1120,-464,-13448,112,355,91
77310612,1120,-464,-13448,112,355,91
77315412,1128,-396,-13692,105,301,117
77320212,1160,-544,-13536,113,270,87
77325012,1128,-460,-13460,102,336,92
77329812,1000,-508,-13752,87,392,99
77334612,1044,-440,-13428,118,363,109
77339512,1056,-492,-13572,118,275,105
77345412,1112,-548,-13608,88,330,111
77350212,1108,-476,-13488,85,365,113
77355012,1112,-444,-13592,89,380,113
77359812,1184,-408,-13552,136,327,126
77364612,1000,-380,-13468,109,319,115
77369412,1032,-440,-13556,125,297,99
77375312,1136,-328,-13648,83,311,106
77380212,1036,-468,-13612,96,346,101
77455210,1064,-300,-13444,97,321,80
77471912,1192,-416,-13528,125,341,80
77474512,1176,-484,-13756,111,340,95
77564612,1120,-504,-13292,143,336,108
77569712,1388,-348,-13508,124,348,95
77574512,1092,-436,-13792,98,243,115
77580412,892,-464,-13788,115,325,95
77585212,792,-524,-13708,131,299,94
77590012,860,-676,-13204,69,425,94
77594812,1452,-308,-13924,52,396,110
77599712,1352,-320,-13368,108,280,108
77604512,1296,-376,-13660,126,319,103
77610412,948,-432,-13376,96,304,114
77615212,832,-404,-13220,119,365,103
77620012,1008,-500,-13688,110,340,87
77624812,880,-544,-13640,122,312,111
77629612,1028,-604,-13712,78,351,105
77634412,1120,-508,-13296,72,277,95
77640412,1240,-416,-13512,99,369,83
77729312,1272,-432,-13476,108,311,112
77806810,1092,-508,-13496,111,344,116
77809510,988,-536,-13652,97,291,103
77815412,1008,-328,-13516,104,307,97
77820212,1028,-340,-13344,100,340,96
77825012,1168,-424,-13272,128,402,89
77829912,1068,-496,-13772,96,320,122
77834712,1016,-464,-13500,114,305,96
77839512,1164,-312,-13576,73,329,97
77845412,1052,-456,-13500,107,326,110
77850212,1100,-464,-13916,107,303,94
77855012,956,-564,-13400,92,327,95
77859812,1092,-424,-13480,91,391,95
77864612,1080,-544,-13644,90,347,82
77869512,1048,-400,-13588,93,295,83
77875412,976,-372,-13436,108,310,100
77880212,1160,-392,-13464,94,411,92
77995811,888,-452,-13452,99,283,119
78012812,1188,-440,-13880,126,250,104
78015412,1072,-524,-13468,107,241,107
78020212,916,-596,-13396,57,401,99
78094210,1088,-468,-13872,106,254,97
78095810,1088,-468,-13872,106,254,97
78099511,932,-296,-13340,101,250,106
78105411,924,-484,-13204,80,398,109
78110211,1076,-444,-13532,60,434,109
78115011,1052,-376,-13708,131,289,115
78119811,1004,-516,-13504,94,240,105
78124611,936,-524,-13440,75,355,98
78129511,1200,-432,-13648,79,405,115
78135411,1204,-356,-13744,103,351,89
78140211,1120,-416,-13416,122,262,90
78145011,948,-400,-13320,112,298,91
78149811,1136,-444,-13592,83,428,97
78154611,1068,-448,-13700,91,373,100
78159411,1116,-436,-13852,118,271,121
78250610,1036,-448,-13492,139,304,126
78254510,972,-420,-13256,97,391,100
78259412,1260,-356,-13656,110,368,91
78265312,996,-424,-13656,115,315,108
78270112,964,-384,-13612,95,286,92
78344212,1120,-464,-13644,102,350,102
78345812,1120,-464,-13644,102,350,102
78349512,952,-472,-13588,96,319,99
78355412,1024,-520,-13532,107,319,98
78360212,1004,-504,-13656,82,355,100
78365012,1116,-488,-13520,85,369,100
78369812,1092,-360,-13656,84,342,75
78374612,1052,-368,-13556,102,298,98
78379512,1168,-384,-13464,111,334,111
78385412,1028,-520,-13604,82,360,83
78390212,1172,-484,-13676,93,352,88
78395012,1048,-408,-13632,105,299,114
78399812,1192,-492,-13396,102,333,109
78489912,1052,-428,-13568,117,348,109
78507111,1056,-380,-13540,107,306,103
78509711,1100,-480,-13500,128,344,110
78514511,1148,-500,-13588,86,345,128
78519411,1160,-420,-13564,98,347,119
78525311,1032,-320,-13464,116,315,100
78530111,1008,-388,-13444,79,334,107
78605112,1036,-416,-13492,102,291,74
78610012,1168,-440,-13352,131,337,120
78614812,1100,-348,-13656,72,347,100
78619612,1088,-392,-13544,75,361,109
78624412,1024,-372,-13532,100,346,95
78630312,1028,-408,-13620,107,317,85
78635112,1016,-484,-13516,99,313,93
78639912,1092,-368,-13564,100,351,106
78644812,1228,-360,-13564,73,374,100
78649612,1020,-416,-13460,122,339,93
78654412,1064,-380,-13708,134,353,79
78744010,1052,-384,-13404,92,297,102
78745610,1092,-380,-13704,68,348,111
78750412,1208,-424,-13808,74,360,95
78755212,1044,-336,-13584,97,342,117
78760012,884,-424,-13440,101,332,101
78764912,1056,-372,-13544,104,343,94
78769712,1080,-376,-13576,78,323,95
78774512,1212,-392,-13712,113,313,89
78780412,1036,-404,-13504,92,304,108
78854910,1196,-396,-13536,90,313,106
78859810,1004,-304,-13476,92,323,94
78864610,880,-420,-13472,102,343,85
78869511,908,-560,-13508,102,399,108
78875411,1152,-448,-13620,75,332,84
78880211,1288,-312,-13488,89,334,108
78885011,1064,-384,-13568,97,294,107
78889811,1052,-268,-13368,136,322,104
79006310,1024,-412,-13628,119,257,109
79020612,976,-508,-13612,87,421,107
79024412,1168,-508,-13576,126,325,105
79030412,1136,-404,-13440,109,298,95
79035212,1128,-456,-13448,106,346,101
79040012,1024,-336,-13644,111,338,88
79044812,1000,-552,-13604,120,326,113
79049612,996,-544,-13432,112,342,96
79054412,1024,-532,-13576,109,354,98
79060312,1072,-420,-13476,94,349,95
79065112,1024,-392,-13528,122,312,94
79070012,1120,-408,-13464,122,298,117
79144611,988,-528,-13756,114,323,97
79149511,1068,-552,-13544,92,307,103
79155411,1032,-516,-13460,80,355,112
79160311,1124,-340,-13552,91,346,105
79165111,1148,-444,-13516,105,343,96
79258310,1072,-400,-13568,103,316,119
79259810,1116,-380,-13468,123,358,97
79264712,1032,-432,-13632,80,330,77
79269512,1184,-444,-13512,88,331,85
79275412,1036,-404,-13568,94,327,104
79280312,1080,-476,-13468,81,309,96
79285112,1124,-536,-13680,85,359,94
79289912,1076,-440,-13628,97,344,85
79294712,1088,-416,-13540,93,360,63
79299512,1172,-396,-13504,123,349,34
79305412,1060,-436,-13480,115,355,38
79310212,1064,-420,-13672,105,330,7
79315012,1132,-372,-13612,108,341,-17
79319912,1016,-536,-13512,120,335,-12
79324712,1020,-448,-13580,128,336,11
79398711,1088,-440,-13456,97,311,114
79400311,1060,-436,-13508,75,319,93
79405111,1092,-504,-13660,71,313,96
79498310,1100,-388,-13404,97,330,80
79518811,1004,-432,-13536,99,347,113
79520411,1044,-384,-13364,126,330,86
79525211,1112,-408,-13580,99,313,113
79530011,1072,-516,-13484,93,317,83
79534811,1040,-540,-13508,103,343,98
79539611,1140,-372,-13408,100,336,105
79544411,1140,-372,-13408,100,336,105
79550311,1012,-400,-13476,115,327,123
79555111,1016,-416,-13504,97,335,108
79560011,1168,-492,-13808,107,358,109
79564811,1100,-440,-13488,86,360,95
79569611,972,-428,-13444,128,328,128
79574411,972,-428,-13444,128,328,128
79580311,1144,-480,-13508,98,327,107
79585111,976,-452,-13492,109,349,90
79589911,1064,-372,-13568,103,327,110
79664412,1048,-412,-13552,94,337,90
79755710,1016,-464,-13436,96,314,101
79759510,1016,-464,-13436,96,314,101
79765410,1044,-452,-13568,94,345,103
79770312,1120,-436,-13412,102,337,88
79775112,1036,-420,-13524,105,327,99
79779912,1064,-432,-13604,94,304,90
79784712,1088,-380,-13512,77,317,98
79789512,1088,-380,-13512,77,317,98
79795412,1088,-440,-13740,95,362,115
79800212,1096,-408,-13672,97,338,106
79805012,1024,-408,-13440,98,338,93
79809912,1016,-364,-13628,119,348,107
79814712,1128,-452,-13560,99,336,97
79819512,1128,-452,-13560,99,336,97
79825412,1068,-440,-13512,90,335,104
79830212,1076,-428,-13452,117,344,104
79924610,944,-444,-13536,97,351,109
79937912,1020,-408,-13684,111,305,101
79939412,1020,-408,-13684,111,305,101
80039410,1080,-528,-13584,107,320,94
80044410,1044,-472,-13592,81,333,99
80050310,1032,-388,-13596,94,341,104
80055110,1052,-524,-13468,93,320,103
80059912,1112,-424,-13564,89,357,107
80064712,1112,-424,-13564,89,357,107
80069512,1104,-444,-13556,97,342,115
80074412,1140,-464,-13552,111,317,108
80080312,1108,-476,-13508,104,314,88
80085112,1064,-460,-13512,99,332,103
80089912,996,-420,-13448,98,363,86
80094712,996,-420,-13448,98,363,86
80099512,1108,-496,-13604,122,370,88
80105412,1152,-432,-13604,92,340,105
80110212,1024,-500,-13640,115,337,105
80201110,1080,-412,-13384,117,328,126
80204910,992,-476,-13708,88,324,106
80209812,992,-476,-13708,88,324,106
80214612,1092,-404,-13768,109,342,120
80219412,1048,-452,-13484,107,331,113
80293811,1052,-356,-13644,90,352,112
80295411,988,-552,-13604,98,358,94
80300211,1136,-308,-13612,105,345,114
80305011,1080,-364,-13364,116,325,107
80309811,1080,-364,-13364,116,325,107
80314611,992,-412,-13724,91,332,105
80319411,1056,-424,-13488,88,331,105
80325411,1084,-488,-13516,76,363,103
80330211,1116,-440,-13724,108,340,99
80335011,988,-448,-13544,107,336,98
80339811,988,-448,-13544,107,336,98
80344611,1056,-332,-13556,99,331,91
80349411,1072,-476,-13460,97,339,111
80439710,964,-588,-13548,109,347,111
80455510,1064,-448,-13508,108,322,82
80460310,960,-436,-13440,105,341,93
80465212,1120,-488,-13580,117,336,77
80470012,1120,-460,-13560,121,308,126
80474812,1120,-460,-13560,121,308,126
80479612,1168,-420,-13580,72,318,101
80554110,912,-468,-13464,94,349,113
80555610,1120,-380,-13644,101,319,102
80560410,1060,-508,-13552,108,334,99
80565212,1184,-388,-13508,111,339,92
80570012,1012,-448,-13656,92,351,107
80574812,1012,-448,-13656,92,351,107
80579712,1048,-496,-13532,88,331,95
80584512,1152,-512,-13580,101,345,107
80590412,1088,-492,-13560,97,332,92
80595212,1048,-320,-13564,82,307,76
80600012,1080,-400,-13620,79,320,90
80693212,1092,-528,-13476,105,312,115
80694812,1092,-528,-13476,105,312,115
80699612,1028,-404,-13488,111,338,111
80704412,1148,-424,-13596,99,320,89
80710312,1144,-376,-13656,99,353,130
80715212,1032,-352,-13292,108,366,121
80720012,1032,-352,-13292,108,366,121
80724812,980,-560,-13668,105,343,124
80729612,1112,-384,-13616,104,322,133
80804410,976,-444,-13596,99,391,103
80809410,1024,-420,-13568,105,327,93
80815312,1072,-368,-13400,92,313,119
80820112,1200,-452,-13560,69,344,108
80824912,1200,-452,-13560,69,344,108
80829812,1060,-408,-13664,116,356,109
80834612,1016,-392,-13472,92,284,95
80839412,924,-324,-13436,131,359,111
80932410,1168,-304,-13652,80,382,99
80944711,1024,-396,-13584,105,308,93
80949668,908,-480,-13600,80,361,98
80954511,1128,-400,-13724,85,372,90
80960411,1008,-384,-13572,100,302,92
80965211,1052,-332,-13496,112,351,123
80970011,1052,-332,-13496,112,351,123
80974811,1116,-428,-13532,123,360,108
80979711,1144,-488,-13600,124,311,93
80984511,980,-424,-13392,127,302,100
80990411,996,-464,-13472,92,339,81
80995211,1152,-348,-13640,100,337,109
81093510,976,-472,-13600,86,340,124
81095112,976,-472,-13600,86,340,124
81100112,1136,-292,-13436,110,349,109
81104912,1148,-388,-13692,90,347,91
81109712,1096,-424,-13536,123,340,80
81114512,1020,-440,-13720,95,327,76
81205312,1092,-408,-13624,73,330,95
81210412,1076,-372,-13392,93,343,104
81215312,1048,-460,-13428,100,346,87
81220112,1048,-460,-13428,100,346,87
81224912,1020,-452,-13568,107,338,102
81229712,1136,-520,-13460,99,325,120
81234512,1024,-428,-13456,73,318,111
81240412,992,-428,-13596,104,359,88
81245212,992,-428,-13596,104,359,88
81250012,1144,-408,-13540,110,348,122
81254912,1020,-376,-13552,84,330,79
81259712,1024,-444,-13440,109,338,121
81264512,972,-492,-13548,102,330,105
81270412,1092,-476,-13564,90,331,108
81344610,1108,-436,-13588,87,342,108
81349512,1060,-372,-13612,97,354,99
81443612,952,-468,-13564,81,320,94
81460711,1140,-412,-13420,114,322,109
81464511,1140,-412,-13420,114,322,109
81469411,1128,-432,-13668,73,322,108
81475311,996,-320,-13592,116,353,115
81480111,1000,-484,-13508,106,364,86
81484911,1080,-348,-13680,124,349,127
81489711,1068,-460,-13424,95,321,107
81494511,1160,-464,-13600,105,308,126
81499411,996,-364,-13520,90,361,87
81505311,1116,-456,-13592,94,364,86
81510111,1176,-420,-13496,105,355,114
81514911,1080,-464,-13632,106,303,106
81519711,984,-560,-13628,100,311,96
81524511,1048,-556,-13684,101,319,101
81530411,984,-468,-13576,85,360,95
81535211,1036,-460,-13472,109,320,97
81626110,1080,-380,-13500,115,341,94
81703612,1056,-428,-13580,72,380,107
81705112,1056,-428,-13580,72,380,107
81710012,1008,-452,-13444,135,332,107
81714912,1112,-416,-13548,123,283,91
81719712,1188,-492,-13532,104,293,81
81724512,1208,-416,-13608,93,347,86
81730412,1068,-412,-13640,64,372,100
81735212,1008,-508,-13408,111,379,116
81740012,1052,-464,-13524,122,319,89
81744912,1048,-516,-13532,95,288,88
81749712,1032,-440,-13620,93,336,103
81754512,1092,-472,-13532,90,355,107
81760412,1128,-408,-13500,107,345,102
81765212,1044,-408,-13532,78,326,106
81770012,1068,-476,-13612,90,326,106
81774812,1020,-340,-13820,96,345,102
81868412,1040,-392,-13508,94,337,93
81870012,1040,-392,-13508,94,337,93
81875012,1060,-424,-13600,71,332,91
81879812,1104,-380,-13464,115,325,99
81954310,1148,-368,-13576,110,338,83
81967919,1080,-452,-13544,115,347,87
81969410,1080,-452,-13544,115,347,87
81975312,960,-384,-13680,95,312,85
81980112,1100,-496,-13704,101,353,85
81984912,1208,-324,-13488,83,338,100
81989812,1048,-612,-13516,100,322,93
81994612,1108,-444,-13300,101,341,91
81999412,1032,-444,-13508,101,331,107
82005312,1068,-432,-13648,94,337,100
82010112,1084,-356,-13588,100,367,80
82014912,1060,-336,-13372,109,332,74
82019712,1116,-488,-13508,98,351,91
82024512,1040,-380,-13676,121,341,106
82029412,1076,-436,-13492,123,349,108
82144712,968,-452,-13556,92,353,94
82149812,1072,-436,-13496,122,343,111
82154612,1152,-404,-13468,85,320,87
82159412,1116,-420,-13612,108,308,95
82165312,1196,-472,-13548,96,343,103
82239810,1096,-492,-13536,133,345,92
82244610,1000,-440,-13628,117,310,104
82249412,1068,-388,-13512,105,351,96
82255312,1000,-464,-13596,96,345,119
82260112,1052,-420,-13556,98,332,85
82264912,1196,-368,-13588,74,343,84
82269712,1100,-436,-13480,85,329,96
82274512,1024,-384,-13464,115,352,93
82279412,1072,-476,-13508,95,321,127
82285312,928,-376,-13536,99,325,104
82290112,1140,-504,-13416,90,355,118
82383911,1136,-388,-13576,102,342,100
82385511,1136,-388,-13576,102,342,100
82390311,1228,-400,-13388,106,330,107
82395111,1072,-488,-13572,125,335,95
82399911,1132,-372,-13640,105,325,109
82404711,1072,-396,-13564,107,347,86
82409511,1076,-436,-13504,90,330,124
82415411,1064,-320,-13552,75,336,98
82420311,1204,-372,-13584,116,338,107
82494910,1108,-416,-13400,90,354,95
82508411,1168,-548,-13540,118,337,78
82509911,1168,-548,-13540,118,337,78
82514811,1148,-464,-13552,89,336,99
82519611,1000,-404,-13460,91,327,108
82524411,1024,-356,-13492,108,321,96
82530311,1076,-408,-13424,107,365,100
82535111,1144,-348,-13536,91,346,95
82539911,1164,-504,-13512,103,353,106
82544811,1032,-468,-13556,96,310,119
82636510,1124,-528,-13692,99,352,77
82640510,1124,-528,-13692,99,352,77
82645310,1160,-444,-13556,120,332,92
82650110,1144,-476,-13688,112,287,110
82654912,956,-412,-13576,106,298,106
82659712,1180,-424,-13708,100,339,91
82664512,1120,-308,-13552,90,345,107
82669412,992,-456,-13584,123,307,108
82675312,1052,-460,-13640,96,328,94
82680112,1076,-540,-13428,103,318,103
82754412,1168,-316,-13480,93,291,109
82760412,1052,-480,-13484,82,350,115
82765312,1016,-396,-13528,77,351,108
82770112,1024,-372,-13596,97,357,111
82774912,1008,-396,-13700,90,332,81
82779712,1080,-516,-13440,121,343,100
82784512,1072,-440,-13620,95,333,117
82875110,1044,-444,-13492,106,347,95
82880010,1000,-440,-13448,115,323,92
82884810,996,-468,-13472,129,327,88
82889712,1056,-460,-13532,110,336,107
82894512,1044,-368,-13452,106,351,105
82900412,1252,-428,-13684,106,342,108
82905212,900,-456,-13560,114,321,97
82910012,1012,-488,-13468,98,320,98
82914812,1016,-412,-13420,103,344,104
82919612,1048,-368,-13568,106,340,95
82924412,1028,-432,-13496,123,348,82
82937910,1108,-452,-13540,103,334,108
82939410,1108,-452,-13540,103,334,108
83015912,968,-368,-13588,104,334,111
83019912,968,-368,-13588,104,334,111
83024712,972,-492,-13380,91,337,86
83029612,956,-428,-13648,108,340,111
83034412,1072,-436,-13580,86,308,97
83150713,1076,-540,-13636,97,328,107
83154512,1100,-404,-13656,86,317,86
83160412,1000,-428,-13432,105,364,83
83165212,1192,-436,-13620,104,346,86
83170012,1096,-400,-13636,108,314,104
83174812,1064,-396,-13628,98,346,92
83179612,1168,-452,-13384,96,330,111
83184412,1020,-420,-13588,116,339,111
83190412,996,-480,-13472,107,321,104
83195212,1060,-436,-13668,87,323,121
83200012,1108,-448,-13508,89,345,87
83204812,1180,-432,-13576,108,350,98
83209612,1100,-392,-13548,91,322,98
83214412,980,-476,-13504,105,301,104
83220312,1012,-424,-13428,92,334,79
83294312,1084,-392,-13632,119,314,116
83295912,1084,-392,-13632,119,314,116
83299612,1044,-420,-13480,109,346,79
83390018,1044,-420,-13480,109,346,79
83395112,1044,-456,-13576,92,319,76
83399912,968,-452,-13656,106,334,104
83404812,1100,-444,-13692,92,341,99
83409612,984,-436,-13620,101,329,104
83414412,1156,-512,-13604,90,308,76
83420312,1028,-388,-13568,93,341,115
83425112,1052,-404,-13468,103,346,90
83445712,1100,-416,-13588,104,325,111
83449412,1140,-528,-13584,107,327,107
83455312,1076,-484,-13596,106,333,91
83460212,1044,-460,-13496,105,321,85
83465012,1024,-392,-13588,105,342,92
83469812,1088,-416,-13300,112,331,95
83474612,1140,-476,-13652,120,358,91
83479412,1084,-436,-13352,83,318,83
83485312,1096,-548,-13640,109,326,82
83651912,1056,-392,-13580,103,324,102
83654712,1056,-392,-13580,103,324,102
83659512,1144,-384,-13640,91,360,88
83665412,1012,-432,-13600,94,342,93
83670212,1160,-520,-13468,109,326,109
83675112,1020,-336,-13508,111,338,104
83679912,1016,-472,-13548,107,306,99
83684712,1116,-372,-13592,94,330,102
83689512,1092,-372,-13592,115,355,105
83695412,1044,-496,-13612,115,357,102
83700212,988,-420,-13636,90,330,83
83705012,1032,-424,-13696,94,350,99
83709812,1108,-380,-13652,113,329,124
83714712,1068,-532,-13608,125,296,106
83719512,1104,-480,-13556,72,334,75
83725412,1084,-372,-13808,108,351,84
83818210,1064,-404,-13704,127,313,112
83819810,1064,-404,-13704,127,313,112
83824612,1104,-380,-13476,86,322,90
83829412,1096,-404,-13608,93,345,102
83904210,1068,-452,-13632,110,350,95
83905810,1068,-452,-13632,110,350,95
83909512,1116,-380,-13720,90,341,100
83915412,1000,-400,-13372,93,340,103
83920212,1148,-412,-13636,95,326,94
83925012,1064,-432,-13500,127,329,82
83935012,1192,-544,-13636,90,347,100
83939812,1008,-456,-13420,85,334,98
83944612,1060,-432,-13664,121,357,97
83949512,1064,-440,-13508,121,305,84
83955412,1056,-452,-13388,112,324,95
83960212,1120,-396,-13700,70,331,113
83965012,912,-492,-13448,83,349,101
83969812,1216,-500,-13588,119,335,103
83974612,1036,-404,-13488,96,319,85
84066312,1100,-528,-13548,103,322,93
84070212,1100,-528,-13548,103,322,93
84075112,1072,-424,-13604,95,350,90
84079912,1000,-500,-13456,95,336,107
84084712,1000,-436,-13568,104,320,96
84182912,1044,-484,-13796,109,357,97
84184512,1044,-484,-13796,109,357,97
84189412,1172,204,-13520,-54,149,105
84195312,1240,-400,-14236,-200,1059,137
84200112,888,-2004,-12264,467,-584,63
84204912,1352,300,-12888,663,670,111
84209712,764,-824,-15252,-426,-243,83
84214512,1560,-372,-12168,-18,1115,128
84219412,744,-368,-14612,152,491,78
84225312,1132,-44,-13020,432,165,117
84230112,1188,-864,-12204,-237,154,107
84234912,884,-216,-15860,238,267,115
84239712,896,-544,-13436,158,327,85
84328812,896,-544,-13436,158,327,85
84330412,896,-544,-13436,158,327,85
84335312,1044,-376,-13468,102,345,78
84340212,1172,-392,-13720,88,391,85
84345012,1096,-404,-13428,56,325,109
84349812,1060,-416,-13756,138,355,90
84354612,1032,-480,-13128,122,294,79
84429611,1024,-520,-13548,121,353,109
84443112,1132,-532,-13704,113,309,101
84444612,1132,-532,-13704,113,309,101
84449512,1132,-432,-13588,83,340,104
84455412,1080,-508,-13644,84,343,100
84460212,928,-500,-13464,76,394,105
84465112,1120,-516,-13548,112,282,86
84469912,1020,-320,-13744,85,393,96
84474712,984,-576,-13656,95,334,86
84479512,1168,-400,-13476,162,369,128
84485412,1100,-436,-13500,116,251,98
84490212,1144,-336,-13696,73,317,100
84581711,976,-504,-13536,63,346,103
84584419,976,-504,-13536,63,346,103
84590311,1080,-184,-13652,86,368,84
84595111,1096,-496,-13544,149,314,73
84599911,1096,-384,-13380,84,359,103
84604711,1164,-736,-13684,99,286,109
84609511,1092,-364,-13452,150,372,111
84615411,888,-552,-13728,45,300,86
84689812,1240,-364,-13236,144,413,98
84694712,988,-552,-13648,91,262,102
84699512,1192,-460,-13396,101,305,124
84705412,1108,-268,-13780,17,361,77
84710212,968,-456,-13644,35,440,94
84715112,1112,-204,-13512,55,452,129
84719912,844,-536,-13616,175,266,103
84724712,1144,-340,-13684,140,284,90
84729512,828,-404,-13660,69,310,83
84820912,1144,-488,-13480,131,211,102
84824612,1228,-500,-13836,36,380,101
84829412,988,-460,-13520,80,378,108
84835312,1028,-348,-13352,136,369,99
84840112,1100,-436,-13604,97,300,101
84845012,1036,-384,-13720,76,355,129
84849812,1016,-456,-13820,71,358,110
84854612,1108,-472,-13452,150,369,107
84859412,1096,-464,-13440,107,354,113
84865312,1008,-464,-13476,103,310,94
84870112,1148,-592,-13560,142,326,92
84944311,1068,-476,-13608,162,308,100
84957812,1140,-380,-13712,105,357,88
84960412,1140,-380,-13712,105,357,88
84965212,1040,-380,-13496,93,306,102
84970012,1072,-400,-13468,121,391,115
84974812,900,-316,-13564,94,311,99
84979612,1120,-460,-13696,137,313,118
85071012,808,-296,-10936,196,826,110
85075112,1412,-260,-14732,73,137,95
85079912,996,-304,-13292,256,442,137
85084712,748,-488,-12812,-191,145,111
85089512,1468,-400,-14612,292,683,103
85095412,892,-552,-12668,-54,-180,48
85100212,1072,-332,-13896,299,627,138
85105112,852,-664,-13540,-246,-21,88
85109912,1092,-32,-13284,459,756,102
85114712,1564,-752,-13684,-117,60,84
85119512,1072,-244,-13592,254,499,124
85125412,716,-668,-13572,-123,176,96
85130212,932,-384,-13484,341,467,98
85229011,812,-480,-13492,107,340,122
85230611,812,-480,-13492,107,340,122
85235411,1024,-484,-13560,143,414,102
85240211,1124,-548,-13448,112,322,106
85245011,1068,-416,-13440,113,371,86
85334012,1068,-416,-13440,113,371,86
85335512,1068,-416,-13440,113,371,86
85339412,1028,-508,-13440,124,322,88
85345312,1116,-436,-13440,151,331,102
85350112,1164,-412,-13532,108,302,104
85355012,1100,-592,-13632,98,338,94
85359812,964,-364,-13592,76,369,81
85364612,924,-404,-13576,95,401,92
85369412,1112,-504,-13620,121,351,84
85375312,1020,-520,-13520,134,293,94
85380112,1096,-556,-13612,104,254,105
85384912,1156,-420,-13428,75,345,104
85389712,1068,-412,-13604,82,351,84
85394612,1236,-520,-13700,92,331,105
85399412,908,-464,-13508,52,344,96
85473711,1072,-216,-13656,140,355,100
85487212,1200,-536,-13672,48,355,97
85489812,1200,-536,-13672,48,355,97
85494612,1020,-516,-13668,93,339,106
85584969,1216,-436,-13528,130,367,113
85589910,1200,-428,-13284,147,286,80
85594710,1084,-404,-13436,126,276,86
85599612,1068,-408,-13596,64,322,106
85604412,1172,-448,-13656,77,369,91
85610312,992,-392,-13648,110,375,87
85615112,1028,-436,-13516,134,317,100
85619912,1140,-496,-13508,65,288,108
85624712,1060,-476,-13620,86,344,115
85629512,1136,-356,-13684,85,364,109
85635412,1156,-400,-13496,100,318,93
85640312,1136,-456,-13356,90,325,105
85645112,996,-436,-13504,71,369,107
85649912,1020,-424,-13636,96,350,105
85654712,1024,-492,-13444,160,319,117
85659512,1144,-352,-13448,78,329,93
85734010,752,-588,-9376,361,1178,139
85826612,752,-588,-9376,361,1178,139
85829468,900,-288,-16492,-578,204,68
85835412,992,156,-12028,950,428,122
85840212,1484,-656,-12164,-512,37,84
85845012,1324,-196,-15620,225,745,134
85849812,772,-604,-12272,-274,-26,70
85854612,1120,-576,-14400,848,556,110
85859512,1152,-740,-12748,-396,-132,85
85865412,840,-244,-13860,247,685,148
85870212,928,-336,-13836,-118,212,63
85875012,1240,-520,-13172,365,479,94
85879812,1548,-344,-13012,-26,274,90
85884612,1356,-568,-14432,76,281,102
85889412,896,-516,-13300,134,339,90
85895312,916,-396,-13932,173,286,112
85900212,928,-356,-12908,111,369,112
85992112,1124,-396,-13512,108,280,124
86005312,1028,-400,-13448,99,334,91
86010212,956,-560,-13612,88,386,105
86084711,1120,-560,-13692,137,312,81
86089711,1120,-368,-13400,107,314,113
86094511,928,-496,-13660,72,358,97
86099411,984,-428,-13792,81,359,95
86105311,1080,-360,-13488,125,348,95
86110111,1112,-408,-13664,107,329,101
86114911,996,-444,-13484,71,359,82
86119711,1140,-500,-13560,97,358,103
86124511,1132,-504,-13552,109,314,103
86129411,1080,-504,-13636,82,319,109
86135311,1076,-468,-13324,71,341,106
86140111,1000,-408,-13500,84,386,110
86144911,1100,-400,-13500,129,310,100
86149711,1080,-472,-13328,99,292,92
86267210,1112,-356,-13640,56,332,111
86269910,1112,-356,-13640,56,332,111
86274912,916,-488,-13740,71,387,119
86279712,852,-420,-13444,128,384,100
86284512,1044,-512,-13324,134,272,109
86290412,1080,-452,-13632,65,286,106
86365712,1096,-448,-13500,143,304,126
86369512,1064,-368,-13572,61,346,83
86375412,1084,-396,-13492,89,381,111
86380212,992,-336,-13388,126,346,94
86385012,1080,-500,-13308,140,262,95
86389812,1080,-428,-13580,63,350,100
86394612,1028,-560,-13516,62,362,97
86399412,936,-564,-13604,118,371,100
86405312,1132,-320,-13440,121,293,107
86410212,1112,-444,-13408,88,302,106
86415012,1032,-324,-13484,74,356,115
86506221,1040,-388,-13504,98,351,93
86526911,1060,-404,-13572,96,381,108
86529511,1028,-388,-13744,77,339,112
86535411,1072,-520,-13372,116,309,88
86540311,1048,-476,-13552,112,296,100
86545111,1148,-528,-13472,99,341,100
86549911,1112,-388,-13628,77,343,81
86554711,1132,-464,-13560,123,337,97
86559511,1068,-520,-13644,83,352,109
86634010,980,-440,-13432,126,323,94
86635510,980,-440,-13432,126,323,94
86640412,1176,-400,-13760,107,319,95
86645212,1124,-428,-13464,103,320,102
86650012,996,-388,-13560,106,321,105
86654912,1072,-516,-13288,90,374,98
86659712,964,-416,-13608,113,370,125
86664512,988,-448,-13556,117,332,109
86670412,1136,-472,-13436,105,314,88
86675212,1148,-468,-13616,93,325,90
86764412,1148,-468,-13616,93,325,90
86769412,1084,-512,-13752,116,355,111
86775312,980,-472,-13592,105,309,88
86780212,1124,-508,-13728,79,333,119
86785012,968,-456,-13424,64,336,88
86789812,992,-436,-13668,100,337,82
86794612,1012,-488,-13496,80,359,99
86799412,1140,-528,-13532,99,336,108
86805312,1132,-444,-13548,98,328,91
86810212,1048,-456,-13568,122,309,107
86884212,1016,-452,-13500,91,380,95
86885712,1016,-452,-13500,91,380,95
86889512,1092,-408,-13688,90,344,97
86895412,1032,-488,-13508,128,295,109
86900212,1056,-448,-13508,109,332,104
86905112,1076,-536,-13648,92,374,100
86909912,1188,-380,-13528,82,368,89
87002911,1016,-472,-13452,93,345,101
87016410,1144,-432,-13576,119,362,95
87020110,1172,-500,-13272,93,360,68
87024912,1152,-296,-13748,92,357,91
87029712,948,-456,-13504,109,253,100
87034512,1136,-468,-13384,101,410,116
87040412,1152,-456,-13696,47,317,88
87045212,1092,-412,-13560,120,377,103
87050012,980,-384,-13444,79,290,85
87054912,1008,-352,-13436,160,361,108
87059712,1148,-396,-13464,69,350,99
87064512,1188,-520,-13792,128,301,79
87070412,948,-456,-13448,85,313,93
87144212,1212,-496,-13648,96,357,108
87145712,1212,-496,-13648,96,357,108
87149512,1184,-440,-13652,92,246,98
87155412,1036,-520,-13588,109,307,77
87160212,996,-360,-13404,93,356,107
87278211,1092,-440,-13488,76,363,101
87279811,1092,-440,-13488,76,363,101
87284611,1104,-432,-13652,105,326,88
87289511,984,-480,-13448,118,314,93
87295411,1076,-336,-13600,89,336,94
87300211,936,-364,-13556,81,345,101
87305011,1112,-512,-13548,106,322,105
87309811,936,-396,-13536,114,338,96
87314611,1120,-448,-13576,122,317,103
87319411,1148,-484,-13588,99,312,105
87325311,1056,-480,-13548,95,324,71
87330211,1064,-440,-13752,91,326,100
87335011,1044,-444,-13632,117,360,90
87339811,1036,-392,-13604,97,324,102
87344611,1196,-404,-13520,120,346,88
87418612,1132,-428,-13496,104,347,96
87420212,1132,-428,-13496,104,347,96
87425012,948,-488,-13440,115,334,108
87445711,980,-396,-13476,83,326,77
87538112,1136,-416,-13596,90,348,84
87539712,1136,-416,-13596,90,348,84
87544512,1052,-460,-13480,94,313,134
87549412,988,-384,-13612,99,350,108
87555312,1092,-456,-13604,99,341,100
87560112,1024,-412,-13440,118,343,108
87564912,912,-424,-13584,117,319,108
87569712,1056,-516,-13576,125,359,104
87574512,968,-424,-13748,99,335,112
87580412,1108,-436,-13572,106,334,92
87585212,1136,-556,-13492,81,338,72
87590112,1080,-492,-13596,88,344,107
87594912,1180,-396,-13720,121,349,82
87599712,1116,-420,-13532,97,319,108
87604512,1112,-484,-13456,108,329,96
87610412,1112,-456,-13396,111,328,105
87684711,1016,-424,-13468,86,328,111
87777310,1104,-396,-13448,115,331,103
87780110,992,-392,-13648,84,348,93
87785012,1112,-520,-13764,112,359,86
87789812,1116,-444,-13592,79,306,101
87794612,1052,-368,-13608,91,319,91
87799412,956,-464,-13424,84,342,105
87805312,1092,-456,-13580,108,329,112
87810112,1168,-520,-13548,103,322,85
87814912,1016,-480,-13484,108,350,110
87819712,1080,-424,-13528,112,324,105
87824612,936,-460,-13588,121,359,105
87829412,1040,-416,-13572,93,343,100
87835312,1092,-472,-13588,98,327,83
87840112,1116,-424,-13660,79,309,102
87844912,988,-508,-13504,92,319,94
87849712,1132,-376,-13616,107,342,97
87943312,1092,-336,-13648,101,326,109
87960212,1132,-472,-13492,92,343,100
87965012,1060,-440,-13588,113,340,97
88039510,1140,-472,-13460,94,322,95
88044510,1064,-436,-13616,102,325,107
88050412,1068,-444,-13512,109,356,115
88055212,1136,-548,-13372,125,322,88
88060012,1032,-544,-13572,90,307,124
88064912,1044,-388,-13448,101,312,124
88069712,1008,-348,-13712,136,370,80
88074512,1156,-328,-13624,105,329,101
88080412,1152,-468,-13604,94,319,102
88085212,1048,-416,-13604,106,336,105
88090012,1160,-444,-13528,93,330,100
88094812,1080,-408,-13588,95,329,90
88099612,976,-404,-13464,97,322,71
88104512,1032,-404,-13628,105,309,101
88197610,1200,-432,-13428,90,329,95
88200312,1100,-512,-13524,120,325,126
88205112,984,-504,-13508,106,353,107
88209912,1040,-536,-13592,103,363,114
88214712,1172,-424,-13792,115,338,119
88219512,1060,-544,-13516,99,322,83
88318311,1108,-456,-13524,91,360,109
88320068,1108,-456,-13524,91,360,109
88324911,1096,-392,-13500,77,342,97
88329711,1168,-476,-13588,81,345,86
88334511,1016,-456,-13580,113,349,92
88340411,968,-464,-13472,101,323,95
88345211,1108,-488,-13436,100,330,87
88350111,1064,-440,-13592,107,318,98
88354911,1036,-408,-13352,108,335,73
88359711,1004,-412,-13648,109,342,86
88364511,956,-420,-13624,123,333,85
88370411,1084,-416,-13620,119,298,98
88460312,1116,-472,-13348,95,333,112
88477411,1020,-368,-13592,104,350,93
88480211,1048,-448,-13572,108,359,118
88485011,1032,-384,-13564,112,327,99
88489811,948,-508,-13444,101,336,111
88494611,1112,-416,-13832,93,347,110
88499411,1096,-372,-13600,96,344,85
88505411,1036,-464,-13592,97,363,107
88579612,1100,-380,-13620,112,353,91
88584612,1160,-320,-13508,142,338,99
88589412,1092,-540,-13560,103,337,108
88595412,1144,-460,-13540,98,343,93
88600212,1072,-348,-13504,98,322,120
88605012,1060,-444,-13444,131,321,99
88609812,1120,-500,-13584,111,327,103
88614612,988,-368,-13588,100,324,97
88619412,984,-584,-13548,93,335,115
88625412,1124,-328,-13556,86,331,113
88715212,1124,-328,-13556,86,331,113
88720212,1048,-576,-13580,131,322,92
88725012,1092,-456,-13420,119,372,101
88729812,1104,-416,-13520,96,319,109
88734612,1224,-436,-13748,108,329,108
88739412,968,-352,-13592,104,331,112
88745412,1072,-508,-13408,112,342,100
88750212,1088,-376,-13716,91,341,93
88755012,1120,-472,-13704,88,300,103
88759812,1052,-452,-13520,107,352,110
88834610,1160,-352,-13604,76,371,87
88839610,936,-456,-13628,90,310,107
88844412,1060,-420,-13420,111,323,83
88850312,1032,-516,-13620,105,334,94
88855112,1072,-460,-13592,92,344,105
88860012,1104,-460,-13612,116,325,105
88864812,1096,-456,-13652,110,328,94
88953412,1020,-504,-13596,114,308,96
88965711,1100,-456,-13548,99,334,117
88969411,1100,-452,-13492,126,341,95
88975411,1056,-384,-13420,126,280,123
88980211,1088,-428,-13548,93,307,105
88985011,1072,-396,-13588,74,360,70
88989811,1064,-360,-13644,92,350,107
88994611,1096,-420,-13576,84,320,96
88999411,1140,-396,-13540,104,333,120
89005411,1028,-404,-13680,109,336,89
89010211,1068,-412,-13500,119,342,93
89015011,972,-564,-13640,101,317,126
89019811,1104,-420,-13396,113,314,105
89094510,1104,-404,-13700,98,353,100
89100410,988,-376,-13640,112,365,103
89105312,956,-516,-13372,120,327,89
89110112,976,-460,-13612,112,292,96
89203610,1184,-408,-13468,75,324,98
89205210,1184,-408,-13468,75,324,98
89210012,1100,-384,-13588,72,375,88
89214812,984,-492,-13580,100,354,102
89219612,1028,-424,-13668,110,347,102
89224512,1148,-468,-13544,102,307,112
89230412,1040,-480,-13528,129,316,107
89235212,1036,-512,-13464,69,339,103
89240012,1092,-516,-13488,87,359,101
89244812,1080,-372,-13616,61,354,97
89249612,1092,-436,-13580,83,328,92
89254412,984,-512,-13604,96,376,101
89260312,1068,-404,-13576,106,320,87
89265212,1016,-504,-13572,104,315,93
89270012,1088,-508,-13496,70,342,98
89274812,980,-400,-13380,103,368,114
89373010,1092,-420,-13588,126,335,95
89374610,996,-324,-13488,90,328,99
89469210,1204,-420,-13508,99,325,88
89489911,1076,-444,-13604,96,347,119
89494811,1048,-468,-13520,102,336,105
89499611,1080,-404,-13560,148,300,113
89504411,1112,-380,-13640,73,325,105
89510311,1104,-516,-13672,106,346,88
89515111,1068,-496,-13672,94,359,104
89519911,1016,-452,-13560,89,332,111
89524711,1000,-368,-13516,106,337,106
89529611,1144,-424,-13556,88,348,103
89534411,1004,-376,-13504,110,362,110
89540311,1204,-356,-13408,109,345,112
89545111,1068,-492,-13488,105,334,93
89549911,1064,-488,-13476,94,333,113
89554711,1076,-424,-13664,81,331,119
89559511,1080,-476,-13448,105,309,101
89654212,1128,-448,-13388,103,347,98
89655712,1128,-448,-13388,103,347,98
89732512,1064,-384,-13736,97,332,82
89735112,1072,-444,-13564,124,314,94
89740012,992,-536,-13400,111,351,114
89744812,1160,-448,-13580,112,325,94
89749612,1052,-480,-13564,123,367,109
89754412,1116,-440,-13744,88,305,111
89760312,1076,-352,-13448,101,337,111
89765112,964,-488,-13588,90,348,105
89769912,988,-412,-13584,113,356,109
89774712,1104,-400,-13428,114,306,105
89779612,1148,-488,-13588,109,337,104
89784412,1012,-304,-13652,79,340,108
89790312,1020,-508,-13584,88,327,113
89795112,1028,-360,-13544,113,369,82
89799912,1068,-424,-13540,93,334,79
89804712,1136,-396,-13588,101,321,113
89896112,1040,-468,-13548,115,343,106
89900012,1116,-448,-13472,77,346,118
89904812,920,-388,-13712,123,324,107
89909612,1040,-464,-13356,76,339,122
89985511,1004,-440,-13492,99,340,103
89998912,1044,-492,-13652,104,299,114
90000412,1044,-492,-13652,104,299,114
90005312,1084,-484,-13716,74,335,74
90010112,1144,-528,-13556,94,328,115
90014912,1084,-420,-13584,80,365,100
90019812,1120,-372,-13604,98,344,105
90024612,1116,-388,-13644,76,339,97
90029412,1076,-364,-13496,111,353,82
90035312,1108,-420,-13588,121,340,89
90040112,1052,-476,-13528,85,329,109
90044912,1084,-364,-13640,110,353,102
90049712,1044,-440,-13556,87,331,88
90054512,976,-400,-13452,92,354,108
90059412,1036,-524,-13636,79,321,94
90150512,1036,-524,-13636,79,321,94
90155412,1100,-412,-13500,119,324,109
90160212,1060,-384,-13572,96,320,98
90165112,1148,-420,-13672,108,328,86
90169912,1116,-348,-13592,99,346,101
90244211,1016,-480,-13592,94,337,95
90245711,1016,-480,-13592,94,337,95
90249611,996,-592,-13612,85,327,103
90254411,1072,-408,-13688,72,318,97
90260311,1100,-404,-13520,91,345,82
90265111,1032,-368,-13796,93,351,102
90269911,1128,-408,-13480,102,360,116
90274711,1064,-504,-13500,123,326,105
90279611,1084,-368,-13512,103,302,117
90284411,1076,-516,-13556,83,338,100
90290311,1012,-488,-13468,80,349,89
90295111,1032,-400,-13688,110,339,106
90299911,1120,-532,-13432,122,339,90
90413812,1132,-460,-13620,111,334,96
90415412,1132,-460,-13620,111,334,96
90420312,1180,-348,-13516,86,336,113
90425112,1144,-484,-13548,95,324,117
90445711,1048,-548,-13676,104,335,84
90449411,1068,-460,-13444,113,340,111
90455411,1096,-464,-13508,93,364,114
90529712,1044,-520,-13452,65,349,109
90534612,1132,-424,-13648,129,313,105
90539512,1156,-444,-13504,98,339,104
90545412,1088,-616,-13660,94,337,113
90550212,996,-436,-13408,76,357,111
90555012,1080,-440,-13704,96,337,90
90559812,1080,-364,-13548,123,337,91
90564612,1164,-364,-13584,66,315,63
90569412,1096,-436,-13696,104,359,126
90575312,1172,-336,-13720,88,331,112
90580212,1056,-500,-13496,112,350,97
90671510,1072,-472,-13600,107,328,117
90675410,956,-440,-13464,77,329,95
90680211,1020,-384,-13556,96,349,119
90685011,1204,-372,-13712,93,347,105
90689811,948,-384,-13540,109,338,118
90694711,1020,-436,-13596,115,316,88
90699511,1052,-472,-13676,77,340,116
90705411,1020,-504,-13644,97,366,81
90710211,1100,-312,-13612,107,338,74
90784312,1040,-360,-13548,113,354,105
90785812,1040,-360,-13548,113,354,105
90789612,1172,-400,-13564,93,328,97
90794412,1052,-452,-13644,98,315,98
90800412,1064,-404,-13592,81,329,108
90805212,976,-420,-13544,123,348,74
90810012,1060,-436,-13592,104,335,108
90814812,1008,-460,-13608,101,332,103
90819612,1072,-456,-13548,113,327,93
90910010,1128,-420,-13704,104,347,87
90915111,1048,-444,-13492,116,359,97
90919911,1064,-384,-13648,106,342,112
90924811,1036,-420,-13796,92,319,108
90934810,1060,-388,-13592,115,349,74
90939610,1028,-400,-13556,124,359,88
90944512,1016,-440,-13532,79,328,93
90950412,964,-432,-13340,90,314,105
90955212,1088,-448,-13412,84,352,121
90960012,1000,-508,-13564,114,323,104
90964812,1148,-548,-13444,76,310,116
91039510,1092,-452,-13616,88,369,83
91044610,1032,-392,-13412,113,351,108
91049511,1088,-468,-13632,98,307,113
91055411,984,-528,-13520,98,348,102
91060211,948,-420,-13564,94,352,103
91065011,1060,-512,-13548,98,319,94
91157512,1024,-412,-13672,134,292,98
91160312,972,-528,-13512,111,320,110
91165212,1032,-584,-13556,98,362,98
91170012,1008,-404,-13744,83,359,114
91174812,1088,-344,-13512,120,288,114
91179612,1000,-276,-13304,127,326,113
91184412,1128,-300,-13432,80,397,100
91190312,1184,-400,-13636,108,361,107
91195112,1116,-304,-13680,88,301,105
91199912,984,-508,-13644,114,323,97
91204812,1024,-500,-13520,89,360,100
91209612,1056,-512,-13752,96,363,115
91214412,1040,-332,-13656,98,321,95
91220312,1032,-404,-13608,98,331,97
91294512,1224,-428,-13448,120,318,81
91299412,1136,-336,-13724,103,347,94
91305312,1024,-480,-13464,76,331,92
91419511,980,-748,-13548,-155,353,82
91424511,1168,-508,-12940,212,570,93
91445210,972,-588,-13868,-17,158,91
91450010,1104,-344,-13228,315,570,116
91454812,1068,-608,-14068,-56,78,100
91459612,1028,-380,-12764,217,358,94
91464412,1100,-532,-14100,-22,336,102
91470312,1080,-452,-13724,152,400,91
91475112,1048,-436,-13468,80,329,110
91479912,984,-432,-13600,125,261,101
91484812,932,-432,-13292,53,453,92
91489612,1240,-536,-14128,78,325,67
91494412,1060,-388,-13252,146,332,106
91500312,1208,-440,-13616,94,271,96
91505112,1068,-452,-13044,90,410,84
91509912,1204,-492,-14068,83,353,107
91514712,1044,-364,-13744,108,301,102
91679812,1024,-368,-13700,133,368,93
91684812,1120,-464,-13540,104,324,80
91689712,1116,-432,-13568,118,315,111
91694512,992,-516,-13524,85,350,95
91700412,1060,-444,-13508,87,362,84
91705212,1068,-392,-13676,103,355,81
91710012,928,-436,-13560,89,338,96
91714812,984,-368,-13460,107,319,102
91719612,1216,-460,-13576,129,335,100
91724412,1124,-420,-13432,89,352,107
91730412,1132,-428,-13508,111,305,92
91735212,1144,-480,-13532,123,355,107
91740012,984,-472,-13496,95,333,99
91744812,964,-556,-13632,71,348,81
91749612,1104,-400,-13512,87,328,109
91754412,996,-492,-13488,107,361,90
91844110,1100,-376,-13440,118,337,109
91845712,1032,-436,-13744,107,337,104
91849412,1124,-388,-13464,100,350,99
91855312,952,-456,-13668,93,361,107
91929469,1056,-384,-13336,98,336,108
91943011,956,-436,-13656,114,327,87
91944511,1064,-436,-13572,131,312,108
91949411,1044,-548,-13540,91,312,105
91955311,1100,-384,-13640,78,365,97
91960111,1096,-400,-13620,103,342,110
91964911,1100,-384,-13476,122,342,103
91969711,1004,-484,-13496,119,303,103
91974511,1000,-412,-13580,86,351,108
91979411,992,-404,-13568,89,353,93
91985311,992,-496,-13460,115,344,100
91990111,1120,-380,-13556,109,358,108
91994911,1176,-352,-13684,98,317,81
91999711,1056,-440,-13412,91,317,100
92004511,1008,-448,-13624,133,338,118
92094010,1004,-380,-13652,79,339,97
92095610,1020,-460,-13628,122,349,82
92100412,1140,-416,-13420,110,318,108
92105212,1032,-472,-13600,102,322,111
92110012,1164,-448,-13440,106,344,77
92184712,996,-384,-13644,109,360,106
92189612,1100,-524,-13364,80,359,91
92194412,1100,-524,-13364,80,359,91
92200312,1016,-468,-13684,126,306,113
92205212,1180,-416,-13612,112,321,94
92210012,1088,-392,-13488,122,327,95
92214812,976,-500,-13620,99,327,106
92219612,948,-476,-13536,112,354,113
92224412,948,-476,-13536,112,354,113
92230312,1028,-404,-13532,125,318,111
92235112,1076,-392,-13580,88,327,93
92239912,1080,-516,-13592,98,339,83
92331611,1024,-432,-13696,106,351,112
92334411,1024,-432,-13696,106,351,112
92340311,960,-504,-13592,126,343,93
92345111,1056,-388,-13648,87,336,95
92349911,1024,-404,-13568,104,346,108
92354811,1088,-388,-13596,88,330,90
92359611,1080,-592,-13588,105,338,97
92364411,1080,-592,-13588,105,338,97
92462710,1088,-324,-13620,108,342,112
92476210,1128,-404,-13468,97,338,108
92479910,1152,-420,-13776,94,324,105
92484712,1072,-404,-13436,112,325,82
92489512,1072,-404,-13436,112,325,82
92495412,1012,-384,-13760,108,360,87
92500212,976,-380,-13532,118,359,88
92505012,1108,-324,-13572,101,357,102
92509812,1140,-384,-13608,100,307,95
92514712,1044,-380,-13664,123,328,96
92605510,1092,-476,-13656,132,309,109
92609411,1092,-476,-13656,132,309,109
92615311,1052,-468,-13644,95,336,87
92620111,992,-412,-13688,88,364,105
92624911,1148,-464,-13448,126,340,100
92629711,1032,-336,-13520,122,341,108
92634511,1032,-336,-13520,122,341,108
92640411,1068,-364,-13496,84,348,82
92645211,1108,-392,-13588,100,349,104
92650111,1056,-508,-13492,86,334,102
92725210,1056,-436,-13644,96,331,105
92730110,1072,-364,-13524,89,353,85
92735012,1048,-380,-13576,91,330,97
92739812,1064,-400,-13552,125,333,95
92744612,1064,-400,-13552,125,333,95
92749412,1024,-416,-13404,101,327,95
92755312,1108,-392,-13520,106,333,105
92843610,1108,-392,-13520,106,333,105
92845212,1124,-420,-13588,93,332,98
92850112,1136,-384,-13520,92,343,91
92854912,1052,-400,-13516,87,329,80
92859712,1108,-496,-13572,103,358,95
92864512,1108,-496,-13572,103,358,95
92869412,1024,-420,-13588,125,324,88
92875312,1064,-480,-13608,106,324,122
92880112,1072,-472,-13608,87,352,113
92884912,984,-448,-13588,116,339,114
92889712,1104,-432,-13664,99,348,121
92894512,1104,-432,-13664,99,348,121
92900412,1060,-432,-13632,99,316,98
92974512,1040,-388,-13448,119,324,109
92991711,1028,-340,-13520,108,361,95
92995411,1128,-496,-13496,118,328,104
93000211,1076,-516,-13532,106,324,97
93005011,976,-380,-13540,128,323,92
93098012,984,-468,-13536,123,337,87
93099612,984,-468,-13536,123,337,87
93104412,1108,-408,-13340,104,344,101
93110312,1044,-432,-13564,90,341,96
93115112,1112,-452,-13652,95,356,93
93119912,1120,-456,-13404,68,356,118
93124712,1120,-456,-13404,68,356,118
93129512,1016,-460,-13528,117,352,93
93135412,1032,-364,-13540,104,316,106
93140312,1140,-368,-13484,81,364,97
93145112,1024,-420,-13584,103,359,101
93149912,1000,-380,-13468,113,328,107
93154712,1000,-380,-13468,113,328,107
93159512,988,-420,-13628,88,313,100
93165412,1052,-508,-13644,79,338,90
93242010,1044,-436,-13460,110,333,77
93244715,1044,-436,-13460,110,333,77
93249512,1076,-460,-13656,100,321,90
93338610,1076,-460,-13656,100,321,90
93340210,1060,-360,-13596,100,352,94
93345011,1020,-448,-13604,121,336,83
93349811,1020,-448,-13604,121,336,83
93354611,1108,-364,-13616,98,332,101
93359511,1128,-424,-13424,89,344,69
93365411,1088,-404,-13572,105,333,92
93370211,1056,-412,-13696,122,339,113
93375011,1028,-536,-13436,93,324,106
93379811,1028,-536,-13436,93,324,106
93384611,1088,-504,-13756,85,332,110
93389411,1120,-420,-13604,129,344,103
93395311,1132,-400,-13476,114,327,96
93400211,992,-592,-13664,89,348,91
93405011,1048,-440,-13584,94,360,89
93409811,1048,-440,-13584,94,360,89
93414611,1052,-440,-13480,96,334,95
93603511,1172,-588,-13520,114,359,110
93618112,1052,-468,-13692,101,326,87
93619612,1052,-468,-13692,101,326,87
93624412,1180,-408,-13580,97,324,87
93630312,1080,-340,-13584,89,307,87
93635112,1024,-552,-13500,99,303,87
93639912,1024,-552,-13500,99,303,87
93644812,1016,-352,-13620,109,321,121
93649612,1092,-332,-13552,102,348,87
93654412,1080,-520,-13712,99,313,82
93660312,1004,-504,-13504,109,333,92
93665112,1032,-624,-13500,113,328,103
93669912,1032,-624,-13500,113,328,103
93674712,1024,-484,-13532,122,312,98
93679512,1116,-424,-13624,106,342,115
93684412,1036,-444,-13588,83,326,104
93690312,1032,-460,-13604,98,353,95
93781610,1080,-424,-13528,111,309,102
93785310,1012,-496,-13632,104,335,97
93790212,1020,-416,-13528,105,317,107
93864911,1144,-556,-13548,117,326,94
93869811,1064,-348,-13624,94,344,90
93874711,1060,-440,-13580,99,323,99
93879511,996,-452,-13612,117,346,103
93885411,952,-488,-13440,92,320,99
93890211,1060,-420,-13436,107,323,102
93895011,1060,-420,-13436,107,323,102
93899811,1076,-400,-13540,92,329,95
93904711,1124,-428,-13556,112,336,97
93909511,964,-472,-13528,125,328,71
93915411,1088,-324,-13560,110,329,104
93920211,1004,-396,-13452,89,352,97
93925011,1004,-396,-13452,89,352,97
93934812,1072,-364,-13568,91,335,102
93939712,1080,-524,-13472,97,341,99
94028979,1080,-524,-13472,97,341,99
94030510,1072,-436,-13556,107,333,103
94035310,1140,-448,-13564,95,342,107
94040112,1140,-448,-13564,95,342,107
94044912,1068,-472,-13496,128,348,100
94118812,1080,-416,-13536,83,368,108
94120412,956,-448,-13620,93,327,111
94125212,1008,-528,-13512,131,334,108
94130012,1008,-528,-13512,131,334,108
94134812,996,-408,-13700,116,361,114
94139612,1100,-556,-13420,95,336,80
94144412,996,-368,-13380,109,320,113
94150412,1024,-332,-13600,95,348,100
94155212,968,-420,-13488,98,308,122
94160012,968,-420,-13488,98,308,122
94164812,996,-428,-13536,119,345,97
94169612,1056,-468,-13444,122,327,104
94174412,1060,-416,-13656,89,318,99
94267212,1180,-408,-13480,88,327,105
94270012,1180,-408,-13480,88,327,105
94274912,1028,-508,-13644,100,336,89
94279712,1028,-456,-13468,75,312,107
94284512,1028,-468,-13616,87,340,89
94290412,1076,-444,-13572,96,323,101
94295212,1076,-444,-13572,96,323,101
94369610,960,-404,-13620,96,333,116
94374810,988,-372,-13472,83,337,111
94379610,1064,-488,-13512,96,312,99
94384410,1060,-412,-13448,91,308,91
94390311,1044,-332,-13544,93,338,91
94395111,1044,-332,-13544,93,338,91
94399911,1140,-456,-13380,114,331,113
94404811,1036,-496,-13404,119,347,89
94409611,1096,-432,-13556,104,342,75
94414411,976,-484,-13656,87,332,110
94505410,1024,-444,-13492,103,347,75
94522611,1132,-472,-13404,105,317,86
94525211,1132,-472,-13404,105,317,86
94530111,1112,-400,-13588,106,352,116
94534911,1076,-428,-13616,88,325,83
94539711,1072,-424,-13532,112,313,93
94544511,1100,-424,-13576,90,317,87
94550411,944,-328,-13644,107,371,92
94555211,944,-328,-13644,107,371,92
94560111,1212,-484,-13552,89,347,87
94658110,1004,-448,-13528,120,312,100
94659710,1004,-448,-13528,120,312,100
94664612,1080,-468,-13516,119,304,92
94669412,1016,-328,-13748,90,333,104
94675312,1048,-500,-13668,95,326,101
94680212,976,-456,-13408,101,363,98
94685012,1092,-380,-13592,124,341,98
94689812,1048,-392,-13508,125,328,108
94694612,1036,-436,-13528,94,317,80
94783010,1036,-436,-13528,94,317,80
94784612,1036,-436,-13528,94,317,80
94789412,1052,-452,-13568,110,321,86
94795312,1032,-436,-13396,112,334,105
94800112,1060,-440,-13524,92,358,113
94804912,984,-432,-13412,103,356,87
94809712,976,-532,-13452,132,316,97
94814612,1100,-436,-13536,89,311,83
94819412,1032,-480,-13740,99,329,89
94825312,1164,-476,-13628,96,338,69
94830112,1084,-412,-13524,98,347,109
94904010,1108,-452,-13524,91,341,100
94905510,1004,-464,-13480,85,340,86
94910412,1004,-464,-13480,85,340,86
94915212,1072,-468,-13696,86,355,97
94920012,1092,-520,-13548,120,341,84
94924812,1040,-504,-13628,101,321,97
94945511,1044,-432,-13548,111,312,91
94950411,1044,-432,-13548,111,312,91
95040210,1132,-356,-13696,97,342,110
95045010,1036,-464,-13524,72,334,107
95049810,1060,-460,-13576,90,343,105
95054712,1060,-476,-13696,122,339,94
95059512,1156,-412,-13440,84,337,108
95065412,1024,-428,-13584,116,331,129
95070212,1148,-332,-13468,91,327,104
95075012,1080,-424,-13548,86,340,86
95079812,1200,-452,-13492,89,334,90
95084612,1052,-476,-13428,83,326,101
95089412,984,-380,-13588,106,334,87
95095412,1040,-428,-13444,113,358,81
95169312,1084,-560,-13460,90,345,110
95170812,1068,-416,-13512,130,351,99
95174612,1068,-416,-13512,130,351,99
95179412,1132,-412,-13440,113,342,90
95185412,1084,-476,-13568,85,323,105
95276511,1056,-520,-13468,143,340,112
95280411,1056,-520,-13468,143,340,112
95285211,1032,-448,-13480,125,357,92
95290011,1044,-440,-13552,87,327,92
95294811,980,-436,-13592,86,332,81
95299611,1088,-332,-13676,97,332,106
95304411,1108,-508,-13448,80,331,113
95310311,1064,-424,-13544,101,346,111
95315111,1060,-416,-13652,100,341,83
95320011,1184,-448,-13540,111,304,105
95324811,1064,-464,-13436,85,333,106
95329611,1128,-528,-13472,101,332,105
95334411,920,-504,-13492,121,340,83
95340311,1124,-444,-13588,99,339,121
95345111,1032,-448,-13584,88,332,93
95419712,1040,-444,-13452,84,343,80
95424612,1092,-388,-13712,95,349,105
95438112,1028,-484,-13564,126,331,113
95529311,1028,-484,-13564,126,331,113
95530911,1112,-420,-13640,84,349,117
95534611,1112,-420,-13640,84,349,117
95539411,1032,-400,-13528,84,338,91
95545311,1088,-360,-13644,117,325,97
95550111,1064,-452,-13516,101,342,107
95554911,1088,-356,-13572,105,318,103
95559711,1072,-456,-13700,86,352,85
95564611,1076,-404,-13556,120,350,102
95569411,1168,-484,-13604,105,344,91
95575311,1052,-564,-13656,93,310,94
95580111,1064,-432,-13600,113,316,108
95584911,996,-352,-13684,96,347,107
95589711,1200,-428,-13664,106,349,100
95594511,1112,-448,-13564,117,346,117
95600411,1052,-380,-13484,116,338,101
95605311,1040,-472,-13504,110,351,117
95795111,1064,-388,-13672,103,347,113
95800111,1044,-484,-13548,102,356,84
95804911,948,-336,-13612,117,352,107
95809711,1092,-424,-13532,128,335,107
95814611,980,-516,-13580,102,329,92
95819411,1100,-400,-13416,88,354,86
95825311,1040,-436,-13440,105,322,98
95830111,1096,-432,-13432,114,351,105
95834911,988,-364,-13476,117,336,92
95839711,1064,-312,-13556,117,356,134
95844511,988,-400,-13540,79,334,93
95850411,1116,-516,-13544,130,329,97
95855311,1056,-492,-13640,104,342,97
95860111,1092,-388,-13408,106,330,100
95864911,1064,-528,-13540,87,336,99
95869711,1012,-456,-13612,108,332,82
95959712,1028,-428,-13656,100,341,79
95973010,1004,-448,-13396,106,330,115
95974510,1004,-448,-13396,106,330,115
95980410,1080,-432,-13496,104,319,79
96054912,1044,-356,-13488,76,351,109
96059912,1068,-460,-13620,112,334,104
96064712,1124,-408,-13360,113,336,95
96069512,1152,-448,-13532,79,323,105
96075412,1140,-424,-13584,73,349,104
96080212,944,-368,-13504,103,361,96
96085012,1084,-468,-13448,110,340,102
96089912,1052,-376,-13416,90,326,99
96094712,1004,-332,-13476,93,329,108
96099512,1176,-456,-13556,118,356,99
96105412,1140,-320,-13416,95,342,100
96110212,1016,-396,-13700,99,337,97
96115012,1076,-340,-13448,92,317,111
96119812,1032,-516,-13700,111,344,107
96210312,1040,-392,-13540,95,330,96
96215412,1044,-476,-13548,84,356,81
96220212,1084,-584,-13572,127,318,113
96225112,1048,-576,-13504,118,339,118
96229912,1040,-428,-13700,112,345,83
96234712,1148,-456,-13748,103,337,86
96309310,980,-508,-13652,105,332,91
96310810,980,-508,-13652,105,332,91
96314612,1108,-428,-13416,100,336,113
96319412,1040,-328,-13592,117,329,104
96325412,988,-508,-13668,117,321,107
96330212,1112,-396,-13540,95,334,110
96335012,1124,-484,-13548,111,339,95
96339812,1084,-424,-13684,109,337,103
96344612,980,-448,-13532,105,334,112
96349412,1180,-388,-13568,82,352,98
96355412,1064,-512,-13604,108,322,77
96360212,1044,-440,-13592,92,363,96
96452412,1144,-480,-13632,108,333,113
96476710,1072,-428,-13548,92,338,96
96480410,1072,-428,-13548,92,338,96
96485212,1088,-400,-13680,114,348,90
96490012,1120,-492,-13492,108,331,108
96494812,984,-496,-13636,81,366,105
96499612,976,-416,-13692,103,337,96
96504412,1088,-432,-13520,113,321,95
96578612,1040,-436,-13568,112,356,82
96580212,1040,-436,-13568,112,356,82
96585012,1112,-428,-13540,108,314,97
96589812,1088,-376,-13536,107,317,97
96594612,1072,-436,-13616,99,342,98
96599412,1076,-456,-13508,92,329,97
96605312,1100,-532,-13576,72,341,114
96610112,1060,-480,-13700,67,339,107
96614912,1168,-364,-13476,81,340,106
96619812,1012,-420,-13464,89,329,83
96624612,1096,-396,-13452,107,328,109
96714015,1096,-396,-13452,107,328,109
96715614,1096,-396,-13452,107,328,109
96719411,996,-552,-13692,110,325,87
96725311,1044,-388,-13428,98,364,123
96730111,1064,-508,-13436,94,320,96
96734911,1032,-436,-13392,107,320,104
96739811,1064,-516,-13424,120,339,105
96744611,1016,-552,-13560,114,336,103
96749411,1104,-444,-13544,92,348,89
96848010,1048,-376,-13504,89,314,107
96849612,1048,-376,-13504,89,314,107
96854512,1012,-484,-13560,89,321,78
96860412,1076,-372,-13628,87,361,77
96865312,1088,-272,-13552,123,329,97
96870112,988,-536,-13604,100,349,97
96874912,1120,-352,-13504,94,307,114
96879712,1080,-424,-13640,117,341,103
96884512,1020,-388,-13460,130,317,86
96976710,968,-452,-13504,105,354,108
96997420,1004,-440,-13560,107,326,94
97000011,1004,-440,-13560,107,326,94
97004811,988,-512,-13428,93,354,91
97009711,1088,-440,-13756,90,350,101
97014511,996,-416,-13476,112,324,83
97020411,1016,-408,-13500,115,325,103
97025211,1100,-380,-13568,92,310,88
97030011,1100,-544,-13648,98,317,109
97034811,1124,-412,-13600,91,334,119
97039611,1108,-432,-13528,99,358,94
97113612,1124,-448,-13476,85,309,106
97115212,1124,-448,-13476,85,309,106
97120012,1076,-380,-13552,81,356,97
97124812,968,-416,-13576,80,350,105
97129712,1232,-428,-13496,119,343,80
97134512,1016,-344,-13616,109,311,96
97140412,1048,-488,-13556,100,306,113
97145212,1084,-416,-13508,119,313,97
97235512,1084,-416,-13508,119,313,97
97240412,1032,-436,-13572,132,321,98
97245312,1080,-432,-13556,86,346,107
97250112,1040,-332,-13580,88,356,95
97254912,1084,-436,-13372,121,339,85
97259712,1064,-444,-13516,102,328,118
97264512,1112,-384,-13480,87,326,121
97270412,1168,-404,-13608,115,327,103
97275212,1044,-520,-13524,100,327,100
97280012,980,-360,-13524,98,339,100
97284912,1120,-460,-13544,122,336,109
97289712,1128,-484,-13620,92,339,84
97364410,1036,-360,-13596,116,328,83
97370410,1104,-384,-13512,102,329,104
97375312,984,-364,-13648,67,305,100
97380112,1012,-424,-13588,94,346,81
97384912,972,-504,-13652,85,337,92
97473810,972,-504,-13652,85,337,92
97501212,1108,-348,-13348,111,340,105
97505012,1040,-544,-13504,106,321,98
97509912,1064,-420,-13676,125,347,86
97514712,1008,-516,-13584,113,331,120
97519512,1024,-336,-13712,110,324,94
97525412,1000,-424,-13564,74,332,110
97530212,1080,-404,-13624,83,352,93
97535012,1032,-432,-13640,117,328,114
97539812,1040,-452,-13324,111,324,85
97544612,1052,-412,-13620,112,315,127
97549512,1100,-448,-13452,88,318,107
97555412,1060,-356,-13472,103,341,95
97560212,1052,-480,-13656,87,347,80
97565012,1080,-400,-13572,58,320,134
97639212,876,-688,-13672,73,415,109
97640712,876,-688,-13672,73,415,109
97644512,1108,-360,-13500,91,353,86
97649412,1112,-400,-13476,144,283,110
97737512,1020,-456,-13504,98,307,126
97740212,1020,-456,-13504,98,307,126
97745012,1012,-492,-13580,57,387,97
97749912,1152,-304,-13616,84,377,101
97754712,1096,-412,-13520,114,351,90
97759512,1000,-652,-13692,140,348,102
97765412,1068,-448,-13536,83,339,90
97770212,1076,-256,-13492,106,295,82
97775012,1076,-448,-13600,118,305,98
97779812,1148,-608,-13604,81,299,90
97784612,1004,-464,-13644,59,368,90
97789512,1076,-284,-13424,56,389,100
97795412,1052,-228,-13464,126,366,80
97800212,1036,-540,-13812,130,306,92
97805012,956,-744,-13756,134,295,116
97809812,1100,-388,-13460,74,313,83
97907810,968,-564,-13628,101,357,98
97910512,1140,-312,-13648,72,380,97
97999711,1140,-312,-13648,72,380,97
98024112,1052,-480,-13548,73,344,118
98025612,1052,-480,-13548,73,344,118
98029412,1204,-244,-13460,92,360,102
98035312,1004,-368,-13440,124,340,98
98040112,1004,-452,-13696,97,336,85
98044912,1080,-428,-13504,76,347,98
98049712,984,-292,-13480,72,331,91
98054512,1112,-336,-13508,109,331,99
98059412,1112,-296,-13392,123,335,86
98065312,1040,-540,-13596,125,300,107
98070112,1092,-476,-13636,105,312,97
98074912,1120,-404,-13592,110,318,90
98079712,1176,-476,-13536,93,320,104
98084512,996,-468,-13660,66,345,121
98090412,1080,-296,-13404,73,377,111
98095212,1096,-424,-13528,83,345,81
98189510,1032,-424,-13340,124,356,96
98265811,928,-408,-13516,96,282,87
98269711,1032,-560,-13584,98,335,113
98274511,1008,-400,-13648,115,346,91
98280411,976,-448,-13428,83,371,89
98285211,1100,-292,-13548,108,327,105
98290011,984,-400,-13380,80,303,100
98294811,1108,-464,-13620,108,344,98
98299611,988,-452,-13544,107,359,89
98304411,1092,-504,-13572,83,332,115
98310411,1120,-412,-13568,110,351,97
98315211,1080,-444,-13716,89,318,107
98320011,992,-432,-13528,113,337,86
98324811,1020,-528,-13528,121,339,91
98329611,1180,-380,-13544,109,328,89
98334411,1032,-520,-13460,102,349,109
98340311,1176,-332,-13564,68,354,111
98429510,1176,-332,-13564,68,354,111
98446711,1088,-544,-13284,127,312,101
98450411,1044,-368,-13672,75,302,112
98455211,1156,-488,-13752,97,366,109
98529512,1036,-536,-13456,111,327,100
98534512,1080,-420,-13484,90,337,91
98540412,972,-468,-13520,101,338,116
98545212,1064,-364,-13568,112,347,89
98550012,1040,-380,-13544,78,307,83
98554912,1052,-432,-13448,109,334,93
98559712,984,-464,-13668,101,298,82
98564512,1052,-372,-13492,83,353,89
98570412,1032,-388,-13616,99,383,114
98575212,984,-568,-13560,116,353,88
98580012,1124,-360,-13480,120,313,86
98584812,1028,-536,-13556,99,283,91
98589612,1236,-508,-13544,69,349,85
98594512,1072,-424,-13536,111,343,111
98683612,1072,-424,-13536,111,343,111
98685212,1072,-424,-13536,111,343,111
98690012,1044,-544,-13400,127,305,120
98694812,1216,-392,-13716,88,319,67
98699612,984,-488,-13652,95,367,112
98704412,1032,-440,-13564,89,341,94
98778512,1124,-360,-13460,92,356,96
98780112,1124,-360,-13460,92,356,96
98784912,968,-516,-13612,106,326,95
98789712,1132,-508,-13656,100,368,99
98794512,1004,-464,-13564,82,335,99
98799412,1052,-472,-13600,103,319,98
98805312,1016,-392,-13532,134,364,101
98810112,1128,-408,-13648,80,343,97
98814912,1104,-440,-13352,145,331,90
98819712,992,-372,-13396,107,331,95
98824512,996,-472,-13492,44,311,86
98830412,1076,-432,-13592,89,355,92
98944116,1060,-352,-13440,78,334,96
98959912,944,-400,-13492,137,338,86
98964812,1052,-344,-13444,88,307,120
98969612,1132,-408,-13556,69,333,96
98974512,996,-424,-13564,103,326,108
98980412,1172,-432,-13448,125,347,94
98985212,1104,-572,-13672,120,356,92
98990012,1016,-392,-13660,106,313,106
99063711,1088,-504,-13724,105,344,111
99065311,1088,-504,-13724,105,344,111
99070111,1112,-396,-13356,107,338,104
99074911,1032,-440,-13540,109,333,83
99079711,1080,-328,-13444,98,340,88
99084511,1084,-516,-13728,92,314,106
99090411,1060,-328,-13636,111,326,111
99095211,1176,-504,-13692,100,346,74
99100111,1096,-476,-13608,104,334,114
99104911,1104,-396,-13612,93,332,111
99196110,1072,-576,-13564,74,327,90
99199810,1040,-368,-13524,98,364,113
99204712,1064,-564,-13572,83,339,89
99209512,1124,-388,-13544,106,326,116
99215412,936,-376,-13644,87,334,83
99220212,1132,-452,-13516,95,361,85
99225012,1016,-420,-13588,96,359,91
99229812,1140,-496,-13528,106,305,99
99234612,1148,-452,-13408,113,311,100
99239412,980,-392,-13536,90,316,114
99316121,1004,-416,-13596,121,345,88
99320212,1148,-452,-13504,113,353,66
99325012,1148,-312,-13676,99,363,115
99329812,1056,-536,-13520,100,345,88
99334612,1112,-476,-13564,112,339,93
99339412,980,-464,-13432,93,345,110
99345312,1024,-480,-13608,82,351,103
99435911,1060,-444,-13316,93,355,80
99450612,1064,-440,-13628,109,335,118
99454412,1040,-484,-13572,82,343,109
99460412,1088,-444,-13628,110,343,105
99465212,1128,-432,-13520,102,331,87
99470012,1044,-448,-13632,114,312,105
99474812,1092,-468,-13612,75,317,96
99479612,1088,-332,-13712,91,361,106
99484412,1108,-412,-13556,113,326,104
99490312,1124,-320,-13620,105,326,103
99495112,1080,-492,-13424,98,323,117
99500012,1176,-432,-13652,108,325,110
99504812,1012,-492,-13484,83,346,100
99580610,984,-448,-13692,103,341,82
99585410,988,-432,-13568,80,341,116
99590212,1112,-400,-13656,99,346,104
99595012,1044,-392,-13596,104,348,92
99599812,976,-456,-13584,91,341,85
99694410,976,-456,-13584,91,341,85
99700412,1108,-468,-13500,124,349,115
99705212,968,-400,-13552,118,329,83
99710012,1200,-480,-13556,75,339,110
99714912,1136,-420,-13608,101,330,112
99719712,1092,-432,-13592,110,340,106
99724512,1100,-504,-13688,106,343,93
99730412,1104,-440,-13532,86,334,71
99735212,988,-368,-13484,92,310,78
99740012,992,-512,-13604,101,352,102
99744812,1068,-480,-13540,114,361,102
99749612,1144,-424,-13340,109,343,107
99754512,1040,-468,-13576,93,341,97
99760412,1032,-408,-13548,102,311,107
99765212,1092,-460,-13536,100,343,89
99839311,1060,-436,-13404,104,335,96
99840911,1060,-436,-13404,104,335,96
99956610,1068,-468,-13460,123,325,100
99973910,1044,-408,-13556,108,355,89
99975410,1044,-408,-13556,108,355,89
99980312,1200,-476,-13528,82,337,100
99985112,1020,-480,-13664,106,343,102
99989912,1048,-444,-13604,106,324,113
99994712,1104,-484,-13564,91,317,98
99999512,1040,-488,-13576,96,360,101
100005412,1084,-536,-13496,113,343,101
100010312,1092,-412,-13468,98,338,86
100015112,1024,-488,-13576,118,325,84
100019912,1028,-416,-13472,125,335,91
100024712,996,-324,-13420,86,338,89
100029512,1064,-416,-13504,102,348,94
100035412,1068,-368,-13588,92,340,92
100040212,1060,-356,-13700,93,329,124
100045012,1152,-392,-13464,70,324,101
100141312,996,-400,-13456,111,344,94
100219010,984,-492,-13524,105,350,103
100220612,984,-492,-13524,105,350,103
100225412,988,-508,-13548,118,321,103
100230312,1024,-428,-13392,91,343,85
100235112,1052,-460,-13576,95,326,80
100239912,1004,-476,-13564,121,324,92
100244712,1080,-428,-13520,94,308,89
100249512,1148,-348,-13648,92,338,96
100255412,992,-456,-13608,90,357,101
100260312,1108,-516,-13640,117,316,110
100265112,1112,-484,-13404,101,340,110
100269912,988,-412,-13700,82,338,105
100274712,1020,-368,-13604,93,344,113
100279512,1124,-424,-13552,90,342,104
100285412,1124,-384,-13504,115,322,79
100290212,1140,-324,-13628,107,336,84
100388110,1040,-456,-13532,107,328,102
100389710,1040,-456,-13532,107,328,102
100394512,1068,-568,-13540,99,345,85
100400412,1048,-424,-13572,105,336,80
100476312,1100,-500,-13540,95,352,107
100500810,1080,-516,-13784,95,317,91
100504510,1076,-472,-13648,108,333,97
100509411,980,-412,-13564,87,334,105
100515311,1008,-428,-13524,109,356,96
100520111,1144,-468,-13536,122,338,91
100524911,1064,-488,-13520,112,319,93
100529711,1064,-420,-13472,96,349,105
100534511,1176,-384,-13612,111,362,96
100540411,1084,-404,-13580,104,339,75
100545211,1040,-432,-13508,132,354,100
100550111,1060,-432,-13532,86,340,94
100554911,1024,-492,-13572,69,313,88
100559711,1124,-488,-13468,104,357,93
100656810,1036,-408,-13652,108,370,93
100659519,1140,-340,-13544,93,331,88
100665412,1120,-456,-13744,83,355,99
100670212,1148,-484,-13552,103,320,75
100675012,1160,-472,-13552,91,318,128
100679812,1040,-416,-13708,87,344,94
100755710,1028,-400,-13428,99,323,107
100759510,1048,-460,-13444,95,318,122
100765410,1028,-536,-13444,92,328,108
100770311,1024,-392,-13496,90,320,97
100775111,1044,-428,-13464,115,325,94
100779911,1064,-424,-13552,85,328,105
100784711,1036,-472,-13568,108,347,83
100789511,992,-440,-13616,95,343,87
100795411,1048,-532,-13624,99,326,94
100800211,1088,-436,-13680,91,327,100
100805011,1224,-436,-13476,103,340,98
100903312,1008,-420,-13472,91,358,123
100904912,1008,-420,-13472,91,358,123
100909812,1040,-380,-13660,97,340,67
100914612,1116,-408,-13512,105,347,100
100919412,1116,-340,-13428,112,353,90
100925312,1000,-424,-13412,77,330,105
100959411,1032,-440,-13616,93,343,92
100965311,1004,-348,-13648,106,320,108
100970111,1060,-380,-13520,119,337,113
101046112,1004,-448,-13408,115,353,111
101050012,1064,-432,-13508,97,316,102
101054812,1016,-396,-13460,116,317,106
101059612,952,-364,-13584,90,348,114
101064412,1084,-456,-13520,127,349,107
101070312,916,-504,-13512,105,339,89
101075112,1040,-512,-13676,95,325,121
101079912,1132,-480,-13548,128,338,118
101084712,1064,-352,-13588,109,337,100
101182412,1140,-516,-13708,101,359,108
101185113,1192,-448,-13616,104,359,96
101189912,1064,-452,-13688,111,331,79
101194712,1008,-360,-13616,111,316,113
101199512,1092,-456,-13564,103,321,111
101205412,1128,-240,-13508,88,343,108
101210212,1040,-584,-13692,108,331,102
101215112,1076,-300,-13544,97,356,116
101219912,1168,-388,-13584,121,319,88
101224712,1084,-388,-13508,68,335,107
101229512,1048,-312,-13344,84,335,67
101306510,1048,-552,-13556,91,348,95
101310410,1040,-464,-13652,86,320,84
101315212,1140,-540,-13568,88,326,116
101320012,1052,-496,-13644,88,350,87
101324812,1056,-440,-13420,107,354,103
101329712,1100,-476,-13680,100,342,104
101334512,980,-452,-13628,91,335,95
101430510,980,-452,-13628,91,335,95
101451012,1044,-512,-13620,112,344,90
101454712,1064,-464,-13584,115,345,110
101459512,1060,-456,-13444,114,306,90
101465412,1012,-364,-13536,94,328,101
101470212,1060,-380,-13608,103,323,92
101475012,964,-460,-13752,115,333,111
101479812,1124,-448,-13492,111,319,84
101484612,1092,-436,-13572,107,355,113
101489512,1192,-312,-13608,105,332,98
101495412,972,-504,-13476,73,334,95
101500212,1120,-428,-13580,87,341,104
101505012,1044,-484,-13596,120,349,95
101580912,1020,-408,-13644,107,327,100
101584812,1120,-468,-13556,107,335,75
101589612,1132,-368,-13588,77,329,93
101594412,1060,-420,-13516,82,334,107
101600312,984,-428,-13564,104,350,114
101696377,984,-428,-13564,104,350,114
101700212,1108,-340,-13556,113,322,93
101705012,1104,-500,-13548,91,337,107
101709912,1152,-356,-13652,104,353,102
101714712,1156,-504,-13456,115,353,98
101719512,1120,-372,-13672,86,362,99
101725412,1132,-384,-13572,68,361,86
101730212,1016,-488,-13600,88,349,94
101735012,1064,-456,-13496,102,325,113
101739812,1040,-452,-13600,107,354,83
101744612,1104,-428,-13532,83,320,108
101749512,1000,-400,-13752,102,322,115
101755412,1128,-504,-13492,105,341,93
101760212,972,-456,-13676,109,349,104
101765012,1016,-480,-13504,101,353,115
101841411,1088,-508,-13524,104,323,92
101845311,1092,-432,-13432,107,334,92
101967910,1168,-400,-13600,111,340,109
101982411,1128,-456,-13668,128,332,87
101985011,1108,-496,-13600,101,345,100
101989811,1000,-508,-13668,87,338,90
101994611,1056,-416,-13612,109,321,101
101999411,1104,-460,-13524,99,296,101
102005311,1076,-464,-13576,124,328,99
102010111,984,-340,-13572,90,346,76
102015011,1160,-452,-13468,119,351,77
102019811,1052,-456,-13564,96,337,84
102024611,1032,-540,-13380,107,333,107
102029411,1072,-376,-13604,85,326,107
102035311,1016,-332,-13560,97,341,100
102040111,1152,-396,-13652,97,336,101
102044911,1084,-388,-13380,95,352,116
102049711,1004,-472,-13476,108,352,112
102054611,1076,-352,-13532,105,360,96
102153010,1072,-396,-13516,90,320,104
102233219,1136,-384,-13544,99,336,91
102234819,1080,-400,-13500,89,324,96
102239812,1080,-456,-13600,75,333,112
102244612,1008,-348,-13672,86,345,96
102249412,992,-316,-13440,289,313,109
102255312,1192,-1712,-12164,754,937,73
102260112,1140,624,-14952,-238,125,40
102265012,1124,-740,-14004,316,666,121
102269812,1088,-568,-13116,56,-280,77
102274612,628,-552,-11512,204,499,77
102279412,1200,44,-14304,234,850,85
102285312,1420,-1120,-13944,-281,490,71
102290112,1392,-192,-15388,117,-245,77
102294912,680,-424,-12396,413,41,118
102299712,832,-772,-11536,-132,438,100
102304612,1176,-284,-14080,33,1015,79
102402810,1088,-468,-13544,108,374,89
102405410,1084,-456,-13536,110,285,88
102410212,1148,-432,-13476,139,319,100
102415012,1084,-416,-13648,80,323,92
102491211,1068,-392,-13396,116,346,94
102504412,1132,-420,-13356,100,341,119
102510312,1148,-456,-13568,80,366,102
102515212,1112,-516,-13632,100,365,111
102520012,1044,-408,-13648,114,313,118
102524812,832,-500,-13548,100,313,105
102529612,1072,-392,-13584,92,321,114
102534412,1212,-464,-13504,94,361,91
102540312,1160,-432,-13508,101,336,84
102545112,1028,-444,-13620,106,301,84
102549912,956,-472,-13556,70,336,108
102554812,1080,-460,-13420,115,338,104
102559612,1060,-456,-13700,98,328,89
102564412,1112,-468,-13568,94,335,99
102661311,1020,-392,-13628,100,331,100
102665111,1140,-528,-13540,103,328,83
102669911,1116,-404,-13472,97,293,109
102674811,1148,-424,-13644,107,369,93
102679611,1020,-520,-13568,115,344,105
102684411,1048,-480,-13668,114,339,83
102760812,1012,-492,-13612,120,315,98
102764512,768,84,-13736,-221,203,81
102770412,992,-60,-14196,174,400,72
102775212,1264,-1064,-12800,115,114,101
102780012,788,-192,-13532,70,516,100
102784812,1188,-428,-14416,-53,116,76
102789612,1024,-800,-13148,241,452,128
102794412,952,-528,-13424,30,192,90
102800412,1100,-460,-13256,181,449,92
102805212,1040,-640,-13784,-59,461,102
102810012,1108,-296,-14476,227,236,89
102907111,1072,-424,-13740,97,335,112
102909911,1056,-420,-13616,93,364,110
102914711,368,44,-13976,202,257,97
102919511,312,-444,-14576,122,1337,78
102925411,1400,308,-13424,357,-381,44
102970010,1048,-712,-14100,199,1285,73
102975010,1528,-368,-14708,-182,417,98
102979812,1304,-204,-15496,344,-569,111
102984612,616,-456,-11652,112,-36,100
103060712,912,-456,-13068,38,575,94
103064512,1176,-400,-14168,77,492,102
103070412,1256,-356,-13784,126,210,111
103075212,1036,-340,-13448,134,230,90
103080012,852,-468,-13212,99,373,66
103084812,1024,-384,-13660,73,420,99
103089612,1144,-384,-13656,110,320,105
103094512,1180,-432,-13560,99,290,101
103100412,1044,-392,-13392,97,317,106
103197112,1072,-412,-13524,95,347,118
103199912,996,-468,-13568,113,362,103
103204712,1144,-444,-13752,97,347,113
103209512,1008,-460,-13616,108,304,93
103215412,924,-492,-13520,102,346,117
103220212,1076,-424,-13560,97,355,87
103225012,1152,-460,-13688,91,363,103
103229912,1040,-400,-13612,114,313,117
103234712,968,-492,-13452,82,324,94
103239512,1084,-456,-13596,77,371,110
103245412,1180,-452,-13568,125,361,89
103321312,1024,-344,-13512,110,313,89
103325212,1064,-424,-13476,98,351,112
103330012,1084,-380,-13504,78,333,97
103334812,1132,-396,-13708,114,317,112
103339612,1060,-488,-13548,99,324,67
103344512,1064,-472,-13480,92,348,104
103443810,1064,-420,-13520,94,329,96
103468110,972,-460,-13632,97,359,114
103469610,1084,-424,-13628,112,336,102
103474512,1060,-416,-13568,91,354,103
103480412,1152,-476,-13640,98,340,96
103485212,1000,-328,-13364,105,307,99
103490112,940,-176,-13580,85,346,105
103494912,1544,-2256,-11552,632,573,104
103499712,1932,28,-15616,-527,123,31
103504512,268,-896,-13292,351,687,133
103510412,1264,-384,-13876,118,-458,69
103515212,924,-652,-10748,263,465,102
103520012,956,-84,-14404,43,957,103
103524812,1096,-196,-13932,-236,491,101
103601111,1228,-504,-13584,118,257,94
103605111,1004,-464,-13464,115,253,92
103609911,912,-544,-13180,47,401,97
103614711,1048,-368,-14168,111,364,98
103714010,1120,-428,-13640,91,413,89
103715612,1120,-428,-13640,91,413,89
103720412,1180,-416,-13648,102,264,100
103725212,964,-468,-13376,104,276,94
103730112,1000,-444,-13284,87,358,113
103734912,1156,-464,-13624,89,414,89
103739712,1152,-408,-13736,84,315,87
103744512,1076,-456,-13584,99,274,111
103750412,1000,-520,-13496,120,304,114
103755212,1244,-488,-13488,80,371,86
103760012,1080,-416,-13604,100,335,103
103764812,1056,-324,-13520,111,311,89
103769712,1004,-472,-13552,102,322,101
103774512,992,-504,-13588,87,361,96
103780412,1112,-432,-13580,93,350,94
103785212,1032,-456,-13484,100,321,100
103861112,1116,-392,-13480,87,346,102
103865012,968,-392,-13640,115,304,95
103985010,1052,-540,-13432,108,349,107
104000612,1116,-436,-13572,91,362,104
104004412,1088,-356,-13512,104,354,90
104010312,1084,-352,-13440,115,359,113
104015112,984,-452,-13724,115,362,82
104019912,1028,-404,-13524,106,314,98
104024712,1084,-480,-13532,112,332,98
104029512,980,-376,-13504,96,321,96
104035412,1012,-464,-13528,90,329,102
104040212,1056,-364,-13512,107,350,101
104045112,1032,-568,-13608,106,347,101
104049912,912,-488,-13540,120,318,91
104054712,1100,-432,-13484,108,326,96
104059512,1140,-480,-13616,67,301,86
104065412,1120,-416,-13520,97,379,77
104070212,944,-600,-13504,115,349,97
104075012,1184,-572,-13488,94,343,113
104170712,1184,-572,-13488,94,343,113
104250112,1028,-388,-13448,107,321,93
104255312,1104,-428,-13516,99,336,101
104260112,1108,-416,-13696,88,344,99
104264912,1016,-448,-13616,93,336,101
104269712,1000,-416,-13488,122,328,76
104274512,1168,-452,-13512,106,316,118
104280412,1132,-448,-13496,98,311,96
104285312,1060,-416,-13604,92,333,92
104290112,1148,-404,-13516,115,337,96
104294912,1052,-468,-13644,110,317,99
104299712,1040,-456,-13612,86,338,104
104304512,1128,-440,-13468,107,333,114
104310412,1004,-344,-13488,97,355,90
104315212,1024,-440,-13588,82,363,109
104320012,928,-492,-13572,96,335,93
104324912,1192,-448,-13744,98,332,77
104421011,1192,-448,-13744,98,332,77
104424811,988,-432,-13480,105,349,114
104434812,1048,-420,-13572,87,359,110
104439712,1092,-404,-13548,97,339,94
104515410,1140,-488,-13672,121,324,97
104520410,1056,-388,-13728,83,302,103
104525211,1048,-468,-13588,79,326,101
104530011,1164,-452,-13628,95,342,105
104534811,1108,-476,-13612,120,348,91
104539711,1024,-448,-13376,82,351,110
104544511,1016,-388,-13524,113,311,86
104550411,1124,-508,-13504,95,330,124
104555211,1044,-436,-13588,96,342,86
104560011,1032,-468,-13652,100,321,109
104564811,1096,-532,-13696,86,322,91
104569611,1104,-456,-13408,103,346,100
104574411,1044,-456,-13508,87,334,91
104580411,1088,-444,-13504,89,323,102
104676812,1088,-444,-13504,89,323,102
104679612,1148,-472,-13716,111,341,95
104684412,984,-472,-13512,85,341,106
104690412,1092,-464,-13612,104,332,99
104695212,1092,-540,-13668,86,341,104
104700012,1096,-468,-13560,116,350,100
104776310,1104,-388,-13504,109,345,89
104780110,1084,-360,-13516,92,338,98
104784910,1020,-400,-13580,110,337,87
104789811,1060,-468,-13720,88,292,96
104794611,976,-496,-13612,71,340,90
104799411,1140,-440,-13548,108,351,90
104805311,1036,-444,-13468,121,341,92
104810111,1052,-548,-13536,76,318,86
104814911,1056,-520,-13612,92,343,83
104819711,1032,-420,-13676,75,340,93
104824511,1044,-416,-13524,112,348,93
104924312,1064,-528,-13592,-28,258,91
104925912,1160,-252,-13644,225,351,94
104939611,1004,-472,-13380,71,316,104
104944411,996,-568,-13944,115,305,119
104950411,888,-468,-13340,89,332,119
104955211,1052,-432,-13756,84,325,95
104960011,1120,-420,-13508,135,358,94
104980811,1004,-568,-13492,91,419,117
104984711,960,-440,-13728,86,315,106
105062410,1016,-500,-13508,89,329,97
105065012,1088,-576,-13516,114,316,91
105069812,952,-388,-13660,62,316,89
105074612,1136,-380,-13532,108,354,122
105079512,996,-316,-13500,98,330,105
105085412,1064,-352,-13460,124,335,120
105090212,1100,-388,-13512,96,347,106
105095012,992,-520,-13460,108,349,87
105099812,976,-376,-13612,102,306,76
105104612,1108,-524,-13652,87,319,107
105109412,1012,-500,-13672,107,338,107
105204812,1188,-440,-13584,103,330,103
105209712,1120,-448,-13540,118,322,73
105214612,1032,-504,-13460,110,325,92
105219412,1032,-504,-13460,110,325,92
105225312,1084,-436,-13508,88,364,101
105230112,1072,-416,-13432,90,319,103
105234912,1072,-408,-13580,96,326,101
105239712,1012,-420,-13464,75,339,110
105244612,992,-460,-13696,95,350,88
105320712,1132,-360,-13644,102,355,113
105324412,1132,-360,-13644,102,355,113
105330312,1120,-452,-13572,107,345,89
105335112,1080,-448,-13568,105,331,95
105339912,1028,-536,-13564,78,331,116
105344712,1076,-444,-13636,96,350,112
105349512,1076,-444,-13636,96,350,112
105355412,888,-512,-13652,115,322,101
105451112,888,-512,-13652,115,322,101
105471810,1056,-528,-13524,86,317,100
105474410,1056,-528,-13524,86,317,100
105480312,1096,-428,-13548,116,324,97
105485112,1052,-464,-13412,94,344,106
105489912,956,-368,-13628,104,354,91
105494712,992,-488,-13564,112,340,90
105499512,992,-488,-13564,112,340,90
105505412,1156,-452,-13412,125,353,115
105510312,1060,-424,-13524,88,349,103
105515112,1052,-520,-13420,113,328,84
105519912,1040,-496,-13488,84,346,87
105596211,1100,-520,-13464,107,339,102
105600111,1056,-388,-13572,90,320,96
105604911,1088,-496,-13576,97,351,109
105609711,1128,-388,-13732,107,327,109
105614511,1128,-388,-13732,107,327,109
105619411,972,-380,-13684,108,340,110
105717710,1136,-420,-13476,102,330,76
105720510,976,-520,-13532,93,328,116
105725310,1040,-456,-13704,119,342,72
105730110,1116,-400,-13632,107,354,99
105734912,1120,-428,-13644,83,329,111
105739712,996,-448,-13520,76,326,102
105744512,996,-448,-13520,76,326,102
105749412,1112,-440,-13680,128,314,95
105755312,1040,-352,-13592,80,323,121
105760112,1032,-364,-13460,89,347,104
105764912,1076,-360,-13592,99,321,104
105769712,1076,-400,-13576,104,323,98
105774512,1076,-400,-13576,104,323,98
105780412,1228,-400,-13528,102,323,112
105856811,988,-376,-13544,91,339,87
105859611,988,-376,-13544,91,339,87
105864411,1064,-484,-13588,105,328,91
105988810,1008,-456,-13548,120,312,101
106003410,1024,-548,-13820,97,362,91
106004910,1140,-484,-13488,105,340,105
106009710,1140,-484,-13488,105,340,105
106014511,1072,-508,-13584,97,319,114
106020411,1144,-340,-13468,94,328,106
106025211,1160,-452,-13556,91,332,109
106030111,1076,-412,-13452,81,354,110
106034911,1060,-488,-13524,109,324,92
106039711,1060,-488,-13524,109,324,92
106044511,1032,-388,-13588,111,360,102
106050411,1156,-388,-13568,114,326,114
106055211,1152,-476,-13428,112,325,92
106060011,1200,-504,-13692,88,317,101
106064811,1080,-292,-13488,94,362,90
106069711,1080,-292,-13488,94,362,90
106074511,1044,-504,-13524,108,363,112
106150712,1112,-416,-13596,127,282,101
106249710,1080,-380,-13672,100,342,110
106254812,1120,-324,-13584,83,319,81
106259612,1132,-444,-13556,91,319,116
106264412,988,-368,-13536,94,325,100
106270312,1008,-344,-13524,91,325,95
106275112,1092,-496,-13452,115,334,91
106280012,1108,-288,-13424,102,326,75
106284812,1108,-288,-13424,102,326,75
106289612,1032,-348,-13496,98,331,99
106294412,1060,-424,-13584,107,319,98
106300312,1056,-512,-13356,112,354,94
106305112,1044,-460,-13700,105,329,89
106309912,996,-444,-13672,127,348,104
106314712,996,-444,-13672,127,348,104
106319612,1016,-548,-13596,105,344,88
106324412,1016,-308,-13516,108,341,94
106421112,1128,-312,-13548,148,368,106
106425112,1184,-468,-13488,111,275,100
106435111,1144,-344,-13708,76,381,139
106513812,1136,-444,-13596,126,365,97
106515477,944,-332,-13596,60,321,85
106520312,1112,-516,-13572,151,342,88
106525112,1128,-312,-13568,96,330,89
106529912,1128,-312,-13568,96,330,89
106534712,984,-432,-13512,53,322,104
106539512,1044,-568,-13636,115,361,103
106544412,1052,-388,-13432,89,317,92
106550312,1064,-228,-13476,106,345,97
106555112,908,-460,-13476,110,297,81
106559912,908,-460,-13476,110,297,81
106564712,1280,-356,-13464,106,346,112
106569512,872,-400,-13624,54,322,104
106575412,1096,-456,-13420,120,328,113
106580212,1148,-420,-13544,90,322,118
106680012,984,-524,-13604,114,350,102
106685012,992,-416,-13576,88,353,104
106689912,992,-416,-13576,88,353,104
106694712,1100,-396,-13516,121,338,92
106699512,1072,-496,-13512,118,328,87
106775110,1164,-436,-13308,99,336,85
106780211,1116,-492,-13544,89,343,98
106785011,1116,-492,-13544,89,343,98
106789811,1072,-464,-13712,100,366,95
106794611,1056,-516,-13752,113,334,89
106799411,1044,-424,-13616,76,321,87
106805311,936,-464,-13448,95,337,92
106810111,1160,-408,-13564,107,325,115
106814911,1160,-408,-13564,107,325,115
106819811,1052,-440,-13516,88,326,111
106824611,1068,-448,-13592,94,323,84
106829411,1128,-524,-13500,91,341,109
106926112,1012,-524,-13572,86,336,117
106943312,1112,-380,-13632,116,355,108
106944812,1112,-380,-13632,116,355,108
106949712,1144,-512,-13684,122,353,112
106954512,1064,-436,-13612,116,337,99
106960412,1088,-580,-13656,105,347,108
106983512,1108,-428,-13708,94,332,107
106985112,1108,-428,-13708,94,332,107
107065269,1072,-328,-13612,109,335,114
107070210,936,-472,-13692,98,325,113
107075010,936,-472,-13692,98,325,113
107079912,1080,-532,-13544,102,328,90
107084712,1072,-420,-13632,78,332,105
107089512,1132,-432,-13692,90,339,87
107095412,1148,-448,-13536,106,335,112
107100212,1060,-440,-13548,84,319,98
107105012,1060,-440,-13548,84,319,98
107109812,1020,-428,-13592,75,328,95
107114612,1168,-432,-13560,69,328,92
107212612,1120,-500,-13652,104,343,106
107215319,1104,-396,-13524,103,279,101
107220112,1104,-396,-13524,103,279,101
107224912,1080,-404,-13528,57,344,100
107229712,996,-364,-13588,87,353,91
107234512,1092,-400,-13616,99,365,96
107240412,1000,-436,-13400,97,326,84
107245212,1000,-436,-13400,97,326,84
107250012,1064,-536,-13608,81,306,124
107325710,1140,-468,-13608,94,336,74
107329711,1140,-468,-13608,94,336,74
107334511,1040,-320,-13648,96,336,96
107339411,1080,-568,-13540,110,310,114
107345311,1120,-404,-13524,90,326,102
107350111,1120,-404,-13524,90,326,102
107354911,1008,-404,-13508,91,322,101
107359711,964,-352,-13464,93,341,114
107458810,1020,-328,-13452,107,306,91
107479511,1136,-396,-13616,83,340,99
107484411,1056,-420,-13400,82,352,105
107490411,996,-424,-13392,96,341,94
107495211,996,-424,-13392,96,341,94
107500011,1064,-364,-13444,80,316,100
107504811,984,-412,-13668,83,336,96
107509611,1008,-388,-13672,126,341,105
107514411,1168,-408,-13620,86,326,97
107520411,1104,-412,-13560,96,362,92
107525211,1104,-412,-13560,96,362,92
107530011,1088,-448,-13612,95,338,97
107605212,1100,-416,-13532,122,347,94
107610212,1160,-404,-13492,101,335,92
107615012,1048,-488,-13572,89,325,104
107619812,1100,-452,-13528,89,380,96
107624612,1016,-468,-13568,103,351,118
107723319,1064,-372,-13516,84,312,95
107724919,1064,-372,-13516,84,312,95
107729912,1016,-496,-13476,83,346,109
107734712,1088,-452,-13580,89,341,100
107739512,1092,-356,-13648,118,339,78
107745412,1196,-424,-13612,106,337,101
107750212,1168,-404,-13396,111,309,107
107755112,1160,-380,-13584,75,334,94
107759912,1012,-528,-13656,107,355,106
107764712,1048,-500,-13620,99,343,106
107769512,984,-380,-13612,114,327,111
107775412,1088,-292,-13460,101,310,116
107780212,1100,-496,-13564,100,329,110
107785012,1032,-476,-13648,75,338,99
107789812,1068,-404,-13460,109,354,106
107866412,1100,-380,-13464,88,331,106
107870112,1100,-380,-13464,88,331,106
107874912,1076,-404,-13496,108,339,83
107995212,1032,-492,-13496,99,325,93
108016012,1092,-416,-13572,92,341,95
108019712,1092,-416,-13572,92,341,95
108024512,1124,-380,-13384,99,338,101
108029412,1012,-476,-13616,99,359,99
108035312,1056,-424,-13664,107,341,74
108040112,1164,-560,-13496,104,328,111
108044912,1028,-380,-13536,106,348,106
108049712,1064,-452,-13508,99,321,113
108054512,1092,-448,-13572,117,343,105
108060412,1064,-440,-13556,104,321,101
108065212,1116,-448,-13508,95,343,107
108070112,1048,-356,-13504,108,324,96
108074912,1068,-416,-13396,96,337,103
108079712,1044,-484,-13616,99,329,114
108084512,1132,-420,-13508,100,353,107
108090412,1176,-528,-13572,108,343,101
108266021,1120,-560,-13440,106,313,83
108270012,1120,-560,-13440,106,313,83
108274912,1088,-504,-13544,98,333,99
108279712,1064,-472,-13404,85,326,117
108284512,1076,-408,-13556,119,348,90
108290412,1044,-396,-13584,91,350,88
108295212,964,-348,-13464,90,358,95
108300012,1096,-388,-13656,111,323,100
108304812,1112,-368,-13592,104,347,108
108309612,1100,-440,-13592,96,328,117
108314512,1144,-408,-13520,110,324,115
108320412,1092,-468,-13576,94,342,107
108325212,1096,-496,-13504,111,328,115
108330012,1056,-400,-13504,116,325,110
108334812,1036,-464,-13556,83,324,105
108339612,1128,-412,-13504,83,319,78
108437612,1044,-456,-13612,116,341,105
108465510,1088,-480,-13484,111,337,91
108470310,1100,-392,-13472,82,342,97
108475112,1000,-444,-13604,99,351,101
108551512,1084,-456,-13512,100,337,90
108555212,1084,-456,-13512,100,337,90
108560012,1008,-364,-13620,99,331,102
108564812,1076,-400,-13440,100,321,85
108569612,1076,-432,-13556,94,311,95
108574412,948,-388,-13496,120,317,101
108580312,1120,-368,-13428,93,355,102
108585112,1016,-368,-13580,108,331,114
108590012,1048,-428,-13524,83,364,84
108594812,1000,-436,-13588,105,349,88
108599612,1000,-432,-13564,117,330,100
108604412,1088,-448,-13592,88,336,93
108610312,1092,-508,-13604,99,327,79
108615112,1048,-488,-13568,110,333,98
108710812,1068,-476,-13664,107,351,95
108714712,1068,-476,-13664,107,351,95
108719612,1064,-568,-13548,124,324,86
108724412,1132,-344,-13556,98,334,105
108730312,1064,-440,-13768,88,335,108
108735112,1168,-368,-13640,121,322,125
108817012,1044,-412,-13624,79,335,115
108819912,1044,-412,-13624,79,335,115
108824712,1016,-476,-13620,71,354,97
108829512,1112,-416,-13608,103,330,103
108835412,1012,-492,-13668,104,333,102
108840212,1184,-440,-13600,93,325,91
108845012,1112,-416,-13476,83,336,107
108849912,1044,-408,-13568,96,347,86
108854712,1132,-492,-13576,113,325,100
108859512,1064,-388,-13416,104,339,101
108865412,1000,-476,-13588,92,336,95
108963412,1048,-400,-13576,98,356,105
109008211,1108,-436,-13588,99,328,88
109009717,1108,-436,-13588,99,328,88
109014711,1068,-576,-13416,116,348,94
109019511,1060,-388,-13688,99,337,109
109025411,960,-440,-13552,85,355,96
109030211,1064,-416,-13520,110,351,96
109035011,1080,-372,-13516,72,342,89
109039811,1080,-420,-13672,72,345,72
109115710,1016,-392,-13664,105,325,88
109119412,1116,-392,-13580,104,322,106
109125312,1056,-312,-13528,103,321,107
109130112,1112,-488,-13532,121,345,104
109135012,1012,-392,-13520,94,324,86
109139812,1024,-480,-13480,101,333,94
109144612,948,-360,-13516,88,307,90
109149412,1000,-468,-13620,111,333,122
109155312,1028,-516,-13600,101,335,88
109252612,1092,-540,-13560,97,316,106
109255321,1092,-540,-13560,97,316,106
109260212,1064,-392,-13536,115,320,107
109265012,1100,-484,-13692,118,347,107
109269812,1052,-400,-13468,79,341,83
109274612,1016,-432,-13564,111,341,112
109279412,1076,-360,-13584,113,345,102
109285312,1080,-384,-13592,107,332,95
109290212,1060,-408,-13392,103,360,101
109295012,1064,-416,-13536,92,338,116
109299812,956,-444,-13552,91,342,98
109376210,1052,-460,-13572,92,340,79
109379910,1052,-460,-13572,92,340,79
109384712,1020,-524,-13548,106,328,98
109389512,1000,-548,-13544,102,333,108
109395412,1096,-432,-13648,108,320,93
109400212,1140,-436,-13456,123,331,107
109497512,996,-404,-13632,87,302,94
109514711,1180,-484,-13672,97,347,88
109519711,1024,-420,-13448,92,327,98
109524611,1064,-436,-13668,88,317,98
109529411,1160,-416,-13592,87,350,110
109535311,1040,-476,-13692,88,318,96
109540111,1140,-384,-13552,97,364,93
109544911,1060,-400,-13456,111,325,99
109549711,1012,-480,-13600,92,330,101
109554611,1044,-440,-13544,125,322,87
109559411,1172,-448,-13520,107,341,106
109565311,1124,-448,-13576,92,346,117
109570111,1140,-464,-13656,102,348,90
109574911,1108,-544,-13424,98,322,111
109650712,1140,-484,-13508,85,354,74
109654612,1052,-448,-13488,90,341,93
109659412,1132,-424,-13472,96,340,88
109759612,1132,-516,-13516,95,352,92
109764512,1120,-408,-13368,92,333,81
109769412,1140,-460,-13588,102,354,92
109775312,1064,-424,-13660,88,326,97
109780112,1068,-360,-13532,107,337,93
109784912,1008,-476,-13492,85,341,101
109789712,1092,-484,-13508,92,343,93
109794512,1056,-432,-13536,92,334,97
109800412,1072,-308,-13492,116,359,97
109805212,1176,-468,-13624,103,307,90
109810112,1032,-324,-13532,102,336,128
109814912,1168,-364,-13504,104,327,90
109819712,1088,-320,-13576,98,351,99
109824512,1064,-456,-13464,88,340,101
109830412,1096,-448,-13552,107,320,100
109835212,1008,-492,-13528,121,344,120
109931112,1008,-492,-13528,121,344,120
110048812,1168,-420,-13516,109,331,98
110050412,1168,-420,-13516,109,331,98
110055412,1000,-584,-13520,88,332,103
110060212,1100,-336,-13652,106,342,112
110065012,1064,-528,-13516,117,326,78
110069912,1092,-504,-13384,82,346,103
110074712,1044,-352,-13712,82,342,86
110079512,1084,-436,-13632,117,328,95
110085412,1096,-336,-13396,109,316,75
110090212,1084,-444,-13572,103,316,95
110095012,1084,-444,-13648,91,352,93
110099812,968,-420,-13576,91,323,86
110104612,1080,-448,-13544,121,337,93
110109512,1072,-368,-13444,107,323,100
110115412,1116,-448,-13432,80,344,86
110120212,1100,-484,-13676,76,328,113
110218912,1028,-456,-13472,79,345,90
110220412,1028,-456,-13472,79,345,90
110225312,1020,-448,-13376,132,352,94
110230112,1040,-532,-13512,102,350,91
110306010,1008,-388,-13396,122,319,100
110309911,1020,-452,-13652,67,342,95
110314711,1040,-436,-13644,100,347,117
110319511,1120,-380,-13524,108,332,85
110325411,1112,-412,-13532,79,324,94
110330211,1084,-400,-13520,94,329,104
110335011,956,-392,-13552,105,365,87
110339811,1060,-388,-13460,111,311,114
110344611,1128,-376,-13536,117,345,119
110349511,1088,-428,-13488,74,336,84
110355411,988,-420,-13552,111,337,73
110360211,1124,-516,-13532,117,338,82
110365011,1124,-424,-13536,86,320,90
110369811,1048,-340,-13720,111,329,98
110465712,1048,-340,-13720,111,329,98
110486410,996,-452,-13576,106,334,113
110490110,1056,-384,-13688,100,320,96
110494912,1160,-408,-13488,86,324,108
110499712,1016,-428,-13560,89,306,106
110504512,1100,-380,-13600,97,327,99
110580511,1064,-548,-13616,82,334,103
110584411,1132,-476,-13564,135,362,110
110590311,1024,-424,-13580,124,316,115
110595111,1032,-500,-13544,109,323,101
110599911,1116,-352,-13528,91,378,91
110604711,968,-432,-13664,100,327,88
110609511,1052,-532,-13500,101,356,95
110615411,988,-352,-13432,82,337,102
110620211,1092,-548,-13548,71,339,88
110625111,1120,-456,-13588,99,366,110
110629911,988,-436,-13716,105,306,104
110634711,1192,-384,-13412,112,355,100
110731312,1144,-472,-13544,114,332,97
110735212,1116,-456,-13280,121,311,95
110740012,1052,-388,-13524,103,334,108
110744812,1064,-408,-13492,92,309,72
110749612,1108,-456,-13588,90,357,104
110754412,1004,-352,-13476,120,351,102
110760312,1120,-440,-13328,120,318,88
110765112,1016,-420,-13464,85,296,117
110841511,1160,-356,-13436,107,331,77
110845411,1088,-424,-13464,102,361,90
110850211,1124,-380,-13360,82,351,93
110855011,992,-284,-13548,114,315,103
110859811,1172,-484,-13516,89,317,98
110864611,1072,-512,-13612,96,363,95
110869511,976,-448,-13592,99,346,72
110875411,1036,-552,-13476,124,328,89
110880211,1008,-400,-13496,84,338,86
110977812,1128,-420,-13532,81,343,102
110991012,996,-436,-13572,93,320,97
110994812,1032,-436,-13392,94,331,120
110999612,1104,-488,-13764,90,351,96
111004412,1064,-420,-13588,91,347,99
111010312,1080,-516,-13564,107,345,108
111015112,1000,-484,-13496,96,341,85
111019912,1004,-456,-13676,85,328,111
111044112,1004,-384,-13404,85,332,97
111045712,1004,-384,-13404,85,332,97
111049512,1092,-476,-13452,95,327,101
111124910,1096,-424,-13636,97,339,106
111129910,1016,-432,-13508,92,309,88
111134711,1120,-488,-13572,102,310,104
111139511,1064,-456,-13580,94,363,100
111145411,1048,-436,-13520,92,357,102
111150311,1020,-400,-13504,102,322,108
111155111,1120,-508,-13644,72,331,120
111159911,1060,-492,-13588,106,381,92
111256012,1060,-492,-13588,106,381,92
111259812,948,-456,-13492,98,339,89
111264612,1036,-472,-13616,113,333,106
111269412,1064,-360,-13516,94,346,86
111275312,1144,-452,-13548,78,337,115
111280212,1008,-416,-13640,127,351,89
111285012,1020,-388,-13508,92,334,100
111289812,1068,-508,-13620,109,346,107
111294612,1040,-396,-13520,109,325,75
111299412,1036,-496,-13604,108,329,109
111305312,1100,-352,-13644,106,332,116
111310112,1112,-400,-13424,82,368,100
111386710,1080,-512,-13716,152,321,101
111389410,1088,-372,-13196,103,324,117
111395310,1128,-328,-13796,95,360,114
111400211,1044,-432,-13628,85,324,104
111405011,952,-448,-13616,103,328,105
111503610,1100,-504,-13776,97,321,96
111517110,1000,-476,-13500,86,366,101
111519710,1000,-476,-13500,86,366,101
111524512,1140,-364,-13632,128,316,109
111530412,1016,-448,-13500,104,284,101
111535212,1056,-388,-13404,81,336,118
111540012,1112,-368,-13504,75,398,97
111544812,1076,-424,-13632,101,376,88
111549612,1068,-420,-13492,110,331,128
111554512,1144,-352,-13628,99,307,107
111560412,1096,-456,-13516,107,343,99
111565212,1092,-396,-13680,83,361,100
111570012,1168,-464,-13780,113,366,82
111574812,1044,-524,-13436,104,315,88
111579612,1080,-436,-13512,97,332,108
111656111,1144,-508,-13488,117,335,115
111660011,1140,-480,-13472,103,315,97
111664811,1004,-504,-13656,94,344,102
111763010,984,-480,-13640,97,296,103
111764612,984,-480,-13640,97,296,103
111769412,1048,-400,-13464,105,335,98
111775312,1104,-388,-13664,101,376,107
111780212,1084,-524,-13440,81,326,123
111785012,1004,-468,-13356,107,341,97
111789812,1016,-440,-13444,78,354,103
111794612,1056,-452,-13664,90,354,101
111799412,1144,-520,-13600,120,293,104
111805312,1040,-500,-13552,88,326,98
111810112,1136,-400,-13348,98,344,95
111814912,992,-392,-13488,93,373,94
111819812,1100,-384,-13668,105,334,114
111824612,1100,-476,-13624,110,325,105
111829412,1076,-488,-13480,93,342,104
111835312,1112,-532,-13672,118,357,110
111934512,1092,-464,-13624,105,373,98
112052611,1124,-460,-13588,92,327,103
112055411,1124,-460,-13588,92,327,103
112060311,1088,-432,-13524,135,329,88
112065211,1036,-508,-13660,99,293,113
112070011,1036,-464,-13556,101,336,97
112074811,1040,-572,-13696,89,345,92
112079611,1160,-472,-13516,114,336,98
112084411,1092,-352,-13732,84,359,97
112090311,1088,-372,-13696,93,357,99
112095211,1136,-352,-13612,114,364,97
112100011,1124,-488,-13708,105,317,92
112104811,860,-376,-13492,82,299,85
112109611,1040,-436,-13584,92,325,102
112114411,1188,-484,-13504,80,356,92
112120311,1068,-480,-13580,93,331,84
112125111,1064,-500,-13664,91,348,73
112222712,1040,-472,-13636,109,343,78
112225512,1040,-472,-13636,109,343,78
112230312,1012,-512,-13524,110,332,67
112235112,1020,-480,-13592,108,331,96
112310811,996,-556,-13620,91,294,76
112314611,1016,-408,-13432,100,326,116
112319511,1072,-456,-13584,99,338,113
112325411,1072,-412,-13620,106,350,96
112330211,1056,-464,-13440,95,325,82
112335011,1028,-456,-13712,122,321,104
112339811,932,-464,-13428,103,338,89
112344611,1088,-468,-13548,86,361,114
112349511,1036,-492,-13692,100,338,110
112355411,1100,-488,-13556,106,306,95
112360211,1124,-452,-13708,96,322,90
112365011,1172,-440,-13544,94,342,104
112369811,1032,-392,-13476,90,330,89
112468612,1104,-432,-13676,98,339,77
112500211,1116,-460,-13520,111,317,85
112505111,1104,-488,-13456,122,290,87
112509911,1044,-416,-13548,75,341,105
112514711,984,-460,-13544,90,349,100
112519511,1116,-400,-13452,94,343,92
112525411,1024,-336,-13508,115,319,99
112601310,1000,-524,-13832,80,283,78
112605110,1008,-512,-13320,122,394,94
112609910,928,-456,-13708,79,340,96
112614812,1132,-424,-13284,93,384,97
112619612,1072,-492,-13880,83,270,85
112624412,1188,-368,-13492,109,350,106
112630312,1120,-472,-13904,87,295,95
112635112,1100,-392,-13380,127,390,91
112639912,1000,-404,-13676,81,290,115
112644712,996,-472,-13492,142,295,99
112649512,1096,-380,-13448,111,351,113
112745712,1096,-380,-13448,111,351,113
112749712,1120,-344,-13628,104,359,98
112754612,1076,-500,-13680,117,339,88
112759412,1152,-424,-13464,98,326,92
112765312,1096,-568,-13640,125,339,110
112770112,1060,-548,-13424,86,334,80
112774912,1060,-476,-13620,116,328,111
112779712,996,-456,-13584,91,316,84
112784512,1120,-392,-13572,79,329,111
112860410,1572,-220,-10136,-400,248,60
112865210,180,-372,-15452,175,334,148
112870012,1368,-332,-12540,-175,272,101
112874812,492,-176,-14924,224,337,103
112879612,1184,-200,-12432,159,594,86
112884412,1420,-456,-14736,8,-30,97
112890312,568,-300,-11436,283,617,140
112895112,1488,-596,-15464,-158,-153,98
112991912,964,-460,-13664,131,363,102
113005012,1256,-436,-13868,90,304,124
113009912,1128,-456,-13516,102,289,102
113014712,1016,-396,-13676,123,349,106
113019512,1064,-468,-13356,74,350,86
113025412,1052,-420,-13648,100,373,102
113048410,1048,-528,-13576,113,301,100
113049910,1048,-528,-13576,113,301,100
113055010,992,-364,-13384,124,295,114
113059810,1084,-440,-13544,62,353,99
113064610,1128,-404,-13656,79,370,107
113069412,1164,-424,-13664,109,366,113
113146411,1116,-432,-13460,92,346,102
113150211,1020,-404,-13640,103,347,122
113155011,1032,-456,-13660,53,311,92
113159911,1044,-404,-13508,74,356,88
113164711,952,-436,-13424,78,357,92
113169511,1004,-424,-13552,124,356,88
113175411,1032,-408,-13432,97,332,84
113270619,1032,-408,-13432,97,332,84
113274612,1092,-440,-13556,113,340,109
113279412,1176,-504,-13616,101,355,111
113285412,1052,-392,-13460,98,355,79
113290212,1064,-360,-13596,93,319,113
113295012,1032,-368,-13576,107,339,100
113299812,1024,-416,-13464,84,332,114
113304612,1160,-396,-13584,111,337,94
113309412,1092,-484,-13540,87,312,112
113315312,1084,-404,-13544,105,329,78
113320112,1028,-368,-13568,81,343,98
113325012,1084,-396,-13544,92,338,93
113329812,1036,-388,-13664,127,333,102
113405811,1132,-396,-13404,112,339,96
113409711,1056,-324,-13680,98,327,79
113414511,1108,-408,-13548,109,318,104
113419411,1020,-440,-13624,101,339,107
113517610,1128,-488,-13492,111,312,114
113531112,976,-436,-13548,99,356,107
113534812,1064,-448,-13640,96,352,114
113539612,1048,-404,-13492,91,322,111
113544412,1056,-408,-13568,121,325,103
113550312,1116,-372,-13508,106,350,84
113555112,1120,-388,-13640,86,348,84
113559912,1100,-452,-13692,133,353,102
113564712,1052,-328,-13712,101,332,107
113569612,1124,-516,-13476,105,315,88
113574412,1060,-352,-13508,118,355,100
113580312,988,-480,-13488,87,337,102
113585112,1092,-396,-13512,111,339,77
113589912,1008,-496,-13664,81,322,98
113594712,996,-504,-13596,111,327,91
113599512,1012,-432,-13564,112,330,101
113676111,1012,-488,-13612,112,323,106
113679911,1204,-516,-13656,77,340,95
113777112,1044,-496,-13688,121,318,82
113779821,980,-424,-13584,122,308,81
113784612,928,-508,-13596,126,335,92
113789512,1164,-480,-13568,104,351,96
113795412,1088,-472,-13576,96,334,95
113800212,1028,-424,-13492,107,326,107
113805012,1116,-532,-13628,70,306,91
113809812,1072,-360,-13436,90,333,110
113814612,1112,-416,-13540,103,338,112
113819512,1024,-448,-13676,99,331,108
113825412,1096,-380,-13564,103,310,90
113830212,1080,-388,-13540,106,318,88
113835012,1020,-508,-13564,105,308,96
113839812,1128,-448,-13564,97,327,107
113844612,1024,-424,-13664,83,354,67
113849412,1128,-404,-13612,115,343,116
113948910,1080,-348,-13452,101,361,95
113963812,1176,-456,-13500,108,331,80
114066312,1088,-424,-13520,111,328,94
114070268,980,-476,-13508,134,332,110
114075112,1036,-432,-13668,107,336,104
114079912,968,-492,-13652,92,337,90
114084712,1120,-436,-13508,100,305,82
114089512,1120,-520,-13596,84,341,105
114095412,1096,-436,-13628,80,313,100
114100312,1020,-508,-13596,92,366,91
114105112,1120,-416,-13628,76,353,95
114109912,1008,-460,-13580,100,338,94
114114712,1052,-420,-13600,136,349,100
114119512,1060,-344,-13584,76,316,85
114125412,1008,-512,-13516,107,337,88
114130212,1020,-432,-13716,94,368,102
114135012,1008,-504,-13536,116,323,114
114139912,1064,-368,-13532,108,347,93
114236212,1064,-368,-13532,108,347,93
114240112,1096,-432,-13352,104,334,98
114244912,1104,-436,-13600,84,325,110
114249812,960,-452,-13548,80,314,90
114325911,1024,-484,-13628,90,322,86
114329611,1000,-464,-13372,77,340,84
114334511,1096,-464,-13600,108,334,84
114340411,1040,-400,-13588,96,337,86
114345211,996,-436,-13492,105,347,77
114350011,996,-480,-13592,77,325,86
114354811,1000,-444,-13532,102,344,100
114359611,984,-500,-13632,103,354,90
114364511,1012,-440,-13412,93,357,102
114370411,1108,-364,-13592,110,361,109
114375211,1104,-480,-13516,93,319,125
114380011,1024,-440,-13524,107,337,107
114384811,1044,-504,-13620,91,357,110
114482612,1120,-480,-13384,118,331,105
114495912,1132,-484,-13688,112,317,99
114499712,1080,-356,-13592,118,335,82
114504512,1020,-420,-13488,104,335,96
114510412,1116,-368,-13436,99,324,97
114515212,1140,-448,-13520,125,319,93
114520012,1124,-520,-13572,94,343,97
114595912,1020,-468,-13552,89,336,94
114599612,1040,-456,-13656,98,351,85
114604412,1168,-468,-13712,85,352,96
114610312,944,-420,-13620,111,339,86
114615112,1056,-408,-13432,116,359,92
114619912,1128,-440,-13736,89,324,107
114624712,1004,-384,-13572,90,344,100
114629512,1136,-348,-13532,93,343,99
114634412,1048,-428,-13532,80,324,101
114640312,1168,-368,-13576,105,313,82
114645112,1036,-408,-13456,95,334,94
114741012,1036,-408,-13456,95,334,94
114744812,988,-476,-13576,101,322,97
114749712,1100,-344,-13688,92,331,107
114754512,1020,-564,-13648,108,364,97
114760412,956,-436,-13656,105,342,101
114765212,1132,-512,-13656,99,317,120
114770012,1120,-544,-13692,102,345,97
114774812,1016,-496,-13572,98,343,104
114779712,1120,-592,-13588,80,318,104
114855410,1180,-492,-13508,111,325,98
114860310,1068,-384,-13724,88,325,96
114865110,1008,-488,-13488,109,350,113
114870011,1104,-472,-13580,95,340,107
114874811,1056,-420,-13492,106,325,111
114879611,1000,-396,-13448,85,325,112
114884411,1160,-480,-13724,110,323,88
114890311,1052,-408,-13520,81,359,115
114986912,1024,-432,-13584,83,343,126
115011210,1036,-476,-13632,90,338,84
115014910,1044,-448,-13580,96,332,89
115019712,1184,-376,-13324,120,346,112
115024512,1084,-524,-13532,99,353,96
115030412,1092,-336,-13580,102,297,100
115035212,1100,-460,-13356,86,353,88
115040012,1060,-440,-13620,114,319,111
115062012,928,-448,-13548,118,339,108
115064768,1028,-416,-13520,104,303,97
115069612,1104,-408,-13404,88,317,92
115074412,1032,-476,-13716,79,315,104
115150710,988,-464,-13648,71,327,100
115154510,1016,-372,-13528,103,359,111
115160410,1104,-420,-13540,110,317,88
115165311,1008,-396,-13608,102,323,92
115170111,1144,-480,-13368,109,359,94
115174911,1108,-520,-13620,81,350,108
115179711,1116,-468,-13544,101,344,104
115276710,1084,-380,-13628,97,321,91
115279419,1132,-408,-13452,101,335,98
115285412,1072,-348,-13576,95,315,119
115290212,1084,-344,-13520,90,338,83
115295012,1088,-348,-13568,89,314,110
115299812,1044,-428,-13580,123,346,102
115304612,1100,-396,-13540,54,339,104
115309412,1012,-480,-13524,88,320,100
115315312,1060,-400,-13696,99,337,102
115320112,984,-476,-13480,97,307,111
115325012,1068,-504,-13712,85,322,97
115329812,1028,-368,-13540,118,330,116
115334612,1132,-456,-13632,90,346,111
115410912,1136,-488,-13656,127,339,83
115414812,1064,-320,-13632,101,327,76
115419612,1088,-440,-13532,81,335,100
115424412,1032,-448,-13676,102,346,96
115434312,1112,-548,-13680,115,352,99
115435812,1112,-548,-13680,115,352,99
115531211,1092,-388,-13620,104,330,113
115535311,1020,-476,-13752,86,317,107
115540111,1048,-368,-13564,97,355,96
115544911,1012,-524,-13576,81,337,80
115549711,1104,-356,-13420,96,335,79
115554511,940,-488,-13684,82,362,88
115560411,1084,-472,-13576,118,341,106
115565311,1084,-372,-13504,115,334,92
115570111,1132,-420,-13688,76,358,99
115574911,1000,-488,-13540,74,336,92
115579711,1068,-456,-13528,133,337,85
115584511,1068,-368,-13556,109,325,106
115590411,1080,-584,-13660,83,384,119
115595211,1032,-344,-13668,93,349,102
115671112,1140,-548,-13572,84,335,90
115674812,1052,-388,-13520,87,346,99
115679612,1064,-504,-13632,124,343,102
115776721,1100,-512,-13564,102,334,88
115779512,1148,-460,-13660,123,335,104
115785412,1156,-380,-13548,91,329,113
115790212,1136,-396,-13560,70,351,89
115795012,1120,-392,-13652,110,365,118
115799912,988,-484,-13608,85,336,94
115804712,1172,-476,-13488,88,334,104
115809512,1024,-464,-13628,93,343,101
115815412,1028,-384,-13632,108,329,126
115820212,1020,-452,-13612,93,334,92
115825012,1084,-488,-13512,80,331,106
115829812,1104,-416,-13584,85,332,105
115834612,1076,-396,-13568,112,329,99
115839512,1080,-392,-13480,87,310,97
115845412,1040,-608,-13520,90,386,112
115850212,1032,-464,-13520,99,316,113
115946711,1100,-472,-13692,80,363,88
116038910,956,-400,-13664,107,338,73
116040510,956,-400,-13664,107,338,73
116063012,1104,-376,-13700,96,317,91
116064512,1092,-596,-13452,87,345,84
116069512,1008,-392,-13524,103,324,99
116075412,1200,-472,-13600,104,343,90
116080212,984,-420,-13600,79,341,105
116085012,1048,-400,-13584,71,322,118
116089812,1144,-528,-13600,113,333,106
116094612,1072,-320,-13436,92,323,109
116099512,1168,-536,-13436,77,342,125
116105412,988,-372,-13536,114,333,106
116110212,1080,-468,-13568,92,304,70
116115012,1044,-516,-13568,94,341,107
116119812,1104,-408,-13572,97,321,95
116124612,1064,-512,-13568,105,343,110
116129412,920,-360,-13568,83,321,99
116229212,1008,-408,-13456,74,329,101
116230812,1008,-408,-13456,74,329,101
116234612,1044,-584,-13592,117,333,92
116310210,1032,-344,-13604,90,301,71
116315211,1044,-424,-13544,100,346,105
116320011,1036,-420,-13592,88,342,111
116324911,1016,-480,-13436,118,317,101
116329711,1104,-536,-13476,88,298,102
116334511,1284,-472,-14028,219,272,99
116340411,1212,-2424,-11144,1383,933,107
116345211,820,1028,-14560,-755,363,-3
116350011,1620,-892,-14808,343,677,150
116354911,1168,-196,-13588,189,-174,100
116359711,812,-1292,-11460,178,114,148
116364511,904,444,-12416,335,852,90
116370411,988,-1176,-15192,-717,670,75
116375211,1600,-28,-15084,430,160,92
116380011,948,-400,-12928,102,216,92
116476879,948,-400,-12928,102,216,92
116497511,1164,-328,-13700,173,185,105
116500111,860,-416,-13060,76,315,109
116504911,976,-560,-13780,82,445,69
116509711,1300,-508,-13892,87,365,106
116586312,1028,-416,-13576,119,349,78
116590212,1060,-488,-13756,79,291,84
116595012,1088,-436,-13280,88,324,112
116599812,1120,-436,-13448,97,374,91
116604612,1068,-432,-13624,103,374,90
116609512,1236,-520,-14448,101,394,76
116615412,880,-328,-13116,199,473,102
116620212,1148,-32,-13928,219,95,104
116625012,1044,-292,-12588,-93,638,79
116629812,916,-180,-15148,133,336,75
116634612,1208,-304,-12560,159,313,107
116639412,1036,-320,-13920,33,224,104
116645312,956,-408,-13248,144,387,107
116743310,1092,-320,-13472,166,401,87
116744912,1228,-464,-13752,90,378,88
116749712,1124,-444,-13456,41,320,89
116754512,924,-460,-13688,133,280,100
116760412,1008,-320,-13264,146,357,78
116765212,1124,-556,-13552,37,400,93
116770012,1032,-320,-13924,94,317,96
116845610,1052,-892,-14216,87,260,118
116849511,1444,-2828,-10352,3072,919,163
116855411,1484,-2480,-12060,-1547,394,99
116860211,2380,804,-15852,2134,545,126
116865011,1060,-2756,-14852,-797,-656,79
116869811,1284,-152,-12352,1437,72,98
116874611,180,128,-10804,-396,577,103
116879411,516,-1048,-14204,-262,1149,84
116885311,1620,-272,-15104,-29,979,44
116890211,1968,-400,-15932,719,-412,162
116990110,844,-500,-13128,171,315,102
117004612,1280,-384,-13888,63,217,105
117009612,960,-312,-13376,145,218,94
117014412,972,-452,-13088,69,387,100
117020312,1088,-428,-13676,92,416,100
117025112,1288,-588,-13472,175,294,107
117029912,1072,-680,-13700,-58,307,98
117034712,892,-192,-13720,230,427,98
117039512,1256,-528,-13612,-30,147,70
117062610,1200,-420,-13572,66,279,69
117144310,984,-484,-14008,190,331,76
117145810,984,-484,-14008,190,331,76
117149510,1020,-420,-12964,-54,320,82
117155411,1248,-464,-14104,233,418,85
117160211,996,-452,-12916,21,294,97
117165011,1120,-480,-14096,72,357,95
117169911,984,-332,-13232,183,317,98
117174711,1144,-528,-13620,37,365,99
117179511,1072,-484,-13652,119,333,100
117275513,1072,-448,-13680,98,308,100
117280412,1164,-348,-13476,106,334,109
117285212,984,-436,-13512,77,321,83
117290012,992,-452,-13704,109,297,118
117294812,1148,-432,-13576,100,353,88
117299612,1200,-404,-13704,86,386,114
117304412,652,-556,-12836,132,207,127
117310312,1368,-596,-14396,176,0,135
117315212,796,-384,-12376,-126,727,122
117320012,972,-292,-15152,156,582,90
117324812,1320,-684,-12648,220,212,91
117400410,884,-476,-13360,70,292,89
117405411,1084,-332,-13400,84,393,103
117410211,1204,-384,-13468,107,381,93
117415111,1112,-504,-13608,119,293,120
117419911,1036,-416,-13368,93,300,107
117424711,896,-424,-13540,102,362,108
117438112,1028,-484,-13516,79,342,116
117536712,1028,-484,-13516,79,342,116
117539412,1052,-488,-13776,122,306,99
117545412,1080,-452,-13556,120,305,66
117550212,1044,-428,-13604,83,338,93
117555012,1092,-324,-13532,105,350,110
117559812,1160,-540,-13528,83,332,97
117564612,1064,-516,-13584,107,332,107
117569412,964,-492,-13472,98,340,106
117575312,1088,-456,-13468,124,343,99
117580112,1148,-320,-13616,115,315,78
117585012,1072,-424,-13492,100,320,100
117589812,940,-536,-13680,85,317,108
117594612,1104,-428,-13592,91,355,105
117670912,860,1428,-11560,113,60,148
117674812,396,-1336,-15960,-617,578,124
117679612,1644,-780,-11412,174,726,72
117684412,1228,424,-18032,492,-223,120
117782812,1508,-348,-14540,195,87,106
117784412,928,-568,-12880,142,13,99
117790312,844,-408,-12912,43,443,98
117795112,1172,-360,-13588,37,595,82
117799912,1268,-408,-14208,108,371,111
117804712,1072,-480,-13688,164,128,112
117809512,872,-436,-12900,90,282,105
117815412,976,-436,-13332,55,480,96
117820212,1220,-356,-13964,97,402,96
117825112,1096,-340,-13760,120,244,95
117829912,1088,-320,-13396,101,253,88
117834712,1020,-544,-13276,95,382,96
117839512,1188,-440,-13792,88,383,83
117845412,1180,-528,-13524,102,312,105
117850212,1108,-560,-13572,117,286,99
117855012,1008,-472,-13544,71,319,86
117930710,1104,-452,-13520,91,321,92
117943012,1120,-372,-13512,58,318,87
117944512,1044,-408,-13412,64,407,103
118040812,1072,-436,-13680,95,440,111
118064710,1200,-444,-13832,85,338,98
118069712,1116,-452,-13704,118,249,84
118074512,976,-340,-13468,96,303,90
118080412,1100,-476,-13480,97,362,94
118085212,1048,-460,-13612,91,347,86
118090012,1040,-420,-13696,105,305,87
118094812,1036,-344,-13548,110,297,116
118099612,1008,-400,-13576,91,343,98
118104412,1196,-468,-13604,98,353,90
118110412,1016,-532,-13920,113,312,94
118115212,1068,-536,-13436,109,332,92
118120012,984,-484,-13568,111,352,91
118124812,1036,-620,-13816,104,339,124
118129612,1060,-468,-13492,92,339,99
118134412,1060,-468,-13492,92,339,99
118232610,1060,-352,-13508,94,322,114
118311712,872,-520,-14460,129,559,61
118314412,872,-520,-14460,129,559,61
118320412,1252,-500,-13968,-219,200,122
118325212,764,-340,-13640,210,99,98
118330012,840,-440,-13016,73,406,78
118334812,1148,-480,-13904,169,588,78
118339612,1304,-364,-13600,54,354,85
118344412,1304,-364,-13600,54,354,85
118350412,956,-472,-13284,128,238,116
118355212,968,-544,-13500,91,475,107
118360012,1144,-420,-13588,111,452,89
118364812,1144,-380,-13672,70,255,100
118369612,968,-356,-13564,133,214,103
118374412,968,-356,-13564,133,214,103
118380312,1024,-376,-13528,78,412,96
118385112,1112,-416,-13696,118,391,103
118480412,1080,-448,-13584,88,353,104
118493910,1120,-396,-13464,123,322,114
118495410,1052,-388,-13516,96,330,99
118500212,1056,-408,-13508,85,347,85
118575810,1112,-420,-14712,31,199,65
118579711,964,-628,-12888,248,468,110
118584511,964,-628,-12888,248,468,110
118590411,1072,-540,-13536,180,460,85
118595211,1020,-628,-13532,-54,420,93
118600011,1236,-340,-14336,238,287,96
118604811,916,-568,-12944,103,214,92
118609611,916,-568,-12944,103,214,92
118614411,964,-452,-13468,69,411,102
118620411,1168,-472,-14004,138,292,101
118625211,1148,-384,-13292,69,262,108
118630011,952,-492,-13496,76,317,90
118634811,992,-492,-13312,106,468,94
118639611,992,-492,-13312,106,468,94
118738812,1100,-436,-13700,95,323,106
118740412,1060,-428,-13580,118,329,112
118745212,1076,-544,-13496,101,319,103
118750012,1048,-484,-13672,114,332,115
118754812,956,-440,-13500,76,375,117
118759612,956,-440,-13500,76,375,117
118835411,1020,-456,-13692,92,318,87
118839411,1020,-456,-13692,92,318,87
118845311,1120,-476,-13552,107,307,92
118850211,1064,-484,-13676,123,328,102
118855011,992,-352,-13384,72,340,95
118859811,1108,-324,-13596,127,362,100
118864611,1108,-324,-13596,127,362,100
118869411,1088,-308,-13372,88,314,108
118875311,1116,-572,-13380,87,304,89
118880211,1096,-632,-13600,108,375,88
118885011,904,-456,-13792,99,335,116
118889811,1596,-252,-15564,-59,450,94
118985613,1328,-436,-14044,285,-82,109
118999210,672,-404,-12372,82,596,90
119000710,1176,-400,-13864,-11,748,81
119004512,1176,-400,-13864,-11,748,81
119010412,1120,-524,-13704,119,-18,92
119015212,808,-392,-12756,125,328,91
119020012,924,-404,-13400,19,606,87
119024812,924,-404,-13400,19,606,87
119127812,804,-296,-13204,120,507,100
119129412,804,-296,-13204,120,507,100
119134412,1304,-396,-13508,22,490,92
119140312,984,-496,-13372,41,114,117
119145112,792,-592,-13148,126,414,89
119149912,1184,-428,-13552,45,495,65
119154712,1184,-428,-13552,45,495,65
119159512,1260,-392,-14056,148,352,96
119164412,1000,-452,-13424,90,153,113
119170312,1032,-400,-13256,89,502,91
119175112,1252,-388,-13920,87,434,78
119272010,904,-516,-13524,109,343,102
119274710,904,-516,-13524,109,343,102
119279510,1180,-492,-13616,90,390,99
119284412,1136,-472,-13600,112,359,109
119290312,1008,-432,-13220,125,332,115
119295112,1092,-296,-13420,92,361,98
119299912,1092,-296,-13420,92,361,98
119304712,1092,-380,-13768,102,319,99
119309512,1148,-388,-13580,102,309,80
119385110,1024,-420,-13452,106,374,91
119390012,1144,-344,-13676,112,304,103
119394812,1144,-344,-13676,112,304,103
119399712,1052,-360,-13604,118,303,119
119404512,1108,-420,-13596,95,313,104
119410412,1144,-464,-13584,87,341,96
119415212,1092,-344,-13564,123,343,113
119420012,1072,-404,-13468,114,315,95
119518412,1420,-364,-13416,141,521,83
119533111,880,-496,-13716,93,381,79
119534611,880,-496,-13716,93,381,79
119539611,1204,-348,-13056,227,484,98
119544411,1172,-588,-13660,10,324,111
119550311,916,-188,-12776,238,524,108
119555111,956,-100,-13992,360,141,98
119559911,956,-100,-13992,360,141,98
119564711,1092,-592,-12264,-174,762,89
119569611,1064,24,-15456,246,440,100
119574411,1172,-304,-12200,201,199,98
119580311,776,-220,-13128,147,532,88
119656412,1180,-468,-13832,129,341,90
119660212,1048,-388,-13576,105,272,94
119665112,1112,-408,-13308,123,329,101
119669912,1112,-408,-13308,123,329,101
119674712,1028,-452,-13592,119,377,104
119679512,1076,-396,-13628,81,328,113
119778312,1132,-400,-13720,93,343,91
119779912,1132,-400,-13720,93,343,91
119784712,1016,-464,-13444,105,348,104
119789512,1000,-388,-13572,94,367,112
119795412,1060,-424,-13564,110,331,121
119800212,1056,-440,-13608,87,324,103
119805012,1056,-440,-13608,87,324,103
119809812,1036,-336,-13656,101,335,91
119814612,1108,-556,-13592,88,358,117
119819512,1056,-472,-13496,77,338,103
119825412,996,-476,-13764,109,356,104
119830212,984,-392,-13396,69,343,112
119835012,984,-392,-13396,69,343,112
119839812,1016,-404,-13420,114,335,82
119916211,1104,-464,-13696,102,331,115
119920111,1104,-464,-13696,102,331,115
119924911,992,-388,-13632,89,343,112
119938412,1080,-344,-13448,106,316,78
119939912,1080,-344,-13448,106,316,78
120038469,1080,-524,-13564,103,334,102
120040010,1080,-524,-13564,103,334,102
120044810,1140,-384,-13440,92,352,102
120049612,1020,-364,-13572,100,342,76
120054412,1128,-540,-13468,117,352,98
120060312,1024,-452,-13484,101,332,86
120065212,1024,-452,-13484,101,332,86
120070012,1044,-512,-13556,71,334,96
120074812,1060,-448,-13428,71,325,109
120079612,1076,-408,-13680,95,333,89
120084412,952,-448,-13384,79,290,101
120090312,1080,-440,-13592,109,341,103
120095112,1080,-440,-13592,109,341,103
120099912,1076,-488,-13728,97,335,111
120123010,1120,-392,-13520,88,338,106
120203811,1040,-348,-13528,100,365,105
120205411,1068,-420,-13672,106,342,103
120210211,1068,-420,-13672,106,342,103
120310612,1564,-2108,-11504,252,470,121
120314512,1564,-2108,-11504,252,470,121
120320412,304,-1120,-12536,328,717,121
120325212,304,-1120,-12536,328,717,121
120330012,1360,-612,-14076,245,-313,111
120334912,1200,-476,-11148,7,415,79
120339712,936,-112,-15256,175,866,102
120344512,1260,-856,-14072,-247,236,93
120350412,1000,-412,-12808,169,107,110
120355212,1000,-412,-12808,169,107,110
120360012,888,-548,-12368,-195,692,67
120364812,1008,-372,-15092,38,675,93
120369612,1340,-344,-14476,263,-29,90
120374512,1044,-404,-12700,105,95,109
120380412,972,-484,-13476,85,683,83
120385212,972,-484,-13476,85,683,83
120481412,1020,-380,-13528,102,362,90
120574610,1056,-476,-13556,90,333,112
120579611,972,-512,-13352,120,313,114
120584411,1096,-552,-13512,81,311,91
120590311,1068,-484,-13544,58,351,109
120595111,1072,160,-13672,67,348,98
120599911,692,-384,-13380,167,374,89
120604811,1320,-292,-13612,159,109,107
120609611,828,-320,-12988,-50,550,89
120614411,1140,-320,-14664,93,239,79
120620311,1080,-552,-12536,134,376,96
120625111,888,-404,-13800,62,183,108
120629911,904,-440,-13236,152,429,96
120634711,996,-520,-13780,23,435,100
120639511,1308,-520,-13972,185,269,100
120644411,864,-520,-13136,66,216,104
120744810,1000,-548,-13680,126,330,102
120749910,1076,-436,-13520,97,318,95
120754710,1124,-488,-13672,101,337,101
120759510,1044,-408,-13584,107,348,122
120765412,1008,-388,-13628,98,355,96
120841010,1020,-380,-13616,112,367,101
120844911,1020,-380,-13616,112,367,101
120849711,1140,-444,-13568,96,331,108
120854511,1092,-424,-13688,91,325,102
120860411,1016,-456,-13608,78,309,105
120865211,1060,-492,-13412,111,328,78
120870011,1112,-456,-13492,105,344,84
120874811,1108,-456,-13780,111,340,93
120879611,968,-440,-13504,88,325,91
120884511,996,-392,-13528,112,368,111
120890411,972,-464,-13480,102,336,102
120895211,1004,-520,-13484,70,349,88
120991012,1008,-408,-13420,96,327,82
121003311,1108,-384,-13480,86,377,76
121004811,1108,-384,-13480,86,377,76
121009711,1060,-452,-13556,90,348,110
121014511,1076,-504,-13604,108,332,118
121020411,1180,-452,-13568,101,335,110
121025211,1088,-516,-13628,66,319,89
121030011,1000,-432,-13572,82,334,84
121130010,876,-456,-12632,-97,265,90
121135110,1020,-308,-14488,195,423,96
121140012,1020,-412,-12572,182,235,95
121144812,1072,-444,-13884,-60,492,114
121149612,1148,-220,-13984,86,220,109
121154412,1048,-388,-13500,165,266,108
121160312,1128,-404,-12920,105,463,66
121165112,1148,-296,-14224,42,377,113
121169912,1040,-520,-13408,93,276,93
121174712,1028,-460,-13848,144,191,89
121272612,1052,-432,-13700,82,365,103
121275319,1052,-432,-13700,82,365,103
121280112,1096,-416,-13548,106,333,97
121285012,1004,-468,-13436,99,321,100
121289812,992,-468,-13404,70,334,85
121294612,984,-500,-13464,77,347,77
121299412,1068,-416,-13640,105,372,108
121305312,1128,-524,-13416,105,352,97
121310112,1108,-488,-13432,113,313,96
121315012,1068,-456,-13424,91,304,121
121391112,1044,-516,-13652,78,300,93
121394812,1044,-516,-13652,78,300,93
121399612,1004,-348,-13468,104,341,97
121404412,1076,-404,-13568,122,337,104
121410312,1044,-448,-13500,125,358,103
121415112,1044,-376,-13620,84,350,104
121419912,1440,-932,-12556,161,157,104
121519911,1052,-496,-13504,100,396,63
121544012,1076,-404,-13472,111,331,114
121545512,1076,-404,-13472,111,331,114
121549412,1096,-472,-13544,91,303,87
121555312,1048,-460,-13468,131,313,113
121560112,1100,-368,-13532,90,356,87
121564912,1100,-400,-13544,107,372,95
121569712,1020,-484,-13564,107,329,117
121574512,1100,-384,-13596,108,337,102
121579412,1164,-448,-13696,75,313,95
121585312,1104,-508,-13580,79,334,101
121590112,1004,-496,-13620,126,338,101
121594912,960,-456,-13504,87,345,94
121671411,992,-356,-13564,66,345,109
121675311,992,-356,-13564,66,345,109
121680111,1048,-432,-13612,101,368,106
121684911,1024,-420,-13520,116,346,87
121689711,1108,-444,-13564,111,311,84
121694511,1004,-432,-13600,98,334,115
121790010,1004,-432,-13600,98,334,115
121794912,1188,-380,-13388,126,260,120
121799712,1032,-680,-12820,37,277,89
121804512,1160,-644,-14596,426,946,88
121810412,1120,-200,-12652,30,-249,90
121815212,1052,-312,-14212,195,558,137
121820012,1000,-640,-12648,-172,275,83
121824912,700,-96,-13300,327,869,94
121829712,1392,-308,-14648,11,152,118
121834512,1368,-380,-13144,193,155,148
121840412,792,-516,-14076,26,19,111
121845212,768,-328,-12364,230,543,72
121850012,1188,-400,-13808,-26,674,102
121854812,1320,-436,-14068,80,302,97
121930811,1128,-492,-13408,116,280,101
121944112,1036,-460,-13444,90,356,98
121945612,1036,-460,-13444,90,356,98
121950412,1052,-452,-13556,108,337,104
122048710,1040,-480,-13308,239,333,105
122050210,1040,-480,-13308,239,333,105
122055112,908,-396,-13476,-60,285,84
122059912,1004,-328,-13792,154,467,103
122064712,1168,-568,-13492,79,316,84
122069612,1040,-360,-13636,191,253,100
122074412,888,-508,-13328,20,330,85
122080312,1068,-412,-13624,112,403,94
122085112,1220,-360,-13572,158,317,110
122089912,1156,-468,-13656,59,290,97
122094712,960,-524,-13352,90,321,87
122099512,1072,-448,-13512,108,347,107
122124812,1116,-448,-13724,107,338,127
122129812,1088,-360,-13492,113,324,97
122134612,1068,-380,-13480,99,305,74
122139412,1000,-436,-13544,110,340,106
122215811,1140,-496,-13432,171,241,101
122219611,1056,-468,-13572,113,338,117
122314610,1056,-468,-13572,113,338,117
122319512,904,-528,-13544,86,330,91
122325412,1028,-496,-13588,118,353,108
122330212,1068,-384,-13716,100,319,97
122335112,1124,-428,-13504,99,319,108
122339912,980,-400,-13608,62,340,89
122344712,1084,-360,-13752,116,371,97
122349512,1032,-456,-13680,100,360,117
122355412,1128,-380,-13656,113,315,99
122360212,984,-456,-13476,96,331,115
122365012,1140,-328,-13592,89,333,98
122369812,1096,-360,-13444,89,343,83
122374712,964,-492,-13692,107,332,108
122379512,1120,-464,-13720,78,328,107
122385412,1024,-532,-13604,92,349,97
122390212,1188,-372,-13908,175,426,108
122486410,1040,-436,-13232,98,265,106
122507110,1180,-376,-13724,18,403,93
122585412,1128,-536,-13576,79,317,96
122589468,1012,-524,-13612,115,355,105
122595412,1028,-372,-13620,93,360,119
122600212,1096,-408,-13460,100,332,83
122605012,1124,-456,-13448,116,324,91
122609812,1004,-456,-13472,104,329,102
122614612,1032,-544,-13628,112,357,86
122619512,1008,-468,-13476,94,312,97
122625412,1172,-304,-13472,127,324,102
122630212,1048,-460,-13472,85,332,100
122635012,1032,-448,-13592,92,321,75
122639812,1180,-544,-13448,93,353,113
122644612,1000,-396,-13592,95,341,96
122649412,1084,-472,-13604,123,347,107
122655312,1028,-412,-13548,109,306,94
122754412,1088,-336,-13472,84,318,108
122760412,1116,-420,-13548,114,351,99
122765212,1052,-420,-13476,97,330,101
122770012,1140,-492,-13688,104,321,111
122774812,1024,-420,-13488,104,325,100
122851311,1036,-408,-13576,98,286,84
122855211,1036,-408,-13576,98,286,84
122860011,912,-508,-13716,97,320,104
122864811,1100,-392,-13520,73,370,111
122869611,1004,-400,-13512,121,357,100
122874411,1136,-424,-13500,92,323,91
122880411,976,-408,-13520,121,328,125
122885211,1044,-412,-13548,111,340,101
122890011,1044,-420,-13624,121,344,106
122894811,1024,-500,-13572,116,347,94
122899611,1080,-396,-13564,102,334,95
122904411,968,-456,-13612,98,348,96
123001710,1116,-364,-13600,139,310,120
123026012,1128,-484,-13436,105,332,106
123029712,1108,-444,-13560,98,326,102
123034512,948,-484,-13392,88,346,103
123040412,1068,-408,-13620,101,342,111
123045212,1056,-524,-13492,107,341,112
123050012,1088,-428,-13600,76,352,108
123054812,1088,-484,-13720,83,335,87
123155111,1084,-404,-13608,113,338,101
123160111,1032,-480,-13680,121,334,89
123164911,1104,-504,-13492,146,335,97
123169711,1024,-360,-13620,78,350,104
123174611,1124,-540,-13592,197,377,99
123179411,1044,-312,-13616,-9,317,81
123185311,1060,-572,-13832,134,305,100
123190111,992,-456,-13184,96,309,78
123194911,1020,-496,-13588,103,373,87
123199711,1064,-424,-13524,100,329,111
123294312,1064,-424,-13524,100,329,111
123295912,1064,-424,-13524,100,329,111
123299812,1136,-480,-13584,111,358,100
123304612,1040,-456,-13556,92,337,114
123309412,1088,-464,-13576,88,350,116
123315312,1052,-380,-13416,90,351,110
123320112,1044,-504,-13580,112,350,92
123324912,1076,-456,-13476,109,339,90
123329812,1064,-512,-13600,118,323,111
123334612,1112,-500,-13464,104,344,90
123411410,848,-592,-12444,-88,474,99
123415110,1432,-280,-14660,363,523,103
123419912,964,-640,-12880,90,108,114
123424712,1076,-260,-14000,31,281,98
123438012,1236,-288,-13844,43,358,112
123439512,1236,-288,-13844,43,358,112
123444412,1068,-408,-13852,69,87,105
123450312,864,-504,-13176,174,337,100
123455112,1044,-396,-13504,19,488,91
123554512,1096,-472,-13588,105,345,103
123559512,1144,-376,-13632,112,342,106
123565412,1080,-524,-13628,81,321,91
123570212,1036,-316,-13580,90,320,92
123575012,1060,-480,-13596,97,339,114
123579812,1088,-528,-13500,98,362,87
123584612,1060,-380,-13576,96,351,105
123589412,964,-508,-13536,122,329,114
123595412,1112,-448,-13496,100,359,89
123600212,1120,-416,-13696,101,333,87
123605012,1184,-436,-13808,105,314,98
123680810,1136,-464,-13516,80,329,102
123684711,988,-464,-13656,87,356,105
123689511,1068,-408,-13600,102,360,82
123695411,1016,-436,-13516,105,326,111
123700211,1088,-436,-13428,110,340,93
123705011,976,-480,-13496,112,313,74
123800510,976,-480,-13496,112,313,74
123805412,1056,-644,-13840,114,327,105
123810212,1100,-372,-12596,196,338,73
123815012,1032,-652,-13488,-27,1005,116
123819812,1500,-252,-16536,196,-83,88
123824612,916,-492,-12196,248,-129,111
123829412,792,400,-12968,-37,277,87
123835412,-60,-296,-11312,227,880,92
123840212,1764,128,-16172,197,782,70
123845012,1548,-536,-13768,-77,351,93
123849812,1148,-220,-15388,296,-605,99
123854612,532,80,-10488,65,232,87
123859412,136,-428,-12840,108,889,87
123865312,1340,-136,-14680,98,857,55
123941010,1236,-368,-14012,-266,875,67
123954210,636,-564,-13136,-49,298,118
123955710,636,-564,-13136,-49,298,118
123959410,680,-272,-12872,169,919,60
124058412,1056,-512,-13156,104,356,104
124060012,1056,-512,-13156,104,356,104
124064812,1076,-456,-13640,27,380,116
124069712,1140,-600,-13664,126,400,80
124074512,1108,-444,-13808,109,224,107
124080412,1016,-500,-13260,121,269,99
124085212,972,-380,-13504,55,417,106
124090012,1048,-500,-13600,74,446,106
124094812,1180,-424,-13952,98,287,81
124099712,1084,-420,-13544,120,248,95
124104512,880,-488,-13216,77,374,111
124110412,1072,-436,-13620,70,449,88
124115212,1024,-424,-13948,96,348,98
124120012,1064,-468,-13752,111,267,95
124124812,984,-472,-13232,107,343,78
124129612,936,-516,-13504,101,409,87
124229510,964,-420,-13072,43,216,83
124331310,1332,-356,-13388,314,105,118
124335310,1168,-200,-13188,93,374,124
124340110,988,-260,-14716,-80,329,105
124344910,1072,-256,-13084,204,530,74
124349812,1140,-364,-13400,160,295,63
124354612,1096,-404,-13060,83,364,127
124359412,1092,-472,-13900,-41,301,119
124365312,1088,-292,-13776,211,312,110
124370112,1100,-384,-13472,147,366,89
124374912,1076,-476,-13172,61,429,102
124379712,1044,-404,-13632,39,336,115
124384512,1024,-412,-13912,135,288,100
124389412,1140,-460,-13560,152,313,100
124395312,1032,-456,-13272,108,337,106
124400112,1092,-448,-13268,58,383,104
124404912,1056,-408,-13800,57,360,124
124503212,996,-408,-13576,117,350,91
124520311,1052,-468,-13540,122,321,70
124525211,1072,-432,-13516,102,292,97
124601810,1092,-320,-13476,84,326,100
124604410,1188,-352,-13564,87,327,106
124610312,1152,-488,-13616,99,336,92
124615112,1076,-456,-13700,104,290,86
124619912,1048,-536,-13484,113,320,88
124624712,1132,-420,-13504,81,338,93
124629512,1260,-404,-13772,96,334,109
124635412,1028,-464,-13348,93,314,102
124640312,1056,-392,-13504,119,312,97
124645112,1556,-440,-12812,103,231,88
124649912,932,400,-15168,-173,601,123
124654712,964,32,-14032,53,-86,88
124659512,1096,-1384,-9644,-206,1279,156
124665412,1728,556,-20976,628,-1222,65
124670212,808,-560,-12460,52,472,119
124766012,808,-560,-12460,52,472,119
124770012,1196,-540,-14324,150,419,111
124774812,1084,-440,-13408,97,244,100
124779612,768,-424,-14060,111,159,126
124784412,816,-408,-12496,77,386,83
124860310,1184,-208,-13708,230,682,137
124865210,1196,-944,-13172,-218,-197,97
124870010,916,-320,-13364,416,692,104
124874912,1264,-536,-13768,-197,300,93
124879712,1388,-404,-13776,329,410,113
124884512,888,-632,-13248,-31,1,97
124890412,800,-520,-13752,265,430,86
124895212,948,-488,-13284,-31,557,111
124900012,1288,-368,-14268,190,321,97
124904812,1152,-284,-13280,91,173,111
124909612,844,-532,-13608,66,261,104
124914512,924,-460,-13060,138,448,94
125012712,1008,-436,-13516,94,284,112
125029811,1124,-356,-13624,98,361,105
125034811,1180,-488,-13644,116,312,96
125039611,1012,-464,-13484,99,293,95
125044411,1100,-472,-13480,96,356,91
125050311,1000,-488,-13640,98,357,107
125055111,1120,-388,-13640,122,314,100
125060011,1060,-472,-13480,68,311,87
125136112,1056,-404,-13728,111,335,99
125139812,1144,-340,-13628,88,343,96
125144612,1124,-496,-13600,105,318,91
125149412,984,-440,-13328,101,363,86
125155312,1056,-528,-13668,80,344,111
125160112,1144,-432,-13552,100,336,80
125164912,1024,-448,-13572,105,340,104
125169712,1208,-492,-13460,108,349,93
125174612,1108,-452,-13624,97,348,101
125179412,1020,-380,-13604,119,330,77
125298911,1052,-412,-13480,100,355,98
125300511,1052,-412,-13480,100,355,98
125305411,1056,-488,-13544,75,337,100
125310211,1120,-560,-13672,113,338,113
125315011,1064,-508,-13628,102,334,98
125319911,1124,-392,-13556,96,337,71
125324711,1024,-412,-13560,91,340,88
125329511,1100,-428,-13588,85,365,112
125335411,1116,-444,-13688,92,341,98
125340211,940,-428,-13584,95,345,90
125415912,1092,-372,-13540,107,343,104
125419612,1100,-324,-13412,109,342,116
125424412,1080,-448,-13532,107,332,98
125434411,1120,-460,-13588,82,353,92
125440411,1072,-432,-13696,108,331,96
125445311,1120,-368,-13592,107,333,97
125450111,1056,-416,-13604,100,379,74
125454911,1016,-384,-13488,71,357,96
125553610,760,-572,-12260,-156,589,89
125555210,760,-572,-12260,-156,589,89
125560012,1168,-328,-14968,-49,743,93
125564812,1484,-448,-14920,248,-26,78
125569612,1036,-388,-12764,183,99,121
125574512,720,-424,-13012,-30,315,90
125580412,880,-492,-13404,50,701,110
125585212,1380,-488,-14516,52,392,77
125590012,1292,-452,-14056,235,81,86
125594812,948,-464,-12772,105,180,100
125599612,924,-580,-12928,51,550,102
125604412,1140,-424,-13832,79,491,109
125680312,1088,-368,-13740,81,367,103
125685212,1132,-396,-13816,82,291,109
125690012,1032,-472,-13360,112,281,94
125694812,1012,-356,-13256,114,302,102
125699612,1020,-424,-13612,94,371,81
125704512,992,-404,-13324,80,330,102
125800112,992,-404,-13324,80,330,102
125805112,1028,-472,-13436,110,357,85
125809912,1008,-592,-13696,60,374,70
125814712,1116,-364,-13632,164,307,116
125819512,1008,-572,-13200,47,351,101
125825412,1064,-440,-13812,141,309,93
125830212,1120,-504,-13412,133,349,114
125835012,1140,-444,-13716,73,321,93
125839912,1040,-428,-13556,63,298,120
125844712,1040,-508,-13484,152,344,85
125849512,1148,-432,-13580,85,385,94
125855412,1228,-500,-13704,100,318,97
125860212,940,-496,-13636,68,285,107
125865012,976,504,-13748,11,382,91
125940610,988,-396,-13340,101,294,110
125954012,1144,-340,-13804,159,279,99
125955612,1144,-340,-13804,159,279,99
125960412,992,-500,-13508,68,280,97
126059112,1072,-528,-13364,90,339,112
126060712,1072,-528,-13364,90,339,112
126064412,1056,-468,-13684,111,360,100
126070312,1044,-472,-13692,92,369,87
126075112,960,-400,-13660,94,317,86
126080012,964,-380,-13512,94,346,108
126084812,1044,-440,-13512,77,347,92
126089612,984,-452,-13664,127,340,99
126094412,1060,-436,-13580,87,318,100
126100312,1128,-432,-13660,103,337,95
126105112,1000,-344,-13384,72,343,97
126109912,1108,-488,-13660,124,346,107
126114712,1204,-336,-13664,94,342,110
126119612,992,-448,-13712,78,335,91
126124412,1032,-512,-13480,109,320,91
126130312,1032,-548,-13524,106,347,95
126205810,1036,-508,-13628,101,336,84
126209812,1140,-352,-13692,98,350,89
126330010,1112,-492,-13608,102,346,95
126335070,1052,-392,-13568,118,324,95
126339910,1200,-460,-13624,121,306,97
126344710,1056,-476,-13604,89,324,107
126349512,904,-452,-13560,106,356,100
126355412,968,-424,-13596,95,333,77
126360212,1140,-572,-13536,79,331,83
126365112,1092,-460,-13540,119,326,96
126369912,1072,-420,-13588,91,343,107
126374712,1136,-552,-13516,105,334,109
126379512,1168,-452,-13568,118,312,105
126385412,992,-448,-13404,102,334,103
126390212,964,-476,-13564,93,338,92
126395012,1072,-440,-13520,72,348,81
126399812,1012,-484,-13664,112,333,93
126404712,956,-360,-13592,78,310,99
126501610,1092,-412,-13532,107,349,83
126514112,1152,-316,-13516,145,316,103
126593312,1092,-456,-12648,275,420,121
126594912,1092,-456,-12648,275,420,121
126599812,1140,-320,-14732,4,-5,122
126604612,800,-572,-12020,187,615,111
126609512,1180,-284,-14736,-99,318,70
126615412,1140,-368,-12948,304,424,82
126620212,1216,-448,-13632,-18,244,110
126625012,968,-452,-13760,133,257,109
126629812,944,-608,-13224,73,346,89
126634612,1108,-400,-13720,161,503,104
126639512,1216,-396,-13424,110,242,104
126645412,1116,-572,-13496,70,284,98
126650212,968,-372,-13420,81,266,93
126655012,1128,-412,-13484,141,430,98
126659812,1184,-504,-13584,125,418,109
126664612,1060,-460,-13680,62,270,117
126762112,1040,-480,-13656,78,344,85
126764819,1220,-436,-13588,109,337,112
126769612,1084,-388,-13544,104,347,107
126774412,1288,-432,-13496,104,338,101
126850912,1112,-432,-13656,63,202,93
126854812,1032,-316,-13504,162,243,122
126859612,844,-560,-13388,105,388,100
126864412,956,-512,-13788,54,460,114
126870312,1104,-400,-13900,77,289,91
126875212,1092,-532,-13352,138,293,104
126880012,1000,-296,-13468,73,348,101
126884812,1028,-468,-13464,104,377,92
126889612,1108,-448,-13708,98,372,94
126894412,1092,-456,-13560,81,262,88
126900312,988,-484,-13476,113,331,99
126905112,1140,-384,-13620,97,365,101
126909912,1080,-468,-13592,97,350,96
127008712,712,144,-13004,-167,1129,89
127020911,1468,76,-13216,415,-569,100
127024611,1332,-456,-14408,294,-357,160
127029511,320,-796,-10168,-290,207,87
127035411,368,-392,-12520,141,1234,93
127040211,1616,-144,-16552,219,776,62
127045011,1880,-516,-13880,-84,177,120
127121112,956,-556,-13248,123,139,109
127124812,988,-532,-13032,100,401,90
127129612,1148,-384,-13476,48,497,86
127134412,1216,-412,-14032,116,277,109
127140312,1088,-376,-13508,136,159,106
127145212,820,-500,-13172,76,302,98
127150012,1016,-524,-13396,89,471,110
127154812,1388,-540,-13884,93,360,111
127159612,1184,-444,-13328,122,211,86
127164412,1032,-364,-13344,88,311,107
127170312,1244,-436,-13544,56,232,103
127265511,1244,-436,-13544,56,232,103
127270411,948,-396,-13292,83,305,101
127275211,940,-504,-13448,90,411,92
127280011,1080,-424,-13924,155,379,87
127284811,1168,-488,-13772,75,298,83
127289611,1040,-448,-13468,92,326,114
127294411,1000,-508,-13312,83,386,101
127300411,1072,-368,-13692,125,407,84
127305211,1120,-348,-13676,100,278,107
127405010,628,-792,-17664,-604,399,100
127410110,1828,-20,-11224,551,-64,110
127415012,948,-480,-15616,76,-540,114
127419812,508,-704,-10184,123,531,124
127424612,668,-100,-14696,-474,1280,82
127434611,1956,-380,-14076,-370,-312,110
127439511,488,-372,-13676,199,-7,168
127445411,540,-560,-12360,1,296,70
127544810,1032,-520,-13768,85,376,100
127549810,1208,-464,-13688,104,290,109
127554612,1092,-516,-13304,62,323,84
127559412,1072,-296,-13780,107,360,99
127565312,1104,-396,-13428,73,331,95
127570112,1080,-404,-13504,119,312,122
127574912,1092,-516,-13560,101,359,104
127579712,1076,-428,-13628,76,356,89
127584612,1068,-428,-13768,115,345,108
127589412,952,-476,-13604,96,276,117
127595312,1032,-456,-13316,107,367,76
127600112,1004,-464,-13520,77,391,88
127676511,1088,-508,-13344,105,349,98
127680411,1068,-392,-13544,78,329,84
127685211,1128,-368,-13680,93,305,100
127690011,960,-500,-13664,79,279,104
127694811,1080,-416,-13696,99,338,93
127791912,1072,-332,-13616,103,293,105
127794812,1032,-376,-13560,98,353,99
127799612,1044,-492,-13572,107,335,116
127804412,1084,-472,-13624,103,369,88
127810312,1064,-432,-13536,135,363,112
127815112,1100,-456,-13700,95,300,100
127819912,1096,-380,-13356,98,344,105
127824812,1044,-372,-13420,87,377,81
127829612,1124,-412,-13408,99,335,121
127834412,1084,-504,-13512,115,318,89
127840312,992,-512,-13464,112,292,96
127845112,980,-504,-13536,98,339,87
127849912,1084,-468,-13488,117,371,92
127854712,1084,-336,-13568,125,303,84
127859512,964,-432,-13516,77,336,115
127935410,1204,-500,-13600,64,248,79
127948612,1084,-440,-13864,82,456,94
127950212,1084,-440,-13864,82,456,94
127955012,980,-436,-13804,137,279,106
128049719,1012,-360,-13324,89,316,95
128054810,1000,-344,-13496,75,366,101
128059610,1004,-492,-13832,83,355,99
128064410,1036,-408,-13688,95,344,83
128070311,968,-368,-13464,99,315,106
128075111,988,-488,-13484,94,327,88
128079911,1208,-560,-13660,110,319,96
128084811,1068,-492,-13284,53,379,84
128089611,888,-500,-13684,123,374,115
128094411,1204,-504,-13372,145,324,106
128100311,1140,-336,-13436,106,302,99
128105111,1076,-492,-13656,69,322,93
128109911,972,-420,-13572,81,405,86
128114711,1196,-440,-13648,153,365,103
128119511,1176,-464,-13672,101,264,100
128124411,1016,-392,-13500,70,291,86
128199710,1132,-420,-13708,69,534,95
128298112,1132,-420,-13708,69,534,95
128299712,1304,-432,-14100,96,339,90
128304712,1072,-476,-13652,137,208,104
128309512,928,-312,-13308,75,309,96
128315412,972,-608,-13292,231,494,96
128320212,1152,-404,-13848,-46,307,104
128325012,1200,-320,-13744,209,326,92
128329812,1080,-484,-13292,48,282,86
128334712,1096,-380,-13380,77,373,106
128339512,1020,-300,-13456,87,296,89
128345412,1080,-532,-13508,141,320,106
128350212,964,-564,-13504,62,369,107
128355012,1184,-480,-13704,79,418,81
128359812,984,-504,-13448,68,293,91
128364612,1124,-440,-13488,158,326,83
128369412,1100,-404,-13228,65,313,88
128494412,852,-852,-13240,58,156,132
128510121,1068,-528,-13220,156,434,106
128515012,1152,-304,-13988,26,351,111
128590510,1124,-424,-13624,101,266,107
128595310,1020,-344,-13508,100,386,107
128600112,1060,-492,-13684,86,379,95
128604912,1112,-472,-13728,94,302,111
128609712,1040,-408,-13552,85,306,98
128614512,1060,-508,-13640,75,360,97
128620412,1116,-420,-13632,110,359,85
128625212,1064,-516,-13544,96,317,97
128630112,1060,-472,-13556,104,304,93
128634912,1020,-460,-13564,88,337,84
128639712,1128,-396,-13668,103,343,97
128644512,1076,-436,-13820,93,357,86
128650412,1072,-472,-13448,116,347,122
128655212,1040,-416,-13500,94,351,96
128753610,1112,-340,-13604,126,349,100
128755369,1112,-340,-13604,126,349,100
128760210,1088,-432,-13632,92,329,94
128765010,1072,-444,-13428,90,320,110
128769812,1176,-432,-13420,81,361,101
128774612,1048,-476,-13620,101,326,110
128850811,1104,-400,-13576,103,332,114
128854711,1020,-448,-13536,76,339,118
128859511,1068,-508,-13564,104,352,94
128864411,1132,-428,-13584,124,329,119
128870311,1044,-440,-13440,119,326,108
128875111,1064,-396,-13292,76,343,93
128879911,1052,-436,-13616,148,372,101
128884711,1212,-432,-13676,76,271,87
128889511,1108,-468,-13548,108,320,87
128894411,988,-400,-13568,88,331,90
128900311,1052,-356,-13500,83,362,108
128905111,984,-384,-13356,121,477,102
129000612,984,-384,-13356,121,477,102
129012811,1092,-432,-13724,141,284,97
129015411,1092,-388,-13380,99,219,123
129020211,984,-492,-13344,129,367,110
129025011,1084,-516,-13568,-12,435,92
129029811,1216,-436,-13932,190,400,94
129034611,1168,-388,-13368,69,215,91
129039411,1072,-480,-13404,143,295,99
129115712,1064,-492,-13660,85,341,110
129119612,1092,-432,-13624,82,327,109
129124412,1028,-456,-13468,105,311,88
129130312,1064,-436,-13616,70,316,101
129135112,968,-460,-13592,78,324,87
129140012,1152,-548,-13464,98,338,76
129144812,972,-392,-13660,97,347,84
129149612,1064,-424,-13504,82,333,106
129154412,1012,-388,-13680,112,353,108
129160312,1044,-348,-13480,110,329,100
129258312,1084,-416,-13048,157,404,114
129259912,1040,-284,-13760,45,349,92
129264712,1216,-396,-13764,168,386,93
129269612,1200,-548,-13556,31,300,96
129274412,1156,-492,-13560,139,263,98
129280312,1120,-504,-13176,35,344,97
129285112,1020,-368,-13792,94,425,92
129289912,1036,-444,-13860,127,302,109
129294712,1120,-464,-13476,100,262,110
129299612,1172,-532,-13400,85,328,103
129375712,1084,-408,-13724,110,325,107
129379412,1060,-548,-13492,77,325,103
129385312,1064,-476,-13532,75,330,86
129390112,1036,-460,-13476,96,332,93
129394912,924,-452,-13720,98,332,96
129399712,1088,-440,-13496,96,348,90
129404512,1108,-492,-13548,99,339,103
129529110,1044,-500,-13124,125,426,108
129546211,964,-432,-13372,134,277,90
129550011,1100,-388,-13396,91,383,86
129554911,1072,-476,-13676,82,394,90
129559711,1040,-404,-13796,131,330,90
129564511,1020,-448,-13508,110,268,105
129570411,1120,-424,-13468,107,336,80
129575211,1140,-520,-13460,111,390,104
129580011,1120,-432,-13756,76,339,97
129584911,1088,-404,-13616,140,323,118
129589711,1076,-500,-13496,118,296,92
129594511,1080,-508,-13372,76,353,86
129600411,1136,-404,-13620,105,346,85
129676312,1168,-584,-13540,85,334,86
129680212,1200,-460,-13764,92,374,108
129685012,1032,-436,-13516,96,329,93
129689812,960,-400,-13424,102,348,103
129694612,1064,-388,-13568,105,372,85
129791112,484,-480,-14400,-488,710,76
129794912,860,-648,-13404,341,935,64
129799812,1808,-108,-14484,152,277,59
129804612,1344,-464,-13796,292,-261,146
129809412,600,-648,-12200,-193,121,112
129815312,616,-504,-13264,75,1006,77
129820112,1528,-372,-15104,269,450,65
129824912,1512,-536,-12936,64,156,125
129829712,824,-396,-13684,-54,-97,103
129834512,588,-468,-12484,165,521,114
129839412,1180,-548,-13956,82,671,76
129845312,1396,-416,-14028,90,360,107
129850112,1004,-488,-13616,109,24,89
129854912,868,-432,-12900,105,301,115
129859712,936,-516,-13588,78,509,83
129935511,940,-532,-13044,113,360,103
129948812,1140,-484,-13592,151,334,97
129950312,1124,-500,-13604,70,306,109
130050110,1132,-388,-13644,85,338,98
130055210,1196,-508,-13660,84,328,84
130060010,1080,-368,-13604,106,310,105
130064810,1064,-524,-13504,59,345,117
130069612,1080,-388,-13452,116,347,111
130074412,1052,-436,-13624,118,344,90
130080312,1008,-536,-13548,93,339,97
130085212,1140,-472,-13480,72,342,116
130090012,1200,-456,-13524,89,305,81
130094812,1068,-432,-13748,100,315,114
130099612,1132,-432,-13380,76,306,90
130104412,1032,-408,-13560,93,338,94
130110312,1024,-396,-13428,103,345,121
130115112,1088,-576,-13696,99,305,112
130119912,992,-476,-13504,107,301,102
130124812,1156,-404,-13644,86,341,98
130221712,1012,-380,-13564,113,332,111
130301412,1236,-416,-13808,16,365,82
130305212,1148,-388,-14012,69,54,100
130310012,864,-584,-13052,192,330,109
130314812,1032,-436,-13532,14,470,71
130319612,1252,-504,-13868,166,459,130
130324412,1192,-584,-13672,41,163,110
130330312,936,-404,-13664,151,263,100
130335212,936,-492,-13056,64,386,91
130340012,1148,-496,-13620,66,505,79
130344812,1152,-516,-13816,88,293,98
130349612,1056,-448,-13544,110,222,84
130354412,1036,-468,-13388,83,336,94
130360312,1124,-372,-13624,78,414,88
130365112,1080,-436,-13636,107,353,88
130369912,1064,-428,-13508,49,292,90
130374812,1052,-388,-13608,92,309,101
130471411,1064,-536,-13480,82,322,101
130488412,1156,-444,-13696,96,339,88
130489912,1052,-332,-13600,100,344,108
130494812,956,-472,-13612,97,348,100
130594412,1052,-444,-13664,107,339,93
130599612,976,-380,-13536,84,335,98
130604412,1124,-428,-13504,111,341,86
130610412,1120,-328,-13764,81,334,99
130615212,1080,-448,-13516,84,335,101
130620012,1036,-500,-13672,88,353,85
130624812,1052,-420,-13392,99,334,86
130629612,1088,-468,-13620,82,323,95
130634412,1040,-380,-13564,79,346,114
130640412,996,-448,-13400,98,338,91
130645212,1080,-472,-13628,120,332,122
130650012,1040,-500,-13492,96,353,97
130654812,1112,-432,-13696,103,336,104
130659612,1008,-424,-13552,114,342,93
130756912,976,-492,-13624,89,334,107
130759621,1056,-500,-13544,78,319,109
130764512,1184,-500,-13596,97,329,90
130770412,1052,-356,-13384,73,334,95
130775212,1004,-440,-13540,118,357,95
130780012,1088,-384,-13460,109,341,97
130855410,1112,-516,-13672,90,332,113
130860410,1056,-464,-13556,106,357,74
130865210,1116,-584,-13616,101,327,113
130870010,1020,-440,-13496,84,326,101
130874812,1120,-416,-13428,92,324,91
130879612,1156,-516,-13652,99,350,94
130884412,1120,-572,-13532,66,338,113
130890412,1128,-504,-13592,101,346,78
130895212,1012,-504,-13468,71,318,92
130900012,1032,-428,-13512,109,327,103
130904812,1096,-504,-13504,88,364,102
131002810,1072,-552,-13576,106,324,112
131016419,952,-492,-13544,107,365,103
131020210,936,-400,-13508,121,335,77
131025112,1072,-444,-13584,95,342,99
131029912,1008,-468,-13620,85,350,100
131034712,1076,-512,-13524,92,335,93
131039512,1156,-464,-13492,96,327,111
131045412,1056,-484,-13488,100,352,116
131050212,1028,-384,-13604,107,343,95
131126512,1120,-480,-13576,98,331,81
131130212,1100,-432,-13496,90,352,107
131135012,1072,-452,-13428,104,336,67
131139812,1056,-488,-13712,95,350,89
131144612,1132,-380,-13668,99,349,117
131149412,1132,-380,-13668,99,349,117
131155312,1008,-484,-13620,116,335,118
131160112,1056,-492,-13644,87,325,112
131165012,1020,-512,-13612,81,332,88
131260012,1020,-492,-13568,102,340,101
131264912,1124,-420,-13572,62,335,95
131269712,1080,-512,-13572,95,348,90
131274512,1080,-512,-13572,95,348,90
131280412,1052,-460,-13608,104,358,104
131285212,1028,-504,-13424,101,340,111
131290012,1048,-416,-13576,123,327,92
131294912,1100,-488,-13496,110,320,104
131299712,1128,-420,-13600,85,328,96
131304512,1128,-420,-13600,85,328,96
131310412,956,-336,-13528,97,356,116
131386412,884,-416,-13596,104,317,121
131390112,940,-408,-13576,97,320,88
131394912,1072,-412,-13536,93,348,98
131399712,1072,-292,-13712,105,341,88
131404512,1072,-292,-13712,105,341,88
131410412,1096,-496,-13532,108,355,110
131505812,1156,-520,-13528,86,347,102
131526510,1100,-468,-13632,73,335,101
131530210,1040,-284,-13364,97,363,92
131535012,1108,-320,-13516,104,331,87
131539812,1164,-484,-13672,95,338,85
131544612,1164,-484,-13672,95,338,85
131549412,976,-452,-13612,77,329,111
131555312,1008,-416,-13564,81,375,99
131560112,956,-480,-13684,106,328,97
131565012,1076,-408,-13560,79,353,112
131569812,1056,-388,-13484,113,327,103
131590612,1048,-528,-13672,83,333,90
131594512,1048,-528,-13672,83,333,90
131600412,1112,-516,-13548,98,322,88
131675910,1064,-408,-13716,83,340,110
131679710,932,-440,-13560,88,338,87
131684510,932,-440,-13560,88,338,87
131689411,1116,-408,-13504,118,326,117
131695311,1160,-444,-13564,101,313,110
131791210,1160,-444,-13564,101,313,110
131795112,1020,-464,-13604,92,334,118
131799912,976,-596,-13468,93,345,118
131804812,1080,-472,-13536,74,349,109
131809612,1080,-472,-13536,74,349,109
131814412,1184,-452,-13672,124,345,126
131820312,1096,-496,-13564,113,338,101
131825112,992,-444,-13552,96,335,110
131829912,1132,-424,-13568,84,353,98
131834812,1056,-480,-13516,121,335,97
131839612,1056,-480,-13516,121,335,97
131844412,1140,-448,-13628,102,311,111
131850312,992,-488,-13632,90,339,103
131855112,1180,-376,-13464,115,342,102
131859912,1036,-540,-13540,109,327,96
131936212,1156,-468,-13568,99,341,78
131954112,1064,-436,-13600,74,325,103
131955612,1132,-496,-13696,108,350,90
132053510,1072,-380,-13656,96,344,90
132055012,1112,-476,-13664,109,322,89
132059912,1068,-536,-13552,101,333,105
132064712,1068,-536,-13552,101,333,105
132069612,1080,-420,-13480,111,331,115
132074412,1068,-464,-13468,104,332,94
132080312,1036,-508,-13436,101,320,106
132085112,1044,-448,-13508,91,345,105
132089912,1076,-504,-13488,97,335,101
132094712,1076,-504,-13488,97,335,101
132099512,1092,-404,-13540,110,327,91
132105412,1064,-476,-13636,76,331,88
132110312,1116,-416,-13428,83,336,91
132115112,1060,-484,-13664,90,345,84
132119912,1096,-408,-13504,102,335,106
132124712,1096,-408,-13504,102,335,106
132129512,1096,-400,-13540,113,336,99
132305412,1000,-1264,-13680,-1072,1077,28
132309412,1000,-1264,-13680,-1072,1077,28
132315312,1708,-680,-14984,3,-751,127
132320112,1120,-520,-12824,334,-420,124
132324912,1120,-520,-12824,334,-420,124
132329712,432,-624,-11208,-295,126,91
132334512,384,-372,-12548,412,1025,69
132339412,1224,-416,-14392,-125,1512,64
132345312,1088,-468,-13756,338,-555,143
132350112,632,-448,-12888,116,-151,103
132354912,632,-448,-12888,116,-151,103
132359712,616,-608,-11296,85,883,82
132364512,1184,-376,-15312,-72,1119,70
132370412,1304,-488,-14112,155,-382,119
132375212,664,-592,-12568,24,191,91
132380112,640,-272,-12612,208,898,110
132476312,1288,-468,-13768,100,212,93
132493411,1096,-400,-13572,85,514,97
132494911,1096,-400,-13572,85,514,97
132499811,1288,-344,-13760,105,355,92
132601510,1000,-480,-13592,108,346,86
132605310,1068,-388,-13648,116,342,96
132610112,1092,-588,-13580,110,319,96
132614912,1092,-588,-13580,110,319,96
132619712,1044,-452,-13424,74,329,79
132624612,1064,-436,-13732,91,377,96
132629412,1080,-384,-13696,95,343,85
132635312,1032,-516,-13364,99,300,82
132640112,1124,-524,-13568,88,372,93
132644912,1124,-524,-13568,88,372,93
132649712,1192,-448,-13784,64,400,96
132654512,1208,-452,-13764,102,310,96
132660412,1056,-556,-13248,94,344,116
132665312,1172,-512,-13548,79,400,88
132764510,1008,-432,-13736,95,344,95
132770410,1016,-516,-13408,131,353,112
132775212,1088,-428,-13504,99,368,107
132780012,1088,-428,-13504,99,368,107
132784812,1068,-312,-13476,20,419,101
132789712,1076,-464,-13904,139,344,99
132865410,1072,-388,-13428,116,343,93
132870310,1004,-496,-13364,103,348,97
132875110,1132,-428,-13672,111,340,97
132880011,1132,-428,-13672,111,340,97
132884811,956,-416,-13376,83,314,99
132889611,988,-448,-13708,105,327,79
132894411,1020,-452,-13352,98,336,95
132900311,1016,-460,-13644,96,316,109
132905111,1016,-460,-13644,96,316,109
132909911,964,-436,-13368,84,359,99
132914711,1104,-544,-13268,128,349,93
133010410,1036,-468,-13536,100,441,86
133031110,976,-404,-12984,120,382,90
133034810,976,-404,-12984,120,382,90
133039612,1140,-376,-13628,43,493,96
133044412,1336,-412,-14140,102,308,94
133050312,792,-500,-13004,105,215,102
133055112,792,-500,-13004,105,215,102
133059912,1056,-484,-13352,56,468,87
133064712,1024,-432,-14008,98,444,99
133140110,1000,-384,-13608,116,256,98
133145110,984,-412,-13276,65,334,78
133149912,1016,-556,-13184,82,459,84
133154712,1044,-360,-14016,76,347,91
133159512,1084,-532,-13664,135,251,111
133164412,896,-440,-13496,85,316,103
133170312,964,-428,-13644,79,394,100
133175112,964,-428,-13644,79,394,100
133179912,1088,-372,-13408,127,311,97
133275512,1128,-456,-13520,69,285,103
133280412,1008,-492,-13684,53,341,90
133285212,1008,-492,-13684,53,341,90
133290012,1072,-412,-13476,93,397,88
133294812,1072,-492,-13568,84,356,96
133299612,1116,-516,-13616,78,311,109
133304412,1004,-480,-13524,83,305,117
133310312,1100,-424,-13716,94,351,90
133315212,1100,-424,-13716,94,351,90
133320012,1100,-532,-13536,101,321,91
133324812,980,-476,-13628,73,324,102
133400010,1092,-372,-13608,93,336,90
133405010,1124,-404,-13648,100,327,85
133409812,980,-432,-13572,82,341,112
133414612,960,-440,-13552,106,350,108
133419412,1064,-468,-13668,101,342,86
133425412,1024,-352,-13424,78,342,103
133533610,1036,-548,-13496,114,359,110
133535210,1036,-548,-13496,114,359,110
133540112,1092,-448,-13592,94,326,88
133544912,1032,-388,-13572,127,340,117
133549712,1156,-496,-13584,85,356,100
133554512,1012,-444,-13640,111,338,94
133560412,1136,-472,-13620,125,341,86
133565212,1136,-472,-13620,125,341,86
133570012,1020,-468,-13392,106,320,94
133574812,1116,-500,-13608,114,350,108
133596810,1200,-480,-13432,108,349,97
133599512,1200,-480,-13432,108,349,97
133604412,1136,-472,-13600,103,317,96
133610312,1076,-436,-13608,111,348,104
133686712,1136,-416,-13744,100,350,88
133690512,1132,-432,-13532,93,317,93
133695412,1132,-432,-13532,93,317,93
133700212,1096,-420,-13648,111,328,93
133705012,1180,-504,-13528,113,338,108
133800812,1172,-460,-13484,87,319,110
133804612,1172,-460,-13484,87,319,110
133809412,1008,-528,-13456,108,324,109
133815412,1012,-428,-13724,79,332,108
133820212,1036,-424,-13636,108,326,101
133825012,1020,-312,-13604,99,331,81
133829812,1120,-392,-13492,85,359,97
133834612,1064,-384,-13564,115,330,84
133839412,1012,-384,-13688,118,329,83
133845312,1008,-408,-13552,83,340,107
133850112,992,-448,-13604,93,352,119
133855012,1040,-424,-13652,98,335,99
133859812,1024,-512,-13488,115,333,103
133864612,1056,-436,-13640,95,330,100
133869412,1052,-436,-13512,109,346,90
133945512,1120,-388,-13536,96,331,108
133957812,1140,-364,-13596,112,330,94
133960412,1140,-364,-13596,112,330,94
134058710,984,-512,-13560,77,317,82
134060310,984,-512,-13560,77,317,82
134065212,1012,-396,-13664,109,348,99
134070012,1020,-456,-13416,90,360,96
134074812,1128,-496,-13480,74,345,119
134079612,1072,-552,-13544,118,288,111
134084412,1124,-516,-13392,95,292,100
134090312,1012,-588,-13532,92,328,74
134095212,1020,-572,-13672,60,335,87
134100012,1024,-512,-13468,116,345,116
134104812,928,-416,-13632,82,319,101
134109612,984,-484,-13564,91,341,78
134114412,1088,-384,-13676,63,355,98
134120312,1124,-456,-13532,106,332,110
134125112,1044,-352,-13608,84,299,80
134129912,1132,-512,-13420,76,350,105
134134812,1020,-496,-13632,97,334,88
134309012,1148,-468,-13552,96,335,92
134310712,1064,-560,-13700,96,322,101
134314512,1064,-560,-13700,96,322,101
134320412,1164,-404,-13488,76,340,83
134325312,1032,-384,-13804,83,348,111
134330112,1116,-428,-13600,109,348,82
134334912,1124,-460,-13560,95,334,93
134339712,1016,-420,-13592,119,323,102
134344512,1076,-416,-13680,75,330,84
134350412,1164,-452,-13712,105,363,90
134355212,1116,-372,-13572,83,337,90
134360012,1064,-484,-13632,93,370,91
134364912,1008,-512,-13556,115,328,107
134369712,1196,-392,-13600,117,321,91
134374512,1120,-328,-13692,111,303,94
134380412,968,-452,-13532,105,342,106
134385212,1064,-480,-13344,39,437,87
134479810,1064,-480,-13344,39,437,87
134497012,1288,-424,-13144,64,458,96
134499612,1288,-424,-13144,64,458,96
134575412,1016,-408,-13492,101,248,104
134599712,920,-504,-13308,96,384,117
134604912,1088,-532,-13656,84,396,110
134609712,1264,-408,-13572,81,372,87
134614512,1016,-356,-13776,121,236,109
134620412,936,-332,-13456,96,278,100
134625212,1024,-356,-13444,66,448,103
134630012,1252,-440,-13832,79,400,93
134634912,1012,-524,-13492,99,262,92
134639712,1036,-492,-13784,116,248,107
134644512,948,-628,-13320,35,355,97
134650412,1040,-264,-13552,96,440,103
134655212,1212,-392,-13624,110,281,117
134660012,964,-332,-13244,117,285,88
134664812,932,-420,-13680,67,315,117
134763912,952,-408,-13520,106,353,106
134765512,952,-408,-13520,106,353,106
134770412,1056,-516,-13520,96,318,110
134775212,980,-488,-13400,93,372,112
134780012,1168,-500,-13600,54,350,102
134855810,1108,-440,-13412,101,334,106
134859711,1028,-400,-13612,110,354,93
134864511,1044,-424,-13412,83,355,85
134870411,1072,-556,-13620,112,343,105
134875211,1108,-488,-13692,73,309,103
134880011,1108,-500,-13316,107,372,104
134884911,1112,-380,-13588,103,330,99
134889711,1080,-484,-13416,118,311,95
134894511,1024,-472,-13436,105,301,98
134900411,1092,-552,-13480,100,337,97
134905211,1064,-496,-13636,73,334,96
134910011,1084,-444,-13704,107,376,100
134914811,1040,-512,-13560,99,340,104
135010212,1040,-512,-13560,99,340,104
135022511,980,-456,-13724,99,327,100
135025111,980,-456,-13724,99,327,100
135030011,1016,-492,-13664,106,351,94
135034811,1108,-340,-13524,92,357,92
135039611,1040,-468,-13504,93,344,88
135044411,1064,-420,-13508,109,337,95
135120712,1132,-464,-13680,102,339,106
135124412,1004,-508,-13584,87,360,107
135130312,980,-432,-13576,119,312,104
135135112,1092,-408,-13688,102,345,94
135139912,1112,-404,-13684,104,331,87
135144712,1008,-452,-13588,99,357,99
135149512,1028,-476,-13672,91,356,91
135155412,1012,-384,-13620,104,348,89
135160312,1128,-336,-13564,83,330,85
135165112,996,-344,-13568,85,349,81
135169912,1092,-516,-13588,98,362,70
135267011,1092,-464,-13636,93,343,88
135269811,1092,-464,-13636,93,343,88
135274611,1060,-372,-13508,110,323,80
135279411,1064,-424,-13508,91,344,94
135285311,1028,-484,-13608,94,357,95
135290211,1016,-436,-13644,101,334,107
135295011,1028,-488,-13448,119,342,116
135299811,1124,-428,-13516,93,326,88
135304611,1140,-468,-13640,108,314,115
135380310,1108,-408,-13360,95,365,90
135385110,1020,-472,-13668,81,336,90
135390012,1148,-392,-13536,109,345,112
135394812,1152,-480,-13660,112,301,97
135399612,1052,-472,-13484,94,333,116
135404412,1076,-428,-13720,92,356,102
135410312,1032,-524,-13704,106,357,102
135415112,1108,-396,-13444,104,320,98
135513012,1056,-440,-13568,71,335,97
135526112,988,-400,-13652,108,352,105
135529912,916,-392,-13372,80,345,96
135534712,1076,-452,-13552,73,305,91
135539512,1064,-528,-13764,74,333,100
135545412,920,-532,-13584,109,364,114
135550212,1072,-364,-13472,115,335,107
135555012,1052,-440,-13428,83,349,90
135559912,1140,-424,-13552,87,335,110
135564712,1040,-504,-13560,90,349,115
135569512,1044,-356,-13272,116,359,84
135575412,1060,-348,-13548,99,305,91
135675515,1096,-344,-13604,96,342,94
135680412,980,-692,-13744,116,363,97
135685212,1140,-312,-13452,88,341,102
135690012,1100,-404,-13508,86,321,104
135694812,948,-444,-13584,85,349,107
135699612,1084,-340,-13544,104,362,87
135794712,1084,-340,-13544,104,362,87
135799712,1160,-440,-13576,119,289,101
135804512,1044,-528,-13536,83,301,85
135810412,1076,-268,-13620,86,367,92
135815212,924,-492,-13632,124,392,102
135820012,1200,-416,-13580,103,350,98
135824812,1008,-512,-13432,137,330,94
135829712,1052,-436,-13636,102,313,83
135834512,1160,-456,-13544,68,365,107
135840412,1084,-420,-13612,114,344,96
135845212,1248,-452,-13576,113,313,95
135850012,888,-464,-13552,100,313,89
135854812,1044,-420,-13456,82,332,101
135859612,1020,-352,-13668,85,345,90
135935512,1096,-504,-13480,115,306,108
135959611,1044,-380,-13600,143,314,80
135964511,1112,-432,-13508,103,292,97
136064012,1024,-400,-13604,68,348,99
136065612,1024,-400,-13604,68,348,99
136070412,1112,-336,-13628,110,374,107
136075312,1128,-464,-13396,100,323,104
136080112,1112,-560,-13644,129,307,95
136084912,1076,-332,-13552,109,349,114
136089712,1068,-408,-13336,92,325,94
136094512,1132,-348,-13732,128,332,77
136100412,1012,-592,-13504,91,329,104
136105212,1124,-392,-13652,86,338,102
136110012,1064,-444,-13568,95,327,86
136114912,1036,-456,-13480,107,323,114
136119712,1076,-452,-13676,90,345,104
136124512,1052,-456,-13460,95,364,98
136130412,1152,-244,-13680,89,344,84
136135212,1084,-544,-13616,103,325,104
136140012,1160,-376,-13528,85,357,104
136313212,1060,-424,-13440,84,344,101
136314812,1060,-424,-13440,84,344,101
136319612,1016,-468,-13544,79,347,86
136324412,1004,-328,-13588,116,325,118
136330312,1100,-324,-13540,77,323,79
136335212,1000,-540,-13648,108,341,96
136340012,1132,-472,-13752,90,339,99
136344812,1116,-440,-13488,110,319,99
136349612,1112,-460,-13620,89,329,87
136354412,1052,-480,-13444,120,342,120
136360312,1168,-324,-13596,111,339,93
136365112,1172,-448,-13536,105,322,93
136369912,1016,-484,-13668,95,362,103
136374812,1040,-388,-13520,97,327,84
136379612,1068,-460,-13664,120,319,77
136384412,1140,-384,-13604,92,318,102
136485010,1148,-404,-13488,85,330,93
136498412,1088,-416,-13580,100,325,103
136499912,1088,-416,-13580,100,325,103
136504712,1048,-472,-13484,93,325,99
136580810,1056,-352,-13436,102,357,74
136584710,1128,-376,-13784,99,345,107
136589511,1084,-504,-13556,95,343,99
136595411,1112,-388,-13660,124,315,99
136600211,1032,-372,-13584,93,351,99
136605111,996,-412,-13640,90,341,89
136609911,1036,-456,-13472,107,330,107
136614711,1052,-468,-13656,114,330,97
136619511,1052,-452,-13536,94,323,106
136625411,984,-516,-13520,107,335,108
136630211,1200,-364,-13584,82,346,89
136635011,1112,-532,-13436,95,349,98
136639811,1044,-536,-13580,118,363,88
136644711,972,-392,-13548,121,320,103
136768112,1076,-476,-13616,118,336,96
136769712,1076,-476,-13616,118,336,96
136774712,1068,-512,-13572,105,343,95
136779512,1064,-432,-13532,73,331,107
136785412,1008,-408,-13672,94,334,102
136790212,1036,-424,-13600,133,362,86
136866112,1012,-380,-13628,124,337,76
136869812,976,-512,-13488,92,296,99
136874612,1108,-472,-13536,71,346,94
136879412,980,-464,-13548,80,349,98
136885312,968,-452,-13504,117,354,106
136890112,1092,-424,-13680,105,320,105
136894912,1052,-516,-13440,80,329,88
136899712,1012,-440,-13516,100,337,94
136904612,1032,-420,-13604,97,338,103
136909412,1104,-424,-13504,99,331,75
136915312,1060,-484,-13596,94,351,98
137013712,1136,-496,-13628,112,346,115
137034411,1044,-476,-13608,102,324,90
137040411,1200,-444,-13568,84,317,114
137045311,1088,-460,-13668,83,356,115
137050111,1016,-336,-13708,86,336,90
137054911,1056,-532,-13356,100,330,87
137059711,1140,-492,-13604,93,319,86
137064511,1044,-500,-13492,85,351,97
137070411,1064,-408,-13592,106,329,110
137146010,1024,-324,-13604,87,341,102
137149710,1004,-532,-13612,102,335,127
137154512,1132,-312,-13476,103,297,102
137160412,920,-404,-13544,118,340,92
137165212,1128,-472,-13660,107,332,103
137170112,1104,-332,-13680,77,335,103
137174912,1044,-432,-13820,98,348,78
137179712,1040,-352,-13508,79,345,88
137279210,952,-424,-13608,103,336,100
137280810,952,-424,-13608,103,336,100
137284612,1060,-460,-13496,105,301,92
137289412,1072,-500,-13512,110,326,101
137295312,1048,-344,-13684,79,324,106
137300112,1132,-496,-13628,115,359,94
137304912,996,-348,-13776,100,308,104
137309712,1068,-420,-13484,107,357,81
137314512,1092,-456,-13504,96,335,102
137320412,956,-456,-13640,88,338,96
137325312,1168,-496,-13504,83,347,97
137330112,964,-400,-13592,105,334,87
137406111,1176,-368,-13640,94,321,78
137410011,1036,-456,-13540,91,336,96
137414811,1128,-436,-13600,116,341,101
137419711,1016,-568,-13564,84,340,93
137424511,976,-392,-13532,80,325,73
137437812,1052,-388,-13548,114,361,114
137440412,1052,-388,-13548,114,361,114
137538212,1068,-404,-13532,90,305,107
137539877,1068,-404,-13532,90,305,107
137544712,1128,-452,-13616,115,339,78
137549512,1016,-500,-13500,117,354,101
137555412,1032,-440,-13572,90,335,95
137560212,1036,-420,-13612,99,327,95
137565012,1180,-484,-13540,106,343,90
137569912,980,-544,-13600,104,338,77
137574712,1072,-472,-13628,114,320,98
137579512,1084,-480,-13696,97,338,108
137585412,1104,-476,-13620,91,323,120
137590212,936,-456,-13668,112,328,99
137595012,1068,-508,-13404,84,333,92
137670910,1064,-436,-13504,95,328,96
137674710,1040,-412,-13540,75,343,100
137679510,1000,-432,-13712,123,362,92
137684411,984,-400,-13492,113,340,89
137808010,1152,-492,-13668,106,347,78
137809779,1152,-492,-13668,106,347,78
137814610,1012,-520,-13512,88,319,83
137819410,1044,-416,-13424,105,347,93
137825312,1072,-472,-13688,77,322,84
137830112,1064,-468,-13456,111,338,78
137834912,1044,-552,-13532,98,345,78
137839812,1112,-396,-13684,104,314,106
137844612,1144,-424,-13464,99,321,90
137849412,1108,-488,-13660,88,310,107
137855312,992,-300,-13460,103,326,106
137860112,1036,-484,-13684,76,330,104
137864912,1052,-404,-13500,96,357,90
137869712,1064,-380,-13464,108,349,116
137874512,1072,-420,-13572,104,324,120
137879412,1120,-592,-13556,103,327,103
137955512,1060,-392,-13572,83,337,113
137972212,1088,-500,-13416,109,349,101
137974812,1420,-492,-14044,454,-67,102
138069612,1420,-492,-14044,454,-67,102
138074512,896,-408,-13024,28,-241,109
138080412,692,-508,-11952,107,543,111
138085312,876,-588,-13952,-72,949,90
138090112,1652,-344,-14912,111,383,86
138094912,1204,-436,-14068,196,-166,120
138099712,676,-536,-12212,145,177,90
138104512,772,-436,-13052,54,731,102
138110412,1280,-524,-14048,56,609,101
138115312,1424,-384,-14528,164,138,107
138120112,1056,-360,-13184,128,11,87
138124912,860,-504,-12752,93,478,108
138129712,1016,-480,-13656,40,568,98
138134512,1308,-404,-14196,131,330,105
138140412,1160,-560,-13616,122,116,95
138145212,1024,-436,-13572,114,368,103
138241312,1024,-436,-13572,114,368,103
138320210,1000,-448,-13648,105,344,97
138325210,1060,-444,-13372,81,344,97
138330012,956,-408,-13588,104,349,90
138334812,1080,-380,-13432,96,360,106
138339612,1076,-488,-13488,85,323,81
138344512,1016,-432,-13524,94,343,92
138350412,1160,-404,-13516,103,339,96
138355212,1028,-468,-13644,79,339,102
138360012,1024,-404,-13404,102,334,84
138364812,1084,-448,-13572,83,344,86
138369612,1092,-504,-13556,102,367,92
138374412,1148,-396,-13620,77,350,99
138380312,1096,-420,-13628,112,329,103
138385212,1024,-432,-13524,104,323,81
138390012,1232,-400,-13628,90,348,114
138394812,908,-500,-13128,204,351,84
138490210,908,-500,-13128,204,351,84
138502411,1136,-524,-13684,69,212,88
138505211,1136,-524,-13684,69,212,88
138510011,1024,-412,-13464,150,260,92
138585512,948,-376,-13496,119,348,118
138589412,1052,-572,-13456,121,326,94
138595312,1048,-416,-13616,104,310,93
138600112,1152,-420,-13668,107,336,105
138604912,1004,-356,-13516,85,337,92
138609712,1088,-432,-13488,100,334,116
138614512,1032,-440,-13524,91,333,88
138620412,1052,-552,-13684,82,366,95
138625312,1004,-456,-13684,104,335,111
138630112,1012,-324,-13520,99,337,97
138634912,1056,-592,-13540,84,329,96
138639712,1144,-428,-13520,106,354,104
138644512,1168,-396,-13580,90,337,104
138650412,1076,-356,-13520,104,313,86
138747712,812,220,-14036,232,851,93
138750668,812,220,-14036,232,851,93
138754412,1104,-1096,-14172,-448,648,62
138760312,1476,188,-15160,431,82,77
138765112,1032,-612,-12668,301,-309,126
138769912,760,-740,-11812,-72,282,102
138870012,1148,-352,-13644,116,341,101
138875012,1184,-432,-13480,117,352,99
138879912,1112,-420,-13508,100,326,96
138884712,936,-400,-13484,87,323,90
138889512,1040,-440,-13524,90,343,102
138895412,1132,-476,-13496,73,364,65
138900212,1080,-412,-13680,94,378,107
138905012,1028,-520,-13632,79,283,97
138909812,1032,-420,-13476,84,306,107
138914612,1032,-440,-13344,97,361,85
138919512,1092,-472,-13576,94,383,102
139017612,1024,-500,-13584,118,350,109
139038311,1120,-416,-13460,89,358,102
139039811,1120,-416,-13460,89,358,102
139044811,1136,-472,-13528,82,349,100
139049611,1000,-420,-13672,100,347,93
139054411,1012,-504,-13452,130,321,83
139060311,1112,-432,-13448,110,349,91
139065111,1180,-456,-13544,82,348,97
139069911,1016,-468,-13516,113,327,100
139145910,1040,-452,-13572,128,353,100
139149814,908,-504,-13588,102,345,101
139154612,1152,-488,-13484,98,359,91
139159412,1144,-316,-13628,114,339,106
139165312,1076,-468,-13448,87,340,125
139170112,1084,-492,-13564,91,338,97
139175012,1176,-328,-13488,111,334,100
139179812,1148,-444,-13512,61,314,94
139184612,1156,-436,-13468,83,330,95
139283512,1128,-372,-13580,110,324,122
139285112,1128,-372,-13580,110,324,122
139289912,1112,-492,-13508,81,315,101
139294712,1060,-460,-13604,77,317,88
139299512,980,-468,-13816,81,356,103
139305412,1036,-484,-13664,108,340,87
139310212,992,-480,-13616,97,335,99
139315012,1012,-428,-13636,88,295,90
139319812,1180,-504,-13488,83,331,116
139324712,1032,-468,-13672,130,346,106
139329512,1068,-516,-13504,78,340,107
139405511,1100,-340,-13888,-30,366,97
139409411,1176,-348,-14128,169,240,113
139415311,972,-468,-13320,137,204,85
139420211,1088,-524,-13356,44,400,100
139425011,1088,-476,-13596,85,450,92
139449310,1200,-452,-13932,29,361,126
139450810,1200,-452,-13932,29,361,126
139454612,1136,-484,-13844,121,277,92
139553312,1024,-412,-13544,79,321,96
139554912,1024,-412,-13544,79,321,96
139559712,1152,-528,-13592,76,339,93
139564612,1132,-448,-13568,82,350,105
139569412,1096,-448,-13744,93,320,98
139575312,1104,-452,-13688,88,335,93
139580112,1020,-520,-13556,103,324,105
139584912,1104,-480,-13628,99,335,86
139589712,1016,-456,-13544,80,328,61
139594612,1128,-496,-13432,114,338,94
139599412,1024,-480,-13640,106,349,99
139605312,924,-400,-13528,96,339,83
139680610,1084,-448,-13616,91,341,98
139685410,1008,-464,-13432,109,344,85
139690212,1088,-476,-13560,97,327,96
139695012,1132,-456,-13580,102,343,90
139699812,1028,-416,-13448,121,337,118
139798512,980,-544,-13472,101,331,107
139800112,980,-544,-13472,101,331,107
139805012,1096,-500,-13624,94,348,124
139809812,1092,-376,-13520,93,342,108
139814612,1040,-492,-13548,94,354,120
139819412,1064,-424,-13700,102,321,109
139825312,1060,-476,-13652,83,323,100
139830112,1016,-496,-13532,98,338,88
139834912,1024,-332,-13576,89,349,82
139839712,1072,-468,-13516,79,324,92
139844612,1068,-528,-13552,100,313,103
139865412,1008,-436,-13600,116,305,82
139870412,1072,-364,-13564,92,359,88
139875212,1020,-404,-13604,108,348,113
139880012,1084,-472,-13612,119,348,87
139956211,1092,-388,-13628,112,348,93
139973312,1052,-372,-13640,79,340,97
139974812,1052,-372,-13640,79,340,97
139979812,1168,-428,-13492,107,326,101
139984612,1048,-440,-13536,95,331,95
140081612,1052,-416,-13468,69,338,95
140085412,1004,-484,-13688,103,332,98
140090312,1044,-472,-13600,97,368,90
140095112,1052,-584,-13476,88,346,98
140099912,1032,-456,-13740,105,350,112
140104712,1100,-536,-13476,119,344,90
140109512,1104,-408,-13564,110,328,107
140115412,1136,-444,-13564,92,324,97
140120212,1056,-444,-13588,88,364,97
140125012,996,-440,-13544,109,363,98
140129912,1028,-440,-13512,107,352,96
140134712,1028,-492,-13580,108,343,86
140139512,1012,-472,-13620,75,353,102
140145412,1144,-520,-13748,89,333,97
140150212,1096,-456,-13628,90,334,113
140225812,1116,-420,-13508,113,356,102
140229512,1004,-436,-13584,118,348,103
140328212,1040,-404,-13360,119,326,94
140329812,1040,-404,-13360,119,326,94
140334612,1060,-456,-13736,97,324,99
140339412,1192,-456,-13504,94,352,93
140345312,1108,-440,-13628,92,349,73
140350212,1016,-432,-13516,85,306,95
140355012,1064,-456,-13708,108,335,88
140359812,1036,-516,-13404,116,337,105
140364612,1128,-400,-13584,92,326,97
140369412,1124,-360,-13552,131,357,93
140375312,1032,-496,-13424,83,349,90
140380112,972,-440,-13668,88,336,116
140384912,1112,-420,-13532,76,351,92
140389812,1024,-456,-13616,83,332,91
140394612,1052,-368,-13492,103,363,117
140399412,1012,-388,-13548,101,316,96
140499212,2052,-2188,-20760,-2612,-1008,104
140519910,3904,-1964,-20936,-428,309,-6
140599812,944,-524,-13840,47,-66,104
140604912,688,-260,-13204,167,292,103
140609712,972,-456,-13296,39,483,68
140614612,1456,-476,-13888,96,500,99
140619412,1116,-388,-13580,91,165,113
140625312,1120,-480,-13304,125,292,94
140630112,1076,-440,-13744,85,451,102
140634912,1184,-332,-14072,97,292,93
140639712,936,-396,-13488,140,213,99
140644512,744,-444,-13048,65,333,107
140650412,1080,-528,-13640,109,575,92
140655312,1432,-508,-13992,61,309,83
140660112,1236,-492,-13656,148,184,119
140664912,888,-404,-13316,101,209,102
140669712,908,-404,-13160,80,484,108
140769210,996,-432,-13476,98,299,90
140770712,996,-432,-13476,98,299,90
140774512,1036,-320,-13356,80,388,82
140779412,1048,-468,-13348,123,347,115
140785312,1140,-492,-13636,103,323,87
140884811,1068,-468,-13464,84,352,119
140889811,1096,-376,-13732,78,334,104
140894611,1096,-444,-13556,115,313,87
140899411,1076,-456,-13488,119,351,80
140905311,1032,-456,-13652,106,349,92
140910111,1032,-408,-13544,110,372,101
140914911,1100,-484,-13508,110,327,117
140919711,1012,-576,-13436,98,278,100
140924511,1092,-476,-13452,90,332,97
140934412,1080,-404,-13536,68,337,93
140940312,1076,-492,-13460,129,319,116
140945112,940,-368,-13432,82,356,96
140949912,896,-416,-13620,82,450,92
141047612,1044,-512,-13880,109,271,99
141050312,1044,-424,-13504,96,266,110
141055112,1048,-428,-13576,93,336,102
141059912,1012,-560,-13500,84,375,99
141064712,1128,-484,-13828,90,322,88
141069512,1112,-516,-13632,93,285,80
141075412,1048,-468,-13428,94,326,107
141151310,1060,-404,-13540,113,341,85
141155211,1092,-392,-13524,120,327,88
141160011,1132,-436,-13628,98,330,108
141164811,1188,-468,-13428,97,327,112
141169611,1108,-420,-13724,88,321,122
141174411,1136,-380,-13656,81,340,86
141180311,1112,-456,-13508,132,334,100
141185111,1128,-592,-13396,77,320,98
141189911,1036,-568,-13604,95,324,82
141194811,1160,-436,-13588,119,334,87
141294710,1040,-404,-13544,81,340,104
141299610,1036,-364,-13524,100,322,87
141304410,1060,-348,-13520,115,330,100
141310412,1216,-484,-13576,108,350,79
141315212,1016,-436,-13564,99,343,106
141320012,1040,-404,-13556,85,360,100
141324812,1172,-468,-13616,106,328,109
141329612,1116,-432,-13500,86,366,101
141334412,1036,-348,-13544,113,330,88
141340312,1084,-488,-13452,126,334,90
141416611,1052,-532,-13472,93,335,100
141419411,1072,-488,-13492,116,352,100
141425311,1104,-416,-13544,76,335,98
141435212,1100,-360,-13564,116,340,117
141440312,1072,-404,-13560,88,332,113
141445112,988,-432,-13644,94,347,92
141450012,1148,-476,-13564,103,321,104
141454812,1084,-432,-13676,112,328,99
141550312,1084,-432,-13676,112,328,99
141555312,1016,-536,-13624,109,303,121
141560112,1016,-484,-13436,91,326,92
141564912,1120,-372,-13672,99,356,94
141569712,1104,-420,-13540,90,349,110
141574512,1104,-468,-13588,112,304,94
141580412,1124,-340,-13420,115,301,116
141585212,1104,-372,-13368,65,340,118
141590112,1028,-528,-13628,107,378,79
141594912,1136,-456,-13800,104,335,109
141599712,1140,-484,-13536,97,300,117
141604512,1040,-412,-13440,70,321,105
141680912,1160,-532,-13644,76,321,98
141684612,1024,-412,-13508,91,319,115
141689412,1072,-400,-13440,93,347,108
141695312,1080,-516,-13648,99,343,87
141700212,1000,-380,-13560,92,344,70
141797312,1080,-388,-13604,115,326,99
141800112,1100,-384,-13492,113,325,105
141804912,928,-420,-13532,115,328,104
141809712,1024,-436,-13472,116,331,94
141814512,1116,-412,-13392,86,315,95
141820412,1108,-452,-13688,80,319,97
141825212,940,-316,-13544,107,328,85
141830112,1128,-408,-13616,104,324,111
141834912,1016,-388,-13704,95,342,106
141839712,1064,-456,-13620,104,345,92
141844512,1120,-492,-13696,83,333,104
141850412,1044,-532,-13572,119,349,110
141855212,1068,-356,-13432,105,323,107
141860012,1048,-384,-13500,92,353,81
141880910,1064,-416,-13636,79,340,104
141961310,1028,-436,-13524,85,333,83
141974612,1176,-440,-13596,139,332,94
141979412,1060,-384,-13552,89,348,87
142079312,1048,-380,-13508,64,347,102
142080977,1048,-380,-13508,64,347,102
142084712,1076,-404,-13700,106,344,108
142089512,1068,-488,-13680,107,322,84
142095412,1140,-396,-13524,88,341,98
142100212,1060,-500,-13732,108,320,90
142105012,1132,-396,-13608,99,313,93
142109912,1124,-404,-13580,94,305,90
142114712,964,-404,-13648,76,296,112
142119512,1108,-432,-13524,52,341,79
142125412,1204,-1280,-13992,132,376,81
142130212,1792,-212,-12552,335,558,100
142135012,632,-464,-14776,307,105,118
142139812,1028,-584,-11560,-235,650,116
142144612,1224,-64,-15564,286,428,94
142149512,1268,-548,-11952,116,222,130
142155412,2456,4388,-12788,-2100,3085,22
142330510,1192,-24,-11604,16,679,87
142334512,1268,-484,-16108,-250,-431,86
142340412,344,-508,-11492,473,434,102
142345312,956,-420,-14172,-270,477,54
142350112,1536,-424,-13708,393,655,110
142354912,1108,-636,-13856,-202,11,110
142359712,904,-292,-13836,352,220,115
142364512,868,-420,-12600,-28,325,87
142370412,1260,-416,-13760,111,673,104
142375312,1320,-280,-13976,94,228,89
142380112,1016,-628,-13784,154,257,113
142384912,868,-584,-13072,52,274,94
142389712,1140,-388,-13600,135,493,73
142394512,1312,-460,-13508,78,276,94
142400412,1052,-260,-13664,107,308,97
142405212,868,-420,-13512,100,294,118
142501811,1060,-376,-13784,119,379,114
142515412,1048,-544,-13592,80,386,91
142520312,1112,-424,-13504,102,383,99
142525212,1100,-492,-13808,113,324,90
