timestamp_ms,ir_ambient_c,ir_object_c,sound_peak,sound_volts,ax,ay,az,gx,gy,gz,mx,my,mz
5324,25.77,26.11,0,0.0,1172,-2220,-14308,836,830,8367,0,0,0
5329,25.77,26.11,0,0.0,1220,-1884,-6464,-737,2514,8715,0,0,0
5334,25.77,26.11,0,0.0,976,680,-14612,-1305,1064,8787,0,0,0
5339,25.77,26.11,0,0.0,496,68,-13568,-698,-55,8830,0,0,0
5345,25.77,26.11,0,0.0,1052,256,-18284,558,702,8784,0,0,0
5350,25.77,26.11,0,0.0,2468,-1492,-12228,35,-141,8710,0,0,0
5354,25.77,26.11,0,0.0,1628,-1100,-13224,-552,95,8750,0,0,0
5359,25.77,26.11,0,0.0,508,-644,-11852,-1184,-200,8615,0,0,0
5364,25.77,26.11,0,0.0,844,-332,-14096,-167,488,8431,0,0,0
5452,25.77,26.11,0,0.0,1044,-68,-13536,63,380,3915,0,0,0
5485,25.77,26.11,4199,0.846,976,-452,-13116,325,201,3487,0,0,0
5490,25.77,26.11,8599,1.732,992,-908,-12896,182,544,3587,0,0,0
5495,25.77,26.11,5339,1.075,752,-708,-13556,88,737,3695,0,0,0
5499,25.77,26.11,10278,2.07,1204,-772,-13092,-88,899,3761,0,0,0
5504,25.77,26.11,9497,1.913,1252,-196,-13920,-765,798,3859,0,0,0
5509,25.77,26.11,6812,1.372,1236,-928,-14144,-1021,606,4050,0,0,0
5515,25.77,26.11,9096,1.832,1416,-772,-14508,-1161,120,4252,0,0,0
5520,25.77,26.11,4365,0.879,1424,-992,-13700,-1235,-139,4403,0,0,0
5525,25.77,26.11,12192,2.456,380,-1020,-13164,-16,-522,4478,0,0,0
5548,25.77,26.11,5594,1.127,1160,-1008,-14476,-502,-111,4706,0,0,0
5630,25.77,26.11,1246,0.251,1052,-88,-13652,-10,248,3826,0,0,0
5635,25.77,26.11,3655,0.736,1112,-404,-13220,-84,327,3740,0,0,0
5640,25.77,26.11,4405,0.887,1032,-356,-13336,-120,319,3674,0,0,0
5644,25.77,26.11,8398,1.692,888,-196,-13696,26,358,3602,0,0,0
5649,25.77,26.11,7864,1.584,1208,-344,-13500,35,333,3549,0,0,0
5654,25.77,26.11,5397,1.087,1312,-400,-13400,174,386,3437,0,0,0
5659,25.77,26.11,7618,1.534,1112,-188,-13564,60,323,2344,0,0,0
5742,25.77,26.11,2637,0.531,980,-300,-13352,-26,350,2293,0,0,0
5744,25.77,26.11,1506,0.303,980,-300,-13352,-26,350,2293,0,0,0
5749,25.77,26.11,8469,1.706,1012,-220,-13296,12,388,2185,0,0,0
5755,25.77,26.11,9003,1.813,1224,-496,-13544,561,331,2045,0,0,0
5760,25.77,26.11,8954,1.804,1140,-912,-13716,-182,246,1996,0,0,0
5764,25.77,26.11,4802,0.967,1076,148,-13712,-309,362,1984,0,0,0
5769,25.77,26.11,7825,1.576,972,-300,-13944,115,403,1869,0,0,0
5774,25.77,26.11,4257,0.857,1000,-480,-12740,48,342,1849,0,0,0
5779,25.77,26.11,4760,0.959,1064,-448,-13392,-9,331,1808,0,0,0
5785,25.77,26.11,3331,0.671,936,-272,-13636,-35,357,1731,0,0,0
5790,25.77,26.11,7900,1.591,1192,-228,-14008,135,375,1672,0,0,0
5794,25.77,26.11,9252,1.864,1208,-348,-13340,67,299,1598,0,0,0
5799,25.77,26.11,4759,0.959,1132,-372,-13604,32,290,1516,0,0,0
5874,25.77,26.11,2401,0.484,1208,-252,-13460,129,355,458,0,0,0
5879,25.77,26.11,4429,0.892,1044,-388,-13628,65,303,371,0,0,0
5884,25.77,26.11,5835,1.175,1160,-240,-13564,117,340,297,0,0,0
5889,25.77,26.11,3991,0.804,908,-276,-13456,92,349,234,0,0,0
5977,25.77,26.11,3365,0.678,1056,-444,-13504,107,298,98,0,0,0
5989,25.77,26.11,2080,0.419,1188,-304,-13388,112,396,109,0,0,0
5994,25.77,26.11,6470,1.303,1156,-436,-13452,107,340,90,0,0,0
6000,25.77,26.11,5478,1.103,956,-360,-13544,138,269,87,0,0,0
6005,25.77,26.11,7966,1.605,856,-432,-13540,68,329,96,0,0,0
6009,25.77,26.11,10795,2.174,1016,-432,-13328,119,374,107,0,0,0
6014,25.77,26.11,6138,1.236,1080,-428,-13472,112,401,101,0,0,0
6019,25.77,26.11,7728,1.557,1108,-408,-13656,118,345,101,0,0,0
6025,25.77,26.11,6691,1.348,1092,-372,-13576,122,273,111,0,0,0
6030,25.77,26.11,7575,1.526,1068,-316,-13448,100,301,109,0,0,0
6035,25.77,26.11,7742,1.559,1032,-320,-13488,116,372,111,0,0,0
6039,25.77,26.11,11521,2.321,992,-360,-13380,101,378,96,0,0,0
6044,25.77,26.11,8643,1.741,1048,-380,-13660,88,301,94,0,0,0
6049,25.77,26.11,8593,1.731,1172,-496,-13444,112,319,132,0,0,0
6055,25.77,26.11,9198,1.853,1088,-456,-13404,103,321,88,0,0,0
6060,25.77,26.11,10166,2.048,984,-452,-13552,97,356,105,0,0,0
6133,25.77,26.11,617,0.124,1000,-436,-13556,117,348,96,0,0,0
6134,25.77,26.11,4087,0.823,1000,-436,-13556,117,348,96,0,0,0
6219,25.77,26.11,6286,1.266,1032,-344,-13628,124,276,98,0,0,0
6224,25.75,26.17,8946,1.802,916,-388,-13360,122,324,100,0,0,0
6229,25.75,26.17,3257,0.656,1064,-404,-13380,77,366,90,0,0,0
6234,25.75,26.17,12173,2.452,1104,-388,-13636,133,339,103,0,0,0
6240,25.75,26.17,6463,1.302,1036,-416,-13468,86,320,111,0,0,0
6245,25.75,26.17,11914,2.4,1100,-396,-13500,108,349,101,0,0,0
6249,25.75,26.17,11432,2.303,1116,-416,-13600,91,354,116,0,0,0
6254,25.75,26.17,6480,1.305,1088,-320,-13584,113,313,84,0,0,0
6259,25.75,26.17,4560,0.919,1024,-444,-13452,104,327,90,0,0,0
6265,25.75,26.17,9119,1.837,1052,-436,-13504,121,317,102,0,0,0
6270,25.75,26.17,9623,1.938,1104,-316,-13680,105,316,83,0,0,0
6275,25.75,26.17,11378,2.292,1120,-364,-13620,91,381,97,0,0,0
6279,25.75,26.17,10620,2.139,1032,-476,-13696,126,285,108,0,0,0
6284,25.75,26.17,6256,1.26,1080,-432,-13424,93,316,95,0,0,0
6289,25.75,26.17,11824,2.382,1112,-536,-13512,103,355,106,0,0,0
6295,25.75,26.17,7026,1.415,1112,-444,-13576,120,319,89,0,0,0
6379,25.75,26.17,917,0.185,1112,-444,-13576,120,319,89,0,0,0
6380,25.75,26.17,1520,0.306,1112,-444,-13576,120,319,89,0,0,0
6455,25.75,26.17,4067,0.819,1084,-408,-13516,102,353,122,0,0,0
6472,25.75,26.17,16,0.003,1136,-436,-13504,107,335,99,0,0,0
6474,25.75,26.17,5475,1.103,1028,-508,-13416,115,359,88,0,0,0
6479,25.75,26.17,7235,1.457,1036,-484,-13520,120,344,87,0,0,0
6485,25.75,26.17,5904,1.189,1000,-404,-13512,108,330,95,0,0,0
6490,25.75,26.17,8001,1.612,1080,-444,-13428,69,307,110,0,0,0
6495,25.75,26.17,9829,1.98,1120,-472,-13256,90,328,106,0,0,0
6499,25.75,26.17,8316,1.675,1008,-592,-13504,77,351,103,0,0,0
6504,25.75,26.17,3664,0.738,1148,-476,-13488,106,311,106,0,0,0
6509,25.75,26.17,3978,0.801,952,-492,-13400,88,334,109,0,0,0
6515,25.75,26.17,11017,2.219,996,-340,-13516,112,344,98,0,0,0
6520,25.75,26.17,4919,0.991,1132,-536,-13564,116,337,115,0,0,0
6524,25.75,26.17,6586,1.327,1020,-380,-13632,114,329,82,0,0,0
6548,25.75,26.17,5476,1.103,1024,-496,-13400,100,371,97,0,0,0
6550,25.75,26.17,1967,0.396,1024,-496,-13400,100,371,97,0,0,0
6555,25.75,26.17,8014,1.614,1164,-448,-13644,149,328,98,0,0,0
6560,25.75,26.17,6690,1.348,1084,-304,-13432,107,233,112,0,0,0
6647,25.75,26.17,5317,1.071,1132,-472,-13676,108,323,99,0,0,0
6649,25.75,26.17,4132,0.832,1048,-440,-13604,120,315,111,0,0,0
6654,25.75,26.17,7168,1.444,1028,-392,-13440,136,293,110,0,0,0
6727,25.77,26.23,1073,0.216,1092,-456,-13648,98,347,100,0,0,0
6730,25.77,26.23,1103,0.222,1092,-456,-13648,98,347,100,0,0,0
6734,25.77,26.23,5991,1.207,1016,-472,-13560,117,353,101,0,0,0
6739,25.77,26.23,5480,1.104,1048,-504,-13572,107,333,105,0,0,0
6744,25.77,26.23,5441,1.096,1148,-512,-13608,126,318,101,0,0,0
6750,25.77,26.23,12157,2.449,1080,-476,-13488,92,312,98,0,0,0
6755,25.77,26.23,8001,1.612,984,-460,-13716,95,347,82,0,0,0
6760,25.77,26.23,4950,0.997,1028,-356,-13368,101,321,98,0,0,0
6764,25.77,26.23,5889,1.186,1088,-440,-13500,109,353,98,0,0,0
6769,25.77,26.23,5374,1.082,1092,-452,-13472,110,342,108,0,0,0
6774,25.77,26.23,6723,1.354,996,-472,-13512,117,337,92,0,0,0
6780,25.77,26.23,9270,1.867,1004,-336,-13552,110,313,94,0,0,0
6785,25.77,26.23,3948,0.795,1108,-460,-13580,103,309,107,0,0,0
6790,25.77,26.23,4377,0.882,1108,-352,-13380,88,343,118,0,0,0
6794,25.77,26.23,9918,1.998,1100,-428,-13664,88,321,90,0,0,0
6878,25.77,26.23,1823,0.367,1100,-428,-13664,88,321,90,0,0,0
6880,25.77,26.23,2178,0.439,1100,-428,-13664,88,321,90,0,0,0
6885,25.77,26.23,12114,2.44,1044,-396,-13484,92,350,100,0,0,0
6890,25.77,26.23,6477,1.305,1048,-428,-13528,97,354,102,0,0,0
6894,25.77,26.23,8478,1.708,1020,-340,-13588,139,333,101,0,0,0
6967,25.77,26.23,4210,0.848,1224,-508,-13828,145,346,107,0,0,0
6988,25.77,26.23,6749,1.359,1220,320,-14892,617,-544,168,0,0,0
6989,25.77,26.23,2472,0.498,1220,320,-14892,617,-544,168,0,0,0
6994,25.77,26.23,4638,0.934,1332,-1736,-11324,346,-314,196,0,0,0
6999,25.77,26.23,8232,1.658,336,-308,-12588,-685,663,255,0,0,0
7005,25.77,26.23,5780,1.164,-32,528,-15700,671,637,141,0,0,0
7010,25.77,26.23,4451,0.897,2164,-816,-13104,377,94,159,0,0,0
7015,25.77,26.23,5580,1.124,1948,-600,-15752,25,16,125,0,0,0
7019,25.77,26.23,10474,2.11,748,-60,-11924,529,-566,153,0,0,0
7024,25.77,26.23,9798,1.974,884,-720,-12408,108,457,165,0,0,0
7029,25.77,26.23,5622,1.132,816,-24,-12880,-265,1142,142,0,0,0
7035,25.77,26.23,10689,2.153,1404,-368,-15336,248,631,67,0,0,0
7040,25.77,26.23,5232,1.054,1348,-452,-13460,164,121,114,0,0,0
7045,25.77,26.23,9002,1.813,1164,-352,-14204,256,-248,107,0,0,0
7130,25.77,26.23,5773,1.163,1100,-428,-13288,131,324,87,0,0,0
7134,25.77,26.23,6004,1.209,1068,-404,-13572,141,323,115,0,0,0
7140,25.77,26.23,3768,0.759,1012,-408,-13452,97,358,95,0,0,0
7145,25.77,26.23,3140,0.632,1132,-424,-13688,101,362,92,0,0,0
7149,25.77,26.23,4123,0.83,1152,-408,-13488,127,310,94,0,0,0
7154,25.77,26.23,6183,1.245,1112,-448,-13384,134,309,107,0,0,0
7228,25.73,26.21,4942,0.995,1088,-456,-13444,89,310,102,0,0,0
7230,25.73,26.21,1265,0.255,1088,-456,-13444,89,310,102,0,0,0
7235,25.73,26.21,4807,0.968,956,-308,-13624,114,352,107,0,0,0
7239,25.73,26.21,5621,1.132,1052,-436,-13672,97,343,92,0,0,0
7244,25.73,26.21,5927,1.194,1028,-472,-13504,120,298,98,0,0,0
7249,25.73,26.21,5606,1.129,1120,-416,-13652,100,307,90,0,0,0
7254,25.73,26.21,6881,1.386,1096,-400,-13488,119,332,109,0,0,0
7260,25.73,26.21,7983,1.608,1032,-344,-13356,93,361,78,0,0,0
7265,25.73,26.21,8371,1.686,1124,-400,-13536,91,341,100,0,0,0
7269,25.73,26.21,5264,1.06,1052,-344,-13636,94,345,98,0,0,0
7274,25.73,26.21,6300,1.269,1032,-320,-13528,97,339,76,0,0,0
7279,25.73,26.21,3346,0.674,1100,-512,-13456,84,353,100,0,0,0
7363,25.73,26.21,2141,0.431,1140,-400,-13712,94,305,101,0,0,0
7365,25.73,26.21,1265,0.255,1140,-400,-13712,94,305,101,0,0,0
7370,25.73,26.21,10721,2.16,1016,-288,-13580,95,323,111,0,0,0
7374,25.73,26.21,10891,2.194,1032,-540,-13636,118,347,78,0,0,0
7379,25.73,26.21,3821,0.77,1288,-556,-13012,169,331,107,0,0,0
7384,25.73,26.21,5138,1.035,1008,-456,-13892,113,345,87,0,0,0
7390,25.73,26.21,5361,1.08,936,-524,-12944,-1,349,122,0,0,0
7395,25.73,26.21,3388,0.682,1272,-404,-14088,251,384,95,0,0,0
7467,25.73,26.21,5212,1.05,1072,-420,-13596,93,335,82,0,0,0
7481,25.73,26.21,1748,0.352,1064,-396,-13528,105,322,89,0,0,0
7484,25.73,26.21,6837,1.377,988,-424,-13460,100,357,103,0,0,0
7489,25.73,26.21,10194,2.053,1088,-428,-13568,77,343,98,0,0,0
7494,25.73,26.21,8539,1.72,1124,-452,-13608,131,322,116,0,0,0
7500,25.73,26.21,6486,1.306,1032,-404,-13408,132,310,78,0,0,0
7505,25.73,26.21,5265,1.061,1028,-432,-13444,118,352,98,0,0,0
7509,25.73,26.21,3279,0.66,1084,-384,-13452,118,357,116,0,0,0
7514,25.73,26.21,4807,0.968,1124,-420,-13496,94,322,106,0,0,0
7519,25.73,26.21,6075,1.224,1024,-340,-13640,106,311,90,0,0,0
7632,25.73,26.21,4059,0.818,944,-396,-13460,120,337,108,0,0,0
7635,25.73,26.21,2067,0.416,940,-404,-13496,87,330,89,0,0,0
7639,25.73,26.21,8219,1.656,1104,-468,-13504,111,358,105,0,0,0
7644,25.73,26.21,12168,2.451,1028,-460,-13544,102,352,89,0,0,0
7649,25.73,26.21,10066,2.028,1100,-556,-13612,94,318,100,0,0,0
7655,25.73,26.21,8752,1.763,1172,-360,-13496,86,335,116,0,0,0
7660,25.73,26.21,6457,1.301,1060,-300,-13540,102,353,93,0,0,0
7665,25.73,26.21,6226,1.254,1152,-380,-13568,131,311,128,0,0,0
7669,25.73,26.21,5392,1.086,1164,-384,-13588,115,331,98,0,0,0
7674,25.73,26.21,12125,2.442,1064,-412,-13640,112,364,88,0,0,0
7747,25.73,26.17,5286,1.065,1108,-436,-13240,118,325,104,0,0,0
7750,25.73,26.17,10353,2.085,1076,-464,-13596,97,339,89,0,0,0
7755,25.73,26.17,2118,0.427,1132,-420,-13632,111,310,91,0,0,0
7759,25.73,26.17,12188,2.455,1028,-348,-13552,94,340,113,0,0,0
7764,25.73,26.17,9161,1.845,1012,-492,-13496,124,360,109,0,0,0
7769,25.73,26.17,12000,2.417,1116,-384,-13416,116,321,84,0,0,0
7774,25.73,26.17,12168,2.451,1096,-464,-13632,114,324,108,0,0,0
7780,25.73,26.17,12136,2.445,1044,-412,-13500,105,318,98,0,0,0
7863,25.73,26.17,6379,1.285,1108,-448,-13472,93,349,108,0,0,0
7865,25.73,26.17,1842,0.371,1108,-448,-13472,93,349,108,0,0,0
7870,25.73,26.17,7926,1.597,1120,-396,-13428,113,323,115,0,0,0
7874,25.73,26.17,3713,0.748,1076,-340,-13532,113,299,86,0,0,0
7879,25.73,26.17,5283,1.064,988,-428,-13544,94,326,105,0,0,0
7884,25.73,26.17,7287,1.468,1004,-264,-13560,110,335,92,0,0,0
7890,25.73,26.17,10259,2.066,1016,-368,-13548,131,343,117,0,0,0
7895,25.73,26.17,10079,2.03,1188,-420,-13412,111,338,113,0,0,0
7900,25.73,26.17,7686,1.548,1056,-336,-13584,126,274,88,0,0,0
7904,25.73,26.17,5721,1.152,1120,-524,-13476,110,318,103,0,0,0
7909,25.73,26.17,6576,1.325,1092,-396,-13680,83,353,106,0,0,0
7914,25.73,26.17,6119,1.233,976,-460,-13460,106,341,102,0,0,0
7987,25.73,26.17,1388,0.28,1120,-432,-13452,93,343,83,0,0,0
8015,25.73,26.17,1186,0.239,1096,-368,-13644,95,351,107,0,0,0
8019,25.73,26.17,6087,1.226,1180,-396,-13560,113,333,88,0,0,0
8024,25.73,26.17,7324,1.475,1056,-456,-13284,118,330,85,0,0,0
8029,25.73,26.17,8059,1.623,1124,-512,-13600,103,319,121,0,0,0
8034,25.73,26.17,4820,0.971,1104,-440,-13548,111,303,79,0,0,0
8122,25.73,26.17,7665,1.544,1068,-344,-13448,112,354,105,0,0,0
8125,25.73,26.17,6045,1.218,1000,-440,-13432,102,348,92,0,0,0
8130,25.73,26.17,11590,2.335,1032,-320,-13432,115,311,100,0,0,0
8134,25.73,26.17,8282,1.668,1084,-500,-13592,103,318,100,0,0,0
8139,25.73,26.17,4984,1.004,992,-472,-13488,108,318,90,0,0,0
8144,25.73,26.17,5474,1.103,1088,-404,-13660,85,365,72,0,0,0
8150,25.73,26.17,10869,2.189,1112,-400,-13588,123,356,92,0,0,0
8155,25.73,26.17,7848,1.581,1120,-392,-13324,121,307,92,0,0,0
8160,25.73,26.17,7194,1.449,1064,-472,-13668,101,311,111,0,0,0
8164,25.73,26.17,7009,1.412,1052,-428,-13304,89,318,112,0,0,0
8169,25.73,26.17,8821,1.777,1164,-284,-13548,91,370,71,0,0,0
8174,25.73,26.17,3299,0.665,928,-404,-13560,108,320,86,0,0,0
8180,25.73,26.17,7721,1.555,1136,-452,-13560,98,320,91,0,0,0
8185,25.73,26.17,7931,1.598,1076,-340,-13436,131,336,116,0,0,0
8258,25.77,26.17,857,0.173,1064,-304,-13636,151,341,85,0,0,0
8259,25.77,26.17,631,0.127,1064,-304,-13636,151,341,85,0,0,0
8264,25.77,26.17,4991,1.005,1044,-440,-13544,83,275,88,0,0,0
8270,25.77,26.17,5922,1.193,1056,-416,-13508,96,316,101,0,0,0
8355,25.77,26.17,1092,0.22,1056,-416,-13508,96,316,101,0,0,0
8360,25.77,26.17,6528,1.315,1076,-456,-13480,109,318,111,0,0,0
8364,25.77,26.17,8091,1.63,1080,-380,-13664,115,337,105,0,0,0
8369,25.77,26.17,12125,2.442,1132,-448,-13552,128,340,88,0,0,0
8374,25.77,26.17,7914,1.594,1004,-464,-13616,120,329,103,0,0,0
8379,25.77,26.17,3998,0.805,960,-412,-13556,92,333,111,0,0,0
8385,25.77,26.17,7467,1.504,1112,-384,-13528,103,350,103,0,0,0
8390,25.77,26.17,6042,1.217,1092,-440,-13440,98,304,114,0,0,0
8394,25.77,26.17,4720,0.951,1004,-440,-13600,123,311,102,0,0,0
8399,25.77,26.17,2788,0.562,1128,-452,-13352,106,282,91,0,0,0
8404,25.77,26.17,5636,1.135,1156,-352,-13528,90,345,95,0,0,0
8409,25.77,26.17,5911,1.191,1068,-416,-13528,87,361,106,0,0,0
8415,25.77,26.17,5238,1.055,1040,-440,-13532,102,332,96,0,0,0
8420,25.77,26.17,3775,0.76,1160,-344,-13584,124,329,94,0,0,0
8424,25.77,26.17,6422,1.294,1072,-400,-13480,99,330,90,0,0,0
8434,25.77,26.17,3200,0.645,1068,-336,-13516,118,308,109,0,0,0
8511,25.77,26.17,951,0.192,1216,-488,-13340,107,369,85,0,0,0
8515,25.77,26.17,7955,1.602,1076,-368,-13364,114,322,114,0,0,0
8599,25.77,26.17,10202,2.055,1112,-476,-13684,109,306,99,0,0,0
8600,25.77,26.17,1814,0.365,1112,-476,-13684,109,306,99,0,0,0
8604,25.77,26.17,4101,0.826,1068,-444,-13468,110,331,111,0,0,0
8626,25.77,26.17,3981,0.802,1108,-396,-13472,117,327,98,0,0,0
8630,25.77,26.17,5578,1.124,1064,-444,-13540,109,311,125,0,0,0
8635,25.77,26.17,7632,1.537,1044,-508,-13564,92,351,99,0,0,0
8639,25.77,26.17,4816,0.97,1104,-392,-13476,101,367,94,0,0,0
8644,25.77,26.17,7379,1.486,1108,-484,-13496,95,342,107,0,0,0
8649,25.77,26.17,8059,1.623,948,-424,-13604,79,330,98,0,0,0
8654,25.77,26.17,9927,2.0,1148,-432,-13684,107,312,90,0,0,0
8660,25.77,26.17,10337,2.082,1160,-464,-13408,92,323,89,0,0,0
8665,25.77,26.17,4828,0.972,972,-544,-13544,105,339,97,0,0,0
8669,25.77,26.17,6077,1.224,1112,-336,-13556,105,327,72,0,0,0
8674,25.77,26.17,4143,0.835,1032,-336,-13564,120,343,108,0,0,0
8679,25.77,26.17,5474,1.103,1032,-456,-13480,115,346,84,0,0,0
8685,25.75,26.09,4198,0.846,1112,-504,-13552,115,339,90,0,0,0
8690,25.75,26.09,2431,0.49,1092,-352,-13548,105,335,92,0,0,0
8695,25.75,26.09,8223,1.656,1072,-496,-13540,106,332,96,0,0,0
8855,25.75,26.09,599,0.121,1156,-464,-13520,111,322,108,0,0,0
8859,25.75,26.09,5998,1.208,1132,-420,-13548,86,333,85,0,0,0
8864,25.75,26.09,4936,0.994,984,-532,-13584,107,318,100,0,0,0
8869,25.75,26.09,5348,1.077,996,-436,-13448,101,343,129,0,0,0
8875,25.75,26.09,9208,1.855,1092,-416,-13648,80,337,119,0,0,0
8880,25.75,26.09,8493,1.711,1080,-448,-13392,115,341,113,0,0,0
8885,25.75,26.09,3353,0.675,932,-368,-13660,103,323,108,0,0,0
8889,25.75,26.09,5677,1.144,1060,-460,-13460,95,322,95,0,0,0
8894,25.75,26.09,5179,1.043,1056,-408,-13452,95,328,94,0,0,0
8899,25.75,26.09,4974,1.002,1144,-476,-13524,97,357,104,0,0,0
8905,25.75,26.09,8214,1.655,1076,-492,-13608,113,310,79,0,0,0
8910,25.75,26.09,11015,2.219,1160,-388,-13412,133,326,102,0,0,0
8915,25.75,26.09,11130,2.242,1164,-416,-13540,105,320,80,0,0,0
8919,25.75,26.09,5636,1.135,1024,-384,-13480,91,356,94,0,0,0
8924,25.75,26.09,2262,0.456,1100,-380,-13460,108,332,92,0,0,0
8941,25.75,26.09,3303,0.665,1016,-388,-13472,101,330,109,0,0,0
8945,25.75,26.09,3317,0.668,1104,-384,-13608,118,366,99,0,0,0
9031,25.75,26.09,8143,1.64,1004,-408,-13384,76,336,99,0,0,0
9034,25.75,26.09,5877,1.184,1032,-424,-13708,83,359,90,0,0,0
9039,25.75,26.09,5366,1.081,1076,-432,-13496,117,337,100,0,0,0
9112,25.75,26.09,5210,1.049,1036,-536,-13548,104,346,105,0,0,0
9115,25.75,26.09,3246,0.654,972,-412,-13392,87,318,108,0,0,0
9119,25.75,26.09,5123,1.032,1160,-436,-13516,115,309,108,0,0,0
9124,25.75,26.09,5259,1.059,1104,-388,-13592,99,321,91,0,0,0
9129,25.75,26.09,5399,1.088,1112,-476,-13492,91,328,97,0,0,0
9135,25.75,26.09,8211,1.654,1128,-412,-13472,120,354,118,0,0,0
9140,25.75,26.09,5022,1.012,1112,-472,-13504,105,343,92,0,0,0
9145,25.75,26.09,7934,1.598,1092,-356,-13384,98,335,102,0,0,0
9149,25.75,26.09,8696,1.752,1196,-464,-13600,119,316,107,0,0,0
9154,25.75,26.09,7039,1.418,1172,-416,-13532,85,341,100,0,0,0
9159,25.75,26.09,2585,0.521,1052,-452,-13564,103,347,99,0,0,0
9165,25.75,26.09,4751,0.957,1016,-500,-13452,119,336,110,0,0,0
9170,25.75,26.09,9684,1.951,1088,-404,-13460,119,313,87,0,0,0
9175,25.75,26.09,4414,0.889,1128,-440,-13516,99,315,90,0,0,0
9261,25.77,26.17,1810,0.365,1016,-440,-13424,104,319,114,0,0,0
9265,25.77,26.17,3190,0.643,1032,-488,-13472,111,332,97,0,0,0
9270,25.77,26.17,4865,0.98,996,-416,-13564,118,311,79,0,0,0
9275,25.77,26.17,3282,0.661,988,-476,-13532,115,313,92,0,0,0
9279,25.77,26.17,4857,0.978,1008,-352,-13600,82,326,88,0,0,0
9284,25.77,26.17,4284,0.863,1088,-464,-13580,122,346,90,0,0,0
9357,25.77,26.17,2076,0.418,1160,-384,-13540,93,337,90,0,0,0
9359,25.77,26.17,3623,0.73,1172,-560,-13640,109,317,92,0,0,0
9364,25.77,26.17,6677,1.345,1084,-380,-13544,93,312,87,0,0,0
9369,25.77,26.17,6679,1.345,1068,-360,-13508,98,336,108,0,0,0
9375,25.77,26.17,7150,1.44,988,-400,-13384,117,342,80,0,0,0
9380,25.77,26.17,4375,0.881,1200,-488,-13612,100,319,92,0,0,0
9385,25.77,26.17,6901,1.39,1092,-456,-13632,113,333,114,0,0,0
9389,25.77,26.17,4184,0.843,936,-456,-13596,105,346,99,0,0,0
9394,25.77,26.17,3932,0.792,1008,-412,-13728,97,329,87,0,0,0
9399,25.77,26.17,3259,0.656,1096,-360,-13508,116,339,107,0,0,0
9405,25.77,26.17,3826,0.771,996,-376,-13560,97,310,108,0,0,0
9492,25.77,26.17,5009,1.009,1060,-456,-13676,103,315,103,0,0,0
9504,25.77,26.17,3124,0.629,1040,-400,-13592,91,318,112,0,0,0
9505,25.77,26.17,232,0.047,1040,-400,-13592,91,318,112,0,0,0
9509,25.77,26.17,3005,0.605,1116,-388,-13440,115,332,92,0,0,0
9515,25.77,26.17,8351,1.682,1092,-428,-13400,127,322,98,0,0,0
9520,25.77,26.17,8904,1.794,1092,-408,-13600,101,321,83,0,0,0
9525,25.77,26.17,8621,1.737,1024,-544,-13680,83,347,97,0,0,0
9529,25.77,26.17,7923,1.596,1168,-348,-13532,116,340,103,0,0,0
9534,25.77,26.17,7069,1.424,1120,-428,-13568,109,309,107,0,0,0
9631,25.77,26.17,2297,0.463,1144,-448,-13480,119,321,76,0,0,0
9635,25.77,26.17,1782,0.359,964,-416,-13512,102,345,97,0,0,0
9640,25.77,26.17,2833,0.571,1092,-532,-13572,111,345,131,0,0,0
9644,25.77,26.17,9191,1.851,1068,-336,-13504,102,334,95,0,0,0
9649,25.77,26.17,3515,0.708,1032,-484,-13544,117,328,89,0,0,0
9654,25.77,26.17,5479,1.104,964,-420,-13568,103,330,93,0,0,0
9660,25.77,26.17,6462,1.302,948,-344,-13560,110,323,101,0,0,0
9665,25.77,26.17,5596,1.127,1064,-448,-13492,104,315,99,0,0,0
9669,25.77,26.17,2866,0.577,1036,-328,-13444,101,323,86,0,0,0
9674,25.77,26.17,3824,0.77,1196,-396,-13528,118,364,117,0,0,0
9758,25.77,26.11,4196,0.845,1196,-396,-13528,118,364,117,0,0,0
9759,25.77,26.11,2370,0.477,1108,-348,-13576,112,322,94,0,0,0
9764,25.77,26.11,6005,1.21,1044,-500,-13712,107,321,89,0,0,0
9769,25.77,26.11,5048,1.017,1016,-332,-13584,89,347,112,0,0,0
9775,25.77,26.11,5211,1.05,1088,-488,-13564,114,337,95,0,0,0
9780,25.77,26.11,6478,1.305,1044,-436,-13608,104,336,108,0,0,0
9785,25.77,26.11,7760,1.563,1064,-476,-13628,97,316,85,0,0,0
9789,25.77,26.11,4414,0.889,1136,-404,-13728,80,349,96,0,0,0
9794,25.77,26.11,3670,0.739,1036,-352,-13616,91,329,121,0,0,0
9799,25.77,26.11,4432,0.893,1064,-380,-13504,113,331,101,0,0,0
9872,25.77,26.11,6303,1.27,1080,-384,-13348,118,331,110,0,0,0
9875,25.77,26.11,5856,1.18,1032,-348,-13476,93,335,110,0,0,0
9880,25.77,26.11,8013,1.614,1068,-384,-13632,101,362,105,0,0,0
9884,25.77,26.11,8096,1.631,1092,-444,-13572,114,339,109,0,0,0
9889,25.77,26.11,4946,0.996,1104,-288,-13552,115,319,101,0,0,0
9894,25.77,26.11,7379,1.486,1072,-424,-13580,96,291,98,0,0,0
9900,25.77,26.11,9308,1.875,1020,-452,-13532,87,337,94,0,0,0
9905,25.77,26.11,7951,1.602,1064,-388,-13444,102,354,96,0,0,0
9989,25.77,26.11,7054,1.421,1148,-492,-13444,119,343,95,0,0,0
10003,25.77,26.11,228,0.046,1096,-388,-13472,113,321,110,0,0,0
10004,25.77,26.11,613,0.123,1096,-388,-13472,113,321,110,0,0,0
10009,25.77,26.11,4316,0.869,1132,-456,-13544,105,330,94,0,0,0
10014,25.77,26.11,3083,0.621,1128,-460,-13544,108,359,112,0,0,0
10019,25.77,26.11,3448,0.695,1032,-404,-13704,91,348,95,0,0,0
10025,25.77,26.11,3538,0.713,1024,-356,-13388,115,350,109,0,0,0
10030,25.77,26.11,6428,1.295,1184,-532,-13444,115,318,111,0,0,0
10034,25.77,26.11,8038,1.619,1056,-320,-13552,97,320,107,0,0,0
10039,25.77,26.11,8342,1.68,1016,-420,-13564,99,327,100,0,0,0
10044,25.77,26.11,4946,0.996,1112,-464,-13592,104,347,89,0,0,0
10049,25.77,26.11,5957,1.2,1080,-472,-13476,100,326,109,0,0,0
10123,25.77,26.11,1846,0.372,1052,-436,-13404,105,329,106,0,0,0
10125,25.77,26.11,168,0.034,1052,-436,-13404,105,329,106,0,0,0
10130,25.77,26.11,4114,0.829,1012,-404,-13500,114,337,102,0,0,0
10134,25.77,26.11,8208,1.653,1100,-460,-13492,99,333,98,0,0,0
10139,25.77,26.11,5867,1.182,1036,-464,-13576,97,293,119,0,0,0
10144,25.77,26.11,3666,0.738,1044,-412,-13496,85,354,102,0,0,0
10149,25.77,26.11,10522,2.119,1072,-400,-13588,113,351,98,0,0,0
10240,25.77,26.11,5801,1.168,1112,-572,-13352,125,317,99,0,0,0
10244,25.81,26.15,5478,1.103,996,-428,-13532,123,335,105,0,0,0
10249,25.81,26.15,7123,1.435,984,-372,-13388,104,317,100,0,0,0
10255,25.81,26.15,9129,1.839,1176,-484,-13456,130,324,92,0,0,0
10260,25.81,26.15,7344,1.479,1000,-360,-13532,112,310,97,0,0,0
10265,25.81,26.15,8656,1.744,1120,-328,-13648,115,322,119,0,0,0
10269,25.81,26.15,5921,1.193,1048,-380,-13524,105,328,90,0,0,0
10274,25.81,26.15,7176,1.445,1156,-468,-13444,112,336,108,0,0,0
10279,25.81,26.15,5104,1.028,1168,-332,-13516,79,309,100,0,0,0
10285,25.81,26.15,7697,1.55,1168,-420,-13588,108,305,112,0,0,0
10290,25.81,26.15,3453,0.696,1120,-372,-13524,79,337,117,0,0,0
10295,25.81,26.15,5535,1.115,1064,-472,-13744,133,319,100,0,0,0
10299,25.81,26.15,5925,1.193,1120,-348,-13428,107,314,97,0,0,0
10374,25.81,26.15,5268,1.061,1012,-308,-13632,130,348,125,0,0,0
10379,25.81,26.15,9078,1.829,1176,-488,-13400,106,327,103,0,0,0
10384,25.81,26.15,5720,1.152,1132,-464,-13480,122,333,108,0,0,0
10390,25.81,26.15,11494,2.315,968,-364,-13496,128,313,105,0,0,0
10479,25.81,26.15,318,0.064,1080,-392,-13508,102,330,102,0,0,0
10496,25.81,26.15,5916,1.192,1072,-484,-13460,96,326,114,0,0,0
10499,25.81,26.15,1899,0.383,1032,-388,-13524,108,331,71,0,0,0
10505,25.81,26.15,8724,1.757,1160,-400,-13524,95,359,93,0,0,0
10510,25.81,26.15,8295,1.671,1112,-412,-13632,108,338,84,0,0,0
10515,25.81,26.15,9779,1.97,1016,-504,-13620,126,346,92,0,0,0
10519,25.81,26.15,10885,2.193,1044,-424,-13416,78,321,82,0,0,0
10524,25.81,26.15,9833,1.981,1040,-404,-13584,132,337,87,0,0,0
10529,25.81,26.15,11457,2.308,1032,-488,-13620,104,336,86,0,0,0
10535,25.81,26.15,8146,1.641,1048,-472,-13496,135,354,99,0,0,0
10540,25.81,26.15,4612,0.929,1072,-412,-13544,99,326,130,0,0,0
10544,25.81,26.15,8290,1.67,1016,-484,-13564,115,324,87,0,0,0
10549,25.81,26.15,3921,0.79,1088,-384,-13540,108,352,96,0,0,0
10554,25.81,26.15,6340,1.277,1072,-424,-13596,119,347,103,0,0,0
10559,25.81,26.15,6891,1.388,1120,-436,-13576,100,323,108,0,0,0
10565,25.81,26.15,10603,2.136,1100,-328,-13448,116,366,100,0,0,0
10664,25.81,26.15,2291,0.461,1116,-380,-13428,98,341,97,0,0,0
10665,25.81,26.15,7904,1.592,1116,-380,-13428,98,341,97,0,0,0
10669,25.81,26.15,7300,1.47,1068,-332,-13552,102,325,114,0,0,0
10759,25.77,26.23,3984,0.802,1100,-420,-13652,107,329,105,0,0,0
10760,25.77,26.23,3807,0.767,1100,-420,-13652,107,329,105,0,0,0
10764,25.77,26.23,2968,0.598,1120,-372,-13452,95,326,80,0,0,0
10769,25.77,26.23,6812,1.372,1032,-452,-13588,98,334,93,0,0,0
10774,25.77,26.23,4805,0.968,1116,-440,-13520,113,333,94,0,0,0
10780,25.77,26.23,8575,1.727,984,-404,-13604,122,327,103,0,0,0
10785,25.77,26.23,4626,0.932,1156,-404,-13612,83,329,97,0,0,0
10790,25.77,26.23,10504,2.116,1124,-376,-13600,119,337,105,0,0,0
10794,25.77,26.23,1682,0.339,1080,-440,-13572,100,318,89,0,0,0
10799,25.77,26.23,5343,1.076,1136,-436,-13480,119,345,97,0,0,0
10804,25.77,26.23,7862,1.584,1024,-408,-13520,112,350,89,0,0,0
10810,25.77,26.23,6123,1.233,1108,-492,-13648,101,337,107,0,0,0
10815,25.77,26.23,6784,1.366,1100,-472,-13616,134,323,90,0,0,0
10820,25.77,26.23,6640,1.337,1088,-364,-13432,84,335,91,0,0,0
10824,25.77,26.23,4034,0.813,1060,-504,-13516,123,334,121,0,0,0
10829,25.77,26.23,8410,1.694,1044,-472,-13544,112,331,98,0,0,0
10834,25.77,26.23,5625,1.133,1124,-444,-13684,104,317,95,0,0,0
10909,25.77,26.23,7123,1.435,996,-492,-13424,114,322,115,0,0,0
11000,25.77,26.23,7064,1.423,996,-492,-13424,114,322,115,0,0,0
11013,25.77,26.23,6544,1.318,1132,-452,-13500,105,332,119,0,0,0
11014,25.77,26.23,5690,1.146,1064,-440,-13468,111,322,106,0,0,0
11019,25.77,26.23,6410,1.291,1012,-364,-13572,91,340,105,0,0,0
11025,25.77,26.23,7343,1.479,1052,-372,-13444,88,320,109,0,0,0
11030,25.77,26.23,5578,1.124,1124,-420,-13504,106,337,96,0,0,0
11035,25.77,26.23,3908,0.787,940,-440,-13536,111,336,93,0,0,0
11039,25.77,26.23,5918,1.192,1040,-444,-13464,118,302,100,0,0,0
11044,25.77,26.23,3956,0.797,1028,-384,-13408,118,354,95,0,0,0
11049,25.77,26.23,8298,1.671,1164,-312,-13356,104,349,100,0,0,0
11055,25.77,26.23,7380,1.487,1112,-412,-13640,107,347,104,0,0,0
11060,25.77,26.23,6357,1.28,1052,-432,-13500,106,324,72,0,0,0
11065,25.77,26.23,3945,0.795,1120,-480,-13628,112,327,105,0,0,0
11069,25.77,26.23,8514,1.715,988,-400,-13520,93,316,91,0,0,0
11074,25.77,26.23,6516,1.313,1112,-468,-13456,126,331,124,0,0,0
11079,25.77,26.23,10190,2.053,1072,-404,-13464,122,340,103,0,0,0
11085,25.77,26.23,12157,2.449,1064,-468,-13424,110,329,105,0,0,0
11176,25.77,26.23,10377,2.09,1104,-484,-13524,117,341,123,0,0,0
11180,25.77,26.23,5594,1.127,992,-336,-13352,120,350,102,0,0,0
11256,25.77,26.11,6455,1.3,956,-492,-13648,101,344,81,0,0,0
11260,25.77,26.11,11711,2.359,1216,-352,-13444,104,355,106,0,0,0
11265,25.77,26.11,12177,2.453,1088,-440,-13496,92,319,97,0,0,0
11270,25.77,26.11,8335,1.679,1104,-580,-13424,98,335,86,0,0,0
11275,25.77,26.11,10069,2.028,1104,-312,-13752,99,343,97,0,0,0
11279,25.77,26.11,12120,2.441,1084,-584,-13556,117,316,106,0,0,0
11284,25.77,26.11,12156,2.449,1140,-404,-13432,83,308,88,0,0,0
11289,25.77,26.11,12157,2.449,1008,-504,-13556,94,327,109,0,0,0
11295,25.77,26.11,12148,2.447,1172,-296,-13616,87,343,99,0,0,0
11300,25.77,26.11,12216,2.461,1040,-452,-13632,130,334,70,0,0,0
11304,25.77,26.11,12205,2.458,988,-480,-13396,90,322,101,0,0,0
11309,25.77,26.11,9080,1.829,1024,-352,-13380,98,346,109,0,0,0
11314,25.77,26.11,12144,2.446,1064,-472,-13616,91,346,95,0,0,0
11319,25.77,26.11,4835,0.974,1016,-504,-13616,148,327,102,0,0,0
11325,25.77,26.11,9380,1.889,1096,-392,-13532,101,313,77,0,0,0
11415,25.77,26.11,4756,0.958,1108,-452,-13536,106,338,87,0,0,0
11420,25.77,26.11,9825,1.979,1004,-452,-13544,101,314,99,0,0,0
11425,25.77,26.11,8027,1.617,1072,-348,-13568,76,360,99,0,0,0
11435,25.77,26.11,4036,0.813,1096,-408,-13420,124,327,117,0,0,0
11440,25.77,26.11,7475,1.506,1024,-424,-13568,91,335,110,0,0,0
11514,25.77,26.11,3265,0.658,956,-476,-13652,79,349,106,0,0,0
11515,25.77,26.11,11,0.002,956,-476,-13652,79,349,106,0,0,0
11520,25.77,26.11,11748,2.366,1064,-388,-13596,117,314,113,0,0,0
11525,25.77,26.11,11441,2.305,1100,-508,-13588,93,303,106,0,0,0
11530,25.77,26.11,12173,2.452,1072,-416,-13412,103,334,93,0,0,0
11534,25.77,26.11,11623,2.341,1204,-536,-13512,103,367,107,0,0,0
11539,25.77,26.11,7760,1.563,1028,-356,-13520,114,347,103,0,0,0
11544,25.77,26.11,12208,2.459,1080,-384,-13604,124,330,91,0,0,0
11550,25.77,26.11,12228,2.463,1004,-348,-13356,104,313,94,0,0,0
11555,25.77,26.11,11361,2.288,1184,-476,-13576,111,341,90,0,0,0
11560,25.77,26.11,12123,2.442,1092,-460,-13728,108,353,98,0,0,0
11564,25.77,26.11,12210,2.459,992,-412,-13492,110,337,106,0,0,0
11569,25.77,26.11,12211,2.46,1172,-524,-13700,104,331,87,0,0,0
11685,25.75,26.17,12220,2.461,1168,-360,-13540,96,351,111,0,0,0
11690,25.75,26.17,12158,2.449,1068,-480,-13504,86,332,105,0,0,0
11695,25.75,26.17,12199,2.457,1040,-464,-13448,124,335,85,0,0,0
11700,25.75,26.17,8134,1.638,1084,-476,-13716,116,319,103,0,0,0
11704,25.75,26.17,11736,2.364,1136,-384,-13532,126,307,92,0,0,0
11709,25.75,26.17,12175,2.452,1012,-528,-13500,79,328,116,0,0,0
11714,25.75,26.17,10961,2.208,1056,-372,-13352,97,336,97,0,0,0
11789,25.75,26.17,245,0.049,1180,-412,-13628,108,331,107,0,0,0
11790,25.75,26.17,1596,0.321,1180,-412,-13628,108,331,107,0,0,0
11795,25.75,26.17,842,0.17,1040,-392,-13492,111,328,81,0,0,0
11800,25.75,26.17,11175,2.251,1180,-440,-13440,106,332,88,0,0,0
11805,25.75,26.17,5662,1.14,1076,-436,-13380,102,339,96,0,0,0
11809,25.75,26.17,5869,1.182,1056,-408,-13556,117,341,107,0,0,0
11814,25.75,26.17,3699,0.745,1052,-396,-13552,118,310,100,0,0,0
11819,25.75,26.17,9200,1.853,1044,-492,-13484,94,324,86,0,0,0
11825,25.75,26.17,3609,0.727,1136,-436,-13492,112,329,102,0,0,0
11830,25.75,26.17,6553,1.32,1100,-368,-13616,101,343,71,0,0,0
11835,25.75,26.17,8078,1.627,1028,-304,-13388,120,333,105,0,0,0
11923,25.75,26.17,5307,1.069,1028,-304,-13388,120,333,105,0,0,0
11925,25.75,26.17,12109,2.439,1080,-536,-13588,116,310,105,0,0,0
11936,25.75,26.17,8789,1.77,976,-380,-13496,79,343,90,0,0,0
11940,25.75,26.17,10556,2.126,1060,-404,-13560,111,344,93,0,0,0
11945,25.75,26.17,8461,1.704,988,-336,-13500,103,360,96,0,0,0
11949,25.75,26.17,7221,1.455,948,-460,-13552,150,296,106,0,0,0
11954,25.75,26.17,10462,2.107,1100,-416,-13516,97,307,96,0,0,0
11959,25.75,26.17,12163,2.45,984,-452,-13532,126,328,84,0,0,0
11965,25.75,26.17,10622,2.14,1112,-492,-13532,106,344,92,0,0,0
12040,25.75,26.17,5413,1.09,996,-388,-13468,123,339,111,0,0,0
12045,25.75,26.17,8108,1.633,1044,-448,-13716,121,315,102,0,0,0
12050,25.75,26.17,10463,2.108,1152,-432,-13620,124,324,102,0,0,0
12054,25.75,26.17,12141,2.446,980,-388,-13448,114,354,115,0,0,0
12059,25.75,26.17,11194,2.255,1108,-400,-13428,82,337,88,0,0,0
12064,25.75,26.17,5739,1.156,1072,-508,-13608,111,325,87,0,0,0
12070,25.75,26.17,9641,1.942,1016,-456,-13484,108,323,92,0,0,0
12075,25.75,26.17,6320,1.273,1076,-364,-13516,90,323,95,0,0,0
12080,25.75,26.17,6754,1.36,1156,-384,-13428,93,323,116,0,0,0
12171,25.75,26.17,11559,2.328,1036,-284,-13592,97,343,107,0,0,0
12175,25.75,26.17,6413,1.292,992,-440,-13608,99,338,112,0,0,0
12180,25.75,26.17,5755,1.159,1044,-448,-13492,76,340,103,0,0,0
12184,25.77,26.11,7293,1.469,1136,-420,-13492,104,342,97,0,0,0
12189,25.77,26.11,8996,1.812,1132,-412,-13408,115,300,101,0,0,0
12194,25.77,26.11,10522,2.119,1100,-464,-13532,127,333,91,0,0,0
12200,25.77,26.11,11565,2.33,1072,-372,-13452,79,344,95,0,0,0
12205,25.77,26.11,12150,2.447,960,-516,-13588,91,330,99,0,0,0
12210,25.77,26.11,12182,2.454,1128,-396,-13620,116,339,84,0,0,0
12214,25.77,26.11,9379,1.889,976,-428,-13364,109,335,107,0,0,0
12219,25.77,26.11,11402,2.297,1080,-452,-13428,117,340,99,0,0,0
12293,25.77,26.11,3187,0.642,1140,-268,-13644,98,316,97,0,0,0
12295,25.77,26.11,2385,0.48,1136,-452,-13572,88,358,109,0,0,0
12300,25.77,26.11,7890,1.589,908,-408,-13620,99,350,102,0,0,0
12305,25.77,26.11,6074,1.223,1056,-364,-13436,112,318,112,0,0,0
12310,25.77,26.11,6401,1.289,996,-392,-13488,111,328,117,0,0,0
12314,25.77,26.11,6266,1.262,1052,-388,-13576,102,330,120,0,0,0
12319,25.77,26.11,8319,1.676,1068,-488,-13588,134,350,111,0,0,0
12409,25.77,26.11,10072,2.029,1060,-384,-13356,98,353,100,0,0,0
12410,25.77,26.11,2140,0.431,1024,-384,-13460,123,335,114,0,0,0
12415,25.77,26.11,3017,0.608,1036,-476,-13500,113,344,117,0,0,0
12420,25.77,26.11,11670,2.351,996,-432,-13600,106,342,94,0,0,0
12425,25.77,26.11,5777,1.164,1152,-420,-13516,121,325,102,0,0,0
12442,25.77,26.11,3136,0.632,1100,-452,-13496,90,325,95,0,0,0
12444,25.77,26.11,2110,0.425,1092,-460,-13528,130,328,99,0,0,0
12449,25.77,26.11,7998,1.611,1172,-368,-13444,93,338,102,0,0,0
12455,25.77,26.11,8924,1.798,1040,-440,-13480,109,332,123,0,0,0
12460,25.77,26.11,3360,0.677,1216,-304,-13400,104,335,85,0,0,0
12465,25.77,26.11,7453,1.501,1088,-568,-13632,113,312,108,0,0,0
12469,25.77,26.11,7691,1.549,1116,-540,-13452,116,349,104,0,0,0
12474,25.77,26.11,10283,2.071,1100,-440,-13460,114,345,87,0,0,0
12549,25.77,26.11,5011,1.009,1056,-400,-13548,94,343,129,0,0,0
12554,25.77,26.11,3213,0.647,1080,-352,-13400,91,346,104,0,0,0
12560,25.77,26.11,3703,0.746,1064,-396,-13560,99,341,124,0,0,0
12565,25.77,26.11,5550,1.118,1168,-544,-13652,145,325,107,0,0,0
12570,25.77,26.11,8935,1.8,1108,-512,-13544,115,308,100,0,0,0
12574,25.77,26.11,6555,1.32,1032,-508,-13556,127,335,95,0,0,0
12687,25.79,26.09,1852,0.373,1160,-488,-13468,118,329,89,0,0,0
12690,25.79,26.09,3908,0.787,972,-320,-13572,120,341,97,0,0,0
12695,25.79,26.09,4267,0.859,1092,-496,-13680,111,336,116,0,0,0
12699,25.79,26.09,7339,1.478,1040,-408,-13440,100,337,111,0,0,0
12704,25.79,26.09,4172,0.84,1080,-524,-13628,106,315,93,0,0,0
12709,25.79,26.09,4544,0.915,1120,-376,-13532,80,350,113,0,0,0
12715,25.79,26.09,6249,1.259,1048,-468,-13396,109,325,74,0,0,0
12720,25.79,26.09,10962,2.208,1160,-352,-13504,113,345,102,0,0,0
12725,25.79,26.09,5484,1.105,1032,-404,-13472,96,318,96,0,0,0
12729,25.79,26.09,5250,1.057,1208,-472,-13656,103,300,94,0,0,0
12734,25.79,26.09,4854,0.978,1160,-504,-13544,103,335,104,0,0,0
12739,25.79,26.09,6107,1.23,1044,-504,-13660,86,335,79,0,0,0
12745,25.79,26.09,6507,1.311,884,-552,-13520,91,323,118,0,0,0
12750,25.79,26.09,9784,1.971,1004,-532,-13464,93,335,110,0,0,0
12825,25.79,26.09,2764,0.557,1032,-356,-13480,105,324,92,0,0,0
12829,25.79,26.09,9983,2.011,1136,-408,-13600,106,338,93,0,0,0
12834,25.79,26.09,7148,1.44,1108,-380,-13480,106,339,95,0,0,0
12925,25.79,26.09,9064,1.826,968,-464,-13548,81,320,107,0,0,0
12943,25.79,26.09,1755,0.354,1132,-444,-13636,98,315,89,0,0,0
12944,25.79,26.09,2069,0.417,1024,-436,-13456,94,344,111,0,0,0
12949,25.79,26.09,6825,1.375,1044,-504,-13508,116,343,106,0,0,0
12955,25.79,26.09,7594,1.53,1040,-384,-13468,102,315,71,0,0,0
12960,25.79,26.09,6379,1.285,1084,-544,-13588,107,341,99,0,0,0
12965,25.79,26.09,4117,0.829,1032,-424,-13616,93,347,114,0,0,0
12969,25.79,26.09,6132,1.235,1032,-396,-13456,121,305,92,0,0,0
12974,25.79,26.09,7460,1.503,1080,-368,-13592,115,312,90,0,0,0
12979,25.79,26.09,6209,1.251,1112,-476,-13420,107,287,92,0,0,0
12985,25.79,26.09,5279,1.063,1032,-436,-13444,111,333,103,0,0,0
12990,25.79,26.09,4552,0.917,1032,-484,-13648,77,345,75,0,0,0
12995,25.79,26.09,1390,0.28,1104,-480,-13436,119,351,92,0,0,0
12999,25.79,26.09,2197,0.443,1052,-400,-13368,102,345,87,0,0,0
13004,25.79,26.09,7622,1.535,1196,-356,-13524,117,321,105,0,0,0
13009,25.79,26.09,4161,0.838,1196,-356,-13524,117,321,105,0,0,0
13015,25.79,26.09,6675,1.345,984,-428,-13556,107,293,100,0,0,0
13089,25.79,26.09,2571,0.518,1192,-532,-13712,111,401,98,0,0,0
13182,25.79,26.09,3482,0.701,1028,-488,-13620,108,366,90,0,0,0
13184,25.77,26.05,2228,0.449,1072,-348,-13296,131,374,85,0,0,0
13189,25.77,26.05,9706,1.955,960,-496,-13760,73,293,115,0,0,0
13194,25.77,26.05,6594,1.328,960,-496,-13760,73,293,115,0,0,0
13200,25.77,26.05,10620,2.139,1156,-476,-13592,82,341,90,0,0,0
13205,25.77,26.05,6086,1.226,1120,-416,-13576,140,357,99,0,0,0
13210,25.77,26.05,10164,2.047,1080,-448,-13732,114,289,104,0,0,0
13214,25.77,26.05,4921,0.991,984,-344,-13364,136,320,104,0,0,0
13219,25.77,26.05,9950,2.004,1032,-380,-13652,113,313,88,0,0,0
13224,25.77,26.05,5397,1.087,1032,-380,-13652,113,313,88,0,0,0
13230,25.77,26.05,6746,1.359,1200,-452,-13568,72,314,84,0,0,0
13235,25.77,26.05,11284,2.273,1012,-572,-13524,124,311,104,0,0,0
13240,25.77,26.05,12169,2.451,1044,-500,-13440,100,312,92,0,0,0
13244,25.77,26.05,11397,2.296,1156,-280,-13440,136,335,99,0,0,0
13249,25.77,26.05,12181,2.454,1116,-496,-13572,79,341,82,0,0,0
13254,25.77,26.05,12179,2.453,1116,-496,-13572,79,341,82,0,0,0
13347,25.77,26.05,7962,1.604,992,-500,-13424,109,326,103,0,0,0
13350,25.77,26.05,4884,0.984,1004,-396,-13540,119,349,83,0,0,0
13354,25.77,26.05,3896,0.785,1132,-468,-13656,109,328,102,0,0,0
13429,25.77,26.05,6229,1.255,1132,-484,-13568,121,339,117,0,0,0
13442,25.77,26.05,8809,1.774,1028,-384,-13520,108,355,112,0,0,0
13445,25.77,26.05,4395,0.885,1052,-532,-13420,108,344,119,0,0,0
13449,25.77,26.05,7134,1.437,1016,-552,-13508,99,329,104,0,0,0
13454,25.77,26.05,7470,1.505,1016,-552,-13508,99,329,104,0,0,0
13459,25.77,26.05,11197,2.255,984,-392,-13616,107,340,94,0,0,0
13465,25.77,26.05,11607,2.338,976,-508,-13592,121,301,97,0,0,0
13470,25.77,26.05,12168,2.451,1196,-436,-13324,94,312,99,0,0,0
13474,25.77,26.05,12162,2.45,1140,-552,-13528,106,322,93,0,0,0
13479,25.77,26.05,10738,2.163,1068,-376,-13520,84,346,93,0,0,0
13484,25.77,26.05,12144,2.446,1068,-376,-13520,84,346,93,0,0,0
13489,25.77,26.05,5448,1.097,1028,-492,-13564,100,347,104,0,0,0
13495,25.77,26.05,12185,2.454,1108,-392,-13532,104,343,96,0,0,0
13500,25.77,26.05,10524,2.12,1120,-380,-13412,101,301,93,0,0,0
13504,25.77,26.05,10458,2.107,1048,-452,-13400,104,344,99,0,0,0
13597,25.77,26.05,5987,1.206,1040,-388,-13504,115,354,98,0,0,0
13599,25.77,26.05,999,0.201,1040,-388,-13504,115,354,98,0,0,0
13604,25.77,26.05,9724,1.959,1104,-436,-13612,107,336,103,0,0,0
13610,25.77,26.05,12155,2.448,1028,-424,-13300,110,320,108,0,0,0
13615,25.77,26.05,12145,2.446,1064,-400,-13504,100,341,125,0,0,0
13714,25.79,26.03,1331,0.268,1048,-488,-13628,119,366,110,0,0,0
13715,25.79,26.03,4497,0.906,1156,-420,-13440,114,338,81,0,0,0
13719,25.79,26.03,5297,1.067,1156,-420,-13440,114,338,81,0,0,0
13724,25.79,26.03,8630,1.738,1100,-464,-13376,105,318,95,0,0,0
13730,25.79,26.03,10385,2.092,1052,-436,-13516,110,342,95,0,0,0
13735,25.79,26.03,5584,1.125,1064,-484,-13444,140,328,114,0,0,0
13739,25.79,26.03,8784,1.769,1064,-404,-13632,106,349,116,0,0,0
13744,25.79,26.03,10794,2.174,1056,-476,-13556,94,359,109,0,0,0
13749,25.79,26.03,9193,1.852,1056,-476,-13556,94,359,109,0,0,0
13754,25.79,26.03,9625,1.939,1012,-424,-13544,109,346,107,0,0,0
13760,25.79,26.03,9073,1.828,1128,-400,-13596,98,296,96,0,0,0
13765,25.79,26.03,9752,1.964,1088,-328,-13616,86,329,128,0,0,0
13769,25.79,26.03,12061,2.429,1148,-428,-13620,100,327,115,0,0,0
13862,25.79,26.03,9040,1.821,1052,-472,-13496,127,331,88,0,0,0
13864,25.79,26.03,7263,1.463,1052,-472,-13496,127,331,88,0,0,0
13869,25.79,26.03,12183,2.454,1084,-468,-13524,91,326,109,0,0,0
13875,25.79,26.03,4469,0.9,984,-420,-13560,130,312,101,0,0,0
13880,25.79,26.03,8239,1.66,1064,-432,-13536,143,311,125,0,0,0
13885,25.79,26.03,5656,1.139,1148,-412,-13556,115,341,85,0,0,0
13889,25.79,26.03,9270,1.867,1064,-360,-13612,83,357,115,0,0,0
13964,25.79,26.03,10746,2.165,1076,-384,-13544,98,337,103,0,0,0
13985,25.79,26.03,3413,0.687,1064,-392,-13540,135,337,86,0,0,0
13990,25.79,26.03,12189,2.455,948,-432,-13572,117,325,90,0,0,0
13995,25.79,26.03,12189,2.455,1136,-396,-13588,122,323,108,0,0,0
13999,25.79,26.03,12154,2.448,1064,-376,-13536,97,347,85,0,0,0
14004,25.79,26.03,10906,2.197,1064,-376,-13536,97,347,85,0,0,0
14009,25.79,26.03,10344,2.084,984,-480,-13500,102,343,78,0,0,0
14015,25.79,26.03,8174,1.646,1016,-396,-13428,108,325,95,0,0,0
14020,25.79,26.03,12123,2.442,1148,-356,-13664,84,322,88,0,0,0
14025,25.79,26.03,6372,1.284,1016,-296,-13472,116,314,99,0,0,0
14029,25.79,26.03,12158,2.449,1024,-404,-13512,94,340,108,0,0,0
14120,25.79,26.03,4777,0.962,1060,-492,-13468,108,319,120,0,0,0
14125,25.79,26.03,9162,1.845,1108,-424,-13456,94,339,92,0,0,0
14129,25.79,26.03,10807,2.177,1032,-384,-13612,98,339,88,0,0,0
14134,25.79,26.03,5080,1.023,1032,-384,-13612,98,339,88,0,0,0
14139,25.79,26.03,3558,0.717,968,-292,-13452,101,328,85,0,0,0
14145,25.79,26.03,7767,1.564,1128,-472,-13520,106,303,110,0,0,0
14150,25.79,26.03,7519,1.515,980,-384,-13608,121,318,94,0,0,0
14155,25.79,26.03,7606,1.532,1168,-452,-13408,131,325,109,0,0,0
14159,25.79,26.03,7396,1.49,1044,-500,-13448,93,311,106,0,0,0
14233,25.79,26.03,2767,0.557,1116,-456,-13696,115,326,84,0,0,0
14235,25.79,26.03,1273,0.256,1092,-376,-13528,94,325,110,0,0,0
14240,25.81,26.03,7920,1.595,1176,-420,-13604,120,329,101,0,0,0
14245,25.81,26.03,10365,2.088,1056,-356,-13588,120,317,101,0,0,0
14249,25.81,26.03,9823,1.979,1056,-356,-13588,120,317,101,0,0,0
14254,25.81,26.03,10402,2.095,1008,-524,-13492,112,308,89,0,0,0
14259,25.81,26.03,4297,0.866,1148,-428,-13488,80,315,109,0,0,0
14265,25.81,26.03,6599,1.329,1012,-320,-13612,107,348,115,0,0,0
14358,25.81,26.03,8414,1.695,1044,-572,-13488,107,337,85,0,0,0
14360,25.81,26.03,1067,0.215,1032,-396,-13524,135,331,105,0,0,0
14365,25.81,26.03,9381,1.89,1012,-400,-13716,101,341,116,0,0,0
14370,25.81,26.03,5979,1.204,1016,-500,-13528,84,345,113,0,0,0
14374,25.81,26.03,5741,1.156,1016,-500,-13528,84,345,113,0,0,0
14379,25.81,26.03,10983,2.212,1056,-340,-13600,129,336,101,0,0,0
14384,25.81,26.03,6405,1.29,1072,-432,-13524,90,334,104,0,0,0
14390,25.81,26.03,7091,1.428,1048,-412,-13432,123,319,88,0,0,0
14395,25.81,26.03,5901,1.189,1084,-432,-13692,89,326,94,0,0,0
14400,25.81,26.03,12136,2.445,1080,-412,-13476,99,346,98,0,0,0
14404,25.81,26.03,3582,0.722,1080,-412,-13476,99,346,98,0,0,0
14409,25.81,26.03,9825,1.979,1120,-372,-13524,103,312,108,0,0,0
14484,25.81,26.03,9868,1.988,1028,-448,-13416,108,306,82,0,0,0
14501,25.81,26.03,6265,1.262,996,-500,-13572,92,309,105,0,0,0
14504,25.81,26.03,6079,1.224,996,-500,-13572,92,309,105,0,0,0
14510,25.81,26.03,9623,1.938,1124,-460,-13364,104,320,89,0,0,0
14515,25.81,26.03,12156,2.449,1096,-376,-13584,95,370,107,0,0,0
14520,25.81,26.03,7049,1.42,1132,-384,-13716,116,337,111,0,0,0
14524,25.81,26.03,10696,2.154,1092,-524,-13448,116,296,106,0,0,0
14616,25.81,26.03,1580,0.318,1120,-360,-13524,125,330,100,0,0,0
14620,25.81,26.03,7388,1.488,1120,-360,-13524,125,330,100,0,0,0
14624,25.81,26.03,12160,2.449,1048,-404,-13472,126,362,77,0,0,0
14629,25.81,26.03,8167,1.645,996,-328,-13516,126,357,89,0,0,0
14634,25.81,26.03,10873,2.19,1040,-348,-13604,108,312,98,0,0,0
14640,25.81,26.03,11306,2.277,1080,-424,-13616,107,380,105,0,0,0
14645,25.81,26.03,7195,1.449,1000,-500,-13608,103,346,105,0,0,0
14650,25.81,26.03,10675,2.15,1000,-500,-13608,103,346,105,0,0,0
14654,25.81,26.03,4398,0.886,1024,-432,-13588,120,300,112,0,0,0
14659,25.81,26.03,6182,1.245,1032,-408,-13352,88,325,114,0,0,0
14664,25.81,26.03,6970,1.404,1052,-388,-13460,109,367,96,0,0,0
14670,25.81,26.03,10196,2.054,1076,-460,-13564,140,333,131,0,0,0
14675,25.81,26.03,8073,1.626,1024,-472,-13640,95,291,100,0,0,0
14774,25.77,26.05,3615,0.728,1080,-500,-13456,112,334,96,0,0,0
14775,25.77,26.05,1597,0.322,1020,-404,-13588,109,310,132,0,0,0
14779,25.77,26.05,3462,0.697,1020,-404,-13588,109,310,132,0,0,0
14784,25.77,26.05,6208,1.25,996,-420,-13632,103,341,116,0,0,0
14790,25.77,26.05,7635,1.538,1056,-404,-13544,129,344,116,0,0,0
14879,25.77,26.05,4172,0.84,1056,-404,-13544,129,344,116,0,0,0
14884,25.77,26.05,11307,2.278,1004,-372,-13452,121,315,96,0,0,0
14890,25.77,26.05,4738,0.954,1168,-436,-13336,95,345,89,0,0,0
14895,25.77,26.05,9239,1.861,1044,-420,-13512,120,338,115,0,0,0
14900,25.77,26.05,8965,1.806,1044,-420,-13512,120,338,115,0,0,0
14904,25.77,26.05,12175,2.452,1112,-380,-13464,117,322,106,0,0,0
14909,25.77,26.05,12179,2.453,980,-516,-13548,121,303,111,0,0,0
14914,25.77,26.05,10801,2.176,1116,-420,-13528,103,327,96,0,0,0
14920,25.77,26.05,12161,2.45,1196,-468,-13568,94,341,80,0,0,0
14925,25.77,26.05,12203,2.458,1044,-368,-13344,126,307,87,0,0,0
14938,25.77,26.05,4237,0.853,1136,-332,-13492,95,351,92,0,0,0
14940,25.77,26.05,3706,0.746,1136,-332,-13492,95,351,92,0,0,0
14945,25.77,26.05,8378,1.688,1036,-476,-13600,91,350,105,0,0,0
14949,25.77,26.05,12144,2.446,1096,-508,-13636,112,332,104,0,0,0
14954,25.77,26.05,8719,1.756,1048,-524,-13632,113,325,98,0,0,0
15029,25.77,26.05,2654,0.535,1040,-392,-13488,122,313,87,0,0,0
15034,25.77,26.05,8546,1.721,1156,-412,-13460,117,313,96,0,0,0
15039,25.77,26.05,4870,0.981,1088,-464,-13496,106,348,93,0,0,0
15131,25.77,26.05,8678,1.748,980,-480,-13596,100,355,91,0,0,0
15134,25.77,26.05,2781,0.56,980,-480,-13596,100,355,91,0,0,0
15140,25.77,26.05,12210,2.459,996,-296,-13544,110,324,102,0,0,0
15145,25.77,26.05,8325,1.677,996,-296,-13544,110,324,102,0,0,0
15150,25.77,26.05,12203,2.458,984,-404,-13488,109,302,104,0,0,0
15154,25.77,26.05,6928,1.395,1152,-412,-13596,100,322,100,0,0,0
15159,25.77,26.05,9359,1.885,964,-432,-13480,90,326,110,0,0,0
15164,25.77,26.05,10914,2.198,1132,-448,-13652,100,356,114,0,0,0
15170,25.77,26.05,7294,1.469,1048,-448,-13452,87,332,97,0,0,0
15175,25.77,26.05,8476,1.707,1048,-448,-13452,87,332,97,0,0,0
15180,25.79,26.05,12172,2.452,1092,-448,-13500,115,320,97,0,0,0
15184,25.79,26.05,5736,1.155,1144,-408,-13556,102,336,94,0,0,0
15189,25.79,26.05,7790,1.569,1180,-404,-13544,87,337,97,0,0,0
15194,25.79,26.05,2973,0.599,1112,-364,-13464,131,350,119,0,0,0
15200,25.79,26.05,8514,1.715,1032,-472,-13504,126,333,78,0,0,0
15205,25.79,26.05,5148,1.037,1032,-472,-13504,126,333,78,0,0,0
15297,25.79,26.05,8847,1.782,1044,-504,-13660,104,333,86,0,0,0
15374,25.79,26.05,2438,0.491,1064,-440,-13716,109,327,111,0,0,0
15379,25.79,26.05,7497,1.51,1084,-332,-13564,97,318,106,0,0,0
15384,25.79,26.05,4465,0.899,1104,-400,-13452,122,345,96,0,0,0
15389,25.79,26.05,2234,0.45,1096,-404,-13456,128,331,84,0,0,0
15394,25.79,26.05,2274,0.458,1120,-420,-13324,97,331,123,0,0,0
15400,25.79,26.05,6249,1.259,1148,-512,-13660,112,321,108,0,0,0
15405,25.79,26.05,3238,0.652,1100,-448,-13476,91,343,104,0,0,0
15409,25.79,26.05,6085,1.226,1028,-368,-13616,92,343,84,0,0,0
15414,25.79,26.05,6702,1.35,1232,-440,-13560,97,352,97,0,0,0
15419,25.79,26.05,7515,1.514,1020,-388,-13668,102,335,99,0,0,0
15424,25.79,26.05,5737,1.156,1140,-368,-13360,120,318,102,0,0,0
15434,25.79,26.05,2027,0.408,1116,-400,-13680,112,329,93,0,0,0
15440,25.79,26.05,10868,2.189,1084,-512,-13456,108,337,112,0,0,0
15445,25.79,26.05,5573,1.123,1224,-440,-13656,83,318,102,0,0,0
15450,25.79,26.05,5311,1.07,1092,-524,-13480,98,336,93,0,0,0
15454,25.79,26.05,4936,0.994,1004,-308,-13436,83,323,107,0,0,0
15548,25.79,26.05,5741,1.156,1108,-444,-13468,107,328,85,0,0,0
15549,25.79,26.05,5028,1.013,1108,-444,-13468,107,328,85,0,0,0
15554,25.79,26.05,4342,0.875,1088,-348,-13512,91,351,79,0,0,0
15559,25.79,26.05,6997,1.409,1160,-528,-13516,117,343,83,0,0,0
15634,25.79,26.05,1062,0.214,988,-476,-13392,127,328,88,0,0,0
15635,25.79,26.05,5762,1.161,984,-388,-13676,109,292,93,0,0,0
15640,25.79,26.05,8595,1.731,984,-388,-13676,109,292,93,0,0,0
15645,25.79,26.05,4784,0.964,1036,-376,-13420,118,352,91,0,0,0
15650,25.79,26.05,8585,1.729,1112,-444,-13628,102,352,108,0,0,0
15654,25.79,26.05,7188,1.448,1152,-420,-13600,113,328,109,0,0,0
15659,25.79,26.05,7410,1.493,1132,-504,-13536,90,352,123,0,0,0
15664,25.79,26.05,8451,1.702,1012,-488,-13596,120,322,84,0,0,0
15670,25.79,26.05,5857,1.18,1024,-432,-13536,83,289,108,0,0,0
15675,25.79,26.05,6287,1.266,1012,-480,-13572,123,335,91,0,0,0
15680,25.77,26.09,8163,1.644,1132,-440,-13404,104,325,80,0,0,0
15684,25.77,26.09,5669,1.142,1084,-392,-13648,112,325,113,0,0,0
15689,25.77,26.09,7402,1.491,1116,-516,-13548,87,345,116,0,0,0
15694,25.77,26.09,6456,1.3,1092,-424,-13452,118,364,92,0,0,0
15812,25.77,26.09,8726,1.758,1040,-588,-13524,92,349,109,0,0,0
15814,25.77,26.09,3072,0.619,1040,-588,-13524,92,349,109,0,0,0
15819,25.77,26.09,5050,1.017,1128,-384,-13588,130,299,91,0,0,0
15824,25.77,26.09,5799,1.168,1064,-468,-13536,102,326,113,0,0,0
15830,25.77,26.09,6315,1.272,1044,-448,-13556,117,308,82,0,0,0
15835,25.77,26.09,4988,1.005,1124,-408,-13456,120,324,103,0,0,0
15910,25.77,26.09,6018,1.212,1204,-348,-13500,107,353,103,0,0,0
15915,25.77,26.09,5538,1.116,1176,-500,-13412,96,338,109,0,0,0
15919,25.77,26.09,4716,0.95,1132,-360,-13600,110,320,114,0,0,0
15924,25.77,26.09,3551,0.715,1012,-528,-13544,118,313,104,0,0,0
15934,25.77,26.09,2425,0.488,1144,-416,-13612,114,340,95,0,0,0
15939,25.77,26.09,7099,1.43,1056,-400,-13620,107,325,106,0,0,0
15945,25.77,26.09,9894,1.993,1120,-356,-13552,80,295,87,0,0,0
15950,25.77,26.09,8186,1.649,1164,-484,-13540,113,348,112,0,0,0
15954,25.77,26.09,7663,1.544,1072,-392,-13532,119,333,101,0,0,0
15959,25.77,26.09,9567,1.927,1080,-448,-13628,92,343,78,0,0,0
15964,25.77,26.09,11479,2.312,1140,-468,-13588,114,328,99,0,0,0
15970,25.77,26.09,7501,1.511,1080,-376,-13492,97,329,95,0,0,0
16059,25.77,26.09,851,0.171,1080,-376,-13492,97,329,95,0,0,0
16064,25.77,26.09,4182,0.842,1136,-500,-13628,71,343,93,0,0,0
16070,25.77,26.09,7956,1.603,1116,-448,-13588,120,327,119,0,0,0
16075,25.77,26.09,5916,1.192,1180,-416,-13412,125,337,80,0,0,0
16080,25.77,26.09,2730,0.55,1044,-432,-13584,124,316,94,0,0,0
16084,25.77,26.09,3014,0.607,1076,-364,-13500,107,353,98,0,0,0
16089,25.77,26.09,4830,0.973,1084,-404,-13548,93,331,96,0,0,0
16094,25.77,26.09,5461,1.1,1208,-352,-13588,128,338,92,0,0,0
16169,25.77,26.09,7433,1.497,1036,-404,-13352,113,354,105,0,0,0
16170,25.77,26.09,805,0.162,1036,-404,-13352,113,354,105,0,0,0
16174,25.77,26.09,4368,0.88,1136,-364,-13528,124,333,103,0,0,0
16180,25.77,26.09,4256,0.857,1016,-496,-13532,96,297,106,0,0,0
16185,25.81,26.09,6300,1.269,1112,-356,-13576,106,337,104,0,0,0
16189,25.81,26.09,3895,0.785,1048,-504,-13516,84,362,94,0,0,0
16194,25.81,26.09,6736,1.357,1132,-456,-13556,129,351,84,0,0,0
16199,25.81,26.09,4322,0.871,1060,-472,-13584,125,317,81,0,0,0
16204,25.81,26.09,3104,0.625,1044,-408,-13344,114,324,97,0,0,0
16297,25.81,26.09,5767,1.162,1148,-432,-13660,93,335,85,0,0,0
16300,25.81,26.09,12186,2.455,1148,-432,-13660,93,335,85,0,0,0
16305,25.81,26.09,12220,2.461,1080,-336,-13456,115,353,84,0,0,0
16310,25.81,26.09,12180,2.453,1112,-416,-13512,92,334,111,0,0,0
16314,25.81,26.09,12194,2.456,1100,-436,-13324,119,344,106,0,0,0
16319,25.81,26.09,12175,2.452,1120,-452,-13496,119,292,117,0,0,0
16324,25.81,26.09,12185,2.454,1168,-464,-13500,106,305,120,0,0,0
16330,25.81,26.09,12197,2.457,968,-488,-13576,111,350,126,0,0,0
16335,25.81,26.09,8859,1.784,1132,-376,-13596,75,339,86,0,0,0
16340,25.81,26.09,12193,2.456,1084,-400,-13588,88,383,111,0,0,0
16344,25.81,26.09,8326,1.677,1008,-460,-13560,108,310,102,0,0,0
16419,25.81,26.09,290,0.058,1208,-400,-13500,77,361,116,0,0,0
16424,25.81,26.09,8379,1.688,1052,-328,-13668,103,364,95,0,0,0
16445,25.81,26.09,3111,0.627,1140,-384,-13588,102,333,100,0,0,0
16450,25.81,26.09,5387,1.085,1004,-420,-13524,83,315,93,0,0,0
16455,25.81,26.09,5222,1.052,1032,-432,-13696,122,337,89,0,0,0
16459,25.81,26.09,3495,0.704,1124,-504,-13500,99,373,102,0,0,0
16464,25.81,26.09,3860,0.778,1024,-404,-13556,101,375,72,0,0,0
16555,25.81,26.09,6160,1.241,1028,-520,-13516,100,325,114,0,0,0
16560,25.81,26.09,6297,1.268,1028,-520,-13516,100,325,114,0,0,0
16564,25.81,26.09,12218,2.461,1072,-368,-13452,98,327,112,0,0,0
16569,25.81,26.09,12146,2.447,1096,-348,-13540,116,349,85,0,0,0
16574,25.81,26.09,12165,2.45,1096,-384,-13628,94,351,106,0,0,0
16580,25.81,26.09,11046,2.225,1020,-404,-13616,96,307,105,0,0,0
16585,25.81,26.09,9462,1.906,1168,-428,-13500,100,308,104,0,0,0
16590,25.81,26.09,7209,1.452,1092,-460,-13432,115,357,92,0,0,0
16594,25.81,26.09,10615,2.138,1128,-472,-13556,105,356,90,0,0,0
16599,25.81,26.09,6352,1.279,1084,-544,-13540,124,308,91,0,0,0
16604,25.81,26.09,12134,2.444,1004,-388,-13568,96,340,114,0,0,0
16610,25.81,26.09,12153,2.448,1012,-440,-13512,107,331,90,0,0,0
16615,25.81,26.09,12183,2.454,1032,-428,-13764,103,366,84,0,0,0
16689,25.81,26.09,5190,1.045,1036,-324,-13508,113,303,80,0,0,0
16695,25.81,26.09,8272,1.666,1052,-380,-13468,88,317,79,0,0,0
16699,25.81,26.09,6112,1.231,1044,-456,-13384,107,341,84,0,0,0
16704,25.79,26.09,8508,1.714,1044,-272,-13532,104,330,99,0,0,0
16819,25.79,26.09,7558,1.522,1104,-496,-13384,116,348,103,0,0,0
16820,25.79,26.09,8765,1.766,1104,-496,-13384,116,348,103,0,0,0
16824,25.79,26.09,12156,2.449,1104,-392,-13428,88,318,99,0,0,0
16830,25.79,26.09,12198,2.457,1068,-420,-13528,117,324,114,0,0,0
16835,25.79,26.09,11456,2.308,1144,-488,-13504,102,309,107,0,0,0
16839,25.79,26.09,12164,2.45,1124,-392,-13620,91,336,123,0,0,0
16844,25.79,26.09,12164,2.45,956,-472,-13436,79,338,96,0,0,0
16849,25.79,26.09,11606,2.338,1080,-452,-13456,128,357,117,0,0,0
16855,25.79,26.09,11469,2.31,1100,-408,-13452,89,304,114,0,0,0
16860,25.79,26.09,12222,2.462,1068,-504,-13616,114,286,100,0,0,0
16865,25.79,26.09,9192,1.852,1048,-360,-13384,105,318,96,0,0,0
16869,25.79,26.09,12176,2.453,984,-484,-13636,66,345,97,0,0,0
16874,25.79,26.09,8697,1.752,1096,-416,-13684,110,330,93,0,0,0
16879,25.79,26.09,12118,2.441,1016,-428,-13332,100,340,111,0,0,0
16885,25.79,26.09,12160,2.449,1048,-440,-13520,131,324,104,0,0,0
16890,25.79,26.09,12166,2.451,1040,-484,-13568,100,330,105,0,0,0
16964,25.79,26.09,6392,1.288,1128,-360,-13608,116,330,101,0,0,0
16978,25.79,26.09,3706,0.746,1096,-412,-13748,111,344,115,0,0,0
16980,25.79,26.09,7861,1.583,1096,-412,-13748,111,344,115,0,0,0
17071,25.79,26.09,1169,0.235,1008,-460,-13488,94,329,83,0,0,0
17074,25.79,26.09,12156,2.449,1008,-460,-13488,94,329,83,0,0,0
17079,25.79,26.09,9446,1.903,1080,-384,-13584,113,355,97,0,0,0
17084,25.79,26.09,8946,1.802,1112,-428,-13480,105,341,101,0,0,0
17090,25.79,26.09,9924,1.999,1108,-332,-13540,105,326,102,0,0,0
17095,25.79,26.09,11280,2.272,1092,-460,-13412,122,329,93,0,0,0
17099,25.79,26.09,5112,1.03,1148,-432,-13480,117,316,99,0,0,0
17104,25.79,26.09,10302,2.075,1004,-440,-13532,94,332,95,0,0,0
17109,25.79,26.09,5481,1.104,1052,-524,-13584,92,333,103,0,0,0
17114,25.79,26.09,9781,1.97,924,-412,-13584,120,341,108,0,0,0
17120,25.79,26.09,8969,1.807,1044,-532,-13604,133,321,107,0,0,0
17125,25.79,26.09,5088,1.025,1160,-500,-13468,93,316,103,0,0,0
17129,25.79,26.09,8627,1.738,1080,-416,-13488,61,333,103,0,0,0
17134,25.79,26.09,10910,2.198,1104,-440,-13588,103,342,84,0,0,0
17139,25.79,26.09,7529,1.517,956,-436,-13568,108,328,90,0,0,0
17145,25.79,26.09,12130,2.443,1040,-440,-13568,103,318,106,0,0,0
17236,25.77,26.17,6962,1.402,1032,-484,-13672,135,351,85,0,0,0
17315,25.77,26.17,10647,2.145,1060,-352,-13508,132,336,99,0,0,0
17319,25.77,26.17,12118,2.441,1104,-472,-13544,90,318,99,0,0,0
17324,25.77,26.17,5856,1.18,988,-456,-13644,104,327,103,0,0,0
17329,25.77,26.17,6182,1.245,1028,-336,-13612,107,336,100,0,0,0
17335,25.77,26.17,8698,1.752,1084,-492,-13452,109,336,99,0,0,0
17340,25.77,26.17,2249,0.453,1056,-448,-13528,106,359,109,0,0,0
17345,25.77,26.17,6056,1.22,1012,-484,-13572,118,322,107,0,0,0
17349,25.77,26.17,11676,2.352,1088,-380,-13516,102,325,93,0,0,0
17354,25.77,26.17,3487,0.702,1060,-336,-13500,97,321,89,0,0,0
17359,25.77,26.17,7749,1.561,1076,-448,-13556,80,347,111,0,0,0
17365,25.77,26.17,5713,1.151,1188,-492,-13464,107,338,113,0,0,0
17370,25.77,26.17,9832,1.98,1108,-472,-13396,94,346,101,0,0,0
17375,25.77,26.17,6936,1.397,1004,-376,-13468,102,317,115,0,0,0
17379,25.77,26.17,5727,1.154,1032,-408,-13620,86,337,98,0,0,0
17384,25.77,26.17,7455,1.502,1072,-488,-13492,119,343,92,0,0,0
17389,25.77,26.17,8038,1.619,1044,-392,-13548,110,321,101,0,0,0
17478,25.77,26.17,4063,0.818,1044,-392,-13548,110,321,101,0,0,0
17496,25.77,26.17,737,0.148,1144,-444,-13688,95,358,105,0,0,0
17499,25.77,26.17,3249,0.654,1096,-444,-13476,115,335,86,0,0,0
17504,25.77,26.17,3992,0.804,1072,-456,-13472,111,314,97,0,0,0
17580,25.77,26.17,11248,2.266,1064,-448,-13636,100,361,74,0,0,0
17584,25.77,26.17,12234,2.464,1036,-380,-13548,98,335,103,0,0,0
17590,25.77,26.17,12202,2.458,1100,-456,-13512,99,333,96,0,0,0
17595,25.77,26.17,7818,1.575,1068,-440,-13456,82,347,90,0,0,0
17600,25.77,26.17,8189,1.649,1068,-400,-13484,103,330,100,0,0,0
17604,25.77,26.17,10055,2.025,1112,-404,-13452,122,343,106,0,0,0
17609,25.77,26.17,12190,2.455,1072,-480,-13456,104,322,103,0,0,0
17614,25.77,26.17,12215,2.46,1204,-452,-13252,93,353,99,0,0,0
17620,25.77,26.17,12187,2.455,1120,-352,-13624,117,332,102,0,0,0
17625,25.77,26.17,10977,2.211,1204,-512,-13464,106,339,99,0,0,0
17630,25.77,26.17,9638,1.941,1056,-484,-13560,93,324,91,0,0,0
17634,25.77,26.17,6868,1.383,1136,-400,-13624,98,298,98,0,0,0
17639,25.77,26.17,8478,1.708,1016,-392,-13644,106,337,86,0,0,0
17644,25.77,26.17,6004,1.209,1044,-348,-13596,129,345,106,0,0,0
17735,25.77,26.17,10189,2.052,1004,-500,-13532,113,350,85,0,0,0
17740,25.77,26.17,5106,1.028,1252,-396,-13648,100,323,97,0,0,0
17745,25.77,26.17,4765,0.96,1044,-532,-13464,104,311,100,0,0,0
17749,25.77,26.23,7677,1.546,1164,-388,-13496,119,328,91,0,0,0
17754,25.77,26.23,7450,1.501,1036,-452,-13400,94,361,99,0,0,0
17759,25.77,26.23,5467,1.101,1032,-436,-13452,121,345,72,0,0,0
17858,25.77,26.23,4312,0.869,1064,-368,-13396,94,366,106,0,0,0
17859,25.77,26.23,16,0.003,1064,-368,-13396,94,366,106,0,0,0
17864,25.77,26.23,12175,2.452,1000,-432,-13544,88,351,109,0,0,0
17869,25.77,26.23,12147,2.447,1080,-472,-13404,112,344,98,0,0,0
17875,25.77,26.23,12155,2.448,1100,-316,-13616,117,323,95,0,0,0
17880,25.77,26.23,11293,2.275,1088,-512,-13440,92,329,108,0,0,0
17884,25.77,26.23,12196,2.457,1184,-408,-13564,95,341,109,0,0,0
17889,25.77,26.23,12165,2.45,1044,-552,-13376,97,364,101,0,0,0
17894,25.77,26.23,9015,1.816,1112,-484,-13472,113,326,87,0,0,0
17900,25.77,26.23,12172,2.452,1092,-420,-13492,98,327,88,0,0,0
17905,25.77,26.23,12217,2.461,1084,-428,-13504,86,336,110,0,0,0
17998,25.77,26.23,6149,1.239,1028,-376,-13468,121,353,93,0,0,0
18014,25.77,26.23,7270,1.464,1052,-452,-13716,96,338,95,0,0,0
18019,25.77,26.23,8481,1.708,1120,-444,-13580,104,324,101,0,0,0
18024,25.77,26.23,9474,1.908,1076,-388,-13532,90,314,92,0,0,0
18030,25.77,26.23,5992,1.207,1180,-488,-13436,111,327,88,0,0,0
18035,25.77,26.23,6195,1.248,992,-396,-13616,110,324,117,0,0,0
18040,25.77,26.23,9839,1.982,968,-452,-13476,85,330,89,0,0,0
18044,25.77,26.23,7572,1.525,1032,-440,-13360,111,340,96,0,0,0
18049,25.77,26.23,12181,2.454,1016,-512,-13496,94,322,96,0,0,0
18123,25.77,26.23,3051,0.615,1024,-392,-13560,106,315,106,0,0,0
18125,25.77,26.23,6467,1.303,1024,-392,-13560,106,315,106,0,0,0
18130,25.77,26.23,9516,1.917,1148,-356,-13412,107,339,86,0,0,0
18135,25.77,26.23,9160,1.845,1048,-504,-13508,91,359,98,0,0,0
18139,25.77,26.23,4013,0.808,1116,-452,-13476,106,345,97,0,0,0
18144,25.77,26.23,5779,1.164,1164,-500,-13476,107,333,92,0,0,0
18149,25.77,26.23,6291,1.267,1080,-420,-13464,104,319,128,0,0,0
18155,25.77,26.23,6733,1.356,1192,-488,-13528,89,326,93,0,0,0
18160,25.77,26.23,10932,2.202,1140,-436,-13624,114,340,99,0,0,0
18251,25.77,26.29,7737,1.558,1112,-452,-13564,112,310,85,0,0,0
18255,25.77,26.29,7410,1.493,1112,-452,-13564,112,310,85,0,0,0
18260,25.77,26.29,8882,1.789,976,-440,-13476,91,324,95,0,0,0
18265,25.77,26.29,5230,1.053,1040,-488,-13460,89,341,94,0,0,0
18269,25.77,26.29,8539,1.72,1068,-508,-13592,105,374,114,0,0,0
18274,25.77,26.29,3243,0.653,1020,-376,-13464,109,332,88,0,0,0
18279,25.77,26.29,5174,1.042,1116,-464,-13428,118,328,97,0,0,0
18285,25.77,26.29,3488,0.703,1092,-464,-13556,69,330,116,0,0,0
18290,25.77,26.29,8492,1.711,964,-388,-13564,106,320,108,0,0,0
18295,25.77,26.29,8943,1.801,1056,-432,-13552,94,324,81,0,0,0
18299,25.77,26.29,9200,1.853,1008,-412,-13456,105,328,100,0,0,0
18374,25.77,26.29,308,0.062,1100,-436,-13744,90,354,90,0,0,0
18375,25.77,26.29,2442,0.492,1100,-436,-13744,90,354,90,0,0,0
18379,25.77,26.29,8766,1.766,1032,-428,-13516,125,328,99,0,0,0
18385,25.77,26.29,9167,1.846,1120,-296,-13520,89,345,83,0,0,0
18390,25.77,26.29,8103,1.632,1068,-404,-13660,98,336,91,0,0,0
18395,25.77,26.29,7889,1.589,1088,-340,-13492,103,328,70,0,0,0
18399,25.77,26.29,8462,1.704,1052,-556,-13436,108,345,90,0,0,0
18491,25.77,26.29,3273,0.659,972,-428,-13704,82,314,97,0,0,0
18503,25.77,26.29,2575,0.519,1080,-416,-13620,116,321,93,0,0,0
18505,25.77,26.29,11338,2.284,1080,-416,-13620,116,321,93,0,0,0
18510,25.77,26.29,11329,2.282,1072,-456,-13504,122,336,103,0,0,0
18514,25.77,26.29,8216,1.655,1072,-400,-13412,108,338,88,0,0,0
18519,25.77,26.29,7696,1.55,1032,-472,-13552,122,339,98,0,0,0
18524,25.77,26.29,8316,1.675,1200,-544,-13744,103,329,99,0,0,0
18530,25.77,26.29,10569,2.129,1012,-328,-13488,105,323,92,0,0,0
18535,25.77,26.29,7348,1.48,1056,-436,-13608,125,362,109,0,0,0
18540,25.77,26.29,5814,1.171,1076,-464,-13424,129,335,89,0,0,0
18544,25.77,26.29,6719,1.353,1084,-340,-13564,118,313,95,0,0,0
18549,25.77,26.29,7491,1.509,1060,-488,-13628,123,296,127,0,0,0
18554,25.77,26.29,5573,1.123,1068,-404,-13544,96,337,117,0,0,0
18628,25.77,26.29,4781,0.963,1060,-384,-13564,111,362,84,0,0,0
18630,25.77,26.29,1910,0.385,1060,-384,-13564,111,362,84,0,0,0
18635,25.77,26.29,8308,1.673,1112,-512,-13488,110,322,97,0,0,0
18640,25.77,26.29,8425,1.697,1080,-444,-13620,89,334,101,0,0,0
18644,25.77,26.29,9591,1.932,1196,-472,-13532,99,316,96,0,0,0
18649,25.77,26.29,9794,1.973,1052,-492,-13320,91,370,97,0,0,0
18741,25.77,26.29,12185,2.454,1092,-324,-13556,93,342,110,0,0,0
18744,25.77,26.29,6677,1.345,1092,-324,-13556,93,342,110,0,0,0
18749,25.77,26.29,7371,1.485,1124,-352,-13524,94,334,102,0,0,0
18755,25.79,26.23,12160,2.449,1024,-452,-13572,103,310,118,0,0,0
18760,25.79,26.23,9840,1.982,1108,-484,-13648,84,346,102,0,0,0
18765,25.79,26.23,10566,2.128,1040,-416,-13476,115,329,115,0,0,0
18769,25.79,26.23,12177,2.453,1020,-328,-13632,113,329,100,0,0,0
18774,25.79,26.23,10059,2.026,1012,-520,-13536,111,331,119,0,0,0
18779,25.79,26.23,10725,2.16,1140,-488,-13496,117,317,96,0,0,0
18785,25.79,26.23,9926,1.999,1128,-432,-13488,114,361,105,0,0,0
18790,25.79,26.23,12058,2.429,1128,-364,-13448,96,340,99,0,0,0
18795,25.79,26.23,6694,1.348,1116,-404,-13548,95,325,82,0,0,0
18799,25.79,26.23,10975,2.211,1080,-544,-13492,106,322,96,0,0,0
18804,25.79,26.23,11014,2.219,1020,-384,-13520,126,312,92,0,0,0
18903,25.79,26.23,2549,0.513,1156,-392,-13584,98,329,79,0,0,0
18905,25.79,26.23,2545,0.513,1156,-392,-13584,98,329,79,0,0,0
18910,25.79,26.23,12161,2.45,1052,-404,-13504,113,331,94,0,0,0
18914,25.79,26.23,8436,1.699,964,-452,-13600,95,332,92,0,0,0
19005,25.79,26.23,2822,0.568,1160,-300,-13572,83,347,107,0,0,0
19019,25.79,26.23,1337,0.269,1016,-420,-13264,114,330,109,0,0,0
19024,25.79,26.23,2040,0.411,1080,-508,-13380,106,329,107,0,0,0
19030,25.79,26.23,5968,1.202,1080,-452,-13512,87,361,110,0,0,0
19035,25.79,26.23,9239,1.861,1104,-508,-13664,102,354,100,0,0,0
19040,25.79,26.23,12099,2.437,1044,-452,-13440,108,318,131,0,0,0
19044,25.79,26.23,6281,1.265,1028,-424,-13392,104,319,92,0,0,0
19049,25.79,26.23,8706,1.754,1048,-436,-13488,99,312,86,0,0,0
19054,25.79,26.23,7515,1.514,1068,-492,-13552,110,316,115,0,0,0
19060,25.79,26.23,9340,1.881,1044,-356,-13516,125,338,99,0,0,0
19065,25.79,26.23,8815,1.776,1056,-444,-13464,115,330,115,0,0,0
19070,25.79,26.23,6609,1.331,1156,-372,-13472,107,285,116,0,0,0
19074,25.79,26.23,8080,1.628,1124,-508,-13596,103,301,89,0,0,0
19079,25.79,26.23,10540,2.123,956,-384,-13568,123,327,92,0,0,0
19084,25.79,26.23,9865,1.987,1036,-380,-13560,95,316,106,0,0,0
19090,25.79,26.23,9912,1.997,1020,-452,-13584,120,356,107,0,0,0
19165,25.79,26.23,521,0.105,980,-420,-13412,113,327,76,0,0,0
19256,25.77,26.27,4720,0.951,1012,-452,-13336,115,314,106,0,0,0
19260,25.77,26.27,11124,2.241,1000,-376,-13644,81,329,91,0,0,0
19265,25.77,26.27,8522,1.717,1008,-528,-13496,100,360,99,0,0,0
19270,25.77,26.27,8305,1.673,1088,-464,-13592,84,369,67,0,0,0
19274,25.77,26.27,6361,1.281,876,-548,-13584,137,326,65,0,0,0
19279,25.77,26.27,9283,1.87,1064,-392,-13496,95,261,32,0,0,0
19284,25.77,26.27,3380,0.681,1100,-348,-13508,128,349,10,0,0,0
19290,25.77,26.27,11468,2.31,1044,-320,-13608,103,339,-38,0,0,0
19295,25.77,26.27,10458,2.107,1100,-256,-13508,96,340,-111,0,0,0
19300,25.77,26.27,7387,1.488,1056,-236,-13408,102,334,-186,0,0,0
19304,25.77,26.27,8885,1.79,1048,-212,-13464,147,325,-294,0,0,0
19309,25.77,26.27,6278,1.265,1124,-104,-13464,120,348,-354,0,0,0
19314,25.77,26.27,2981,0.6,1188,-352,-13388,111,317,-460,0,0,0
19320,25.77,26.27,4595,0.926,1100,-188,-13568,131,322,-564,0,0,0
19325,25.77,26.27,7861,1.583,1168,-312,-13624,139,335,-689,0,0,0
19330,25.77,26.27,5025,1.012,1120,-116,-13448,96,309,-856,0,0,0
19423,25.77,26.27,2570,0.518,1076,-96,-13668,225,297,-3692,0,0,0
19425,25.77,26.27,3004,0.605,1076,-96,-13668,225,297,-3692,0,0,0
19449,25.77,26.27,2706,0.545,1196,-256,-13772,329,326,-4077,0,0,0
19529,25.77,26.27,6646,1.339,1372,-356,-13808,37,419,-3250,0,0,0
19530,25.77,26.27,551,0.111,1372,-356,-13808,37,419,-3250,0,0,0
19534,25.77,26.27,11250,2.266,952,-524,-13572,174,231,-3155,0,0,0
19540,25.77,26.27,10047,2.024,1092,-256,-13688,183,206,-3070,0,0,0
19545,25.77,26.27,6890,1.388,1592,-576,-13060,415,388,-2892,0,0,0
19550,25.77,26.27,8275,1.667,1256,-780,-13388,286,298,-2701,0,0,0
19554,25.77,26.27,8668,1.746,712,-812,-13952,169,237,-2509,0,0,0
19559,25.77,26.27,7037,1.417,664,-572,-13880,133,155,-2326,0,0,0
19564,25.77,26.27,6757,1.361,560,-728,-13372,296,249,-2151,0,0,0
19570,25.77,26.27,7949,1.601,512,-620,-13244,280,305,-1913,0,0,0
19575,25.77,26.27,7978,1.607,664,-844,-13728,256,366,-1717,0,0,0
19580,25.77,26.27,6736,1.357,480,-816,-13376,208,298,-1428,0,0,0
19584,25.77,26.27,6451,1.299,824,-944,-13564,185,335,-1109,0,0,0
19589,25.77,26.27,9368,1.887,560,-1004,-13676,208,371,-744,0,0,0
19594,25.77,26.27,6397,1.289,1168,-984,-13700,139,268,-501,0,0,0
19600,25.77,26.27,7347,1.48,1088,-992,-13512,80,219,-252,0,0,0
19691,25.77,26.27,3812,0.768,1144,-456,-13504,105,328,110,0,0,0
19694,25.77,26.27,1090,0.22,1144,-456,-13504,105,328,110,0,0,0
19699,25.77,26.27,4165,0.839,1068,-460,-13680,106,354,106,0,0,0
19705,25.77,26.27,2708,0.545,1052,-416,-13736,112,324,84,0,0,0
19783,25.77,26.27,458,0.092,1080,-428,-13576,109,351,110,0,0,0
19784,25.77,26.27,916,0.185,1080,-428,-13576,109,351,110,0,0,0
19789,25.77,26.27,5678,1.144,1096,-416,-13568,112,339,97,0,0,0
19794,25.77,26.27,6716,1.353,1116,-432,-13484,105,330,105,0,0,0
19800,25.77,26.27,4016,0.809,1092,-432,-13460,110,312,124,0,0,0
19805,25.77,26.27,8021,1.616,1004,-496,-13612,122,311,117,0,0,0
19810,25.77,26.27,7447,1.5,1068,-416,-13524,124,355,121,0,0,0
19814,25.77,26.27,7821,1.575,1064,-456,-13592,104,333,110,0,0,0
19819,25.77,26.27,10943,2.204,1164,-396,-13408,113,328,107,0,0,0
19824,25.77,26.27,5907,1.19,1112,-472,-13496,106,348,101,0,0,0
19830,25.77,26.27,4392,0.885,1120,-388,-13392,75,338,105,0,0,0
19835,25.77,26.27,5207,1.049,1016,-408,-13584,118,340,86,0,0,0
19839,25.77,26.27,4754,0.958,984,-512,-13500,115,310,110,0,0,0
19844,25.77,26.27,3550,0.715,1044,-388,-13420,112,348,100,0,0,0
19958,25.77,26.27,305,0.061,1040,-436,-13644,111,352,94,0,0,0
19973,25.77,26.27,2534,0.51,956,-400,-13360,102,318,97,0,0,0
19974,25.77,26.27,6054,1.219,956,-400,-13360,102,318,97,0,0,0
19979,25.77,26.27,8097,1.631,1080,-428,-13548,104,315,101,0,0,0
19985,25.77,26.27,9331,1.88,1128,-472,-13364,103,368,100,0,0,0
19990,25.77,26.27,7590,1.529,1116,-484,-13560,107,361,110,0,0,0
20065,25.77,26.27,5620,1.132,1100,-384,-13524,145,391,108,0,0,0
20069,25.77,26.27,1471,0.296,1016,-476,-13500,137,413,106,0,0,0
20075,25.77,26.27,10072,2.029,1164,-384,-13508,152,439,111,0,0,0
20080,25.77,26.27,5388,1.085,1164,-436,-13508,146,430,103,0,0,0
20084,25.77,26.27,2928,0.59,1008,-436,-13696,117,392,127,0,0,0
20089,25.77,26.27,10586,2.132,1108,-464,-13536,106,349,107,0,0,0
20094,25.77,26.27,12187,2.455,1104,-448,-13408,103,345,134,0,0,0
20100,25.77,26.27,7774,1.566,1076,-572,-13800,127,353,126,0,0,0
20105,25.77,26.27,10319,2.079,1024,-428,-13712,108,386,172,0,0,0
20110,25.77,26.27,5111,1.03,1084,-540,-13628,110,406,199,0,0,0
20114,25.77,26.27,7628,1.536,1108,-468,-13664,140,335,215,0,0,0
20119,25.77,26.27,8149,1.641,1024,-764,-13620,116,352,280,0,0,0
20211,25.77,26.31,4670,0.941,1096,-1532,-13544,1635,535,6201,0,0,0
20215,25.77,26.31,5627,1.133,1236,-1408,-13772,1672,523,6642,0,0,0
20220,25.77,26.31,11076,2.231,1128,-1456,-13372,1665,495,7043,0,0,0
20224,25.77,26.31,10733,2.162,1156,-1600,-13384,1519,367,7427,0,0,0
20229,25.77,26.31,12169,2.451,1064,-1408,-13492,1497,580,7819,0,0,0
20234,25.77,26.31,3740,0.753,2236,2296,-13396,1231,627,7810,0,0,0
20240,25.77,26.31,9262,1.866,1856,-268,-14832,657,518,7209,0,0,0
20245,25.77,26.31,9682,1.95,1320,-984,-12532,-386,425,6829,0,0,0
20323,25.77,26.31,1304,0.263,1092,-1080,-13832,-412,423,-300,0,0,0
20325,25.77,26.31,7591,1.529,1092,-1080,-13832,-412,423,-300,0,0,0
20329,25.77,26.31,12155,2.448,1200,-404,-13036,613,150,-148,0,0,0
20334,25.77,26.31,10343,2.083,1064,-696,-14072,-180,-38,-213,0,0,0
20339,25.77,26.31,7268,1.464,808,-380,-13376,277,283,-148,0,0,0
20345,25.77,26.31,12218,2.461,936,-608,-13408,153,511,-110,0,0,0
20350,25.77,26.31,4374,0.881,1304,-636,-13148,125,562,-24,0,0,0
20355,25.77,26.31,12163,2.45,1180,-624,-13652,-12,277,27,0,0,0
20359,25.77,26.31,12164,2.45,1032,-484,-13804,136,129,97,0,0,0
20364,25.77,26.31,5860,1.18,1092,-416,-13580,102,315,111,0,0,0
20454,25.77,26.31,5782,1.165,1092,-416,-13580,102,315,111,0,0,0
20467,25.77,26.31,12163,2.45,960,-444,-13324,91,305,115,0,0,0
20469,25.77,26.31,9086,1.83,1080,-488,-13496,111,348,128,0,0,0
20474,25.77,26.31,12187,2.455,1052,-432,-13492,87,336,114,0,0,0
20479,25.77,26.31,12172,2.452,1196,-440,-13532,117,323,95,0,0,0
20485,25.77,26.31,12168,2.451,1052,-468,-13400,79,330,105,0,0,0
20490,25.77,26.31,12219,2.461,1076,-420,-13592,110,322,105,0,0,0
20495,25.77,26.31,7722,1.555,1116,-344,-13388,97,343,109,0,0,0
20499,25.77,26.31,12159,2.449,1040,-464,-13572,90,329,130,0,0,0
20504,25.77,26.31,12175,2.452,1104,-504,-13416,91,334,90,0,0,0
20580,25.77,26.31,1416,0.285,1080,-424,-13444,84,326,113,0,0,0
20584,25.77,26.31,4748,0.956,1036,-456,-13580,108,294,98,0,0,0
20589,25.77,26.31,7892,1.59,1072,-396,-13364,96,353,76,0,0,0
20594,25.77,26.31,9326,1.879,1016,-520,-13620,118,324,97,0,0,0
20600,25.77,26.31,10295,2.074,1076,-436,-13560,111,330,102,0,0,0
20605,25.77,26.31,12163,2.45,1064,-460,-13628,111,308,95,0,0,0
20609,25.77,26.31,7922,1.596,1112,-360,-13468,113,352,102,0,0,0
20614,25.77,26.31,9617,1.937,1072,-464,-13620,100,317,87,0,0,0
20704,25.77,26.31,6865,1.383,1060,-504,-13444,117,304,93,0,0,0
20709,25.77,26.31,12175,2.452,1072,-416,-13476,111,354,115,0,0,0
20714,25.77,26.31,12159,2.449,1144,-500,-13496,75,330,113,0,0,0
20720,25.79,26.29,8766,1.766,1060,-488,-13548,137,335,81,0,0,0
20725,25.79,26.29,5007,1.009,1144,-404,-13552,92,309,102,0,0,0
20730,25.79,26.29,8482,1.709,1028,-420,-13532,111,341,124,0,0,0
20734,25.79,26.29,12193,2.456,1032,-416,-13468,103,341,96,0,0,0
20739,25.79,26.29,6406,1.29,1072,-476,-13504,108,327,99,0,0,0
20744,25.79,26.29,12187,2.455,1132,-364,-13544,86,329,87,0,0,0
20750,25.79,26.29,12193,2.456,1124,-384,-13648,82,332,112,0,0,0
20755,25.79,26.29,12209,2.459,992,-328,-13444,100,344,119,0,0,0
20760,25.79,26.29,12214,2.46,992,-380,-13536,109,335,104,0,0,0
20834,25.79,26.29,12130,2.443,1116,-376,-13512,119,304,98,0,0,0
20839,25.79,26.29,12172,2.452,1008,-392,-13628,109,323,96,0,0,0
20845,25.79,26.29,11035,2.223,1000,-452,-13592,111,325,102,0,0,0
20850,25.79,26.29,12175,2.452,1028,-404,-13420,131,314,87,0,0,0
20966,25.79,26.29,12176,2.453,1024,-472,-13680,107,335,86,0,0,0
20987,25.79,26.29,4347,0.876,1048,-436,-13620,110,322,115,0,0,0
20990,25.79,26.29,6945,1.399,1048,-436,-13620,110,322,115,0,0,0
20994,25.79,26.29,12222,2.462,1096,-512,-13436,119,337,82,0,0,0
20999,25.79,26.29,11984,2.414,1052,-380,-13432,110,347,102,0,0,0
21004,25.79,26.29,12119,2.441,1076,-492,-13496,77,322,110,0,0,0
21009,25.79,26.29,6741,1.358,1168,-392,-13764,111,348,104,0,0,0
21015,25.79,26.29,7109,1.432,1076,-540,-13580,106,329,112,0,0,0
21020,25.79,26.29,11272,2.27,1036,-420,-13540,110,357,94,0,0,0
21024,25.79,26.29,7755,1.562,1044,-452,-13688,109,315,112,0,0,0
21029,25.79,26.29,10076,2.03,1024,-492,-13496,108,323,93,0,0,0
21034,25.79,26.29,10963,2.208,1120,-452,-13588,102,349,117,0,0,0
21039,25.79,26.29,9538,1.921,1124,-384,-13664,103,332,120,0,0,0
21045,25.79,26.29,9237,1.861,1144,-548,-13644,118,348,117,0,0,0
21050,25.79,26.29,6327,1.274,1060,-524,-13624,103,320,89,0,0,0
21054,25.79,26.29,12168,2.451,1112,-484,-13612,96,340,108,0,0,0
21130,25.79,26.29,1504,0.303,944,-456,-13600,103,352,92,0,0,0
21135,25.79,26.29,10988,2.213,1052,-352,-13420,98,336,97,0,0,0
21226,25.79,26.29,8349,1.682,1004,-488,-13432,117,313,89,0,0,0
21229,25.79,26.29,3007,0.606,1104,-348,-13580,100,342,108,0,0,0
21235,25.77,26.29,8108,1.633,1056,-380,-13512,85,335,93,0,0,0
21240,25.77,26.29,7510,1.513,984,-372,-13588,82,336,92,0,0,0
21244,25.77,26.29,8697,1.752,1148,-396,-13464,92,339,99,0,0,0
21249,25.77,26.29,11612,2.339,1140,-356,-13428,93,366,82,0,0,0
21254,25.77,26.29,9738,1.962,1116,-548,-13576,98,357,93,0,0,0
21259,25.77,26.29,10120,2.038,1056,-356,-13480,87,313,105,0,0,0
21265,25.77,26.29,8294,1.671,1044,-404,-13524,96,337,85,0,0,0
21270,25.77,26.29,10119,2.038,1064,-452,-13424,92,341,106,0,0,0
21274,25.77,26.29,8529,1.718,1096,-476,-13404,110,376,115,0,0,0
21279,25.77,26.29,6628,1.335,1016,-404,-13508,111,339,99,0,0,0
21284,25.77,26.29,6294,1.268,1024,-404,-13468,104,317,98,0,0,0
21289,25.77,26.29,8164,1.644,1076,-424,-13516,103,322,99,0,0,0
21295,25.77,26.29,5829,1.174,1076,-312,-13572,111,341,120,0,0,0
21300,25.77,26.29,10817,2.179,1140,-436,-13568,115,352,98,0,0,0
21392,25.77,26.29,5449,1.098,1060,-532,-13528,99,327,110,0,0,0
21394,25.77,26.29,2280,0.459,1060,-532,-13528,99,327,110,0,0,0
21470,25.77,26.29,6529,1.315,1044,-508,-13600,105,337,111,0,0,0
21497,25.77,26.29,10386,2.092,1104,-416,-13488,105,308,92,0,0,0
21499,25.77,26.29,6704,1.35,1104,-416,-13488,105,308,92,0,0,0
21505,25.77,26.29,10626,2.14,1016,-480,-13592,109,327,118,0,0,0
21510,25.77,26.29,12213,2.46,1064,-408,-13508,115,347,125,0,0,0
21515,25.77,26.29,7140,1.438,1008,-328,-13480,115,332,101,0,0,0
21519,25.77,26.29,12171,2.452,1032,-496,-13608,124,314,89,0,0,0
21524,25.77,26.29,12222,2.462,1036,-464,-13564,101,324,116,0,0,0
21529,25.77,26.29,12211,2.46,976,-408,-13404,107,362,104,0,0,0
21535,25.77,26.29,9212,1.856,1132,-512,-13500,107,327,69,0,0,0
21540,25.77,26.29,10811,2.178,1096,-464,-13648,117,335,88,0,0,0
21545,25.77,26.29,9551,1.924,1060,-488,-13532,117,320,103,0,0,0
21549,25.77,26.29,10705,2.156,1168,-468,-13504,122,342,86,0,0,0
21554,25.77,26.29,9898,1.994,1056,-412,-13600,100,332,103,0,0,0
21559,25.77,26.29,2283,0.46,1036,-360,-13488,91,337,115,0,0,0
21565,25.77,26.29,10031,2.021,1028,-380,-13544,120,317,117,0,0,0
21570,25.77,26.29,7029,1.416,1108,-536,-13408,87,336,98,0,0,0
21659,25.77,26.29,308,0.062,1108,-536,-13408,87,336,98,0,0,0
21664,25.77,26.29,7115,1.433,1064,-364,-13324,111,326,109,0,0,0
21670,25.77,26.29,11307,2.278,1016,-324,-13772,111,330,98,0,0,0
21745,25.77,26.29,4074,0.821,1044,-340,-13564,105,345,87,0,0,0
21749,25.79,26.17,6788,1.367,1048,-556,-13480,126,326,97,0,0,0
21755,25.79,26.17,10873,2.19,976,-472,-13560,132,336,101,0,0,0
21760,25.79,26.17,3833,0.772,1056,-512,-13384,131,319,117,0,0,0
21765,25.79,26.17,7108,1.432,1072,-372,-13532,82,318,129,0,0,0
21769,25.79,26.17,6888,1.387,1084,-448,-13576,90,322,101,0,0,0
21774,25.79,26.17,4659,0.938,1168,-340,-13468,94,349,100,0,0,0
21779,25.79,26.17,9337,1.881,1032,-364,-13564,111,337,100,0,0,0
21785,25.79,26.17,8849,1.782,1028,-400,-13408,108,322,119,0,0,0
21790,25.79,26.17,6367,1.282,1072,-536,-13592,88,341,118,0,0,0
21795,25.79,26.17,7140,1.438,1168,-424,-13588,104,312,83,0,0,0
21799,25.79,26.17,8314,1.675,992,-492,-13548,116,340,92,0,0,0
21804,25.79,26.17,4529,0.912,968,-456,-13496,102,315,113,0,0,0
21809,25.79,26.17,11101,2.236,1152,-492,-13616,129,317,95,0,0,0
21899,25.79,26.17,3451,0.695,1152,-492,-13616,129,317,95,0,0,0
21904,25.79,26.17,8102,1.632,1156,-432,-13580,111,342,95,0,0,0
21909,25.79,26.17,7956,1.603,1048,-448,-13680,127,282,87,0,0,0
21915,25.79,26.17,10333,2.081,1020,-432,-13548,124,350,99,0,0,0
21920,25.79,26.17,3034,0.611,1128,-472,-13408,81,326,114,0,0,0
21924,25.79,26.17,8915,1.796,1096,-448,-13628,119,341,94,0,0,0
22036,25.79,26.17,10569,2.129,1080,-476,-13408,123,331,85,0,0,0
22039,25.79,26.17,4413,0.889,1056,-504,-13448,77,361,100,0,0,0
22044,25.79,26.17,10442,2.103,1100,-444,-13548,120,322,108,0,0,0
22050,25.79,26.17,10652,2.146,1000,-404,-13452,91,355,112,0,0,0
22055,25.79,26.17,10015,2.017,1104,-504,-13556,138,319,100,0,0,0
22060,25.79,26.17,9058,1.825,1036,-424,-13432,100,325,106,0,0,0
22064,25.79,26.17,5051,1.017,1036,-536,-13568,133,316,89,0,0,0
22069,25.79,26.17,10086,2.032,1104,-424,-13572,89,333,92,0,0,0
22074,25.79,26.17,8805,1.774,1032,-456,-13556,84,350,96,0,0,0
22080,25.79,26.17,7741,1.559,1064,-440,-13632,102,342,110,0,0,0
22085,25.79,26.17,6233,1.256,1076,-480,-13696,95,322,99,0,0,0
22176,25.79,26.17,7635,1.538,1164,-532,-13420,146,302,88,0,0,0
22180,25.79,26.17,3499,0.705,992,-584,-13568,105,260,85,0,0,0
22185,25.79,26.17,3691,0.743,1092,-584,-13336,112,357,118,0,0,0
22189,25.79,26.17,9900,1.994,992,-316,-13632,73,375,86,0,0,0
22194,25.79,26.17,6822,1.374,1012,-416,-13716,138,300,106,0,0,0
22199,25.79,26.17,7126,1.435,948,-348,-13368,96,301,100,0,0,0
22205,25.79,26.17,7349,1.48,1076,-396,-13344,99,362,107,0,0,0
22210,25.79,26.17,3656,0.736,1264,-524,-13548,111,400,100,0,0,0
22215,25.79,26.17,7211,1.452,1172,-524,-13624,118,297,102,0,0,0
22289,25.77,26.21,1587,0.32,1124,-356,-13412,129,302,91,0,0,0
22294,25.77,26.21,11075,2.231,1128,-448,-13640,84,381,82,0,0,0
22299,25.77,26.21,7361,1.483,1036,-344,-13532,102,344,105,0,0,0
22305,25.77,26.21,12184,2.454,976,-500,-13452,121,308,109,0,0,0
22310,25.77,26.21,6126,1.234,1152,-484,-13572,122,330,101,0,0,0
22315,25.77,26.21,4477,0.902,1088,-472,-13648,91,351,87,0,0,0
22319,25.77,26.21,8818,1.776,1248,-432,-13660,102,318,86,0,0,0
22324,25.77,26.21,12188,2.455,1016,-496,-13556,111,280,124,0,0,0
22414,25.77,26.21,11034,2.223,1104,-484,-13384,132,277,87,0,0,0
22419,25.77,26.21,3100,0.624,1132,-524,-13556,105,332,95,0,0,0
22424,25.77,26.21,4059,0.818,1060,-504,-13672,99,388,103,0,0,0
22441,25.77,26.21,4037,0.813,1040,-448,-13492,84,348,114,0,0,0
22445,25.77,26.21,7600,1.531,1128,-448,-13576,79,359,104,0,0,0
22450,25.77,26.21,7982,1.608,1156,-568,-13688,85,329,94,0,0,0
22455,25.77,26.21,4840,0.975,1080,-488,-13580,86,280,91,0,0,0
22459,25.77,26.21,1460,0.294,964,-332,-13000,98,371,115,0,0,0
22464,25.77,26.21,9693,1.952,1160,-232,-13700,122,349,100,0,0,0
22469,25.77,26.21,9760,1.966,1200,-448,-12608,109,425,85,0,0,0
22475,25.77,26.21,9819,1.978,1228,-424,-14284,189,279,87,0,0,0
22480,25.77,26.21,11152,2.246,980,-556,-13244,80,198,78,0,0,0
22554,25.77,26.21,1305,0.263,1072,-500,-13312,131,386,100,0,0,0
22560,25.77,26.21,10830,2.181,976,-516,-13704,90,308,88,0,0,0
22565,25.77,26.21,9361,1.886,944,-504,-13368,177,414,98,0,0,0
22570,25.77,26.21,10079,2.03,1044,-388,-13612,59,278,73,0,0,0
22574,25.77,26.21,9783,1.971,1184,-412,-13704,117,351,100,0,0,0
22579,25.77,26.21,10060,2.026,1080,-448,-13600,103,297,66,0,0,0
22667,25.77,26.21,5416,1.091,1080,-448,-13600,103,297,66,0,0,0
22669,25.77,26.21,2910,0.586,1072,-404,-13348,134,374,111,0,0,0
22675,25.77,26.21,7328,1.476,896,-460,-13716,106,281,107,0,0,0
22680,25.77,26.27,3021,0.609,1000,-496,-13532,124,390,100,0,0,0
22685,25.77,26.27,6427,1.295,1084,-548,-13720,65,341,80,0,0,0
22689,25.77,26.27,6971,1.404,1124,-476,-13524,158,304,104,0,0,0
22694,25.77,26.27,5287,1.065,1080,-316,-13308,52,360,92,0,0,0
22699,25.77,26.27,5099,1.027,1140,-492,-13564,136,351,94,0,0,0
22705,25.77,26.27,7563,1.523,1064,-436,-13556,88,314,75,0,0,0
22710,25.77,26.27,8196,1.651,1076,-452,-13644,134,348,120,0,0,0
22715,25.77,26.27,2094,0.422,1084,-460,-13484,115,336,100,0,0,0
22719,25.77,26.27,6667,1.343,1092,-388,-13604,114,316,93,0,0,0
22724,25.77,26.27,3563,0.718,1164,-428,-13552,93,360,99,0,0,0
22729,25.77,26.27,4976,1.002,1172,-432,-13632,100,300,114,0,0,0
22804,25.77,26.27,438,0.088,1008,-428,-13288,112,350,99,0,0,0
22805,25.77,26.27,2225,0.448,1008,-428,-13288,112,350,99,0,0,0
22809,25.77,26.27,4506,0.908,1200,-364,-13544,64,329,102,0,0,0
22815,25.77,26.27,4377,0.882,1128,-364,-13624,130,321,116,0,0,0
22907,25.77,26.27,4213,0.849,1036,-408,-13512,105,320,93,0,0,0
22909,25.77,26.27,4117,0.829,1112,-388,-13292,95,334,97,0,0,0
22914,25.77,26.27,7871,1.585,1036,-380,-13560,102,335,111,0,0,0
22920,25.77,26.27,6454,1.3,1092,-420,-13556,91,347,98,0,0,0
22925,25.77,26.27,6572,1.324,1080,-516,-13412,118,340,104,0,0,0
22935,25.77,26.27,4818,0.97,1088,-484,-13716,104,342,98,0,0,0
22940,25.77,26.27,7164,1.443,1144,-396,-13536,103,351,90,0,0,0
22944,25.77,26.27,5182,1.044,996,-444,-13516,119,316,98,0,0,0
22949,25.77,26.27,3505,0.706,1124,-428,-13468,135,307,110,0,0,0
22954,25.77,26.27,5138,1.035,1180,-432,-13500,83,340,102,0,0,0
22960,25.77,26.27,8167,1.645,1104,-380,-13708,79,318,95,0,0,0
22965,25.77,26.27,7342,1.479,1060,-380,-13452,92,346,84,0,0,0
22970,25.77,26.27,7621,1.535,1024,-420,-13372,112,319,114,0,0,0
22974,25.77,26.27,9150,1.843,1004,-444,-13576,119,315,111,0,0,0
22979,25.77,26.27,5232,1.054,1028,-428,-13552,118,359,95,0,0,0
22984,25.77,26.27,8608,1.734,1144,-408,-13468,115,321,118,0,0,0
23083,25.77,26.27,1871,0.377,1112,-480,-13428,107,335,110,0,0,0
23084,25.77,26.27,561,0.113,1112,-480,-13428,107,335,110,0,0,0
23089,25.77,26.27,7221,1.455,1216,-348,-13176,98,414,95,0,0,0
23180,25.77,26.27,1365,0.275,1216,-348,-13176,98,414,95,0,0,0
23185,25.77,26.27,4429,0.892,1180,-260,-13980,99,292,92,0,0,0
23190,25.79,26.27,5441,1.096,1032,-508,-13300,122,287,107,0,0,0
23194,25.79,26.27,7499,1.511,948,-400,-13676,108,350,109,0,0,0
23199,25.79,26.27,4100,0.826,964,-580,-13508,80,322,125,0,0,0
23204,25.79,26.27,7795,1.57,1008,-516,-13464,97,381,97,0,0,0
23210,25.79,26.27,2352,0.474,1212,-460,-13812,90,297,91,0,0,0
23215,25.79,26.27,5416,1.091,1036,-396,-13340,115,306,101,0,0,0
23220,25.79,26.27,11831,2.383,1140,-340,-13384,138,344,111,0,0,0
23224,25.79,26.27,6441,1.297,1132,-388,-13552,101,356,95,0,0,0
23229,25.79,26.27,8327,1.677,1052,-536,-13592,133,327,88,0,0,0
23234,25.79,26.27,6772,1.364,1024,-572,-13632,132,285,85,0,0,0
23240,25.79,26.27,6543,1.318,1040,-528,-13380,97,319,96,0,0,0
23245,25.79,26.27,5584,1.125,1048,-396,-13436,107,346,88,0,0,0
23250,25.79,26.27,6064,1.221,1132,-440,-13404,78,386,74,0,0,0
23254,25.79,26.27,4376,0.881,1080,-252,-13684,124,332,87,0,0,0
23346,25.79,26.27,3237,0.652,980,-472,-13628,105,314,118,0,0,0
23424,25.79,26.27,2197,0.443,968,-412,-13432,119,312,116,0,0,0
23456,25.79,26.27,3294,0.664,1036,-392,-13468,85,337,93,0,0,0
23459,25.79,26.27,3038,0.612,1032,-444,-13584,121,372,91,0,0,0
23464,25.79,26.27,3482,0.701,1132,-400,-13692,110,329,98,0,0,0
23469,25.79,26.27,5034,1.014,1088,-500,-13428,99,334,128,0,0,0
23475,25.79,26.27,5799,1.168,1080,-496,-13372,106,314,128,0,0,0
23480,25.79,26.27,2338,0.471,1096,-424,-13440,102,340,100,0,0,0
23485,25.79,26.27,3178,0.64,1200,-324,-13468,71,344,101,0,0,0
23489,25.79,26.27,8388,1.69,1044,-308,-13520,117,303,111,0,0,0
23494,25.79,26.27,2905,0.585,1152,-388,-13552,100,349,107,0,0,0
23499,25.79,26.27,4559,0.918,1108,-564,-13548,103,332,97,0,0,0
23505,25.79,26.27,2627,0.529,964,-444,-13552,121,318,77,0,0,0
23510,25.79,26.27,7429,1.496,1076,-492,-13668,112,322,93,0,0,0
23515,25.79,26.27,6188,1.246,1064,-480,-13528,102,319,105,0,0,0
23519,25.79,26.27,4596,0.926,1100,-380,-13544,101,342,107,0,0,0
23524,25.79,26.27,1495,0.301,1088,-400,-13500,95,333,92,0,0,0
23529,25.79,26.27,4381,0.882,1008,-420,-13592,104,365,85,0,0,0
23619,25.79,26.27,6649,1.339,1100,-452,-13508,81,362,100,0,0,0
23624,25.79,26.27,5200,1.047,1108,-424,-13360,116,329,101,0,0,0
23629,25.79,26.27,2555,0.515,996,-484,-13572,126,283,107,0,0,0
23704,25.79,26.27,2829,0.57,1216,-468,-13464,89,348,109,0,0,0
23709,25.77,26.29,2766,0.557,1040,-424,-13664,122,325,102,0,0,0
23715,25.77,26.29,3679,0.741,1136,-408,-13560,102,328,85,0,0,0
23720,25.77,26.29,2236,0.45,1188,-520,-13668,111,326,96,0,0,0
23725,25.77,26.29,4736,0.954,1028,-600,-13424,103,341,115,0,0,0
23729,25.77,26.29,6136,1.236,1012,-444,-13544,92,317,91,0,0,0
23734,25.77,26.29,4051,0.816,1020,-456,-13432,94,335,84,0,0,0
23739,25.77,26.29,4907,0.988,1028,-372,-13504,105,337,102,0,0,0
23745,25.77,26.29,4409,0.888,1108,-500,-13560,98,325,111,0,0,0
23750,25.77,26.29,3359,0.677,948,-468,-13616,108,358,101,0,0,0
23755,25.77,26.29,6581,1.326,972,-516,-13604,84,322,100,0,0,0
23759,25.77,26.29,3801,0.766,1080,-448,-13568,114,300,101,0,0,0
23764,25.77,26.29,5139,1.035,992,-296,-13384,86,350,87,0,0,0
23769,25.77,26.29,2521,0.508,1064,-436,-13456,114,326,105,0,0,0
23859,25.77,26.29,1271,0.256,1064,-380,-13480,94,347,94,0,0,0
23864,25.77,26.29,7702,1.551,976,-436,-13336,127,337,123,0,0,0
23869,25.77,26.29,3861,0.778,1108,-436,-13596,123,328,124,0,0,0
23874,25.77,26.29,8280,1.668,1052,-472,-13448,84,314,113,0,0,0
23880,25.77,26.29,7621,1.535,1136,-488,-13660,94,345,87,0,0,0
23885,25.77,26.29,6620,1.333,1024,-512,-13296,127,343,113,0,0,0
23959,25.77,26.29,733,0.148,992,-484,-13644,76,328,127,0,0,0
23973,25.77,26.29,2589,0.521,956,-368,-13500,105,321,115,0,0,0
23974,25.77,26.29,861,0.173,1076,-584,-13476,114,386,114,0,0,0
23979,25.77,26.29,9903,1.995,1108,-440,-13628,55,374,82,0,0,0
23985,25.77,26.29,5286,1.065,1200,-468,-13668,122,295,90,0,0,0
23990,25.77,26.29,1031,0.208,1132,-368,-13436,80,300,102,0,0,0
23995,25.77,26.29,6062,1.221,940,-396,-13632,130,317,114,0,0,0
23999,25.77,26.29,8030,1.617,1040,-436,-13380,114,384,96,0,0,0
24004,25.77,26.29,1742,0.351,1052,-448,-13604,100,335,122,0,0,0
24009,25.77,26.29,7338,1.478,1024,-532,-13424,116,312,76,0,0,0
24015,25.77,26.29,6412,1.292,1028,-444,-13516,103,318,89,0,0,0
24020,25.77,26.29,8977,1.808,1080,-428,-13344,80,335,116,0,0,0
24136,25.77,26.29,2714,0.547,1136,-420,-13436,107,337,96,0,0,0
24140,25.77,26.29,10729,2.161,1164,-332,-13540,94,301,88,0,0,0
24144,25.77,26.29,12186,2.455,1120,-352,-13488,83,322,106,0,0,0
24149,25.77,26.29,12179,2.453,1040,-388,-13516,92,360,103,0,0,0
24154,25.77,26.29,6703,1.35,1104,-324,-13592,94,352,95,0,0,0
24160,25.77,26.29,12130,2.443,1008,-384,-13620,98,308,103,0,0,0
24165,25.77,26.29,7038,1.418,952,-368,-13372,92,325,118,0,0,0
24170,25.77,26.29,7642,1.539,1012,-464,-13460,97,360,87,0,0,0
24244,25.77,26.29,3755,0.756,1100,-396,-13608,119,334,98,0,0,0
24245,25.77,26.29,3972,0.8,1100,-396,-13608,119,334,98,0,0,0
24249,25.77,26.29,7932,1.598,1036,-500,-13564,104,295,104,0,0,0
24255,25.77,26.29,6815,1.373,1028,-500,-13584,78,331,88,0,0,0
24260,25.77,26.29,7589,1.529,1212,-364,-13408,103,368,92,0,0,0
24264,25.77,26.29,7180,1.446,1096,-388,-13564,92,333,92,0,0,0
24269,25.77,26.29,8872,1.787,1040,-364,-13612,128,318,107,0,0,0
24274,25.77,26.29,4224,0.851,1016,-460,-13572,84,326,119,0,0,0
24280,25.77,26.29,8442,1.7,1076,-408,-13360,85,378,94,0,0,0
24285,25.77,26.29,5390,1.086,1040,-380,-13572,139,354,82,0,0,0
24375,25.77,26.29,6825,1.375,1040,-380,-13572,139,354,82,0,0,0
24379,25.77,26.29,8897,1.792,1120,-460,-13400,113,322,87,0,0,0
24384,25.77,26.29,6449,1.299,1048,-416,-13472,102,315,113,0,0,0
24390,25.77,26.29,5970,1.203,1096,-464,-13412,112,349,121,0,0,0
24395,25.77,26.29,6082,1.225,1072,-404,-13584,81,315,73,0,0,0
24400,25.77,26.29,7675,1.546,1068,-376,-13552,108,327,82,0,0,0
24404,25.77,26.29,6866,1.383,1128,-452,-13344,75,319,102,0,0,0
24409,25.77,26.29,4975,1.002,1088,-400,-13556,97,331,109,0,0,0
24414,25.77,26.29,12146,2.447,1056,-500,-13448,95,336,120,0,0,0
24420,25.77,26.29,12134,2.444,1124,-404,-13536,107,312,119,0,0,0
24495,25.77,26.29,6981,1.406,888,-424,-13516,95,357,105,0,0,0
24511,25.77,26.29,11060,2.228,944,-484,-13428,124,298,96,0,0,0
24515,25.77,26.29,4799,0.967,1092,-500,-13468,91,324,105,0,0,0
24520,25.77,26.29,10369,2.089,1128,-544,-13552,119,339,116,0,0,0
24525,25.77,26.29,7964,1.604,1040,-404,-13436,102,323,111,0,0,0
24529,25.77,26.29,7981,1.608,1112,-356,-13352,106,306,87,0,0,0
24534,25.77,26.29,9973,2.009,960,-476,-13396,85,342,92,0,0,0
24539,25.77,26.29,9032,1.819,1008,-400,-13512,112,340,108,0,0,0
24631,25.77,26.29,8877,1.788,1048,-428,-13564,113,337,86,0,0,0
24635,25.77,26.29,11420,2.3,1140,-400,-13436,102,335,106,0,0,0
24640,25.77,26.29,12197,2.457,1032,-420,-13420,106,322,93,0,0,0
24645,25.77,26.29,12195,2.456,1084,-364,-13592,109,314,112,0,0,0
24649,25.77,26.29,12135,2.444,1000,-424,-13424,67,358,90,0,0,0
24654,25.77,26.29,12141,2.446,1072,-356,-13528,134,362,92,0,0,0
24659,25.77,26.29,12166,2.451,988,-552,-13484,101,339,87,0,0,0
24665,25.77,26.29,7651,1.541,1036,-480,-13644,93,316,94,0,0,0
24670,25.77,26.29,12174,2.452,1184,-312,-13612,107,319,120,0,0,0
24674,25.77,26.29,6134,1.236,956,-552,-13484,87,332,106,0,0,0
24679,25.77,26.29,12168,2.451,1260,-324,-13492,73,358,109,0,0,0
24684,25.77,26.29,12208,2.459,1060,-456,-13496,126,297,104,0,0,0
24759,25.77,26.17,4945,0.996,1124,-468,-13636,124,348,96,0,0,0
24760,25.77,26.17,2297,0.463,1124,-468,-13636,124,348,96,0,0,0
24765,25.77,26.17,5434,1.095,1048,-448,-13440,112,345,124,0,0,0
24770,25.77,26.17,8885,1.79,1064,-420,-13396,117,361,98,0,0,0
24775,25.77,26.17,11164,2.249,1124,-452,-13488,99,349,105,0,0,0
24779,25.77,26.17,11153,2.247,1068,-500,-13604,100,299,106,0,0,0
24870,25.77,26.17,1802,0.363,1076,-532,-13352,109,316,96,0,0,0
24874,25.77,26.17,7603,1.531,1056,-440,-13500,94,321,84,0,0,0
24879,25.77,26.17,9930,2.0,1120,-452,-13516,76,350,92,0,0,0
24884,25.77,26.17,6419,1.293,988,-308,-13604,100,355,98,0,0,0
24890,25.77,26.17,12178,2.453,996,-360,-13532,128,303,89,0,0,0
24895,25.77,26.17,9357,1.885,1140,-380,-13424,128,332,87,0,0,0
24899,25.77,26.17,11213,2.259,1080,-424,-13388,111,288,72,0,0,0
24904,25.77,26.17,11664,2.349,1140,-540,-13640,112,330,93,0,0,0
24909,25.77,26.17,12198,2.457,1004,-384,-13620,107,341,107,0,0,0
24915,25.77,26.17,12155,2.448,1096,-384,-13440,104,346,92,0,0,0
24920,25.77,26.17,6745,1.359,1116,-368,-13388,90,324,95,0,0,0
24925,25.77,26.17,6859,1.382,1100,-492,-13620,106,317,104,0,0,0
24934,25.77,26.17,8120,1.636,1048,-368,-13544,130,340,100,0,0,0
24939,25.77,26.17,8077,1.627,1028,-480,-13548,125,338,109,0,0,0
25014,25.77,26.17,2064,0.416,1152,-400,-13380,125,353,95,0,0,0
25019,25.77,26.17,10902,2.196,1128,-500,-13480,152,338,91,0,0,0
25025,25.77,26.17,3585,0.722,1016,-428,-13652,115,320,84,0,0,0
25141,25.77,26.17,7080,1.426,1092,-512,-13472,101,352,93,0,0,0
25145,25.77,26.17,5815,1.171,1080,-440,-13512,111,333,100,0,0,0
25150,25.77,26.17,3156,0.636,1116,-448,-13528,111,350,122,0,0,0
25155,25.77,26.17,4995,1.006,1084,-384,-13432,116,346,112,0,0,0
25159,25.77,26.17,6845,1.379,888,-468,-13712,104,340,100,0,0,0
25164,25.77,26.17,7574,1.526,1076,-340,-13492,111,334,95,0,0,0
25169,25.77,26.17,5302,1.068,1172,-384,-13620,103,321,99,0,0,0
25175,25.77,26.17,10559,2.127,1004,-488,-13524,123,339,96,0,0,0
25180,25.77,26.17,5299,1.067,956,-396,-13608,106,351,112,0,0,0
25185,25.77,26.17,7670,1.545,1056,-424,-13644,109,329,96,0,0,0
25189,25.81,26.17,8902,1.793,1064,-396,-13332,120,348,112,0,0,0
25194,25.81,26.17,7732,1.557,1024,-444,-13668,118,341,112,0,0,0
25199,25.81,26.17,8427,1.697,1012,-408,-13564,79,319,88,0,0,0
25205,25.81,26.17,3417,0.688,1056,-496,-13680,82,361,119,0,0,0
25210,25.81,26.17,4695,0.946,1096,-416,-13472,120,328,79,0,0,0
25215,25.81,26.17,5948,1.198,1032,-480,-13616,104,356,100,0,0,0
25307,25.81,26.17,2548,0.513,1080,-384,-13516,79,341,105,0,0,0
25386,25.81,26.17,3148,0.634,1032,-416,-13640,123,313,87,0,0,0
25390,25.81,26.17,5884,1.185,996,-432,-13372,113,332,99,0,0,0
25394,25.81,26.17,6608,1.331,1040,-464,-13628,106,333,96,0,0,0
25399,25.81,26.17,5806,1.169,1036,-504,-13616,131,315,96,0,0,0
25404,25.81,26.17,4468,0.9,972,-408,-13716,94,333,104,0,0,0
25409,25.81,26.17,7496,1.51,1092,-444,-13588,83,355,109,0,0,0
25415,25.81,26.17,9547,1.923,1152,-432,-13492,93,333,91,0,0,0
25420,25.81,26.17,3578,0.721,1160,-388,-13604,103,340,102,0,0,0
25424,25.81,26.17,6670,1.344,1104,-444,-13496,102,327,89,0,0,0
25455,25.81,26.17,7005,1.411,1036,-404,-13620,101,353,122,0,0,0
25459,25.81,26.17,5875,1.183,1052,-444,-13516,88,352,109,0,0,0
25465,25.81,26.17,11225,2.261,1028,-440,-13568,96,326,127,0,0,0
25470,25.81,26.17,5772,1.163,1028,-444,-13560,108,341,121,0,0,0
25475,25.81,26.17,4027,0.811,1012,-348,-13640,103,329,105,0,0,0
25479,25.81,26.17,11255,2.267,1076,-400,-13640,85,324,122,0,0,0
25484,25.81,26.17,2581,0.52,1020,-512,-13620,118,332,94,0,0,0
25489,25.81,26.17,3545,0.714,1000,-432,-13464,112,343,86,0,0,0
25580,25.81,26.17,2264,0.456,1012,-424,-13624,123,332,105,0,0,0
25584,25.81,26.17,5237,1.055,1036,-436,-13548,120,331,103,0,0,0
25589,25.81,26.17,5117,1.031,1128,-424,-13488,98,311,101,0,0,0
25664,25.81,26.17,4912,0.989,1056,-392,-13472,91,329,116,0,0,0
25665,25.81,26.17,2639,0.532,1104,-384,-13632,101,335,89,0,0,0
25670,25.81,26.17,4800,0.967,1168,-372,-13520,102,339,107,0,0,0
25675,25.81,26.17,7836,1.578,1080,-508,-13632,111,327,105,0,0,0
25680,25.81,26.17,4436,0.894,1048,-384,-13400,105,343,99,0,0,0
25684,25.81,26.17,3790,0.763,1044,-456,-13572,103,330,84,0,0,0
25689,25.81,26.17,5199,1.047,1060,-552,-13660,125,354,101,0,0,0
25694,25.81,26.27,10266,2.068,1236,-676,-13088,119,359,109,0,0,0
25700,25.81,26.27,3857,0.777,1304,-288,-13896,111,337,107,0,0,0
25705,25.81,26.27,3676,0.74,1112,-352,-13436,66,297,97,0,0,0
25710,25.81,26.27,6896,1.389,880,-396,-13656,121,317,88,0,0,0
25714,25.81,26.27,8442,1.7,912,-372,-13300,100,324,83,0,0,0
25719,25.81,26.27,6115,1.232,1132,-380,-13512,123,403,81,0,0,0
25724,25.81,26.27,7854,1.582,1232,-524,-13676,98,375,78,0,0,0
25730,25.81,26.27,4028,0.811,1036,-440,-13492,125,272,72,0,0,0
25824,25.81,26.27,909,0.183,1044,-512,-13532,111,359,96,0,0,0
25829,25.81,26.27,7436,1.498,1140,-504,-13604,92,392,88,0,0,0
25834,25.81,26.27,7689,1.549,1044,-404,-13688,106,318,116,0,0,0
25839,25.81,26.27,6773,1.364,976,-352,-13476,112,263,102,0,0,0
25845,25.81,26.27,8530,1.718,1016,-396,-13508,108,339,115,0,0,0
25919,25.81,26.27,205,0.041,1008,-440,-13540,99,332,94,0,0,0
25924,25.81,26.27,5883,1.185,1076,-504,-13572,131,277,102,0,0,0
25949,25.81,26.27,6934,1.397,1076,-352,-13660,113,281,114,0,0,0
25950,25.81,26.27,653,0.132,976,-496,-13484,113,305,104,0,0,0
25954,25.81,26.27,4690,0.945,1036,-436,-13444,89,387,101,0,0,0
25960,25.81,26.27,6405,1.29,1112,-372,-13484,104,378,100,0,0,0
25965,25.81,26.27,4976,1.002,1144,-476,-13528,112,297,85,0,0,0
25969,25.81,26.27,8715,1.755,1120,-488,-13572,120,294,101,0,0,0
25974,25.81,26.27,5976,1.204,1044,-428,-13340,80,322,107,0,0,0
25979,25.81,26.27,11391,2.294,1112,-328,-13492,95,399,110,0,0,0
25984,25.81,26.27,9185,1.85,1100,-436,-13516,114,340,105,0,0,0
25990,25.81,26.27,5650,1.138,1132,-404,-13592,92,289,84,0,0,0
25995,25.81,26.27,10151,2.045,1044,-464,-13528,88,316,99,0,0,0
26087,25.81,26.27,8541,1.72,1096,-380,-13368,95,351,113,0,0,0
26089,25.81,26.27,6200,1.249,1208,-344,-13456,113,354,93,0,0,0
26094,25.81,26.27,7262,1.463,1196,-432,-13604,76,332,104,0,0,0
26099,25.81,26.27,8627,1.738,1052,-416,-13560,87,337,109,0,0,0
26105,25.81,26.27,4989,1.005,980,-464,-13496,88,355,80,0,0,0
26110,25.81,26.27,6389,1.287,1108,-316,-13524,101,344,87,0,0,0
26114,25.81,26.27,5328,1.073,1092,-528,-13688,120,318,104,0,0,0
26213,25.79,26.21,252,0.051,984,-512,-13536,93,336,112,0,0,0
26215,25.79,26.21,868,0.175,1044,-332,-13384,94,363,81,0,0,0
26220,25.79,26.21,3506,0.706,1088,-476,-13496,102,331,109,0,0,0
26225,25.79,26.21,3133,0.631,1188,-452,-13652,107,330,105,0,0,0
26229,25.79,26.21,4316,0.869,1052,-444,-13500,131,323,96,0,0,0
26234,25.79,26.21,6896,1.389,1064,-392,-13672,85,323,125,0,0,0
26239,25.79,26.21,5619,1.132,1116,-492,-13580,101,354,111,0,0,0
26245,25.79,26.21,11080,2.232,984,-492,-13532,110,334,94,0,0,0
26250,25.79,26.21,7134,1.437,956,-480,-13540,98,324,100,0,0,0
26255,25.79,26.21,2731,0.55,1016,-588,-13420,109,337,106,0,0,0
26259,25.79,26.21,4307,0.868,1068,-328,-13568,122,352,89,0,0,0
26350,25.79,26.21,6183,1.245,1172,-432,-13564,79,321,106,0,0,0
26354,25.79,26.21,12154,2.448,1100,-416,-13632,95,330,110,0,0,0
26359,25.79,26.21,7229,1.456,1152,-428,-13456,109,312,101,0,0,0
26364,25.79,26.21,6361,1.281,1152,-428,-13456,109,312,101,0,0,0
26370,25.79,26.21,10236,2.062,1168,-452,-13380,83,336,106,0,0,0
26375,25.79,26.21,4636,0.934,1040,-400,-13480,98,334,79,0,0,0
26379,25.79,26.21,11070,2.23,984,-452,-13420,113,329,102,0,0,0
26384,25.79,26.21,9794,1.973,1112,-460,-13460,135,337,94,0,0,0
26389,25.79,26.21,7511,1.513,1060,-268,-13536,107,328,88,0,0,0
26464,25.79,26.21,167,0.034,988,-388,-13560,137,326,91,0,0,0
26488,25.79,26.21,3307,0.666,1068,-432,-13624,104,304,97,0,0,0
26490,25.79,26.21,799,0.161,1072,-436,-13556,85,360,99,0,0,0
26495,25.79,26.21,5324,1.072,996,-340,-13672,92,353,73,0,0,0
26499,25.79,26.21,4120,0.83,1132,-356,-13664,109,321,89,0,0,0
26504,25.79,26.21,6959,1.402,1132,-592,-13544,117,312,101,0,0,0
26509,25.79,26.21,8058,1.623,1132,-592,-13544,117,312,101,0,0,0
26515,25.79,26.21,5728,1.154,1080,-476,-13656,68,320,101,0,0,0
26520,25.79,26.21,4419,0.89,1036,-432,-13528,125,349,107,0,0,0
26613,25.79,26.21,8087,1.629,1004,-392,-13464,89,335,80,0,0,0
26615,25.79,26.21,12,0.002,1080,-408,-13612,120,327,86,0,0,0
26620,25.79,26.21,8905,1.794,1052,-476,-13500,91,316,91,0,0,0
26624,25.79,26.21,7734,1.558,1132,-436,-13456,86,322,84,0,0,0
26629,25.79,26.21,5281,1.064,1012,-584,-13516,116,313,108,0,0,0
26634,25.79,26.21,11484,2.313,1012,-584,-13516,116,313,108,0,0,0
26640,25.79,26.21,8394,1.691,1100,-436,-13384,97,326,106,0,0,0
26645,25.79,26.21,8009,1.613,1100,-412,-13628,68,335,104,0,0,0
26650,25.79,26.21,6613,1.332,1096,-388,-13664,106,336,105,0,0,0
26654,25.79,26.21,3736,0.753,984,-320,-13428,126,356,104,0,0,0
26659,25.79,26.21,6530,1.315,1108,-508,-13608,113,311,101,0,0,0
26734,25.79,26.21,6962,1.402,992,-540,-13544,114,321,129,0,0,0
26735,25.79,26.21,5991,1.207,1124,-404,-13456,97,333,103,0,0,0
26739,25.77,26.27,6177,1.244,1024,-460,-13616,108,331,114,0,0,0
26744,25.77,26.27,12158,2.449,1024,-460,-13616,108,331,114,0,0,0
26750,25.77,26.27,9249,1.863,1064,-456,-13492,107,343,96,0,0,0
26755,25.77,26.27,3778,0.761,1056,-400,-13464,109,331,108,0,0,0
26760,25.77,26.27,5691,1.146,1140,-420,-13688,104,313,106,0,0,0
26852,25.77,26.27,5387,1.085,1068,-408,-13628,97,303,96,0,0,0
26855,25.77,26.27,1622,0.327,1128,-412,-13632,105,336,105,0,0,0
26859,25.77,26.27,6756,1.361,1200,-440,-13588,110,338,119,0,0,0
26864,25.77,26.27,5077,1.023,1088,-400,-13524,94,322,93,0,0,0
26869,25.77,26.27,9332,1.88,1088,-400,-13524,94,322,93,0,0,0
26875,25.77,26.27,7480,1.507,1092,-324,-13480,111,338,109,0,0,0
26880,25.77,26.27,9479,1.909,1108,-496,-13600,119,338,96,0,0,0
26885,25.77,26.27,10662,2.148,1008,-416,-13392,96,305,82,0,0,0
26889,25.77,26.27,11625,2.342,1056,-544,-13588,114,322,102,0,0,0
26894,25.77,26.27,10310,2.077,1084,-404,-13424,104,305,108,0,0,0
26899,25.77,26.27,5947,1.198,1084,-404,-13424,104,305,108,0,0,0
26905,25.77,26.27,5080,1.023,1068,-504,-13532,117,323,91,0,0,0
26910,25.77,26.27,10555,2.126,1148,-384,-13408,89,331,111,0,0,0
26985,25.77,26.27,703,0.142,1072,-456,-13468,66,340,88,0,0,0
27006,25.77,26.27,2153,0.434,1136,-460,-13492,111,325,108,0,0,0
27009,25.77,26.27,9650,1.944,1044,-444,-13512,108,323,99,0,0,0
27014,25.77,26.27,4501,0.907,1052,-464,-13464,98,344,120,0,0,0
27019,25.77,26.27,7936,1.599,1052,-464,-13464,98,344,120,0,0,0
27111,25.77,26.27,6035,1.216,1048,-540,-13596,107,317,95,0,0,0
27114,25.77,26.27,1946,0.392,1048,-540,-13596,107,317,95,0,0,0
27120,25.77,26.27,12157,2.449,1004,-444,-13460,107,329,89,0,0,0
27125,25.77,26.27,9912,1.997,1176,-388,-13720,113,330,99,0,0,0
27130,25.77,26.27,9177,1.849,1012,-344,-13432,92,308,88,0,0,0
27134,25.77,26.27,12174,2.452,1052,-536,-13632,131,326,93,0,0,0
27139,25.77,26.27,12199,2.457,1052,-536,-13632,131,326,93,0,0,0
27144,25.77,26.27,12185,2.454,1160,-316,-13364,106,328,113,0,0,0
27150,25.77,26.27,9345,1.882,1112,-356,-13496,108,335,101,0,0,0
27155,25.77,26.27,12187,2.455,980,-396,-13424,99,314,114,0,0,0
27160,25.77,26.27,8415,1.695,1136,-460,-13528,100,364,92,0,0,0
27164,25.77,26.27,12165,2.45,1020,-420,-13556,66,367,106,0,0,0
27169,25.77,26.27,11195,2.255,1020,-420,-13556,66,367,106,0,0,0
27174,25.77,26.27,11276,2.271,1060,-540,-13716,130,332,83,0,0,0
27180,25.77,26.27,11262,2.268,976,-432,-13504,84,333,113,0,0,0
27278,25.83,26.31,3407,0.686,1128,-448,-13404,110,331,96,0,0,0
27280,25.83,26.31,8750,1.762,1076,-504,-13676,135,313,105,0,0,0
27285,25.83,26.31,9279,1.869,1140,-528,-13524,105,325,97,0,0,0
27373,25.83,26.31,5100,1.027,1140,-528,-13524,105,325,97,0,0,0
27375,25.83,26.31,6798,1.369,948,-500,-13580,103,321,88,0,0,0
27380,25.83,26.31,10847,2.185,1160,-356,-13428,105,341,115,0,0,0
27385,25.83,26.31,11196,2.255,1072,-480,-13548,113,372,103,0,0,0
27389,25.83,26.31,10383,2.091,1072,-480,-13548,113,372,103,0,0,0
27394,25.83,26.31,10390,2.093,1168,-424,-13428,120,325,94,0,0,0
27399,25.83,26.31,9934,2.001,1028,-460,-13540,119,329,115,0,0,0
27405,25.83,26.31,8791,1.771,1024,-396,-13676,103,327,100,0,0,0
27410,25.83,26.31,11947,2.406,944,-436,-13592,87,331,97,0,0,0
27415,25.83,26.31,9957,2.006,1020,-540,-13480,124,319,108,0,0,0
27419,25.83,26.31,10993,2.214,1020,-540,-13480,124,319,108,0,0,0
27424,25.83,26.31,6672,1.344,1044,-460,-13432,89,328,92,0,0,0
27448,25.83,26.31,10014,2.017,1168,-364,-13568,103,343,97,0,0,0
27450,25.83,26.31,994,0.2,1052,-448,-13528,93,324,88,0,0,0
27455,25.83,26.31,8275,1.667,1004,-444,-13520,115,352,96,0,0,0
27460,25.83,26.31,7149,1.44,1092,-404,-13464,100,344,96,0,0,0
27464,25.83,26.31,5231,1.054,1092,-404,-13464,100,344,96,0,0,0
27539,25.83,26.31,36,0.007,1116,-404,-13616,125,348,100,0,0,0
27544,25.83,26.31,5109,1.029,1064,-396,-13520,95,334,105,0,0,0
27636,25.83,26.31,4906,0.988,1136,-500,-13488,105,343,101,0,0,0
27640,25.83,26.31,2191,0.441,1012,-424,-13512,106,355,93,0,0,0
27645,25.83,26.31,5042,1.016,1084,-552,-13600,90,348,104,0,0,0
27649,25.83,26.31,7299,1.47,1084,-552,-13600,90,348,104,0,0,0
27654,25.83,26.31,9498,1.913,984,-456,-13408,125,302,89,0,0,0
27659,25.83,26.31,7294,1.469,1008,-356,-13588,111,324,101,0,0,0
27664,25.83,26.31,6886,1.387,1032,-488,-13468,80,317,89,0,0,0
27670,25.83,26.31,10118,2.038,1152,-380,-13524,85,338,98,0,0,0
27675,25.83,26.31,6751,1.36,1016,-340,-13448,98,350,81,0,0,0
27679,25.83,26.31,6522,1.314,1016,-340,-13448,98,350,81,0,0,0
27684,25.83,26.31,2641,0.532,1032,-396,-13556,117,334,104,0,0,0
27689,25.79,26.31,7171,1.444,1092,-492,-13508,124,302,93,0,0,0
27695,25.79,26.31,10416,2.098,1124,-468,-13656,134,303,90,0,0,0
27700,25.79,26.31,6041,1.217,1024,-424,-13672,112,331,97,0,0,0
27705,25.79,26.31,4860,0.979,1108,-512,-13392,89,321,100,0,0,0
27709,25.79,26.31,4154,0.837,1108,-512,-13392,89,321,100,0,0,0
27802,25.79,26.31,7677,1.546,1032,-420,-13476,106,319,83,0,0,0
27805,25.79,26.31,1163,0.234,1032,-444,-13584,84,301,109,0,0,0
27880,25.79,26.31,3931,0.792,984,-444,-13680,131,363,105,0,0,0
27884,25.79,26.31,4988,1.005,984,-444,-13680,131,363,105,0,0,0
27889,25.79,26.31,3419,0.689,1064,-480,-13312,107,327,93,0,0,0
27895,25.79,26.31,7137,1.438,1216,-504,-13588,82,320,99,0,0,0
27900,25.79,26.31,8116,1.635,984,-444,-13584,86,335,97,0,0,0
27905,25.79,26.31,7082,1.427,1008,-464,-13440,99,349,107,0,0,0
27909,25.79,26.31,6091,1.227,1008,-464,-13440,99,349,107,0,0,0
27914,25.79,26.31,4334,0.873,1116,-440,-13588,115,338,109,0,0,0
27919,25.79,26.31,3360,0.677,972,-388,-13648,125,301,86,0,0,0
27925,25.79,26.31,3259,0.656,1172,-500,-13552,103,335,76,0,0,0
27945,25.79,26.31,332,0.067,1108,-464,-13432,112,347,107,0,0,0
27949,25.79,26.31,5223,1.052,1108,-464,-13432,112,347,107,0,0,0
27954,25.79,26.31,5684,1.145,1060,-540,-13484,89,323,106,0,0,0
27960,25.79,26.31,9154,1.844,1144,-472,-13624,120,315,97,0,0,0
27965,25.79,26.31,10765,2.168,1060,-348,-13444,96,340,111,0,0,0
27970,25.79,26.31,6511,1.311,1060,-348,-13444,96,340,111,0,0,0
28062,25.79,26.31,3567,0.718,1116,-416,-13448,105,348,115,0,0,0
28064,25.79,26.31,750,0.151,1116,-416,-13448,105,348,115,0,0,0
28070,25.79,26.31,4001,0.806,1092,-524,-13412,94,321,91,0,0,0
28075,25.79,26.31,3572,0.72,968,-504,-13540,105,330,69,0,0,0
28149,25.79,26.31,6779,1.365,1100,-360,-13684,106,320,100,0,0,0
28154,25.79,26.31,7647,1.54,996,-496,-13560,92,328,84,0,0,0
28159,25.79,26.31,7026,1.415,1080,-360,-13544,101,346,111,0,0,0
28165,25.79,26.31,9583,1.93,1092,-452,-13476,88,327,109,0,0,0
28170,25.79,26.31,6689,1.347,1028,-560,-13544,115,328,99,0,0,0
28175,25.79,26.31,5895,1.187,1028,-560,-13544,115,328,99,0,0,0
28179,25.79,26.31,6717,1.353,1064,-404,-13456,116,359,101,0,0,0
28184,25.79,26.31,6358,1.281,964,-492,-13592,114,332,85,0,0,0
28189,25.79,26.31,11471,2.311,1108,-524,-13424,103,346,88,0,0,0
28195,25.79,26.23,4886,0.984,1084,-420,-13556,105,331,93,0,0,0
28200,25.79,26.23,10559,2.127,1016,-396,-13512,93,308,104,0,0,0
28205,25.79,26.23,6993,1.409,1016,-396,-13512,93,308,104,0,0,0
28209,25.79,26.23,4491,0.905,1092,-496,-13508,106,311,103,0,0,0
28326,25.79,26.23,4912,0.989,1080,-388,-13536,84,327,96,0,0,0
28329,25.79,26.23,7864,1.584,1080,-388,-13536,84,327,96,0,0,0
28334,25.79,26.23,12124,2.442,1100,-484,-13608,120,330,101,0,0,0
28339,25.79,26.23,12149,2.447,1216,-436,-13492,121,319,107,0,0,0
28345,25.79,26.23,12149,2.447,1048,-340,-13472,87,305,104,0,0,0
28350,25.79,26.23,11093,2.234,1024,-348,-13544,102,355,95,0,0,0
28355,25.79,26.23,12178,2.453,1024,-348,-13544,102,355,95,0,0,0
28429,25.79,26.23,19,0.004,1036,-484,-13536,101,325,114,0,0,0
28457,25.79,26.23,8701,1.753,1084,-416,-13524,119,340,95,0,0,0
28459,25.79,26.23,5972,1.203,1084,-416,-13524,119,340,95,0,0,0
28464,25.79,26.23,9903,1.995,1044,-492,-13440,134,317,104,0,0,0
28470,25.79,26.23,9753,1.965,1100,-372,-13588,69,319,124,0,0,0
28475,25.79,26.23,9579,1.929,1100,-372,-13588,69,319,124,0,0,0
28480,25.79,26.23,9399,1.893,1068,-512,-13500,88,369,103,0,0,0
28484,25.79,26.23,7053,1.421,1152,-440,-13556,118,338,100,0,0,0
28489,25.79,26.23,8042,1.62,1104,-456,-13464,141,345,101,0,0,0
28494,25.79,26.23,8882,1.789,1148,-476,-13592,91,317,108,0,0,0
28500,25.79,26.23,6084,1.225,1028,-428,-13492,92,337,111,0,0,0
28591,25.79,26.23,6734,1.356,1048,-412,-13584,88,346,72,0,0,0
28595,25.79,26.23,3523,0.71,1048,-412,-13584,88,346,72,0,0,0
28600,25.79,26.23,12181,2.454,1032,-476,-13640,95,355,96,0,0,0
28604,25.79,26.23,9137,1.84,1080,-380,-13608,110,363,95,0,0,0
28609,25.79,26.23,11396,2.295,1128,-532,-13592,93,336,112,0,0,0
28614,25.79,26.23,12202,2.458,1108,-420,-13392,96,335,117,0,0,0
28620,25.79,26.23,12160,2.449,1040,-484,-13488,88,320,96,0,0,0
28625,25.79,26.23,12219,2.461,1040,-484,-13488,88,320,96,0,0,0
28630,25.79,26.23,6106,1.23,1056,-400,-13600,75,336,97,0,0,0
28704,25.83,26.35,4172,0.84,1004,-400,-13540,112,326,114,0,0,0
28709,25.83,26.35,11409,2.298,1108,-388,-13620,76,359,107,0,0,0
28715,25.83,26.35,9506,1.915,1032,-548,-13580,109,370,72,0,0,0
28720,25.83,26.35,11707,2.358,1060,-432,-13384,114,348,97,0,0,0
28724,25.83,26.35,7865,1.584,1072,-492,-13636,119,327,131,0,0,0
28729,25.83,26.35,10574,2.13,1080,-444,-13436,86,341,104,0,0,0
28734,25.83,26.35,9092,1.831,1100,-444,-13644,113,363,94,0,0,0
28739,25.83,26.35,10585,2.132,1064,-436,-13620,94,337,88,0,0,0
28829,25.83,26.35,12163,2.45,1144,-448,-13624,96,353,97,0,0,0
28830,25.83,26.35,8830,1.779,1104,-424,-13424,111,344,95,0,0,0
28834,25.83,26.35,12157,2.449,1104,-424,-13424,111,344,95,0,0,0
28840,25.83,26.35,6620,1.333,1052,-308,-13572,79,348,97,0,0,0
28845,25.83,26.35,8421,1.696,1052,-308,-13572,79,348,97,0,0,0
28850,25.83,26.35,4736,0.954,1100,-376,-13556,94,305,110,0,0,0
28854,25.83,26.35,6680,1.346,1016,-412,-13480,109,326,74,0,0,0
28859,25.83,26.35,3745,0.754,1072,-488,-13616,109,335,92,0,0,0
28864,25.83,26.35,7843,1.58,1112,-496,-13468,84,338,100,0,0,0
28870,25.83,26.35,4283,0.863,1216,-496,-13508,105,347,84,0,0,0
28875,25.83,26.35,8201,1.652,1216,-496,-13508,105,347,84,0,0,0
28880,25.83,26.35,3491,0.703,1076,-404,-13300,84,343,101,0,0,0
28954,25.83,26.35,1631,0.329,1008,-372,-13464,105,318,97,0,0,0
28967,25.83,26.35,103,0.021,1156,-344,-13448,96,348,85,0,0,0
28969,25.83,26.35,3083,0.621,1156,-344,-13448,96,348,85,0,0,0
28975,25.83,26.35,5607,1.129,1060,-400,-13504,99,347,129,0,0,0
28980,25.83,26.35,5764,1.161,1044,-500,-13460,108,336,100,0,0,0
28984,25.83,26.35,8076,1.627,1072,-356,-13404,123,320,113,0,0,0
28989,25.83,26.35,6520,1.313,1080,-400,-13460,67,307,97,0,0,0
29079,25.83,26.35,569,0.115,1140,-428,-13604,116,321,90,0,0,0
29080,25.83,26.35,2534,0.51,1152,-476,-13464,109,331,77,0,0,0
29084,25.83,26.35,6958,1.402,1152,-476,-13464,109,331,77,0,0,0
29089,25.83,26.35,9714,1.957,1076,-428,-13468,94,336,105,0,0,0
29095,25.83,26.35,9040,1.821,1076,-484,-13580,98,346,128,0,0,0
29100,25.83,26.35,6861,1.382,1076,-484,-13580,98,346,128,0,0,0
29105,25.83,26.35,7863,1.584,1136,-452,-13580,109,335,105,0,0,0
29109,25.83,26.35,10848,2.185,1100,-424,-13480,107,329,88,0,0,0
29114,25.83,26.35,8082,1.628,1112,-460,-13408,95,340,76,0,0,0
29119,25.83,26.35,12194,2.456,1300,216,-12832,50,198,95,0,0,0
29125,25.83,26.35,12173,2.452,-264,1840,-19752,-517,1948,206,0,0,0
29130,25.83,26.35,11026,2.221,-1240,-272,-10852,1202,1743,149,0,0,0
29135,25.83,26.35,8442,1.7,836,-28,-11332,1866,206,160,0,0,0
29210,25.83,26.35,4512,0.909,804,-720,-13232,-116,-179,97,0,0,0
29215,25.83,26.35,4560,0.919,872,-124,-13888,57,434,106,0,0,0
29219,25.83,26.35,7862,1.584,984,-372,-14440,-28,431,76,0,0,0
29224,25.83,26.35,7313,1.473,1320,-316,-12688,433,511,127,0,0,0
29229,25.83,26.29,6820,1.374,1004,-484,-13400,135,303,97,0,0,0
29344,25.83,26.29,3557,0.716,1072,-384,-13460,118,276,111,0,0,0
29349,25.83,26.29,10948,2.205,1144,-452,-13412,125,334,109,0,0,0
29354,25.83,26.29,11470,2.31,940,-428,-13700,77,317,105,0,0,0
29359,25.83,26.29,8550,1.722,1048,-492,-13348,122,346,100,0,0,0
29365,25.83,26.29,8514,1.715,1040,-376,-13656,141,353,96,0,0,0
29370,25.83,26.29,9288,1.871,1048,-432,-13352,113,299,84,0,0,0
29375,25.83,26.29,8257,1.663,1232,-432,-13652,95,339,99,0,0,0
29379,25.83,26.29,10715,2.158,1092,-400,-13700,103,324,86,0,0,0
29384,25.83,26.29,5346,1.077,1020,-412,-13508,125,356,99,0,0,0
29389,25.83,26.29,12167,2.451,1052,-464,-13508,149,310,81,0,0,0
29395,25.83,26.29,12212,2.46,1016,-416,-13444,89,324,105,0,0,0
29400,25.83,26.29,12190,2.455,1040,-352,-13668,85,339,63,0,0,0
29405,25.83,26.29,5649,1.138,864,-340,-13632,89,348,79,0,0,0
29409,25.83,26.29,9256,1.864,1096,-548,-13624,134,361,98,0,0,0
29414,25.83,26.29,8539,1.72,996,-364,-13492,102,322,93,0,0,0
29489,25.83,26.29,4012,0.808,1052,-440,-13424,96,348,83,0,0,0
29509,25.83,26.29,3879,0.781,996,-488,-13584,67,324,101,0,0,0
29602,25.83,26.29,5479,1.104,1032,-436,-13512,133,350,145,0,0,0
29604,25.83,26.29,3170,0.639,1032,-436,-13512,133,350,145,0,0,0
29610,25.83,26.29,9764,1.967,1036,-396,-13504,114,328,106,0,0,0
29615,25.83,26.29,6198,1.248,1100,-452,-13660,120,324,101,0,0,0
29620,25.83,26.29,4773,0.961,1124,-452,-13520,101,325,102,0,0,0
29624,25.83,26.29,7222,1.455,1104,-404,-13428,121,342,103,0,0,0
29629,25.83,26.29,8028,1.617,1044,-444,-13408,92,353,89,0,0,0
29634,25.83,26.29,6732,1.356,1096,-532,-13568,88,342,101,0,0,0
29640,25.83,26.29,7982,1.608,1052,-288,-13420,91,360,86,0,0,0
29645,25.83,26.29,3865,0.779,1036,-340,-13712,108,331,82,0,0,0
29650,25.83,26.29,11174,2.251,952,-424,-13424,113,347,90,0,0,0
29654,25.83,26.29,9377,1.889,1068,-380,-13628,120,329,93,0,0,0
29659,25.83,26.29,5002,1.008,1044,-500,-13596,90,325,115,0,0,0
29664,25.83,26.29,9905,1.995,1092,-384,-13436,116,331,99,0,0,0
29670,25.83,26.29,7345,1.479,1188,-468,-13612,80,334,98,0,0,0
29675,25.83,26.29,4933,0.994,1080,-372,-13560,97,327,90,0,0,0
29767,25.81,26.31,6780,1.366,1092,-448,-13620,119,356,97,0,0,0
29769,25.81,26.31,7235,1.457,1092,-448,-13620,119,356,97,0,0,0
29846,25.81,26.31,4954,0.998,1056,-412,-13564,113,310,91,0,0,0
29850,25.81,26.31,5520,1.112,1056,-412,-13564,113,310,91,0,0,0
29854,25.81,26.31,5340,1.076,1092,-384,-13352,105,354,100,0,0,0
29859,25.81,26.31,6784,1.366,1104,-380,-13684,79,286,96,0,0,0
29864,25.81,26.31,10393,2.093,1112,-444,-13316,76,343,85,0,0,0
29870,25.81,26.31,7964,1.604,1112,-496,-13800,121,347,114,0,0,0
29875,25.81,26.31,4870,0.981,1072,-488,-13484,113,292,104,0,0,0
29880,25.81,26.31,12163,2.45,1108,-468,-13380,95,355,126,0,0,0
29884,25.81,26.31,8326,1.677,1020,-468,-13684,84,299,98,0,0,0
29889,25.81,26.31,11004,2.217,1072,-364,-13308,104,339,96,0,0,0
29894,25.81,26.31,6055,1.22,1020,-376,-13736,84,379,68,0,0,0
29900,25.81,26.31,8307,1.673,1076,-488,-13476,100,312,93,0,0,0
29905,25.81,26.31,6582,1.326,1144,-472,-13288,110,335,105,0,0,0
29909,25.81,26.31,6609,1.331,1116,-352,-13800,84,327,104,0,0,0
29914,25.81,26.31,9884,1.991,1116,-452,-13412,113,359,83,0,0,0
29919,25.81,26.31,7079,1.426,1084,-488,-13528,74,319,100,0,0,0
30009,25.81,26.31,555,0.112,1084,-488,-13528,74,319,100,0,0,0
30034,25.81,26.31,1280,0.258,1072,-432,-13620,118,338,115,0,0,0
30035,25.81,26.31,4465,0.899,1072,-432,-13620,118,338,115,0,0,0
30039,25.81,26.31,6621,1.334,1044,-452,-13516,114,312,101,0,0,0
30114,25.81,26.31,1869,0.376,928,-452,-13592,123,350,101,0,0,0
30115,25.81,26.31,2028,0.408,928,-452,-13592,123,350,101,0,0,0
30119,25.81,26.31,9695,1.953,1092,-468,-13764,92,347,69,0,0,0
30125,25.81,26.31,6750,1.36,1072,-504,-13472,85,284,87,0,0,0
30130,25.81,26.31,9447,1.903,984,-456,-13576,89,315,115,0,0,0
30135,25.81,26.31,10411,2.097,1056,-480,-13588,91,342,81,0,0,0
30139,25.81,26.31,1789,0.36,1160,-504,-13468,107,345,98,0,0,0
30144,25.81,26.31,3190,0.643,1072,-452,-13440,127,359,99,0,0,0
30149,25.81,26.31,3329,0.671,1004,-408,-13616,120,305,99,0,0,0
30155,25.81,26.31,10872,2.19,1072,-464,-13412,91,313,98,0,0,0
30160,25.81,26.31,2119,0.427,1100,-432,-13424,104,360,99,0,0,0
30165,25.81,26.31,9286,1.87,1240,-432,-13496,94,334,106,0,0,0
30169,25.81,26.31,6210,1.251,984,-436,-13488,129,316,101,0,0,0
30174,25.81,26.31,7455,1.502,1032,-284,-13684,103,312,116,0,0,0
30179,25.81,26.31,11318,2.28,1076,-564,-13580,86,348,106,0,0,0
30272,25.85,26.29,12135,2.444,1132,-340,-13664,102,364,91,0,0,0
30275,25.85,26.29,5426,1.093,1132,-340,-13664,102,364,91,0,0,0
30279,25.85,26.29,7372,1.485,1080,-420,-13384,101,319,88,0,0,0
30284,25.85,26.29,4981,1.003,1004,-452,-13572,140,349,115,0,0,0
30289,25.85,26.29,8843,1.781,1040,-432,-13504,117,323,106,0,0,0
30387,25.85,26.29,564,0.114,1076,-412,-13340,112,289,108,0,0,0
30389,25.85,26.29,5254,1.058,1076,-412,-13340,112,289,108,0,0,0
30395,25.85,26.29,12198,2.457,952,-400,-13956,91,441,103,0,0,0
30400,25.85,26.29,10405,2.096,1072,-444,-13068,167,264,91,0,0,0
30405,25.85,26.29,8922,1.797,1184,-592,-13284,165,316,116,0,0,0
30409,25.85,26.29,6399,1.289,1276,-480,-13904,111,40,75,0,0,0
30414,25.85,26.29,4938,0.995,1032,-528,-12800,-52,403,91,0,0,0
30419,25.85,26.29,12154,2.448,1112,-296,-14784,85,494,100,0,0,0
30425,25.85,26.29,9512,1.916,1008,-424,-12836,78,366,88,0,0,0
30435,25.85,26.29,5000,1.007,1020,-312,-14172,12,237,93,0,0,0
30440,25.85,26.29,6706,1.351,876,-572,-12820,177,342,96,0,0,0
30444,25.85,26.29,12191,2.456,1180,-248,-13680,123,475,89,0,0,0
30449,25.85,26.29,12173,2.452,1136,-408,-13892,91,149,116,0,0,0
30454,25.85,26.29,9790,1.972,1112,-368,-13380,127,272,76,0,0,0
30544,25.85,26.29,4345,0.875,1112,-368,-13380,127,272,76,0,0,0
30549,25.85,26.29,7373,1.485,1024,-496,-13288,66,373,79,0,0,0
30555,25.85,26.29,12209,2.459,1072,-436,-13860,128,300,90,0,0,0
30560,25.85,26.29,7618,1.534,1008,-512,-13148,133,377,125,0,0,0
30565,25.85,26.29,11247,2.265,1180,-444,-13680,133,326,109,0,0,0
30569,25.85,26.29,9683,1.95,1064,-476,-13184,72,299,109,0,0,0
30644,25.85,26.29,5390,1.086,1036,-504,-12804,89,275,99,0,0,0
30645,25.85,26.29,6823,1.374,1036,-504,-12804,89,275,99,0,0,0
30649,25.85,26.29,6189,1.247,1124,-368,-13604,55,432,95,0,0,0
30654,25.85,26.29,7426,1.496,1064,-464,-13724,72,338,104,0,0,0
30659,25.85,26.29,8803,1.773,1172,-408,-13104,138,341,111,0,0,0
30665,25.85,26.29,12156,2.449,1176,-452,-13960,121,284,105,0,0,0
30670,25.85,26.29,6964,1.403,992,-476,-13256,92,290,89,0,0,0
30675,25.85,26.29,6397,1.289,948,-500,-13752,135,444,83,0,0,0
30679,25.83,26.43,3210,0.647,1080,-476,-13828,96,284,100,0,0,0
30684,25.83,26.43,12136,2.445,1156,-368,-13332,136,344,82,0,0,0
30689,25.83,26.43,12107,2.439,1036,-440,-13540,67,297,104,0,0,0
30784,25.83,26.43,12184,2.454,1116,-416,-13736,88,318,104,0,0,0
30785,25.83,26.43,2685,0.541,1116,-416,-13736,88,318,104,0,0,0
30789,25.83,26.43,4150,0.836,952,-460,-13572,80,306,102,0,0,0
30795,25.83,26.43,8448,1.702,944,-544,-13468,109,318,91,0,0,0
30800,25.83,26.43,10389,2.093,1140,-360,-13552,99,363,90,0,0,0
30805,25.83,26.43,1041,0.21,1164,-448,-13616,81,339,98,0,0,0
30809,25.83,26.43,7003,1.411,1212,-380,-13380,105,310,105,0,0,0
30814,25.83,26.43,5068,1.021,1084,-416,-13480,117,299,108,0,0,0
30819,25.83,26.43,8935,1.8,1040,-296,-13532,92,355,94,0,0,0
30893,25.83,26.43,4007,0.807,1120,-408,-13628,114,310,102,0,0,0
30894,25.83,26.43,3171,0.639,1120,-408,-13628,114,310,102,0,0,0
30899,25.83,26.43,9263,1.866,1148,-468,-13592,121,315,100,0,0,0
30904,25.83,26.43,10796,2.175,1112,-416,-13500,98,315,117,0,0,0
30909,25.83,26.43,7331,1.477,1108,-432,-13548,94,330,112,0,0,0
30915,25.83,26.43,9016,1.816,1084,-304,-13520,100,341,85,0,0,0
30920,25.83,26.43,7373,1.485,1120,-388,-13524,95,335,105,0,0,0
30925,25.83,26.43,6892,1.388,996,-456,-13560,89,356,96,0,0,0
30935,25.83,26.43,4685,0.944,1000,-436,-13592,95,335,92,0,0,0
30939,25.83,26.43,8793,1.771,1036,-416,-13476,123,334,113,0,0,0
31031,25.83,26.43,10119,2.038,992,-456,-13452,76,374,102,0,0,0
31034,25.83,26.43,5965,1.202,992,-456,-13452,76,374,102,0,0,0
31039,25.83,26.43,7171,1.444,1152,-384,-13880,107,354,92,0,0,0
31045,25.83,26.43,8746,1.762,1092,-456,-13500,113,279,98,0,0,0
31050,25.83,26.43,12146,2.447,1064,-376,-13556,117,316,94,0,0,0
31054,25.83,26.43,2087,0.42,988,-444,-13624,100,338,97,0,0,0
31059,25.83,26.43,7962,1.604,1032,-352,-13588,93,375,93,0,0,0
31064,25.83,26.43,3650,0.735,1064,-440,-13564,106,322,82,0,0,0
31069,25.83,26.43,6380,1.285,1116,-456,-13552,99,317,108,0,0,0
31075,25.83,26.43,10948,2.205,1084,-380,-13384,82,332,83,0,0,0
31149,25.83,26.43,145,0.029,1104,-492,-13500,97,360,107,0,0,0
31154,25.83,26.43,8648,1.742,1200,-376,-13420,119,310,98,0,0,0
31160,25.83,26.43,8175,1.647,1080,-468,-13536,116,331,84,0,0,0
31165,25.83,26.43,7776,1.566,1020,-380,-13636,94,332,84,0,0,0
31170,25.83,26.43,8447,1.701,1024,-396,-13616,116,325,101,0,0,0
31174,25.83,26.43,7275,1.465,1048,-464,-13400,98,320,97,0,0,0
31179,25.83,26.43,4703,0.947,1080,-452,-13540,115,316,99,0,0,0
31271,25.81,26.37,6232,1.255,1044,-448,-13476,119,290,100,0,0,0
31275,25.81,26.37,6563,1.322,1004,-484,-13428,119,307,78,0,0,0
31280,25.81,26.37,8659,1.744,948,-516,-13520,125,345,97,0,0,0
31284,25.81,26.37,6253,1.26,1080,-468,-13488,109,369,98,0,0,0
31289,25.81,26.37,5424,1.093,1124,-456,-13536,90,339,108,0,0,0
31294,25.81,26.37,5606,1.129,1076,-456,-13668,102,347,109,0,0,0
31300,25.81,26.37,6613,1.332,980,-436,-13676,108,343,102,0,0,0
31305,25.81,26.37,7876,1.586,1128,-300,-13476,103,341,90,0,0,0
31309,25.81,26.37,5998,1.208,1084,-364,-13396,135,353,88,0,0,0
31314,25.81,26.37,11654,2.347,1120,-488,-13572,96,329,96,0,0,0
31319,25.81,26.37,4752,0.957,1044,-504,-13576,85,334,94,0,0,0
31324,25.81,26.37,6904,1.391,1144,-424,-13504,80,343,110,0,0,0
31330,25.81,26.37,7587,1.528,1000,-340,-13824,86,374,116,0,0,0
31428,25.81,26.37,4344,0.875,1168,-572,-12772,118,408,91,0,0,0
31443,25.81,26.37,1836,0.37,756,-504,-13744,119,225,106,0,0,0
31444,25.81,26.37,5792,1.167,756,-504,-13744,119,225,106,0,0,0
31449,25.81,26.37,2690,0.542,940,-444,-13340,96,436,115,0,0,0
31454,25.81,26.37,5621,1.132,1216,-352,-13620,44,377,111,0,0,0
31547,25.81,26.37,4606,0.928,1072,-300,-13696,111,245,97,0,0,0
31549,25.81,26.37,808,0.163,1072,-300,-13696,111,245,97,0,0,0
31555,25.81,26.37,7999,1.611,888,-560,-13344,119,285,100,0,0,0
31560,25.81,26.37,11598,2.336,1108,-452,-13356,59,421,99,0,0,0
31565,25.81,26.37,10367,2.088,1164,-356,-13644,113,412,94,0,0,0
31569,25.81,26.37,10488,2.113,1164,-504,-13716,123,257,98,0,0,0
31574,25.81,26.37,7809,1.573,984,-464,-13472,106,230,99,0,0,0
31579,25.81,26.37,6208,1.25,984,-440,-13256,91,394,103,0,0,0
31585,25.81,26.37,9157,1.844,1200,-408,-13724,99,415,82,0,0,0
31590,25.81,26.37,6772,1.364,1144,-412,-13732,93,326,92,0,0,0
31595,25.81,26.37,12179,2.453,900,-528,-13560,103,283,101,0,0,0
31599,25.81,26.37,8148,1.641,972,-412,-13356,118,329,89,0,0,0
31604,25.81,26.37,9563,1.926,1212,-396,-13556,92,408,94,0,0,0
31609,25.81,26.37,5446,1.097,1120,-304,-13844,75,345,89,0,0,0
31615,25.81,26.37,6932,1.396,1032,-176,-13460,121,218,81,0,0,0
31689,25.81,26.37,2324,0.468,984,-440,-13308,82,381,91,0,0,0
31690,25.81,26.37,4375,0.881,984,-440,-13308,82,381,91,0,0,0
31695,25.81,26.37,12201,2.458,1216,-580,-13748,80,442,86,0,0,0
31787,25.83,26.35,5493,1.106,1056,-484,-13588,117,246,107,0,0,0
31790,25.83,26.35,7043,1.419,1056,-484,-13588,117,246,107,0,0,0
31795,25.83,26.35,3758,0.757,964,-580,-13356,82,296,93,0,0,0
31799,25.83,26.35,5450,1.098,1008,-528,-13448,67,424,80,0,0,0
31804,25.83,26.35,7791,1.569,1220,-328,-13820,106,383,96,0,0,0
31809,25.83,26.35,3735,0.752,940,-440,-13520,121,246,108,0,0,0
31814,25.83,26.35,5204,1.048,928,-380,-13496,91,303,102,0,0,0
31820,25.83,26.35,4850,0.977,1128,-384,-13312,84,405,116,0,0,0
31825,25.83,26.35,7293,1.469,1220,-376,-13456,81,382,85,0,0,0
31829,25.83,26.35,8885,1.79,1100,-516,-13692,105,291,89,0,0,0
31834,25.83,26.35,6376,1.284,1016,-492,-13412,116,265,78,0,0,0
31839,25.83,26.35,9313,1.876,1072,-600,-13316,102,331,79,0,0,0
31845,25.83,26.35,5608,1.13,1004,-432,-13460,80,398,82,0,0,0
31850,25.83,26.35,7389,1.488,988,-368,-13732,110,329,90,0,0,0
31855,25.83,26.35,4671,0.941,1052,-440,-13536,110,251,106,0,0,0
31859,25.83,26.35,9539,1.921,1032,-456,-13284,112,339,92,0,0,0
31952,25.83,26.35,3475,0.7,1088,-356,-13596,122,338,96,0,0,0
32042,25.83,26.35,4116,0.829,1148,-388,-13640,84,333,99,0,0,0
32045,25.83,26.35,7786,1.568,1148,-388,-13640,84,333,99,0,0,0
32049,25.83,26.35,10723,2.16,980,-400,-13576,107,294,118,0,0,0
32054,25.83,26.35,7834,1.578,1020,-312,-13524,128,320,96,0,0,0
32059,25.83,26.35,6264,1.262,940,-492,-13680,102,322,124,0,0,0
32065,25.83,26.35,11732,2.363,1148,-528,-13488,95,366,93,0,0,0
32070,25.83,26.35,12127,2.443,1104,-484,-13904,102,300,87,0,0,0
32075,25.83,26.35,10003,2.015,1188,-368,-13272,99,312,99,0,0,0
32079,25.83,26.35,4083,0.822,1224,-248,-13508,78,310,113,0,0,0
32084,25.83,26.35,8484,1.709,1120,-368,-13516,110,317,91,0,0,0
32089,25.83,26.35,7088,1.428,1044,-420,-13604,119,344,96,0,0,0
32095,25.83,26.35,9803,1.975,1040,-388,-13452,114,332,130,0,0,0
32100,25.83,26.35,8161,1.644,1080,-560,-13484,104,333,101,0,0,0
32105,25.83,26.35,3093,0.623,1072,-584,-13392,103,345,100,0,0,0
32109,25.83,26.35,9184,1.85,1080,-420,-13656,128,333,101,0,0,0
32114,25.83,26.35,6996,1.409,1116,-416,-13432,76,285,77,0,0,0
32207,25.83,26.35,7012,1.412,1092,-452,-13492,111,314,104,0,0,0
32210,25.83,26.35,3883,0.782,1092,-452,-13492,111,314,104,0,0,0
32214,25.83,26.35,11487,2.314,1044,-484,-13764,99,335,85,0,0,0
32219,25.83,26.35,8658,1.744,1032,-320,-13496,97,341,101,0,0,0
32294,25.83,26.31,1749,0.352,984,-528,-13504,85,328,88,0,0,0
32295,25.83,26.31,7595,1.53,984,-528,-13504,85,328,88,0,0,0
32299,25.83,26.31,8244,1.661,1012,-552,-13496,103,334,83,0,0,0
32304,25.83,26.31,5102,1.028,1132,-440,-13536,109,344,90,0,0,0
32310,25.83,26.31,11024,2.221,1044,-392,-13656,116,319,82,0,0,0
32315,25.83,26.31,11187,2.253,1024,-508,-13392,112,347,91,0,0,0
32320,25.83,26.31,11356,2.287,1064,-404,-13640,90,363,97,0,0,0
32324,25.83,26.31,10276,2.07,1136,-396,-13536,113,306,126,0,0,0
32329,25.83,26.31,6290,1.267,1100,-304,-13512,121,306,105,0,0,0
32334,25.83,26.31,3968,0.799,1120,-560,-13492,105,344,95,0,0,0
32340,25.83,26.31,10472,2.109,1144,-400,-13624,97,361,116,0,0,0
32345,25.83,26.31,9362,1.886,1156,-448,-13476,124,348,102,0,0,0
32349,25.83,26.31,12208,2.459,1012,-440,-13656,118,321,110,0,0,0
32354,25.83,26.31,9112,1.835,1004,-452,-13580,115,345,102,0,0,0
32469,25.83,26.31,9085,1.83,1044,-284,-13500,112,323,89,0,0,0
32485,25.83,26.31,4601,0.927,1100,-460,-13644,90,339,106,0,0,0
32490,25.83,26.31,12176,2.453,1020,-496,-13504,94,342,109,0,0,0
32494,25.83,26.31,12191,2.456,1068,-440,-13508,85,345,90,0,0,0
32499,25.83,26.31,12224,2.462,1104,-396,-13596,115,339,102,0,0,0
32504,25.83,26.31,12213,2.46,992,-464,-13640,105,288,104,0,0,0
32579,25.83,26.31,8847,1.782,1120,-384,-13668,99,330,88,0,0,0
32580,25.83,26.31,4315,0.869,1120,-384,-13668,99,330,88,0,0,0
32584,25.83,26.31,4954,0.998,1048,-456,-13412,112,308,91,0,0,0
32590,25.83,26.31,4849,0.977,1024,-476,-13544,105,326,95,0,0,0
32595,25.83,26.31,8581,1.728,1036,-488,-13524,62,320,107,0,0,0
32600,25.83,26.31,5224,1.052,1000,-456,-13432,113,354,111,0,0,0
32604,25.83,26.31,7832,1.578,1080,-420,-13476,112,341,117,0,0,0
32609,25.83,26.31,8520,1.716,1040,-464,-13644,91,297,114,0,0,0
32614,25.83,26.31,7488,1.508,1160,-344,-13496,74,348,104,0,0,0
32620,25.83,26.31,6389,1.287,1092,-392,-13532,96,363,107,0,0,0
32625,25.83,26.31,5144,1.036,984,-400,-13424,128,361,92,0,0,0
32630,25.83,26.31,6561,1.322,1056,-424,-13620,109,333,84,0,0,0
32721,25.83,26.29,8040,1.619,1168,-496,-13420,120,313,99,0,0,0
32724,25.83,26.29,9083,1.83,1168,-496,-13420,120,313,99,0,0,0
32730,25.83,26.29,9551,1.924,1120,-484,-13560,116,312,88,0,0,0
32735,25.83,26.29,11573,2.331,964,-396,-13548,98,347,103,0,0,0
32740,25.83,26.29,11120,2.24,984,-500,-13652,94,353,112,0,0,0
32744,25.83,26.29,11130,2.242,972,-372,-13424,145,338,114,0,0,0
32749,25.83,26.29,10350,2.085,1076,-652,-13500,109,321,82,0,0,0
32754,25.83,26.29,6998,1.41,1160,-300,-13440,77,355,99,0,0,0
32828,25.83,26.29,139,0.028,1156,-292,-13448,158,321,90,0,0,0
32830,25.83,26.29,5892,1.187,1156,-292,-13448,158,321,90,0,0,0
32835,25.83,26.29,5499,1.108,1024,-408,-13488,93,282,97,0,0,0
32839,25.83,26.29,5297,1.067,1108,-420,-13536,90,300,117,0,0,0
32844,25.83,26.29,10250,2.065,1096,-388,-13424,88,405,129,0,0,0
32849,25.83,26.29,4013,0.808,1108,-540,-13700,93,321,95,0,0,0
32854,25.83,26.29,6202,1.249,1292,-488,-13524,134,308,108,0,0,0
32860,25.83,26.29,9380,1.889,984,-436,-13420,109,285,78,0,0,0
32865,25.83,26.29,5012,1.01,1020,-456,-13652,144,346,74,0,0,0
32869,25.83,26.29,4932,0.993,956,-500,-13548,105,340,91,0,0,0
32961,25.83,26.29,5938,1.196,1068,-480,-13788,126,295,99,0,0,0
32974,25.83,26.29,8118,1.635,1116,-420,-13504,115,332,96,0,0,0
32980,25.83,26.29,12197,2.457,1008,-596,-13540,105,303,111,0,0,0
32985,25.83,26.29,9024,1.818,1136,-460,-13596,91,307,110,0,0,0
32990,25.83,26.29,7795,1.57,948,-436,-13620,70,323,120,0,0,0
32994,25.83,26.29,10588,2.133,1100,-260,-13468,64,351,120,0,0,0
32999,25.83,26.29,9003,1.813,1068,-248,-13504,88,344,99,0,0,0
33004,25.83,26.29,6824,1.375,1088,-304,-13496,108,316,123,0,0,0
33010,25.83,26.29,7775,1.566,1004,-436,-13564,100,329,113,0,0,0
33015,25.83,26.29,11099,2.236,1112,-560,-13560,95,348,103,0,0,0
33089,25.83,26.29,4810,0.969,1096,-388,-13720,68,325,88,0,0,0
33094,25.83,26.29,6501,1.309,1120,-460,-13504,128,335,109,0,0,0
33099,25.83,26.29,9374,1.888,984,-444,-13512,144,337,102,0,0,0
33105,25.83,26.29,9403,1.894,1076,-428,-13212,103,318,91,0,0,0
33110,25.83,26.29,12196,2.457,996,-508,-13716,126,344,102,0,0,0
33115,25.83,26.29,11831,2.383,1104,-460,-13480,81,298,82,0,0,0
33119,25.83,26.29,12152,2.448,1140,-448,-13620,93,345,105,0,0,0
33212,25.83,26.29,12169,2.451,1008,-436,-13188,79,247,86,0,0,0
33214,25.83,26.29,12121,2.442,1008,-436,-13188,79,247,86,0,0,0
33219,25.83,26.29,8422,1.696,1096,-500,-13880,134,400,85,0,0,0
33224,25.83,26.29,11031,2.222,1040,-416,-13256,12,307,101,0,0,0
33230,25.81,26.31,12197,2.457,1040,-380,-13456,151,399,101,0,0,0
33235,25.81,26.31,12198,2.457,1064,-464,-13664,90,292,97,0,0,0
33240,25.81,26.31,12152,2.448,1068,-408,-13360,120,351,112,0,0,0
33244,25.81,26.31,12169,2.451,1096,-420,-13740,95,300,86,0,0,0
33249,25.81,26.31,10432,2.101,1152,-400,-13568,136,289,107,0,0,0
33254,25.81,26.31,11632,2.343,1052,-656,-13344,113,350,86,0,0,0
33260,25.81,26.31,10763,2.168,1068,-344,-13880,81,349,98,0,0,0
33265,25.81,26.31,7499,1.511,1056,-468,-13396,68,314,93,0,0,0
33269,25.81,26.31,7503,1.511,1092,-588,-13448,150,339,88,0,0,0
33344,25.81,26.31,4332,0.873,1136,-488,-13460,117,344,90,0,0,0
33345,25.81,26.31,1617,0.326,1136,-488,-13460,117,344,90,0,0,0
33349,25.81,26.31,1860,0.375,1064,-512,-13504,90,316,121,0,0,0
33354,25.81,26.31,10411,2.097,1052,-480,-13476,117,312,107,0,0,0
33360,25.81,26.31,6223,1.253,1064,-448,-13484,99,333,115,0,0,0
33476,25.81,26.31,3736,0.753,812,-588,-13236,112,378,77,0,0,0
33497,25.81,26.31,12148,2.447,936,-400,-13476,112,306,107,0,0,0
33499,25.81,26.31,12178,2.453,936,-400,-13476,112,306,107,0,0,0
33504,25.81,26.31,2852,0.574,1112,-408,-13656,115,341,116,0,0,0
33509,25.81,26.31,6325,1.274,1112,-544,-13408,92,329,105,0,0,0
33514,25.81,26.31,12189,2.455,1156,-276,-13740,97,346,109,0,0,0
33520,25.81,26.31,6940,1.398,928,-400,-13560,92,279,92,0,0,0
33525,25.81,26.31,9763,1.967,964,-496,-13480,115,405,94,0,0,0
33529,25.81,26.31,9361,1.886,1276,-544,-13688,119,350,108,0,0,0
33534,25.81,26.31,50,0.01,1140,-408,-13624,123,307,101,0,0,0
33539,25.81,26.31,12158,2.449,896,-388,-13480,133,244,113,0,0,0
33545,25.81,26.31,12216,2.461,848,-428,-13412,114,288,77,0,0,0
33550,25.81,26.31,10156,2.046,1076,-548,-13616,77,393,123,0,0,0
33555,25.81,26.31,5612,1.13,1168,-396,-13732,74,366,80,0,0,0
33559,25.81,26.31,8983,1.809,1168,-328,-13644,124,285,104,0,0,0
33634,25.81,26.31,2203,0.444,1076,-560,-13464,93,377,124,0,0,0
33635,25.81,26.31,6422,1.294,1076,-560,-13464,93,377,124,0,0,0
33639,25.81,26.31,10712,2.158,1224,-312,-13584,106,377,92,0,0,0
33644,25.81,26.31,11640,2.345,1136,-440,-13748,120,256,86,0,0,0
33736,25.81,26.31,8636,1.74,1040,-500,-13640,100,247,116,0,0,0
33739,25.81,26.31,3211,0.647,1056,-404,-13416,93,345,99,0,0,0
33744,25.83,26.35,12204,2.458,1104,-224,-13472,87,388,97,0,0,0
33750,25.83,26.35,12169,2.451,1180,-604,-13600,119,352,96,0,0,0
33755,25.83,26.35,12176,2.453,1140,-412,-13680,127,267,107,0,0,0
33759,25.83,26.35,12211,2.46,996,-412,-13356,119,274,100,0,0,0
33764,25.83,26.35,12201,2.458,1132,-436,-13332,75,364,86,0,0,0
33769,25.83,26.35,9574,1.928,1144,-392,-13592,56,368,97,0,0,0
33774,25.83,26.35,12157,2.449,1128,-260,-13488,114,303,108,0,0,0
33780,25.83,26.35,12166,2.451,976,-532,-13572,97,270,102,0,0,0
33785,25.83,26.35,12158,2.449,1004,-424,-13608,88,360,106,0,0,0
33789,25.83,26.35,12143,2.446,1096,-472,-13528,89,376,103,0,0,0
33794,25.83,26.35,11346,2.285,1216,-520,-13644,128,290,107,0,0,0
33799,25.83,26.35,12188,2.455,1004,-444,-13424,86,295,82,0,0,0
33805,25.83,26.35,4226,0.851,968,-460,-13428,116,364,79,0,0,0
33810,25.83,26.35,9160,1.845,1244,-480,-13436,69,392,81,0,0,0
33884,25.83,26.35,673,0.136,1008,-412,-13724,125,316,84,0,0,0
33976,25.83,26.35,12159,2.449,1204,-288,-13292,103,299,118,0,0,0
34004,25.83,26.35,264,0.053,996,-292,-13556,110,326,80,0,0,0
34005,25.83,26.35,6906,1.391,996,-292,-13556,110,326,80,0,0,0
34009,25.83,26.35,12198,2.457,1072,-564,-13680,108,314,94,0,0,0
34015,25.83,26.35,12146,2.447,1132,-220,-13492,80,354,101,0,0,0
34020,25.83,26.35,12192,2.456,916,-376,-13532,121,328,99,0,0,0
34024,25.83,26.35,8482,1.709,1120,-540,-13600,118,342,98,0,0,0
34029,25.83,26.35,5681,1.144,1172,-228,-13508,125,339,107,0,0,0
34034,25.83,26.35,7564,1.524,1048,-468,-13540,120,303,99,0,0,0
34039,25.83,26.35,11472,2.311,1140,-496,-13536,81,317,100,0,0,0
34045,25.83,26.35,9702,1.954,1148,-252,-13644,95,362,123,0,0,0
34050,25.83,26.35,12123,2.442,1052,-600,-13712,121,317,94,0,0,0
34054,25.83,26.35,7611,1.533,1144,-364,-13536,94,338,92,0,0,0
34059,25.83,26.35,11317,2.28,1072,-448,-13556,135,270,106,0,0,0
34064,25.83,26.35,12127,2.443,1024,-748,-13556,89,342,92,0,0,0
34070,25.83,26.35,11414,2.299,1168,-228,-13524,70,369,122,0,0,0
34075,25.83,26.35,8000,1.611,968,-412,-13532,128,346,77,0,0,0
34168,25.83,26.35,11386,2.293,1088,-428,-13484,102,334,95,0,0,0
34169,25.83,26.35,4015,0.809,1088,-428,-13484,102,334,95,0,0,0
34246,25.83,26.35,5228,1.053,1028,-396,-13464,74,337,101,0,0,0
34250,25.83,26.35,9284,1.87,1044,-448,-13648,110,363,92,0,0,0
34255,25.83,26.35,12173,2.452,988,-528,-13604,108,339,82,0,0,0
34260,25.83,26.35,9690,1.952,1088,-324,-13408,94,341,106,0,0,0
34264,25.83,26.35,11599,2.336,916,-520,-13572,88,336,122,0,0,0
34269,25.83,26.35,10275,2.07,1252,-292,-13468,86,347,115,0,0,0
34274,25.83,26.35,5185,1.044,996,-624,-13660,114,355,102,0,0,0
34280,25.83,26.35,12194,2.456,1144,-316,-13556,81,314,93,0,0,0
34285,25.83,26.35,9690,1.952,1040,-496,-13328,127,312,116,0,0,0
34290,25.83,26.35,12179,2.453,940,-460,-13644,75,313,96,0,0,0
34294,25.83,26.35,11200,2.256,1232,-360,-13604,108,350,100,0,0,0
34299,25.83,26.35,8329,1.678,980,-520,-13536,126,344,114,0,0,0
34304,25.83,26.35,12165,2.45,1152,-192,-13388,82,316,81,0,0,0
34310,25.83,26.35,12176,2.453,1052,-544,-13480,126,332,101,0,0,0
34315,25.83,26.35,2126,0.428,1100,-344,-13564,91,325,96,0,0,0
34320,25.83,26.35,4193,0.845,1052,-472,-13508,96,353,96,0,0,0
34409,25.83,26.35,7063,1.423,1052,-472,-13508,96,353,96,0,0,0
34414,25.83,26.35,6861,1.382,1188,-460,-13604,121,321,95,0,0,0
34419,25.83,26.35,10483,2.112,980,-524,-13564,102,330,111,0,0,0
34425,25.83,26.35,11202,2.256,1104,-396,-13668,82,336,82,0,0,0
34535,25.83,26.35,2245,0.452,1104,-492,-13540,109,325,81,0,0,0
34539,25.83,26.35,8932,1.799,1092,-456,-13780,149,347,101,0,0,0
34545,25.83,26.35,8942,1.801,1032,-340,-13260,102,303,86,0,0,0
34550,25.83,26.35,6006,1.21,1116,-476,-13316,133,348,94,0,0,0
34554,25.83,26.35,5732,1.155,1148,-432,-13640,78,320,105,0,0,0
34559,25.83,26.35,6474,1.304,952,-528,-13584,116,303,92,0,0,0
34564,25.83,26.35,8406,1.693,1160,-520,-13604,113,307,103,0,0,0
34569,25.83,26.35,9268,1.867,948,-420,-13424,111,333,104,0,0,0
34575,25.83,26.35,6294,1.268,1172,-404,-13584,121,357,94,0,0,0
34580,25.83,26.35,9301,1.873,980,-448,-13656,89,330,98,0,0,0
34584,25.83,26.35,9506,1.915,976,-588,-13564,108,319,100,0,0,0
34589,25.83,26.35,8400,1.692,1092,-488,-13684,99,338,87,0,0,0
34594,25.83,26.35,8793,1.771,984,-456,-13496,125,350,82,0,0,0
34685,25.83,26.35,4028,0.811,984,-456,-13496,125,350,82,0,0,0
34690,25.83,26.35,3951,0.796,1104,-524,-13464,122,304,98,0,0,0
34694,25.83,26.35,9657,1.945,1036,-436,-13416,93,332,93,0,0,0
34699,25.83,26.35,3488,0.703,1108,-444,-13744,98,351,100,0,0,0
34704,25.83,26.35,8417,1.695,1032,-504,-13660,95,330,93,0,0,0
34709,25.83,26.35,1528,0.308,1064,-420,-13384,117,310,94,0,0,0
34715,25.83,26.35,10645,2.144,1084,-432,-13568,107,332,98,0,0,0
34789,25.83,26.31,7197,1.45,1052,-532,-13544,48,318,92,0,0,0
34795,25.83,26.31,5833,1.175,1152,-424,-13544,118,327,94,0,0,0
34800,25.83,26.31,3898,0.785,1080,-344,-13520,99,322,80,0,0,0
34805,25.83,26.31,11261,2.268,1060,-448,-13388,112,355,100,0,0,0
34809,25.83,26.31,7525,1.516,1056,-396,-13656,87,331,101,0,0,0
34814,25.83,26.31,7557,1.522,1080,-440,-13580,106,318,99,0,0,0
34819,25.83,26.31,6841,1.378,1004,-396,-13400,102,307,103,0,0,0
34825,25.83,26.31,5370,1.082,1080,-384,-13596,130,355,93,0,0,0
34830,25.83,26.31,7240,1.458,1088,-376,-13528,93,336,99,0,0,0
34924,25.83,26.31,10724,2.16,1116,-416,-13424,131,310,111,0,0,0
34925,25.83,26.31,3530,0.711,1116,-416,-13424,131,310,111,0,0,0
34946,25.83,26.31,8659,1.744,1064,-476,-13376,100,319,96,0,0,0
34950,25.83,26.31,7413,1.493,1120,-504,-13448,121,305,98,0,0,0
34955,25.83,26.31,12192,2.456,1076,-472,-13420,88,361,110,0,0,0
34960,25.83,26.31,10747,2.165,1036,-372,-13636,84,374,105,0,0,0
34965,25.83,26.31,12158,2.449,984,-420,-13576,123,316,127,0,0,0
34969,25.83,26.31,12169,2.451,1148,-452,-13644,115,315,117,0,0,0
34974,25.83,26.31,12178,2.453,1024,-448,-13544,115,348,113,0,0,0
34979,25.83,26.31,12176,2.453,1180,-460,-13656,80,328,101,0,0,0
34985,25.83,26.31,12182,2.454,1012,-436,-13548,127,351,110,0,0,0
35060,25.83,26.31,8316,1.675,1088,-452,-13372,113,312,87,0,0,0
35065,25.83,26.31,8175,1.647,1084,-496,-13540,68,355,86,0,0,0
35070,25.83,26.31,8182,1.648,1084,-388,-13424,62,332,107,0,0,0
35074,25.83,26.31,9141,1.841,1116,-488,-13584,94,342,103,0,0,0
35079,25.83,26.31,11232,2.262,1032,-392,-13404,111,353,109,0,0,0
35084,25.83,26.31,12230,2.463,1072,-488,-13376,103,333,109,0,0,0
35090,25.83,26.31,12224,2.462,1088,-380,-13596,106,336,100,0,0,0
35182,25.83,26.31,9467,1.907,1100,-400,-13716,102,359,96,0,0,0
35185,25.89,26.37,2523,0.508,1100,-400,-13716,102,359,96,0,0,0
35190,25.89,26.37,10922,2.2,1108,-488,-13388,101,318,101,0,0,0
35195,25.89,26.37,9773,1.969,1108,-396,-13652,101,363,95,0,0,0
35200,25.89,26.37,9570,1.928,964,-400,-13536,86,316,89,0,0,0
35204,25.89,26.37,3956,0.797,1060,-512,-13572,125,298,99,0,0,0
35209,25.89,26.37,12197,2.457,1308,-408,-13496,92,330,109,0,0,0
35214,25.89,26.37,8754,1.763,1036,-460,-13376,94,322,102,0,0,0
35220,25.89,26.37,5174,1.042,1080,-456,-13612,123,340,90,0,0,0
35225,25.89,26.37,11990,2.415,1016,-300,-13556,84,332,107,0,0,0
35230,25.89,26.37,9717,1.957,1072,-416,-13252,116,323,116,0,0,0
35234,25.89,26.37,9263,1.866,1064,-400,-13580,109,324,97,0,0,0
35239,25.89,26.37,11499,2.316,1072,-460,-13480,80,303,103,0,0,0
35314,25.89,26.37,3087,0.622,1080,-380,-13400,111,346,95,0,0,0
35315,25.89,26.37,1613,0.325,1080,-380,-13400,111,346,95,0,0,0
35319,25.89,26.37,3599,0.725,1132,-276,-13564,107,308,96,0,0,0
35324,25.89,26.37,7709,1.553,1148,-504,-13492,115,310,98,0,0,0
35330,25.89,26.37,6465,1.302,1132,-392,-13412,116,325,95,0,0,0
35421,25.89,26.37,4246,0.855,1068,-328,-13448,126,345,106,0,0,0
35425,25.89,26.37,8028,1.617,1076,-460,-13740,115,326,92,0,0,0
35435,25.89,26.37,3309,0.667,1052,-488,-13572,95,342,88,0,0,0
35439,25.89,26.37,6796,1.369,1160,-488,-13684,114,328,98,0,0,0
35444,25.89,26.37,4216,0.849,1060,-396,-13548,100,316,91,0,0,0
35449,25.89,26.37,5695,1.147,1100,-432,-13516,99,332,99,0,0,0
35455,25.89,26.37,5996,1.208,1048,-432,-13588,78,325,118,0,0,0
35460,25.89,26.37,5085,1.024,1108,-388,-13584,115,359,73,0,0,0
35464,25.89,26.37,3291,0.663,1120,-328,-13488,117,335,102,0,0,0
35469,25.89,26.37,5160,1.039,1072,-524,-13588,110,297,119,0,0,0
35474,25.89,26.37,6701,1.35,1080,-492,-13544,82,313,92,0,0,0
35479,25.89,26.37,5210,1.049,1060,-508,-13580,87,346,100,0,0,0
35485,25.89,26.37,5762,1.161,1136,-432,-13352,113,359,93,0,0,0
35490,25.89,26.37,7554,1.522,1056,-388,-13428,123,310,107,0,0,0
35494,25.89,26.37,4689,0.944,1072,-400,-13476,94,323,94,0,0,0
35593,25.89,26.37,1309,0.264,988,-380,-13252,77,309,93,0,0,0
35595,25.89,26.37,192,0.039,988,-380,-13252,77,309,93,0,0,0
35599,25.89,26.37,10015,2.017,1260,-436,-13660,139,407,135,0,0,0
35692,25.83,26.35,10588,2.133,1124,-364,-13620,82,276,122,0,0,0
35694,25.83,26.35,2394,0.482,1124,-364,-13620,82,276,122,0,0,0
35700,25.83,26.35,6247,1.258,820,-380,-13232,111,261,88,0,0,0
35705,25.83,26.35,4206,0.847,1152,-372,-13096,105,429,97,0,0,0
35710,25.83,26.35,7872,1.586,1092,-420,-13960,95,332,96,0,0,0
35714,25.83,26.35,3585,0.722,1152,-516,-13520,121,310,89,0,0,0
35719,25.83,26.35,9800,1.974,1012,-536,-13892,100,265,103,0,0,0
35724,25.83,26.35,3355,0.676,948,-492,-13056,105,368,106,0,0,0
35730,25.83,26.35,10869,2.189,1252,-280,-13820,84,390,92,0,0,0
35735,25.83,26.35,4065,0.819,1168,-424,-13584,105,272,94,0,0,0
35740,25.83,26.35,5127,1.033,992,-444,-13588,105,271,93,0,0,0
35744,25.83,26.35,3034,0.611,940,-400,-13432,124,361,88,0,0,0
35749,25.83,26.35,6567,1.323,1156,-444,-13436,90,440,92,0,0,0
35754,25.83,26.35,4889,0.985,1216,-516,-13952,119,333,90,0,0,0
35760,25.83,26.35,4353,0.877,1032,-488,-13632,114,213,82,0,0,0
35765,25.83,26.35,5751,1.158,888,-516,-13472,104,321,99,0,0,0
35859,25.83,26.35,6119,1.233,1172,-496,-13644,103,339,98,0,0,0
35936,25.83,26.35,10023,2.019,1016,-384,-13624,107,309,113,0,0,0
35948,25.83,26.35,7428,1.496,1144,-444,-13524,83,311,114,0,0,0
35950,25.83,26.35,42,0.008,1144,-444,-13524,83,311,114,0,0,0
35955,25.83,26.35,2438,0.491,1052,-524,-13452,114,328,108,0,0,0
35959,25.83,26.35,4795,0.966,1084,-512,-13428,86,342,89,0,0,0
35964,25.83,26.35,5123,1.032,1092,-400,-13604,112,333,116,0,0,0
35969,25.83,26.35,3206,0.646,984,-464,-13512,95,313,100,0,0,0
35974,25.83,26.35,5085,1.024,960,-464,-13428,114,315,120,0,0,0
35980,25.83,26.35,3786,0.763,1072,-448,-13356,116,359,82,0,0,0
35985,25.83,26.35,2586,0.521,1056,-476,-13576,98,339,107,0,0,0
35989,25.83,26.35,7146,1.439,1040,-368,-13516,102,350,91,0,0,0
35994,25.83,26.35,7285,1.467,928,-736,-13792,150,371,84,0,0,0
35999,25.83,26.35,5557,1.119,1064,-424,-12704,78,131,92,0,0,0
36004,25.83,26.35,5817,1.172,1528,-204,-14464,71,772,125,0,0,0
36010,25.83,26.35,9331,1.88,1212,-664,-13232,-50,10,81,0,0,0
36015,25.83,26.35,1882,0.379,712,-244,-13208,354,459,119,0,0,0
36019,25.83,26.35,6526,1.315,692,-596,-14112,-6,88,105,0,0,0
36112,25.83,26.35,1550,0.312,1008,-500,-13104,126,359,98,0,0,0
36115,25.83,26.35,7462,1.503,1216,-388,-13380,31,446,116,0,0,0
36119,25.83,26.35,8274,1.667,1140,-300,-13668,114,286,88,0,0,0
36194,25.83,26.35,1505,0.303,896,-428,-13496,96,332,96,0,0,0
36195,25.83,26.35,1345,0.271,896,-428,-13496,96,332,96,0,0,0
36200,25.83,26.35,6473,1.304,1144,-440,-13548,72,380,103,0,0,0
36205,25.83,26.35,9117,1.836,1412,-448,-13748,121,398,92,0,0,0
36210,25.83,26.35,5871,1.183,1096,-576,-13932,114,218,86,0,0,0
36214,25.83,26.35,3205,0.646,1032,-408,-13252,117,299,114,0,0,0
36219,25.83,26.35,7884,1.588,1012,-324,-13440,71,382,101,0,0,0
36224,25.83,26.35,7572,1.525,1104,-292,-13708,98,400,100,0,0,0
36230,25.83,26.35,7411,1.493,1108,-328,-13544,107,297,91,0,0,0
36235,25.83,26.35,8068,1.625,988,-420,-13428,105,241,104,0,0,0
36240,25.83,26.35,5649,1.138,888,-584,-13308,77,356,88,0,0,0
36244,25.83,26.35,7205,1.451,1156,-584,-13900,94,498,124,0,0,0
36249,25.83,26.35,4254,0.857,1240,-504,-13464,127,227,95,0,0,0
36254,25.83,26.35,9644,1.943,1200,-424,-13472,143,270,117,0,0,0
36260,25.83,26.35,6176,1.244,996,-304,-14172,81,262,111,0,0,0
36350,25.83,26.35,2403,0.484,1160,-424,-13420,89,366,99,0,0,0
36354,25.83,26.35,5638,1.136,1144,-424,-13772,90,364,83,0,0,0
36359,25.83,26.35,6138,1.236,1080,-408,-13592,130,346,95,0,0,0
36365,25.83,26.35,6928,1.395,928,-384,-13588,98,265,115,0,0,0
36370,25.83,26.35,6140,1.237,912,-544,-13328,120,388,122,0,0,0
36444,25.83,26.35,917,0.185,1108,-316,-13468,149,449,94,0,0,0
36457,25.83,26.35,3354,0.676,996,-408,-12920,157,361,108,0,0,0
36460,25.83,26.35,10764,2.168,980,-496,-13756,91,328,90,0,0,0
36464,25.83,26.35,9490,1.912,1100,-516,-13440,171,369,98,0,0,0
36469,25.83,26.35,3912,0.788,1100,-504,-13696,79,328,85,0,0,0
36474,25.83,26.35,10499,2.115,1192,-484,-13588,118,314,100,0,0,0
36480,25.83,26.35,11095,2.235,1100,-476,-13440,78,339,105,0,0,0
36485,25.83,26.35,9769,1.968,1184,-336,-13736,143,364,116,0,0,0
36489,25.83,26.35,6651,1.34,1100,-380,-13488,71,325,97,0,0,0
36494,25.83,26.35,10137,2.042,1040,-412,-13696,150,346,107,0,0,0
36499,25.83,26.35,8659,1.744,1096,-440,-13392,100,347,72,0,0,0
36504,25.83,26.35,9702,1.954,1024,-448,-13448,95,354,112,0,0,0
36510,25.83,26.35,3257,0.656,1184,-464,-13624,105,357,125,0,0,0
36626,25.83,26.35,4985,1.004,1064,-492,-13532,117,327,86,0,0,0
36629,25.83,26.35,3204,0.645,1084,-420,-13528,124,326,107,0,0,0
36635,25.83,26.35,8377,1.687,1100,-484,-13472,118,320,80,0,0,0
36640,25.83,26.35,4794,0.966,1108,-372,-13592,97,347,97,0,0,0
36645,25.83,26.35,7490,1.509,964,-456,-13568,92,319,92,0,0,0
36649,25.83,26.35,8948,1.802,1032,-336,-13544,108,307,116,0,0,0
36654,25.83,26.35,11438,2.304,964,-496,-13548,91,321,96,0,0,0
36728,25.85,26.37,356,0.072,948,-352,-13576,107,345,95,0,0,0
36730,25.85,26.37,4070,0.82,948,-352,-13576,107,345,95,0,0,0
36735,25.85,26.37,2403,0.484,1004,-540,-13608,113,357,112,0,0,0
36740,25.85,26.37,11377,2.292,1160,-524,-13456,103,334,92,0,0,0
36744,25.85,26.37,9484,1.91,1176,-352,-13692,98,340,104,0,0,0
36749,25.85,26.37,4832,0.973,956,-348,-13472,101,329,100,0,0,0
36754,25.85,26.37,7292,1.469,1108,-352,-13368,107,337,85,0,0,0
36760,25.85,26.37,7831,1.577,960,-472,-13448,102,332,78,0,0,0
36765,25.85,26.37,5062,1.02,1072,-476,-13636,100,333,87,0,0,0
36770,25.85,26.37,5484,1.105,1168,-512,-13496,125,352,96,0,0,0
36774,25.85,26.37,6525,1.314,1084,-468,-13556,85,332,93,0,0,0
36865,25.85,26.37,5690,1.146,1052,-516,-13512,126,312,88,0,0,0
36869,25.85,26.37,7673,1.546,1036,-496,-13528,128,326,101,0,0,0
36874,25.85,26.37,6697,1.349,1052,-340,-13712,100,328,91,0,0,0
36880,25.85,26.37,8203,1.652,1136,-420,-13672,138,325,122,0,0,0
36885,25.85,26.37,9822,1.978,1096,-468,-13572,108,324,87,0,0,0
36890,25.85,26.37,12208,2.459,1140,-484,-13408,94,330,110,0,0,0
36894,25.85,26.37,9659,1.946,1124,-496,-13656,89,340,96,0,0,0
36899,25.85,26.37,8890,1.791,1000,-388,-13556,102,334,71,0,0,0
36904,25.85,26.37,6158,1.24,1012,-448,-13560,125,343,98,0,0,0
36979,25.85,26.37,6673,1.344,1020,-344,-13528,90,330,101,0,0,0
36992,25.85,26.37,8883,1.789,1084,-464,-13408,103,305,81,0,0,0
36995,25.85,26.37,7087,1.428,1100,-456,-13488,124,313,122,0,0,0
37000,25.85,26.37,6123,1.233,1040,-408,-13732,114,342,101,0,0,0
37004,25.85,26.37,10667,2.149,952,-400,-13532,95,329,117,0,0,0
37009,25.85,26.37,3117,0.628,1040,-448,-13432,93,341,78,0,0,0
37014,25.85,26.37,10352,2.085,1104,-404,-13520,98,339,99,0,0,0
37020,25.85,26.37,10122,2.039,988,-496,-13332,92,339,79,0,0,0
37025,25.85,26.37,6393,1.288,1060,-424,-13564,97,317,114,0,0,0
37116,25.85,26.37,4137,0.833,1060,-516,-13408,110,317,111,0,0,0
37119,25.85,26.37,1147,0.231,1100,-372,-13612,110,329,110,0,0,0
37124,25.85,26.37,6693,1.348,1016,-464,-13560,113,327,122,0,0,0
37130,25.85,26.37,7894,1.59,1068,-372,-13452,102,311,105,0,0,0
37135,25.85,26.37,11162,2.248,1108,-444,-13668,76,343,100,0,0,0
37139,25.85,26.37,7299,1.47,1092,-392,-13376,116,358,101,0,0,0
37144,25.85,26.37,8814,1.775,1032,-456,-13604,81,333,100,0,0,0
37149,25.85,26.37,10271,2.069,1140,-432,-13488,119,332,100,0,0,0
37154,25.85,26.37,9010,1.815,1016,-436,-13340,88,328,101,0,0,0
37160,25.85,26.37,3388,0.682,964,-496,-13756,115,301,109,0,0,0
37165,25.85,26.37,4117,0.829,1004,-480,-13348,99,329,101,0,0,0
37239,25.85,26.37,5975,1.204,1116,-464,-13532,109,329,96,0,0,0
37244,25.83,26.47,5693,1.147,1056,-360,-13572,100,320,106,0,0,0
37249,25.83,26.47,4841,0.975,1016,-448,-13600,86,346,111,0,0,0
37254,25.83,26.47,11002,2.216,964,-508,-13564,103,337,91,0,0,0
37260,25.83,26.47,7552,1.521,1088,-364,-13472,117,332,98,0,0,0
37265,25.83,26.47,8905,1.794,1064,-452,-13548,120,323,103,0,0,0
37356,25.83,26.47,8329,1.678,1076,-356,-13452,88,345,84,0,0,0
37360,25.83,26.47,10048,2.024,1072,-544,-13552,95,323,97,0,0,0
37364,25.83,26.47,7227,1.456,1072,-424,-13488,103,339,115,0,0,0
37369,25.83,26.47,3037,0.612,1096,-584,-13612,101,318,129,0,0,0
37374,25.83,26.47,3829,0.771,1064,-332,-13484,80,327,99,0,0,0
37379,25.83,26.47,7358,1.482,1052,-352,-13444,117,338,105,0,0,0
37385,25.83,26.47,5852,1.179,1092,-376,-13524,105,305,118,0,0,0
37390,25.83,26.47,5687,1.146,1096,-380,-13584,101,342,85,0,0,0
37394,25.83,26.47,9735,1.961,1008,-320,-13708,116,325,99,0,0,0
37399,25.83,26.47,4468,0.9,1092,-428,-13504,109,317,90,0,0,0
37404,25.83,26.47,10033,2.021,1080,-476,-13532,100,345,94,0,0,0
37410,25.83,26.47,12174,2.452,1080,-480,-13528,96,338,84,0,0,0
37415,25.83,26.47,11406,2.297,1064,-488,-13636,128,312,90,0,0,0
37420,25.83,26.47,6645,1.338,1124,-440,-13580,86,311,98,0,0,0
37494,25.83,26.47,2782,0.56,1068,-504,-13600,110,327,91,0,0,0
37508,25.83,26.47,541,0.109,1044,-468,-13676,108,317,100,0,0,0
37509,25.83,26.47,603,0.121,996,-424,-13504,91,303,88,0,0,0
37514,25.83,26.47,7692,1.549,1180,-500,-13620,126,320,81,0,0,0
37632,25.83,26.47,6570,1.323,1144,-432,-13712,94,356,118,0,0,0
37635,25.83,26.47,2312,0.466,1072,-472,-13596,108,308,89,0,0,0
37640,25.83,26.47,9110,1.835,1056,-480,-13536,117,322,113,0,0,0
37644,25.83,26.47,9230,1.859,1112,-444,-13520,108,358,103,0,0,0
37649,25.83,26.47,5962,1.201,1088,-428,-13712,95,335,109,0,0,0
37654,25.83,26.47,8152,1.642,1044,-412,-13640,106,313,102,0,0,0
37660,25.83,26.47,9486,1.911,1072,-432,-13540,73,309,90,0,0,0
37665,25.83,26.47,4588,0.924,1036,-436,-13468,94,335,95,0,0,0
37670,25.83,26.47,10929,2.201,1116,-400,-13448,110,359,86,0,0,0
37674,25.83,26.47,7866,1.584,1120,-412,-13408,112,307,94,0,0,0
37679,25.83,26.47,4235,0.853,1024,-380,-13568,106,312,120,0,0,0
37684,25.83,26.47,6819,1.374,976,-472,-13568,117,339,95,0,0,0
37690,25.83,26.47,6826,1.375,1052,-436,-13496,86,360,111,0,0,0
37695,25.83,26.47,9298,1.873,956,-460,-13588,96,317,97,0,0,0
37700,25.83,26.47,4536,0.914,1104,-468,-13736,82,326,90,0,0,0
37704,25.83,26.47,9546,1.923,1072,-424,-13644,83,308,97,0,0,0
37779,25.83,26.37,1039,0.209,1040,-408,-13640,97,349,104,0,0,0
37780,25.83,26.37,2053,0.414,1040,-408,-13640,97,349,104,0,0,0
37871,25.83,26.37,6215,1.252,968,-376,-13536,96,331,93,0,0,0
37874,25.83,26.37,6260,1.261,1124,-412,-13644,85,337,116,0,0,0
37880,25.83,26.37,3117,0.628,1072,-472,-13576,104,339,98,0,0,0
37885,25.83,26.37,6891,1.388,1096,-444,-13628,104,322,109,0,0,0
37890,25.83,26.37,5475,1.103,1156,-448,-13664,121,299,103,0,0,0
37894,25.83,26.37,7734,1.558,976,-368,-13368,97,332,80,0,0,0
37899,25.83,26.37,5678,1.144,1036,-424,-13448,81,312,93,0,0,0
37904,25.83,26.37,10342,2.083,1072,-352,-13292,93,337,103,0,0,0
37910,25.83,26.37,10768,2.169,1084,-432,-13472,104,312,68,0,0,0
37915,25.83,26.37,4360,0.878,1068,-440,-13528,81,326,93,0,0,0
37920,25.83,26.37,7716,1.554,1076,-524,-13592,86,347,92,0,0,0
37924,25.83,26.37,5311,1.07,1100,-464,-13572,108,354,100,0,0,0
37952,25.83,26.37,4366,0.879,1012,-508,-13556,110,306,73,0,0,0
37955,25.83,26.37,7627,1.536,1200,-408,-13512,116,338,100,0,0,0
37960,25.83,26.37,5739,1.156,1080,-492,-13640,92,327,79,0,0,0
37965,25.83,26.37,6335,1.276,1080,-512,-13428,122,337,91,0,0,0
37969,25.83,26.37,7892,1.59,1064,-408,-13568,131,340,101,0,0,0
37974,25.83,26.37,5359,1.079,1160,-492,-13384,101,345,94,0,0,0
38141,25.83,26.37,3029,0.61,1144,-424,-13640,98,302,81,0,0,0
38144,25.83,26.37,4937,0.994,1140,-424,-13332,111,329,123,0,0,0
38149,25.83,26.37,6128,1.234,1032,-516,-13432,91,338,106,0,0,0
38155,25.83,26.37,4127,0.831,1144,-400,-13396,111,358,99,0,0,0
38160,25.83,26.37,7152,1.441,1264,-468,-13576,103,332,103,0,0,0
38165,25.83,26.37,1103,0.222,1020,-304,-13620,109,328,103,0,0,0
38169,25.83,26.37,5503,1.108,960,-484,-13544,86,325,88,0,0,0
38174,25.83,26.37,9865,1.987,1088,-400,-13380,104,382,102,0,0,0
38179,25.83,26.37,3109,0.626,1052,-384,-13448,103,335,100,0,0,0
38185,25.83,26.37,6704,1.35,1052,-400,-13488,110,314,118,0,0,0
38190,25.83,26.49,3545,0.714,976,-472,-13520,108,296,95,0,0,0
38195,25.83,26.49,6472,1.304,1080,-396,-13536,108,339,88,0,0,0
38199,25.83,26.49,9247,1.863,1088,-424,-13612,88,353,97,0,0,0
38204,25.83,26.49,5859,1.18,1044,-440,-13748,112,306,103,0,0,0
38209,25.83,26.49,8261,1.664,1040,-508,-13544,121,303,74,0,0,0
38215,25.83,26.49,8082,1.628,1072,-416,-13572,111,336,116,0,0,0
38306,25.83,26.49,4090,0.824,976,-532,-13560,108,318,97,0,0,0
38309,25.83,26.49,2850,0.574,1180,-428,-13624,80,350,110,0,0,0
38315,25.83,26.49,5981,1.205,1064,-464,-13476,101,294,101,0,0,0
38320,25.83,26.49,9945,2.003,964,-448,-13488,115,299,90,0,0,0
38394,25.83,26.49,4182,0.842,948,-508,-13544,110,350,81,0,0,0
38399,25.83,26.49,5368,1.081,1036,-448,-13552,92,341,90,0,0,0
38404,25.83,26.49,4944,0.996,1180,-424,-13420,102,335,109,0,0,0
38409,25.83,26.49,12153,2.448,1080,-484,-13592,81,322,102,0,0,0
38415,25.83,26.49,7652,1.541,1164,-420,-13504,109,307,93,0,0,0
38420,25.83,26.49,3255,0.656,1076,-340,-13528,100,343,79,0,0,0
38424,25.83,26.49,5325,1.073,1032,-508,-13548,105,327,99,0,0,0
38438,25.83,26.49,5362,1.08,1052,-392,-13508,109,303,84,0,0,0
38439,25.83,26.49,949,0.191,1144,-496,-13336,104,324,95,0,0,0
38444,25.83,26.49,3406,0.686,1120,-424,-13468,73,339,91,0,0,0
38449,25.83,26.49,3170,0.639,1124,-344,-13672,106,326,82,0,0,0
38454,25.83,26.49,7390,1.489,1084,-396,-13704,129,305,97,0,0,0
38460,25.83,26.49,10336,2.082,972,-356,-13452,131,303,86,0,0,0
38465,25.83,26.49,7903,1.592,992,-448,-13468,89,346,102,0,0,0
38558,25.83,26.49,6494,1.308,1116,-532,-13300,125,351,105,0,0,0
38559,25.83,26.49,2538,0.511,1180,-404,-13452,107,367,104,0,0,0
38564,25.83,26.49,8473,1.707,1120,-376,-13592,93,382,82,0,0,0
38569,25.83,26.49,8166,1.645,1212,-300,-13696,119,275,94,0,0,0
38574,25.83,26.49,7052,1.42,1056,-420,-13468,119,285,90,0,0,0
38580,25.83,26.49,8187,1.649,956,-516,-13496,87,391,84,0,0,0
38678,25.83,26.49,11240,2.264,1112,-376,-13576,63,403,78,0,0,0
38679,25.83,26.49,9400,1.893,1248,-340,-13852,101,316,83,0,0,0
38684,25.85,26.41,8587,1.73,960,-496,-13244,130,279,119,0,0,0
38689,25.85,26.41,8632,1.739,880,-396,-13348,112,348,113,0,0,0
38694,25.85,26.41,9461,1.906,1128,-456,-13512,76,400,92,0,0,0
38700,25.85,26.41,7165,1.443,1172,-472,-13720,72,339,81,0,0,0
38705,25.85,26.41,6909,1.392,1168,-412,-13640,128,255,95,0,0,0
38710,25.85,26.41,7981,1.608,976,-460,-13408,99,292,95,0,0,0
38714,25.85,26.41,3519,0.709,988,-512,-13588,90,395,114,0,0,0
38719,25.85,26.41,6556,1.321,1216,-328,-13616,69,398,71,0,0,0
38724,25.85,26.41,8828,1.778,1192,-516,-13736,109,271,100,0,0,0
38730,25.85,26.41,8720,1.756,976,-448,-13404,110,262,94,0,0,0
38821,25.85,26.41,6316,1.272,1036,-476,-13444,95,307,99,0,0,0
38825,25.85,26.41,8211,1.654,1032,-468,-13432,97,365,103,0,0,0
38829,25.85,26.41,11851,2.387,1172,-364,-13776,99,364,101,0,0,0
38834,25.85,26.41,10326,2.08,1000,-480,-13740,89,308,94,0,0,0
38839,25.85,26.41,9872,1.989,936,-416,-13572,106,320,97,0,0,0
38845,25.85,26.41,9986,2.011,948,-432,-13404,106,352,88,0,0,0
38850,25.85,26.41,9529,1.919,1152,-508,-13524,97,347,115,0,0,0
38855,25.85,26.41,9739,1.962,1176,-516,-13668,99,300,92,0,0,0
38928,25.85,26.41,4676,0.942,1092,-404,-13632,125,320,125,0,0,0
38941,25.85,26.41,2007,0.404,1052,-492,-13708,103,338,85,0,0,0
38944,25.85,26.41,8950,1.803,1120,-416,-13520,95,316,103,0,0,0
38950,25.85,26.41,9155,1.844,1132,-448,-13504,89,312,103,0,0,0
38955,25.85,26.41,10227,2.06,1080,-492,-13628,85,324,110,0,0,0
38959,25.85,26.41,12173,2.452,1068,-336,-13572,98,333,82,0,0,0
38964,25.85,26.41,8535,1.719,1072,-368,-13644,105,327,85,0,0,0
38969,25.85,26.41,10580,2.131,1020,-424,-13452,103,315,90,0,0,0
38975,25.85,26.41,9398,1.893,964,-548,-13336,98,335,111,0,0,0
38980,25.85,26.41,8230,1.658,1128,-444,-13584,103,321,114,0,0,0
39071,25.85,26.41,7664,1.544,1012,-420,-13568,106,323,116,0,0,0
39075,25.85,26.41,6466,1.302,1092,-392,-13508,112,333,92,0,0,0
39080,25.85,26.41,6261,1.261,1104,-440,-13524,130,317,124,0,0,0
39085,25.85,26.41,6839,1.378,928,-424,-13504,83,317,89,0,0,0
39089,25.85,26.41,5211,1.05,1140,-444,-13596,88,340,94,0,0,0
39094,25.85,26.41,7165,1.443,1096,-528,-13492,128,324,97,0,0,0
39099,25.85,26.41,3491,0.703,980,-300,-13548,91,333,86,0,0,0
39105,25.85,26.41,7903,1.592,1144,-488,-13456,91,322,99,0,0,0
39110,25.85,26.41,4255,0.857,1036,-440,-13544,88,364,74,0,0,0
39115,25.85,26.41,8217,1.655,984,-536,-13684,123,322,75,0,0,0
39189,25.89,26.43,2888,0.582,1080,-392,-13492,110,340,106,0,0,0
39190,25.89,26.43,4442,0.895,948,-436,-13536,108,337,81,0,0,0
39195,25.89,26.43,7081,1.426,1056,-476,-13540,138,338,87,0,0,0
39200,25.89,26.43,9331,1.88,1020,-368,-13580,115,337,100,0,0,0
39205,25.89,26.43,4509,0.908,1080,-524,-13596,96,317,102,0,0,0
39209,25.89,26.43,8855,1.784,956,-432,-13588,106,334,100,0,0,0
39214,25.89,26.43,5128,1.033,1064,-484,-13524,110,330,107,0,0,0
39219,25.89,26.43,9329,1.879,1076,-436,-13504,105,345,82,0,0,0
39310,25.89,26.43,8090,1.63,1060,-428,-13512,111,301,109,0,0,0
39314,25.89,26.43,5203,1.048,1060,-476,-13492,114,306,99,0,0,0
39320,25.89,26.43,10603,2.136,1052,-476,-13604,108,349,120,0,0,0
39325,25.89,26.43,7360,1.483,1176,-488,-13620,79,343,106,0,0,0
39330,25.89,26.43,11104,2.237,1108,-408,-13536,85,358,99,0,0,0
39334,25.89,26.43,3742,0.754,1236,-484,-13584,96,324,101,0,0,0
39339,25.89,26.43,12174,2.452,1116,-388,-13404,98,362,114,0,0,0
39344,25.89,26.43,8199,1.652,1052,-444,-13556,131,332,121,0,0,0
39350,25.89,26.43,9790,1.972,1088,-452,-13532,111,312,101,0,0,0
39355,25.89,26.43,12150,2.447,976,-296,-13520,86,321,107,0,0,0
39360,25.89,26.43,8201,1.652,1080,-500,-13564,123,364,111,0,0,0
39364,25.89,26.43,7637,1.538,1080,-500,-13676,122,339,97,0,0,0
39439,25.89,26.43,2585,0.521,1068,-408,-13540,105,329,89,0,0,0
39453,25.89,26.43,8055,1.623,988,-476,-13460,108,346,92,0,0,0
39454,25.89,26.43,6634,1.336,1200,-532,-13568,137,338,105,0,0,0
39459,25.89,26.43,7363,1.483,1092,-456,-13456,117,315,111,0,0,0
39465,25.89,26.43,6839,1.378,1188,-420,-13592,91,342,99,0,0,0
39470,25.89,26.43,3737,0.753,1100,-348,-13516,99,335,92,0,0,0
39562,25.89,26.43,8946,1.802,1228,-356,-13512,107,349,83,0,0,0
39565,25.89,26.43,10197,2.054,1168,-416,-13480,116,339,93,0,0,0
39570,25.89,26.43,5506,1.109,1024,-388,-13672,115,311,118,0,0,0
39574,25.89,26.43,7439,1.498,916,-448,-13560,110,334,92,0,0,0
39579,25.89,26.43,12137,2.445,1104,-404,-13596,114,357,91,0,0,0
39584,25.89,26.43,3834,0.772,1152,-472,-13496,118,340,110,0,0,0
39590,25.89,26.43,10689,2.153,1144,-468,-13648,127,319,115,0,0,0
39595,25.89,26.43,10735,2.162,1120,-388,-13576,91,310,102,0,0,0
39600,25.89,26.43,10918,2.199,1068,-372,-13424,131,342,84,0,0,0
39604,25.89,26.43,8082,1.628,1212,-392,-13764,127,322,104,0,0,0
39609,25.89,26.43,6354,1.28,1016,-444,-13616,108,276,102,0,0,0
39614,25.89,26.43,5417,1.091,1064,-368,-13608,93,326,87,0,0,0
39620,25.89,26.43,8228,1.657,920,-492,-13668,119,359,109,0,0,0
39625,25.89,26.43,12203,2.458,1068,-420,-13536,127,360,79,0,0,0
39723,25.85,26.53,19,0.004,1100,-532,-13440,90,321,108,0,0,0
39725,25.85,26.53,675,0.136,1080,-492,-13616,104,341,99,0,0,0
39730,25.85,26.53,11723,2.361,1044,-484,-13584,108,333,102,0,0,0
39735,25.85,26.53,8237,1.659,1140,-492,-13504,98,328,93,0,0,0
39826,25.85,26.53,7179,1.446,1176,-440,-13484,99,308,94,0,0,0
39829,25.85,26.53,4631,0.933,1176,-440,-13484,99,308,94,0,0,0
39835,25.85,26.53,5750,1.158,1084,-436,-13528,115,341,92,0,0,0
39840,25.85,26.53,12191,2.456,1072,-456,-13416,116,337,83,0,0,0
39844,25.85,26.53,11189,2.254,1132,-452,-13568,86,291,111,0,0,0
39849,25.85,26.53,7859,1.583,1156,-440,-13508,88,338,102,0,0,0
39854,25.85,26.53,4020,0.81,1052,-400,-13632,96,345,93,0,0,0
39859,25.85,26.53,9359,1.885,1052,-400,-13632,96,345,93,0,0,0
39865,25.85,26.53,12201,2.458,1168,-436,-13560,116,311,87,0,0,0
39870,25.85,26.53,6053,1.219,1020,-388,-13576,112,325,88,0,0,0
39874,25.85,26.53,9666,1.947,948,-440,-13612,85,333,84,0,0,0
39879,25.85,26.53,1615,0.325,1168,-472,-13720,102,338,77,0,0,0
39884,25.85,26.53,6919,1.394,1064,-480,-13436,136,353,105,0,0,0
39890,25.85,26.53,12201,2.458,1100,-416,-13552,106,356,100,0,0,0
39895,25.85,26.53,11699,2.357,1004,-472,-13552,120,333,102,0,0,0
39900,25.85,26.53,9791,1.972,1028,-416,-13596,94,341,100,0,0,0
39974,25.85,26.53,1815,0.366,1000,-452,-13412,110,315,100,0,0,0
39987,25.85,26.53,2587,0.521,1076,-384,-13444,126,330,110,0,0,0
40079,25.85,26.53,2008,0.404,1136,-564,-13640,109,309,120,0,0,0
40084,25.85,26.53,7324,1.475,1136,-564,-13640,109,309,120,0,0,0
40089,25.85,26.53,11710,2.359,1148,-348,-13640,86,329,106,0,0,0
40095,25.85,26.53,9002,1.813,1184,-444,-13468,125,345,114,0,0,0
40100,25.85,26.53,4937,0.994,1052,-508,-13720,88,303,100,0,0,0
40104,25.85,26.53,12186,2.455,1024,-396,-13340,84,353,93,0,0,0
40109,25.85,26.53,12191,2.456,1080,-328,-13488,99,350,88,0,0,0
40114,25.85,26.53,12209,2.459,1080,-328,-13488,99,350,88,0,0,0
40119,25.85,26.53,12213,2.46,992,-460,-13532,111,325,97,0,0,0
40125,25.85,26.53,12190,2.455,1024,-384,-13492,90,320,109,0,0,0
40130,25.85,26.53,12173,2.452,1112,-388,-13416,94,330,99,0,0,0
40134,25.85,26.53,12173,2.452,1028,-444,-13488,99,350,89,0,0,0
40139,25.85,26.53,6802,1.37,1144,-520,-13500,120,340,104,0,0,0
40144,25.85,26.53,12069,2.431,1144,-520,-13500,120,340,104,0,0,0
40150,25.85,26.53,12171,2.452,1148,-400,-13612,95,333,100,0,0,0
40155,25.85,26.53,7102,1.431,1128,-532,-13504,116,313,92,0,0,0
40242,25.85,26.49,7764,1.564,1128,-532,-13504,116,313,92,0,0,0
40245,25.85,26.49,12205,2.458,1152,-384,-13488,113,310,100,0,0,0
40321,25.85,26.49,5459,1.1,1088,-340,-13472,151,304,95,0,0,0
40324,25.85,26.49,8621,1.737,1020,-412,-13532,82,301,93,0,0,0
40329,25.85,26.49,11563,2.329,1136,-460,-13620,110,353,100,0,0,0
40334,25.85,26.49,11030,2.222,1136,-460,-13620,110,353,100,0,0,0
40339,25.85,26.49,12161,2.45,988,-364,-13484,92,384,100,0,0,0
40345,25.85,26.49,9925,1.999,1132,-412,-13584,90,325,104,0,0,0
40350,25.85,26.49,6497,1.309,1084,-504,-13696,96,325,115,0,0,0
40354,25.85,26.49,9044,1.822,1080,-324,-13384,139,345,96,0,0,0
40359,25.85,26.49,8420,1.696,1128,-564,-13524,110,301,91,0,0,0
40364,25.85,26.49,12129,2.443,1128,-564,-13524,110,301,91,0,0,0
40369,25.85,26.49,12129,2.443,1132,-436,-13448,86,353,123,0,0,0
40375,25.85,26.49,6933,1.397,1028,-484,-13492,153,298,109,0,0,0
40380,25.85,26.49,12171,2.452,1080,-384,-13512,101,318,113,0,0,0
40384,25.85,26.49,9946,2.003,1180,-356,-13752,107,350,107,0,0,0
40389,25.85,26.49,8418,1.696,928,-660,-13536,81,360,93,0,0,0
40482,25.85,26.49,11192,2.254,1008,-420,-13372,98,320,112,0,0,0
40496,25.85,26.49,9,0.002,1080,-448,-13400,92,352,118,0,0,0
40500,25.85,26.49,6003,1.209,1044,-484,-13616,72,315,77,0,0,0
40504,25.85,26.49,9692,1.952,1128,-460,-13360,83,332,86,0,0,0
40509,25.85,26.49,10660,2.147,1128,-460,-13360,83,332,86,0,0,0
40584,25.85,26.49,10628,2.141,1096,-412,-13464,107,355,82,0,0,0
40585,25.85,26.49,6300,1.269,1056,-404,-13504,76,300,95,0,0,0
40589,25.85,26.49,6614,1.332,1056,-404,-13504,76,300,95,0,0,0
40595,25.85,26.49,11155,2.247,1136,-552,-13712,83,324,85,0,0,0
40600,25.85,26.49,8781,1.769,1008,-584,-13492,119,330,96,0,0,0
40605,25.85,26.49,4415,0.889,1064,-452,-13568,75,384,106,0,0,0
40609,25.85,26.49,6487,1.307,1176,-488,-13644,72,334,114,0,0,0
40614,25.85,26.49,8539,1.72,1176,-488,-13644,72,334,114,0,0,0
40619,25.85,26.49,4615,0.93,1116,-304,-13412,119,339,88,0,0,0
40625,25.85,26.49,10946,2.205,1016,-468,-13328,116,337,104,0,0,0
40630,25.85,26.49,5781,1.164,1184,-476,-13616,87,360,91,0,0,0
40635,25.85,26.49,3494,0.704,1024,-512,-13588,107,303,112,0,0,0
40639,25.85,26.49,3694,0.744,920,-520,-13456,112,305,87,0,0,0
40644,25.85,26.49,3046,0.614,1304,-460,-14132,27,309,100,0,0,0
40759,25.89,26.55,896,0.18,1368,-384,-15224,233,340,96,0,0,0
40760,25.89,26.55,4082,0.822,904,-608,-12048,-40,161,79,0,0,0
40765,25.89,26.55,9199,1.853,1180,-420,-14256,179,399,86,0,0,0
40770,25.89,26.55,4524,0.911,1028,-444,-13128,59,411,66,0,0,0
40775,25.89,26.55,4678,0.942,1124,-364,-13592,45,321,100,0,0,0
40779,25.89,26.55,4804,0.968,1128,-268,-13216,166,336,101,0,0,0
40854,25.89,26.55,2563,0.516,1004,-328,-13588,95,276,87,0,0,0
40855,25.89,26.55,2208,0.445,1120,-284,-13404,129,315,101,0,0,0
40859,25.89,26.55,2401,0.484,1120,-284,-13404,129,315,101,0,0,0
40865,25.89,26.55,3690,0.743,1228,-548,-13436,85,346,86,0,0,0
40870,25.89,26.55,8408,1.694,1036,-464,-13792,81,349,100,0,0,0
40875,25.89,26.55,8350,1.682,988,-492,-13420,112,295,99,0,0,0
40879,25.89,26.55,3752,0.756,988,-492,-13420,112,295,99,0,0,0
40884,25.89,26.55,6454,1.3,1064,-432,-13340,128,333,117,0,0,0
40889,25.89,26.55,9971,2.008,1172,-332,-13484,85,337,100,0,0,0
40895,25.89,26.55,5071,1.021,1128,-332,-13680,137,330,133,0,0,0
40900,25.89,26.55,5885,1.185,1176,-528,-13624,112,309,92,0,0,0
40904,25.89,26.55,2678,0.539,1064,-372,-13504,106,342,92,0,0,0
40998,25.89,26.55,6966,1.403,1412,-300,-11904,159,625,88,0,0,0
41011,25.89,26.55,737,0.148,816,-624,-13720,30,381,98,0,0,0
41014,25.89,26.55,5876,1.184,816,-624,-13720,30,381,98,0,0,0
41020,25.89,26.55,10443,2.104,1084,-332,-13960,-8,228,68,0,0,0
41025,25.89,26.55,8380,1.688,1044,-300,-12964,211,260,120,0,0,0
41030,25.89,26.55,7371,1.485,1128,-452,-13324,24,295,92,0,0,0
41034,25.89,26.55,9561,1.926,1128,-452,-13324,24,295,92,0,0,0
41039,25.89,26.55,5338,1.075,1352,-392,-13360,144,596,109,0,0,0
41113,25.89,26.55,2444,0.492,-680,1664,-3720,730,733,110,0,0,0
41115,25.89,26.55,9221,1.857,1616,1392,-23212,493,1317,211,0,0,0
41120,25.89,26.55,6412,1.292,1564,-516,-4852,462,-1159,-5,0,0,0
41124,25.89,26.55,36,0.007,1564,-516,-4852,462,-1159,-5,0,0,0
41129,25.89,26.55,10999,2.216,1956,-1884,-18040,412,875,181,0,0,0
41134,25.89,26.55,10487,2.112,-360,-2368,-14292,-1793,285,91,0,0,0
41140,25.89,26.55,11945,2.406,1316,-1884,-10096,436,34,133,0,0,0
41145,25.89,26.55,4100,0.826,2136,-68,-15940,-309,-1088,77,0,0,0
41150,25.89,26.55,4340,0.874,580,-812,-11132,-416,847,136,0,0,0
41154,25.89,26.55,3960,0.798,580,-812,-11132,-416,847,136,0,0,0
41159,25.89,26.55,4915,0.99,912,-592,-13520,20,318,94,0,0,0
41250,25.89,26.55,4173,0.841,1136,-404,-13804,167,443,89,0,0,0
41255,25.85,26.43,6252,1.259,784,-552,-13532,86,208,107,0,0,0
41260,25.85,26.43,1712,0.345,1028,-324,-13504,84,324,99,0,0,0
41265,25.85,26.43,2569,0.517,1160,-444,-13356,85,412,104,0,0,0
41269,25.85,26.43,6448,1.299,1160,-444,-13356,85,412,104,0,0,0
41274,25.85,26.43,4748,0.956,1412,-396,-13896,130,428,98,0,0,0
41279,25.85,26.43,6140,1.237,1296,-448,-13520,141,229,96,0,0,0
41285,25.85,26.43,8165,1.645,808,-460,-13340,75,349,95,0,0,0
41290,25.85,26.43,5310,1.07,984,-500,-13644,71,432,99,0,0,0
41365,25.85,26.43,1391,0.28,1056,-520,-13572,120,268,92,0,0,0
41370,25.85,26.43,3534,0.712,924,-620,-13440,99,346,90,0,0,0
41374,25.85,26.43,2661,0.536,924,-620,-13440,99,346,90,0,0,0
41379,25.85,26.43,6530,1.315,1220,-540,-13608,93,413,73,0,0,0
41384,25.85,26.43,7404,1.491,1224,-404,-13664,106,311,110,0,0,0
41390,25.85,26.43,7053,1.421,1004,-452,-13256,86,314,93,0,0,0
41395,25.85,26.43,8613,1.735,1108,-380,-13456,81,398,94,0,0,0
41400,25.85,26.43,7237,1.458,1040,-620,-13524,94,353,84,0,0,0
41489,25.85,26.43,3516,0.708,1040,-620,-13524,94,353,84,0,0,0
41513,25.85,26.43,2242,0.452,1228,-544,-13764,130,324,89,0,0,0
41515,25.85,26.43,1374,0.277,1160,-524,-13608,116,297,115,0,0,0
41520,25.85,26.43,3246,0.654,928,-340,-13536,119,322,92,0,0,0
41525,25.85,26.43,6843,1.378,928,-340,-13536,119,322,92,0,0,0
41529,25.85,26.43,6533,1.316,988,-480,-13564,95,371,94,0,0,0
41534,25.85,26.43,4379,0.882,964,-400,-13536,97,334,90,0,0,0
41539,25.85,26.43,7810,1.573,1164,-352,-13584,109,307,98,0,0,0
41545,25.85,26.43,11079,2.232,1040,-368,-13520,130,365,95,0,0,0
41550,25.85,26.43,8025,1.616,1084,-436,-13452,110,357,101,0,0,0
41555,25.85,26.43,7969,1.605,1084,-436,-13452,110,357,101,0,0,0
41559,25.85,26.43,7514,1.514,1068,-448,-13560,119,284,101,0,0,0
41633,25.85,26.43,2402,0.484,1064,-344,-13492,104,312,131,0,0,0
41635,25.85,26.43,4418,0.89,1124,-456,-13560,73,332,65,0,0,0
41640,25.85,26.43,4878,0.983,1124,-456,-13560,73,332,65,0,0,0
41644,25.85,26.43,7922,1.596,1044,-560,-13740,108,339,99,0,0,0
41649,25.85,26.43,8399,1.692,1036,-472,-13516,91,312,116,0,0,0
41654,25.85,26.43,4664,0.939,1208,-508,-13516,101,327,96,0,0,0
41659,25.85,26.43,5728,1.154,1176,-356,-13464,83,349,92,0,0,0
41776,25.89,26.41,6913,1.392,1080,-568,-12820,87,464,98,0,0,0
41779,25.89,26.41,3049,0.614,1080,-568,-12820,87,464,98,0,0,0
41784,25.89,26.41,4339,0.874,1256,-384,-14228,-99,588,75,0,0,0
41789,25.89,26.41,2882,0.581,1128,-308,-14632,223,257,81,0,0,0
41795,25.89,26.41,9250,1.863,832,-476,-13036,104,311,114,0,0,0
41800,25.89,26.41,3396,0.684,832,-476,-13036,104,311,114,0,0,0
41804,25.89,26.41,7904,1.592,976,-512,-13092,64,494,101,0,0,0
41809,25.89,26.41,4524,0.911,1168,-424,-14364,99,401,85,0,0,0
41814,25.89,26.41,4961,0.999,1064,-432,-13568,156,265,99,0,0,0
41819,25.89,26.41,3783,0.762,1016,-432,-13512,133,209,90,0,0,0
41825,25.89,26.41,7201,1.45,1012,-460,-13828,62,437,78,0,0,0
41830,25.89,26.41,4809,0.969,1012,-460,-13828,62,437,78,0,0,0
41834,25.89,26.41,2687,0.541,1200,-328,-13892,113,352,101,0,0,0
41908,25.89,26.41,703,0.142,1024,-460,-14012,66,367,102,0,0,0
41910,25.89,26.41,9320,1.877,1024,-460,-14012,66,367,102,0,0,0
41915,25.89,26.41,3296,0.664,1044,-452,-13588,127,268,114,0,0,0
41919,25.89,26.41,12187,2.455,1012,-356,-13552,137,287,89,0,0,0
41924,25.89,26.41,12185,2.454,1060,-512,-13388,77,319,106,0,0,0
42027,25.89,26.41,4626,0.932,1120,-472,-13316,100,354,105,0,0,0
42030,25.89,26.41,7547,1.52,1120,-472,-13316,100,354,105,0,0,0
42035,25.89,26.41,7616,1.534,1228,-324,-13916,92,342,106,0,0,0
42039,25.89,26.41,6542,1.318,1048,-476,-13268,132,299,101,0,0,0
42044,25.89,26.41,12207,2.459,1004,-456,-13684,116,332,84,0,0,0
42049,25.89,26.41,7322,1.475,956,-492,-13472,103,284,98,0,0,0
42054,25.89,26.41,8564,1.725,932,-420,-13408,100,401,86,0,0,0
42060,25.89,26.41,12209,2.459,952,-244,-13700,96,355,119,0,0,0
42065,25.89,26.41,11253,2.267,1184,-384,-13556,114,319,103,0,0,0
42069,25.89,26.41,8615,1.735,1200,-336,-13412,129,339,105,0,0,0
42074,25.89,26.41,12193,2.456,1120,-436,-13612,97,338,88,0,0,0
42079,25.89,26.41,12186,2.455,1032,-476,-13544,131,337,81,0,0,0
42084,25.89,26.41,12185,2.454,984,-508,-13652,98,281,104,0,0,0
42090,25.89,26.41,12164,2.45,1024,-520,-13444,118,326,88,0,0,0
42095,25.89,26.41,12143,2.446,1044,-508,-13488,75,348,93,0,0,0
42169,25.89,26.41,0,0.0,988,-400,-13360,39,386,119,0,0,0
42174,25.89,26.41,11927,2.402,1156,-372,-13720,134,338,105,0,0,0
42265,25.89,26.43,12156,2.449,1080,-440,-13316,61,362,90,0,0,0
42270,25.89,26.43,7696,1.55,1100,-356,-13660,122,355,113,0,0,0
42275,25.89,26.43,12112,2.44,1104,-468,-13620,90,354,119,0,0,0
42279,25.89,26.43,6145,1.238,1088,-532,-13564,108,314,94,0,0,0
42284,25.89,26.43,7100,1.43,1108,-360,-13468,86,346,103,0,0,0
42289,25.89,26.43,8321,1.676,1068,-508,-13456,154,334,81,0,0,0
42295,25.89,26.43,10202,2.055,1152,-320,-13760,100,324,112,0,0,0
42300,25.89,26.43,8376,1.687,1152,-320,-13760,100,324,112,0,0,0
42305,25.89,26.43,8257,1.663,1044,-408,-13220,130,328,107,0,0,0
42309,25.89,26.43,6632,1.336,1056,-528,-13540,108,334,105,0,0,0
42314,25.89,26.43,12177,2.453,1216,-476,-13464,115,336,111,0,0,0
42319,25.89,26.43,7704,1.552,1132,-492,-13648,108,319,106,0,0,0
42325,25.89,26.43,12136,2.445,1120,-412,-13664,97,316,99,0,0,0
42330,25.89,26.43,6679,1.345,980,-520,-13488,115,339,102,0,0,0
42335,25.89,26.43,12131,2.444,1108,-364,-13544,127,350,98,0,0,0
42339,25.89,26.43,12160,2.449,1052,-348,-13564,89,328,89,0,0,0
42430,25.89,26.43,12182,2.454,1120,-300,-13472,85,340,97,0,0,0
42445,25.89,26.43,10334,2.082,1024,-448,-13568,105,350,129,0,0,0
42522,25.89,26.43,6357,1.28,1100,-396,-13684,90,338,96,0,0,0
42525,25.89,26.43,8231,1.658,1100,-396,-13684,90,338,96,0,0,0
42529,25.89,26.43,4596,0.926,1032,-512,-13488,117,341,75,0,0,0
42534,25.89,26.43,4686,0.944,1076,-356,-13516,112,317,89,0,0,0
42539,25.89,26.43,622,0.125,1176,-444,-13580,95,318,113,0,0,0
42544,25.89,26.43,12199,2.457,1104,-492,-13524,76,343,93,0,0,0
42550,25.89,26.43,7625,1.536,1068,-468,-13508,99,363,92,0,0,0
42555,25.89,26.43,5911,1.191,1152,-400,-13520,95,337,81,0,0,0
42559,25.89,26.43,12183,2.454,1120,-360,-13628,102,344,101,0,0,0
42564,25.89,26.43,12194,2.456,1108,-404,-13412,122,315,89,0,0,0
42569,25.89,26.43,12189,2.455,1084,-436,-13572,125,334,101,0,0,0
42574,25.89,26.43,11778,2.372,1068,-416,-13424,120,337,100,0,0,0
42580,25.89,26.43,12155,2.448,1060,-384,-13708,109,334,105,0,0,0
42585,25.89,26.43,12183,2.454,1044,-424,-13644,100,348,112,0,0,0
42589,25.89,26.43,12175,2.452,1048,-372,-13592,120,351,123,0,0,0
42594,25.89,26.43,12159,2.449,1000,-424,-13452,129,336,96,0,0,0
42684,25.89,26.43,12163,2.45,1076,-340,-13588,113,283,85,0,0,0
42689,25.89,26.43,12144,2.446,1084,-464,-13540,77,346,90,0,0,0
42694,25.85,26.41,12184,2.454,1084,-428,-13508,115,361,82,0,0,0
42699,25.85,26.41,7410,1.493,1084,-444,-13520,85,358,94,0,0,0
42800,25.85,26.41,4715,0.95,1052,-620,-13556,119,325,98,0,0,0
42805,25.85,26.41,11495,2.315,1076,-356,-13552,91,313,132,0,0,0
42810,25.85,26.41,12174,2.452,960,-416,-13496,100,356,92,0,0,0
42814,25.85,26.41,12116,2.441,1064,-496,-13504,88,327,90,0,0,0
42819,25.85,26.41,11172,2.25,1044,-320,-13536,102,367,112,0,0,0
42824,25.85,26.41,12180,2.453,1028,-592,-13304,90,319,112,0,0,0
42830,25.85,26.41,12114,2.44,1140,-468,-13560,102,344,109,0,0,0
42835,25.85,26.41,10198,2.054,880,-328,-13640,107,322,80,0,0,0
42840,25.85,26.41,11403,2.297,1172,-436,-13512,128,324,88,0,0,0
42844,25.85,26.41,8927,1.798,924,-472,-13496,118,353,91,0,0,0
42849,25.85,26.41,8410,1.694,1028,-464,-13376,100,321,107,0,0,0
42854,25.85,26.41,12181,2.454,1196,-488,-13496,108,293,116,0,0,0
42860,25.85,26.41,12149,2.447,1132,-344,-13608,115,343,95,0,0,0
42949,25.85,26.41,6190,1.247,1132,-344,-13608,115,343,95,0,0,0
42961,25.85,26.41,1681,0.339,1064,-588,-13620,117,314,102,0,0,0
42965,25.85,26.41,12222,2.462,1064,-588,-13620,117,314,102,0,0,0
42970,25.85,26.41,5551,1.118,1116,-384,-13496,64,291,96,0,0,0
42974,25.85,26.41,12173,2.452,1072,-352,-13440,66,409,104,0,0,0
42979,25.85,26.41,10642,2.144,952,-384,-13668,130,295,79,0,0,0
42984,25.85,26.41,10752,2.166,1136,-388,-13368,86,312,82,0,0,0
43059,25.85,26.41,2723,0.548,1192,-492,-13696,99,342,97,0,0,0
43060,25.85,26.41,7386,1.488,1192,-492,-13696,99,342,97,0,0,0
43064,25.85,26.41,12112,2.44,1168,-420,-13484,124,284,104,0,0,0
43070,25.85,26.41,9098,1.833,1024,-432,-13364,124,347,124,0,0,0
43075,25.85,26.41,8704,1.753,1092,-492,-13460,119,366,94,0,0,0
43079,25.85,26.41,10533,2.122,1148,-352,-13668,112,356,110,0,0,0
43084,25.85,26.41,10336,2.082,1060,-328,-13684,103,281,104,0,0,0
43089,25.85,26.41,6332,1.275,988,-420,-13540,99,347,123,0,0,0
43094,25.85,26.41,6914,1.393,1120,-472,-13576,82,379,83,0,0,0
43100,25.85,26.41,9743,1.963,1144,-368,-13696,113,354,105,0,0,0
43105,25.85,26.41,8784,1.769,1116,-532,-13636,116,278,81,0,0,0
43109,25.85,26.41,4827,0.972,840,-576,-13560,132,270,107,0,0,0
43198,25.91,26.41,5212,1.05,840,-576,-13560,132,270,107,0,0,0
43200,25.91,26.41,11678,2.352,840,-576,-13560,132,270,107,0,0,0
43204,25.91,26.41,7932,1.598,1100,-336,-13820,48,438,112,0,0,0
43209,25.91,26.41,10064,2.027,1324,-356,-13204,118,307,84,0,0,0
43214,25.91,26.41,10461,2.107,1100,-196,-13628,81,336,85,0,0,0
43220,25.91,26.41,12214,2.46,880,-508,-13684,173,131,114,0,0,0
43225,25.91,26.41,12207,2.459,1052,-328,-13044,63,401,108,0,0,0
43230,25.91,26.41,12126,2.443,1216,-544,-13736,73,482,98,0,0,0
43304,25.91,26.41,9541,1.922,960,-500,-13656,120,104,95,0,0,0
43309,25.91,26.41,11202,2.256,912,-508,-13364,96,300,108,0,0,0
43315,25.91,26.41,8370,1.686,816,-532,-13528,47,511,106,0,0,0
43320,25.91,26.41,12179,2.453,1220,-524,-13964,181,350,84,0,0,0
43325,25.91,26.41,12174,2.452,1368,-380,-13508,91,220,97,0,0,0
43329,25.91,26.41,10775,2.17,936,-676,-13536,100,317,109,0,0,0
43334,25.91,26.41,7379,1.486,1120,-84,-13280,81,432,107,0,0,0
43339,25.91,26.41,12159,2.449,1352,-516,-13460,185,366,84,0,0,0
43345,25.91,26.41,9990,2.012,1288,-100,-13704,90,216,84,0,0,0
43437,25.91,26.41,4857,0.978,852,-460,-13408,78,316,111,0,0,0
43450,25.91,26.41,1608,0.324,1288,-340,-13604,77,361,113,0,0,0
43455,25.91,26.41,6784,1.366,1180,-424,-13740,145,233,103,0,0,0
43460,25.91,26.41,1524,0.307,1008,-396,-13340,140,272,103,0,0,0
43465,25.91,26.41,7372,1.485,992,-620,-13416,86,404,98,0,0,0
43469,25.91,26.41,8442,1.7,1068,-376,-13824,71,408,115,0,0,0
43474,25.91,26.41,7633,1.538,1012,-496,-13908,113,294,87,0,0,0
43479,25.91,26.41,3104,0.625,904,-384,-13432,119,313,115,0,0,0
43484,25.91,26.41,7793,1.57,1016,-420,-13208,104,358,88,0,0,0
43490,25.91,26.41,4798,0.966,1276,-324,-13620,95,373,95,0,0,0
43495,25.91,26.41,2582,0.52,1256,-396,-13528,117,297,90,0,0,0
43569,25.91,26.41,934,0.188,976,-508,-13376,148,290,102,0,0,0
43570,25.91,26.41,3345,0.674,976,-508,-13376,148,290,102,0,0,0
43575,25.91,26.41,12175,2.452,1088,-752,-13468,126,296,92,0,0,0
43580,25.91,26.41,11223,2.261,1112,-352,-13640,100,341,76,0,0,0
43585,25.91,26.41,12132,2.444,1160,-264,-13440,69,301,91,0,0,0
43589,25.91,26.41,12162,2.45,948,-568,-13620,96,341,91,0,0,0
43594,25.91,26.41,11452,2.307,932,-664,-13536,60,424,89,0,0,0
43688,25.91,26.41,12192,2.456,1180,-372,-13712,54,341,83,0,0,0
43689,25.91,26.41,12134,2.444,1180,-372,-13712,54,341,83,0,0,0
43694,25.91,26.41,12131,2.444,932,-324,-13572,93,361,101,0,0,0
43699,25.91,26.41,12210,2.459,924,-572,-13328,122,359,100,0,0,0
43705,25.91,26.41,12237,2.465,1092,-364,-13460,167,303,109,0,0,0
43710,25.89,26.41,6818,1.373,1092,-420,-13472,107,246,89,0,0,0
43715,25.89,26.41,11096,2.235,1176,-532,-13636,77,319,110,0,0,0
43719,25.89,26.41,9492,1.912,1188,-216,-13452,70,426,89,0,0,0
43724,25.89,26.41,11482,2.313,956,-640,-13532,125,381,94,0,0,0
43729,25.89,26.41,11587,2.334,1244,-348,-13244,127,303,94,0,0,0
43735,25.89,26.41,5061,1.019,1120,-596,-13560,115,226,108,0,0,0
43740,25.89,26.41,6599,1.329,992,-396,-13652,52,340,106,0,0,0
43745,25.89,26.41,8869,1.786,972,-312,-13656,42,431,112,0,0,0
43842,25.89,26.41,24,0.005,1100,-540,-13696,68,315,91,0,0,0
43844,25.89,26.41,10,0.002,1100,-540,-13696,68,315,91,0,0,0
43849,25.89,26.41,11510,2.318,1104,-388,-13728,50,396,109,0,0,0
43855,25.89,26.41,11488,2.314,948,-432,-13556,117,393,73,0,0,0
43860,25.89,26.41,5904,1.189,1040,-520,-13308,143,309,106,0,0,0
43950,25.89,26.41,8269,1.666,992,-320,-13500,104,349,99,0,0,0
43981,25.89,26.41,9835,1.981,1084,-520,-13496,94,342,84,0,0,0
43984,25.89,26.41,2000,0.403,1084,-520,-13496,94,342,84,0,0,0
43990,25.89,26.41,4295,0.865,1048,-352,-13488,113,300,103,0,0,0
43995,25.89,26.41,4651,0.937,1100,-456,-13404,97,320,84,0,0,0
44000,25.89,26.41,5849,1.178,1024,-468,-13460,97,358,105,0,0,0
44004,25.89,26.41,2670,0.538,1044,-328,-13460,97,331,98,0,0,0
44009,25.89,26.41,5433,1.094,1016,-380,-13660,127,329,93,0,0,0
44014,25.89,26.41,5865,1.181,1052,-452,-13424,103,338,116,0,0,0
44020,25.89,26.41,7994,1.61,1080,-520,-13656,87,332,115,0,0,0
44025,25.89,26.41,3816,0.769,1084,-364,-13520,115,365,107,0,0,0
44030,25.89,26.41,8614,1.735,1048,-460,-13580,127,318,90,0,0,0
44034,25.89,26.41,9570,1.928,1156,-564,-13496,95,311,87,0,0,0
44039,25.89,26.41,4862,0.979,964,-380,-13508,99,327,93,0,0,0
44044,25.89,26.41,2950,0.594,1028,-532,-13532,99,328,82,0,0,0
44118,25.89,26.41,1903,0.383,1128,-480,-13604,116,310,109,0,0,0
44119,25.89,26.41,3031,0.611,1128,-480,-13604,116,310,109,0,0,0
44124,25.89,26.41,2929,0.59,1088,-416,-13484,111,331,102,0,0,0
44129,25.89,26.41,2765,0.557,1084,-420,-13672,116,325,80,0,0,0
44219,25.89,26.41,2394,0.482,1084,-420,-13672,116,325,80,0,0,0
44224,25.89,26.49,2823,0.569,1116,-516,-13556,102,336,94,0,0,0
44230,25.89,26.49,3224,0.649,1060,-408,-13516,94,346,104,0,0,0
44235,25.89,26.49,5173,1.042,1108,-520,-13540,99,332,95,0,0,0
44240,25.89,26.49,4717,0.95,1108,-456,-13572,106,338,89,0,0,0
44244,25.89,26.49,6422,1.294,1008,-564,-13500,79,321,89,0,0,0
44249,25.89,26.49,4376,0.881,1060,-404,-13404,114,327,92,0,0,0
44254,25.89,26.49,11301,2.276,1048,-264,-13564,86,333,98,0,0,0
44260,25.89,26.49,8114,1.634,1092,-452,-13516,99,380,91,0,0,0
44265,25.89,26.49,3799,0.765,1108,-412,-13636,101,307,94,0,0,0
44270,25.89,26.49,3765,0.758,1112,-428,-13504,116,285,104,0,0,0
44274,25.89,26.49,4851,0.977,1128,-376,-13624,100,305,95,0,0,0
44279,25.89,26.49,430,0.087,1056,-408,-13560,106,359,108,0,0,0
44284,25.89,26.49,7277,1.466,1072,-396,-13644,88,336,107,0,0,0
44290,25.89,26.49,4728,0.952,1052,-508,-13496,124,324,96,0,0,0
44295,25.89,26.49,5880,1.184,1028,-496,-13496,117,342,64,0,0,0
44462,25.89,26.49,3485,0.702,1012,-456,-13456,116,292,112,0,0,0
44478,25.89,26.49,4548,0.916,1120,-496,-13520,108,356,97,0,0,0
44480,25.89,26.49,1583,0.319,1120,-496,-13520,108,356,97,0,0,0
44485,25.89,26.49,6032,1.215,988,-536,-13288,117,330,118,0,0,0
44490,25.89,26.49,4929,0.993,972,-416,-13612,105,333,85,0,0,0
44494,25.89,26.49,5673,1.143,984,-452,-13464,97,342,85,0,0,0
44499,25.89,26.49,4432,0.893,1204,-480,-13480,82,293,105,0,0,0
44504,25.89,26.49,4253,0.857,1120,-496,-13640,98,320,106,0,0,0
44509,25.89,26.49,622,0.125,1088,-452,-13620,93,332,91,0,0,0
44515,25.89,26.49,7236,1.458,948,-464,-13556,117,351,100,0,0,0
44520,25.89,26.49,5109,1.029,1056,-388,-13364,129,327,92,0,0,0
44524,25.89,26.49,5235,1.054,1052,-436,-13716,108,314,121,0,0,0
44529,25.89,26.49,4870,0.981,1048,-424,-13508,99,343,120,0,0,0
44534,25.89,26.49,8500,1.712,1044,-440,-13444,101,337,100,0,0,0
44539,25.89,26.49,11208,2.258,1024,-404,-13408,96,365,92,0,0,0
44545,25.89,26.49,11053,2.226,1096,-420,-13556,120,323,102,0,0,0
44550,25.89,26.49,4033,0.812,976,-400,-13580,97,312,111,0,0,0
44644,25.89,26.49,8666,1.746,1080,-360,-13560,102,347,92,0,0,0
44645,25.89,26.49,728,0.147,1080,-360,-13560,102,347,92,0,0,0
44649,25.89,26.49,5489,1.106,1200,-388,-13672,105,360,104,0,0,0
44723,25.89,26.49,2629,0.53,960,-408,-13476,102,310,89,0,0,0
44725,25.89,26.49,2496,0.503,960,-408,-13476,102,310,89,0,0,0
44730,25.89,26.49,3451,0.695,1088,-384,-13460,115,345,93,0,0,0
44735,25.91,26.53,10777,2.171,1056,-448,-13556,103,326,115,0,0,0
44740,25.91,26.53,8174,1.646,1076,-416,-13376,86,355,93,0,0,0
44744,25.91,26.53,6041,1.217,972,-448,-13648,109,323,91,0,0,0
44749,25.91,26.53,5878,1.184,1004,-512,-13532,115,330,104,0,0,0
44754,25.91,26.53,4121,0.83,1016,-428,-13560,101,318,98,0,0,0
44760,25.91,26.53,4542,0.915,1024,-356,-13528,95,333,93,0,0,0
44765,25.91,26.53,3420,0.689,1144,-532,-13520,89,332,108,0,0,0
44769,25.91,26.53,6079,1.224,1048,-388,-13328,87,338,108,0,0,0
44774,25.91,26.53,3827,0.771,1092,-492,-13532,103,323,125,0,0,0
44779,25.91,26.53,5403,1.088,1220,-480,-13500,97,330,81,0,0,0
44784,25.91,26.53,8468,1.706,1128,-384,-13552,126,330,91,0,0,0
44790,25.91,26.53,8160,1.644,1000,-472,-13592,98,327,82,0,0,0
44908,25.91,26.53,2715,0.547,1092,-424,-13556,91,316,90,0,0,0
44909,25.91,26.53,1396,0.281,1092,-424,-13556,91,316,90,0,0,0
44914,25.91,26.53,3747,0.755,1112,-404,-13504,100,343,97,0,0,0
44919,25.91,26.53,4443,0.895,1128,-432,-13436,101,308,103,0,0,0
44925,25.91,26.53,7319,1.474,1104,-392,-13592,118,353,99,0,0,0
45013,25.91,26.53,3805,0.766,1160,-424,-13604,109,336,94,0,0,0
45014,25.91,26.53,5120,1.031,1160,-424,-13604,109,336,94,0,0,0
45019,25.91,26.53,2341,0.472,1120,-504,-13656,112,342,97,0,0,0
45025,25.91,26.53,8408,1.694,1104,-504,-13520,99,343,94,0,0,0
45030,25.91,26.53,4377,0.882,1092,-540,-13480,106,345,86,0,0,0
45034,25.91,26.53,7429,1.496,1072,-516,-13536,82,346,106,0,0,0
45039,25.91,26.53,4892,0.985,1040,-460,-13528,102,349,108,0,0,0
45044,25.91,26.53,2563,0.516,932,-404,-13496,94,325,96,0,0,0
45049,25.91,26.53,2324,0.468,1052,-384,-13568,104,333,97,0,0,0
45055,25.91,26.53,6308,1.271,976,-324,-13644,72,320,80,0,0,0
45060,25.91,26.53,3430,0.691,1040,-464,-13552,81,354,116,0,0,0
45064,25.91,26.53,6766,1.363,1008,-412,-13428,103,327,102,0,0,0
45069,25.91,26.53,6989,1.408,1052,-452,-13616,124,314,99,0,0,0
45159,25.91,26.53,4820,0.971,1016,-432,-13600,103,347,95,0,0,0
45164,25.91,26.53,6073,1.223,1120,-468,-13528,104,324,103,0,0,0
45170,25.91,26.53,6848,1.379,1076,-512,-13496,86,344,109,0,0,0
45175,25.91,26.53,2785,0.561,1048,-524,-13572,91,321,81,0,0,0
45180,25.91,26.53,6678,1.345,1048,-472,-13468,99,305,105,0,0,0
45184,25.91,26.53,9151,1.843,1132,-424,-13548,100,310,62,0,0,0
45189,25.91,26.53,5747,1.158,1104,-396,-13536,103,349,96,0,0,0
45264,25.91,26.53,9189,1.851,1056,-380,-13360,92,334,89,0,0,0
45269,25.91,26.53,10049,2.024,1104,-476,-13480,89,329,73,0,0,0
45274,25.91,26.53,11840,2.385,1088,-524,-13476,115,329,104,0,0,0
45279,25.91,26.53,12166,2.451,1032,-388,-13756,68,351,114,0,0,0
45285,25.91,26.53,12204,2.458,1056,-244,-13620,66,383,105,0,0,0
45290,25.91,26.53,12209,2.459,1144,-208,-13460,114,331,107,0,0,0
45294,25.91,26.53,12141,2.446,1068,-424,-13416,143,335,99,0,0,0
45299,25.91,26.53,12165,2.45,1132,-536,-13740,157,299,107,0,0,0
45304,25.91,26.53,12214,2.46,1072,-632,-13740,128,329,108,0,0,0
45309,25.91,26.53,12200,2.457,1092,-284,-13612,56,297,105,0,0,0
45399,25.91,26.53,7578,1.526,1092,-284,-13612,56,297,105,0,0,0
45400,25.91,26.53,5271,1.062,1092,-284,-13612,56,297,105,0,0,0
45404,25.91,26.53,12193,2.456,1056,-480,-13620,68,368,90,0,0,0
45410,25.91,26.53,12197,2.457,1064,-332,-13580,71,404,86,0,0,0
45415,25.91,26.53,7208,1.452,936,-468,-13572,118,351,106,0,0,0
45420,25.91,26.53,12197,2.457,1092,-468,-13280,113,319,115,0,0,0
45424,25.91,26.53,6802,1.37,1264,-236,-13480,152,258,110,0,0,0
45434,25.91,26.53,5401,1.088,1056,-192,-13724,50,378,105,0,0,0
45439,25.91,26.53,12203,2.458,908,-460,-13568,121,402,74,0,0,0
45444,25.91,26.53,8258,1.663,1128,-412,-13348,149,327,102,0,0,0
45519,25.91,26.53,6230,1.255,1064,-332,-13488,119,313,107,0,0,0
45520,25.91,26.53,171,0.034,1064,-332,-13488,119,313,107,0,0,0
45524,25.91,26.53,6944,1.399,980,-528,-13560,113,348,90,0,0,0
45529,25.91,26.53,7730,1.557,1108,-352,-13476,87,366,104,0,0,0
45535,25.91,26.53,12162,2.45,1128,-424,-13320,103,336,102,0,0,0
45540,25.91,26.53,7332,1.477,1060,-448,-13528,120,312,98,0,0,0
45545,25.91,26.53,5966,1.202,936,-448,-13440,103,311,93,0,0,0
45549,25.91,26.53,9069,1.827,1044,-424,-13492,131,326,119,0,0,0
45554,25.91,26.53,11249,2.266,1128,-368,-13660,90,316,100,0,0,0
45647,25.91,26.53,8290,1.67,1084,-336,-13500,87,341,89,0,0,0
45649,25.91,26.53,4706,0.948,1084,-336,-13500,87,341,89,0,0,0
45654,25.91,26.53,12179,2.453,1144,-412,-13572,117,320,98,0,0,0
45660,25.91,26.53,11114,2.239,1016,-392,-13384,107,330,115,0,0,0
45665,25.91,26.53,8577,1.728,1044,-516,-13812,113,320,107,0,0,0
45669,25.91,26.53,12222,2.462,956,-432,-13548,91,324,105,0,0,0
45674,25.91,26.53,11526,2.322,1072,-484,-13604,95,302,89,0,0,0
45679,25.91,26.53,12182,2.454,1092,-516,-13512,92,351,70,0,0,0
45684,25.89,26.43,6384,1.286,1096,-364,-13820,94,336,93,0,0,0
45690,25.89,26.43,7135,1.437,1144,-412,-13616,132,327,96,0,0,0
45695,25.89,26.43,9260,1.865,1100,-424,-13516,84,336,79,0,0,0
45769,25.89,26.43,7521,1.515,1032,-328,-13520,111,337,128,0,0,0
45770,25.89,26.43,2691,0.542,1032,-328,-13520,111,337,128,0,0,0
45774,25.89,26.43,11646,2.346,1244,-404,-13676,83,330,117,0,0,0
45779,25.89,26.43,11640,2.345,1076,-416,-13524,102,333,106,0,0,0
45785,25.89,26.43,9464,1.906,1016,-464,-13716,106,347,122,0,0,0
45790,25.89,26.43,4253,0.857,1084,-532,-13420,101,302,104,0,0,0
45795,25.89,26.43,5189,1.045,1104,-420,-13728,111,308,102,0,0,0
45910,25.89,26.43,6689,1.347,1072,-436,-13548,112,337,118,0,0,0
45914,25.89,26.43,5212,1.05,1148,-468,-13464,128,345,104,0,0,0
45919,25.89,26.43,4249,0.856,1016,-448,-13380,94,327,106,0,0,0
45924,25.89,26.43,6139,1.237,1112,-352,-13660,137,361,104,0,0,0
45941,25.89,26.43,1391,0.28,1108,-420,-13328,78,340,106,0,0,0
45945,25.89,26.43,6139,1.237,1072,-396,-13484,142,346,106,0,0,0
45950,25.89,26.43,7078,1.426,992,-396,-13480,110,330,97,0,0,0
45954,25.89,26.43,6388,1.287,992,-444,-13596,83,307,109,0,0,0
45959,25.89,26.43,10806,2.177,1028,-340,-13468,91,348,97,0,0,0
45964,25.89,26.43,5448,1.097,1088,-476,-13604,93,349,83,0,0,0
45970,25.89,26.43,4480,0.902,1140,-520,-13420,103,319,96,0,0,0
45975,25.89,26.43,5247,1.057,1116,-388,-13708,95,311,85,0,0,0
45980,25.89,26.43,3676,0.74,1076,-408,-13580,103,319,91,0,0,0
46055,25.89,26.43,1092,0.22,1092,-376,-13488,105,323,113,0,0,0
46059,25.89,26.43,4083,0.822,1120,-372,-13456,114,339,114,0,0,0
46064,25.89,26.43,5803,1.169,1052,-472,-13528,89,313,121,0,0,0
46069,25.89,26.43,9848,1.984,1128,-456,-13824,110,366,109,0,0,0
46075,25.89,26.43,7598,1.53,1132,-484,-13548,95,325,104,0,0,0
46166,25.89,26.43,8161,1.644,1076,-508,-13624,86,321,96,0,0,0
46170,25.89,26.43,4654,0.937,1068,-380,-13684,91,340,94,0,0,0
46175,25.89,26.43,7181,1.446,1124,-408,-13592,105,355,94,0,0,0
46180,25.89,26.43,2673,0.538,992,-452,-13548,99,339,82,0,0,0
46184,25.93,26.41,3885,0.783,1024,-472,-13548,126,308,103,0,0,0
46189,25.93,26.41,3230,0.651,1076,-440,-13600,83,322,98,0,0,0
46194,25.93,26.41,5604,1.129,1200,-468,-13436,99,325,85,0,0,0
46200,25.93,26.41,8708,1.754,1096,-548,-13544,85,349,84,0,0,0
46205,25.93,26.41,3452,0.695,1128,-436,-13700,109,330,124,0,0,0
46210,25.93,26.41,6705,1.351,1064,-404,-13696,95,344,107,0,0,0
46214,25.93,26.41,9244,1.862,1072,-420,-13468,83,348,91,0,0,0
46219,25.93,26.41,3343,0.673,1148,-396,-13448,88,328,82,0,0,0
46224,25.93,26.41,6712,1.352,1148,-472,-13504,114,312,102,0,0,0
46230,25.93,26.41,7309,1.472,1072,-492,-13564,97,346,99,0,0,0
46235,25.93,26.41,7282,1.467,1064,-380,-13548,67,345,100,0,0,0
46309,25.93,26.41,4970,1.001,1124,-436,-13556,106,344,109,0,0,0
46314,25.93,26.41,8020,1.615,1028,-388,-13508,88,329,76,0,0,0
46405,25.93,26.41,7124,1.435,1100,-564,-13480,106,320,95,0,0,0
46409,25.93,26.41,5071,1.021,1044,-488,-13568,82,335,73,0,0,0
46414,25.93,26.41,10583,2.132,1032,-580,-13564,110,323,94,0,0,0
46420,25.93,26.41,4287,0.864,1096,-492,-13632,114,342,85,0,0,0
46425,25.93,26.41,5963,1.201,1116,-444,-13416,74,334,79,0,0,0
46438,25.93,26.41,2849,0.574,1220,-476,-13512,131,322,108,0,0,0
46440,25.93,26.41,223,0.045,1220,-476,-13512,131,322,108,0,0,0
46444,25.93,26.41,9250,1.863,992,-396,-13480,115,301,99,0,0,0
46449,25.93,26.41,2207,0.445,1004,-396,-13648,91,307,97,0,0,0
46454,25.93,26.41,2834,0.571,1140,-460,-13536,71,344,85,0,0,0
46459,25.93,26.41,5145,1.036,1040,-428,-13580,81,365,93,0,0,0
46465,25.93,26.41,7916,1.595,1044,-456,-13472,109,316,95,0,0,0
46470,25.93,26.41,5019,1.011,1248,-436,-13440,93,333,100,0,0,0
46474,25.93,26.41,4629,0.932,1060,-496,-13612,106,325,90,0,0,0
46479,25.93,26.41,6174,1.244,1072,-436,-13508,94,310,88,0,0,0
46484,25.93,26.41,8282,1.668,1052,-416,-13596,106,333,107,0,0,0
46490,25.93,26.41,7539,1.519,1172,-480,-13544,108,325,84,0,0,0
46583,25.93,26.41,6704,1.35,1044,-400,-13536,102,350,89,0,0,0
46661,25.93,26.41,2894,0.583,1056,-348,-13400,65,314,122,0,0,0
46665,25.93,26.41,8979,1.809,1044,-336,-13436,120,366,88,0,0,0
46670,25.93,26.41,5612,1.13,1060,-420,-13440,97,334,100,0,0,0
46674,25.93,26.41,6706,1.351,1108,-476,-13664,116,303,83,0,0,0
46679,25.93,26.41,4287,0.864,1144,-412,-13564,78,319,103,0,0,0
46684,25.93,26.41,3751,0.756,1152,-496,-13696,90,346,109,0,0,0
46690,25.91,26.41,7717,1.554,1112,-440,-13540,116,364,96,0,0,0
46695,25.91,26.41,6763,1.362,1060,-420,-13352,132,337,99,0,0,0
46700,25.91,26.41,7521,1.515,1168,-432,-13420,87,335,92,0,0,0
46704,25.91,26.41,12187,2.455,944,-456,-13448,113,323,92,0,0,0
46709,25.91,26.41,3443,0.694,1024,-476,-13476,72,322,107,0,0,0
46714,25.91,26.41,6829,1.376,1116,-356,-13576,114,329,97,0,0,0
46720,25.91,26.41,4813,0.969,976,-496,-13420,80,341,114,0,0,0
46725,25.91,26.41,4942,0.995,1144,-452,-13520,131,317,74,0,0,0
46730,25.91,26.41,4331,0.872,1032,-504,-13492,138,325,95,0,0,0
46734,25.91,26.41,2063,0.416,1004,-452,-13604,93,328,101,0,0,0
46826,25.91,26.41,2465,0.497,1176,-408,-13420,115,318,90,0,0,0
46829,25.91,26.41,3301,0.665,1132,-468,-13620,127,320,96,0,0,0
46834,25.91,26.41,4321,0.87,1092,-492,-13500,105,341,103,0,0,0
46839,25.91,26.41,3252,0.655,1048,-460,-13520,83,350,97,0,0,0
46937,25.91,26.41,6036,1.216,1108,-412,-13500,130,353,104,0,0,0
46954,25.91,26.41,5815,1.171,1136,-472,-13600,73,316,97,0,0,0
46959,25.91,26.41,3934,0.792,1068,-480,-13452,104,362,80,0,0,0
46964,25.91,26.41,8050,1.621,1048,-396,-13552,97,330,102,0,0,0
46969,25.91,26.41,3590,0.723,1008,-468,-13564,87,343,67,0,0,0
46975,25.91,26.41,3675,0.74,1044,-400,-13724,100,345,81,0,0,0
46980,25.91,26.41,2883,0.581,1052,-384,-13628,120,365,87,0,0,0
46984,25.91,26.41,7920,1.595,1024,-400,-13524,103,308,95,0,0,0
46989,25.91,26.41,6796,1.369,992,-424,-13344,112,341,102,0,0,0
46994,25.91,26.41,7112,1.433,1144,-444,-13920,96,306,111,0,0,0
46999,25.91,26.41,9551,1.924,1020,-416,-13496,99,344,99,0,0,0
47005,25.91,26.41,8964,1.806,1104,-364,-13716,102,352,72,0,0,0
47010,25.91,26.41,6465,1.302,1012,-568,-13336,60,420,105,0,0,0
47014,25.91,26.41,5409,1.09,1080,-400,-13664,93,360,105,0,0,0
47103,25.91,26.41,2672,0.538,948,-428,-13496,102,346,89,0,0,0
47105,25.91,26.41,3181,0.641,948,-428,-13496,102,346,89,0,0,0
47110,25.91,26.41,8808,1.774,1164,-492,-13444,154,332,94,0,0,0
47115,25.91,26.41,7661,1.543,1096,-380,-13644,86,302,97,0,0,0
47119,25.91,26.41,10084,2.031,1016,-544,-13544,91,349,108,0,0,0
47124,25.91,26.41,8239,1.66,1016,-480,-13568,93,333,92,0,0,0
47198,25.91,26.41,3881,0.782,1080,-432,-13512,84,406,103,0,0,0
47200,25.91,26.41,2765,0.557,1080,-432,-13512,84,406,103,0,0,0
47204,25.91,26.37,1675,0.337,1128,-452,-13744,71,286,87,0,0,0
47209,25.91,26.37,4720,0.951,1104,-408,-13392,138,413,98,0,0,0
47214,25.91,26.37,923,0.186,1204,-468,-13680,107,257,99,0,0,0
47219,25.91,26.37,4007,0.807,1148,-536,-13440,106,327,93,0,0,0
47225,25.91,26.37,4662,0.939,1016,-524,-13400,56,341,95,0,0,0
47230,25.91,26.37,5880,1.184,1004,-392,-13720,159,337,92,0,0,0
47234,25.91,26.37,5407,1.089,976,-416,-13388,55,315,118,0,0,0
47239,25.91,26.37,9447,1.903,1148,-372,-13724,125,339,106,0,0,0
47244,25.91,26.37,6004,1.209,1004,-472,-13308,9,346,106,0,0,0
47249,25.91,26.37,5025,1.012,1200,-316,-13720,177,326,83,0,0,0
47342,25.91,26.37,7497,1.51,1008,-596,-13480,103,319,124,0,0,0
47344,25.91,26.37,179,0.036,1008,-596,-13480,103,319,124,0,0,0
47350,25.91,26.37,5855,1.179,1048,-516,-13420,96,332,77,0,0,0
47355,25.91,26.37,6352,1.279,1144,-400,-13636,107,344,92,0,0,0
47360,25.91,26.37,6071,1.223,1148,-368,-13532,99,353,100,0,0,0
47364,25.91,26.37,3380,0.681,1072,-284,-13468,114,328,99,0,0,0
47369,25.91,26.37,4547,0.916,1120,-288,-13444,83,303,117,0,0,0
47374,25.91,26.37,5173,1.042,1116,-352,-13652,104,325,110,0,0,0
47448,25.91,26.37,2076,0.418,1180,-376,-13444,124,328,103,0,0,0
47462,25.91,26.37,1435,0.289,1048,-588,-13536,90,353,93,0,0,0
47465,25.91,26.37,2845,0.573,1048,-588,-13536,90,353,93,0,0,0
47469,25.91,26.37,4851,0.977,972,-512,-13584,102,341,87,0,0,0
47474,25.91,26.37,6953,1.401,1064,-424,-13520,91,344,95,0,0,0
47479,25.91,26.37,5056,1.018,1044,-492,-13520,107,307,100,0,0,0
47484,25.91,26.37,4415,0.889,1148,-376,-13428,98,335,91,0,0,0
47490,25.91,26.37,4226,0.851,988,-468,-13480,99,361,117,0,0,0
47495,25.91,26.37,4604,0.927,1124,-476,-13556,95,343,104,0,0,0
47499,25.91,26.37,5097,1.027,1072,-488,-13420,100,324,97,0,0,0
47504,25.91,26.37,9439,1.901,1104,-448,-13488,91,348,116,0,0,0
47594,25.91,26.37,3282,0.661,1104,-448,-13488,91,348,116,0,0,0
47599,25.91,26.37,5688,1.146,1116,-348,-13632,91,326,111,0,0,0
47604,25.91,26.37,4666,0.94,1160,-376,-13508,90,342,108,0,0,0
47610,25.91,26.37,7769,1.565,1132,-380,-13612,94,324,113,0,0,0
47615,25.91,26.37,4208,0.848,1052,-372,-13368,104,327,99,0,0,0
47619,25.91,26.37,5155,1.038,1076,-440,-13516,99,328,100,0,0,0
47624,25.91,26.37,3912,0.788,1140,-432,-13424,102,326,97,0,0,0
47629,25.91,26.37,4467,0.9,1108,-424,-13540,80,360,102,0,0,0
47634,25.91,26.37,3114,0.627,988,-352,-13672,86,353,99,0,0,0
47708,25.91,26.37,1067,0.215,1100,-484,-13600,90,328,81,0,0,0
47709,25.91,26.37,2387,0.481,1100,-484,-13600,90,328,81,0,0,0
47714,25.91,26.37,4302,0.867,1100,-416,-13388,97,306,111,0,0,0
47719,25.91,26.37,6974,1.405,1080,-472,-13596,87,324,99,0,0,0
47725,25.91,26.37,3276,0.66,1168,-420,-13436,122,319,98,0,0,0
47730,25.91,26.41,2182,0.44,1052,-448,-13600,121,315,112,0,0,0
47735,25.91,26.41,3258,0.656,1108,-432,-13652,102,321,101,0,0,0
47739,25.91,26.41,1366,0.275,1020,-472,-13544,105,330,119,0,0,0
47833,25.91,26.41,4812,0.969,1128,-436,-13464,85,338,84,0,0,0
47834,25.91,26.41,854,0.172,1128,-436,-13464,85,338,84,0,0,0
47839,25.91,26.41,4781,0.963,964,-440,-13684,117,374,111,0,0,0
47844,25.91,26.41,2500,0.504,1168,-424,-13508,96,316,89,0,0,0
47850,25.91,26.41,1879,0.378,964,-448,-13608,83,316,103,0,0,0
47855,25.91,26.41,3248,0.654,1084,-416,-13540,82,353,99,0,0,0
47860,25.91,26.41,7069,1.424,1100,-428,-13364,110,350,103,0,0,0
47864,25.91,26.41,8239,1.66,1052,-416,-13592,140,335,94,0,0,0
47869,25.91,26.41,9545,1.923,1140,-524,-13388,108,320,88,0,0,0
47874,25.91,26.41,7659,1.543,1056,-400,-13688,112,344,79,0,0,0
47880,25.91,26.41,4115,0.829,1088,-472,-13796,123,339,85,0,0,0
47885,25.91,26.41,7259,1.462,1012,-468,-13700,117,338,111,0,0,0
47983,25.91,26.41,255,0.051,1160,-428,-13452,99,323,104,0,0,0
48007,25.91,26.41,2964,0.597,1028,-380,-13420,132,329,98,0,0,0
48010,25.91,26.41,865,0.174,1028,-380,-13420,132,329,98,0,0,0
48015,25.91,26.41,2392,0.482,1060,-464,-13520,98,325,90,0,0,0
48020,25.91,26.41,3841,0.774,1128,-416,-13632,115,304,102,0,0,0
48024,25.91,26.41,5009,1.009,1072,-348,-13496,91,329,85,0,0,0
48029,25.91,26.41,2894,0.583,1024,-472,-13332,82,323,108,0,0,0
48119,25.91,26.41,812,0.164,1024,-472,-13332,82,323,108,0,0,0
48124,25.91,26.41,4365,0.879,968,-396,-13484,92,376,87,0,0,0
48129,25.91,26.41,6816,1.373,1176,-388,-13516,110,342,92,0,0,0
48135,25.91,26.41,9137,1.84,1044,-620,-13624,127,273,94,0,0,0
48140,25.91,26.41,5743,1.157,884,-460,-13632,83,321,79,0,0,0
48144,25.91,26.41,2517,0.507,1020,-460,-13592,89,389,86,0,0,0
48149,25.91,26.41,5383,1.084,1080,-328,-13604,82,357,102,0,0,0
48154,25.91,26.41,4669,0.94,1124,-404,-13604,123,301,87,0,0,0
48160,25.91,26.41,3089,0.622,1052,-556,-13412,105,296,113,0,0,0
48165,25.91,26.41,1236,0.249,1208,-176,-13720,83,385,100,0,0,0
48170,25.91,26.41,7640,1.539,1192,-508,-13576,108,412,88,0,0,0
48174,25.91,26.41,3810,0.767,972,-520,-13516,84,249,75,0,0,0
48179,25.91,26.41,4557,0.918,1236,-352,-13756,133,334,99,0,0,0
48253,25.91,26.41,1818,0.366,1168,-332,-13772,104,306,97,0,0,0
48255,25.91,26.41,5511,1.11,1168,-332,-13772,104,306,97,0,0,0
48259,25.91,26.41,4384,0.883,1080,-472,-13340,107,313,108,0,0,0
48264,25.91,26.41,7276,1.466,1068,-416,-13596,82,319,118,0,0,0
48357,25.91,26.41,8104,1.632,1052,-320,-13480,102,351,85,0,0,0
48360,25.91,26.41,7193,1.449,1044,-360,-13692,103,333,98,0,0,0
48364,25.91,26.41,3426,0.69,1036,-448,-13396,90,323,90,0,0,0
48369,25.91,26.41,5283,1.064,1168,-532,-13516,105,348,105,0,0,0
48374,25.91,26.41,3703,0.746,1044,-476,-13248,111,357,111,0,0,0
48380,25.91,26.41,3935,0.793,1256,-452,-13728,116,277,99,0,0,0
48385,25.91,26.41,5884,1.185,1208,-516,-13492,105,297,107,0,0,0
48390,25.91,26.41,7276,1.466,944,-560,-13572,84,337,93,0,0,0
48394,25.91,26.41,5683,1.145,1100,-452,-13468,92,377,88,0,0,0
48399,25.91,26.41,2754,0.555,1112,-368,-13684,87,381,89,0,0,0
48404,25.91,26.41,2628,0.529,1088,-384,-13608,118,318,99,0,0,0
48410,25.91,26.41,4818,0.97,1160,-420,-13508,90,314,108,0,0,0
48415,25.91,26.41,5131,1.034,1052,-512,-13512,106,326,95,0,0,0
48419,25.91,26.41,2848,0.574,1164,-516,-13568,117,325,87,0,0,0
48424,25.91,26.41,2856,0.575,1072,-412,-13524,76,330,99,0,0,0
48434,25.91,26.41,2845,0.573,1064,-384,-13432,70,352,100,0,0,0
48511,25.91,26.41,2527,0.509,1140,-400,-13636,75,344,74,0,0,0
48515,25.91,26.41,3631,0.731,1004,-396,-13568,87,318,86,0,0,0
48607,25.91,26.41,4121,0.83,1060,-444,-13476,95,332,102,0,0,0
48609,25.91,26.41,2679,0.54,1056,-520,-13504,110,337,84,0,0,0
48614,25.91,26.41,5389,1.085,1068,-484,-13520,105,336,96,0,0,0
48620,25.91,26.41,6024,1.213,1112,-444,-13580,115,334,99,0,0,0
48625,25.91,26.41,5155,1.038,1080,-432,-13536,82,309,98,0,0,0
48630,25.91,26.41,5502,1.108,1048,-456,-13384,80,330,109,0,0,0
48634,25.91,26.41,4983,1.004,1100,-436,-13552,80,346,109,0,0,0
48639,25.91,26.41,4921,0.991,1100,-428,-13604,92,333,104,0,0,0
48644,25.91,26.41,9413,1.896,1096,-564,-13600,83,318,93,0,0,0
48650,25.91,26.41,5507,1.109,1056,-436,-13544,115,323,122,0,0,0
48655,25.91,26.41,3388,0.682,964,-424,-13452,80,332,119,0,0,0
48660,25.91,26.41,4379,0.882,1028,-468,-13496,79,351,100,0,0,0
48664,25.91,26.41,8709,1.754,1112,-400,-13592,111,351,104,0,0,0
48669,25.91,26.41,3193,0.643,984,-476,-13344,89,336,99,0,0,0
48674,25.91,26.41,5580,1.124,1076,-360,-13468,127,318,111,0,0,0
48680,25.91,26.41,5442,1.096,1092,-432,-13492,103,350,96,0,0,0
48773,25.95,26.37,3354,0.676,740,-572,-11396,23,131,70,0,0,0
48774,25.95,26.37,2923,0.589,740,-572,-11396,23,131,70,0,0,0
48849,25.95,26.37,2718,0.547,860,-492,-13880,-29,163,89,0,0,0
48855,25.95,26.37,5058,1.019,1120,-328,-12996,238,476,97,0,0,0
48860,25.95,26.37,10203,2.055,1224,-348,-14136,48,369,92,0,0,0
48865,25.95,26.37,2983,0.601,1212,-536,-12924,178,289,138,0,0,0
48869,25.95,26.37,3318,0.668,1008,-344,-13756,47,351,93,0,0,0
48874,25.95,26.37,5928,1.194,952,-548,-13632,96,270,107,0,0,0
48879,25.95,26.37,8214,1.655,996,-412,-13536,150,410,112,0,0,0
48885,25.95,26.37,8406,1.693,1024,-476,-13552,101,311,116,0,0,0
48890,25.95,26.37,5812,1.171,1108,-408,-13192,125,308,89,0,0,0
48894,25.95,26.37,7386,1.488,1112,-500,-13716,38,365,110,0,0,0
48899,25.95,26.37,5506,1.109,996,-316,-13584,117,338,115,0,0,0
48904,25.95,26.37,1767,0.356,1096,-436,-13492,98,352,95,0,0,0
48909,25.95,26.37,6304,1.27,1172,-436,-13656,131,262,88,0,0,0
48915,25.95,26.37,7479,1.506,996,-472,-13316,43,345,105,0,0,0
48920,25.95,26.37,7918,1.595,1000,-408,-13636,94,365,96,0,0,0
49036,25.95,26.37,7753,1.562,1212,-344,-13472,80,291,99,0,0,0
49052,25.95,26.37,8542,1.721,1076,-444,-13624,121,347,121,0,0,0
49055,25.95,26.37,4356,0.877,996,-476,-13600,89,290,108,0,0,0
49059,25.95,26.37,5753,1.159,1012,-388,-13640,137,351,108,0,0,0
49064,25.95,26.37,6032,1.215,992,-480,-13356,53,330,91,0,0,0
49138,25.95,26.37,480,0.097,776,-412,-15000,210,555,110,0,0,0
49140,25.95,26.37,6260,1.261,776,-412,-15000,210,555,110,0,0,0
49145,25.95,26.37,4903,0.988,1020,-416,-12432,113,64,105,0,0,0
49149,25.95,26.37,6908,1.391,1212,-460,-13492,163,552,114,0,0,0
49154,25.95,26.37,2739,0.552,992,-500,-14424,-38,190,87,0,0,0
49159,25.95,26.37,4300,0.866,1132,-508,-12576,166,425,109,0,0,0
49165,25.95,26.37,2045,0.412,1200,-328,-14348,114,294,115,0,0,0
49170,25.95,26.37,5845,1.177,984,-424,-12912,145,244,109,0,0,0
49175,25.95,26.37,6722,1.354,1176,-488,-13524,17,542,105,0,0,0
49179,25.95,26.37,6665,1.343,1032,-392,-14500,151,184,82,0,0,0
49184,25.95,26.37,4062,0.818,964,-612,-12500,107,470,83,0,0,0
49189,25.95,26.37,6195,1.248,1128,-396,-14504,129,301,126,0,0,0
49195,25.95,26.37,4703,0.947,972,-472,-12520,40,339,111,0,0,0
49200,25.95,26.37,4750,0.957,1336,-552,-13784,152,359,111,0,0,0
49290,25.91,26.37,2067,0.416,1336,-552,-13784,152,359,111,0,0,0
49294,25.91,26.37,2269,0.457,1120,-408,-13488,79,285,100,0,0,0
49300,25.91,26.37,4062,0.818,980,-376,-13368,106,322,93,0,0,0
49305,25.91,26.37,6302,1.269,976,-408,-13480,73,381,98,0,0,0
49309,25.91,26.37,5684,1.145,1160,-332,-13664,112,319,103,0,0,0
49314,25.91,26.37,4983,1.004,1024,-420,-13232,115,319,108,0,0,0
49389,25.91,26.37,897,0.181,1092,-424,-13496,113,335,112,0,0,0
49394,25.91,26.37,3671,0.739,1108,-432,-13388,97,347,87,0,0,0
49400,25.91,26.37,6968,1.404,1196,-332,-13956,114,300,110,0,0,0
49405,25.91,26.37,7521,1.515,1012,-536,-13292,115,325,109,0,0,0
49410,25.91,26.37,4777,0.962,1004,-396,-13644,134,340,96,0,0,0
49414,25.91,26.37,8904,1.794,1044,-424,-13232,72,336,100,0,0,0
49419,25.91,26.37,5278,1.063,1092,-448,-13736,117,320,91,0,0,0
49424,25.91,26.37,2749,0.554,1044,-444,-13512,47,335,97,0,0,0
49434,25.91,26.37,6273,1.264,1284,-356,-13404,89,365,107,0,0,0
49435,25.91,26.37,1589,0.32,1284,-356,-13404,89,365,107,0,0,0
49439,25.91,26.37,6019,1.212,1096,-356,-13616,122,289,109,0,0,0
49445,25.91,26.37,4782,0.963,1044,-340,-13424,119,326,99,0,0,0
49538,25.91,26.37,6209,1.251,1260,-536,-13492,134,401,89,0,0,0
49540,25.91,26.37,843,0.17,1260,-536,-13492,134,401,89,0,0,0
49545,25.91,26.37,6268,1.263,1000,-468,-13880,88,338,105,0,0,0
49550,25.91,26.37,5108,1.029,1128,-484,-13212,92,298,100,0,0,0
49554,25.91,26.37,6123,1.233,1048,-352,-13864,80,383,93,0,0,0
49559,25.91,26.37,5259,1.059,948,-460,-13224,77,321,72,0,0,0
49564,25.91,26.37,5251,1.058,1184,-492,-13584,138,373,104,0,0,0
49569,25.91,26.37,3863,0.778,988,-424,-13572,62,278,90,0,0,0
49643,25.91,26.37,2101,0.423,1152,-392,-13552,121,361,122,0,0,0
49645,25.91,26.37,3676,0.74,1152,-392,-13552,121,361,122,0,0,0
49650,25.91,26.37,4939,0.995,1128,-556,-13516,131,294,90,0,0,0
49655,25.91,26.37,7529,1.517,928,-516,-13400,99,328,108,0,0,0
49659,25.91,26.37,6526,1.315,968,-424,-13448,95,341,107,0,0,0
49664,25.91,26.37,3859,0.777,1040,-464,-13372,118,375,107,0,0,0
49669,25.91,26.37,4310,0.868,1204,-400,-13604,110,327,90,0,0,0
49675,25.91,26.37,4074,0.821,1128,-488,-13600,118,335,91,0,0,0
49680,25.95,26.47,3278,0.66,1208,-432,-13544,77,343,99,0,0,0
49685,25.95,26.47,3788,0.763,1100,-464,-13804,106,346,118,0,0,0
49777,25.95,26.47,5862,1.181,1140,-556,-13356,115,338,116,0,0,0
49780,25.95,26.47,3220,0.649,1100,-428,-13984,56,298,94,0,0,0
49785,25.95,26.47,5603,1.129,1032,-380,-13188,98,356,90,0,0,0
49790,25.95,26.47,4327,0.872,1316,-368,-13776,129,367,94,0,0,0
49794,25.95,26.47,7444,1.499,1044,-476,-13352,114,275,107,0,0,0
49799,25.95,26.47,12186,2.455,1028,-472,-13520,94,284,91,0,0,0
49804,25.95,26.47,6967,1.403,976,-364,-13724,97,366,95,0,0,0
49810,25.95,26.47,8995,1.812,1020,-472,-13524,122,347,109,0,0,0
49815,25.95,26.47,7041,1.418,1208,-460,-13580,112,364,79,0,0,0
49819,25.95,26.47,5473,1.102,1176,-448,-13584,55,261,100,0,0,0
49894,25.95,26.47,967,0.195,1020,-704,-14792,142,123,106,0,0,0
49895,25.95,26.47,321,0.065,1020,-704,-14792,142,123,106,0,0,0
49899,25.95,26.47,3773,0.76,916,-912,-11964,46,487,104,0,0,0
49904,25.95,26.47,3746,0.755,1260,-356,-15524,69,420,84,0,0,0
49910,25.95,26.47,9216,1.856,820,-328,-12848,99,134,72,0,0,0
49915,25.95,26.47,3469,0.699,976,-100,-13000,138,413,113,0,0,0
49920,25.95,26.47,6809,1.372,1168,-488,-14016,54,411,112,0,0,0
49924,25.95,26.47,8308,1.673,1392,-460,-12784,141,392,103,0,0,0
49941,25.95,26.47,1092,0.22,568,-596,-12848,84,489,102,0,0,0
50058,25.95,26.47,3922,0.79,1160,-476,-13836,114,306,88,0,0,0
50060,25.95,26.47,3536,0.712,1160,-476,-13836,114,306,88,0,0,0
50065,25.95,26.47,5878,1.184,1072,-408,-13252,136,245,95,0,0,0
50070,25.95,26.47,8652,1.743,1096,-496,-13284,98,364,106,0,0,0
50074,25.95,26.47,5516,1.111,1228,-328,-13536,86,384,95,0,0,0
50079,25.95,26.47,8376,1.687,1104,-204,-13740,110,317,117,0,0,0
50084,25.95,26.47,4411,0.889,896,-476,-13396,132,231,106,0,0,0
50089,25.95,26.47,4250,0.856,860,-568,-13292,97,317,106,0,0,0
50095,25.95,26.47,9887,1.992,1092,-600,-13460,92,464,100,0,0,0
50100,25.95,26.47,8479,1.708,1304,-508,-13852,85,374,99,0,0,0
50104,25.95,26.47,3667,0.739,1136,-496,-13644,120,234,81,0,0,0
50179,25.95,26.47,5278,1.063,1108,-276,-13456,67,416,91,0,0,0
50180,25.95,26.47,6466,1.302,1108,-276,-13456,67,416,91,0,0,0
50184,25.93,26.35,8961,1.805,1304,-168,-13516,57,400,64,0,0,0
50190,25.93,26.35,6185,1.246,1160,-288,-13484,146,309,122,0,0,0
50195,25.93,26.35,5897,1.188,968,-432,-13456,109,287,103,0,0,0
50200,25.93,26.35,11051,2.226,948,-552,-13532,122,354,100,0,0,0
50204,25.93,26.35,4156,0.837,1016,-460,-13736,102,376,105,0,0,0
50298,25.93,26.35,9988,2.012,1092,-504,-13592,136,359,124,0,0,0
50299,25.93,26.35,6940,1.398,1092,-416,-13500,125,225,113,0,0,0
50304,25.93,26.35,10198,2.054,1072,-664,-13396,123,273,112,0,0,0
50310,25.93,26.35,12149,2.447,1056,-428,-13648,32,343,96,0,0,0
50315,25.93,26.35,8334,1.679,1084,-388,-13796,84,413,110,0,0,0
50320,25.93,26.35,10572,2.13,900,-436,-13664,110,354,85,0,0,0
50324,25.93,26.35,9675,1.949,960,-416,-13396,150,274,110,0,0,0
50329,25.93,26.35,4851,0.977,988,-524,-13308,120,279,116,0,0,0
50334,25.93,26.35,3377,0.68,1288,-252,-13628,51,360,86,0,0,0
50340,25.93,26.35,6437,1.297,1120,-464,-13724,50,385,114,0,0,0
50345,25.93,26.35,2979,0.6,936,-400,-13540,118,356,90,0,0,0
50350,25.93,26.35,8552,1.723,1040,-448,-13288,147,294,96,0,0,0
50354,25.93,26.35,7026,1.415,1176,-420,-13476,103,318,92,0,0,0
50429,25.93,26.35,3260,0.657,992,-400,-13444,125,319,90,0,0,0
50442,25.93,26.35,9921,1.998,1168,-440,-13800,100,415,93,0,0,0
50445,25.93,26.35,5628,1.134,1064,-348,-13668,114,342,88,0,0,0
50450,25.93,26.35,5509,1.11,1076,-436,-13432,128,284,72,0,0,0
50454,25.93,26.35,6623,1.334,1084,-320,-13260,112,285,86,0,0,0
50459,25.93,26.35,8710,1.754,1080,-640,-13496,105,335,111,0,0,0
50549,25.93,26.35,363,0.073,1020,-472,-13640,77,354,114,0,0,0
50554,25.93,26.35,4061,0.818,1064,-504,-13580,105,344,93,0,0,0
50559,25.93,26.35,3168,0.638,1052,-336,-13428,98,329,107,0,0,0
50565,25.93,26.35,3767,0.759,1112,-464,-13520,124,317,95,0,0,0
50570,25.93,26.35,3900,0.786,1228,-424,-13488,105,312,83,0,0,0
50574,25.93,26.35,2919,0.588,1172,-512,-13656,112,312,102,0,0,0
50579,25.93,26.35,5846,1.178,1036,-392,-13476,83,302,103,0,0,0
50584,25.93,26.35,6545,1.318,968,-372,-13560,98,367,92,0,0,0
50589,25.93,26.35,5411,1.09,1092,-424,-13584,112,347,91,0,0,0
50595,25.93,26.35,4716,0.95,1152,-520,-13452,127,317,108,0,0,0
50600,25.93,26.35,5654,1.139,1096,-480,-13536,122,308,105,0,0,0
50604,25.93,26.35,8057,1.623,1072,-440,-13344,94,349,93,0,0,0
50609,25.93,26.35,4035,0.813,988,-456,-13376,119,366,106,0,0,0
50614,25.93,26.35,5018,1.011,1104,-416,-13468,106,376,104,0,0,0
50689,25.93,26.35,243,0.049,1188,-436,-13760,100,351,110,0,0,0
50690,25.93,26.35,3675,0.74,1188,-436,-13760,100,351,110,0,0,0
50694,25.93,26.35,10440,2.103,1052,-452,-13300,69,365,80,0,0,0
50788,25.93,26.37,4886,0.984,1800,364,-18624,140,157,67,0,0,0
50790,25.93,26.37,4046,0.815,1800,364,-18624,140,157,67,0,0,0
50795,25.93,26.37,5065,1.02,1192,-536,-9472,171,381,32,0,0,0
50800,25.93,26.37,7142,1.439,1624,-828,-16808,305,468,140,0,0,0
50804,25.93,26.37,6358,1.281,600,-844,-12096,9,-92,112,0,0,0
50809,25.93,26.37,6757,1.361,804,-612,-13124,73,737,127,0,0,0
50814,25.93,26.37,8445,1.701,780,-364,-15156,71,359,57,0,0,0
50820,25.93,26.37,10554,2.126,888,-272,-12812,163,128,109,0,0,0
50825,25.93,26.37,4329,0.872,908,-232,-13524,123,465,118,0,0,0
50830,25.93,26.37,5088,1.025,1360,-112,-13544,-70,319,77,0,0,0
50834,25.93,26.37,3368,0.678,1884,-264,-12524,213,778,94,0,0,0
50839,25.93,26.37,5664,1.141,1292,-440,-15616,-2,-44,122,0,0,0
50844,25.93,26.37,4861,0.979,316,-860,-12608,317,25,121,0,0,0
50850,25.93,26.37,3843,0.774,372,-468,-13344,0,366,146,0,0,0
50855,25.93,26.37,4516,0.91,1176,-408,-13640,87,680,81,0,0,0
50860,25.93,26.37,7466,1.504,1292,-348,-13288,-2,465,81,0,0,0
50864,25.93,26.37,6180,1.245,1172,-348,-13832,162,182,114,0,0,0
51030,25.93,26.37,1112,0.224,1284,-364,-13736,77,507,98,0,0,0
51068,25.93,26.37,3213,0.647,864,-332,-13116,94,306,83,0,0,0
51069,25.93,26.37,999,0.201,1156,-492,-13520,67,514,110,0,0,0
51074,25.93,26.37,3459,0.697,1204,-472,-14168,64,259,106,0,0,0
51079,25.93,26.37,1870,0.377,816,-1432,-15000,69,456,106,0,0,0
51085,25.93,26.37,5679,1.144,428,-1820,-13196,-17,-298,100,0,0,0
51090,25.93,26.37,8422,1.696,1192,-848,-11040,304,1154,186,0,0,0
51095,25.93,26.37,12160,2.449,2112,788,-15300,325,-840,9,0,0,0
51099,25.93,26.37,7708,1.553,2148,944,-7120,199,893,-32,0,0,0
51104,25.93,26.37,6151,1.239,2152,144,-19648,-486,671,173,0,0,0
51109,25.93,26.37,8490,1.71,712,-984,-11680,258,394,155,0,0,0
51115,25.93,26.37,9642,1.942,-20,-1936,-14968,399,200,223,0,0,0
51120,25.93,26.37,5392,1.086,-204,-1416,-13908,141,14,152,0,0,0
51125,25.93,26.37,4116,0.829,560,-1268,-13380,118,135,93,0,0,0
51129,25.93,26.37,9464,1.906,1156,448,-13748,-122,891,94,0,0,0
51134,25.93,26.37,6939,1.398,1728,916,-14628,-64,164,44,0,0,0
51139,25.93,26.37,6253,1.26,2256,668,-9960,222,770,29,0,0,0
51231,25.93,26.37,6400,1.289,640,-660,-13992,238,231,116,0,0,0
51235,25.93,26.37,3356,0.676,56,-792,-13560,72,202,129,0,0,0
51240,25.93,26.37,4495,0.905,172,-536,-13496,107,394,104,0,0,0
51314,25.93,26.43,932,0.188,628,-852,-13652,107,436,96,0,0,0
51319,25.93,26.43,2200,0.443,924,-780,-13900,72,377,87,0,0,0
51325,25.93,26.43,4636,0.934,1372,-672,-13520,69,347,85,0,0,0
51330,25.93,26.43,7386,1.488,1504,-244,-13364,36,330,97,0,0,0
51335,25.93,26.43,5821,1.173,1384,-68,-13132,127,313,87,0,0,0
51339,25.93,26.43,3936,0.793,1164,-24,-13372,139,282,100,0,0,0
51344,25.93,26.43,3912,0.788,748,-532,-13452,152,282,96,0,0,0
51349,25.93,26.43,4107,0.827,592,-680,-13704,135,349,104,0,0,0
51355,25.93,26.43,5796,1.167,832,-920,-13668,99,414,100,0,0,0
51360,25.93,26.43,2617,0.527,1068,-684,-13824,42,378,75,0,0,0
51365,25.93,26.43,3806,0.767,1296,-384,-13564,52,305,93,0,0,0
51369,25.93,26.43,6188,1.246,1328,-88,-13176,75,309,89,0,0,0
51374,25.93,26.43,6316,1.272,1200,-48,-13296,117,346,102,0,0,0
51379,25.93,26.43,5474,1.103,1092,-304,-13680,138,351,90,0,0,0
51469,25.93,26.43,3007,0.606,904,-504,-13804,104,322,101,0,0,0
51490,25.93,26.43,2853,0.575,1308,-264,-13488,86,365,113,0,0,0
51495,25.93,26.43,4166,0.839,1332,-492,-13732,155,272,108,0,0,0
51500,25.93,26.43,3376,0.68,1040,-560,-13396,145,268,118,0,0,0
51504,25.93,26.43,3037,0.612,860,-508,-13644,97,353,88,0,0,0
51509,25.93,26.43,5297,1.067,944,-484,-13768,93,337,90,0,0,0
51583,25.93,26.43,4605,0.928,992,-472,-13548,111,289,115,0,0,0
51584,25.93,26.43,1451,0.292,860,-536,-13584,85,312,79,0,0,0
51589,25.93,26.43,700,0.141,1036,-536,-13700,94,356,119,0,0,0
51595,25.93,26.43,6231,1.255,1156,-420,-13684,79,400,89,0,0,0
51600,25.93,26.43,3015,0.607,1152,-388,-13644,99,313,87,0,0,0
51605,25.93,26.43,3154,0.635,1244,-364,-13416,102,308,102,0,0,0
51609,25.93,26.43,3780,0.761,1088,-340,-13516,92,319,98,0,0,0
51614,25.93,26.43,4295,0.865,1068,-484,-13496,93,330,107,0,0,0
51619,25.93,26.43,3799,0.765,1024,-484,-13524,91,344,119,0,0,0
51625,25.93,26.43,5257,1.059,964,-644,-13616,97,339,85,0,0,0
51630,25.93,26.43,8349,1.682,1096,-488,-13592,100,350,75,0,0,0
51634,25.93,26.43,3390,0.683,1116,-404,-13492,103,355,100,0,0,0
51727,25.93,26.41,4051,0.816,1160,-400,-13540,88,323,92,0,0,0
51730,25.93,26.41,2851,0.574,920,-476,-13448,128,253,99,0,0,0
51734,25.93,26.41,7764,1.564,1056,-404,-13352,103,356,97,0,0,0
51739,25.93,26.41,6386,1.286,1044,-472,-13584,111,375,79,0,0,0
51744,25.93,26.41,3210,0.647,1180,-444,-13524,118,374,77,0,0,0
51750,25.93,26.41,4999,1.007,1112,-648,-13672,80,277,109,0,0,0
51755,25.93,26.41,5474,1.103,1104,-488,-13468,137,337,117,0,0,0
51760,25.93,26.41,1914,0.386,1264,-308,-13516,68,374,96,0,0,0
51834,25.93,26.41,1343,0.271,1004,-348,-13516,107,272,103,0,0,0
51835,25.93,26.41,657,0.132,1004,-348,-13516,107,272,103,0,0,0
51840,25.93,26.41,4424,0.891,948,-392,-13436,112,349,116,0,0,0
51845,25.93,26.41,5409,1.09,1160,-396,-13516,97,393,103,0,0,0
51850,25.93,26.41,3470,0.699,1124,-512,-13628,98,373,101,0,0,0
51854,25.93,26.41,6518,1.313,1024,-536,-13544,101,243,106,0,0,0
51859,25.93,26.41,10086,2.032,1056,-460,-13304,111,289,100,0,0,0
51864,25.93,26.41,5788,1.166,888,-432,-13328,57,390,113,0,0,0
51870,25.93,26.41,12148,2.447,1100,-420,-13484,107,393,90,0,0,0
51875,25.93,26.41,8184,1.648,1172,-472,-13740,117,269,96,0,0,0
51966,25.93,26.41,10135,2.041,1072,-396,-13452,110,293,96,0,0,0
51979,25.93,26.41,3986,0.803,1104,-380,-13556,124,355,93,0,0,0
51984,25.93,26.41,1518,0.306,1120,-472,-13464,121,312,99,0,0,0
51989,25.93,26.41,8613,1.735,1092,-456,-13412,106,321,104,0,0,0
51994,25.93,26.41,6076,1.224,1104,-488,-13508,117,358,93,0,0,0
52000,25.93,26.41,4419,0.89,1092,-388,-13524,115,315,114,0,0,0
52005,25.93,26.41,5174,1.042,1016,-368,-13552,106,297,88,0,0,0
52009,25.93,26.41,5640,1.136,976,-396,-13428,81,323,85,0,0,0
52014,25.93,26.41,5318,1.071,1000,-436,-13460,90,388,108,0,0,0
52019,25.93,26.41,5796,1.167,1076,-476,-13548,110,354,90,0,0,0
52118,25.93,26.41,1302,0.262,988,-536,-13508,107,325,128,0,0,0
52120,25.93,26.41,2678,0.539,1120,-464,-13640,94,342,97,0,0,0
52125,25.93,26.41,6641,1.338,1060,-520,-13712,80,349,106,0,0,0
52129,25.93,26.41,4759,0.959,1012,-408,-13644,113,335,112,0,0,0
52134,25.93,26.41,3753,0.756,980,-408,-13432,93,337,101,0,0,0
52139,25.93,26.41,5166,1.041,1112,-412,-13504,128,336,84,0,0,0
52145,25.93,26.41,7479,1.506,1120,-452,-13480,99,359,82,0,0,0
52150,25.93,26.41,5585,1.125,1144,-448,-13480,109,331,110,0,0,0
52243,25.97,26.41,3583,0.722,1100,-364,-13640,91,309,103,0,0,0
52244,25.97,26.41,3729,0.751,1080,-464,-13604,88,350,100,0,0,0
52249,25.97,26.41,6392,1.288,1068,-440,-13520,90,348,118,0,0,0
52255,25.97,26.41,6370,1.283,1072,-412,-13576,118,341,94,0,0,0
52260,25.97,26.41,5239,1.055,1100,-452,-13552,98,301,91,0,0,0
52265,25.97,26.41,5778,1.164,996,-484,-13656,110,324,100,0,0,0
52269,25.97,26.41,6567,1.323,1068,-468,-13640,84,306,97,0,0,0
52274,25.97,26.41,8979,1.809,1092,-360,-13608,98,352,112,0,0,0
52279,25.97,26.41,2851,0.574,1048,-464,-13580,79,342,115,0,0,0
52285,25.97,26.41,8386,1.689,968,-452,-13616,101,351,104,0,0,0
52290,25.97,26.41,3365,0.678,1096,-336,-13476,107,337,108,0,0,0
52295,25.97,26.41,3574,0.72,1100,-504,-13560,111,329,70,0,0,0
52369,25.97,26.41,4052,0.816,1004,-468,-13624,129,325,109,0,0,0
52374,25.97,26.41,4171,0.84,952,-468,-13408,96,327,81,0,0,0
52379,25.97,26.41,4351,0.876,1064,-468,-13444,96,319,100,0,0,0
52385,25.97,26.41,9820,1.978,1032,-344,-13592,93,345,95,0,0,0
52390,25.97,26.41,4391,0.884,1104,-456,-13592,99,337,108,0,0,0
52482,25.97,26.41,3441,0.693,1080,-424,-13512,122,295,93,0,0,0
52495,25.97,26.41,1501,0.302,1072,-400,-13584,105,324,106,0,0,0
52499,25.97,26.41,4109,0.828,984,-532,-13356,77,343,88,0,0,0
52505,25.97,26.41,5789,1.166,1076,-420,-13588,106,366,104,0,0,0
52510,25.97,26.41,7355,1.482,1060,-280,-13512,113,342,108,0,0,0
52515,25.97,26.41,4235,0.853,980,-396,-13644,114,324,109,0,0,0
52519,25.97,26.41,8122,1.636,1088,-360,-13484,87,333,92,0,0,0
52524,25.97,26.41,7221,1.455,1088,-456,-13568,81,334,89,0,0,0
52529,25.97,26.41,4478,0.902,1048,-460,-13468,104,354,100,0,0,0
52535,25.97,26.41,8597,1.732,1032,-372,-13544,121,358,115,0,0,0
52540,25.97,26.41,7199,1.45,1044,-476,-13336,118,333,89,0,0,0
52545,25.97,26.41,6968,1.404,1040,-388,-13620,108,323,93,0,0,0
52549,25.97,26.41,6651,1.34,1080,-380,-13560,85,330,99,0,0,0
52554,25.97,26.41,7075,1.425,1072,-388,-13616,104,350,100,0,0,0
52559,25.97,26.41,2702,0.544,1088,-472,-13516,103,361,108,0,0,0
52634,25.97,26.41,4577,0.922,912,-472,-13308,104,283,97,0,0,0
52635,25.97,26.41,2544,0.512,1048,-368,-13652,116,357,107,0,0,0
52640,25.97,26.41,3994,0.805,1104,-408,-13728,64,365,97,0,0,0
52733,25.95,26.41,5584,1.125,1064,-424,-13556,116,301,92,0,0,0
52735,25.95,26.41,1923,0.387,1028,-436,-13652,99,317,103,0,0,0
52740,25.95,26.41,2688,0.541,928,-280,-13460,104,342,94,0,0,0
52744,25.95,26.41,4621,0.931,1208,-460,-13484,111,387,101,0,0,0
52749,25.95,26.41,6482,1.306,1144,-440,-13584,85,352,102,0,0,0
52754,25.95,26.41,5812,1.171,1120,-492,-13564,98,276,98,0,0,0
52760,25.95,26.41,5504,1.109,984,-472,-13484,101,341,112,0,0,0
52765,25.95,26.41,5063,1.02,956,-384,-13544,88,356,92,0,0,0
52770,25.95,26.41,9994,2.013,1100,-316,-13452,95,379,112,0,0,0
52774,25.95,26.41,5769,1.162,1064,-480,-13588,138,296,98,0,0,0
52779,25.95,26.41,10567,2.128,1064,-452,-13468,112,316,116,0,0,0
52784,25.95,26.41,6165,1.242,1044,-412,-13536,77,369,91,0,0,0
52790,25.95,26.41,5127,1.033,1124,-396,-13424,116,379,67,0,0,0
52795,25.95,26.41,6200,1.249,1100,-380,-13532,134,313,109,0,0,0
52800,25.95,26.41,12136,2.445,1016,-348,-13496,118,284,97,0,0,0
52804,25.95,26.41,4813,0.969,1104,-388,-13440,80,348,114,0,0,0
52809,25.95,26.41,5425,1.093,1088,-480,-13596,95,363,110,0,0,0
52977,25.95,26.41,3783,0.762,1076,-428,-13404,106,358,118,0,0,0
52989,25.95,26.41,4183,0.843,1032,-428,-13556,86,351,84,0,0,0
52994,25.95,26.41,8853,1.783,1088,-456,-13432,127,331,96,0,0,0
52999,25.95,26.41,4845,0.976,1100,-400,-13656,89,344,113,0,0,0
53005,25.95,26.41,7032,1.416,1104,-456,-13520,93,333,65,0,0,0
53010,25.95,26.41,4015,0.809,1076,-376,-13636,92,326,97,0,0,0
53015,25.95,26.41,5373,1.082,1044,-404,-13592,90,334,87,0,0,0
53019,25.95,26.41,3975,0.801,1068,-420,-13564,105,315,90,0,0,0
53024,25.95,26.41,3587,0.723,1260,-452,-13432,108,347,109,0,0,0
53029,25.95,26.41,5456,1.099,1056,-380,-13544,127,317,91,0,0,0
53035,25.95,26.41,6590,1.327,1132,-468,-13440,78,307,97,0,0,0
53040,25.95,26.41,9395,1.892,1116,-380,-13492,87,350,87,0,0,0
53045,25.95,26.41,4678,0.942,1100,-360,-13576,98,360,101,0,0,0
53049,25.95,26.41,4121,0.83,1128,-356,-13520,126,326,97,0,0,0
53054,25.95,26.41,4686,0.944,1076,-472,-13612,104,326,117,0,0,0
53059,25.95,26.41,6444,1.298,1076,-472,-13612,104,326,117,0,0,0
53178,25.95,26.41,9251,1.863,1044,-456,-13692,120,331,93,0,0,0
53180,25.95,26.41,6481,1.305,1036,-420,-13520,117,325,100,0,0,0
53185,25.95,26.41,3780,0.761,1116,-396,-13728,116,331,91,0,0,0
53189,25.95,26.41,6188,1.246,1052,-484,-13468,106,334,108,0,0,0
53264,25.93,26.35,1831,0.369,1028,-384,-13588,100,332,104,0,0,0
53269,25.93,26.35,3144,0.633,1028,-384,-13588,100,332,104,0,0,0
53275,25.93,26.35,8188,1.649,1004,-448,-13512,102,334,92,0,0,0
53280,25.93,26.35,5670,1.142,1056,-476,-13556,106,342,86,0,0,0
53285,25.93,26.35,2540,0.512,992,-472,-13532,111,304,99,0,0,0
53289,25.93,26.35,4869,0.981,1032,-480,-13492,91,330,88,0,0,0
53294,25.93,26.35,3838,0.773,956,-444,-13532,102,341,97,0,0,0
53299,25.93,26.35,6048,1.218,956,-444,-13532,102,341,97,0,0,0
53305,25.93,26.35,9873,1.989,1112,-404,-13448,94,337,100,0,0,0
53310,25.93,26.35,4129,0.832,1140,-436,-13580,132,330,88,0,0,0
53315,25.93,26.35,3932,0.792,996,-352,-13520,112,337,117,0,0,0
53319,25.93,26.35,6795,1.369,1160,-364,-13512,122,335,70,0,0,0
53324,25.93,26.35,3530,0.711,1096,-440,-13548,113,356,84,0,0,0
53418,25.93,26.35,6784,1.366,1140,-416,-13360,119,350,100,0,0,0
53420,25.93,26.35,2847,0.573,1112,-520,-13860,99,328,104,0,0,0
53424,25.93,26.35,6132,1.235,1064,-376,-13304,74,329,89,0,0,0
53438,25.93,26.35,3075,0.619,1092,-452,-13432,96,326,96,0,0,0
53439,25.93,26.35,3118,0.628,1092,-452,-13432,96,326,96,0,0,0
53444,25.93,26.35,5848,1.178,1100,-424,-13548,96,338,118,0,0,0
53450,25.93,26.35,6006,1.21,1028,-420,-13444,113,328,84,0,0,0
53524,25.93,26.35,5758,1.16,1048,-524,-13612,119,319,109,0,0,0
53529,25.93,26.35,5692,1.147,1048,-524,-13612,119,319,109,0,0,0
53534,25.93,26.35,4407,0.888,1192,-472,-13504,123,322,104,0,0,0
53540,25.93,26.35,5762,1.161,1016,-400,-13600,102,334,102,0,0,0
53545,25.93,26.35,10879,2.191,1092,-472,-13460,100,334,89,0,0,0
53549,25.93,26.35,4971,1.001,1104,-304,-13400,86,331,117,0,0,0
53554,25.93,26.35,6140,1.237,956,-428,-13392,114,357,105,0,0,0
53559,25.93,26.35,12208,2.459,956,-428,-13392,114,357,105,0,0,0
53564,25.93,26.35,7991,1.61,1064,-408,-13472,89,365,102,0,0,0
53570,25.93,26.35,9742,1.962,1000,-572,-13556,106,338,101,0,0,0
53575,25.93,26.35,6564,1.322,1084,-508,-13480,102,347,110,0,0,0
53579,25.93,26.35,9055,1.824,1096,-448,-13544,114,319,90,0,0,0
53669,25.93,26.35,539,0.109,1096,-448,-13544,114,319,90,0,0,0
53674,25.93,26.35,2250,0.453,1096,-476,-13400,97,346,85,0,0,0
53679,25.93,26.35,9313,1.876,1096,-476,-13400,97,346,85,0,0,0
53685,25.93,26.43,5420,1.092,1076,-424,-13476,94,328,93,0,0,0
53690,25.93,26.43,6710,1.352,1032,-416,-13576,82,347,90,0,0,0
53695,25.93,26.43,3362,0.677,1100,-452,-13484,96,330,78,0,0,0
53699,25.93,26.43,11021,2.22,996,-540,-13592,95,335,99,0,0,0
53704,25.93,26.43,3342,0.673,996,-540,-13592,95,335,99,0,0,0
53778,25.93,26.43,629,0.127,948,-400,-13488,92,278,93,0,0,0
53780,25.93,26.43,1027,0.207,892,-404,-13508,93,345,89,0,0,0
53785,25.93,26.43,7176,1.445,1044,-368,-13396,101,365,92,0,0,0
53790,25.93,26.43,5996,1.208,1172,-508,-13412,123,347,97,0,0,0
53795,25.93,26.43,7499,1.511,1208,-416,-13656,84,296,107,0,0,0
53799,25.93,26.43,4357,0.878,1044,-488,-13644,115,305,102,0,0,0
53804,25.93,26.43,9934,2.001,1044,-488,-13644,115,305,102,0,0,0
53809,25.93,26.43,7249,1.46,1140,-532,-13492,104,343,96,0,0,0
53815,25.93,26.43,10209,2.056,1088,-400,-13448,103,324,95,0,0,0
53908,25.93,26.43,4249,0.856,988,-440,-13576,91,342,102,0,0,0
53909,25.93,26.43,237,0.048,1116,-432,-13484,89,342,105,0,0,0
53914,25.93,26.43,4898,0.987,1116,-432,-13484,89,342,105,0,0,0
53919,25.93,26.43,5157,1.039,1076,-560,-13284,116,329,102,0,0,0
53925,25.93,26.43,4520,0.91,1148,-444,-13596,122,350,96,0,0,0
53942,25.93,26.43,5754,1.159,1044,-408,-13440,114,331,84,0,0,0
53945,25.93,26.43,2070,0.417,1100,-416,-13560,103,362,112,0,0,0
53949,25.93,26.43,7624,1.536,1136,-532,-13648,113,325,107,0,0,0
53954,25.93,26.43,2953,0.595,1136,-532,-13648,113,325,107,0,0,0
53959,25.93,26.43,8885,1.79,996,-376,-13692,106,311,77,0,0,0
53965,25.93,26.43,6564,1.322,1056,-428,-13616,79,348,109,0,0,0
54040,25.93,26.43,5685,1.145,1016,-376,-13640,120,344,115,0,0,0
54045,25.93,26.43,11299,2.276,1020,-448,-13476,155,316,94,0,0,0
54049,25.93,26.43,12156,2.449,1020,-448,-13476,155,316,94,0,0,0
54054,25.93,26.43,12201,2.458,1016,-472,-13472,121,327,98,0,0,0
54059,25.93,26.43,12175,2.452,1168,-604,-13508,71,345,125,0,0,0
54065,25.93,26.43,12212,2.46,1092,-404,-13660,176,233,99,0,0,0
54070,25.93,26.43,11111,2.238,956,-332,-13212,124,291,113,0,0,0
54187,25.97,26.55,12138,2.445,1076,-464,-13340,85,376,109,0,0,0
54189,25.97,26.55,7836,1.578,1076,-464,-13340,85,376,109,0,0,0
54194,25.97,26.55,9241,1.861,1156,-392,-13516,80,456,112,0,0,0
54199,25.97,26.55,6105,1.23,1156,-544,-13644,136,319,104,0,0,0
54204,25.97,26.55,5690,1.146,1020,-452,-13472,122,256,127,0,0,0
54210,25.97,26.55,9930,2.0,1016,-400,-13512,72,400,146,0,0,0
54215,25.97,26.55,5106,1.028,1268,-312,-13704,110,345,167,0,0,0
54220,25.97,26.55,12140,2.445,1036,-616,-13664,121,285,178,0,0,0
54224,25.97,26.55,6012,1.211,1036,-616,-13664,121,285,178,0,0,0
54229,25.97,26.55,5566,1.121,964,-572,-13584,84,332,189,0,0,0
54234,25.97,26.55,6409,1.291,1132,-532,-13572,78,410,195,0,0,0
54240,25.97,26.55,11245,2.265,1016,-316,-13668,112,289,134,0,0,0
54245,25.97,26.55,6466,1.302,912,-352,-13228,115,292,128,0,0,0
54320,25.97,26.55,4917,0.99,1100,-392,-13672,93,323,138,0,0,0
54325,25.97,26.55,3123,0.629,1040,-468,-13792,97,342,106,0,0,0
54329,25.97,26.55,9078,1.829,1040,-468,-13792,97,342,106,0,0,0
54334,25.97,26.55,6152,1.239,940,-520,-13492,108,324,102,0,0,0
54425,25.97,26.55,6058,1.22,1140,-80,-13528,112,341,-308,0,0,0
54438,25.97,26.55,6196,1.248,1052,-116,-13588,101,295,-755,0,0,0
54440,25.97,26.55,12,0.002,1160,-356,-13464,150,321,-814,0,0,0
54445,25.97,26.55,10681,2.151,1000,-564,-13496,103,353,-776,0,0,0
54449,25.97,26.55,5452,1.098,1000,-564,-13496,103,353,-776,0,0,0
54454,25.97,26.55,7386,1.488,1112,-800,-13656,97,362,-580,0,0,0
54459,25.97,26.55,6940,1.398,1024,-1420,-13512,124,390,-205,0,0,0
54465,25.97,26.55,11520,2.32,1160,-228,-13604,104,303,151,0,0,0
54470,25.97,26.55,9932,2.001,1164,-504,-13620,89,348,97,0,0,0
54475,25.97,26.55,12134,2.444,1164,-504,-13620,89,348,97,0,0,0
54479,25.97,26.55,12214,2.46,1048,-432,-13452,134,364,114,0,0,0
54484,25.97,26.55,6201,1.249,1016,-380,-13688,67,334,115,0,0,0
54489,25.97,26.55,11433,2.303,1052,-380,-13544,135,308,108,0,0,0
54495,25.97,26.55,12199,2.457,1064,-432,-13468,103,330,92,0,0,0
54500,25.97,26.55,12149,2.447,1004,-392,-13612,83,307,76,0,0,0
54504,25.97,26.55,12141,2.446,1004,-392,-13612,83,307,76,0,0,0
54580,25.97,26.55,88,0.018,1120,-500,-13516,105,347,124,0,0,0
54585,25.97,26.55,4820,0.971,980,-348,-13656,121,313,119,0,0,0
54677,25.97,26.55,7275,1.465,1088,-504,-13384,127,337,119,0,0,0
54680,25.97,26.43,1843,0.371,1012,-412,-13524,71,347,84,0,0,0
54684,25.97,26.43,12159,2.449,1012,-412,-13524,71,347,84,0,0,0
54689,25.97,26.43,12170,2.451,1112,-392,-13392,131,393,115,0,0,0
54694,25.97,26.43,3786,0.763,1200,-496,-13732,94,279,116,0,0,0
54699,25.97,26.43,9018,1.816,992,-440,-13628,141,309,125,0,0,0
54705,25.97,26.43,12192,2.456,1100,-460,-13512,105,375,79,0,0,0
54710,25.97,26.43,12177,2.453,1100,-492,-13524,53,331,96,0,0,0
54714,25.97,26.43,12226,2.463,1100,-492,-13524,53,331,96,0,0,0
54719,25.97,26.43,11066,2.229,1064,-436,-13668,97,332,105,0,0,0
54724,25.97,26.43,12145,2.446,1144,-456,-13496,111,339,114,0,0,0
54730,25.97,26.43,4991,1.005,944,-532,-13448,112,319,106,0,0,0
54735,25.97,26.43,4711,0.949,1096,-428,-13696,105,300,131,0,0,0
54740,25.97,26.43,8831,1.779,1096,-428,-13696,105,300,131,0,0,0
54744,25.97,26.43,10818,2.179,1104,-416,-13644,82,294,145,0,0,0
54749,25.97,26.43,7209,1.452,1068,-488,-13516,90,344,164,0,0,0
54843,25.97,26.43,5665,1.141,1060,-372,-13788,107,328,109,0,0,0
54844,25.97,26.43,825,0.166,1060,-372,-13788,107,328,109,0,0,0
54921,25.97,26.43,6553,1.32,1040,-456,-13584,103,322,103,0,0,0
54924,25.97,26.43,15,0.003,1040,-456,-13584,103,322,103,0,0,0
54941,25.97,26.43,1675,0.337,1200,-372,-13432,109,322,82,0,0,0
54945,25.97,26.43,10514,2.118,1036,-632,-13508,105,340,78,0,0,0
54950,25.97,26.43,5261,1.06,1036,-632,-13508,105,340,78,0,0,0
54955,25.97,26.43,7312,1.473,1072,-364,-13752,96,358,114,0,0,0
54959,25.97,26.43,12162,2.45,956,-424,-13552,87,341,94,0,0,0
54964,25.97,26.43,8531,1.718,1140,-440,-13616,111,324,89,0,0,0
54969,25.97,26.43,7650,1.541,1012,-512,-13628,112,323,115,0,0,0
54975,25.97,26.43,8981,1.809,1120,-448,-13556,81,349,89,0,0,0
54980,25.97,26.43,12140,2.445,1120,-448,-13556,81,349,89,0,0,0
54984,25.97,26.43,12164,2.45,1100,-420,-13520,110,340,103,0,0,0
54989,25.97,26.43,7440,1.499,1172,-412,-13544,96,330,95,0,0,0
54994,25.97,26.43,12171,2.452,1052,-568,-13636,103,324,96,0,0,0
54999,25.97,26.43,8497,1.712,1032,-452,-13396,82,321,106,0,0,0
55005,25.97,26.43,5945,1.197,1052,-400,-13404,87,338,93,0,0,0
55010,25.97,26.43,9187,1.851,1052,-400,-13404,87,338,93,0,0,0
55101,25.97,26.43,6017,1.212,1004,-424,-13468,73,342,123,0,0,0
55105,25.97,26.43,12182,2.454,1004,-424,-13468,73,342,123,0,0,0
55109,25.97,26.43,12153,2.448,1116,-476,-13512,76,329,116,0,0,0
55208,25.95,26.37,31,0.006,1108,-268,-13376,120,338,151,0,0,0
55209,25.95,26.37,12210,2.459,1108,-268,-13376,120,338,151,0,0,0
55214,25.95,26.37,12184,2.454,1000,-512,-13560,107,316,183,0,0,0
55219,25.95,26.37,12191,2.456,920,-816,-13608,108,329,243,0,0,0
55225,25.95,26.37,12214,2.46,1108,-516,-13584,71,355,402,0,0,0
55230,25.95,26.37,12203,2.458,1108,-516,-13584,71,355,402,0,0,0
55234,25.95,26.37,12174,2.452,1064,-384,-13340,62,330,454,0,0,0
55239,25.95,26.37,12206,2.459,1048,-396,-13700,99,331,471,0,0,0
55244,25.95,26.37,12169,2.451,1072,-444,-13680,117,345,450,0,0,0
55249,25.95,26.37,12209,2.459,976,-456,-13752,108,345,401,0,0,0
55255,25.95,26.37,12185,2.454,1064,-420,-13484,89,370,351,0,0,0
55260,25.95,26.37,12227,2.463,1080,-152,-13592,65,371,272,0,0,0
55264,25.95,26.37,12189,2.455,1092,-124,-13588,75,347,197,0,0,0
55269,25.95,26.37,12176,2.453,1112,-108,-13476,82,358,177,0,0,0
55274,25.95,26.37,12175,2.452,1088,-404,-13712,75,348,108,0,0,0
55363,25.95,26.37,2504,0.504,1088,-404,-13712,75,348,108,0,0,0
55364,25.95,26.37,3563,0.718,1088,-404,-13712,75,348,108,0,0,0
55369,25.95,26.37,10213,2.057,1040,-432,-13624,75,372,109,0,0,0
55375,25.95,26.37,11093,2.234,1096,-432,-13436,104,336,92,0,0,0
55380,25.95,26.37,10547,2.124,1096,-432,-13436,104,336,92,0,0,0
55455,25.95,26.37,10572,2.13,980,-464,-13524,143,318,115,0,0,0
55468,25.95,26.37,3799,0.765,1036,-564,-13768,85,356,101,0,0,0
55469,25.95,26.37,8395,1.691,1036,-564,-13768,85,356,101,0,0,0
55474,25.95,26.37,6536,1.317,1188,-284,-13400,62,376,92,0,0,0
55479,25.95,26.37,12208,2.459,1104,-204,-13428,102,325,100,0,0,0
55485,25.95,26.37,12176,2.453,992,-616,-13564,96,328,106,0,0,0
55490,25.95,26.37,12146,2.447,992,-616,-13564,96,328,106,0,0,0
55495,25.95,26.37,12161,2.45,980,-396,-13684,55,389,85,0,0,0
55499,25.95,26.37,12203,2.458,1072,-276,-13684,81,353,94,0,0,0
55504,25.95,26.37,7060,1.422,1092,-452,-13640,146,346,117,0,0,0
55509,25.95,26.37,7316,1.474,980,-592,-13520,133,303,107,0,0,0
55515,25.95,26.37,12232,2.464,1124,-424,-13536,91,299,105,0,0,0
55520,25.95,26.37,11865,2.39,1056,-424,-13604,77,312,122,0,0,0
55525,25.95,26.37,7909,1.593,1116,-444,-13636,98,345,83,0,0,0
55615,25.95,26.37,3638,0.733,1116,-444,-13636,98,345,83,0,0,0
55620,25.95,26.37,6262,1.261,1052,-492,-13620,95,319,121,0,0,0
55625,25.95,26.37,5891,1.187,1040,-348,-13488,95,358,101,0,0,0
55629,25.95,26.37,10484,2.112,1028,-540,-13556,108,345,76,0,0,0
55634,25.95,26.37,6949,1.4,1144,-448,-13476,93,339,114,0,0,0
55639,25.95,26.37,7014,1.413,980,-440,-13592,114,337,89,0,0,0
55713,25.95,26.37,2594,0.523,1000,-548,-13608,115,332,113,0,0,0
55714,25.95,26.37,3626,0.73,1000,-548,-13608,115,332,113,0,0,0
55719,25.95,26.29,5184,1.044,1192,-416,-13396,87,344,114,0,0,0
55724,25.95,26.29,6843,1.378,1040,-344,-13448,67,344,89,0,0,0
55729,25.95,26.29,4976,1.002,1088,-424,-13432,104,360,94,0,0,0
55735,25.95,26.29,6739,1.357,1052,-500,-13524,138,316,106,0,0,0
55740,25.95,26.29,6600,1.329,1040,-460,-13524,132,309,86,0,0,0
55744,25.95,26.29,4966,1.0,1044,-436,-13644,95,320,94,0,0,0
55749,25.95,26.29,9225,1.858,884,-520,-13668,121,348,102,0,0,0
55754,25.95,26.29,2621,0.528,972,-432,-13620,82,327,87,0,0,0
55759,25.95,26.29,4382,0.883,1120,-488,-13560,104,336,107,0,0,0
55853,25.95,26.29,3562,0.717,1132,-444,-13540,95,327,108,0,0,0
55855,25.95,26.29,1025,0.206,1192,-492,-13580,109,339,122,0,0,0
55860,25.95,26.29,4612,0.929,1192,-492,-13580,109,339,122,0,0,0
55865,25.95,26.29,5963,1.201,1080,-356,-13564,97,329,112,0,0,0
55870,25.95,26.29,7785,1.568,980,-552,-13472,98,310,112,0,0,0
55874,25.95,26.29,5261,1.06,1160,-432,-13560,97,345,92,0,0,0
55879,25.95,26.29,7913,1.594,988,-504,-13624,126,329,97,0,0,0
55884,25.95,26.29,4168,0.84,1112,-536,-13540,105,318,114,0,0,0
55890,25.95,26.29,6704,1.35,1080,-492,-13428,108,326,109,0,0,0
55965,25.95,26.29,4568,0.92,1032,-780,-13436,68,367,981,0,0,0
55985,25.95,26.29,3355,0.676,1140,28,-13524,42,340,674,0,0,0
55989,25.95,26.29,10813,2.178,1140,28,-13524,42,340,674,0,0,0
55994,25.95,26.29,11991,2.415,1096,-124,-13588,101,363,459,0,0,0
56000,25.95,26.29,8577,1.728,1112,76,-13544,120,300,253,0,0,0
56005,25.95,26.29,11816,2.38,1044,-188,-13512,100,330,54,0,0,0
56010,25.95,26.29,12133,2.444,1076,-556,-13576,88,355,100,0,0,0
56014,25.95,26.29,6028,1.214,1156,-484,-13356,82,344,106,0,0,0
56019,25.95,26.29,12169,2.451,1116,-404,-13540,107,327,105,0,0,0
56112,25.95,26.29,9787,1.971,1124,-444,-13496,102,344,81,0,0,0
56115,25.95,26.29,8249,1.662,1124,-444,-13496,102,344,81,0,0,0
56120,25.95,26.29,7183,1.447,1052,-424,-13636,107,333,91,0,0,0
56125,25.95,26.29,11635,2.344,1196,-368,-13656,111,349,80,0,0,0
56129,25.95,26.29,8776,1.768,1040,-500,-13624,118,323,89,0,0,0
56134,25.95,26.29,6817,1.373,1196,-388,-13340,97,305,90,0,0,0
56139,25.95,26.29,12209,2.459,1080,-360,-13564,89,334,115,0,0,0
56145,25.95,26.29,5213,1.05,1040,-528,-13496,93,341,102,0,0,0
56150,25.95,26.29,12198,2.457,1048,-404,-13508,123,344,113,0,0,0
56155,25.95,26.29,7332,1.477,1148,-500,-13380,120,329,99,0,0,0
56159,25.95,26.29,12166,2.451,1056,-432,-13508,91,329,85,0,0,0
56259,25.97,26.35,12155,2.448,984,-508,-13368,122,351,95,0,0,0
56260,25.97,26.35,12,0.002,1168,-452,-13420,107,300,104,0,0,0
56264,25.97,26.35,4434,0.893,1168,-452,-13420,107,300,104,0,0,0
56270,25.97,26.35,9063,1.826,1096,-432,-13592,99,305,102,0,0,0
56275,25.97,26.35,4832,0.973,1004,-468,-13600,77,345,105,0,0,0
56280,25.97,26.35,9425,1.898,1020,-536,-13552,126,379,69,0,0,0
56284,25.97,26.35,10846,2.185,1004,-376,-13660,130,334,110,0,0,0
56376,25.97,26.35,10588,2.133,1076,-408,-13484,84,332,60,0,0,0
56379,25.97,26.35,12192,2.456,1076,-408,-13484,84,332,60,0,0,0
56384,25.97,26.35,12201,2.458,1072,-452,-13592,84,347,81,0,0,0
56390,25.97,26.35,12217,2.461,1024,-328,-13612,125,338,91,0,0,0
56395,25.97,26.35,10695,2.154,1100,-452,-13564,110,329,96,0,0,0
56399,25.97,26.35,10917,2.199,1148,-460,-13568,93,322,100,0,0,0
56404,25.97,26.35,11831,2.383,1140,-396,-13600,103,347,70,0,0,0
56409,25.97,26.35,9952,2.005,1076,-320,-13528,85,367,80,0,0,0
56414,25.97,26.35,7706,1.552,1036,-524,-13492,114,352,90,0,0,0
56420,25.97,26.35,10657,2.147,1232,-472,-13404,119,318,73,0,0,0
56425,25.97,26.35,7306,1.472,1040,-424,-13548,87,333,61,0,0,0
56435,25.97,26.35,601,0.121,1100,-496,-13656,103,355,95,0,0,0
56440,25.97,26.35,7642,1.539,1176,-396,-13520,95,348,97,0,0,0
56514,25.97,26.35,1189,0.239,1072,-536,-13492,105,352,97,0,0,0
56515,25.97,26.35,1836,0.37,1064,-460,-13496,126,342,71,0,0,0
56519,25.97,26.35,4155,0.837,1064,-460,-13496,126,342,71,0,0,0
56525,25.97,26.35,7736,1.558,1028,-492,-13444,101,344,106,0,0,0
56530,25.97,26.35,5784,1.165,1096,-368,-13508,116,336,97,0,0,0
56535,25.97,26.35,5859,1.18,1140,-400,-13508,90,330,83,0,0,0
56624,25.97,26.35,44,0.009,1140,-400,-13508,90,330,83,0,0,0
56629,25.97,26.35,12205,2.458,1076,-384,-13828,129,327,97,0,0,0
56634,25.97,26.35,12205,2.458,1020,-444,-13508,124,333,98,0,0,0
56639,25.97,26.35,12207,2.459,1064,-408,-13460,92,326,110,0,0,0
56645,25.97,26.35,12191,2.456,1032,-372,-13440,97,330,117,0,0,0
56650,25.97,26.35,12188,2.455,1128,-452,-13672,80,342,101,0,0,0
56655,25.97,26.35,3384,0.682,1040,-512,-13584,122,320,111,0,0,0
56659,25.97,26.35,12170,2.451,1120,-416,-13508,111,339,91,0,0,0
56664,25.97,26.35,12155,2.448,1084,-452,-13532,100,345,88,0,0,0
56669,25.97,26.35,12191,2.456,1072,-456,-13408,113,329,112,0,0,0
56675,25.97,26.35,12174,2.452,1000,-428,-13528,105,307,88,0,0,0
56680,25.97,26.35,6387,1.287,1016,-468,-13552,106,331,86,0,0,0
56685,25.97,26.35,12158,2.449,1104,-488,-13548,101,348,97,0,0,0
56689,25.97,26.35,11874,2.392,1104,-480,-13648,81,347,113,0,0,0
56764,25.97,26.35,44,0.009,1180,-408,-13660,84,319,103,0,0,0
56769,25.97,26.35,12222,2.462,1036,-420,-13536,104,312,100,0,0,0
56865,25.97,26.35,12218,2.461,964,-404,-13496,103,320,95,0,0,0
56869,25.97,26.35,11335,2.283,1052,-652,-13632,109,371,106,0,0,0
56874,25.97,26.35,12128,2.443,1004,-348,-13408,63,344,91,0,0,0
56879,25.97,26.35,12196,2.457,1088,-368,-13324,141,335,102,0,0,0
56884,25.97,26.35,12195,2.456,1152,-520,-13744,97,321,98,0,0,0
56890,25.97,26.35,12205,2.458,1068,-440,-13512,92,336,98,0,0,0
56895,25.97,26.35,12201,2.458,1032,-448,-13532,86,352,92,0,0,0
56899,25.97,26.35,12195,2.456,1088,-472,-13532,126,306,109,0,0,0
56904,25.97,26.35,12215,2.46,1116,-464,-13624,105,293,96,0,0,0
56909,25.97,26.35,3681,0.741,1044,-408,-13516,68,326,109,0,0,0
56914,25.97,26.35,12211,2.46,1112,-476,-13600,126,360,102,0,0,0
56920,25.97,26.35,12230,2.463,956,-500,-13272,142,323,119,0,0,0
56925,25.97,26.35,12200,2.457,1176,-348,-13564,91,319,104,0,0,0
56935,25.97,26.35,9885,1.991,1068,-400,-13544,73,369,100,0,0,0
56940,25.97,26.35,12187,2.455,1024,-528,-13752,134,357,97,0,0,0
56945,25.97,26.35,12150,2.447,968,-460,-13304,126,329,106,0,0,0
56949,25.97,26.35,12182,2.454,1052,-356,-13512,108,291,111,0,0,0
57038,25.97,26.35,9,0.002,1052,-356,-13512,108,291,111,0,0,0
57116,25.97,26.35,5902,1.189,1168,-428,-13700,72,334,93,0,0,0
57120,25.97,26.35,5468,1.101,1168,-428,-13700,72,334,93,0,0,0
57124,25.97,26.35,6098,1.228,1004,-464,-13516,66,402,85,0,0,0
57129,25.97,26.35,12209,2.459,1052,-476,-13648,115,377,108,0,0,0
57134,25.97,26.35,12209,2.459,988,-524,-13572,134,325,90,0,0,0
57140,25.97,26.35,12224,2.462,1072,-448,-13496,159,265,97,0,0,0
57145,25.97,26.35,12188,2.455,992,-652,-13616,126,297,100,0,0,0
57150,25.97,26.35,12178,2.453,1040,-500,-13616,96,364,90,0,0,0
57154,25.97,26.35,12209,2.459,1160,-492,-13628,71,378,115,0,0,0
57159,25.97,26.35,12188,2.455,972,-488,-13576,139,365,77,0,0,0
57164,25.97,26.35,12193,2.456,1068,-548,-13576,110,308,119,0,0,0
57170,25.97,26.35,12206,2.459,1088,-536,-13508,119,328,104,0,0,0
57175,25.97,26.35,12215,2.46,984,-432,-13584,140,309,113,0,0,0
57180,25.95,26.37,12195,2.456,1120,-512,-13616,121,336,92,0,0,0
57184,25.95,26.37,12157,2.449,1112,-488,-13612,102,334,84,0,0,0
57189,25.95,26.37,12217,2.461,1052,-364,-13420,112,346,106,0,0,0
57303,25.95,26.37,12167,2.451,912,-628,-13544,98,332,36,0,0,0
57305,25.95,26.37,12138,2.445,912,-628,-13544,98,332,36,0,0,0
57310,25.95,26.37,12195,2.456,960,-428,-13468,98,350,87,0,0,0
57314,25.95,26.37,12191,2.456,1060,-472,-13596,112,362,109,0,0,0
57388,25.95,26.37,12165,2.45,996,-300,-13400,78,305,93,0,0,0
57390,25.95,26.37,12159,2.449,996,-300,-13400,78,305,93,0,0,0
57395,25.95,26.37,12193,2.456,1044,-452,-13696,103,349,99,0,0,0
57400,25.95,26.37,12175,2.452,1120,-424,-13488,123,353,93,0,0,0
57404,25.95,26.37,12176,2.453,1044,-404,-13548,124,343,73,0,0,0
57409,25.95,26.37,698,0.141,976,-468,-13584,107,303,90,0,0,0
57414,25.95,26.37,12148,2.447,924,-472,-13688,91,337,98,0,0,0
57420,25.95,26.37,5955,1.2,1072,-392,-13444,107,353,78,0,0,0
57425,25.95,26.37,10121,2.039,1080,-512,-13372,101,355,85,0,0,0
57438,25.95,26.37,7224,1.455,980,-268,-13500,77,334,90,0,0,0
57440,25.95,26.37,8,0.002,980,-268,-13500,77,334,90,0,0,0
57445,25.95,26.37,12184,2.454,1092,-436,-13476,98,332,102,0,0,0
57450,25.95,26.37,12181,2.454,1064,-420,-13608,105,319,85,0,0,0
57454,25.95,26.37,10685,2.152,1140,-336,-13504,107,346,86,0,0,0
57459,25.95,26.37,6769,1.363,1016,-420,-13508,109,324,119,0,0,0
57464,25.95,26.37,5802,1.169,1088,-400,-13584,115,325,103,0,0,0
57554,25.95,26.37,6546,1.319,1016,-496,-13372,143,351,96,0,0,0
57560,25.95,26.37,12028,2.423,1084,-424,-13464,107,310,106,0,0,0
57564,25.95,26.37,12148,2.447,1072,-420,-13696,117,292,107,0,0,0
57569,25.95,26.37,12160,2.449,1088,-460,-13520,84,331,104,0,0,0
57643,25.95,26.37,31,0.006,828,-568,-13772,-19,254,99,0,0,0
57645,25.95,26.37,11,0.002,828,-568,-13772,-19,254,99,0,0,0
57650,25.95,26.37,12151,2.448,3380,5552,-13428,1566,95,-915,0,0,0
57654,25.95,26.37,42,0.008,-1224,-548,-8024,-2014,-3073,-728,0,0,0
57659,25.95,26.37,12204,2.458,692,680,-21216,-580,408,-567,0,0,0
57664,25.95,26.37,66,0.013,2632,-404,2704,2979,2705,-1210,0,0,0
57670,25.95,26.37,76,0.015,4160,-432,-32768,-3614,-7216,-1106,0,0,0
57675,25.95,26.37,6177,1.244,-532,224,-14656,3161,2332,-770,0,0,0
57680,25.95,26.37,12210,2.459,8160,-1496,-9640,748,2760,-699,0,0,0
57684,25.95,26.59,10091,2.033,4056,-2852,-1092,431,1537,394,0,0,0
57689,25.95,26.59,11160,2.248,-3000,-1016,-16408,-3622,-2667,433,0,0,0
57694,25.95,26.59,11171,2.25,-2316,2148,-15900,123,961,378,0,0,0
57700,25.95,26.59,5260,1.06,2180,-1044,-20292,1431,2951,427,0,0,0
57794,25.95,26.59,12194,2.456,1108,-416,-13464,117,146,97,0,0,0
57799,25.95,26.59,12157,2.449,996,-412,-12580,63,391,108,0,0,0
57804,25.95,26.59,3959,0.797,1032,-484,-13672,33,486,92,0,0,0
57810,25.95,26.59,12199,2.457,1136,-548,-13928,100,348,96,0,0,0
57815,25.95,26.59,12201,2.458,1032,-464,-13764,132,288,116,0,0,0
57820,25.95,26.59,12178,2.453,1024,-384,-13340,110,283,114,0,0,0
57824,25.95,26.59,9577,1.929,1068,-520,-13368,76,372,109,0,0,0
57902,25.95,26.59,10912,2.198,1072,-324,-13500,91,372,96,0,0,0
57905,25.95,26.59,9612,1.936,1072,-324,-13500,91,372,96,0,0,0
57910,25.95,26.59,12162,2.45,1124,-564,-13680,110,298,80,0,0,0
57915,25.95,26.59,6271,1.263,1160,-348,-13268,90,329,101,0,0,0
57919,25.95,26.59,8683,1.749,1024,-600,-13588,101,343,102,0,0,0
57924,25.95,26.59,8645,1.741,1192,-484,-13528,108,357,104,0,0,0
57945,25.95,26.59,4352,0.877,1036,-472,-13592,106,325,102,0,0,0
57950,25.95,26.59,12155,2.448,1100,-432,-13596,98,367,84,0,0,0
57955,25.95,26.59,12189,2.455,984,-348,-13428,92,332,128,0,0,0
57959,25.95,26.59,12198,2.457,1272,-424,-13532,124,349,80,0,0,0
57964,25.95,26.59,10626,2.14,1068,-412,-13436,110,303,89,0,0,0
58056,25.95,26.59,7815,1.574,1176,-356,-13432,106,296,107,0,0,0
58060,25.95,26.59,12181,2.454,1208,-548,-13684,104,299,106,0,0,0
58064,25.95,26.59,9395,1.892,1268,-352,-13592,83,353,118,0,0,0
58069,25.95,26.59,6985,1.407,924,-364,-13440,87,367,97,0,0,0
58074,25.95,26.59,6708,1.351,1060,-512,-13572,133,304,96,0,0,0
58079,25.95,26.59,12187,2.455,1012,-312,-13484,117,350,95,0,0,0
58085,25.95,26.59,8649,1.742,896,-468,-13420,56,324,101,0,0,0
58090,25.95,26.59,12170,2.451,1176,-456,-13420,117,330,95,0,0,0
58094,25.95,26.59,11703,2.357,1016,-432,-13668,109,347,101,0,0,0
58169,25.95,26.59,36,0.007,1036,-400,-13428,78,312,103,0,0,0
58170,25.95,26.59,6860,1.382,1036,-400,-13428,78,312,103,0,0,0
58174,25.95,26.59,9006,1.814,964,-408,-13720,102,345,105,0,0,0
58179,25.95,26.59,12160,2.449,1060,-404,-13620,109,338,105,0,0,0
58185,25.95,26.59,12205,2.458,1092,-556,-13668,143,328,100,0,0,0
58190,25.95,26.59,12148,2.447,976,-476,-13536,111,276,97,0,0,0
58195,25.95,26.61,12168,2.451,1052,-444,-13664,81,344,117,0,0,0
58199,25.95,26.61,12239,2.465,1024,-456,-13428,95,374,110,0,0,0
58204,25.95,26.61,7731,1.557,1100,-432,-13344,135,327,113,0,0,0
58319,25.95,26.61,12175,2.452,1120,-544,-13464,92,314,87,0,0,0
58324,25.95,26.61,12171,2.452,1068,-440,-13508,65,347,89,0,0,0
58329,25.95,26.61,10990,2.214,1112,-512,-13520,91,353,94,0,0,0
58334,25.95,26.61,12183,2.454,1044,-452,-13488,84,349,88,0,0,0
58339,25.95,26.61,11436,2.304,1092,-488,-13468,128,323,120,0,0,0
58345,25.95,26.61,12183,2.454,1024,-412,-13640,106,324,118,0,0,0
58350,25.95,26.61,12197,2.457,1084,-404,-13600,110,304,111,0,0,0
58354,25.95,26.61,10317,2.078,1000,-372,-13468,99,355,92,0,0,0
58359,25.95,26.61,12147,2.447,1120,-540,-13496,107,368,93,0,0,0
58364,25.95,26.61,12147,2.447,1060,-484,-13524,101,311,95,0,0,0
58369,25.95,26.61,11367,2.29,1100,-404,-13560,112,325,117,0,0,0
58444,25.95,26.61,5,0.001,1184,-476,-13404,112,359,75,0,0,0
58461,25.95,26.61,2743,0.553,1044,-388,-13752,96,340,104,0,0,0
58464,25.95,26.61,4716,0.95,1032,-468,-13752,111,355,88,0,0,0
58469,25.95,26.61,10051,2.025,1112,-436,-13496,124,313,90,0,0,0
58475,25.95,26.61,12164,2.45,1008,-436,-13496,111,318,95,0,0,0
58480,25.95,26.61,12187,2.455,1072,-488,-13544,92,343,91,0,0,0
58485,25.95,26.61,12193,2.456,1056,-420,-13496,110,347,81,0,0,0
58574,25.95,26.61,8432,1.698,1056,-420,-13496,110,347,81,0,0,0
58579,25.95,26.61,12211,2.46,1012,-384,-13556,130,316,91,0,0,0
58584,25.95,26.61,12192,2.456,1068,-396,-13556,131,312,90,0,0,0
58589,25.95,26.61,10692,2.154,1024,-328,-13628,91,314,98,0,0,0
58594,25.95,26.61,7512,1.513,1172,-420,-13584,98,349,91,0,0,0
58600,25.95,26.61,12180,2.453,1072,-384,-13488,73,374,111,0,0,0
58605,25.95,26.61,12186,2.455,1108,-436,-13420,98,356,85,0,0,0
58609,25.95,26.61,6393,1.288,1000,-448,-13536,107,313,102,0,0,0
58614,25.95,26.61,9890,1.992,980,-508,-13540,113,321,109,0,0,0
58619,25.95,26.61,12218,2.461,1072,-416,-13576,121,322,86,0,0,0
58624,25.95,26.61,12177,2.453,1140,-480,-13716,107,325,108,0,0,0
58630,25.95,26.61,12187,2.455,1096,-412,-13564,110,362,108,0,0,0
58635,25.95,26.61,12156,2.449,1044,-420,-13428,92,344,118,0,0,0
58709,25.95,26.61,1977,0.398,1084,-448,-13432,86,338,102,0,0,0
58714,25.95,26.61,12169,2.451,1112,-444,-13664,126,342,94,0,0,0
58720,25.95,26.61,7845,1.58,1148,-476,-13580,104,334,104,0,0,0
58813,25.97,26.59,12178,2.453,1092,-468,-13428,103,328,75,0,0,0
58815,25.97,26.59,4280,0.862,1092,-468,-13428,103,328,75,0,0,0
58820,25.97,26.59,12041,2.425,1024,-464,-13592,94,354,101,0,0,0
58824,25.97,26.59,8931,1.799,1160,-516,-13712,107,359,104,0,0,0
58829,25.97,26.59,4959,0.999,1200,-416,-13624,96,309,101,0,0,0
58834,25.97,26.59,8663,1.745,1072,-476,-13448,101,335,103,0,0,0
58840,25.97,26.59,9774,1.969,1060,-444,-13548,107,349,99,0,0,0
58845,25.97,26.59,12199,2.457,1044,-344,-13508,108,372,101,0,0,0
58850,25.97,26.59,12200,2.457,972,-520,-13600,104,311,108,0,0,0
58854,25.97,26.59,12182,2.454,1024,-432,-13324,107,319,113,0,0,0
58859,25.97,26.59,10002,2.015,1024,-468,-13600,127,330,108,0,0,0
58864,25.97,26.59,7411,1.493,1168,-428,-13488,101,331,111,0,0,0
58870,25.97,26.59,12134,2.444,1120,-396,-13780,103,323,93,0,0,0
58875,25.97,26.59,9215,1.856,1056,-428,-13520,114,321,98,0,0,0
58880,25.97,26.59,9968,2.008,1060,-452,-13436,78,387,91,0,0,0
58884,25.97,26.59,5655,1.139,1204,-496,-13552,139,325,81,0,0,0
58889,25.97,26.59,11559,2.328,1028,-392,-13368,90,326,99,0,0,0
59057,25.97,26.59,12162,2.45,1016,-308,-13564,80,311,91,0,0,0
59071,25.97,26.59,1574,0.317,1036,-436,-13572,95,382,92,0,0,0
59074,25.97,26.59,12171,2.452,1212,-484,-13592,131,309,97,0,0,0
59079,25.97,26.59,12172,2.452,1004,-388,-13392,101,312,92,0,0,0
59084,25.97,26.59,9464,1.906,1076,-516,-13368,99,326,124,0,0,0
59090,25.97,26.59,12158,2.449,1076,-452,-13560,123,346,119,0,0,0
59095,25.97,26.59,12180,2.453,1128,-408,-13408,97,317,75,0,0,0
59100,25.97,26.59,12198,2.457,1188,-460,-13616,105,345,88,0,0,0
59104,25.97,26.59,12206,2.459,1064,-472,-13560,83,343,102,0,0,0
59109,25.97,26.59,8986,1.81,1000,-528,-13452,136,370,116,0,0,0
59114,25.97,26.59,9024,1.818,1184,-464,-13392,112,335,92,0,0,0
59120,25.97,26.59,5965,1.202,1068,-576,-13568,80,301,100,0,0,0
59125,25.97,26.59,12173,2.452,1088,-376,-13412,90,348,101,0,0,0
59130,25.97,26.59,10586,2.132,948,-432,-13528,73,344,87,0,0,0
59134,25.97,26.59,11688,2.354,960,-448,-13564,122,389,92,0,0,0
59139,25.97,26.59,10674,2.15,972,-388,-13548,92,328,100,0,0,0
59144,25.97,26.59,9490,1.912,1124,-356,-13464,104,315,93,0,0,0
59235,25.97,26.59,6461,1.301,1028,-444,-13472,105,315,108,0,0,0
59240,25.97,26.59,9238,1.861,1032,-452,-13476,98,311,106,0,0,0
59245,25.97,26.59,4045,0.815,1128,-404,-13500,103,336,100,0,0,0
59343,25.95,26.43,3800,0.765,1068,-492,-13532,122,358,105,0,0,0
59345,25.95,26.43,12,0.002,1068,-492,-13532,122,358,105,0,0,0
59350,25.95,26.43,12165,2.45,1016,-440,-13516,117,306,93,0,0,0
59354,25.95,26.43,7695,1.55,1148,-404,-13404,97,316,97,0,0,0
59359,25.95,26.43,9710,1.956,1112,-420,-13656,110,348,98,0,0,0
59364,25.95,26.43,2486,0.501,1056,-388,-13480,121,342,100,0,0,0
59370,25.95,26.43,8445,1.701,1204,-484,-13492,122,304,98,0,0,0
59375,25.95,26.43,10675,2.15,1064,-388,-13564,81,348,108,0,0,0
59380,25.95,26.43,12191,2.456,1080,-476,-13468,71,334,80,0,0,0
59384,25.95,26.43,12180,2.453,1096,-392,-13640,84,362,82,0,0,0
59389,25.95,26.43,3848,0.775,1132,-432,-13612,93,318,105,0,0,0
59394,25.95,26.43,12208,2.459,1124,-424,-13564,84,338,83,0,0,0
59400,25.95,26.43,7288,1.468,1100,-420,-13624,107,325,108,0,0,0
59405,25.95,26.43,11560,2.329,1060,-420,-13608,104,335,95,0,0,0
59498,25.95,26.43,12156,2.449,1104,-396,-13420,102,320,121,0,0,0
59522,25.95,26.43,3300,0.665,1056,-404,-13408,107,337,77,0,0,0
59525,25.95,26.43,3333,0.671,1056,-404,-13408,107,337,77,0,0,0
59530,25.95,26.43,8787,1.77,1112,-524,-13452,94,328,100,0,0,0
59535,25.95,26.43,8186,1.649,1064,-472,-13564,104,344,96,0,0,0
59539,25.95,26.43,5795,1.167,1076,-492,-13592,98,340,85,0,0,0
59614,25.95,26.43,3902,0.786,1088,-396,-13492,113,334,69,0,0,0
59615,25.95,26.43,7097,1.43,1088,-396,-13492,113,334,69,0,0,0
59619,25.95,26.43,6762,1.362,1092,-408,-13544,99,337,94,0,0,0
59624,25.95,26.43,7283,1.467,1128,-360,-13664,118,335,117,0,0,0
59630,25.95,26.43,12140,2.445,1180,-504,-13524,109,328,120,0,0,0
59635,25.95,26.43,7888,1.589,1024,-452,-13620,98,364,124,0,0,0
59640,25.95,26.43,8051,1.622,1120,-392,-13476,108,304,74,0,0,0
59644,25.95,26.43,8864,1.785,1140,-360,-13492,84,343,106,0,0,0
59649,25.95,26.43,3500,0.705,1044,-452,-13636,106,358,106,0,0,0
59654,25.95,26.43,4309,0.868,1036,-432,-13568,93,351,119,0,0,0
59660,25.95,26.43,8813,1.775,1032,-468,-13404,98,312,137,0,0,0
59665,25.95,26.43,4513,0.909,1156,-496,-13568,84,302,121,0,0,0
59669,25.95,26.43,4797,0.966,1180,-524,-13660,85,342,119,0,0,0
59761,25.97,26.37,4245,0.855,1068,-380,-13536,100,354,112,0,0,0
59764,25.97,26.37,1638,0.33,1044,-412,-13384,93,350,91,0,0,0
59769,25.97,26.37,8167,1.645,1092,-408,-13464,107,327,94,0,0,0
59774,25.97,26.37,7184,1.447,1152,-424,-13700,113,333,92,0,0,0
59779,25.97,26.37,5536,1.115,996,-408,-13536,97,335,108,0,0,0
59785,25.97,26.37,6037,1.216,1088,-328,-13724,93,369,97,0,0,0
59790,25.97,26.37,5185,1.044,1128,-476,-13420,108,363,104,0,0,0
59864,25.97,26.37,1043,0.21,1040,-420,-13444,122,353,109,0,0,0
59869,25.97,26.37,6626,1.335,1112,-328,-13596,91,349,113,0,0,0
59874,25.97,26.37,3691,0.743,1048,-436,-13516,111,330,110,0,0,0
59880,25.97,26.37,4942,0.995,1092,-532,-13452,83,337,101,0,0,0
59885,25.97,26.37,6915,1.393,1024,-472,-13504,116,351,108,0,0,0
59890,25.97,26.37,2324,0.468,996,-552,-13508,96,347,101,0,0,0
59894,25.97,26.37,11267,2.269,1088,-492,-13484,102,342,90,0,0,0
59899,25.97,26.37,3150,0.634,1060,-524,-13508,64,310,124,0,0,0
59904,25.97,26.37,9871,1.988,1108,-112,-13516,49,277,116,0,0,0
59910,25.97,26.37,10516,2.118,1152,-716,-13476,117,360,-179,0,0,0
59999,25.97,26.37,9,0.002,1152,-716,-13476,117,360,-179,0,0,0
60013,25.97,26.37,9,0.002,1032,-392,-13504,107,287,-52,0,0,0
60014,25.97,26.37,38,0.008,1032,-392,-13504,107,287,-52,0,0,0
60019,25.97,26.37,12198,2.457,1024,-692,-13240,61,382,17,0,0,0
60025,25.97,26.37,12211,2.46,1128,-296,-13816,62,409,109,0,0,0
60030,25.97,26.37,12171,2.452,1084,-504,-13724,103,315,107,0,0,0
60035,25.97,26.37,12190,2.455,1012,-472,-13452,116,282,123,0,0,0
60039,25.97,26.37,12181,2.454,1120,-384,-13420,108,331,99,0,0,0
60044,25.97,26.37,4925,0.992,1068,-424,-13504,83,331,96,0,0,0
60049,25.97,26.37,12203,2.458,1080,-460,-13648,97,343,83,0,0,0
60124,25.97,26.37,12211,2.46,1120,-516,-13592,100,372,92,0,0,0
60129,25.97,26.37,6359,1.281,1168,-304,-13568,119,333,86,0,0,0
60134,25.97,26.37,12208,2.459,936,-420,-13460,105,294,101,0,0,0
60140,25.97,26.37,12218,2.461,1076,-480,-13568,78,323,96,0,0,0
60145,25.97,26.37,12174,2.452,1096,-344,-13400,126,379,116,0,0,0
60150,25.97,26.37,7601,1.531,1096,-428,-13604,114,372,98,0,0,0
60154,25.97,26.37,12195,2.456,1100,-476,-13452,101,301,118,0,0,0
60159,25.97,26.37,12218,2.461,1032,-508,-13500,96,324,108,0,0,0
60249,25.97,26.37,6428,1.295,1092,-484,-13616,95,331,88,0,0,0
60255,25.97,26.37,12198,2.457,1084,-476,-13616,89,360,76,0,0,0
60259,25.97,26.37,12208,2.459,1100,-332,-13408,137,290,57,0,0,0
60264,25.97,26.43,12196,2.457,1060,-456,-13452,108,304,65,0,0,0
60269,25.97,26.43,12173,2.452,1080,-416,-13576,87,325,72,0,0,0
60275,25.97,26.43,12181,2.454,1000,-464,-13436,110,359,91,0,0,0
60280,25.97,26.43,12215,2.46,1084,-336,-13656,121,351,112,0,0,0
60285,25.97,26.43,12215,2.46,1108,-524,-13416,97,338,96,0,0,0
60289,25.97,26.43,12195,2.456,1036,-336,-13648,95,325,103,0,0,0
60294,25.97,26.43,12182,2.454,1040,-524,-13580,71,335,84,0,0,0
60299,25.97,26.43,12155,2.448,1108,-508,-13728,113,376,103,0,0,0
60305,25.97,26.43,12174,2.452,1044,-548,-13636,126,314,96,0,0,0
60403,25.97,26.43,12153,2.448,1132,-364,-13552,47,361,117,0,0,0
60405,25.97,26.43,12190,2.455,1132,-364,-13552,47,361,117,0,0,0
60410,25.97,26.43,12216,2.461,1032,-316,-13596,99,396,111,0,0,0
60415,25.97,26.43,12200,2.457,996,-400,-13420,155,376,166,0,0,0
60419,25.97,26.43,12190,2.455,1084,-424,-13432,126,315,136,0,0,0
60511,25.97,26.43,12207,2.459,1108,-416,-13716,82,337,107,0,0,0
60526,25.97,26.43,12190,2.455,1008,-584,-13580,89,347,95,0,0,0
60530,25.97,26.43,12184,2.454,996,-388,-13472,89,327,94,0,0,0
60535,25.97,26.43,12212,2.46,1044,-508,-13524,126,325,119,0,0,0
60540,25.97,26.43,11664,2.349,1080,-464,-13540,94,307,86,0,0,0
60544,25.97,26.43,12163,2.45,1036,-428,-13636,69,350,108,0,0,0
60549,25.97,26.43,12193,2.456,1080,-468,-13464,108,371,85,0,0,0
60554,25.97,26.43,9579,1.929,1064,-452,-13628,94,339,101,0,0,0
60560,25.97,26.43,12137,2.445,1044,-520,-13592,98,303,113,0,0,0
60565,25.97,26.43,4051,0.816,1016,-380,-13524,75,331,95,0,0,0
60570,25.97,26.43,10120,2.038,1004,-536,-13432,103,330,99,0,0,0
60574,25.97,26.43,9981,2.01,1028,-484,-13556,96,321,95,0,0,0
60579,25.97,26.43,8674,1.747,1120,-432,-13560,98,329,101,0,0,0
60584,25.97,26.43,12194,2.456,1120,-488,-13532,105,313,103,0,0,0
60590,25.97,26.43,12209,2.459,1080,-428,-13696,112,333,96,0,0,0
60664,25.97,26.43,2940,0.592,1076,-388,-13616,95,302,83,0,0,0
60669,25.97,26.43,12167,2.451,1200,-352,-13636,98,353,106,0,0,0
60674,25.97,26.43,12198,2.457,1084,-456,-13460,110,330,91,0,0,0
60762,25.99,26.43,7,0.001,1024,-552,-13380,98,319,89,0,0,0
60765,25.99,26.43,6383,1.286,1024,-552,-13380,98,319,89,0,0,0
60770,25.99,26.43,12190,2.455,1044,-512,-13776,110,299,111,0,0,0
60775,25.99,26.43,12211,2.46,1040,-416,-13636,104,345,91,0,0,0
60779,25.99,26.43,12156,2.449,1020,-464,-13488,117,347,104,0,0,0
60784,25.99,26.43,12181,2.454,1064,-416,-13444,114,331,104,0,0,0
60789,25.99,26.43,12209,2.459,1252,-460,-13652,106,330,111,0,0,0
60795,25.99,26.43,12180,2.453,972,-372,-13576,110,330,98,0,0,0
60800,25.99,26.43,12187,2.455,1004,-360,-13516,119,344,84,0,0,0
60805,25.99,26.43,12166,2.451,912,-544,-13492,128,347,79,0,0,0
60809,25.99,26.43,8409,1.694,1092,-476,-13504,133,295,97,0,0,0
60814,25.99,26.43,8620,1.736,1064,-348,-13432,120,309,99,0,0,0
60819,25.99,26.43,12207,2.459,1044,-460,-13500,112,343,111,0,0,0
60825,25.99,26.43,12196,2.457,1120,-288,-13552,88,374,87,0,0,0
60830,25.99,26.43,12164,2.45,976,-336,-13496,127,381,81,0,0,0
60835,25.99,26.43,12168,2.451,948,-544,-13440,54,333,119,0,0,0
60928,25.99,26.43,11047,2.225,972,-488,-13468,125,327,91,0,0,0
61018,25.99,26.43,4159,0.838,1068,-536,-13480,51,340,481,0,0,0
61019,25.99,26.43,204,0.041,1068,-536,-13480,51,340,481,0,0,0
61024,25.99,26.43,10252,2.065,1056,-592,-13452,96,353,495,0,0,0
61029,25.99,26.43,7052,1.42,1080,-484,-13504,71,311,564,0,0,0
61035,25.99,26.43,7520,1.515,936,-452,-13724,67,363,618,0,0,0
61040,25.99,26.43,6032,1.215,1104,-456,-13556,65,355,609,0,0,0
61045,25.99,26.43,5141,1.036,1156,-392,-13520,86,350,553,0,0,0
61049,25.99,26.43,6624,1.334,1120,-284,-13612,75,293,485,0,0,0
61054,25.99,26.43,3639,0.733,1092,-84,-13604,82,353,398,0,0,0
61059,25.99,26.43,6435,1.296,948,-268,-13452,112,354,286,0,0,0
61065,25.99,26.43,6043,1.217,1132,-172,-13616,106,376,214,0,0,0
61070,25.99,26.43,9208,1.855,1204,-276,-13452,100,320,91,0,0,0
61075,25.99,26.43,5458,1.099,992,-432,-13524,86,299,102,0,0,0
61079,25.99,26.43,5642,1.136,1056,-440,-13520,58,317,99,0,0,0
61084,25.99,26.43,2869,0.578,1180,-440,-13456,93,353,112,0,0,0
61089,25.99,26.43,6412,1.292,1024,-504,-13464,102,354,97,0,0,0
61181,25.99,26.43,7952,1.602,1060,-584,-13404,99,342,95,0,0,0
61184,25.99,26.43,6651,1.34,1060,-560,-13648,86,309,120,0,0,0
61190,25.99,26.43,11085,2.233,1112,-588,-13548,85,328,177,0,0,0
61195,25.99,26.43,12160,2.449,1064,-596,-13560,125,320,244,0,0,0
61269,25.99,26.43,8609,1.734,1144,-228,-13572,117,294,203,0,0,0
61274,25.99,26.43,12186,2.455,1208,-192,-13348,109,315,106,0,0,0
61280,25.99,26.43,12176,2.453,1032,-416,-13536,86,338,116,0,0,0
61285,25.99,26.43,12162,2.45,1008,-536,-13424,136,368,107,0,0,0
61289,25.99,26.43,12157,2.449,1112,-644,-13320,146,322,197,0,0,0
61294,25.99,26.43,12177,2.453,1136,-700,-13480,92,283,262,0,0,0
61299,25.99,26.43,12135,2.444,1088,-712,-13320,82,378,413,0,0,0
61304,25.99,26.43,12193,2.456,1116,-812,-13772,102,320,617,0,0,0
61310,25.99,26.43,12223,2.462,976,-976,-13472,82,328,831,0,0,0
61315,25.99,26.43,12158,2.449,1016,-984,-13604,81,348,1031,0,0,0
61319,25.99,26.43,10173,2.049,996,-1016,-13524,-9,301,1212,0,0,0
61324,25.99,26.43,11062,2.228,1004,-776,-13448,48,381,1408,0,0,0
61329,25.99,26.43,12193,2.456,1256,-424,-13800,23,298,1519,0,0,0
61444,25.99,26.43,12178,2.453,1080,-360,-13648,109,300,107,0,0,0
61459,25.99,26.43,3475,0.7,1248,-448,-13656,92,300,89,0,0,0
61464,25.99,26.43,12170,2.451,1000,-424,-13776,82,328,125,0,0,0
61470,25.99,26.43,12152,2.448,872,-432,-13492,133,322,107,0,0,0
61475,25.99,26.43,4947,0.996,916,-472,-13380,132,386,92,0,0,0
61480,25.99,26.43,7163,1.443,1064,-468,-13668,80,340,92,0,0,0
61484,25.99,26.43,7177,1.446,1168,-388,-13360,68,311,90,0,0,0
61559,25.99,26.43,5469,1.102,1096,-460,-13428,111,357,105,0,0,0
61564,25.99,26.43,4384,0.883,1256,-296,-13576,93,310,95,0,0,0
61570,25.99,26.43,12046,2.426,1084,-452,-13624,93,292,126,0,0,0
61575,25.99,26.43,6150,1.239,1016,-412,-13396,67,322,92,0,0,0
61579,25.99,26.43,3818,0.769,1084,-448,-13584,124,360,98,0,0,0
61584,25.99,26.43,8738,1.76,1048,-460,-13736,96,358,117,0,0,0
61589,25.99,26.43,5833,1.175,1128,-456,-13616,108,321,103,0,0,0
61595,25.99,26.43,11210,2.258,1092,-536,-13728,102,328,116,0,0,0
61600,25.99,26.43,10687,2.153,952,-376,-13464,82,324,105,0,0,0
61605,25.99,26.43,9589,1.931,1216,-380,-13612,118,333,84,0,0,0
61696,25.99,26.43,11315,2.279,948,-444,-13428,105,330,83,0,0,0
61699,25.95,26.47,3010,0.606,1064,-392,-13644,84,312,89,0,0,0
61704,25.95,26.47,10497,2.114,956,-412,-13384,101,329,94,0,0,0
61710,25.95,26.47,7569,1.525,916,-492,-13780,121,324,95,0,0,0
61715,25.95,26.47,8962,1.805,1112,-336,-13240,109,344,96,0,0,0
61720,25.95,26.47,8792,1.771,1092,-408,-13588,92,382,116,0,0,0
61724,25.95,26.47,3174,0.639,1144,-348,-13584,89,318,102,0,0,0
61729,25.95,26.47,7628,1.536,1080,-392,-13508,92,370,102,0,0,0
61734,25.95,26.47,7454,1.501,1116,-396,-13636,92,342,94,0,0,0
61740,25.95,26.47,8002,1.612,980,-476,-13312,114,336,90,0,0,0
61814,25.95,26.47,2330,0.469,1120,-404,-13672,121,369,81,0,0,0
61815,25.95,26.47,9667,1.947,1120,-404,-13672,121,369,81,0,0,0
61819,25.95,26.47,7684,1.548,1024,-288,-13452,177,308,94,0,0,0
61824,25.95,26.47,10379,2.091,1008,-420,-13328,114,316,108,0,0,0
61830,25.95,26.47,6054,1.219,1096,-500,-13660,103,348,103,0,0,0
61835,25.95,26.47,5311,1.07,940,-516,-13728,66,318,95,0,0,0
61840,25.95,26.47,8654,1.743,940,-448,-13224,130,397,83,0,0,0
61844,25.95,26.47,7247,1.46,1048,-448,-13788,152,234,101,0,0,0
61936,25.95,26.47,595,0.12,1020,-268,-13356,89,320,98,0,0,0
61957,25.95,26.47,55,0.011,992,-388,-13600,82,343,96,0,0,0
61959,25.95,26.47,3674,0.74,1056,-412,-13524,61,370,96,0,0,0
61964,25.95,26.47,5949,1.198,1120,-348,-13624,74,374,117,0,0,0
61970,25.95,26.47,8706,1.754,1080,-356,-13608,109,355,104,0,0,0
61975,25.95,26.47,3175,0.64,1132,-460,-13584,119,295,103,0,0,0
61980,25.95,26.47,10225,2.06,964,-408,-13548,124,344,89,0,0,0
61984,25.95,26.47,8022,1.616,1056,-500,-13588,100,338,102,0,0,0
61989,25.95,26.47,8166,1.645,1056,-372,-13612,106,331,112,0,0,0
61994,25.95,26.47,7969,1.605,1016,-484,-13556,112,348,90,0,0,0
62000,25.95,26.47,9496,1.913,1112,-396,-13436,108,340,100,0,0,0
62005,25.95,26.47,8226,1.657,1040,-456,-13492,84,332,91,0,0,0
62079,25.95,26.47,7782,1.568,1060,-448,-13488,94,311,120,0,0,0
62084,25.95,26.47,5722,1.153,1024,-500,-13480,82,350,96,0,0,0
62089,25.95,26.47,8112,1.634,1056,-472,-13556,106,353,79,0,0,0
62095,25.95,26.47,5903,1.189,1088,-464,-13448,110,345,109,0,0,0
62100,25.95,26.47,8795,1.772,1148,-460,-13508,113,286,86,0,0,0
62105,25.95,26.47,6111,1.231,1044,-328,-13212,81,379,104,0,0,0
62195,25.95,26.47,8527,1.718,1044,-328,-13212,81,379,104,0,0,0
62199,25.95,26.47,4741,0.955,908,-596,-13924,141,339,84,0,0,0
62205,25.95,26.47,5192,1.046,1056,-500,-13452,104,328,96,0,0,0
62210,25.99,26.31,7847,1.581,1044,-472,-13664,118,350,109,0,0,0
62215,25.99,26.31,6983,1.407,1116,-476,-13480,75,336,91,0,0,0
62219,25.99,26.31,3283,0.661,1048,-420,-13504,86,363,101,0,0,0
62224,25.99,26.31,9363,1.886,1076,-364,-13624,94,347,100,0,0,0
62229,25.99,26.31,2752,0.554,976,-392,-13480,127,303,105,0,0,0
62235,25.99,26.31,5768,1.162,988,-396,-13492,104,358,92,0,0,0
62240,25.99,26.31,9094,1.832,1064,-492,-13668,95,330,91,0,0,0
62245,25.99,26.31,8369,1.686,1060,-532,-13600,102,351,90,0,0,0
62249,25.99,26.31,10798,2.175,988,-528,-13612,110,314,89,0,0,0
62254,25.99,26.31,4340,0.874,1120,-404,-13404,118,343,103,0,0,0
62259,25.99,26.31,11131,2.242,1040,-356,-13536,77,336,106,0,0,0
62333,25.99,26.31,1329,0.268,1044,-420,-13524,108,319,125,0,0,0
62335,25.99,26.31,587,0.118,1044,-420,-13524,108,319,125,0,0,0
62340,25.99,26.31,9614,1.937,1096,-452,-13416,76,342,105,0,0,0
62345,25.99,26.31,7240,1.458,1232,-344,-13660,146,352,105,0,0,0
62458,25.99,26.31,4275,0.861,1048,-356,-13632,105,302,102,0,0,0
62475,25.99,26.31,4529,0.912,1084,-396,-13552,116,340,86,0,0,0
62479,25.99,26.31,3946,0.795,1072,-464,-13592,75,332,85,0,0,0
62484,25.99,26.31,7868,1.585,1140,-396,-13468,96,311,96,0,0,0
62490,25.99,26.31,7459,1.502,1044,-452,-13488,108,339,109,0,0,0
62495,25.99,26.31,9981,2.01,1064,-460,-13688,94,353,93,0,0,0
62500,25.99,26.31,12138,2.445,1112,-472,-13652,79,323,98,0,0,0
62504,25.99,26.31,7307,1.472,1136,-336,-13648,102,336,92,0,0,0
62509,25.99,26.31,6445,1.298,1112,-416,-13504,96,363,99,0,0,0
62514,25.99,26.31,8202,1.652,1104,-448,-13608,109,370,121,0,0,0
62520,25.99,26.31,7846,1.58,1120,-460,-13484,108,301,105,0,0,0
62525,25.99,26.31,9998,2.014,1120,-496,-13600,105,326,121,0,0,0
62530,25.99,26.31,9248,1.863,1004,-532,-13476,63,327,102,0,0,0
62534,25.99,26.31,7169,1.444,1096,-524,-13512,134,391,110,0,0,0
62539,25.99,26.31,10228,2.06,948,-380,-13516,102,347,93,0,0,0
62544,25.99,26.31,3807,0.767,1068,-372,-13564,107,293,100,0,0,0
62619,25.99,26.31,5162,1.04,1072,-432,-13480,105,331,114,0,0,0
62620,25.99,26.31,5258,1.059,1072,-432,-13480,105,331,114,0,0,0
62624,25.99,26.31,7054,1.421,1016,-432,-13500,104,317,87,0,0,0
62714,25.99,26.31,8423,1.697,1040,-532,-13552,110,311,88,0,0,0
62719,25.99,26.41,5858,1.18,1040,-356,-13380,102,329,108,0,0,0
62724,25.99,26.41,12176,2.453,1040,-400,-13664,83,360,93,0,0,0
62729,25.99,26.41,12153,2.448,1136,-448,-13528,88,351,79,0,0,0
62735,25.99,26.41,11080,2.232,1096,-464,-13516,107,320,91,0,0,0
62740,25.99,26.41,6710,1.352,988,-392,-13496,115,339,83,0,0,0
62744,25.99,26.41,12172,2.452,1108,-456,-13508,134,352,98,0,0,0
62749,25.99,26.41,12139,2.445,1032,-404,-13552,94,353,105,0,0,0
62754,25.99,26.41,6131,1.235,1124,-456,-13532,111,349,87,0,0,0
62760,25.99,26.41,9092,1.831,992,-532,-13528,95,323,81,0,0,0
62765,25.99,26.41,7067,1.423,1036,-388,-13440,103,337,106,0,0,0
62770,25.99,26.41,6209,1.251,1144,-284,-13600,95,338,99,0,0,0
62774,25.99,26.41,6629,1.335,1112,-364,-13588,85,320,104,0,0,0
62779,25.99,26.41,6851,1.38,1108,-404,-13680,99,333,131,0,0,0
62784,25.99,26.41,12144,2.446,1048,-416,-13464,89,315,82,0,0,0
62790,25.99,26.41,9501,1.914,1056,-484,-13656,119,356,105,0,0,0
62880,25.99,26.41,5787,1.166,1056,-484,-13656,119,356,105,0,0,0
62957,25.99,26.41,0,0.0,1044,-468,-13456,97,343,87,0,0,0
62975,25.99,26.41,50,0.01,1136,-532,-13476,101,302,97,0,0,0
62979,25.99,26.41,12203,2.458,1052,-312,-13524,97,337,122,0,0,0
62984,25.99,26.41,10214,2.057,1152,-536,-13628,103,342,100,0,0,0
62989,25.99,26.41,12151,2.448,1060,-400,-13740,115,309,108,0,0,0
62995,25.99,26.41,3300,0.665,1028,-480,-13448,112,305,102,0,0,0
63000,25.99,26.41,6816,1.373,1100,-440,-13432,55,334,109,0,0,0
63005,25.99,26.41,10760,2.167,936,-404,-13552,81,385,84,0,0,0
63009,25.99,26.41,7974,1.606,1100,-388,-13580,118,364,110,0,0,0
63014,25.99,26.41,12195,2.456,1144,-468,-13564,106,287,95,0,0,0
63019,25.99,26.41,6069,1.222,1136,-300,-13632,84,291,89,0,0,0
63025,25.99,26.41,9114,1.836,1076,-464,-13612,71,360,102,0,0,0
63030,25.99,26.41,11727,2.362,972,-444,-13460,82,362,102,0,0,0
63035,25.99,26.41,6972,1.404,1056,-412,-13500,126,303,109,0,0,0
63039,25.99,26.41,12145,2.446,1016,-464,-13400,95,304,98,0,0,0
63044,25.99,26.41,11703,2.357,1132,-444,-13708,80,319,84,0,0,0
63139,25.99,26.41,7335,1.477,1068,-352,-13600,110,338,93,0,0,0
63145,25.99,26.41,9548,1.923,1168,-404,-13580,81,320,95,0,0,0
63150,25.99,26.41,5864,1.181,1004,-448,-13516,107,341,107,0,0,0
63155,25.99,26.41,12198,2.457,1040,-404,-13472,101,334,98,0,0,0
63229,25.99,26.41,318,0.064,1108,-444,-13568,93,336,97,0,0,0
63234,25.99,26.41,4954,0.998,1048,-380,-13528,98,380,92,0,0,0
63240,25.99,26.41,7530,1.517,1040,-540,-13548,96,347,106,0,0,0
63245,25.99,26.41,5456,1.099,1108,-380,-13612,104,321,95,0,0,0
63250,26.01,26.43,6083,1.225,1132,-508,-13712,104,315,91,0,0,0
63254,26.01,26.43,5493,1.106,1092,-392,-13504,69,356,102,0,0,0
63259,26.01,26.43,5039,1.015,944,-428,-13568,97,363,88,0,0,0
63264,26.01,26.43,8676,1.748,1172,-468,-13644,138,328,106,0,0,0
63270,26.01,26.43,10247,2.064,1036,-420,-13460,110,319,96,0,0,0
63275,26.01,26.43,6989,1.408,1092,-404,-13480,103,337,98,0,0,0
63280,26.01,26.43,5713,1.151,1036,-452,-13516,86,357,96,0,0,0
63284,26.01,26.43,7614,1.534,1076,-452,-13560,91,326,91,0,0,0
63378,26.01,26.43,12191,2.456,1064,-348,-13484,112,319,88,0,0,0
63379,26.01,26.43,6873,1.384,1092,-468,-13484,102,322,92,0,0,0
63384,26.01,26.43,12185,2.454,1052,-472,-13532,101,318,93,0,0,0
63389,26.01,26.43,12212,2.46,984,-408,-13580,111,351,87,0,0,0
63395,26.01,26.43,6238,1.257,1032,-492,-13400,104,341,95,0,0,0
63400,26.01,26.43,4961,0.999,1016,-496,-13624,127,347,103,0,0,0
63405,26.01,26.43,5132,1.034,1172,-452,-13556,85,330,99,0,0,0
63409,26.01,26.43,3274,0.659,1124,-352,-13556,99,330,120,0,0,0
63508,26.01,26.43,5213,1.05,1060,-480,-13796,131,305,103,0,0,0
63535,26.01,26.43,12150,2.447,1020,-572,-13716,88,314,111,0,0,0
63539,26.01,26.43,5027,1.013,1016,-408,-13496,102,339,92,0,0,0
63544,26.01,26.43,12200,2.457,1080,-576,-13660,104,315,93,0,0,0
63550,26.01,26.43,12198,2.457,992,-376,-13500,106,327,101,0,0,0
63555,26.01,26.43,12199,2.457,1172,-372,-13480,110,304,96,0,0,0
63559,26.01,26.43,3863,0.778,1072,-488,-13656,80,315,105,0,0,0
63564,26.01,26.43,5902,1.189,1008,-428,-13712,108,357,72,0,0,0
63569,26.01,26.43,12159,2.449,1052,-436,-13388,112,358,103,0,0,0
63574,26.01,26.43,12178,2.453,1148,-408,-13692,98,315,95,0,0,0
63667,26.01,26.43,12184,2.454,1032,-336,-13352,82,302,130,0,0,0
63669,26.01,26.43,12139,2.445,976,-452,-13628,94,315,86,0,0,0
63674,26.01,26.43,12155,2.448,1140,-412,-13548,92,355,99,0,0,0
63680,26.01,26.43,12202,2.458,1012,-460,-13636,99,344,94,0,0,0
63685,26.01,26.43,12199,2.457,1060,-500,-13584,110,310,119,0,0,0
63690,26.01,26.43,12158,2.449,992,-348,-13448,96,300,96,0,0,0
63694,26.01,26.43,12167,2.451,1056,-452,-13612,80,329,93,0,0,0
63699,26.01,26.43,12138,2.445,1032,-480,-13380,95,333,104,0,0,0
63704,26.01,26.43,1273,0.256,1148,-468,-13592,70,344,107,0,0,0
63710,26.01,26.43,9843,1.983,1092,-420,-13616,134,339,79,0,0,0
63784,26.03,26.43,1610,0.324,1052,-428,-13576,123,304,121,0,0,0
63789,26.03,26.43,12149,2.447,1088,-384,-13476,102,320,97,0,0,0
63794,26.03,26.43,12188,2.455,1072,-400,-13556,88,351,90,0,0,0
63800,26.03,26.43,12190,2.455,1008,-392,-13528,104,348,124,0,0,0
63805,26.03,26.43,12213,2.46,1020,-444,-13416,85,342,113,0,0,0
63810,26.03,26.43,12213,2.46,1072,-492,-13560,100,339,101,0,0,0
63814,26.03,26.43,12195,2.456,1012,-456,-13436,107,317,99,0,0,0
63903,26.03,26.43,9770,1.968,1040,-512,-13476,122,325,104,0,0,0
63905,26.03,26.43,2284,0.46,1040,-512,-13476,122,325,104,0,0,0
63910,26.03,26.43,12157,2.449,1140,-348,-13564,112,313,90,0,0,0
63914,26.03,26.43,12145,2.446,984,-536,-13712,96,343,90,0,0,0
63919,26.03,26.43,6804,1.371,1032,-508,-13460,102,356,83,0,0,0
63924,26.03,26.43,12183,2.454,1152,-324,-13580,105,327,110,0,0,0
63934,26.03,26.43,207,0.042,936,-464,-13704,72,342,113,0,0,0
63939,26.03,26.43,6565,1.322,1072,-292,-13512,73,352,102,0,0,0
63945,26.03,26.43,9050,1.823,1032,-508,-13616,115,342,106,0,0,0
63950,26.03,26.43,6724,1.354,1064,-456,-13564,129,325,106,0,0,0
63955,26.03,26.43,8227,1.657,1008,-500,-13660,72,292,100,0,0,0
63959,26.03,26.43,5993,1.207,1180,-364,-13568,66,329,92,0,0,0
63964,26.03,26.43,8703,1.753,1020,-468,-13720,78,391,109,0,0,0
64039,26.03,26.43,3862,0.778,1096,-484,-13392,121,332,80,0,0,0
64044,26.03,26.43,12185,2.454,1184,-416,-13336,80,319,111,0,0,0
64050,26.03,26.43,12158,2.449,1072,-412,-13576,64,341,122,0,0,0
64055,26.03,26.43,12173,2.452,1032,-452,-13604,128,378,113,0,0,0
64060,26.03,26.43,12179,2.453,1068,-352,-13336,112,329,91,0,0,0
64152,26.03,26.43,12163,2.45,1148,-480,-13628,97,330,95,0,0,0
64154,26.03,26.43,5388,1.085,1140,-524,-13472,95,317,104,0,0,0
64159,26.03,26.43,12156,2.449,1040,-496,-13624,89,322,101,0,0,0
64165,26.03,26.43,10408,2.096,1128,-512,-13596,90,362,78,0,0,0
64170,26.03,26.43,5719,1.152,1052,-460,-13600,109,366,108,0,0,0
64174,26.03,26.43,8295,1.671,1052,-440,-13584,115,329,102,0,0,0
64179,25.99,26.35,12166,2.451,976,-320,-13508,116,319,87,0,0,0
64184,25.99,26.35,12134,2.444,1104,-476,-13532,71,344,106,0,0,0
64189,25.99,26.35,6655,1.341,1040,-404,-13456,106,341,98,0,0,0
64195,25.99,26.35,10990,2.214,1008,-484,-13500,111,329,89,0,0,0
64200,25.99,26.35,6384,1.286,1100,-504,-13564,93,310,89,0,0,0
64204,25.99,26.35,7913,1.594,1068,-464,-13588,68,293,114,0,0,0
64209,25.99,26.35,9110,1.835,1000,-456,-13656,94,350,104,0,0,0
64214,25.99,26.35,7186,1.447,1072,-464,-13548,117,362,85,0,0,0
64220,25.99,26.35,12134,2.444,1080,-444,-13700,117,321,88,0,0,0
64294,25.99,26.35,3597,0.725,984,-552,-13628,95,289,87,0,0,0
64299,25.99,26.35,12183,2.454,1156,-464,-13412,136,372,109,0,0,0
64392,25.99,26.35,12194,2.456,1168,-472,-13624,107,336,98,0,0,0
64394,25.99,26.35,21,0.004,1064,-380,-13516,100,364,99,0,0,0
64400,25.99,26.35,12193,2.456,1128,-520,-13464,112,326,87,0,0,0
64405,25.99,26.35,5261,1.06,1048,-448,-13564,106,324,105,0,0,0
64410,25.99,26.35,7818,1.575,1044,-484,-13408,109,350,111,0,0,0
64414,25.99,26.35,12183,2.454,1092,-400,-13496,99,343,112,0,0,0
64419,25.99,26.35,4970,1.001,1244,-472,-13608,93,342,125,0,0,0
64424,25.99,26.35,12201,2.458,1004,-540,-13524,105,319,96,0,0,0
64434,25.99,26.35,11463,2.309,980,-512,-13688,98,324,97,0,0,0
64439,25.99,26.35,11451,2.307,1032,-388,-13588,138,337,97,0,0,0
64445,25.99,26.35,12202,2.458,1080,-388,-13572,108,314,90,0,0,0
64450,25.99,26.35,12152,2.448,1044,-464,-13668,88,322,98,0,0,0
64455,25.99,26.35,12178,2.453,1080,-336,-13616,83,358,86,0,0,0
64459,25.99,26.35,12017,2.421,1120,-476,-13628,90,332,93,0,0,0
64464,25.99,26.35,5912,1.191,1176,-356,-13496,80,318,105,0,0,0
64469,25.99,26.35,5823,1.173,1056,-492,-13508,89,321,86,0,0,0
64475,25.99,26.35,12117,2.441,1068,-452,-13556,67,331,83,0,0,0
64591,25.99,26.35,1548,0.312,1052,-348,-13684,95,335,108,0,0,0
64670,25.99,26.35,1960,0.395,1032,-456,-13536,80,314,107,0,0,0
64675,25.99,26.35,10026,2.02,1088,-388,-13396,109,336,105,0,0,0
64680,25.99,26.29,7337,1.478,1032,-380,-13488,116,317,120,0,0,0
64685,25.99,26.29,10900,2.196,1164,-508,-13492,108,350,91,0,0,0
64689,25.99,26.29,6562,1.322,968,-388,-13576,111,337,98,0,0,0
64694,25.99,26.29,7207,1.452,1208,-472,-13448,106,334,95,0,0,0
64699,25.99,26.29,11580,2.333,1092,-444,-13576,93,324,115,0,0,0
64705,25.99,26.29,9416,1.897,1080,-508,-13672,101,320,89,0,0,0
64710,25.99,26.29,10115,2.037,1088,-408,-13612,120,352,103,0,0,0
64715,25.99,26.29,6209,1.251,1136,-312,-13492,95,342,83,0,0,0
64719,25.99,26.29,12200,2.457,1004,-468,-13568,81,338,109,0,0,0
64724,25.99,26.29,11938,2.405,992,-428,-13464,107,363,96,0,0,0
64729,25.99,26.29,12123,2.442,1044,-420,-13684,116,328,98,0,0,0
64735,25.99,26.29,12190,2.455,1088,-476,-13524,110,331,92,0,0,0
64740,25.99,26.29,9405,1.894,1044,-408,-13416,101,311,101,0,0,0
64744,25.99,26.29,11511,2.319,1032,-448,-13368,89,307,76,0,0,0
64834,25.99,26.29,2711,0.546,1112,-484,-13568,109,322,90,0,0,0
64835,25.99,26.29,79,0.016,1112,-484,-13568,109,322,90,0,0,0
64839,25.99,26.29,7868,1.585,1032,-536,-13600,100,320,111,0,0,0
64845,25.99,26.29,6024,1.213,1132,-440,-13564,103,331,105,0,0,0
64920,25.99,26.29,1212,0.244,1112,-356,-13600,113,325,107,0,0,0
64925,25.99,26.29,8141,1.64,1052,-396,-13524,111,333,92,0,0,0
64938,25.99,26.29,1383,0.279,1012,-372,-13524,109,327,109,0,0,0
64939,25.99,26.29,160,0.032,1200,-392,-13448,108,320,98,0,0,0
64944,25.99,26.29,8292,1.67,1092,-396,-13684,76,331,91,0,0,0
64949,25.99,26.29,5563,1.121,944,-500,-13572,72,365,79,0,0,0
64955,25.99,26.29,6578,1.325,1056,-340,-13472,126,372,77,0,0,0
64960,25.99,26.29,7364,1.483,1036,-508,-13416,130,299,104,0,0,0
64965,25.99,26.29,6674,1.344,1132,-440,-13504,98,316,88,0,0,0
64969,25.99,26.29,7086,1.427,1020,-524,-13524,79,339,116,0,0,0
64974,25.99,26.29,9566,1.927,1028,-408,-13620,110,355,97,0,0,0
64979,25.99,26.29,4116,0.829,1068,-524,-13456,112,328,95,0,0,0
64985,25.99,26.29,4683,0.943,928,-432,-13488,92,333,93,0,0,0
64990,25.99,26.29,8257,1.663,1032,-372,-13480,70,350,89,0,0,0
64995,25.99,26.29,7906,1.592,1096,-484,-13492,115,340,116,0,0,0
65086,25.99,26.29,7355,1.482,1068,-412,-13548,119,355,118,0,0,0
65090,25.99,26.29,680,0.137,1056,-408,-13576,103,311,102,0,0,0
65095,25.99,26.29,6663,1.342,1108,-448,-13500,117,304,110,0,0,0
65099,25.99,26.29,9409,1.895,1076,-476,-13612,94,314,104,0,0,0
65104,25.99,26.29,10284,2.071,1068,-400,-13508,102,331,108,0,0,0
65179,25.99,26.29,7371,1.485,1068,-420,-13788,140,339,111,0,0,0
65184,25.99,26.29,5376,1.083,1148,-460,-13544,74,343,95,0,0,0
65190,25.99,26.29,6693,1.348,1148,-468,-13548,113,338,118,0,0,0
65195,25.99,26.47,6698,1.349,1004,-344,-13708,100,348,103,0,0,0
65199,25.99,26.47,10287,2.072,1092,-360,-13404,96,345,103,0,0,0
65204,25.99,26.47,4822,0.971,1076,-508,-13472,91,340,115,0,0,0
65209,25.99,26.47,4734,0.954,1016,-344,-13452,102,332,110,0,0,0
65214,25.99,26.47,9371,1.888,996,-500,-13696,100,343,108,0,0,0
65220,25.99,26.47,12143,2.446,1032,-480,-13604,102,322,96,0,0,0
65225,25.99,26.47,5902,1.189,1172,-388,-13560,124,348,105,0,0,0
65229,25.99,26.47,3957,0.797,1084,-436,-13392,96,361,103,0,0,0
65234,25.99,26.47,9128,1.839,1072,-456,-13576,96,362,103,0,0,0
65326,25.99,26.47,2325,0.468,1056,-428,-13560,105,324,96,0,0,0
65329,25.99,26.47,4468,0.9,1116,-400,-13436,111,337,110,0,0,0
65335,25.99,26.47,8358,1.684,1124,-432,-13492,104,351,107,0,0,0
65340,25.99,26.47,7331,1.477,980,-396,-13540,129,347,106,0,0,0
65344,25.99,26.47,4365,0.879,1044,-332,-13572,98,309,104,0,0,0
65349,25.99,26.47,8159,1.643,1076,-480,-13576,102,319,107,0,0,0
65354,25.99,26.47,3720,0.749,1132,-452,-13684,104,364,92,0,0,0
65359,25.99,26.47,4530,0.912,1100,-468,-13500,101,343,105,0,0,0
65434,25.99,26.47,2521,0.508,1140,-388,-13524,100,312,106,0,0,0
65459,25.99,26.47,5832,1.175,1168,-420,-13660,87,334,95,0,0,0
65460,25.99,26.47,3386,0.682,1012,-508,-13452,108,313,97,0,0,0
65464,25.99,26.47,5170,1.041,1052,-452,-13628,100,321,112,0,0,0
65470,25.99,26.47,10129,2.04,1068,-408,-13460,98,319,81,0,0,0
65475,25.99,26.47,4632,0.933,1092,-436,-13540,90,340,86,0,0,0
65480,25.99,26.47,6348,1.279,1052,-372,-13548,84,350,111,0,0,0
65484,25.99,26.47,5103,1.028,1108,-452,-13468,115,346,91,0,0,0
65489,25.99,26.47,7106,1.431,1036,-380,-13608,113,346,101,0,0,0
65494,25.99,26.47,9362,1.886,996,-376,-13492,99,349,106,0,0,0
65500,25.99,26.47,8281,1.668,1060,-368,-13536,110,337,94,0,0,0
65614,25.99,26.47,2461,0.496,1024,-476,-13592,73,340,87,0,0,0
65619,25.99,26.47,4749,0.957,1008,-352,-13648,98,387,78,0,0,0
65624,25.99,26.47,2223,0.448,1128,-424,-13552,131,348,84,0,0,0
65629,25.99,26.47,6471,1.303,980,-420,-13516,144,340,100,0,0,0
65635,25.99,26.47,3822,0.77,1148,-432,-13460,123,314,82,0,0,0
65640,25.99,26.47,4423,0.891,1056,-524,-13528,88,318,79,0,0,0
65644,25.99,26.47,7734,1.558,1032,-392,-13504,98,358,104,0,0,0
65649,25.99,26.47,6665,1.343,1048,-476,-13540,102,351,115,0,0,0
65654,25.99,26.47,5660,1.14,1068,-500,-13520,101,328,120,0,0,0
65729,25.99,26.67,6646,1.339,1056,-444,-13612,106,322,105,0,0,0
65730,25.99,26.67,9574,1.928,1176,-592,-13532,124,316,90,0,0,0
65734,25.99,26.67,6858,1.381,1108,-388,-13560,130,323,99,0,0,0
65740,25.99,26.67,6877,1.385,1028,-568,-13480,104,329,87,0,0,0
65745,25.99,26.67,9924,1.999,1008,-452,-13648,87,347,101,0,0,0
65750,25.99,26.67,7354,1.481,1028,-408,-13552,109,349,102,0,0,0
65754,25.99,26.67,3213,0.647,1040,-428,-13564,130,357,111,0,0,0
65759,25.99,26.67,4080,0.822,1084,-432,-13536,96,322,96,0,0,0
65764,25.99,26.67,2453,0.494,1112,-420,-13468,101,339,104,0,0,0
65854,25.99,26.67,569,0.115,1100,-404,-13576,66,346,88,0,0,0
65859,25.99,26.67,7279,1.466,1048,-360,-13640,84,336,118,0,0,0
65865,25.99,26.67,7045,1.419,1036,-380,-13824,109,373,111,0,0,0
65870,25.99,26.67,4742,0.955,1080,-436,-13544,135,331,94,0,0,0
65875,25.99,26.67,7592,1.529,1064,-388,-13496,101,340,103,0,0,0
65879,25.99,26.67,3829,0.771,1004,-576,-13516,86,320,83,0,0,0
65884,25.99,26.67,5244,1.056,1052,-444,-13576,118,353,113,0,0,0
65889,25.99,26.67,3267,0.658,1036,-488,-13516,135,331,95,0,0,0
65895,25.99,26.67,10818,2.179,1080,-260,-13528,108,322,97,0,0,0
65900,25.99,26.67,5547,1.117,1024,-488,-13516,117,287,102,0,0,0
65905,25.99,26.67,7695,1.55,1028,-332,-13404,102,320,91,0,0,0
65980,25.99,26.67,2538,0.511,932,-1080,-13620,26,261,946,0,0,0
65993,25.99,26.67,234,0.047,972,-756,-13648,-109,314,1501,0,0,0
65994,25.99,26.67,4644,0.935,956,-656,-13660,109,308,1637,0,0,0
65999,25.99,26.67,8269,1.666,1172,-320,-13280,9,271,1716,0,0,0
66004,25.99,26.67,6804,1.371,1164,-272,-13484,91,380,1597,0,0,0
66010,25.99,26.67,11840,2.385,1032,-332,-13664,-10,379,1465,0,0,0
66015,25.99,26.67,7824,1.576,1188,-216,-13388,97,355,1388,0,0,0
66106,25.99,26.67,9929,2.0,972,-408,-13548,73,350,574,0,0,0
66109,25.99,26.67,4975,1.002,1112,-296,-13660,54,368,510,0,0,0
66114,25.99,26.67,4738,0.954,1112,-172,-13776,96,331,433,0,0,0
66119,25.99,26.67,3440,0.693,1112,-172,-13776,96,331,433,0,0,0
66125,25.99,26.67,7670,1.545,1084,-216,-13524,98,319,162,0,0,0
66130,25.99,26.67,9063,1.826,964,-384,-13688,80,347,81,0,0,0
66134,25.99,26.67,7561,1.523,1128,-400,-13628,70,349,91,0,0,0
66139,25.99,26.67,4148,0.836,1076,-388,-13444,108,318,119,0,0,0
66144,25.99,26.67,9126,1.838,1016,-476,-13584,101,313,90,0,0,0
66149,25.99,26.67,5443,1.096,1016,-476,-13584,101,313,90,0,0,0
66155,25.99,26.67,6246,1.258,1128,-476,-13668,94,352,122,0,0,0
66160,25.99,26.67,6030,1.215,1040,-420,-13628,91,321,151,0,0,0
66164,25.99,26.67,4397,0.886,1120,-504,-13364,97,310,148,0,0,0
66239,25.99,26.67,1821,0.367,1096,-252,-13640,101,336,166,0,0,0
66245,25.99,26.59,7677,1.546,1092,-336,-13532,96,310,107,0,0,0
66249,25.99,26.59,4915,0.99,1092,-344,-13488,91,319,110,0,0,0
66254,25.99,26.59,5433,1.094,1016,-400,-13504,97,328,112,0,0,0
66346,25.99,26.59,7885,1.588,1044,-376,-13584,96,315,94,0,0,0
66349,25.99,26.59,5992,1.207,1020,-532,-13544,102,338,94,0,0,0
66354,25.99,26.59,6193,1.247,1144,-400,-13584,132,335,112,0,0,0
66359,25.99,26.59,12195,2.456,1144,-400,-13584,132,335,112,0,0,0
66365,25.99,26.59,11424,2.301,1144,-380,-13516,97,315,95,0,0,0
66370,25.99,26.59,5724,1.153,984,-468,-13724,88,331,88,0,0,0
66375,25.99,26.59,7749,1.561,1120,-356,-13584,79,340,95,0,0,0
66379,25.99,26.59,9456,1.905,1128,-472,-13580,143,349,99,0,0,0
66384,25.99,26.59,6225,1.254,1076,-400,-13624,100,304,93,0,0,0
66389,25.99,26.59,8941,1.801,1076,-400,-13624,100,304,93,0,0,0
66395,25.99,26.59,8143,1.64,1076,-448,-13548,118,309,86,0,0,0
66400,25.99,26.59,8058,1.623,904,-440,-13636,81,364,91,0,0,0
66405,25.99,26.59,8315,1.675,1068,-464,-13520,94,371,95,0,0,0
66409,25.99,26.59,7629,1.537,1060,-540,-13408,130,339,101,0,0,0
66414,25.99,26.59,9080,1.829,1108,-444,-13572,106,293,109,0,0,0
66419,25.99,26.59,9901,1.994,1108,-444,-13572,106,293,109,0,0,0
66493,25.99,26.59,5614,1.131,984,-424,-13492,93,353,107,0,0,0
66507,25.99,26.59,4773,0.961,1052,-384,-13580,108,338,100,0,0,0
66623,25.99,26.59,1765,0.356,1124,-404,-13560,89,373,90,0,0,0
66625,25.99,26.59,420,0.085,1076,-440,-13580,101,321,88,0,0,0
66630,25.99,26.59,5312,1.07,1060,-396,-13592,117,338,113,0,0,0
66635,25.99,26.59,3449,0.695,1060,-480,-13392,81,349,99,0,0,0
66640,25.99,26.59,9655,1.945,1140,-404,-13488,95,330,106,0,0,0
66644,25.99,26.59,7970,1.605,1064,-448,-13732,84,336,107,0,0,0
66649,25.99,26.59,5838,1.176,1064,-448,-13732,84,336,107,0,0,0
66654,25.99,26.59,4766,0.96,1104,-488,-13508,101,343,109,0,0,0
66660,25.99,26.59,7468,1.504,1028,-364,-13504,97,318,92,0,0,0
66665,25.99,26.59,7624,1.536,1016,-460,-13488,108,320,94,0,0,0
66669,25.99,26.59,7646,1.54,1120,-452,-13532,118,330,93,0,0,0
66674,25.99,26.59,4952,0.997,1168,-376,-13668,112,325,80,0,0,0
66679,25.99,26.59,5961,1.201,1168,-376,-13668,112,325,80,0,0,0
66684,25.99,26.59,3523,0.71,1160,-404,-13616,75,322,105,0,0,0
66690,25.99,26.59,7306,1.472,1120,-440,-13440,112,354,97,0,0,0
66695,25.99,26.59,7864,1.584,1036,-348,-13480,95,324,101,0,0,0
66699,25.99,26.59,8024,1.616,1040,-328,-13564,102,330,116,0,0,0
66789,26.01,26.37,3524,0.71,1020,-396,-13384,106,328,79,0,0,0
66866,26.01,26.37,5534,1.115,1052,-440,-13504,97,337,96,0,0,0
66869,26.01,26.37,2434,0.49,1052,-440,-13504,97,337,96,0,0,0
66875,26.01,26.37,5844,1.177,1036,-424,-13480,92,352,98,0,0,0
66880,26.01,26.37,4349,0.876,1120,-388,-13588,113,334,98,0,0,0
66885,26.01,26.37,5607,1.129,1040,-452,-13580,119,337,111,0,0,0
66889,26.01,26.37,3448,0.695,1184,-404,-13572,106,340,113,0,0,0
66894,26.01,26.37,4832,0.973,1184,-404,-13572,106,340,113,0,0,0
66899,26.01,26.37,7037,1.417,968,-532,-13496,81,328,99,0,0,0
66905,26.01,26.37,6356,1.28,1108,-464,-13560,111,316,95,0,0,0
66910,26.01,26.37,6774,1.364,1132,-480,-13504,76,332,115,0,0,0
66915,26.01,26.37,8431,1.698,1020,-476,-13676,64,343,104,0,0,0
66919,26.01,26.37,4664,0.939,1056,-240,-13692,104,338,89,0,0,0
66924,26.01,26.37,5789,1.166,1056,-240,-13692,104,338,89,0,0,0
66934,26.01,26.37,3380,0.681,1128,-488,-13452,96,339,108,0,0,0
66939,26.01,26.37,6413,1.292,1168,-332,-13632,105,344,94,0,0,0
66945,26.01,26.37,4419,0.89,1140,-444,-13592,127,341,105,0,0,0
66950,26.01,26.37,5433,1.094,1008,-544,-13524,114,314,96,0,0,0
67040,26.01,26.37,459,0.092,948,-420,-13668,97,304,93,0,0,0
67045,26.01,26.37,5434,1.095,988,-412,-13472,103,334,102,0,0,0
67049,26.01,26.37,4325,0.871,1028,-372,-13724,92,365,99,0,0,0
67124,26.01,26.37,465,0.094,1056,-488,-13484,103,333,101,0,0,0
67125,26.01,26.37,3448,0.695,1136,-388,-13524,92,346,94,0,0,0
67129,26.01,26.37,5047,1.017,1136,-388,-13524,92,346,94,0,0,0
67135,26.01,26.37,5678,1.144,1036,-384,-13516,94,346,98,0,0,0
67140,26.01,26.37,2771,0.558,940,-504,-13528,114,340,111,0,0,0
67145,26.01,26.37,8299,1.672,1100,-404,-13448,100,316,108,0,0,0
67149,26.01,26.37,5277,1.063,1020,-456,-13560,88,321,105,0,0,0
67154,26.01,26.37,6705,1.351,1020,-456,-13560,88,321,105,0,0,0
67159,26.01,26.37,5935,1.195,1084,-416,-13596,78,349,87,0,0,0
67165,26.01,26.37,7034,1.417,1096,-480,-13600,95,305,92,0,0,0
67170,26.01,26.37,8520,1.716,1024,-396,-13408,130,322,102,0,0,0
67175,26.01,26.37,8658,1.744,1068,-424,-13380,105,326,102,0,0,0
67179,26.03,26.43,4129,0.832,1092,-456,-13492,103,325,107,0,0,0
67184,26.03,26.43,7174,1.445,1092,-456,-13492,103,325,107,0,0,0
67189,26.03,26.43,5115,1.03,1068,-468,-13468,95,351,124,0,0,0
67279,26.03,26.43,1187,0.239,1068,-468,-13468,95,351,124,0,0,0
67280,26.03,26.43,3169,0.638,1128,-380,-13576,90,305,112,0,0,0
67284,26.03,26.43,4934,0.994,1128,-380,-13576,90,305,112,0,0,0
67289,26.03,26.43,7782,1.568,1032,-520,-13388,121,323,97,0,0,0
67295,26.03,26.43,3884,0.782,1164,-464,-13604,100,340,107,0,0,0
67370,26.03,26.43,1908,0.384,1196,-320,-13536,103,321,99,0,0,0
67375,26.03,26.43,6492,1.308,1092,-368,-13548,89,330,109,0,0,0
67380,26.03,26.43,5552,1.118,1024,-380,-13512,115,338,105,0,0,0
67384,26.03,26.43,7371,1.485,1024,-380,-13512,115,338,105,0,0,0
67389,26.03,26.43,8947,1.802,1072,-520,-13548,102,325,107,0,0,0
67394,26.03,26.43,10298,2.074,1068,-436,-13508,97,321,102,0,0,0
67400,26.03,26.43,11740,2.365,1008,-496,-13584,92,324,98,0,0,0
67405,26.03,26.43,6628,1.335,996,-320,-13548,97,325,93,0,0,0
67409,26.03,26.43,7326,1.476,1072,-396,-13584,106,324,101,0,0,0
67414,26.03,26.43,7057,1.421,1072,-396,-13584,106,324,101,0,0,0
67419,26.03,26.43,10407,2.096,1140,-452,-13612,95,320,108,0,0,0
67424,26.03,26.43,7428,1.496,1000,-440,-13568,108,336,106,0,0,0
67434,26.03,26.43,2579,0.519,1020,-468,-13520,124,326,108,0,0,0
67526,26.03,26.43,7485,1.508,1004,-468,-13488,91,345,89,0,0,0
67529,26.03,26.43,4055,0.817,1004,-468,-13488,91,345,89,0,0,0
67535,26.03,26.43,3737,0.753,1028,-440,-13532,110,341,122,0,0,0
67540,26.03,26.43,8352,1.682,1064,-340,-13488,111,341,110,0,0,0
67545,26.03,26.43,6947,1.399,1016,-380,-13476,104,302,107,0,0,0
67549,26.03,26.43,10515,2.118,1016,-380,-13476,104,302,107,0,0,0
67554,26.03,26.43,7321,1.475,1120,-472,-13676,118,326,97,0,0,0
67653,26.03,26.43,6335,1.276,1092,-568,-13524,96,352,93,0,0,0
67655,26.03,26.43,2245,0.452,1060,-380,-13564,93,341,119,0,0,0
67660,26.03,26.43,10369,2.089,1076,-420,-13576,110,331,84,0,0,0
67665,26.03,26.43,7671,1.545,1104,-340,-13540,94,343,105,0,0,0
67669,26.03,26.43,5339,1.075,1104,-340,-13540,94,343,105,0,0,0
67674,26.03,26.43,12184,2.454,1052,-308,-13504,95,335,96,0,0,0
67679,26.01,26.61,8046,1.621,1064,-424,-13568,87,335,89,0,0,0
67684,26.01,26.61,7662,1.543,1120,-328,-13496,104,370,98,0,0,0
67690,26.01,26.61,8657,1.744,1000,-420,-13464,104,335,109,0,0,0
67695,26.01,26.61,7641,1.539,996,-492,-13564,121,308,97,0,0,0
67699,26.01,26.61,6733,1.356,996,-492,-13564,121,308,97,0,0,0
67790,26.01,26.61,10354,2.086,1108,-436,-13660,74,326,95,0,0,0
67794,26.01,26.61,12186,2.455,1108,-436,-13660,74,326,95,0,0,0
67800,26.01,26.61,12153,2.448,936,-308,-13372,88,358,114,0,0,0
67805,26.01,26.61,11236,2.263,976,-400,-13512,155,325,102,0,0,0
67810,26.01,26.61,10915,2.199,976,-400,-13512,155,325,102,0,0,0
67814,26.01,26.61,12152,2.448,1068,-564,-13476,127,271,87,0,0,0
67819,26.01,26.61,12192,2.456,1060,-396,-13492,93,291,90,0,0,0
67824,26.01,26.61,12167,2.451,1168,-384,-13612,91,338,101,0,0,0
67830,26.01,26.61,12188,2.455,1124,-332,-13504,97,391,100,0,0,0
67904,26.01,26.61,8449,1.702,1012,-408,-13488,123,340,107,0,0,0
67905,26.01,26.61,788,0.159,1164,-324,-13492,127,333,76,0,0,0
67909,26.01,26.61,3888,0.783,1164,-324,-13492,127,333,76,0,0,0
67915,26.01,26.61,9686,1.951,1060,-396,-13684,60,347,128,0,0,0
67920,26.01,26.61,7017,1.413,1112,-428,-13668,94,347,78,0,0,0
67925,26.01,26.61,8788,1.77,1112,-428,-13668,94,347,78,0,0,0
67934,26.01,26.61,2338,0.471,1132,-352,-13484,126,303,108,0,0,0
67939,26.01,26.61,7909,1.593,928,-444,-13564,86,309,103,0,0,0
67944,26.01,26.61,4416,0.89,1032,-428,-13416,92,352,116,0,0,0
68037,26.01,26.61,4733,0.953,1196,-452,-13504,109,340,106,0,0,0
68039,26.01,26.61,12214,2.46,1196,-452,-13504,109,340,106,0,0,0
68044,26.01,26.61,9646,1.943,1076,-444,-13668,99,340,105,0,0,0
68049,26.01,26.61,7842,1.58,1036,-436,-13664,109,308,104,0,0,0
68055,26.01,26.61,11401,2.296,988,-448,-13728,85,360,117,0,0,0
68060,26.01,26.61,7345,1.479,1144,-348,-13696,105,354,102,0,0,0
68065,26.01,26.61,8739,1.76,1144,-348,-13696,105,354,102,0,0,0
68069,26.01,26.61,9637,1.941,1000,-360,-13656,124,339,128,0,0,0
68074,26.01,26.61,7942,1.6,1124,-352,-13480,102,324,89,0,0,0
68079,26.01,26.61,5962,1.201,1000,-492,-13600,131,331,102,0,0,0
68085,26.01,26.61,9884,1.991,1012,-532,-13592,105,322,94,0,0,0
68160,26.01,26.61,551,0.111,1048,-472,-13524,106,343,88,0,0,0
68164,26.01,26.61,5097,1.027,1048,-472,-13524,106,343,88,0,0,0
68170,26.01,26.61,9638,1.941,1124,-484,-13528,96,317,84,0,0,0
68175,26.01,26.61,6400,1.289,1124,-484,-13528,96,317,84,0,0,0
68180,26.03,26.55,7804,1.572,1132,-348,-13516,95,321,76,0,0,0
68184,26.03,26.55,7489,1.508,1164,-408,-13592,110,347,91,0,0,0
68277,26.03,26.55,12161,2.45,1104,-212,-13488,118,367,112,0,0,0
68280,26.03,26.55,12163,2.45,1104,-212,-13488,118,367,112,0,0,0
68284,26.03,26.55,12195,2.456,892,-356,-13572,91,279,107,0,0,0
68289,26.03,26.55,12145,2.446,1240,-584,-13464,119,333,97,0,0,0
68294,26.03,26.55,12176,2.453,1008,-208,-13524,77,302,76,0,0,0
68300,26.03,26.55,12205,2.458,1100,-404,-13444,99,381,82,0,0,0
68305,26.03,26.55,12196,2.457,1100,-404,-13444,99,381,82,0,0,0
68310,26.03,26.55,12204,2.458,936,-400,-13380,98,334,100,0,0,0
68314,26.03,26.55,6669,1.343,1184,-516,-13644,108,349,117,0,0,0
68319,26.03,26.55,9542,1.922,1000,-308,-13516,109,343,111,0,0,0
68324,26.03,26.55,12149,2.447,944,-532,-13668,80,315,101,0,0,0
68330,26.03,26.55,12183,2.454,1032,-372,-13524,85,350,90,0,0,0
68335,26.03,26.55,12189,2.455,1032,-372,-13524,85,350,90,0,0,0
68340,26.03,26.55,12163,2.45,1188,-600,-13536,113,344,117,0,0,0
68413,26.03,26.55,2768,0.558,1052,-404,-13616,102,363,90,0,0,0
68415,26.03,26.55,1185,0.239,1192,-468,-13428,100,331,97,0,0,0
68420,26.03,26.55,12152,2.448,1192,-468,-13428,100,331,97,0,0,0
68425,26.03,26.55,6001,1.209,1092,-460,-13568,105,302,109,0,0,0
68435,26.03,26.55,8244,1.661,1064,-400,-13628,75,379,111,0,0,0
68526,26.03,26.55,1273,0.256,1032,-516,-13424,105,379,103,0,0,0
68529,26.03,26.55,10272,2.069,1032,-516,-13424,105,379,103,0,0,0
68534,26.03,26.55,1934,0.39,1044,-424,-13592,111,368,106,0,0,0
68539,26.03,26.55,12136,2.445,1012,-440,-13540,112,300,103,0,0,0
68544,26.03,26.55,12176,2.453,1164,-448,-13532,76,327,98,0,0,0
68550,26.03,26.55,12198,2.457,1040,-416,-13552,78,351,95,0,0,0
68555,26.03,26.55,5365,1.081,1052,-304,-13600,97,363,76,0,0,0
68559,26.03,26.55,12132,2.444,1196,-244,-13484,88,356,104,0,0,0
68564,26.03,26.55,12148,2.447,1076,-308,-13412,94,322,87,0,0,0
68569,26.03,26.55,12136,2.445,1024,-380,-13508,124,323,113,0,0,0
68575,26.03,26.55,12176,2.453,1064,-480,-13440,119,340,103,0,0,0
68580,26.03,26.55,12137,2.445,1064,-480,-13440,119,340,103,0,0,0
68585,26.03,26.55,11968,2.411,1188,-220,-13596,105,311,74,0,0,0
68589,26.03,26.55,9052,1.823,1080,-372,-13544,109,333,93,0,0,0
68594,26.03,26.55,8315,1.675,980,-404,-13516,79,340,95,0,0,0
68693,26.03,26.55,3012,0.607,984,-356,-13576,101,309,80,0,0,0
68695,26.03,26.55,4999,1.007,984,-356,-13576,101,309,80,0,0,0
68700,26.03,26.55,11880,2.393,1064,-432,-13640,110,322,104,0,0,0
68790,26.01,26.49,5755,1.159,1064,-432,-13640,110,322,104,0,0,0
68795,26.01,26.49,7065,1.423,1052,-396,-13504,91,337,80,0,0,0
68799,26.01,26.49,2110,0.425,980,-384,-13612,103,352,87,0,0,0
68804,26.01,26.49,5757,1.16,1036,-348,-13448,102,340,88,0,0,0
68809,26.01,26.49,8267,1.665,1048,-396,-13476,103,337,91,0,0,0
68815,26.01,26.49,4635,0.934,1028,-484,-13716,88,317,109,0,0,0
68820,26.01,26.49,6510,1.311,1100,-348,-13488,101,362,85,0,0,0
68825,26.01,26.49,7205,1.451,992,-616,-13620,82,328,105,0,0,0
68829,26.01,26.49,4999,1.007,1096,-388,-13452,108,333,66,0,0,0
68834,26.01,26.49,8834,1.779,1140,-356,-13460,74,344,101,0,0,0
68839,26.01,26.49,7775,1.566,1072,-436,-13496,92,319,99,0,0,0
68845,26.01,26.49,4758,0.958,1016,-460,-13528,94,330,92,0,0,0
68850,26.01,26.49,10732,2.162,1100,-440,-13456,96,328,103,0,0,0
68855,26.01,26.49,4049,0.816,1116,-512,-13576,84,298,121,0,0,0
68859,26.01,26.49,7816,1.574,1092,-360,-13672,95,325,93,0,0,0
68864,26.01,26.49,9789,1.972,1136,-468,-13404,88,338,81,0,0,0
68956,26.01,26.49,3893,0.784,1040,-476,-13384,106,332,98,0,0,0
69046,26.01,26.49,6899,1.39,1016,-384,-13556,121,319,96,0,0,0
69049,26.01,26.49,6426,1.294,1016,-384,-13556,121,319,96,0,0,0
69055,26.01,26.49,9623,1.938,1056,-448,-13496,80,351,98,0,0,0
69060,26.01,26.49,9184,1.85,968,-400,-13464,90,360,99,0,0,0
69065,26.01,26.49,8777,1.768,1056,-524,-13464,128,379,97,0,0,0
69069,26.01,26.49,12209,2.459,1088,-332,-13376,118,338,98,0,0,0
69074,26.01,26.49,12199,2.457,1188,-412,-13448,99,331,105,0,0,0
69079,26.01,26.49,12184,2.454,1072,-444,-13424,65,315,109,0,0,0
69085,26.01,26.49,7716,1.554,1032,-424,-13532,79,379,101,0,0,0
69090,26.01,26.49,4676,0.942,1000,-484,-13632,83,361,91,0,0,0
69095,26.01,26.49,9689,1.952,1012,-408,-13480,119,333,113,0,0,0
69099,26.01,26.49,5496,1.107,1100,-444,-13640,80,307,84,0,0,0
69104,26.01,26.49,11943,2.406,1100,-372,-13528,87,355,110,0,0,0
69109,26.01,26.49,7299,1.47,1092,-400,-13452,99,338,87,0,0,0
69115,26.01,26.49,9083,1.83,1048,-428,-13472,119,363,104,0,0,0
69120,26.01,26.49,7205,1.451,1056,-432,-13568,103,336,79,0,0,0
69211,26.01,26.49,4685,0.944,1080,-420,-13560,106,316,101,0,0,0
69215,26.01,26.49,5768,1.162,1080,-420,-13560,106,316,101,0,0,0
69220,26.01,26.49,6371,1.283,1044,-452,-13644,80,333,98,0,0,0
69225,26.01,26.49,6575,1.324,992,-368,-13476,105,325,116,0,0,0
69299,26.03,26.41,763,0.154,1088,-464,-13412,117,340,111,0,0,0
69304,26.03,26.41,5857,1.18,1004,-472,-13532,98,335,97,0,0,0
69310,26.03,26.41,10679,2.151,1080,-456,-13536,92,338,107,0,0,0
69315,26.03,26.41,5529,1.114,1064,-400,-13524,98,311,103,0,0,0
69320,26.03,26.41,4438,0.894,980,-432,-13436,97,336,114,0,0,0
69324,26.03,26.41,3625,0.73,1180,-532,-13456,84,332,99,0,0,0
69329,26.03,26.41,4088,0.823,1096,-444,-13604,88,331,83,0,0,0
69334,26.03,26.41,3049,0.614,1088,-500,-13492,107,331,93,0,0,0
69340,26.03,26.41,7623,1.535,1040,-512,-13480,105,367,74,0,0,0
69345,26.03,26.41,6591,1.328,1048,-444,-13520,125,319,104,0,0,0
69350,26.03,26.41,4702,0.947,1076,-436,-13588,111,335,89,0,0,0
69354,26.03,26.41,2857,0.575,1060,-460,-13404,78,364,98,0,0,0
69359,26.03,26.41,7045,1.419,1048,-496,-13560,73,329,100,0,0,0
69450,26.03,26.41,8948,1.802,1036,-456,-13476,118,322,69,0,0,0
69462,26.03,26.41,4543,0.915,1140,-432,-13568,118,330,117,0,0,0
69465,26.03,26.41,6128,1.234,1140,-432,-13568,118,330,117,0,0,0
69470,26.03,26.41,7035,1.417,1080,-464,-13544,87,335,101,0,0,0
69474,26.03,26.41,4678,0.942,1116,-584,-13536,75,335,92,0,0,0
69479,26.03,26.41,3691,0.743,1028,-424,-13480,84,354,105,0,0,0
69484,26.03,26.41,3931,0.792,1012,-444,-13536,122,349,94,0,0,0
69558,26.03,26.41,1333,0.269,976,-420,-13488,103,332,92,0,0,0
69560,26.03,26.41,2431,0.49,976,-420,-13488,103,332,92,0,0,0
69565,26.03,26.41,3556,0.716,964,-496,-13656,108,351,83,0,0,0
69570,26.03,26.41,5576,1.123,956,-508,-13428,124,330,95,0,0,0
69574,26.03,26.41,6069,1.222,988,-456,-13564,98,315,113,0,0,0
69579,26.03,26.41,6370,1.283,1116,-432,-13476,89,320,112,0,0,0
69584,26.03,26.41,2700,0.544,1068,-368,-13468,78,342,90,0,0,0
69590,26.03,26.41,7525,1.516,1080,-384,-13624,82,362,114,0,0,0
69595,26.03,26.41,2835,0.571,1088,-496,-13456,98,329,111,0,0,0
69600,26.03,26.41,4696,0.946,1064,-460,-13616,110,318,107,0,0,0
69604,26.03,26.41,6773,1.364,1204,-500,-13544,92,347,100,0,0,0
69609,26.03,26.41,4459,0.898,1092,-404,-13436,122,347,99,0,0,0
69725,26.01,26.49,2171,0.437,1048,-524,-13500,112,348,98,0,0,0
69730,26.01,26.49,3476,0.7,980,-376,-13508,104,325,107,0,0,0
69735,26.01,26.49,3937,0.793,968,-492,-13504,82,336,83,0,0,0
69739,26.01,26.49,6605,1.33,1084,-424,-13528,109,352,89,0,0,0
69744,26.01,26.49,3648,0.735,940,-472,-13572,109,319,102,0,0,0
69749,26.01,26.49,4789,0.965,1148,-464,-13672,80,351,98,0,0,0
69755,26.01,26.49,8193,1.65,1008,-436,-13608,86,330,111,0,0,0
69760,26.01,26.49,5715,1.151,1128,-368,-13644,82,336,93,0,0,0
69833,26.01,26.49,3405,0.686,948,-484,-13552,93,297,84,0,0,0
69835,26.01,26.49,1957,0.394,948,-484,-13552,93,297,84,0,0,0
69840,26.01,26.49,7686,1.548,1064,-488,-13612,105,334,125,0,0,0
69845,26.01,26.49,6569,1.323,1028,-472,-13620,110,332,110,0,0,0
69850,26.01,26.49,6879,1.386,1028,-440,-13484,109,315,120,0,0,0
69854,26.01,26.49,6362,1.281,1020,-544,-13576,105,322,101,0,0,0
69859,26.01,26.49,4728,0.952,1092,-464,-13484,97,338,98,0,0,0
69864,26.01,26.49,7976,1.607,920,-492,-13508,117,342,87,0,0,0
69870,26.01,26.49,7877,1.587,956,-440,-13496,98,340,109,0,0,0
69963,26.01,26.49,8740,1.76,1080,-484,-13556,92,331,87,0,0,0
69988,26.01,26.49,2797,0.563,992,-396,-13620,131,336,98,0,0,0
69989,26.01,26.49,7154,1.441,992,-396,-13620,131,336,98,0,0,0
69994,26.01,26.49,12209,2.459,1048,-456,-13624,122,330,113,0,0,0
70000,26.01,26.49,12206,2.459,1084,-508,-13448,113,308,105,0,0,0
70005,26.01,26.49,7496,1.51,1028,-432,-13544,93,324,119,0,0,0
70010,26.01,26.49,11243,2.265,1092,-440,-13624,107,342,83,0,0,0
70014,26.01,26.49,12210,2.459,1004,-428,-13556,99,345,81,0,0,0
70019,26.01,26.49,12163,2.45,1136,-404,-13664,89,341,108,0,0,0
70024,26.01,26.49,12177,2.453,1024,-456,-13280,98,327,84,0,0,0
70030,26.01,26.49,12205,2.458,1060,-368,-13656,118,324,110,0,0,0
70104,26.01,26.49,1963,0.395,1104,-436,-13644,108,343,99,0,0,0
70109,26.01,26.49,8077,1.627,1144,-308,-13596,98,310,78,0,0,0
70115,26.01,26.49,9603,1.934,1144,-528,-13544,78,340,117,0,0,0
70120,26.01,26.49,9139,1.841,1024,-496,-13492,93,319,79,0,0,0
70125,26.01,26.49,5407,1.089,1048,-512,-13548,87,358,98,0,0,0
70129,26.01,26.49,3595,0.724,1004,-440,-13540,106,324,99,0,0,0
70134,26.01,26.49,7640,1.539,1100,-448,-13576,96,311,84,0,0,0
70224,26.05,26.59,7528,1.516,1056,-452,-13488,111,347,106,0,0,0
70230,26.05,26.59,6678,1.345,1060,-288,-13516,103,351,92,0,0,0
70234,26.05,26.59,4076,0.821,1060,-428,-13536,110,328,117,0,0,0
70239,26.05,26.59,7475,1.506,1000,-428,-13544,110,353,94,0,0,0
70244,26.05,26.59,6349,1.279,1196,-396,-13532,100,328,95,0,0,0
70250,26.05,26.59,11321,2.28,1024,-416,-13504,108,352,106,0,0,0
70255,26.05,26.59,9208,1.855,992,-436,-13536,89,318,95,0,0,0
70260,26.05,26.59,6518,1.313,1220,-376,-13572,109,366,97,0,0,0
70264,26.05,26.59,6878,1.385,996,-360,-13588,98,347,107,0,0,0
70269,26.05,26.59,9334,1.88,1052,-384,-13580,92,335,117,0,0,0
70274,26.05,26.59,8828,1.778,1004,-448,-13620,110,319,101,0,0,0
70280,26.05,26.59,6850,1.38,992,-344,-13508,123,314,92,0,0,0
70285,26.05,26.59,9153,1.844,1120,-476,-13516,113,344,93,0,0,0
70359,26.05,26.59,1526,0.307,1176,-360,-13624,141,351,93,0,0,0
70360,26.05,26.59,4889,0.985,1176,-360,-13624,141,351,93,0,0,0
70364,26.05,26.59,2187,0.441,1012,-472,-13588,65,335,98,0,0,0
70370,26.05,26.59,3447,0.694,1080,-516,-13732,127,336,92,0,0,0
70463,26.05,26.59,4139,0.834,1092,-504,-13844,123,339,106,0,0,0
70477,26.05,26.59,2059,0.415,964,-408,-13380,59,181,89,0,0,0
70479,26.05,26.59,1396,0.281,964,-408,-13380,59,181,89,0,0,0
70484,26.05,26.59,3916,0.789,980,-348,-13548,165,377,99,0,0,0
70489,26.05,26.59,5275,1.063,1092,-440,-13576,19,313,100,0,0,0
70495,26.05,26.59,9323,1.878,1296,-484,-13440,150,431,84,0,0,0
70500,26.05,26.59,6267,1.262,1136,-480,-14020,68,253,91,0,0,0
70505,26.05,26.59,8139,1.639,1032,-452,-13312,136,267,93,0,0,0
70509,26.05,26.59,6530,1.315,1044,-460,-13488,76,431,103,0,0,0
70514,26.05,26.59,6422,1.294,1196,-336,-13900,96,356,85,0,0,0
70519,26.05,26.59,8006,1.613,1184,-404,-13440,119,320,112,0,0,0
70525,26.05,26.59,3444,0.694,1024,-472,-13812,126,226,120,0,0,0
70530,26.05,26.59,7220,1.454,964,-476,-13016,99,404,108,0,0,0
70535,26.05,26.59,8024,1.616,1168,-548,-13916,61,383,85,0,0,0
70539,26.05,26.59,4754,0.958,1208,-444,-13592,113,277,92,0,0,0
70544,26.05,26.59,4628,0.932,944,-356,-13316,125,269,111,0,0,0
70618,26.05,26.59,2324,0.468,1088,-364,-13484,92,368,96,0,0,0
70620,26.05,26.59,1459,0.294,1088,-364,-13484,92,368,96,0,0,0
70625,26.05,26.59,10003,2.015,1036,-400,-13580,131,308,96,0,0,0
70738,25.99,26.53,9973,2.009,1092,-564,-13520,100,314,101,0,0,0
70739,25.99,26.53,2495,0.503,1092,-564,-13520,100,314,101,0,0,0
70744,25.99,26.53,9598,1.933,1064,-448,-13676,91,366,94,0,0,0
70749,25.99,26.53,12153,2.448,1036,-404,-13568,113,371,97,0,0,0
70754,25.99,26.53,8667,1.746,992,-388,-13436,144,292,106,0,0,0
70760,25.99,26.53,12209,2.459,1084,-396,-13380,128,286,97,0,0,0
70765,25.99,26.53,9817,1.977,980,-416,-13684,84,359,85,0,0,0
70770,25.99,26.53,12136,2.445,1032,-452,-13536,68,368,94,0,0,0
70774,25.99,26.53,12141,2.446,1184,-440,-13536,111,338,108,0,0,0
70779,25.99,26.53,12211,2.46,1008,-500,-13456,123,320,92,0,0,0
70784,25.99,26.53,12182,2.454,1048,-380,-13592,91,290,93,0,0,0
70790,25.99,26.53,12180,2.453,1068,-488,-13436,103,358,103,0,0,0
70795,25.99,26.53,12179,2.453,1188,-424,-13696,96,343,90,0,0,0
70800,25.99,26.53,8425,1.697,1048,-372,-13524,109,311,110,0,0,0
70804,25.99,26.53,12219,2.461,1044,-472,-13676,99,307,107,0,0,0
70809,25.99,26.53,12147,2.447,1096,-448,-13604,95,357,105,0,0,0
70814,25.99,26.53,12170,2.451,1152,-428,-13436,106,354,83,0,0,0
70980,25.99,26.53,12173,2.452,1032,-492,-13432,95,374,81,0,0,0
70992,25.99,26.53,9669,1.948,1172,-352,-13656,126,327,102,0,0,0
70995,25.99,26.53,8772,1.767,1172,-352,-13656,126,327,102,0,0,0
71000,25.99,26.53,7257,1.462,1036,-472,-13608,104,326,84,0,0,0
71004,25.99,26.53,5913,1.191,1120,-436,-13408,84,372,84,0,0,0
71009,25.99,26.53,11579,2.332,1032,-372,-13476,98,330,96,0,0,0
71014,25.99,26.53,12220,2.461,1092,-540,-13600,98,338,93,0,0,0
71020,25.99,26.53,12194,2.456,1060,-500,-13656,96,339,91,0,0,0
71025,25.99,26.53,12209,2.459,1072,-372,-13492,124,340,116,0,0,0
71030,25.99,26.53,12222,2.462,1084,-420,-13572,100,342,101,0,0,0
71034,25.99,26.53,12212,2.46,1092,-524,-13552,95,323,105,0,0,0
71039,25.99,26.53,12203,2.458,1028,-388,-13608,100,363,96,0,0,0
71044,25.99,26.53,12161,2.45,1036,-488,-13604,112,315,108,0,0,0
71050,25.99,26.53,12180,2.453,1080,-420,-13684,101,308,92,0,0,0
71055,25.99,26.53,12223,2.462,1172,-476,-13580,91,300,101,0,0,0
71060,25.99,26.53,12139,2.445,1032,-388,-13640,106,323,114,0,0,0
71064,25.99,26.53,12187,2.455,868,-352,-13576,117,351,110,0,0,0
71155,25.99,26.53,45,0.009,1092,-500,-13628,103,344,109,0,0,0
71160,25.99,26.53,11405,2.297,1128,-384,-13416,76,344,102,0,0,0
71165,25.99,26.53,3288,0.662,944,-408,-13640,119,344,91,0,0,0
71239,25.99,26.53,47,0.009,1016,-428,-13580,98,330,104,0,0,0
71244,26.03,26.47,4570,0.921,1064,-472,-13688,118,298,114,0,0,0
71249,26.03,26.47,6493,1.308,972,-400,-13440,100,347,100,0,0,0
71254,26.03,26.47,8960,1.805,1100,-364,-13628,95,331,115,0,0,0
71260,26.03,26.47,9199,1.853,1060,-468,-13548,127,313,102,0,0,0
71265,26.03,26.47,6839,1.378,1052,-388,-13444,76,339,103,0,0,0
71269,26.03,26.47,3913,0.788,1144,-404,-13600,97,323,122,0,0,0
71274,26.03,26.47,5823,1.173,1008,-376,-13584,109,351,81,0,0,0
71279,26.03,26.47,11241,2.264,1064,-464,-13612,118,332,96,0,0,0
71284,26.03,26.47,12113,2.44,1088,-404,-13648,96,322,88,0,0,0
71290,26.03,26.47,9948,2.004,1060,-504,-13440,126,324,113,0,0,0
71295,26.03,26.47,12132,2.444,1112,-320,-13468,102,377,89,0,0,0
71299,26.03,26.47,12134,2.444,1036,-444,-13504,93,343,96,0,0,0
71304,26.03,26.47,12077,2.433,1096,-452,-13760,117,332,92,0,0,0
71395,26.03,26.47,6033,1.215,1096,-452,-13760,117,332,92,0,0,0
71400,26.03,26.47,12194,2.456,976,-476,-13588,89,351,91,0,0,0
71405,26.03,26.47,12175,2.452,1072,-424,-13536,93,347,100,0,0,0
71410,26.03,26.47,12213,2.46,1132,-380,-13576,102,323,97,0,0,0
71414,26.03,26.47,12187,2.455,984,-480,-13608,130,311,94,0,0,0
71419,26.03,26.47,12185,2.454,1060,-452,-13476,102,365,112,0,0,0
71493,26.03,26.47,4599,0.926,1148,-356,-13552,127,321,86,0,0,0
71511,26.03,26.47,854,0.172,960,-392,-13700,95,371,123,0,0,0
71514,26.03,26.47,7860,1.583,1124,-392,-13572,93,387,97,0,0,0
71519,26.03,26.47,5794,1.167,1040,-504,-13732,115,325,94,0,0,0
71524,26.03,26.47,12195,2.456,1004,-592,-13396,89,298,102,0,0,0
71529,26.03,26.47,12174,2.452,1076,-420,-13568,100,333,96,0,0,0
71535,26.03,26.47,12220,2.461,1140,-460,-13544,42,364,112,0,0,0
71540,26.03,26.47,12179,2.453,1020,-348,-13596,99,364,85,0,0,0
71544,26.03,26.47,12207,2.459,1132,-448,-13604,111,293,111,0,0,0
71549,26.03,26.47,11172,2.25,1000,-348,-13440,130,329,95,0,0,0
71554,26.03,26.47,12149,2.447,1044,-404,-13476,71,363,104,0,0,0
71560,26.03,26.47,10784,2.172,1100,-396,-13560,116,301,80,0,0,0
71649,26.03,26.47,12140,2.445,1100,-396,-13560,116,301,80,0,0,0
71650,26.03,26.47,29,0.006,1100,-396,-13560,116,301,80,0,0,0
71655,26.03,26.47,12217,2.461,1096,-456,-13396,122,307,90,0,0,0
71660,26.03,26.47,5654,1.139,988,-528,-13592,79,374,91,0,0,0
71665,26.03,26.47,12183,2.454,1092,-408,-13612,99,356,97,0,0,0
71669,26.03,26.47,12194,2.456,1148,-540,-13572,87,327,97,0,0,0
71674,26.03,26.47,12185,2.454,1048,-400,-13600,108,289,106,0,0,0
71679,26.03,26.47,12195,2.456,988,-452,-13440,114,321,107,0,0,0
71777,26.01,26.47,10941,2.204,1044,-404,-13584,95,305,99,0,0,0
71780,26.01,26.47,3216,0.648,1044,-404,-13584,95,305,99,0,0,0
71785,26.01,26.47,12178,2.453,1056,-448,-13452,122,295,103,0,0,0
71790,26.01,26.47,12208,2.459,1012,-472,-13508,111,361,96,0,0,0
71795,26.01,26.47,12195,2.456,1072,-568,-13620,87,374,108,0,0,0
71799,26.01,26.47,3973,0.8,980,-464,-13520,106,357,96,0,0,0
71804,26.01,26.47,12207,2.459,1112,-444,-13492,142,302,125,0,0,0
71809,26.01,26.47,12214,2.46,1040,-340,-13540,83,343,109,0,0,0
71815,26.01,26.47,12202,2.458,1084,-312,-13568,80,364,88,0,0,0
71820,26.01,26.47,7280,1.466,1048,-380,-13548,112,342,95,0,0,0
71911,26.01,26.47,12157,2.449,1024,-460,-13548,111,340,99,0,0,0
71915,26.01,26.47,12201,2.458,1036,-472,-13464,120,314,84,0,0,0
71920,26.01,26.47,10542,2.123,1052,-516,-13644,89,334,114,0,0,0
71924,26.01,26.47,9668,1.947,1080,-408,-13624,103,346,108,0,0,0
71934,26.01,26.47,3479,0.701,1052,-512,-13628,128,302,111,0,0,0
71939,26.01,26.47,6090,1.227,1064,-420,-13544,101,361,97,0,0,0
71944,26.01,26.47,12163,2.45,1084,-404,-13588,95,345,133,0,0,0
71950,26.01,26.47,12207,2.459,1056,-388,-13540,87,319,95,0,0,0
71955,26.01,26.47,7567,1.524,960,-432,-13384,115,323,118,0,0,0
71959,26.01,26.47,12154,2.448,1008,-452,-13328,121,324,106,0,0,0
72034,26.01,26.47,9192,1.852,1088,-436,-13608,71,329,82,0,0,0
72039,26.01,26.47,9035,1.82,1032,-484,-13572,121,340,93,0,0,0
72045,26.01,26.47,12163,2.45,1036,-412,-13608,101,338,97,0,0,0
72050,26.01,26.47,9816,1.977,952,-380,-13640,86,364,106,0,0,0
72054,26.01,26.47,12154,2.448,1080,-408,-13588,88,356,105,0,0,0
72059,26.01,26.47,12189,2.455,1000,-396,-13448,86,342,97,0,0,0
72064,26.01,26.47,12184,2.454,1172,-468,-13336,88,344,92,0,0,0
72159,26.01,26.47,10258,2.066,1080,-376,-13512,101,335,88,0,0,0
72160,26.01,26.47,2867,0.577,1080,-376,-13512,101,335,88,0,0,0
72164,26.01,26.47,1343,0.271,1104,-432,-13716,65,343,113,0,0,0
72169,26.01,26.47,9912,1.997,1120,-456,-13588,99,321,107,0,0,0
72175,26.01,26.47,6268,1.263,936,-484,-13532,95,338,80,0,0,0
72180,26.03,26.53,6849,1.38,1012,-408,-13548,93,353,90,0,0,0
72184,26.03,26.53,3940,0.794,1100,-420,-13512,86,322,95,0,0,0
72189,26.03,26.53,4349,0.876,1084,-440,-13544,74,372,93,0,0,0
72194,26.03,26.53,5507,1.109,1016,-404,-13624,100,310,130,0,0,0
72199,26.03,26.53,4150,0.836,1072,-444,-13516,85,352,100,0,0,0
72205,26.03,26.53,4120,0.83,1080,-488,-13656,94,380,89,0,0,0
72210,26.03,26.53,7073,1.425,1036,-340,-13560,101,336,89,0,0,0
72214,26.03,26.53,6123,1.233,1120,-372,-13656,151,334,94,0,0,0
72288,26.03,26.53,5874,1.183,1044,-440,-13384,96,379,92,0,0,0
72290,26.03,26.53,1936,0.39,1044,-440,-13384,96,379,92,0,0,0
72295,26.03,26.53,5302,1.068,1100,-384,-13684,104,332,111,0,0,0
72300,26.03,26.53,4622,0.931,1136,-496,-13508,122,319,86,0,0,0
72304,26.03,26.53,4243,0.855,1060,-372,-13580,97,344,106,0,0,0
72398,26.03,26.53,7325,1.475,1088,-388,-13664,95,348,78,0,0,0
72399,26.03,26.53,3160,0.637,1088,-388,-13664,95,348,78,0,0,0
72404,26.03,26.53,9322,1.878,1124,-492,-13708,99,352,103,0,0,0
72409,26.03,26.53,979,0.197,1096,-420,-13560,101,333,91,0,0,0
72415,26.03,26.53,6328,1.275,1052,-468,-13472,95,328,95,0,0,0
72420,26.03,26.53,2401,0.484,1112,-528,-13560,92,334,77,0,0,0
72424,26.03,26.53,5916,1.192,984,-420,-13556,72,369,89,0,0,0
72442,26.03,26.53,4878,0.983,1080,-432,-13560,76,347,89,0,0,0
72444,26.03,26.53,5342,1.076,1080,-432,-13560,76,347,89,0,0,0
72449,26.03,26.53,6920,1.394,1228,-428,-13624,109,354,82,0,0,0
72455,26.03,26.53,7118,1.434,1088,-516,-13592,79,349,90,0,0,0
72460,26.03,26.53,4500,0.906,1068,-408,-13692,94,356,100,0,0,0
72465,26.03,26.53,8382,1.688,1008,-464,-13564,96,321,82,0,0,0
72469,26.03,26.53,3036,0.612,1068,-388,-13616,118,347,111,0,0,0
72474,26.03,26.53,9320,1.877,1148,-440,-13500,72,316,82,0,0,0
72548,26.03,26.53,4866,0.98,1020,-508,-13532,116,346,93,0,0,0
72549,26.03,26.53,2890,0.582,1020,-508,-13532,116,346,93,0,0,0
72554,26.03,26.53,4473,0.901,1060,-352,-13552,113,333,90,0,0,0
72560,26.03,26.53,5041,1.015,1044,-384,-13648,100,316,100,0,0,0
72652,26.03,26.53,5334,1.074,984,-320,-13536,96,336,90,0,0,0
72655,26.03,26.53,6181,1.245,984,-320,-13536,96,336,90,0,0,0
72660,26.03,26.53,6110,1.231,1088,-452,-13336,118,333,121,0,0,0
72664,26.03,26.53,7139,1.438,1192,-436,-13652,118,340,117,0,0,0
72669,26.03,26.53,9352,1.884,1100,-376,-13548,100,317,87,0,0,0
72674,26.03,26.53,8998,1.812,1128,-500,-13656,120,324,116,0,0,0
72680,26.01,26.49,9843,1.983,1020,-456,-13612,121,309,91,0,0,0
72685,26.01,26.49,5080,1.023,1084,-564,-13424,80,379,101,0,0,0
72690,26.01,26.49,11472,2.311,1180,-352,-13520,86,376,94,0,0,0
72694,26.01,26.49,9522,1.918,1124,-360,-13572,119,306,89,0,0,0
72699,26.01,26.49,9483,1.91,1008,-508,-13616,102,379,108,0,0,0
72704,26.01,26.49,7423,1.495,1052,-268,-13404,94,326,89,0,0,0
72710,26.01,26.49,10562,2.127,1160,-484,-13544,120,316,103,0,0,0
72715,26.01,26.49,10496,2.114,1128,-512,-13728,92,332,114,0,0,0
72720,26.01,26.49,5485,1.105,1084,-300,-13468,84,314,95,0,0,0
72724,26.01,26.49,5535,1.115,1060,-492,-13664,100,322,95,0,0,0
72823,26.01,26.49,2928,0.59,1108,-448,-13532,124,311,106,0,0,0
72825,26.01,26.49,1812,0.365,1108,-448,-13532,124,311,106,0,0,0
72918,26.01,26.49,8379,1.688,1088,-440,-13608,104,347,104,0,0,0
72920,26.01,26.49,2212,0.446,1088,-440,-13608,104,347,104,0,0,0
72925,26.01,26.49,8675,1.747,984,-444,-13580,107,331,97,0,0,0
72935,26.01,26.49,4236,0.853,996,-384,-13632,104,352,85,0,0,0
72940,26.01,26.49,5402,1.088,1200,-364,-13572,103,332,83,0,0,0
72945,26.01,26.49,5688,1.146,1156,-472,-13644,112,317,106,0,0,0
72949,26.01,26.49,3058,0.616,1000,-440,-13328,99,309,109,0,0,0
72954,26.01,26.49,8294,1.671,1036,-488,-13492,109,361,122,0,0,0
72959,26.01,26.49,6695,1.349,1056,-424,-13548,96,342,103,0,0,0
72965,26.01,26.49,6768,1.363,1036,-304,-13492,109,335,107,0,0,0
72970,26.01,26.49,5142,1.036,968,-404,-13648,124,336,101,0,0,0
72975,26.01,26.49,5398,1.087,1096,-468,-13524,124,334,105,0,0,0
72979,26.01,26.49,7630,1.537,1068,-400,-13472,92,333,102,0,0,0
72984,26.01,26.49,4257,0.857,1064,-484,-13524,118,312,89,0,0,0
72989,26.01,26.49,6525,1.314,1116,-476,-13556,91,321,93,0,0,0
72995,26.01,26.49,5554,1.119,1004,-424,-13628,103,331,96,0,0,0
73000,26.01,26.49,4529,0.912,1068,-424,-13652,101,357,100,0,0,0
73093,26.01,26.49,3320,0.669,928,-568,-12812,33,366,90,0,0,0
73171,26.01,26.49,1296,0.261,1384,-500,-14212,-35,150,91,0,0,0
73175,26.01,26.49,3908,0.787,924,-540,-13068,227,138,118,0,0,0
73180,26.01,26.49,9579,1.929,1024,-348,-13272,15,483,92,0,0,0
73185,26.01,26.37,11180,2.252,1180,-364,-13956,146,425,84,0,0,0
73189,26.01,26.37,9034,1.82,1128,-288,-13368,103,427,104,0,0,0
73194,26.01,26.37,7289,1.468,1048,-608,-14120,172,62,122,0,0,0
73199,26.01,26.37,12159,2.449,884,-500,-12528,73,357,112,0,0,0
73205,26.01,26.37,12153,2.448,1316,-372,-14284,48,459,74,0,0,0
73210,26.01,26.37,6354,1.28,1264,-452,-13100,102,378,93,0,0,0
73215,26.01,26.37,6926,1.395,980,-392,-13896,106,246,129,0,0,0
73219,26.01,26.37,12121,2.442,880,-320,-12940,129,244,88,0,0,0
73224,26.01,26.37,10631,2.141,1120,-380,-13480,80,514,106,0,0,0
73229,26.01,26.37,10630,2.141,1236,-392,-13888,130,348,92,0,0,0
73235,26.01,26.37,12218,2.461,1172,-524,-13484,110,253,100,0,0,0
73240,26.01,26.37,12212,2.46,892,-540,-13444,129,260,96,0,0,0
73245,26.01,26.37,11054,2.227,988,-420,-13132,50,439,103,0,0,0
73335,26.01,26.37,8488,1.71,1240,-480,-13704,113,380,105,0,0,0
73340,26.01,26.37,12128,2.443,1168,-608,-13764,132,243,100,0,0,0
73345,26.01,26.37,12202,2.458,948,-540,-13416,113,272,113,0,0,0
73350,26.01,26.37,12203,2.458,1024,-420,-13564,101,401,112,0,0,0
73424,26.01,26.37,6616,1.333,956,-472,-13376,122,268,97,0,0,0
73451,26.01,26.37,2879,0.58,1056,-428,-13428,124,311,86,0,0,0
73454,26.01,26.37,2139,0.431,936,-428,-13572,81,355,109,0,0,0
73460,26.01,26.37,7761,1.563,1032,-492,-13596,125,335,70,0,0,0
73465,26.01,26.37,8552,1.723,1224,-452,-13652,125,313,96,0,0,0
73470,26.01,26.37,10211,2.057,1056,-460,-13640,122,296,99,0,0,0
73474,26.01,26.37,12161,2.45,1160,-492,-13420,87,335,92,0,0,0
73479,26.01,26.37,9663,1.946,1100,-440,-13444,113,374,101,0,0,0
73484,26.01,26.37,9623,1.938,1132,-312,-13580,88,368,95,0,0,0
73490,26.01,26.37,12127,2.443,1060,-388,-13488,134,306,91,0,0,0
73495,26.01,26.37,11321,2.28,1064,-468,-13408,126,314,100,0,0,0
73500,26.01,26.37,12181,2.454,1072,-488,-13536,87,308,106,0,0,0
73504,26.01,26.37,12195,2.456,1184,-568,-13476,106,341,95,0,0,0
73509,26.01,26.37,12181,2.454,1180,-404,-13644,117,320,88,0,0,0
73600,26.01,26.37,12187,2.455,1164,-384,-13432,132,242,89,0,0,0
73604,26.01,26.37,4665,0.94,1204,-400,-13660,111,317,98,0,0,0
73609,26.01,26.37,9259,1.865,1016,-392,-13600,72,419,115,0,0,0
73615,26.01,26.37,7474,1.505,1092,-448,-13796,118,366,105,0,0,0
73620,26.01,26.37,9672,1.948,1112,-492,-13628,124,321,92,0,0,0
73625,26.01,26.37,12137,2.445,1036,-484,-13460,105,272,108,0,0,0
73699,26.01,26.37,4302,0.867,1184,-480,-13564,105,339,97,0,0,0
73704,26.01,26.37,6709,1.351,1036,-400,-13760,98,323,99,0,0,0
73710,26.01,26.37,12222,2.462,1012,-428,-13448,78,341,92,0,0,0
73715,26.05,26.43,12144,2.446,1044,-448,-13536,76,375,93,0,0,0
73720,26.05,26.43,12153,2.448,1108,-460,-13544,94,341,108,0,0,0
73724,26.05,26.43,12164,2.45,1152,-436,-13680,115,311,96,0,0,0
73729,26.05,26.43,12142,2.446,1096,-340,-13660,104,311,118,0,0,0
73734,26.05,26.43,12147,2.447,976,-364,-13384,78,364,112,0,0,0
73740,26.05,26.43,12167,2.451,1164,-600,-13600,80,379,94,0,0,0
73745,26.05,26.43,12194,2.456,1116,-536,-13692,128,313,91,0,0,0
73750,26.05,26.43,12167,2.451,1096,-464,-13384,121,279,100,0,0,0
73862,26.05,26.43,12117,2.441,1120,-500,-13532,100,335,102,0,0,0
73865,26.05,26.43,8728,1.758,1120,-500,-13532,100,335,102,0,0,0
73870,26.05,26.43,8757,1.764,1132,-312,-13584,82,357,109,0,0,0
73875,26.05,26.43,1706,0.344,1096,-376,-13572,103,379,88,0,0,0
73879,26.05,26.43,12183,2.454,1000,-548,-13584,144,315,107,0,0,0
73884,26.05,26.43,12164,2.45,1028,-464,-13368,112,292,103,0,0,0
73889,26.05,26.43,8186,1.649,1064,-524,-13640,66,310,94,0,0,0
73895,26.05,26.43,7083,1.427,1084,-396,-13540,77,371,94,0,0,0
73900,26.05,26.43,4741,0.955,1132,-452,-13488,102,384,87,0,0,0
73975,26.05,26.43,7525,1.516,1060,-312,-13784,69,423,105,0,0,0
73989,26.05,26.43,991,0.2,1176,-376,-13512,110,279,97,0,0,0
73990,26.05,26.43,12138,2.445,1176,-376,-13512,110,279,97,0,0,0
73995,26.05,26.43,12183,2.454,1024,-348,-13536,112,290,99,0,0,0
74000,26.05,26.43,8920,1.797,1016,-524,-13520,81,321,109,0,0,0
74005,26.05,26.43,12147,2.447,912,-540,-13648,70,370,100,0,0,0
74009,26.05,26.43,12182,2.454,1112,-472,-13532,69,388,111,0,0,0
74014,26.05,26.43,4454,0.897,1020,-576,-13316,105,312,88,0,0,0
74019,26.05,26.43,12198,2.457,1096,-356,-13656,77,288,87,0,0,0
74025,26.05,26.43,12141,2.446,588,-740,-11124,302,551,113,0,0,0
74115,26.05,26.43,6693,1.348,588,-740,-11124,302,551,113,0,0,0
74120,26.05,26.43,7840,1.579,676,-468,-15700,-117,-6,103,0,0,0
74125,26.05,26.43,7891,1.589,504,-300,-11668,173,553,90,0,0,0
74130,26.05,26.43,11353,2.287,1160,-196,-14844,76,436,96,0,0,0
74134,26.05,26.43,12173,2.452,1584,-248,-12992,183,303,106,0,0,0
74139,26.05,26.43,12161,2.45,1496,-408,-13288,-19,404,82,0,0,0
74144,26.05,26.43,12167,2.451,1228,-600,-14364,212,261,120,0,0,0
74150,26.05,26.43,11838,2.385,868,-600,-12448,5,339,102,0,0,0
74155,26.05,26.43,5948,1.198,828,-280,-14716,188,403,124,0,0,0
74160,26.05,26.43,10137,2.042,540,-596,-12876,11,185,80,0,0,0
74234,26.03,26.65,10183,2.051,916,-512,-13824,112,359,124,0,0,0
74235,26.03,26.65,12219,2.461,916,-512,-13824,112,359,124,0,0,0
74239,26.03,26.65,12183,2.454,996,-708,-13504,99,340,97,0,0,0
74245,26.03,26.65,12172,2.452,1200,-576,-13640,56,344,95,0,0,0
74250,26.03,26.65,12162,2.45,1192,-500,-13416,46,326,114,0,0,0
74255,26.03,26.65,12172,2.452,1148,-252,-13436,36,332,116,0,0,0
74259,26.03,26.65,12180,2.453,1132,-188,-13512,95,310,98,0,0,0
74264,26.03,26.65,12219,2.461,1416,-444,-13164,270,635,108,0,0,0
74353,26.03,26.65,59,0.012,1260,-624,-13948,-140,96,94,0,0,0
74354,26.03,26.65,12148,2.447,1260,-624,-13948,-140,96,94,0,0,0
74359,26.03,26.65,12200,2.457,944,-504,-13660,265,267,108,0,0,0
74365,26.03,26.65,12164,2.45,732,-216,-13424,-32,299,97,0,0,0
74370,26.03,26.65,12153,2.448,992,-372,-13060,218,552,79,0,0,0
74375,26.03,26.65,12197,2.457,1396,-500,-13464,12,462,85,0,0,0
74379,26.03,26.65,12196,2.457,1372,-516,-14276,108,165,108,0,0,0
74384,26.03,26.65,12178,2.453,960,-560,-13368,137,283,113,0,0,0
74389,26.03,26.65,12193,2.456,904,-404,-13620,110,346,84,0,0,0
74395,26.03,26.65,12201,2.458,1180,-288,-12968,138,455,102,0,0,0
74400,26.03,26.65,12203,2.458,1180,-392,-14000,41,237,90,0,0,0
74404,26.03,26.65,12190,2.455,804,-508,-13256,86,276,92,0,0,0
74478,26.03,26.65,12180,2.453,1160,-596,-13672,92,446,95,0,0,0
74490,26.03,26.65,12154,2.448,1124,-464,-13420,96,264,98,0,0,0
74494,26.03,26.65,12143,2.446,920,-408,-13332,93,334,106,0,0,0
74499,26.03,26.65,12160,2.449,920,-340,-13392,81,422,96,0,0,0
74505,26.03,26.65,12209,2.459,1248,-312,-13616,104,351,104,0,0,0
74510,26.03,26.65,10486,2.112,1148,-400,-13412,117,305,99,0,0,0
74601,26.03,26.65,12195,2.456,1112,-396,-13576,53,306,94,0,0,0
74605,26.03,26.65,12188,2.455,1044,-372,-13520,107,374,111,0,0,0
74609,26.03,26.65,12190,2.455,1028,-428,-13404,116,370,94,0,0,0
74614,26.03,26.65,12180,2.453,1104,-352,-13612,97,293,105,0,0,0
74619,26.03,26.65,6414,1.292,868,-508,-13552,95,301,90,0,0,0
74625,26.03,26.65,6383,1.286,980,-552,-13564,80,389,96,0,0,0
74630,26.03,26.65,6080,1.225,1108,-276,-13544,91,385,80,0,0,0
74635,26.03,26.65,7406,1.492,1204,-248,-13528,117,321,83,0,0,0
74639,26.03,26.65,9974,2.009,1116,-356,-13312,104,305,101,0,0,0
74644,26.03,26.65,11467,2.31,1148,-472,-13444,100,332,99,0,0,0
74649,26.03,26.65,8401,1.692,1024,-568,-13644,97,361,108,0,0,0
74655,26.03,26.65,9692,1.952,1064,-452,-13504,98,325,83,0,0,0
74660,26.03,26.65,8869,1.786,1092,-412,-13572,104,316,86,0,0,0
74665,26.03,26.65,9975,2.009,984,-408,-13496,100,324,95,0,0,0
74738,26.03,26.73,12156,2.449,928,-448,-13544,103,343,109,0,0,0
74740,26.03,26.73,6185,1.246,928,-448,-13544,103,343,109,0,0,0
74745,26.03,26.73,12190,2.455,1040,-372,-13444,70,312,87,0,0,0
74750,26.03,26.73,12196,2.457,1132,-496,-13604,130,348,122,0,0,0
74864,26.03,26.73,7434,1.497,1092,-440,-13468,122,341,112,0,0,0
74865,26.03,26.73,211,0.043,1092,-440,-13468,122,341,112,0,0,0
74869,26.03,26.73,9249,1.863,984,-300,-13584,108,331,120,0,0,0
74875,26.03,26.73,10867,2.189,1068,-420,-13548,106,314,101,0,0,0
74880,26.03,26.73,12173,2.452,1044,-436,-13576,91,319,106,0,0,0
74885,26.03,26.73,7027,1.415,1020,-516,-13648,103,329,110,0,0,0
74889,26.03,26.73,4678,0.942,1072,-452,-13476,92,359,105,0,0,0
74894,26.03,26.73,12198,2.457,1020,-440,-13684,118,302,86,0,0,0
74899,26.03,26.73,8326,1.677,1152,-424,-13408,119,324,99,0,0,0
74905,26.03,26.73,4220,0.85,1064,-388,-13556,102,322,82,0,0,0
74910,26.03,26.73,9067,1.826,1132,-388,-13580,100,337,107,0,0,0
74915,26.03,26.73,11395,2.295,1036,-452,-13532,91,335,88,0,0,0
74919,26.03,26.73,12207,2.459,1168,-396,-13616,99,333,97,0,0,0
74924,26.03,26.73,12203,2.458,1080,-524,-13488,116,329,105,0,0,0
74934,26.03,26.73,9030,1.819,924,-476,-13532,123,314,85,0,0,0
74939,26.03,26.73,9830,1.98,1140,-380,-13464,95,314,110,0,0,0
75014,26.03,26.73,7983,1.608,1052,-468,-13452,91,310,109,0,0,0
75015,26.03,26.73,602,0.121,1052,-468,-13452,91,310,109,0,0,0
75019,26.03,26.73,5422,1.092,1028,-420,-13692,110,338,108,0,0,0
75112,26.03,26.73,8632,1.739,1016,-580,-13632,91,318,103,0,0,0
75114,26.03,26.73,2914,0.587,1128,-428,-13548,84,341,87,0,0,0
75119,26.03,26.73,9419,1.897,1132,-328,-13584,93,317,91,0,0,0
75125,26.03,26.73,5196,1.047,1128,-456,-13504,94,342,105,0,0,0
75130,26.03,26.73,8068,1.625,980,-452,-13616,94,343,105,0,0,0
75135,26.03,26.73,6984,1.407,1080,-464,-13572,96,322,106,0,0,0
75139,26.03,26.73,5799,1.168,1112,-424,-13688,92,319,99,0,0,0
75144,26.03,26.73,5537,1.115,960,-384,-13556,72,338,113,0,0,0
75149,26.03,26.73,6116,1.232,1028,-396,-13552,123,343,109,0,0,0
75155,26.03,26.73,2882,0.581,1036,-300,-13560,101,349,102,0,0,0
75160,26.03,26.73,5915,1.191,1116,-368,-13508,111,318,99,0,0,0
75165,26.03,26.73,6316,1.272,1108,-424,-13588,88,314,90,0,0,0
75169,26.03,26.73,8619,1.736,1140,-436,-13696,77,334,83,0,0,0
75174,26.03,26.73,2770,0.558,1152,-496,-13584,93,342,75,0,0,0
75179,26.03,26.73,7081,1.426,1116,-400,-13580,117,325,100,0,0,0
75185,26.05,26.59,4770,0.961,964,-488,-13548,113,332,101,0,0,0
75277,26.05,26.59,4576,0.922,1044,-624,-13356,110,333,119,0,0,0
75355,26.05,26.59,2132,0.429,1060,-512,-13704,49,346,109,0,0,0
75360,26.05,26.59,8849,1.782,1052,-368,-13676,113,325,78,0,0,0
75365,26.05,26.59,2615,0.527,1128,-380,-13648,105,349,107,0,0,0
75369,26.05,26.59,11058,2.227,980,-516,-13468,85,323,82,0,0,0
75374,26.05,26.59,7041,1.418,1052,-500,-13524,118,323,101,0,0,0
75379,26.05,26.59,7631,1.537,1044,-488,-13564,85,363,88,0,0,0
75385,26.05,26.59,7890,1.589,1132,-404,-13752,93,378,103,0,0,0
75390,26.05,26.59,7193,1.449,1088,-252,-13472,116,302,93,0,0,0
75395,26.05,26.59,7273,1.465,1116,-400,-13480,100,342,106,0,0,0
75399,26.05,26.59,7579,1.527,1104,-416,-13620,99,353,93,0,0,0
75404,26.05,26.59,10781,2.172,1120,-436,-13776,125,344,93,0,0,0
75409,26.05,26.59,7847,1.581,1040,-584,-13620,86,293,109,0,0,0
75415,26.05,26.59,11014,2.219,1044,-416,-13508,78,327,93,0,0,0
75420,26.05,26.59,5533,1.115,1068,-392,-13532,96,346,100,0,0,0
75424,26.05,26.59,7999,1.611,1032,-404,-13628,100,346,88,0,0,0
75449,26.05,26.59,5080,1.023,1112,-548,-13420,89,310,100,0,0,0
75450,26.05,26.59,4503,0.907,1112,-548,-13420,89,310,100,0,0,0
75543,26.05,26.59,11166,2.249,1084,-404,-13520,90,313,100,0,0,0
75544,26.05,26.59,10911,2.198,1084,-404,-13520,90,313,100,0,0,0
75549,26.05,26.59,9449,1.903,1204,-380,-13352,117,297,105,0,0,0
75624,26.05,26.59,467,0.094,976,-372,-13392,120,327,97,0,0,0
75625,26.05,26.59,1334,0.269,976,-372,-13392,120,327,97,0,0,0
75629,26.05,26.59,3781,0.762,1112,-420,-13392,122,353,91,0,0,0
75635,26.05,26.59,10141,2.043,1160,-552,-13608,112,334,97,0,0,0
75640,26.05,26.59,8294,1.671,1028,-432,-13584,91,289,104,0,0,0
75645,26.05,26.59,7753,1.562,1088,-460,-13392,110,352,84,0,0,0
75649,26.05,26.59,10333,2.081,1096,-404,-13508,101,353,93,0,0,0
75654,26.05,26.59,7896,1.59,1104,-468,-13648,114,382,108,0,0,0
75659,26.05,26.59,12173,2.452,1080,-484,-13668,103,320,100,0,0,0
75665,26.05,26.59,12159,2.449,1040,-416,-13496,125,300,112,0,0,0
75670,26.05,26.59,12204,2.458,1152,-456,-13460,100,363,102,0,0,0
75675,26.05,26.59,12185,2.454,1112,-428,-13616,49,344,100,0,0,0
75679,26.05,26.59,12199,2.457,1104,-436,-13588,82,355,111,0,0,0
75684,26.05,26.37,12201,2.458,1004,-348,-13592,102,317,90,0,0,0
75689,26.05,26.37,12164,2.45,1008,-480,-13444,117,327,107,0,0,0
75782,26.05,26.37,12171,2.452,952,-556,-13556,91,361,89,0,0,0
75785,26.05,26.37,7253,1.461,1132,-420,-13704,74,326,107,0,0,0
75789,26.05,26.37,12189,2.455,1028,-500,-13508,87,345,89,0,0,0
75794,26.05,26.37,12210,2.459,1140,-456,-13456,110,337,99,0,0,0
75799,26.05,26.37,12215,2.46,1028,-360,-13516,114,328,93,0,0,0
75898,26.05,26.37,4347,0.876,988,-420,-13572,146,315,110,0,0,0
75899,26.05,26.37,2534,0.51,988,-420,-13572,146,315,110,0,0,0
75904,26.05,26.37,12170,2.451,1064,-404,-13648,91,354,103,0,0,0
75909,26.05,26.37,9342,1.882,1092,-480,-13576,109,355,102,0,0,0
75915,26.05,26.37,12189,2.455,1148,-424,-13720,76,322,101,0,0,0
75920,26.05,26.37,12200,2.457,1152,-472,-13520,94,310,125,0,0,0
75925,26.05,26.37,12182,2.454,1044,-412,-13560,102,336,114,0,0,0
75934,26.05,26.37,12160,2.449,1076,-508,-13436,97,345,120,0,0,0
75939,26.05,26.37,12185,2.454,1008,-416,-13432,118,314,115,0,0,0
75944,26.05,26.37,12168,2.451,1112,-404,-13652,132,317,90,0,0,0
75950,26.05,26.37,12219,2.461,1064,-304,-13504,93,345,116,0,0,0
75955,26.05,26.37,12218,2.461,1136,-476,-13388,85,359,104,0,0,0
75960,26.05,26.37,11638,2.344,1148,-408,-13540,101,351,113,0,0,0
75964,26.05,26.37,11613,2.339,1160,-532,-13708,69,330,97,0,0,0
76054,26.05,26.37,11778,2.372,1072,-436,-13628,104,332,96,0,0,0
76055,26.05,26.37,12197,2.457,1072,-436,-13628,104,332,96,0,0,0
76059,26.05,26.37,12217,2.461,1088,-440,-13664,93,356,110,0,0,0
76064,26.05,26.37,12139,2.445,1104,-460,-13604,96,331,92,0,0,0
76070,26.05,26.37,12178,2.453,1132,-488,-13488,108,324,107,0,0,0
76075,26.05,26.37,12187,2.455,1064,-448,-13524,126,313,89,0,0,0
76149,26.05,26.37,3355,0.676,1036,-476,-13544,88,354,99,0,0,0
76154,26.05,26.37,5151,1.038,1080,-456,-13632,101,350,100,0,0,0
76159,26.05,26.37,4381,0.882,1048,-452,-13568,113,328,95,0,0,0
76165,26.05,26.37,11586,2.334,1092,-444,-13432,116,317,104,0,0,0
76170,26.05,26.37,12197,2.457,1132,-508,-13468,96,348,96,0,0,0
76175,26.05,26.37,7949,1.601,1172,-404,-13584,97,347,74,0,0,0
76179,26.03,26.53,6405,1.29,1072,-372,-13592,67,351,103,0,0,0
76184,26.03,26.53,8529,1.718,1056,-476,-13544,128,328,89,0,0,0
76189,26.03,26.53,6435,1.296,992,-496,-13644,93,351,102,0,0,0
76195,26.03,26.53,6410,1.291,1096,-512,-13632,116,322,112,0,0,0
76200,26.03,26.53,9679,1.95,1076,-492,-13416,98,330,113,0,0,0
76293,26.03,26.53,9824,1.979,1056,-372,-13524,96,314,102,0,0,0
76294,26.03,26.53,2,0.0,940,-596,-13608,100,349,108,0,0,0
76299,26.03,26.53,12206,2.459,1144,-448,-13640,94,334,97,0,0,0
76304,26.03,26.53,12213,2.46,1088,-324,-13408,101,323,92,0,0,0
76310,26.03,26.53,4603,0.927,1032,-424,-13620,107,327,126,0,0,0
76315,26.03,26.53,12216,2.461,980,-500,-13464,93,321,93,0,0,0
76320,26.03,26.53,12164,2.45,1032,-512,-13660,71,339,89,0,0,0
76324,26.03,26.53,12168,2.451,1180,-456,-13612,95,336,102,0,0,0
76329,26.03,26.53,11575,2.332,1024,-436,-13596,99,363,115,0,0,0
76404,26.03,26.53,588,0.118,1260,-364,-13596,110,298,90,0,0,0
76405,26.03,26.53,4775,0.962,1260,-364,-13596,110,298,90,0,0,0
76409,26.03,26.53,7396,1.49,1104,-352,-13464,85,362,102,0,0,0
76415,26.03,26.53,11897,2.396,1236,-320,-13408,91,351,107,0,0,0
76420,26.03,26.53,10592,2.134,1136,-304,-13556,150,340,112,0,0,0
76424,26.03,26.53,5687,1.146,964,-492,-13700,102,296,118,0,0,0
76438,26.03,26.53,5311,1.07,1232,-500,-13744,55,371,75,0,0,0
76439,26.03,26.53,3978,0.801,1232,-500,-13744,55,371,75,0,0,0
76444,26.03,26.53,5172,1.042,1172,-384,-13620,85,341,108,0,0,0
76449,26.03,26.53,4523,0.911,1048,-324,-13500,95,297,87,0,0,0
76454,26.03,26.53,7636,1.538,1108,-308,-13360,95,347,97,0,0,0
76546,26.03,26.53,3880,0.782,1084,-544,-13716,104,356,110,0,0,0
76549,26.03,26.53,12169,2.451,1016,-440,-13716,109,302,97,0,0,0
76555,26.03,26.53,12210,2.459,1056,-396,-13600,100,322,128,0,0,0
76560,26.03,26.53,12179,2.453,1068,-352,-13508,80,378,102,0,0,0
76565,26.03,26.53,12206,2.459,1144,-320,-13688,97,394,100,0,0,0
76569,26.03,26.53,12198,2.457,1136,-428,-13660,91,331,105,0,0,0
76574,26.03,26.53,12179,2.453,996,-488,-13672,107,293,112,0,0,0
76579,26.03,26.53,1936,0.39,948,-404,-13468,71,325,128,0,0,0
76585,26.03,26.53,9545,1.923,980,-576,-13688,104,383,115,0,0,0
76659,26.03,26.53,11595,2.336,1004,-416,-13496,85,306,108,0,0,0
76664,26.03,26.53,11578,2.332,1056,-404,-13596,87,346,102,0,0,0
76669,26.03,26.53,6479,1.305,1016,-496,-13488,76,379,100,0,0,0
76674,26.03,26.53,10691,2.153,1100,-348,-13556,103,357,87,0,0,0
76680,26.03,26.53,10989,2.213,1188,-500,-13476,106,288,89,0,0,0
76685,26.03,26.53,12178,2.453,1072,-400,-13540,111,302,103,0,0,0
76690,26.01,26.49,12173,2.452,1072,-400,-13608,85,336,107,0,0,0
76694,26.01,26.49,12118,2.441,1024,-400,-13596,96,387,97,0,0,0
76787,26.01,26.49,8830,1.779,1012,-348,-13600,110,299,123,0,0,0
76789,26.01,26.49,7958,1.603,960,-328,-13516,102,324,110,0,0,0
76794,26.01,26.49,12195,2.456,1044,-492,-13624,97,354,99,0,0,0
76799,26.01,26.49,12179,2.453,1092,-536,-13700,102,352,100,0,0,0
76805,26.01,26.49,12155,2.448,1128,-584,-13616,96,336,112,0,0,0
76810,26.01,26.49,10860,2.188,1100,-380,-13476,100,320,112,0,0,0
76815,26.01,26.49,12141,2.446,1020,-216,-13376,107,304,90,0,0,0
76819,26.01,26.49,12151,2.448,952,-368,-13500,87,353,114,0,0,0
76824,26.01,26.49,8383,1.689,1108,-372,-13560,127,346,90,0,0,0
76829,26.01,26.49,12191,2.456,1080,-328,-13556,99,354,99,0,0,0
76835,26.01,26.49,10560,2.127,1112,-468,-13656,144,328,99,0,0,0
76840,26.01,26.49,12229,2.463,964,-600,-13720,123,297,87,0,0,0
76938,26.01,26.49,8284,1.669,1012,-484,-13740,105,314,30,0,0,0
76959,26.01,26.49,3629,0.731,1044,-496,-13388,97,326,70,0,0,0
76960,26.01,26.49,3117,0.628,1044,-496,-13388,97,326,70,0,0,0
76964,26.01,26.49,7640,1.539,1016,-396,-13572,85,306,103,0,0,0
76969,26.01,26.49,5038,1.015,988,-492,-13532,113,361,96,0,0,0
76975,26.01,26.49,12209,2.459,920,-384,-13532,95,365,91,0,0,0
76980,26.01,26.49,9269,1.867,1104,-344,-13656,92,306,96,0,0,0
77069,26.01,26.49,9264,1.866,1064,-508,-13704,103,326,116,0,0,0
77075,26.01,26.49,12204,2.458,1148,-332,-13516,92,345,101,0,0,0
77079,26.01,26.49,12212,2.46,1036,-396,-13484,99,328,77,0,0,0
77084,26.01,26.49,12188,2.455,1080,-388,-13844,78,317,109,0,0,0
77089,26.01,26.49,12132,2.444,1040,-408,-13376,93,333,82,0,0,0
77095,26.01,26.49,2592,0.522,968,-476,-13736,60,395,101,0,0,0
77100,26.01,26.49,2268,0.457,952,-244,-13780,111,369,112,0,0,0
77105,26.01,26.49,12158,2.449,956,-500,-13532,116,299,93,0,0,0
77109,26.01,26.49,4942,0.995,1116,-516,-13620,104,287,102,0,0,0
77114,26.01,26.49,10714,2.158,1076,-296,-13528,85,364,99,0,0,0
77119,26.01,26.49,12191,2.456,1188,-504,-13760,67,358,87,0,0,0
77125,26.01,26.49,10601,2.135,1092,-460,-13652,109,311,91,0,0,0
77130,26.01,26.49,11183,2.253,1032,-396,-13344,119,310,87,0,0,0
77204,26.01,26.49,1053,0.212,1056,-396,-13448,145,364,91,0,0,0
77205,26.01,26.49,717,0.144,1056,-396,-13448,145,364,91,0,0,0
77209,26.05,26.47,10447,2.104,1088,-404,-13512,105,322,97,0,0,0
77214,26.05,26.47,11889,2.395,1052,-424,-13544,100,324,92,0,0,0
77309,26.05,26.47,11886,2.394,1120,-464,-13448,112,355,91,0,0,0
77310,26.05,26.47,2909,0.586,1120,-464,-13448,112,355,91,0,0,0
77315,26.05,26.47,12161,2.45,1128,-396,-13692,105,301,117,0,0,0
77320,26.05,26.47,12217,2.461,1160,-544,-13536,113,270,87,0,0,0
77325,26.05,26.47,10566,2.128,1128,-460,-13460,102,336,92,0,0,0
77329,26.05,26.47,12194,2.456,1000,-508,-13752,87,392,99,0,0,0
77334,26.05,26.47,10698,2.155,1044,-440,-13428,118,363,109,0,0,0
77339,26.05,26.47,11740,2.365,1056,-492,-13572,118,275,105,0,0,0
77345,26.05,26.47,12178,2.453,1112,-548,-13608,88,330,111,0,0,0
77350,26.05,26.47,12192,2.456,1108,-476,-13488,85,365,113,0,0,0
77355,26.05,26.47,12189,2.455,1112,-444,-13592,89,380,113,0,0,0
77359,26.05,26.47,10163,2.047,1184,-408,-13552,136,327,126,0,0,0
77364,26.05,26.47,12220,2.461,1000,-380,-13468,109,319,115,0,0,0
77369,26.05,26.47,11457,2.308,1032,-440,-13556,125,297,99,0,0,0
77375,26.05,26.47,12180,2.453,1136,-328,-13648,83,311,106,0,0,0
77380,26.05,26.47,12135,2.444,1036,-468,-13612,96,346,101,0,0,0
77455,26.05,26.47,2671,0.538,1064,-300,-13444,97,321,80,0,0,0
77471,26.05,26.47,1096,0.221,1192,-416,-13528,125,341,80,0,0,0
77474,26.05,26.47,7448,1.5,1176,-484,-13756,111,340,95,0,0,0
77564,26.05,26.47,10543,2.124,1120,-504,-13292,143,336,108,0,0,0
77569,26.05,26.47,11045,2.225,1388,-348,-13508,124,348,95,0,0,0
77574,26.05,26.47,11831,2.383,1092,-436,-13792,98,243,115,0,0,0
77580,26.05,26.47,12182,2.454,892,-464,-13788,115,325,95,0,0,0
77585,26.05,26.47,10715,2.158,792,-524,-13708,131,299,94,0,0,0
77590,26.05,26.47,10205,2.056,860,-676,-13204,69,425,94,0,0,0
77594,26.05,26.47,12160,2.449,1452,-308,-13924,52,396,110,0,0,0
77599,26.05,26.47,12209,2.459,1352,-320,-13368,108,280,108,0,0,0
77604,26.05,26.47,12175,2.452,1296,-376,-13660,126,319,103,0,0,0
77610,26.05,26.47,12180,2.453,948,-432,-13376,96,304,114,0,0,0
77615,26.05,26.47,12184,2.454,832,-404,-13220,119,365,103,0,0,0
77620,26.05,26.47,12201,2.458,1008,-500,-13688,110,340,87,0,0,0
77624,26.05,26.47,12220,2.461,880,-544,-13640,122,312,111,0,0,0
77629,26.05,26.47,12202,2.458,1028,-604,-13712,78,351,105,0,0,0
77634,26.05,26.47,12170,2.451,1120,-508,-13296,72,277,95,0,0,0
77640,26.05,26.47,12198,2.457,1240,-416,-13512,99,369,83,0,0,0
77729,26.05,26.47,5280,1.064,1272,-432,-13476,108,311,112,0,0,0
77806,26.05,26.37,1582,0.319,1092,-508,-13496,111,344,116,0,0,0
77809,26.05,26.37,4558,0.918,988,-536,-13652,97,291,103,0,0,0
77815,26.05,26.37,12172,2.452,1008,-328,-13516,104,307,97,0,0,0
77820,26.05,26.37,35,0.007,1028,-340,-13344,100,340,96,0,0,0
77825,26.05,26.37,7586,1.528,1168,-424,-13272,128,402,89,0,0,0
77829,26.05,26.37,6199,1.249,1068,-496,-13772,96,320,122,0,0,0
77834,26.05,26.37,9336,1.881,1016,-464,-13500,114,305,96,0,0,0
77839,26.05,26.37,8640,1.74,1164,-312,-13576,73,329,97,0,0,0
77845,26.05,26.37,9795,1.973,1052,-456,-13500,107,326,110,0,0,0
77850,26.05,26.37,6692,1.348,1100,-464,-13916,107,303,94,0,0,0
77855,26.05,26.37,9102,1.833,956,-564,-13400,92,327,95,0,0,0
77859,26.05,26.37,12221,2.462,1092,-424,-13480,91,391,95,0,0,0
77864,26.05,26.37,5639,1.136,1080,-544,-13644,90,347,82,0,0,0
77869,26.05,26.37,3638,0.733,1048,-400,-13588,93,295,83,0,0,0
77875,26.05,26.37,4435,0.893,976,-372,-13436,108,310,100,0,0,0
77880,26.05,26.37,3248,0.654,1160,-392,-13464,94,411,92,0,0,0
77995,26.05,26.37,4271,0.86,888,-452,-13452,99,283,119,0,0,0
78012,26.05,26.37,186,0.037,1188,-440,-13880,126,250,104,0,0,0
78015,26.05,26.37,3058,0.616,1072,-524,-13468,107,241,107,0,0,0
78020,26.05,26.37,5149,1.037,916,-596,-13396,57,401,99,0,0,0
78094,26.05,26.37,5647,1.137,1088,-468,-13872,106,254,97,0,0,0
78095,26.05,26.37,1382,0.278,1088,-468,-13872,106,254,97,0,0,0
78099,26.05,26.37,7780,1.567,932,-296,-13340,101,250,106,0,0,0
78105,26.05,26.37,11630,2.343,924,-484,-13204,80,398,109,0,0,0
78110,26.05,26.37,5663,1.141,1076,-444,-13532,60,434,109,0,0,0
78115,26.05,26.37,7585,1.528,1052,-376,-13708,131,289,115,0,0,0
78119,26.05,26.37,9029,1.819,1004,-516,-13504,94,240,105,0,0,0
78124,26.05,26.37,9690,1.952,936,-524,-13440,75,355,98,0,0,0
78129,26.05,26.37,4672,0.941,1200,-432,-13648,79,405,115,0,0,0
78135,26.05,26.37,12134,2.444,1204,-356,-13744,103,351,89,0,0,0
78140,26.05,26.37,10920,2.2,1120,-416,-13416,122,262,90,0,0,0
78145,26.05,26.37,8819,1.776,948,-400,-13320,112,298,91,0,0,0
78149,26.05,26.37,12209,2.459,1136,-444,-13592,83,428,97,0,0,0
78154,26.05,26.37,3452,0.695,1068,-448,-13700,91,373,100,0,0,0
78159,26.05,26.37,2776,0.559,1116,-436,-13852,118,271,121,0,0,0
78250,26.05,26.37,4254,0.857,1036,-448,-13492,139,304,126,0,0,0
78254,26.07,26.37,5335,1.075,972,-420,-13256,97,391,100,0,0,0
78259,26.07,26.37,6198,1.248,1260,-356,-13656,110,368,91,0,0,0
78265,26.07,26.37,6004,1.209,996,-424,-13656,115,315,108,0,0,0
78270,26.07,26.37,8225,1.657,964,-384,-13612,95,286,92,0,0,0
78344,26.07,26.37,2284,0.46,1120,-464,-13644,102,350,102,0,0,0
78345,26.07,26.37,1561,0.314,1120,-464,-13644,102,350,102,0,0,0
78349,26.07,26.37,7126,1.435,952,-472,-13588,96,319,99,0,0,0
78355,26.07,26.37,7792,1.57,1024,-520,-13532,107,319,98,0,0,0
78360,26.07,26.37,11557,2.328,1004,-504,-13656,82,355,100,0,0,0
78365,26.07,26.37,9973,2.009,1116,-488,-13520,85,369,100,0,0,0
78369,26.07,26.37,5553,1.119,1092,-360,-13656,84,342,75,0,0,0
78374,26.07,26.37,5751,1.158,1052,-368,-13556,102,298,98,0,0,0
78379,26.07,26.37,4626,0.932,1168,-384,-13464,111,334,111,0,0,0
78385,26.07,26.37,11539,2.324,1028,-520,-13604,82,360,83,0,0,0
78390,26.07,26.37,6514,1.312,1172,-484,-13676,93,352,88,0,0,0
78395,26.07,26.37,7940,1.599,1048,-408,-13632,105,299,114,0,0,0
78399,26.07,26.37,9562,1.926,1192,-492,-13396,102,333,109,0,0,0
78489,26.07,26.37,543,0.109,1052,-428,-13568,117,348,109,0,0,0
78507,26.07,26.37,836,0.168,1056,-380,-13540,107,306,103,0,0,0
78509,26.07,26.37,12177,2.453,1100,-480,-13500,128,344,110,0,0,0
78514,26.07,26.37,12190,2.455,1148,-500,-13588,86,345,128,0,0,0
78519,26.07,26.37,12152,2.448,1160,-420,-13564,98,347,119,0,0,0
78525,26.07,26.37,12191,2.456,1032,-320,-13464,116,315,100,0,0,0
78530,26.07,26.37,8981,1.809,1008,-388,-13444,79,334,107,0,0,0
78605,26.07,26.37,3408,0.686,1036,-416,-13492,102,291,74,0,0,0
78610,26.07,26.37,5376,1.083,1168,-440,-13352,131,337,120,0,0,0
78614,26.07,26.37,4616,0.93,1100,-348,-13656,72,347,100,0,0,0
78619,26.07,26.37,9222,1.858,1088,-392,-13544,75,361,109,0,0,0
78624,26.07,26.37,10370,2.089,1024,-372,-13532,100,346,95,0,0,0
78630,26.07,26.37,12147,2.447,1028,-408,-13620,107,317,85,0,0,0
78635,26.07,26.37,8249,1.662,1016,-484,-13516,99,313,93,0,0,0
78639,26.07,26.37,12213,2.46,1092,-368,-13564,100,351,106,0,0,0
78644,26.07,26.37,11200,2.256,1228,-360,-13564,73,374,100,0,0,0
78649,26.07,26.37,8043,1.62,1020,-416,-13460,122,339,93,0,0,0
78654,26.07,26.37,8049,1.621,1064,-380,-13708,134,353,79,0,0,0
78744,26.07,26.37,3173,0.639,1052,-384,-13404,92,297,102,0,0,0
78745,26.07,26.37,12178,2.453,1092,-380,-13704,68,348,111,0,0,0
78750,26.07,26.37,12209,2.459,1208,-424,-13808,74,360,95,0,0,0
78755,26.07,26.41,12201,2.458,1044,-336,-13584,97,342,117,0,0,0
78760,26.07,26.41,12193,2.456,884,-424,-13440,101,332,101,0,0,0
78764,26.07,26.41,12167,2.451,1056,-372,-13544,104,343,94,0,0,0
78769,26.07,26.41,12144,2.446,1080,-376,-13576,78,323,95,0,0,0
78774,26.07,26.41,12147,2.447,1212,-392,-13712,113,313,89,0,0,0
78780,26.07,26.41,12160,2.449,1036,-404,-13504,92,304,108,0,0,0
78854,26.07,26.41,8132,1.638,1196,-396,-13536,90,313,106,0,0,0
78859,26.07,26.41,8824,1.777,1004,-304,-13476,92,323,94,0,0,0
78864,26.07,26.41,12188,2.455,880,-420,-13472,102,343,85,0,0,0
78869,26.07,26.41,12160,2.449,908,-560,-13508,102,399,108,0,0,0
78875,26.07,26.41,12184,2.454,1152,-448,-13620,75,332,84,0,0,0
78880,26.07,26.41,12202,2.458,1288,-312,-13488,89,334,108,0,0,0
78885,26.07,26.41,12186,2.455,1064,-384,-13568,97,294,107,0,0,0
78889,26.07,26.41,12163,2.45,1052,-268,-13368,136,322,104,0,0,0
79006,26.07,26.41,10932,2.202,1024,-412,-13628,119,257,109,0,0,0
79020,26.07,26.41,1247,0.251,976,-508,-13612,87,421,107,0,0,0
79024,26.07,26.41,12171,2.452,1168,-508,-13576,126,325,105,0,0,0
79030,26.07,26.41,11338,2.284,1136,-404,-13440,109,298,95,0,0,0
79035,26.07,26.41,11787,2.374,1128,-456,-13448,106,346,101,0,0,0
79040,26.07,26.41,8351,1.682,1024,-336,-13644,111,338,88,0,0,0
79044,26.07,26.41,12133,2.444,1000,-552,-13604,120,326,113,0,0,0
79049,26.07,26.41,12210,2.459,996,-544,-13432,112,342,96,0,0,0
79054,26.07,26.41,10247,2.064,1024,-532,-13576,109,354,98,0,0,0
79060,26.07,26.41,10643,2.144,1072,-420,-13476,94,349,95,0,0,0
79065,26.07,26.41,12190,2.455,1024,-392,-13528,122,312,94,0,0,0
79070,26.07,26.41,9661,1.946,1120,-408,-13464,122,298,117,0,0,0
79144,26.07,26.41,2514,0.506,988,-528,-13756,114,323,97,0,0,0
79149,26.07,26.41,12148,2.447,1068,-552,-13544,92,307,103,0,0,0
79155,26.07,26.41,12152,2.448,1032,-516,-13460,80,355,112,0,0,0
79160,26.07,26.41,11060,2.228,1124,-340,-13552,91,346,105,0,0,0
79165,26.07,26.41,12175,2.452,1148,-444,-13516,105,343,96,0,0,0
79258,26.07,26.41,12209,2.459,1072,-400,-13568,103,316,119,0,0,0
79259,26.07,26.41,15,0.003,1116,-380,-13468,123,358,97,0,0,0
79264,26.07,26.41,12181,2.454,1032,-432,-13632,80,330,77,0,0,0
79269,26.07,26.41,8064,1.624,1184,-444,-13512,88,331,85,0,0,0
79275,26.07,26.41,7182,1.447,1036,-404,-13568,94,327,104,0,0,0
79280,26.07,26.41,5121,1.032,1080,-476,-13468,81,309,96,0,0,0
79285,26.07,26.41,3592,0.724,1124,-536,-13680,85,359,94,0,0,0
79289,26.07,26.41,6955,1.401,1076,-440,-13628,97,344,85,0,0,0
79294,26.07,26.41,9036,1.82,1088,-416,-13540,93,360,63,0,0,0
79299,26.07,26.41,7158,1.442,1172,-396,-13504,123,349,34,0,0,0
79305,26.07,26.41,9573,1.928,1060,-436,-13480,115,355,38,0,0,0
79310,26.07,26.41,6678,1.345,1064,-420,-13672,105,330,7,0,0,0
79315,26.07,26.41,5879,1.184,1132,-372,-13612,108,341,-17,0,0,0
79319,26.07,26.41,9515,1.917,1016,-536,-13512,120,335,-12,0,0,0
79324,26.07,26.41,6102,1.229,1020,-448,-13580,128,336,11,0,0,0
79398,26.07,26.41,1366,0.275,1088,-440,-13456,97,311,114,0,0,0
79400,26.07,26.41,8561,1.724,1060,-436,-13508,75,319,93,0,0,0
79405,26.07,26.41,12172,2.452,1092,-504,-13660,71,313,96,0,0,0
79498,26.07,26.41,12162,2.45,1100,-388,-13404,97,330,80,0,0,0
79518,26.07,26.41,808,0.163,1004,-432,-13536,99,347,113,0,0,0
79520,26.07,26.41,2545,0.513,1044,-384,-13364,126,330,86,0,0,0
79525,26.07,26.41,9362,1.886,1112,-408,-13580,99,313,113,0,0,0
79530,26.07,26.41,12191,2.456,1072,-516,-13484,93,317,83,0,0,0
79534,26.07,26.41,9337,1.881,1040,-540,-13508,103,343,98,0,0,0
79539,26.07,26.41,12168,2.451,1140,-372,-13408,100,336,105,0,0,0
79544,26.07,26.41,12178,2.453,1140,-372,-13408,100,336,105,0,0,0
79550,26.07,26.41,12161,2.45,1012,-400,-13476,115,327,123,0,0,0
79555,26.07,26.41,8868,1.786,1016,-416,-13504,97,335,108,0,0,0
79560,26.07,26.41,12202,2.458,1168,-492,-13808,107,358,109,0,0,0
79564,26.07,26.41,12178,2.453,1100,-440,-13488,86,360,95,0,0,0
79569,26.07,26.41,12146,2.447,972,-428,-13444,128,328,128,0,0,0
79574,26.07,26.41,12173,2.452,972,-428,-13444,128,328,128,0,0,0
79580,26.07,26.41,12211,2.46,1144,-480,-13508,98,327,107,0,0,0
79585,26.07,26.41,12207,2.459,976,-452,-13492,109,349,90,0,0,0
79589,26.07,26.41,12184,2.454,1064,-372,-13568,103,327,110,0,0,0
79664,26.07,26.41,12177,2.453,1048,-412,-13552,94,337,90,0,0,0
79755,26.07,26.49,12215,2.46,1016,-464,-13436,96,314,101,0,0,0
79759,26.07,26.49,9927,2.0,1016,-464,-13436,96,314,101,0,0,0
79765,26.07,26.49,12201,2.458,1044,-452,-13568,94,345,103,0,0,0
79770,26.07,26.49,12203,2.458,1120,-436,-13412,102,337,88,0,0,0
79775,26.07,26.49,12200,2.457,1036,-420,-13524,105,327,99,0,0,0
79779,26.07,26.49,12197,2.457,1064,-432,-13604,94,304,90,0,0,0
79784,26.07,26.49,12177,2.453,1088,-380,-13512,77,317,98,0,0,0
79789,26.07,26.49,12152,2.448,1088,-380,-13512,77,317,98,0,0,0
79795,26.07,26.49,12173,2.452,1088,-440,-13740,95,362,115,0,0,0
79800,26.07,26.49,12191,2.456,1096,-408,-13672,97,338,106,0,0,0
79805,26.07,26.49,4070,0.82,1024,-408,-13440,98,338,93,0,0,0
79809,26.07,26.49,12146,2.447,1016,-364,-13628,119,348,107,0,0,0
79814,26.07,26.49,12148,2.447,1128,-452,-13560,99,336,97,0,0,0
79819,26.07,26.49,12155,2.448,1128,-452,-13560,99,336,97,0,0,0
79825,26.07,26.49,8472,1.707,1068,-440,-13512,90,335,104,0,0,0
79830,26.07,26.49,6552,1.32,1076,-428,-13452,117,344,104,0,0,0
79924,26.07,26.49,10160,2.047,944,-444,-13536,97,351,109,0,0,0
79937,26.07,26.49,2416,0.487,1020,-408,-13684,111,305,101,0,0,0
79939,26.07,26.49,839,0.169,1020,-408,-13684,111,305,101,0,0,0
80039,26.07,26.49,5982,1.205,1080,-528,-13584,107,320,94,0,0,0
80044,26.07,26.49,12211,2.46,1044,-472,-13592,81,333,99,0,0,0
80050,26.07,26.49,9042,1.821,1032,-388,-13596,94,341,104,0,0,0
80055,26.07,26.49,7465,1.504,1052,-524,-13468,93,320,103,0,0,0
80059,26.07,26.49,10008,2.016,1112,-424,-13564,89,357,107,0,0,0
80064,26.07,26.49,12167,2.451,1112,-424,-13564,89,357,107,0,0,0
80069,26.07,26.49,12170,2.451,1104,-444,-13556,97,342,115,0,0,0
80074,26.07,26.49,9858,1.986,1140,-464,-13552,111,317,108,0,0,0
80080,26.07,26.49,5320,1.072,1108,-476,-13508,104,314,88,0,0,0
80085,26.07,26.49,12160,2.449,1064,-460,-13512,99,332,103,0,0,0
80089,26.07,26.49,12160,2.449,996,-420,-13448,98,363,86,0,0,0
80094,26.07,26.49,9425,1.898,996,-420,-13448,98,363,86,0,0,0
80099,26.07,26.49,12191,2.456,1108,-496,-13604,122,370,88,0,0,0
80105,26.07,26.49,12159,2.449,1152,-432,-13604,92,340,105,0,0,0
80110,26.07,26.49,12177,2.453,1024,-500,-13640,115,337,105,0,0,0
80201,26.05,26.47,9973,2.009,1080,-412,-13384,117,328,126,0,0,0
80204,26.05,26.47,6755,1.361,992,-476,-13708,88,324,106,0,0,0
80209,26.05,26.47,8493,1.711,992,-476,-13708,88,324,106,0,0,0
80214,26.05,26.47,12176,2.453,1092,-404,-13768,109,342,120,0,0,0
80219,26.05,26.47,12210,2.459,1048,-452,-13484,107,331,113,0,0,0
80293,26.05,26.47,11109,2.238,1052,-356,-13644,90,352,112,0,0,0
80295,26.05,26.47,6938,1.398,988,-552,-13604,98,358,94,0,0,0
80300,26.05,26.47,12155,2.448,1136,-308,-13612,105,345,114,0,0,0
80305,26.05,26.47,12197,2.457,1080,-364,-13364,116,325,107,0,0,0
80309,26.05,26.47,2823,0.569,1080,-364,-13364,116,325,107,0,0,0
80314,26.05,26.47,9333,1.88,992,-412,-13724,91,332,105,0,0,0
80319,26.05,26.47,12160,2.449,1056,-424,-13488,88,331,105,0,0,0
80325,26.05,26.47,12186,2.455,1084,-488,-13516,76,363,103,0,0,0
80330,26.05,26.47,8574,1.727,1116,-440,-13724,108,340,99,0,0,0
80335,26.05,26.47,8567,1.726,988,-448,-13544,107,336,98,0,0,0
80339,26.05,26.47,12126,2.443,988,-448,-13544,107,336,98,0,0,0
80344,26.05,26.47,11374,2.291,1056,-332,-13556,99,331,91,0,0,0
80349,26.05,26.47,12028,2.423,1072,-476,-13460,97,339,111,0,0,0
80439,26.05,26.47,7415,1.494,964,-588,-13548,109,347,111,0,0,0
80455,26.05,26.47,7389,1.488,1064,-448,-13508,108,322,82,0,0,0
80460,26.05,26.47,12125,2.442,960,-436,-13440,105,341,93,0,0,0
80465,26.05,26.47,11269,2.27,1120,-488,-13580,117,336,77,0,0,0
80470,26.05,26.47,10478,2.111,1120,-460,-13560,121,308,126,0,0,0
80474,26.05,26.47,12181,2.454,1120,-460,-13560,121,308,126,0,0,0
80479,26.05,26.47,10556,2.126,1168,-420,-13580,72,318,101,0,0,0
80554,26.05,26.47,8535,1.719,912,-468,-13464,94,349,113,0,0,0
80555,26.05,26.47,12169,2.451,1120,-380,-13644,101,319,102,0,0,0
80560,26.05,26.47,12194,2.456,1060,-508,-13552,108,334,99,0,0,0
80565,26.05,26.47,12212,2.46,1184,-388,-13508,111,339,92,0,0,0
80570,26.05,26.47,12190,2.455,1012,-448,-13656,92,351,107,0,0,0
80574,26.05,26.47,12158,2.449,1012,-448,-13656,92,351,107,0,0,0
80579,26.05,26.47,12221,2.462,1048,-496,-13532,88,331,95,0,0,0
80584,26.05,26.47,12191,2.456,1152,-512,-13580,101,345,107,0,0,0
80590,26.05,26.47,10277,2.07,1088,-492,-13560,97,332,92,0,0,0
80595,26.05,26.47,9764,1.967,1048,-320,-13564,82,307,76,0,0,0
80600,26.05,26.47,11128,2.241,1080,-400,-13620,79,320,90,0,0,0
80693,26.05,26.65,11133,2.243,1092,-528,-13476,105,312,115,0,0,0
80694,26.05,26.65,6201,1.249,1092,-528,-13476,105,312,115,0,0,0
80699,26.05,26.65,12125,2.442,1028,-404,-13488,111,338,111,0,0,0
80704,26.05,26.65,12202,2.458,1148,-424,-13596,99,320,89,0,0,0
80710,26.05,26.65,12153,2.448,1144,-376,-13656,99,353,130,0,0,0
80715,26.05,26.65,12156,2.449,1032,-352,-13292,108,366,121,0,0,0
80720,26.05,26.65,12200,2.457,1032,-352,-13292,108,366,121,0,0,0
80724,26.05,26.65,12184,2.454,980,-560,-13668,105,343,124,0,0,0
80729,26.05,26.65,12212,2.46,1112,-384,-13616,104,322,133,0,0,0
80804,26.05,26.65,56,0.011,976,-444,-13596,99,391,103,0,0,0
80809,26.05,26.65,12185,2.454,1024,-420,-13568,105,327,93,0,0,0
80815,26.05,26.65,12164,2.45,1072,-368,-13400,92,313,119,0,0,0
80820,26.05,26.65,12188,2.455,1200,-452,-13560,69,344,108,0,0,0
80824,26.05,26.65,9844,1.983,1200,-452,-13560,69,344,108,0,0,0
80829,26.05,26.65,9407,1.895,1060,-408,-13664,116,356,109,0,0,0
80834,26.05,26.65,12200,2.457,1016,-392,-13472,92,284,95,0,0,0
80839,26.05,26.65,12170,2.451,924,-324,-13436,131,359,111,0,0,0
80932,26.05,26.65,12145,2.446,1168,-304,-13652,80,382,99,0,0,0
80944,26.05,26.65,12144,2.446,1024,-396,-13584,105,308,93,0,0,0
80949,26.05,26.65,12175,2.452,908,-480,-13600,80,361,98,0,0,0
80954,26.05,26.65,12144,2.446,1128,-400,-13724,85,372,90,0,0,0
80960,26.05,26.65,12197,2.457,1008,-384,-13572,100,302,92,0,0,0
80965,26.05,26.65,12165,2.45,1052,-332,-13496,112,351,123,0,0,0
80970,26.05,26.65,12189,2.455,1052,-332,-13496,112,351,123,0,0,0
80974,26.05,26.65,12204,2.458,1116,-428,-13532,123,360,108,0,0,0
80979,26.05,26.65,50,0.01,1144,-488,-13600,124,311,93,0,0,0
80984,26.05,26.65,12200,2.457,980,-424,-13392,127,302,100,0,0,0
80990,26.05,26.65,12206,2.459,996,-464,-13472,92,339,81,0,0,0
80995,26.05,26.65,12168,2.451,1152,-348,-13640,100,337,109,0,0,0
81093,26.05,26.65,1695,0.341,976,-472,-13600,86,340,124,0,0,0
81095,26.05,26.65,1732,0.349,976,-472,-13600,86,340,124,0,0,0
81100,26.05,26.65,4859,0.979,1136,-292,-13436,110,349,109,0,0,0
81104,26.05,26.65,12181,2.454,1148,-388,-13692,90,347,91,0,0,0
81109,26.05,26.65,12186,2.455,1096,-424,-13536,123,340,80,0,0,0
81114,26.05,26.65,12215,2.46,1020,-440,-13720,95,327,76,0,0,0
81205,26.07,26.61,12173,2.452,1092,-408,-13624,73,330,95,0,0,0
81210,26.07,26.61,8748,1.762,1076,-372,-13392,93,343,104,0,0,0
81215,26.07,26.61,11059,2.228,1048,-460,-13428,100,346,87,0,0,0
81220,26.07,26.61,12137,2.445,1048,-460,-13428,100,346,87,0,0,0
81224,26.07,26.61,9332,1.88,1020,-452,-13568,107,338,102,0,0,0
81229,26.07,26.61,12206,2.459,1136,-520,-13460,99,325,120,0,0,0
81234,26.07,26.61,12185,2.454,1024,-428,-13456,73,318,111,0,0,0
81240,26.07,26.61,12195,2.456,992,-428,-13596,104,359,88,0,0,0
81245,26.07,26.61,2752,0.554,992,-428,-13596,104,359,88,0,0,0
81250,26.07,26.61,12215,2.46,1144,-408,-13540,110,348,122,0,0,0
81254,26.07,26.61,12174,2.452,1020,-376,-13552,84,330,79,0,0,0
81259,26.07,26.61,12163,2.45,1024,-444,-13440,109,338,121,0,0,0
81264,26.07,26.61,12186,2.455,972,-492,-13548,102,330,105,0,0,0
81270,26.07,26.61,9578,1.929,1092,-476,-13564,90,331,108,0,0,0
81344,26.07,26.61,3782,0.762,1108,-436,-13588,87,342,108,0,0,0
81349,26.07,26.61,9324,1.878,1060,-372,-13612,97,354,99,0,0,0
81443,26.07,26.61,12206,2.459,952,-468,-13564,81,320,94,0,0,0
81460,26.07,26.61,8,0.002,1140,-412,-13420,114,322,109,0,0,0
81464,26.07,26.61,11021,2.22,1140,-412,-13420,114,322,109,0,0,0
81469,26.07,26.61,12184,2.454,1128,-432,-13668,73,322,108,0,0,0
81475,26.07,26.61,1952,0.393,996,-320,-13592,116,353,115,0,0,0
81480,26.07,26.61,12198,2.457,1000,-484,-13508,106,364,86,0,0,0
81484,26.07,26.61,12214,2.46,1080,-348,-13680,124,349,127,0,0,0
81489,26.07,26.61,12202,2.458,1068,-460,-13424,95,321,107,0,0,0
81494,26.07,26.61,12166,2.451,1160,-464,-13600,105,308,126,0,0,0
81499,26.07,26.61,12152,2.448,996,-364,-13520,90,361,87,0,0,0
81505,26.07,26.61,10717,2.159,1116,-456,-13592,94,364,86,0,0,0
81510,26.07,26.61,11295,2.275,1176,-420,-13496,105,355,114,0,0,0
81514,26.07,26.61,12165,2.45,1080,-464,-13632,106,303,106,0,0,0
81519,26.07,26.61,12167,2.451,984,-560,-13628,100,311,96,0,0,0
81524,26.07,26.61,10146,2.044,1048,-556,-13684,101,319,101,0,0,0
81530,26.07,26.61,7856,1.582,984,-468,-13576,85,360,95,0,0,0
81535,26.07,26.61,12154,2.448,1036,-460,-13472,109,320,97,0,0,0
81626,26.07,26.61,2717,0.547,1080,-380,-13500,115,341,94,0,0,0
81703,26.07,26.61,10315,2.078,1056,-428,-13580,72,380,107,0,0,0
81705,26.05,26.73,33,0.007,1056,-428,-13580,72,380,107,0,0,0
81710,26.05,26.73,12179,2.453,1008,-452,-13444,135,332,107,0,0,0
81714,26.05,26.73,12178,2.453,1112,-416,-13548,123,283,91,0,0,0
81719,26.05,26.73,10824,2.18,1188,-492,-13532,104,293,81,0,0,0
81724,26.05,26.73,8548,1.722,1208,-416,-13608,93,347,86,0,0,0
81730,26.05,26.73,12165,2.45,1068,-412,-13640,64,372,100,0,0,0
81735,26.05,26.73,5670,1.142,1008,-508,-13408,111,379,116,0,0,0
81740,26.05,26.73,5354,1.078,1052,-464,-13524,122,319,89,0,0,0
81744,26.05,26.73,7500,1.511,1048,-516,-13532,95,288,88,0,0,0
81749,26.05,26.73,6217,1.252,1032,-440,-13620,93,336,103,0,0,0
81754,26.05,26.73,6371,1.283,1092,-472,-13532,90,355,107,0,0,0
81760,26.05,26.73,7333,1.477,1128,-408,-13500,107,345,102,0,0,0
81765,26.05,26.73,12181,2.454,1044,-408,-13532,78,326,106,0,0,0
81770,26.05,26.73,10903,2.196,1068,-476,-13612,90,326,106,0,0,0
81774,26.05,26.73,12206,2.459,1020,-340,-13820,96,345,102,0,0,0
81868,26.05,26.73,7515,1.514,1040,-392,-13508,94,337,93,0,0,0
81870,26.05,26.73,12173,2.452,1040,-392,-13508,94,337,93,0,0,0
81875,26.05,26.73,12204,2.458,1060,-424,-13600,71,332,91,0,0,0
81879,26.05,26.73,12191,2.456,1104,-380,-13464,115,325,99,0,0,0
81954,26.05,26.73,486,0.098,1148,-368,-13576,110,338,83,0,0,0
81967,26.05,26.73,12222,2.462,1080,-452,-13544,115,347,87,0,0,0
81969,26.05,26.73,10633,2.142,1080,-452,-13544,115,347,87,0,0,0
81975,26.05,26.73,12164,2.45,960,-384,-13680,95,312,85,0,0,0
81980,26.05,26.73,8632,1.739,1100,-496,-13704,101,353,85,0,0,0
81984,26.05,26.73,12114,2.44,1208,-324,-13488,83,338,100,0,0,0
81989,26.05,26.73,12032,2.424,1048,-612,-13516,100,322,93,0,0,0
81994,26.05,26.73,12186,2.455,1108,-444,-13300,101,341,91,0,0,0
81999,26.05,26.73,6262,1.261,1032,-444,-13508,101,331,107,0,0,0
82005,26.05,26.73,12206,2.459,1068,-432,-13648,94,337,100,0,0,0
82010,26.05,26.73,12165,2.45,1084,-356,-13588,100,367,80,0,0,0
82014,26.05,26.73,8690,1.75,1060,-336,-13372,109,332,74,0,0,0
82019,26.05,26.73,7161,1.442,1116,-488,-13508,98,351,91,0,0,0
82024,26.05,26.73,9959,2.006,1040,-380,-13676,121,341,106,0,0,0
82029,26.05,26.73,9003,1.813,1076,-436,-13492,123,349,108,0,0,0
82144,26.05,26.73,3013,0.607,968,-452,-13556,92,353,94,0,0,0
82149,26.05,26.73,10628,2.141,1072,-436,-13496,122,343,111,0,0,0
82154,26.05,26.73,4420,0.89,1152,-404,-13468,85,320,87,0,0,0
82159,26.05,26.73,10422,2.099,1116,-420,-13612,108,308,95,0,0,0
82165,26.05,26.73,10363,2.087,1196,-472,-13548,96,343,103,0,0,0
82239,26.11,26.77,3608,0.727,1096,-492,-13536,133,345,92,0,0,0
82244,26.11,26.77,3837,0.773,1000,-440,-13628,117,310,104,0,0,0
82249,26.11,26.77,4374,0.881,1068,-388,-13512,105,351,96,0,0,0
82255,26.11,26.77,6096,1.228,1000,-464,-13596,96,345,119,0,0,0
82260,26.11,26.77,8702,1.753,1052,-420,-13556,98,332,85,0,0,0
82264,26.11,26.77,6022,1.213,1196,-368,-13588,74,343,84,0,0,0
82269,26.11,26.77,9325,1.878,1100,-436,-13480,85,329,96,0,0,0
82274,26.11,26.77,10155,2.046,1024,-384,-13464,115,352,93,0,0,0
82279,26.11,26.77,5804,1.169,1072,-476,-13508,95,321,127,0,0,0
82285,26.11,26.77,11014,2.219,928,-376,-13536,99,325,104,0,0,0
82290,26.11,26.77,10525,2.12,1140,-504,-13416,90,355,118,0,0,0
82383,26.11,26.77,11313,2.279,1136,-388,-13576,102,342,100,0,0,0
82385,26.11,26.77,5773,1.163,1136,-388,-13576,102,342,100,0,0,0
82390,26.11,26.77,12193,2.456,1228,-400,-13388,106,330,107,0,0,0
82395,26.11,26.77,6443,1.298,1072,-488,-13572,125,335,95,0,0,0
82399,26.11,26.77,8669,1.746,1132,-372,-13640,105,325,109,0,0,0
82404,26.11,26.77,3969,0.799,1072,-396,-13564,107,347,86,0,0,0
82409,26.11,26.77,8852,1.783,1076,-436,-13504,90,330,124,0,0,0
82415,26.11,26.77,8701,1.753,1064,-320,-13552,75,336,98,0,0,0
82420,26.11,26.77,4053,0.816,1204,-372,-13584,116,338,107,0,0,0
82494,26.11,26.77,151,0.03,1108,-416,-13400,90,354,95,0,0,0
82508,26.11,26.77,9563,1.926,1168,-548,-13540,118,337,78,0,0,0
82509,26.11,26.77,9004,1.814,1168,-548,-13540,118,337,78,0,0,0
82514,26.11,26.77,8774,1.767,1148,-464,-13552,89,336,99,0,0,0
82519,26.11,26.77,10338,2.082,1000,-404,-13460,91,327,108,0,0,0
82524,26.11,26.77,7282,1.467,1024,-356,-13492,108,321,96,0,0,0
82530,26.11,26.77,11561,2.329,1076,-408,-13424,107,365,100,0,0,0
82535,26.11,26.77,10033,2.021,1144,-348,-13536,91,346,95,0,0,0
82539,26.11,26.77,7263,1.463,1164,-504,-13512,103,353,106,0,0,0
82544,26.11,26.77,10059,2.026,1032,-468,-13556,96,310,119,0,0,0
82636,26.11,26.77,7038,1.418,1124,-528,-13692,99,352,77,0,0,0
82640,26.11,26.77,2784,0.561,1124,-528,-13692,99,352,77,0,0,0
82645,26.11,26.77,12204,2.458,1160,-444,-13556,120,332,92,0,0,0
82650,26.11,26.77,7878,1.587,1144,-476,-13688,112,287,110,0,0,0
82654,26.11,26.77,10248,2.064,956,-412,-13576,106,298,106,0,0,0
82659,26.11,26.77,7488,1.508,1180,-424,-13708,100,339,91,0,0,0
82664,26.11,26.77,8511,1.714,1120,-308,-13552,90,345,107,0,0,0
82669,26.11,26.77,8740,1.76,992,-456,-13584,123,307,108,0,0,0
82675,26.11,26.77,10520,2.119,1052,-460,-13640,96,328,94,0,0,0
82680,26.11,26.77,12202,2.458,1076,-540,-13428,103,318,103,0,0,0
82754,26.11,26.61,1322,0.266,1168,-316,-13480,93,291,109,0,0,0
82760,26.11,26.61,5123,1.032,1052,-480,-13484,82,350,115,0,0,0
82765,26.11,26.61,8666,1.746,1016,-396,-13528,77,351,108,0,0,0
82770,26.11,26.61,6320,1.273,1024,-372,-13596,97,357,111,0,0,0
82774,26.11,26.61,7953,1.602,1008,-396,-13700,90,332,81,0,0,0
82779,26.11,26.61,7860,1.583,1080,-516,-13440,121,343,100,0,0,0
82784,26.11,26.61,11964,2.41,1072,-440,-13620,95,333,117,0,0,0
82875,26.11,26.61,11427,2.302,1044,-444,-13492,106,347,95,0,0,0
82880,26.11,26.61,9112,1.835,1000,-440,-13448,115,323,92,0,0,0
82884,26.11,26.61,3182,0.641,996,-468,-13472,129,327,88,0,0,0
82889,26.11,26.61,6984,1.407,1056,-460,-13532,110,336,107,0,0,0
82894,26.11,26.61,2988,0.602,1044,-368,-13452,106,351,105,0,0,0
82900,26.11,26.61,9222,1.858,1252,-428,-13684,106,342,108,0,0,0
82905,26.11,26.61,4022,0.81,900,-456,-13560,114,321,97,0,0,0
82910,26.11,26.61,7494,1.51,1012,-488,-13468,98,320,98,0,0,0
82914,26.11,26.61,7025,1.415,1016,-412,-13420,103,344,104,0,0,0
82919,26.11,26.61,10828,2.181,1048,-368,-13568,106,340,95,0,0,0
82924,26.11,26.61,12153,2.448,1028,-432,-13496,123,348,82,0,0,0
82937,26.11,26.61,671,0.135,1108,-452,-13540,103,334,108,0,0,0
82939,26.11,26.61,4451,0.897,1108,-452,-13540,103,334,108,0,0,0
83015,26.11,26.61,291,0.059,968,-368,-13588,104,334,111,0,0,0
83019,26.11,26.61,3871,0.78,968,-368,-13588,104,334,111,0,0,0
83024,26.11,26.61,5196,1.047,972,-492,-13380,91,337,86,0,0,0
83029,26.11,26.61,3089,0.622,956,-428,-13648,108,340,111,0,0,0
83034,26.11,26.61,4663,0.939,1072,-436,-13580,86,308,97,0,0,0
83150,26.11,26.61,10668,2.149,1076,-540,-13636,97,328,107,0,0,0
83154,26.11,26.61,6645,1.338,1100,-404,-13656,86,317,86,0,0,0
83160,26.11,26.61,12156,2.449,1000,-428,-13432,105,364,83,0,0,0
83165,26.11,26.61,11629,2.342,1192,-436,-13620,104,346,86,0,0,0
83170,26.11,26.61,5859,1.18,1096,-400,-13636,108,314,104,0,0,0
83174,26.11,26.61,12153,2.448,1064,-396,-13628,98,346,92,0,0,0
83179,26.11,26.61,12178,2.453,1168,-452,-13384,96,330,111,0,0,0
83184,26.07,26.53,10408,2.096,1020,-420,-13588,116,339,111,0,0,0
83190,26.07,26.53,10710,2.157,996,-480,-13472,107,321,104,0,0,0
83195,26.07,26.53,2199,0.443,1060,-436,-13668,87,323,121,0,0,0
83200,26.07,26.53,9685,1.951,1108,-448,-13508,89,345,87,0,0,0
83204,26.07,26.53,7191,1.448,1180,-432,-13576,108,350,98,0,0,0
83209,26.07,26.53,12158,2.449,1100,-392,-13548,91,322,98,0,0,0
83214,26.07,26.53,9091,1.831,980,-476,-13504,105,301,104,0,0,0
83220,26.07,26.53,6225,1.254,1012,-424,-13428,92,334,79,0,0,0
83294,26.07,26.53,2118,0.427,1084,-392,-13632,119,314,116,0,0,0
83295,26.07,26.53,6994,1.409,1084,-392,-13632,119,314,116,0,0,0
83299,26.07,26.53,3309,0.667,1044,-420,-13480,109,346,79,0,0,0
83390,26.07,26.53,5597,1.127,1044,-420,-13480,109,346,79,0,0,0
83395,26.07,26.53,6012,1.211,1044,-456,-13576,92,319,76,0,0,0
83399,26.07,26.53,11013,2.218,968,-452,-13656,106,334,104,0,0,0
83404,26.07,26.53,7019,1.414,1100,-444,-13692,92,341,99,0,0,0
83409,26.07,26.53,3862,0.778,984,-436,-13620,101,329,104,0,0,0
83414,26.07,26.53,6931,1.396,1156,-512,-13604,90,308,76,0,0,0
83420,26.07,26.53,12054,2.428,1028,-388,-13568,93,341,115,0,0,0
83425,26.07,26.53,3633,0.732,1052,-404,-13468,103,346,90,0,0,0
83445,26.07,26.53,1209,0.244,1100,-416,-13588,104,325,111,0,0,0
83449,26.07,26.53,6161,1.241,1140,-528,-13584,107,327,107,0,0,0
83455,26.07,26.53,6561,1.322,1076,-484,-13596,106,333,91,0,0,0
83460,26.07,26.53,4917,0.99,1044,-460,-13496,105,321,85,0,0,0
83465,26.07,26.53,6345,1.278,1024,-392,-13588,105,342,92,0,0,0
83469,26.07,26.53,5986,1.206,1088,-416,-13300,112,331,95,0,0,0
83474,26.07,26.53,5565,1.121,1140,-476,-13652,120,358,91,0,0,0
83479,26.07,26.53,10000,2.014,1084,-436,-13352,83,318,83,0,0,0
83485,26.07,26.53,4386,0.883,1096,-548,-13640,109,326,82,0,0,0
83651,26.07,26.53,5545,1.117,1056,-392,-13580,103,324,102,0,0,0
83654,26.07,26.53,3787,0.763,1056,-392,-13580,103,324,102,0,0,0
83659,26.07,26.53,5347,1.077,1144,-384,-13640,91,360,88,0,0,0
83665,26.07,26.53,8045,1.62,1012,-432,-13600,94,342,93,0,0,0
83670,26.07,26.53,7010,1.412,1160,-520,-13468,109,326,109,0,0,0
83675,26.07,26.53,8848,1.782,1020,-336,-13508,111,338,104,0,0,0
83679,26.07,26.53,4811,0.969,1016,-472,-13548,107,306,99,0,0,0
83684,26.11,26.55,7482,1.507,1116,-372,-13592,94,330,102,0,0,0
83689,26.11,26.55,5252,1.058,1092,-372,-13592,115,355,105,0,0,0
83695,26.11,26.55,9720,1.958,1044,-496,-13612,115,357,102,0,0,0
83700,26.11,26.55,7339,1.478,988,-420,-13636,90,330,83,0,0,0
83705,26.11,26.55,6689,1.347,1032,-424,-13696,94,350,99,0,0,0
83709,26.11,26.55,9125,1.838,1108,-380,-13652,113,329,124,0,0,0
83714,26.11,26.55,4265,0.859,1068,-532,-13608,125,296,106,0,0,0
83719,26.11,26.55,7922,1.596,1104,-480,-13556,72,334,75,0,0,0
83725,26.11,26.55,8959,1.805,1084,-372,-13808,108,351,84,0,0,0
83818,26.11,26.55,6192,1.247,1064,-404,-13704,127,313,112,0,0,0
83819,26.11,26.55,5088,1.025,1064,-404,-13704,127,313,112,0,0,0
83824,26.11,26.55,9440,1.901,1104,-380,-13476,86,322,90,0,0,0
83829,26.11,26.55,5589,1.126,1096,-404,-13608,93,345,102,0,0,0
83904,26.11,26.55,10225,2.06,1068,-452,-13632,110,350,95,0,0,0
83905,26.11,26.55,10878,2.191,1068,-452,-13632,110,350,95,0,0,0
83909,26.11,26.55,8454,1.703,1116,-380,-13720,90,341,100,0,0,0
83915,26.11,26.55,3664,0.738,1000,-400,-13372,93,340,103,0,0,0
83920,26.11,26.55,4020,0.81,1148,-412,-13636,95,326,94,0,0,0
83925,26.11,26.55,6669,1.343,1064,-432,-13500,127,329,82,0,0,0
83935,26.11,26.55,2975,0.599,1192,-544,-13636,90,347,100,0,0,0
83939,26.11,26.55,4035,0.813,1008,-456,-13420,85,334,98,0,0,0
83944,26.11,26.55,5469,1.102,1060,-432,-13664,121,357,97,0,0,0
83949,26.11,26.55,8024,1.616,1064,-440,-13508,121,305,84,0,0,0
83955,26.11,26.55,9177,1.849,1056,-452,-13388,112,324,95,0,0,0
83960,26.11,26.55,6516,1.313,1120,-396,-13700,70,331,113,0,0,0
83965,26.11,26.55,12214,2.46,912,-492,-13448,83,349,101,0,0,0
83969,26.11,26.55,7727,1.556,1216,-500,-13588,119,335,103,0,0,0
83974,26.11,26.55,9549,1.923,1036,-404,-13488,96,319,85,0,0,0
84066,26.11,26.55,9828,1.98,1100,-528,-13548,103,322,93,0,0,0
84070,26.11,26.55,5121,1.032,1100,-528,-13548,103,322,93,0,0,0
84075,26.11,26.55,8480,1.708,1072,-424,-13604,95,350,90,0,0,0
84079,26.11,26.55,6931,1.396,1000,-500,-13456,95,336,107,0,0,0
84084,26.11,26.55,7647,1.54,1000,-436,-13568,104,320,96,0,0,0
84182,26.11,26.47,325,0.065,1044,-484,-13796,109,357,97,0,0,0
84184,26.11,26.47,6163,1.241,1044,-484,-13796,109,357,97,0,0,0
84189,26.11,26.47,3932,0.792,1172,204,-13520,-54,149,105,0,0,0
84195,26.11,26.47,9108,1.835,1240,-400,-14236,-200,1059,137,0,0,0
84200,26.11,26.47,4911,0.989,888,-2004,-12264,467,-584,63,0,0,0
84204,26.11,26.47,5921,1.193,1352,300,-12888,663,670,111,0,0,0
84209,26.11,26.47,5646,1.137,764,-824,-15252,-426,-243,83,0,0,0
84214,26.11,26.47,8271,1.666,1560,-372,-12168,-18,1115,128,0,0,0
84219,26.11,26.47,8142,1.64,744,-368,-14612,152,491,78,0,0,0
84225,26.11,26.47,4074,0.821,1132,-44,-13020,432,165,117,0,0,0
84230,26.11,26.47,7229,1.456,1188,-864,-12204,-237,154,107,0,0,0
84234,26.11,26.47,7090,1.428,884,-216,-15860,238,267,115,0,0,0
84239,26.11,26.47,7884,1.588,896,-544,-13436,158,327,85,0,0,0
84328,26.11,26.47,1612,0.325,896,-544,-13436,158,327,85,0,0,0
84330,26.11,26.47,1237,0.249,896,-544,-13436,158,327,85,0,0,0
84335,26.11,26.47,7298,1.47,1044,-376,-13468,102,345,78,0,0,0
84340,26.11,26.47,11771,2.371,1172,-392,-13720,88,391,85,0,0,0
84345,26.11,26.47,4195,0.845,1096,-404,-13428,56,325,109,0,0,0
84349,26.11,26.47,7704,1.552,1060,-416,-13756,138,355,90,0,0,0
84354,26.11,26.47,8427,1.697,1032,-480,-13128,122,294,79,0,0,0
84429,26.11,26.47,6485,1.306,1024,-520,-13548,121,353,109,0,0,0
84443,26.11,26.47,2585,0.521,1132,-532,-13704,113,309,101,0,0,0
84444,26.11,26.47,1917,0.386,1132,-532,-13704,113,309,101,0,0,0
84449,26.11,26.47,1720,0.346,1132,-432,-13588,83,340,104,0,0,0
84455,26.11,26.47,11750,2.367,1080,-508,-13644,84,343,100,0,0,0
84460,26.11,26.47,7449,1.5,928,-500,-13464,76,394,105,0,0,0
84465,26.11,26.47,7356,1.482,1120,-516,-13548,112,282,86,0,0,0
84469,26.11,26.47,8840,1.781,1020,-320,-13744,85,393,96,0,0,0
84474,26.11,26.47,4915,0.99,984,-576,-13656,95,334,86,0,0,0
84479,26.11,26.47,4876,0.982,1168,-400,-13476,162,369,128,0,0,0
84485,26.11,26.47,6642,1.338,1100,-436,-13500,116,251,98,0,0,0
84490,26.11,26.47,7373,1.485,1144,-336,-13696,73,317,100,0,0,0
84581,26.11,26.47,6128,1.234,976,-504,-13536,63,346,103,0,0,0
84584,26.11,26.47,2283,0.46,976,-504,-13536,63,346,103,0,0,0
84590,26.11,26.47,8374,1.687,1080,-184,-13652,86,368,84,0,0,0
84595,26.11,26.47,7172,1.445,1096,-496,-13544,149,314,73,0,0,0
84599,26.11,26.47,8878,1.788,1096,-384,-13380,84,359,103,0,0,0
84604,26.11,26.47,5221,1.052,1164,-736,-13684,99,286,109,0,0,0
84609,26.11,26.47,5200,1.047,1092,-364,-13452,150,372,111,0,0,0
84615,26.11,26.47,6693,1.348,888,-552,-13728,45,300,86,0,0,0
84689,26.11,26.47,2710,0.546,1240,-364,-13236,144,413,98,0,0,0
84694,26.07,26.43,4130,0.832,988,-552,-13648,91,262,102,0,0,0
84699,26.07,26.43,8232,1.658,1192,-460,-13396,101,305,124,0,0,0
84705,26.07,26.43,4120,0.83,1108,-268,-13780,17,361,77,0,0,0
84710,26.07,26.43,4376,0.881,968,-456,-13644,35,440,94,0,0,0
84715,26.07,26.43,5202,1.048,1112,-204,-13512,55,452,129,0,0,0
84719,26.07,26.43,9218,1.857,844,-536,-13616,175,266,103,0,0,0
84724,26.07,26.43,5260,1.06,1144,-340,-13684,140,284,90,0,0,0
84729,26.07,26.43,7120,1.434,828,-404,-13660,69,310,83,0,0,0
84820,26.07,26.43,6809,1.372,1144,-488,-13480,131,211,102,0,0,0
84824,26.07,26.43,7946,1.601,1228,-500,-13836,36,380,101,0,0,0
84829,26.07,26.43,4278,0.862,988,-460,-13520,80,378,108,0,0,0
84835,26.07,26.43,4909,0.989,1028,-348,-13352,136,369,99,0,0,0
84840,26.07,26.43,5424,1.093,1100,-436,-13604,97,300,101,0,0,0
84845,26.07,26.43,2225,0.448,1036,-384,-13720,76,355,129,0,0,0
84849,26.07,26.43,5618,1.132,1016,-456,-13820,71,358,110,0,0,0
84854,26.07,26.43,5362,1.08,1108,-472,-13452,150,369,107,0,0,0
84859,26.07,26.43,5989,1.206,1096,-464,-13440,107,354,113,0,0,0
84865,26.07,26.43,12204,2.458,1008,-464,-13476,103,310,94,0,0,0
84870,26.07,26.43,5801,1.168,1148,-592,-13560,142,326,92,0,0,0
84944,26.07,26.43,1596,0.321,1068,-476,-13608,162,308,100,0,0,0
84957,26.07,26.43,7932,1.598,1140,-380,-13712,105,357,88,0,0,0
84960,26.07,26.43,7638,1.539,1140,-380,-13712,105,357,88,0,0,0
84965,26.07,26.43,4992,1.006,1040,-380,-13496,93,306,102,0,0,0
84970,26.07,26.43,12215,2.46,1072,-400,-13468,121,391,115,0,0,0
84974,26.07,26.43,6793,1.368,900,-316,-13564,94,311,99,0,0,0
84979,26.07,26.43,3972,0.8,1120,-460,-13696,137,313,118,0,0,0
85071,26.07,26.43,5016,1.01,808,-296,-10936,196,826,110,0,0,0
85075,26.07,26.43,12189,2.455,1412,-260,-14732,73,137,95,0,0,0
85079,26.07,26.43,12196,2.457,996,-304,-13292,256,442,137,0,0,0
85084,26.07,26.43,12151,2.448,748,-488,-12812,-191,145,111,0,0,0
85089,26.07,26.43,12183,2.454,1468,-400,-14612,292,683,103,0,0,0
85095,26.07,26.43,12198,2.457,892,-552,-12668,-54,-180,48,0,0,0
85100,26.07,26.43,12176,2.453,1072,-332,-13896,299,627,138,0,0,0
85105,26.07,26.43,8044,1.62,852,-664,-13540,-246,-21,88,0,0,0
85109,26.07,26.43,12177,2.453,1092,-32,-13284,459,756,102,0,0,0
85114,26.07,26.43,12173,2.452,1564,-752,-13684,-117,60,84,0,0,0
85119,26.07,26.43,12178,2.453,1072,-244,-13592,254,499,124,0,0,0
85125,26.07,26.43,12190,2.455,716,-668,-13572,-123,176,96,0,0,0
85130,26.07,26.43,12174,2.452,932,-384,-13484,341,467,98,0,0,0
85229,26.07,26.53,7983,1.608,812,-480,-13492,107,340,122,0,0,0
85230,26.07,26.53,3224,0.649,812,-480,-13492,107,340,122,0,0,0
85235,26.07,26.53,9145,1.842,1024,-484,-13560,143,414,102,0,0,0
85240,26.07,26.53,9112,1.835,1124,-548,-13448,112,322,106,0,0,0
85245,26.07,26.53,9028,1.818,1068,-416,-13440,113,371,86,0,0,0
85334,26.07,26.53,4988,1.005,1068,-416,-13440,113,371,86,0,0,0
85335,26.07,26.53,666,0.134,1068,-416,-13440,113,371,86,0,0,0
85339,26.07,26.53,11486,2.314,1028,-508,-13440,124,322,88,0,0,0
85345,26.07,26.53,12174,2.452,1116,-436,-13440,151,331,102,0,0,0
85350,26.07,26.53,12190,2.455,1164,-412,-13532,108,302,104,0,0,0
85355,26.07,26.53,12194,2.456,1100,-592,-13632,98,338,94,0,0,0
85359,26.07,26.53,12206,2.459,964,-364,-13592,76,369,81,0,0,0
85364,26.07,26.53,10966,2.209,924,-404,-13576,95,401,92,0,0,0
85369,26.07,26.53,12185,2.454,1112,-504,-13620,121,351,84,0,0,0
85375,26.07,26.53,12201,2.458,1020,-520,-13520,134,293,94,0,0,0
85380,26.07,26.53,12164,2.45,1096,-556,-13612,104,254,105,0,0,0
85384,26.07,26.53,12120,2.441,1156,-420,-13428,75,345,104,0,0,0
85389,26.07,26.53,12170,2.451,1068,-412,-13604,82,351,84,0,0,0
85394,26.07,26.53,12215,2.46,1236,-520,-13700,92,331,105,0,0,0
85399,26.07,26.53,11561,2.329,908,-464,-13508,52,344,96,0,0,0
85473,26.07,26.53,9648,1.943,1072,-216,-13656,140,355,100,0,0,0
85487,26.07,26.53,778,0.157,1200,-536,-13672,48,355,97,0,0,0
85489,26.07,26.53,8151,1.642,1200,-536,-13672,48,355,97,0,0,0
85494,26.07,26.53,10782,2.172,1020,-516,-13668,93,339,106,0,0,0
85584,26.07,26.53,7898,1.591,1216,-436,-13528,130,367,113,0,0,0
85589,26.07,26.53,7052,1.42,1200,-428,-13284,147,286,80,0,0,0
85594,26.07,26.53,12164,2.45,1084,-404,-13436,126,276,86,0,0,0
85599,26.07,26.53,61,0.012,1068,-408,-13596,64,322,106,0,0,0
85604,26.07,26.53,3665,0.738,1172,-448,-13656,77,369,91,0,0,0
85610,26.07,26.53,8907,1.794,992,-392,-13648,110,375,87,0,0,0
85615,26.07,26.53,12197,2.457,1028,-436,-13516,134,317,100,0,0,0
85619,26.07,26.53,9472,1.908,1140,-496,-13508,65,288,108,0,0,0
85624,26.07,26.53,12183,2.454,1060,-476,-13620,86,344,115,0,0,0
85629,26.07,26.53,12197,2.457,1136,-356,-13684,85,364,109,0,0,0
85635,26.07,26.53,12217,2.461,1156,-400,-13496,100,318,93,0,0,0
85640,26.07,26.53,10900,2.196,1136,-456,-13356,90,325,105,0,0,0
85645,26.07,26.53,12201,2.458,996,-436,-13504,71,369,107,0,0,0
85649,26.07,26.53,8802,1.773,1020,-424,-13636,96,350,105,0,0,0
85654,26.07,26.53,11365,2.289,1024,-492,-13444,160,319,117,0,0,0
85659,26.07,26.53,11131,2.242,1144,-352,-13448,78,329,93,0,0,0
85734,26.07,26.53,6346,1.278,752,-588,-9376,361,1178,139,0,0,0
85826,26.07,26.43,5137,1.035,752,-588,-9376,361,1178,139,0,0,0
85829,26.07,26.43,9066,1.826,900,-288,-16492,-578,204,68,0,0,0
85835,26.07,26.43,11510,2.318,992,156,-12028,950,428,122,0,0,0
85840,26.07,26.43,5889,1.186,1484,-656,-12164,-512,37,84,0,0,0
85845,26.07,26.43,9403,1.894,1324,-196,-15620,225,745,134,0,0,0
85849,26.07,26.43,2574,0.518,772,-604,-12272,-274,-26,70,0,0,0
85854,26.07,26.43,9395,1.892,1120,-576,-14400,848,556,110,0,0,0
85859,26.07,26.43,9308,1.875,1152,-740,-12748,-396,-132,85,0,0,0
85865,26.07,26.43,12175,2.452,840,-244,-13860,247,685,148,0,0,0
85870,26.07,26.43,11127,2.241,928,-336,-13836,-118,212,63,0,0,0
85875,26.07,26.43,11101,2.236,1240,-520,-13172,365,479,94,0,0,0
85879,26.07,26.43,12145,2.446,1548,-344,-13012,-26,274,90,0,0,0
85884,26.07,26.43,8813,1.775,1356,-568,-14432,76,281,102,0,0,0
85889,26.07,26.43,12195,2.456,896,-516,-13300,134,339,90,0,0,0
85895,26.07,26.43,8885,1.79,916,-396,-13932,173,286,112,0,0,0
85900,26.07,26.43,12167,2.451,928,-356,-12908,111,369,112,0,0,0
85992,26.07,26.43,12180,2.453,1124,-396,-13512,108,280,124,0,0,0
86005,26.07,26.43,4137,0.833,1028,-400,-13448,99,334,91,0,0,0
86010,26.07,26.43,3536,0.712,956,-560,-13612,88,386,105,0,0,0
86084,26.07,26.43,4239,0.854,1120,-560,-13692,137,312,81,0,0,0
86089,26.07,26.43,9897,1.994,1120,-368,-13400,107,314,113,0,0,0
86094,26.07,26.43,12173,2.452,928,-496,-13660,72,358,97,0,0,0
86099,26.07,26.43,6942,1.398,984,-428,-13792,81,359,95,0,0,0
86105,26.07,26.43,6559,1.321,1080,-360,-13488,125,348,95,0,0,0
86110,26.07,26.43,5156,1.039,1112,-408,-13664,107,329,101,0,0,0
86114,26.07,26.43,8454,1.703,996,-444,-13484,71,359,82,0,0,0
86119,26.07,26.43,6949,1.4,1140,-500,-13560,97,358,103,0,0,0
86124,26.07,26.43,5452,1.098,1132,-504,-13552,109,314,103,0,0,0
86129,26.07,26.43,2478,0.499,1080,-504,-13636,82,319,109,0,0,0
86135,26.07,26.43,8751,1.763,1076,-468,-13324,71,341,106,0,0,0
86140,26.07,26.43,12146,2.447,1000,-408,-13500,84,386,110,0,0,0
86144,26.07,26.43,6437,1.297,1100,-400,-13500,129,310,100,0,0,0
86149,26.07,26.43,4278,0.862,1080,-472,-13328,99,292,92,0,0,0
86267,26.11,26.43,12201,2.458,1112,-356,-13640,56,332,111,0,0,0
86269,26.11,26.43,5494,1.107,1112,-356,-13640,56,332,111,0,0,0
86274,26.11,26.43,5984,1.205,916,-488,-13740,71,387,119,0,0,0
86279,26.11,26.43,10297,2.074,852,-420,-13444,128,384,100,0,0,0
86284,26.11,26.43,5916,1.192,1044,-512,-13324,134,272,109,0,0,0
86290,26.11,26.43,7225,1.455,1080,-452,-13632,65,286,106,0,0,0
86365,26.11,26.43,4463,0.899,1096,-448,-13500,143,304,126,0,0,0
86369,26.11,26.43,8027,1.617,1064,-368,-13572,61,346,83,0,0,0
86375,26.11,26.43,4996,1.006,1084,-396,-13492,89,381,111,0,0,0
86380,26.11,26.43,12103,2.438,992,-336,-13388,126,346,94,0,0,0
86385,26.11,26.43,11398,2.296,1080,-500,-13308,140,262,95,0,0,0
86389,26.11,26.43,7558,1.522,1080,-428,-13580,63,350,100,0,0,0
86394,26.11,26.43,7021,1.414,1028,-560,-13516,62,362,97,0,0,0
86399,26.11,26.43,10719,2.159,936,-564,-13604,118,371,100,0,0,0
86405,26.11,26.43,12210,2.459,1132,-320,-13440,121,293,107,0,0,0
86410,26.11,26.43,12201,2.458,1112,-444,-13408,88,302,106,0,0,0
86415,26.11,26.43,12185,2.454,1032,-324,-13484,74,356,115,0,0,0
86506,26.11,26.43,10373,2.089,1040,-388,-13504,98,351,93,0,0,0
86526,26.11,26.43,1627,0.328,1060,-404,-13572,96,381,108,0,0,0
86529,26.11,26.43,8372,1.686,1028,-388,-13744,77,339,112,0,0,0
86535,26.11,26.43,12195,2.456,1072,-520,-13372,116,309,88,0,0,0
86540,26.11,26.43,12217,2.461,1048,-476,-13552,112,296,100,0,0,0
86545,26.11,26.43,12210,2.459,1148,-528,-13472,99,341,100,0,0,0
86549,26.11,26.43,12216,2.461,1112,-388,-13628,77,343,81,0,0,0
86554,26.11,26.43,12199,2.457,1132,-464,-13560,123,337,97,0,0,0
86559,26.11,26.43,11040,2.224,1068,-520,-13644,83,352,109,0,0,0
86634,26.11,26.43,125,0.025,980,-440,-13432,126,323,94,0,0,0
86635,26.11,26.43,7904,1.592,980,-440,-13432,126,323,94,0,0,0
86640,26.11,26.43,12214,2.46,1176,-400,-13760,107,319,95,0,0,0
86645,26.11,26.43,8750,1.762,1124,-428,-13464,103,320,102,0,0,0
86650,26.11,26.43,11023,2.22,996,-388,-13560,106,321,105,0,0,0
86654,26.11,26.43,6399,1.289,1072,-516,-13288,90,374,98,0,0,0
86659,26.11,26.43,4315,0.869,964,-416,-13608,113,370,125,0,0,0
86664,26.11,26.43,7379,1.486,988,-448,-13556,117,332,109,0,0,0
86670,26.11,26.43,6769,1.363,1136,-472,-13436,105,314,88,0,0,0
86675,26.11,26.43,2875,0.579,1148,-468,-13616,93,325,90,0,0,0
86764,26.11,26.49,7166,1.443,1148,-468,-13616,93,325,90,0,0,0
86769,26.11,26.49,7555,1.522,1084,-512,-13752,116,355,111,0,0,0
86775,26.11,26.49,10134,2.041,980,-472,-13592,105,309,88,0,0,0
86780,26.11,26.49,8129,1.637,1124,-508,-13728,79,333,119,0,0,0
86785,26.11,26.49,7202,1.451,968,-456,-13424,64,336,88,0,0,0
86789,26.11,26.49,7039,1.418,992,-436,-13668,100,337,82,0,0,0
86794,26.11,26.49,5575,1.123,1012,-488,-13496,80,359,99,0,0,0
86799,26.11,26.49,10160,2.047,1140,-528,-13532,99,336,108,0,0,0
86805,26.11,26.49,9077,1.828,1132,-444,-13548,98,328,91,0,0,0
86810,26.11,26.49,7607,1.532,1048,-456,-13568,122,309,107,0,0,0
86884,26.11,26.49,4941,0.995,1016,-452,-13500,91,380,95,0,0,0
86885,26.11,26.49,4524,0.911,1016,-452,-13500,91,380,95,0,0,0
86889,26.11,26.49,4525,0.911,1092,-408,-13688,90,344,97,0,0,0
86895,26.11,26.49,7447,1.5,1032,-488,-13508,128,295,109,0,0,0
86900,26.11,26.49,9127,1.838,1056,-448,-13508,109,332,104,0,0,0
86905,26.11,26.49,7530,1.517,1076,-536,-13648,92,374,100,0,0,0
86909,26.11,26.49,5676,1.143,1188,-380,-13528,82,368,89,0,0,0
87002,26.11,26.49,12184,2.454,1016,-472,-13452,93,345,101,0,0,0
87016,26.11,26.49,36,0.007,1144,-432,-13576,119,362,95,0,0,0
87020,26.11,26.49,10932,2.202,1172,-500,-13272,93,360,68,0,0,0
87024,26.11,26.49,6614,1.332,1152,-296,-13748,92,357,91,0,0,0
87029,26.11,26.49,6444,1.298,948,-456,-13504,109,253,100,0,0,0
87034,26.11,26.49,5283,1.064,1136,-468,-13384,101,410,116,0,0,0
87040,26.11,26.49,4399,0.886,1152,-456,-13696,47,317,88,0,0,0
87045,26.11,26.49,5929,1.194,1092,-412,-13560,120,377,103,0,0,0
87050,26.11,26.49,7513,1.513,980,-384,-13444,79,290,85,0,0,0
87054,26.11,26.49,7016,1.413,1008,-352,-13436,160,361,108,0,0,0
87059,26.11,26.49,11284,2.273,1148,-396,-13464,69,350,99,0,0,0
87064,26.11,26.49,6746,1.359,1188,-520,-13792,128,301,79,0,0,0
87070,26.11,26.49,10453,2.106,948,-456,-13448,85,313,93,0,0,0
87144,26.11,26.49,169,0.034,1212,-496,-13648,96,357,108,0,0,0
87145,26.11,26.49,400,0.081,1212,-496,-13648,96,357,108,0,0,0
87149,26.11,26.49,1591,0.32,1184,-440,-13652,92,246,98,0,0,0
87155,26.11,26.49,5907,1.19,1036,-520,-13588,109,307,77,0,0,0
87160,26.11,26.49,6515,1.312,996,-360,-13404,93,356,107,0,0,0
87278,26.11,26.43,7145,1.439,1092,-440,-13488,76,363,101,0,0,0
87279,26.11,26.43,7065,1.423,1092,-440,-13488,76,363,101,0,0,0
87284,26.11,26.43,12182,2.454,1104,-432,-13652,105,326,88,0,0,0
87289,26.11,26.43,8388,1.69,984,-480,-13448,118,314,93,0,0,0
87295,26.11,26.43,7533,1.517,1076,-336,-13600,89,336,94,0,0,0
87300,26.11,26.43,8001,1.612,936,-364,-13556,81,345,101,0,0,0
87305,26.11,26.43,9995,2.013,1112,-512,-13548,106,322,105,0,0,0
87309,26.11,26.43,2706,0.545,936,-396,-13536,114,338,96,0,0,0
87314,26.11,26.43,10338,2.082,1120,-448,-13576,122,317,103,0,0,0
87319,26.11,26.43,8207,1.653,1148,-484,-13588,99,312,105,0,0,0
87325,26.11,26.43,12199,2.457,1056,-480,-13548,95,324,71,0,0,0
87330,26.11,26.43,10472,2.109,1064,-440,-13752,91,326,100,0,0,0
87335,26.11,26.43,12205,2.458,1044,-444,-13632,117,360,90,0,0,0
87339,26.11,26.43,11441,2.305,1036,-392,-13604,97,324,102,0,0,0
87344,26.11,26.43,12190,2.455,1196,-404,-13520,120,346,88,0,0,0
87418,26.11,26.43,8,0.002,1132,-428,-13496,104,347,96,0,0,0
87420,26.11,26.43,7998,1.611,1132,-428,-13496,104,347,96,0,0,0
87425,26.11,26.43,12182,2.454,948,-488,-13440,115,334,108,0,0,0
87445,26.11,26.43,5838,1.176,980,-396,-13476,83,326,77,0,0,0
87538,26.11,26.43,7099,1.43,1136,-416,-13596,90,348,84,0,0,0
87539,26.11,26.43,9330,1.879,1136,-416,-13596,90,348,84,0,0,0
87544,26.11,26.43,11800,2.377,1052,-460,-13480,94,313,134,0,0,0
87549,26.11,26.43,7668,1.545,988,-384,-13612,99,350,108,0,0,0
87555,26.11,26.43,8678,1.748,1092,-456,-13604,99,341,100,0,0,0
87560,26.11,26.43,7311,1.473,1024,-412,-13440,118,343,108,0,0,0
87564,26.11,26.43,5541,1.116,912,-424,-13584,117,319,108,0,0,0
87569,26.11,26.43,8820,1.777,1056,-516,-13576,125,359,104,0,0,0
87574,26.11,26.43,8426,1.697,968,-424,-13748,99,335,112,0,0,0
87580,26.11,26.43,11184,2.253,1108,-436,-13572,106,334,92,0,0,0
87585,26.11,26.43,8691,1.751,1136,-556,-13492,81,338,72,0,0,0
87590,26.11,26.43,5813,1.171,1080,-492,-13596,88,344,107,0,0,0
87594,26.11,26.43,3261,0.657,1180,-396,-13720,121,349,82,0,0,0
87599,26.11,26.43,10215,2.058,1116,-420,-13532,97,319,108,0,0,0
87604,26.11,26.43,12170,2.451,1112,-484,-13456,108,329,96,0,0,0
87610,26.11,26.43,9986,2.011,1112,-456,-13396,111,328,105,0,0,0
87684,26.11,26.43,6717,1.353,1016,-424,-13468,86,328,111,0,0,0
87777,26.07,26.41,8767,1.766,1104,-396,-13448,115,331,103,0,0,0
87780,26.07,26.41,10192,2.053,992,-392,-13648,84,348,93,0,0,0
87785,26.07,26.41,11366,2.289,1112,-520,-13764,112,359,86,0,0,0
87789,26.07,26.41,10937,2.203,1116,-444,-13592,79,306,101,0,0,0
87794,26.07,26.41,8310,1.674,1052,-368,-13608,91,319,91,0,0,0
87799,26.07,26.41,10493,2.114,956,-464,-13424,84,342,105,0,0,0
87805,26.07,26.41,8787,1.77,1092,-456,-13580,108,329,112,0,0,0
87810,26.07,26.41,5536,1.115,1168,-520,-13548,103,322,85,0,0,0
87814,26.07,26.41,2134,0.43,1016,-480,-13484,108,350,110,0,0,0
87819,26.07,26.41,4635,0.934,1080,-424,-13528,112,324,105,0,0,0
87824,26.07,26.41,11476,2.312,936,-460,-13588,121,359,105,0,0,0
87829,26.07,26.41,7162,1.443,1040,-416,-13572,93,343,100,0,0,0
87835,26.07,26.41,7001,1.41,1092,-472,-13588,98,327,83,0,0,0
87840,26.07,26.41,5553,1.119,1116,-424,-13660,79,309,102,0,0,0
87844,26.07,26.41,12057,2.429,988,-508,-13504,92,319,94,0,0,0
87849,26.07,26.41,7921,1.596,1132,-376,-13616,107,342,97,0,0,0
87943,26.07,26.41,5628,1.134,1092,-336,-13648,101,326,109,0,0,0
87960,26.07,26.41,10466,2.108,1132,-472,-13492,92,343,100,0,0,0
87965,26.07,26.41,12179,2.453,1060,-440,-13588,113,340,97,0,0,0
88039,26.07,26.41,1208,0.243,1140,-472,-13460,94,322,95,0,0,0
88044,26.07,26.41,9127,1.838,1064,-436,-13616,102,325,107,0,0,0
88050,26.07,26.41,11308,2.278,1068,-444,-13512,109,356,115,0,0,0
88055,26.07,26.41,7799,1.571,1136,-548,-13372,125,322,88,0,0,0
88060,26.07,26.41,10496,2.114,1032,-544,-13572,90,307,124,0,0,0
88064,26.07,26.41,4539,0.914,1044,-388,-13448,101,312,124,0,0,0
88069,26.07,26.41,5975,1.204,1008,-348,-13712,136,370,80,0,0,0
88074,26.07,26.41,8344,1.681,1156,-328,-13624,105,329,101,0,0,0
88080,26.07,26.41,4185,0.843,1152,-468,-13604,94,319,102,0,0,0
88085,26.07,26.41,7161,1.442,1048,-416,-13604,106,336,105,0,0,0
88090,26.07,26.41,7872,1.586,1160,-444,-13528,93,330,100,0,0,0
88094,26.07,26.41,5563,1.121,1080,-408,-13588,95,329,90,0,0,0
88099,26.07,26.41,3119,0.628,976,-404,-13464,97,322,71,0,0,0
88104,26.07,26.41,3143,0.633,1032,-404,-13628,105,309,101,0,0,0
88197,26.07,26.41,5865,1.181,1200,-432,-13428,90,329,95,0,0,0
88200,26.07,26.41,2669,0.538,1100,-512,-13524,120,325,126,0,0,0
88205,26.07,26.41,4957,0.998,984,-504,-13508,106,353,107,0,0,0
88209,26.07,26.41,6811,1.372,1040,-536,-13592,103,363,114,0,0,0
88214,26.07,26.47,5621,1.132,1172,-424,-13792,115,338,119,0,0,0
88219,26.07,26.47,3871,0.78,1060,-544,-13516,99,322,83,0,0,0
88318,26.07,26.47,4821,0.971,1108,-456,-13524,91,360,109,0,0,0
88320,26.07,26.47,1512,0.305,1108,-456,-13524,91,360,109,0,0,0
88324,26.07,26.47,8147,1.641,1096,-392,-13500,77,342,97,0,0,0
88329,26.07,26.47,7338,1.478,1168,-476,-13588,81,345,86,0,0,0
88334,26.07,26.47,10037,2.022,1016,-456,-13580,113,349,92,0,0,0
88340,26.07,26.47,10833,2.182,968,-464,-13472,101,323,95,0,0,0
88345,26.07,26.47,10843,2.184,1108,-488,-13436,100,330,87,0,0,0
88350,26.07,26.47,8866,1.786,1064,-440,-13592,107,318,98,0,0,0
88354,26.07,26.47,9649,1.944,1036,-408,-13352,108,335,73,0,0,0
88359,26.07,26.47,12175,2.452,1004,-412,-13648,109,342,86,0,0,0
88364,26.07,26.47,12180,2.453,956,-420,-13624,123,333,85,0,0,0
88370,26.07,26.47,12205,2.458,1084,-416,-13620,119,298,98,0,0,0
88460,26.07,26.47,12208,2.459,1116,-472,-13348,95,333,112,0,0,0
88477,26.07,26.47,16,0.003,1020,-368,-13592,104,350,93,0,0,0
88480,26.07,26.47,12181,2.454,1048,-448,-13572,108,359,118,0,0,0
88485,26.07,26.47,12169,2.451,1032,-384,-13564,112,327,99,0,0,0
88489,26.07,26.47,12189,2.455,948,-508,-13444,101,336,111,0,0,0
88494,26.07,26.47,12184,2.454,1112,-416,-13832,93,347,110,0,0,0
88499,26.07,26.47,12146,2.447,1096,-372,-13600,96,344,85,0,0,0
88505,26.07,26.47,12160,2.449,1036,-464,-13592,97,363,107,0,0,0
88579,26.07,26.47,4009,0.808,1100,-380,-13620,112,353,91,0,0,0
88584,26.07,26.47,7523,1.515,1160,-320,-13508,142,338,99,0,0,0
88589,26.07,26.47,12156,2.449,1092,-540,-13560,103,337,108,0,0,0
88595,26.07,26.47,11496,2.316,1144,-460,-13540,98,343,93,0,0,0
88600,26.07,26.47,7453,1.501,1072,-348,-13504,98,322,120,0,0,0
88605,26.07,26.47,11720,2.361,1060,-444,-13444,131,321,99,0,0,0
88609,26.07,26.47,12179,2.453,1120,-500,-13584,111,327,103,0,0,0
88614,26.07,26.47,12204,2.458,988,-368,-13588,100,324,97,0,0,0
88619,26.07,26.47,12164,2.45,984,-584,-13548,93,335,115,0,0,0
88625,26.07,26.47,12175,2.452,1124,-328,-13556,86,331,113,0,0,0
88715,26.07,26.43,4202,0.846,1124,-328,-13556,86,331,113,0,0,0
88720,26.07,26.43,12148,2.447,1048,-576,-13580,131,322,92,0,0,0
88725,26.07,26.43,12164,2.45,1092,-456,-13420,119,372,101,0,0,0
88729,26.07,26.43,12219,2.461,1104,-416,-13520,96,319,109,0,0,0
88734,26.07,26.43,11192,2.254,1224,-436,-13748,108,329,108,0,0,0
88739,26.07,26.43,8588,1.73,968,-352,-13592,104,331,112,0,0,0
88745,26.07,26.43,9193,1.852,1072,-508,-13408,112,342,100,0,0,0
88750,26.07,26.43,12170,2.451,1088,-376,-13716,91,341,93,0,0,0
88755,26.07,26.43,5616,1.131,1120,-472,-13704,88,300,103,0,0,0
88759,26.07,26.43,9009,1.815,1052,-452,-13520,107,352,110,0,0,0
88834,26.07,26.43,3363,0.677,1160,-352,-13604,76,371,87,0,0,0
88839,26.07,26.43,7232,1.457,936,-456,-13628,90,310,107,0,0,0
88844,26.07,26.43,5519,1.112,1060,-420,-13420,111,323,83,0,0,0
88850,26.07,26.43,10829,2.181,1032,-516,-13620,105,334,94,0,0,0
88855,26.07,26.43,12164,2.45,1072,-460,-13592,92,344,105,0,0,0
88860,26.07,26.43,12138,2.445,1104,-460,-13612,116,325,105,0,0,0
88864,26.07,26.43,12161,2.45,1096,-456,-13652,110,328,94,0,0,0
88953,26.07,26.43,4629,0.932,1020,-504,-13596,114,308,96,0,0,0
88965,26.07,26.43,3860,0.778,1100,-456,-13548,99,334,117,0,0,0
88969,26.07,26.43,12131,2.444,1100,-452,-13492,126,341,95,0,0,0
88975,26.07,26.43,8919,1.797,1056,-384,-13420,126,280,123,0,0,0
88980,26.07,26.43,12172,2.452,1088,-428,-13548,93,307,105,0,0,0
88985,26.07,26.43,11290,2.274,1072,-396,-13588,74,360,70,0,0,0
88989,26.07,26.43,8978,1.808,1064,-360,-13644,92,350,107,0,0,0
88994,26.07,26.43,12152,2.448,1096,-420,-13576,84,320,96,0,0,0
88999,26.07,26.43,9975,2.009,1140,-396,-13540,104,333,120,0,0,0
89005,26.07,26.43,11372,2.291,1028,-404,-13680,109,336,89,0,0,0
89010,26.07,26.43,10135,2.041,1068,-412,-13500,119,342,93,0,0,0
89015,26.07,26.43,8196,1.651,972,-564,-13640,101,317,126,0,0,0
89019,26.07,26.43,9960,2.006,1104,-420,-13396,113,314,105,0,0,0
89094,26.07,26.43,5154,1.038,1104,-404,-13700,98,353,100,0,0,0
89100,26.07,26.43,11232,2.262,988,-376,-13640,112,365,103,0,0,0
89105,26.07,26.43,11655,2.348,956,-516,-13372,120,327,89,0,0,0
89110,26.07,26.43,11685,2.354,976,-460,-13612,112,292,96,0,0,0
89203,26.07,26.43,12149,2.447,1184,-408,-13468,75,324,98,0,0,0
89205,26.07,26.43,15,0.003,1184,-408,-13468,75,324,98,0,0,0
89210,26.07,26.43,12167,2.451,1100,-384,-13588,72,375,88,0,0,0
89214,26.07,26.43,12173,2.452,984,-492,-13580,100,354,102,0,0,0
89219,26.11,26.55,12153,2.448,1028,-424,-13668,110,347,102,0,0,0
89224,26.11,26.55,8405,1.693,1148,-468,-13544,102,307,112,0,0,0
89230,26.11,26.55,10202,2.055,1040,-480,-13528,129,316,107,0,0,0
89235,26.11,26.55,12142,2.446,1036,-512,-13464,69,339,103,0,0,0
89240,26.11,26.55,10790,2.173,1092,-516,-13488,87,359,101,0,0,0
89244,26.11,26.55,8872,1.787,1080,-372,-13616,61,354,97,0,0,0
89249,26.11,26.55,12202,2.458,1092,-436,-13580,83,328,92,0,0,0
89254,26.11,26.55,11119,2.24,984,-512,-13604,96,376,101,0,0,0
89260,26.11,26.55,4372,0.881,1068,-404,-13576,106,320,87,0,0,0
89265,26.11,26.55,11357,2.288,1016,-504,-13572,104,315,93,0,0,0
89270,26.11,26.55,8217,1.655,1088,-508,-13496,70,342,98,0,0,0
89274,26.11,26.55,9997,2.014,980,-400,-13380,103,368,114,0,0,0
89373,26.11,26.55,6929,1.396,1092,-420,-13588,126,335,95,0,0,0
89374,26.11,26.55,6698,1.349,996,-324,-13488,90,328,99,0,0,0
89469,26.11,26.55,8429,1.698,1204,-420,-13508,99,325,88,0,0,0
89489,26.11,26.55,11342,2.285,1076,-444,-13604,96,347,119,0,0,0
89494,26.11,26.55,11345,2.285,1048,-468,-13520,102,336,105,0,0,0
89499,26.11,26.55,5666,1.141,1080,-404,-13560,148,300,113,0,0,0
89504,26.11,26.55,6222,1.253,1112,-380,-13640,73,325,105,0,0,0
89510,26.11,26.55,9799,1.974,1104,-516,-13672,106,346,88,0,0,0
89515,26.11,26.55,8157,1.643,1068,-496,-13672,94,359,104,0,0,0
89519,26.11,26.55,7509,1.513,1016,-452,-13560,89,332,111,0,0,0
89524,26.11,26.55,10896,2.195,1000,-368,-13516,106,337,106,0,0,0
89529,26.11,26.55,8688,1.75,1144,-424,-13556,88,348,103,0,0,0
89534,26.11,26.55,7243,1.459,1004,-376,-13504,110,362,110,0,0,0
89540,26.11,26.55,6244,1.258,1204,-356,-13408,109,345,112,0,0,0
89545,26.11,26.55,10677,2.151,1068,-492,-13488,105,334,93,0,0,0
89549,26.11,26.55,12125,2.442,1064,-488,-13476,94,333,113,0,0,0
89554,26.11,26.55,10259,2.066,1076,-424,-13664,81,331,119,0,0,0
89559,26.11,26.55,8158,1.643,1080,-476,-13448,105,309,101,0,0,0
89654,26.11,26.55,6713,1.352,1128,-448,-13388,103,347,98,0,0,0
89655,26.11,26.55,3865,0.779,1128,-448,-13388,103,347,98,0,0,0
89732,26.11,26.55,4611,0.929,1064,-384,-13736,97,332,82,0,0,0
89735,26.13,26.55,1802,0.363,1072,-444,-13564,124,314,94,0,0,0
89740,26.13,26.55,4080,0.822,992,-536,-13400,111,351,114,0,0,0
89744,26.13,26.55,6340,1.277,1160,-448,-13580,112,325,94,0,0,0
89749,26.13,26.55,2347,0.473,1052,-480,-13564,123,367,109,0,0,0
89754,26.13,26.55,7416,1.494,1116,-440,-13744,88,305,111,0,0,0
89760,26.13,26.55,6183,1.245,1076,-352,-13448,101,337,111,0,0,0
89765,26.13,26.55,7735,1.558,964,-488,-13588,90,348,105,0,0,0
89769,26.13,26.55,5043,1.016,988,-412,-13584,113,356,109,0,0,0
89774,26.13,26.55,3754,0.756,1104,-400,-13428,114,306,105,0,0,0
89779,26.13,26.55,4685,0.944,1148,-488,-13588,109,337,104,0,0,0
89784,26.13,26.55,6522,1.314,1012,-304,-13652,79,340,108,0,0,0
89790,26.13,26.55,6737,1.357,1020,-508,-13584,88,327,113,0,0,0
89795,26.13,26.55,9650,1.944,1028,-360,-13544,113,369,82,0,0,0
89799,26.13,26.55,3164,0.637,1068,-424,-13540,93,334,79,0,0,0
89804,26.13,26.55,3925,0.791,1136,-396,-13588,101,321,113,0,0,0
89896,26.13,26.55,463,0.093,1040,-468,-13548,115,343,106,0,0,0
89900,26.13,26.55,4329,0.872,1116,-448,-13472,77,346,118,0,0,0
89904,26.13,26.55,7511,1.513,920,-388,-13712,123,324,107,0,0,0
89909,26.13,26.55,1179,0.237,1040,-464,-13356,76,339,122,0,0,0
89985,26.13,26.55,3625,0.73,1004,-440,-13492,99,340,103,0,0,0
89998,26.13,26.55,6691,1.348,1044,-492,-13652,104,299,114,0,0,0
90000,26.13,26.55,3624,0.73,1044,-492,-13652,104,299,114,0,0,0
90005,26.13,26.55,4209,0.848,1084,-484,-13716,74,335,74,0,0,0
90010,26.13,26.55,11270,2.27,1144,-528,-13556,94,328,115,0,0,0
90014,26.13,26.55,9591,1.932,1084,-420,-13584,80,365,100,0,0,0
90019,26.13,26.55,7482,1.507,1120,-372,-13604,98,344,105,0,0,0
90024,26.13,26.55,5347,1.077,1116,-388,-13644,76,339,97,0,0,0
90029,26.13,26.55,4132,0.832,1076,-364,-13496,111,353,82,0,0,0
90035,26.13,26.55,7011,1.412,1108,-420,-13588,121,340,89,0,0,0
90040,26.13,26.55,9431,1.9,1052,-476,-13528,85,329,109,0,0,0
90044,26.13,26.55,7711,1.553,1084,-364,-13640,110,353,102,0,0,0
90049,26.13,26.55,5093,1.026,1044,-440,-13556,87,331,88,0,0,0
90054,26.13,26.55,9563,1.926,976,-400,-13452,92,354,108,0,0,0
90059,26.13,26.55,5282,1.064,1036,-524,-13636,79,321,94,0,0,0
90150,26.13,26.55,2958,0.596,1036,-524,-13636,79,321,94,0,0,0
90155,26.13,26.55,9338,1.881,1100,-412,-13500,119,324,109,0,0,0
90160,26.13,26.55,6099,1.229,1060,-384,-13572,96,320,98,0,0,0
90165,26.13,26.55,4834,0.974,1148,-420,-13672,108,328,86,0,0,0
90169,26.13,26.55,7771,1.565,1116,-348,-13592,99,346,101,0,0,0
90244,26.13,26.47,7426,1.496,1016,-480,-13592,94,337,95,0,0,0
90245,26.13,26.47,7939,1.599,1016,-480,-13592,94,337,95,0,0,0
90249,26.13,26.47,4202,0.846,996,-592,-13612,85,327,103,0,0,0
90254,26.13,26.47,7025,1.415,1072,-408,-13688,72,318,97,0,0,0
90260,26.13,26.47,11147,2.245,1100,-404,-13520,91,345,82,0,0,0
90265,26.13,26.47,9571,1.928,1032,-368,-13796,93,351,102,0,0,0
90269,26.13,26.47,10205,2.056,1128,-408,-13480,102,360,116,0,0,0
90274,26.13,26.47,5853,1.179,1064,-504,-13500,123,326,105,0,0,0
90279,26.13,26.47,10633,2.142,1084,-368,-13512,103,302,117,0,0,0
90284,26.13,26.47,7871,1.585,1076,-516,-13556,83,338,100,0,0,0
90290,26.13,26.47,7301,1.471,1012,-488,-13468,80,349,89,0,0,0
90295,26.13,26.47,7942,1.6,1032,-400,-13688,110,339,106,0,0,0
90299,26.13,26.47,9532,1.92,1120,-532,-13432,122,339,90,0,0,0
90413,26.13,26.47,1148,0.231,1132,-460,-13620,111,334,96,0,0,0
90415,26.13,26.47,947,0.191,1132,-460,-13620,111,334,96,0,0,0
90420,26.13,26.47,6111,1.231,1180,-348,-13516,86,336,113,0,0,0
90425,26.13,26.47,5826,1.174,1144,-484,-13548,95,324,117,0,0,0
90445,26.13,26.47,2041,0.411,1048,-548,-13676,104,335,84,0,0,0
90449,26.13,26.47,7044,1.419,1068,-460,-13444,113,340,111,0,0,0
90455,26.13,26.47,4956,0.998,1096,-464,-13508,93,364,114,0,0,0
90529,26.13,26.47,1413,0.285,1044,-520,-13452,65,349,109,0,0,0
90534,26.13,26.47,6208,1.25,1132,-424,-13648,129,313,105,0,0,0
90539,26.13,26.47,3654,0.736,1156,-444,-13504,98,339,104,0,0,0
90545,26.13,26.47,4854,0.978,1088,-616,-13660,94,337,113,0,0,0
90550,26.13,26.47,2981,0.6,996,-436,-13408,76,357,111,0,0,0
90555,26.13,26.47,8215,1.655,1080,-440,-13704,96,337,90,0,0,0
90559,26.13,26.47,5974,1.203,1080,-364,-13548,123,337,91,0,0,0
90564,26.13,26.47,3663,0.738,1164,-364,-13584,66,315,63,0,0,0
90569,26.13,26.47,7274,1.465,1096,-436,-13696,104,359,126,0,0,0
90575,26.13,26.47,4511,0.909,1172,-336,-13720,88,331,112,0,0,0
90580,26.13,26.47,4475,0.901,1056,-500,-13496,112,350,97,0,0,0
90671,26.13,26.47,8578,1.728,1072,-472,-13600,107,328,117,0,0,0
90675,26.13,26.47,6232,1.255,956,-440,-13464,77,329,95,0,0,0
90680,26.13,26.47,2615,0.527,1020,-384,-13556,96,349,119,0,0,0
90685,26.13,26.41,8003,1.612,1204,-372,-13712,93,347,105,0,0,0
90689,26.13,26.41,7374,1.485,948,-384,-13540,109,338,118,0,0,0
90694,26.13,26.41,5248,1.057,1020,-436,-13596,115,316,88,0,0,0
90699,26.13,26.41,3331,0.671,1052,-472,-13676,77,340,116,0,0,0
90705,26.13,26.41,4106,0.827,1020,-504,-13644,97,366,81,0,0,0
90710,26.13,26.41,6444,1.298,1100,-312,-13612,107,338,74,0,0,0
90784,26.13,26.41,4223,0.851,1040,-360,-13548,113,354,105,0,0,0
90785,26.13,26.41,2090,0.421,1040,-360,-13548,113,354,105,0,0,0
90789,26.13,26.41,2414,0.486,1172,-400,-13564,93,328,97,0,0,0
90794,26.13,26.41,1193,0.24,1052,-452,-13644,98,315,98,0,0,0
90800,26.13,26.41,6462,1.302,1064,-404,-13592,81,329,108,0,0,0
90805,26.13,26.41,8323,1.676,976,-420,-13544,123,348,74,0,0,0
90810,26.13,26.41,6412,1.292,1060,-436,-13592,104,335,108,0,0,0
90814,26.13,26.41,2400,0.483,1008,-460,-13608,101,332,103,0,0,0
90819,26.13,26.41,5289,1.065,1072,-456,-13548,113,327,93,0,0,0
90910,26.13,26.41,6145,1.238,1128,-420,-13704,104,347,87,0,0,0
90915,26.13,26.41,7793,1.57,1048,-444,-13492,116,359,97,0,0,0
90919,26.13,26.41,5943,1.197,1064,-384,-13648,106,342,112,0,0,0
90924,26.13,26.41,9713,1.956,1036,-420,-13796,92,319,108,0,0,0
90934,26.13,26.41,4410,0.888,1060,-388,-13592,115,349,74,0,0,0
90939,26.13,26.41,6638,1.337,1028,-400,-13556,124,359,88,0,0,0
90944,26.13,26.41,5413,1.09,1016,-440,-13532,79,328,93,0,0,0
90950,26.13,26.41,4564,0.919,964,-432,-13340,90,314,105,0,0,0
90955,26.13,26.41,5395,1.087,1088,-448,-13412,84,352,121,0,0,0
90960,26.13,26.41,5610,1.13,1000,-508,-13564,114,323,104,0,0,0
90964,26.13,26.41,5499,1.108,1148,-548,-13444,76,310,116,0,0,0
91039,26.13,26.41,1436,0.289,1092,-452,-13616,88,369,83,0,0,0
91044,26.13,26.41,7868,1.585,1032,-392,-13412,113,351,108,0,0,0
91049,26.13,26.41,9569,1.927,1088,-468,-13632,98,307,113,0,0,0
91055,26.13,26.41,6637,1.337,984,-528,-13520,98,348,102,0,0,0
91060,26.13,26.41,6005,1.21,948,-420,-13564,94,352,103,0,0,0
91065,26.13,26.41,3921,0.79,1060,-512,-13548,98,319,94,0,0,0
91157,26.13,26.41,7014,1.413,1024,-412,-13672,134,292,98,0,0,0
91160,26.13,26.41,7317,1.474,972,-528,-13512,111,320,110,0,0,0
91165,26.13,26.41,12196,2.457,1032,-584,-13556,98,362,98,0,0,0
91170,26.13,26.41,11395,2.295,1008,-404,-13744,83,359,114,0,0,0
91174,26.13,26.41,8762,1.765,1088,-344,-13512,120,288,114,0,0,0
91179,26.13,26.41,7707,1.552,1000,-276,-13304,127,326,113,0,0,0
91184,26.15,26.47,11464,2.309,1128,-300,-13432,80,397,100,0,0,0
91190,26.15,26.47,9643,1.942,1184,-400,-13636,108,361,107,0,0,0
91195,26.15,26.47,12216,2.461,1116,-304,-13680,88,301,105,0,0,0
91199,26.15,26.47,8827,1.778,984,-508,-13644,114,323,97,0,0,0
91204,26.15,26.47,12156,2.449,1024,-500,-13520,89,360,100,0,0,0
91209,26.15,26.47,4714,0.95,1056,-512,-13752,96,363,115,0,0,0
91214,26.15,26.47,9474,1.908,1040,-332,-13656,98,321,95,0,0,0
91220,26.15,26.47,8762,1.765,1032,-404,-13608,98,331,97,0,0,0
91294,26.15,26.47,7370,1.485,1224,-428,-13448,120,318,81,0,0,0
91299,26.15,26.47,6123,1.233,1136,-336,-13724,103,347,94,0,0,0
91305,26.15,26.47,11262,2.268,1024,-480,-13464,76,331,92,0,0,0
91419,26.15,26.47,12198,2.457,980,-748,-13548,-155,353,82,0,0,0
91424,26.15,26.47,12157,2.449,1168,-508,-12940,212,570,93,0,0,0
91445,26.15,26.47,9684,1.951,972,-588,-13868,-17,158,91,0,0,0
91450,26.15,26.47,12170,2.451,1104,-344,-13228,315,570,116,0,0,0
91454,26.15,26.47,12182,2.454,1068,-608,-14068,-56,78,100,0,0,0
91459,26.15,26.47,8893,1.791,1028,-380,-12764,217,358,94,0,0,0
91464,26.15,26.47,12145,2.446,1100,-532,-14100,-22,336,102,0,0,0
91470,26.15,26.47,12182,2.454,1080,-452,-13724,152,400,91,0,0,0
91475,26.15,26.47,12196,2.457,1048,-436,-13468,80,329,110,0,0,0
91479,26.15,26.47,8513,1.715,984,-432,-13600,125,261,101,0,0,0
91484,26.15,26.47,12168,2.451,932,-432,-13292,53,453,92,0,0,0
91489,26.15,26.47,8653,1.743,1240,-536,-14128,78,325,67,0,0,0
91494,26.15,26.47,11426,2.302,1060,-388,-13252,146,332,106,0,0,0
91500,26.15,26.47,12179,2.453,1208,-440,-13616,94,271,96,0,0,0
91505,26.15,26.47,12147,2.447,1068,-452,-13044,90,410,84,0,0,0
91509,26.15,26.47,12124,2.442,1204,-492,-14068,83,353,107,0,0,0
91514,26.15,26.47,12134,2.444,1044,-364,-13744,108,301,102,0,0,0
91679,26.15,26.47,12174,2.452,1024,-368,-13700,133,368,93,0,0,0
91684,26.15,26.47,5696,1.147,1120,-464,-13540,104,324,80,0,0,0
91689,26.11,26.43,12193,2.456,1116,-432,-13568,118,315,111,0,0,0
91694,26.11,26.43,12143,2.446,992,-516,-13524,85,350,95,0,0,0
91700,26.11,26.43,12191,2.456,1060,-444,-13508,87,362,84,0,0,0
91705,26.11,26.43,8784,1.769,1068,-392,-13676,103,355,81,0,0,0
91710,26.11,26.43,9053,1.824,928,-436,-13560,89,338,96,0,0,0
91714,26.11,26.43,12200,2.457,984,-368,-13460,107,319,102,0,0,0
91719,26.11,26.43,2177,0.439,1216,-460,-13576,129,335,100,0,0,0
91724,26.11,26.43,11118,2.239,1124,-420,-13432,89,352,107,0,0,0
91730,26.11,26.43,12183,2.454,1132,-428,-13508,111,305,92,0,0,0
91735,26.11,26.43,9443,1.902,1144,-480,-13532,123,355,107,0,0,0
91740,26.11,26.43,12206,2.459,984,-472,-13496,95,333,99,0,0,0
91744,26.11,26.43,12199,2.457,964,-556,-13632,71,348,81,0,0,0
91749,26.11,26.43,12195,2.456,1104,-400,-13512,87,328,109,0,0,0
91754,26.11,26.43,10047,2.024,996,-492,-13488,107,361,90,0,0,0
91844,26.11,26.43,12187,2.455,1100,-376,-13440,118,337,109,0,0,0
91845,26.11,26.43,8246,1.661,1032,-436,-13744,107,337,104,0,0,0
91849,26.11,26.43,7199,1.45,1124,-388,-13464,100,350,99,0,0,0
91855,26.11,26.43,11114,2.239,952,-456,-13668,93,361,107,0,0,0
91929,26.11,26.43,3657,0.737,1056,-384,-13336,98,336,108,0,0,0
91943,26.11,26.43,8443,1.701,956,-436,-13656,114,327,87,0,0,0
91944,26.11,26.43,40,0.008,1064,-436,-13572,131,312,108,0,0,0
91949,26.11,26.43,12215,2.46,1044,-548,-13540,91,312,105,0,0,0
91955,26.11,26.43,9060,1.825,1100,-384,-13640,78,365,97,0,0,0
91960,26.11,26.43,2489,0.501,1096,-400,-13620,103,342,110,0,0,0
91964,26.11,26.43,12181,2.454,1100,-384,-13476,122,342,103,0,0,0
91969,26.11,26.43,8286,1.669,1004,-484,-13496,119,303,103,0,0,0
91974,26.11,26.43,4278,0.862,1000,-412,-13580,86,351,108,0,0,0
91979,26.11,26.43,10926,2.201,992,-404,-13568,89,353,93,0,0,0
91985,26.11,26.43,6193,1.247,992,-496,-13460,115,344,100,0,0,0
91990,26.11,26.43,12181,2.454,1120,-380,-13556,109,358,108,0,0,0
91994,26.11,26.43,12205,2.458,1176,-352,-13684,98,317,81,0,0,0
91999,26.11,26.43,12198,2.457,1056,-440,-13412,91,317,100,0,0,0
92004,26.11,26.43,12208,2.459,1008,-448,-13624,133,338,118,0,0,0
92094,26.11,26.43,12192,2.456,1004,-380,-13652,79,339,97,0,0,0
92095,26.11,26.43,461,0.093,1020,-460,-13628,122,349,82,0,0,0
92100,26.11,26.43,8299,1.672,1140,-416,-13420,110,318,108,0,0,0
92105,26.11,26.43,6910,1.392,1032,-472,-13600,102,322,111,0,0,0
92110,26.11,26.43,8019,1.615,1164,-448,-13440,106,344,77,0,0,0
92184,26.11,26.43,1128,0.227,996,-384,-13644,109,360,106,0,0,0
92189,26.11,26.43,7436,1.498,1100,-524,-13364,80,359,91,0,0,0
92194,26.11,26.43,12169,2.451,1100,-524,-13364,80,359,91,0,0,0
92200,26.11,26.49,10561,2.127,1016,-468,-13684,126,306,113,0,0,0
92205,26.11,26.49,9469,1.907,1180,-416,-13612,112,321,94,0,0,0
92210,26.11,26.49,8336,1.679,1088,-392,-13488,122,327,95,0,0,0
92214,26.11,26.49,12151,2.448,976,-500,-13620,99,327,106,0,0,0
92219,26.11,26.49,12211,2.46,948,-476,-13536,112,354,113,0,0,0
92224,26.11,26.49,6673,1.344,948,-476,-13536,112,354,113,0,0,0
92230,26.11,26.49,12191,2.456,1028,-404,-13532,125,318,111,0,0,0
92235,26.11,26.49,12151,2.448,1076,-392,-13580,88,327,93,0,0,0
92239,26.11,26.49,12168,2.451,1080,-516,-13592,98,339,83,0,0,0
92331,26.11,26.49,11715,2.36,1024,-432,-13696,106,351,112,0,0,0
92334,26.11,26.49,7383,1.487,1024,-432,-13696,106,351,112,0,0,0
92340,26.11,26.49,8328,1.677,960,-504,-13592,126,343,93,0,0,0
92345,26.11,26.49,12162,2.45,1056,-388,-13648,87,336,95,0,0,0
92349,26.11,26.49,8443,1.701,1024,-404,-13568,104,346,108,0,0,0
92354,26.11,26.49,2329,0.469,1088,-388,-13596,88,330,90,0,0,0
92359,26.11,26.49,6096,1.228,1080,-592,-13588,105,338,97,0,0,0
92364,26.11,26.49,11940,2.405,1080,-592,-13588,105,338,97,0,0,0
92462,26.11,26.49,251,0.051,1088,-324,-13620,108,342,112,0,0,0
92476,26.11,26.49,3419,0.689,1128,-404,-13468,97,338,108,0,0,0
92479,26.11,26.49,10740,2.163,1152,-420,-13776,94,324,105,0,0,0
92484,26.11,26.49,10616,2.138,1072,-404,-13436,112,325,82,0,0,0
92489,26.11,26.49,12153,2.448,1072,-404,-13436,112,325,82,0,0,0
92495,26.11,26.49,12179,2.453,1012,-384,-13760,108,360,87,0,0,0
92500,26.11,26.49,12042,2.426,976,-380,-13532,118,359,88,0,0,0
92505,26.11,26.49,12202,2.458,1108,-324,-13572,101,357,102,0,0,0
92509,26.11,26.49,12194,2.456,1140,-384,-13608,100,307,95,0,0,0
92514,26.11,26.49,10373,2.089,1044,-380,-13664,123,328,96,0,0,0
92605,26.11,26.49,12170,2.451,1092,-476,-13656,132,309,109,0,0,0
92609,26.11,26.49,5696,1.147,1092,-476,-13656,132,309,109,0,0,0
92615,26.11,26.49,5963,1.201,1052,-468,-13644,95,336,87,0,0,0
92620,26.11,26.49,11857,2.388,992,-412,-13688,88,364,105,0,0,0
92624,26.11,26.49,5932,1.195,1148,-464,-13448,126,340,100,0,0,0
92629,26.11,26.49,5436,1.095,1032,-336,-13520,122,341,108,0,0,0
92634,26.11,26.49,7887,1.589,1032,-336,-13520,122,341,108,0,0,0
92640,26.11,26.49,5697,1.148,1068,-364,-13496,84,348,82,0,0,0
92645,26.11,26.49,4769,0.961,1108,-392,-13588,100,349,104,0,0,0
92650,26.11,26.49,7179,1.446,1056,-508,-13492,86,334,102,0,0,0
92725,26.13,26.37,1585,0.319,1056,-436,-13644,96,331,105,0,0,0
92730,26.13,26.37,3489,0.703,1072,-364,-13524,89,353,85,0,0,0
92735,26.13,26.37,6177,1.244,1048,-380,-13576,91,330,97,0,0,0
92739,26.13,26.37,9100,1.833,1064,-400,-13552,125,333,95,0,0,0
92744,26.13,26.37,2588,0.521,1064,-400,-13552,125,333,95,0,0,0
92749,26.13,26.37,6665,1.343,1024,-416,-13404,101,327,95,0,0,0
92755,26.13,26.37,12186,2.455,1108,-392,-13520,106,333,105,0,0,0
92843,26.13,26.37,3310,0.667,1108,-392,-13520,106,333,105,0,0,0
92845,26.13,26.37,8803,1.773,1124,-420,-13588,93,332,98,0,0,0
92850,26.13,26.37,11228,2.262,1136,-384,-13520,92,343,91,0,0,0
92854,26.13,26.37,12169,2.451,1052,-400,-13516,87,329,80,0,0,0
92859,26.13,26.37,12019,2.421,1108,-496,-13572,103,358,95,0,0,0
92864,26.13,26.37,12139,2.445,1108,-496,-13572,103,358,95,0,0,0
92869,26.13,26.37,10028,2.02,1024,-420,-13588,125,324,88,0,0,0
92875,26.13,26.37,5839,1.176,1064,-480,-13608,106,324,122,0,0,0
92880,26.13,26.37,11100,2.236,1072,-472,-13608,87,352,113,0,0,0
92884,26.13,26.37,11625,2.342,984,-448,-13588,116,339,114,0,0,0
92889,26.13,26.37,10089,2.032,1104,-432,-13664,99,348,121,0,0,0
92894,26.13,26.37,5983,1.205,1104,-432,-13664,99,348,121,0,0,0
92900,26.13,26.37,9554,1.924,1060,-432,-13632,99,316,98,0,0,0
92974,26.13,26.37,2600,0.524,1040,-388,-13448,119,324,109,0,0,0
92991,26.13,26.37,1162,0.234,1028,-340,-13520,108,361,95,0,0,0
92995,26.13,26.37,7634,1.538,1128,-496,-13496,118,328,104,0,0,0
93000,26.13,26.37,9892,1.993,1076,-516,-13532,106,324,97,0,0,0
93005,26.13,26.37,3853,0.776,976,-380,-13540,128,323,92,0,0,0
93098,26.13,26.37,6175,1.244,984,-468,-13536,123,337,87,0,0,0
93099,26.13,26.37,381,0.077,984,-468,-13536,123,337,87,0,0,0
93104,26.13,26.37,7124,1.435,1108,-408,-13340,104,344,101,0,0,0
93110,26.13,26.37,4948,0.997,1044,-432,-13564,90,341,96,0,0,0
93115,26.13,26.37,9222,1.858,1112,-452,-13652,95,356,93,0,0,0
93119,26.13,26.37,4363,0.879,1120,-456,-13404,68,356,118,0,0,0
93124,26.13,26.37,6135,1.236,1120,-456,-13404,68,356,118,0,0,0
93129,26.13,26.37,6062,1.221,1016,-460,-13528,117,352,93,0,0,0
93135,26.13,26.37,7825,1.576,1032,-364,-13540,104,316,106,0,0,0
93140,26.13,26.37,4886,0.984,1140,-368,-13484,81,364,97,0,0,0
93145,26.13,26.37,3524,0.71,1024,-420,-13584,103,359,101,0,0,0
93149,26.13,26.37,2801,0.564,1000,-380,-13468,113,328,107,0,0,0
93154,26.13,26.37,6844,1.379,1000,-380,-13468,113,328,107,0,0,0
93159,26.13,26.37,5896,1.188,988,-420,-13628,88,313,100,0,0,0
93165,26.13,26.37,6853,1.38,1052,-508,-13644,79,338,90,0,0,0
93242,26.13,26.37,9738,1.962,1044,-436,-13460,110,333,77,0,0,0
93244,26.13,26.37,5102,1.028,1044,-436,-13460,110,333,77,0,0,0
93249,26.13,26.37,6788,1.367,1076,-460,-13656,100,321,90,0,0,0
93338,26.15,26.55,2064,0.416,1076,-460,-13656,100,321,90,0,0,0
93340,26.15,26.55,1018,0.205,1060,-360,-13596,100,352,94,0,0,0
93345,26.15,26.55,5506,1.109,1020,-448,-13604,121,336,83,0,0,0
93349,26.15,26.55,12215,2.46,1020,-448,-13604,121,336,83,0,0,0
93354,26.15,26.55,7887,1.589,1108,-364,-13616,98,332,101,0,0,0
93359,26.15,26.55,5819,1.172,1128,-424,-13424,89,344,69,0,0,0
93365,26.15,26.55,7090,1.428,1088,-404,-13572,105,333,92,0,0,0
93370,26.15,26.55,6265,1.262,1056,-412,-13696,122,339,113,0,0,0
93375,26.15,26.55,6398,1.289,1028,-536,-13436,93,324,106,0,0,0
93379,26.15,26.55,3620,0.729,1028,-536,-13436,93,324,106,0,0,0
93384,26.15,26.55,5769,1.162,1088,-504,-13756,85,332,110,0,0,0
93389,26.15,26.55,3790,0.763,1120,-420,-13604,129,344,103,0,0,0
93395,26.15,26.55,7473,1.505,1132,-400,-13476,114,327,96,0,0,0
93400,26.15,26.55,3845,0.774,992,-592,-13664,89,348,91,0,0,0
93405,26.15,26.55,3677,0.741,1048,-440,-13584,94,360,89,0,0,0
93409,26.15,26.55,4718,0.95,1048,-440,-13584,94,360,89,0,0,0
93414,26.15,26.55,6804,1.371,1052,-440,-13480,96,334,95,0,0,0
93603,26.15,26.55,266,0.054,1172,-588,-13520,114,359,110,0,0,0
93618,26.15,26.55,180,0.036,1052,-468,-13692,101,326,87,0,0,0
93619,26.15,26.55,4959,0.999,1052,-468,-13692,101,326,87,0,0,0
93624,26.15,26.55,10878,2.191,1180,-408,-13580,97,324,87,0,0,0
93630,26.15,26.55,6994,1.409,1080,-340,-13584,89,307,87,0,0,0
93635,26.15,26.55,5407,1.089,1024,-552,-13500,99,303,87,0,0,0
93639,26.15,26.55,6391,1.287,1024,-552,-13500,99,303,87,0,0,0
93644,26.15,26.55,7318,1.474,1016,-352,-13620,109,321,121,0,0,0
93649,26.15,26.55,8941,1.801,1092,-332,-13552,102,348,87,0,0,0
93654,26.15,26.55,1841,0.371,1080,-520,-13712,99,313,82,0,0,0
93660,26.15,26.55,4121,0.83,1004,-504,-13504,109,333,92,0,0,0
93665,26.15,26.55,2766,0.557,1032,-624,-13500,113,328,103,0,0,0
93669,26.15,26.55,1316,0.265,1032,-624,-13500,113,328,103,0,0,0
93674,26.15,26.55,6708,1.351,1024,-484,-13532,122,312,98,0,0,0
93679,26.15,26.55,4100,0.826,1116,-424,-13624,106,342,115,0,0,0
93684,26.15,26.55,7820,1.575,1036,-444,-13588,83,326,104,0,0,0
93690,26.15,26.55,8657,1.744,1032,-460,-13604,98,353,95,0,0,0
93781,26.15,26.53,3509,0.707,1080,-424,-13528,111,309,102,0,0,0
93785,26.15,26.53,1524,0.307,1012,-496,-13632,104,335,97,0,0,0
93790,26.15,26.53,6083,1.225,1020,-416,-13528,105,317,107,0,0,0
93864,26.15,26.53,1271,0.256,1144,-556,-13548,117,326,94,0,0,0
93869,26.15,26.53,2611,0.526,1064,-348,-13624,94,344,90,0,0,0
93874,26.15,26.53,7865,1.584,1060,-440,-13580,99,323,99,0,0,0
93879,26.15,26.53,3142,0.633,996,-452,-13612,117,346,103,0,0,0
93885,26.15,26.53,7237,1.458,952,-488,-13440,92,320,99,0,0,0
93890,26.15,26.53,6201,1.249,1060,-420,-13436,107,323,102,0,0,0
93895,26.15,26.53,3833,0.772,1060,-420,-13436,107,323,102,0,0,0
93899,26.15,26.53,6217,1.252,1076,-400,-13540,92,329,95,0,0,0
93904,26.15,26.53,6297,1.268,1124,-428,-13556,112,336,97,0,0,0
93909,26.15,26.53,4630,0.933,964,-472,-13528,125,328,71,0,0,0
93915,26.15,26.53,7268,1.464,1088,-324,-13560,110,329,104,0,0,0
93920,26.15,26.53,5140,1.035,1004,-396,-13452,89,352,97,0,0,0
93925,26.15,26.53,5795,1.167,1004,-396,-13452,89,352,97,0,0,0
93934,26.15,26.53,3128,0.63,1072,-364,-13568,91,335,102,0,0,0
93939,26.15,26.53,3652,0.736,1080,-524,-13472,97,341,99,0,0,0
94028,26.15,26.53,1373,0.277,1080,-524,-13472,97,341,99,0,0,0
94030,26.15,26.53,524,0.106,1072,-436,-13556,107,333,103,0,0,0
94035,26.15,26.53,9338,1.881,1140,-448,-13564,95,342,107,0,0,0
94040,26.15,26.53,11744,2.366,1140,-448,-13564,95,342,107,0,0,0
94044,26.15,26.53,4724,0.952,1068,-472,-13496,128,348,100,0,0,0
94118,26.15,26.53,1739,0.35,1080,-416,-13536,83,368,108,0,0,0
94120,26.15,26.53,3882,0.782,956,-448,-13620,93,327,111,0,0,0
94125,26.15,26.53,6484,1.306,1008,-528,-13512,131,334,108,0,0,0
94130,26.15,26.53,10516,2.118,1008,-528,-13512,131,334,108,0,0,0
94134,26.15,26.53,4663,0.939,996,-408,-13700,116,361,114,0,0,0
94139,26.15,26.53,7037,1.417,1100,-556,-13420,95,336,80,0,0,0
94144,26.15,26.53,7956,1.603,996,-368,-13380,109,320,113,0,0,0
94150,26.15,26.53,8140,1.64,1024,-332,-13600,95,348,100,0,0,0
94155,26.15,26.53,6934,1.397,968,-420,-13488,98,308,122,0,0,0
94160,26.15,26.53,4512,0.909,968,-420,-13488,98,308,122,0,0,0
94164,26.15,26.53,8149,1.641,996,-428,-13536,119,345,97,0,0,0
94169,26.15,26.53,6054,1.219,1056,-468,-13444,122,327,104,0,0,0
94174,26.15,26.53,5137,1.035,1060,-416,-13656,89,318,99,0,0,0
94267,26.17,26.59,8456,1.703,1180,-408,-13480,88,327,105,0,0,0
94270,26.17,26.59,5114,1.03,1180,-408,-13480,88,327,105,0,0,0
94274,26.17,26.59,6338,1.277,1028,-508,-13644,100,336,89,0,0,0
94279,26.17,26.59,5319,1.071,1028,-456,-13468,75,312,107,0,0,0
94284,26.17,26.59,9622,1.938,1028,-468,-13616,87,340,89,0,0,0
94290,26.17,26.59,10494,2.114,1076,-444,-13572,96,323,101,0,0,0
94295,26.17,26.59,10299,2.075,1076,-444,-13572,96,323,101,0,0,0
94369,26.17,26.59,1659,0.334,960,-404,-13620,96,333,116,0,0,0
94374,26.17,26.59,6513,1.312,988,-372,-13472,83,337,111,0,0,0
94379,26.17,26.59,2273,0.458,1064,-488,-13512,96,312,99,0,0,0
94384,26.17,26.59,6092,1.227,1060,-412,-13448,91,308,91,0,0,0
94390,26.17,26.59,2652,0.534,1044,-332,-13544,93,338,91,0,0,0
94395,26.17,26.59,3965,0.799,1044,-332,-13544,93,338,91,0,0,0
94399,26.17,26.59,5990,1.207,1140,-456,-13380,114,331,113,0,0,0
94404,26.17,26.59,4134,0.833,1036,-496,-13404,119,347,89,0,0,0
94409,26.17,26.59,10855,2.187,1096,-432,-13556,104,342,75,0,0,0
94414,26.17,26.59,5766,1.161,976,-484,-13656,87,332,110,0,0,0
94505,26.17,26.59,6955,1.401,1024,-444,-13492,103,347,75,0,0,0
94522,26.17,26.59,3008,0.606,1132,-472,-13404,105,317,86,0,0,0
94525,26.17,26.59,6509,1.311,1132,-472,-13404,105,317,86,0,0,0
94530,26.17,26.59,10441,2.103,1112,-400,-13588,106,352,116,0,0,0
94534,26.17,26.59,3746,0.755,1076,-428,-13616,88,325,83,0,0,0
94539,26.17,26.59,6721,1.354,1072,-424,-13532,112,313,93,0,0,0
94544,26.17,26.59,10899,2.195,1100,-424,-13576,90,317,87,0,0,0
94550,26.17,26.59,7199,1.45,944,-328,-13644,107,371,92,0,0,0
94555,26.17,26.59,6876,1.385,944,-328,-13644,107,371,92,0,0,0
94560,26.17,26.59,3285,0.662,1212,-484,-13552,89,347,87,0,0,0
94658,26.17,26.59,3699,0.745,1004,-448,-13528,120,312,100,0,0,0
94659,26.17,26.59,5168,1.041,1004,-448,-13528,120,312,100,0,0,0
94664,26.17,26.59,12176,2.453,1080,-468,-13516,119,304,92,0,0,0
94669,26.17,26.59,12172,2.452,1016,-328,-13748,90,333,104,0,0,0
94675,26.17,26.59,12191,2.456,1048,-500,-13668,95,326,101,0,0,0
94680,26.17,26.59,12138,2.445,976,-456,-13408,101,363,98,0,0,0
94685,26.17,26.59,12201,2.458,1092,-380,-13592,124,341,98,0,0,0
94689,26.17,26.59,12204,2.458,1048,-392,-13508,125,328,108,0,0,0
94694,26.17,26.59,12163,2.45,1036,-436,-13528,94,317,80,0,0,0
94783,26.15,26.53,10068,2.028,1036,-436,-13528,94,317,80,0,0,0
94784,26.15,26.53,46,0.009,1036,-436,-13528,94,317,80,0,0,0
94789,26.15,26.53,10385,2.092,1052,-452,-13568,110,321,86,0,0,0
94795,26.15,26.53,7369,1.484,1032,-436,-13396,112,334,105,0,0,0
94800,26.15,26.53,4185,0.843,1060,-440,-13524,92,358,113,0,0,0
94804,26.15,26.53,10191,2.053,984,-432,-13412,103,356,87,0,0,0
94809,26.15,26.53,9115,1.836,976,-532,-13452,132,316,97,0,0,0
94814,26.15,26.53,10006,2.015,1100,-436,-13536,89,311,83,0,0,0
94819,26.15,26.53,8020,1.615,1032,-480,-13740,99,329,89,0,0,0
94825,26.15,26.53,8215,1.655,1164,-476,-13628,96,338,69,0,0,0
94830,26.15,26.53,5972,1.203,1084,-412,-13524,98,347,109,0,0,0
94904,26.15,26.53,12160,2.449,1108,-452,-13524,91,341,100,0,0,0
94905,26.15,26.53,9980,2.01,1004,-464,-13480,85,340,86,0,0,0
94910,26.15,26.53,12187,2.455,1004,-464,-13480,85,340,86,0,0,0
94915,26.15,26.53,12152,2.448,1072,-468,-13696,86,355,97,0,0,0
94920,26.15,26.53,12185,2.454,1092,-520,-13548,120,341,84,0,0,0
94924,26.15,26.53,8244,1.661,1040,-504,-13628,101,321,97,0,0,0
94945,26.15,26.53,6786,1.367,1044,-432,-13548,111,312,91,0,0,0
94950,26.15,26.53,10550,2.125,1044,-432,-13548,111,312,91,0,0,0
95040,26.15,26.53,4679,0.942,1132,-356,-13696,97,342,110,0,0,0
95045,26.15,26.53,10195,2.054,1036,-464,-13524,72,334,107,0,0,0
95049,26.15,26.53,10161,2.047,1060,-460,-13576,90,343,105,0,0,0
95054,26.15,26.53,10512,2.117,1060,-476,-13696,122,339,94,0,0,0
95059,26.15,26.53,9873,1.989,1156,-412,-13440,84,337,108,0,0,0
95065,26.15,26.53,12191,2.456,1024,-428,-13584,116,331,129,0,0,0
95070,26.15,26.53,10218,2.058,1148,-332,-13468,91,327,104,0,0,0
95075,26.15,26.53,12169,2.451,1080,-424,-13548,86,340,86,0,0,0
95079,26.15,26.53,12182,2.454,1200,-452,-13492,89,334,90,0,0,0
95084,26.15,26.53,11922,2.401,1052,-476,-13428,83,326,101,0,0,0
95089,26.15,26.53,12182,2.454,984,-380,-13588,106,334,87,0,0,0
95095,26.15,26.53,12186,2.455,1040,-428,-13444,113,358,81,0,0,0
95169,26.15,26.53,2314,0.466,1084,-560,-13460,90,345,110,0,0,0
95170,26.15,26.53,4178,0.842,1068,-416,-13512,130,351,99,0,0,0
95174,26.15,26.53,9635,1.941,1068,-416,-13512,130,351,99,0,0,0
95179,26.15,26.53,9877,1.99,1132,-412,-13440,113,342,90,0,0,0
95185,26.15,26.55,12175,2.452,1084,-476,-13568,85,323,105,0,0,0
95276,26.15,26.55,6891,1.388,1056,-520,-13468,143,340,112,0,0,0
95280,26.15,26.55,12215,2.46,1056,-520,-13468,143,340,112,0,0,0
95285,26.15,26.55,12169,2.451,1032,-448,-13480,125,357,92,0,0,0
95290,26.15,26.55,12159,2.449,1044,-440,-13552,87,327,92,0,0,0
95294,26.15,26.55,12179,2.453,980,-436,-13592,86,332,81,0,0,0
95299,26.15,26.55,10184,2.051,1088,-332,-13676,97,332,106,0,0,0
95304,26.15,26.55,12208,2.459,1108,-508,-13448,80,331,113,0,0,0
95310,26.15,26.55,7479,1.506,1064,-424,-13544,101,346,111,0,0,0
95315,26.15,26.55,8154,1.642,1060,-416,-13652,100,341,83,0,0,0
95320,26.15,26.55,12174,2.452,1184,-448,-13540,111,304,105,0,0,0
95324,26.15,26.55,12187,2.455,1064,-464,-13436,85,333,106,0,0,0
95329,26.15,26.55,12180,2.453,1128,-528,-13472,101,332,105,0,0,0
95334,26.15,26.55,3853,0.776,920,-504,-13492,121,340,83,0,0,0
95340,26.15,26.55,11748,2.366,1124,-444,-13588,99,339,121,0,0,0
95345,26.15,26.55,12163,2.45,1032,-448,-13584,88,332,93,0,0,0
95419,26.15,26.55,3279,0.66,1040,-444,-13452,84,343,80,0,0,0
95424,26.15,26.55,6500,1.309,1092,-388,-13712,95,349,105,0,0,0
95438,26.15,26.55,2889,0.582,1028,-484,-13564,126,331,113,0,0,0
95529,26.15,26.55,3372,0.679,1028,-484,-13564,126,331,113,0,0,0
95530,26.15,26.55,1620,0.326,1112,-420,-13640,84,349,117,0,0,0
95534,26.15,26.55,7485,1.508,1112,-420,-13640,84,349,117,0,0,0
95539,26.15,26.55,6632,1.336,1032,-400,-13528,84,338,91,0,0,0
95545,26.15,26.55,4256,0.857,1088,-360,-13644,117,325,97,0,0,0
95550,26.15,26.55,5791,1.166,1064,-452,-13516,101,342,107,0,0,0
95554,26.15,26.55,5459,1.1,1088,-356,-13572,105,318,103,0,0,0
95559,26.15,26.55,1952,0.393,1072,-456,-13700,86,352,85,0,0,0
95564,26.15,26.55,4428,0.892,1076,-404,-13556,120,350,102,0,0,0
95569,26.15,26.55,738,0.149,1168,-484,-13604,105,344,91,0,0,0
95575,26.15,26.55,4414,0.889,1052,-564,-13656,93,310,94,0,0,0
95580,26.15,26.55,5898,1.188,1064,-432,-13600,113,316,108,0,0,0
95584,26.15,26.55,5660,1.14,996,-352,-13684,96,347,107,0,0,0
95589,26.15,26.55,11762,2.369,1200,-428,-13664,106,349,100,0,0,0
95594,26.15,26.55,4660,0.939,1112,-448,-13564,117,346,117,0,0,0
95600,26.15,26.55,6701,1.35,1052,-380,-13484,116,338,101,0,0,0
95605,26.15,26.55,11350,2.286,1040,-472,-13504,110,351,117,0,0,0
95795,26.13,26.53,598,0.12,1064,-388,-13672,103,347,113,0,0,0
95800,26.13,26.53,3974,0.8,1044,-484,-13548,102,356,84,0,0,0
95804,26.13,26.53,6245,1.258,948,-336,-13612,117,352,107,0,0,0
95809,26.13,26.53,6164,1.242,1092,-424,-13532,128,335,107,0,0,0
95814,26.13,26.53,2882,0.581,980,-516,-13580,102,329,92,0,0,0
95819,26.13,26.53,2259,0.455,1100,-400,-13416,88,354,86,0,0,0
95825,26.13,26.53,4854,0.978,1040,-436,-13440,105,322,98,0,0,0
95830,26.13,26.53,7425,1.496,1096,-432,-13432,114,351,105,0,0,0
95834,26.13,26.53,5948,1.198,988,-364,-13476,117,336,92,0,0,0
95839,26.13,26.53,6183,1.245,1064,-312,-13556,117,356,134,0,0,0
95844,26.13,26.53,4467,0.9,988,-400,-13540,79,334,93,0,0,0
95850,26.13,26.53,7248,1.46,1116,-516,-13544,130,329,97,0,0,0
95855,26.13,26.53,9875,1.989,1056,-492,-13640,104,342,97,0,0,0
95860,26.13,26.53,7605,1.532,1092,-388,-13408,106,330,100,0,0,0
95864,26.13,26.53,3325,0.67,1064,-528,-13540,87,336,99,0,0,0
95869,26.13,26.53,5549,1.118,1012,-456,-13612,108,332,82,0,0,0
95959,26.13,26.53,6171,1.243,1028,-428,-13656,100,341,79,0,0,0
95973,26.13,26.53,3955,0.797,1004,-448,-13396,106,330,115,0,0,0
95974,26.13,26.53,4412,0.889,1004,-448,-13396,106,330,115,0,0,0
95980,26.13,26.53,8172,1.646,1080,-432,-13496,104,319,79,0,0,0
96054,26.13,26.53,3662,0.738,1044,-356,-13488,76,351,109,0,0,0
96059,26.13,26.53,10655,2.146,1068,-460,-13620,112,334,104,0,0,0
96064,26.13,26.53,5147,1.037,1124,-408,-13360,113,336,95,0,0,0
96069,26.13,26.53,4810,0.969,1152,-448,-13532,79,323,105,0,0,0
96075,26.13,26.53,5405,1.089,1140,-424,-13584,73,349,104,0,0,0
96080,26.13,26.53,5644,1.137,944,-368,-13504,103,361,96,0,0,0
96085,26.13,26.53,2592,0.522,1084,-468,-13448,110,340,102,0,0,0
96089,26.13,26.53,10268,2.068,1052,-376,-13416,90,326,99,0,0,0
96094,26.13,26.53,6164,1.242,1004,-332,-13476,93,329,108,0,0,0
96099,26.13,26.53,7240,1.458,1176,-456,-13556,118,356,99,0,0,0
96105,26.13,26.53,8158,1.643,1140,-320,-13416,95,342,100,0,0,0
96110,26.13,26.53,6248,1.259,1016,-396,-13700,99,337,97,0,0,0
96115,26.13,26.53,8112,1.634,1076,-340,-13448,92,317,111,0,0,0
96119,26.13,26.53,3834,0.772,1032,-516,-13700,111,344,107,0,0,0
96210,26.13,26.53,797,0.161,1040,-392,-13540,95,330,96,0,0,0
96215,26.13,26.47,6576,1.325,1044,-476,-13548,84,356,81,0,0,0
96220,26.13,26.47,6500,1.309,1084,-584,-13572,127,318,113,0,0,0
96225,26.13,26.47,4692,0.945,1048,-576,-13504,118,339,118,0,0,0
96229,26.13,26.47,9210,1.855,1040,-428,-13700,112,345,83,0,0,0
96234,26.13,26.47,3468,0.699,1148,-456,-13748,103,337,86,0,0,0
96309,26.13,26.47,4163,0.839,980,-508,-13652,105,332,91,0,0,0
96310,26.13,26.47,6825,1.375,980,-508,-13652,105,332,91,0,0,0
96314,26.13,26.47,3437,0.692,1108,-428,-13416,100,336,113,0,0,0
96319,26.13,26.47,5560,1.12,1040,-328,-13592,117,329,104,0,0,0
96325,26.13,26.47,3671,0.739,988,-508,-13668,117,321,107,0,0,0
96330,26.13,26.47,5387,1.085,1112,-396,-13540,95,334,110,0,0,0
96335,26.13,26.47,2510,0.506,1124,-484,-13548,111,339,95,0,0,0
96339,26.13,26.47,9712,1.956,1084,-424,-13684,109,337,103,0,0,0
96344,26.13,26.47,7017,1.413,980,-448,-13532,105,334,112,0,0,0
96349,26.13,26.47,3913,0.788,1180,-388,-13568,82,352,98,0,0,0
96355,26.13,26.47,7635,1.538,1064,-512,-13604,108,322,77,0,0,0
96360,26.13,26.47,2452,0.494,1044,-440,-13592,92,363,96,0,0,0
96452,26.13,26.47,1979,0.399,1144,-480,-13632,108,333,113,0,0,0
96476,26.13,26.47,4244,0.855,1072,-428,-13548,92,338,96,0,0,0
96480,26.13,26.47,4838,0.975,1072,-428,-13548,92,338,96,0,0,0
96485,26.13,26.47,8825,1.778,1088,-400,-13680,114,348,90,0,0,0
96490,26.13,26.47,7856,1.582,1120,-492,-13492,108,331,108,0,0,0
96494,26.13,26.47,3225,0.65,984,-496,-13636,81,366,105,0,0,0
96499,26.13,26.47,4160,0.838,976,-416,-13692,103,337,96,0,0,0
96504,26.13,26.47,3560,0.717,1088,-432,-13520,113,321,95,0,0,0
96578,26.13,26.47,4100,0.826,1040,-436,-13568,112,356,82,0,0,0
96580,26.13,26.47,2255,0.454,1040,-436,-13568,112,356,82,0,0,0
96585,26.13,26.47,5637,1.135,1112,-428,-13540,108,314,97,0,0,0
96589,26.13,26.47,10754,2.166,1088,-376,-13536,107,317,97,0,0,0
96594,26.13,26.47,9468,1.907,1072,-436,-13616,99,342,98,0,0,0
96599,26.13,26.47,5281,1.064,1076,-456,-13508,92,329,97,0,0,0
96605,26.13,26.47,9386,1.891,1100,-532,-13576,72,341,114,0,0,0
96610,26.13,26.47,7652,1.541,1060,-480,-13700,67,339,107,0,0,0
96614,26.13,26.47,1059,0.213,1168,-364,-13476,81,340,106,0,0,0
96619,26.13,26.47,8305,1.673,1012,-420,-13464,89,329,83,0,0,0
96624,26.13,26.47,11679,2.352,1096,-396,-13452,107,328,109,0,0,0
96714,26.13,26.47,4293,0.865,1096,-396,-13452,107,328,109,0,0,0
96715,26.13,26.47,419,0.084,1096,-396,-13452,107,328,109,0,0,0
96719,26.13,26.47,5932,1.195,996,-552,-13692,110,325,87,0,0,0
96725,26.13,26.47,9473,1.908,1044,-388,-13428,98,364,123,0,0,0
96730,26.15,26.55,5378,1.083,1064,-508,-13436,94,320,96,0,0,0
96734,26.15,26.55,7269,1.464,1032,-436,-13392,107,320,104,0,0,0
96739,26.15,26.55,8183,1.648,1064,-516,-13424,120,339,105,0,0,0
96744,26.15,26.55,2477,0.499,1016,-552,-13560,114,336,103,0,0,0
96749,26.15,26.55,4606,0.928,1104,-444,-13544,92,348,89,0,0,0
96848,26.15,26.55,4152,0.836,1048,-376,-13504,89,314,107,0,0,0
96849,26.15,26.55,3272,0.659,1048,-376,-13504,89,314,107,0,0,0
96854,26.15,26.55,2721,0.548,1012,-484,-13560,89,321,78,0,0,0
96860,26.15,26.55,3728,0.751,1076,-372,-13628,87,361,77,0,0,0
96865,26.15,26.55,5569,1.122,1088,-272,-13552,123,329,97,0,0,0
96870,26.15,26.55,3841,0.774,988,-536,-13604,100,349,97,0,0,0
96874,26.15,26.55,7200,1.45,1120,-352,-13504,94,307,114,0,0,0
96879,26.15,26.55,3003,0.605,1080,-424,-13640,117,341,103,0,0,0
96884,26.15,26.55,9309,1.875,1020,-388,-13460,130,317,86,0,0,0
96976,26.15,26.55,4360,0.878,968,-452,-13504,105,354,108,0,0,0
96997,26.15,26.55,1492,0.301,1004,-440,-13560,107,326,94,0,0,0
97000,26.15,26.55,4279,0.862,1004,-440,-13560,107,326,94,0,0,0
97004,26.15,26.55,6637,1.337,988,-512,-13428,93,354,91,0,0,0
97009,26.15,26.55,3867,0.779,1088,-440,-13756,90,350,101,0,0,0
97014,26.15,26.55,9331,1.88,996,-416,-13476,112,324,83,0,0,0
97020,26.15,26.55,3733,0.752,1016,-408,-13500,115,325,103,0,0,0
97025,26.15,26.55,6077,1.224,1100,-380,-13568,92,310,88,0,0,0
97030,26.15,26.55,7363,1.483,1100,-544,-13648,98,317,109,0,0,0
97034,26.15,26.55,8379,1.688,1124,-412,-13600,91,334,119,0,0,0
97039,26.15,26.55,5852,1.179,1108,-432,-13528,99,358,94,0,0,0
97113,26.15,26.55,7162,1.443,1124,-448,-13476,85,309,106,0,0,0
97115,26.15,26.55,4201,0.846,1124,-448,-13476,85,309,106,0,0,0
97120,26.15,26.55,10376,2.09,1076,-380,-13552,81,356,97,0,0,0
97124,26.15,26.55,7862,1.584,968,-416,-13576,80,350,105,0,0,0
97129,26.15,26.55,3356,0.676,1232,-428,-13496,119,343,80,0,0,0
97134,26.15,26.55,4714,0.95,1016,-344,-13616,109,311,96,0,0,0
97140,26.15,26.55,4743,0.955,1048,-488,-13556,100,306,113,0,0,0
97145,26.15,26.55,8791,1.771,1084,-416,-13508,119,313,97,0,0,0
97235,26.15,26.55,4534,0.913,1084,-416,-13508,119,313,97,0,0,0
97240,26.15,26.55,1492,0.301,1032,-436,-13572,132,321,98,0,0,0
97245,26.17,26.55,4660,0.939,1080,-432,-13556,86,346,107,0,0,0
97250,26.17,26.55,5179,1.043,1040,-332,-13580,88,356,95,0,0,0
97254,26.17,26.55,10988,2.213,1084,-436,-13372,121,339,85,0,0,0
97259,26.17,26.55,8398,1.692,1064,-444,-13516,102,328,118,0,0,0
97264,26.17,26.55,9569,1.927,1112,-384,-13480,87,326,121,0,0,0
97270,26.17,26.55,12158,2.449,1168,-404,-13608,115,327,103,0,0,0
97275,26.17,26.55,6967,1.403,1044,-520,-13524,100,327,100,0,0,0
97280,26.17,26.55,11778,2.372,980,-360,-13524,98,339,100,0,0,0
97284,26.17,26.55,5547,1.117,1120,-460,-13544,122,336,109,0,0,0
97289,26.17,26.55,5046,1.016,1128,-484,-13620,92,339,84,0,0,0
97364,26.17,26.55,1332,0.268,1036,-360,-13596,116,328,83,0,0,0
97370,26.17,26.55,6367,1.282,1104,-384,-13512,102,329,104,0,0,0
97375,26.17,26.55,4827,0.972,984,-364,-13648,67,305,100,0,0,0
97380,26.17,26.55,7645,1.54,1012,-424,-13588,94,346,81,0,0,0
97384,26.17,26.55,5349,1.077,972,-504,-13652,85,337,92,0,0,0
97473,26.17,26.55,2737,0.551,972,-504,-13652,85,337,92,0,0,0
97501,26.17,26.55,821,0.165,1108,-348,-13348,111,340,105,0,0,0
97505,26.17,26.55,10165,2.048,1040,-544,-13504,106,321,98,0,0,0
97509,26.17,26.55,4464,0.899,1064,-420,-13676,125,347,86,0,0,0
97514,26.17,26.55,7568,1.524,1008,-516,-13584,113,331,120,0,0,0
97519,26.17,26.55,11270,2.27,1024,-336,-13712,110,324,94,0,0,0
97525,26.17,26.55,12212,2.46,1000,-424,-13564,74,332,110,0,0,0
97530,26.17,26.55,12205,2.458,1080,-404,-13624,83,352,93,0,0,0
97535,26.17,26.55,12192,2.456,1032,-432,-13640,117,328,114,0,0,0
97539,26.17,26.55,11138,2.244,1040,-452,-13324,111,324,85,0,0,0
97544,26.17,26.55,12177,2.453,1052,-412,-13620,112,315,127,0,0,0
97549,26.17,26.55,12188,2.455,1100,-448,-13452,88,318,107,0,0,0
97555,26.17,26.55,12184,2.454,1060,-356,-13472,103,341,95,0,0,0
97560,26.17,26.55,5183,1.044,1052,-480,-13656,87,347,80,0,0,0
97565,26.17,26.55,12152,2.448,1080,-400,-13572,58,320,134,0,0,0
97639,26.17,26.55,12173,2.452,876,-688,-13672,73,415,109,0,0,0
97640,26.17,26.55,10478,2.111,876,-688,-13672,73,415,109,0,0,0
97644,26.17,26.55,10404,2.096,1108,-360,-13500,91,353,86,0,0,0
97649,26.17,26.55,10997,2.215,1112,-400,-13476,144,283,110,0,0,0
97737,26.17,26.55,6459,1.301,1020,-456,-13504,98,307,126,0,0,0
97740,26.17,26.55,10928,2.201,1020,-456,-13504,98,307,126,0,0,0
97745,26.17,26.55,12172,2.452,1012,-492,-13580,57,387,97,0,0,0
97749,26.17,26.55,12133,2.444,1152,-304,-13616,84,377,101,0,0,0
97754,26.15,26.47,12178,2.453,1096,-412,-13520,114,351,90,0,0,0
97759,26.15,26.47,12194,2.456,1000,-652,-13692,140,348,102,0,0,0
97765,26.15,26.47,12222,2.462,1068,-448,-13536,83,339,90,0,0,0
97770,26.15,26.47,12177,2.453,1076,-256,-13492,106,295,82,0,0,0
97775,26.15,26.47,12169,2.451,1076,-448,-13600,118,305,98,0,0,0
97779,26.15,26.47,12206,2.459,1148,-608,-13604,81,299,90,0,0,0
97784,26.15,26.47,12186,2.455,1004,-464,-13644,59,368,90,0,0,0
97789,26.15,26.47,11163,2.249,1076,-284,-13424,56,389,100,0,0,0
97795,26.15,26.47,12161,2.45,1052,-228,-13464,126,366,80,0,0,0
97800,26.15,26.47,12212,2.46,1036,-540,-13812,130,306,92,0,0,0
97805,26.15,26.47,12197,2.457,956,-744,-13756,134,295,116,0,0,0
97809,26.15,26.47,12218,2.461,1100,-388,-13460,74,313,83,0,0,0
97907,26.15,26.47,1721,0.347,968,-564,-13628,101,357,98,0,0,0
97910,26.15,26.47,12181,2.454,1140,-312,-13648,72,380,97,0,0,0
97999,26.15,26.47,12147,2.447,1140,-312,-13648,72,380,97,0,0,0
98024,26.15,26.47,7818,1.575,1052,-480,-13548,73,344,118,0,0,0
98025,26.15,26.47,7832,1.578,1052,-480,-13548,73,344,118,0,0,0
98029,26.15,26.47,12185,2.454,1204,-244,-13460,92,360,102,0,0,0
98035,26.15,26.47,12164,2.45,1004,-368,-13440,124,340,98,0,0,0
98040,26.15,26.47,10984,2.212,1004,-452,-13696,97,336,85,0,0,0
98044,26.15,26.47,12156,2.449,1080,-428,-13504,76,347,98,0,0,0
98049,26.15,26.47,12161,2.45,984,-292,-13480,72,331,91,0,0,0
98054,26.15,26.47,12158,2.449,1112,-336,-13508,109,331,99,0,0,0
98059,26.15,26.47,12197,2.457,1112,-296,-13392,123,335,86,0,0,0
98065,26.15,26.47,1957,0.394,1040,-540,-13596,125,300,107,0,0,0
98070,26.15,26.47,3362,0.677,1092,-476,-13636,105,312,97,0,0,0
98074,26.15,26.47,3667,0.739,1120,-404,-13592,110,318,90,0,0,0
98079,26.15,26.47,8179,1.647,1176,-476,-13536,93,320,104,0,0,0
98084,26.15,26.47,7251,1.461,996,-468,-13660,66,345,121,0,0,0
98090,26.15,26.47,9481,1.91,1080,-296,-13404,73,377,111,0,0,0
98095,26.15,26.47,5784,1.165,1096,-424,-13528,83,345,81,0,0,0
98189,26.15,26.47,12170,2.451,1032,-424,-13340,124,356,96,0,0,0
98265,26.15,26.53,12192,2.456,928,-408,-13516,96,282,87,0,0,0
98269,26.15,26.53,4772,0.961,1032,-560,-13584,98,335,113,0,0,0
98274,26.15,26.53,11347,2.286,1008,-400,-13648,115,346,91,0,0,0
98280,26.15,26.53,6870,1.384,976,-448,-13428,83,371,89,0,0,0
98285,26.15,26.53,6252,1.259,1100,-292,-13548,108,327,105,0,0,0
98290,26.15,26.53,7962,1.604,984,-400,-13380,80,303,100,0,0,0
98294,26.15,26.53,7248,1.46,1108,-464,-13620,108,344,98,0,0,0
98299,26.15,26.53,7722,1.555,988,-452,-13544,107,359,89,0,0,0
98304,26.15,26.53,6146,1.238,1092,-504,-13572,83,332,115,0,0,0
98310,26.15,26.53,10366,2.088,1120,-412,-13568,110,351,97,0,0,0
98315,26.15,26.53,5766,1.161,1080,-444,-13716,89,318,107,0,0,0
98320,26.15,26.53,11418,2.3,992,-432,-13528,113,337,86,0,0,0
98324,26.15,26.53,8580,1.728,1020,-528,-13528,121,339,91,0,0,0
98329,26.15,26.53,5311,1.07,1180,-380,-13544,109,328,89,0,0,0
98334,26.15,26.53,7626,1.536,1032,-520,-13460,102,349,109,0,0,0
98340,26.15,26.53,8975,1.808,1176,-332,-13564,68,354,111,0,0,0
98429,26.15,26.53,71,0.014,1176,-332,-13564,68,354,111,0,0,0
98446,26.15,26.53,8967,1.806,1088,-544,-13284,127,312,101,0,0,0
98450,26.15,26.53,12184,2.454,1044,-368,-13672,75,302,112,0,0,0
98455,26.15,26.53,8554,1.723,1156,-488,-13752,97,366,109,0,0,0
98529,26.15,26.53,1898,0.382,1036,-536,-13456,111,327,100,0,0,0
98534,26.15,26.53,6790,1.368,1080,-420,-13484,90,337,91,0,0,0
98540,26.15,26.53,6637,1.337,972,-468,-13520,101,338,116,0,0,0
98545,26.15,26.53,11021,2.22,1064,-364,-13568,112,347,89,0,0,0
98550,26.15,26.53,9394,1.892,1040,-380,-13544,78,307,83,0,0,0
98554,26.15,26.53,11078,2.231,1052,-432,-13448,109,334,93,0,0,0
98559,26.15,26.53,11247,2.265,984,-464,-13668,101,298,82,0,0,0
98564,26.15,26.53,12177,2.453,1052,-372,-13492,83,353,89,0,0,0
98570,26.15,26.53,12191,2.456,1032,-388,-13616,99,383,114,0,0,0
98575,26.15,26.53,9093,1.832,984,-568,-13560,116,353,88,0,0,0
98580,26.15,26.53,12195,2.456,1124,-360,-13480,120,313,86,0,0,0
98584,26.15,26.53,12183,2.454,1028,-536,-13556,99,283,91,0,0,0
98589,26.15,26.53,12217,2.461,1236,-508,-13544,69,349,85,0,0,0
98594,26.15,26.53,12167,2.451,1072,-424,-13536,111,343,111,0,0,0
98683,26.15,26.53,1121,0.226,1072,-424,-13536,111,343,111,0,0,0
98685,26.15,26.53,6647,1.339,1072,-424,-13536,111,343,111,0,0,0
98690,26.15,26.53,11811,2.379,1044,-544,-13400,127,305,120,0,0,0
98694,26.15,26.35,10055,2.025,1216,-392,-13716,88,319,67,0,0,0
98699,26.15,26.35,12202,2.458,984,-488,-13652,95,367,112,0,0,0
98704,26.15,26.35,12184,2.454,1032,-440,-13564,89,341,94,0,0,0
98778,26.15,26.35,8154,1.642,1124,-360,-13460,92,356,96,0,0,0
98780,26.15,26.35,10372,2.089,1124,-360,-13460,92,356,96,0,0,0
98784,26.15,26.35,12189,2.455,968,-516,-13612,106,326,95,0,0,0
98789,26.15,26.35,12204,2.458,1132,-508,-13656,100,368,99,0,0,0
98794,26.15,26.35,12177,2.453,1004,-464,-13564,82,335,99,0,0,0
98799,26.15,26.35,10582,2.132,1052,-472,-13600,103,319,98,0,0,0
98805,26.15,26.35,12189,2.455,1016,-392,-13532,134,364,101,0,0,0
98810,26.15,26.35,12216,2.461,1128,-408,-13648,80,343,97,0,0,0
98814,26.15,26.35,12168,2.451,1104,-440,-13352,145,331,90,0,0,0
98819,26.15,26.35,12211,2.46,992,-372,-13396,107,331,95,0,0,0
98824,26.15,26.35,12209,2.459,996,-472,-13492,44,311,86,0,0,0
98830,26.15,26.35,12223,2.462,1076,-432,-13592,89,355,92,0,0,0
98944,26.15,26.35,12133,2.444,1060,-352,-13440,78,334,96,0,0,0
98959,26.15,26.35,3414,0.688,944,-400,-13492,137,338,86,0,0,0
98964,26.15,26.35,12182,2.454,1052,-344,-13444,88,307,120,0,0,0
98969,26.15,26.35,11405,2.297,1132,-408,-13556,69,333,96,0,0,0
98974,26.15,26.35,9203,1.854,996,-424,-13564,103,326,108,0,0,0
98980,26.15,26.35,10005,2.015,1172,-432,-13448,125,347,94,0,0,0
98985,26.15,26.35,9580,1.93,1104,-572,-13672,120,356,92,0,0,0
98990,26.15,26.35,9243,1.862,1016,-392,-13660,106,313,106,0,0,0
99063,26.15,26.35,12179,2.453,1088,-504,-13724,105,344,111,0,0,0
99065,26.15,26.35,6197,1.248,1088,-504,-13724,105,344,111,0,0,0
99070,26.15,26.35,5215,1.05,1112,-396,-13356,107,338,104,0,0,0
99074,26.15,26.35,12156,2.449,1032,-440,-13540,109,333,83,0,0,0
99079,26.15,26.35,10495,2.114,1080,-328,-13444,98,340,88,0,0,0
99084,26.15,26.35,7850,1.581,1084,-516,-13728,92,314,106,0,0,0
99090,26.15,26.35,9158,1.845,1060,-328,-13636,111,326,111,0,0,0
99095,26.15,26.35,8550,1.722,1176,-504,-13692,100,346,74,0,0,0
99100,26.15,26.35,9408,1.895,1096,-476,-13608,104,334,114,0,0,0
99104,26.15,26.35,9231,1.859,1104,-396,-13612,93,332,111,0,0,0
99196,26.15,26.29,8562,1.725,1072,-576,-13564,74,327,90,0,0,0
99199,26.15,26.29,7828,1.577,1040,-368,-13524,98,364,113,0,0,0
99204,26.15,26.29,5279,1.063,1064,-564,-13572,83,339,89,0,0,0
99209,26.15,26.29,9196,1.852,1124,-388,-13544,106,326,116,0,0,0
99215,26.15,26.29,7469,1.504,936,-376,-13644,87,334,83,0,0,0
99220,26.15,26.29,12120,2.441,1132,-452,-13516,95,361,85,0,0,0
99225,26.15,26.29,11432,2.303,1016,-420,-13588,96,359,91,0,0,0
99229,26.15,26.29,11436,2.304,1140,-496,-13528,106,305,99,0,0,0
99234,26.15,26.29,12195,2.456,1148,-452,-13408,113,311,100,0,0,0
99239,26.15,26.29,8829,1.778,980,-392,-13536,90,316,114,0,0,0
99316,26.15,26.29,4881,0.983,1004,-416,-13596,121,345,88,0,0,0
99320,26.15,26.29,8227,1.657,1148,-452,-13504,113,353,66,0,0,0
99325,26.15,26.29,9730,1.96,1148,-312,-13676,99,363,115,0,0,0
99329,26.15,26.29,6922,1.394,1056,-536,-13520,100,345,88,0,0,0
99334,26.15,26.29,8665,1.745,1112,-476,-13564,112,339,93,0,0,0
99339,26.15,26.29,6049,1.218,980,-464,-13432,93,345,110,0,0,0
99345,26.15,26.29,12161,2.45,1024,-480,-13608,82,351,103,0,0,0
99435,26.15,26.29,5927,1.194,1060,-444,-13316,93,355,80,0,0,0
99450,26.15,26.29,8953,1.803,1064,-440,-13628,109,335,118,0,0,0
99454,26.15,26.29,12004,2.418,1040,-484,-13572,82,343,109,0,0,0
99460,26.15,26.29,8057,1.623,1088,-444,-13628,110,343,105,0,0,0
99465,26.15,26.29,4526,0.912,1128,-432,-13520,102,331,87,0,0,0
99470,26.15,26.29,7785,1.568,1044,-448,-13632,114,312,105,0,0,0
99474,26.15,26.29,10094,2.033,1092,-468,-13612,75,317,96,0,0,0
99479,26.15,26.29,4712,0.949,1088,-332,-13712,91,361,106,0,0,0
99484,26.15,26.29,7395,1.49,1108,-412,-13556,113,326,104,0,0,0
99490,26.15,26.29,10140,2.042,1124,-320,-13620,105,326,103,0,0,0
99495,26.15,26.29,5550,1.118,1080,-492,-13424,98,323,117,0,0,0
99500,26.15,26.29,10170,2.049,1176,-432,-13652,108,325,110,0,0,0
99504,26.15,26.29,10177,2.05,1012,-492,-13484,83,346,100,0,0,0
99580,26.15,26.29,6874,1.385,984,-448,-13692,103,341,82,0,0,0
99585,26.15,26.29,4325,0.871,988,-432,-13568,80,341,116,0,0,0
99590,26.15,26.29,8755,1.764,1112,-400,-13656,99,346,104,0,0,0
99595,26.15,26.29,7088,1.428,1044,-392,-13596,104,348,92,0,0,0
99599,26.15,26.29,7188,1.448,976,-456,-13584,91,341,85,0,0,0
99694,26.15,26.29,293,0.059,976,-456,-13584,91,341,85,0,0,0
99700,26.15,26.29,6743,1.358,1108,-468,-13500,124,349,115,0,0,0
99705,26.13,26.41,5586,1.125,968,-400,-13552,118,329,83,0,0,0
99710,26.13,26.41,3867,0.779,1200,-480,-13556,75,339,110,0,0,0
99714,26.13,26.41,4519,0.91,1136,-420,-13608,101,330,112,0,0,0
99719,26.13,26.41,3360,0.677,1092,-432,-13592,110,340,106,0,0,0
99724,26.13,26.41,6805,1.371,1100,-504,-13688,106,343,93,0,0,0
99730,26.13,26.41,8360,1.684,1104,-440,-13532,86,334,71,0,0,0
99735,26.13,26.41,7181,1.446,988,-368,-13484,92,310,78,0,0,0
99740,26.13,26.41,6935,1.397,992,-512,-13604,101,352,102,0,0,0
99744,26.13,26.41,10049,2.024,1068,-480,-13540,114,361,102,0,0,0
99749,26.13,26.41,5733,1.155,1144,-424,-13340,109,343,107,0,0,0
99754,26.13,26.41,9810,1.976,1040,-468,-13576,93,341,97,0,0,0
99760,26.13,26.41,8959,1.805,1032,-408,-13548,102,311,107,0,0,0
99765,26.13,26.41,7391,1.489,1092,-460,-13536,100,343,89,0,0,0
99839,26.13,26.41,1820,0.367,1060,-436,-13404,104,335,96,0,0,0
99840,26.13,26.41,1309,0.264,1060,-436,-13404,104,335,96,0,0,0
99956,26.13,26.41,4719,0.951,1068,-468,-13460,123,325,100,0,0,0
99973,26.13,26.41,2507,0.505,1044,-408,-13556,108,355,89,0,0,0
99975,26.13,26.41,2875,0.579,1044,-408,-13556,108,355,89,0,0,0
99980,26.13,26.41,7824,1.576,1200,-476,-13528,82,337,100,0,0,0
99985,26.13,26.41,5817,1.172,1020,-480,-13664,106,343,102,0,0,0
99989,26.13,26.41,3629,0.731,1048,-444,-13604,106,324,113,0,0,0
99994,26.13,26.41,4492,0.905,1104,-484,-13564,91,317,98,0,0,0
99999,26.13,26.41,5147,1.037,1040,-488,-13576,96,360,101,0,0,0
100005,26.13,26.41,2786,0.561,1084,-536,-13496,113,343,101,0,0,0
100010,26.13,26.41,4452,0.897,1092,-412,-13468,98,338,86,0,0,0
100015,26.13,26.41,5807,1.17,1024,-488,-13576,118,325,84,0,0,0
100019,26.13,26.41,4701,0.947,1028,-416,-13472,125,335,91,0,0,0
100024,26.13,26.41,2010,0.405,996,-324,-13420,86,338,89,0,0,0
100029,26.13,26.41,4684,0.943,1064,-416,-13504,102,348,94,0,0,0
100035,26.13,26.41,7322,1.475,1068,-368,-13588,92,340,92,0,0,0
100040,26.13,26.41,4754,0.958,1060,-356,-13700,93,329,124,0,0,0
100045,26.13,26.41,3316,0.668,1152,-392,-13464,70,324,101,0,0,0
100141,26.13,26.41,4510,0.908,996,-400,-13456,111,344,94,0,0,0
100219,26.13,26.41,2411,0.486,984,-492,-13524,105,350,103,0,0,0
100220,26.13,26.41,2756,0.555,984,-492,-13524,105,350,103,0,0,0
100225,26.13,26.41,4716,0.95,988,-508,-13548,118,321,103,0,0,0
100230,26.15,26.41,4388,0.884,1024,-428,-13392,91,343,85,0,0,0
100235,26.15,26.41,2224,0.448,1052,-460,-13576,95,326,80,0,0,0
100239,26.15,26.41,2344,0.472,1004,-476,-13564,121,324,92,0,0,0
100244,26.15,26.41,5048,1.017,1080,-428,-13520,94,308,89,0,0,0
100249,26.15,26.41,4563,0.919,1148,-348,-13648,92,338,96,0,0,0
100255,26.15,26.41,9794,1.973,992,-456,-13608,90,357,101,0,0,0
100260,26.15,26.41,6145,1.238,1108,-516,-13640,117,316,110,0,0,0
100265,26.15,26.41,4599,0.926,1112,-484,-13404,101,340,110,0,0,0
100269,26.15,26.41,5710,1.15,988,-412,-13700,82,338,105,0,0,0
100274,26.15,26.41,3344,0.674,1020,-368,-13604,93,344,113,0,0,0
100279,26.15,26.41,3255,0.656,1124,-424,-13552,90,342,104,0,0,0
100285,26.15,26.41,7216,1.454,1124,-384,-13504,115,322,79,0,0,0
100290,26.15,26.41,4930,0.993,1140,-324,-13628,107,336,84,0,0,0
100388,26.15,26.41,2408,0.485,1040,-456,-13532,107,328,102,0,0,0
100389,26.15,26.41,3241,0.653,1040,-456,-13532,107,328,102,0,0,0
100394,26.15,26.41,5647,1.137,1068,-568,-13540,99,345,85,0,0,0
100400,26.15,26.41,9626,1.939,1048,-424,-13572,105,336,80,0,0,0
100476,26.15,26.41,1629,0.328,1100,-500,-13540,95,352,107,0,0,0
100500,26.15,26.41,3307,0.666,1080,-516,-13784,95,317,91,0,0,0
100504,26.15,26.41,3296,0.664,1076,-472,-13648,108,333,97,0,0,0
100509,26.15,26.41,2474,0.498,980,-412,-13564,87,334,105,0,0,0
100515,26.15,26.41,3802,0.766,1008,-428,-13524,109,356,96,0,0,0
100520,26.15,26.41,4288,0.864,1144,-468,-13536,122,338,91,0,0,0
100524,26.15,26.41,4599,0.926,1064,-488,-13520,112,319,93,0,0,0
100529,26.15,26.41,8205,1.653,1064,-420,-13472,96,349,105,0,0,0
100534,26.15,26.41,6140,1.237,1176,-384,-13612,111,362,96,0,0,0
100540,26.15,26.41,7259,1.462,1084,-404,-13580,104,339,75,0,0,0
100545,26.15,26.41,8824,1.777,1040,-432,-13508,132,354,100,0,0,0
100550,26.15,26.41,5740,1.156,1060,-432,-13532,86,340,94,0,0,0
100554,26.15,26.41,4053,0.816,1024,-492,-13572,69,313,88,0,0,0
100559,26.15,26.41,4813,0.969,1124,-488,-13468,104,357,93,0,0,0
100656,26.15,26.41,7667,1.544,1036,-408,-13652,108,370,93,0,0,0
100659,26.15,26.41,1122,0.226,1140,-340,-13544,93,331,88,0,0,0
100665,26.15,26.41,4134,0.833,1120,-456,-13744,83,355,99,0,0,0
100670,26.15,26.41,7303,1.471,1148,-484,-13552,103,320,75,0,0,0
100675,26.15,26.41,6554,1.32,1160,-472,-13552,91,318,128,0,0,0
100679,26.15,26.41,4617,0.93,1040,-416,-13708,87,344,94,0,0,0
100755,26.17,26.47,2473,0.498,1028,-400,-13428,99,323,107,0,0,0
100759,26.17,26.47,4253,0.857,1048,-460,-13444,95,318,122,0,0,0
100765,26.17,26.47,6478,1.305,1028,-536,-13444,92,328,108,0,0,0
100770,26.17,26.47,5267,1.061,1024,-392,-13496,90,320,97,0,0,0
100775,26.17,26.47,5156,1.039,1044,-428,-13464,115,325,94,0,0,0
100779,26.17,26.47,4260,0.858,1064,-424,-13552,85,328,105,0,0,0
100784,26.17,26.47,1683,0.339,1036,-472,-13568,108,347,83,0,0,0
100789,26.17,26.47,6368,1.283,992,-440,-13616,95,343,87,0,0,0
100795,26.17,26.47,9020,1.817,1048,-532,-13624,99,326,94,0,0,0
100800,26.17,26.47,4242,0.854,1088,-436,-13680,91,327,100,0,0,0
100805,26.17,26.47,7067,1.423,1224,-436,-13476,103,340,98,0,0,0
100903,26.17,26.47,6150,1.239,1008,-420,-13472,91,358,123,0,0,0
100904,26.17,26.47,1904,0.384,1008,-420,-13472,91,358,123,0,0,0
100909,26.17,26.47,4359,0.878,1040,-380,-13660,97,340,67,0,0,0
100914,26.17,26.47,1449,0.292,1116,-408,-13512,105,347,100,0,0,0
100919,26.17,26.47,2781,0.56,1116,-340,-13428,112,353,90,0,0,0
100925,26.17,26.47,1759,0.354,1000,-424,-13412,77,330,105,0,0,0
100959,26.17,26.47,158,0.032,1032,-440,-13616,93,343,92,0,0,0
100965,26.17,26.47,2260,0.455,1004,-348,-13648,106,320,108,0,0,0
100970,26.17,26.47,7867,1.585,1060,-380,-13520,119,337,113,0,0,0
101046,26.17,26.47,735,0.148,1004,-448,-13408,115,353,111,0,0,0
101050,26.17,26.47,1694,0.341,1064,-432,-13508,97,316,102,0,0,0
101054,26.17,26.47,4376,0.881,1016,-396,-13460,116,317,106,0,0,0
101059,26.17,26.47,5186,1.045,952,-364,-13584,90,348,114,0,0,0
101064,26.17,26.47,4735,0.954,1084,-456,-13520,127,349,107,0,0,0
101070,26.17,26.47,5723,1.153,916,-504,-13512,105,339,89,0,0,0
101075,26.17,26.47,3957,0.797,1040,-512,-13676,95,325,121,0,0,0
101079,26.17,26.47,4437,0.894,1132,-480,-13548,128,338,118,0,0,0
101084,26.17,26.47,6426,1.294,1064,-352,-13588,109,337,100,0,0,0
101182,26.17,26.47,4121,0.83,1140,-516,-13708,101,359,108,0,0,0
101185,26.17,26.55,1716,0.346,1192,-448,-13616,104,359,96,0,0,0
101189,26.17,26.55,6536,1.317,1064,-452,-13688,111,331,79,0,0,0
101194,26.17,26.55,8548,1.722,1008,-360,-13616,111,316,113,0,0,0
101199,26.17,26.55,6378,1.285,1092,-456,-13564,103,321,111,0,0,0
101205,26.17,26.55,5787,1.166,1128,-240,-13508,88,343,108,0,0,0
101210,26.17,26.55,4017,0.809,1040,-584,-13692,108,331,102,0,0,0
101215,26.17,26.55,4320,0.87,1076,-300,-13544,97,356,116,0,0,0
101219,26.17,26.55,8302,1.672,1168,-388,-13584,121,319,88,0,0,0
101224,26.17,26.55,3484,0.702,1084,-388,-13508,68,335,107,0,0,0
101229,26.17,26.55,7315,1.473,1048,-312,-13344,84,335,67,0,0,0
101306,26.17,26.55,8901,1.793,1048,-552,-13556,91,348,95,0,0,0
101310,26.17,26.55,4481,0.903,1040,-464,-13652,86,320,84,0,0,0
101315,26.17,26.55,6094,1.228,1140,-540,-13568,88,326,116,0,0,0
101320,26.17,26.55,4341,0.874,1052,-496,-13644,88,350,87,0,0,0
101324,26.17,26.55,5305,1.069,1056,-440,-13420,107,354,103,0,0,0
101329,26.17,26.55,2817,0.567,1100,-476,-13680,100,342,104,0,0,0
101334,26.17,26.55,4656,0.938,980,-452,-13628,91,335,95,0,0,0
101430,26.17,26.55,2424,0.488,980,-452,-13628,91,335,95,0,0,0
101451,26.17,26.55,2054,0.414,1044,-512,-13620,112,344,90,0,0,0
101454,26.17,26.55,3707,0.747,1064,-464,-13584,115,345,110,0,0,0
101459,26.17,26.55,6368,1.283,1060,-456,-13444,114,306,90,0,0,0
101465,26.17,26.55,3348,0.674,1012,-364,-13536,94,328,101,0,0,0
101470,26.17,26.55,2314,0.466,1060,-380,-13608,103,323,92,0,0,0
101475,26.17,26.55,5270,1.062,964,-460,-13752,115,333,111,0,0,0
101479,26.17,26.55,2870,0.578,1124,-448,-13492,111,319,84,0,0,0
101484,26.17,26.55,5678,1.144,1092,-436,-13572,107,355,113,0,0,0
101489,26.17,26.55,2903,0.585,1192,-312,-13608,105,332,98,0,0,0
101495,26.17,26.55,4136,0.833,972,-504,-13476,73,334,95,0,0,0
101500,26.17,26.55,3476,0.7,1120,-428,-13580,87,341,104,0,0,0
101505,26.17,26.55,4911,0.989,1044,-484,-13596,120,349,95,0,0,0
101580,26.17,26.55,4233,0.853,1020,-408,-13644,107,327,100,0,0,0
101584,26.17,26.55,3627,0.731,1120,-468,-13556,107,335,75,0,0,0
101589,26.17,26.55,3456,0.696,1132,-368,-13588,77,329,93,0,0,0
101594,26.17,26.55,3134,0.631,1060,-420,-13516,82,334,107,0,0,0
101600,26.17,26.55,3427,0.69,984,-428,-13564,104,350,114,0,0,0
101696,26.17,26.55,1547,0.312,984,-428,-13564,104,350,114,0,0,0
101700,26.17,26.55,1874,0.377,1108,-340,-13556,113,322,93,0,0,0
101705,26.17,26.55,2851,0.574,1104,-500,-13548,91,337,107,0,0,0
101709,26.15,26.47,6626,1.335,1152,-356,-13652,104,353,102,0,0,0
101714,26.15,26.47,8539,1.72,1156,-504,-13456,115,353,98,0,0,0
101719,26.15,26.47,10763,2.168,1120,-372,-13672,86,362,99,0,0,0
101725,26.15,26.47,10110,2.036,1132,-384,-13572,68,361,86,0,0,0
101730,26.15,26.47,4347,0.876,1016,-488,-13600,88,349,94,0,0,0
101735,26.15,26.47,4769,0.961,1064,-456,-13496,102,325,113,0,0,0
101739,26.15,26.47,3590,0.723,1040,-452,-13600,107,354,83,0,0,0
101744,26.15,26.47,4424,0.891,1104,-428,-13532,83,320,108,0,0,0
101749,26.15,26.47,4808,0.968,1000,-400,-13752,102,322,115,0,0,0
101755,26.15,26.47,5458,1.099,1128,-504,-13492,105,341,93,0,0,0
101760,26.15,26.47,4778,0.962,972,-456,-13676,109,349,104,0,0,0
101765,26.15,26.47,2733,0.551,1016,-480,-13504,101,353,115,0,0,0
101841,26.15,26.47,1066,0.215,1088,-508,-13524,104,323,92,0,0,0
101845,26.15,26.47,3649,0.735,1092,-432,-13432,107,334,92,0,0,0
101967,26.15,26.47,2349,0.473,1168,-400,-13600,111,340,109,0,0,0
101982,26.15,26.47,4552,0.917,1128,-456,-13668,128,332,87,0,0,0
101985,26.15,26.47,3357,0.676,1108,-496,-13600,101,345,100,0,0,0
101989,26.15,26.47,3940,0.794,1000,-508,-13668,87,338,90,0,0,0
101994,26.15,26.47,5049,1.017,1056,-416,-13612,109,321,101,0,0,0
101999,26.15,26.47,4910,0.989,1104,-460,-13524,99,296,101,0,0,0
102005,26.15,26.47,4861,0.979,1076,-464,-13576,124,328,99,0,0,0
102010,26.15,26.47,6038,1.216,984,-340,-13572,90,346,76,0,0,0
102015,26.15,26.47,3841,0.774,1160,-452,-13468,119,351,77,0,0,0
102019,26.15,26.47,6927,1.395,1052,-456,-13564,96,337,84,0,0,0
102024,26.15,26.47,4153,0.837,1032,-540,-13380,107,333,107,0,0,0
102029,26.15,26.47,8413,1.695,1072,-376,-13604,85,326,107,0,0,0
102035,26.15,26.47,3709,0.747,1016,-332,-13560,97,341,100,0,0,0
102040,26.15,26.47,1396,0.281,1152,-396,-13652,97,336,101,0,0,0
102044,26.15,26.47,6296,1.268,1084,-388,-13380,95,352,116,0,0,0
102049,26.15,26.47,5775,1.163,1004,-472,-13476,108,352,112,0,0,0
102054,26.15,26.47,5117,1.031,1076,-352,-13532,105,360,96,0,0,0
102153,26.15,26.47,4850,0.977,1072,-396,-13516,90,320,104,0,0,0
102233,26.15,26.41,1845,0.372,1136,-384,-13544,99,336,91,0,0,0
102234,26.15,26.41,881,0.177,1080,-400,-13500,89,324,96,0,0,0
102239,26.15,26.41,4541,0.915,1080,-456,-13600,75,333,112,0,0,0
102244,26.15,26.41,3502,0.705,1008,-348,-13672,86,345,96,0,0,0
102249,26.15,26.41,2610,0.526,992,-316,-13440,289,313,109,0,0,0
102255,26.15,26.41,6171,1.243,1192,-1712,-12164,754,937,73,0,0,0
102260,26.15,26.41,6799,1.37,1140,624,-14952,-238,125,40,0,0,0
102265,26.15,26.41,6271,1.263,1124,-740,-14004,316,666,121,0,0,0
102269,26.15,26.41,5072,1.022,1088,-568,-13116,56,-280,77,0,0,0
102274,26.15,26.41,3934,0.792,628,-552,-11512,204,499,77,0,0,0
102279,26.15,26.41,4463,0.899,1200,44,-14304,234,850,85,0,0,0
102285,26.15,26.41,4367,0.88,1420,-1120,-13944,-281,490,71,0,0,0
102290,26.15,26.41,7352,1.481,1392,-192,-15388,117,-245,77,0,0,0
102294,26.15,26.41,2281,0.459,680,-424,-12396,413,41,118,0,0,0
102299,26.15,26.41,3501,0.705,832,-772,-11536,-132,438,100,0,0,0
102304,26.15,26.41,6140,1.237,1176,-284,-14080,33,1015,79,0,0,0
102402,26.15,26.41,6211,1.251,1088,-468,-13544,108,374,89,0,0,0
102405,26.15,26.41,1541,0.31,1084,-456,-13536,110,285,88,0,0,0
102410,26.15,26.41,5313,1.07,1148,-432,-13476,139,319,100,0,0,0
102415,26.15,26.41,6839,1.378,1084,-416,-13648,80,323,92,0,0,0
102491,26.15,26.41,1779,0.358,1068,-392,-13396,116,346,94,0,0,0
102504,26.15,26.41,1981,0.399,1132,-420,-13356,100,341,119,0,0,0
102510,26.15,26.41,4848,0.977,1148,-456,-13568,80,366,102,0,0,0
102515,26.15,26.41,4127,0.831,1112,-516,-13632,100,365,111,0,0,0
102520,26.15,26.41,4276,0.861,1044,-408,-13648,114,313,118,0,0,0
102524,26.15,26.41,8465,1.705,832,-500,-13548,100,313,105,0,0,0
102529,26.15,26.41,4061,0.818,1072,-392,-13584,92,321,114,0,0,0
102534,26.15,26.41,7420,1.495,1212,-464,-13504,94,361,91,0,0,0
102540,26.15,26.41,4101,0.826,1160,-432,-13508,101,336,84,0,0,0
102545,26.15,26.41,6460,1.301,1028,-444,-13620,106,301,84,0,0,0
102549,26.15,26.41,2089,0.421,956,-472,-13556,70,336,108,0,0,0
102554,26.15,26.41,3290,0.663,1080,-460,-13420,115,338,104,0,0,0
102559,26.15,26.41,2929,0.59,1060,-456,-13700,98,328,89,0,0,0
102564,26.15,26.41,4002,0.806,1112,-468,-13568,94,335,99,0,0,0
102661,26.15,26.41,4171,0.84,1020,-392,-13628,100,331,100,0,0,0
102665,26.15,26.41,3028,0.61,1140,-528,-13540,103,328,83,0,0,0
102669,26.15,26.41,7561,1.523,1116,-404,-13472,97,293,109,0,0,0
102674,26.15,26.41,6107,1.23,1148,-424,-13644,107,369,93,0,0,0
102679,26.15,26.41,7798,1.571,1020,-520,-13568,115,344,105,0,0,0
102684,26.15,26.41,7615,1.534,1048,-480,-13668,114,339,83,0,0,0
102760,26.17,26.43,2010,0.405,1012,-492,-13612,120,315,98,0,0,0
102764,26.17,26.43,3707,0.747,768,84,-13736,-221,203,81,0,0,0
102770,26.17,26.43,5359,1.079,992,-60,-14196,174,400,72,0,0,0
102775,26.17,26.43,4696,0.946,1264,-1064,-12800,115,114,101,0,0,0
102780,26.17,26.43,6567,1.323,788,-192,-13532,70,516,100,0,0,0
102784,26.17,26.43,4236,0.853,1188,-428,-14416,-53,116,76,0,0,0
102789,26.17,26.43,5594,1.127,1024,-800,-13148,241,452,128,0,0,0
102794,26.17,26.43,8728,1.758,952,-528,-13424,30,192,90,0,0,0
102800,26.17,26.43,3242,0.653,1100,-460,-13256,181,449,92,0,0,0
102805,26.17,26.43,2537,0.511,1040,-640,-13784,-59,461,102,0,0,0
102810,26.17,26.43,4328,0.872,1108,-296,-14476,227,236,89,0,0,0
102907,26.17,26.43,3571,0.719,1072,-424,-13740,97,335,112,0,0,0
102909,26.17,26.43,5497,1.107,1056,-420,-13616,93,364,110,0,0,0
102914,26.17,26.43,3617,0.729,368,44,-13976,202,257,97,0,0,0
102919,26.17,26.43,7032,1.416,312,-444,-14576,122,1337,78,0,0,0
102925,26.17,26.43,2444,0.492,1400,308,-13424,357,-381,44,0,0,0
102970,26.17,26.43,154,0.031,1048,-712,-14100,199,1285,73,0,0,0
102975,26.17,26.43,1422,0.286,1528,-368,-14708,-182,417,98,0,0,0
102979,26.17,26.43,5749,1.158,1304,-204,-15496,344,-569,111,0,0,0
102984,26.17,26.43,6797,1.369,616,-456,-11652,112,-36,100,0,0,0
103060,26.17,26.43,152,0.031,912,-456,-13068,38,575,94,0,0,0
103064,26.17,26.43,2306,0.464,1176,-400,-14168,77,492,102,0,0,0
103070,26.17,26.43,5641,1.136,1256,-356,-13784,126,210,111,0,0,0
103075,26.17,26.43,2899,0.584,1036,-340,-13448,134,230,90,0,0,0
103080,26.17,26.43,2156,0.434,852,-468,-13212,99,373,66,0,0,0
103084,26.17,26.43,4494,0.905,1024,-384,-13660,73,420,99,0,0,0
103089,26.17,26.43,3203,0.645,1144,-384,-13656,110,320,105,0,0,0
103094,26.17,26.43,3011,0.607,1180,-432,-13560,99,290,101,0,0,0
103100,26.17,26.43,6143,1.237,1044,-392,-13392,97,317,106,0,0,0
103197,26.17,26.43,4057,0.817,1072,-412,-13524,95,347,118,0,0,0
103199,26.15,26.47,2071,0.417,996,-468,-13568,113,362,103,0,0,0
103204,26.15,26.47,3299,0.665,1144,-444,-13752,97,347,113,0,0,0
103209,26.15,26.47,2329,0.469,1008,-460,-13616,108,304,93,0,0,0
103215,26.15,26.47,3223,0.649,924,-492,-13520,102,346,117,0,0,0
103220,26.15,26.47,2766,0.557,1076,-424,-13560,97,355,87,0,0,0
103225,26.15,26.47,1317,0.265,1152,-460,-13688,91,363,103,0,0,0
103229,26.15,26.47,1997,0.402,1040,-400,-13612,114,313,117,0,0,0
103234,26.15,26.47,3141,0.633,968,-492,-13452,82,324,94,0,0,0
103239,26.15,26.47,3943,0.794,1084,-456,-13596,77,371,110,0,0,0
103245,26.15,26.47,4053,0.816,1180,-452,-13568,125,361,89,0,0,0
103321,26.15,26.47,2995,0.603,1024,-344,-13512,110,313,89,0,0,0
103325,26.15,26.47,3450,0.695,1064,-424,-13476,98,351,112,0,0,0
103330,26.15,26.47,2806,0.565,1084,-380,-13504,78,333,97,0,0,0
103334,26.15,26.47,4388,0.884,1132,-396,-13708,114,317,112,0,0,0
103339,26.15,26.47,4038,0.813,1060,-488,-13548,99,324,67,0,0,0
103344,26.15,26.47,4759,0.959,1064,-472,-13480,92,348,104,0,0,0
103443,26.15,26.47,1447,0.291,1064,-420,-13520,94,329,96,0,0,0
103468,26.15,26.47,1153,0.232,972,-460,-13632,97,359,114,0,0,0
103469,26.15,26.47,1384,0.279,1084,-424,-13628,112,336,102,0,0,0
103474,26.15,26.47,3848,0.775,1060,-416,-13568,91,354,103,0,0,0
103480,26.15,26.47,3026,0.61,1152,-476,-13640,98,340,96,0,0,0
103485,26.15,26.47,2166,0.436,1000,-328,-13364,105,307,99,0,0,0
103490,26.15,26.47,3053,0.615,940,-176,-13580,85,346,105,0,0,0
103494,26.15,26.47,7781,1.567,1544,-2256,-11552,632,573,104,0,0,0
103499,26.15,26.47,1712,0.345,1932,28,-15616,-527,123,31,0,0,0
103504,26.15,26.47,4267,0.859,268,-896,-13292,351,687,133,0,0,0
103510,26.15,26.47,6237,1.256,1264,-384,-13876,118,-458,69,0,0,0
103515,26.15,26.47,6468,1.303,924,-652,-10748,263,465,102,0,0,0
103520,26.15,26.47,636,0.128,956,-84,-14404,43,957,103,0,0,0
103524,26.15,26.47,4338,0.874,1096,-196,-13932,-236,491,101,0,0,0
103601,26.15,26.47,2909,0.586,1228,-504,-13584,118,257,94,0,0,0
103605,26.15,26.47,1241,0.25,1004,-464,-13464,115,253,92,0,0,0
103609,26.15,26.47,4955,0.998,912,-544,-13180,47,401,97,0,0,0
103614,26.15,26.47,5166,1.041,1048,-368,-14168,111,364,98,0,0,0
103714,26.15,26.47,2289,0.461,1120,-428,-13640,91,413,89,0,0,0
103715,26.15,26.47,1606,0.323,1120,-428,-13640,91,413,89,0,0,0
103720,26.15,26.47,1919,0.387,1180,-416,-13648,102,264,100,0,0,0
103725,26.15,26.47,2321,0.468,964,-468,-13376,104,276,94,0,0,0
103730,26.15,26.47,3691,0.743,1000,-444,-13284,87,358,113,0,0,0
103734,26.15,26.47,4405,0.887,1156,-464,-13624,89,414,89,0,0,0
103739,26.15,26.47,6346,1.278,1152,-408,-13736,84,315,87,0,0,0
103744,26.15,26.47,7617,1.534,1076,-456,-13584,99,274,111,0,0,0
103750,26.15,26.47,3744,0.754,1000,-520,-13496,120,304,114,0,0,0
103755,26.15,26.47,1148,0.231,1244,-488,-13488,80,371,86,0,0,0
103760,26.15,26.47,3370,0.679,1080,-416,-13604,100,335,103,0,0,0
103764,26.15,26.47,8139,1.639,1056,-324,-13520,111,311,89,0,0,0
103769,26.15,26.47,7315,1.473,1004,-472,-13552,102,322,101,0,0,0
103774,26.15,26.47,3918,0.789,992,-504,-13588,87,361,96,0,0,0
103780,26.15,26.47,2931,0.59,1112,-432,-13580,93,350,94,0,0,0
103785,26.15,26.47,2128,0.429,1032,-456,-13484,100,321,100,0,0,0
103861,26.15,26.47,951,0.192,1116,-392,-13480,87,346,102,0,0,0
103865,26.15,26.47,3566,0.718,968,-392,-13640,115,304,95,0,0,0
103985,26.15,26.47,1257,0.253,1052,-540,-13432,108,349,107,0,0,0
104000,26.15,26.47,3143,0.633,1116,-436,-13572,91,362,104,0,0,0
104004,26.15,26.47,1977,0.398,1088,-356,-13512,104,354,90,0,0,0
104010,26.15,26.47,3640,0.733,1084,-352,-13440,115,359,113,0,0,0
104015,26.15,26.47,2735,0.551,984,-452,-13724,115,362,82,0,0,0
104019,26.15,26.47,5521,1.112,1028,-404,-13524,106,314,98,0,0,0
104024,26.15,26.47,5470,1.102,1084,-480,-13532,112,332,98,0,0,0
104029,26.15,26.47,3190,0.643,980,-376,-13504,96,321,96,0,0,0
104035,26.15,26.47,3990,0.804,1012,-464,-13528,90,329,102,0,0,0
104040,26.15,26.47,6410,1.291,1056,-364,-13512,107,350,101,0,0,0
104045,26.15,26.47,5853,1.179,1032,-568,-13608,106,347,101,0,0,0
104049,26.15,26.47,3982,0.802,912,-488,-13540,120,318,91,0,0,0
104054,26.15,26.47,5042,1.016,1100,-432,-13484,108,326,96,0,0,0
104059,26.15,26.47,3133,0.631,1140,-480,-13616,67,301,86,0,0,0
104065,26.15,26.47,5350,1.078,1120,-416,-13520,97,379,77,0,0,0
104070,26.15,26.47,5999,1.208,944,-600,-13504,115,349,97,0,0,0
104075,26.15,26.47,5305,1.069,1184,-572,-13488,94,343,113,0,0,0
104170,26.15,26.47,4650,0.937,1184,-572,-13488,94,343,113,0,0,0
104250,26.15,26.53,201,0.04,1028,-388,-13448,107,321,93,0,0,0
104255,26.15,26.53,6585,1.326,1104,-428,-13516,99,336,101,0,0,0
104260,26.15,26.53,2019,0.407,1108,-416,-13696,88,344,99,0,0,0
104264,26.15,26.53,4577,0.922,1016,-448,-13616,93,336,101,0,0,0
104269,26.15,26.53,3902,0.786,1000,-416,-13488,122,328,76,0,0,0
104274,26.15,26.53,4454,0.897,1168,-452,-13512,106,316,118,0,0,0
104280,26.15,26.53,6673,1.344,1132,-448,-13496,98,311,96,0,0,0
104285,26.15,26.53,5374,1.082,1060,-416,-13604,92,333,92,0,0,0
104290,26.15,26.53,3532,0.711,1148,-404,-13516,115,337,96,0,0,0
104294,26.15,26.53,7001,1.41,1052,-468,-13644,110,317,99,0,0,0
104299,26.15,26.53,2295,0.462,1040,-456,-13612,86,338,104,0,0,0
104304,26.15,26.53,3627,0.731,1128,-440,-13468,107,333,114,0,0,0
104310,26.15,26.53,3950,0.796,1004,-344,-13488,97,355,90,0,0,0
104315,26.15,26.53,6030,1.215,1024,-440,-13588,82,363,109,0,0,0
104320,26.15,26.53,5487,1.105,928,-492,-13572,96,335,93,0,0,0
104324,26.15,26.53,5167,1.041,1192,-448,-13744,98,332,77,0,0,0
104421,26.15,26.53,1918,0.386,1192,-448,-13744,98,332,77,0,0,0
104424,26.15,26.53,5390,1.086,988,-432,-13480,105,349,114,0,0,0
104434,26.15,26.53,820,0.165,1048,-420,-13572,87,359,110,0,0,0
104439,26.15,26.53,7245,1.459,1092,-404,-13548,97,339,94,0,0,0
104515,26.15,26.53,3339,0.673,1140,-488,-13672,121,324,97,0,0,0
104520,26.15,26.53,5269,1.061,1056,-388,-13728,83,302,103,0,0,0
104525,26.15,26.53,1347,0.271,1048,-468,-13588,79,326,101,0,0,0
104530,26.15,26.53,2701,0.544,1164,-452,-13628,95,342,105,0,0,0
104534,26.15,26.53,5960,1.201,1108,-476,-13612,120,348,91,0,0,0
104539,26.15,26.53,4667,0.94,1024,-448,-13376,82,351,110,0,0,0
104544,26.15,26.53,1771,0.357,1016,-388,-13524,113,311,86,0,0,0
104550,26.15,26.53,4847,0.976,1124,-508,-13504,95,330,124,0,0,0
104555,26.15,26.53,1447,0.291,1044,-436,-13588,96,342,86,0,0,0
104560,26.15,26.53,6213,1.251,1032,-468,-13652,100,321,109,0,0,0
104564,26.15,26.53,9238,1.861,1096,-532,-13696,86,322,91,0,0,0
104569,26.15,26.53,6296,1.268,1104,-456,-13408,103,346,100,0,0,0
104574,26.15,26.53,5894,1.187,1044,-456,-13508,87,334,91,0,0,0
104580,26.15,26.53,5533,1.115,1088,-444,-13504,89,323,102,0,0,0
104676,26.15,26.53,1435,0.289,1088,-444,-13504,89,323,102,0,0,0
104679,26.17,26.59,1223,0.246,1148,-472,-13716,111,341,95,0,0,0
104684,26.17,26.59,4062,0.818,984,-472,-13512,85,341,106,0,0,0
104690,26.17,26.59,4711,0.949,1092,-464,-13612,104,332,99,0,0,0
104695,26.17,26.59,4073,0.82,1092,-540,-13668,86,341,104,0,0,0
104700,26.17,26.59,2530,0.51,1096,-468,-13560,116,350,100,0,0,0
104776,26.17,26.59,4656,0.938,1104,-388,-13504,109,345,89,0,0,0
104780,26.17,26.59,3059,0.616,1084,-360,-13516,92,338,98,0,0,0
104784,26.17,26.59,4204,0.847,1020,-400,-13580,110,337,87,0,0,0
104789,26.17,26.59,3906,0.787,1060,-468,-13720,88,292,96,0,0,0
104794,26.17,26.59,4874,0.982,976,-496,-13612,71,340,90,0,0,0
104799,26.17,26.59,4232,0.852,1140,-440,-13548,108,351,90,0,0,0
104805,26.17,26.59,6765,1.363,1036,-444,-13468,121,341,92,0,0,0
104810,26.17,26.59,5804,1.169,1052,-548,-13536,76,318,86,0,0,0
104814,26.17,26.59,4957,0.998,1056,-520,-13612,92,343,83,0,0,0
104819,26.17,26.59,3421,0.689,1032,-420,-13676,75,340,93,0,0,0
104824,26.17,26.59,6112,1.231,1044,-416,-13524,112,348,93,0,0,0
104924,26.17,26.59,1954,0.394,1064,-528,-13592,-28,258,91,0,0,0
104925,26.17,26.59,1884,0.379,1160,-252,-13644,225,351,94,0,0,0
104939,26.17,26.59,757,0.152,1004,-472,-13380,71,316,104,0,0,0
104944,26.17,26.59,964,0.194,996,-568,-13944,115,305,119,0,0,0
104950,26.17,26.59,4373,0.881,888,-468,-13340,89,332,119,0,0,0
104955,26.17,26.59,2698,0.543,1052,-432,-13756,84,325,95,0,0,0
104960,26.17,26.59,5869,1.182,1120,-420,-13508,135,358,94,0,0,0
104980,26.17,26.59,5971,1.203,1004,-568,-13492,91,419,117,0,0,0
104984,26.17,26.59,7608,1.532,960,-440,-13728,86,315,106,0,0,0
105062,26.17,26.59,5415,1.091,1016,-500,-13508,89,329,97,0,0,0
105065,26.17,26.59,7593,1.529,1088,-576,-13516,114,316,91,0,0,0
105069,26.17,26.59,3952,0.796,952,-388,-13660,62,316,89,0,0,0
105074,26.17,26.59,5686,1.145,1136,-380,-13532,108,354,122,0,0,0
105079,26.17,26.59,6879,1.386,996,-316,-13500,98,330,105,0,0,0
105085,26.17,26.59,3797,0.765,1064,-352,-13460,124,335,120,0,0,0
105090,26.17,26.59,2847,0.573,1100,-388,-13512,96,347,106,0,0,0
105095,26.17,26.59,3967,0.799,992,-520,-13460,108,349,87,0,0,0
105099,26.17,26.59,8058,1.623,976,-376,-13612,102,306,76,0,0,0
105104,26.17,26.59,6616,1.333,1108,-524,-13652,87,319,107,0,0,0
105109,26.17,26.59,5181,1.044,1012,-500,-13672,107,338,107,0,0,0
105204,26.15,26.59,3675,0.74,1188,-440,-13584,103,330,103,0,0,0
105209,26.15,26.59,2362,0.476,1120,-448,-13540,118,322,73,0,0,0
105214,26.15,26.59,2848,0.574,1032,-504,-13460,110,325,92,0,0,0
105219,26.15,26.59,7263,1.463,1032,-504,-13460,110,325,92,0,0,0
105225,26.15,26.59,8106,1.633,1084,-436,-13508,88,364,101,0,0,0
105230,26.15,26.59,4221,0.85,1072,-416,-13432,90,319,103,0,0,0
105234,26.15,26.59,4253,0.857,1072,-408,-13580,96,326,101,0,0,0
105239,26.15,26.59,4390,0.884,1012,-420,-13464,75,339,110,0,0,0
105244,26.15,26.59,4306,0.867,992,-460,-13696,95,350,88,0,0,0
105320,26.15,26.59,789,0.159,1132,-360,-13644,102,355,113,0,0,0
105324,26.15,26.59,4933,0.994,1132,-360,-13644,102,355,113,0,0,0
105330,26.15,26.59,5003,1.008,1120,-452,-13572,107,345,89,0,0,0
105335,26.15,26.59,5473,1.102,1080,-448,-13568,105,331,95,0,0,0
105339,26.15,26.59,6144,1.238,1028,-536,-13564,78,331,116,0,0,0
105344,26.15,26.59,4795,0.966,1076,-444,-13636,96,350,112,0,0,0
105349,26.15,26.59,3922,0.79,1076,-444,-13636,96,350,112,0,0,0
105355,26.15,26.59,1376,0.277,888,-512,-13652,115,322,101,0,0,0
105451,26.15,26.59,1940,0.391,888,-512,-13652,115,322,101,0,0,0
105471,26.15,26.59,1855,0.374,1056,-528,-13524,86,317,100,0,0,0
105474,26.15,26.59,2493,0.502,1056,-528,-13524,86,317,100,0,0,0
105480,26.15,26.59,2333,0.47,1096,-428,-13548,116,324,97,0,0,0
105485,26.15,26.59,2859,0.576,1052,-464,-13412,94,344,106,0,0,0
105489,26.15,26.59,2707,0.545,956,-368,-13628,104,354,91,0,0,0
105494,26.15,26.59,5104,1.028,992,-488,-13564,112,340,90,0,0,0
105499,26.15,26.59,5613,1.131,992,-488,-13564,112,340,90,0,0,0
105505,26.15,26.59,5538,1.116,1156,-452,-13412,125,353,115,0,0,0
105510,26.15,26.59,5775,1.163,1060,-424,-13524,88,349,103,0,0,0
105515,26.15,26.59,9911,1.996,1052,-520,-13420,113,328,84,0,0,0
105519,26.15,26.59,4730,0.953,1040,-496,-13488,84,346,87,0,0,0
105596,26.15,26.59,3170,0.639,1100,-520,-13464,107,339,102,0,0,0
105600,26.15,26.59,3539,0.713,1056,-388,-13572,90,320,96,0,0,0
105604,26.15,26.59,8356,1.683,1088,-496,-13576,97,351,109,0,0,0
105609,26.15,26.59,2308,0.465,1128,-388,-13732,107,327,109,0,0,0
105614,26.15,26.59,7267,1.464,1128,-388,-13732,107,327,109,0,0,0
105619,26.15,26.59,5826,1.174,972,-380,-13684,108,340,110,0,0,0
105717,26.15,26.59,4722,0.951,1136,-420,-13476,102,330,76,0,0,0
105720,26.15,26.59,1926,0.388,976,-520,-13532,93,328,116,0,0,0
105725,26.15,26.59,9082,1.829,1040,-456,-13704,119,342,72,0,0,0
105730,26.17,26.55,8123,1.636,1116,-400,-13632,107,354,99,0,0,0
105734,26.17,26.55,10075,2.029,1120,-428,-13644,83,329,111,0,0,0
105739,26.17,26.55,4539,0.914,996,-448,-13520,76,326,102,0,0,0
105744,26.17,26.55,7293,1.469,996,-448,-13520,76,326,102,0,0,0
105749,26.17,26.55,3485,0.702,1112,-440,-13680,128,314,95,0,0,0
105755,26.17,26.55,2476,0.499,1040,-352,-13592,80,323,121,0,0,0
105760,26.17,26.55,5937,1.196,1032,-364,-13460,89,347,104,0,0,0
105764,26.17,26.55,3894,0.784,1076,-360,-13592,99,321,104,0,0,0
105769,26.17,26.55,5565,1.121,1076,-400,-13576,104,323,98,0,0,0
105774,26.17,26.55,6219,1.253,1076,-400,-13576,104,323,98,0,0,0
105780,26.17,26.55,3302,0.665,1228,-400,-13528,102,323,112,0,0,0
105856,26.17,26.55,694,0.14,988,-376,-13544,91,339,87,0,0,0
105859,26.17,26.55,5472,1.102,988,-376,-13544,91,339,87,0,0,0
105864,26.17,26.55,8038,1.619,1064,-484,-13588,105,328,91,0,0,0
105988,26.17,26.55,7209,1.452,1008,-456,-13548,120,312,101,0,0,0
106003,26.17,26.55,6699,1.349,1024,-548,-13820,97,362,91,0,0,0
106004,26.17,26.55,4,0.001,1140,-484,-13488,105,340,105,0,0,0
106009,26.17,26.55,10196,2.054,1140,-484,-13488,105,340,105,0,0,0
106014,26.17,26.55,6330,1.275,1072,-508,-13584,97,319,114,0,0,0
106020,26.17,26.55,6216,1.252,1144,-340,-13468,94,328,106,0,0,0
106025,26.17,26.55,11642,2.345,1160,-452,-13556,91,332,109,0,0,0
106030,26.17,26.55,8481,1.708,1076,-412,-13452,81,354,110,0,0,0
106034,26.17,26.55,10890,2.194,1060,-488,-13524,109,324,92,0,0,0
106039,26.17,26.55,12195,2.456,1060,-488,-13524,109,324,92,0,0,0
106044,26.17,26.55,12196,2.457,1032,-388,-13588,111,360,102,0,0,0
106050,26.17,26.55,12187,2.455,1156,-388,-13568,114,326,114,0,0,0
106055,26.17,26.55,12211,2.46,1152,-476,-13428,112,325,92,0,0,0
106060,26.17,26.55,12187,2.455,1200,-504,-13692,88,317,101,0,0,0
106064,26.17,26.55,12190,2.455,1080,-292,-13488,94,362,90,0,0,0
106069,26.17,26.55,12158,2.449,1080,-292,-13488,94,362,90,0,0,0
106074,26.17,26.55,12138,2.445,1044,-504,-13524,108,363,112,0,0,0
106150,26.17,26.55,5718,1.152,1112,-416,-13596,127,282,101,0,0,0
106249,26.15,26.61,10974,2.21,1080,-380,-13672,100,342,110,0,0,0
106254,26.15,26.61,12149,2.447,1120,-324,-13584,83,319,81,0,0,0
106259,26.15,26.61,12207,2.459,1132,-444,-13556,91,319,116,0,0,0
106264,26.15,26.61,12207,2.459,988,-368,-13536,94,325,100,0,0,0
106270,26.15,26.61,12175,2.452,1008,-344,-13524,91,325,95,0,0,0
106275,26.15,26.61,12179,2.453,1092,-496,-13452,115,334,91,0,0,0
106280,26.15,26.61,12221,2.462,1108,-288,-13424,102,326,75,0,0,0
106284,26.15,26.61,12198,2.457,1108,-288,-13424,102,326,75,0,0,0
106289,26.15,26.61,12184,2.454,1032,-348,-13496,98,331,99,0,0,0
106294,26.15,26.61,12186,2.455,1060,-424,-13584,107,319,98,0,0,0
106300,26.15,26.61,12197,2.457,1056,-512,-13356,112,354,94,0,0,0
106305,26.15,26.61,12207,2.459,1044,-460,-13700,105,329,89,0,0,0
106309,26.15,26.61,11498,2.316,996,-444,-13672,127,348,104,0,0,0
106314,26.15,26.61,6357,1.28,996,-444,-13672,127,348,104,0,0,0
106319,26.15,26.61,10255,2.066,1016,-548,-13596,105,344,88,0,0,0
106324,26.15,26.61,6209,1.251,1016,-308,-13516,108,341,94,0,0,0
106421,26.15,26.61,6107,1.23,1128,-312,-13548,148,368,106,0,0,0
106425,26.15,26.61,12157,2.449,1184,-468,-13488,111,275,100,0,0,0
106435,26.15,26.61,7427,1.496,1144,-344,-13708,76,381,139,0,0,0
106513,26.15,26.61,1968,0.396,1136,-444,-13596,126,365,97,0,0,0
106515,26.15,26.61,4506,0.908,944,-332,-13596,60,321,85,0,0,0
106520,26.15,26.61,8017,1.615,1112,-516,-13572,151,342,88,0,0,0
106525,26.15,26.61,9406,1.895,1128,-312,-13568,96,330,89,0,0,0
106529,26.15,26.61,7537,1.518,1128,-312,-13568,96,330,89,0,0,0
106534,26.15,26.61,9780,1.97,984,-432,-13512,53,322,104,0,0,0
106539,26.15,26.61,8971,1.807,1044,-568,-13636,115,361,103,0,0,0
106544,26.15,26.61,10488,2.113,1052,-388,-13432,89,317,92,0,0,0
106550,26.15,26.61,11129,2.242,1064,-228,-13476,106,345,97,0,0,0
106555,26.15,26.61,10912,2.198,908,-460,-13476,110,297,81,0,0,0
106559,26.15,26.61,11430,2.302,908,-460,-13476,110,297,81,0,0,0
106564,26.15,26.61,9421,1.898,1280,-356,-13464,106,346,112,0,0,0
106569,26.15,26.61,8749,1.762,872,-400,-13624,54,322,104,0,0,0
106575,26.15,26.61,7685,1.548,1096,-456,-13420,120,328,113,0,0,0
106580,26.15,26.61,8510,1.714,1148,-420,-13544,90,322,118,0,0,0
106680,26.15,26.61,10329,2.081,984,-524,-13604,114,350,102,0,0,0
106685,26.17,26.65,12197,2.457,992,-416,-13576,88,353,104,0,0,0
106689,26.17,26.65,12156,2.449,992,-416,-13576,88,353,104,0,0,0
106694,26.17,26.65,9537,1.921,1100,-396,-13516,121,338,92,0,0,0
106699,26.17,26.65,12218,2.461,1072,-496,-13512,118,328,87,0,0,0
106775,26.17,26.65,12167,2.451,1164,-436,-13308,99,336,85,0,0,0
106780,26.17,26.65,12206,2.459,1116,-492,-13544,89,343,98,0,0,0
106785,26.17,26.65,12168,2.451,1116,-492,-13544,89,343,98,0,0,0
106789,26.17,26.65,8219,1.656,1072,-464,-13712,100,366,95,0,0,0
106794,26.17,26.65,9245,1.862,1056,-516,-13752,113,334,89,0,0,0
106799,26.17,26.65,7894,1.59,1044,-424,-13616,76,321,87,0,0,0
106805,26.17,26.65,12147,2.447,936,-464,-13448,95,337,92,0,0,0
106810,26.17,26.65,12190,2.455,1160,-408,-13564,107,325,115,0,0,0
106814,26.17,26.65,9946,2.003,1160,-408,-13564,107,325,115,0,0,0
106819,26.17,26.65,12202,2.458,1052,-440,-13516,88,326,111,0,0,0
106824,26.17,26.65,12205,2.458,1068,-448,-13592,94,323,84,0,0,0
106829,26.17,26.65,12178,2.453,1128,-524,-13500,91,341,109,0,0,0
106926,26.17,26.65,12169,2.451,1012,-524,-13572,86,336,117,0,0,0
106943,26.17,26.65,4,0.001,1112,-380,-13632,116,355,108,0,0,0
106944,26.17,26.65,11929,2.403,1112,-380,-13632,116,355,108,0,0,0
106949,26.17,26.65,12159,2.449,1144,-512,-13684,122,353,112,0,0,0
106954,26.17,26.65,12158,2.449,1064,-436,-13612,116,337,99,0,0,0
106960,26.17,26.65,10061,2.027,1088,-580,-13656,105,347,108,0,0,0
106983,26.17,26.65,5295,1.067,1108,-428,-13708,94,332,107,0,0,0
106985,26.17,26.65,4706,0.948,1108,-428,-13708,94,332,107,0,0,0
107065,26.17,26.65,612,0.123,1072,-328,-13612,109,335,114,0,0,0
107070,26.17,26.65,3584,0.722,936,-472,-13692,98,325,113,0,0,0
107075,26.17,26.65,8647,1.742,936,-472,-13692,98,325,113,0,0,0
107079,26.17,26.65,12182,2.454,1080,-532,-13544,102,328,90,0,0,0
107084,26.17,26.65,11976,2.412,1072,-420,-13632,78,332,105,0,0,0
107089,26.17,26.65,8324,1.677,1132,-432,-13692,90,339,87,0,0,0
107095,26.17,26.65,12151,2.448,1148,-448,-13536,106,335,112,0,0,0
107100,26.17,26.65,8052,1.622,1060,-440,-13548,84,319,98,0,0,0
107105,26.17,26.65,7474,1.505,1060,-440,-13548,84,319,98,0,0,0
107109,26.17,26.65,7774,1.566,1020,-428,-13592,75,328,95,0,0,0
107114,26.17,26.65,11672,2.351,1168,-432,-13560,69,328,92,0,0,0
107212,26.17,26.71,11791,2.375,1120,-500,-13652,104,343,106,0,0,0
107215,26.17,26.71,6209,1.251,1104,-396,-13524,103,279,101,0,0,0
107220,26.17,26.71,6883,1.386,1104,-396,-13524,103,279,101,0,0,0
107224,26.17,26.71,8758,1.764,1080,-404,-13528,57,344,100,0,0,0
107229,26.17,26.71,5422,1.092,996,-364,-13588,87,353,91,0,0,0
107234,26.17,26.71,9932,2.001,1092,-400,-13616,99,365,96,0,0,0
107240,26.17,26.71,11658,2.348,1000,-436,-13400,97,326,84,0,0,0
107245,26.17,26.71,5379,1.083,1000,-436,-13400,97,326,84,0,0,0
107250,26.17,26.71,12197,2.457,1064,-536,-13608,81,306,124,0,0,0
107325,26.17,26.71,9978,2.01,1140,-468,-13608,94,336,74,0,0,0
107329,26.17,26.71,2720,0.548,1140,-468,-13608,94,336,74,0,0,0
107334,26.17,26.71,10042,2.023,1040,-320,-13648,96,336,96,0,0,0
107339,26.17,26.71,4471,0.901,1080,-568,-13540,110,310,114,0,0,0
107345,26.17,26.71,7014,1.413,1120,-404,-13524,90,326,102,0,0,0
107350,26.17,26.71,12207,2.459,1120,-404,-13524,90,326,102,0,0,0
107354,26.17,26.71,10573,2.13,1008,-404,-13508,91,322,101,0,0,0
107359,26.17,26.71,11416,2.3,964,-352,-13464,93,341,114,0,0,0
107458,26.17,26.71,9734,1.961,1020,-328,-13452,107,306,91,0,0,0
107479,26.17,26.71,1721,0.347,1136,-396,-13616,83,340,99,0,0,0
107484,26.17,26.71,10605,2.136,1056,-420,-13400,82,352,105,0,0,0
107490,26.17,26.71,12183,2.454,996,-424,-13392,96,341,94,0,0,0
107495,26.17,26.71,10679,2.151,996,-424,-13392,96,341,94,0,0,0
107500,26.17,26.71,9914,1.997,1064,-364,-13444,80,316,100,0,0,0
107504,26.17,26.71,1968,0.396,984,-412,-13668,83,336,96,0,0,0
107509,26.17,26.71,3910,0.788,1008,-388,-13672,126,341,105,0,0,0
107514,26.17,26.71,7363,1.483,1168,-408,-13620,86,326,97,0,0,0
107520,26.17,26.71,6051,1.219,1104,-412,-13560,96,362,92,0,0,0
107525,26.17,26.71,3848,0.775,1104,-412,-13560,96,362,92,0,0,0
107530,26.17,26.71,7115,1.433,1088,-448,-13612,95,338,97,0,0,0
107605,26.17,26.71,253,0.051,1100,-416,-13532,122,347,94,0,0,0
107610,26.17,26.71,5957,1.2,1160,-404,-13492,101,335,92,0,0,0
107615,26.17,26.71,8145,1.641,1048,-488,-13572,89,325,104,0,0,0
107619,26.17,26.71,6635,1.336,1100,-452,-13528,89,380,96,0,0,0
107624,26.17,26.71,7083,1.427,1016,-468,-13568,103,351,118,0,0,0
107723,26.17,26.71,3595,0.724,1064,-372,-13516,84,312,95,0,0,0
107724,26.17,26.71,2370,0.477,1064,-372,-13516,84,312,95,0,0,0
107729,26.17,26.71,9013,1.815,1016,-496,-13476,83,346,109,0,0,0
107734,26.17,26.71,6997,1.409,1088,-452,-13580,89,341,100,0,0,0
107739,26.17,26.71,5775,1.163,1092,-356,-13648,118,339,78,0,0,0
107745,26.17,26.65,7527,1.516,1196,-424,-13612,106,337,101,0,0,0
107750,26.17,26.65,8693,1.751,1168,-404,-13396,111,309,107,0,0,0
107755,26.17,26.65,10259,2.066,1160,-380,-13584,75,334,94,0,0,0
107759,26.17,26.65,3607,0.727,1012,-528,-13656,107,355,106,0,0,0
107764,26.17,26.65,5910,1.19,1048,-500,-13620,99,343,106,0,0,0
107769,26.17,26.65,4007,0.807,984,-380,-13612,114,327,111,0,0,0
107775,26.17,26.65,7023,1.415,1088,-292,-13460,101,310,116,0,0,0
107780,26.17,26.65,8084,1.628,1100,-496,-13564,100,329,110,0,0,0
107785,26.17,26.65,2814,0.567,1032,-476,-13648,75,338,99,0,0,0
107789,26.17,26.65,3659,0.737,1068,-404,-13460,109,354,106,0,0,0
107866,26.17,26.65,2433,0.49,1100,-380,-13464,88,331,106,0,0,0
107870,26.17,26.65,6332,1.275,1100,-380,-13464,88,331,106,0,0,0
107874,26.17,26.65,8460,1.704,1076,-404,-13496,108,339,83,0,0,0
107995,26.17,26.65,3869,0.779,1032,-492,-13496,99,325,93,0,0,0
108016,26.17,26.65,959,0.193,1092,-416,-13572,92,341,95,0,0,0
108019,26.17,26.65,3350,0.675,1092,-416,-13572,92,341,95,0,0,0
108024,26.17,26.65,4350,0.876,1124,-380,-13384,99,338,101,0,0,0
108029,26.17,26.65,5996,1.208,1012,-476,-13616,99,359,99,0,0,0
108035,26.17,26.65,3727,0.751,1056,-424,-13664,107,341,74,0,0,0
108040,26.17,26.65,8334,1.679,1164,-560,-13496,104,328,111,0,0,0
108044,26.17,26.65,9777,1.969,1028,-380,-13536,106,348,106,0,0,0
108049,26.17,26.65,1332,0.268,1064,-452,-13508,99,321,113,0,0,0
108054,26.17,26.65,2180,0.439,1092,-448,-13572,117,343,105,0,0,0
108060,26.17,26.65,4551,0.917,1064,-440,-13556,104,321,101,0,0,0
108065,26.17,26.65,2673,0.538,1116,-448,-13508,95,343,107,0,0,0
108070,26.17,26.65,9936,2.001,1048,-356,-13504,108,324,96,0,0,0
108074,26.17,26.65,8434,1.699,1068,-416,-13396,96,337,103,0,0,0
108079,26.17,26.65,6705,1.351,1044,-484,-13616,99,329,114,0,0,0
108084,26.17,26.65,7258,1.462,1132,-420,-13508,100,353,107,0,0,0
108090,26.17,26.65,8696,1.752,1176,-528,-13572,108,343,101,0,0,0
108266,26.21,26.65,1684,0.339,1120,-560,-13440,106,313,83,0,0,0
108270,26.21,26.65,4150,0.836,1120,-560,-13440,106,313,83,0,0,0
108274,26.21,26.65,10820,2.179,1088,-504,-13544,98,333,99,0,0,0
108279,26.21,26.65,8745,1.761,1064,-472,-13404,85,326,117,0,0,0
108284,26.21,26.65,5393,1.086,1076,-408,-13556,119,348,90,0,0,0
108290,26.21,26.65,7895,1.59,1044,-396,-13584,91,350,88,0,0,0
108295,26.21,26.65,2041,0.411,964,-348,-13464,90,358,95,0,0,0
108300,26.21,26.65,8267,1.665,1096,-388,-13656,111,323,100,0,0,0
108304,26.21,26.65,8164,1.644,1112,-368,-13592,104,347,108,0,0,0
108309,26.21,26.65,4253,0.857,1100,-440,-13592,96,328,117,0,0,0
108314,26.21,26.65,4082,0.822,1144,-408,-13520,110,324,115,0,0,0
108320,26.21,26.65,7942,1.6,1092,-468,-13576,94,342,107,0,0,0
108325,26.21,26.65,4464,0.899,1096,-496,-13504,111,328,115,0,0,0
108330,26.21,26.65,5445,1.097,1056,-400,-13504,116,325,110,0,0,0
108334,26.21,26.65,3714,0.748,1036,-464,-13556,83,324,105,0,0,0
108339,26.21,26.65,4215,0.849,1128,-412,-13504,83,319,78,0,0,0
108437,26.21,26.65,5512,1.11,1044,-456,-13612,116,341,105,0,0,0
108465,26.21,26.65,2168,0.437,1088,-480,-13484,111,337,91,0,0,0
108470,26.21,26.65,7272,1.465,1100,-392,-13472,82,342,97,0,0,0
108475,26.21,26.65,4064,0.819,1000,-444,-13604,99,351,101,0,0,0
108551,26.21,26.65,5667,1.141,1084,-456,-13512,100,337,90,0,0,0
108555,26.21,26.65,8935,1.8,1084,-456,-13512,100,337,90,0,0,0
108560,26.21,26.65,6827,1.375,1008,-364,-13620,99,331,102,0,0,0
108564,26.21,26.65,7708,1.553,1076,-400,-13440,100,321,85,0,0,0
108569,26.21,26.65,4558,0.918,1076,-432,-13556,94,311,95,0,0,0
108574,26.21,26.65,6136,1.236,948,-388,-13496,120,317,101,0,0,0
108580,26.21,26.65,5822,1.173,1120,-368,-13428,93,355,102,0,0,0
108585,26.21,26.65,4331,0.872,1016,-368,-13580,108,331,114,0,0,0
108590,26.21,26.65,5124,1.032,1048,-428,-13524,83,364,84,0,0,0
108594,26.21,26.65,6018,1.212,1000,-436,-13588,105,349,88,0,0,0
108599,26.21,26.65,8016,1.615,1000,-432,-13564,117,330,100,0,0,0
108604,26.21,26.65,6273,1.264,1088,-448,-13592,88,336,93,0,0,0
108610,26.21,26.65,7825,1.576,1092,-508,-13604,99,327,79,0,0,0
108615,26.21,26.65,12174,2.452,1048,-488,-13568,110,333,98,0,0,0
108710,26.21,26.65,4299,0.866,1068,-476,-13664,107,351,95,0,0,0
108714,26.21,26.65,2275,0.458,1068,-476,-13664,107,351,95,0,0,0
108719,26.19,26.59,3684,0.742,1064,-568,-13548,124,324,86,0,0,0
108724,26.19,26.59,6725,1.355,1132,-344,-13556,98,334,105,0,0,0
108730,26.19,26.59,4961,0.999,1064,-440,-13768,88,335,108,0,0,0
108735,26.19,26.59,5353,1.078,1168,-368,-13640,121,322,125,0,0,0
108817,26.19,26.59,2278,0.459,1044,-412,-13624,79,335,115,0,0,0
108819,26.19,26.59,3019,0.608,1044,-412,-13624,79,335,115,0,0,0
108824,26.19,26.59,3758,0.757,1016,-476,-13620,71,354,97,0,0,0
108829,26.19,26.59,2523,0.508,1112,-416,-13608,103,330,103,0,0,0
108835,26.19,26.59,3288,0.662,1012,-492,-13668,104,333,102,0,0,0
108840,26.19,26.59,6414,1.292,1184,-440,-13600,93,325,91,0,0,0
108845,26.19,26.59,3952,0.796,1112,-416,-13476,83,336,107,0,0,0
108849,26.19,26.59,9856,1.985,1044,-408,-13568,96,347,86,0,0,0
108854,26.19,26.59,4536,0.914,1132,-492,-13576,113,325,100,0,0,0
108859,26.19,26.59,2165,0.436,1064,-388,-13416,104,339,101,0,0,0
108865,26.19,26.59,4140,0.834,1000,-476,-13588,92,336,95,0,0,0
108963,26.19,26.59,3687,0.743,1048,-400,-13576,98,356,105,0,0,0
109008,26.19,26.59,1584,0.319,1108,-436,-13588,99,328,88,0,0,0
109009,26.19,26.59,305,0.061,1108,-436,-13588,99,328,88,0,0,0
109014,26.19,26.59,4555,0.918,1068,-576,-13416,116,348,94,0,0,0
109019,26.19,26.59,4808,0.968,1060,-388,-13688,99,337,109,0,0,0
109025,26.19,26.59,4604,0.927,960,-440,-13552,85,355,96,0,0,0
109030,26.19,26.59,3927,0.791,1064,-416,-13520,110,351,96,0,0,0
109035,26.19,26.59,4298,0.866,1080,-372,-13516,72,342,89,0,0,0
109039,26.19,26.59,6141,1.237,1080,-420,-13672,72,345,72,0,0,0
109115,26.19,26.59,6109,1.231,1016,-392,-13664,105,325,88,0,0,0
109119,26.19,26.59,10416,2.098,1116,-392,-13580,104,322,106,0,0,0
109125,26.19,26.59,7484,1.507,1056,-312,-13528,103,321,107,0,0,0
109130,26.19,26.59,11899,2.397,1112,-488,-13532,121,345,104,0,0,0
109135,26.19,26.59,12174,2.452,1012,-392,-13520,94,324,86,0,0,0
109139,26.19,26.59,9105,1.834,1024,-480,-13480,101,333,94,0,0,0
109144,26.19,26.59,10330,2.081,948,-360,-13516,88,307,90,0,0,0
109149,26.19,26.59,12170,2.451,1000,-468,-13620,111,333,122,0,0,0
109155,26.19,26.59,10925,2.201,1028,-516,-13600,101,335,88,0,0,0
109252,26.19,26.65,7098,1.43,1092,-540,-13560,97,316,106,0,0,0
109255,26.19,26.65,6592,1.328,1092,-540,-13560,97,316,106,0,0,0
109260,26.19,26.65,7854,1.582,1064,-392,-13536,115,320,107,0,0,0
109265,26.19,26.65,11647,2.346,1100,-484,-13692,118,347,107,0,0,0
109269,26.19,26.65,9921,1.998,1052,-400,-13468,79,341,83,0,0,0
109274,26.19,26.65,12162,2.45,1016,-432,-13564,111,341,112,0,0,0
109279,26.19,26.65,12177,2.453,1076,-360,-13584,113,345,102,0,0,0
109285,26.19,26.65,9404,1.894,1080,-384,-13592,107,332,95,0,0,0
109290,26.19,26.65,6919,1.394,1060,-408,-13392,103,360,101,0,0,0
109295,26.19,26.65,5989,1.206,1064,-416,-13536,92,338,116,0,0,0
109299,26.19,26.65,5224,1.052,956,-444,-13552,91,342,98,0,0,0
109376,26.19,26.65,5128,1.033,1052,-460,-13572,92,340,79,0,0,0
109379,26.19,26.65,4646,0.936,1052,-460,-13572,92,340,79,0,0,0
109384,26.19,26.65,7669,1.545,1020,-524,-13548,106,328,98,0,0,0
109389,26.19,26.65,7168,1.444,1000,-548,-13544,102,333,108,0,0,0
109395,26.19,26.65,9754,1.965,1096,-432,-13648,108,320,93,0,0,0
109400,26.19,26.65,10942,2.204,1140,-436,-13456,123,331,107,0,0,0
109497,26.19,26.65,10094,2.033,996,-404,-13632,87,302,94,0,0,0
109514,26.19,26.65,6592,1.328,1180,-484,-13672,97,347,88,0,0,0
109519,26.19,26.65,11547,2.326,1024,-420,-13448,92,327,98,0,0,0
109524,26.19,26.65,5543,1.117,1064,-436,-13668,88,317,98,0,0,0
109529,26.19,26.65,11658,2.348,1160,-416,-13592,87,350,110,0,0,0
109535,26.19,26.65,5069,1.021,1040,-476,-13692,88,318,96,0,0,0
109540,26.19,26.65,6677,1.345,1140,-384,-13552,97,364,93,0,0,0
109544,26.19,26.65,12130,2.443,1060,-400,-13456,111,325,99,0,0,0
109549,26.19,26.65,6311,1.271,1012,-480,-13600,92,330,101,0,0,0
109554,26.19,26.65,11046,2.225,1044,-440,-13544,125,322,87,0,0,0
109559,26.19,26.65,4463,0.899,1172,-448,-13520,107,341,106,0,0,0
109565,26.19,26.65,11561,2.329,1124,-448,-13576,92,346,117,0,0,0
109570,26.19,26.65,9910,1.996,1140,-464,-13656,102,348,90,0,0,0
109574,26.19,26.65,8483,1.709,1108,-544,-13424,98,322,111,0,0,0
109650,26.19,26.65,7836,1.578,1140,-484,-13508,85,354,74,0,0,0
109654,26.19,26.65,6618,1.333,1052,-448,-13488,90,341,93,0,0,0
109659,26.19,26.65,10693,2.154,1132,-424,-13472,96,340,88,0,0,0
109759,26.19,26.65,10694,2.154,1132,-516,-13516,95,352,92,0,0,0
109764,26.19,26.65,12160,2.449,1120,-408,-13368,92,333,81,0,0,0
109769,26.19,26.65,12218,2.461,1140,-460,-13588,102,354,92,0,0,0
109775,26.19,26.65,10421,2.099,1064,-424,-13660,88,326,97,0,0,0
109780,26.19,26.65,12189,2.455,1068,-360,-13532,107,337,93,0,0,0
109784,26.19,26.65,10087,2.032,1008,-476,-13492,85,341,101,0,0,0
109789,26.19,26.65,7884,1.588,1092,-484,-13508,92,343,93,0,0,0
109794,26.19,26.65,4653,0.937,1056,-432,-13536,92,334,97,0,0,0
109800,26.19,26.65,6080,1.225,1072,-308,-13492,116,359,97,0,0,0
109805,26.19,26.65,4957,0.998,1176,-468,-13624,103,307,90,0,0,0
109810,26.19,26.65,6762,1.362,1032,-324,-13532,102,336,128,0,0,0
109814,26.19,26.65,6387,1.287,1168,-364,-13504,104,327,90,0,0,0
109819,26.19,26.65,4946,0.996,1088,-320,-13576,98,351,99,0,0,0
109824,26.19,26.65,4076,0.821,1064,-456,-13464,88,340,101,0,0,0
109830,26.19,26.65,6573,1.324,1096,-448,-13552,107,320,100,0,0,0
109835,26.19,26.65,2996,0.603,1008,-492,-13528,121,344,120,0,0,0
109931,26.19,26.65,3110,0.626,1008,-492,-13528,121,344,120,0,0,0
110048,26.19,26.65,1840,0.371,1168,-420,-13516,109,331,98,0,0,0
110050,26.19,26.65,8093,1.63,1168,-420,-13516,109,331,98,0,0,0
110055,26.19,26.65,7388,1.488,1000,-584,-13520,88,332,103,0,0,0
110060,26.19,26.65,3884,0.782,1100,-336,-13652,106,342,112,0,0,0
110065,26.19,26.65,12151,2.448,1064,-528,-13516,117,326,78,0,0,0
110069,26.19,26.65,12190,2.455,1092,-504,-13384,82,346,103,0,0,0
110074,26.19,26.65,11724,2.362,1044,-352,-13712,82,342,86,0,0,0
110079,26.19,26.65,12212,2.46,1084,-436,-13632,117,328,95,0,0,0
110085,26.19,26.65,11601,2.337,1096,-336,-13396,109,316,75,0,0,0
110090,26.19,26.65,12103,2.438,1084,-444,-13572,103,316,95,0,0,0
110095,26.19,26.65,3788,0.763,1084,-444,-13648,91,352,93,0,0,0
110099,26.19,26.65,11018,2.219,968,-420,-13576,91,323,86,0,0,0
110104,26.19,26.65,12193,2.456,1080,-448,-13544,121,337,93,0,0,0
110109,26.19,26.65,11320,2.28,1072,-368,-13444,107,323,100,0,0,0
110115,26.19,26.65,12194,2.456,1116,-448,-13432,80,344,86,0,0,0
110120,26.19,26.65,10566,2.128,1100,-484,-13676,76,328,113,0,0,0
110218,26.19,26.65,8363,1.685,1028,-456,-13472,79,345,90,0,0,0
110220,26.19,26.65,9965,2.007,1028,-456,-13472,79,345,90,0,0,0
110225,26.19,26.65,12175,2.452,1020,-448,-13376,132,352,94,0,0,0
110230,26.19,26.65,12191,2.456,1040,-532,-13512,102,350,91,0,0,0
110306,26.19,26.59,7540,1.519,1008,-388,-13396,122,319,100,0,0,0
110309,26.19,26.59,3470,0.699,1020,-452,-13652,67,342,95,0,0,0
110314,26.19,26.59,10089,2.032,1040,-436,-13644,100,347,117,0,0,0
110319,26.19,26.59,4573,0.921,1120,-380,-13524,108,332,85,0,0,0
110325,26.19,26.59,6483,1.306,1112,-412,-13532,79,324,94,0,0,0
110330,26.19,26.59,6855,1.381,1084,-400,-13520,94,329,104,0,0,0
110335,26.19,26.59,4670,0.941,956,-392,-13552,105,365,87,0,0,0
110339,26.19,26.59,3508,0.707,1060,-388,-13460,111,311,114,0,0,0
110344,26.19,26.59,5853,1.179,1128,-376,-13536,117,345,119,0,0,0
110349,26.19,26.59,3793,0.764,1088,-428,-13488,74,336,84,0,0,0
110355,26.19,26.59,5512,1.11,988,-420,-13552,111,337,73,0,0,0
110360,26.19,26.59,5313,1.07,1124,-516,-13532,117,338,82,0,0,0
110365,26.19,26.59,3927,0.791,1124,-424,-13536,86,320,90,0,0,0
110369,26.19,26.59,4733,0.953,1048,-340,-13720,111,329,98,0,0,0
110465,26.19,26.59,1599,0.322,1048,-340,-13720,111,329,98,0,0,0
110486,26.19,26.59,1336,0.269,996,-452,-13576,106,334,113,0,0,0
110490,26.19,26.59,6068,1.222,1056,-384,-13688,100,320,96,0,0,0
110494,26.19,26.59,10028,2.02,1160,-408,-13488,86,324,108,0,0,0
110499,26.19,26.59,8637,1.74,1016,-428,-13560,89,306,106,0,0,0
110504,26.19,26.59,12160,2.449,1100,-380,-13600,97,327,99,0,0,0
110580,26.19,26.59,1277,0.257,1064,-548,-13616,82,334,103,0,0,0
110584,26.19,26.59,5620,1.132,1132,-476,-13564,135,362,110,0,0,0
110590,26.19,26.59,8620,1.736,1024,-424,-13580,124,316,115,0,0,0
110595,26.19,26.59,9549,1.923,1032,-500,-13544,109,323,101,0,0,0
110599,26.19,26.59,7759,1.563,1116,-352,-13528,91,378,91,0,0,0
110604,26.19,26.59,3572,0.72,968,-432,-13664,100,327,88,0,0,0
110609,26.19,26.59,4849,0.977,1052,-532,-13500,101,356,95,0,0,0
110615,26.19,26.59,6081,1.225,988,-352,-13432,82,337,102,0,0,0
110620,26.19,26.59,5139,1.035,1092,-548,-13548,71,339,88,0,0,0
110625,26.19,26.59,8765,1.766,1120,-456,-13588,99,366,110,0,0,0
110629,26.19,26.59,4629,0.932,988,-436,-13716,105,306,104,0,0,0
110634,26.19,26.59,6387,1.287,1192,-384,-13412,112,355,100,0,0,0
110731,26.19,26.53,3527,0.71,1144,-472,-13544,114,332,97,0,0,0
110735,26.19,26.53,11081,2.232,1116,-456,-13280,121,311,95,0,0,0
110740,26.19,26.53,9986,2.011,1052,-388,-13524,103,334,108,0,0,0
110744,26.19,26.53,12183,2.454,1064,-408,-13492,92,309,72,0,0,0
110749,26.19,26.53,9672,1.948,1108,-456,-13588,90,357,104,0,0,0
110754,26.19,26.53,10419,2.099,1004,-352,-13476,120,351,102,0,0,0
110760,26.19,26.53,12204,2.458,1120,-440,-13328,120,318,88,0,0,0
110765,26.19,26.53,12198,2.457,1016,-420,-13464,85,296,117,0,0,0
110841,26.19,26.53,1855,0.374,1160,-356,-13436,107,331,77,0,0,0
110845,26.19,26.53,1573,0.317,1088,-424,-13464,102,361,90,0,0,0
110850,26.19,26.53,2484,0.5,1124,-380,-13360,82,351,93,0,0,0
110855,26.19,26.53,6307,1.27,992,-284,-13548,114,315,103,0,0,0
110859,26.19,26.53,8838,1.78,1172,-484,-13516,89,317,98,0,0,0
110864,26.19,26.53,5831,1.175,1072,-512,-13612,96,363,95,0,0,0
110869,26.19,26.53,8391,1.69,976,-448,-13592,99,346,72,0,0,0
110875,26.19,26.53,7436,1.498,1036,-552,-13476,124,328,89,0,0,0
110880,26.19,26.53,7243,1.459,1008,-400,-13496,84,338,86,0,0,0
110977,26.19,26.53,8491,1.71,1128,-420,-13532,81,343,102,0,0,0
110991,26.19,26.53,5150,1.037,996,-436,-13572,93,320,97,0,0,0
110994,26.19,26.53,3731,0.752,1032,-436,-13392,94,331,120,0,0,0
110999,26.19,26.53,7427,1.496,1104,-488,-13764,90,351,96,0,0,0
111004,26.19,26.53,3971,0.8,1064,-420,-13588,91,347,99,0,0,0
111010,26.19,26.53,5439,1.096,1080,-516,-13564,107,345,108,0,0,0
111015,26.19,26.53,8440,1.7,1000,-484,-13496,96,341,85,0,0,0
111019,26.19,26.53,9233,1.86,1004,-456,-13676,85,328,111,0,0,0
111044,26.19,26.53,6450,1.299,1004,-384,-13404,85,332,97,0,0,0
111045,26.19,26.53,2971,0.598,1004,-384,-13404,85,332,97,0,0,0
111049,26.19,26.53,3955,0.797,1092,-476,-13452,95,327,101,0,0,0
111124,26.19,26.53,8738,1.76,1096,-424,-13636,97,339,106,0,0,0
111129,26.19,26.53,6792,1.368,1016,-432,-13508,92,309,88,0,0,0
111134,26.19,26.53,9072,1.827,1120,-488,-13572,102,310,104,0,0,0
111139,26.19,26.53,12202,2.458,1064,-456,-13580,94,363,100,0,0,0
111145,26.19,26.53,12182,2.454,1048,-436,-13520,92,357,102,0,0,0
111150,26.19,26.53,6709,1.351,1020,-400,-13504,102,322,108,0,0,0
111155,26.19,26.53,12183,2.454,1120,-508,-13644,72,331,120,0,0,0
111159,26.19,26.53,12198,2.457,1060,-492,-13588,106,381,92,0,0,0
111256,26.21,26.53,2475,0.499,1060,-492,-13588,106,381,92,0,0,0
111259,26.21,26.53,4551,0.917,948,-456,-13492,98,339,89,0,0,0
111264,26.21,26.53,6194,1.248,1036,-472,-13616,113,333,106,0,0,0
111269,26.21,26.53,4477,0.902,1064,-360,-13516,94,346,86,0,0,0
111275,26.21,26.53,5265,1.061,1144,-452,-13548,78,337,115,0,0,0
111280,26.21,26.53,5915,1.191,1008,-416,-13640,127,351,89,0,0,0
111285,26.21,26.53,2297,0.463,1020,-388,-13508,92,334,100,0,0,0
111289,26.21,26.53,8181,1.648,1068,-508,-13620,109,346,107,0,0,0
111294,26.21,26.53,8156,1.643,1040,-396,-13520,109,325,75,0,0,0
111299,26.21,26.53,9560,1.926,1036,-496,-13604,108,329,109,0,0,0
111305,26.21,26.53,12166,2.451,1100,-352,-13644,106,332,116,0,0,0
111310,26.21,26.53,7810,1.573,1112,-400,-13424,82,368,100,0,0,0
111386,26.21,26.53,3187,0.642,1080,-512,-13716,152,321,101,0,0,0
111389,26.21,26.53,4691,0.945,1088,-372,-13196,103,324,117,0,0,0
111395,26.21,26.53,7370,1.485,1128,-328,-13796,95,360,114,0,0,0
111400,26.21,26.53,9923,1.999,1044,-432,-13628,85,324,104,0,0,0
111405,26.21,26.53,7125,1.435,952,-448,-13616,103,328,105,0,0,0
111503,26.21,26.53,4717,0.95,1100,-504,-13776,97,321,96,0,0,0
111517,26.21,26.53,4944,0.996,1000,-476,-13500,86,366,101,0,0,0
111519,26.21,26.53,3821,0.77,1000,-476,-13500,86,366,101,0,0,0
111524,26.21,26.53,4009,0.808,1140,-364,-13632,128,316,109,0,0,0
111530,26.21,26.53,4046,0.815,1016,-448,-13500,104,284,101,0,0,0
111535,26.21,26.53,3297,0.664,1056,-388,-13404,81,336,118,0,0,0
111540,26.21,26.53,3977,0.801,1112,-368,-13504,75,398,97,0,0,0
111544,26.21,26.53,5037,1.015,1076,-424,-13632,101,376,88,0,0,0
111549,26.21,26.53,6087,1.226,1068,-420,-13492,110,331,128,0,0,0
111554,26.21,26.53,6397,1.289,1144,-352,-13628,99,307,107,0,0,0
111560,26.21,26.53,10337,2.082,1096,-456,-13516,107,343,99,0,0,0
111565,26.21,26.53,5183,1.044,1092,-396,-13680,83,361,100,0,0,0
111570,26.21,26.53,4088,0.823,1168,-464,-13780,113,366,82,0,0,0
111574,26.21,26.53,5020,1.011,1044,-524,-13436,104,315,88,0,0,0
111579,26.21,26.53,2888,0.582,1080,-436,-13512,97,332,108,0,0,0
111656,26.21,26.53,297,0.06,1144,-508,-13488,117,335,115,0,0,0
111660,26.21,26.53,5040,1.015,1140,-480,-13472,103,315,97,0,0,0
111664,26.21,26.53,7181,1.446,1004,-504,-13656,94,344,102,0,0,0
111763,26.19,26.53,4978,1.003,984,-480,-13640,97,296,103,0,0,0
111764,26.19,26.53,177,0.036,984,-480,-13640,97,296,103,0,0,0
111769,26.19,26.53,6519,1.313,1048,-400,-13464,105,335,98,0,0,0
111775,26.19,26.53,6535,1.316,1104,-388,-13664,101,376,107,0,0,0
111780,26.19,26.53,7514,1.514,1084,-524,-13440,81,326,123,0,0,0
111785,26.19,26.53,4906,0.988,1004,-468,-13356,107,341,97,0,0,0
111789,26.19,26.53,8142,1.64,1016,-440,-13444,78,354,103,0,0,0
111794,26.19,26.53,12138,2.445,1056,-452,-13664,90,354,101,0,0,0
111799,26.19,26.53,10103,2.035,1144,-520,-13600,120,293,104,0,0,0
111805,26.19,26.53,8420,1.696,1040,-500,-13552,88,326,98,0,0,0
111810,26.19,26.53,5126,1.033,1136,-400,-13348,98,344,95,0,0,0
111814,26.19,26.53,4100,0.826,992,-392,-13488,93,373,94,0,0,0
111819,26.19,26.53,12064,2.43,1100,-384,-13668,105,334,114,0,0,0
111824,26.19,26.53,10434,2.102,1100,-476,-13624,110,325,105,0,0,0
111829,26.19,26.53,12183,2.454,1076,-488,-13480,93,342,104,0,0,0
111835,26.19,26.53,7913,1.594,1112,-532,-13672,118,357,110,0,0,0
111934,26.19,26.53,8962,1.805,1092,-464,-13624,105,373,98,0,0,0
112052,26.19,26.53,7820,1.575,1124,-460,-13588,92,327,103,0,0,0
112055,26.19,26.53,5251,1.058,1124,-460,-13588,92,327,103,0,0,0
112060,26.19,26.53,7251,1.461,1088,-432,-13524,135,329,88,0,0,0
112065,26.19,26.53,5957,1.2,1036,-508,-13660,99,293,113,0,0,0
112070,26.19,26.53,11101,2.236,1036,-464,-13556,101,336,97,0,0,0
112074,26.19,26.53,7636,1.538,1040,-572,-13696,89,345,92,0,0,0
112079,26.19,26.53,12090,2.435,1160,-472,-13516,114,336,98,0,0,0
112084,26.19,26.53,9766,1.967,1092,-352,-13732,84,359,97,0,0,0
112090,26.19,26.53,9250,1.863,1088,-372,-13696,93,357,99,0,0,0
112095,26.19,26.53,11612,2.339,1136,-352,-13612,114,364,97,0,0,0
112100,26.19,26.53,12202,2.458,1124,-488,-13708,105,317,92,0,0,0
112104,26.19,26.53,11208,2.258,860,-376,-13492,82,299,85,0,0,0
112109,26.19,26.53,7778,1.567,1040,-436,-13584,92,325,102,0,0,0
112114,26.19,26.53,10931,2.202,1188,-484,-13504,80,356,92,0,0,0
112120,26.19,26.53,4743,0.955,1068,-480,-13580,93,331,84,0,0,0
112125,26.19,26.53,10888,2.193,1064,-500,-13664,91,348,73,0,0,0
112222,26.19,26.53,8655,1.743,1040,-472,-13636,109,343,78,0,0,0
112225,26.19,26.53,8600,1.732,1040,-472,-13636,109,343,78,0,0,0
112230,26.19,26.53,10535,2.122,1012,-512,-13524,110,332,67,0,0,0
112235,26.19,26.53,6330,1.275,1020,-480,-13592,108,331,96,0,0,0
112310,26.21,26.61,5413,1.09,996,-556,-13620,91,294,76,0,0,0
112314,26.21,26.61,10133,2.041,1016,-408,-13432,100,326,116,0,0,0
112319,26.21,26.61,5358,1.079,1072,-456,-13584,99,338,113,0,0,0
112325,26.21,26.61,6800,1.37,1072,-412,-13620,106,350,96,0,0,0
112330,26.21,26.61,7552,1.521,1056,-464,-13440,95,325,82,0,0,0
112335,26.21,26.61,6872,1.384,1028,-456,-13712,122,321,104,0,0,0
112339,26.21,26.61,2715,0.547,932,-464,-13428,103,338,89,0,0,0
112344,26.21,26.61,6248,1.259,1088,-468,-13548,86,361,114,0,0,0
112349,26.21,26.61,3894,0.784,1036,-492,-13692,100,338,110,0,0,0
112355,26.21,26.61,3108,0.626,1100,-488,-13556,106,306,95,0,0,0
112360,26.21,26.61,4388,0.884,1124,-452,-13708,96,322,90,0,0,0
112365,26.21,26.61,9722,1.958,1172,-440,-13544,94,342,104,0,0,0
112369,26.21,26.61,8233,1.658,1032,-392,-13476,90,330,89,0,0,0
112468,26.21,26.61,5432,1.094,1104,-432,-13676,98,339,77,0,0,0
112500,26.21,26.61,2389,0.481,1116,-460,-13520,111,317,85,0,0,0
112505,26.21,26.61,5428,1.093,1104,-488,-13456,122,290,87,0,0,0
112509,26.21,26.61,5547,1.117,1044,-416,-13548,75,341,105,0,0,0
112514,26.21,26.61,8634,1.739,984,-460,-13544,90,349,100,0,0,0
112519,26.21,26.61,10974,2.21,1116,-400,-13452,94,343,92,0,0,0
112525,26.21,26.61,6181,1.245,1024,-336,-13508,115,319,99,0,0,0
112601,26.21,26.61,3150,0.634,1000,-524,-13832,80,283,78,0,0,0
112605,26.21,26.61,4585,0.924,1008,-512,-13320,122,394,94,0,0,0
112609,26.21,26.61,3879,0.781,928,-456,-13708,79,340,96,0,0,0
112614,26.21,26.61,7636,1.538,1132,-424,-13284,93,384,97,0,0,0
112619,26.21,26.61,8578,1.728,1072,-492,-13880,83,270,85,0,0,0
112624,26.21,26.61,8568,1.726,1188,-368,-13492,109,350,106,0,0,0
112630,26.21,26.61,3709,0.747,1120,-472,-13904,87,295,95,0,0,0
112635,26.21,26.61,9174,1.848,1100,-392,-13380,127,390,91,0,0,0
112639,26.21,26.61,7213,1.453,1000,-404,-13676,81,290,115,0,0,0
112644,26.21,26.61,7460,1.503,996,-472,-13492,142,295,99,0,0,0
112649,26.21,26.61,8157,1.643,1096,-380,-13448,111,351,113,0,0,0
112745,26.23,26.61,1848,0.372,1096,-380,-13448,111,351,113,0,0,0
112749,26.23,26.61,5854,1.179,1120,-344,-13628,104,359,98,0,0,0
112754,26.23,26.61,8171,1.646,1076,-500,-13680,117,339,88,0,0,0
112759,26.23,26.61,9574,1.928,1152,-424,-13464,98,326,92,0,0,0
112765,26.23,26.61,10699,2.155,1096,-568,-13640,125,339,110,0,0,0
112770,26.23,26.61,7215,1.453,1060,-548,-13424,86,334,80,0,0,0
112774,26.23,26.61,6327,1.274,1060,-476,-13620,116,328,111,0,0,0
112779,26.23,26.61,7303,1.471,996,-456,-13584,91,316,84,0,0,0
112784,26.23,26.61,8269,1.666,1120,-392,-13572,79,329,111,0,0,0
112860,26.23,26.61,2349,0.473,1572,-220,-10136,-400,248,60,0,0,0
112865,26.23,26.61,6039,1.216,180,-372,-15452,175,334,148,0,0,0
112870,26.23,26.61,2353,0.474,1368,-332,-12540,-175,272,101,0,0,0
112874,26.23,26.61,8134,1.638,492,-176,-14924,224,337,103,0,0,0
112879,26.23,26.61,5753,1.159,1184,-200,-12432,159,594,86,0,0,0
112884,26.23,26.61,4912,0.989,1420,-456,-14736,8,-30,97,0,0,0
112890,26.23,26.61,7659,1.543,568,-300,-11436,283,617,140,0,0,0
112895,26.23,26.61,10603,2.136,1488,-596,-15464,-158,-153,98,0,0,0
112991,26.23,26.61,9182,1.85,964,-460,-13664,131,363,102,0,0,0
113005,26.23,26.61,6743,1.358,1256,-436,-13868,90,304,124,0,0,0
113009,26.23,26.61,6764,1.362,1128,-456,-13516,102,289,102,0,0,0
113014,26.23,26.61,7424,1.495,1016,-396,-13676,123,349,106,0,0,0
113019,26.23,26.61,3768,0.759,1064,-468,-13356,74,350,86,0,0,0
113025,26.23,26.61,4635,0.934,1052,-420,-13648,100,373,102,0,0,0
113048,26.23,26.61,4773,0.961,1048,-528,-13576,113,301,100,0,0,0
113049,26.23,26.61,1535,0.309,1048,-528,-13576,113,301,100,0,0,0
113055,26.23,26.61,5428,1.093,992,-364,-13384,124,295,114,0,0,0
113059,26.23,26.61,6128,1.234,1084,-440,-13544,62,353,99,0,0,0
113064,26.23,26.61,8655,1.743,1128,-404,-13656,79,370,107,0,0,0
113069,26.23,26.61,2370,0.477,1164,-424,-13664,109,366,113,0,0,0
113146,26.23,26.61,5550,1.118,1116,-432,-13460,92,346,102,0,0,0
113150,26.23,26.61,6098,1.228,1020,-404,-13640,103,347,122,0,0,0
113155,26.23,26.61,2776,0.559,1032,-456,-13660,53,311,92,0,0,0
113159,26.23,26.61,6230,1.255,1044,-404,-13508,74,356,88,0,0,0
113164,26.23,26.61,5459,1.1,952,-436,-13424,78,357,92,0,0,0
113169,26.23,26.61,7750,1.561,1004,-424,-13552,124,356,88,0,0,0
113175,26.23,26.61,5478,1.103,1032,-408,-13432,97,332,84,0,0,0
113270,26.21,26.67,1819,0.366,1032,-408,-13432,97,332,84,0,0,0
113274,26.21,26.67,4358,0.878,1092,-440,-13556,113,340,109,0,0,0
113279,26.21,26.67,7250,1.46,1176,-504,-13616,101,355,111,0,0,0
113285,26.21,26.67,5181,1.044,1052,-392,-13460,98,355,79,0,0,0
113290,26.21,26.67,3441,0.693,1064,-360,-13596,93,319,113,0,0,0
113295,26.21,26.67,5099,1.027,1032,-368,-13576,107,339,100,0,0,0
113299,26.21,26.67,3830,0.771,1024,-416,-13464,84,332,114,0,0,0
113304,26.21,26.67,7732,1.557,1160,-396,-13584,111,337,94,0,0,0
113309,26.21,26.67,4571,0.921,1092,-484,-13540,87,312,112,0,0,0
113315,26.21,26.67,7665,1.544,1084,-404,-13544,105,329,78,0,0,0
113320,26.21,26.67,5802,1.169,1028,-368,-13568,81,343,98,0,0,0
113325,26.21,26.67,8698,1.752,1084,-396,-13544,92,338,93,0,0,0
113329,26.21,26.67,3140,0.632,1036,-388,-13664,127,333,102,0,0,0
113405,26.21,26.67,1000,0.201,1132,-396,-13404,112,339,96,0,0,0
113409,26.21,26.67,9775,1.969,1056,-324,-13680,98,327,79,0,0,0
113414,26.21,26.67,3236,0.652,1108,-408,-13548,109,318,104,0,0,0
113419,26.21,26.67,7478,1.506,1020,-440,-13624,101,339,107,0,0,0
113517,26.21,26.67,3928,0.791,1128,-488,-13492,111,312,114,0,0,0
113531,26.21,26.67,1495,0.301,976,-436,-13548,99,356,107,0,0,0
113534,26.21,26.67,2958,0.596,1064,-448,-13640,96,352,114,0,0,0
113539,26.21,26.67,4468,0.9,1048,-404,-13492,91,322,111,0,0,0
113544,26.21,26.67,4531,0.913,1056,-408,-13568,121,325,103,0,0,0
113550,26.21,26.67,7734,1.558,1116,-372,-13508,106,350,84,0,0,0
113555,26.21,26.67,7737,1.558,1120,-388,-13640,86,348,84,0,0,0
113559,26.21,26.67,4561,0.919,1100,-452,-13692,133,353,102,0,0,0
113564,26.21,26.67,5196,1.047,1052,-328,-13712,101,332,107,0,0,0
113569,26.21,26.67,4422,0.891,1124,-516,-13476,105,315,88,0,0,0
113574,26.21,26.67,2161,0.435,1060,-352,-13508,118,355,100,0,0,0
113580,26.21,26.67,6493,1.308,988,-480,-13488,87,337,102,0,0,0
113585,26.21,26.67,4233,0.853,1092,-396,-13512,111,339,77,0,0,0
113589,26.21,26.67,5611,1.13,1008,-496,-13664,81,322,98,0,0,0
113594,26.21,26.67,5373,1.082,996,-504,-13596,111,327,91,0,0,0
113599,26.21,26.67,7789,1.569,1012,-432,-13564,112,330,101,0,0,0
113676,26.21,26.67,3026,0.61,1012,-488,-13612,112,323,106,0,0,0
113679,26.21,26.67,3875,0.781,1204,-516,-13656,77,340,95,0,0,0
113777,26.23,26.65,2106,0.424,1044,-496,-13688,121,318,82,0,0,0
113779,26.23,26.65,2456,0.495,980,-424,-13584,122,308,81,0,0,0
113784,26.23,26.65,4452,0.897,928,-508,-13596,126,335,92,0,0,0
113789,26.23,26.65,2267,0.457,1164,-480,-13568,104,351,96,0,0,0
113795,26.23,26.65,6193,1.247,1088,-472,-13576,96,334,95,0,0,0
113800,26.23,26.65,5575,1.123,1028,-424,-13492,107,326,107,0,0,0
113805,26.23,26.65,1758,0.354,1116,-532,-13628,70,306,91,0,0,0
113809,26.23,26.65,6769,1.363,1072,-360,-13436,90,333,110,0,0,0
113814,26.23,26.65,3397,0.684,1112,-416,-13540,103,338,112,0,0,0
113819,26.23,26.65,3885,0.783,1024,-448,-13676,99,331,108,0,0,0
113825,26.23,26.65,4556,0.918,1096,-380,-13564,103,310,90,0,0,0
113830,26.23,26.65,3941,0.794,1080,-388,-13540,106,318,88,0,0,0
113835,26.23,26.65,3245,0.654,1020,-508,-13564,105,308,96,0,0,0
113839,26.23,26.65,4534,0.913,1128,-448,-13564,97,327,107,0,0,0
113844,26.23,26.65,5525,1.113,1024,-424,-13664,83,354,67,0,0,0
113849,26.23,26.65,2886,0.581,1128,-404,-13612,115,343,116,0,0,0
113948,26.23,26.65,5005,1.008,1080,-348,-13452,101,361,95,0,0,0
113963,26.23,26.65,2357,0.475,1176,-456,-13500,108,331,80,0,0,0
114066,26.23,26.65,739,0.149,1088,-424,-13520,111,328,94,0,0,0
114070,26.23,26.65,1366,0.275,980,-476,-13508,134,332,110,0,0,0
114075,26.23,26.65,2396,0.483,1036,-432,-13668,107,336,104,0,0,0
114079,26.23,26.65,2388,0.481,968,-492,-13652,92,337,90,0,0,0
114084,26.23,26.65,6809,1.372,1120,-436,-13508,100,305,82,0,0,0
114089,26.23,26.65,5376,1.083,1120,-520,-13596,84,341,105,0,0,0
114095,26.23,26.65,5930,1.194,1096,-436,-13628,80,313,100,0,0,0
114100,26.23,26.65,4298,0.866,1020,-508,-13596,92,366,91,0,0,0
114105,26.23,26.65,5737,1.156,1120,-416,-13628,76,353,95,0,0,0
114109,26.23,26.65,2868,0.578,1008,-460,-13580,100,338,94,0,0,0
114114,26.23,26.65,4658,0.938,1052,-420,-13600,136,349,100,0,0,0
114119,26.23,26.65,3182,0.641,1060,-344,-13584,76,316,85,0,0,0
114125,26.23,26.65,8025,1.616,1008,-512,-13516,107,337,88,0,0,0
114130,26.23,26.65,10688,2.153,1020,-432,-13716,94,368,102,0,0,0
114135,26.23,26.65,3007,0.606,1008,-504,-13536,116,323,114,0,0,0
114139,26.23,26.65,4699,0.947,1064,-368,-13532,108,347,93,0,0,0
114236,26.25,26.67,4507,0.908,1064,-368,-13532,108,347,93,0,0,0
114240,26.25,26.67,5380,1.084,1096,-432,-13352,104,334,98,0,0,0
114244,26.25,26.67,3167,0.638,1104,-436,-13600,84,325,110,0,0,0
114249,26.25,26.67,5492,1.106,960,-452,-13548,80,314,90,0,0,0
114325,26.25,26.67,2689,0.542,1024,-484,-13628,90,322,86,0,0,0
114329,26.25,26.67,6007,1.21,1000,-464,-13372,77,340,84,0,0,0
114334,26.25,26.67,1894,0.382,1096,-464,-13600,108,334,84,0,0,0
114340,26.25,26.67,5110,1.029,1040,-400,-13588,96,337,86,0,0,0
114345,26.25,26.67,4641,0.935,996,-436,-13492,105,347,77,0,0,0
114350,26.25,26.67,4505,0.907,996,-480,-13592,77,325,86,0,0,0
114354,26.25,26.67,2071,0.417,1000,-444,-13532,102,344,100,0,0,0
114359,26.25,26.67,2905,0.585,984,-500,-13632,103,354,90,0,0,0
114364,26.25,26.67,2449,0.493,1012,-440,-13412,93,357,102,0,0,0
114370,26.25,26.67,5545,1.117,1108,-364,-13592,110,361,109,0,0,0
114375,26.25,26.67,5864,1.181,1104,-480,-13516,93,319,125,0,0,0
114380,26.25,26.67,5667,1.141,1024,-440,-13524,107,337,107,0,0,0
114384,26.25,26.67,3719,0.749,1044,-504,-13620,91,357,110,0,0,0
114482,26.25,26.67,6353,1.28,1120,-480,-13384,118,331,105,0,0,0
114495,26.25,26.67,4524,0.911,1132,-484,-13688,112,317,99,0,0,0
114499,26.25,26.67,5802,1.169,1080,-356,-13592,118,335,82,0,0,0
114504,26.25,26.67,8203,1.652,1020,-420,-13488,104,335,96,0,0,0
114510,26.25,26.67,3153,0.635,1116,-368,-13436,99,324,97,0,0,0
114515,26.25,26.67,2682,0.54,1140,-448,-13520,125,319,93,0,0,0
114520,26.25,26.67,3836,0.773,1124,-520,-13572,94,343,97,0,0,0
114595,26.25,26.67,3411,0.687,1020,-468,-13552,89,336,94,0,0,0
114599,26.25,26.67,5791,1.166,1040,-456,-13656,98,351,85,0,0,0
114604,26.25,26.67,4170,0.84,1168,-468,-13712,85,352,96,0,0,0
114610,26.25,26.67,4453,0.897,944,-420,-13620,111,339,86,0,0,0
114615,26.25,26.67,3933,0.792,1056,-408,-13432,116,359,92,0,0,0
114619,26.25,26.67,7026,1.415,1128,-440,-13736,89,324,107,0,0,0
114624,26.25,26.67,2450,0.493,1004,-384,-13572,90,344,100,0,0,0
114629,26.25,26.67,7041,1.418,1136,-348,-13532,93,343,99,0,0,0
114634,26.25,26.67,4877,0.982,1048,-428,-13532,80,324,101,0,0,0
114640,26.25,26.67,8819,1.776,1168,-368,-13576,105,313,82,0,0,0
114645,26.25,26.67,3220,0.649,1036,-408,-13456,95,334,94,0,0,0
114741,26.25,26.67,4845,0.976,1036,-408,-13456,95,334,94,0,0,0
114744,26.25,26.73,11393,2.295,988,-476,-13576,101,322,97,0,0,0
114749,26.25,26.73,7805,1.572,1100,-344,-13688,92,331,107,0,0,0
114754,26.25,26.73,6415,1.292,1020,-564,-13648,108,364,97,0,0,0
114760,26.25,26.73,6392,1.288,956,-436,-13656,105,342,101,0,0,0
114765,26.25,26.73,5310,1.07,1132,-512,-13656,99,317,120,0,0,0
114770,26.25,26.73,6991,1.408,1120,-544,-13692,102,345,97,0,0,0
114774,26.25,26.73,5749,1.158,1016,-496,-13572,98,343,104,0,0,0
114779,26.25,26.73,2655,0.535,1120,-592,-13588,80,318,104,0,0,0
114855,26.25,26.73,1963,0.395,1180,-492,-13508,111,325,98,0,0,0
114860,26.25,26.73,4538,0.914,1068,-384,-13724,88,325,96,0,0,0
114865,26.25,26.73,9070,1.827,1008,-488,-13488,109,350,113,0,0,0
114870,26.25,26.73,7472,1.505,1104,-472,-13580,95,340,107,0,0,0
114874,26.25,26.73,4055,0.817,1056,-420,-13492,106,325,111,0,0,0
114879,26.25,26.73,7856,1.582,1000,-396,-13448,85,325,112,0,0,0
114884,26.25,26.73,2627,0.529,1160,-480,-13724,110,323,88,0,0,0
114890,26.25,26.73,5778,1.164,1052,-408,-13520,81,359,115,0,0,0
114986,26.25,26.73,6768,1.363,1024,-432,-13584,83,343,126,0,0,0
115011,26.25,26.73,5831,1.175,1036,-476,-13632,90,338,84,0,0,0
115014,26.25,26.73,5917,1.192,1044,-448,-13580,96,332,89,0,0,0
115019,26.25,26.73,6845,1.379,1184,-376,-13324,120,346,112,0,0,0
115024,26.25,26.73,6361,1.281,1084,-524,-13532,99,353,96,0,0,0
115030,26.25,26.73,9743,1.963,1092,-336,-13580,102,297,100,0,0,0
115035,26.25,26.73,7098,1.43,1100,-460,-13356,86,353,88,0,0,0
115040,26.25,26.73,5077,1.023,1060,-440,-13620,114,319,111,0,0,0
115062,26.25,26.73,1635,0.329,928,-448,-13548,118,339,108,0,0,0
115064,26.25,26.73,4602,0.927,1028,-416,-13520,104,303,97,0,0,0
115069,26.25,26.73,6788,1.367,1104,-408,-13404,88,317,92,0,0,0
115074,26.25,26.73,5509,1.11,1032,-476,-13716,79,315,104,0,0,0
115150,26.25,26.73,1757,0.354,988,-464,-13648,71,327,100,0,0,0
115154,26.25,26.73,4646,0.936,1016,-372,-13528,103,359,111,0,0,0
115160,26.25,26.73,7830,1.577,1104,-420,-13540,110,317,88,0,0,0
115165,26.25,26.73,8211,1.654,1008,-396,-13608,102,323,92,0,0,0
115170,26.25,26.73,5853,1.179,1144,-480,-13368,109,359,94,0,0,0
115174,26.25,26.73,4842,0.975,1108,-520,-13620,81,350,108,0,0,0
115179,26.25,26.73,4830,0.973,1116,-468,-13544,101,344,104,0,0,0
115276,26.21,26.71,4161,0.838,1084,-380,-13628,97,321,91,0,0,0
115279,26.21,26.71,759,0.153,1132,-408,-13452,101,335,98,0,0,0
115285,26.21,26.71,8266,1.665,1072,-348,-13576,95,315,119,0,0,0
115290,26.21,26.71,12157,2.449,1084,-344,-13520,90,338,83,0,0,0
115295,26.21,26.71,6497,1.309,1088,-348,-13568,89,314,110,0,0,0
115299,26.21,26.71,12193,2.456,1044,-428,-13580,123,346,102,0,0,0
115304,26.21,26.71,12143,2.446,1100,-396,-13540,54,339,104,0,0,0
115309,26.21,26.71,8908,1.794,1012,-480,-13524,88,320,100,0,0,0
115315,26.21,26.71,12186,2.455,1060,-400,-13696,99,337,102,0,0,0
115320,26.21,26.71,10344,2.084,984,-476,-13480,97,307,111,0,0,0
115325,26.21,26.71,7784,1.568,1068,-504,-13712,85,322,97,0,0,0
115329,26.21,26.71,8259,1.664,1028,-368,-13540,118,330,116,0,0,0
115334,26.21,26.71,12176,2.453,1132,-456,-13632,90,346,111,0,0,0
115410,26.21,26.71,3691,0.743,1136,-488,-13656,127,339,83,0,0,0
115414,26.21,26.71,12194,2.456,1064,-320,-13632,101,327,76,0,0,0
115419,26.21,26.71,12162,2.45,1088,-440,-13532,81,335,100,0,0,0
115424,26.21,26.71,12199,2.457,1032,-448,-13676,102,346,96,0,0,0
115434,26.21,26.71,10750,2.165,1112,-548,-13680,115,352,99,0,0,0
115435,26.21,26.71,10766,2.169,1112,-548,-13680,115,352,99,0,0,0
115531,26.21,26.71,6545,1.318,1092,-388,-13620,104,330,113,0,0,0
115535,26.21,26.71,3344,0.674,1020,-476,-13752,86,317,107,0,0,0
115540,26.21,26.71,4797,0.966,1048,-368,-13564,97,355,96,0,0,0
115544,26.21,26.71,7110,1.432,1012,-524,-13576,81,337,80,0,0,0
115549,26.21,26.71,12198,2.457,1104,-356,-13420,96,335,79,0,0,0
115554,26.21,26.71,7909,1.593,940,-488,-13684,82,362,88,0,0,0
115560,26.21,26.71,12176,2.453,1084,-472,-13576,118,341,106,0,0,0
115565,26.21,26.71,12157,2.449,1084,-372,-13504,115,334,92,0,0,0
115570,26.21,26.71,12194,2.456,1132,-420,-13688,76,358,99,0,0,0
115574,26.21,26.71,12136,2.445,1000,-488,-13540,74,336,92,0,0,0
115579,26.21,26.71,12170,2.451,1068,-456,-13528,133,337,85,0,0,0
115584,26.21,26.71,12198,2.457,1068,-368,-13556,109,325,106,0,0,0
115590,26.21,26.71,12202,2.458,1080,-584,-13660,83,384,119,0,0,0
115595,26.21,26.71,12161,2.45,1032,-344,-13668,93,349,102,0,0,0
115671,26.21,26.71,10295,2.074,1140,-548,-13572,84,335,90,0,0,0
115674,26.21,26.71,7238,1.458,1052,-388,-13520,87,346,99,0,0,0
115679,26.21,26.71,10833,2.182,1064,-504,-13632,124,343,102,0,0,0
115776,26.21,26.77,8902,1.793,1100,-512,-13564,102,334,88,0,0,0
115779,26.21,26.77,8201,1.652,1148,-460,-13660,123,335,104,0,0,0
115785,26.21,26.77,7929,1.597,1156,-380,-13548,91,329,113,0,0,0
115790,26.21,26.77,7948,1.601,1136,-396,-13560,70,351,89,0,0,0
115795,26.21,26.77,2340,0.471,1120,-392,-13652,110,365,118,0,0,0
115799,26.21,26.77,11067,2.229,988,-484,-13608,85,336,94,0,0,0
115804,26.21,26.77,7974,1.606,1172,-476,-13488,88,334,104,0,0,0
115809,26.21,26.77,8608,1.734,1024,-464,-13628,93,343,101,0,0,0
115815,26.21,26.77,4424,0.891,1028,-384,-13632,108,329,126,0,0,0
115820,26.21,26.77,3423,0.689,1020,-452,-13612,93,334,92,0,0,0
115825,26.21,26.77,7193,1.449,1084,-488,-13512,80,331,106,0,0,0
115829,26.21,26.77,7904,1.592,1104,-416,-13584,85,332,105,0,0,0
115834,26.21,26.77,6591,1.328,1076,-396,-13568,112,329,99,0,0,0
115839,26.21,26.77,9221,1.857,1080,-392,-13480,87,310,97,0,0,0
115845,26.21,26.77,6687,1.347,1040,-608,-13520,90,386,112,0,0,0
115850,26.21,26.77,8477,1.708,1032,-464,-13520,99,316,113,0,0,0
115946,26.21,26.77,12191,2.456,1100,-472,-13692,80,363,88,0,0,0
116038,26.21,26.77,2910,0.586,956,-400,-13664,107,338,73,0,0,0
116040,26.21,26.77,2913,0.587,956,-400,-13664,107,338,73,0,0,0
116063,26.21,26.77,8393,1.691,1104,-376,-13700,96,317,91,0,0,0
116064,26.21,26.77,11817,2.38,1092,-596,-13452,87,345,84,0,0,0
116069,26.21,26.77,9484,1.91,1008,-392,-13524,103,324,99,0,0,0
116075,26.21,26.77,12190,2.455,1200,-472,-13600,104,343,90,0,0,0
116080,26.21,26.77,12193,2.456,984,-420,-13600,79,341,105,0,0,0
116085,26.21,26.77,12164,2.45,1048,-400,-13584,71,322,118,0,0,0
116089,26.21,26.77,12176,2.453,1144,-528,-13600,113,333,106,0,0,0
116094,26.21,26.77,10276,2.07,1072,-320,-13436,92,323,109,0,0,0
116099,26.21,26.77,11605,2.338,1168,-536,-13436,77,342,125,0,0,0
116105,26.21,26.77,12190,2.455,988,-372,-13536,114,333,106,0,0,0
116110,26.21,26.77,12214,2.46,1080,-468,-13568,92,304,70,0,0,0
116115,26.21,26.77,12164,2.45,1044,-516,-13568,94,341,107,0,0,0
116119,26.21,26.77,8462,1.704,1104,-408,-13572,97,321,95,0,0,0
116124,26.21,26.77,10828,2.181,1064,-512,-13568,105,343,110,0,0,0
116129,26.21,26.77,10708,2.157,920,-360,-13568,83,321,99,0,0,0
116229,26.21,26.77,8581,1.728,1008,-408,-13456,74,329,101,0,0,0
116230,26.21,26.77,4268,0.86,1008,-408,-13456,74,329,101,0,0,0
116234,26.21,26.77,8833,1.779,1044,-584,-13592,117,333,92,0,0,0
116310,26.23,26.77,11,0.002,1032,-344,-13604,90,301,71,0,0,0
116315,26.23,26.77,4974,1.002,1044,-424,-13544,100,346,105,0,0,0
116320,26.23,26.77,7373,1.485,1036,-420,-13592,88,342,111,0,0,0
116324,26.23,26.77,9029,1.819,1016,-480,-13436,118,317,101,0,0,0
116329,26.23,26.77,11841,2.385,1104,-536,-13476,88,298,102,0,0,0
116334,26.23,26.77,12148,2.447,1284,-472,-14028,219,272,99,0,0,0
116340,26.23,26.77,6843,1.378,1212,-2424,-11144,1383,933,107,0,0,0
116345,26.23,26.77,5523,1.112,820,1028,-14560,-755,363,-3,0,0,0
116350,26.23,26.77,6709,1.351,1620,-892,-14808,343,677,150,0,0,0
116354,26.23,26.77,5935,1.195,1168,-196,-13588,189,-174,100,0,0,0
116359,26.23,26.77,8725,1.757,812,-1292,-11460,178,114,148,0,0,0
116364,26.23,26.77,7156,1.441,904,444,-12416,335,852,90,0,0,0
116370,26.23,26.77,7653,1.542,988,-1176,-15192,-717,670,75,0,0,0
116375,26.23,26.77,5095,1.026,1600,-28,-15084,430,160,92,0,0,0
116380,26.23,26.77,5101,1.027,948,-400,-12928,102,216,92,0,0,0
116476,26.23,26.77,122,0.025,948,-400,-12928,102,216,92,0,0,0
116497,26.23,26.77,2498,0.503,1164,-328,-13700,173,185,105,0,0,0
116500,26.23,26.77,10952,2.206,860,-416,-13060,76,315,109,0,0,0
116504,26.23,26.77,12163,2.45,976,-560,-13780,82,445,69,0,0,0
116509,26.23,26.77,9128,1.839,1300,-508,-13892,87,365,106,0,0,0
116586,26.23,26.77,1101,0.222,1028,-416,-13576,119,349,78,0,0,0
116590,26.23,26.77,2185,0.44,1060,-488,-13756,79,291,84,0,0,0
116595,26.23,26.77,5259,1.059,1088,-436,-13280,88,324,112,0,0,0
116599,26.23,26.77,8335,1.679,1120,-436,-13448,97,374,91,0,0,0
116604,26.23,26.77,11923,2.402,1068,-432,-13624,103,374,90,0,0,0
116609,26.23,26.77,12162,2.45,1236,-520,-14448,101,394,76,0,0,0
116615,26.23,26.77,5574,1.123,880,-328,-13116,199,473,102,0,0,0
116620,26.23,26.77,9882,1.991,1148,-32,-13928,219,95,104,0,0,0
116625,26.23,26.77,6171,1.243,1044,-292,-12588,-93,638,79,0,0,0
116629,26.23,26.77,11471,2.311,916,-180,-15148,133,336,75,0,0,0
116634,26.23,26.77,10820,2.179,1208,-304,-12560,159,313,107,0,0,0
116639,26.23,26.77,2967,0.598,1036,-320,-13920,33,224,104,0,0,0
116645,26.23,26.77,7554,1.522,956,-408,-13248,144,387,107,0,0,0
116743,26.25,26.71,7295,1.469,1092,-320,-13472,166,401,87,0,0,0
116744,26.25,26.71,479,0.096,1228,-464,-13752,90,378,88,0,0,0
116749,26.25,26.71,11697,2.356,1124,-444,-13456,41,320,89,0,0,0
116754,26.25,26.71,9404,1.894,924,-460,-13688,133,280,100,0,0,0
116760,26.25,26.71,10477,2.11,1008,-320,-13264,146,357,78,0,0,0
116765,26.25,26.71,5984,1.205,1124,-556,-13552,37,400,93,0,0,0
116770,26.25,26.71,3205,0.646,1032,-320,-13924,94,317,96,0,0,0
116845,26.25,26.71,99,0.02,1052,-892,-14216,87,260,118,0,0,0
116849,26.25,26.71,12190,2.455,1444,-2828,-10352,3072,919,163,0,0,0
116855,26.25,26.71,8591,1.73,1484,-2480,-12060,-1547,394,99,0,0,0
116860,26.25,26.71,5729,1.154,2380,804,-15852,2134,545,126,0,0,0
116865,26.25,26.71,12200,2.457,1060,-2756,-14852,-797,-656,79,0,0,0
116869,26.25,26.71,6265,1.262,1284,-152,-12352,1437,72,98,0,0,0
116874,26.25,26.71,8551,1.722,180,128,-10804,-396,577,103,0,0,0
116879,26.25,26.71,10078,2.03,516,-1048,-14204,-262,1149,84,0,0,0
116885,26.25,26.71,10379,2.091,1620,-272,-15104,-29,979,44,0,0,0
116890,26.25,26.71,12153,2.448,1968,-400,-15932,719,-412,162,0,0,0
116990,26.25,26.71,8710,1.754,844,-500,-13128,171,315,102,0,0,0
117004,26.25,26.71,3257,0.656,1280,-384,-13888,63,217,105,0,0,0
117009,26.25,26.71,6192,1.247,960,-312,-13376,145,218,94,0,0,0
117014,26.25,26.71,5173,1.042,972,-452,-13088,69,387,100,0,0,0
117020,26.25,26.71,8132,1.638,1088,-428,-13676,92,416,100,0,0,0
117025,26.25,26.71,5486,1.105,1288,-588,-13472,175,294,107,0,0,0
117029,26.25,26.71,7453,1.501,1072,-680,-13700,-58,307,98,0,0,0
117034,26.25,26.71,7521,1.515,892,-192,-13720,230,427,98,0,0,0
117039,26.25,26.71,4781,0.963,1256,-528,-13612,-30,147,70,0,0,0
117062,26.25,26.71,8517,1.716,1200,-420,-13572,66,279,69,0,0,0
117144,26.25,26.71,224,0.045,984,-484,-14008,190,331,76,0,0,0
117145,26.25,26.71,6141,1.237,984,-484,-14008,190,331,76,0,0,0
117149,26.25,26.71,4419,0.89,1020,-420,-12964,-54,320,82,0,0,0
117155,26.25,26.71,6553,1.32,1248,-464,-14104,233,418,85,0,0,0
117160,26.25,26.71,4081,0.822,996,-452,-12916,21,294,97,0,0,0
117165,26.25,26.71,6570,1.323,1120,-480,-14096,72,357,95,0,0,0
117169,26.25,26.71,5475,1.103,984,-332,-13232,183,317,98,0,0,0
117174,26.25,26.71,2448,0.493,1144,-528,-13620,37,365,99,0,0,0
117179,26.25,26.71,3312,0.667,1072,-484,-13652,119,333,100,0,0,0
117275,26.23,26.77,6405,1.29,1072,-448,-13680,98,308,100,0,0,0
117280,26.23,26.77,5505,1.109,1164,-348,-13476,106,334,109,0,0,0
117285,26.23,26.77,6175,1.244,984,-436,-13512,77,321,83,0,0,0
117290,26.23,26.77,6832,1.376,992,-452,-13704,109,297,118,0,0,0
117294,26.23,26.77,10498,2.115,1148,-432,-13576,100,353,88,0,0,0
117299,26.23,26.77,8523,1.717,1200,-404,-13704,86,386,114,0,0,0
117304,26.23,26.77,5662,1.14,652,-556,-12836,132,207,127,0,0,0
117310,26.23,26.77,6739,1.357,1368,-596,-14396,176,0,135,0,0,0
117315,26.23,26.77,4062,0.818,796,-384,-12376,-126,727,122,0,0,0
117320,26.23,26.77,2991,0.602,972,-292,-15152,156,582,90,0,0,0
117324,26.23,26.77,6072,1.223,1320,-684,-12648,220,212,91,0,0,0
117400,26.23,26.77,3390,0.683,884,-476,-13360,70,292,89,0,0,0
117405,26.23,26.77,2155,0.434,1084,-332,-13400,84,393,103,0,0,0
117410,26.23,26.77,2167,0.436,1204,-384,-13468,107,381,93,0,0,0
117415,26.23,26.77,7479,1.506,1112,-504,-13608,119,293,120,0,0,0
117419,26.23,26.77,8548,1.722,1036,-416,-13368,93,300,107,0,0,0
117424,26.23,26.77,4506,0.908,896,-424,-13540,102,362,108,0,0,0
117438,26.23,26.77,1817,0.366,1028,-484,-13516,79,342,116,0,0,0
117536,26.23,26.77,3834,0.772,1028,-484,-13516,79,342,116,0,0,0
117539,26.23,26.77,2023,0.407,1052,-488,-13776,122,306,99,0,0,0
117545,26.23,26.77,6795,1.369,1080,-452,-13556,120,305,66,0,0,0
117550,26.23,26.77,10194,2.053,1044,-428,-13604,83,338,93,0,0,0
117555,26.23,26.77,7890,1.589,1092,-324,-13532,105,350,110,0,0,0
117559,26.23,26.77,5644,1.137,1160,-540,-13528,83,332,97,0,0,0
117564,26.23,26.77,3726,0.751,1064,-516,-13584,107,332,107,0,0,0
117569,26.23,26.77,6397,1.289,964,-492,-13472,98,340,106,0,0,0
117575,26.23,26.77,10216,2.058,1088,-456,-13468,124,343,99,0,0,0
117580,26.23,26.77,3648,0.735,1148,-320,-13616,115,315,78,0,0,0
117585,26.23,26.77,9364,1.886,1072,-424,-13492,100,320,100,0,0,0
117589,26.23,26.77,11575,2.332,940,-536,-13680,85,317,108,0,0,0
117594,26.23,26.77,9701,1.954,1104,-428,-13592,91,355,105,0,0,0
117670,26.23,26.77,2753,0.555,860,1428,-11560,113,60,148,0,0,0
117674,26.23,26.77,7894,1.59,396,-1336,-15960,-617,578,124,0,0,0
117679,26.23,26.77,7070,1.424,1644,-780,-11412,174,726,72,0,0,0
117684,26.23,26.79,12197,2.457,1228,424,-18032,492,-223,120,0,0,0
117782,26.23,26.79,6985,1.407,1508,-348,-14540,195,87,106,0,0,0
117784,26.23,26.79,3212,0.647,928,-568,-12880,142,13,99,0,0,0
117790,26.23,26.79,7856,1.582,844,-408,-12912,43,443,98,0,0,0
117795,26.23,26.79,9519,1.917,1172,-360,-13588,37,595,82,0,0,0
117799,26.23,26.79,8266,1.665,1268,-408,-14208,108,371,111,0,0,0
117804,26.23,26.79,5704,1.149,1072,-480,-13688,164,128,112,0,0,0
117809,26.23,26.79,2388,0.481,872,-436,-12900,90,282,105,0,0,0
117815,26.23,26.79,7226,1.456,976,-436,-13332,55,480,96,0,0,0
117820,26.23,26.79,6077,1.224,1220,-356,-13964,97,402,96,0,0,0
117825,26.23,26.79,5010,1.009,1096,-340,-13760,120,244,95,0,0,0
117829,26.23,26.79,6286,1.266,1088,-320,-13396,101,253,88,0,0,0
117834,26.23,26.79,5743,1.157,1020,-544,-13276,95,382,96,0,0,0
117839,26.23,26.79,6826,1.375,1188,-440,-13792,88,383,83,0,0,0
117845,26.23,26.79,10641,2.143,1180,-528,-13524,102,312,105,0,0,0
117850,26.23,26.79,8131,1.638,1108,-560,-13572,117,286,99,0,0,0
117855,26.23,26.79,7195,1.449,1008,-472,-13544,71,319,86,0,0,0
117930,26.23,26.79,5247,1.057,1104,-452,-13520,91,321,92,0,0,0
117943,26.23,26.79,10328,2.08,1120,-372,-13512,58,318,87,0,0,0
117944,26.23,26.79,4163,0.839,1044,-408,-13412,64,407,103,0,0,0
118040,26.23,26.79,4139,0.834,1072,-436,-13680,95,440,111,0,0,0
118064,26.23,26.79,2098,0.423,1200,-444,-13832,85,338,98,0,0,0
118069,26.23,26.79,12144,2.446,1116,-452,-13704,118,249,84,0,0,0
118074,26.23,26.79,6179,1.245,976,-340,-13468,96,303,90,0,0,0
118080,26.23,26.79,7863,1.584,1100,-476,-13480,97,362,94,0,0,0
118085,26.23,26.79,10064,2.027,1048,-460,-13612,91,347,86,0,0,0
118090,26.23,26.79,3910,0.788,1040,-420,-13696,105,305,87,0,0,0
118094,26.23,26.79,7726,1.556,1036,-344,-13548,110,297,116,0,0,0
118099,26.23,26.79,11545,2.325,1008,-400,-13576,91,343,98,0,0,0
118104,26.23,26.79,11509,2.318,1196,-468,-13604,98,353,90,0,0,0
118110,26.23,26.79,12200,2.457,1016,-532,-13920,113,312,94,0,0,0
118115,26.23,26.79,8329,1.678,1068,-536,-13436,109,332,92,0,0,0
118120,26.23,26.79,12163,2.45,984,-484,-13568,111,352,91,0,0,0
118124,26.23,26.79,12160,2.449,1036,-620,-13816,104,339,124,0,0,0
118129,26.23,26.79,12166,2.451,1060,-468,-13492,92,339,99,0,0,0
118134,26.23,26.79,10137,2.042,1060,-468,-13492,92,339,99,0,0,0
118232,26.23,26.71,12212,2.46,1060,-352,-13508,94,322,114,0,0,0
118311,26.23,26.71,3296,0.664,872,-520,-14460,129,559,61,0,0,0
118314,26.23,26.71,4000,0.806,872,-520,-14460,129,559,61,0,0,0
118320,26.23,26.71,11074,2.231,1252,-500,-13968,-219,200,122,0,0,0
118325,26.23,26.71,8602,1.733,764,-340,-13640,210,99,98,0,0,0
118330,26.23,26.71,5344,1.076,840,-440,-13016,73,406,78,0,0,0
118334,26.23,26.71,6007,1.21,1148,-480,-13904,169,588,78,0,0,0
118339,26.23,26.71,4981,1.003,1304,-364,-13600,54,354,85,0,0,0
118344,26.23,26.71,7280,1.466,1304,-364,-13600,54,354,85,0,0,0
118350,26.23,26.71,8934,1.8,956,-472,-13284,128,238,116,0,0,0
118355,26.23,26.71,7169,1.444,968,-544,-13500,91,475,107,0,0,0
118360,26.23,26.71,6114,1.232,1144,-420,-13588,111,452,89,0,0,0
118364,26.23,26.71,9400,1.893,1144,-380,-13672,70,255,100,0,0,0
118369,26.23,26.71,8755,1.764,968,-356,-13564,133,214,103,0,0,0
118374,26.23,26.71,10536,2.122,968,-356,-13564,133,214,103,0,0,0
118380,26.23,26.71,12202,2.458,1024,-376,-13528,78,412,96,0,0,0
118385,26.23,26.71,12217,2.461,1112,-416,-13696,118,391,103,0,0,0
118480,26.23,26.71,1028,0.207,1080,-448,-13584,88,353,104,0,0,0
118493,26.23,26.71,3542,0.713,1120,-396,-13464,123,322,114,0,0,0
118495,26.23,26.71,1357,0.273,1052,-388,-13516,96,330,99,0,0,0
118500,26.23,26.71,2141,0.431,1056,-408,-13508,85,347,85,0,0,0
118575,26.23,26.71,2164,0.436,1112,-420,-14712,31,199,65,0,0,0
118579,26.23,26.71,8918,1.796,964,-628,-12888,248,468,110,0,0,0
118584,26.23,26.71,10334,2.082,964,-628,-12888,248,468,110,0,0,0
118590,26.23,26.71,12191,2.456,1072,-540,-13536,180,460,85,0,0,0
118595,26.23,26.71,9410,1.895,1020,-628,-13532,-54,420,93,0,0,0
118600,26.23,26.71,10887,2.193,1236,-340,-14336,238,287,96,0,0,0
118604,26.23,26.71,9628,1.939,916,-568,-12944,103,214,92,0,0,0
118609,26.23,26.71,12214,2.46,916,-568,-12944,103,214,92,0,0,0
118614,26.23,26.71,12210,2.459,964,-452,-13468,69,411,102,0,0,0
118620,26.23,26.71,6635,1.336,1168,-472,-14004,138,292,101,0,0,0
118625,26.23,26.71,6056,1.22,1148,-384,-13292,69,262,108,0,0,0
118630,26.23,26.71,5031,1.013,952,-492,-13496,76,317,90,0,0,0
118634,26.23,26.71,10263,2.067,992,-492,-13312,106,468,94,0,0,0
118639,26.23,26.71,12209,2.459,992,-492,-13312,106,468,94,0,0,0
118738,26.23,26.67,5449,1.098,1100,-436,-13700,95,323,106,0,0,0
118740,26.23,26.67,2562,0.516,1060,-428,-13580,118,329,112,0,0,0
118745,26.23,26.67,10002,2.015,1076,-544,-13496,101,319,103,0,0,0
118750,26.23,26.67,4386,0.883,1048,-484,-13672,114,332,115,0,0,0
118754,26.23,26.67,2999,0.604,956,-440,-13500,76,375,117,0,0,0
118759,26.23,26.67,6793,1.368,956,-440,-13500,76,375,117,0,0,0
118835,26.23,26.67,7011,1.412,1020,-456,-13692,92,318,87,0,0,0
118839,26.23,26.67,5098,1.027,1020,-456,-13692,92,318,87,0,0,0
118845,26.23,26.67,9392,1.892,1120,-476,-13552,107,307,92,0,0,0
118850,26.23,26.67,5783,1.165,1064,-484,-13676,123,328,102,0,0,0
118855,26.23,26.67,5484,1.105,992,-352,-13384,72,340,95,0,0,0
118859,26.23,26.67,2071,0.417,1108,-324,-13596,127,362,100,0,0,0
118864,26.23,26.67,6389,1.287,1108,-324,-13596,127,362,100,0,0,0
118869,26.23,26.67,6251,1.259,1088,-308,-13372,88,314,108,0,0,0
118875,26.23,26.67,7151,1.44,1116,-572,-13380,87,304,89,0,0,0
118880,26.23,26.67,5014,1.01,1096,-632,-13600,108,375,88,0,0,0
118885,26.23,26.67,9719,1.958,904,-456,-13792,99,335,116,0,0,0
118889,26.23,26.67,9083,1.83,1596,-252,-15564,-59,450,94,0,0,0
118985,26.23,26.67,2508,0.505,1328,-436,-14044,285,-82,109,0,0,0
118999,26.23,26.67,1492,0.301,672,-404,-12372,82,596,90,0,0,0
119000,26.23,26.67,451,0.091,1176,-400,-13864,-11,748,81,0,0,0
119004,26.23,26.67,4330,0.872,1176,-400,-13864,-11,748,81,0,0,0
119010,26.23,26.67,6229,1.255,1120,-524,-13704,119,-18,92,0,0,0
119015,26.23,26.67,5932,1.195,808,-392,-12756,125,328,91,0,0,0
119020,26.23,26.67,6527,1.315,924,-404,-13400,19,606,87,0,0,0
119024,26.23,26.67,2967,0.598,924,-404,-13400,19,606,87,0,0,0
119127,26.23,26.67,664,0.134,804,-296,-13204,120,507,100,0,0,0
119129,26.23,26.67,5934,1.195,804,-296,-13204,120,507,100,0,0,0
119134,26.23,26.67,10046,2.024,1304,-396,-13508,22,490,92,0,0,0
119140,26.23,26.67,6691,1.348,984,-496,-13372,41,114,117,0,0,0
119145,26.23,26.67,4837,0.974,792,-592,-13148,126,414,89,0,0,0
119149,26.23,26.67,4692,0.945,1184,-428,-13552,45,495,65,0,0,0
119154,26.23,26.67,6090,1.227,1184,-428,-13552,45,495,65,0,0,0
119159,26.23,26.67,8403,1.693,1260,-392,-14056,148,352,96,0,0,0
119164,26.23,26.67,4915,0.99,1000,-452,-13424,90,153,113,0,0,0
119170,26.23,26.67,9974,2.009,1032,-400,-13256,89,502,91,0,0,0
119175,26.23,26.67,5793,1.167,1252,-388,-13920,87,434,78,0,0,0
119272,26.29,26.61,3288,0.662,904,-516,-13524,109,343,102,0,0,0
119274,26.29,26.61,2843,0.573,904,-516,-13524,109,343,102,0,0,0
119279,26.29,26.61,6528,1.315,1180,-492,-13616,90,390,99,0,0,0
119284,26.29,26.61,3131,0.631,1136,-472,-13600,112,359,109,0,0,0
119290,26.29,26.61,6786,1.367,1008,-432,-13220,125,332,115,0,0,0
119295,26.29,26.61,7282,1.467,1092,-296,-13420,92,361,98,0,0,0
119299,26.29,26.61,4107,0.827,1092,-296,-13420,92,361,98,0,0,0
119304,26.29,26.61,9565,1.927,1092,-380,-13768,102,319,99,0,0,0
119309,26.29,26.61,8197,1.651,1148,-388,-13580,102,309,80,0,0,0
119385,26.29,26.61,3955,0.797,1024,-420,-13452,106,374,91,0,0,0
119390,26.29,26.61,7668,1.545,1144,-344,-13676,112,304,103,0,0,0
119394,26.29,26.61,5605,1.129,1144,-344,-13676,112,304,103,0,0,0
119399,26.29,26.61,2558,0.515,1052,-360,-13604,118,303,119,0,0,0
119404,26.29,26.61,9698,1.953,1108,-420,-13596,95,313,104,0,0,0
119410,26.29,26.61,2896,0.583,1144,-464,-13584,87,341,96,0,0,0
119415,26.29,26.61,5098,1.027,1092,-344,-13564,123,343,113,0,0,0
119420,26.29,26.61,2850,0.574,1072,-404,-13468,114,315,95,0,0,0
119518,26.29,26.61,2224,0.448,1420,-364,-13416,141,521,83,0,0,0
119533,26.29,26.61,6384,1.286,880,-496,-13716,93,381,79,0,0,0
119534,26.29,26.61,616,0.124,880,-496,-13716,93,381,79,0,0,0
119539,26.29,26.61,9801,1.974,1204,-348,-13056,227,484,98,0,0,0
119544,26.29,26.61,3647,0.735,1172,-588,-13660,10,324,111,0,0,0
119550,26.29,26.61,11192,2.254,916,-188,-12776,238,524,108,0,0,0
119555,26.29,26.61,6735,1.357,956,-100,-13992,360,141,98,0,0,0
119559,26.29,26.61,11454,2.307,956,-100,-13992,360,141,98,0,0,0
119564,26.29,26.61,7630,1.537,1092,-592,-12264,-174,762,89,0,0,0
119569,26.29,26.61,7137,1.438,1064,24,-15456,246,440,100,0,0,0
119574,26.29,26.61,3898,0.785,1172,-304,-12200,201,199,98,0,0,0
119580,26.29,26.61,10524,2.12,776,-220,-13128,147,532,88,0,0,0
119656,26.29,26.61,3183,0.641,1180,-468,-13832,129,341,90,0,0,0
119660,26.29,26.61,6577,1.325,1048,-388,-13576,105,272,94,0,0,0
119665,26.29,26.61,8214,1.655,1112,-408,-13308,123,329,101,0,0,0
119669,26.29,26.61,6456,1.3,1112,-408,-13308,123,329,101,0,0,0
119674,26.29,26.61,8328,1.677,1028,-452,-13592,119,377,104,0,0,0
119679,26.29,26.61,6866,1.383,1076,-396,-13628,81,328,113,0,0,0
119778,26.27,26.71,8465,1.705,1132,-400,-13720,93,343,91,0,0,0
119779,26.27,26.71,2867,0.577,1132,-400,-13720,93,343,91,0,0,0
119784,26.27,26.71,5019,1.011,1016,-464,-13444,105,348,104,0,0,0
119789,26.27,26.71,6307,1.27,1000,-388,-13572,94,367,112,0,0,0
119795,26.27,26.71,5337,1.075,1060,-424,-13564,110,331,121,0,0,0
119800,26.27,26.71,7617,1.534,1056,-440,-13608,87,324,103,0,0,0
119805,26.27,26.71,8297,1.671,1056,-440,-13608,87,324,103,0,0,0
119809,26.27,26.71,6023,1.213,1036,-336,-13656,101,335,91,0,0,0
119814,26.27,26.71,7839,1.579,1108,-556,-13592,88,358,117,0,0,0
119819,26.27,26.71,9940,2.002,1056,-472,-13496,77,338,103,0,0,0
119825,26.27,26.71,9940,2.002,996,-476,-13764,109,356,104,0,0,0
119830,26.27,26.71,12220,2.461,984,-392,-13396,69,343,112,0,0,0
119835,26.27,26.71,10382,2.091,984,-392,-13396,69,343,112,0,0,0
119839,26.27,26.71,4777,0.962,1016,-404,-13420,114,335,82,0,0,0
119916,26.27,26.71,6764,1.362,1104,-464,-13696,102,331,115,0,0,0
119920,26.27,26.71,7991,1.61,1104,-464,-13696,102,331,115,0,0,0
119924,26.27,26.71,3274,0.659,992,-388,-13632,89,343,112,0,0,0
119938,26.27,26.71,51,0.01,1080,-344,-13448,106,316,78,0,0,0
119939,26.27,26.71,17,0.003,1080,-344,-13448,106,316,78,0,0,0
120038,26.27,26.71,12195,2.456,1080,-524,-13564,103,334,102,0,0,0
120040,26.27,26.71,12157,2.449,1080,-524,-13564,103,334,102,0,0,0
120044,26.27,26.71,7801,1.571,1140,-384,-13440,92,352,102,0,0,0
120049,26.27,26.71,7724,1.556,1020,-364,-13572,100,342,76,0,0,0
120054,26.27,26.71,4109,0.828,1128,-540,-13468,117,352,98,0,0,0
120060,26.27,26.71,12196,2.457,1024,-452,-13484,101,332,86,0,0,0
120065,26.27,26.71,7672,1.545,1024,-452,-13484,101,332,86,0,0,0
120070,26.27,26.71,7203,1.451,1044,-512,-13556,71,334,96,0,0,0
120074,26.27,26.71,11543,2.325,1060,-448,-13428,71,325,109,0,0,0
120079,26.27,26.71,10792,2.174,1076,-408,-13680,95,333,89,0,0,0
120084,26.27,26.71,9743,1.963,952,-448,-13384,79,290,101,0,0,0
120090,26.27,26.71,10018,2.018,1080,-440,-13592,109,341,103,0,0,0
120095,26.27,26.71,9187,1.851,1080,-440,-13592,109,341,103,0,0,0
120099,26.27,26.71,4503,0.907,1076,-488,-13728,97,335,111,0,0,0
120123,26.27,26.71,4901,0.987,1120,-392,-13520,88,338,106,0,0,0
120203,26.27,26.71,6810,1.372,1040,-348,-13528,100,365,105,0,0,0
120205,26.27,26.71,1410,0.284,1068,-420,-13672,106,342,103,0,0,0
120210,26.27,26.71,6136,1.236,1068,-420,-13672,106,342,103,0,0,0
120310,26.25,26.67,4283,0.863,1564,-2108,-11504,252,470,121,0,0,0
120314,26.25,26.67,2012,0.405,1564,-2108,-11504,252,470,121,0,0,0
120320,26.25,26.67,7935,1.598,304,-1120,-12536,328,717,121,0,0,0
120325,26.25,26.67,12201,2.458,304,-1120,-12536,328,717,121,0,0,0
120330,26.25,26.67,10623,2.14,1360,-612,-14076,245,-313,111,0,0,0
120334,26.25,26.67,11199,2.256,1200,-476,-11148,7,415,79,0,0,0
120339,26.25,26.67,11005,2.217,936,-112,-15256,175,866,102,0,0,0
120344,26.25,26.67,5758,1.16,1260,-856,-14072,-247,236,93,0,0,0
120350,26.25,26.67,12179,2.453,1000,-412,-12808,169,107,110,0,0,0
120355,26.25,26.67,9346,1.883,1000,-412,-12808,169,107,110,0,0,0
120360,26.25,26.67,7540,1.519,888,-548,-12368,-195,692,67,0,0,0
120364,26.25,26.67,11168,2.25,1008,-372,-15092,38,675,93,0,0,0
120369,26.25,26.67,11128,2.241,1340,-344,-14476,263,-29,90,0,0,0
120374,26.25,26.67,6765,1.363,1044,-404,-12700,105,95,109,0,0,0
120380,26.25,26.67,8137,1.639,972,-484,-13476,85,683,83,0,0,0
120385,26.25,26.67,5125,1.032,972,-484,-13476,85,683,83,0,0,0
120481,26.25,26.67,1863,0.375,1020,-380,-13528,102,362,90,0,0,0
120574,26.25,26.67,8402,1.692,1056,-476,-13556,90,333,112,0,0,0
120579,26.25,26.67,6531,1.316,972,-512,-13352,120,313,114,0,0,0
120584,26.25,26.67,8419,1.696,1096,-552,-13512,81,311,91,0,0,0
120590,26.25,26.67,7610,1.533,1068,-484,-13544,58,351,109,0,0,0
120595,26.25,26.67,4088,0.823,1072,160,-13672,67,348,98,0,0,0
120599,26.25,26.67,3828,0.771,692,-384,-13380,167,374,89,0,0,0
120604,26.25,26.67,2575,0.519,1320,-292,-13612,159,109,107,0,0,0
120609,26.25,26.67,6302,1.269,828,-320,-12988,-50,550,89,0,0,0
120614,26.25,26.67,3446,0.694,1140,-320,-14664,93,239,79,0,0,0
120620,26.25,26.67,5921,1.193,1080,-552,-12536,134,376,96,0,0,0
120625,26.25,26.67,3623,0.73,888,-404,-13800,62,183,108,0,0,0
120629,26.25,26.67,5477,1.103,904,-440,-13236,152,429,96,0,0,0
120634,26.25,26.67,5740,1.156,996,-520,-13780,23,435,100,0,0,0
120639,26.25,26.67,7701,1.551,1308,-520,-13972,185,269,100,0,0,0
120644,26.25,26.67,10031,2.021,864,-520,-13136,66,216,104,0,0,0
120744,26.25,26.67,2946,0.593,1000,-548,-13680,126,330,102,0,0,0
120749,26.25,26.67,3110,0.626,1076,-436,-13520,97,318,95,0,0,0
120754,26.25,26.67,2560,0.516,1124,-488,-13672,101,337,101,0,0,0
120759,26.25,26.67,8540,1.72,1044,-408,-13584,107,348,122,0,0,0
120765,26.25,26.67,4805,0.968,1008,-388,-13628,98,355,96,0,0,0
120841,26.25,26.59,2166,0.436,1020,-380,-13616,112,367,101,0,0,0
120844,26.25,26.59,4829,0.973,1020,-380,-13616,112,367,101,0,0,0
120849,26.25,26.59,7359,1.482,1140,-444,-13568,96,331,108,0,0,0
120854,26.25,26.59,5313,1.07,1092,-424,-13688,91,325,102,0,0,0
120860,26.25,26.59,8407,1.693,1016,-456,-13608,78,309,105,0,0,0
120865,26.25,26.59,6030,1.215,1060,-492,-13412,111,328,78,0,0,0
120870,26.25,26.59,3058,0.616,1112,-456,-13492,105,344,84,0,0,0
120874,26.25,26.59,4330,0.872,1108,-456,-13780,111,340,93,0,0,0
120879,26.25,26.59,5008,1.009,968,-440,-13504,88,325,91,0,0,0
120884,26.25,26.59,5255,1.059,996,-392,-13528,112,368,111,0,0,0
120890,26.25,26.59,4523,0.911,972,-464,-13480,102,336,102,0,0,0
120895,26.25,26.59,5102,1.028,1004,-520,-13484,70,349,88,0,0,0
120991,26.25,26.59,3091,0.623,1008,-408,-13420,96,327,82,0,0,0
121003,26.25,26.59,2589,0.521,1108,-384,-13480,86,377,76,0,0,0
121004,26.25,26.59,1438,0.29,1108,-384,-13480,86,377,76,0,0,0
121009,26.25,26.59,7471,1.505,1060,-452,-13556,90,348,110,0,0,0
121014,26.25,26.59,3498,0.705,1076,-504,-13604,108,332,118,0,0,0
121020,26.25,26.59,4566,0.92,1180,-452,-13568,101,335,110,0,0,0
121025,26.25,26.59,3446,0.694,1088,-516,-13628,66,319,89,0,0,0
121030,26.25,26.59,2545,0.513,1000,-432,-13572,82,334,84,0,0,0
121130,26.25,26.59,3103,0.625,876,-456,-12632,-97,265,90,0,0,0
121135,26.25,26.59,4957,0.998,1020,-308,-14488,195,423,96,0,0,0
121140,26.25,26.59,4632,0.933,1020,-412,-12572,182,235,95,0,0,0
121144,26.25,26.59,4848,0.977,1072,-444,-13884,-60,492,114,0,0,0
121149,26.25,26.59,5028,1.013,1148,-220,-13984,86,220,109,0,0,0
121154,26.25,26.59,2017,0.406,1048,-388,-13500,165,266,108,0,0,0
121160,26.25,26.59,5550,1.118,1128,-404,-12920,105,463,66,0,0,0
121165,26.25,26.59,4875,0.982,1148,-296,-14224,42,377,113,0,0,0
121169,26.25,26.59,3309,0.667,1040,-520,-13408,93,276,93,0,0,0
121174,26.25,26.59,6014,1.211,1028,-460,-13848,144,191,89,0,0,0
121272,26.25,26.65,2433,0.49,1052,-432,-13700,82,365,103,0,0,0
121275,26.25,26.65,3282,0.661,1052,-432,-13700,82,365,103,0,0,0
121280,26.25,26.65,4499,0.906,1096,-416,-13548,106,333,97,0,0,0
121285,26.25,26.65,5548,1.118,1004,-468,-13436,99,321,100,0,0,0
121289,26.25,26.65,5067,1.021,992,-468,-13404,70,334,85,0,0,0
121294,26.25,26.65,4993,1.006,984,-500,-13464,77,347,77,0,0,0
121299,26.25,26.65,4087,0.823,1068,-416,-13640,105,372,108,0,0,0
121305,26.25,26.65,7827,1.577,1128,-524,-13416,105,352,97,0,0,0
121310,26.25,26.65,9226,1.858,1108,-488,-13432,113,313,96,0,0,0
121315,26.25,26.65,6694,1.348,1068,-456,-13424,91,304,121,0,0,0
121391,26.25,26.65,9854,1.985,1044,-516,-13652,78,300,93,0,0,0
121394,26.25,26.65,6232,1.255,1044,-516,-13652,78,300,93,0,0,0
121399,26.25,26.65,10715,2.158,1004,-348,-13468,104,341,97,0,0,0
121404,26.25,26.65,10978,2.211,1076,-404,-13568,122,337,104,0,0,0
121410,26.25,26.65,4789,0.965,1044,-448,-13500,125,358,103,0,0,0
121415,26.25,26.65,11120,2.24,1044,-376,-13620,84,350,104,0,0,0
121419,26.25,26.65,7159,1.442,1440,-932,-12556,161,157,104,0,0,0
121519,26.25,26.65,6696,1.349,1052,-496,-13504,100,396,63,0,0,0
121544,26.25,26.65,2091,0.421,1076,-404,-13472,111,331,114,0,0,0
121545,26.25,26.65,5147,1.037,1076,-404,-13472,111,331,114,0,0,0
121549,26.25,26.65,2194,0.442,1096,-472,-13544,91,303,87,0,0,0
121555,26.25,26.65,5189,1.045,1048,-460,-13468,131,313,113,0,0,0
121560,26.25,26.65,8699,1.752,1100,-368,-13532,90,356,87,0,0,0
121564,26.25,26.65,5741,1.156,1100,-400,-13544,107,372,95,0,0,0
121569,26.25,26.65,10940,2.204,1020,-484,-13564,107,329,117,0,0,0
121574,26.25,26.65,9412,1.896,1100,-384,-13596,108,337,102,0,0,0
121579,26.25,26.65,4256,0.857,1164,-448,-13696,75,313,95,0,0,0
121585,26.25,26.65,8574,1.727,1104,-508,-13580,79,334,101,0,0,0
121590,26.25,26.65,5975,1.204,1004,-496,-13620,126,338,101,0,0,0
121594,26.25,26.65,5152,1.038,960,-456,-13504,87,345,94,0,0,0
121671,26.25,26.65,6924,1.395,992,-356,-13564,66,345,109,0,0,0
121675,26.25,26.65,5007,1.009,992,-356,-13564,66,345,109,0,0,0
121680,26.25,26.65,7580,1.527,1048,-432,-13612,101,368,106,0,0,0
121684,26.25,26.65,7028,1.416,1024,-420,-13520,116,346,87,0,0,0
121689,26.25,26.65,3360,0.677,1108,-444,-13564,111,311,84,0,0,0
121694,26.25,26.65,4418,0.89,1004,-432,-13600,98,334,115,0,0,0
121790,26.25,26.59,1695,0.341,1004,-432,-13600,98,334,115,0,0,0
121794,26.25,26.59,6352,1.279,1188,-380,-13388,126,260,120,0,0,0
121799,26.25,26.59,2264,0.456,1032,-680,-12820,37,277,89,0,0,0
121804,26.25,26.59,8453,1.703,1160,-644,-14596,426,946,88,0,0,0
121810,26.25,26.59,6628,1.335,1120,-200,-12652,30,-249,90,0,0,0
121815,26.25,26.59,7959,1.603,1052,-312,-14212,195,558,137,0,0,0
121820,26.25,26.59,5920,1.192,1000,-640,-12648,-172,275,83,0,0,0
121824,26.25,26.59,5425,1.093,700,-96,-13300,327,869,94,0,0,0
121829,26.25,26.59,5790,1.166,1392,-308,-14648,11,152,118,0,0,0
121834,26.25,26.59,5876,1.184,1368,-380,-13144,193,155,148,0,0,0
121840,26.25,26.59,2148,0.433,792,-516,-14076,26,19,111,0,0,0
121845,26.25,26.59,7679,1.547,768,-328,-12364,230,543,72,0,0,0
121850,26.25,26.59,4699,0.947,1188,-400,-13808,-26,674,102,0,0,0
121854,26.25,26.59,7628,1.536,1320,-436,-14068,80,302,97,0,0,0
121930,26.25,26.59,7947,1.601,1128,-492,-13408,116,280,101,0,0,0
121944,26.25,26.59,4434,0.893,1036,-460,-13444,90,356,98,0,0,0
121945,26.25,26.59,579,0.117,1036,-460,-13444,90,356,98,0,0,0
121950,26.25,26.59,6107,1.23,1052,-452,-13556,108,337,104,0,0,0
122048,26.25,26.59,9227,1.859,1040,-480,-13308,239,333,105,0,0,0
122050,26.25,26.59,4200,0.846,1040,-480,-13308,239,333,105,0,0,0
122055,26.25,26.59,5000,1.007,908,-396,-13476,-60,285,84,0,0,0
122059,26.25,26.59,1645,0.331,1004,-328,-13792,154,467,103,0,0,0
122064,26.25,26.59,6324,1.274,1168,-568,-13492,79,316,84,0,0,0
122069,26.25,26.59,8261,1.664,1040,-360,-13636,191,253,100,0,0,0
122074,26.25,26.59,3162,0.637,888,-508,-13328,20,330,85,0,0,0
122080,26.25,26.59,8596,1.731,1068,-412,-13624,112,403,94,0,0,0
122085,26.25,26.59,5124,1.032,1220,-360,-13572,158,317,110,0,0,0
122089,26.25,26.59,5337,1.075,1156,-468,-13656,59,290,97,0,0,0
122094,26.25,26.59,1993,0.401,960,-524,-13352,90,321,87,0,0,0
122099,26.25,26.59,3471,0.699,1072,-448,-13512,108,347,107,0,0,0
122124,26.25,26.59,6086,1.226,1116,-448,-13724,107,338,127,0,0,0
122129,26.25,26.59,5291,1.066,1088,-360,-13492,113,324,97,0,0,0
122134,26.25,26.59,9287,1.871,1068,-380,-13480,99,305,74,0,0,0
122139,26.25,26.59,7705,1.552,1000,-436,-13544,110,340,106,0,0,0
122215,26.25,26.59,609,0.123,1140,-496,-13432,171,241,101,0,0,0
122219,26.27,26.65,1095,0.221,1056,-468,-13572,113,338,117,0,0,0
122314,26.27,26.65,3081,0.621,1056,-468,-13572,113,338,117,0,0,0
122319,26.27,26.65,5117,1.031,904,-528,-13544,86,330,91,0,0,0
122325,26.27,26.65,5071,1.021,1028,-496,-13588,118,353,108,0,0,0
122330,26.27,26.65,4220,0.85,1068,-384,-13716,100,319,97,0,0,0
122335,26.27,26.65,4242,0.854,1124,-428,-13504,99,319,108,0,0,0
122339,26.27,26.65,4180,0.842,980,-400,-13608,62,340,89,0,0,0
122344,26.27,26.65,3617,0.729,1084,-360,-13752,116,371,97,0,0,0
122349,26.27,26.65,6614,1.332,1032,-456,-13680,100,360,117,0,0,0
122355,26.27,26.65,4086,0.823,1128,-380,-13656,113,315,99,0,0,0
122360,26.27,26.65,4017,0.809,984,-456,-13476,96,331,115,0,0,0
122365,26.27,26.65,2594,0.523,1140,-328,-13592,89,333,98,0,0,0
122369,26.27,26.65,3457,0.696,1096,-360,-13444,89,343,83,0,0,0
122374,26.27,26.65,3731,0.752,964,-492,-13692,107,332,108,0,0,0
122379,26.27,26.65,6744,1.358,1120,-464,-13720,78,328,107,0,0,0
122385,26.27,26.65,9995,2.013,1024,-532,-13604,92,349,97,0,0,0
122390,26.27,26.65,3551,0.715,1188,-372,-13908,175,426,108,0,0,0
122486,26.27,26.65,2798,0.564,1040,-436,-13232,98,265,106,0,0,0
122507,26.27,26.65,4303,0.867,1180,-376,-13724,18,403,93,0,0,0
122585,26.27,26.65,2748,0.554,1128,-536,-13576,79,317,96,0,0,0
122589,26.27,26.65,6431,1.295,1012,-524,-13612,115,355,105,0,0,0
122595,26.27,26.65,2493,0.502,1028,-372,-13620,93,360,119,0,0,0
122600,26.27,26.65,3910,0.788,1096,-408,-13460,100,332,83,0,0,0
122605,26.27,26.65,6685,1.347,1124,-456,-13448,116,324,91,0,0,0
122609,26.27,26.65,5464,1.101,1004,-456,-13472,104,329,102,0,0,0
122614,26.27,26.65,9120,1.837,1032,-544,-13628,112,357,86,0,0,0
122619,26.27,26.65,9972,2.009,1008,-468,-13476,94,312,97,0,0,0
122625,26.27,26.65,5161,1.04,1172,-304,-13472,127,324,102,0,0,0
122630,26.27,26.65,5140,1.035,1048,-460,-13472,85,332,100,0,0,0
122635,26.27,26.65,8135,1.639,1032,-448,-13592,92,321,75,0,0,0
122639,26.27,26.65,10535,2.122,1180,-544,-13448,93,353,113,0,0,0
122644,26.27,26.65,3297,0.664,1000,-396,-13592,95,341,96,0,0,0
122649,26.27,26.65,4147,0.835,1084,-472,-13604,123,347,107,0,0,0
122655,26.27,26.65,8136,1.639,1028,-412,-13548,109,306,94,0,0,0
122754,26.27,26.65,10829,2.181,1088,-336,-13472,84,318,108,0,0,0
122760,26.25,26.67,4653,0.937,1116,-420,-13548,114,351,99,0,0,0
122765,26.25,26.67,8969,1.807,1052,-420,-13476,97,330,101,0,0,0
122770,26.25,26.67,8565,1.725,1140,-492,-13688,104,321,111,0,0,0
122774,26.25,26.67,4645,0.936,1024,-420,-13488,104,325,100,0,0,0
122851,26.25,26.67,2724,0.549,1036,-408,-13576,98,286,84,0,0,0
122855,26.25,26.67,4548,0.916,1036,-408,-13576,98,286,84,0,0,0
122860,26.25,26.67,762,0.153,912,-508,-13716,97,320,104,0,0,0
122864,26.25,26.67,3418,0.688,1100,-392,-13520,73,370,111,0,0,0
122869,26.25,26.67,3034,0.611,1004,-400,-13512,121,357,100,0,0,0
122874,26.25,26.67,3364,0.678,1136,-424,-13500,92,323,91,0,0,0
122880,26.25,26.67,6016,1.212,976,-408,-13520,121,328,125,0,0,0
122885,26.25,26.67,4391,0.884,1044,-412,-13548,111,340,101,0,0,0
122890,26.25,26.67,5651,1.138,1044,-420,-13624,121,344,106,0,0,0
122894,26.25,26.67,5524,1.113,1024,-500,-13572,116,347,94,0,0,0
122899,26.25,26.67,4839,0.975,1080,-396,-13564,102,334,95,0,0,0
122904,26.25,26.67,6952,1.4,968,-456,-13612,98,348,96,0,0,0
123001,26.25,26.67,3736,0.753,1116,-364,-13600,139,310,120,0,0,0
123026,26.25,26.67,2426,0.489,1128,-484,-13436,105,332,106,0,0,0
123029,26.25,26.67,5125,1.032,1108,-444,-13560,98,326,102,0,0,0
123034,26.25,26.67,7747,1.56,948,-484,-13392,88,346,103,0,0,0
123040,26.25,26.67,8380,1.688,1068,-408,-13620,101,342,111,0,0,0
123045,26.25,26.67,8521,1.716,1056,-524,-13492,107,341,112,0,0,0
123050,26.25,26.67,5141,1.036,1088,-428,-13600,76,352,108,0,0,0
123054,26.25,26.67,7980,1.607,1088,-484,-13720,83,335,87,0,0,0
123155,26.25,26.67,7716,1.554,1084,-404,-13608,113,338,101,0,0,0
123160,26.25,26.67,6079,1.224,1032,-480,-13680,121,334,89,0,0,0
123164,26.25,26.67,6179,1.245,1104,-504,-13492,146,335,97,0,0,0
123169,26.25,26.67,4845,0.976,1024,-360,-13620,78,350,104,0,0,0
123174,26.25,26.67,4683,0.943,1124,-540,-13592,197,377,99,0,0,0
123179,26.25,26.67,5205,1.048,1044,-312,-13616,-9,317,81,0,0,0
123185,26.25,26.67,4661,0.939,1060,-572,-13832,134,305,100,0,0,0
123190,26.25,26.67,7139,1.438,992,-456,-13184,96,309,78,0,0,0
123194,26.25,26.67,2859,0.576,1020,-496,-13588,103,373,87,0,0,0
123199,26.25,26.67,4735,0.954,1064,-424,-13524,100,329,111,0,0,0
123294,26.27,26.61,331,0.067,1064,-424,-13524,100,329,111,0,0,0
123295,26.27,26.61,1143,0.23,1064,-424,-13524,100,329,111,0,0,0
123299,26.27,26.61,5229,1.053,1136,-480,-13584,111,358,100,0,0,0
123304,26.27,26.61,5037,1.015,1040,-456,-13556,92,337,114,0,0,0
123309,26.27,26.61,5813,1.171,1088,-464,-13576,88,350,116,0,0,0
123315,26.27,26.61,4855,0.978,1052,-380,-13416,90,351,110,0,0,0
123320,26.27,26.61,2164,0.436,1044,-504,-13580,112,350,92,0,0,0
123324,26.27,26.61,5178,1.043,1076,-456,-13476,109,339,90,0,0,0
123329,26.27,26.61,8053,1.622,1064,-512,-13600,118,323,111,0,0,0
123334,26.27,26.61,2804,0.565,1112,-500,-13464,104,344,90,0,0,0
123411,26.27,26.61,523,0.105,848,-592,-12444,-88,474,99,0,0,0
123415,26.27,26.61,2248,0.453,1432,-280,-14660,363,523,103,0,0,0
123419,26.27,26.61,5686,1.145,964,-640,-12880,90,108,114,0,0,0
123424,26.27,26.61,6438,1.297,1076,-260,-14000,31,281,98,0,0,0
123438,26.27,26.61,4922,0.991,1236,-288,-13844,43,358,112,0,0,0
123439,26.27,26.61,3215,0.648,1236,-288,-13844,43,358,112,0,0,0
123444,26.27,26.61,5028,1.013,1068,-408,-13852,69,87,105,0,0,0
123450,26.27,26.61,3704,0.746,864,-504,-13176,174,337,100,0,0,0
123455,26.27,26.61,9368,1.887,1044,-396,-13504,19,488,91,0,0,0
123554,26.27,26.61,6738,1.357,1096,-472,-13588,105,345,103,0,0,0
123559,26.27,26.61,5131,1.034,1144,-376,-13632,112,342,106,0,0,0
123565,26.27,26.61,5162,1.04,1080,-524,-13628,81,321,91,0,0,0
123570,26.27,26.61,5773,1.163,1036,-316,-13580,90,320,92,0,0,0
123575,26.27,26.61,3025,0.609,1060,-480,-13596,97,339,114,0,0,0
123579,26.27,26.61,4702,0.947,1088,-528,-13500,98,362,87,0,0,0
123584,26.27,26.61,1632,0.329,1060,-380,-13576,96,351,105,0,0,0
123589,26.27,26.61,9752,1.964,964,-508,-13536,122,329,114,0,0,0
123595,26.27,26.61,9086,1.83,1112,-448,-13496,100,359,89,0,0,0
123600,26.27,26.61,1103,0.222,1120,-416,-13696,101,333,87,0,0,0
123605,26.27,26.61,2991,0.602,1184,-436,-13808,105,314,98,0,0,0
123680,26.27,26.61,6569,1.323,1136,-464,-13516,80,329,102,0,0,0
123684,26.27,26.61,6235,1.256,988,-464,-13656,87,356,105,0,0,0
123689,26.25,26.61,2789,0.562,1068,-408,-13600,102,360,82,0,0,0
123695,26.25,26.61,3361,0.677,1016,-436,-13516,105,326,111,0,0,0
123700,26.25,26.61,6383,1.286,1088,-436,-13428,110,340,93,0,0,0
123705,26.25,26.61,10443,2.104,976,-480,-13496,112,313,74,0,0,0
123800,26.25,26.61,7762,1.563,976,-480,-13496,112,313,74,0,0,0
123805,26.25,26.61,3308,0.666,1056,-644,-13840,114,327,105,0,0,0
123810,26.25,26.61,4190,0.844,1100,-372,-12596,196,338,73,0,0,0
123815,26.25,26.61,2418,0.487,1032,-652,-13488,-27,1005,116,0,0,0
123819,26.25,26.61,3232,0.651,1500,-252,-16536,196,-83,88,0,0,0
123824,26.25,26.61,6368,1.283,916,-492,-12196,248,-129,111,0,0,0
123829,26.25,26.61,9207,1.855,792,400,-12968,-37,277,87,0,0,0
123835,26.25,26.61,3855,0.777,-60,-296,-11312,227,880,92,0,0,0
123840,26.25,26.61,3162,0.637,1764,128,-16172,197,782,70,0,0,0
123845,26.25,26.61,9620,1.938,1548,-536,-13768,-77,351,93,0,0,0
123849,26.25,26.61,6305,1.27,1148,-220,-15388,296,-605,99,0,0,0
123854,26.25,26.61,5780,1.164,532,80,-10488,65,232,87,0,0,0
123859,26.25,26.61,3560,0.717,136,-428,-12840,108,889,87,0,0,0
123865,26.25,26.61,5174,1.042,1340,-136,-14680,98,857,55,0,0,0
123941,26.25,26.61,3504,0.706,1236,-368,-14012,-266,875,67,0,0,0
123954,26.25,26.61,3911,0.788,636,-564,-13136,-49,298,118,0,0,0
123955,26.25,26.61,296,0.06,636,-564,-13136,-49,298,118,0,0,0
123959,26.25,26.61,3240,0.653,680,-272,-12872,169,919,60,0,0,0
124058,26.25,26.61,4305,0.867,1056,-512,-13156,104,356,104,0,0,0
124060,26.25,26.61,2476,0.499,1056,-512,-13156,104,356,104,0,0,0
124064,26.25,26.61,3038,0.612,1076,-456,-13640,27,380,116,0,0,0
124069,26.25,26.61,8883,1.789,1140,-600,-13664,126,400,80,0,0,0
124074,26.25,26.61,6234,1.256,1108,-444,-13808,109,224,107,0,0,0
124080,26.25,26.61,6663,1.342,1016,-500,-13260,121,269,99,0,0,0
124085,26.25,26.61,3310,0.667,972,-380,-13504,55,417,106,0,0,0
124090,26.25,26.61,3931,0.792,1048,-500,-13600,74,446,106,0,0,0
124094,26.25,26.61,2804,0.565,1180,-424,-13952,98,287,81,0,0,0
124099,26.25,26.61,5819,1.172,1084,-420,-13544,120,248,95,0,0,0
124104,26.25,26.61,3347,0.674,880,-488,-13216,77,374,111,0,0,0
124110,26.25,26.61,5524,1.113,1072,-436,-13620,70,449,88,0,0,0
124115,26.25,26.61,7521,1.515,1024,-424,-13948,96,348,98,0,0,0
124120,26.25,26.61,2420,0.487,1064,-468,-13752,111,267,95,0,0,0
124124,26.25,26.61,7590,1.529,984,-472,-13232,107,343,78,0,0,0
124129,26.25,26.61,10458,2.107,936,-516,-13504,101,409,87,0,0,0
124229,26.23,26.61,171,0.034,964,-420,-13072,43,216,83,0,0,0
124331,26.23,26.61,11751,2.367,1332,-356,-13388,314,105,118,0,0,0
124335,26.23,26.61,3951,0.796,1168,-200,-13188,93,374,124,0,0,0
124340,26.23,26.61,8026,1.617,988,-260,-14716,-80,329,105,0,0,0
124344,26.23,26.61,7307,1.472,1072,-256,-13084,204,530,74,0,0,0
124349,26.23,26.61,3807,0.767,1140,-364,-13400,160,295,63,0,0,0
124354,26.23,26.61,4889,0.985,1096,-404,-13060,83,364,127,0,0,0
124359,26.23,26.61,4413,0.889,1092,-472,-13900,-41,301,119,0,0,0
124365,26.23,26.61,12145,2.446,1088,-292,-13776,211,312,110,0,0,0
124370,26.23,26.61,8496,1.711,1100,-384,-13472,147,366,89,0,0,0
124374,26.23,26.61,7085,1.427,1076,-476,-13172,61,429,102,0,0,0
124379,26.23,26.61,3014,0.607,1044,-404,-13632,39,336,115,0,0,0
124384,26.23,26.61,5180,1.043,1024,-412,-13912,135,288,100,0,0,0
124389,26.23,26.61,6797,1.369,1140,-460,-13560,152,313,100,0,0,0
124395,26.23,26.61,5313,1.07,1032,-456,-13272,108,337,106,0,0,0
124400,26.23,26.61,2873,0.579,1092,-448,-13268,58,383,104,0,0,0
124404,26.23,26.61,5531,1.114,1056,-408,-13800,57,360,124,0,0,0
124503,26.23,26.61,6923,1.394,996,-408,-13576,117,350,91,0,0,0
124520,26.23,26.61,1301,0.262,1052,-468,-13540,122,321,70,0,0,0
124525,26.23,26.61,6759,1.361,1072,-432,-13516,102,292,97,0,0,0
124601,26.23,26.61,1952,0.393,1092,-320,-13476,84,326,100,0,0,0
124604,26.23,26.61,2925,0.589,1188,-352,-13564,87,327,106,0,0,0
124610,26.23,26.61,8022,1.616,1152,-488,-13616,99,336,92,0,0,0
124615,26.23,26.61,8316,1.675,1076,-456,-13700,104,290,86,0,0,0
124619,26.23,26.61,6887,1.387,1048,-536,-13484,113,320,88,0,0,0
124624,26.23,26.61,3222,0.649,1132,-420,-13504,81,338,93,0,0,0
124629,26.23,26.61,4462,0.899,1260,-404,-13772,96,334,109,0,0,0
124635,26.23,26.61,5790,1.166,1028,-464,-13348,93,314,102,0,0,0
124640,26.23,26.61,5143,1.036,1056,-392,-13504,119,312,97,0,0,0
124645,26.23,26.61,4911,0.989,1556,-440,-12812,103,231,88,0,0,0
124649,26.23,26.61,6913,1.392,932,400,-15168,-173,601,123,0,0,0
124654,26.23,26.61,4144,0.835,964,32,-14032,53,-86,88,0,0,0
124659,26.23,26.61,3902,0.786,1096,-1384,-9644,-206,1279,156,0,0,0
124665,26.23,26.61,4131,0.832,1728,556,-20976,628,-1222,65,0,0,0
124670,26.23,26.61,4227,0.851,808,-560,-12460,52,472,119,0,0,0
124766,26.23,26.61,3061,0.617,808,-560,-12460,52,472,119,0,0,0
124770,26.27,26.67,5179,1.043,1196,-540,-14324,150,419,111,0,0,0
124774,26.27,26.67,3419,0.689,1084,-440,-13408,97,244,100,0,0,0
124779,26.27,26.67,7430,1.497,768,-424,-14060,111,159,126,0,0,0
124784,26.27,26.67,7771,1.565,816,-408,-12496,77,386,83,0,0,0
124860,26.27,26.67,2246,0.452,1184,-208,-13708,230,682,137,0,0,0
124865,26.27,26.67,3561,0.717,1196,-944,-13172,-218,-197,97,0,0,0
124870,26.27,26.67,4397,0.886,916,-320,-13364,416,692,104,0,0,0
124874,26.27,26.67,4384,0.883,1264,-536,-13768,-197,300,93,0,0,0
124879,26.27,26.67,8166,1.645,1388,-404,-13776,329,410,113,0,0,0
124884,26.27,26.67,5440,1.096,888,-632,-13248,-31,1,97,0,0,0
124890,26.27,26.67,6070,1.223,800,-520,-13752,265,430,86,0,0,0
124895,26.27,26.67,6050,1.219,948,-488,-13284,-31,557,111,0,0,0
124900,26.27,26.67,4213,0.849,1288,-368,-14268,190,321,97,0,0,0
124904,26.27,26.67,5872,1.183,1152,-284,-13280,91,173,111,0,0,0
124909,26.27,26.67,2487,0.501,844,-532,-13608,66,261,104,0,0,0
124914,26.27,26.67,4241,0.854,924,-460,-13060,138,448,94,0,0,0
125012,26.27,26.67,4918,0.991,1008,-436,-13516,94,284,112,0,0,0
125029,26.27,26.67,2756,0.555,1124,-356,-13624,98,361,105,0,0,0
125034,26.27,26.67,4536,0.914,1180,-488,-13644,116,312,96,0,0,0
125039,26.27,26.67,7726,1.556,1012,-464,-13484,99,293,95,0,0,0
125044,26.27,26.67,2126,0.428,1100,-472,-13480,96,356,91,0,0,0
125050,26.27,26.67,9631,1.94,1000,-488,-13640,98,357,107,0,0,0
125055,26.27,26.67,2573,0.518,1120,-388,-13640,122,314,100,0,0,0
125060,26.27,26.67,3372,0.679,1060,-472,-13480,68,311,87,0,0,0
125136,26.27,26.67,4891,0.985,1056,-404,-13728,111,335,99,0,0,0
125139,26.27,26.67,2946,0.593,1144,-340,-13628,88,343,96,0,0,0
125144,26.27,26.67,6161,1.241,1124,-496,-13600,105,318,91,0,0,0
125149,26.27,26.67,5257,1.059,984,-440,-13328,101,363,86,0,0,0
125155,26.27,26.67,7179,1.446,1056,-528,-13668,80,344,111,0,0,0
125160,26.27,26.67,2909,0.586,1144,-432,-13552,100,336,80,0,0,0
125164,26.27,26.67,8368,1.686,1024,-448,-13572,105,340,104,0,0,0
125169,26.27,26.67,4835,0.974,1208,-492,-13460,108,349,93,0,0,0
125174,26.27,26.67,7089,1.428,1108,-452,-13624,97,348,101,0,0,0
125179,26.27,26.67,7160,1.442,1020,-380,-13604,119,330,77,0,0,0
125298,26.27,26.73,2645,0.533,1052,-412,-13480,100,355,98,0,0,0
125300,26.27,26.73,1321,0.266,1052,-412,-13480,100,355,98,0,0,0
125305,26.27,26.73,8624,1.737,1056,-488,-13544,75,337,100,0,0,0
125310,26.27,26.73,7022,1.414,1120,-560,-13672,113,338,113,0,0,0
125315,26.27,26.73,5678,1.144,1064,-508,-13628,102,334,98,0,0,0
125319,26.27,26.73,11120,2.24,1124,-392,-13556,96,337,71,0,0,0
125324,26.27,26.73,2759,0.556,1024,-412,-13560,91,340,88,0,0,0
125329,26.27,26.73,7833,1.578,1100,-428,-13588,85,365,112,0,0,0
125335,26.27,26.73,9431,1.9,1116,-444,-13688,92,341,98,0,0,0
125340,26.27,26.73,5037,1.015,940,-428,-13584,95,345,90,0,0,0
125415,26.27,26.73,1541,0.31,1092,-372,-13540,107,343,104,0,0,0
125419,26.27,26.73,4348,0.876,1100,-324,-13412,109,342,116,0,0,0
125424,26.27,26.73,4791,0.965,1080,-448,-13532,107,332,98,0,0,0
125434,26.27,26.73,3446,0.694,1120,-460,-13588,82,353,92,0,0,0
125440,26.27,26.73,4973,1.002,1072,-432,-13696,108,331,96,0,0,0
125445,26.27,26.73,5671,1.142,1120,-368,-13592,107,333,97,0,0,0
125450,26.27,26.73,8244,1.661,1056,-416,-13604,100,379,74,0,0,0
125454,26.27,26.73,4058,0.817,1016,-384,-13488,71,357,96,0,0,0
125553,26.27,26.73,6858,1.381,760,-572,-12260,-156,589,89,0,0,0
125555,26.27,26.73,3078,0.62,760,-572,-12260,-156,589,89,0,0,0
125560,26.27,26.73,4754,0.958,1168,-328,-14968,-49,743,93,0,0,0
125564,26.27,26.73,4232,0.852,1484,-448,-14920,248,-26,78,0,0,0
125569,26.27,26.73,8638,1.74,1036,-388,-12764,183,99,121,0,0,0
125574,26.27,26.73,5678,1.144,720,-424,-13012,-30,315,90,0,0,0
125580,26.27,26.73,5582,1.124,880,-492,-13404,50,701,110,0,0,0
125585,26.27,26.73,5595,1.127,1380,-488,-14516,52,392,77,0,0,0
125590,26.27,26.73,3562,0.717,1292,-452,-14056,235,81,86,0,0,0
125594,26.27,26.73,7739,1.559,948,-464,-12772,105,180,100,0,0,0
125599,26.27,26.73,7055,1.421,924,-580,-12928,51,550,102,0,0,0
125604,26.27,26.73,4484,0.903,1140,-424,-13832,79,491,109,0,0,0
125680,26.27,26.73,8958,1.804,1088,-368,-13740,81,367,103,0,0,0
125685,26.27,26.73,6881,1.386,1132,-396,-13816,82,291,109,0,0,0
125690,26.29,26.67,3691,0.743,1032,-472,-13360,112,281,94,0,0,0
125694,26.29,26.67,6090,1.227,1012,-356,-13256,114,302,102,0,0,0
125699,26.29,26.67,9770,1.968,1020,-424,-13612,94,371,81,0,0,0
125704,26.29,26.67,6824,1.375,992,-404,-13324,80,330,102,0,0,0
125800,26.29,26.67,2334,0.47,992,-404,-13324,80,330,102,0,0,0
125805,26.29,26.67,9841,1.982,1028,-472,-13436,110,357,85,0,0,0
125809,26.29,26.67,9456,1.905,1008,-592,-13696,60,374,70,0,0,0
125814,26.29,26.67,2875,0.579,1116,-364,-13632,164,307,116,0,0,0
125819,26.29,26.67,5643,1.137,1008,-572,-13200,47,351,101,0,0,0
125825,26.29,26.67,6604,1.33,1064,-440,-13812,141,309,93,0,0,0
125830,26.29,26.67,3625,0.73,1120,-504,-13412,133,349,114,0,0,0
125835,26.29,26.67,6521,1.314,1140,-444,-13716,73,321,93,0,0,0
125839,26.29,26.67,5237,1.055,1040,-428,-13556,63,298,120,0,0,0
125844,26.29,26.67,3150,0.634,1040,-508,-13484,152,344,85,0,0,0
125849,26.29,26.67,7791,1.569,1148,-432,-13580,85,385,94,0,0,0
125855,26.29,26.67,7619,1.535,1228,-500,-13704,100,318,97,0,0,0
125860,26.29,26.67,7099,1.43,940,-496,-13636,68,285,107,0,0,0
125865,26.29,26.67,7476,1.506,976,504,-13748,11,382,91,0,0,0
125940,26.29,26.67,1539,0.31,988,-396,-13340,101,294,110,0,0,0
125954,26.29,26.67,1581,0.318,1144,-340,-13804,159,279,99,0,0,0
125955,26.29,26.67,3267,0.658,1144,-340,-13804,159,279,99,0,0,0
125960,26.29,26.67,6684,1.346,992,-500,-13508,68,280,97,0,0,0
126059,26.29,26.67,5767,1.162,1072,-528,-13364,90,339,112,0,0,0
126060,26.29,26.67,4108,0.827,1072,-528,-13364,90,339,112,0,0,0
126064,26.29,26.67,3412,0.687,1056,-468,-13684,111,360,100,0,0,0
126070,26.29,26.67,5684,1.145,1044,-472,-13692,92,369,87,0,0,0
126075,26.29,26.67,10550,2.125,960,-400,-13660,94,317,86,0,0,0
126080,26.29,26.67,8810,1.775,964,-380,-13512,94,346,108,0,0,0
126084,26.29,26.67,10999,2.216,1044,-440,-13512,77,347,92,0,0,0
126089,26.29,26.67,6374,1.284,984,-452,-13664,127,340,99,0,0,0
126094,26.29,26.67,3964,0.798,1060,-436,-13580,87,318,100,0,0,0
126100,26.29,26.67,6035,1.216,1128,-432,-13660,103,337,95,0,0,0
126105,26.29,26.67,6149,1.239,1000,-344,-13384,72,343,97,0,0,0
126109,26.29,26.67,8235,1.659,1108,-488,-13660,124,346,107,0,0,0
126114,26.29,26.67,4683,0.943,1204,-336,-13664,94,342,110,0,0,0
126119,26.29,26.67,5332,1.074,992,-448,-13712,78,335,91,0,0,0
126124,26.29,26.67,7409,1.492,1032,-512,-13480,109,320,91,0,0,0
126130,26.29,26.67,6317,1.272,1032,-548,-13524,106,347,95,0,0,0
126205,26.29,26.67,1924,0.388,1036,-508,-13628,101,336,84,0,0,0
126209,26.29,26.67,8201,1.652,1140,-352,-13692,98,350,89,0,0,0
126330,26.27,26.65,6061,1.221,1112,-492,-13608,102,346,95,0,0,0
126335,26.27,26.65,2273,0.458,1052,-392,-13568,118,324,95,0,0,0
126339,26.27,26.65,8772,1.767,1200,-460,-13624,121,306,97,0,0,0
126344,26.27,26.65,4047,0.815,1056,-476,-13604,89,324,107,0,0,0
126349,26.27,26.65,4254,0.857,904,-452,-13560,106,356,100,0,0,0
126355,26.27,26.65,7277,1.466,968,-424,-13596,95,333,77,0,0,0
126360,26.27,26.65,10152,2.045,1140,-572,-13536,79,331,83,0,0,0
126365,26.27,26.65,6413,1.292,1092,-460,-13540,119,326,96,0,0,0
126369,26.27,26.65,9574,1.928,1072,-420,-13588,91,343,107,0,0,0
126374,26.27,26.65,9928,2.0,1136,-552,-13516,105,334,109,0,0,0
126379,26.27,26.65,10658,2.147,1168,-452,-13568,118,312,105,0,0,0
126385,26.27,26.65,12168,2.451,992,-448,-13404,102,334,103,0,0,0
126390,26.27,26.65,10987,2.213,964,-476,-13564,93,338,92,0,0,0
126395,26.27,26.65,12163,2.45,1072,-440,-13520,72,348,81,0,0,0
126399,26.27,26.65,9186,1.85,1012,-484,-13664,112,333,93,0,0,0
126404,26.27,26.65,12184,2.454,956,-360,-13592,78,310,99,0,0,0
126501,26.27,26.65,3759,0.757,1092,-412,-13532,107,349,83,0,0,0
126514,26.27,26.65,2772,0.558,1152,-316,-13516,145,316,103,0,0,0
126593,26.27,26.65,8249,1.662,1092,-456,-12648,275,420,121,0,0,0
126594,26.27,26.65,12179,2.453,1092,-456,-12648,275,420,121,0,0,0
126599,26.27,26.65,11245,2.265,1140,-320,-14732,4,-5,122,0,0,0
126604,26.27,26.65,10668,2.149,800,-572,-12020,187,615,111,0,0,0
126609,26.27,26.65,12148,2.447,1180,-284,-14736,-99,318,70,0,0,0
126615,26.27,26.65,9383,1.89,1140,-368,-12948,304,424,82,0,0,0
126620,26.27,26.65,12169,2.451,1216,-448,-13632,-18,244,110,0,0,0
126625,26.27,26.65,9984,2.011,968,-452,-13760,133,257,109,0,0,0
126629,26.27,26.65,7725,1.556,944,-608,-13224,73,346,89,0,0,0
126634,26.27,26.65,6388,1.287,1108,-400,-13720,161,503,104,0,0,0
126639,26.27,26.65,4733,0.953,1216,-396,-13424,110,242,104,0,0,0
126645,26.27,26.65,3397,0.684,1116,-572,-13496,70,284,98,0,0,0
126650,26.27,26.65,7946,1.601,968,-372,-13420,81,266,93,0,0,0
126655,26.27,26.65,6484,1.306,1128,-412,-13484,141,430,98,0,0,0
126659,26.27,26.65,6326,1.274,1184,-504,-13584,125,418,109,0,0,0
126664,26.27,26.65,5052,1.018,1060,-460,-13680,62,270,117,0,0,0
126762,26.27,26.61,6065,1.222,1040,-480,-13656,78,344,85,0,0,0
126764,26.27,26.61,4945,0.996,1220,-436,-13588,109,337,112,0,0,0
126769,26.27,26.61,12157,2.449,1084,-388,-13544,104,347,107,0,0,0
126774,26.27,26.61,7492,1.509,1288,-432,-13496,104,338,101,0,0,0
126850,26.27,26.61,7613,1.533,1112,-432,-13656,63,202,93,0,0,0
126854,26.27,26.61,7799,1.571,1032,-316,-13504,162,243,122,0,0,0
126859,26.27,26.61,11099,2.236,844,-560,-13388,105,388,100,0,0,0
126864,26.27,26.61,12176,2.453,956,-512,-13788,54,460,114,0,0,0
126870,26.27,26.61,12202,2.458,1104,-400,-13900,77,289,91,0,0,0
126875,26.27,26.61,12136,2.445,1092,-532,-13352,138,293,104,0,0,0
126880,26.27,26.61,12194,2.456,1000,-296,-13468,73,348,101,0,0,0
126884,26.27,26.61,12161,2.45,1028,-468,-13464,104,377,92,0,0,0
126889,26.27,26.61,12172,2.452,1108,-448,-13708,98,372,94,0,0,0
126894,26.27,26.61,12183,2.454,1092,-456,-13560,81,262,88,0,0,0
126900,26.27,26.61,12203,2.458,988,-484,-13476,113,331,99,0,0,0
126905,26.27,26.61,6593,1.328,1140,-384,-13620,97,365,101,0,0,0
126909,26.27,26.61,11081,2.232,1080,-468,-13592,97,350,96,0,0,0
127008,26.27,26.61,10488,2.113,712,144,-13004,-167,1129,89,0,0,0
127020,26.27,26.61,8753,1.763,1468,76,-13216,415,-569,100,0,0,0
127024,26.27,26.61,8805,1.774,1332,-456,-14408,294,-357,160,0,0,0
127029,26.27,26.61,2483,0.5,320,-796,-10168,-290,207,87,0,0,0
127035,26.27,26.61,10711,2.157,368,-392,-12520,141,1234,93,0,0,0
127040,26.27,26.61,7227,1.456,1616,-144,-16552,219,776,62,0,0,0
127045,26.27,26.61,12186,2.455,1880,-516,-13880,-84,177,120,0,0,0
127121,26.27,26.61,8185,1.649,956,-556,-13248,123,139,109,0,0,0
127124,26.27,26.61,12158,2.449,988,-532,-13032,100,401,90,0,0,0
127129,26.27,26.61,9191,1.851,1148,-384,-13476,48,497,86,0,0,0
127134,26.27,26.61,9922,1.999,1216,-412,-14032,116,277,109,0,0,0
127140,26.27,26.61,12207,2.459,1088,-376,-13508,136,159,106,0,0,0
127145,26.27,26.61,5970,1.203,820,-500,-13172,76,302,98,0,0,0
127150,26.27,26.61,2787,0.561,1016,-524,-13396,89,471,110,0,0,0
127154,26.27,26.61,7598,1.53,1388,-540,-13884,93,360,111,0,0,0
127159,26.27,26.61,10155,2.046,1184,-444,-13328,122,211,86,0,0,0
127164,26.27,26.61,11302,2.277,1032,-364,-13344,88,311,107,0,0,0
127170,26.27,26.61,10843,2.184,1244,-436,-13544,56,232,103,0,0,0
127265,26.25,26.59,1686,0.34,1244,-436,-13544,56,232,103,0,0,0
127270,26.25,26.59,5991,1.207,948,-396,-13292,83,305,101,0,0,0
127275,26.25,26.59,7774,1.566,940,-504,-13448,90,411,92,0,0,0
127280,26.25,26.59,6213,1.251,1080,-424,-13924,155,379,87,0,0,0
127284,26.25,26.59,7329,1.476,1168,-488,-13772,75,298,83,0,0,0
127289,26.25,26.59,6220,1.253,1040,-448,-13468,92,326,114,0,0,0
127294,26.25,26.59,4978,1.003,1000,-508,-13312,83,386,101,0,0,0
127300,26.25,26.59,7456,1.502,1072,-368,-13692,125,407,84,0,0,0
127305,26.25,26.59,8456,1.703,1120,-348,-13676,100,278,107,0,0,0
127405,26.25,26.59,2898,0.584,628,-792,-17664,-604,399,100,0,0,0
127410,26.25,26.59,5193,1.046,1828,-20,-11224,551,-64,110,0,0,0
127415,26.25,26.59,5788,1.166,948,-480,-15616,76,-540,114,0,0,0
127419,26.25,26.59,7190,1.448,508,-704,-10184,123,531,124,0,0,0
127424,26.25,26.59,7720,1.555,668,-100,-14696,-474,1280,82,0,0,0
127434,26.25,26.59,59,0.012,1956,-380,-14076,-370,-312,110,0,0,0
127439,26.25,26.59,5702,1.149,488,-372,-13676,199,-7,168,0,0,0
127445,26.25,26.59,6683,1.346,540,-560,-12360,1,296,70,0,0,0
127544,26.25,26.59,6413,1.292,1032,-520,-13768,85,376,100,0,0,0
127549,26.25,26.59,8310,1.674,1208,-464,-13688,104,290,109,0,0,0
127554,26.25,26.59,3829,0.771,1092,-516,-13304,62,323,84,0,0,0
127559,26.25,26.59,6861,1.382,1072,-296,-13780,107,360,99,0,0,0
127565,26.25,26.59,4600,0.927,1104,-396,-13428,73,331,95,0,0,0
127570,26.25,26.59,3920,0.79,1080,-404,-13504,119,312,122,0,0,0
127574,26.25,26.59,6571,1.324,1092,-516,-13560,101,359,104,0,0,0
127579,26.25,26.59,7955,1.602,1076,-428,-13628,76,356,89,0,0,0
127584,26.25,26.59,5770,1.162,1068,-428,-13768,115,345,108,0,0,0
127589,26.25,26.59,4066,0.819,952,-476,-13604,96,276,117,0,0,0
127595,26.25,26.59,6000,1.209,1032,-456,-13316,107,367,76,0,0,0
127600,26.25,26.59,9243,1.862,1004,-464,-13520,77,391,88,0,0,0
127676,26.25,26.59,5181,1.044,1088,-508,-13344,105,349,98,0,0,0
127680,26.25,26.59,6842,1.378,1068,-392,-13544,78,329,84,0,0,0
127685,26.27,26.59,6645,1.338,1128,-368,-13680,93,305,100,0,0,0
127690,26.27,26.59,6739,1.357,960,-500,-13664,79,279,104,0,0,0
127694,26.27,26.59,7119,1.434,1080,-416,-13696,99,338,93,0,0,0
127791,26.27,26.59,8985,1.81,1072,-332,-13616,103,293,105,0,0,0
127794,26.27,26.59,10137,2.042,1032,-376,-13560,98,353,99,0,0,0
127799,26.27,26.59,3912,0.788,1044,-492,-13572,107,335,116,0,0,0
127804,26.27,26.59,7097,1.43,1084,-472,-13624,103,369,88,0,0,0
127810,26.27,26.59,6707,1.351,1064,-432,-13536,135,363,112,0,0,0
127815,26.27,26.59,3591,0.723,1100,-456,-13700,95,300,100,0,0,0
127819,26.27,26.59,7680,1.547,1096,-380,-13356,98,344,105,0,0,0
127824,26.27,26.59,7047,1.419,1044,-372,-13420,87,377,81,0,0,0
127829,26.27,26.59,6992,1.408,1124,-412,-13408,99,335,121,0,0,0
127834,26.27,26.59,6650,1.339,1084,-504,-13512,115,318,89,0,0,0
127840,26.27,26.59,5620,1.132,992,-512,-13464,112,292,96,0,0,0
127845,26.27,26.59,6332,1.275,980,-504,-13536,98,339,87,0,0,0
127849,26.27,26.59,3300,0.665,1084,-468,-13488,117,371,92,0,0,0
127854,26.27,26.59,3464,0.698,1084,-336,-13568,125,303,84,0,0,0
127859,26.27,26.59,5496,1.107,964,-432,-13516,77,336,115,0,0,0
127935,26.27,26.59,525,0.106,1204,-500,-13600,64,248,79,0,0,0
127948,26.27,26.59,701,0.141,1084,-440,-13864,82,456,94,0,0,0
127950,26.27,26.59,3293,0.663,1084,-440,-13864,82,456,94,0,0,0
127955,26.27,26.59,9758,1.966,980,-436,-13804,137,279,106,0,0,0
128049,26.27,26.59,5680,1.144,1012,-360,-13324,89,316,95,0,0,0
128054,26.27,26.59,5041,1.015,1000,-344,-13496,75,366,101,0,0,0
128059,26.27,26.59,8229,1.658,1004,-492,-13832,83,355,99,0,0,0
128064,26.27,26.59,11623,2.341,1036,-408,-13688,95,344,83,0,0,0
128070,26.27,26.59,3688,0.743,968,-368,-13464,99,315,106,0,0,0
128075,26.27,26.59,5104,1.028,988,-488,-13484,94,327,88,0,0,0
128079,26.27,26.59,5932,1.195,1208,-560,-13660,110,319,96,0,0,0
128084,26.27,26.59,4230,0.852,1068,-492,-13284,53,379,84,0,0,0
128089,26.27,26.59,2556,0.515,888,-500,-13684,123,374,115,0,0,0
128094,26.27,26.59,5475,1.103,1204,-504,-13372,145,324,106,0,0,0
128100,26.27,26.59,12099,2.437,1140,-336,-13436,106,302,99,0,0,0
128105,26.27,26.59,7081,1.426,1076,-492,-13656,69,322,93,0,0,0
128109,26.27,26.59,2748,0.554,972,-420,-13572,81,405,86,0,0,0
128114,26.27,26.59,8536,1.719,1196,-440,-13648,153,365,103,0,0,0
128119,26.27,26.59,4572,0.921,1176,-464,-13672,101,264,100,0,0,0
128124,26.27,26.59,4215,0.849,1016,-392,-13500,70,291,86,0,0,0
128199,26.27,26.59,3683,0.742,1132,-420,-13708,69,534,95,0,0,0
128298,26.33,26.65,358,0.072,1132,-420,-13708,69,534,95,0,0,0
128299,26.33,26.65,944,0.19,1304,-432,-14100,96,339,90,0,0,0
128304,26.33,26.65,4701,0.947,1072,-476,-13652,137,208,104,0,0,0
128309,26.33,26.65,5072,1.022,928,-312,-13308,75,309,96,0,0,0
128315,26.33,26.65,6680,1.346,972,-608,-13292,231,494,96,0,0,0
128320,26.33,26.65,10665,2.148,1152,-404,-13848,-46,307,104,0,0,0
128325,26.33,26.65,4234,0.853,1200,-320,-13744,209,326,92,0,0,0
128329,26.33,26.65,4798,0.966,1080,-484,-13292,48,282,86,0,0,0
128334,26.33,26.65,5476,1.103,1096,-380,-13380,77,373,106,0,0,0
128339,26.33,26.65,10088,2.032,1020,-300,-13456,87,296,89,0,0,0
128345,26.33,26.65,8873,1.787,1080,-532,-13508,141,320,106,0,0,0
128350,26.33,26.65,4997,1.007,964,-564,-13504,62,369,107,0,0,0
128355,26.33,26.65,6358,1.281,1184,-480,-13704,79,418,81,0,0,0
128359,26.33,26.65,5620,1.132,984,-504,-13448,68,293,91,0,0,0
128364,26.33,26.65,10104,2.035,1124,-440,-13488,158,326,83,0,0,0
128369,26.33,26.65,8985,1.81,1100,-404,-13228,65,313,88,0,0,0
128494,26.33,26.65,4689,0.944,852,-852,-13240,58,156,132,0,0,0
128510,26.33,26.65,832,0.168,1068,-528,-13220,156,434,106,0,0,0
128515,26.33,26.65,5743,1.157,1152,-304,-13988,26,351,111,0,0,0
128590,26.33,26.65,2596,0.523,1124,-424,-13624,101,266,107,0,0,0
128595,26.33,26.65,4141,0.834,1020,-344,-13508,100,386,107,0,0,0
128600,26.33,26.65,5639,1.136,1060,-492,-13684,86,379,95,0,0,0
128604,26.33,26.65,5889,1.186,1112,-472,-13728,94,302,111,0,0,0
128609,26.33,26.65,3944,0.794,1040,-408,-13552,85,306,98,0,0,0
128614,26.33,26.65,2810,0.566,1060,-508,-13640,75,360,97,0,0,0
128620,26.33,26.65,10371,2.089,1116,-420,-13632,110,359,85,0,0,0
128625,26.33,26.65,5198,1.047,1064,-516,-13544,96,317,97,0,0,0
128630,26.33,26.65,9311,1.875,1060,-472,-13556,104,304,93,0,0,0
128634,26.33,26.65,7366,1.484,1020,-460,-13564,88,337,84,0,0,0
128639,26.33,26.65,3539,0.713,1128,-396,-13668,103,343,97,0,0,0
128644,26.33,26.65,7589,1.529,1076,-436,-13820,93,357,86,0,0,0
128650,26.33,26.65,11816,2.38,1072,-472,-13448,116,347,122,0,0,0
128655,26.33,26.65,7244,1.459,1040,-416,-13500,94,351,96,0,0,0
128753,26.27,26.61,5073,1.022,1112,-340,-13604,126,349,100,0,0,0
128755,26.27,26.61,1410,0.284,1112,-340,-13604,126,349,100,0,0,0
128760,26.27,26.61,6295,1.268,1088,-432,-13632,92,329,94,0,0,0
128765,26.27,26.61,2025,0.408,1072,-444,-13428,90,320,110,0,0,0
128769,26.27,26.61,5599,1.128,1176,-432,-13420,81,361,101,0,0,0
128774,26.27,26.61,3097,0.624,1048,-476,-13620,101,326,110,0,0,0
128850,26.27,26.61,6220,1.253,1104,-400,-13576,103,332,114,0,0,0
128854,26.27,26.61,9746,1.963,1020,-448,-13536,76,339,118,0,0,0
128859,26.27,26.61,3095,0.623,1068,-508,-13564,104,352,94,0,0,0
128864,26.27,26.61,2115,0.426,1132,-428,-13584,124,329,119,0,0,0
128870,26.27,26.61,5127,1.033,1044,-440,-13440,119,326,108,0,0,0
128875,26.27,26.61,6629,1.335,1064,-396,-13292,76,343,93,0,0,0
128879,26.27,26.61,8783,1.769,1052,-436,-13616,148,372,101,0,0,0
128884,26.27,26.61,5561,1.12,1212,-432,-13676,76,271,87,0,0,0
128889,26.27,26.61,3478,0.701,1108,-468,-13548,108,320,87,0,0,0
128894,26.27,26.61,4671,0.941,988,-400,-13568,88,331,90,0,0,0
128900,26.27,26.61,4106,0.827,1052,-356,-13500,83,362,108,0,0,0
128905,26.27,26.61,10369,2.089,984,-384,-13356,121,477,102,0,0,0
129000,26.27,26.61,4829,0.973,984,-384,-13356,121,477,102,0,0,0
129012,26.27,26.61,3944,0.794,1092,-432,-13724,141,284,97,0,0,0
129015,26.27,26.61,5577,1.123,1092,-388,-13380,99,219,123,0,0,0
129020,26.27,26.61,2530,0.51,984,-492,-13344,129,367,110,0,0,0
129025,26.27,26.61,5868,1.182,1084,-516,-13568,-12,435,92,0,0,0
129029,26.27,26.61,2896,0.583,1216,-436,-13932,190,400,94,0,0,0
129034,26.27,26.61,4511,0.909,1168,-388,-13368,69,215,91,0,0,0
129039,26.27,26.61,5481,1.104,1072,-480,-13404,143,295,99,0,0,0
129115,26.27,26.61,2821,0.568,1064,-492,-13660,85,341,110,0,0,0
129119,26.27,26.61,8324,1.677,1092,-432,-13624,82,327,109,0,0,0
129124,26.27,26.61,6898,1.389,1028,-456,-13468,105,311,88,0,0,0
129130,26.27,26.61,9343,1.882,1064,-436,-13616,70,316,101,0,0,0
129135,26.27,26.61,2363,0.476,968,-460,-13592,78,324,87,0,0,0
129140,26.27,26.61,8807,1.774,1152,-548,-13464,98,338,76,0,0,0
129144,26.27,26.61,3732,0.752,972,-392,-13660,97,347,84,0,0,0
129149,26.27,26.61,2240,0.451,1064,-424,-13504,82,333,106,0,0,0
129154,26.27,26.61,6821,1.374,1012,-388,-13680,112,353,108,0,0,0
129160,26.27,26.61,5930,1.194,1044,-348,-13480,110,329,100,0,0,0
129258,26.27,26.61,1854,0.373,1084,-416,-13048,157,404,114,0,0,0
129259,26.27,26.61,1680,0.338,1040,-284,-13760,45,349,92,0,0,0
129264,26.27,26.61,6714,1.352,1216,-396,-13764,168,386,93,0,0,0
129269,26.27,26.61,3803,0.766,1200,-548,-13556,31,300,96,0,0,0
129274,26.33,26.79,3448,0.695,1156,-492,-13560,139,263,98,0,0,0
129280,26.33,26.79,6899,1.39,1120,-504,-13176,35,344,97,0,0,0
129285,26.33,26.79,2319,0.467,1020,-368,-13792,94,425,92,0,0,0
129289,26.33,26.79,6482,1.306,1036,-444,-13860,127,302,109,0,0,0
129294,26.33,26.79,7166,1.443,1120,-464,-13476,100,262,110,0,0,0
129299,26.33,26.79,4695,0.946,1172,-532,-13400,85,328,103,0,0,0
129375,26.33,26.79,72,0.015,1084,-408,-13724,110,325,107,0,0,0
129379,26.33,26.79,3816,0.769,1060,-548,-13492,77,325,103,0,0,0
129385,26.33,26.79,5354,1.078,1064,-476,-13532,75,330,86,0,0,0
129390,26.33,26.79,4025,0.811,1036,-460,-13476,96,332,93,0,0,0
129394,26.33,26.79,6300,1.269,924,-452,-13720,98,332,96,0,0,0
129399,26.33,26.79,3990,0.804,1088,-440,-13496,96,348,90,0,0,0
129404,26.33,26.79,6155,1.24,1108,-492,-13548,99,339,103,0,0,0
129529,26.33,26.79,6971,1.404,1044,-500,-13124,125,426,108,0,0,0
129546,26.33,26.79,2406,0.485,964,-432,-13372,134,277,90,0,0,0
129550,26.33,26.79,5505,1.109,1100,-388,-13396,91,383,86,0,0,0
129554,26.33,26.79,2244,0.452,1072,-476,-13676,82,394,90,0,0,0
129559,26.33,26.79,4658,0.938,1040,-404,-13796,131,330,90,0,0,0
129564,26.33,26.79,5259,1.059,1020,-448,-13508,110,268,105,0,0,0
129570,26.33,26.79,3593,0.724,1120,-424,-13468,107,336,80,0,0,0
129575,26.33,26.79,5463,1.1,1140,-520,-13460,111,390,104,0,0,0
129580,26.33,26.79,10365,2.088,1120,-432,-13756,76,339,97,0,0,0
129584,26.33,26.79,7425,1.496,1088,-404,-13616,140,323,118,0,0,0
129589,26.33,26.79,4963,1.0,1076,-500,-13496,118,296,92,0,0,0
129594,26.33,26.79,6068,1.222,1080,-508,-13372,76,353,86,0,0,0
129600,26.33,26.79,7738,1.559,1136,-404,-13620,105,346,85,0,0,0
129676,26.33,26.79,1343,0.271,1168,-584,-13540,85,334,86,0,0,0
129680,26.33,26.79,1355,0.273,1200,-460,-13764,92,374,108,0,0,0
129685,26.33,26.79,4764,0.96,1032,-436,-13516,96,329,93,0,0,0
129689,26.33,26.79,10218,2.058,960,-400,-13424,102,348,103,0,0,0
129694,26.33,26.79,7724,1.556,1064,-388,-13568,105,372,85,0,0,0
129791,26.29,26.79,7274,1.465,484,-480,-14400,-488,710,76,0,0,0
129794,26.29,26.79,5319,1.071,860,-648,-13404,341,935,64,0,0,0
129799,26.29,26.79,6570,1.323,1808,-108,-14484,152,277,59,0,0,0
129804,26.29,26.79,8869,1.786,1344,-464,-13796,292,-261,146,0,0,0
129809,26.29,26.79,6936,1.397,600,-648,-12200,-193,121,112,0,0,0
129815,26.29,26.79,6956,1.401,616,-504,-13264,75,1006,77,0,0,0
129820,26.29,26.79,6658,1.341,1528,-372,-15104,269,450,65,0,0,0
129824,26.29,26.79,8311,1.674,1512,-536,-12936,64,156,125,0,0,0
129829,26.29,26.79,9455,1.905,824,-396,-13684,-54,-97,103,0,0,0
129834,26.29,26.79,4566,0.92,588,-468,-12484,165,521,114,0,0,0
129839,26.29,26.79,5508,1.109,1180,-548,-13956,82,671,76,0,0,0
129845,26.29,26.79,6218,1.252,1396,-416,-14028,90,360,107,0,0,0
129850,26.29,26.79,8427,1.697,1004,-488,-13616,109,24,89,0,0,0
129854,26.29,26.79,3367,0.678,868,-432,-12900,105,301,115,0,0,0
129859,26.29,26.79,5823,1.173,936,-516,-13588,78,509,83,0,0,0
129935,26.29,26.79,3224,0.649,940,-532,-13044,113,360,103,0,0,0
129948,26.29,26.79,2248,0.453,1140,-484,-13592,151,334,97,0,0,0
129950,26.29,26.79,2937,0.592,1124,-500,-13604,70,306,109,0,0,0
130050,26.29,26.79,4023,0.81,1132,-388,-13644,85,338,98,0,0,0
130055,26.29,26.79,7384,1.487,1196,-508,-13660,84,328,84,0,0,0
130060,26.29,26.79,7233,1.457,1080,-368,-13604,106,310,105,0,0,0
130064,26.29,26.79,6236,1.256,1064,-524,-13504,59,345,117,0,0,0
130069,26.29,26.79,2313,0.466,1080,-388,-13452,116,347,111,0,0,0
130074,26.29,26.79,4809,0.969,1052,-436,-13624,118,344,90,0,0,0
130080,26.29,26.79,6431,1.295,1008,-536,-13548,93,339,97,0,0,0
130085,26.29,26.79,8851,1.783,1140,-472,-13480,72,342,116,0,0,0
130090,26.29,26.79,6004,1.209,1200,-456,-13524,89,305,81,0,0,0
130094,26.29,26.79,12189,2.455,1068,-432,-13748,100,315,114,0,0,0
130099,26.29,26.79,5758,1.16,1132,-432,-13380,76,306,90,0,0,0
130104,26.29,26.79,4006,0.807,1032,-408,-13560,93,338,94,0,0,0
130110,26.29,26.79,5053,1.018,1024,-396,-13428,103,345,121,0,0,0
130115,26.29,26.79,7674,1.546,1088,-576,-13696,99,305,112,0,0,0
130119,26.29,26.79,6908,1.391,992,-476,-13504,107,301,102,0,0,0
130124,26.29,26.79,10202,2.055,1156,-404,-13644,86,341,98,0,0,0
130221,26.33,26.71,10,0.002,1012,-380,-13564,113,332,111,0,0,0
130301,26.33,26.71,11191,2.254,1236,-416,-13808,16,365,82,0,0,0
130305,26.33,26.71,11174,2.251,1148,-388,-14012,69,54,100,0,0,0
130310,26.33,26.71,8768,1.766,864,-584,-13052,192,330,109,0,0,0
130314,26.33,26.71,9432,1.9,1032,-436,-13532,14,470,71,0,0,0
130319,26.33,26.71,6487,1.307,1252,-504,-13868,166,459,130,0,0,0
130324,26.33,26.71,8209,1.654,1192,-584,-13672,41,163,110,0,0,0
130330,26.33,26.71,12210,2.459,936,-404,-13664,151,263,100,0,0,0
130335,26.33,26.71,7485,1.508,936,-492,-13056,64,386,91,0,0,0
130340,26.33,26.71,12225,2.462,1148,-496,-13620,66,505,79,0,0,0
130344,26.33,26.71,2234,0.45,1152,-516,-13816,88,293,98,0,0,0
130349,26.33,26.71,12131,2.444,1056,-448,-13544,110,222,84,0,0,0
130354,26.33,26.71,12178,2.453,1036,-468,-13388,83,336,94,0,0,0
130360,26.33,26.71,12218,2.461,1124,-372,-13624,78,414,88,0,0,0
130365,26.33,26.71,11194,2.255,1080,-436,-13636,107,353,88,0,0,0
130369,26.33,26.71,12150,2.447,1064,-428,-13508,49,292,90,0,0,0
130374,26.33,26.71,12212,2.46,1052,-388,-13608,92,309,101,0,0,0
130471,26.33,26.71,8879,1.788,1064,-536,-13480,82,322,101,0,0,0
130488,26.33,26.71,7259,1.462,1156,-444,-13696,96,339,88,0,0,0
130489,26.33,26.71,10574,2.13,1052,-332,-13600,100,344,108,0,0,0
130494,26.33,26.71,12143,2.446,956,-472,-13612,97,348,100,0,0,0
130594,26.33,26.71,2987,0.602,1052,-444,-13664,107,339,93,0,0,0
130599,26.33,26.71,12177,2.453,976,-380,-13536,84,335,98,0,0,0
130604,26.33,26.71,8180,1.648,1124,-428,-13504,111,341,86,0,0,0
130610,26.33,26.71,11019,2.22,1120,-328,-13764,81,334,99,0,0,0
130615,26.33,26.71,6293,1.268,1080,-448,-13516,84,335,101,0,0,0
130620,26.33,26.71,2110,0.425,1036,-500,-13672,88,353,85,0,0,0
130624,26.33,26.71,4610,0.929,1052,-420,-13392,99,334,86,0,0,0
130629,26.33,26.71,7523,1.515,1088,-468,-13620,82,323,95,0,0,0
130634,26.33,26.71,6548,1.319,1040,-380,-13564,79,346,114,0,0,0
130640,26.33,26.71,12196,2.457,996,-448,-13400,98,338,91,0,0,0
130645,26.33,26.71,9510,1.916,1080,-472,-13628,120,332,122,0,0,0
130650,26.33,26.71,5678,1.144,1040,-500,-13492,96,353,97,0,0,0
130654,26.33,26.71,9894,1.993,1112,-432,-13696,103,336,104,0,0,0
130659,26.33,26.71,8584,1.729,1008,-424,-13552,114,342,93,0,0,0
130756,26.27,26.71,6719,1.353,976,-492,-13624,89,334,107,0,0,0
130759,26.27,26.71,119,0.024,1056,-500,-13544,78,319,109,0,0,0
130764,26.27,26.71,7800,1.571,1184,-500,-13596,97,329,90,0,0,0
130770,26.27,26.71,4948,0.997,1052,-356,-13384,73,334,95,0,0,0
130775,26.27,26.71,4767,0.96,1004,-440,-13540,118,357,95,0,0,0
130780,26.27,26.71,7867,1.585,1088,-384,-13460,109,341,97,0,0,0
130855,26.27,26.71,7517,1.514,1112,-516,-13672,90,332,113,0,0,0
130860,26.27,26.71,2093,0.422,1056,-464,-13556,106,357,74,0,0,0
130865,26.27,26.71,4382,0.883,1116,-584,-13616,101,327,113,0,0,0
130870,26.27,26.71,5386,1.085,1020,-440,-13496,84,326,101,0,0,0
130874,26.27,26.71,8641,1.741,1120,-416,-13428,92,324,91,0,0,0
130879,26.27,26.71,10759,2.167,1156,-516,-13652,99,350,94,0,0,0
130884,26.27,26.71,7514,1.514,1120,-572,-13532,66,338,113,0,0,0
130890,26.27,26.71,8110,1.634,1128,-504,-13592,101,346,78,0,0,0
130895,26.27,26.71,4238,0.854,1012,-504,-13468,71,318,92,0,0,0
130900,26.27,26.71,4586,0.924,1032,-428,-13512,109,327,103,0,0,0
130904,26.27,26.71,6750,1.36,1096,-504,-13504,88,364,102,0,0,0
131002,26.27,26.71,7636,1.538,1072,-552,-13576,106,324,112,0,0,0
131016,26.27,26.71,9478,1.909,952,-492,-13544,107,365,103,0,0,0
131020,26.27,26.71,32,0.006,936,-400,-13508,121,335,77,0,0,0
131025,26.27,26.71,12215,2.46,1072,-444,-13584,95,342,99,0,0,0
131029,26.27,26.71,12189,2.455,1008,-468,-13620,85,350,100,0,0,0
131034,26.27,26.71,11674,2.351,1076,-512,-13524,92,335,93,0,0,0
131039,26.27,26.71,7452,1.501,1156,-464,-13492,96,327,111,0,0,0
131045,26.27,26.71,9165,1.846,1056,-484,-13488,100,352,116,0,0,0
131050,26.27,26.71,5382,1.084,1028,-384,-13604,107,343,95,0,0,0
131126,26.27,26.71,1673,0.337,1120,-480,-13576,98,331,81,0,0,0
131130,26.27,26.71,6651,1.34,1100,-432,-13496,90,352,107,0,0,0
131135,26.27,26.71,6638,1.337,1072,-452,-13428,104,336,67,0,0,0
131139,26.27,26.71,12131,2.444,1056,-488,-13712,95,350,89,0,0,0
131144,26.27,26.71,11403,2.297,1132,-380,-13668,99,349,117,0,0,0
131149,26.27,26.71,4475,0.901,1132,-380,-13668,99,349,117,0,0,0
131155,26.27,26.71,12163,2.45,1008,-484,-13620,116,335,118,0,0,0
131160,26.27,26.71,10076,2.03,1056,-492,-13644,87,325,112,0,0,0
131165,26.27,26.71,5155,1.038,1020,-512,-13612,81,332,88,0,0,0
131260,26.27,26.71,9623,1.938,1020,-492,-13568,102,340,101,0,0,0
131264,26.29,26.61,7955,1.602,1124,-420,-13572,62,335,95,0,0,0
131269,26.29,26.61,6034,1.215,1080,-512,-13572,95,348,90,0,0,0
131274,26.29,26.61,5255,1.059,1080,-512,-13572,95,348,90,0,0,0
131280,26.29,26.61,4911,0.989,1052,-460,-13608,104,358,104,0,0,0
131285,26.29,26.61,12204,2.458,1028,-504,-13424,101,340,111,0,0,0
131290,26.29,26.61,9001,1.813,1048,-416,-13576,123,327,92,0,0,0
131294,26.29,26.61,11231,2.262,1100,-488,-13496,110,320,104,0,0,0
131299,26.29,26.61,5331,1.074,1128,-420,-13600,85,328,96,0,0,0
131304,26.29,26.61,6942,1.398,1128,-420,-13600,85,328,96,0,0,0
131310,26.29,26.61,12156,2.449,956,-336,-13528,97,356,116,0,0,0
131386,26.29,26.61,7341,1.479,884,-416,-13596,104,317,121,0,0,0
131390,26.29,26.61,10857,2.187,940,-408,-13576,97,320,88,0,0,0
131394,26.29,26.61,9643,1.942,1072,-412,-13536,93,348,98,0,0,0
131399,26.29,26.61,10682,2.152,1072,-292,-13712,105,341,88,0,0,0
131404,26.29,26.61,8747,1.762,1072,-292,-13712,105,341,88,0,0,0
131410,26.29,26.61,11303,2.277,1096,-496,-13532,108,355,110,0,0,0
131505,26.29,26.61,2713,0.546,1156,-520,-13528,86,347,102,0,0,0
131526,26.29,26.61,4280,0.862,1100,-468,-13632,73,335,101,0,0,0
131530,26.29,26.61,7301,1.471,1040,-284,-13364,97,363,92,0,0,0
131535,26.29,26.61,7005,1.411,1108,-320,-13516,104,331,87,0,0,0
131539,26.29,26.61,9095,1.832,1164,-484,-13672,95,338,85,0,0,0
131544,26.29,26.61,5843,1.177,1164,-484,-13672,95,338,85,0,0,0
131549,26.29,26.61,5844,1.177,976,-452,-13612,77,329,111,0,0,0
131555,26.29,26.61,8744,1.761,1008,-416,-13564,81,375,99,0,0,0
131560,26.29,26.61,3949,0.795,956,-480,-13684,106,328,97,0,0,0
131565,26.29,26.61,8998,1.812,1076,-408,-13560,79,353,112,0,0,0
131569,26.29,26.61,9398,1.893,1056,-388,-13484,113,327,103,0,0,0
131590,26.29,26.61,9406,1.895,1048,-528,-13672,83,333,90,0,0,0
131594,26.29,26.61,10034,2.021,1048,-528,-13672,83,333,90,0,0,0
131600,26.29,26.61,5985,1.206,1112,-516,-13548,98,322,88,0,0,0
131675,26.29,26.61,5795,1.167,1064,-408,-13716,83,340,110,0,0,0
131679,26.29,26.61,9356,1.885,932,-440,-13560,88,338,87,0,0,0
131684,26.29,26.61,10251,2.065,932,-440,-13560,88,338,87,0,0,0
131689,26.29,26.61,12146,2.447,1116,-408,-13504,118,326,117,0,0,0
131695,26.29,26.61,10530,2.121,1160,-444,-13564,101,313,110,0,0,0
131791,26.35,26.67,2002,0.403,1160,-444,-13564,101,313,110,0,0,0
131795,26.35,26.67,6111,1.231,1020,-464,-13604,92,334,118,0,0,0
131799,26.35,26.67,8223,1.656,976,-596,-13468,93,345,118,0,0,0
131804,26.35,26.67,8442,1.7,1080,-472,-13536,74,349,109,0,0,0
131809,26.35,26.67,11872,2.391,1080,-472,-13536,74,349,109,0,0,0
131814,26.35,26.67,7919,1.595,1184,-452,-13672,124,345,126,0,0,0
131820,26.35,26.67,9347,1.883,1096,-496,-13564,113,338,101,0,0,0
131825,26.35,26.67,12169,2.451,992,-444,-13552,96,335,110,0,0,0
131829,26.35,26.67,8138,1.639,1132,-424,-13568,84,353,98,0,0,0
131834,26.35,26.67,8117,1.635,1056,-480,-13516,121,335,97,0,0,0
131839,26.35,26.67,6906,1.391,1056,-480,-13516,121,335,97,0,0,0
131844,26.35,26.67,12169,2.451,1140,-448,-13628,102,311,111,0,0,0
131850,26.35,26.67,9029,1.819,992,-488,-13632,90,339,103,0,0,0
131855,26.35,26.67,9928,2.0,1180,-376,-13464,115,342,102,0,0,0
131859,26.35,26.67,8198,1.651,1036,-540,-13540,109,327,96,0,0,0
131936,26.35,26.67,8517,1.716,1156,-468,-13568,99,341,78,0,0,0
131954,26.35,26.67,5,0.001,1064,-436,-13600,74,325,103,0,0,0
131955,26.35,26.67,7920,1.595,1132,-496,-13696,108,350,90,0,0,0
132053,26.35,26.67,10294,2.074,1072,-380,-13656,96,344,90,0,0,0
132055,26.35,26.67,1125,0.227,1112,-476,-13664,109,322,89,0,0,0
132059,26.35,26.67,7958,1.603,1068,-536,-13552,101,333,105,0,0,0
132064,26.35,26.67,8011,1.614,1068,-536,-13552,101,333,105,0,0,0
132069,26.35,26.67,5350,1.078,1080,-420,-13480,111,331,115,0,0,0
132074,26.35,26.67,4800,0.967,1068,-464,-13468,104,332,94,0,0,0
132080,26.35,26.67,6976,1.405,1036,-508,-13436,101,320,106,0,0,0
132085,26.35,26.67,8922,1.797,1044,-448,-13508,91,345,105,0,0,0
132089,26.35,26.67,5489,1.106,1076,-504,-13488,97,335,101,0,0,0
132094,26.35,26.67,7714,1.554,1076,-504,-13488,97,335,101,0,0,0
132099,26.35,26.67,12124,2.442,1092,-404,-13540,110,327,91,0,0,0
132105,26.35,26.67,6160,1.241,1064,-476,-13636,76,331,88,0,0,0
132110,26.35,26.67,3224,0.649,1116,-416,-13428,83,336,91,0,0,0
132115,26.35,26.67,8175,1.647,1060,-484,-13664,90,345,84,0,0,0
132119,26.35,26.67,11860,2.389,1096,-408,-13504,102,335,106,0,0,0
132124,26.35,26.67,6768,1.363,1096,-408,-13504,102,335,106,0,0,0
132129,26.35,26.67,6753,1.36,1096,-400,-13540,113,336,99,0,0,0
132305,26.29,26.71,4952,0.997,1000,-1264,-13680,-1072,1077,28,0,0,0
132309,26.29,26.71,4191,0.844,1000,-1264,-13680,-1072,1077,28,0,0,0
132315,26.29,26.71,12175,2.452,1708,-680,-14984,3,-751,127,0,0,0
132320,26.29,26.71,12169,2.451,1120,-520,-12824,334,-420,124,0,0,0
132324,26.29,26.71,12167,2.451,1120,-520,-12824,334,-420,124,0,0,0
132329,26.29,26.71,12133,2.444,432,-624,-11208,-295,126,91,0,0,0
132334,26.29,26.71,9740,1.962,384,-372,-12548,412,1025,69,0,0,0
132339,26.29,26.71,11364,2.289,1224,-416,-14392,-125,1512,64,0,0,0
132345,26.29,26.71,11282,2.273,1088,-468,-13756,338,-555,143,0,0,0
132350,26.29,26.71,6402,1.29,632,-448,-12888,116,-151,103,0,0,0
132354,26.29,26.71,11156,2.247,632,-448,-12888,116,-151,103,0,0,0
132359,26.29,26.71,8136,1.639,616,-608,-11296,85,883,82,0,0,0
132364,26.29,26.71,12162,2.45,1184,-376,-15312,-72,1119,70,0,0,0
132370,26.29,26.71,4679,0.942,1304,-488,-14112,155,-382,119,0,0,0
132375,26.29,26.71,4768,0.96,664,-592,-12568,24,191,91,0,0,0
132380,26.29,26.71,7021,1.414,640,-272,-12612,208,898,110,0,0,0
132476,26.29,26.71,5857,1.18,1288,-468,-13768,100,212,93,0,0,0
132493,26.29,26.71,7701,1.551,1096,-400,-13572,85,514,97,0,0,0
132494,26.29,26.71,2781,0.56,1096,-400,-13572,85,514,97,0,0,0
132499,26.29,26.71,6412,1.292,1288,-344,-13760,105,355,92,0,0,0
132601,26.29,26.71,3732,0.752,1000,-480,-13592,108,346,86,0,0,0
132605,26.29,26.71,4355,0.877,1068,-388,-13648,116,342,96,0,0,0
132610,26.29,26.71,3988,0.803,1092,-588,-13580,110,319,96,0,0,0
132614,26.29,26.71,9202,1.854,1092,-588,-13580,110,319,96,0,0,0
132619,26.29,26.71,12131,2.444,1044,-452,-13424,74,329,79,0,0,0
132624,26.29,26.71,10440,2.103,1064,-436,-13732,91,377,96,0,0,0
132629,26.29,26.71,10782,2.172,1080,-384,-13696,95,343,85,0,0,0
132635,26.29,26.71,10222,2.059,1032,-516,-13364,99,300,82,0,0,0
132640,26.29,26.71,9380,1.889,1124,-524,-13568,88,372,93,0,0,0
132644,26.29,26.71,8525,1.717,1124,-524,-13568,88,372,93,0,0,0
132649,26.29,26.71,5333,1.074,1192,-448,-13784,64,400,96,0,0,0
132654,26.29,26.71,10818,2.179,1208,-452,-13764,102,310,96,0,0,0
132660,26.29,26.71,7861,1.583,1056,-556,-13248,94,344,116,0,0,0
132665,26.29,26.71,6644,1.338,1172,-512,-13548,79,400,88,0,0,0
132764,26.29,26.71,10073,2.029,1008,-432,-13736,95,344,95,0,0,0
132770,26.29,26.71,6749,1.359,1016,-516,-13408,131,353,112,0,0,0
132775,26.29,26.71,5274,1.062,1088,-428,-13504,99,368,107,0,0,0
132780,26.29,26.71,7254,1.461,1088,-428,-13504,99,368,107,0,0,0
132784,26.29,26.71,5148,1.037,1068,-312,-13476,20,419,101,0,0,0
132789,26.29,26.71,9941,2.002,1076,-464,-13904,139,344,99,0,0,0
132865,26.29,26.71,2556,0.515,1072,-388,-13428,116,343,93,0,0,0
132870,26.29,26.71,9707,1.955,1004,-496,-13364,103,348,97,0,0,0
132875,26.29,26.71,8448,1.702,1132,-428,-13672,111,340,97,0,0,0
132880,26.29,26.71,11856,2.388,1132,-428,-13672,111,340,97,0,0,0
132884,26.29,26.71,6499,1.309,956,-416,-13376,83,314,99,0,0,0
132889,26.29,26.71,11320,2.28,988,-448,-13708,105,327,79,0,0,0
132894,26.29,26.71,5992,1.207,1020,-452,-13352,98,336,95,0,0,0
132900,26.29,26.71,10466,2.108,1016,-460,-13644,96,316,109,0,0,0
132905,26.29,26.71,6985,1.407,1016,-460,-13644,96,316,109,0,0,0
132909,26.29,26.71,9082,1.829,964,-436,-13368,84,359,99,0,0,0
132914,26.29,26.71,8610,1.734,1104,-544,-13268,128,349,93,0,0,0
133010,26.29,26.71,3815,0.768,1036,-468,-13536,100,441,86,0,0,0
133031,26.29,26.71,5235,1.054,976,-404,-12984,120,382,90,0,0,0
133034,26.29,26.71,1980,0.399,976,-404,-12984,120,382,90,0,0,0
133039,26.29,26.71,6048,1.218,1140,-376,-13628,43,493,96,0,0,0
133044,26.29,26.71,8075,1.627,1336,-412,-14140,102,308,94,0,0,0
133050,26.29,26.71,9401,1.894,792,-500,-13004,105,215,102,0,0,0
133055,26.29,26.71,12192,2.456,792,-500,-13004,105,215,102,0,0,0
133059,26.29,26.71,9493,1.912,1056,-484,-13352,56,468,87,0,0,0
133064,26.29,26.71,5528,1.113,1024,-432,-14008,98,444,99,0,0,0
133140,26.29,26.71,1175,0.237,1000,-384,-13608,116,256,98,0,0,0
133145,26.29,26.71,3026,0.61,984,-412,-13276,65,334,78,0,0,0
133149,26.29,26.71,8009,1.613,1016,-556,-13184,82,459,84,0,0,0
133154,26.29,26.71,8590,1.73,1044,-360,-14016,76,347,91,0,0,0
133159,26.29,26.71,12149,2.447,1084,-532,-13664,135,251,111,0,0,0
133164,26.29,26.71,9474,1.908,896,-440,-13496,85,316,103,0,0,0
133170,26.29,26.71,6034,1.215,964,-428,-13644,79,394,100,0,0,0
133175,26.29,26.71,2045,0.412,964,-428,-13644,79,394,100,0,0,0
133179,26.29,26.71,8314,1.675,1088,-372,-13408,127,311,97,0,0,0
133275,26.33,26.59,3097,0.624,1128,-456,-13520,69,285,103,0,0,0
133280,26.33,26.59,4516,0.91,1008,-492,-13684,53,341,90,0,0,0
133285,26.33,26.59,4441,0.895,1008,-492,-13684,53,341,90,0,0,0
133290,26.33,26.59,5032,1.014,1072,-412,-13476,93,397,88,0,0,0
133294,26.33,26.59,6649,1.339,1072,-492,-13568,84,356,96,0,0,0
133299,26.33,26.59,840,0.169,1116,-516,-13616,78,311,109,0,0,0
133304,26.33,26.59,3704,0.746,1004,-480,-13524,83,305,117,0,0,0
133310,26.33,26.59,6556,1.321,1100,-424,-13716,94,351,90,0,0,0
133315,26.33,26.59,1957,0.394,1100,-424,-13716,94,351,90,0,0,0
133320,26.33,26.59,7654,1.542,1100,-532,-13536,101,321,91,0,0,0
133324,26.33,26.59,2315,0.466,980,-476,-13628,73,324,102,0,0,0
133400,26.33,26.59,1669,0.336,1092,-372,-13608,93,336,90,0,0,0
133405,26.33,26.59,4571,0.921,1124,-404,-13648,100,327,85,0,0,0
133409,26.33,26.59,8608,1.734,980,-432,-13572,82,341,112,0,0,0
133414,26.33,26.59,6731,1.356,960,-440,-13552,106,350,108,0,0,0
133419,26.33,26.59,6630,1.335,1064,-468,-13668,101,342,86,0,0,0
133425,26.33,26.59,5339,1.075,1024,-352,-13424,78,342,103,0,0,0
133533,26.33,26.59,897,0.181,1036,-548,-13496,114,359,110,0,0,0
133535,26.33,26.59,1349,0.272,1036,-548,-13496,114,359,110,0,0,0
133540,26.33,26.59,7184,1.447,1092,-448,-13592,94,326,88,0,0,0
133544,26.33,26.59,10230,2.061,1032,-388,-13572,127,340,117,0,0,0
133549,26.33,26.59,12217,2.461,1156,-496,-13584,85,356,100,0,0,0
133554,26.33,26.59,8490,1.71,1012,-444,-13640,111,338,94,0,0,0
133560,26.33,26.59,8519,1.716,1136,-472,-13620,125,341,86,0,0,0
133565,26.33,26.59,4597,0.926,1136,-472,-13620,125,341,86,0,0,0
133570,26.33,26.59,6844,1.379,1020,-468,-13392,106,320,94,0,0,0
133574,26.33,26.59,4328,0.872,1116,-500,-13608,114,350,108,0,0,0
133596,26.33,26.59,7664,1.544,1200,-480,-13432,108,349,97,0,0,0
133599,26.33,26.59,6462,1.302,1200,-480,-13432,108,349,97,0,0,0
133604,26.33,26.59,9164,1.846,1136,-472,-13600,103,317,96,0,0,0
133610,26.33,26.59,9795,1.973,1076,-436,-13608,111,348,104,0,0,0
133686,26.33,26.59,51,0.01,1136,-416,-13744,100,350,88,0,0,0
133690,26.33,26.59,5996,1.208,1132,-432,-13532,93,317,93,0,0,0
133695,26.33,26.59,8046,1.621,1132,-432,-13532,93,317,93,0,0,0
133700,26.33,26.59,4986,1.004,1096,-420,-13648,111,328,93,0,0,0
133705,26.33,26.59,2604,0.525,1180,-504,-13528,113,338,108,0,0,0
133800,26.29,26.59,8505,1.713,1172,-460,-13484,87,319,110,0,0,0
133804,26.29,26.59,4134,0.833,1172,-460,-13484,87,319,110,0,0,0
133809,26.29,26.59,7898,1.591,1008,-528,-13456,108,324,109,0,0,0
133815,26.29,26.59,7307,1.472,1012,-428,-13724,79,332,108,0,0,0
133820,26.29,26.59,6342,1.277,1036,-424,-13636,108,326,101,0,0,0
133825,26.29,26.59,9201,1.853,1020,-312,-13604,99,331,81,0,0,0
133829,26.29,26.59,3910,0.788,1120,-392,-13492,85,359,97,0,0,0
133834,26.29,26.59,5956,1.2,1064,-384,-13564,115,330,84,0,0,0
133839,26.29,26.59,10614,2.138,1012,-384,-13688,118,329,83,0,0,0
133845,26.29,26.59,6723,1.354,1008,-408,-13552,83,340,107,0,0,0
133850,26.29,26.59,12155,2.448,992,-448,-13604,93,352,119,0,0,0
133855,26.29,26.59,573,0.115,1040,-424,-13652,98,335,99,0,0,0
133859,26.29,26.59,7090,1.428,1024,-512,-13488,115,333,103,0,0,0
133864,26.29,26.59,6240,1.257,1056,-436,-13640,95,330,100,0,0,0
133869,26.29,26.59,7499,1.511,1052,-436,-13512,109,346,90,0,0,0
133945,26.29,26.59,3384,0.682,1120,-388,-13536,96,331,108,0,0,0
133957,26.29,26.59,1206,0.243,1140,-364,-13596,112,330,94,0,0,0
133960,26.29,26.59,4354,0.877,1140,-364,-13596,112,330,94,0,0,0
134058,26.29,26.59,3667,0.739,984,-512,-13560,77,317,82,0,0,0
134060,26.29,26.59,4109,0.828,984,-512,-13560,77,317,82,0,0,0
134065,26.29,26.59,4672,0.941,1012,-396,-13664,109,348,99,0,0,0
134070,26.29,26.59,5813,1.171,1020,-456,-13416,90,360,96,0,0,0
134074,26.29,26.59,9585,1.931,1128,-496,-13480,74,345,119,0,0,0
134079,26.29,26.59,4453,0.897,1072,-552,-13544,118,288,111,0,0,0
134084,26.29,26.59,2917,0.588,1124,-516,-13392,95,292,100,0,0,0
134090,26.29,26.59,10560,2.127,1012,-588,-13532,92,328,74,0,0,0
134095,26.29,26.59,1568,0.316,1020,-572,-13672,60,335,87,0,0,0
134100,26.29,26.59,7307,1.472,1024,-512,-13468,116,345,116,0,0,0
134104,26.29,26.59,7399,1.49,928,-416,-13632,82,319,101,0,0,0
134109,26.29,26.59,8151,1.642,984,-484,-13564,91,341,78,0,0,0
134114,26.29,26.59,7948,1.601,1088,-384,-13676,63,355,98,0,0,0
134120,26.29,26.59,6585,1.326,1124,-456,-13532,106,332,110,0,0,0
134125,26.29,26.59,6205,1.25,1044,-352,-13608,84,299,80,0,0,0
134129,26.29,26.59,10052,2.025,1132,-512,-13420,76,350,105,0,0,0
134134,26.29,26.59,10020,2.018,1020,-496,-13632,97,334,88,0,0,0
134309,26.33,26.59,2456,0.495,1148,-468,-13552,96,335,92,0,0,0
134310,26.33,26.59,5068,1.021,1064,-560,-13700,96,322,101,0,0,0
134314,26.33,26.59,5780,1.164,1064,-560,-13700,96,322,101,0,0,0
134320,26.33,26.59,8074,1.626,1164,-404,-13488,76,340,83,0,0,0
134325,26.33,26.59,3810,0.767,1032,-384,-13804,83,348,111,0,0,0
134330,26.33,26.59,4857,0.978,1116,-428,-13600,109,348,82,0,0,0
134334,26.33,26.59,9265,1.866,1124,-460,-13560,95,334,93,0,0,0
134339,26.33,26.59,4398,0.886,1016,-420,-13592,119,323,102,0,0,0
134344,26.33,26.59,10040,2.022,1076,-416,-13680,75,330,84,0,0,0
134350,26.33,26.59,10385,2.092,1164,-452,-13712,105,363,90,0,0,0
134355,26.33,26.59,7643,1.54,1116,-372,-13572,83,337,90,0,0,0
134360,26.33,26.59,8370,1.686,1064,-484,-13632,93,370,91,0,0,0
134364,26.33,26.59,9519,1.917,1008,-512,-13556,115,328,107,0,0,0
134369,26.33,26.59,9862,1.986,1196,-392,-13600,117,321,91,0,0,0
134374,26.33,26.59,7880,1.587,1120,-328,-13692,111,303,94,0,0,0
134380,26.33,26.59,8513,1.715,968,-452,-13532,105,342,106,0,0,0
134385,26.33,26.59,10184,2.051,1064,-480,-13344,39,437,87,0,0,0
134479,26.33,26.59,2783,0.561,1064,-480,-13344,39,437,87,0,0,0
134497,26.33,26.59,316,0.064,1288,-424,-13144,64,458,96,0,0,0
134499,26.33,26.59,7466,1.504,1288,-424,-13144,64,458,96,0,0,0
134575,26.33,26.59,1239,0.25,1016,-408,-13492,101,248,104,0,0,0
134599,26.33,26.59,10114,2.037,920,-504,-13308,96,384,117,0,0,0
134604,26.33,26.59,9300,1.873,1088,-532,-13656,84,396,110,0,0,0
134609,26.33,26.59,4898,0.987,1264,-408,-13572,81,372,87,0,0,0
134614,26.33,26.59,2734,0.551,1016,-356,-13776,121,236,109,0,0,0
134620,26.33,26.59,8066,1.625,936,-332,-13456,96,278,100,0,0,0
134625,26.33,26.59,6175,1.244,1024,-356,-13444,66,448,103,0,0,0
134630,26.33,26.59,6128,1.234,1252,-440,-13832,79,400,93,0,0,0
134634,26.33,26.59,6477,1.305,1012,-524,-13492,99,262,92,0,0,0
134639,26.33,26.59,3363,0.677,1036,-492,-13784,116,248,107,0,0,0
134644,26.33,26.59,5163,1.04,948,-628,-13320,35,355,97,0,0,0
134650,26.33,26.59,6525,1.314,1040,-264,-13552,96,440,103,0,0,0
134655,26.33,26.59,7256,1.462,1212,-392,-13624,110,281,117,0,0,0
134660,26.33,26.59,6876,1.385,964,-332,-13244,117,285,88,0,0,0
134664,26.33,26.59,5573,1.123,932,-420,-13680,67,315,117,0,0,0
134763,26.35,26.83,3616,0.728,952,-408,-13520,106,353,106,0,0,0
134765,26.35,26.83,4229,0.852,952,-408,-13520,106,353,106,0,0,0
134770,26.35,26.83,4345,0.875,1056,-516,-13520,96,318,110,0,0,0
134775,26.35,26.83,5357,1.079,980,-488,-13400,93,372,112,0,0,0
134780,26.35,26.83,6716,1.353,1168,-500,-13600,54,350,102,0,0,0
134855,26.35,26.83,3351,0.675,1108,-440,-13412,101,334,106,0,0,0
134859,26.35,26.83,5500,1.108,1028,-400,-13612,110,354,93,0,0,0
134864,26.35,26.83,8533,1.719,1044,-424,-13412,83,355,85,0,0,0
134870,26.35,26.83,8559,1.724,1072,-556,-13620,112,343,105,0,0,0
134875,26.35,26.83,4503,0.907,1108,-488,-13692,73,309,103,0,0,0
134880,26.35,26.83,6103,1.229,1108,-500,-13316,107,372,104,0,0,0
134884,26.35,26.83,6409,1.291,1112,-380,-13588,103,330,99,0,0,0
134889,26.35,26.83,6718,1.353,1080,-484,-13416,118,311,95,0,0,0
134894,26.35,26.83,4706,0.948,1024,-472,-13436,105,301,98,0,0,0
134900,26.35,26.83,6160,1.241,1092,-552,-13480,100,337,97,0,0,0
134905,26.35,26.83,8158,1.643,1064,-496,-13636,73,334,96,0,0,0
134910,26.35,26.83,7603,1.531,1084,-444,-13704,107,376,100,0,0,0
134914,26.35,26.83,5009,1.009,1040,-512,-13560,99,340,104,0,0,0
135010,26.35,26.83,1449,0.292,1040,-512,-13560,99,340,104,0,0,0
135022,26.35,26.83,2647,0.533,980,-456,-13724,99,327,100,0,0,0
135025,26.35,26.83,6724,1.354,980,-456,-13724,99,327,100,0,0,0
135030,26.35,26.83,6071,1.223,1016,-492,-13664,106,351,94,0,0,0
135034,26.35,26.83,9558,1.925,1108,-340,-13524,92,357,92,0,0,0
135039,26.35,26.83,4004,0.807,1040,-468,-13504,93,344,88,0,0,0
135044,26.35,26.83,2810,0.566,1064,-420,-13508,109,337,95,0,0,0
135120,26.35,26.83,5170,1.041,1132,-464,-13680,102,339,106,0,0,0
135124,26.35,26.83,5154,1.038,1004,-508,-13584,87,360,107,0,0,0
135130,26.35,26.83,3180,0.641,980,-432,-13576,119,312,104,0,0,0
135135,26.35,26.83,7739,1.559,1092,-408,-13688,102,345,94,0,0,0
135139,26.35,26.83,6712,1.352,1112,-404,-13684,104,331,87,0,0,0
135144,26.35,26.83,1849,0.372,1008,-452,-13588,99,357,99,0,0,0
135149,26.35,26.83,3516,0.708,1028,-476,-13672,91,356,91,0,0,0
135155,26.35,26.83,7401,1.491,1012,-384,-13620,104,348,89,0,0,0
135160,26.35,26.83,4408,0.888,1128,-336,-13564,83,330,85,0,0,0
135165,26.35,26.83,5367,1.081,996,-344,-13568,85,349,81,0,0,0
135169,26.35,26.83,9303,1.874,1092,-516,-13588,98,362,70,0,0,0
135267,26.29,26.77,4765,0.96,1092,-464,-13636,93,343,88,0,0,0
135269,26.29,26.77,4429,0.892,1092,-464,-13636,93,343,88,0,0,0
135274,26.29,26.77,4231,0.852,1060,-372,-13508,110,323,80,0,0,0
135279,26.29,26.77,6926,1.395,1064,-424,-13508,91,344,94,0,0,0
135285,26.29,26.77,5908,1.19,1028,-484,-13608,94,357,95,0,0,0
135290,26.29,26.77,862,0.174,1016,-436,-13644,101,334,107,0,0,0
135295,26.29,26.77,8325,1.677,1028,-488,-13448,119,342,116,0,0,0
135299,26.29,26.77,6638,1.337,1124,-428,-13516,93,326,88,0,0,0
135304,26.29,26.77,10012,2.017,1140,-468,-13640,108,314,115,0,0,0
135380,26.29,26.77,7487,1.508,1108,-408,-13360,95,365,90,0,0,0
135385,26.29,26.77,4834,0.974,1020,-472,-13668,81,336,90,0,0,0
135390,26.29,26.77,8563,1.725,1148,-392,-13536,109,345,112,0,0,0
135394,26.29,26.77,5098,1.027,1152,-480,-13660,112,301,97,0,0,0
135399,26.29,26.77,2686,0.541,1052,-472,-13484,94,333,116,0,0,0
135404,26.29,26.77,7786,1.568,1076,-428,-13720,92,356,102,0,0,0
135410,26.29,26.77,11100,2.236,1032,-524,-13704,106,357,102,0,0,0
135415,26.29,26.77,6969,1.404,1108,-396,-13444,104,320,98,0,0,0
135513,26.29,26.77,6379,1.285,1056,-440,-13568,71,335,97,0,0,0
135526,26.29,26.77,1609,0.324,988,-400,-13652,108,352,105,0,0,0
135529,26.29,26.77,12189,2.455,916,-392,-13372,80,345,96,0,0,0
135534,26.29,26.77,12179,2.453,1076,-452,-13552,73,305,91,0,0,0
135539,26.29,26.77,12195,2.456,1064,-528,-13764,74,333,100,0,0,0
135545,26.29,26.77,12215,2.46,920,-532,-13584,109,364,114,0,0,0
135550,26.29,26.77,11399,2.296,1072,-364,-13472,115,335,107,0,0,0
135555,26.29,26.77,6933,1.397,1052,-440,-13428,83,349,90,0,0,0
135559,26.29,26.77,12200,2.457,1140,-424,-13552,87,335,110,0,0,0
135564,26.29,26.77,12171,2.452,1040,-504,-13560,90,349,115,0,0,0
135569,26.29,26.77,12197,2.457,1044,-356,-13272,116,359,84,0,0,0
135575,26.29,26.77,8327,1.677,1060,-348,-13548,99,305,91,0,0,0
135675,26.29,26.77,5976,1.204,1096,-344,-13604,96,342,94,0,0,0
135680,26.29,26.77,12120,2.441,980,-692,-13744,116,363,97,0,0,0
135685,26.29,26.77,5859,1.18,1140,-312,-13452,88,341,102,0,0,0
135690,26.29,26.77,7885,1.588,1100,-404,-13508,86,321,104,0,0,0
135694,26.29,26.77,10065,2.027,948,-444,-13584,85,349,107,0,0,0
135699,26.29,26.77,10648,2.145,1084,-340,-13544,104,362,87,0,0,0
135794,26.33,26.77,6122,1.233,1084,-340,-13544,104,362,87,0,0,0
135799,26.33,26.77,6781,1.366,1160,-440,-13576,119,289,101,0,0,0
135804,26.33,26.77,11894,2.396,1044,-528,-13536,83,301,85,0,0,0
135810,26.33,26.77,10918,2.199,1076,-268,-13620,86,367,92,0,0,0
135815,26.33,26.77,10415,2.098,924,-492,-13632,124,392,102,0,0,0
135820,26.33,26.77,8046,1.621,1200,-416,-13580,103,350,98,0,0,0
135824,26.33,26.77,8483,1.709,1008,-512,-13432,137,330,94,0,0,0
135829,26.33,26.77,8446,1.701,1052,-436,-13636,102,313,83,0,0,0
135834,26.33,26.77,7103,1.431,1160,-456,-13544,68,365,107,0,0,0
135840,26.33,26.77,9760,1.966,1084,-420,-13612,114,344,96,0,0,0
135845,26.33,26.77,8569,1.726,1248,-452,-13576,113,313,95,0,0,0
135850,26.33,26.77,9446,1.903,888,-464,-13552,100,313,89,0,0,0
135854,26.33,26.77,7071,1.424,1044,-420,-13456,82,332,101,0,0,0
135859,26.33,26.77,8212,1.654,1020,-352,-13668,85,345,90,0,0,0
135935,26.33,26.77,10040,2.022,1096,-504,-13480,115,306,108,0,0,0
135959,26.33,26.77,10030,2.02,1044,-380,-13600,143,314,80,0,0,0
135964,26.33,26.77,12181,2.454,1112,-432,-13508,103,292,97,0,0,0
136064,26.33,26.77,11779,2.373,1024,-400,-13604,68,348,99,0,0,0
136065,26.33,26.77,3809,0.767,1024,-400,-13604,68,348,99,0,0,0
136070,26.33,26.77,12137,2.445,1112,-336,-13628,110,374,107,0,0,0
136075,26.33,26.77,9914,1.997,1128,-464,-13396,100,323,104,0,0,0
136080,26.33,26.77,10782,2.172,1112,-560,-13644,129,307,95,0,0,0
136084,26.33,26.77,2679,0.54,1076,-332,-13552,109,349,114,0,0,0
136089,26.33,26.77,7933,1.598,1068,-408,-13336,92,325,94,0,0,0
136094,26.33,26.77,12158,2.449,1132,-348,-13732,128,332,77,0,0,0
136100,26.33,26.77,11717,2.36,1012,-592,-13504,91,329,104,0,0,0
136105,26.33,26.77,12196,2.457,1124,-392,-13652,86,338,102,0,0,0
136110,26.33,26.77,5046,1.016,1064,-444,-13568,95,327,86,0,0,0
136114,26.33,26.77,7781,1.567,1036,-456,-13480,107,323,114,0,0,0
136119,26.33,26.77,7760,1.563,1076,-452,-13676,90,345,104,0,0,0
136124,26.33,26.77,7198,1.45,1052,-456,-13460,95,364,98,0,0,0
136130,26.33,26.77,8648,1.742,1152,-244,-13680,89,344,84,0,0,0
136135,26.33,26.77,10065,2.027,1084,-544,-13616,103,325,104,0,0,0
136140,26.33,26.77,11543,2.325,1160,-376,-13528,85,357,104,0,0,0
136313,26.37,26.83,6906,1.391,1060,-424,-13440,84,344,101,0,0,0
136314,26.37,26.83,372,0.075,1060,-424,-13440,84,344,101,0,0,0
136319,26.37,26.83,11856,2.388,1016,-468,-13544,79,347,86,0,0,0
136324,26.37,26.83,11844,2.386,1004,-328,-13588,116,325,118,0,0,0
136330,26.37,26.83,5465,1.101,1100,-324,-13540,77,323,79,0,0,0
136335,26.37,26.83,8221,1.656,1000,-540,-13648,108,341,96,0,0,0
136340,26.37,26.83,8441,1.7,1132,-472,-13752,90,339,99,0,0,0
136344,26.37,26.83,8705,1.753,1116,-440,-13488,110,319,99,0,0,0
136349,26.37,26.83,12138,2.445,1112,-460,-13620,89,329,87,0,0,0
136354,26.37,26.83,6193,1.247,1052,-480,-13444,120,342,120,0,0,0
136360,26.37,26.83,11880,2.393,1168,-324,-13596,111,339,93,0,0,0
136365,26.37,26.83,7333,1.477,1172,-448,-13536,105,322,93,0,0,0
136369,26.37,26.83,10081,2.031,1016,-484,-13668,95,362,103,0,0,0
136374,26.37,26.83,9764,1.967,1040,-388,-13520,97,327,84,0,0,0
136379,26.37,26.83,12042,2.426,1068,-460,-13664,120,319,77,0,0,0
136384,26.37,26.83,11648,2.346,1140,-384,-13604,92,318,102,0,0,0
136485,26.37,26.83,6116,1.232,1148,-404,-13488,85,330,93,0,0,0
136498,26.37,26.83,5362,1.08,1088,-416,-13580,100,325,103,0,0,0
136499,26.37,26.83,2260,0.455,1088,-416,-13580,100,325,103,0,0,0
136504,26.37,26.83,6024,1.213,1048,-472,-13484,93,325,99,0,0,0
136580,26.37,26.83,4933,0.994,1056,-352,-13436,102,357,74,0,0,0
136584,26.37,26.83,3083,0.621,1128,-376,-13784,99,345,107,0,0,0
136589,26.37,26.83,10678,2.151,1084,-504,-13556,95,343,99,0,0,0
136595,26.37,26.83,6059,1.22,1112,-388,-13660,124,315,99,0,0,0
136600,26.37,26.83,4965,1.0,1032,-372,-13584,93,351,99,0,0,0
136605,26.37,26.83,4988,1.005,996,-412,-13640,90,341,89,0,0,0
136609,26.37,26.83,3500,0.705,1036,-456,-13472,107,330,107,0,0,0
136614,26.37,26.83,9267,1.867,1052,-468,-13656,114,330,97,0,0,0
136619,26.37,26.83,12175,2.452,1052,-452,-13536,94,323,106,0,0,0
136625,26.37,26.83,12203,2.458,984,-516,-13520,107,335,108,0,0,0
136630,26.37,26.83,8676,1.748,1200,-364,-13584,82,346,89,0,0,0
136635,26.37,26.83,12159,2.449,1112,-532,-13436,95,349,98,0,0,0
136639,26.37,26.83,12188,2.455,1044,-536,-13580,118,363,88,0,0,0
136644,26.37,26.83,10984,2.212,972,-392,-13548,121,320,103,0,0,0
136768,26.33,26.79,10503,2.116,1076,-476,-13616,118,336,96,0,0,0
136769,26.33,26.79,4931,0.993,1076,-476,-13616,118,336,96,0,0,0
136774,26.33,26.79,12203,2.458,1068,-512,-13572,105,343,95,0,0,0
136779,26.33,26.79,12225,2.462,1064,-432,-13532,73,331,107,0,0,0
136785,26.33,26.79,12212,2.46,1008,-408,-13672,94,334,102,0,0,0
136790,26.33,26.79,5690,1.146,1036,-424,-13600,133,362,86,0,0,0
136866,26.33,26.79,6465,1.302,1012,-380,-13628,124,337,76,0,0,0
136869,26.33,26.79,12200,2.457,976,-512,-13488,92,296,99,0,0,0
136874,26.33,26.79,8062,1.624,1108,-472,-13536,71,346,94,0,0,0
136879,26.33,26.79,11546,2.326,980,-464,-13548,80,349,98,0,0,0
136885,26.33,26.79,6027,1.214,968,-452,-13504,117,354,106,0,0,0
136890,26.33,26.79,4374,0.881,1092,-424,-13680,105,320,105,0,0,0
136894,26.33,26.79,11786,2.374,1052,-516,-13440,80,329,88,0,0,0
136899,26.33,26.79,12158,2.449,1012,-440,-13516,100,337,94,0,0,0
136904,26.33,26.79,9697,1.953,1032,-420,-13604,97,338,103,0,0,0
136909,26.33,26.79,5681,1.144,1104,-424,-13504,99,331,75,0,0,0
136915,26.33,26.79,12202,2.458,1060,-484,-13596,94,351,98,0,0,0
137013,26.33,26.79,5788,1.166,1136,-496,-13628,112,346,115,0,0,0
137034,26.33,26.79,9357,1.885,1044,-476,-13608,102,324,90,0,0,0
137040,26.33,26.79,10508,2.117,1200,-444,-13568,84,317,114,0,0,0
137045,26.33,26.79,12153,2.448,1088,-460,-13668,83,356,115,0,0,0
137050,26.33,26.79,10900,2.196,1016,-336,-13708,86,336,90,0,0,0
137054,26.33,26.79,9358,1.885,1056,-532,-13356,100,330,87,0,0,0
137059,26.33,26.79,6918,1.393,1140,-492,-13604,93,319,86,0,0,0
137064,26.33,26.79,6948,1.4,1044,-500,-13492,85,351,97,0,0,0
137070,26.33,26.79,10793,2.174,1064,-408,-13592,106,329,110,0,0,0
137146,26.33,26.79,3656,0.736,1024,-324,-13604,87,341,102,0,0,0
137149,26.33,26.79,12166,2.451,1004,-532,-13612,102,335,127,0,0,0
137154,26.33,26.79,12182,2.454,1132,-312,-13476,103,297,102,0,0,0
137160,26.33,26.79,7875,1.586,920,-404,-13544,118,340,92,0,0,0
137165,26.33,26.79,8572,1.727,1128,-472,-13660,107,332,103,0,0,0
137170,26.33,26.79,11318,2.28,1104,-332,-13680,77,335,103,0,0,0
137174,26.33,26.79,9352,1.884,1044,-432,-13820,98,348,78,0,0,0
137179,26.33,26.79,5503,1.108,1040,-352,-13508,79,345,88,0,0,0
137279,26.35,26.77,7769,1.565,952,-424,-13608,103,336,100,0,0,0
137280,26.35,26.77,1806,0.364,952,-424,-13608,103,336,100,0,0,0
137284,26.35,26.77,3819,0.769,1060,-460,-13496,105,301,92,0,0,0
137289,26.35,26.77,5747,1.158,1072,-500,-13512,110,326,101,0,0,0
137295,26.35,26.77,6357,1.28,1048,-344,-13684,79,324,106,0,0,0
137300,26.35,26.77,11069,2.23,1132,-496,-13628,115,359,94,0,0,0
137304,26.35,26.77,5829,1.174,996,-348,-13776,100,308,104,0,0,0
137309,26.35,26.77,5325,1.073,1068,-420,-13484,107,357,81,0,0,0
137314,26.35,26.77,5327,1.073,1092,-456,-13504,96,335,102,0,0,0
137320,26.35,26.77,6056,1.22,956,-456,-13640,88,338,96,0,0,0
137325,26.35,26.77,2741,0.552,1168,-496,-13504,83,347,97,0,0,0
137330,26.35,26.77,6270,1.263,964,-400,-13592,105,334,87,0,0,0
137406,26.35,26.77,1136,0.229,1176,-368,-13640,94,321,78,0,0,0
137410,26.35,26.77,12200,2.457,1036,-456,-13540,91,336,96,0,0,0
137414,26.35,26.77,9005,1.814,1128,-436,-13600,116,341,101,0,0,0
137419,26.35,26.77,9267,1.867,1016,-568,-13564,84,340,93,0,0,0
137424,26.35,26.77,8743,1.761,976,-392,-13532,80,325,73,0,0,0
137437,26.35,26.77,2057,0.414,1052,-388,-13548,114,361,114,0,0,0
137440,26.35,26.77,1890,0.381,1052,-388,-13548,114,361,114,0,0,0
137538,26.35,26.77,12186,2.455,1068,-404,-13532,90,305,107,0,0,0
137539,26.35,26.77,1773,0.357,1068,-404,-13532,90,305,107,0,0,0
137544,26.35,26.77,11798,2.376,1128,-452,-13616,115,339,78,0,0,0
137549,26.35,26.77,8451,1.702,1016,-500,-13500,117,354,101,0,0,0
137555,26.35,26.77,8513,1.715,1032,-440,-13572,90,335,95,0,0,0
137560,26.35,26.77,6267,1.262,1036,-420,-13612,99,327,95,0,0,0
137565,26.35,26.77,3499,0.705,1180,-484,-13540,106,343,90,0,0,0
137569,26.35,26.77,11098,2.235,980,-544,-13600,104,338,77,0,0,0
137574,26.35,26.77,7481,1.507,1072,-472,-13628,114,320,98,0,0,0
137579,26.35,26.77,6089,1.226,1084,-480,-13696,97,338,108,0,0,0
137585,26.35,26.77,6645,1.338,1104,-476,-13620,91,323,120,0,0,0
137590,26.35,26.77,5354,1.078,936,-456,-13668,112,328,99,0,0,0
137595,26.35,26.77,12210,2.459,1068,-508,-13404,84,333,92,0,0,0
137670,26.35,26.77,2247,0.453,1064,-436,-13504,95,328,96,0,0,0
137674,26.35,26.77,7885,1.588,1040,-412,-13540,75,343,100,0,0,0
137679,26.35,26.77,8007,1.613,1000,-432,-13712,123,362,92,0,0,0
137684,26.35,26.77,7922,1.596,984,-400,-13492,113,340,89,0,0,0
137808,26.35,26.71,7374,1.485,1152,-492,-13668,106,347,78,0,0,0
137809,26.35,26.71,10296,2.074,1152,-492,-13668,106,347,78,0,0,0
137814,26.35,26.71,8966,1.806,1012,-520,-13512,88,319,83,0,0,0
137819,26.35,26.71,2150,0.433,1044,-416,-13424,105,347,93,0,0,0
137825,26.35,26.71,12202,2.458,1072,-472,-13688,77,322,84,0,0,0
137830,26.35,26.71,12159,2.449,1064,-468,-13456,111,338,78,0,0,0
137834,26.35,26.71,8828,1.778,1044,-552,-13532,98,345,78,0,0,0
137839,26.35,26.71,6176,1.244,1112,-396,-13684,104,314,106,0,0,0
137844,26.35,26.71,6521,1.314,1144,-424,-13464,99,321,90,0,0,0
137849,26.35,26.71,4872,0.981,1108,-488,-13660,88,310,107,0,0,0
137855,26.35,26.71,5154,1.038,992,-300,-13460,103,326,106,0,0,0
137860,26.35,26.71,7819,1.575,1036,-484,-13684,76,330,104,0,0,0
137864,26.35,26.71,7604,1.532,1052,-404,-13500,96,357,90,0,0,0
137869,26.35,26.71,2993,0.603,1064,-380,-13464,108,349,116,0,0,0
137874,26.35,26.71,3312,0.667,1072,-420,-13572,104,324,120,0,0,0
137879,26.35,26.71,6786,1.367,1120,-592,-13556,103,327,103,0,0,0
137955,26.35,26.71,2292,0.462,1060,-392,-13572,83,337,113,0,0,0
137972,26.35,26.71,772,0.156,1088,-500,-13416,109,349,101,0,0,0
137974,26.35,26.71,6282,1.265,1420,-492,-14044,454,-67,102,0,0,0
138069,26.35,26.71,8833,1.779,1420,-492,-14044,454,-67,102,0,0,0
138074,26.35,26.71,6750,1.36,896,-408,-13024,28,-241,109,0,0,0
138080,26.35,26.71,5480,1.104,692,-508,-11952,107,543,111,0,0,0
138085,26.35,26.71,1911,0.385,876,-588,-13952,-72,949,90,0,0,0
138090,26.35,26.71,2483,0.5,1652,-344,-14912,111,383,86,0,0,0
138094,26.35,26.71,2546,0.513,1204,-436,-14068,196,-166,120,0,0,0
138099,26.35,26.71,4015,0.809,676,-536,-12212,145,177,90,0,0,0
138104,26.35,26.71,4513,0.909,772,-436,-13052,54,731,102,0,0,0
138110,26.35,26.71,3970,0.8,1280,-524,-14048,56,609,101,0,0,0
138115,26.35,26.71,6698,1.349,1424,-384,-14528,164,138,107,0,0,0
138120,26.35,26.71,4947,0.996,1056,-360,-13184,128,11,87,0,0,0
138124,26.35,26.71,10862,2.188,860,-504,-12752,93,478,108,0,0,0
138129,26.35,26.71,6943,1.399,1016,-480,-13656,40,568,98,0,0,0
138134,26.35,26.71,5473,1.102,1308,-404,-14196,131,330,105,0,0,0
138140,26.35,26.71,4879,0.983,1160,-560,-13616,122,116,95,0,0,0
138145,26.35,26.71,8796,1.772,1024,-436,-13572,114,368,103,0,0,0
138241,26.35,26.73,10141,2.043,1024,-436,-13572,114,368,103,0,0,0
138320,26.35,26.73,7422,1.495,1000,-448,-13648,105,344,97,0,0,0
138325,26.35,26.73,11108,2.237,1060,-444,-13372,81,344,97,0,0,0
138330,26.35,26.73,5995,1.208,956,-408,-13588,104,349,90,0,0,0
138334,26.35,26.73,9679,1.95,1080,-380,-13432,96,360,106,0,0,0
138339,26.35,26.73,9775,1.969,1076,-488,-13488,85,323,81,0,0,0
138344,26.35,26.73,7464,1.503,1016,-432,-13524,94,343,92,0,0,0
138350,26.35,26.73,5025,1.012,1160,-404,-13516,103,339,96,0,0,0
138355,26.35,26.73,6408,1.291,1028,-468,-13644,79,339,102,0,0,0
138360,26.35,26.73,3829,0.771,1024,-404,-13404,102,334,84,0,0,0
138364,26.35,26.73,4332,0.873,1084,-448,-13572,83,344,86,0,0,0
138369,26.35,26.73,9162,1.845,1092,-504,-13556,102,367,92,0,0,0
138374,26.35,26.73,12185,2.454,1148,-396,-13620,77,350,99,0,0,0
138380,26.35,26.73,11678,2.352,1096,-420,-13628,112,329,103,0,0,0
138385,26.35,26.73,7600,1.531,1024,-432,-13524,104,323,81,0,0,0
138390,26.35,26.73,6272,1.263,1232,-400,-13628,90,348,114,0,0,0
138394,26.35,26.73,5499,1.108,908,-500,-13128,204,351,84,0,0,0
138490,26.35,26.73,10461,2.107,908,-500,-13128,204,351,84,0,0,0
138502,26.35,26.73,1084,0.218,1136,-524,-13684,69,212,88,0,0,0
138505,26.35,26.73,8104,1.632,1136,-524,-13684,69,212,88,0,0,0
138510,26.35,26.73,5053,1.018,1024,-412,-13464,150,260,92,0,0,0
138585,26.35,26.73,5283,1.064,948,-376,-13496,119,348,118,0,0,0
138589,26.35,26.73,2028,0.408,1052,-572,-13456,121,326,94,0,0,0
138595,26.35,26.73,5752,1.159,1048,-416,-13616,104,310,93,0,0,0
138600,26.35,26.73,6913,1.392,1152,-420,-13668,107,336,105,0,0,0
138604,26.35,26.73,8777,1.768,1004,-356,-13516,85,337,92,0,0,0
138609,26.35,26.73,3421,0.689,1088,-432,-13488,100,334,116,0,0,0
138614,26.35,26.73,6510,1.311,1032,-440,-13524,91,333,88,0,0,0
138620,26.35,26.73,3253,0.655,1052,-552,-13684,82,366,95,0,0,0
138625,26.35,26.73,4885,0.984,1004,-456,-13684,104,335,111,0,0,0
138630,26.35,26.73,7213,1.453,1012,-324,-13520,99,337,97,0,0,0
138634,26.35,26.73,8070,1.626,1056,-592,-13540,84,329,96,0,0,0
138639,26.35,26.73,7025,1.415,1144,-428,-13520,106,354,104,0,0,0
138644,26.35,26.73,3075,0.619,1168,-396,-13580,90,337,104,0,0,0
138650,26.35,26.73,6012,1.211,1076,-356,-13520,104,313,86,0,0,0
138747,26.35,26.73,287,0.058,812,220,-14036,232,851,93,0,0,0
138750,26.35,26.73,3999,0.806,812,220,-14036,232,851,93,0,0,0
138754,26.35,26.73,3634,0.732,1104,-1096,-14172,-448,648,62,0,0,0
138760,26.35,26.73,8885,1.79,1476,188,-15160,431,82,77,0,0,0
138765,26.39,26.77,4167,0.839,1032,-612,-12668,301,-309,126,0,0,0
138769,26.39,26.77,8725,1.757,760,-740,-11812,-72,282,102,0,0,0
138870,26.39,26.77,10889,2.193,1148,-352,-13644,116,341,101,0,0,0
138875,26.39,26.77,8625,1.737,1184,-432,-13480,117,352,99,0,0,0
138879,26.39,26.77,4833,0.974,1112,-420,-13508,100,326,96,0,0,0
138884,26.39,26.77,11441,2.305,936,-400,-13484,87,323,90,0,0,0
138889,26.39,26.77,2269,0.457,1040,-440,-13524,90,343,102,0,0,0
138895,26.39,26.77,7319,1.474,1132,-476,-13496,73,364,65,0,0,0
138900,26.39,26.77,6895,1.389,1080,-412,-13680,94,378,107,0,0,0
138905,26.39,26.77,8173,1.646,1028,-520,-13632,79,283,97,0,0,0
138909,26.39,26.77,7545,1.52,1032,-420,-13476,84,306,107,0,0,0
138914,26.39,26.77,8995,1.812,1032,-440,-13344,97,361,85,0,0,0
138919,26.39,26.77,9256,1.864,1092,-472,-13576,94,383,102,0,0,0
139017,26.39,26.77,4076,0.821,1024,-500,-13584,118,350,109,0,0,0
139038,26.39,26.77,4984,1.004,1120,-416,-13460,89,358,102,0,0,0
139039,26.39,26.77,33,0.007,1120,-416,-13460,89,358,102,0,0,0
139044,26.39,26.77,11089,2.234,1136,-472,-13528,82,349,100,0,0,0
139049,26.39,26.77,12140,2.445,1000,-420,-13672,100,347,93,0,0,0
139054,26.39,26.77,9939,2.002,1012,-504,-13452,130,321,83,0,0,0
139060,26.39,26.77,10377,2.09,1112,-432,-13448,110,349,91,0,0,0
139065,26.39,26.77,8999,1.813,1180,-456,-13544,82,348,97,0,0,0
139069,26.39,26.77,8420,1.696,1016,-468,-13516,113,327,100,0,0,0
139145,26.39,26.77,6939,1.398,1040,-452,-13572,128,353,100,0,0,0
139149,26.39,26.77,10963,2.208,908,-504,-13588,102,345,101,0,0,0
139154,26.39,26.77,6867,1.383,1152,-488,-13484,98,359,91,0,0,0
139159,26.39,26.77,4585,0.924,1144,-316,-13628,114,339,106,0,0,0
139165,26.39,26.77,10128,2.04,1076,-468,-13448,87,340,125,0,0,0
139170,26.39,26.77,9964,2.007,1084,-492,-13564,91,338,97,0,0,0
139175,26.39,26.77,8026,1.617,1176,-328,-13488,111,334,100,0,0,0
139179,26.39,26.77,5545,1.117,1148,-444,-13512,61,314,94,0,0,0
139184,26.39,26.77,6277,1.264,1156,-436,-13468,83,330,95,0,0,0
139283,26.37,26.77,9628,1.939,1128,-372,-13580,110,324,122,0,0,0
139285,26.37,26.77,5620,1.132,1128,-372,-13580,110,324,122,0,0,0
139289,26.37,26.77,7540,1.519,1112,-492,-13508,81,315,101,0,0,0
139294,26.37,26.77,7543,1.519,1060,-460,-13604,77,317,88,0,0,0
139299,26.37,26.77,4985,1.004,980,-468,-13816,81,356,103,0,0,0
139305,26.37,26.77,9178,1.849,1036,-484,-13664,108,340,87,0,0,0
139310,26.37,26.77,11163,2.249,992,-480,-13616,97,335,99,0,0,0
139315,26.37,26.77,5327,1.073,1012,-428,-13636,88,295,90,0,0,0
139319,26.37,26.77,9470,1.908,1180,-504,-13488,83,331,116,0,0,0
139324,26.37,26.77,11016,2.219,1032,-468,-13672,130,346,106,0,0,0
139329,26.37,26.77,7539,1.519,1068,-516,-13504,78,340,107,0,0,0
139405,26.37,26.77,12182,2.454,1100,-340,-13888,-30,366,97,0,0,0
139409,26.37,26.77,7559,1.523,1176,-348,-14128,169,240,113,0,0,0
139415,26.37,26.77,9952,2.005,972,-468,-13320,137,204,85,0,0,0
139420,26.37,26.77,5830,1.174,1088,-524,-13356,44,400,100,0,0,0
139425,26.37,26.77,7999,1.611,1088,-476,-13596,85,450,92,0,0,0
139449,26.37,26.77,2614,0.527,1200,-452,-13932,29,361,126,0,0,0
139450,26.37,26.77,5306,1.069,1200,-452,-13932,29,361,126,0,0,0
139454,26.37,26.77,5914,1.191,1136,-484,-13844,121,277,92,0,0,0
139553,26.37,26.77,7693,1.55,1024,-412,-13544,79,321,96,0,0,0
139554,26.37,26.77,4448,0.896,1024,-412,-13544,79,321,96,0,0,0
139559,26.37,26.77,7046,1.419,1152,-528,-13592,76,339,93,0,0,0
139564,26.37,26.77,5118,1.031,1132,-448,-13568,82,350,105,0,0,0
139569,26.37,26.77,11726,2.362,1096,-448,-13744,93,320,98,0,0,0
139575,26.37,26.77,5371,1.082,1104,-452,-13688,88,335,93,0,0,0
139580,26.37,26.77,8944,1.802,1020,-520,-13556,103,324,105,0,0,0
139584,26.37,26.77,8357,1.683,1104,-480,-13628,99,335,86,0,0,0
139589,26.37,26.77,8133,1.638,1016,-456,-13544,80,328,61,0,0,0
139594,26.37,26.77,8786,1.77,1128,-496,-13432,114,338,94,0,0,0
139599,26.37,26.77,7408,1.492,1024,-480,-13640,106,349,99,0,0,0
139605,26.37,26.77,6778,1.365,924,-400,-13528,96,339,83,0,0,0
139680,26.37,26.77,623,0.125,1084,-448,-13616,91,341,98,0,0,0
139685,26.37,26.77,7769,1.565,1008,-464,-13432,109,344,85,0,0,0
139690,26.37,26.77,6838,1.377,1088,-476,-13560,97,327,96,0,0,0
139695,26.37,26.77,4502,0.907,1132,-456,-13580,102,343,90,0,0,0
139699,26.37,26.77,9879,1.99,1028,-416,-13448,121,337,118,0,0,0
139798,26.35,26.73,3313,0.667,980,-544,-13472,101,331,107,0,0,0
139800,26.35,26.73,5460,1.1,980,-544,-13472,101,331,107,0,0,0
139805,26.35,26.73,6836,1.377,1096,-500,-13624,94,348,124,0,0,0
139809,26.35,26.73,5953,1.199,1092,-376,-13520,93,342,108,0,0,0
139814,26.35,26.73,7140,1.438,1040,-492,-13548,94,354,120,0,0,0
139819,26.35,26.73,8599,1.732,1064,-424,-13700,102,321,109,0,0,0
139825,26.35,26.73,10194,2.053,1060,-476,-13652,83,323,100,0,0,0
139830,26.35,26.73,6108,1.23,1016,-496,-13532,98,338,88,0,0,0
139834,26.35,26.73,6334,1.276,1024,-332,-13576,89,349,82,0,0,0
139839,26.35,26.73,3399,0.685,1072,-468,-13516,79,324,92,0,0,0
139844,26.35,26.73,7523,1.515,1068,-528,-13552,100,313,103,0,0,0
139865,26.35,26.73,5789,1.166,1008,-436,-13600,116,305,82,0,0,0
139870,26.35,26.73,12208,2.459,1072,-364,-13564,92,359,88,0,0,0
139875,26.35,26.73,10911,2.198,1020,-404,-13604,108,348,113,0,0,0
139880,26.35,26.73,6772,1.364,1084,-472,-13612,119,348,87,0,0,0
139956,26.35,26.73,8969,1.807,1092,-388,-13628,112,348,93,0,0,0
139973,26.35,26.73,56,0.011,1052,-372,-13640,79,340,97,0,0,0
139974,26.35,26.73,1650,0.332,1052,-372,-13640,79,340,97,0,0,0
139979,26.35,26.73,10202,2.055,1168,-428,-13492,107,326,101,0,0,0
139984,26.35,26.73,11353,2.287,1048,-440,-13536,95,331,95,0,0,0
140081,26.35,26.73,9999,2.014,1052,-416,-13468,69,338,95,0,0,0
140085,26.35,26.73,10869,2.189,1004,-484,-13688,103,332,98,0,0,0
140090,26.35,26.73,9907,1.996,1044,-472,-13600,97,368,90,0,0,0
140095,26.35,26.73,5697,1.148,1052,-584,-13476,88,346,98,0,0,0
140099,26.35,26.73,6971,1.404,1032,-456,-13740,105,350,112,0,0,0
140104,26.35,26.73,8505,1.713,1100,-536,-13476,119,344,90,0,0,0
140109,26.35,26.73,7724,1.556,1104,-408,-13564,110,328,107,0,0,0
140115,26.35,26.73,11082,2.232,1136,-444,-13564,92,324,97,0,0,0
140120,26.35,26.73,10372,2.089,1056,-444,-13588,88,364,97,0,0,0
140125,26.35,26.73,5414,1.091,996,-440,-13544,109,363,98,0,0,0
140129,26.35,26.73,11066,2.229,1028,-440,-13512,107,352,96,0,0,0
140134,26.35,26.73,12164,2.45,1028,-492,-13580,108,343,86,0,0,0
140139,26.35,26.73,7977,1.607,1012,-472,-13620,75,353,102,0,0,0
140145,26.35,26.73,9671,1.948,1144,-520,-13748,89,333,97,0,0,0
140150,26.35,26.73,8990,1.811,1096,-456,-13628,90,334,113,0,0,0
140225,26.35,26.73,3491,0.703,1116,-420,-13508,113,356,102,0,0,0
140229,26.35,26.73,10021,2.019,1004,-436,-13584,118,348,103,0,0,0
140328,26.37,26.71,7669,1.545,1040,-404,-13360,119,326,94,0,0,0
140329,26.37,26.71,4559,0.918,1040,-404,-13360,119,326,94,0,0,0
140334,26.37,26.71,7474,1.505,1060,-456,-13736,97,324,99,0,0,0
140339,26.37,26.71,11085,2.233,1192,-456,-13504,94,352,93,0,0,0
140345,26.37,26.71,11337,2.284,1108,-440,-13628,92,349,73,0,0,0
140350,26.37,26.71,12194,2.456,1016,-432,-13516,85,306,95,0,0,0
140355,26.37,26.71,12218,2.461,1064,-456,-13708,108,335,88,0,0,0
140359,26.37,26.71,4269,0.86,1036,-516,-13404,116,337,105,0,0,0
140364,26.37,26.71,5903,1.189,1128,-400,-13584,92,326,97,0,0,0
140369,26.37,26.71,11236,2.263,1124,-360,-13552,131,357,93,0,0,0
140375,26.37,26.71,8524,1.717,1032,-496,-13424,83,349,90,0,0,0
140380,26.37,26.71,7578,1.526,972,-440,-13668,88,336,116,0,0,0
140384,26.37,26.71,7579,1.527,1112,-420,-13532,76,351,92,0,0,0
140389,26.37,26.71,4131,0.832,1024,-456,-13616,83,332,91,0,0,0
140394,26.37,26.71,9938,2.002,1052,-368,-13492,103,363,117,0,0,0
140399,26.37,26.71,5525,1.113,1012,-388,-13548,101,316,96,0,0,0
140499,26.37,26.71,8039,1.619,2052,-2188,-20760,-2612,-1008,104,0,0,0
140519,26.37,26.71,7897,1.591,3904,-1964,-20936,-428,309,-6,0,0,0
140599,26.37,26.71,6414,1.292,944,-524,-13840,47,-66,104,0,0,0
140604,26.37,26.71,4475,0.901,688,-260,-13204,167,292,103,0,0,0
140609,26.37,26.71,4919,0.991,972,-456,-13296,39,483,68,0,0,0
140614,26.37,26.71,2468,0.497,1456,-476,-13888,96,500,99,0,0,0
140619,26.37,26.71,6536,1.317,1116,-388,-13580,91,165,113,0,0,0
140625,26.37,26.71,9084,1.83,1120,-480,-13304,125,292,94,0,0,0
140630,26.37,26.71,3125,0.629,1076,-440,-13744,85,451,102,0,0,0
140634,26.37,26.71,2746,0.553,1184,-332,-14072,97,292,93,0,0,0
140639,26.37,26.71,5845,1.177,936,-396,-13488,140,213,99,0,0,0
140644,26.37,26.71,7622,1.535,744,-444,-13048,65,333,107,0,0,0
140650,26.37,26.71,3079,0.62,1080,-528,-13640,109,575,92,0,0,0
140655,26.37,26.71,4273,0.861,1432,-508,-13992,61,309,83,0,0,0
140660,26.37,26.71,3441,0.693,1236,-492,-13656,148,184,119,0,0,0
140664,26.37,26.71,6282,1.265,888,-404,-13316,101,209,102,0,0,0
140669,26.37,26.71,7982,1.608,908,-404,-13160,80,484,108,0,0,0
140769,26.37,26.79,8429,1.698,996,-432,-13476,98,299,90,0,0,0
140770,26.37,26.79,9320,1.877,996,-432,-13476,98,299,90,0,0,0
140774,26.37,26.79,10175,2.05,1036,-320,-13356,80,388,82,0,0,0
140779,26.37,26.79,2537,0.511,1048,-468,-13348,123,347,115,0,0,0
140785,26.37,26.79,10892,2.194,1140,-492,-13636,103,323,87,0,0,0
140884,26.37,26.79,11898,2.397,1068,-468,-13464,84,352,119,0,0,0
140889,26.37,26.79,10687,2.153,1096,-376,-13732,78,334,104,0,0,0
140894,26.37,26.79,8263,1.664,1096,-444,-13556,115,313,87,0,0,0
140899,26.37,26.79,12147,2.447,1076,-456,-13488,119,351,80,0,0,0
140905,26.37,26.79,9145,1.842,1032,-456,-13652,106,349,92,0,0,0
140910,26.37,26.79,8390,1.69,1032,-408,-13544,110,372,101,0,0,0
140914,26.37,26.79,12157,2.449,1100,-484,-13508,110,327,117,0,0,0
140919,26.37,26.79,9582,1.93,1012,-576,-13436,98,278,100,0,0,0
140924,26.37,26.79,10124,2.039,1092,-476,-13452,90,332,97,0,0,0
140934,26.37,26.79,2162,0.435,1080,-404,-13536,68,337,93,0,0,0
140940,26.37,26.79,8817,1.776,1076,-492,-13460,129,319,116,0,0,0
140945,26.37,26.79,5424,1.093,940,-368,-13432,82,356,96,0,0,0
140949,26.37,26.79,5291,1.066,896,-416,-13620,82,450,92,0,0,0
141047,26.37,26.79,5970,1.203,1044,-512,-13880,109,271,99,0,0,0
141050,26.37,26.79,2694,0.543,1044,-424,-13504,96,266,110,0,0,0
141055,26.37,26.79,6041,1.217,1048,-428,-13576,93,336,102,0,0,0
141059,26.37,26.79,4177,0.841,1012,-560,-13500,84,375,99,0,0,0
141064,26.37,26.79,6089,1.226,1128,-484,-13828,90,322,88,0,0,0
141069,26.37,26.79,2935,0.591,1112,-516,-13632,93,285,80,0,0,0
141075,26.37,26.79,9071,1.827,1048,-468,-13428,94,326,107,0,0,0
141151,26.37,26.79,6734,1.356,1060,-404,-13540,113,341,85,0,0,0
141155,26.37,26.79,6950,1.4,1092,-392,-13524,120,327,88,0,0,0
141160,26.37,26.79,5325,1.073,1132,-436,-13628,98,330,108,0,0,0
141164,26.37,26.79,6511,1.311,1188,-468,-13428,97,327,112,0,0,0
141169,26.37,26.79,8229,1.658,1108,-420,-13724,88,321,122,0,0,0
141174,26.37,26.79,10943,2.204,1136,-380,-13656,81,340,86,0,0,0
141180,26.39,26.71,6911,1.392,1112,-456,-13508,132,334,100,0,0,0
141185,26.39,26.71,8596,1.731,1128,-592,-13396,77,320,98,0,0,0
141189,26.39,26.71,8521,1.716,1036,-568,-13604,95,324,82,0,0,0
141194,26.39,26.71,5763,1.161,1160,-436,-13588,119,334,87,0,0,0
141294,26.39,26.71,5060,1.019,1040,-404,-13544,81,340,104,0,0,0
141299,26.39,26.71,3730,0.751,1036,-364,-13524,100,322,87,0,0,0
141304,26.39,26.71,3352,0.675,1060,-348,-13520,115,330,100,0,0,0
141310,26.39,26.71,4873,0.982,1216,-484,-13576,108,350,79,0,0,0
141315,26.39,26.71,4399,0.886,1016,-436,-13564,99,343,106,0,0,0
141320,26.39,26.71,2258,0.455,1040,-404,-13556,85,360,100,0,0,0
141324,26.39,26.71,7263,1.463,1172,-468,-13616,106,328,109,0,0,0
141329,26.39,26.71,6614,1.332,1116,-432,-13500,86,366,101,0,0,0
141334,26.39,26.71,4139,0.834,1036,-348,-13544,113,330,88,0,0,0
141340,26.39,26.71,5380,1.084,1084,-488,-13452,126,334,90,0,0,0
141416,26.39,26.71,1821,0.367,1052,-532,-13472,93,335,100,0,0,0
141419,26.39,26.71,3674,0.74,1072,-488,-13492,116,352,100,0,0,0
141425,26.39,26.71,4972,1.002,1104,-416,-13544,76,335,98,0,0,0
141435,26.39,26.71,2572,0.518,1100,-360,-13564,116,340,117,0,0,0
141440,26.39,26.71,4577,0.922,1072,-404,-13560,88,332,113,0,0,0
141445,26.39,26.71,4379,0.882,988,-432,-13644,94,347,92,0,0,0
141450,26.39,26.71,4844,0.976,1148,-476,-13564,103,321,104,0,0,0
141454,26.39,26.71,6829,1.376,1084,-432,-13676,112,328,99,0,0,0
141550,26.39,26.71,2116,0.426,1084,-432,-13676,112,328,99,0,0,0
141555,26.39,26.71,3298,0.664,1016,-536,-13624,109,303,121,0,0,0
141560,26.39,26.71,4740,0.955,1016,-484,-13436,91,326,92,0,0,0
141564,26.39,26.71,4943,0.996,1120,-372,-13672,99,356,94,0,0,0
141569,26.39,26.71,5271,1.062,1104,-420,-13540,90,349,110,0,0,0
141574,26.39,26.71,5219,1.051,1104,-468,-13588,112,304,94,0,0,0
141580,26.39,26.71,5665,1.141,1124,-340,-13420,115,301,116,0,0,0
141585,26.39,26.71,6722,1.354,1104,-372,-13368,65,340,118,0,0,0
141590,26.39,26.71,7727,1.556,1028,-528,-13628,107,378,79,0,0,0
141594,26.39,26.71,3359,0.677,1136,-456,-13800,104,335,109,0,0,0
141599,26.39,26.71,8160,1.644,1140,-484,-13536,97,300,117,0,0,0
141604,26.39,26.71,9905,1.995,1040,-412,-13440,70,321,105,0,0,0
141680,26.39,26.71,4481,0.903,1160,-532,-13644,76,321,98,0,0,0
141684,26.39,26.71,2077,0.418,1024,-412,-13508,91,319,115,0,0,0
141689,26.39,26.71,6128,1.234,1072,-400,-13440,93,347,108,0,0,0
141695,26.35,26.73,5307,1.069,1080,-516,-13648,99,343,87,0,0,0
141700,26.35,26.73,5233,1.054,1000,-380,-13560,92,344,70,0,0,0
141797,26.35,26.73,9230,1.859,1080,-388,-13604,115,326,99,0,0,0
141800,26.35,26.73,8822,1.777,1100,-384,-13492,113,325,105,0,0,0
141804,26.35,26.73,9668,1.947,928,-420,-13532,115,328,104,0,0,0
141809,26.35,26.73,5155,1.038,1024,-436,-13472,116,331,94,0,0,0
141814,26.35,26.73,4195,0.845,1116,-412,-13392,86,315,95,0,0,0
141820,26.35,26.73,5055,1.018,1108,-452,-13688,80,319,97,0,0,0
141825,26.35,26.73,5160,1.039,940,-316,-13544,107,328,85,0,0,0
141830,26.35,26.73,4604,0.927,1128,-408,-13616,104,324,111,0,0,0
141834,26.35,26.73,3772,0.76,1016,-388,-13704,95,342,106,0,0,0
141839,26.35,26.73,6240,1.257,1064,-456,-13620,104,345,92,0,0,0
141844,26.35,26.73,4473,0.901,1120,-492,-13696,83,333,104,0,0,0
141850,26.35,26.73,6342,1.277,1044,-532,-13572,119,349,110,0,0,0
141855,26.35,26.73,6741,1.358,1068,-356,-13432,105,323,107,0,0,0
141860,26.35,26.73,3916,0.789,1048,-384,-13500,92,353,81,0,0,0
141880,26.35,26.73,2689,0.542,1064,-416,-13636,79,340,104,0,0,0
141961,26.35,26.73,2515,0.507,1028,-436,-13524,85,333,83,0,0,0
141974,26.35,26.73,1215,0.245,1176,-440,-13596,139,332,94,0,0,0
141979,26.35,26.73,5186,1.045,1060,-384,-13552,89,348,87,0,0,0
142079,26.35,26.73,8482,1.709,1048,-380,-13508,64,347,102,0,0,0
142080,26.35,26.73,3387,0.682,1048,-380,-13508,64,347,102,0,0,0
142084,26.35,26.73,1685,0.339,1076,-404,-13700,106,344,108,0,0,0
142089,26.35,26.73,4382,0.883,1068,-488,-13680,107,322,84,0,0,0
142095,26.35,26.73,4655,0.938,1140,-396,-13524,88,341,98,0,0,0
142100,26.35,26.73,4371,0.88,1060,-500,-13732,108,320,90,0,0,0
142105,26.35,26.73,6757,1.361,1132,-396,-13608,99,313,93,0,0,0
142109,26.35,26.73,6158,1.24,1124,-404,-13580,94,305,90,0,0,0
142114,26.35,26.73,6574,1.324,964,-404,-13648,76,296,112,0,0,0
142119,26.35,26.73,5153,1.038,1108,-432,-13524,52,341,79,0,0,0
142125,26.35,26.73,12168,2.451,1204,-1280,-13992,132,376,81,0,0,0
142130,26.35,26.73,4778,0.962,1792,-212,-12552,335,558,100,0,0,0
142135,26.35,26.73,7405,1.492,632,-464,-14776,307,105,118,0,0,0
142139,26.35,26.73,7073,1.425,1028,-584,-11560,-235,650,116,0,0,0
142144,26.35,26.73,3202,0.645,1224,-64,-15564,286,428,94,0,0,0
142149,26.35,26.73,7131,1.436,1268,-548,-11952,116,222,130,0,0,0
142155,26.35,26.73,7296,1.47,2456,4388,-12788,-2100,3085,22,0,0,0
142330,26.37,26.67,3894,0.784,1192,-24,-11604,16,679,87,0,0,0
142334,26.37,26.67,2224,0.448,1268,-484,-16108,-250,-431,86,0,0,0
142340,26.37,26.67,6400,1.289,344,-508,-11492,473,434,102,0,0,0
142345,26.37,26.67,7611,1.533,956,-420,-14172,-270,477,54,0,0,0
142350,26.37,26.67,10180,2.051,1536,-424,-13708,393,655,110,0,0,0
142354,26.37,26.67,1692,0.341,1108,-636,-13856,-202,11,110,0,0,0
142359,26.37,26.67,9270,1.867,904,-292,-13836,352,220,115,0,0,0
142364,26.37,26.67,7040,1.418,868,-420,-12600,-28,325,87,0,0,0
142370,26.37,26.67,5927,1.194,1260,-416,-13760,111,673,104,0,0,0
142375,26.37,26.67,10137,2.042,1320,-280,-13976,94,228,89,0,0,0
142380,26.37,26.67,7358,1.482,1016,-628,-13784,154,257,113,0,0,0
142384,26.37,26.67,7812,1.574,868,-584,-13072,52,274,94,0,0,0
142389,26.37,26.67,5701,1.148,1140,-388,-13600,135,493,73,0,0,0
142394,26.37,26.67,5016,1.01,1312,-460,-13508,78,276,94,0,0,0
142400,26.37,26.67,2604,0.525,1052,-260,-13664,107,308,97,0,0,0
142405,26.37,26.67,6581,1.326,868,-420,-13512,100,294,118,0,0,0
142501,26.37,26.67,2358,0.475,1060,-376,-13784,119,379,114,0,0,0
142515,26.37,26.67,0,0.0,1048,-544,-13592,80,386,91,0,0,0
142520,26.37,26.67,0,0.0,1112,-424,-13504,102,383,99,0,0,0
142525,26.37,26.67,0,0.0,1100,-492,-13808,113,324,90,0,0,0
