4079,24.61,24.83,764,2.465,3752,-5724,-12208,-5924,3676,657,-1,-1,-1
4350,24.53,24.71,388,1.252,4132,-4988,-10676,-5084,555,-1209,-1,-1,-1
4618,24.59,24.59,763,2.461,3852,-1360,-13932,-2642,-4186,-1119,-1,-1,-1
4889,24.57,24.81,723,2.332,1224,-2496,-13644,331,210,-1716,-1,-1,-1
5171,24.59,24.87,763,2.461,1396,-1972,-13384,135,318,-897,-1,-1,-1
5442,24.57,24.83,763,2.461,1296,-1796,-13272,145,319,0,-1,-1,-1
5709,24.59,24.83,480,1.548,1492,-1848,-13404,107,324,59,-1,-1,-1
5980,24.53,24.81,393,1.268,1404,-1812,-13504,96,340,125,-1,-1,-1
6261,24.59,24.83,500,1.613,1516,-1820,-13384,128,303,108,-1,-1,-1
6535,24.57,24.83,587,1.894,1516,-1888,-13364,155,324,39,-1,-1,-1
6816,24.59,24.87,523,1.687,1540,-1868,-13212,131,327,92,-1,-1,-1
7090,24.57,24.83,352,1.135,1484,-1800,-13436,114,313,40,-1,-1,-1
7361,24.57,24.81,593,1.913,1448,-1812,-13368,140,331,-46,-1,-1,-1
7639,24.51,24.81,343,1.106,1384,-1864,-13096,195,322,-99,-1,-1,-1
7924,24.57,24.83,471,1.519,1372,-1840,-13420,123,325,97,-1,-1,-1
8195,24.53,24.83,486,1.568,1472,-1888,-13556,124,352,85,-1,-1,-1
8466,24.57,24.89,511,1.648,1520,-1864,-13388,137,329,104,-1,-1,-1
8733,24.57,24.89,677,2.184,1512,-1848,-13224,124,335,98,-1,-1,-1
9011,24.57,24.89,403,1.300,1472,-1920,-13364,122,302,68,-1,-1,-1
9285,24.53,24.87,664,2.142,1488,-1792,-13388,81,324,86,-1,-1,-1
9552,24.57,24.87,427,1.377,1460,-1768,-13460,166,333,100,-1,-1,-1
9819,24.53,24.87,390,1.258,1472,-1856,-13288,106,354,94,-1,-1,-1
10097,24.57,24.95,748,2.413,1480,-1856,-13304,122,349,101,-1,-1,-1
10364,24.59,25.01,694,2.239,1488,-1952,-13448,107,336,98,-1,-1,-1
10637,24.57,25.01,764,2.465,1384,-1756,-13240,123,304,87,-1,-1,-1
10904,24.57,25.01,625,2.016,1528,-1868,-13340,134,321,97,-1,-1,-1
11178,24.57,25.05,763,2.461,1540,-1732,-13464,117,323,90,-1,-1,-1
11462,24.53,24.99,764,2.465,1540,-1744,-13428,114,321,96,-1,-1,-1
11729,24.53,50.55,675,2.177,1452,-1904,-13468,132,336,88,-1,-1,-1
11996,24.53,25.01,566,1.826,1388,-1944,-13328,103,319,85,-1,-1,-1
12274,24.57,50.55,633,2.042,1444,-1884,-13308,103,339,92,-1,-1,-1
12548,24.57,25.07,660,2.129,1356,-1800,-13352,137,326,81,-1,-1,-1
12816,24.57,25.05,582,1.877,1424,-1856,-13300,122,313,115,-1,-1,-1
13083,24.53,24.93,456,1.471,1544,-1900,-13380,111,304,97,-1,-1,-1
13354,24.59,25.05,367,1.184,1444,-1832,-13472,135,310,77,-1,-1,-1
13628,24.57,25.05,674,2.174,1360,-1792,-13372,127,331,100,-1,-1,-1
13903,24.59,25.05,762,2.458,1488,-1852,-13396,113,330,103,-1,-1,-1
14181,24.57,24.99,317,1.023,1352,-1860,-13348,173,327,115,-1,-1,-1
14448,24.57,24.95,443,1.429,1468,-1736,-13312,153,313,119,-1,-1,-1
14722,24.59,24.89,617,1.990,1468,-1852,-13296,121,323,118,-1,-1,-1
15007,24.59,24.87,446,1.439,1476,-1896,-13420,110,326,110,-1,-1,-1
15278,24.57,24.81,582,1.877,1476,-1816,-13324,124,326,113,-1,-1,-1
15556,24.57,24.87,359,1.158,1392,-1836,-13376,132,324,118,-1,-1,-1
15845,24.57,24.77,526,1.697,1612,-1836,-13420,130,291,77,-1,-1,-1
16123,24.57,24.77,441,1.423,1456,-1852,-13312,107,325,114,-1,-1,-1
16390,24.51,24.75,616,1.987,1440,-1760,-13296,122,336,84,-1,-1,-1
16661,24.59,24.81,750,2.419,1584,-1816,-13328,128,294,93,-1,-1,-1
16935,24.53,24.81,763,2.461,1588,-1828,-13532,133,277,76,-1,-1,-1
17206,24.53,24.83,764,2.465,1420,-1940,-13416,158,316,111,-1,-1,-1
17481,24.57,24.83,764,2.465,1440,-1832,-13248,143,324,97,-1,-1,-1
17755,24.51,24.87,764,2.465,1468,-1804,-13248,152,261,99,-1,-1,-1
18029,24.57,24.89,763,2.461,1468,-1812,-13660,97,255,110,-1,-1,-1
18310,24.57,24.83,764,2.465,760,-1564,-13384,0,281,79,-1,-1,-1
18577,24.51,24.87,764,2.465,1436,-1796,-13396,105,317,109,-1,-1,-1
18855,24.53,24.87,710,2.290,1588,-1872,-13476,136,304,93,-1,-1,-1
19126,24.51,24.87,763,2.461,1548,-1820,-13472,131,333,106,-1,-1,-1
19400,24.51,24.89,763,2.461,1408,-1752,-13308,105,297,102,-1,-1,-1
19671,24.53,24.87,764,2.465,1504,-1896,-13528,121,320,104,-1,-1,-1
19949,24.51,24.87,613,1.977,1412,-1744,-13380,134,346,105,-1,-1,-1
20224,24.53,24.93,596,1.923,1456,-1828,-13380,122,329,101,-1,-1,-1
20502,24.57,24.95,763,2.461,1568,-1852,-13468,138,339,120,-1,-1,-1
20777,24.53,24.87,567,1.829,1456,-1920,-13392,140,338,116,-1,-1,-1
21045,24.51,24.93,427,1.377,1436,-1748,-13288,120,334,108,-1,-1,-1
21316,24.53,24.99,764,2.465,1424,-1764,-13448,112,303,89,-1,-1,-1
21587,24.53,24.95,764,2.465,1452,-1884,-13416,108,338,86,-1,-1,-1
21854,24.51,24.95,735,2.371,1480,-1932,-13396,109,336,127,-1,-1,-1
22146,24.51,24.93,764,2.465,1420,-1880,-13452,114,327,95,-1,-1,-1
22420,24.57,50.55,764,2.465,1484,-1888,-13372,115,328,111,-1,-1,-1
22688,24.53,25.05,711,2.294,1476,-1864,-13288,96,361,86,-1,-1,-1
22959,24.59,24.99,536,1.729,1496,-1784,-13336,150,329,96,-1,-1,-1
23230,24.57,25.01,558,1.800,1496,-1828,-13384,98,302,118,-1,-1,-1
23498,24.53,25.07,508,1.639,1516,-1868,-13332,118,344,93,-1,-1,-1
23776,24.51,25.05,764,2.465,1488,-1836,-13456,107,315,80,-1,-1,-1
24054,24.53,25.05,763,2.461,1440,-1784,-13304,144,323,98,-1,-1,-1
24325,24.57,25.07,763,2.461,1488,-1800,-13184,113,330,103,-1,-1,-1
24593,24.57,25.07,763,2.461,1456,-1760,-13404,133,325,96,-1,-1,-1
24864,24.57,25.07,763,2.461,1420,-1860,-13284,129,328,79,-1,-1,-1
25135,24.57,25.11,764,2.465,1428,-1728,-13404,110,326,72,-1,-1,-1
25403,24.53,25.11,763,2.461,1396,-1892,-13416,140,306,108,-1,-1,-1
25677,24.51,25.11,764,2.465,1520,-1840,-13368,116,296,112,-1,-1,-1
25955,24.57,25.01,764,2.465,1428,-1892,-13412,134,318,121,-1,-1,-1
26243,24.57,25.05,764,2.465,1404,-1848,-13344,132,318,80,-1,-1,-1
26514,24.59,25.01,763,2.461,1468,-1880,-13484,113,329,103,-1,-1,-1
26788,24.57,24.89,763,2.461,1436,-1852,-13424,145,324,99,-1,-1,-1
27059,24.57,24.89,764,2.465,1460,-1956,-13480,109,345,98,-1,-1,-1
27334,24.59,24.89,764,2.465,1448,-1904,-13380,109,330,77,-1,-1,-1
27601,24.57,24.99,764,2.465,1584,-1824,-13800,112,291,92,-1,-1,-1
27875,24.57,24.89,748,2.413,1648,-1724,-13244,108,317,93,-1,-1,-1
28150,24.57,24.89,763,2.461,1408,-1812,-13404,159,329,125,-1,-1,-1
28425,24.53,24.87,763,2.461,1560,-1732,-13232,139,297,110,-1,-1,-1
28693,24.53,24.83,707,2.281,1448,-1912,-13340,139,332,90,-1,-1,-1
28964,24.51,24.83,764,2.465,1384,-1944,-13464,138,344,130,-1,-1,-1
29238,24.57,24.87,763,2.461,1548,-1788,-13400,158,334,100,-1,-1,-1
29509,24.57,24.87,440,1.419,1444,-1912,-13524,119,329,102,-1,-1,-1
29791,24.53,24.83,321,1.035,1524,-1812,-13312,119,327,122,-1,-1,-1
30058,24.53,24.83,432,1.394,1504,-1832,-13224,113,277,105,-1,-1,-1
30343,24.53,24.87,613,1.977,1468,-1844,-13340,132,287,130,-1,-1,-1
30631,24.53,24.87,502,1.619,1408,-1888,-13472,145,334,97,-1,-1,-1
30906,24.53,24.99,640,2.065,1616,-1880,-13636,151,340,93,-1,-1,-1
31181,24.57,24.95,640,2.065,1512,-1816,-13320,138,343,95,-1,-1,-1
31466,24.57,24.93,764,2.465,1408,-1804,-13304,144,330,98,-1,-1,-1
31734,24.49,24.93,764,2.465,1380,-1688,-13368,124,307,83,-1,-1,-1
32005,24.51,24.93,764,2.465,1508,-1816,-13460,115,359,104,-1,-1,-1
32276,24.53,24.93,764,2.465,1496,-1768,-13364,133,304,74,-1,-1,-1
32554,24.53,24.87,704,2.271,1464,-1844,-13220,110,311,114,-1,-1,-1
32825,24.53,24.93,764,2.465,1512,-1876,-13224,155,366,119,-1,-1,-1
33096,24.53,25.01,764,2.465,1344,-1812,-13476,115,331,100,-1,-1,-1
33371,24.57,24.89,765,2.468,1492,-1852,-13312,134,312,119,-1,-1,-1
33646,24.57,25.05,764,2.465,1496,-1832,-13440,150,332,94,-1,-1,-1
33914,24.57,25.07,763,2.461,1408,-1784,-13476,102,324,97,-1,-1,-1
34189,24.57,24.87,749,2.416,1384,-1776,-13468,114,314,92,-1,-1,-1
34467,24.53,24.99,764,2.465,1388,-1776,-13460,130,311,108,-1,-1,-1
34738,24.57,24.95,764,2.465,1424,-1780,-13328,145,344,87,-1,-1,-1
35016,24.57,25.07,763,2.461,1528,-1784,-13344,129,325,90,-1,-1,-1
35287,24.57,25.05,764,2.465,1380,-1788,-13236,145,339,92,-1,-1,-1
35569,24.59,25.07,729,2.352,1456,-1856,-13388,129,304,102,-1,-1,-1
35847,24.53,25.01,423,1.365,1512,-1888,-13392,93,318,97,-1,-1,-1
36121,24.57,25.07,764,2.465,1464,-1896,-13200,102,269,78,-1,-1,-1
36392,24.57,25.01,644,2.077,1400,-1828,-13512,147,324,104,-1,-1,-1
36660,24.57,25.01,763,2.461,1568,-1868,-13356,135,330,96,-1,-1,-1
36935,24.59,25.07,763,2.461,1492,-1896,-13344,126,307,106,-1,-1,-1
37206,24.59,25.07,728,2.348,1516,-1808,-13548,127,329,100,-1,-1,-1
37477,24.51,25.05,764,2.465,1480,-1848,-13408,126,352,96,-1,-1,-1
37755,24.59,25.05,495,1.597,1396,-1884,-13456,116,337,110,-1,-1,-1
38029,24.57,25.05,764,2.465,1440,-1692,-13336,128,316,98,-1,-1,-1
38303,24.57,24.93,646,2.084,1492,-1876,-13404,105,341,112,-1,-1,-1
38585,24.57,24.89,764,2.465,1460,-1884,-13372,152,339,61,-1,-1,-1
38853,24.53,24.83,495,1.597,1364,-1780,-13416,141,335,106,-1,-1,-1
39127,24.57,24.83,477,1.539,1520,-1916,-13292,136,326,106,-1,-1,-1
39398,24.53,24.87,764,2.465,1596,-1864,-13396,95,307,80,-1,-1,-1
39669,24.57,24.89,764,2.465,1424,-1932,-13416,131,283,72,-1,-1,-1
39940,24.59,24.89,560,1.806,1400,-1852,-13364,133,291,97,-1,-1,-1
40225,24.57,24.89,385,1.242,1460,-1920,-13348,112,347,98,-1,-1,-1
40493,24.57,24.87,272,0.877,1424,-1804,-13532,119,309,91,-1,-1,-1
40764,24.59,24.99,744,2.400,1400,-1800,-13356,144,320,102,-1,-1,-1
41046,24.51,24.87,691,2.229,1444,-1800,-13440,122,340,88,-1,-1,-1
41321,24.57,24.99,590,1.903,1440,-1884,-13392,169,332,92,-1,-1,-1
41588,24.53,25.01,372,1.200,1396,-1776,-13324,138,327,113,-1,-1,-1
41863,24.53,25.07,496,1.600,1488,-1852,-13340,126,336,90,-1,-1,-1
42134,24.61,25.25,416,1.342,1420,-1788,-13356,116,331,104,-1,-1,-1
42408,24.57,25.01,674,2.174,1456,-1792,-13400,108,348,101,-1,-1,-1
42682,24.59,25.01,688,2.219,1512,-1852,-13340,136,323,84,-1,-1,-1
42960,24.57,25.05,481,1.552,1564,-1736,-13220,166,330,100,-1,-1,-1
43227,24.59,25.25,474,1.529,1436,-1700,-13432,145,359,96,-1,-1,-1
43502,24.59,25.13,367,1.184,1336,-1832,-13228,118,345,107,-1,-1,-1
43777,24.57,25.07,478,1.542,1444,-1760,-13392,141,329,100,-1,-1,-1
44052,24.57,25.01,557,1.797,1544,-1816,-13384,152,342,107,-1,-1,-1
44341,24.59,25.05,366,1.181,1352,-1768,-13444,131,337,95,-1,-1,-1
44612,24.53,25.01,763,2.461,1444,-1732,-13392,134,300,89,-1,-1,-1
44890,24.59,24.99,631,2.035,1476,-1780,-13364,89,310,102,-1,-1,-1
45168,24.63,24.99,763,2.461,1440,-1748,-13264,120,311,99,-1,-1,-1
45436,24.57,24.99,763,2.461,1400,-1780,-13288,117,321,98,-1,-1,-1
45703,24.57,50.55,750,2.419,1468,-1724,-13364,135,311,82,-1,-1,-1
45978,24.59,25.01,361,1.165,1396,-1760,-13292,128,340,111,-1,-1,-1
46246,24.57,25.05,299,0.965,1416,-1864,-13256,125,313,98,-1,-1,-1
46535,24.59,25.05,465,1.500,1492,-1780,-13320,121,337,108,-1,-1,-1
46803,24.61,25.05,447,1.442,1452,-1840,-13420,132,337,65,-1,-1,-1
47081,24.59,25.01,385,1.242,1464,-1708,-13312,105,324,98,-1,-1,-1
47356,24.61,25.07,433,1.397,1468,-1864,-13316,121,308,100,-1,-1,-1
47631,24.59,25.05,374,1.206,1432,-1884,-13264,103,324,111,-1,-1,-1
47902,24.59,25.07,485,1.565,1432,-1876,-13216,144,344,103,-1,-1,-1
48180,24.57,25.05,196,0.632,1460,-1832,-13336,142,301,86,-1,-1,-1
48447,24.57,25.01,305,0.984,1484,-1856,-13436,105,322,103,-1,-1,-1
48718,24.61,25.07,367,1.184,1464,-1868,-13488,133,339,85,-1,-1,-1
48989,24.59,25.07,342,1.103,1508,-1736,-13376,149,321,111,-1,-1,-1
49264,24.61,25.11,486,1.568,1380,-1848,-13264,140,345,112,-1,-1,-1
49535,24.59,25.05,475,1.532,1408,-1776,-13320,112,334,88,-1,-1,-1
49810,24.61,25.01,535,1.726,1408,-1812,-13476,133,329,91,-1,-1,-1
50077,24.61,25.07,450,1.452,1464,-1820,-13484,128,287,64,-1,-1,-1
50355,24.59,25.05,503,1.623,1500,-1876,-13316,147,336,97,-1,-1,-1
50623,24.59,24.99,582,1.877,1580,-1880,-13344,149,334,81,-1,-1,-1
50901,24.61,24.95,475,1.532,1360,-1788,-13176,98,342,98,-1,-1,-1
51168,24.59,24.93,577,1.861,1428,-1776,-13232,120,311,100,-1,-1,-1
51450,24.59,24.93,435,1.403,1400,-1836,-13320,111,318,107,-1,-1,-1
51725,24.59,24.93,373,1.203,1476,-1748,-13360,124,323,102,-1,-1,-1
51992,24.59,24.93,432,1.394,1428,-1856,-13536,121,366,97,-1,-1,-1
52263,24.57,24.89,764,2.465,1532,-1836,-13168,107,316,100,-1,-1,-1
52545,24.59,24.87,763,2.461,1480,-1844,-13388,120,296,102,-1,-1,-1
52820,24.59,25.01,348,1.123,1424,-1760,-13344,100,324,77,-1,-1,-1
53088,24.59,24.99,364,1.174,1444,-1876,-13284,141,304,105,-1,-1,-1
53362,24.57,25.11,290,0.935,1356,-1888,-13388,125,321,112,-1,-1,-1
53647,24.59,25.07,462,1.490,1428,-1776,-13412,123,324,87,-1,-1,-1
53925,24.59,25.11,740,2.387,1380,-1740,-13276,122,335,101,-1,-1,-1
54210,24.61,25.11,618,1.994,1332,-1856,-13588,141,317,102,-1,-1,-1
54484,24.57,25.01,485,1.565,1356,-1852,-13500,84,301,90,-1,-1,-1
54760,24.59,25.01,310,1.000,1424,-1876,-13400,125,346,96,-1,-1,-1
55035,24.59,25.05,478,1.542,1296,-1880,-13348,111,324,132,-1,-1,-1
55313,24.61,24.99,382,1.232,1432,-1796,-13476,124,312,95,-1,-1,-1
55595,24.59,25.11,459,1.481,1624,-1760,-13340,162,333,127,-1,-1,-1
55863,24.59,25.05,291,0.939,1440,-1860,-13516,128,336,114,-1,-1,-1
56138,24.61,25.11,240,0.774,1444,-1768,-13252,118,327,88,-1,-1,-1
56413,24.61,25.17,356,1.148,1428,-1920,-13188,131,308,95,-1,-1,-1
56681,24.63,25.17,460,1.484,1456,-1716,-13288,152,341,124,-1,-1,-1
56956,24.53,25.11,410,1.323,1356,-1796,-13452,116,326,95,-1,-1,-1
57227,24.59,25.11,464,1.497,1456,-1760,-13404,134,331,112,-1,-1,-1
57498,24.61,25.11,336,1.084,1536,-1872,-13396,106,313,94,-1,-1,-1
57765,24.63,25.13,305,0.984,1440,-1816,-13380,115,336,105,-1,-1,-1
58036,24.59,25.19,238,0.768,1488,-1744,-13316,119,336,88,-1,-1,-1
58310,24.63,25.23,444,1.432,1496,-1824,-13352,133,331,121,-1,-1,-1
58598,24.63,25.23,304,0.981,1488,-1748,-13340,121,300,90,-1,-1,-1
58876,24.67,25.23,330,1.065,1444,-1780,-13348,143,276,101,-1,-1,-1
59151,24.63,25.11,442,1.426,1528,-1812,-13332,133,341,111,-1,-1,-1
59419,24.63,25.17,413,1.332,1428,-1808,-13228,117,305,116,-1,-1,-1
59690,24.61,25.13,397,1.281,1448,-1900,-13336,129,320,94,-1,-1,-1
59972,24.65,25.25,313,1.010,1504,-1792,-13364,92,288,86,-1,-1,-1
60267,24.65,25.25,358,1.155,1448,-1764,-13300,98,322,93,-1,-1,-1
60534,24.65,25.11,483,1.558,1424,-1912,-13256,134,313,91,-1,-1,-1
60808,24.61,25.11,480,1.548,1384,-1692,-13432,108,322,98,-1,-1,-1
61090,24.63,25.17,442,1.426,1396,-1912,-13380,116,314,106,-1,-1,-1
61365,24.61,25.11,436,1.406,1432,-1868,-13208,144,332,83,-1,-1,-1
61632,24.63,25.11,303,0.977,1700,-1596,-14448,-87,55,109,-1,-1,-1
61910,24.61,25.11,540,1.742,1464,-1640,-13400,109,323,97,-1,-1,-1
62185,24.61,25.11,355,1.145,1528,-1968,-13392,147,343,83,-1,-1,-1
62453,24.63,25.05,491,1.584,1472,-1852,-13384,126,325,98,-1,-1,-1
62727,24.63,24.99,347,1.119,1276,-1808,-13392,134,295,117,-1,-1,-1
63012,24.63,24.99,472,1.523,1432,-1948,-13352,122,346,93,-1,-1,-1
63283,24.65,24.95,344,1.110,1444,-1740,-13384,83,342,86,-1,-1,-1
63550,24.63,50.55,543,1.752,1428,-1832,-13384,133,301,108,-1,-1,-1
63818,24.63,24.89,646,2.084,1552,-1764,-13284,94,344,112,-1,-1,-1
64093,24.67,25.05,606,1.955,1328,-1844,-13316,148,328,99,-1,-1,-1
64368,24.65,25.01,599,1.932,1400,-1932,-13400,137,334,98,-1,-1,-1
64643,24.67,25.17,573,1.848,1448,-1820,-13280,116,335,94,-1,-1,-1
64932,24.63,25.11,627,2.023,1476,-1836,-13364,87,321,98,-1,-1,-1
65206,24.67,25.17,381,1.229,1448,-1904,-13396,147,321,103,-1,-1,-1
65488,24.65,25.07,447,1.442,1464,-1908,-13400,124,316,92,-1,-1,-1
65756,24.61,25.01,341,1.100,1540,-1816,-13180,154,340,84,-1,-1,-1
66030,24.63,25.05,630,2.032,1492,-1820,-13336,112,351,84,-1,-1,-1
66308,24.65,25.05,439,1.416,1440,-1816,-13312,130,320,117,-1,-1,-1
66579,24.63,25.11,323,1.042,1400,-1708,-13280,127,339,84,-1,-1,-1
66854,24.63,25.01,764,2.465,1448,-1744,-13348,109,317,94,-1,-1,-1
67122,24.63,25.05,568,1.832,1576,-1844,-13304,135,350,90,-1,-1,-1
67393,24.65,25.07,471,1.519,1404,-1804,-13400,118,327,104,-1,-1,-1
67662,24.65,25.13,555,1.790,1560,-1800,-13440,124,329,131,-1,-1,-1
67940,24.65,25.07,732,2.361,1464,-1872,-13428,112,328,102,-1,-1,-1
68208,24.63,24.95,420,1.355,1428,-1896,-13396,125,340,114,-1,-1,-1
68486,24.63,25.05,627,2.023,1488,-1740,-13392,136,307,104,-1,-1,-1
68768,24.67,25.07,333,1.074,1448,-1844,-13320,136,338,107,-1,-1,-1
69043,24.65,24.99,497,1.603,1416,-1888,-13400,129,306,110,-1,-1,-1
69311,24.67,24.99,398,1.284,1468,-1768,-13340,137,347,86,-1,-1,-1
69596,24.67,24.95,328,1.058,1416,-1760,-13416,113,315,96,-1,-1,-1
69871,24.63,25.01,257,0.829,1380,-1820,-13448,122,297,83,-1,-1,-1
70145,24.63,25.05,358,1.155,1468,-1880,-13368,106,348,76,-1,-1,-1
70434,24.63,24.95,405,1.306,1492,-1776,-13376,121,322,115,-1,-1,-1
70712,24.69,25.11,434,1.400,1544,-1816,-13364,101,311,110,-1,-1,-1
70983,24.63,25.05,482,1.555,1572,-1760,-13496,107,288,90,-1,-1,-1
71254,24.65,25.05,485,1.565,1428,-1836,-13420,100,350,84,-1,-1,-1
71529,24.65,25.07,679,2.190,1440,-1872,-13376,121,333,81,-1,-1,-1
71797,24.65,25.07,448,1.445,1460,-1804,-13320,138,313,118,-1,-1,-1
72072,24.67,25.11,467,1.506,1480,-1880,-13344,118,344,78,-1,-1,-1
72343,24.67,25.11,475,1.532,1540,-1744,-13368,120,336,116,-1,-1,-1
72618,24.65,25.07,663,2.139,1456,-1804,-13544,143,325,100,-1,-1,-1
72889,24.65,25.11,317,1.023,1528,-1880,-13452,131,331,110,-1,-1,-1
73163,24.67,25.13,353,1.139,1420,-1720,-13324,134,320,123,-1,-1,-1
73445,24.67,24.99,752,2.426,1468,-1796,-13452,105,352,88,-1,-1,-1
73713,24.63,25.11,764,2.465,1432,-1860,-13312,97,286,86,-1,-1,-1
73987,24.65,25.07,548,1.768,1444,-1808,-13352,128,346,114,-1,-1,-1
74262,24.65,24.99,637,2.055,1424,-1784,-13440,128,322,89,-1,-1,-1
74537,24.63,25.11,695,2.242,1524,-1872,-13288,136,311,98,-1,-1,-1
74805,24.65,25.05,448,1.445,1488,-1824,-13412,139,312,98,-1,-1,-1
75079,24.67,25.05,331,1.068,1396,-1976,-13384,106,364,99,-1,-1,-1
75354,24.65,25.11,380,1.226,1436,-1836,-13332,130,337,92,-1,-1,-1
75629,24.67,25.07,445,1.435,1460,-1812,-13364,126,302,90,-1,-1,-1
75900,24.67,25.13,497,1.603,1456,-1880,-13408,135,343,70,-1,-1,-1
76171,50.29,25.11,329,1.061,1396,-1800,-13408,88,340,119,-1,-1,-1
76456,24.67,25.07,763,2.461,1436,-1908,-13240,115,300,77,-1,-1,-1
76741,24.67,25.07,599,1.932,1352,-1812,-13320,113,307,73,-1,-1,-1
77016,24.67,25.11,435,1.403,1420,-1756,-13260,112,339,90,-1,-1,-1
77295,24.69,25.07,527,1.700,1456,-1836,-13448,125,321,85,-1,-1,-1
77562,50.29,25.11,764,2.465,1556,-2020,-13476,68,254,78,-1,-1,-1
77837,24.67,25.11,762,2.458,1148,-2032,-13256,106,304,88,-1,-1,-1
78108,24.67,25.13,354,1.142,1480,-1848,-13496,122,330,90,-1,-1,-1
78379,24.67,25.19,397,1.281,1280,-1980,-13284,118,333,114,-1,-1,-1
78653,24.67,25.13,261,0.842,1528,-1828,-13444,34,331,107,-1,-1,-1
78924,24.67,25.11,273,0.881,1492,-1744,-13420,75,276,102,-1,-1,-1
79195,24.69,25.11,443,1.429,1500,-1820,-13304,130,321,109,-1,-1,-1
79470,24.67,24.95,562,1.813,1500,-1820,-13404,135,329,86,-1,-1,-1
79738,24.69,25.01,305,0.984,1472,-1828,-13536,94,333,108,-1,-1,-1
80009,24.69,25.05,763,2.461,1384,-1852,-13208,148,320,83,-1,-1,-1
80291,24.67,25.11,460,1.484,1440,-1888,-13428,139,326,100,-1,-1,-1
80569,24.67,25.01,343,1.106,1480,-1848,-13380,143,339,73,-1,-1,-1
80844,24.65,24.99,249,0.803,1544,-1804,-13384,132,301,92,-1,-1,-1
81115,24.67,24.99,298,0.961,1412,-1828,-13472,110,328,98,-1,-1,-1
81397,24.69,25.13,557,1.797,1492,-1852,-13372,122,338,74,-1,-1,-1
81672,24.67,25.01,391,1.261,1608,-1784,-13368,124,304,103,-1,-1,-1
81947,24.69,25.05,543,1.752,1548,-1776,-13372,120,300,95,-1,-1,-1
82214,24.67,25.05,471,1.519,1452,-1816,-13344,123,310,107,-1,-1,-1
82492,24.69,25.01,352,1.135,1480,-1832,-13360,131,330,93,-1,-1,-1
82763,50.29,25.13,763,2.461,1556,-1800,-13316,131,298,91,-1,-1,-1
83041,24.69,25.13,764,2.465,1524,-1776,-13396,102,342,75,-1,-1,-1
83308,24.69,25.11,566,1.826,1524,-1832,-13448,107,298,95,-1,-1,-1
83579,24.71,25.17,705,2.274,1392,-1768,-13412,140,318,100,-1,-1,-1
83853,24.69,25.13,517,1.668,1452,-1800,-13224,147,323,87,-1,-1,-1
84124,24.71,25.17,483,1.558,1372,-1840,-13316,120,324,97,-1,-1,-1
84391,24.69,25.05,498,1.606,1432,-1800,-13404,134,320,93,-1,-1,-1
84665,24.69,25.11,596,1.923,1564,-1960,-13408,151,345,84,-1,-1,-1
84940,24.69,25.11,501,1.616,1552,-1824,-13340,113,311,115,-1,-1,-1
85215,24.71,25.13,594,1.916,1356,-1892,-13268,122,336,80,-1,-1,-1
85483,24.71,25.13,566,1.826,1508,-1936,-13436,120,330,91,-1,-1,-1
85757,24.69,25.05,764,2.465,1528,-1836,-13384,96,354,93,-1,-1,-1
86032,24.71,25.05,263,0.848,1500,-1852,-13388,164,324,72,-1,-1,-1
86300,24.71,25.05,471,1.519,1476,-1892,-13456,103,330,111,-1,-1,-1
86585,24.67,25.05,592,1.910,1408,-1808,-13356,134,328,117,-1,-1,-1
86856,24.71,24.99,495,1.597,1448,-1896,-13320,96,309,92,-1,-1,-1
87130,24.71,24.99,764,2.465,1404,-1828,-13428,134,324,122,-1,-1,-1
87397,24.71,24.99,448,1.445,1500,-1780,-13160,113,318,98,-1,-1,-1
87668,24.69,24.99,490,1.581,1648,-1772,-13396,135,335,106,-1,-1,-1
87953,24.71,24.99,361,1.165,1616,-1896,-13372,101,312,100,-1,-1,-1
88235,24.69,25.01,425,1.371,1604,-1784,-13448,128,314,100,-1,-1,-1
88503,24.71,24.99,322,1.039,1536,-1856,-13396,120,333,80,-1,-1,-1
88778,24.69,25.05,653,2.106,1460,-1900,-13464,75,321,100,-1,-1,-1
89052,24.71,25.05,364,1.174,1432,-1800,-13368,120,322,93,-1,-1,-1
89330,24.71,25.05,453,1.461,1476,-1796,-13684,104,156,105,-1,-1,-1
89598,24.71,25.05,686,2.213,1044,-1552,-13004,-519,490,3862,-1,-1,-1
89873,24.69,25.05,764,2.465,-60,-1528,-13192,226,-49,-1853,-1,-1,-1
90144,24.69,25.11,658,2.123,1520,-1732,-13312,164,328,105,-1,-1,-1
90418,24.69,25.05,761,2.455,1436,-1960,-13328,193,321,109,-1,-1,-1
90689,24.73,25.07,563,1.816,1396,-1884,-13408,196,380,59,-1,-1,-1
90957,24.71,25.05,763,2.461,1496,-1888,-13412,98,317,113,-1,-1,-1
91235,24.71,25.05,693,2.235,1428,-1800,-13284,148,300,97,-1,-1,-1
91510,24.73,25.01,722,2.329,1596,-1568,-13012,259,553,89,-1,-1,-1
91777,24.71,25.07,670,2.161,1472,-1832,-13540,110,288,115,-1,-1,-1
92051,24.71,25.05,499,1.610,1460,-1760,-13484,146,334,105,-1,-1,-1
92322,24.69,25.05,764,2.465,1448,-1728,-13252,68,313,90,-1,-1,-1
92596,24.71,25.05,663,2.139,1452,-1784,-13408,152,302,118,-1,-1,-1
92874,24.71,25.05,536,1.729,1368,-1844,-13332,129,338,84,-1,-1,-1
93156,24.71,25.05,763,2.461,1572,-1800,-13256,124,317,88,-1,-1,-1
93424,24.71,25.01,441,1.423,1336,-1964,-13496,106,333,93,-1,-1,-1
93699,24.71,24.99,618,1.994,1452,-1712,-13356,113,325,110,-1,-1,-1
93973,24.71,25.05,547,1.765,1384,-1840,-13408,145,332,89,-1,-1,-1
94248,24.71,24.99,469,1.513,1376,-1864,-13384,141,359,83,-1,-1,-1
94523,24.69,25.05,630,2.032,1444,-1836,-13328,110,343,112,-1,-1,-1
94798,24.73,25.01,470,1.516,1504,-1884,-13400,112,345,94,-1,-1,-1
95065,24.71,25.07,331,1.068,1404,-1904,-13288,116,329,110,-1,-1,-1
95336,24.71,25.01,241,0.777,1448,-1764,-13360,100,327,111,-1,-1,-1
95628,24.71,25.01,413,1.332,1516,-1804,-13424,106,326,104,-1,-1,-1
95903,24.73,25.05,483,1.558,1508,-1808,-13580,142,386,82,-1,-1,-1
96178,24.73,25.07,764,2.465,1308,-1816,-13396,117,334,100,-1,-1,-1
96453,24.73,25.13,763,2.461,1564,-2032,-13188,131,317,192,-1,-1,-1
96728,24.73,25.07,473,1.526,2504,-1688,-13228,110,1267,82,-1,-1,-1
97010,24.73,25.11,458,1.477,1520,-1632,-13644,491,-1786,200,-1,-1,-1
97281,24.71,25.17,509,1.642,1244,-1912,-13520,345,694,76,-1,-1,-1
97556,24.73,25.07,707,2.281,1556,-1920,-13296,110,400,104,-1,-1,-1
97824,24.75,25.11,763,2.461,1484,-1832,-13392,121,362,98,-1,-1,-1
98095,24.73,25.07,764,2.465,1368,-1880,-13348,131,340,87,-1,-1,-1
98362,24.73,25.01,541,1.745,1416,-1888,-13352,153,330,120,-1,-1,-1
98633,24.71,24.95,430,1.387,1384,-1952,-13380,112,303,100,-1,-1,-1
98904,24.71,24.95,308,0.994,1496,-1836,-13220,118,321,107,-1,-1,-1
99172,24.73,50.55,376,1.213,1424,-2040,-13412,68,352,89,-1,-1,-1
99443,24.75,24.95,353,1.139,1400,-2080,-13368,140,318,104,-1,-1,-1
99714,24.75,24.89,320,1.032,1460,-2068,-13464,158,298,97,-1,-1,-1
99982,24.71,24.99,262,0.845,1620,-1712,-13264,102,371,112,-1,-1,-1
100256,24.71,24.95,231,0.745,1460,-1868,-13404,136,361,85,-1,-1,-1
100527,24.73,24.93,333,1.074,1480,-1752,-13340,97,309,101,-1,-1,-1
100816,24.75,24.99,380,1.226,1472,-1852,-13324,151,335,112,-1,-1,-1
101084,24.73,24.95,460,1.484,1596,-1784,-13344,133,325,90,-1,-1,-1
101362,24.73,24.99,469,1.513,1436,-1876,-13224,138,339,113,-1,-1,-1
101641,24.73,24.93,443,1.429,1460,-1820,-13588,131,331,113,-1,-1,-1
101919,24.73,25.01,423,1.365,1400,-1832,-13428,143,330,128,-1,-1,-1
102194,24.73,24.99,398,1.284,1548,-1784,-13332,72,408,87,-1,-1,-1
102476,24.71,25.07,398,1.284,1520,-1864,-13468,171,298,89,-1,-1,-1
102754,24.71,24.99,465,1.500,1624,-1632,-13408,122,389,85,-1,-1,-1
103029,24.71,25.05,467,1.506,1500,-1832,-13516,170,313,93,-1,-1,-1
103314,24.73,25.07,445,1.435,1668,-1836,-13532,123,316,102,-1,-1,-1
103585,24.71,25.05,444,1.432,1556,-1580,-13424,83,359,76,-1,-1,-1
103859,24.71,25.13,543,1.752,1640,-1788,-13376,108,370,90,-1,-1,-1
104141,24.73,25.13,762,2.458,1568,-1776,-13364,114,315,113,-1,-1,-1
104420,24.73,25.05,670,2.161,1596,-1824,-13376,137,346,91,-1,-1,-1
104695,24.75,25.19,590,1.903,1600,-1696,-13412,117,305,77,-1,-1,-1
104963,24.73,25.07,322,1.039,1680,-1804,-13248,101,371,61,-1,-1,-1
105234,24.73,25.17,628,2.026,1680,-1844,-13376,143,311,109,-1,-1,-1
105509,24.75,25.17,563,1.816,1696,-1860,-13512,120,327,115,-1,-1,-1
105784,24.73,25.17,746,2.406,1596,-1684,-13140,98,330,84,-1,-1,-1
106051,24.73,25.17,764,2.465,1704,-1768,-13408,123,305,91,-1,-1,-1
106322,24.79,25.19,764,2.465,1636,-1756,-13452,153,356,83,-1,-1,-1
106596,24.73,25.17,699,2.255,1708,-1836,-13284,143,343,105,-1,-1,-1
106871,24.73,25.17,764,2.465,1580,-1912,-13408,52,335,129,-1,-1,-1
107146,24.75,25.17,763,2.461,1628,-1832,-13356,124,315,75,-1,-1,-1
107421,24.73,25.19,335,1.081,1616,-1796,-13272,176,356,105,-1,-1,-1
107696,24.73,25.07,535,1.726,1744,-1660,-13284,172,300,94,-1,-1,-1
107963,24.75,25.13,763,2.461,1608,-1776,-13216,186,359,112,-1,-1,-1
108238,24.73,25.07,764,2.465,1652,-1708,-13528,93,314,124,-1,-1,-1
108509,24.79,25.13,764,2.465,1516,-1920,-13220,46,348,86,-1,-1,-1
108780,24.75,25.13,654,2.110,1616,-1732,-13228,122,319,84,-1,-1,-1
109054,24.79,25.11,764,2.465,1652,-1684,-13360,102,369,74,-1,-1,-1
109328,24.73,25.11,763,2.461,1608,-1868,-13308,146,341,108,-1,-1,-1
109596,24.79,25.11,763,2.461,1504,-1924,-13328,119,329,103,-1,-1,-1
109871,24.75,25.07,733,2.365,1564,-1812,-13280,138,345,84,-1,-1,-1
110146,24.79,25.07,702,2.265,1672,-1564,-13468,160,390,111,-1,-1,-1
110425,24.75,25.05,763,2.461,1552,-1756,-13460,131,326,95,-1,-1,-1
110700,24.73,25.07,634,2.045,1700,-1656,-13428,205,281,108,-1,-1,-1
110971,24.73,25.01,547,1.765,1636,-1760,-13256,140,318,102,-1,-1,-1
111246,24.75,24.95,538,1.735,1648,-1708,-13396,114,373,59,-1,-1,-1
111514,24.75,24.93,764,2.465,1496,-1860,-13276,180,315,118,-1,-1,-1
111789,24.75,25.05,678,2.187,1440,-1916,-13460,105,320,110,-1,-1,-1
112060,24.75,25.01,589,1.900,1556,-1936,-13432,159,279,110,-1,-1,-1
112331,24.75,25.11,546,1.761,1604,-1804,-13260,195,344,58,-1,-1,-1
112606,24.81,25.11,577,1.861,1776,-1592,-13296,113,347,76,-1,-1,-1
112873,24.75,25.07,764,2.465,1516,-1876,-13324,71,338,104,-1,-1,-1
113144,24.75,25.05,496,1.600,1508,-1876,-13204,413,-825,463,-1,-1,-1
113412,24.79,25.05,764,2.465,1492,-1824,-13252,237,506,19,-1,-1,-1
113701,24.75,25.07,763,2.461,1396,-1928,-13504,106,340,85,-1,-1,-1
113972,24.73,25.07,764,2.465,1624,-1764,-13348,85,321,93,-1,-1,-1
114250,24.79,25.07,636,2.052,1384,-1848,-13240,170,333,116,-1,-1,-1
114518,24.79,25.07,694,2.239,1640,-1984,-13312,133,306,100,-1,-1,-1
114789,24.79,25.07,661,2.132,1516,-1796,-13388,123,323,105,-1,-1,-1
115064,24.73,25.01,675,2.177,1628,-1788,-13320,121,326,135,-1,-1,-1
115342,24.73,25.07,671,2.165,1456,-1808,-13476,107,326,54,-1,-1,-1
115624,24.75,25.13,627,2.023,1468,-1424,-12616,521,255,126,-1,-1,-1
115899,24.79,25.07,649,2.094,1276,-1796,-13372,53,190,105,-1,-1,-1
116170,24.79,25.01,456,1.471,1584,-1860,-13256,129,331,99,-1,-1,-1
116438,24.75,25.11,763,2.461,1492,-1760,-13436,132,321,118,-1,-1,-1
116709,24.73,25.07,726,2.342,1448,-1896,-13296,154,342,118,-1,-1,-1
116984,24.79,25.11,674,2.174,1464,-1696,-13348,103,314,115,-1,-1,-1
117259,24.75,25.11,596,1.923,1364,-1872,-13552,88,318,99,-1,-1,-1
117526,24.79,25.11,514,1.658,1532,-1772,-13288,120,342,93,-1,-1,-1
117801,24.75,25.11,763,2.461,1404,-2000,-13352,128,296,111,-1,-1,-1
118079,24.79,25.07,723,2.332,1664,-1564,-13332,162,273,116,-1,-1,-1
118354,24.81,25.13,525,1.694,1492,-1820,-13432,157,302,125,-1,-1,-1
118625,24.79,25.19,406,1.310,1280,-1972,-13372,141,337,105,-1,-1,-1
118900,24.73,25.13,432,1.394,1316,-1708,-12748,175,738,-67,-1,-1,-1
119168,24.79,25.19,373,1.203,1296,-1928,-13336,102,323,115,-1,-1,-1
119439,24.75,25.17,443,1.429,1392,-1800,-13244,132,329,108,-1,-1,-1
119714,24.81,25.19,618,1.994,1440,-1920,-13424,95,306,87,-1,-1,-1
119985,24.83,25.13,682,2.200,1228,-1868,-13392,114,270,100,-1,-1,-1
120256,24.79,25.13,427,1.377,1352,-1876,-13324,102,305,103,-1,-1,-1
120535,24.83,25.19,456,1.471,1168,-1900,-13212,61,290,105,-1,-1,-1
120813,24.79,25.13,512,1.652,1460,-1756,-13424,104,308,95,-1,-1,-1
121084,24.79,25.11,517,1.668,1680,-2204,-13140,180,423,-21,-1,-1,-1
121355,24.79,25.13,509,1.642,1460,-1816,-13340,-53,-17,109,-1,-1,-1
121630,24.75,25.11,482,1.555,1472,-1904,-13360,118,305,89,-1,-1,-1
121898,24.83,25.11,363,1.171,1364,-1960,-13372,152,309,129,-1,-1,-1
122169,24.79,25.11,557,1.797,1440,-1832,-13340,115,355,103,-1,-1,-1
122444,24.79,25.07,423,1.365,1488,-1788,-13404,139,301,93,-1,-1,-1
122711,24.81,25.05,399,1.287,1292,-1984,-13304,122,321,96,-1,-1,-1
122982,24.79,25.01,343,1.106,1440,-1816,-13464,124,302,80,-1,-1,-1
123264,24.79,24.95,457,1.474,1456,-1900,-13404,129,330,99,-1,-1,-1
123532,24.79,25.01,410,1.323,1380,-1916,-13692,101,780,10,-1,-1,-1
123803,24.75,25.01,435,1.403,1480,-1816,-13328,27,98,109,-1,-1,-1
124070,24.79,25.01,665,2.145,1528,-1868,-13372,139,332,91,-1,-1,-1
124341,24.79,25.07,507,1.635,1512,-1848,-13392,106,278,83,-1,-1,-1
124612,24.79,25.07,764,2.465,1380,-1808,-13352,112,358,90,-1,-1,-1
124883,24.81,25.07,764,2.465,1432,-2012,-13232,93,334,113,-1,-1,-1
125158,24.79,25.01,603,1.945,1396,-1808,-13216,247,263,142,-1,-1,-1
125437,24.75,25.07,723,2.332,1500,-1848,-13352,129,300,108,-1,-1,-1
125712,24.81,25.05,695,2.242,1224,-2044,-13300,114,274,76,-1,-1,-1
125997,24.81,25.07,531,1.713,1472,-1848,-13340,112,319,111,-1,-1,-1
126272,24.81,25.07,763,2.461,1420,-1900,-13288,154,291,97,-1,-1,-1
126540,24.83,25.11,763,2.461,1392,-1768,-13308,130,314,89,-1,-1,-1
126811,24.79,25.13,577,1.861,1520,-1980,-13508,118,360,96,-1,-1,-1
127082,24.79,25.13,582,1.877,1380,-1932,-13356,145,307,82,-1,-1,-1
127360,24.83,25.13,763,2.461,1496,-1880,-13304,149,326,135,-1,-1,-1
127642,24.79,25.11,763,2.461,1516,-1892,-13172,128,328,95,-1,-1,-1
127917,24.83,25.11,763,2.461,1380,-1884,-13516,123,345,84,-1,-1,-1
128192,24.79,25.13,528,1.703,1412,-1832,-13316,109,325,96,-1,-1,-1
128459,24.81,25.07,473,1.526,1320,-1960,-13420,120,347,98,-1,-1,-1
128730,24.79,25.13,763,2.461,1460,-1948,-13200,119,370,113,-1,-1,-1
128998,24.81,25.11,502,1.619,1332,-1924,-13036,81,268,105,-1,-1,-1
129273,24.81,25.13,282,0.910,1388,-1856,-13424,108,309,97,-1,-1,-1
129541,24.79,25.07,452,1.458,1304,-1900,-13312,118,327,115,-1,-1,-1
129826,24.81,25.13,391,1.261,1420,-1832,-13296,156,236,92,-1,-1,-1
130097,24.81,25.13,337,1.087,1412,-1864,-13516,112,308,99,-1,-1,-1
130365,24.79,25.11,384,1.239,1496,-1824,-13244,122,297,97,-1,-1,-1
130640,24.81,25.13,268,0.865,1516,-1848,-13332,108,309,95,-1,-1,-1
130915,24.79,25.11,764,2.465,1480,-1904,-13248,131,322,106,-1,-1,-1
131190,24.81,25.13,553,1.784,1348,-1836,-13312,98,315,114,-1,-1,-1
131457,24.85,25.19,497,1.603,1376,-1880,-13564,122,297,79,-1,-1,-1
131735,24.79,25.13,358,1.155,1448,-1792,-13280,78,298,80,-1,-1,-1
132006,24.83,25.17,764,2.465,1468,-1900,-13380,111,272,101,-1,-1,-1
132281,24.83,25.13,764,2.465,1476,-1784,-13320,132,328,87,-1,-1,-1
132549,24.83,25.17,763,2.461,1460,-1820,-13348,143,324,93,-1,-1,-1
132823,24.81,25.19,762,2.458,1388,-1716,-13396,136,328,97,-1,-1,-1
133097,24.85,25.25,541,1.745,1416,-1784,-13364,122,322,125,-1,-1,-1
133368,24.83,25.19,764,2.465,1328,-1960,-13364,133,236,94,-1,-1,-1
133643,24.83,25.17,577,1.861,1352,-1936,-13360,150,337,99,-1,-1,-1
133910,24.81,25.13,489,1.577,1500,-1804,-13416,136,331,105,-1,-1,-1
134181,24.83,25.11,719,2.319,1572,-1804,-13116,121,301,116,-1,-1,-1
134449,24.83,25.11,764,2.465,1460,-1780,-13328,102,302,108,-1,-1,-1
134720,24.83,25.07,504,1.626,1520,-1684,-13432,102,229,119,-1,-1,-1
134991,24.83,25.11,476,1.535,1292,-2016,-13232,123,305,93,-1,-1,-1
135265,24.81,25.11,289,0.932,1484,-1836,-13272,102,356,76,-1,-1,-1
135547,24.81,25.07,334,1.077,1380,-1700,-13400,135,325,115,-1,-1,-1
135815,24.81,25.05,569,1.835,1384,-1932,-13280,142,292,107,-1,-1,-1
136100,24.81,25.05,764,2.465,1516,-1776,-13208,136,322,117,-1,-1,-1
136385,24.85,25.31,763,2.461,1392,-1656,-13468,132,349,109,-1,-1,-1
136660,24.83,25.25,711,2.294,1300,-1940,-13420,147,320,96,-1,-1,-1
136935,24.85,25.31,763,2.461,1340,-1796,-13432,124,272,103,-1,-1,-1
137206,24.83,25.31,764,2.465,1308,-1876,-13212,130,361,115,-1,-1,-1
137484,24.85,25.37,474,1.529,1312,-1628,-13396,127,330,115,-1,-1,-1
137759,24.83,25.31,434,1.400,1412,-1860,-13436,100,300,124,-1,-1,-1
138027,24.87,25.29,307,0.990,1408,-1884,-13380,116,364,121,-1,-1,-1
138302,24.83,25.23,555,1.790,1312,-1980,-13276,151,388,92,-1,-1,-1
138587,24.83,25.13,720,2.323,1388,-1780,-13416,127,354,116,-1,-1,-1
138855,24.83,25.17,693,2.235,1368,-1776,-13100,185,339,116,-1,-1,-1
139126,24.85,25.11,763,2.461,1364,-1580,-13468,33,265,107,-1,-1,-1
139400,24.85,25.17,669,2.158,1392,-1900,-13212,37,306,93,-1,-1,-1
139689,24.87,25.19,605,1.952,1248,-1884,-13464,153,376,95,-1,-1,-1
139964,24.85,25.17,483,1.558,1436,-1916,-13380,111,336,90,-1,-1,-1
140232,24.87,25.17,393,1.268,1404,-1904,-13288,112,320,131,-1,-1,-1
140500,24.85,25.23,454,1.465,1396,-1708,-13452,139,290,120,-1,-1,-1
140771,24.87,25.17,439,1.416,1396,-1744,-13408,145,370,80,-1,-1,-1
141046,24.85,25.17,432,1.394,1520,-1848,-13256,149,306,117,-1,-1,-1
141324,24.87,25.17,644,2.077,1344,-1824,-13420,125,334,108,-1,-1,-1
141592,24.85,25.13,763,2.461,1352,-1912,-13500,105,281,116,-1,-1,-1
141863,24.87,25.19,753,2.429,1488,-1744,-13440,151,345,93,-1,-1,-1
142138,24.87,25.19,462,1.490,1344,-1828,-13352,145,321,111,-1,-1,-1
142409,24.85,25.19,711,2.294,1308,-1876,-13312,144,372,122,-1,-1,-1
142687,24.85,25.19,321,1.035,1496,-1864,-13240,109,311,121,-1,-1,-1
142966,24.85,25.19,421,1.358,1412,-1844,-13464,118,313,106,-1,-1,-1
143241,24.85,25.17,347,1.119,1316,-1884,-13488,129,308,105,-1,-1,-1
143519,24.85,25.19,370,1.194,1440,-1852,-13244,129,330,103,-1,-1,-1
143787,24.87,25.17,315,1.016,1452,-1828,-13340,124,345,95,-1,-1,-1
144062,24.87,25.17,407,1.313,1464,-1868,-13284,117,320,89,-1,-1,-1
144347,24.89,25.17,327,1.055,1412,-1788,-13460,131,327,104,-1,-1,-1
144625,24.89,25.19,763,2.461,1340,-1840,-13268,120,347,89,-1,-1,-1
144910,24.85,25.19,620,2.000,1380,-1892,-13392,144,333,97,-1,-1,-1
145197,24.85,25.19,672,2.168,1348,-1864,-13380,131,320,84,-1,-1,-1
145468,24.89,25.23,678,2.187,1548,-1832,-13300,123,329,108,-1,-1,-1
145736,24.87,25.13,764,2.465,1380,-1880,-13544,115,288,100,-1,-1,-1
146011,24.87,25.13,494,1.594,1176,-1612,-12716,-360,-414,162,-1,-1,-1
146286,24.89,25.17,525,1.694,1188,-1672,-13400,110,334,124,-1,-1,-1
146565,24.87,25.11,351,1.132,1320,-1896,-13224,144,283,98,-1,-1,-1
146840,24.87,25.17,707,2.281,1232,-1832,-13416,74,245,110,-1,-1,-1
147108,24.89,25.11,763,2.461,1112,-1588,-13488,149,365,90,-1,-1,-1
147393,24.85,25.13,338,1.090,1080,-1732,-13436,122,284,99,-1,-1,-1
147664,24.85,25.11,740,2.387,900,-1560,-13488,117,241,146,-1,-1,-1
147931,24.85,25.13,626,2.019,1044,-1696,-13268,100,325,88,-1,-1,-1
148223,24.85,25.11,398,1.284,752,-1624,-13508,128,369,60,-1,-1,-1
148490,24.87,25.13,420,1.355,1120,-1548,-12984,848,2140,-510,-1,-1,-1
148758,24.85,25.17,763,2.461,1208,-1732,-13608,146,367,100,-1,-1,-1
149033,24.85,25.17,764,2.465,1272,-1732,-13520,155,338,71,-1,-1,-1
149304,24.87,25.13,611,1.971,1284,-1660,-13276,140,336,92,-1,-1,-1
149579,24.85,25.13,525,1.694,1332,-1640,-13496,104,373,101,-1,-1,-1
149854,24.87,25.13,691,2.229,1320,-1700,-13340,151,329,93,-1,-1,-1
150125,24.87,25.17,763,2.461,1392,-1756,-13656,127,355,88,-1,-1,-1
150400,24.85,25.07,613,1.977,1312,-1780,-13440,133,299,100,-1,-1,-1
150675,24.87,25.11,391,1.261,1276,-1808,-13432,108,358,103,-1,-1,-1
150953,24.85,25.07,503,1.623,1196,-1792,-13432,133,347,94,-1,-1,-1
151224,24.89,25.07,416,1.342,1320,-1772,-13496,93,324,94,-1,-1,-1
151502,24.85,25.07,305,0.984,1372,-1772,-13376,134,335,94,-1,-1,-1
151798,24.85,25.07,536,1.729,1348,-1792,-13448,143,355,89,-1,-1,-1
152066,24.85,25.11,350,1.129,1372,-1720,-13468,148,330,73,-1,-1,-1
152337,24.87,25.11,764,2.465,1296,-1708,-13452,125,316,98,-1,-1,-1
152604,24.89,25.11,751,2.423,1440,-1780,-13452,142,329,118,-1,-1,-1
152879,24.85,25.11,764,2.465,1400,-1812,-13456,122,311,94,-1,-1,-1
153150,24.87,25.11,731,2.358,1452,-1808,-13588,153,350,83,-1,-1,-1
153421,24.89,25.13,729,2.352,1288,-1840,-13300,129,383,88,-1,-1,-1
153688,24.85,25.17,369,1.190,1440,-1572,-13332,140,378,91,-1,-1,-1
153962,24.87,25.17,329,1.061,1312,-1780,-13172,163,282,107,-1,-1,-1
154244,24.83,25.11,763,2.461,1408,-1636,-13472,101,235,131,-1,-1,-1
154519,24.87,25.19,715,2.306,1336,-1576,-13200,142,309,127,-1,-1,-1
154790,24.87,25.19,485,1.565,1396,-1740,-13260,145,276,119,-1,-1,-1
155058,24.87,25.23,521,1.681,1284,-1804,-13336,124,354,91,-1,-1,-1
155333,24.87,25.13,521,1.681,1480,-1740,-13288,143,346,91,-1,-1,-1
155604,24.87,25.25,523,1.687,1412,-1816,-13444,104,325,102,-1,-1,-1
155879,24.89,25.23,492,1.587,1428,-1716,-13476,135,324,115,-1,-1,-1
156154,24.87,25.19,631,2.035,1364,-1768,-13312,123,299,111,-1,-1,-1
156429,24.87,25.25,309,0.997,1392,-1780,-13396,134,350,96,-1,-1,-1
156700,24.89,25.23,472,1.523,1404,-1728,-13376,123,311,117,-1,-1,-1
156985,24.89,25.23,595,1.919,1364,-1816,-13352,122,313,102,-1,-1,-1
157260,24.89,25.23,296,0.955,1412,-1748,-13504,134,338,103,-1,-1,-1
157553,24.89,25.23,334,1.077,1332,-1804,-13432,131,307,105,-1,-1,-1
157828,24.91,25.19,763,2.461,1332,-1864,-13272,134,299,83,-1,-1,-1
158095,24.89,25.13,764,2.465,1396,-1780,-13372,125,345,102,-1,-1,-1
158380,24.91,25.13,501,1.616,1292,-1812,-13392,133,329,96,-1,-1,-1
158651,24.87,25.11,321,1.035,1424,-1820,-13324,135,307,97,-1,-1,-1
158922,24.89,24.99,279,0.900,1324,-1740,-13380,139,317,80,-1,-1,-1
159211,24.89,24.99,347,1.119,1352,-1764,-13440,123,309,91,-1,-1,-1
159485,24.89,25.07,496,1.600,1384,-1708,-13388,140,324,112,-1,-1,-1
159753,24.89,25.13,326,1.052,1392,-1872,-13360,120,328,94,-1,-1,-1
160020,24.91,25.19,434,1.400,1420,-1860,-13424,105,323,99,-1,-1,-1
160287,24.89,25.19,459,1.481,1508,-1892,-13404,103,291,110,-1,-1,-1
160558,24.89,25.23,647,2.087,1432,-1924,-13364,102,379,89,-1,-1,-1
160832,24.89,25.25,587,1.894,1508,-1708,-13132,127,320,95,-1,-1,-1
161114,24.89,25.35,619,1.997,1280,-1836,-13404,134,338,109,-1,-1,-1
161382,24.91,25.25,647,2.087,1436,-1780,-13448,146,334,91,-1,-1,-1
161657,24.91,25.25,382,1.232,1308,-1716,-13288,132,363,74,-1,-1,-1
161943,24.89,25.17,438,1.413,1248,-1900,-13444,100,338,99,-1,-1,-1
162211,24.89,25.17,540,1.742,1456,-1892,-13224,114,343,91,-1,-1,-1
162482,24.89,25.11,620,2.000,1476,-1840,-13520,120,337,72,-1,-1,-1
162749,24.87,25.17,711,2.294,1316,-1804,-13468,138,315,86,-1,-1,-1
163023,24.89,25.13,764,2.465,1356,-1780,-13380,97,334,102,-1,-1,-1
163298,24.89,25.11,651,2.100,1372,-1804,-13548,115,286,107,-1,-1,-1
163573,24.91,25.19,710,2.290,1344,-1920,-13640,122,320,106,-1,-1,-1
163848,24.91,25.17,466,1.503,1580,-1880,-13384,141,290,98,-1,-1,-1
164119,24.91,25.13,436,1.406,1336,-1844,-13504,123,310,92,-1,-1,-1
164394,24.89,25.17,429,1.384,1384,-1788,-13280,135,303,113,-1,-1,-1
164666,24.89,25.13,474,1.529,1380,-1700,-13412,148,291,102,-1,-1,-1
164941,24.89,25.11,514,1.658,1388,-1860,-13320,132,337,98,-1,-1,-1
165215,24.91,25.17,596,1.923,1392,-1740,-13260,120,326,96,-1,-1,-1
165497,24.91,25.17,720,2.323,1444,-1748,-13476,106,316,120,-1,-1,-1
165772,24.89,25.17,664,2.142,1504,-1732,-13384,130,317,96,-1,-1,-1
166040,24.91,25.19,458,1.477,1360,-1696,-13504,148,313,102,-1,-1,-1
166311,24.89,25.17,513,1.655,1224,-1664,-13576,114,304,107,-1,-1,-1
166579,24.89,25.17,438,1.413,1344,-1776,-13376,119,324,120,-1,-1,-1
166854,24.91,25.19,532,1.716,1324,-1868,-13400,117,335,105,-1,-1,-1
167132,24.91,25.23,323,1.042,1372,-1796,-13344,145,331,90,-1,-1,-1
167417,24.93,25.19,382,1.232,1368,-1720,-13192,130,351,92,-1,-1,-1
167691,24.91,25.17,432,1.394,1356,-1724,-13316,139,334,81,-1,-1,-1
167958,24.91,25.23,434,1.400,1464,-1812,-13420,150,333,112,-1,-1,-1
168229,24.91,25.23,379,1.223,1296,-1764,-13332,153,346,103,-1,-1,-1
168500,24.93,25.23,426,1.374,1472,-1892,-13420,158,313,103,-1,-1,-1
168779,24.89,25.19,249,0.803,1452,-1804,-13444,138,324,116,-1,-1,-1
169050,24.89,25.19,256,0.826,1420,-1868,-13424,111,333,58,-1,-1,-1
169324,24.95,25.19,447,1.442,1364,-1852,-13200,89,298,85,-1,-1,-1
169595,24.91,25.19,283,0.913,1448,-1708,-13436,131,329,101,-1,-1,-1
169870,24.91,25.13,428,1.381,1372,-1784,-13488,97,311,103,-1,-1,-1
170137,24.91,25.01,317,1.023,1328,-1760,-13364,128,330,92,-1,-1,-1
170422,24.91,24.99,402,1.297,1480,-1804,-13340,153,349,100,-1,-1,-1
170697,24.91,24.89,344,1.110,1576,-1820,-13556,105,310,98,-1,-1,-1
170975,24.93,24.95,444,1.432,1336,-1616,-13472,92,308,77,-1,-1,-1
171243,24.93,24.95,307,0.990,1412,-1696,-13480,97,297,99,-1,-1,-1
171517,24.91,24.95,411,1.326,1420,-1808,-13312,107,336,108,-1,-1,-1
171788,24.91,24.93,473,1.526,1416,-1776,-13516,140,307,109,-1,-1,-1
172063,24.91,24.95,435,1.403,1488,-1748,-13296,143,304,93,-1,-1,-1
172330,24.93,24.95,469,1.513,1380,-1796,-13320,111,325,83,-1,-1,-1
172608,24.89,24.93,405,1.306,1392,-1756,-13468,125,286,119,-1,-1,-1
172883,24.89,24.99,749,2.416,1424,-1664,-13388,147,320,87,-1,-1,-1
173154,24.91,25.01,339,1.094,1340,-1804,-13444,144,334,113,-1,-1,-1
173429,24.89,25.07,344,1.110,1400,-1828,-13592,116,299,114,-1,-1,-1
173704,24.91,25.11,478,1.542,1352,-1780,-13308,107,327,109,-1,-1,-1
173972,24.91,25.07,378,1.219,1276,-1700,-13424,100,322,87,-1,-1,-1
174243,24.89,25.11,488,1.574,1388,-1884,-13284,120,328,107,-1,-1,-1
174529,24.91,25.11,370,1.194,1428,-1900,-13400,94,319,106,-1,-1,-1
174804,24.91,25.13,500,1.613,1456,-1792,-13464,118,300,118,-1,-1,-1
175082,24.89,25.11,398,1.284,1396,-1796,-13372,106,330,93,-1,-1,-1
175353,24.91,25.11,433,1.397,1412,-1784,-13404,113,321,97,-1,-1,-1
175624,24.91,25.19,595,1.919,1440,-1840,-13368,152,336,110,-1,-1,-1
175895,24.91,25.17,647,2.087,1420,-1800,-13280,139,304,82,-1,-1,-1
176170,24.91,25.17,421,1.358,1360,-1732,-13456,120,321,108,-1,-1,-1
176445,24.91,25.19,331,1.068,1324,-1896,-13388,130,329,100,-1,-1,-1
176720,24.93,25.17,305,0.984,1376,-1844,-13460,108,349,96,-1,-1,-1
176987,24.91,25.11,426,1.374,1332,-1832,-13280,149,316,105,-1,-1,-1
177262,24.93,25.13,507,1.635,1236,-1784,-13428,126,327,99,-1,-1,-1
177537,24.91,25.17,661,2.132,1308,-1816,-13268,115,325,103,-1,-1,-1
177808,24.91,25.17,523,1.687,1508,-1796,-13416,127,324,90,-1,-1,-1
178083,24.91,25.19,492,1.587,1280,-1784,-13420,150,312,96,-1,-1,-1
178358,24.93,25.29,302,0.974,1296,-1600,-13360,144,300,115,-1,-1,-1
178633,24.91,25.19,444,1.432,1432,-1724,-13308,128,333,103,-1,-1,-1
178911,24.93,25.17,471,1.519,1264,-1660,-13444,147,338,93,-1,-1,-1
179186,24.91,25.17,265,0.855,1344,-1728,-13336,143,347,104,-1,-1,-1
179461,24.93,25.19,440,1.419,1480,-1772,-13392,144,302,109,-1,-1,-1
179729,24.93,25.19,764,2.465,1432,-1824,-13360,94,330,99,-1,-1,-1
180000,24.91,25.19,764,2.465,1432,-1716,-13492,126,291,123,-1,-1,-1
180271,24.91,25.23,698,2.252,1308,-1828,-13336,115,322,95,-1,-1,-1
180538,24.91,25.19,603,1.945,1376,-1736,-13384,93,359,88,-1,-1,-1
180809,24.91,25.19,383,1.235,1328,-1800,-13316,125,290,111,-1,-1,-1
181084,24.91,25.19,320,1.032,1360,-1816,-13524,98,314,84,-1,-1,-1
181366,24.91,25.19,431,1.390,1392,-1680,-13236,118,356,94,-1,-1,-1
181634,24.93,25.13,525,1.694,1272,-1808,-13280,134,306,96,-1,-1,-1
181912,24.93,25.19,532,1.716,1396,-1900,-13500,104,332,88,-1,-1,-1
182180,24.91,25.13,441,1.423,1392,-1780,-13244,133,354,83,-1,-1,-1
182451,24.91,25.07,293,0.945,1332,-1812,-13324,134,330,100,-1,-1,-1
182726,24.93,25.11,539,1.739,1252,-1724,-13492,78,327,72,-1,-1,-1
183000,24.95,25.11,392,1.265,1272,-1896,-13396,135,319,107,-1,-1,-1
183268,24.93,25.19,763,2.461,1428,-1848,-13468,120,338,103,-1,-1,-1
183539,24.91,25.11,674,2.174,1316,-1828,-13244,138,334,104,-1,-1,-1
183824,24.93,25.11,667,2.152,1412,-1892,-13328,131,328,104,-1,-1,-1
184099,24.89,25.01,551,1.777,1316,-1756,-13324,102,351,84,-1,-1,-1
184387,24.91,25.01,446,1.439,1444,-1844,-13520,136,321,130,-1,-1,-1
184666,24.91,25.17,493,1.590,1408,-1664,-13324,146,336,122,-1,-1,-1
184941,24.91,25.11,502,1.619,1340,-1800,-13344,126,309,110,-1,-1,-1
185212,24.91,25.13,567,1.829,1456,-1796,-13440,112,351,118,-1,-1,-1
185497,24.91,25.13,445,1.435,1360,-1668,-13384,128,319,109,-1,-1,-1
185768,24.91,25.17,277,0.894,1308,-1852,-13388,121,321,64,-1,-1,-1
186036,24.91,25.19,439,1.416,1412,-1780,-13380,120,326,108,-1,-1,-1
186307,24.93,25.23,390,1.258,1620,-1968,-13452,134,349,82,-1,-1,-1
186581,24.91,25.19,482,1.555,1420,-1900,-13392,145,308,122,-1,-1,-1
186849,24.91,25.19,385,1.242,1420,-1736,-13404,76,342,118,-1,-1,-1
187124,24.93,25.23,401,1.294,1440,-1716,-13352,109,306,95,-1,-1,-1
187399,24.93,25.19,376,1.213,1388,-1764,-13516,126,334,106,-1,-1,-1
187671,24.93,25.23,366,1.181,1432,-1760,-13416,126,328,89,-1,-1,-1
187939,24.93,25.13,432,1.394,1380,-1796,-13408,124,331,85,-1,-1,-1
188221,24.91,25.19,358,1.155,1380,-1848,-13352,162,324,94,-1,-1,-1
188488,24.91,25.17,468,1.510,1468,-1960,-13328,112,312,100,-1,-1,-1
188759,24.93,25.23,315,1.016,1532,-1744,-13536,153,347,129,-1,-1,-1
189027,24.95,25.13,589,1.900,1384,-1804,-13316,126,349,92,-1,-1,-1
189305,24.93,25.17,396,1.277,1512,-1840,-13264,151,296,104,-1,-1,-1
189580,24.93,25.19,763,2.461,1432,-1776,-13348,87,365,90,-1,-1,-1
189851,24.91,25.17,764,2.465,1432,-1784,-13420,128,319,110,-1,-1,-1
190126,24.91,25.23,525,1.694,1488,-1764,-13492,91,310,83,-1,-1,-1
190404,24.91,25.17,486,1.568,1480,-1760,-13448,118,351,97,-1,-1,-1
190675,24.95,25.23,280,0.903,1272,-1892,-13372,139,326,97,-1,-1,-1
190942,24.91,25.19,622,2.006,1472,-1748,-13328,126,341,105,-1,-1,-1
191213,24.93,25.19,405,1.306,1388,-1784,-13460,109,340,100,-1,-1,-1
191488,24.95,25.23,343,1.106,1320,-1864,-13400,164,333,88,-1,-1,-1
191762,24.93,25.23,413,1.332,1348,-1884,-13440,107,345,94,-1,-1,-1
192050,24.93,25.29,400,1.290,1424,-1876,-13388,127,337,92,-1,-1,-1
192321,24.95,25.29,668,2.155,1316,-1736,-13364,123,340,89,-1,-1,-1
192592,24.93,25.25,502,1.619,1448,-1796,-13272,125,317,80,-1,-1,-1
192859,24.93,25.19,754,2.432,1472,-1688,-13352,102,315,95,-1,-1,-1
193130,24.91,25.23,467,1.506,1468,-1708,-13376,117,344,109,-1,-1,-1
193398,24.95,25.23,535,1.726,1504,-1836,-13352,131,343,90,-1,-1,-1
193669,24.93,25.25,373,1.203,1412,-1804,-13380,138,318,106,-1,-1,-1
193944,24.91,25.19,410,1.323,1464,-1748,-13464,134,294,85,-1,-1,-1
194215,24.95,25.19,259,0.835,1384,-1828,-13492,132,331,105,-1,-1,-1
194483,24.91,25.13,474,1.529,1324,-1804,-13444,107,308,79,-1,-1,-1
194761,24.93,25.05,529,1.706,1392,-1876,-13308,104,306,113,-1,-1,-1
195043,24.95,25.11,266,0.858,1308,-1812,-13276,139,339,113,-1,-1,-1
195322,24.93,25.13,536,1.729,1392,-1736,-13456,103,317,98,-1,-1,-1
195607,24.93,25.05,245,0.790,1440,-1652,-13196,109,342,81,-1,-1,-1
195882,24.93,25.13,398,1.284,1400,-1892,-13448,139,336,79,-1,-1,-1
196157,24.93,25.05,417,1.345,1324,-1816,-13404,133,324,110,-1,-1,-1
196432,24.93,25.05,294,0.948,1436,-1796,-13544,143,299,86,-1,-1,-1
196707,24.91,24.99,400,1.290,1484,-1792,-13296,121,329,88,-1,-1,-1
196974,24.93,25.01,721,2.326,1348,-1888,-13244,110,342,90,-1,-1,-1
197259,24.93,25.05,760,2.452,1348,-1716,-13372,140,321,79,-1,-1,-1
197530,24.93,24.93,764,2.465,1372,-1812,-13228,117,337,95,-1,-1,-1
197812,24.93,24.93,500,1.613,1444,-1836,-13568,119,324,123,-1,-1,-1
198087,24.95,24.99,450,1.452,1344,-1840,-13356,131,318,104,-1,-1,-1
198355,24.97,25.01,689,2.223,1332,-1812,-13328,125,322,118,-1,-1,-1
198633,24.95,25.05,763,2.461,1344,-1848,-13456,107,339,84,-1,-1,-1
198907,24.93,25.17,478,1.542,1308,-1856,-13424,116,334,90,-1,-1,-1
199199,24.93,25.17,763,2.461,1432,-1804,-13424,112,288,94,-1,-1,-1
199474,24.93,25.25,607,1.958,1476,-1868,-13388,94,328,82,-1,-1,-1
199756,24.93,25.29,763,2.461,1408,-1748,-13408,114,329,93,-1,-1,-1
200031,24.97,25.23,764,2.465,1344,-1700,-13468,147,334,88,-1,-1,-1
200308,24.93,25.23,764,2.465,1164,-1812,-13424,135,343,86,-1,-1,-1
200579,24.95,25.29,763,2.461,1348,-1784,-13376,124,330,97,-1,-1,-1
200847,24.93,25.29,626,2.019,1448,-1796,-13416,122,309,101,-1,-1,-1
201115,24.93,25.29,705,2.274,1412,-1864,-13308,112,340,94,-1,-1,-1
201390,24.93,25.29,339,1.094,1424,-1696,-13276,131,304,86,-1,-1,-1
201658,24.93,25.29,330,1.065,1532,-1764,-13404,143,317,119,-1,-1,-1
201929,24.93,25.25,391,1.261,1376,-1776,-13432,146,313,114,-1,-1,-1
202204,24.93,25.29,484,1.561,1352,-1864,-13408,129,340,105,-1,-1,-1
202472,24.93,25.25,440,1.419,1448,-1720,-13500,123,323,118,-1,-1,-1
202750,24.95,25.25,445,1.435,1296,-1832,-13520,134,343,112,-1,-1,-1
203018,24.97,25.29,620,2.000,1296,-1796,-13352,145,315,94,-1,-1,-1
203303,24.97,25.25,765,2.468,1472,-1776,-13432,149,314,126,-1,-1,-1
203574,24.97,25.35,746,2.406,1456,-1896,-13456,120,307,127,-1,-1,-1
203845,24.97,25.29,764,2.465,1364,-1832,-13288,118,322,113,-1,-1,-1
204124,24.95,25.23,764,2.465,1288,-1880,-13552,106,342,86,-1,-1,-1
204399,24.97,25.07,764,2.465,1500,-1784,-13352,126,314,112,-1,-1,-1
204670,24.95,25.01,764,2.465,1440,-1788,-13420,136,330,111,-1,-1,-1
204941,24.97,25.11,539,1.739,1492,-1824,-13324,122,326,96,-1,-1,-1
205212,24.97,25.01,553,1.784,1396,-1864,-13280,108,313,109,-1,-1,-1
205487,25.01,25.07,736,2.374,1444,-1828,-13456,120,330,120,-1,-1,-1
205765,24.97,24.99,641,2.068,1456,-1740,-13164,120,310,96,-1,-1,-1
206040,24.93,24.87,587,1.894,1380,-1880,-13340,114,312,102,-1,-1,-1
206315,24.95,24.77,412,1.329,1508,-1800,-13244,107,331,109,-1,-1,-1
206583,24.95,24.77,763,2.461,1348,-1864,-13328,141,318,115,-1,-1,-1
206858,24.95,24.77,763,2.461,1424,-1808,-13516,138,320,83,-1,-1,-1
207143,24.97,24.81,764,2.465,1508,-1892,-13344,121,302,85,-1,-1,-1
207421,24.95,24.77,764,2.465,1392,-1768,-13492,96,323,104,-1,-1,-1
207688,24.91,24.89,478,1.542,1384,-1900,-13332,110,317,97,-1,-1,-1
207959,24.91,24.87,379,1.223,1508,-1780,-13436,123,329,86,-1,-1,-1
208241,24.91,24.95,488,1.574,1352,-1836,-13372,109,338,106,-1,-1,-1
208531,24.93,24.95,370,1.194,1404,-1812,-13484,108,323,78,-1,-1,-1
208806,24.89,25.19,429,1.384,1296,-1796,-13468,101,330,96,-1,-1,-1
209081,24.93,25.13,761,2.455,1348,-1752,-13476,114,334,109,-1,-1,-1
209356,24.91,25.13,738,2.381,1480,-1856,-13268,182,300,116,-1,-1,-1
209624,24.91,24.99,320,1.032,1220,-1972,-13932,-103,321,-53,-1,-1,-1
209899,24.95,25.19,459,1.481,1332,-1620,-13440,143,459,102,-1,-1,-1
210174,24.91,25.19,546,1.761,1452,-1640,-13428,117,340,100,-1,-1,-1
210442,24.95,25.23,423,1.365,1632,-1868,-13400,72,389,79,-1,-1,-1
210713,24.95,25.29,615,1.984,1600,-1840,-13304,126,305,104,-1,-1,-1
210984,24.97,25.31,532,1.716,1612,-1784,-13364,123,362,112,-1,-1,-1
211252,24.97,25.25,605,1.952,1596,-1756,-13296,108,309,99,-1,-1,-1
211527,24.93,25.23,413,1.332,1508,-1664,-13384,118,223,101,-1,-1,-1
211798,24.95,25.25,664,2.142,1680,-1892,-13416,122,320,117,-1,-1,-1
212073,24.93,25.23,695,2.242,1580,-1868,-13280,112,303,108,-1,-1,-1
212348,24.93,25.17,601,1.939,1608,-1888,-13376,104,269,104,-1,-1,-1
212627,24.93,25.13,506,1.632,1476,-1820,-13248,140,330,101,-1,-1,-1
212912,24.91,25.13,441,1.423,1552,-1968,-13472,157,329,88,-1,-1,-1
213200,24.93,25.13,717,2.313,1628,-1696,-13404,124,308,112,-1,-1,-1
213478,24.93,25.13,408,1.316,1572,-1776,-13420,166,355,110,-1,-1,-1
213756,24.93,25.17,390,1.258,1588,-1756,-13256,124,327,86,-1,-1,-1
214031,24.95,25.11,460,1.484,1428,-1800,-13284,125,310,121,-1,-1,-1
214302,24.93,25.11,763,2.461,1404,-1772,-13536,170,320,89,-1,-1,-1
214573,24.95,25.23,623,2.010,1404,-1836,-13432,91,238,105,-1,-1,-1
214844,24.95,25.19,763,2.461,1616,-1856,-13316,131,37,128,-1,-1,-1
215126,24.95,25.19,759,2.448,1596,-1708,-13304,126,468,81,-1,-1,-1
215394,24.95,25.23,392,1.265,1600,-1832,-13280,154,333,100,-1,-1,-1
215676,24.93,25.19,413,1.332,1540,-1836,-13320,127,319,127,-1,-1,-1
215961,24.93,25.19,763,2.461,1496,-1692,-13372,77,329,112,-1,-1,-1
216228,24.95,25.25,719,2.319,1596,-1672,-13356,138,334,103,-1,-1,-1
216499,24.95,25.23,485,1.565,1528,-1512,-13488,136,264,110,-1,-1,-1
216781,24.95,25.17,764,2.465,1584,-1640,-13392,104,337,101,-1,-1,-1
217049,24.95,25.13,763,2.461,1688,-1708,-13468,107,321,111,-1,-1,-1
217320,24.93,25.17,643,2.074,1508,-1728,-13352,108,295,107,-1,-1,-1
217588,24.95,25.17,430,1.387,1764,-1428,-13460,124,272,95,-1,-1,-1
217855,24.95,50.55,400,1.290,1632,-1784,-13400,239,-349,230,-1,-1,-1
218130,24.93,24.77,470,1.516,1508,-1968,-13512,-16,764,-22,-1,-1,-1
218412,24.91,24.51,318,1.026,1648,-1796,-13396,106,347,94,-1,-1,-1
218680,24.93,24.63,376,1.213,1548,-1616,-13364,101,295,100,-1,-1,-1
218951,24.91,24.63,662,2.135,1424,-1736,-13344,147,322,109,-1,-1,-1
219219,24.91,24.65,670,2.161,1484,-1644,-13428,127,390,109,-1,-1,-1
219490,24.93,24.71,763,2.461,1528,-1776,-13316,84,401,76,-1,-1,-1
219772,24.91,24.71,364,1.174,1540,-1688,-13372,121,317,120,-1,-1,-1
220051,24.93,24.81,684,2.206,1508,-1720,-13444,127,321,98,-1,-1,-1
220326,24.95,24.89,467,1.506,1600,-1816,-13540,60,272,96,-1,-1,-1
220615,24.91,24.89,604,1.948,1640,-1788,-13332,115,323,95,-1,-1,-1
220889,24.91,24.95,407,1.313,1432,-1796,-13456,132,320,104,-1,-1,-1
221157,24.91,24.93,474,1.529,1516,-1708,-13372,114,403,60,-1,-1,-1
221435,24.89,24.99,370,1.194,1408,-1812,-13396,130,245,129,-1,-1,-1
221714,24.93,24.93,470,1.516,1396,-1728,-13384,110,298,101,-1,-1,-1
221989,24.89,24.93,763,2.461,1516,-1720,-13492,139,312,80,-1,-1,-1
222264,24.91,24.99,763,2.461,1372,-1776,-13328,134,356,90,-1,-1,-1
222532,24.89,24.99,482,1.555,1472,-1748,-13432,129,304,122,-1,-1,-1
222803,24.87,24.99,672,2.168,1532,-1760,-13452,142,312,80,-1,-1,-1
223074,24.89,24.95,484,1.561,1508,-1752,-13408,144,357,116,-1,-1,-1
223345,24.89,24.87,404,1.303,1504,-1784,-13268,100,321,94,-1,-1,-1
223620,24.89,24.89,293,0.945,1384,-1620,-13452,98,329,105,-1,-1,-1
223888,24.89,24.99,364,1.174,1460,-1836,-13364,144,341,100,-1,-1,-1
224156,24.91,25.13,467,1.506,1408,-1848,-13364,117,363,89,-1,-1,-1
224434,24.89,25.13,459,1.481,1512,-1632,-13452,141,338,94,-1,-1,-1
224705,24.89,25.19,302,0.974,1484,-1636,-13436,109,289,95,-1,-1,-1
224983,24.89,25.19,353,1.139,1584,-1688,-13444,124,348,105,-1,-1,-1
225251,24.91,25.23,428,1.381,1504,-1704,-13440,130,335,90,-1,-1,-1
225529,24.91,25.23,495,1.597,1420,-1712,-13476,125,315,100,-1,-1,-1
225797,24.91,25.23,287,0.926,1472,-1680,-13456,140,319,85,-1,-1,-1
226071,24.89,25.19,623,2.010,1516,-1852,-13348,115,325,92,-1,-1,-1
226349,24.87,25.19,468,1.510,1488,-1640,-13448,114,349,81,-1,-1,-1
226620,24.91,25.23,558,1.800,1480,-1760,-13324,133,336,103,-1,-1,-1
226898,24.89,25.23,731,2.358,1436,-1644,-13364,132,325,93,-1,-1,-1
227180,24.91,25.23,536,1.729,896,-1792,-13280,155,294,98,-1,-1,-1
227451,24.91,25.25,499,1.610,1436,-1816,-13480,112,307,92,-1,-1,-1
227726,24.91,25.25,651,2.100,1612,-1780,-13432,96,333,87,-1,-1,-1
227994,24.93,25.23,690,2.226,1480,-1784,-13344,110,335,109,-1,-1,-1
228279,24.95,25.25,677,2.184,1472,-1692,-13528,113,311,80,-1,-1,-1
228550,24.93,25.23,763,2.461,1480,-1824,-13344,146,304,111,-1,-1,-1
228818,24.91,25.19,558,1.800,1608,-1716,-13348,124,327,92,-1,-1,-1
229096,24.91,25.17,625,2.016,1540,-1776,-13424,134,310,96,-1,-1,-1
229374,24.91,25.13,763,2.461,1564,-1796,-13512,132,295,116,-1,-1,-1
229659,24.93,25.13,652,2.103,1388,-1540,-13384,58,222,130,-1,-1,-1
229933,24.91,25.13,424,1.368,1540,-1672,-13436,129,313,120,-1,-1,-1
230204,24.93,24.87,764,2.465,1540,-1712,-13312,134,326,92,-1,-1,-1
230478,24.89,24.75,763,2.461,1540,-1652,-13356,126,338,92,-1,-1,-1
230753,24.89,24.81,333,1.074,1500,-1740,-13368,108,323,104,-1,-1,-1
231028,24.89,24.81,266,0.858,1508,-1936,-13628,90,334,118,-1,-1,-1
231306,24.91,24.83,274,0.884,1560,-1824,-13440,141,359,93,-1,-1,-1
231577,24.87,24.83,653,2.106,1808,-1616,-13336,159,351,102,-1,-1,-1
231852,24.93,24.77,763,2.461,1664,-1604,-13732,66,183,80,-1,-1,-1
232141,24.93,24.93,580,1.871,1452,-1688,-13464,136,332,95,-1,-1,-1
232416,24.91,24.99,686,2.213,1416,-1728,-13436,138,304,112,-1,-1,-1
232691,24.89,24.99,464,1.497,1500,-1724,-13412,97,360,104,-1,-1,-1
232959,24.93,25.11,281,0.906,1508,-1728,-13432,109,302,109,-1,-1,-1
233234,24.87,25.01,470,1.516,1532,-1696,-13400,140,317,60,-1,-1,-1
233509,24.89,25.05,763,2.461,1508,-1812,-13236,131,343,108,-1,-1,-1
233784,24.87,25.13,763,2.461,1560,-1884,-13532,115,318,88,-1,-1,-1
234052,24.91,25.17,513,1.655,1520,-1728,-13276,129,322,90,-1,-1,-1
234326,24.89,25.17,760,2.452,1484,-1804,-13288,130,328,65,-1,-1,-1
234597,24.87,25.13,733,2.365,1568,-1804,-13404,125,334,103,-1,-1,-1
234872,24.87,25.11,600,1.935,1520,-1740,-13356,120,326,102,-1,-1,-1
235140,24.91,25.11,430,1.387,1500,-1656,-13420,111,314,107,-1,-1,-1
235411,24.89,25.19,492,1.587,1512,-1852,-13300,144,301,106,-1,-1,-1
235689,24.91,25.25,629,2.029,1472,-1660,-13524,131,320,93,-1,-1,-1
235957,24.87,25.19,743,2.397,1400,-1768,-13364,93,340,96,-1,-1,-1
236231,24.89,25.23,647,2.087,1412,-1776,-13372,-58,153,99,-1,-1,-1
236509,24.87,25.29,764,2.465,1692,-1760,-13428,115,322,116,-1,-1,-1
236777,24.87,25.35,422,1.361,1576,-1812,-13440,109,311,76,-1,-1,-1
237052,24.89,25.35,319,1.029,1572,-1648,-13300,131,320,94,-1,-1,-1
237320,24.89,25.29,764,2.465,1508,-1740,-13308,130,342,104,-1,-1,-1
237591,24.93,25.37,763,2.461,1624,-1724,-13536,136,307,98,-1,-1,-1
237859,24.87,25.23,690,2.226,1628,-1780,-13372,112,319,99,-1,-1,-1
238130,24.93,25.35,643,2.074,1600,-1768,-13564,108,333,113,-1,-1,-1
238398,24.89,25.23,400,1.290,1528,-1776,-13456,124,347,73,-1,-1,-1
238673,24.95,25.35,280,0.903,1572,-1724,-13328,143,361,96,-1,-1,-1
238948,24.93,25.29,340,1.097,1564,-1736,-13312,147,288,110,-1,-1,-1
239223,24.91,25.25,464,1.497,1596,-1728,-13316,138,344,86,-1,-1,-1
239494,24.91,25.25,764,2.465,1568,-1848,-13568,110,443,78,-1,-1,-1
239769,24.91,25.25,580,1.871,1544,-1732,-13324,73,406,118,-1,-1,-1
240044,24.93,25.23,631,2.035,1576,-1776,-13224,140,339,105,-1,-1,-1
240312,24.93,25.23,764,2.465,1552,-1788,-13184,95,330,118,-1,-1,-1
240587,24.93,25.23,764,2.465,1580,-1760,-13408,112,317,83,-1,-1,-1
240872,24.89,25.13,596,1.923,1588,-1748,-13368,95,196,127,-1,-1,-1
241157,24.89,25.17,763,2.461,1608,-1848,-13236,127,327,117,-1,-1,-1
241428,24.91,25.17,764,2.465,1580,-1756,-13480,148,355,102,-1,-1,-1
241703,24.91,25.11,624,2.013,1564,-1732,-13396,91,578,65,-1,-1,-1
241988,24.91,25.11,737,2.377,1564,-1464,-13736,-54,199,88,-1,-1,-1
242256,24.95,25.05,629,2.029,1640,-1724,-13364,122,334,90,-1,-1,-1
242527,24.89,24.99,415,1.339,1504,-1780,-13340,83,352,99,-1,-1,-1
242805,24.89,24.89,448,1.445,1604,-1852,-13312,125,339,96,-1,-1,-1
243076,24.85,24.81,529,1.706,1452,-1924,-13564,181,86,109,-1,-1,-1
243347,24.91,24.83,712,2.297,1572,-1856,-13128,96,266,107,-1,-1,-1
243622,24.89,24.99,763,2.461,1652,-1708,-13040,211,371,74,-1,-1,-1
243890,24.89,24.99,381,1.229,1328,-1968,-13380,101,537,45,-1,-1,-1
244161,24.89,24.99,565,1.823,1260,-1732,-13124,47,172,62,-1,-1,-1
244428,24.91,25.01,520,1.677,1532,-1704,-13484,98,661,16,-1,-1,-1
244699,24.89,24.93,588,1.897,1504,-1644,-13388,131,310,78,-1,-1,-1
244970,24.87,24.99,762,2.458,1508,-1628,-13208,120,295,123,-1,-1,-1
245255,24.89,24.99,758,2.445,1560,-1688,-13208,-3,187,82,-1,-1,-1
245522,24.89,24.89,733,2.365,1292,-1920,-13372,67,220,110,-1,-1,-1
245796,24.89,25.05,617,1.990,1680,-1736,-12980,181,392,135,-1,-1,-1
246067,24.89,25.11,340,1.097,1172,-1864,-13420,79,447,76,-1,-1,-1
246349,24.89,25.17,522,1.684,1292,-1676,-13444,157,-95,143,-1,-1,-1
246624,24.87,25.11,715,2.306,1420,-1792,-13508,71,388,100,-1,-1,-1
246891,24.89,24.87,764,2.465,1396,-1704,-13372,173,327,110,-1,-1,-1
247166,24.91,24.89,535,1.726,1368,-1748,-13396,120,329,81,-1,-1,-1
247441,24.91,24.87,416,1.342,1476,-1652,-13516,112,302,98,-1,-1,-1
247719,24.91,24.77,360,1.161,1368,-1748,-13376,137,304,94,-1,-1,-1
247990,24.87,24.81,477,1.539,1388,-1816,-13424,90,264,98,-1,-1,-1
248265,24.89,24.87,411,1.326,1456,-1808,-13344,161,344,124,-1,-1,-1
248540,24.83,24.99,368,1.187,1320,-1760,-13456,132,325,93,-1,-1,-1
248822,24.87,25.05,764,2.465,1392,-1776,-13512,124,310,102,-1,-1,-1
249108,24.89,25.07,557,1.797,1412,-1716,-13384,128,298,86,-1,-1,-1
249379,24.89,25.11,605,1.952,1380,-1664,-13676,171,348,106,-1,-1,-1
249657,24.89,25.19,587,1.894,1388,-1828,-13220,167,414,80,-1,-1,-1
249939,24.87,25.13,682,2.200,1372,-1808,-13392,94,304,100,-1,-1,-1
250214,24.87,25.13,705,2.274,1372,-1672,-13476,131,337,102,-1,-1,-1
250489,24.89,25.17,711,2.294,1444,-1940,-13316,83,310,117,-1,-1,-1
250756,24.83,25.19,524,1.690,1344,-1772,-13328,157,346,96,-1,-1,-1
251041,24.91,25.19,527,1.700,1412,-1708,-13392,137,315,98,-1,-1,-1
251316,24.89,25.17,338,1.090,1312,-1736,-13420,129,320,91,-1,-1,-1
251584,24.89,25.23,674,2.174,1508,-1764,-13324,141,329,108,-1,-1,-1
251855,24.91,25.23,562,1.813,1328,-1688,-13340,131,336,102,-1,-1,-1
252123,24.85,25.17,441,1.423,1392,-1640,-13432,121,337,102,-1,-1,-1
252394,24.87,25.19,764,2.465,1452,-1796,-13380,136,270,85,-1,-1,-1
252668,24.85,25.13,764,2.465,1408,-1832,-13132,176,394,102,-1,-1,-1
252936,24.87,25.13,676,2.181,1344,-1672,-13176,148,445,102,-1,-1,-1
253214,24.89,25.17,764,2.465,1380,-1728,-13544,122,318,100,-1,-1,-1
253503,24.85,25.17,762,2.458,1460,-1824,-13452,128,350,135,-1,-1,-1
253778,24.89,24.87,617,1.990,1364,-1784,-13268,106,323,118,-1,-1,-1
254056,24.89,24.45,682,2.200,1464,-1748,-13672,184,330,97,-1,-1,-1
254324,24.87,24.17,696,2.245,1360,-1744,-13444,125,350,101,-1,-1,-1
254595,24.85,24.15,707,2.281,1400,-1820,-13460,107,301,94,-1,-1,-1
254869,24.85,24.27,764,2.465,1452,-1740,-13460,130,335,116,-1,-1,-1
255144,24.87,24.21,418,1.348,1448,-1564,-13444,148,298,89,-1,-1,-1
255415,24.83,24.17,523,1.687,1408,-1744,-13352,135,375,65,-1,-1,-1
255683,24.83,24.33,585,1.887,1388,-1680,-13312,134,352,115,-1,-1,-1
255954,24.83,24.41,683,2.203,1528,-1728,-13452,157,339,89,-1,-1,-1
256228,24.81,24.47,764,2.465,1392,-1864,-13508,145,304,77,-1,-1,-1
256502,24.81,24.53,598,1.929,1404,-1832,-13308,150,342,100,-1,-1,-1
256770,24.83,24.75,764,2.465,1424,-1932,-13600,33,261,105,-1,-1,-1
257045,24.75,24.83,751,2.423,1356,-1828,-13452,124,369,75,-1,-1,-1
257320,24.81,24.95,468,1.510,1404,-1748,-13456,119,320,94,-1,-1,-1
257598,24.81,25.05,454,1.465,1380,-1732,-13524,68,326,80,-1,-1,-1
257869,24.81,25.05,460,1.484,1320,-1728,-13396,107,299,99,-1,-1,-1
258154,24.81,25.05,346,1.116,1368,-1820,-13352,121,297,120,-1,-1,-1
258425,24.81,25.01,512,1.652,1424,-1876,-13372,127,301,116,-1,-1,-1
258704,24.79,25.07,702,2.265,1288,-1688,-13324,61,432,113,-1,-1,-1
258975,24.81,25.17,599,1.932,1500,-1768,-13532,130,608,81,-1,-1,-1
259257,24.81,25.11,732,2.361,1536,-1780,-13512,111,314,77,-1,-1,-1
259539,24.81,25.11,698,2.252,1516,-1668,-13396,107,331,100,-1,-1,-1
259817,24.79,25.11,691,2.229,1452,-1672,-13432,105,266,109,-1,-1,-1
260096,24.79,25.07,666,2.148,1468,-1880,-13448,103,294,91,-1,-1,-1
260367,24.81,24.99,309,0.997,1604,-1760,-13444,190,324,130,-1,-1,-1
260638,24.81,25.01,528,1.703,1480,-1892,-13388,131,345,89,-1,-1,-1
260909,24.81,24.99,503,1.623,1436,-1680,-13292,133,328,123,-1,-1,-1
261179,24.81,24.99,455,1.468,1528,-1648,-13324,126,343,97,-1,-1,-1
261454,24.79,24.99,710,2.290,1448,-1584,-13260,109,295,93,-1,-1,-1
261729,24.83,25.05,739,2.384,1656,-1740,-13312,96,324,88,-1,-1,-1
262014,24.81,25.05,347,1.119,1504,-1828,-13444,107,322,100,-1,-1,-1
262299,24.75,25.05,340,1.097,1652,-1700,-13236,120,369,120,-1,-1,-1
262574,24.81,25.13,417,1.345,1392,-1780,-13356,107,308,86,-1,-1,-1
262849,24.79,25.13,481,1.552,1552,-1840,-13340,115,439,69,-1,-1,-1
263120,24.75,25.17,764,2.465,1540,-1752,-13848,281,29,136,-1,-1,-1
263395,24.83,25.19,481,1.552,1432,-1732,-13328,118,370,86,-1,-1,-1
263670,24.83,25.19,730,2.355,1568,-1708,-13352,123,306,129,-1,-1,-1
263945,24.79,25.25,408,1.316,1428,-1740,-13356,127,281,98,-1,-1,-1
264227,24.79,25.13,765,2.468,1508,-1812,-13284,103,314,91,-1,-1,-1
264495,24.81,25.13,764,2.465,1280,-1612,-13548,98,321,79,-1,-1,-1
264769,24.81,25.11,425,1.371,1520,-1932,-13388,133,319,73,-1,-1,-1
265040,24.79,25.07,423,1.365,1368,-1664,-13304,133,326,103,-1,-1,-1
265308,24.79,25.01,355,1.145,1488,-1744,-13316,176,306,124,-1,-1,-1
265579,24.79,25.01,532,1.716,1400,-1648,-13440,139,322,135,-1,-1,-1
265847,24.79,25.01,560,1.806,1368,-1732,-13340,87,361,92,-1,-1,-1
266122,24.81,25.01,371,1.197,1440,-1688,-13292,118,330,114,-1,-1,-1
266397,24.83,24.99,432,1.394,1380,-1728,-13460,119,316,108,-1,-1,-1
266672,24.79,24.89,764,2.465,1404,-1768,-13452,105,346,94,-1,-1,-1
266939,24.79,24.69,764,2.465,1388,-1820,-13396,144,355,120,-1,-1,-1
267210,24.79,24.65,763,2.461,1364,-1792,-13328,124,361,103,-1,-1,-1
267481,24.75,24.75,491,1.584,1428,-1836,-13532,90,200,84,-1,-1,-1
267749,24.83,24.77,403,1.300,1540,-1672,-13592,107,463,82,-1,-1,-1
268020,24.79,24.81,677,2.184,1448,-1816,-13176,127,313,85,-1,-1,-1
268294,24.79,24.95,630,2.032,1460,-1752,-13408,126,342,114,-1,-1,-1
268562,24.75,24.99,764,2.465,1412,-1732,-13440,139,331,114,-1,-1,-1
268833,24.75,25.01,624,2.013,1548,-1752,-13496,124,328,103,-1,-1,-1
269104,24.73,25.01,510,1.645,1420,-1728,-13316,92,294,85,-1,-1,-1
269389,24.79,25.05,764,2.465,1424,-1944,-13192,165,363,85,-1,-1,-1
269663,24.75,25.07,763,2.461,2284,444,-14232,-69,33,111,-1,-1,-1
269934,24.75,24.99,562,1.813,1428,-1784,-13280,253,278,107,-1,-1,-1
270224,24.79,24.99,505,1.629,1372,-1684,-12936,155,413,95,-1,-1,-1
270495,24.75,24.87,763,2.461,1416,-1648,-13444,52,335,86,-1,-1,-1
270766,24.73,24.77,611,1.971,1468,-1648,-13180,123,334,87,-1,-1,-1
271055,24.75,24.81,501,1.616,1564,-1524,-13344,204,328,118,-1,-1,-1
271330,24.75,24.89,658,2.123,1476,-1776,-13420,155,324,114,-1,-1,-1
271614,24.75,24.89,755,2.435,1464,-1644,-13396,111,306,115,-1,-1,-1
271892,24.75,24.95,763,2.461,1468,-1620,-13368,136,331,112,-1,-1,-1
272167,24.79,25.01,500,1.613,1428,-1644,-13504,178,311,97,-1,-1,-1
272434,24.75,25.01,631,2.035,1500,-1724,-13440,136,324,95,-1,-1,-1
272712,24.75,25.01,670,2.161,1468,-1760,-13404,131,310,101,-1,-1,-1
272980,24.73,25.01,586,1.890,1440,-1676,-13380,171,311,99,-1,-1,-1
273255,24.75,24.93,345,1.113,1516,-1724,-13300,101,324,116,-1,-1,-1
273533,24.73,25.01,515,1.661,1380,-1796,-13276,61,332,89,-1,-1,-1
273815,24.75,25.07,547,1.765,1372,-1944,-13164,128,431,91,-1,-1,-1
274083,24.73,25.11,732,2.361,1444,-1700,-13444,113,317,117,-1,-1,-1
274358,24.79,25.13,334,1.077,1512,-1784,-13344,139,308,100,-1,-1,-1
274629,24.75,25.11,573,1.848,1492,-1628,-13444,124,313,98,-1,-1,-1
274911,24.75,25.19,505,1.629,1412,-1724,-13492,92,337,106,-1,-1,-1
275200,24.73,25.19,396,1.277,1504,-1716,-13320,131,310,114,-1,-1,-1
275471,24.75,25.17,756,2.439,1556,-1764,-13312,165,294,105,-1,-1,-1
275739,24.75,25.11,381,1.229,1404,-1836,-13408,124,314,109,-1,-1,-1
276010,24.73,25.17,697,2.248,1400,-1680,-13452,111,287,87,-1,-1,-1
276298,24.73,25.31,686,2.213,1484,-1724,-13396,123,320,108,-1,-1,-1
276583,24.79,25.31,544,1.755,1564,-1676,-13316,129,324,129,-1,-1,-1
276865,24.79,25.25,763,2.461,1468,-1708,-13460,138,348,111,-1,-1,-1
277147,24.75,25.29,508,1.639,1552,-1660,-13368,128,310,85,-1,-1,-1
277422,24.79,25.29,513,1.655,1508,-1712,-13268,114,332,105,-1,-1,-1
277697,24.79,25.11,338,1.090,1484,-1724,-13380,120,345,95,-1,-1,-1
277968,24.79,25.11,401,1.294,1460,-1748,-13424,146,337,106,-1,-1,-1
278247,24.73,25.11,278,0.897,1488,-1740,-13368,128,322,110,-1,-1,-1
278518,24.75,25.05,747,2.410,1364,-1700,-13528,161,319,104,-1,-1,-1
278786,24.75,25.05,659,2.126,1456,-1788,-13452,133,306,114,-1,-1,-1
279061,24.79,24.99,764,2.465,1524,-1720,-13388,102,337,85,-1,-1,-1
279336,24.75,24.87,647,2.087,1432,-1676,-13424,129,335,90,-1,-1,-1
279611,24.75,24.93,586,1.890,1456,-1816,-13424,115,311,121,-1,-1,-1
279878,24.75,25.05,643,2.074,1516,-1708,-13464,116,328,110,-1,-1,-1
280152,24.75,25.05,438,1.413,1448,-1728,-13568,142,318,79,-1,-1,-1
280423,24.75,25.07,569,1.835,1524,-1812,-13324,135,332,108,-1,-1,-1
280694,24.73,25.07,459,1.481,1556,-1732,-13628,159,294,111,-1,-1,-1
280973,24.75,25.11,352,1.135,1488,-1660,-13428,152,322,106,-1,-1,-1
281244,24.75,25.13,420,1.355,1476,-1612,-13412,140,322,114,-1,-1,-1
281512,24.75,25.17,466,1.503,1468,-1744,-13284,91,300,101,-1,-1,-1
281787,24.75,25.19,755,2.435,1412,-1808,-13448,126,352,92,-1,-1,-1
282055,24.75,25.23,764,2.465,1488,-1852,-13380,153,343,89,-1,-1,-1
282330,24.75,25.19,764,2.465,1520,-1764,-13272,105,335,131,-1,-1,-1
282601,24.75,25.11,764,2.465,1456,-1772,-13420,111,306,98,-1,-1,-1
282875,24.75,25.07,751,2.423,1480,-1748,-13612,122,329,117,-1,-1,-1
283143,24.79,25.07,647,2.087,1456,-1716,-13408,123,330,90,-1,-1,-1
283418,24.79,25.05,763,2.461,1536,-1796,-13396,117,381,76,-1,-1,-1
283686,24.75,25.05,558,1.800,1448,-1800,-13472,69,282,93,-1,-1,-1
283957,24.73,24.99,502,1.619,1640,-1840,-13352,104,348,95,-1,-1,-1
284224,24.73,24.83,690,2.226,1576,-1720,-13412,124,359,87,-1,-1,-1
284502,24.75,24.93,733,2.365,1564,-1716,-13380,153,335,89,-1,-1,-1
284777,24.75,24.81,505,1.629,1516,-1768,-13452,136,322,108,-1,-1,-1
285045,24.75,24.87,736,2.374,1484,-1720,-13388,122,306,113,-1,-1,-1
285320,24.73,24.83,629,2.029,1528,-1628,-13320,130,311,87,-1,-1,-1
285595,24.73,24.89,729,2.352,1372,-1664,-13248,114,268,125,-1,-1,-1
285874,24.73,24.95,719,2.319,1448,-1764,-13428,120,326,98,-1,-1,-1
286145,24.71,25.01,595,1.919,1512,-1692,-13432,105,335,99,-1,-1,-1
286413,24.71,24.99,474,1.529,1564,-1716,-13236,127,327,80,-1,-1,-1
286688,24.71,24.93,639,2.061,1452,-1772,-13408,130,329,95,-1,-1,-1
286963,24.73,24.93,266,0.858,1552,-1748,-13316,92,329,106,-1,-1,-1
287252,24.73,25.01,709,2.287,1536,-1696,-13392,139,313,88,-1,-1,-1
287526,24.75,25.07,374,1.206,1544,-1900,-13208,165,351,114,-1,-1,-1
287794,24.75,25.07,581,1.874,1476,-1748,-13424,114,335,107,-1,-1,-1
288065,24.73,25.13,562,1.813,1512,-1808,-13576,117,336,106,-1,-1,-1
288336,24.79,25.19,609,1.965,1532,-1900,-13452,112,338,89,-1,-1,-1
288621,24.79,25.13,278,0.897,1616,-1788,-13420,81,442,75,-1,-1,-1
288906,24.73,25.07,659,2.126,1572,-1808,-13240,119,297,96,-1,-1,-1
289188,24.73,25.01,442,1.426,1472,-1728,-13284,90,320,94,-1,-1,-1
289456,24.75,25.01,439,1.416,1732,-1676,-13540,149,294,123,-1,-1,-1
289727,24.73,24.99,724,2.335,1708,-1608,-13528,97,310,98,-1,-1,-1
290009,24.73,24.81,442,1.426,1500,-1596,-13348,146,307,97,-1,-1,-1
290277,24.73,24.59,443,1.429,1628,-1744,-13404,126,317,88,-1,-1,-1
290554,24.73,24.47,764,2.465,1760,-1620,-13484,130,325,107,-1,-1,-1
290825,50.29,24.39,764,2.465,1560,-1832,-13312,128,310,95,-1,-1,-1
291100,24.71,24.39,430,1.387,1612,-1688,-13488,123,308,98,-1,-1,-1
291378,24.69,24.41,422,1.361,1600,-1788,-13452,107,361,85,-1,-1,-1
291649,24.69,24.47,621,2.003,1392,-1692,-13228,131,312,111,-1,-1,-1
291934,24.69,24.47,504,1.626,1448,-1756,-13392,111,368,119,-1,-1,-1
292209,24.71,24.71,764,2.465,1580,-1984,-13296,130,370,68,-1,-1,-1
292491,24.69,24.89,763,2.461,1628,-1820,-13280,137,345,98,-1,-1,-1
292769,24.71,24.81,687,2.216,1536,-1664,-13424,147,311,97,-1,-1,-1
293043,24.67,24.45,723,2.332,1544,-1780,-13256,129,365,89,-1,-1,-1
293328,24.67,24.45,633,2.042,1484,-1872,-13284,118,304,115,-1,-1,-1
293596,24.67,24.57,317,1.023,1556,-1744,-13140,113,306,101,-1,-1,-1
293871,24.67,24.69,389,1.255,1624,-1584,-13460,166,289,90,-1,-1,-1
294139,24.69,24.69,497,1.603,1520,-1832,-13328,106,339,80,-1,-1,-1
294428,24.67,24.75,764,2.465,1420,-1592,-13364,114,341,63,-1,-1,-1
294703,24.63,24.69,736,2.374,1476,-1708,-13476,99,337,70,-1,-1,-1
294974,24.67,24.83,764,2.465,1636,-1776,-13532,116,307,103,-1,-1,-1
295245,24.67,24.89,763,2.461,1572,-1896,-13364,154,330,110,-1,-1,-1
295516,24.67,24.75,763,2.461,1636,-1708,-13328,128,331,96,-1,-1,-1
295787,24.65,24.83,393,1.268,1524,-1632,-13328,103,410,102,-1,-1,-1
296058,24.65,24.83,385,1.242,1452,-1716,-13420,137,265,125,-1,-1,-1
296329,24.65,24.75,431,1.390,1692,-1888,-13444,213,334,89,-1,-1,-1
296604,24.65,24.75,403,1.300,1664,-1768,-13188,113,340,109,-1,-1,-1
296875,24.65,24.83,717,2.313,1568,-1672,-13476,185,128,140,-1,-1,-1
297146,24.65,24.71,462,1.490,1480,-1708,-13296,149,333,100,-1,-1,-1
297414,24.65,24.87,763,2.461,1596,-1572,-13448,114,334,87,-1,-1,-1
297689,24.63,24.93,763,2.461,1448,-1744,-13360,93,365,109,-1,-1,-1
297957,24.65,50.55,764,2.465,1508,-1764,-13384,129,351,107,-1,-1,-1
298225,24.65,24.89,733,2.365,1520,-1712,-13352,120,326,94,-1,-1,-1
298500,24.65,24.89,660,2.129,1612,-1652,-13348,126,288,86,-1,-1,-1
298775,24.63,24.89,591,1.906,1632,-1924,-13356,162,192,134,-1,-1,-1
299050,24.67,24.99,723,2.332,1428,-1792,-13488,127,405,86,-1,-1,-1
299317,24.65,24.99,535,1.726,1448,-1780,-13380,126,321,98,-1,-1,-1
299592,24.63,24.95,602,1.942,1432,-1716,-13368,149,320,108,-1,-1,-1
299867,24.67,25.07,379,1.223,1464,-1708,-13328,150,341,124,-1,-1,-1
300142,24.65,25.07,532,1.716,1620,-1688,-13260,134,294,107,-1,-1,-1
300417,24.67,25.01,370,1.194,1548,-1768,-13296,136,390,76,-1,-1,-1
300684,24.65,25.11,623,2.010,1380,-1804,-13400,122,322,88,-1,-1,-1
300955,24.61,24.95,764,2.465,1620,-1880,-13380,119,323,110,-1,-1,-1
301223,24.63,25.01,764,2.465,1472,-1816,-13368,90,303,83,-1,-1,-1
301501,24.63,25.01,506,1.632,1456,-1728,-13392,130,317,105,-1,-1,-1
301769,24.63,24.95,765,2.468,1708,-1668,-13364,136,326,89,-1,-1,-1
302040,24.65,24.71,763,2.461,1340,-1716,-13484,143,329,102,-1,-1,-1
302315,24.61,24.41,740,2.387,1588,-1668,-13496,142,315,99,-1,-1,-1
302593,24.61,24.35,580,1.871,1488,-1696,-13272,123,318,95,-1,-1,-1
302861,24.61,24.35,504,1.626,1400,-1752,-13360,140,343,114,-1,-1,-1
303150,24.61,24.35,562,1.813,1392,-1808,-13300,104,301,101,-1,-1,-1
303428,24.59,24.39,482,1.555,1332,-1904,-13288,125,307,93,-1,-1,-1
303703,24.61,24.45,469,1.513,1460,-1872,-13308,117,356,99,-1,-1,-1
303974,24.61,24.71,277,0.894,1576,-1716,-13504,109,305,103,-1,-1,-1
304242,24.59,24.83,446,1.439,1420,-1612,-13320,155,303,109,-1,-1,-1
304513,24.61,24.89,382,1.232,1544,-1708,-13392,124,298,108,-1,-1,-1
304798,24.59,24.93,491,1.584,1512,-1544,-13492,115,330,99,-1,-1,-1
305083,24.57,24.93,653,2.106,1416,-1544,-13548,61,287,104,-1,-1,-1
305354,24.57,24.83,459,1.481,1580,-1708,-13452,105,335,73,-1,-1,-1
305622,24.59,24.87,614,1.981,1392,-1768,-13304,112,313,132,-1,-1,-1
305893,24.59,24.81,537,1.732,1492,-1700,-13396,120,299,89,-1,-1,-1
306175,24.59,24.83,360,1.161,1484,-1732,-13360,140,322,85,-1,-1,-1
306443,24.57,24.77,588,1.897,1484,-1780,-13440,133,318,117,-1,-1,-1
306718,24.59,24.77,566,1.826,1540,-1800,-13436,132,316,93,-1,-1,-1
306993,24.57,24.87,763,2.461,1508,-1868,-13548,134,321,104,-1,-1,-1
307268,24.59,24.87,520,1.677,1412,-1744,-13544,137,304,85,-1,-1,-1
307543,24.59,24.89,613,1.977,1472,-1648,-13368,126,292,118,-1,-1,-1
307818,24.57,24.89,717,2.313,1616,-1652,-13260,152,338,130,-1,-1,-1
308086,24.57,24.99,578,1.865,1568,-1680,-13312,113,341,90,-1,-1,-1
308361,24.57,24.93,678,2.187,1528,-1760,-13316,164,305,130,-1,-1,-1
308639,24.57,25.05,607,1.958,1468,-1692,-13364,134,296,99,-1,-1,-1
308910,24.59,25.05,657,2.119,1504,-1748,-13300,136,315,101,-1,-1,-1
309185,24.57,24.99,651,2.100,1516,-1856,-13296,119,300,100,-1,-1,-1
309453,24.59,25.01,394,1.271,1532,-1768,-13356,144,332,87,-1,-1,-1
309724,24.53,25.01,745,2.403,1492,-1652,-13388,115,387,94,-1,-1,-1
310009,24.57,25.11,659,2.126,1288,-1788,-13380,135,319,95,-1,-1,-1
310280,24.57,25.07,764,2.465,1540,-1856,-13436,121,418,74,-1,-1,-1
310558,24.57,25.01,763,2.461,1424,-1732,-13376,109,335,96,-1,-1,-1
310829,24.53,25.01,550,1.774,1408,-1816,-13316,118,356,108,-1,-1,-1
311104,24.61,25.11,738,2.381,1616,-1824,-13116,183,354,60,-1,-1,-1
311379,24.61,24.99,610,1.968,1340,-1736,-13276,105,354,71,-1,-1,-1
311654,24.59,25.11,447,1.442,1556,-1768,-13392,114,352,81,-1,-1,-1
311925,24.57,25.05,455,1.468,1404,-1712,-13512,139,333,91,-1,-1,-1
312196,24.61,25.11,520,1.677,1672,-1748,-13292,142,351,79,-1,-1,-1
312472,24.61,25.17,265,0.855,1896,-1848,-13804,130,218,-23,-1,-1,-1
312751,24.53,25.07,476,1.535,1524,-1740,-13480,179,310,86,-1,-1,-1
313029,24.59,25.13,628,2.026,1460,-1768,-13508,113,316,75,-1,-1,-1
313307,24.59,25.11,618,1.994,1716,-1912,-13272,286,-273,174,-1,-1,-1
313578,24.53,25.07,719,2.319,1560,-1592,-13304,155,338,83,-1,-1,-1
313849,24.59,24.87,580,1.871,1592,-1628,-13512,115,282,92,-1,-1,-1
314117,24.61,24.63,308,0.994,1648,-1688,-13292,127,315,103,-1,-1,-1
314388,24.59,24.51,381,1.229,1680,-1608,-13248,146,343,88,-1,-1,-1
314655,24.59,24.45,394,1.271,1628,-1660,-13380,98,316,99,-1,-1,-1
314929,24.57,24.41,430,1.387,1720,-1636,-13320,133,310,99,-1,-1,-1
315218,24.51,24.35,348,1.123,1536,-1656,-13436,127,326,104,-1,-1,-1
315497,24.57,24.51,454,1.465,1684,-1628,-13288,136,333,118,-1,-1,-1
315768,24.53,24.57,672,2.168,1564,-1624,-13384,163,337,88,-1,-1,-1
316043,24.57,24.59,282,0.910,1516,-1632,-13368,149,343,113,-1,-1,-1
316314,24.51,24.71,559,1.803,1752,-1800,-13444,235,68,-348,-1,-1,-1
316582,24.51,24.69,763,2.461,1508,-2284,-14148,55,467,-143,-1,-1,-1
316857,24.53,24.77,562,1.813,1248,-1716,-13384,92,513,70,-1,-1,-1
317146,24.53,24.81,525,1.694,1312,-1712,-13260,149,341,137,-1,-1,-1
317424,24.51,24.83,432,1.394,1328,-1740,-13872,58,-29,125,-1,-1,-1
317702,24.47,24.93,351,1.132,1532,-1736,-13272,155,334,90,-1,-1,-1
317984,24.51,24.99,335,1.081,1452,-1764,-13480,130,339,97,-1,-1,-1
318262,24.51,24.93,475,1.532,1272,-1752,-13432,151,367,90,-1,-1,-1
318537,24.53,24.93,464,1.497,1440,-1760,-13564,131,347,95,-1,-1,-1
318808,24.51,24.87,372,1.200,1360,-1772,-13476,139,334,98,-1,-1,-1
319079,24.53,24.87,413,1.332,1380,-1728,-13460,113,233,116,-1,-1,-1
319354,24.53,24.81,475,1.532,1512,-1728,-13376,133,385,117,-1,-1,-1
319633,24.49,24.89,269,0.868,1452,-1792,-13396,162,328,99,-1,-1,-1
319904,24.51,24.83,258,0.832,1528,-1708,-13312,125,330,101,-1,-1,-1
320172,24.51,24.83,418,1.348,1368,-1744,-13356,135,257,89,-1,-1,-1
320447,24.49,24.83,662,2.135,1292,-1680,-13368,121,325,105,-1,-1,-1
320722,24.49,24.81,543,1.752,1392,-1824,-13352,130,324,102,-1,-1,-1
320997,24.51,24.81,298,0.961,1344,-1676,-13284,140,338,101,-1,-1,-1
321279,24.51,24.83,292,0.942,1416,-1736,-13176,167,370,59,-1,-1,-1
321547,24.51,24.87,390,1.258,1456,-1728,-13336,112,309,86,-1,-1,-1
321818,24.51,24.93,481,1.552,1460,-1680,-13480,126,355,109,-1,-1,-1
322086,24.51,24.93,477,1.539,1456,-1832,-13336,116,280,93,-1,-1,-1
322374,24.49,24.93,466,1.503,1352,-1696,-13432,113,299,107,-1,-1,-1
322642,24.47,24.93,490,1.581,1436,-1768,-13420,141,326,111,-1,-1,-1
322912,24.49,50.55,460,1.484,1320,-1788,-13356,122,323,96,-1,-1,-1
323186,24.51,24.95,355,1.145,1388,-1756,-13492,143,331,121,-1,-1,-1
323454,24.51,25.05,466,1.503,1488,-1864,-13480,126,355,95,-1,-1,-1
323729,24.49,24.99,312,1.006,1552,-1676,-13396,142,308,114,-1,-1,-1
324011,24.49,50.55,402,1.297,1444,-1716,-13408,142,307,102,-1,-1,-1
324282,24.49,25.07,493,1.590,1392,-1644,-13396,149,312,103,-1,-1,-1
324567,24.49,25.05,341,1.100,1352,-1792,-13376,98,306,101,-1,-1,-1
324834,24.49,24.99,522,1.684,1400,-1716,-13448,146,314,92,-1,-1,-1
325116,24.47,24.99,499,1.610,1396,-1820,-13380,81,290,107,-1,-1,-1
325391,24.49,24.99,579,1.868,1364,-1868,-13332,123,307,114,-1,-1,-1
325659,24.51,50.55,174,0.561,1400,-1732,-13424,143,330,89,-1,-1,-1
325926,24.51,50.55,513,1.655,1400,-1752,-13408,127,329,118,-1,-1,-1
326201,24.51,24.89,406,1.310,1428,-1656,-13284,111,325,102,-1,-1,-1
326469,24.47,24.75,360,1.161,1428,-1660,-13280,149,302,105,-1,-1,-1
326740,24.49,24.71,333,1.074,1352,-1652,-13352,114,314,108,-1,-1,-1
327015,24.45,24.75,465,1.500,1376,-1764,-13308,120,330,109,-1,-1,-1
327300,24.47,24.75,416,1.342,1500,-1772,-13516,105,322,122,-1,-1,-1
327575,24.49,24.65,338,1.090,1428,-1724,-13368,146,336,87,-1,-1,-1
327846,24.47,24.65,420,1.355,1460,-1708,-13356,125,324,98,-1,-1,-1
328131,24.47,24.75,303,0.977,1444,-1864,-13336,120,335,114,-1,-1,-1
328402,24.47,24.69,475,1.532,1432,-1776,-13312,137,320,103,-1,-1,-1
328677,24.47,24.69,433,1.397,1396,-1824,-13380,114,308,117,-1,-1,-1
328945,24.47,24.75,451,1.455,1420,-1748,-13268,125,325,103,-1,-1,-1
329231,24.47,24.81,351,1.132,1488,-1736,-13396,118,348,98,-1,-1,-1
329519,24.45,24.99,461,1.487,1364,-1676,-13472,137,341,84,-1,-1,-1
329786,24.49,25.01,419,1.352,1364,-1832,-13360,136,328,102,-1,-1,-1
330057,24.47,25.13,435,1.403,1348,-1784,-13344,145,322,113,-1,-1,-1
330325,24.47,25.19,393,1.268,1456,-1680,-13288,152,318,80,-1,-1,-1
330600,24.43,25.17,424,1.368,1432,-1788,-13468,118,312,98,-1,-1,-1
330868,24.45,25.23,398,1.284,1344,-1636,-13336,145,318,106,-1,-1,-1
331139,24.47,25.11,417,1.345,1412,-1832,-13388,143,298,97,-1,-1,-1
331406,24.45,25.11,452,1.458,1424,-1748,-13384,142,331,79,-1,-1,-1
331677,24.49,25.11,435,1.403,1440,-1768,-13356,127,309,108,-1,-1,-1
331959,24.49,25.11,402,1.297,1436,-1736,-13440,124,302,109,-1,-1,-1
332234,24.45,25.01,349,1.126,1364,-1712,-13476,111,327,102,-1,-1,-1
332502,24.47,25.01,305,0.984,1412,-1812,-13400,136,315,93,-1,-1,-1
332777,24.47,25.13,422,1.361,1436,-1772,-13428,122,335,94,-1,-1,-1
333052,24.47,24.99,291,0.939,1492,-1788,-13304,111,294,80,-1,-1,-1
333320,24.49,25.05,524,1.690,1352,-1812,-13196,137,329,110,-1,-1,-1
333588,24.49,25.13,432,1.394,1336,-1700,-13348,135,328,102,-1,-1,-1
333859,24.49,25.11,336,1.084,1312,-1692,-13396,102,342,96,-1,-1,-1
334134,24.51,25.11,404,1.303,1400,-1792,-13488,140,301,94,-1,-1,-1
334412,24.47,25.17,365,1.177,1460,-1752,-13332,126,353,73,-1,-1,-1
334686,24.49,25.13,409,1.319,1388,-1736,-13392,136,353,89,-1,-1,-1
334960,24.49,25.13,490,1.581,1488,-1700,-13224,116,289,94,-1,-1,-1
335248,24.49,25.07,429,1.384,1484,-1680,-13368,115,307,90,-1,-1,-1
335519,24.49,25.05,380,1.226,1464,-1796,-13324,115,313,109,-1,-1,-1
335790,24.47,25.11,298,0.961,1444,-1804,-13400,104,313,105,-1,-1,-1
336069,24.47,25.11,531,1.713,1448,-1892,-13384,134,344,122,-1,-1,-1
336340,24.47,25.07,440,1.419,1472,-1776,-13336,119,347,97,-1,-1,-1
336622,24.51,25.11,344,1.110,1512,-1792,-13248,125,342,85,-1,-1,-1
336897,24.49,25.11,350,1.129,1444,-1688,-13336,87,350,80,-1,-1,-1
337189,24.49,25.11,267,0.861,1360,-1808,-13280,158,374,100,-1,-1,-1
337464,24.49,25.11,366,1.181,1400,-1804,-13208,138,310,97,-1,-1,-1
337739,24.49,25.05,289,0.932,1372,-1892,-13424,138,308,112,-1,-1,-1
338025,24.49,25.11,446,1.439,1528,-1704,-13368,149,275,116,-1,-1,-1
338293,24.47,24.99,449,1.448,1288,-1832,-13348,134,354,86,-1,-1,-1
338560,24.49,50.55,445,1.435,1384,-1776,-13396,146,293,107,-1,-1,-1
338828,24.47,24.89,534,1.723,1464,-1768,-13356,154,299,108,-1,-1,-1
339099,24.51,24.87,191,0.616,1480,-1648,-13548,131,318,76,-1,-1,-1
339373,24.47,24.83,411,1.326,1412,-1792,-13480,103,355,106,-1,-1,-1
339655,24.47,24.75,328,1.058,1368,-1816,-13336,137,315,105,-1,-1,-1
339927,24.47,24.81,332,1.071,1392,-1868,-13460,148,418,90,-1,-1,-1
340195,24.51,24.77,452,1.458,1336,-1664,-13240,102,272,106,-1,-1,-1
340463,24.45,24.77,429,1.384,1320,-1796,-13428,125,346,90,-1,-1,-1
340741,24.49,24.81,394,1.271,1444,-1688,-13376,159,349,110,-1,-1,-1
341016,24.45,24.81,426,1.374,1352,-1660,-13324,125,297,103,-1,-1,-1
341284,24.47,24.81,461,1.487,1404,-1696,-13392,144,338,76,-1,-1,-1
341562,24.45,24.89,325,1.048,1496,-1844,-13340,120,380,77,-1,-1,-1
341844,24.45,24.93,433,1.397,1464,-1784,-13348,117,298,93,-1,-1,-1
342112,24.47,24.95,313,1.010,1476,-1768,-13168,179,396,89,-1,-1,-1
342383,24.47,25.07,451,1.455,1516,-1704,-13588,131,334,88,-1,-1,-1
342654,24.51,25.13,484,1.561,1404,-1692,-13396,107,324,104,-1,-1,-1
342939,24.45,25.13,444,1.432,1480,-1660,-13360,157,349,114,-1,-1,-1
343217,24.47,25.17,288,0.929,1392,-1856,-13396,134,324,95,-1,-1,-1
343488,24.47,25.13,285,0.919,1504,-1812,-13212,133,331,99,-1,-1,-1
343755,24.47,25.07,403,1.300,1412,-1812,-13356,142,299,88,-1,-1,-1
344033,24.47,24.99,376,1.213,1320,-1788,-13552,101,305,115,-1,-1,-1
344305,24.47,25.07,391,1.261,1412,-1724,-13464,109,303,116,-1,-1,-1
344580,24.43,24.99,383,1.235,1456,-1872,-13488,137,365,108,-1,-1,-1
344855,24.45,25.01,429,1.384,1480,-1752,-13164,154,306,109,-1,-1,-1
345123,24.49,25.05,467,1.506,1364,-1692,-13344,107,329,110,-1,-1,-1
345394,24.49,24.99,437,1.410,1420,-1788,-13400,126,301,96,-1,-1,-1
345669,24.45,24.95,463,1.494,1492,-1700,-13344,114,324,110,-1,-1,-1
345951,24.45,25.11,493,1.590,1396,-1736,-13468,131,297,99,-1,-1,-1
346225,24.45,25.13,341,1.100,1460,-1732,-13304,152,320,83,-1,-1,-1
346499,24.47,25.07,456,1.471,1352,-1800,-13268,128,300,77,-1,-1,-1
346773,24.47,25.11,424,1.368,1476,-1732,-13404,146,321,107,-1,-1,-1
347041,24.47,25.17,261,0.842,1380,-1812,-13496,118,315,89,-1,-1,-1
347316,24.47,25.17,338,1.090,1504,-1760,-13320,119,287,104,-1,-1,-1
347591,24.47,25.17,474,1.529,1460,-1712,-13264,124,303,71,-1,-1,-1
347869,24.49,25.19,438,1.413,1448,-1836,-13336,124,339,95,-1,-1,-1
348140,24.47,25.13,488,1.574,1520,-1796,-13324,124,357,117,-1,-1,-1
348408,24.49,25.13,422,1.361,1500,-1716,-13340,132,350,92,-1,-1,-1
348686,24.49,25.25,272,0.877,1440,-1748,-13492,129,319,101,-1,-1,-1
348964,24.45,25.19,472,1.523,1456,-1772,-13232,137,326,106,-1,-1,-1
349235,24.49,25.13,361,1.165,1560,-1704,-13316,114,315,88,-1,-1,-1
349502,24.49,25.19,383,1.235,1416,-1744,-13424,116,328,111,-1,-1,-1
349777,24.49,25.17,465,1.500,1408,-1812,-13408,125,329,101,-1,-1,-1
350048,24.47,25.13,484,1.561,1480,-1788,-13344,115,327,69,-1,-1,-1
350322,24.51,25.17,442,1.426,1452,-1852,-13488,119,326,112,-1,-1,-1
350590,24.45,25.01,362,1.168,1368,-1812,-13188,148,325,102,-1,-1,-1
350868,24.47,24.95,488,1.574,1444,-1780,-13344,134,320,112,-1,-1,-1
351139,24.49,24.99,493,1.590,1504,-1732,-13404,114,316,124,-1,-1,-1
351407,24.47,50.55,394,1.271,1376,-1812,-13584,130,324,130,-1,-1,-1
351700,24.47,24.93,451,1.455,1352,-1752,-13260,110,344,105,-1,-1,-1
351971,24.51,24.83,346,1.116,1420,-1756,-13444,131,322,106,-1,-1,-1
352253,24.45,24.81,402,1.297,1444,-1824,-13356,112,321,100,-1,-1,-1
352528,24.47,24.87,453,1.461,1424,-1776,-13316,126,353,115,-1,-1,-1
352803,24.47,24.87,390,1.258,1420,-1756,-13332,103,336,107,-1,-1,-1
353096,24.45,24.81,495,1.597,1396,-1748,-13312,113,275,78,-1,-1,-1
353374,24.45,24.89,336,1.084,1304,-1784,-13340,144,328,83,-1,-1,-1
353641,24.47,24.95,483,1.558,1432,-1776,-13404,126,334,119,-1,-1,-1
353919,24.49,25.11,427,1.377,1448,-1716,-13488,130,333,97,-1,-1,-1
354186,24.51,25.23,401,1.294,1464,-1696,-13620,133,302,97,-1,-1,-1
354457,24.49,25.23,364,1.174,1472,-1720,-13448,128,307,91,-1,-1,-1
354728,24.47,25.25,490,1.581,1300,-1764,-13264,138,303,113,-1,-1,-1
355013,24.49,25.25,448,1.445,1344,-1820,-13448,128,324,101,-1,-1,-1
355288,24.45,25.35,436,1.406,1416,-1740,-13396,158,316,98,-1,-1,-1
355555,24.49,25.31,453,1.461,1448,-1816,-13272,123,341,106,-1,-1,-1
355826,24.49,25.35,340,1.097,1380,-1744,-13352,137,325,122,-1,-1,-1
356094,24.51,25.29,471,1.519,1352,-1696,-13396,118,304,100,-1,-1,-1
356365,24.51,25.25,434,1.400,1468,-1716,-13272,129,326,80,-1,-1,-1
356640,24.49,25.19,361,1.165,1360,-1820,-13300,110,357,103,-1,-1,-1
356911,24.49,25.25,436,1.406,1340,-1728,-13316,107,319,92,-1,-1,-1
357189,24.49,25.17,426,1.374,1416,-1760,-13272,136,322,103,-1,-1,-1
357468,24.49,25.17,432,1.394,1376,-1764,-13348,153,348,101,-1,-1,-1
357739,24.49,25.17,404,1.303,1456,-1748,-13404,108,341,96,-1,-1,-1
358010,24.49,25.17,500,1.613,1416,-1756,-13248,131,315,80,-1,-1,-1
358278,24.53,25.19,593,1.913,1500,-1848,-13480,134,369,123,-1,-1,-1
358548,24.49,25.17,431,1.390,1272,-1768,-13432,124,347,108,-1,-1,-1
358823,24.53,25.23,485,1.565,1352,-1776,-13488,120,324,97,-1,-1,-1
359097,24.49,25.19,291,0.939,1376,-1648,-13416,109,292,99,-1,-1,-1
359385,24.49,25.23,688,2.219,1472,-1840,-13436,116,365,94,-1,-1,-1
359660,24.51,25.17,688,2.219,1276,-1764,-13364,114,326,104,-1,-1,-1
359935,24.53,25.19,320,1.032,1468,-1900,-13412,175,487,96,-1,-1,-1
360203,24.51,25.19,485,1.565,1372,-1768,-13488,140,324,98,-1,-1,-1
360495,24.53,25.07,392,1.265,1372,-1824,-13384,124,340,104,-1,-1,-1
360763,24.51,25.19,665,2.145,1420,-1648,-13316,114,317,108,-1,-1,-1
361048,24.51,25.17,311,1.003,1516,-1800,-13300,137,344,87,-1,-1,-1
361323,24.51,25.19,631,2.035,1436,-1804,-13256,108,330,68,-1,-1,-1
361591,24.51,25.13,399,1.287,1564,-1796,-13240,106,325,101,-1,-1,-1
361859,24.53,25.19,328,1.058,1384,-1752,-13304,146,344,113,-1,-1,-1
362137,24.51,25.13,438,1.413,1472,-1756,-13460,116,317,98,-1,-1,-1
362411,24.53,25.01,494,1.594,1452,-1808,-13284,137,330,129,-1,-1,-1
362682,24.53,24.93,274,0.884,1404,-1764,-13368,129,329,81,-1,-1,-1
362950,24.51,24.83,764,2.465,1372,-1744,-13332,120,327,107,-1,-1,-1
363225,24.51,24.81,764,2.465,1508,-1672,-13384,120,343,79,-1,-1,-1
363496,24.49,24.77,757,2.442,1476,-1776,-13232,119,352,84,-1,-1,-1
363767,24.49,24.77,389,1.255,1412,-1800,-13416,139,329,99,-1,-1,-1
364035,24.49,24.77,221,0.713,1516,-1700,-13304,125,315,92,-1,-1,-1
364306,24.51,24.87,363,1.171,1388,-1732,-13380,112,301,93,-1,-1,-1
364580,24.51,24.93,276,0.890,1440,-1780,-13396,126,309,105,-1,-1,-1
364847,24.51,24.83,545,1.758,1432,-1764,-13524,87,324,74,-1,-1,-1
365118,24.47,24.81,350,1.129,1364,-1784,-13356,115,340,111,-1,-1,-1
365400,24.51,24.83,524,1.690,1332,-1760,-13364,137,330,106,-1,-1,-1
365675,24.49,24.99,709,2.287,1488,-1764,-13300,115,305,82,-1,-1,-1
365942,24.49,24.99,570,1.839,1340,-1800,-13276,116,310,106,-1,-1,-1
366213,24.51,25.07,344,1.110,1400,-1812,-13464,127,309,111,-1,-1,-1
366488,24.51,25.13,631,2.035,1468,-1896,-13428,94,282,94,-1,-1,-1
366773,24.49,25.07,675,2.177,1360,-1652,-13296,130,318,89,-1,-1,-1
367048,24.51,25.13,756,2.439,1396,-1772,-13388,159,313,94,-1,-1,-1
367323,24.49,25.13,764,2.465,1436,-1736,-13156,193,313,139,-1,-1,-1
367598,24.51,25.13,379,1.223,1420,-1832,-13480,149,332,99,-1,-1,-1
367869,24.49,25.19,589,1.900,1392,-1860,-13320,143,392,98,-1,-1,-1
368136,24.53,25.13,413,1.332,1316,-1792,-13484,146,320,103,-1,-1,-1
368415,24.51,25.11,252,0.813,1484,-1760,-13544,132,321,113,-1,-1,-1
368690,24.49,25.05,455,1.468,1408,-1728,-13376,140,314,99,-1,-1,-1
368958,24.49,24.99,374,1.206,1508,-1740,-13460,130,306,116,-1,-1,-1
369240,24.51,25.05,357,1.152,1308,-1700,-13448,97,352,96,-1,-1,-1
369511,24.51,25.07,370,1.194,1360,-1760,-13508,125,314,101,-1,-1,-1
369790,24.49,25.01,413,1.332,1384,-1672,-13308,115,337,110,-1,-1,-1
370065,24.49,25.05,375,1.210,1508,-1880,-13284,134,331,105,-1,-1,-1
370336,24.51,24.93,489,1.577,1364,-1740,-13396,125,363,115,-1,-1,-1
370604,24.49,24.95,451,1.455,1376,-1664,-13376,139,284,93,-1,-1,-1
370879,24.51,25.05,444,1.432,1444,-1724,-13524,121,329,102,-1,-1,-1
371154,24.51,25.05,470,1.516,1384,-1820,-13480,83,321,108,-1,-1,-1
371422,24.57,25.05,437,1.410,1436,-1844,-13356,145,282,111,-1,-1,-1
371697,24.51,25.07,442,1.426,1464,-1692,-13368,137,315,103,-1,-1,-1
371968,24.49,25.13,440,1.419,1304,-1756,-13284,143,327,102,-1,-1,-1
372247,24.49,25.17,391,1.261,1432,-1720,-13284,132,362,96,-1,-1,-1
372522,24.49,25.11,493,1.590,1360,-1632,-13396,126,309,95,-1,-1,-1
372797,24.53,25.23,422,1.361,1288,-1552,-13308,130,285,103,-1,-1,-1
373072,24.49,25.13,480,1.548,1504,-1788,-13372,103,280,93,-1,-1,-1
373354,24.49,25.23,344,1.110,1464,-1684,-13360,147,317,110,-1,-1,-1
373640,24.53,25.23,411,1.326,1480,-1812,-13308,115,336,96,-1,-1,-1
373929,24.53,25.19,422,1.361,2436,-1976,-13408,111,290,105,-1,-1,-1
374211,24.51,25.17,347,1.119,1700,-1796,-13312,180,472,93,-1,-1,-1
374485,24.57,25.13,489,1.577,1376,-1868,-13324,108,357,101,-1,-1,-1
374753,24.51,25.01,508,1.639,1468,-1748,-13208,111,339,86,-1,-1,-1
375028,24.53,24.87,441,1.423,1612,-1664,-13484,123,305,107,-1,-1,-1
375299,24.53,24.87,754,2.432,1336,-1660,-13492,136,341,110,-1,-1,-1
375584,24.53,24.87,719,2.319,1460,-1884,-13312,147,325,94,-1,-1,-1
375859,24.53,24.93,678,2.187,1316,-1808,-13264,120,332,104,-1,-1,-1
376130,24.53,24.87,362,1.168,1440,-1848,-13312,140,348,87,-1,-1,-1
376401,24.53,24.83,422,1.361,1456,-1864,-13400,115,330,100,-1,-1,-1
376672,24.53,24.93,715,2.306,1508,-1760,-13296,114,304,84,-1,-1,-1
376946,24.51,24.93,518,1.671,1412,-1836,-13372,131,336,105,-1,-1,-1
377214,24.51,24.89,637,2.055,1460,-1768,-13404,123,321,97,-1,-1,-1
377489,24.49,24.87,320,1.032,1452,-1808,-13388,136,222,114,-1,-1,-1
377764,24.49,24.87,279,0.900,1624,-1768,-13268,184,372,107,-1,-1,-1
378042,24.49,24.87,757,2.442,1412,-1732,-13364,125,393,83,-1,-1,-1
378313,24.53,24.93,572,1.845,1408,-1768,-13276,114,347,82,-1,-1,-1
378581,24.51,24.87,533,1.719,1388,-1768,-13344,107,292,86,-1,-1,-1
378856,24.51,24.95,438,1.413,1520,-1700,-13248,83,322,87,-1,-1,-1
379127,24.49,24.99,317,1.023,1500,-1836,-13456,121,307,88,-1,-1,-1
379405,24.49,25.05,332,1.071,1388,-1768,-13376,122,352,102,-1,-1,-1
379683,24.49,25.13,327,1.055,1376,-1872,-13332,100,312,92,-1,-1,-1
379950,24.49,25.13,451,1.455,1420,-1712,-13260,128,336,86,-1,-1,-1
380221,24.53,25.19,645,2.081,1380,-1804,-13292,142,302,97,-1,-1,-1
380506,24.51,25.19,522,1.684,1468,-1764,-13332,111,329,122,-1,-1,-1
380777,24.51,25.17,223,0.719,1376,-1904,-13304,149,329,97,-1,-1,-1
381048,24.53,25.01,517,1.668,1344,-1696,-13300,152,410,81,-1,-1,-1
381323,24.51,25.13,387,1.248,1336,-1736,-13316,128,315,102,-1,-1,-1
381598,24.49,25.01,257,0.829,1432,-1748,-13480,147,264,94,-1,-1,-1
381880,24.51,25.01,421,1.358,1464,-1836,-13416,140,341,100,-1,-1,-1
382155,24.51,25.07,406,1.310,1404,-1716,-13576,99,306,112,-1,-1,-1
382423,24.51,25.01,393,1.268,1508,-1756,-13328,112,288,93,-1,-1,-1
382698,24.51,25.13,528,1.703,1376,-1644,-13296,143,320,127,-1,-1,-1
382969,24.51,25.13,668,2.155,1548,-1864,-13444,132,333,116,-1,-1,-1
383237,24.51,25.13,608,1.961,1364,-1740,-13364,126,350,95,-1,-1,-1
383512,24.51,25.17,296,0.955,1340,-1840,-13312,126,357,91,-1,-1,-1
383787,24.53,25.17,276,0.890,1468,-1788,-13432,110,318,87,-1,-1,-1
384055,24.53,25.13,385,1.242,1476,-1664,-13516,131,284,87,-1,-1,-1
384328,24.51,25.19,496,1.600,1244,-1648,-13380,97,312,103,-1,-1,-1
384599,24.53,25.19,376,1.213,1292,-1780,-13224,141,304,100,-1,-1,-1
384867,24.53,25.19,510,1.645,1396,-1756,-13436,138,335,92,-1,-1,-1
385145,24.51,25.19,395,1.274,1428,-1756,-13384,127,332,80,-1,-1,-1
385416,24.51,25.23,392,1.265,1372,-1716,-13376,141,335,100,-1,-1,-1
385695,24.57,25.17,329,1.061,1364,-1668,-13496,132,311,105,-1,-1,-1
385967,24.57,25.13,415,1.339,1416,-1756,-13384,136,320,92,-1,-1,-1
386242,24.53,25.07,463,1.494,1392,-1736,-13212,120,341,80,-1,-1,-1
386517,24.51,25.05,438,1.413,1468,-1692,-13228,132,344,108,-1,-1,-1
386788,24.57,25.01,456,1.471,1500,-1728,-13524,119,321,86,-1,-1,-1
387055,24.53,50.55,346,1.116,1488,-1796,-13536,110,301,117,-1,-1,-1
387330,24.53,24.93,490,1.581,1384,-1748,-13220,127,340,106,-1,-1,-1
387604,24.51,24.87,477,1.539,1468,-1840,-13448,109,302,92,-1,-1,-1
387882,24.51,24.87,448,1.445,1400,-1676,-13332,132,307,106,-1,-1,-1
388157,24.51,24.87,490,1.581,1488,-1716,-13644,146,323,99,-1,-1,-1
388435,24.51,24.87,478,1.542,1312,-1644,-13320,158,319,86,-1,-1,-1
388703,24.51,24.81,462,1.490,1452,-1688,-13380,170,314,87,-1,-1,-1
388974,24.49,24.83,447,1.442,1408,-1624,-13464,175,303,106,-1,-1,-1
389249,24.51,24.87,468,1.510,1380,-1680,-13352,138,325,118,-1,-1,-1
389531,24.51,24.87,494,1.594,1320,-1872,-13440,142,293,107,-1,-1,-1
389806,24.53,24.87,477,1.539,1408,-1756,-13440,123,329,99,-1,-1,-1
390073,24.51,24.87,415,1.339,1352,-1744,-13440,63,276,103,-1,-1,-1
390340,24.51,50.55,427,1.377,1416,-1744,-13240,128,321,95,-1,-1,-1
390618,24.53,24.95,413,1.332,1504,-1712,-13472,140,316,111,-1,-1,-1
390886,24.53,24.89,467,1.506,1412,-1756,-13388,133,315,91,-1,-1,-1
391161,24.51,24.93,468,1.510,1420,-1696,-13440,90,305,98,-1,-1,-1
391439,24.51,24.95,495,1.597,1360,-1732,-13384,116,275,108,-1,-1,-1
391710,24.51,24.95,438,1.413,1356,-1832,-13328,105,332,107,-1,-1,-1
391985,24.49,24.93,380,1.226,1400,-1828,-13248,146,324,115,-1,-1,-1
392260,24.51,24.95,450,1.452,1472,-1568,-13344,184,295,113,-1,-1,-1
392531,24.49,25.01,319,1.029,1416,-1804,-13316,140,317,101,-1,-1,-1
392806,24.53,25.07,764,2.465,1464,-1796,-13392,97,374,75,-1,-1,-1
393077,24.51,25.17,242,0.781,1396,-1700,-13464,136,337,75,-1,-1,-1
393345,24.49,25.13,243,0.784,1456,-1804,-13396,137,350,98,-1,-1,-1
393616,24.53,25.19,434,1.400,1504,-1792,-13592,113,299,93,-1,-1,-1
393884,24.53,25.23,488,1.574,1420,-1812,-13368,135,325,98,-1,-1,-1
394159,24.51,25.13,364,1.174,1500,-1748,-13348,130,334,119,-1,-1,-1
394434,24.51,25.07,418,1.348,1376,-1840,-13352,123,308,94,-1,-1,-1
394705,24.51,25.17,488,1.574,1440,-1796,-13472,134,327,90,-1,-1,-1
394980,24.53,25.17,499,1.610,1312,-1712,-13336,121,316,90,-1,-1,-1
395255,24.51,25.01,529,1.706,1392,-1804,-13392,133,323,90,-1,-1,-1
395526,24.51,25.05,557,1.797,1412,-1720,-13428,137,316,91,-1,-1,-1
395801,24.53,25.05,445,1.435,1416,-1804,-13524,132,324,110,-1,-1,-1
396086,24.57,25.05,286,0.923,1348,-1728,-13520,136,300,112,-1,-1,-1
396361,24.53,25.13,471,1.519,1480,-1760,-13312,109,298,106,-1,-1,-1
396629,24.57,25.17,336,1.084,1344,-1860,-13328,116,359,100,-1,-1,-1
396900,24.53,25.13,471,1.519,1496,-1788,-13380,113,312,111,-1,-1,-1
397171,24.53,25.19,461,1.487,1364,-1736,-13272,101,305,75,-1,-1,-1
397445,24.53,25.05,432,1.394,1492,-1812,-13476,124,294,95,-1,-1,-1
397716,24.51,25.13,377,1.216,1436,-1692,-13404,146,303,113,-1,-1,-1
397991,24.53,25.13,478,1.542,1320,-1788,-13352,119,337,110,-1,-1,-1
398266,24.57,25.07,706,2.277,1380,-1784,-13364,100,333,94,-1,-1,-1
398540,24.53,25.07,569,1.835,1244,-1676,-13356,125,352,85,-1,-1,-1
398822,24.53,25.05,422,1.361,1468,-1924,-13328,97,306,96,-1,-1,-1
399090,24.57,24.99,376,1.213,1284,-1736,-13284,138,331,93,-1,-1,-1
399361,24.53,24.99,465,1.500,1368,-1688,-13296,125,300,87,-1,-1,-1
399632,24.53,24.93,458,1.477,1500,-1764,-13356,101,305,91,-1,-1,-1
399900,24.53,24.95,540,1.742,1376,-1760,-13384,132,343,74,-1,-1,-1
400174,24.53,24.93,559,1.803,1360,-1836,-13360,169,347,107,-1,-1,-1
400442,24.51,24.87,525,1.694,1320,-1700,-13384,147,301,91,-1,-1,-1
400717,24.53,24.87,619,1.997,1408,-1792,-13344,129,316,99,-1,-1,-1
401010,24.51,24.87,422,1.361,1364,-1864,-13388,136,345,112,-1,-1,-1
401295,24.51,24.87,452,1.458,1264,-1604,-13460,63,280,113,-1,-1,-1
401570,24.53,24.87,343,1.106,1384,-1780,-13488,123,335,68,-1,-1,-1
401841,24.51,24.93,423,1.365,1416,-1788,-13352,129,328,97,-1,-1,-1
402116,24.53,24.93,533,1.719,1468,-1784,-13216,135,302,98,-1,-1,-1
402391,24.57,24.93,263,0.848,1420,-1816,-13400,138,353,95,-1,-1,-1
402669,24.51,24.95,283,0.913,1412,-1776,-13256,102,304,91,-1,-1,-1
402943,24.53,25.07,240,0.774,1384,-1740,-13444,119,343,96,-1,-1,-1
403214,24.51,25.01,598,1.929,1212,-1732,-13440,93,306,89,-1,-1,-1
403492,24.53,24.99,381,1.229,1484,-1752,-13492,125,289,99,-1,-1,-1
403767,24.53,25.01,288,0.929,1420,-1872,-13328,144,338,87,-1,-1,-1
404042,24.57,25.11,212,0.684,1432,-1692,-13412,104,343,91,-1,-1,-1
404310,24.51,24.99,493,1.590,1396,-1808,-13360,148,311,101,-1,-1,-1
404578,24.57,25.01,660,2.129,1324,-1604,-13448,116,312,83,-1,-1,-1
404846,24.53,24.99,375,1.210,1380,-1812,-13256,130,336,126,-1,-1,-1
405114,24.53,25.01,391,1.261,1316,-1716,-13328,137,326,89,-1,-1,-1
405389,24.53,25.13,392,1.265,1480,-1380,-14124,43,157,87,-1,-1,-1
405667,24.51,25.11,278,0.897,1356,-1776,-13428,113,321,89,-1,-1,-1
405952,24.53,25.07,446,1.439,1392,-1788,-13288,140,346,99,-1,-1,-1
406234,24.53,25.07,364,1.174,1492,-1776,-13372,134,333,91,-1,-1,-1
406502,24.53,25.07,527,1.700,1548,-1728,-13128,133,307,106,-1,-1,-1
406773,24.53,25.07,413,1.332,1452,-1656,-13412,123,326,93,-1,-1,-1
407044,24.53,25.13,555,1.790,1460,-1672,-13272,122,300,99,-1,-1,-1
407311,24.51,25.05,371,1.197,1404,-1664,-13268,135,315,113,-1,-1,-1
407579,24.57,25.13,319,1.029,1324,-1768,-13440,82,296,84,-1,-1,-1
407850,24.57,25.11,427,1.377,1376,-1780,-13352,75,308,91,-1,-1,-1
408128,24.57,25.17,468,1.510,1468,-1740,-13456,141,320,87,-1,-1,-1
408396,24.51,25.11,432,1.394,1384,-1756,-13228,127,334,103,-1,-1,-1
408667,24.57,25.17,762,2.458,1464,-1720,-13552,119,325,110,-1,-1,-1
408942,24.57,25.13,437,1.410,1324,-1756,-13332,154,287,110,-1,-1,-1
409220,24.57,25.11,491,1.584,1476,-1840,-13404,115,347,111,-1,-1,-1
409498,24.53,25.07,341,1.100,1368,-1756,-13416,134,313,104,-1,-1,-1
409773,24.57,25.05,448,1.445,1436,-1748,-13516,112,334,97,-1,-1,-1
410047,24.57,25.17,435,1.403,1504,-1732,-13364,135,343,116,-1,-1,-1
410318,24.53,25.17,386,1.245,1468,-1716,-13360,140,298,98,-1,-1,-1
410586,24.57,25.01,491,1.584,1448,-1784,-13300,142,320,100,-1,-1,-1
410868,24.59,25.01,490,1.581,1408,-1720,-13436,151,334,101,-1,-1,-1
411136,24.59,25.05,423,1.365,1428,-1732,-13248,120,336,79,-1,-1,-1
411421,24.59,25.11,371,1.197,1372,-1716,-13300,155,314,96,-1,-1,-1
411696,24.57,25.07,473,1.526,1320,-1772,-13400,122,319,99,-1,-1,-1
411964,24.57,25.01,496,1.600,1260,-1784,-13336,127,334,109,-1,-1,-1
412246,24.57,25.07,398,1.284,1516,-1816,-13452,133,299,78,-1,-1,-1
412513,24.51,25.23,377,1.216,1500,-1724,-13560,128,322,89,-1,-1,-1
412784,24.57,25.07,325,1.048,1332,-1616,-13340,82,322,87,-1,-1,-1
413069,24.59,25.11,435,1.403,1352,-1820,-13836,119,187,116,-1,-1,-1
413337,24.57,25.17,397,1.281,1500,-1764,-13484,114,273,122,-1,-1,-1
413612,24.53,25.05,489,1.577,1276,-1820,-13276,135,327,82,-1,-1,-1
413901,24.59,25.11,449,1.448,1404,-1824,-13316,120,308,99,-1,-1,-1
414172,24.59,25.07,468,1.510,1344,-1688,-13236,128,361,105,-1,-1,-1
414451,24.61,25.23,474,1.529,1488,-1700,-13476,138,295,94,-1,-1,-1
414722,24.57,25.19,444,1.432,1432,-1688,-13484,71,357,82,-1,-1,-1
415004,24.53,25.13,438,1.413,1452,-1672,-13476,141,307,102,-1,-1,-1
415279,24.57,25.11,390,1.258,1672,-1664,-13204,160,361,106,-1,-1,-1
415554,24.57,25.11,392,1.265,1388,-1708,-13392,126,318,97,-1,-1,-1
415825,24.59,25.17,494,1.594,1548,-1700,-13640,104,531,82,-1,-1,-1
416110,24.59,25.17,291,0.939,1408,-1560,-12996,250,944,64,-1,-1,-1
416392,24.53,25.13,312,1.006,1496,-1656,-13348,126,338,94,-1,-1,-1
416667,24.61,25.19,466,1.503,884,-1964,-13208,199,162,76,-1,-1,-1
416935,24.59,25.23,357,1.152,1500,-1744,-13228,120,352,76,-1,-1,-1
417206,24.61,25.25,484,1.561,1400,-1572,-13364,81,282,97,-1,-1,-1
417473,24.57,25.25,437,1.410,1476,-1800,-13688,132,310,127,-1,-1,-1
417748,24.59,25.29,430,1.387,1400,-1920,-13360,117,320,91,-1,-1,-1
418023,24.59,25.25,419,1.352,1516,-1644,-13380,111,309,82,-1,-1,-1
418309,24.57,25.17,495,1.597,1412,-1788,-13264,115,244,121,-1,-1,-1
418588,24.61,25.29,493,1.590,1360,-1748,-13228,121,309,94,-1,-1,-1
418863,24.61,25.25,249,0.803,1192,-1764,-13344,113,311,88,-1,-1,-1
419141,24.65,25.29,763,2.461,1380,-1760,-13380,129,320,93,-1,-1,-1
419423,24.59,25.11,394,1.271,1372,-1848,-13296,130,295,101,-1,-1,-1
419702,24.63,25.17,429,1.384,1380,-1692,-13244,138,365,104,-1,-1,-1
419973,24.63,25.23,530,1.710,1472,-1792,-13320,114,329,106,-1,-1,-1
420241,24.63,25.19,278,0.897,1488,-1752,-13476,121,328,89,-1,-1,-1
420526,24.61,25.19,530,1.710,1340,-1876,-13344,140,323,85,-1,-1,-1
420794,24.65,25.25,747,2.410,1440,-1756,-13396,150,344,110,-1,-1,-1
421081,24.65,25.25,707,2.281,1492,-1740,-13356,124,328,112,-1,-1,-1
421355,24.61,25.25,504,1.626,1348,-1748,-13316,123,301,89,-1,-1,-1
421626,24.61,25.23,192,0.619,1408,-1672,-13432,120,342,106,-1,-1,-1
421907,24.59,25.25,288,0.929,1480,-1744,-13392,120,308,100,-1,-1,-1
422182,24.63,25.23,576,1.858,1460,-1724,-13516,133,314,101,-1,-1,-1
422449,24.61,25.07,372,1.200,1468,-1708,-13408,96,298,124,-1,-1,-1
422720,24.61,25.07,337,1.087,1352,-1728,-13352,127,346,101,-1,-1,-1
422988,24.61,25.05,381,1.229,1492,-1816,-13492,107,314,108,-1,-1,-1
423265,24.63,25.07,657,2.119,1456,-1688,-13268,115,321,111,-1,-1,-1
423533,24.61,24.99,763,2.461,1440,-1724,-13240,124,311,99,-1,-1,-1
423807,24.63,25.01,761,2.455,1500,-1612,-13428,133,328,98,-1,-1,-1
424082,24.63,25.07,763,2.461,1368,-1680,-13368,133,330,116,-1,-1,-1
424361,24.61,25.05,764,2.465,1552,-1724,-13492,120,319,110,-1,-1,-1
424629,24.61,24.95,764,2.465,1480,-1752,-13388,145,315,98,-1,-1,-1
424900,24.63,25.01,764,2.465,1524,-1584,-13424,138,300,103,-1,-1,-1
425178,24.63,25.07,764,2.465,1460,-1740,-13336,136,321,91,-1,-1,-1
425449,24.63,25.13,764,2.465,1364,-1744,-13220,111,325,81,-1,-1,-1
425717,24.59,25.07,764,2.465,1512,-1752,-13268,104,301,93,-1,-1,-1
425988,24.61,25.13,763,2.461,1516,-1724,-13216,122,325,100,-1,-1,-1
426263,24.59,25.07,389,1.255,1496,-1804,-13484,138,343,85,-1,-1,-1
426534,24.63,25.23,729,2.352,1436,-1772,-13360,125,327,97,-1,-1,-1
426809,24.63,25.23,497,1.603,1368,-1716,-13284,100,355,91,-1,-1,-1
427091,24.63,25.25,475,1.532,1520,-1556,-13412,138,332,98,-1,-1,-1
427358,24.61,25.29,730,2.355,1464,-1684,-13492,144,299,110,-1,-1,-1
427626,24.59,25.23,377,1.216,1468,-1700,-13504,129,313,115,-1,-1,-1
427904,24.61,25.23,476,1.535,1412,-1820,-13260,89,331,90,-1,-1,-1
428175,24.63,25.23,497,1.603,1460,-1608,-13388,142,332,80,-1,-1,-1
428450,24.63,25.29,484,1.561,1596,-1452,-13576,139,237,130,-1,-1,-1
428725,24.61,25.25,401,1.294,1300,-1632,-13496,36,237,2,-1,-1,-1
428996,24.63,25.25,352,1.135,1284,-1916,-13212,165,321,107,-1,-1,-1
429271,24.61,25.17,764,2.465,2048,-2580,-12408,-1424,3248,-305,-1,-1,-1
429543,24.65,25.25,762,2.458,1596,-1588,-13476,137,417,103,-1,-1,-1
429811,24.63,25.23,331,1.068,1572,-1724,-13356,153,312,102,-1,-1,-1
430086,24.63,25.25,738,2.381,1648,-1632,-13404,170,214,102,-1,-1,-1
430354,24.67,25.11,529,1.706,1420,-1628,-13508,100,214,176,-1,-1,-1
430636,24.63,25.17,662,2.135,1576,-1684,-13448,174,228,113,-1,-1,-1
430904,24.63,25.17,355,1.145,1432,-1740,-13456,136,297,89,-1,-1,-1
431175,24.63,25.19,410,1.323,1500,-1560,-13132,207,311,93,-1,-1,-1
431449,24.65,25.17,378,1.219,1492,-1732,-13352,148,187,95,-1,-1,-1
431720,24.63,25.19,490,1.581,1556,-1740,-13384,139,306,80,-1,-1,-1
431991,24.63,25.23,376,1.213,1576,-1684,-13412,148,247,100,-1,-1,-1
432259,24.63,25.13,378,1.219,1524,-1660,-13308,88,505,86,-1,-1,-1
432530,24.65,25.17,453,1.461,1488,-1704,-13544,187,208,93,-1,-1,-1
432805,24.65,25.23,365,1.177,1476,-1732,-13364,111,315,84,-1,-1,-1
433079,24.69,25.17,468,1.510,1476,-1656,-13484,132,205,100,-1,-1,-1
433350,24.65,25.13,493,1.590,1496,-1968,-13332,203,98,114,-1,-1,-1
433632,24.67,25.13,478,1.542,1648,-1692,-13264,118,199,110,-1,-1,-1
433911,24.67,25.13,453,1.461,1604,-1608,-13656,189,161,107,-1,-1,-1
434182,24.65,25.13,462,1.490,1528,-1700,-13424,58,75,115,-1,-1,-1
434457,24.67,25.17,395,1.274,1600,-1744,-13364,130,340,72,-1,-1,-1
434728,24.65,25.07,380,1.226,1448,-1680,-13380,86,339,100,-1,-1,-1
435016,24.65,25.07,763,2.461,1512,-1592,-13448,176,276,125,-1,-1,-1
435298,24.67,25.05,508,1.639,1588,-1580,-13360,141,343,115,-1,-1,-1
435566,24.65,25.07,454,1.465,1652,-1520,-13548,118,329,103,-1,-1,-1
435837,24.65,24.99,464,1.497,1476,-1664,-13300,156,236,150,-1,-1,-1
436112,24.65,24.99,544,1.755,1508,-1688,-13380,150,288,93,-1,-1,-1
436387,24.65,24.99,318,1.026,1500,-1736,-13368,125,312,104,-1,-1,-1
436662,24.65,25.07,434,1.400,1484,-1684,-13324,92,251,98,-1,-1,-1
436937,24.67,25.11,259,0.835,1604,-1708,-13580,121,378,87,-1,-1,-1
437212,24.63,25.07,410,1.323,1492,-1660,-13332,182,279,84,-1,-1,-1
437494,24.65,25.07,405,1.306,1572,-1680,-13536,99,395,104,-1,-1,-1
437772,24.67,25.13,476,1.535,1704,-1624,-13448,115,299,102,-1,-1,-1
438040,24.65,25.11,489,1.577,1564,-1848,-13356,153,348,86,-1,-1,-1
438315,24.65,25.05,297,0.958,1588,-1716,-13424,132,256,116,-1,-1,-1
438586,24.65,25.11,514,1.658,1500,-1688,-13448,141,312,85,-1,-1,-1
438864,24.67,25.11,288,0.929,1516,-1716,-13344,113,301,100,-1,-1,-1
439132,24.65,25.07,302,0.974,1668,-1692,-13392,132,393,117,-1,-1,-1
439403,24.67,25.11,439,1.416,1516,-1712,-13288,117,314,124,-1,-1,-1
439695,24.67,25.07,431,1.390,1444,-1676,-13284,115,331,83,-1,-1,-1
439962,24.65,25.13,421,1.358,1468,-1672,-13328,119,306,82,-1,-1,-1
440236,24.63,25.13,471,1.519,1504,-1800,-13356,109,284,103,-1,-1,-1
440511,24.67,25.13,430,1.387,1452,-1772,-13476,121,316,88,-1,-1,-1
440786,24.67,25.05,471,1.519,1448,-1800,-13324,152,303,98,-1,-1,-1
441054,24.63,25.05,329,1.061,1516,-1680,-13516,129,230,111,-1,-1,-1
441336,24.67,25.11,377,1.216,1528,-1672,-13424,128,352,100,-1,-1,-1
441611,24.65,25.07,387,1.248,1508,-1716,-13376,118,305,98,-1,-1,-1
441878,24.65,25.13,397,1.281,1512,-1800,-13356,103,333,104,-1,-1,-1
442149,24.65,25.13,425,1.371,1480,-1692,-13260,113,353,70,-1,-1,-1
442423,24.67,25.17,474,1.529,1488,-1732,-13384,131,322,113,-1,-1,-1
442691,24.65,25.19,460,1.484,1436,-1684,-13488,122,335,118,-1,-1,-1
442969,24.65,25.17,494,1.594,1548,-1716,-13360,108,321,127,-1,-1,-1
443237,24.67,25.17,378,1.219,1484,-1768,-13144,137,340,100,-1,-1,-1
443512,24.67,25.29,372,1.200,1460,-1852,-13452,175,235,112,-1,-1,-1
443787,24.67,25.19,564,1.819,1604,-1904,-13244,131,307,119,-1,-1,-1
444062,24.67,25.23,559,1.803,1472,-1760,-13588,142,301,88,-1,-1,-1
444333,24.65,25.25,605,1.952,1428,-1724,-13408,114,328,88,-1,-1,-1
444618,24.67,25.25,541,1.745,1496,-1664,-13572,161,279,110,-1,-1,-1
444907,24.65,25.29,749,2.416,1404,-1800,-13544,85,335,127,-1,-1,-1
445189,24.71,25.23,730,2.355,1496,-1760,-13228,117,360,106,-1,-1,-1
445478,24.67,25.23,716,2.310,1472,-1804,-13504,119,340,110,-1,-1,-1
445749,24.69,25.19,764,2.465,1396,-1736,-13648,128,315,106,-1,-1,-1
446017,24.65,25.19,603,1.945,1488,-1688,-13528,181,327,111,-1,-1,-1
446288,24.69,25.19,644,2.077,1616,-1676,-13248,133,318,102,-1,-1,-1
446556,24.67,25.13,519,1.674,1416,-1676,-13360,138,331,90,-1,-1,-1
446834,24.67,25.07,450,1.452,1436,-1736,-13252,112,242,123,-1,-1,-1
447116,24.69,25.11,739,2.384,1596,-1756,-13324,110,384,102,-1,-1,-1
447395,24.69,25.05,763,2.461,1500,-1584,-13336,111,361,105,-1,-1,-1
447666,24.69,25.01,762,2.458,1552,-1660,-13272,78,327,118,-1,-1,-1
447948,24.71,25.01,283,0.913,1644,-1580,-13152,124,375,65,-1,-1,-1
448216,24.67,25.01,431,1.390,1540,-1608,-13280,136,259,111,-1,-1,-1
448487,24.67,25.07,414,1.335,1496,-1832,-13412,161,249,91,-1,-1,-1
448754,50.29,25.17,372,1.200,1464,-1800,-13516,152,267,84,-1,-1,-1
449029,24.71,25.19,525,1.694,1624,-1724,-13476,119,394,90,-1,-1,-1
449304,24.67,25.31,570,1.839,1608,-1728,-13360,137,324,96,-1,-1,-1
449579,24.71,25.25,375,1.210,1416,-1820,-13460,131,277,106,-1,-1,-1
449854,24.69,25.17,360,1.161,1476,-1720,-13376,110,308,117,-1,-1,-1
450133,24.69,25.19,484,1.561,1572,-1800,-13344,148,320,62,-1,-1,-1
450404,24.69,25.23,433,1.397,1552,-1700,-13280,143,372,95,-1,-1,-1
450675,24.73,25.35,464,1.497,1500,-1792,-13156,114,392,105,-1,-1,-1
450943,24.69,25.23,763,2.461,1552,-1896,-13336,118,269,129,-1,-1,-1
451214,24.71,25.31,413,1.332,1524,-1752,-13336,117,411,87,-1,-1,-1
451492,24.69,25.23,286,0.923,1456,-1728,-13472,126,179,105,-1,-1,-1
451767,24.71,25.19,294,0.948,1508,-1716,-13292,123,304,91,-1,-1,-1
452038,24.71,25.17,476,1.535,1420,-1732,-13464,121,339,89,-1,-1,-1
452313,24.71,25.17,307,0.990,1564,-1828,-13524,122,317,83,-1,-1,-1
452581,24.69,25.17,504,1.626,1400,-1764,-13332,107,314,122,-1,-1,-1
452856,24.71,25.17,423,1.365,1480,-1724,-13384,129,310,128,-1,-1,-1
453131,24.69,25.17,439,1.416,1520,-1656,-13380,91,380,98,-1,-1,-1
453402,24.67,25.17,333,1.074,1544,-1740,-13492,116,331,87,-1,-1,-1
453673,24.69,25.17,471,1.519,1556,-1560,-13360,89,409,97,-1,-1,-1
453948,24.71,25.11,306,0.987,1464,-1712,-13244,144,292,107,-1,-1,-1
454219,24.73,25.13,365,1.177,1596,-1732,-13340,118,329,93,-1,-1,-1
454493,50.29,25.17,459,1.481,1584,-1672,-13424,118,328,118,-1,-1,-1
454778,24.73,25.17,363,1.171,1516,-1764,-13376,115,333,106,-1,-1,-1
455049,24.69,25.23,481,1.552,1496,-1728,-13624,96,381,101,-1,-1,-1
455316,24.69,25.17,452,1.458,1412,-1816,-13368,118,313,95,-1,-1,-1
455587,24.73,25.17,437,1.410,1480,-1732,-13388,116,322,69,-1,-1,-1
455861,24.69,25.19,481,1.552,1504,-1728,-13396,103,313,70,-1,-1,-1
456132,24.69,25.17,245,0.790,1568,-1696,-13500,127,384,101,-1,-1,-1
456400,24.73,25.19,324,1.045,1436,-1820,-13440,105,310,104,-1,-1,-1
456685,24.73,25.19,257,0.829,1484,-1708,-13452,131,315,78,-1,-1,-1
