timestamp_ms,ir_ambient_c,ir_object_c,sound_peak,sound_volts,ax,ay,az,gx,gy,gz,mx,my,mz
4466,31.75,30.91,0,0.0,4744,-154,-13230,89,339,91,0,0,0
4487,31.75,30.91,809,0.0673,4744,-154,-13230,89,339,91,0,0,0
4541,31.75,30.91,1004,0.0649,4784,-142,-13168,87,345,95,0,0,0
4562,31.75,30.91,1203,0.0735,4676,-106,-13146,94,346,96,0,0,0
4602,31.75,30.91,14,0.002,4676,-106,-13146,94,346,96,0,0,0
4646,31.75,30.91,726,0.1034,4706,-156,-13156,93,347,94,0,0,0
4703,31.75,30.91,1373,0.0785,4732,-192,-13158,93,350,95,0,0,0
4723,31.75,30.91,1218,0.0872,4730,-118,-13186,91,347,92,0,0,0
4765,31.75,30.91,391,0.0557,4730,-118,-13186,91,347,92,0,0,0
4785,31.75,30.91,960,0.0549,4740,-162,-13156,91,343,92,0,0,0
4868,31.75,30.91,825,0.1175,4754,-104,-13170,90,346,92,0,0,0
4888,31.75,30.91,814,0.059,4750,-84,-13160,92,348,95,0,0,0
4930,31.75,30.91,92,0.0131,4750,-84,-13160,92,348,95,0,0,0
4950,31.75,30.91,932,0.0637,4708,-130,-13170,86,345,94,0,0,0
4992,31.75,30.91,41,0.0058,4708,-130,-13170,86,345,94,0,0,0
5044,31.75,30.91,201,0.0286,4718,-124,-13170,86,346,94,0,0,0
5101,31.75,30.91,797,0.0647,4778,-134,-13168,91,346,94,0,0,0
5121,31.75,30.91,1236,0.075,4794,-112,-13128,88,343,94,0,0,0
5162,31.75,30.91,1108,0.1578,4794,-112,-13128,88,343,94,0,0,0
5182,31.75,30.91,1976,0.1061,4706,-134,-13108,92,345,94,0,0,0
5264,31.75,30.91,97,0.0138,4700,-98,-13136,90,349,91,0,0,0
5284,31.75,30.91,1559,0.0968,4726,-94,-13200,92,345,91,0,0,0
5327,31.75,30.91,291,0.0414,4726,-94,-13200,92,345,91,0,0,0
5347,31.75,30.91,1178,0.0911,4766,-168,-13126,92,348,92,0,0,0
5388,31.75,30.91,1015,0.1446,4766,-168,-13126,92,348,92,0,0,0
5432,31.75,30.91,306,0.0436,4710,-142,-13088,88,344,89,0,0,0
5490,31.75,30.91,2133,0.1302,4706,-154,-13206,91,348,91,0,0,0
5511,31.75,30.91,1009,0.0731,4746,-160,-13114,85,349,95,0,0,0
5557,31.75,30.91,423,0.031,4756,-116,-13132,90,347,90,0,0,0
5577,31.75,30.91,1239,0.0754,4778,-128,-13114,91,351,95,0,0,0
5659,31.75,30.91,228,0.0325,4742,-64,-13182,89,344,94,0,0,0
5679,31.75,30.91,754,0.0552,4734,-116,-13128,92,345,92,0,0,0
5720,31.75,30.91,28,0.004,4734,-116,-13128,92,345,92,0,0,0
5740,31.75,30.91,925,0.0554,4774,-124,-13208,92,353,87,0,0,0
5781,31.73,30.87,26,0.0037,4774,-124,-13208,92,353,87,0,0,0
5825,31.73,30.87,105,0.015,4748,-136,-13214,92,348,91,0,0,0
5882,31.73,30.87,1186,0.0685,4726,-138,-13222,92,340,90,0,0,0
5902,31.73,30.87,1275,0.0782,4776,-154,-13110,90,347,97,0,0,0
5944,31.73,30.87,451,0.0642,4776,-154,-13110,90,347,97,0,0,0
5964,31.73,30.87,700,0.0548,4714,-106,-13142,92,347,93,0,0,0
6046,31.73,30.87,288,0.041,4722,-134,-13176,88,339,94,0,0,0
6067,31.73,30.87,738,0.0578,4686,-128,-13194,92,345,94,0,0,0
6117,31.73,30.87,1113,0.0946,4734,-100,-13166,90,346,93,0,0,0
6137,31.73,30.87,1361,0.1037,4726,-126,-13116,96,347,94,0,0,0
6178,31.73,30.87,212,0.0302,4726,-126,-13116,96,347,94,0,0,0
6222,31.73,30.87,320,0.0456,4746,-102,-13162,88,344,90,0,0,0
6279,31.73,30.87,832,0.0594,4748,-130,-13170,91,344,95,0,0,0
6299,31.73,30.87,1258,0.073,4744,-88,-13100,92,344,94,0,0,0
6339,31.81,30.93,171,0.0244,4702,-146,-13210,93,347,94,0,0,0
6359,31.81,30.93,1284,0.0675,4688,-86,-13124,88,347,94,0,0,0
6441,31.81,30.93,480,0.0684,4732,-64,-13158,91,345,94,0,0,0
6462,31.81,30.93,825,0.0523,4710,-148,-13080,91,344,93,0,0,0
6503,31.81,30.93,302,0.043,4710,-148,-13080,91,344,93,0,0,0
6523,31.81,30.93,546,0.044,4726,-116,-13190,92,348,94,0,0,0
6565,31.81,30.93,589,0.0839,4726,-116,-13190,92,348,94,0,0,0
6619,31.81,30.93,726,0.1034,4742,-128,-13118,90,346,89,0,0,0
6677,31.81,30.93,1908,0.1199,4724,-114,-13130,90,344,89,0,0,0
6698,31.81,30.93,1705,0.1034,4774,-114,-13122,90,345,94,0,0,0
6738,31.81,30.93,80,0.0114,4774,-114,-13122,90,345,94,0,0,0
6758,31.81,30.93,791,0.0476,4730,-142,-13148,90,346,89,0,0,0
6842,31.79,30.85,854,0.1216,4736,-130,-13116,92,346,91,0,0,0
6862,31.79,30.85,1374,0.0821,4756,-120,-13158,88,346,88,0,0,0
6902,31.79,30.85,391,0.0557,4756,-120,-13158,88,346,88,0,0,0
6923,31.79,30.85,1166,0.0737,4764,-84,-13148,88,343,93,0,0,0
6963,31.79,30.85,369,0.0526,4764,-84,-13148,88,343,93,0,0,0
7007,31.79,30.85,250,0.0356,4784,-124,-13114,89,343,92,0,0,0
7064,31.79,30.85,748,0.0429,4750,-180,-13176,92,343,96,0,0,0
7085,31.79,30.85,674,0.0489,4750,-180,-13176,92,343,96,0,0,0
7131,31.79,30.85,796,0.0797,4738,-154,-13172,88,347,93,0,0,0
7151,31.79,30.85,944,0.0547,4724,-128,-13190,87,350,93,0,0,0
7234,31.79,30.85,514,0.0732,4708,-112,-13156,91,342,92,0,0,0
7254,31.79,30.85,1131,0.0715,4742,-154,-13178,91,342,94,0,0,0
7294,31.79,30.85,632,0.09,4742,-154,-13178,91,342,94,0,0,0
7315,31.79,30.85,1057,0.0685,4746,-106,-13118,85,341,93,0,0,0
7355,31.79,30.91,26,0.0037,4746,-106,-13118,85,341,93,0,0,0
7400,31.79,30.91,245,0.0349,4714,-148,-13146,88,347,94,0,0,0
7457,31.79,30.91,707,0.044,4710,-108,-13212,88,343,96,0,0,0
7477,31.79,30.91,1332,0.0799,4746,-160,-13124,94,347,93,0,0,0
7519,31.79,30.91,173,0.0246,4746,-160,-13124,94,347,93,0,0,0
7539,31.79,30.91,982,0.0646,4720,-138,-13208,86,345,95,0,0,0
7624,31.79,30.91,136,0.0194,4756,-114,-13160,90,345,94,0,0,0
7645,31.79,30.91,1033,0.0703,4756,-114,-13160,90,345,94,0,0,0
7693,31.79,30.91,822,0.0605,4726,-142,-13120,93,346,93,0,0,0
7713,31.79,30.91,1104,0.0639,4700,-98,-13188,92,344,89,0,0,0
7754,31.79,30.91,2029,0.289,4700,-98,-13188,92,344,89,0,0,0
7798,31.79,30.91,2301,0.3277,4728,-158,-13104,91,346,89,0,0,0
7856,31.79,30.91,1638,0.0929,4758,-104,-13058,94,345,89,0,0,0
7876,31.79,30.91,1228,0.0739,4774,-88,-13152,87,343,92,0,0,0
7918,31.73,30.87,1393,0.1984,4774,-88,-13152,87,343,92,0,0,0
7938,31.73,30.87,1434,0.0776,4722,-100,-13148,87,346,92,0,0,0
8020,31.73,30.87,220,0.0313,4726,-122,-13242,88,347,93,0,0,0
8040,31.73,30.87,718,0.0491,4742,-126,-13144,91,343,95,0,0,0
8081,31.73,30.87,458,0.0652,4742,-126,-13144,91,343,95,0,0,0
8101,31.73,30.87,797,0.056,4730,-114,-13174,94,345,93,0,0,0
8142,31.73,30.87,579,0.0825,4696,-74,-13162,90,340,96,0,0,0
8194,31.73,30.87,307,0.0437,4750,-134,-13126,90,345,92,0,0,0
8251,31.73,30.87,938,0.0541,4748,-128,-13124,86,344,89,0,0,0
8271,31.73,30.87,1378,0.0858,4770,-130,-13176,90,345,93,0,0,0
8312,31.73,30.87,211,0.0301,4770,-130,-13176,90,345,93,0,0,0
8332,31.73,30.87,1600,0.1025,4750,-112,-13152,92,345,88,0,0,0
8415,31.73,30.87,512,0.0729,4720,-162,-13144,88,348,95,0,0,0
8436,31.73,30.81,2134,0.1221,4768,-142,-13180,92,351,93,0,0,0
8477,31.73,30.81,312,0.0444,4768,-142,-13180,92,351,93,0,0,0
8497,31.73,30.81,1682,0.092,4734,-162,-13180,88,346,94,0,0,0
8539,31.73,30.81,125,0.0178,4734,-162,-13180,88,346,94,0,0,0
8583,31.73,30.81,899,0.128,4722,-92,-13116,89,345,94,0,0,0
8641,31.73,30.81,1262,0.0865,4740,-136,-13134,91,347,93,0,0,0
8661,31.73,30.81,989,0.0684,4746,-152,-13154,91,343,89,0,0,0
8707,31.73,30.81,551,0.04,4742,-138,-13160,94,347,93,0,0,0
8727,31.73,30.81,926,0.0782,4764,-160,-13132,86,345,94,0,0,0
8811,31.73,30.81,685,0.0976,4714,-116,-13216,90,344,96,0,0,0
8831,31.73,30.81,1485,0.0965,4730,-158,-13154,91,348,95,0,0,0
8872,31.73,30.81,311,0.0443,4730,-158,-13154,91,348,95,0,0,0
8892,31.73,30.81,993,0.073,4686,-112,-13202,90,348,93,0,0,0
8933,31.75,30.91,695,0.099,4686,-112,-13202,90,348,93,0,0,0
8978,31.75,30.91,680,0.0968,4752,-102,-13094,91,347,89,0,0,0
9035,31.75,30.91,1239,0.074,4714,-136,-13170,92,350,91,0,0,0
9055,31.75,30.91,1025,0.0725,4720,-96,-13154,92,345,94,0,0,0
9097,31.75,30.91,431,0.0614,4720,-96,-13154,92,345,94,0,0,0
9117,31.75,30.91,727,0.0539,4726,-130,-13178,90,343,90,0,0,0
9199,31.75,30.91,878,0.125,4772,-114,-13160,95,346,95,0,0,0
9220,31.75,30.91,925,0.0626,4772,-114,-13160,95,346,95,0,0,0
9268,31.75,30.91,555,0.0505,4752,-128,-13188,90,345,95,0,0,0
9288,31.75,30.91,1456,0.0814,4726,-140,-13108,90,347,89,0,0,0
9329,31.75,30.91,374,0.0533,4726,-140,-13108,90,347,89,0,0,0
9373,31.75,30.91,591,0.0842,4742,-88,-13172,94,343,92,0,0,0
9431,31.75,30.91,747,0.0437,4746,-168,-13172,91,347,95,0,0,0
9451,31.75,30.91,1067,0.062,4764,-138,-13156,93,346,92,0,0,0
9493,31.79,30.97,300,0.0427,4764,-138,-13156,93,346,92,0,0,0
9514,31.79,30.97,957,0.0602,4740,-112,-13140,89,346,94,0,0,0
9596,31.79,30.97,250,0.0356,4686,-82,-13190,92,344,93,0,0,0
9616,31.79,30.97,853,0.0454,4724,-136,-13166,91,346,96,0,0,0
9657,31.79,30.97,132,0.0188,4724,-136,-13166,91,346,96,0,0,0
9677,31.79,30.97,1207,0.0835,4706,-158,-13098,94,343,93,0,0,0
9717,31.79,30.97,758,0.108,4706,-158,-13098,94,343,93,0,0,0
9770,31.79,30.97,306,0.0436,4762,-130,-13096,90,346,92,0,0,0
9827,31.79,30.97,916,0.0499,4762,-90,-13190,92,347,94,0,0,0
9847,31.79,30.97,656,0.0412,4754,-150,-13104,92,350,92,0,0,0
9887,31.79,30.97,782,0.1114,4754,-150,-13104,92,350,92,0,0,0
9908,31.79,30.97,1288,0.0944,4682,-130,-13198,88,342,93,0,0,0
9990,31.79,30.97,891,0.1269,4780,-118,-13100,88,347,88,0,0,0
10010,31.75,30.87,1025,0.0691,4720,-190,-13164,86,344,96,0,0,0
10052,31.75,30.87,49,0.007,4720,-190,-13164,86,344,96,0,0,0
10072,31.75,30.87,901,0.0642,4720,-122,-13118,93,344,92,0,0,0
10115,31.75,30.87,376,0.0536,4720,-122,-13118,93,344,92,0,0,0
10160,31.75,30.87,591,0.0842,4724,-110,-13136,86,348,95,0,0,0
10218,31.75,30.87,765,0.0532,4720,-118,-13230,94,349,90,0,0,0
10238,31.75,30.87,951,0.0566,4730,-138,-13116,88,343,92,0,0,0
10287,31.75,30.87,1090,0.0881,4760,-116,-13184,91,346,91,0,0,0
10307,31.75,30.87,993,0.0865,4752,-136,-13128,92,345,94,0,0,0
10392,31.75,30.87,325,0.0463,4756,-104,-13156,88,344,95,0,0,0
10412,31.75,30.87,1019,0.0676,4724,-116,-13124,93,343,96,0,0,0
10455,31.75,30.87,225,0.032,4724,-116,-13124,93,343,96,0,0,0
10475,31.75,30.87,970,0.0595,4718,-152,-13148,94,341,94,0,0,0
10517,31.75,30.93,581,0.0827,4718,-152,-13148,94,341,94,0,0,0
10562,31.75,30.93,122,0.0174,4722,-104,-13102,91,347,90,0,0,0
10620,31.75,30.93,1127,0.0678,4756,-178,-13104,92,346,90,0,0,0
10640,31.75,30.93,838,0.0567,4764,-114,-13154,88,345,95,0,0,0
10681,31.75,30.93,430,0.0612,4764,-114,-13154,88,345,95,0,0,0
10702,31.75,30.93,1286,0.072,4742,-78,-13170,90,345,92,0,0,0
10785,31.75,30.93,1,0.0001,4702,-136,-13102,92,346,89,0,0,0
10806,31.75,30.93,995,0.072,4702,-136,-13102,92,346,89,0,0,0
10859,31.75,30.93,1054,0.0701,4746,-134,-13160,90,346,99,0,0,0
10880,31.75,30.93,959,0.0696,4768,-122,-13126,92,344,93,0,0,0
10922,31.75,30.93,822,0.1171,4768,-122,-13126,92,344,93,0,0,0
10967,31.75,30.93,720,0.1025,4776,-134,-13160,90,342,92,0,0,0
11025,31.75,30.93,1069,0.078,4744,-122,-13124,90,344,91,0,0,0
11045,31.75,30.93,1157,0.0646,4704,-134,-13136,91,347,92,0,0,0
11087,31.75,30.93,289,0.0412,4704,-134,-13136,91,347,92,0,0,0
11107,31.75,30.93,889,0.0673,4712,-154,-13166,87,347,95,0,0,0
11191,31.75,30.93,746,0.1062,4720,-132,-13190,93,342,91,0,0,0
11211,31.75,30.93,1079,0.0788,4750,-124,-13178,91,346,93,0,0,0
11253,31.75,30.93,568,0.0809,4750,-124,-13178,91,346,93,0,0,0
11273,31.75,30.93,904,0.0597,4732,-128,-13152,91,350,98,0,0,0
11315,31.75,30.93,409,0.0583,4732,-128,-13152,91,350,98,0,0,0
11367,31.75,30.93,740,0.1054,4720,-158,-13082,93,345,94,0,0,0
11425,31.75,30.93,1062,0.0631,4746,-144,-13152,93,348,91,0,0,0
11446,31.75,30.93,1495,0.086,4738,-116,-13134,95,345,89,0,0,0
11488,31.75,30.93,1062,0.1513,4738,-116,-13134,95,345,89,0,0,0
11508,31.75,30.93,741,0.0485,4736,-110,-13142,91,348,91,0,0,0
11593,31.75,30.97,375,0.0534,4714,-114,-13224,95,347,91,0,0,0
11613,31.75,30.97,696,0.0488,4722,-132,-13160,94,343,92,0,0,0
11655,31.75,30.97,1,0.0001,4722,-132,-13160,94,343,92,0,0,0
11675,31.75,30.97,1093,0.0816,4744,-120,-13174,93,339,95,0,0,0
11717,31.75,30.97,287,0.0409,4744,-120,-13174,93,339,95,0,0,0
11762,31.75,30.97,540,0.0769,4742,-150,-13166,90,345,97,0,0,0
11821,31.75,30.97,911,0.0489,4742,-138,-13144,90,346,90,0,0,0
11842,31.75,30.97,279,0.0185,4736,-114,-13144,93,348,93,0,0,0
11893,31.75,30.97,970,0.0768,4768,-142,-13126,90,342,95,0,0,0
11913,31.75,30.97,671,0.0494,4672,-112,-13192,92,347,92,0,0,0
11997,31.75,30.97,274,0.039,4714,-114,-13138,90,342,92,0,0,0
12018,31.75,30.97,593,0.0419,4694,-114,-13162,88,347,91,0,0,0
12060,31.75,30.97,133,0.0189,4694,-114,-13162,88,347,91,0,0,0
12080,31.75,30.97,860,0.0578,4754,-112,-13196,90,349,94,0,0,0
12122,31.79,30.97,119,0.0169,4754,-112,-13196,90,349,94,0,0,0
12166,31.79,30.97,880,0.1253,4760,-150,-13144,94,346,89,0,0,0
12224,31.79,30.97,1251,0.0782,4734,-158,-13126,91,346,96,0,0,0
12245,31.79,30.97,1275,0.0735,4758,-124,-13120,89,346,98,0,0,0
12286,31.79,30.97,68,0.0097,4758,-124,-13120,89,346,98,0,0,0
12306,31.79,30.97,879,0.0564,4686,-154,-13222,92,343,92,0,0,0
12390,31.79,30.97,328,0.0467,4738,-78,-13118,90,346,89,0,0,0
12411,31.79,30.97,398,0.0315,4738,-78,-13118,90,346,89,0,0,0
12466,31.79,30.97,844,0.063,4666,-102,-13214,85,343,95,0,0,0
12486,31.79,30.97,903,0.0566,4738,-126,-13112,88,345,93,0,0,0
12527,31.79,30.97,358,0.051,4738,-126,-13112,88,345,93,0,0,0
12572,31.79,30.97,324,0.0461,4760,-142,-13102,88,342,93,0,0,0
12631,31.79,30.97,956,0.049,4712,-126,-13166,92,346,91,0,0,0
12652,31.79,30.97,644,0.0404,4714,-114,-13092,93,344,94,0,0,0
12693,31.79,30.97,696,0.0991,4714,-114,-13092,93,344,94,0,0,0
12713,31.79,30.97,1680,0.0942,4732,-110,-13116,88,347,97,0,0,0
12798,31.79,30.97,144,0.0205,4720,-118,-13196,92,345,91,0,0,0
12818,31.79,30.97,614,0.053,4752,-68,-13174,92,347,93,0,0,0
12861,31.79,30.97,361,0.0514,4752,-68,-13174,92,347,93,0,0,0
12881,31.79,30.97,1140,0.0646,4710,-142,-13130,88,345,96,0,0,0
12924,31.79,30.97,372,0.053,4710,-142,-13130,88,345,96,0,0,0
12984,31.79,30.97,715,0.1018,4730,-144,-13148,94,343,91,0,0,0
13043,31.79,30.97,993,0.0694,4766,-128,-13188,90,344,92,0,0,0
13063,31.79,30.97,958,0.0722,4750,-166,-13100,89,345,92,0,0,0
13104,31.79,30.97,29,0.0041,4762,-110,-13084,90,351,94,0,0,0
13125,31.79,30.97,869,0.048,4700,-100,-13186,92,346,92,0,0,0
13208,31.79,30.97,547,0.0779,4698,-88,-13132,90,344,93,0,0,0
13229,31.79,30.97,1559,0.0804,4760,-140,-13160,90,347,93,0,0,0
13270,31.79,30.97,21,0.003,4760,-140,-13160,90,347,93,0,0,0
13290,31.79,30.97,1102,0.0753,4744,-114,-13132,90,342,95,0,0,0
13333,31.79,30.97,1028,0.1464,4744,-114,-13132,90,342,95,0,0,0
13377,31.79,30.97,103,0.0147,4740,-96,-13204,90,348,93,0,0,0
13437,31.79,30.97,915,0.0642,4754,-158,-13170,93,345,95,0,0,0
13458,31.79,30.97,527,0.0458,4754,-158,-13170,93,345,95,0,0,0
13514,31.79,30.97,856,0.0506,4686,-114,-13148,90,347,96,0,0,0
13535,31.79,30.97,593,0.0342,4744,-134,-13156,91,346,95,0,0,0
13618,31.79,30.97,121,0.0172,4742,-102,-13056,92,345,96,0,0,0
13639,31.79,30.97,885,0.0786,4720,-146,-13226,92,343,95,0,0,0
13681,31.79,30.97,249,0.0355,4720,-146,-13226,92,343,95,0,0,0
13701,31.79,30.97,956,0.0633,4708,-82,-13122,90,345,91,0,0,0
13744,31.75,30.93,324,0.0461,4728,-114,-13140,89,351,96,0,0,0
13789,31.75,30.93,492,0.0701,4738,-146,-13042,88,345,89,0,0,0
13847,31.75,30.93,1161,0.0696,4846,-158,-13122,63,385,97,0,0,0
13867,31.75,30.93,1786,0.1345,4682,-164,-13026,91,364,89,0,0,0
13909,31.75,30.93,109,0.0155,4682,-164,-13026,91,364,89,0,0,0
13929,31.75,30.93,1108,0.0723,4762,-174,-13032,97,358,83,0,0,0
14014,31.75,30.93,757,0.1078,4944,-168,-12968,76,378,94,0,0,0
14034,31.75,30.93,1486,0.1462,4400,-160,-13128,91,341,101,0,0,0
14085,31.75,30.93,935,0.0689,4724,-132,-13066,86,351,99,0,0,0
14105,31.75,30.93,903,0.0638,5078,-132,-12870,84,394,74,0,0,0
14148,31.75,30.93,800,0.1139,5078,-132,-12870,84,394,74,0,0,0
14193,31.75,30.93,259,0.0369,4536,-220,-13148,102,332,98,0,0,0
14252,31.75,30.93,1411,0.0892,4840,-124,-13034,79,341,102,0,0,0
14272,31.75,30.93,1407,0.0889,5092,-168,-12842,67,415,78,0,0,0
14314,31.79,30.97,314,0.0447,5092,-168,-12842,67,415,78,0,0,0
14335,31.79,30.97,2301,0.1394,4614,-170,-12908,91,353,98,0,0,0
14419,31.79,30.97,279,0.0397,4826,-152,-12610,85,340,94,0,0,0
14439,31.79,30.97,1139,0.0557,4930,-272,-13078,77,387,91,0,0,0
14482,31.79,30.97,204,0.0291,4930,-272,-13078,77,387,91,0,0,0
14502,31.79,30.97,1792,0.1126,4700,-46,-13406,87,346,99,0,0,0
14544,31.79,30.97,1810,0.2578,4510,-36,-13442,111,279,96,0,0,0
14597,31.79,30.97,1844,0.2626,4752,-166,-12956,110,320,80,0,0,0
14655,31.79,30.97,1407,0.1183,4670,-94,-13256,92,349,82,0,0,0
14675,31.79,30.97,1776,0.1256,4670,-206,-13186,99,305,108,0,0,0
14718,31.79,30.97,142,0.0202,4670,-206,-13186,99,305,108,0,0,0
14738,31.79,30.97,1681,0.1051,4770,-118,-13058,87,307,96,0,0,0
14823,31.79,30.97,427,0.0608,4494,-104,-13082,99,301,100,0,0,0
14843,31.75,30.93,2095,0.1439,4576,-142,-12776,90,320,105,0,0,0
14885,31.75,30.93,294,0.0419,4576,-142,-12776,90,320,105,0,0,0
14906,31.75,30.93,1386,0.0786,4506,-270,-12958,104,340,91,0,0,0
14948,31.75,30.93,849,0.1209,4506,-270,-12958,104,340,91,0,0,0
14993,31.75,30.93,1898,0.2703,4754,-154,-12760,83,361,92,0,0,0
15053,31.75,30.93,2195,0.1471,4706,-44,-12794,83,358,93,0,0,0
15074,31.75,30.93,3500,0.2242,4626,-242,-12870,95,336,91,0,0,0
15126,31.75,30.93,3618,0.3895,4536,-250,-12880,93,341,93,0,0,0
15146,31.75,30.93,4499,0.3535,4602,-182,-12854,91,350,95,0,0,0
15231,31.75,30.93,6660,0.9485,4688,-244,-12854,97,353,87,0,0,0
15251,31.75,30.93,5757,0.4405,4590,-134,-12854,83,348,94,0,0,0
15294,31.75,30.93,3197,0.4553,4590,-134,-12854,83,348,94,0,0,0
15314,31.75,30.93,4489,0.3108,4584,-250,-12786,96,349,93,0,0,0
15356,31.75,30.87,1890,0.2692,4584,-250,-12786,96,349,93,0,0,0
15400,31.75,30.87,5026,0.7158,4618,-214,-12714,86,351,92,0,0,0
15460,31.75,30.87,5981,0.4596,4632,-122,-12724,83,350,98,0,0,0
15480,31.75,30.87,5922,0.4067,4534,-238,-12648,91,344,91,0,0,0
15522,31.75,30.87,147,0.0209,4534,-238,-12648,91,344,91,0,0,0
15542,31.75,30.87,5314,0.3571,4540,-124,-12638,84,346,98,0,0,0
15627,31.75,30.87,5397,0.7687,4514,-218,-12610,94,337,91,0,0,0
15648,31.75,30.87,4953,0.3869,4514,-218,-12610,94,337,91,0,0,0
15697,31.75,30.87,5403,0.3823,4514,-224,-12564,85,351,93,0,0,0
15717,31.75,30.87,6278,0.417,4494,-240,-12544,92,337,88,0,0,0
15759,31.75,30.87,10,0.0014,4494,-240,-12544,92,337,88,0,0,0
15804,31.75,30.87,237,0.0338,4484,-244,-12518,87,347,93,0,0,0
15863,31.75,30.87,6290,0.4121,4584,-170,-12552,82,361,99,0,0,0
15883,31.75,30.87,6356,0.4426,4420,-292,-12300,89,336,96,0,0,0
15926,31.73,30.87,2037,0.2901,4420,-292,-12300,89,336,96,0,0,0
15946,31.73,30.87,6108,0.3333,4468,-190,-12354,82,364,96,0,0,0
16030,31.73,30.87,1022,0.1456,4472,-222,-12586,87,347,93,0,0,0
16050,31.73,30.87,5945,0.3862,4450,-116,-12398,85,337,94,0,0,0
16093,31.73,30.87,2073,0.2952,4450,-116,-12398,85,337,94,0,0,0
16113,31.73,30.87,5876,0.4293,4306,-558,-12150,102,334,89,0,0,0
16155,31.73,30.87,2937,0.4183,4306,-558,-12150,102,334,89,0,0,0
16215,31.73,30.87,2568,0.3657,4378,-350,-12044,78,353,96,0,0,0
16274,31.73,30.87,6027,0.4699,4256,-554,-12004,106,342,88,0,0,0
16294,31.73,30.87,5083,0.3796,4322,-380,-11862,81,361,90,0,0,0
16337,31.73,30.87,2699,0.3844,4322,-380,-11862,81,361,90,0,0,0
16357,31.73,30.87,5509,0.4242,4008,-344,-11802,118,316,89,0,0,0
16441,31.75,30.87,5649,0.8045,4174,-582,-11552,100,333,82,0,0,0
16461,31.75,30.87,6314,0.4564,4234,-106,-11214,59,358,101,0,0,0
16504,31.75,30.87,1235,0.1759,4234,-106,-11214,59,358,101,0,0,0
16524,31.75,30.87,5425,0.4199,4096,-866,-11562,87,352,72,0,0,0
16567,31.75,30.87,2741,0.3904,4096,-866,-11562,87,352,72,0,0,0
16612,31.75,30.87,5855,0.8339,4066,-392,-12080,37,417,100,0,0,0
16671,31.75,30.87,6476,0.4358,4336,-94,-12328,69,386,99,0,0,0
16692,31.75,30.87,5467,0.4487,4336,-94,-12328,69,386,99,0,0,0
16741,31.75,30.87,7199,0.4687,4140,-162,-12168,75,361,94,0,0,0
16762,31.75,30.87,7170,0.5908,4140,-306,-11952,103,320,106,0,0,0
16847,31.75,30.87,5921,0.8433,4058,-538,-12054,126,329,79,0,0,0
16867,31.75,30.87,7264,0.6135,3984,-466,-11780,102,324,81,0,0,0
16909,31.75,30.87,3543,0.5046,3984,-466,-11780,102,324,81,0,0,0
16930,31.75,30.87,6999,0.4739,4300,-238,-11954,88,375,96,0,0,0
16972,31.75,30.87,1500,0.2136,4300,-238,-11954,88,375,96,0,0,0
17017,31.75,30.87,5365,0.7641,4020,-452,-12130,106,328,98,0,0,0
17077,31.75,30.87,7992,0.5122,3954,-244,-11916,100,338,100,0,0,0
17097,31.75,30.87,6788,0.4758,4284,-374,-11254,92,349,84,0,0,0
17139,31.75,30.87,3588,0.511,4284,-374,-11254,92,349,84,0,0,0
17159,31.75,30.87,8246,0.5167,4100,-304,-11648,104,328,86,0,0,0
17245,31.75,30.87,55,0.0078,4172,-394,-11958,70,364,98,0,0,0
17266,31.75,30.87,5948,0.4636,4172,-394,-11958,70,364,98,0,0,0
17318,31.75,30.87,7966,0.6977,4206,-328,-12104,62,388,100,0,0,0
17338,31.75,30.87,8765,0.5832,3934,-340,-11708,101,316,79,0,0,0
17380,31.75,30.87,3561,0.5072,3934,-340,-11708,101,316,79,0,0,0
17425,31.75,30.87,303,0.0432,4354,-564,-11950,79,370,103,0,0,0
17483,31.75,30.87,8781,0.5323,4296,-642,-12004,91,360,104,0,0,0
17504,31.75,30.87,10712,0.6762,4010,-166,-11734,81,327,89,0,0,0
17545,31.75,30.91,4551,0.6482,4010,-166,-11734,81,327,89,0,0,0
17566,31.75,30.91,7820,0.5546,4602,20,-11886,57,392,113,0,0,0
17651,31.75,30.91,6276,0.8938,3664,-624,-12764,128,328,49,0,0,0
17671,31.75,30.91,8239,0.557,3908,-330,-11286,153,315,33,0,0,0
17713,31.75,30.91,537,0.0765,3908,-330,-11286,153,315,33,0,0,0
17733,31.75,30.91,8146,0.5841,4678,-706,-13012,32,424,143,0,0,0
17776,31.75,30.91,2339,0.3331,4678,-706,-13012,32,424,143,0,0,0
17834,31.75,30.91,2497,0.3556,3916,-1054,-10496,77,333,130,0,0,0
17893,31.75,30.91,10063,0.7437,4390,378,-10140,85,357,87,0,0,0
17913,31.75,30.91,9524,0.5293,5108,-512,-14496,-5,451,144,0,0,0
17955,31.75,30.91,4812,0.6853,5108,-512,-14496,-5,451,144,0,0,0
17976,31.75,30.91,8831,0.5396,3876,220,-13232,156,222,19,0,0,0
18061,31.75,30.91,4096,0.5834,4172,-1508,-11392,-3,425,144,0,0,0
18081,31.75,30.87,6921,0.5923,3380,-902,-8922,185,278,69,0,0,0
18124,31.75,30.87,617,0.0879,3380,-902,-8922,185,278,69,0,0,0
18144,31.75,30.87,10001,0.6206,4850,-572,-9914,-103,643,120,0,0,0
18187,31.75,30.87,6062,0.8634,4850,-572,-9914,-103,643,120,0,0,0
18232,31.75,30.87,11508,1.639,4426,-1320,-12578,57,450,98,0,0,0
18291,31.75,30.87,10815,0.742,5010,224,-13376,-26,499,116,0,0,0
18312,31.75,30.87,10112,1.2941,4384,-184,-13970,322,53,75,0,0,0
18367,31.75,30.87,10974,0.6536,4878,-1058,-15812,-96,628,77,0,0,0
18387,31.75,30.87,11237,0.7462,5124,398,-15220,158,228,132,0,0,0
18472,31.75,30.87,9494,1.3522,4688,-714,-14814,-79,597,71,0,0,0
18492,31.75,30.87,11192,0.827,5034,-8,-13584,210,156,156,0,0,0
18535,31.75,30.87,1841,0.2622,5034,-8,-13584,210,156,156,0,0,0
18555,31.75,30.87,12034,0.76,4044,-656,-10718,-46,537,78,0,0,0
18598,31.75,30.81,5545,0.7897,4044,-656,-10718,-46,537,78,0,0,0
18643,31.75,30.81,4524,0.6443,4400,-128,-9116,154,220,136,0,0,0
18701,31.75,30.81,8988,0.583,3460,-374,-8196,125,238,56,0,0,0
18721,31.75,30.81,9920,0.7656,4492,-638,-12138,114,306,139,0,0,0
18763,31.75,30.81,56,0.008,4492,-638,-12138,114,306,139,0,0,0
18783,31.75,30.81,10558,0.6386,4674,-130,-13722,192,221,105,0,0,0
18869,31.75,30.81,6026,0.8582,4844,-442,-13812,-5,500,88,0,0,0
18889,31.75,30.81,7393,0.442,4844,-442,-13812,-5,500,88,0,0,0
18939,31.75,30.81,10817,0.779,4382,-114,-9964,168,190,136,0,0,0
18959,31.75,30.81,10730,0.6409,4102,-342,-13462,38,477,51,0,0,0
19001,31.75,30.81,7836,1.116,4102,-342,-13462,38,477,51,0,0,0
19046,31.75,30.81,9087,1.2942,5688,-368,-15476,105,403,113,0,0,0
19104,31.75,30.81,6988,0.509,5260,-400,-12708,153,225,115,0,0,0
19125,31.75,30.81,6914,0.399,3390,-768,-10652,1,437,43,0,0,0
19167,31.79,30.85,5787,0.8242,3390,-768,-10652,1,437,43,0,0,0
19187,31.79,30.85,9274,0.6082,5156,-144,-15996,161,325,121,0,0,0
19273,31.79,30.85,6023,0.8578,3968,-130,-9074,53,330,79,0,0,0
19293,31.79,30.85,9452,0.551,3466,-524,-11744,8,427,33,0,0,0
19334,31.79,30.85,1694,0.2413,3466,-524,-11744,8,427,33,0,0,0
19355,31.79,30.85,7819,0.5136,5310,-464,-12018,123,310,118,0,0,0
19397,31.79,30.85,7137,1.0165,5310,-464,-12018,123,310,118,0,0,0
19453,31.79,30.85,7115,1.0133,3722,-408,-8846,49,296,86,0,0,0
19512,31.79,30.85,9011,0.6472,5560,-284,-15852,145,376,104,0,0,0
19532,31.79,30.85,8342,0.5018,4430,-292,-8918,78,254,138,0,0,0
19574,31.79,30.85,3778,0.5381,4430,-292,-8918,78,254,138,0,0,0
19594,31.79,30.85,8598,0.5437,4934,-648,-16670,139,427,48,0,0,0
19681,31.79,30.85,2530,0.3603,4210,66,-9784,74,316,91,0,0,0
19702,31.79,30.81,8030,0.6125,5118,-252,-13886,82,322,122,0,0,0
19744,31.79,30.81,4731,0.6738,5118,-252,-13886,82,322,122,0,0,0
19765,31.79,30.81,8008,0.4818,3844,-412,-9878,29,366,59,0,0,0
19806,31.79,30.81,475,0.0677,3844,-412,-9878,29,366,59,0,0,0
19851,31.79,30.81,3537,0.5037,4286,-80,-14188,32,421,46,0,0,0
19910,31.79,30.81,6893,0.4824,4642,-280,-10552,77,197,132,0,0,0
19930,31.79,30.81,2793,0.2533,4642,-280,-10552,77,197,132,0,0,0
19987,31.79,30.81,7011,0.4584,4792,-796,-15416,116,363,86,0,0,0
20007,31.79,30.81,7939,0.5486,4034,236,-12694,32,354,64,0,0,0
20091,31.79,30.81,5877,0.837,5632,-240,-14794,157,346,123,0,0,0
20112,31.79,30.81,8687,0.5458,4726,-688,-14652,87,382,64,0,0,0
20154,31.79,30.81,81,0.0115,4726,-688,-14652,87,382,64,0,0,0
20174,31.79,30.81,6994,0.6056,4568,-334,-12128,90,430,64,0,0,0
20217,31.75,30.85,1810,0.2578,4568,-334,-12128,90,430,64,0,0,0
20262,31.75,30.85,4023,0.573,4444,480,-13524,52,353,65,0,0,0
20321,31.75,30.85,5845,0.45,4832,-492,-10986,123,218,129,0,0,0
20341,31.75,30.85,4546,0.3363,4720,-778,-13980,91,370,80,0,0,0
20384,31.75,30.85,863,0.1229,4720,-778,-13980,91,370,80,0,0,0
20404,31.75,30.85,8383,0.5515,4880,634,-14888,58,373,65,0,0,0
20488,31.75,30.85,5467,0.7786,5414,-202,-13494,123,340,119,0,0,0
20509,31.75,30.85,7631,0.5567,5518,-178,-13390,116,245,128,0,0,0
20558,31.75,30.85,5654,0.4232,5078,-1302,-13670,129,341,96,0,0,0
20578,31.75,30.85,6866,0.3989,3816,-548,-11934,32,386,65,0,0,0
20621,31.75,30.85,4601,0.6553,3816,-548,-11934,32,386,65,0,0,0
20666,31.75,30.85,3080,0.4387,5064,150,-14030,44,421,62,0,0,0
20725,31.75,30.85,5926,0.4341,6006,-722,-14420,160,344,133,0,0,0
20746,31.75,30.85,9026,0.5594,4410,-878,-12654,73,269,102,0,0,0
20789,31.79,30.85,6101,0.8689,4534,-962,-12334,74,448,77,0,0,0
20809,31.79,30.85,7782,0.5862,4570,140,-15610,2,445,61,0,0,0
20894,31.79,30.85,1910,0.272,4896,66,-11736,126,350,90,0,0,0
20914,31.79,30.85,9955,0.5618,5126,-8,-11888,119,196,106,0,0,0
20957,31.79,30.85,7113,1.0131,5126,-8,-11888,119,196,106,0,0,0
20977,31.79,30.85,8147,0.5513,5252,-1226,-12814,118,386,100,0,0,0
21020,31.79,30.85,4463,0.6356,5252,-1226,-12814,118,386,100,0,0,0
21076,31.79,30.85,4261,0.6069,3928,-374,-10428,44,394,84,0,0,0
21134,31.79,30.85,7422,0.5238,4986,-180,-14290,131,409,78,0,0,0
21154,31.79,30.85,8462,0.5074,4642,92,-9964,121,315,100,0,0,0
21197,31.79,30.85,2324,0.331,4642,92,-9964,121,315,100,0,0,0
21217,31.79,30.85,8330,0.5869,5208,-332,-13732,155,315,95,0,0,0
21302,31.75,30.81,788,0.1122,5296,172,-15176,52,326,84,0,0,0
21322,31.75,30.81,8892,0.5563,5212,-796,-14316,89,447,99,0,0,0
21365,31.75,30.81,2479,0.3531,5212,-796,-14316,89,447,99,0,0,0
21385,31.75,30.81,5667,0.3511,5152,80,-16570,28,355,75,0,0,0
21428,31.75,30.81,28,0.004,5152,80,-16570,28,355,75,0,0,0
21472,31.75,30.81,4134,0.5888,5006,-176,-11880,101,449,82,0,0,0
21531,31.75,30.81,6618,0.5306,5076,208,-16634,96,295,92,0,0,0
21552,31.75,30.81,8514,0.594,4388,42,-11696,64,276,85,0,0,0
21601,31.75,30.81,4065,0.3338,4874,-292,-10024,158,333,95,0,0,0
21622,31.75,30.81,9178,0.5631,5568,-238,-16152,118,376,97,0,0,0
21706,31.75,30.81,1610,0.2293,5230,184,-14336,76,292,82,0,0,0
21726,31.75,30.81,6203,0.3658,5240,-752,-14746,115,371,97,0,0,0
21768,31.75,30.81,62,0.0088,5240,-752,-14746,115,371,97,0,0,0
21789,31.75,30.81,10297,0.5804,4940,4,-16600,33,381,72,0,0,0
21831,31.75,30.81,1579,0.2249,3654,-174,-10604,91,298,92,0,0,0
21876,31.75,30.81,970,0.1381,4612,-294,-11562,101,414,85,0,0,0
21934,31.75,30.81,9875,0.5967,5034,32,-16820,80,325,94,0,0,0
21954,31.75,30.81,8015,0.5149,4672,-156,-9322,160,337,104,0,0,0
21997,31.75,30.81,4545,0.6473,4672,-156,-9322,160,337,104,0,0,0
22017,31.75,30.81,9373,0.6522,5544,-402,-15438,106,413,96,0,0,0
22102,31.75,30.81,3198,0.4555,5360,248,-15428,82,262,82,0,0,0
22123,31.75,30.81,7511,0.4931,4852,-504,-9680,121,312,99,0,0,0
22173,31.75,30.81,5280,0.4136,5314,-818,-13292,104,407,90,0,0,0
22193,31.75,30.81,8053,0.5096,3774,-18,-12254,65,271,84,0,0,0
22236,31.75,30.81,352,0.0501,3774,-18,-12254,65,271,84,0,0,0
22281,31.75,30.81,189,0.0269,4346,-314,-10002,108,418,87,0,0,0
22340,31.75,30.81,5245,0.3557,4972,-78,-16206,81,370,100,0,0,0
22360,31.75,30.81,8769,0.5968,4676,16,-9544,142,330,103,0,0,0
22403,31.75,30.81,5217,0.743,4676,16,-9544,142,330,103,0,0,0
22423,31.75,30.81,10200,0.6646,5492,-340,-13394,111,421,86,0,0,0
22508,31.75,30.81,190,0.0271,5628,124,-16480,95,296,85,0,0,0
22528,31.75,30.81,10269,0.6239,5266,-726,-11996,112,345,85,0,0,0
22570,31.75,30.81,5746,0.8184,5266,-726,-11996,112,345,85,0,0,0
22591,31.75,30.81,6244,0.4677,4316,-112,-14240,87,274,79,0,0,0
22633,31.75,30.81,4441,0.6325,4316,-112,-14240,87,274,79,0,0,0
22693,31.75,30.81,2483,0.3536,3842,-316,-9418,88,386,95,0,0,0
22753,31.75,30.81,9775,0.5891,4706,332,-16384,49,328,86,0,0,0
22773,31.75,30.81,7645,0.463,4604,16,-11076,81,316,87,0,0,0
22816,31.75,30.81,622,0.0886,4604,16,-11076,81,316,87,0,0,0
22836,31.75,30.81,5795,0.4105,5828,-176,-16494,85,328,89,0,0,0
22920,31.75,30.77,3828,0.5452,5138,-38,-13458,70,296,79,0,0,0
22940,31.75,30.77,11500,0.5994,4974,-728,-10150,134,346,91,0,0,0
22981,31.75,30.77,2926,0.4167,4974,-728,-10150,134,346,91,0,0,0
23002,31.75,30.77,10612,0.598,4924,86,-16976,47,327,63,0,0,0
23044,31.75,30.77,1128,0.1607,4924,86,-16976,47,327,63,0,0,0
23089,31.75,30.77,143,0.0204,3948,86,-10504,70,348,88,0,0,0
23148,31.75,30.77,7439,0.5724,4744,-336,-12340,141,401,87,0,0,0
23177,31.75,30.77,210,0.0299,5028,220,-17410,70,355,84,0,0,0
23236,31.75,30.77,9232,0.5931,4786,4,-10110,127,402,94,0,0,0
23257,31.75,30.77,10035,0.5723,5786,-106,-15912,124,359,86,0,0,0
23340,31.75,30.77,992,0.1413,5530,244,-15202,80,298,74,0,0,0
23361,31.75,30.77,5544,0.4084,5352,-498,-14122,97,446,75,0,0,0
23402,31.75,30.77,550,0.0783,5352,-498,-14122,97,446,75,0,0,0
23422,31.75,30.77,7473,0.464,5102,-68,-17176,80,299,74,0,0,0
23465,31.75,30.77,315,0.0449,5102,-68,-17176,80,299,74,0,0,0
23510,31.75,30.77,840,0.1196,4102,94,-12866,31,342,59,0,0,0
23569,31.75,30.77,11662,0.6774,5194,-132,-16276,96,373,77,0,0,0
23589,31.75,30.77,11010,0.6309,4414,412,-14866,53,287,74,0,0,0
23632,31.75,30.77,1324,0.1886,4702,98,-9508,96,372,80,0,0,0
23662,31.75,30.77,9762,0.5378,4702,98,-9508,96,372,80,0,0,0
23706,31.75,30.77,2044,0.2911,5850,246,-16990,55,359,70,0,0,0
23749,31.75,30.77,2167,0.3086,5850,246,-16990,55,359,70,0,0,0
23769,31.75,30.77,10243,0.5932,5134,-750,-11956,127,367,88,0,0,0
23812,31.75,30.77,645,0.0919,5134,-750,-11956,127,367,88,0,0,0
23832,31.75,30.77,7959,0.4899,4544,198,-14364,60,315,64,0,0,0
23917,31.73,30.85,5253,0.7481,4094,-280,-9764,103,350,87,0,0,0
23937,31.73,30.85,8596,0.7072,4660,-190,-14094,133,385,80,0,0,0
23980,31.73,30.85,1150,0.1638,4660,-190,-14094,133,385,80,0,0,0
24000,31.73,30.85,10572,0.5233,4606,276,-10924,41,358,70,0,0,0
24043,31.73,30.85,3817,0.5436,4606,276,-10924,41,358,70,0,0,0
24088,31.73,30.85,3133,0.4462,5146,-54,-11672,142,348,95,0,0,0
24147,31.73,30.85,7790,0.4633,6010,-144,-16618,66,395,74,0,0,0
24168,31.73,30.85,9636,0.6435,5116,368,-14390,65,249,75,0,0,0
24216,31.73,30.85,11250,0.8074,5172,-610,-10474,145,376,90,0,0,0
24236,31.73,30.85,6820,0.5159,4900,234,-16434,77,304,63,0,0,0
24321,31.73,30.85,6415,0.9136,3870,230,-10464,67,317,74,0,0,0
24341,31.73,30.85,9028,0.5789,4240,-394,-10534,138,364,89,0,0,0
24384,31.73,30.85,3312,0.4717,4240,-394,-10534,138,364,89,0,0,0
24404,31.73,30.85,8242,0.5008,4296,322,-12832,58,262,73,0,0,0
24445,31.75,30.91,616,0.0877,4296,322,-12832,58,262,73,0,0,0
24490,31.75,30.91,756,0.1077,4906,-74,-9710,130,399,87,0,0,0
24549,31.75,30.91,8387,0.5144,5478,-226,-15510,116,378,88,0,0,0
24569,31.75,30.91,7659,0.6982,4772,-212,-10186,124,272,78,0,0,0
24612,31.75,30.91,895,0.1275,4772,-212,-10186,124,272,78,0,0,0
24632,31.75,30.91,9208,0.5783,5294,86,-17990,21,382,60,0,0,0
24718,31.75,30.91,3502,0.4988,3882,120,-12626,87,241,74,0,0,0
24739,31.75,30.91,1901,0.1848,3882,120,-12626,87,241,74,0,0,0
24791,31.75,30.91,9285,0.6042,4300,-418,-9644,112,375,77,0,0,0
24812,31.75,30.91,6847,0.4102,4610,618,-14676,66,280,60,0,0,0
24853,31.75,30.91,1844,0.2626,4610,618,-14676,66,280,60,0,0,0
24898,31.75,30.91,1722,0.2453,4502,184,-9718,136,349,99,0,0,0
24957,31.75,30.91,8688,0.5171,5538,228,-16848,62,332,77,0,0,0
24977,31.75,30.91,8487,0.5753,5004,-128,-12016,78,302,74,0,0,0
25020,31.73,30.77,3757,0.5351,5004,-128,-12016,78,302,74,0,0,0
25040,31.73,30.77,10785,0.5889,5600,-262,-17640,89,343,80,0,0,0
25125,31.73,30.77,2069,0.2947,4412,240,-15070,57,299,57,0,0,0
25145,31.73,30.77,6989,0.4595,3860,-62,-10458,126,355,77,0,0,0
25188,31.73,30.77,5360,0.7634,3860,-62,-10458,126,355,77,0,0,0
25208,31.73,30.77,7697,0.5375,4550,608,-16114,68,344,63,0,0,0
25251,31.73,30.77,132,0.0188,4550,608,-16114,68,344,63,0,0,0
25309,31.73,30.77,4951,0.7051,4750,182,-10672,81,334,85,0,0,0
25368,31.73,30.77,6518,0.4958,5840,34,-17018,65,365,69,0,0,0
25388,31.73,30.77,5237,0.4048,5234,114,-13684,58,278,77,0,0,0
25431,31.73,30.77,6339,0.9028,5234,114,-13684,58,278,77,0,0,0
25451,31.73,30.77,8946,0.6382,5714,-348,-16450,94,421,86,0,0,0
25535,31.73,30.77,2934,0.4179,4916,390,-16240,74,274,64,0,0,0
25556,31.75,30.77,6930,0.5069,4416,-266,-12008,111,439,84,0,0,0
25598,31.75,30.77,294,0.0419,4416,-266,-12008,111,439,84,0,0,0
25618,31.75,30.77,6182,0.5127,4992,406,-16596,63,344,60,0,0,0
25660,31.75,30.77,7560,1.0767,4992,406,-16596,63,344,60,0,0,0
25705,31.75,30.77,2029,0.289,4346,342,-12236,32,311,64,0,0,0
25764,31.75,30.77,10573,0.5985,5772,62,-15456,131,325,82,0,0,0
25785,31.75,30.77,7911,0.6337,5772,62,-15456,131,325,82,0,0,0
25840,31.75,30.77,4954,0.3411,4862,-536,-10600,103,362,87,0,0,0
25860,31.75,30.77,8105,0.5066,5216,-226,-14424,132,384,80,0,0,0
25945,31.75,30.77,3278,0.4669,5552,132,-17200,47,341,66,0,0,0
25965,31.75,30.77,9667,0.5931,4304,-362,-9204,106,387,76,0,0,0
26008,31.75,30.77,3350,0.4771,4304,-362,-9204,106,387,76,0,0,0
26028,31.75,30.77,9810,0.5716,4550,110,-15376,91,373,75,0,0,0
26071,31.71,30.81,2588,0.3686,4550,110,-15376,91,373,75,0,0,0
26115,31.71,30.81,1201,0.171,4504,380,-9980,119,348,89,0,0,0
26174,31.71,30.81,7738,0.6441,5362,42,-14116,152,372,97,0,0,0
26194,31.71,30.81,9952,0.5189,4716,-100,-11940,77,304,82,0,0,0
26237,31.71,30.81,3338,0.4754,4716,-100,-11940,77,304,82,0,0,0
26257,31.71,30.81,11533,0.6979,5040,-772,-11018,111,403,71,0,0,0
26341,31.71,30.81,4675,0.6658,5082,-446,-16938,90,362,78,0,0,0
26362,31.71,30.81,9040,0.6253,4356,272,-14282,63,287,75,0,0,0
26414,31.71,30.81,5729,0.384,3802,76,-9014,111,347,80,0,0,0
26434,31.71,30.81,8200,0.5432,4486,380,-15722,54,317,76,0,0,0
26477,31.71,30.81,2648,0.3771,4486,380,-15722,54,317,76,0,0,0
26522,31.71,30.81,974,0.1387,4308,248,-10350,66,333,82,0,0,0
26581,31.71,30.81,6781,0.5849,4906,-122,-10856,118,402,91,0,0,0
26601,31.71,30.81,5613,0.4149,5128,156,-13602,60,296,71,0,0,0
26643,31.73,30.77,1572,0.2239,5128,156,-13602,60,296,71,0,0,0
26663,31.73,30.77,7288,0.5143,4762,-832,-10014,145,369,96,0,0,0
26747,31.73,30.77,3077,0.4382,5256,-386,-15766,118,404,87,0,0,0
26767,31.73,30.77,10391,0.7304,3544,60,-10776,70,304,85,0,0,0
26810,31.73,30.77,3696,0.5264,3544,60,-10776,70,304,85,0,0,0
26830,31.73,30.77,10251,0.5449,4482,-210,-11092,92,429,79,0,0,0
26873,31.73,30.77,2006,0.2857,4482,-210,-11092,92,429,79,0,0,0
26928,31.73,30.77,3163,0.4505,4220,206,-12368,82,262,86,0,0,0
26987,31.73,30.77,7487,0.4453,4500,14,-8448,119,378,90,0,0,0
27007,31.73,30.77,6764,0.4531,5284,356,-15728,48,359,79,0,0,0
27050,31.73,30.77,2245,0.3197,5284,356,-15728,48,359,79,0,0,0
27070,31.73,30.77,9787,0.5431,4492,-540,-10140,105,313,86,0,0,0
27155,31.75,30.77,5322,0.758,5262,-78,-17192,80,334,72,0,0,0
27175,31.75,30.77,8414,0.4552,3818,210,-12438,52,280,83,0,0,0
27217,31.75,30.77,3546,0.505,3818,210,-12438,52,280,83,0,0,0
27237,31.75,30.77,7539,0.6373,4242,132,-14736,98,408,87,0,0,0
27278,31.75,30.77,5348,0.7617,4242,132,-14736,98,408,87,0,0,0
27323,31.75,30.77,48,0.0068,4552,496,-14666,67,331,74,0,0,0
27382,31.75,30.77,9088,0.5006,4204,344,-9232,108,335,97,0,0,0
27403,31.75,30.77,4715,0.3785,5132,-264,-12058,118,398,86,0,0,0
27457,31.75,30.77,9528,0.5834,5324,-32,-16132,64,337,83,0,0,0
27477,31.75,30.77,9301,0.5704,4900,-568,-11112,140,396,88,0,0,0
27562,31.75,30.77,3315,0.4721,5308,-578,-16210,116,320,83,0,0,0
27582,31.75,30.77,10732,0.7433,4460,136,-14742,60,319,75,0,0,0
27625,31.75,30.77,3303,0.4704,4460,136,-14742,60,319,75,0,0,0
27645,31.75,30.77,8434,0.5694,4300,-190,-12226,124,413,87,0,0,0
27688,31.79,30.81,970,0.1381,4300,-190,-12226,124,413,87,0,0,0
27733,31.79,30.81,3148,0.4483,4510,272,-16244,54,349,78,0,0,0
27792,31.79,30.81,9304,0.6058,3974,180,-10236,69,251,78,0,0,0
27812,31.79,30.81,8220,0.5051,5362,-94,-15476,73,380,76,0,0,0
27855,31.79,30.81,2452,0.3492,5362,-94,-15476,73,380,76,0,0,0
27875,31.79,30.81,8604,0.4618,5074,290,-14222,87,289,84,0,0,0
27958,31.79,30.81,2363,0.3365,5042,-578,-13838,143,359,87,0,0,0
27979,31.79,30.81,7304,0.6874,5042,-578,-13838,143,359,87,0,0,0
28031,31.79,30.81,5942,0.4054,4708,-4,-16540,41,344,79,0,0,0
28051,31.79,30.81,10131,0.5805,4240,134,-9332,92,409,80,0,0,0
28092,31.79,30.81,1552,0.221,4240,134,-9332,92,409,80,0,0,0
28137,31.79,30.81,2586,0.3683,4612,-4,-15756,74,374,83,0,0,0
28195,31.79,30.81,8752,0.507,4426,162,-8586,125,344,100,0,0,0
28215,31.79,30.81,8019,0.6136,5132,-150,-13094,118,400,87,0,0,0
28257,31.73,30.81,2845,0.4052,5132,-150,-13094,118,400,87,0,0,0
28277,31.73,30.81,7567,0.4588,4546,-318,-10942,94,302,96,0,0,0
28361,31.73,30.81,4502,0.6412,5030,-676,-11794,116,402,82,0,0,0
28381,31.73,30.81,11305,0.6816,5244,-430,-16220,65,347,87,0,0,0
28424,31.73,30.81,1775,0.2528,5244,-430,-16220,65,347,87,0,0,0
28444,31.73,30.81,9233,0.6189,3780,8,-8654,103,352,91,0,0,0
28486,31.73,30.81,887,0.1263,3780,8,-8654,103,352,91,0,0,0
28544,31.73,30.81,2224,0.3167,4390,118,-14342,119,408,87,0,0,0
28602,31.73,30.81,10583,0.6826,4202,236,-9888,92,324,87,0,0,0
28622,31.73,30.81,9740,0.6034,4882,-258,-11146,120,391,94,0,0,0
28666,31.73,30.81,1473,0.2098,4882,-258,-11146,120,391,94,0,0,0
28686,31.73,30.81,10161,0.5305,4864,248,-13182,54,283,80,0,0,0
28771,31.73,30.81,8048,1.1462,4748,-814,-9932,150,341,102,0,0,0
28791,31.73,30.81,11109,0.6534,5118,-598,-15752,117,372,83,0,0,0
28833,31.73,30.81,1797,0.2559,5118,-598,-15752,117,372,83,0,0,0
28853,31.73,30.81,7499,0.5054,3444,-40,-9180,69,369,82,0,0,0
28896,31.73,30.81,1515,0.2158,3444,-40,-9180,69,369,82,0,0,0
28941,31.73,30.81,663,0.0944,4150,-272,-11102,120,400,91,0,0,0
28999,31.73,30.81,7257,0.4664,4074,170,-11562,35,316,81,0,0,0
29020,31.73,30.81,8811,0.5853,4074,170,-11562,35,316,81,0,0,0
29073,31.73,30.81,6095,0.4942,4802,120,-9356,141,358,97,0,0,0
29093,31.73,30.81,11115,0.6251,5138,114,-14916,69,298,74,0,0,0
29178,31.73,30.81,5584,0.7953,4378,-316,-9724,98,335,93,0,0,0
29198,31.73,30.81,10655,0.6777,4916,-342,-16554,33,361,64,0,0,0
29240,31.73,30.81,4231,0.6026,4916,-342,-16554,33,361,64,0,0,0
29261,31.73,30.81,10714,0.6849,3704,46,-11366,75,277,79,0,0,0
29303,31.75,30.73,1131,0.1611,3704,46,-11366,75,277,79,0,0,0
29348,31.75,30.73,989,0.1409,3784,-322,-8994,110,408,85,0,0,0
29406,31.75,30.73,8509,0.4464,4392,500,-13736,52,304,85,0,0,0
29426,31.75,30.73,6856,0.4925,4144,226,-8536,116,344,88,0,0,0
29467,31.75,30.73,698,0.0994,4144,226,-8536,116,344,88,0,0,0
29488,31.75,30.73,6058,0.3981,5246,92,-15880,74,307,88,0,0,0
29572,31.75,30.73,2440,0.3475,4618,-128,-11622,85,271,89,0,0,0
29593,31.75,30.73,6908,0.6163,4618,-128,-11622,85,271,89,0,0,0
29642,31.75,30.73,5971,0.4154,4960,-654,-16190,97,344,75,0,0,0
29662,31.75,30.73,7038,0.4794,4300,84,-13890,53,326,77,0,0,0
29704,31.75,30.73,2600,0.3703,4300,84,-13890,53,326,77,0,0,0
29748,31.75,30.73,1790,0.2549,3488,-156,-8290,99,337,83,0,0,0
29806,31.75,30.73,7553,0.4676,4498,148,-15962,54,350,77,0,0,0
29826,31.75,30.73,6804,0.3906,4104,318,-10484,73,299,87,0,0,0
29868,31.73,30.67,4358,0.6207,4104,318,-10484,73,299,87,0,0,0
29888,31.73,30.67,6589,0.5283,5456,-162,-16394,61,390,83,0,0,0
29972,31.73,30.67,3290,0.4686,5104,140,-14182,63,286,74,0,0,0
29992,31.73,30.67,10912,0.648,4846,-384,-9844,130,350,96,0,0,0
30033,31.73,30.67,2123,0.3024,4846,-384,-9844,130,350,96,0,0,0
30053,31.73,30.67,9162,0.6343,5028,-52,-15942,73,313,85,0,0,0
30095,31.73,30.67,2991,0.426,5028,-52,-15942,73,313,85,0,0,0
30148,31.73,30.67,5143,0.7325,3634,-46,-10424,60,329,83,0,0,0
30207,31.73,30.67,9607,0.604,4466,-96,-16360,82,345,82,0,0,0
30227,31.73,30.67,9284,0.605,4328,408,-12780,69,291,91,0,0,0
30268,31.73,30.67,1760,0.2507,4328,408,-12780,69,291,91,0,0,0
30288,31.73,30.67,7760,0.5938,5316,-178,-14306,120,374,94,0,0,0
30374,31.73,30.67,3247,0.4624,5376,212,-16166,57,345,85,0,0,0
30394,31.73,30.65,10094,0.6547,4640,-58,-11122,89,312,84,0,0,0
30437,31.73,30.65,3098,0.4412,5140,-664,-12460,123,380,91,0,0,0
30457,31.73,30.65,9902,0.5744,5204,-316,-16406,68,332,77,0,0,0
30501,31.73,30.65,4252,0.6056,5204,-316,-16406,68,332,77,0,0,0
30546,31.73,30.65,2448,0.3487,3778,-62,-12424,68,283,89,0,0,0
30604,31.73,30.65,6327,0.4094,4382,56,-14204,117,389,87,0,0,0
30624,31.73,30.65,3387,0.3125,4382,56,-14204,117,389,87,0,0,0
30680,31.73,30.65,10614,0.6735,4172,246,-9618,65,373,83,0,0,0
30700,31.73,30.65,9815,0.5874,4998,-154,-11486,131,382,92,0,0,0
30785,31.73,30.65,5448,0.7759,5498,-114,-16090,71,342,82,0,0,0
30805,31.73,30.65,10204,0.724,4978,-578,-10722,132,353,88,0,0,0
30847,31.73,30.65,2055,0.2927,4978,-578,-10722,132,353,88,0,0,0
30867,31.73,30.65,10881,0.6999,5136,-796,-14922,113,340,87,0,0,0
30910,31.73,30.67,4388,0.625,5136,-796,-14922,113,340,87,0,0,0
30955,31.73,30.67,2997,0.4268,4558,134,-14616,67,325,85,0,0,0
31013,31.73,30.67,4918,0.4077,4450,-340,-11658,101,430,89,0,0,0
31033,31.73,30.67,8246,0.5291,4820,234,-16100,58,352,74,0,0,0
31075,31.73,30.67,3469,0.4941,4820,234,-16100,58,352,74,0,0,0
31095,31.73,30.67,8214,0.5444,4734,-276,-8968,132,359,102,0,0,0
31180,31.73,30.67,1564,0.2227,5390,-274,-14780,120,368,88,0,0,0
31200,31.73,30.67,7360,0.5424,5366,122,-14930,68,317,84,0,0,0
31249,31.73,30.67,7690,0.5283,4626,-454,-10284,121,344,93,0,0,0
31270,31.73,30.67,10841,0.7828,5118,-694,-13166,138,377,89,0,0,0
31312,31.73,30.67,4327,0.6163,5118,-694,-13166,138,377,89,0,0,0
31358,31.73,30.67,4332,0.617,3776,-158,-11104,60,296,77,0,0,0
31417,31.73,30.67,6536,0.4799,4020,-474,-8832,119,370,94,0,0,0
31437,31.73,30.67,6711,0.4438,4534,434,-13822,27,348,75,0,0,0
31479,31.71,30.63,2367,0.3371,4534,434,-13822,27,348,75,0,0,0
31500,31.71,30.63,8333,0.5393,4384,164,-9280,121,341,91,0,0,0
31584,31.71,30.63,6480,0.9229,5300,-206,-12544,120,392,97,0,0,0
31605,31.71,30.63,7972,0.479,5040,-4,-12234,66,301,84,0,0,0
31647,31.71,30.63,3190,0.4543,5040,-4,-12234,66,301,84,0,0,0
31668,31.71,30.63,10554,0.622,4988,-770,-10334,127,363,96,0,0,0
31711,31.71,30.63,4827,0.6875,4988,-770,-10334,127,363,96,0,0,0
31766,31.71,30.63,836,0.1191,4368,-28,-14442,77,280,89,0,0,0
31824,31.71,30.63,8557,0.5314,3936,-222,-9464,105,353,79,0,0,0
31844,31.71,30.63,9497,0.6039,4814,394,-15718,45,336,87,0,0,0
31887,31.71,30.63,1681,0.2394,4814,394,-15718,45,336,87,0,0,0
31907,31.71,30.63,7222,0.415,4192,58,-10946,75,306,79,0,0,0
31991,31.71,30.63,2362,0.3364,4974,-264,-10238,106,410,91,0,0,0
32011,31.71,30.67,9524,0.6652,5296,250,-14422,73,303,92,0,0,0
32053,31.71,30.67,4429,0.6308,5296,250,-14422,73,303,92,0,0,0
32073,31.71,30.67,9270,0.5775,5066,-430,-10592,127,344,91,0,0,0
32116,31.71,30.67,355,0.0506,5066,-430,-10592,127,344,91,0,0,0
32163,31.71,30.67,1289,0.1836,4992,-22,-16650,51,314,76,0,0,0
32222,31.71,30.67,8682,0.5448,3632,-24,-11458,62,343,77,0,0,0
32243,31.71,30.67,7654,0.5675,4488,-418,-11380,129,368,81,0,0,0
32292,31.71,30.67,9914,0.6798,4864,218,-15938,70,353,92,0,0,0
32312,31.71,30.67,10004,0.6094,4418,252,-13650,48,303,84,0,0,0
32397,31.71,30.67,4139,0.5895,5598,-164,-14524,121,376,79,0,0,0
32417,31.71,30.67,8723,0.5932,5756,308,-15994,83,314,86,0,0,0
32460,31.71,30.67,4272,0.6084,5756,308,-15994,83,314,86,0,0,0
32480,31.71,30.67,8164,0.5858,5294,-694,-12198,129,367,90,0,0,0
32523,31.71,30.71,651,0.0927,5294,-694,-12198,129,367,90,0,0,0
32568,31.71,30.71,329,0.0469,5144,-494,-16142,82,316,76,0,0,0
32627,31.71,30.71,9810,0.6735,4058,236,-13738,69,301,91,0,0,0
32647,31.71,30.71,7360,0.4615,4776,-62,-14794,123,377,87,0,0,0
32690,31.71,30.71,78,0.0111,4776,-62,-14794,123,377,87,0,0,0
32710,31.71,30.71,7795,0.5013,4864,656,-15694,58,325,71,0,0,0
32794,31.71,30.71,3811,0.5428,4172,58,-9386,79,339,101,0,0,0
32815,31.71,30.71,8263,0.6293,5234,-194,-11076,115,402,78,0,0,0
32865,31.71,30.71,6610,0.4525,5490,14,-15774,59,346,84,0,0,0
32885,31.71,30.71,9398,0.5148,5098,-760,-10622,157,344,97,0,0,0
32927,31.71,30.71,1146,0.1632,5098,-760,-10622,157,344,97,0,0,0
32972,31.71,30.71,629,0.0896,5296,-794,-16286,113,338,94,0,0,0
33031,31.71,30.71,9974,0.5065,4822,342,-15308,67,329,73,0,0,0
33051,31.71,30.71,8277,0.4584,4690,-202,-11988,122,410,83,0,0,0
33094,31.71,30.71,384,0.0547,4690,-202,-11988,122,410,83,0,0,0
33114,31.71,30.71,5369,0.2932,4902,356,-16796,47,351,82,0,0,0
33199,31.71,30.71,4552,0.6483,4890,-144,-10050,130,372,96,0,0,0
33219,31.71,30.71,8739,0.5605,5634,-458,-15164,102,360,87,0,0,0
33262,31.71,30.71,86,0.0122,5634,-458,-15164,102,360,87,0,0,0
33282,31.71,30.71,7128,0.4799,4806,-462,-10204,113,329,103,0,0,0
33324,31.71,30.71,4642,0.6611,4806,-462,-10204,113,329,103,0,0,0
33382,31.71,30.71,1400,0.1994,5290,-462,-14160,123,379,78,0,0,0
33441,31.71,30.71,11826,0.6075,4038,-30,-12156,81,269,75,0,0,0
33462,31.71,30.71,5929,0.4457,4148,-486,-9752,125,365,91,0,0,0
33504,31.71,30.71,3851,0.5485,4148,-486,-9752,125,365,91,0,0,0
33524,31.71,30.71,9060,0.6576,4720,638,-14320,61,300,77,0,0,0
33608,31.71,30.71,4250,0.6053,4216,42,-9642,106,347,93,0,0,0
33628,31.71,30.71,8189,0.5379,5414,-188,-13520,114,412,90,0,0,0
33671,31.71,30.71,428,0.061,5414,-188,-13520,114,412,90,0,0,0
33691,31.71,30.71,8072,0.5042,4920,78,-11564,81,311,84,0,0,0
33734,31.71,30.71,558,0.0795,4920,78,-11564,81,311,84,0,0,0
33778,31.71,30.71,909,0.1295,5160,-766,-11044,119,350,95,0,0,0
33836,31.71,30.71,10646,0.5725,5316,-468,-17224,82,361,77,0,0,0
33857,31.71,30.71,4966,0.4083,4496,162,-14836,55,289,69,0,0,0
33913,31.71,30.71,9290,0.6313,3996,-76,-9526,105,355,91,0,0,0
33933,31.71,30.71,11811,0.7282,4726,582,-16176,50,339,80,0,0,0
34018,31.71,30.71,4312,0.6141,4396,234,-10818,71,316,86,0,0,0
34038,31.71,30.71,8452,0.5909,5904,-26,-17186,56,363,86,0,0,0
34081,31.71,30.71,2935,0.418,5904,-26,-17186,56,363,86,0,0,0
34101,31.71,30.71,7907,0.4768,5442,436,-14478,44,328,73,0,0,0
34144,31.71,30.71,2864,0.4079,5442,436,-14478,44,328,73,0,0,0
34188,31.71,30.71,2455,0.3496,5088,-632,-10548,143,335,99,0,0,0
34248,31.71,30.71,9770,0.5759,4958,180,-16906,65,318,81,0,0,0
34268,31.71,30.71,9368,0.5938,3820,104,-10134,83,286,84,0,0,0
34311,31.71,30.71,87,0.0124,3820,104,-10134,83,286,84,0,0,0
34331,31.71,30.71,7582,0.4645,4956,174,-17506,63,375,77,0,0,0
34415,31.71,30.71,6498,0.9255,4612,702,-12858,63,286,81,0,0,0
34435,31.71,30.71,6400,0.7261,4612,702,-12858,63,286,81,0,0,0
34492,31.71,30.71,10514,0.6422,5608,-422,-15430,122,355,83,0,0,0
34513,31.71,30.71,8638,0.5418,5560,508,-16512,29,407,81,0,0,0
34555,31.71,30.71,879,0.1252,5560,508,-16512,29,407,81,0,0,0
34600,31.71,30.71,895,0.1275,5448,-554,-13712,135,378,85,0,0,0
34660,31.71,30.71,8359,0.5973,5622,90,-17772,53,345,86,0,0,0
34680,31.71,30.71,10963,0.7126,4346,-524,-10146,112,372,94,0,0,0
34723,31.69,30.65,1255,0.1787,4346,-524,-10146,112,372,94,0,0,0
34743,31.69,30.65,9424,0.477,4862,198,-15942,100,397,77,0,0,0
34828,31.69,30.65,5091,0.7251,4718,694,-15174,48,296,80,0,0,0
34848,31.69,30.65,9761,0.6783,5200,-190,-13372,106,440,77,0,0,0
34891,31.69,30.65,505,0.0719,5200,-190,-13372,106,440,77,0,0,0
34911,31.69,30.65,6373,0.5472,5714,-78,-16982,75,328,80,0,0,0
34953,31.69,30.65,536,0.0763,5714,-78,-16982,75,328,80,0,0,0
35006,31.69,30.65,6937,0.988,5282,-702,-11364,131,386,92,0,0,0
35064,31.69,30.65,8905,0.5854,5538,-428,-16314,108,314,90,0,0,0
35085,31.69,30.65,9991,0.5969,4018,-178,-9258,109,336,87,0,0,0
35127,31.69,30.65,820,0.1168,4018,-178,-9258,109,336,87,0,0,0
35148,31.69,30.65,7347,0.5463,4424,-42,-12654,121,423,85,0,0,0
35232,31.73,30.71,4643,0.6613,4814,430,-16674,56,343,84,0,0,0
35252,31.73,30.71,5257,0.351,4940,0,-10496,117,388,93,0,0,0
35294,31.73,30.71,1171,0.1668,4940,0,-10496,117,388,93,0,0,0
35315,31.73,30.71,9441,0.5698,5672,-156,-16024,102,376,85,0,0,0
35357,31.73,30.71,3945,0.5619,5672,-156,-16024,102,376,85,0,0,0
35402,31.73,30.71,868,0.1236,5010,-528,-10434,122,351,106,0,0,0
35460,31.73,30.71,6869,0.3772,5246,-628,-15094,130,359,85,0,0,0
35481,31.73,30.71,5837,0.436,5110,76,-17002,39,341,69,0,0,0
35534,31.73,30.71,8401,0.6056,4016,58,-12370,79,324,80,0,0,0
35554,31.73,30.71,8586,0.5172,4288,-266,-10540,113,360,88,0,0,0
35639,31.73,30.71,2648,0.3771,4892,150,-16612,95,351,93,0,0,0
35659,31.73,30.71,11193,0.6569,4922,236,-9780,126,387,93,0,0,0
35703,31.73,30.71,1030,0.1467,4922,236,-9780,126,387,93,0,0,0
35723,31.73,30.71,10793,0.6559,5596,364,-15942,45,377,78,0,0,0
35766,31.71,30.71,1452,0.2068,5596,364,-15942,45,377,78,0,0,0
35810,31.71,30.71,2795,0.3981,4806,-118,-11360,82,306,83,0,0,0
35870,31.71,30.71,10104,0.6741,5212,-518,-13266,119,380,93,0,0,0
35890,31.71,30.71,10106,0.5759,4378,132,-14494,90,265,84,0,0,0
35932,31.71,30.71,473,0.0674,4378,132,-14494,90,265,84,0,0,0
35953,31.71,30.71,7546,0.5013,4354,-52,-9770,88,379,76,0,0,0
36037,31.71,30.71,2947,0.4197,4498,58,-14794,129,390,92,0,0,0
36058,31.71,30.71,4396,0.3255,4658,678,-15108,67,305,73,0,0,0
36111,31.71,30.71,6453,0.4525,4378,234,-10488,91,328,79,0,0,0
36131,31.71,30.71,9472,0.7461,5686,74,-16740,65,305,88,0,0,0
36174,31.71,30.71,5233,0.7453,5686,74,-16740,65,305,88,0,0,0
36218,31.71,30.71,1190,0.1695,4910,284,-13780,68,302,76,0,0,0
36277,31.71,30.71,8080,0.5306,5186,-498,-10564,132,359,87,0,0,0
36298,31.71,30.71,5378,0.3788,4718,204,-15588,98,263,80,0,0,0
36340,31.71,30.65,1556,0.2216,4718,204,-15588,98,263,80,0,0,0
36360,31.71,30.65,7007,0.4851,4372,-248,-12412,129,400,79,0,0,0
36445,31.71,30.65,917,0.1306,4928,486,-16768,61,359,83,0,0,0
36465,31.71,30.65,7634,0.5329,4234,496,-12634,58,310,85,0,0,0
36508,31.71,30.65,2625,0.3739,4234,496,-12634,58,310,85,0,0,0
36528,31.71,30.65,9731,0.569,5326,-88,-16234,123,357,83,0,0,0
36571,31.71,30.65,4328,0.6164,5326,-88,-16234,123,357,83,0,0,0
36626,31.71,30.65,3215,0.4579,5560,496,-15228,51,332,79,0,0,0
36684,31.71,30.65,8808,0.5397,5364,-508,-14304,125,360,74,0,0,0
36705,31.71,30.65,8620,0.5889,4988,-8,-16668,71,293,90,0,0,0
36749,31.71,30.65,1699,0.242,4988,-8,-16668,71,293,90,0,0,0
36769,31.71,30.65,9054,0.6394,4018,-432,-9234,101,389,79,0,0,0
36854,31.71,30.65,5652,0.805,4334,-20,-15038,96,330,88,0,0,0
36874,31.71,30.79,7104,0.5982,4424,596,-13532,50,333,67,0,0,0
36915,31.71,30.79,5055,0.7199,4424,596,-13532,50,333,67,0,0,0
36936,31.71,30.79,10523,0.7054,5532,96,-13868,106,430,76,0,0,0
36978,31.71,30.79,5118,0.7289,5532,96,-13868,106,430,76,0,0,0
37023,31.71,30.79,437,0.0622,5332,464,-16862,51,351,79,0,0,0
37082,31.71,30.79,8129,0.4898,5016,-438,-12610,120,395,81,0,0,0
37102,31.71,30.79,4730,0.4011,5016,-438,-12610,120,395,81,0,0,0
37161,31.71,30.79,8840,0.6712,4410,248,-14188,78,285,76,0,0,0
37181,31.71,30.79,9105,0.5498,3666,-250,-9330,129,320,80,0,0,0
37265,31.71,30.79,5994,0.8537,4466,70,-13626,114,432,83,0,0,0
37285,31.71,30.79,8895,0.5285,4170,324,-10654,81,337,88,0,0,0
37328,31.71,30.79,818,0.1165,4170,324,-10654,81,337,88,0,0,0
37348,31.71,30.79,5319,0.3436,5120,-70,-11430,105,421,91,0,0,0
37391,31.71,30.71,2239,0.3189,5120,-70,-11430,105,421,91,0,0,0
37435,31.71,30.71,2441,0.3477,5290,-38,-16324,78,321,77,0,0,0
37494,31.71,30.71,8076,0.533,4928,-470,-10414,128,344,89,0,0,0
37514,31.71,30.71,7873,0.468,5446,-660,-15666,130,362,84,0,0,0
37557,31.71,30.71,2290,0.3261,5446,-660,-15666,130,362,84,0,0,0
37577,31.71,30.71,8355,0.4873,3898,244,-10168,97,308,77,0,0,0
37662,31.71,30.71,325,0.0463,4160,-298,-11088,109,413,84,0,0,0
37682,31.71,30.71,3724,0.2863,4544,278,-15832,75,325,80,0,0,0
37737,31.71,30.71,8867,0.6339,4100,458,-11890,71,276,79,0,0,0
37757,31.71,30.71,7045,0.4285,4584,-258,-9708,141,381,95,0,0,0
37799,31.71,30.71,3600,0.5127,4584,-258,-9708,141,381,95,0,0,0
37844,31.71,30.71,3223,0.459,5158,386,-15384,87,300,85,0,0,0
37902,31.71,30.71,8026,0.4908,4780,-332,-10222,99,345,81,0,0,0
37922,31.71,30.71,9564,0.5748,5148,-102,-17628,85,294,82,0,0,0
37965,31.71,30.77,1787,0.2545,5148,-102,-17628,85,294,82,0,0,0
37985,31.71,30.77,7819,0.6253,3726,294,-11848,58,283,64,0,0,0
38070,31.71,30.77,6753,0.9618,3820,-306,-9064,143,364,79,0,0,0
38090,31.71,30.77,9409,0.6032,4488,712,-15520,60,313,80,0,0,0
38132,31.71,30.77,1374,0.1957,4488,712,-15520,60,313,80,0,0,0
38153,31.71,30.77,7519,0.4724,4384,334,-9602,75,375,74,0,0,0
38194,31.71,30.77,4212,0.5999,4384,334,-9602,75,375,74,0,0,0
38247,31.71,30.77,9254,1.318,5418,24,-16462,51,325,79,0,0,0
38306,31.71,30.77,9719,0.6271,4712,288,-12678,63,293,81,0,0,0
38326,31.71,30.77,9873,0.6105,5234,-512,-16332,120,342,85,0,0,0
38369,31.71,30.77,1730,0.2464,5234,-512,-16332,120,342,85,0,0,0
38389,31.71,30.77,8656,0.5241,4670,366,-15304,85,290,79,0,0,0
38474,31.71,30.71,6869,0.9783,3648,94,-9454,99,321,80,0,0,0
38494,31.71,30.71,8916,0.5534,4336,346,-15946,67,329,88,0,0,0
38537,31.71,30.71,875,0.1246,4336,346,-15946,67,329,88,0,0,0
38557,31.71,30.71,8699,0.743,4324,544,-11876,38,329,76,0,0,0
38598,31.71,30.71,1302,0.1854,4324,544,-11876,38,329,76,0,0,0
38643,31.71,30.71,32,0.0046,5480,-146,-15698,103,366,91,0,0,0
38702,31.71,30.71,9368,0.5574,5178,334,-14814,59,323,79,0,0,0
38723,31.71,30.71,3442,0.2554,4572,-324,-10376,112,346,87,0,0,0
38774,31.71,30.71,6204,0.5543,5230,-584,-14112,115,419,92,0,0,0
38795,31.71,30.71,8761,0.6255,5058,68,-17236,58,332,88,0,0,0
38880,31.71,30.71,4419,0.6294,3764,222,-11658,70,280,87,0,0,0
38900,31.71,30.71,8587,0.5353,4384,16,-15088,108,396,87,0,0,0
38942,31.71,30.71,138,0.0197,4384,16,-15088,108,396,87,0,0,0
38962,31.71,30.71,7808,0.5166,4548,578,-14292,66,298,79,0,0,0
39003,31.67,30.63,3323,0.4733,4208,432,-8998,125,325,99,0,0,0
39048,31.67,30.63,1130,0.1609,5164,-132,-12230,119,405,84,0,0,0
39107,31.67,30.63,8794,0.5905,5108,90,-16070,55,328,90,0,0,0
39127,31.67,30.63,7866,0.4735,4948,-470,-10722,116,392,93,0,0,0
39169,31.67,30.63,3189,0.4542,4948,-470,-10722,116,392,93,0,0,0
39189,31.67,30.63,6463,0.4043,5294,-462,-16582,110,373,94,0,0,0
39274,31.67,30.63,2151,0.3064,4610,466,-15462,60,305,68,0,0,0
39295,31.67,30.63,6902,0.489,3774,12,-9556,112,306,97,0,0,0
39346,31.67,30.63,4284,0.2906,4298,-192,-12078,115,409,77,0,0,0
39367,31.67,30.63,5808,0.4007,4108,440,-11744,83,283,89,0,0,0
39408,31.67,30.63,1026,0.1461,4108,440,-11744,83,283,89,0,0,0
39453,31.67,30.63,1183,0.1685,4764,-202,-9574,125,377,91,0,0,0
39512,31.67,30.63,10308,0.6679,5246,-132,-15280,115,383,93,0,0,0
39532,31.67,30.63,11986,0.6503,4420,-162,-10810,109,317,96,0,0,0
39574,31.67,30.63,1133,0.1614,4420,-162,-10810,109,317,96,0,0,0
39595,31.67,30.63,8172,0.5224,5234,-650,-13606,118,413,92,0,0,0
39679,31.67,30.63,6421,0.9145,4954,-98,-16168,61,327,84,0,0,0
39699,31.67,30.63,8244,0.635,4138,-186,-8544,99,357,89,0,0,0
39742,31.67,30.63,2025,0.2884,4138,-186,-8544,99,357,89,0,0,0
39762,31.67,30.63,8135,0.5021,4486,-146,-14672,113,361,91,0,0,0
39804,31.67,30.63,3618,0.5153,4310,682,-14430,65,326,79,0,0,0
39856,31.67,30.63,780,0.1111,4176,180,-9334,109,348,94,0,0,0
39916,31.67,30.63,8670,0.563,5050,-84,-12088,104,410,87,0,0,0
39936,31.67,30.63,6813,0.4352,4670,188,-11786,71,285,89,0,0,0
39977,31.67,30.63,880,0.1253,4670,188,-11786,71,285,89,0,0,0
39998,31.67,30.63,7729,0.5116,4982,-618,-10074,156,348,101,0,0,0
40081,31.67,30.63,1863,0.2653,5128,-510,-15820,94,397,97,0,0,0
40102,31.67,30.59,11096,0.6111,3642,90,-9504,85,355,86,0,0,0
40144,31.67,30.59,2651,0.3776,3642,90,-9504,85,355,86,0,0,0
40164,31.67,30.59,11827,0.7515,4708,406,-15762,58,350,73,0,0,0
40207,31.67,30.59,1803,0.2568,4708,406,-15762,58,350,73,0,0,0
40251,31.67,30.59,1243,0.177,4196,248,-11784,55,336,92,0,0,0
40310,31.67,30.59,8293,0.5635,4838,-80,-10118,111,391,94,0,0,0
40331,31.67,30.59,2370,0.2574,5402,-158,-15286,98,366,94,0,0,0
40386,31.67,30.59,10433,0.6659,5458,468,-15668,99,294,83,0,0,0
40406,31.67,30.59,10073,0.589,5224,-656,-13830,123,386,96,0,0,0
40492,31.67,30.59,2936,0.4182,5062,-214,-16506,60,317,80,0,0,0
40512,31.67,30.59,8990,0.6012,3700,138,-11736,66,282,89,0,0,0
40555,31.67,30.59,5910,0.8417,3700,138,-11736,66,282,89,0,0,0
40575,31.67,30.59,10651,0.5739,4220,-20,-14822,103,386,90,0,0,0
40617,31.67,30.63,1367,0.1947,4220,-20,-14822,103,386,90,0,0,0
40662,31.67,30.63,1950,0.2777,4278,508,-14416,50,334,84,0,0,0
40721,31.67,30.63,10795,0.5397,4172,222,-8502,105,343,92,0,0,0
40742,31.67,30.63,10278,0.5364,5306,-88,-15786,75,313,78,0,0,0
40784,31.67,30.63,2334,0.3324,5306,-88,-15786,75,313,78,0,0,0
40804,31.67,30.63,8813,0.5582,4966,-750,-10360,125,361,101,0,0,0
40889,31.67,30.63,4504,0.6415,5196,-568,-15762,111,364,91,0,0,0
40910,31.67,30.63,6070,0.4409,5196,-568,-15762,111,364,91,0,0,0
40962,31.67,30.63,5772,0.4387,4462,-28,-14852,60,305,80,0,0,0
40982,31.67,30.63,8312,0.5825,4180,-362,-11218,123,398,95,0,0,0
41024,31.67,30.63,671,0.0956,4180,-362,-11218,123,398,95,0,0,0
41069,31.67,30.63,2344,0.3338,4640,400,-15548,53,331,76,0,0,0
41128,31.67,30.63,10573,0.5535,5140,-26,-9592,135,382,91,0,0,0
41149,31.67,30.63,8085,0.6267,5290,-268,-15404,92,373,95,0,0,0
41191,31.65,30.59,4032,0.5742,5290,-268,-15404,92,373,95,0,0,0
41211,31.65,30.59,10107,0.6181,4636,-486,-9842,102,349,95,0,0,0
41296,31.65,30.59,3356,0.478,4930,-730,-13642,124,374,87,0,0,0
41316,31.65,30.59,9368,0.5735,5172,-10,-16716,59,319,83,0,0,0
41359,31.65,30.59,5334,0.7597,5172,-10,-16716,59,319,83,0,0,0
41379,31.65,30.59,11619,0.5603,4082,-308,-9106,127,380,89,0,0,0
41422,31.65,30.59,886,0.1262,4082,-308,-9106,127,380,89,0,0,0
41477,31.65,30.59,4064,0.5788,4204,-50,-15168,95,400,86,0,0,0
41536,31.65,30.59,10579,0.7823,4062,320,-8654,88,371,91,0,0,0
41557,31.65,30.59,10912,0.6625,5028,-204,-12798,113,416,87,0,0,0
41598,31.65,30.59,3276,0.4666,5028,-204,-12798,113,416,87,0,0,0
41619,31.65,30.59,11169,0.6113,4730,-74,-11626,81,284,95,0,0,0
41702,31.67,30.63,552,0.0786,5054,-662,-11530,123,370,86,0,0,0
41722,31.67,30.63,6957,0.4357,5232,-670,-16740,93,353,91,0,0,0
41765,31.67,30.63,1536,0.2188,4688,326,-15290,66,302,76,0,0,0
41785,31.67,30.63,8532,0.5746,3638,246,-9016,114,340,94,0,0,0
41827,31.67,30.63,739,0.1053,3638,246,-9016,114,340,94,0,0,0
41871,31.67,30.63,1062,0.1513,4348,-136,-12762,135,393,94,0,0,0
41929,31.67,30.63,9118,0.5696,3982,254,-11222,63,270,93,0,0,0
41950,31.67,30.63,6687,0.494,3982,254,-11222,63,270,93,0,0,0
42000,31.67,30.63,6962,0.4926,4848,-278,-10072,107,420,89,0,0,0
42020,31.67,30.63,9185,0.6879,5008,300,-14036,101,270,98,0,0,0
42104,31.67,30.63,8285,1.18,4606,-624,-9226,124,356,85,0,0,0
42124,31.67,30.63,8998,0.6227,5084,-816,-13572,118,396,84,0,0,0
42166,31.67,30.63,277,0.0395,5068,-146,-15980,65,304,87,0,0,0
42186,31.67,30.63,6275,0.5197,3328,180,-10766,66,297,78,0,0,0
42229,31.67,30.67,2655,0.3781,3328,180,-10766,66,297,78,0,0,0
42274,31.67,30.67,2469,0.3516,4002,-382,-8712,135,362,97,0,0,0
42333,31.67,30.67,10020,0.5447,4390,358,-12884,54,340,87,0,0,0
42353,31.67,30.67,7876,0.4274,4110,-32,-8422,115,350,96,0,0,0
42396,31.67,30.67,1230,0.1752,4110,-32,-8422,115,350,96,0,0,0
42416,31.67,30.67,8422,0.5671,5504,244,-15688,41,380,86,0,0,0
42501,31.67,30.67,2290,0.3261,4708,-86,-11450,75,288,86,0,0,0
42522,31.67,30.67,6302,0.3852,4708,-86,-11450,75,288,86,0,0,0
42574,31.67,30.67,9113,0.5934,5170,-728,-15616,115,302,97,0,0,0
42594,31.67,30.67,9694,0.5775,4202,206,-13418,60,278,68,0,0,0
42637,31.67,30.67,174,0.0248,4202,206,-13418,60,278,68,0,0,0
42681,31.67,30.67,701,0.0998,3458,-246,-8298,107,365,90,0,0,0
42741,31.67,30.67,10125,0.6145,4794,474,-16494,37,367,76,0,0,0
42761,31.67,30.67,8285,0.4743,4260,218,-11336,72,302,88,0,0,0
42803,31.67,30.65,2095,0.2984,4260,218,-11336,72,302,88,0,0,0
42823,31.67,30.65,9532,0.5656,5134,-206,-15542,104,323,87,0,0,0
42907,31.67,30.65,7279,1.0367,5332,258,-14460,83,327,87,0,0,0
42927,31.67,30.65,10253,0.6164,5232,-736,-13980,152,344,87,0,0,0
42970,31.67,30.65,1041,0.1483,5232,-736,-13980,152,344,87,0,0,0
42990,31.67,30.65,10434,0.5999,4738,-114,-15822,50,314,71,0,0,0
43033,31.67,30.65,894,0.1273,4738,-114,-15822,50,314,71,0,0,0
43086,31.67,30.65,4996,0.7115,4226,-532,-9638,129,398,84,0,0,0
43144,31.67,30.65,8057,0.5367,4416,-150,-15426,83,361,76,0,0,0
43164,31.67,30.65,8828,0.5215,4282,420,-13270,44,307,74,0,0,0
43205,31.67,30.65,1035,0.1474,4236,98,-9644,130,354,100,0,0,0
43226,31.67,30.65,10651,0.5602,5246,-396,-13570,91,446,84,0,0,0
43310,31.67,30.65,8185,1.1657,5548,254,-16580,54,335,76,0,0,0
43330,31.65,30.65,6063,0.5373,5072,-594,-11602,119,379,81,0,0,0
43372,31.65,30.65,5227,0.7444,5072,-594,-11602,119,379,81,0,0,0
43392,31.65,30.65,9657,0.6519,5344,-362,-16788,69,355,80,0,0,0
43435,31.65,30.65,3798,0.5409,5344,-362,-16788,69,355,80,0,0,0
43480,31.65,30.65,4363,0.6214,4392,118,-13862,67,280,68,0,0,0
43538,31.65,30.65,5143,0.3513,4602,2,-13574,147,398,82,0,0,0
43559,31.65,30.65,2619,0.2589,4602,2,-13574,147,398,82,0,0,0
43614,31.65,30.65,9502,0.634,4334,106,-10480,58,323,65,0,0,0
43634,31.65,30.65,7693,0.4314,5024,-306,-11110,143,387,86,0,0,0
43718,31.65,30.65,7333,1.0444,5688,-92,-15886,56,347,75,0,0,0
43738,31.65,30.65,9958,0.5816,4800,-674,-9728,145,334,103,0,0,0
43780,31.65,30.65,2455,0.3496,4800,-674,-9728,145,334,103,0,0,0
43800,31.65,30.65,9891,0.6134,5290,-618,-14446,135,355,83,0,0,0
43843,31.63,30.67,2316,0.3299,5290,-618,-14446,135,355,83,0,0,0
43888,31.63,30.67,676,0.0963,3756,-254,-10052,91,296,72,0,0,0
43947,31.63,30.67,8782,0.5847,4062,-468,-10192,89,422,77,0,0,0
43967,31.63,30.67,9735,0.6166,4250,266,-13010,54,312,74,0,0,0
44009,31.63,30.67,2478,0.3529,4250,266,-13010,54,312,74,0,0,0
44029,31.63,30.67,8692,0.4775,4712,134,-8526,135,356,91,0,0,0
44114,31.63,30.67,5163,0.7353,5188,-82,-14032,105,434,84,0,0,0
44134,31.63,30.67,7746,0.5996,5526,452,-17274,62,351,74,0,0,0
44184,31.63,30.67,5114,0.3848,4876,-146,-11336,94,293,80,0,0,0
44204,31.63,30.67,9720,0.6336,5092,-544,-11672,129,355,87,0,0,0
44247,31.63,30.67,174,0.0248,5348,-214,-16842,71,341,82,0,0,0
44292,31.63,30.67,460,0.0655,4196,-52,-13428,91,268,75,0,0,0
44351,31.63,30.67,8599,0.4997,3932,-240,-8572,99,352,89,0,0,0
44371,31.63,30.67,6985,0.4139,4752,422,-15990,63,331,79,0,0,0
44414,31.63,30.65,1446,0.2059,4752,422,-15990,63,331,79,0,0,0
44434,31.63,30.65,7336,0.4365,4328,240,-10326,59,329,71,0,0,0
44519,31.63,30.65,6546,0.9323,5062,-206,-10858,108,401,93,0,0,0
44539,31.63,30.65,8267,0.5344,5192,244,-14092,85,330,76,0,0,0
44580,31.63,30.65,2856,0.4068,5192,244,-14092,85,330,76,0,0,0
44601,31.63,30.65,10857,0.6125,5182,-486,-10484,128,345,104,0,0,0
44642,31.63,30.65,4491,0.6396,5182,-486,-10484,128,345,104,0,0,0
44695,31.63,30.65,1766,0.2515,4932,198,-15994,62,313,71,0,0,0
44754,31.63,30.65,8247,0.4646,3846,-224,-10232,88,315,92,0,0,0
44775,31.63,30.65,8306,0.4468,4714,164,-15898,57,372,77,0,0,0
44817,31.63,30.65,1575,0.2243,4714,164,-15898,57,372,77,0,0,0
44837,31.63,30.65,5911,0.5019,4392,380,-12836,60,268,84,0,0,0
44922,31.63,30.65,4495,0.6402,4802,138,-9458,120,374,93,0,0,0
44942,31.63,30.65,8395,0.6685,5740,142,-16780,67,372,81,0,0,0
44985,31.63,30.65,3571,0.5086,5740,142,-16780,67,372,81,0,0,0
45005,31.63,30.65,10906,0.6594,5002,50,-11124,98,311,88,0,0,0
45047,31.63,30.65,5573,0.7937,5258,-442,-12462,123,365,82,0,0,0
45091,31.63,30.65,183,0.0261,5600,-298,-17200,67,317,86,0,0,0
45150,31.63,30.65,9156,0.648,4304,232,-13890,67,293,68,0,0,0
45171,31.63,30.65,4920,0.3616,4062,-362,-9108,129,349,100,0,0,0
45225,31.63,30.65,7720,0.5912,4658,-132,-13666,140,397,84,0,0,0
45245,31.63,30.65,8979,0.5152,4796,626,-15954,54,345,81,0,0,0
45329,31.63,30.65,4491,0.6396,5122,26,-11432,103,436,92,0,0,0
45349,31.63,30.65,11019,0.6162,5816,338,-16898,57,365,76,0,0,0
45391,31.63,30.65,2360,0.3361,5816,338,-16898,57,365,76,0,0,0
45411,31.63,30.65,8057,0.5754,5232,-466,-10154,132,359,82,0,0,0
45454,31.63,30.73,4116,0.5862,5232,-466,-10154,132,359,82,0,0,0
45498,31.63,30.73,2632,0.3749,5648,-420,-16072,127,360,86,0,0,0
45556,31.63,30.73,7404,0.4433,5092,76,-16710,68,297,70,0,0,0
45577,31.63,30.73,8101,0.5159,4484,-156,-11456,134,363,91,0,0,0
45619,31.63,30.73,1509,0.2149,4484,-156,-11456,134,363,91,0,0,0
45639,31.63,30.73,7707,0.4975,5018,48,-15832,68,349,78,0,0,0
45725,31.63,30.73,2365,0.3368,4464,502,-12794,51,323,70,0,0,0
45746,31.63,30.73,5296,0.5979,4734,-76,-9756,132,366,97,0,0,0
45803,31.63,30.73,7131,0.4849,5256,-158,-15154,132,359,80,0,0,0
45823,31.63,30.73,8480,0.525,5102,-36,-11558,104,336,89,0,0,0
45865,31.63,30.73,2500,0.3561,5102,-36,-11558,104,336,89,0,0,0
45910,31.63,30.73,2090,0.2977,5438,-626,-13358,115,386,82,0,0,0
45968,31.63,30.73,11130,0.7446,4092,92,-13660,64,277,68,0,0,0
45989,31.63,30.73,6810,0.5455,4276,-342,-9204,133,345,92,0,0,0
46031,31.67,30.81,826,0.1176,4276,-342,-9204,133,345,92,0,0,0
46051,31.67,30.81,8883,0.5702,4868,590,-15058,54,330,75,0,0,0
46137,31.67,30.81,626,0.0892,4414,434,-10494,101,335,89,0,0,0
46157,31.67,30.81,9859,0.5966,5340,86,-13246,96,438,80,0,0,0
46200,31.67,30.81,719,0.1024,5340,86,-13246,96,438,80,0,0,0
46220,31.67,30.81,10346,0.6098,5344,216,-14026,95,255,81,0,0,0
46263,31.67,30.81,1291,0.1839,5344,216,-14026,95,255,81,0,0,0
46315,31.67,30.81,7354,1.0474,5258,-474,-10844,134,346,93,0,0,0
46374,31.67,30.81,7820,0.6055,4862,186,-16498,80,316,71,0,0,0
46395,31.67,30.81,8079,0.5568,3754,96,-10068,104,297,77,0,0,0
46437,31.67,30.81,3963,0.5644,3754,96,-10068,104,297,77,0,0,0
46457,31.67,30.81,7528,0.4503,4934,436,-17344,80,333,74,0,0,0
46542,31.65,30.77,2561,0.3647,4440,414,-11846,18,327,74,0,0,0
46562,31.65,30.77,9950,0.615,4816,18,-10032,136,368,87,0,0,0
46604,31.65,30.77,5105,0.7271,4816,18,-10032,136,368,87,0,0,0
46624,31.65,30.77,9713,0.651,5602,478,-15308,83,291,89,0,0,0
46667,31.65,30.77,1080,0.1538,5602,478,-15308,83,291,89,0,0,0
46711,31.65,30.77,1380,0.1965,4994,-120,-10714,117,340,77,0,0,0
46770,31.65,30.77,8275,0.4998,5530,84,-17612,46,335,69,0,0,0
46791,31.65,30.77,5227,0.3279,5530,84,-17612,46,335,69,0,0,0
46842,31.65,30.77,8953,0.7254,4322,188,-13172,80,269,75,0,0,0
46862,31.65,30.77,9193,0.5828,4788,70,-14894,124,372,88,0,0,0
46947,31.65,30.77,344,0.049,4564,774,-15418,54,328,71,0,0,0
46967,31.65,30.77,8725,0.5467,4456,246,-10428,124,318,90,0,0,0
47009,31.65,30.77,3332,0.4746,5492,-2,-13364,113,415,79,0,0,0
47030,31.65,30.77,8302,0.5554,5950,238,-17376,72,318,81,0,0,0
47072,31.67,30.73,97,0.0138,5950,238,-17376,72,318,81,0,0,0
47117,31.67,30.73,141,0.0201,5224,70,-13512,87,291,82,0,0,0
47176,31.67,30.73,8492,0.4854,5576,-232,-16776,86,378,89,0,0,0
47196,31.67,30.73,10035,0.5436,5008,506,-15938,68,297,62,0,0,0
47238,31.67,30.73,3858,0.5495,5008,506,-15938,68,297,62,0,0,0
47258,31.67,30.73,9423,0.6195,4630,-154,-12312,137,346,79,0,0,0
47343,31.67,30.73,6124,0.8722,4800,606,-17194,64,348,72,0,0,0
47363,31.67,30.73,9655,0.7818,4800,606,-17194,64,348,72,0,0,0
47415,31.67,30.73,5194,0.4771,4896,186,-10380,125,391,83,0,0,0
47435,31.67,30.73,6801,0.4853,5742,2,-15700,106,356,88,0,0,0
47477,31.67,30.73,1164,0.1658,5742,2,-15700,106,356,88,0,0,0
47522,31.67,30.73,2396,0.3412,5502,572,-16168,82,321,86,0,0,0
47581,31.67,30.73,11281,0.6084,5348,-524,-13834,116,394,99,0,0,0
47601,31.67,30.73,9305,0.5823,5488,116,-17978,57,337,63,0,0,0
47644,31.61,30.71,3075,0.4379,5488,116,-17978,57,337,63,0,0,0
47664,31.61,30.71,7496,0.5421,4454,-298,-10220,121,349,95,0,0,0
47749,31.61,30.71,5348,0.7617,4808,228,-15614,120,362,71,0,0,0
47769,31.61,30.71,9922,0.5666,4548,254,-10466,125,320,77,0,0,0
47811,31.61,30.71,3585,0.5106,4548,254,-10466,125,320,77,0,0,0
47832,31.61,30.71,7697,0.595,5308,-64,-13434,107,438,92,0,0,0
47874,31.61,30.71,2022,0.288,5308,-64,-13434,107,438,92,0,0,0
47930,31.61,30.71,3919,0.5582,5092,200,-13036,71,299,77,0,0,0
47989,31.61,30.71,8653,0.5795,5268,-630,-11218,119,385,98,0,0,0
48009,31.61,30.71,6807,0.5614,4708,486,-15810,76,306,76,0,0,0
48052,31.61,30.71,383,0.0545,4708,486,-15810,76,306,76,0,0,0
48072,31.61,30.71,7710,0.4375,3926,22,-9708,104,286,86,0,0,0
48157,31.65,30.65,916,0.1305,4248,-206,-12078,122,402,74,0,0,0
48177,31.65,30.65,10204,0.6533,4322,480,-12632,44,331,79,0,0,0
48220,31.65,30.65,3579,0.5097,4322,480,-12632,44,331,79,0,0,0
48240,31.65,30.65,6549,0.4672,4786,-372,-10196,140,359,86,0,0,0
48281,31.65,30.65,141,0.0201,4786,-372,-10196,140,359,86,0,0,0
48326,31.65,30.65,2100,0.2991,5412,106,-14808,116,357,95,0,0,0
48385,31.65,30.65,7377,0.5236,4830,-392,-9954,118,317,100,0,0,0
48406,31.65,30.65,7035,0.5036,4830,-392,-9954,118,317,100,0,0,0
48456,31.65,30.65,6157,0.577,5338,74,-17722,57,338,66,0,0,0
48476,31.65,30.65,10142,0.5884,3880,154,-11886,71,263,79,0,0,0
48561,31.65,30.65,3061,0.436,4232,-126,-9044,104,382,87,0,0,0
48581,31.65,30.65,7175,0.472,4572,808,-14904,62,330,78,0,0,0
48624,31.65,30.65,2119,0.3018,4572,808,-14904,62,330,78,0,0,0
48644,31.65,30.65,7428,0.57,4250,220,-9478,109,348,86,0,0,0
48687,31.63,30.65,1465,0.2086,4250,220,-9478,109,348,86,0,0,0
48731,31.63,30.65,219,0.0312,5434,284,-16528,69,313,82,0,0,0
48789,31.63,30.65,9553,0.5718,4948,272,-12716,65,264,87,0,0,0
48809,31.63,30.65,7718,0.4203,5100,-682,-11164,134,391,83,0,0,0
48851,31.63,30.65,120,0.0171,5484,-346,-16930,115,354,84,0,0,0
48871,31.63,30.65,7873,0.4584,4706,334,-16118,72,289,74,0,0,0
48957,31.63,30.65,2919,0.4157,3880,272,-10268,98,337,82,0,0,0
48978,31.63,30.65,9678,0.6797,4400,-176,-11974,115,394,84,0,0,0
49030,31.63,30.65,3691,0.4134,4848,334,-15924,79,318,84,0,0,0
49051,31.63,30.65,8746,0.5592,4830,56,-9898,124,404,91,0,0,0
49093,31.63,30.65,256,0.0365,4830,56,-9898,124,404,91,0,0,0
49138,31.63,30.65,4642,0.6611,5588,88,-15858,82,391,80,0,0,0
49196,31.63,30.65,9195,0.5816,5192,546,-15522,75,323,72,0,0,0
49216,31.63,30.65,8538,0.4571,5256,-442,-14290,110,371,82,0,0,0
49258,31.63,30.59,4273,0.6086,5256,-442,-14290,110,371,82,0,0,0
49278,31.63,30.59,8307,0.6862,5120,-28,-17420,73,299,79,0,0,0
49362,31.63,30.59,7565,1.0774,3902,248,-12192,78,277,72,0,0,0
49383,31.63,30.59,9822,0.6844,4624,198,-15232,103,374,89,0,0,0
49425,31.63,30.59,681,0.097,4624,198,-15232,103,374,89,0,0,0
49445,31.63,30.59,10045,0.5882,4302,666,-13914,72,294,71,0,0,0
49488,31.63,30.59,1056,0.1504,4302,666,-13914,72,294,71,0,0,0
49545,31.63,30.59,2600,0.3703,5102,182,-12868,118,432,93,0,0,0
49605,31.63,30.59,8888,0.6245,5370,322,-16258,67,324,78,0,0,0
49625,31.63,30.59,9896,0.6207,4900,-542,-10764,120,359,90,0,0,0
49668,31.63,30.59,779,0.1109,4900,-542,-10764,120,359,90,0,0,0
49688,31.63,30.59,9036,0.5472,5204,-464,-16370,98,354,86,0,0,0
49774,31.61,30.63,8366,1.1915,3770,54,-9200,93,355,84,0,0,0
49794,31.61,30.63,10176,0.6401,4552,110,-12480,116,429,91,0,0,0
49835,31.61,30.63,2588,0.3686,4552,110,-12480,116,429,91,0,0,0
49855,31.61,30.63,8975,0.5964,3854,532,-11274,50,335,82,0,0,0
49898,31.61,30.63,2704,0.3851,3854,532,-11274,50,335,82,0,0,0
49942,31.61,30.63,1327,0.189,4966,74,-10516,117,378,95,0,0,0
50001,31.61,30.63,9160,0.5293,5404,-118,-16092,88,344,80,0,0,0
50022,31.61,30.63,6214,0.5593,5176,204,-13862,64,297,81,0,0,0
50074,31.61,30.63,7547,0.5629,4464,-420,-9682,132,351,93,0,0,0
50094,31.61,30.63,9554,0.5671,4992,422,-17024,65,331,74,0,0,0
50178,31.61,30.63,2866,0.4082,3834,288,-11540,75,280,86,0,0,0
50198,31.61,30.63,7057,0.455,4196,-300,-9798,127,341,89,0,0,0
50240,31.61,30.63,2546,0.3626,4196,-300,-9798,127,341,89,0,0,0
50260,31.61,30.63,5661,0.4381,4288,540,-13446,64,308,77,0,0,0
50302,31.61,30.63,182,0.0259,4288,540,-13446,64,308,77,0,0,0
50347,31.61,30.63,2020,0.2877,4548,236,-9930,129,368,89,0,0,0
50406,31.61,30.63,5867,0.4081,4952,-76,-13094,106,414,91,0,0,0
50426,31.61,30.63,9328,0.6098,4476,150,-11138,73,338,90,0,0,0
50471,31.61,30.63,2468,0.3515,4476,150,-11138,73,338,90,0,0,0
50491,31.61,30.63,10742,0.5836,5142,-260,-16628,91,322,84,0,0,0
50576,31.61,30.63,1990,0.2834,4108,106,-12676,83,252,79,0,0,0
50597,31.61,30.63,1164,0.1658,4108,106,-12676,83,252,79,0,0,0
50655,31.61,30.63,11603,0.69,4280,-132,-13122,126,392,86,0,0,0
50675,31.61,30.63,10458,0.6114,4602,392,-15778,59,354,72,0,0,0
50717,31.61,30.63,4460,0.6352,4602,392,-15778,59,354,72,0,0,0
50761,31.61,30.63,3739,0.5325,3738,350,-10488,74,316,88,0,0,0
50821,31.61,30.63,7620,0.4987,5326,52,-16380,67,377,84,0,0,0
50841,31.61,30.63,8789,0.5262,5204,166,-13224,74,284,77,0,0,0
50883,31.61,30.67,1846,0.2629,5204,166,-13224,74,284,77,0,0,0
50904,31.61,30.67,9008,0.5223,5148,-470,-15190,121,379,91,0,0,0
50988,31.61,30.67,1933,0.2753,4990,234,-16260,48,335,81,0,0,0
51008,31.61,30.67,7072,0.4689,3580,78,-10452,88,278,83,0,0,0
51051,31.61,30.67,309,0.044,4240,-188,-10364,109,386,80,0,0,0
51071,31.61,30.67,7927,0.542,4336,288,-16554,69,362,86,0,0,0
51113,31.61,30.67,1490,0.2122,4336,288,-16554,69,362,86,0,0,0
51168,31.61,30.67,7871,1.121,4302,368,-13114,85,274,82,0,0,0
51226,31.61,30.67,9196,0.6766,5334,-22,-13658,101,413,90,0,0,0
51247,31.61,30.67,7554,0.512,5120,500,-15784,48,316,69,0,0,0
51289,31.61,30.67,1659,0.2363,5120,500,-15784,48,316,69,0,0,0
51309,31.61,30.67,6817,0.4197,5222,-632,-12746,140,380,94,0,0,0
51394,31.61,30.67,372,0.053,5052,-226,-16336,71,307,82,0,0,0
51414,31.61,30.73,8251,0.6128,3720,-10,-8002,126,337,85,0,0,0
51456,31.61,30.73,377,0.0537,3720,-10,-8002,126,337,85,0,0,0
51476,31.61,30.73,6939,0.4987,4488,44,-13124,129,385,80,0,0,0
51518,31.61,30.73,948,0.135,4488,44,-13124,129,385,80,0,0,0
51563,31.61,30.73,128,0.0182,4342,746,-15462,74,313,85,0,0,0
51621,31.61,30.73,10228,0.5044,4856,16,-11648,92,410,87,0,0,0
51642,31.61,30.73,2090,0.1965,4856,16,-11648,92,410,87,0,0,0
51696,31.61,30.73,7638,0.5063,4804,192,-13028,59,301,73,0,0,0
51716,31.61,30.73,7290,0.4721,4964,-248,-10708,146,364,96,0,0,0
51800,31.61,30.73,2911,0.4146,5498,-264,-15280,112,352,83,0,0,0
51820,31.61,30.73,11148,0.5399,3878,168,-9858,97,332,89,0,0,0
51862,31.61,30.73,1611,0.2294,3878,168,-9858,97,332,89,0,0,0
51883,31.61,30.73,6553,0.3799,3986,-264,-11400,127,386,81,0,0,0
51924,31.63,30.77,4356,0.6204,3986,-264,-11400,127,386,81,0,0,0
51969,31.63,30.77,1282,0.1826,4580,194,-15726,69,331,81,0,0,0
52028,31.63,30.77,7710,0.5755,4508,-102,-9662,120,364,81,0,0,0
52049,31.63,30.77,10225,0.5729,4794,-182,-14262,141,330,90,0,0,0
52090,31.63,30.77,4957,0.706,4794,-182,-14262,141,330,90,0,0,0
52110,31.63,30.77,9699,0.6868,4400,-460,-9618,96,338,86,0,0,0
52194,31.63,30.77,7018,0.9995,4730,-606,-12536,145,359,91,0,0,0
52215,31.63,30.77,5865,0.4647,4706,-286,-15588,40,333,66,0,0,0
52263,31.63,30.77,11286,0.7464,3814,8,-12226,67,302,76,0,0,0
52284,31.63,30.77,8477,0.5452,4042,-528,-9002,104,375,82,0,0,0
52326,31.63,30.77,3470,0.4942,4042,-528,-9002,104,375,82,0,0,0
52371,31.63,30.77,2891,0.4117,4076,-76,-15014,107,387,72,0,0,0
52430,31.63,30.77,8713,0.5214,3878,280,-9494,115,355,80,0,0,0
52450,31.63,30.77,7006,0.4434,4830,-38,-11570,125,404,88,0,0,0
52493,31.61,30.67,1313,0.187,5420,132,-15792,49,357,82,0,0,0
52513,31.61,30.67,9727,0.6023,4514,94,-11800,88,255,75,0,0,0
52598,31.61,30.67,5514,0.7853,4978,-532,-11242,123,406,89,0,0,0
52618,31.61,30.67,7659,0.5839,4562,196,-14528,70,287,70,0,0,0
52660,31.61,30.67,1660,0.2364,4562,196,-14528,70,287,70,0,0,0
52680,31.61,30.67,5927,0.506,3544,74,-9000,105,334,88,0,0,0
52721,31.61,30.67,606,0.0863,3544,74,-9000,105,334,88,0,0,0
52779,31.61,30.67,4200,0.5982,4424,242,-15746,60,322,74,0,0,0
52837,31.61,30.67,8286,0.4869,4172,258,-11378,69,320,86,0,0,0
52857,31.61,30.67,9208,0.6143,5278,-252,-14604,99,390,90,0,0,0
52899,31.61,30.67,2416,0.3441,5278,-252,-14604,99,390,90,0,0,0
52919,31.61,30.67,7154,0.5126,5026,408,-14694,55,329,80,0,0,0
53003,31.61,30.67,560,0.0798,4556,-178,-10346,118,322,92,0,0,0
53023,31.61,30.77,7165,0.4241,4974,80,-16278,49,323,71,0,0,0
53066,31.61,30.77,1873,0.2668,4974,80,-16278,49,323,71,0,0,0
53086,31.61,30.77,7822,0.5268,3620,58,-11524,94,289,85,0,0,0
53129,31.61,30.77,1014,0.1444,3620,58,-11524,94,289,85,0,0,0
53175,31.61,30.77,2331,0.332,4326,56,-15206,109,379,82,0,0,0
53235,31.61,30.77,8553,0.6512,4342,686,-13618,61,331,81,0,0,0
53255,31.61,30.77,7290,0.4575,4280,180,-8978,123,331,94,0,0,0
53305,31.61,30.77,5783,0.472,4794,-190,-12228,132,404,94,0,0,0
53325,31.61,30.77,8399,0.4948,5432,108,-16004,42,369,73,0,0,0
53409,31.61,30.77,330,0.047,4574,-38,-11586,97,260,85,0,0,0
53430,31.61,30.77,8448,0.5044,5282,-508,-16568,87,362,78,0,0,0
53472,31.61,30.77,1470,0.2094,5282,-508,-16568,87,362,78,0,0,0
53492,31.61,30.77,7009,0.4761,3698,0,-8642,105,341,84,0,0,0
53535,31.63,30.73,2259,0.3217,3698,0,-8642,105,341,84,0,0,0
53579,31.63,30.73,605,0.0862,3990,-230,-12188,152,372,79,0,0,0
53638,31.63,30.73,6576,0.4103,4384,266,-15692,63,356,77,0,0,0
53659,31.63,30.73,11081,0.7506,4672,-162,-10522,123,402,83,0,0,0
53700,31.63,30.73,7396,1.0534,4672,-162,-10522,123,402,83,0,0,0
53720,31.63,30.73,9062,0.63,5284,-144,-15880,67,369,86,0,0,0
53806,31.63,30.73,858,0.1222,5052,282,-14486,80,295,78,0,0,0
53826,31.63,30.73,9830,0.6094,4806,-638,-9658,120,357,92,0,0,0
53876,31.63,30.73,3225,0.2564,5034,-574,-14110,147,360,94,0,0,0
53896,31.63,30.73,8026,0.5351,3586,92,-10594,76,283,79,0,0,0
53937,31.63,30.73,2665,0.3796,3586,92,-10594,76,283,79,0,0,0
53982,31.63,30.73,2605,0.371,4134,-396,-9908,118,386,77,0,0,0
54041,31.63,30.73,9749,0.6306,4464,32,-15916,88,377,79,0,0,0
54061,31.63,30.73,8734,0.7014,4320,154,-8906,111,361,95,0,0,0
54104,31.63,30.73,696,0.0991,4320,154,-8906,111,361,95,0,0,0
54124,31.63,30.73,7072,0.4715,5102,-138,-13362,137,373,75,0,0,0
54209,31.63,30.73,4322,0.6156,5334,352,-15770,60,366,82,0,0,0
54229,31.63,30.73,7699,0.6277,4960,-534,-11910,137,373,77,0,0,0
54272,31.63,30.73,257,0.0366,4960,-534,-11910,137,373,77,0,0,0
54292,31.63,30.73,7922,0.4856,5240,-372,-16414,48,343,80,0,0,0
54335,31.63,30.73,5848,0.8329,4136,248,-13570,105,272,78,0,0,0
54393,31.63,30.73,222,0.0316,3980,-224,-9220,107,348,83,0,0,0
54451,31.63,30.73,9507,0.6377,4396,-2,-13512,134,380,79,0,0,0
54471,31.63,30.73,8274,0.5213,4028,194,-9456,89,307,78,0,0,0
54513,31.63,30.73,6624,0.9434,4028,194,-9456,89,307,78,0,0,0
54533,31.63,30.73,7773,0.658,4870,-296,-10560,135,379,88,0,0,0
54616,31.63,30.73,2636,0.3754,5036,308,-13620,100,259,69,0,0,0
54636,31.63,30.73,8580,0.4348,4774,-492,-10376,129,384,91,0,0,0
54679,31.63,30.73,336,0.0479,4774,-492,-10376,129,384,91,0,0,0
54699,31.63,30.73,5701,0.4517,4922,512,-16580,61,317,74,0,0,0
54741,31.63,30.73,873,0.1243,4922,512,-16580,61,317,74,0,0,0
54786,31.63,30.73,873,0.1243,3720,70,-10654,115,284,78,0,0,0
54845,31.63,30.73,10960,0.674,4228,-262,-10702,123,379,76,0,0,0
54866,31.63,30.73,8442,0.7232,4622,464,-16050,62,357,77,0,0,0
54922,31.63,30.73,6623,0.392,4452,468,-13070,77,287,73,0,0,0
54942,31.63,30.73,5154,0.3114,5334,48,-14114,98,420,74,0,0,0
55027,31.63,30.73,2572,0.3663,5174,586,-15572,72,312,86,0,0,0
55047,31.63,30.73,9962,0.5466,4730,-142,-11032,98,312,82,0,0,0
55088,31.63,30.73,74,0.0105,4730,-142,-11032,98,312,82,0,0,0
55108,31.63,30.73,10301,0.5643,5364,-238,-16880,75,310,86,0,0,0
55151,31.59,30.63,4722,0.6725,5364,-238,-16880,75,310,86,0,0,0
55196,31.59,30.63,1373,0.1955,4146,284,-13226,80,280,64,0,0,0
55259,31.59,30.63,8245,0.533,4520,-68,-13850,116,405,74,0,0,0
55279,31.59,30.63,9231,0.5227,4348,626,-15074,91,304,77,0,0,0
55321,31.59,30.63,684,0.0974,4348,626,-15074,91,304,77,0,0,0
55342,31.59,30.63,8095,0.5451,4846,-26,-11146,142,377,86,0,0,0
55426,31.59,30.63,2684,0.3823,5598,152,-16596,54,347,69,0,0,0
55447,31.59,30.63,6997,0.5165,5598,152,-16596,54,347,69,0,0,0
55498,31.59,30.63,9445,0.5996,4848,-486,-9868,133,346,80,0,0,0
55519,31.59,30.63,8272,0.6296,5240,-688,-15024,129,353,82,0,0,0
55560,31.59,30.63,2484,0.3538,5240,-688,-15024,129,353,82,0,0,0
55605,31.59,30.63,705,0.1004,4744,200,-15480,77,288,70,0,0,0
55665,31.59,30.63,6345,0.3841,4178,-358,-11008,139,364,71,0,0,0
55685,31.59,30.63,9553,0.5844,4604,200,-16260,63,349,78,0,0,0
55727,31.65,30.65,28,0.004,4604,200,-16260,63,349,78,0,0,0
55747,31.65,30.65,7301,0.4393,4692,-28,-9058,108,404,85,0,0,0
55832,31.65,30.65,864,0.1231,5396,-206,-14770,115,388,78,0,0,0
55852,31.65,30.65,8014,0.4623,5318,344,-15906,88,319,83,0,0,0
55895,31.65,30.65,3959,0.5639,5120,-20,-10846,107,324,84,0,0,0
55915,31.65,30.65,12125,0.6714,5244,-488,-13050,110,406,80,0,0,0
55958,31.65,30.65,3999,0.5695,5244,-488,-13050,110,406,80,0,0,0
56016,31.65,30.65,1418,0.202,4086,96,-12862,59,301,75,0,0,0
56074,31.65,30.65,8050,0.5492,4122,-208,-8966,116,346,79,0,0,0
56094,31.65,30.65,7415,0.482,4510,10,-14504,133,383,75,0,0,0
56137,31.65,30.65,2666,0.3797,4680,724,-15158,54,311,91,0,0,0
56157,31.65,30.65,9230,0.5248,3990,120,-9720,117,303,80,0,0,0
56242,31.65,30.65,1529,0.2178,4940,-254,-11736,121,414,80,0,0,0
56262,31.61,30.67,11469,0.6965,5008,408,-13284,59,323,74,0,0,0
56305,31.61,30.67,3467,0.4938,5008,408,-13284,59,323,74,0,0,0
56325,31.61,30.67,11424,0.6885,4940,-538,-10126,143,316,99,0,0,0
56367,31.61,30.67,6015,0.8567,4940,-538,-10126,143,316,99,0,0,0
56412,31.61,30.67,2936,0.4182,5302,-528,-15438,101,349,80,0,0,0
56471,31.61,30.67,7960,0.5534,3802,-100,-9548,93,312,83,0,0,0
56492,31.61,30.67,7560,0.4944,3802,-100,-9548,93,312,83,0,0,0
56544,31.61,30.67,6505,0.4468,4692,292,-16704,63,327,75,0,0,0
56564,31.61,30.67,6364,0.439,4308,646,-12336,31,329,72,0,0,0
56649,31.61,30.67,3957,0.5636,4830,-70,-9406,145,351,97,0,0,0
56669,31.61,30.67,9445,0.564,5500,554,-15580,58,361,74,0,0,0
56711,31.61,30.67,3754,0.5347,5500,554,-15580,58,361,74,0,0,0
56731,31.61,30.67,10492,0.6564,4826,-138,-10518,104,333,89,0,0,0
56773,31.61,30.67,2929,0.4172,4826,-138,-10518,104,333,89,0,0,0
56818,31.61,30.67,1782,0.2538,5178,-236,-16760,68,302,87,0,0,0
56876,31.61,30.67,8790,0.5735,4090,98,-12930,81,283,74,0,0,0
56896,31.61,30.67,7002,0.4594,4532,-36,-14874,133,364,87,0,0,0
56939,31.61,30.67,2809,0.4001,4532,-36,-14874,133,364,87,0,0,0
56959,31.61,30.67,7632,0.4036,4744,780,-15592,51,360,75,0,0,0
57044,31.61,30.67,27,0.0038,4518,202,-9574,72,372,95,0,0,0
57065,31.61,30.67,3027,0.3096,5180,-80,-13192,164,351,80,0,0,0
57120,31.61,30.67,6935,0.5244,5568,290,-16706,48,346,76,0,0,0
57141,31.61,30.67,8999,0.5096,5226,-500,-11400,135,359,87,0,0,0
57183,31.61,30.67,2747,0.3912,5226,-500,-11400,135,359,87,0,0,0
57228,31.61,30.67,4394,0.6258,5688,-300,-17144,81,374,86,0,0,0
57286,31.61,30.67,8658,0.5289,5018,508,-16458,76,285,72,0,0,0
57306,31.61,30.67,7967,0.4876,4380,-478,-11648,141,392,83,0,0,0
57349,31.61,30.73,422,0.0601,4380,-478,-11648,141,392,83,0,0,0
57369,31.61,30.73,9184,0.5548,4946,552,-16830,64,335,73,0,0,0
57454,31.61,30.73,3352,0.4774,4494,500,-12164,40,313,81,0,0,0
57475,31.61,30.73,10397,0.6153,5508,-14,-15288,88,332,88,0,0,0
57517,31.61,30.73,742,0.1057,5508,-14,-15288,88,332,88,0,0,0
57537,31.61,30.73,8940,0.5972,5004,-274,-9812,127,330,98,0,0,0
57580,31.61,30.73,1866,0.2658,5004,-274,-9812,127,330,98,0,0,0
57633,31.61,30.73,1949,0.2776,5268,-586,-13162,128,353,87,0,0,0
57691,31.61,30.73,9146,0.4888,5166,-2,-17278,43,350,84,0,0,0
57711,31.61,30.73,8939,0.5206,4548,-228,-10040,106,396,87,0,0,0
57754,31.61,30.73,1589,0.2263,4548,-228,-10040,106,396,87,0,0,0
57774,31.61,30.73,7323,0.6036,4806,192,-15672,82,391,84,0,0,0
57858,31.61,30.73,3718,0.5295,4440,284,-10384,116,356,94,0,0,0
57879,31.59,30.71,9318,0.586,5320,58,-13560,104,415,79,0,0,0
57921,31.59,30.71,2371,0.3377,5320,58,-13560,104,415,79,0,0,0
57942,31.59,30.71,9343,0.5542,5134,356,-12500,70,281,87,0,0,0
57984,31.59,30.71,280,0.0399,5134,356,-12500,70,281,87,0,0,0
58030,31.59,30.71,4845,0.69,5550,-404,-11372,162,359,88,0,0,0
58088,31.59,30.71,8987,0.579,5464,-154,-17198,79,362,83,0,0,0
58109,31.59,30.71,5909,0.4071,4872,314,-15704,76,292,81,0,0,0
58159,31.59,30.71,8477,0.5924,3930,178,-9958,91,343,83,0,0,0
58179,31.59,30.71,7667,0.4928,4910,546,-16412,67,313,86,0,0,0
58264,31.59,30.71,2112,0.3008,4260,464,-11140,44,283,87,0,0,0
58284,31.59,30.71,9222,0.5361,4822,-336,-10144,112,396,96,0,0,0
58327,31.59,30.71,2987,0.4254,4822,-336,-10144,112,396,96,0,0,0
58347,31.59,30.71,7380,0.5176,5224,302,-14290,87,319,90,0,0,0
58388,31.59,30.67,1214,0.1729,5224,302,-14290,87,319,90,0,0,0
58433,31.59,30.67,1083,0.1542,5018,-192,-9738,115,338,94,0,0,0
58492,31.59,30.67,8233,0.5168,5366,-538,-14828,120,386,88,0,0,0
58512,31.59,30.67,7087,0.4898,3814,310,-11782,64,281,82,0,0,0
58554,31.59,30.67,3244,0.462,3814,310,-11782,64,281,82,0,0,0
58574,31.59,30.67,8300,0.5043,4358,-350,-9830,108,378,85,0,0,0
58659,31.59,30.67,1938,0.276,4458,614,-14298,53,311,75,0,0,0
58680,31.59,30.67,7914,0.5356,4458,614,-14298,53,311,75,0,0,0
58732,31.59,30.67,4793,0.3378,4484,170,-9794,137,341,90,0,0,0
58753,31.59,30.67,8952,0.6643,5610,680,-16766,44,378,78,0,0,0
58795,31.59,30.67,536,0.0763,5610,680,-16766,44,378,78,0,0,0
58840,31.59,30.67,2818,0.4013,5090,12,-11812,84,291,97,0,0,0
58899,31.59,30.67,9788,0.5868,5428,-360,-17088,72,365,86,0,0,0
58920,31.59,30.67,6439,0.4461,4554,416,-15034,94,278,84,0,0,0
58962,31.63,30.71,263,0.0375,4554,416,-15034,94,278,84,0,0,0
58982,31.63,30.71,10402,0.5299,4842,-50,-14624,117,421,93,0,0,0
59066,31.63,30.71,8052,1.1468,4964,914,-17032,52,329,74,0,0,0
59086,31.63,30.71,9382,0.5886,4546,610,-11420,69,318,88,0,0,0
59129,31.63,30.71,1711,0.2437,4546,610,-11420,69,318,88,0,0,0
59149,31.63,30.71,7992,0.5237,5942,278,-17190,48,371,88,0,0,0
59190,31.63,30.71,2206,0.3142,5942,278,-17190,48,371,88,0,0,0
59246,31.63,30.71,3191,0.4545,5460,504,-14838,69,281,70,0,0,0
59305,31.63,30.71,8670,0.4949,5718,-490,-15706,101,372,95,0,0,0
59325,31.63,30.71,6803,0.4463,5180,432,-17132,92,298,71,0,0,0
59367,31.63,30.71,1289,0.1836,5180,432,-17132,92,298,71,0,0,0
59388,31.63,30.71,7209,0.4309,4430,-84,-10020,116,377,75,0,0,0
59473,31.61,30.67,5486,0.7813,4724,234,-16934,76,369,95,0,0,0
59493,31.61,30.67,9078,0.5878,4646,740,-13926,50,308,78,0,0,0
59534,31.61,30.67,4263,0.6071,4646,740,-13926,50,308,78,0,0,0
59555,31.61,30.67,11184,0.6744,5628,184,-15154,95,439,81,0,0,0
59597,31.61,30.67,3202,0.456,5628,184,-15154,95,439,81,0,0,0
59642,31.61,30.67,4154,0.5916,5480,500,-16532,83,300,75,0,0,0
59701,31.61,30.67,7609,0.5063,5124,-418,-12246,131,380,85,0,0,0
59722,31.61,30.67,6910,0.5005,5124,-418,-12246,131,380,85,0,0,0
59771,31.61,30.67,6687,0.4529,5610,-246,-17594,70,321,91,0,0,0
59791,31.61,30.67,8261,0.5633,4104,-148,-9718,107,346,96,0,0,0
59877,31.61,30.67,6201,0.8832,4484,-156,-14076,123,398,89,0,0,0
59898,31.61,30.67,11469,0.6496,4508,682,-10508,59,329,90,0,0,0
59940,31.61,30.67,4032,0.5742,4508,682,-10508,59,329,90,0,0,0
59960,31.61,30.67,9767,0.6234,5208,326,-12068,118,403,87,0,0,0
60002,31.61,30.67,1009,0.1437,5208,326,-12068,118,403,87,0,0,0
60048,31.61,30.67,2252,0.3207,5692,12,-16768,68,343,87,0,0,0
60106,31.61,30.67,7818,0.51,5236,-174,-10200,121,387,91,0,0,0
60127,31.61,30.67,9120,0.5604,5472,-524,-15730,140,358,91,0,0,0
60168,31.61,30.67,1413,0.2012,5472,-524,-15730,140,358,91,0,0,0
60189,31.61,30.67,6958,0.4593,3690,168,-10602,83,321,87,0,0,0
60272,31.61,30.67,4573,0.6513,4572,-38,-10910,111,404,85,0,0,0
60293,31.61,30.67,7227,0.5081,4572,-38,-10910,111,404,85,0,0,0
60343,31.61,30.67,5666,0.4755,4564,502,-13060,43,333,77,0,0,0
60364,31.61,30.67,9702,0.6802,4672,222,-9260,143,317,95,0,0,0
60405,31.61,30.67,3653,0.5203,4672,222,-9260,143,317,95,0,0,0
60450,31.61,30.67,2478,0.3529,5370,-12,-15496,129,382,93,0,0,0
60509,31.61,30.67,9058,0.537,5098,-4,-11158,100,323,80,0,0,0
60530,31.61,30.67,9653,0.5831,5414,-290,-13274,110,397,88,0,0,0
60572,31.59,30.71,1994,0.284,5414,-290,-13274,110,397,88,0,0,0
60593,31.59,30.71,6199,0.4518,4354,310,-13858,64,289,79,0,0,0
60677,31.59,30.71,4042,0.5757,4208,40,-10118,122,358,90,0,0,0
60698,31.59,30.71,8932,0.6068,4666,754,-15720,35,364,70,0,0,0
60740,31.59,30.71,4184,0.5959,4666,754,-15720,35,364,70,0,0,0
60761,31.59,30.71,9214,0.6072,4270,622,-10340,85,332,92,0,0,0
60802,31.59,30.71,1124,0.1601,4270,622,-10340,85,332,92,0,0,0
60860,31.59,30.71,1504,0.2142,5620,234,-16468,69,328,79,0,0,0
60919,31.59,30.71,7544,0.4316,5166,386,-13968,82,306,83,0,0,0
60939,31.59,30.71,8686,0.5366,5522,-370,-16506,114,330,90,0,0,0
60981,31.59,30.71,2874,0.4093,5522,-370,-16506,114,330,90,0,0,0
61001,31.59,30.71,7293,0.4476,4990,688,-16324,67,307,67,0,0,0
61085,31.61,30.67,5990,0.8531,3808,138,-10960,100,310,97,0,0,0
61106,31.61,30.67,10371,0.858,4764,586,-16360,60,353,77,0,0,0
61148,31.61,30.67,3122,0.4446,4764,586,-16360,60,353,77,0,0,0
61169,31.61,30.67,9721,0.5812,4248,720,-13266,30,318,83,0,0,0
61211,31.61,30.67,3513,0.5003,4248,720,-13266,30,318,83,0,0,0
61256,31.61,30.67,2904,0.4136,4714,260,-10652,135,361,92,0,0,0
61315,31.61,30.67,6151,0.4365,5442,572,-15724,64,325,80,0,0,0
61336,31.61,30.67,4529,0.34,5442,572,-15724,64,325,80,0,0,0
61386,31.61,30.67,5649,0.41,5156,-348,-13540,134,363,84,0,0,0
61406,31.61,30.67,7828,0.6064,5348,-36,-17038,53,325,77,0,0,0
61490,31.61,30.67,6929,0.9868,3956,268,-12420,62,292,74,0,0,0
61510,31.61,30.67,9331,0.5458,4378,42,-14996,111,375,81,0,0,0
61551,31.61,30.67,2830,0.4031,4378,42,-14996,111,375,81,0,0,0
61572,31.61,30.67,9107,0.5323,4642,888,-15300,100,295,85,0,0,0
61614,31.59,30.59,750,0.1068,4642,888,-15300,100,295,85,0,0,0
61659,31.59,30.59,66,0.0094,5220,146,-12858,119,408,94,0,0,0
61718,31.59,30.59,9477,0.5166,5534,224,-15960,59,325,80,0,0,0
61738,31.59,30.59,10006,0.5356,4516,230,-12568,85,276,86,0,0,0
61780,31.59,30.59,1794,0.2555,5062,-746,-10846,117,384,90,0,0,0
61800,31.59,30.59,7600,0.4586,5282,-318,-16416,119,329,89,0,0,0
61885,31.59,30.59,3616,0.515,4916,572,-15148,72,299,78,0,0,0
61906,31.59,30.59,6351,0.4637,3652,-2,-9840,91,313,93,0,0,0
61958,31.59,30.59,7508,0.5419,4310,-140,-11912,124,403,77,0,0,0
61979,31.59,30.59,10095,0.5747,4444,550,-16396,57,355,82,0,0,0
62020,31.59,30.59,4582,0.6526,4452,610,-12184,67,296,79,0,0,0
62064,31.59,30.59,2068,0.2945,4896,114,-10546,105,396,91,0,0,0
62126,31.59,30.59,7631,0.5659,5234,-76,-14812,90,347,91,0,0,0
62146,31.59,30.59,6372,0.3524,4544,-98,-9892,133,333,94,0,0,0
62189,31.61,30.67,1421,0.2024,4544,-98,-9892,133,333,94,0,0,0
62209,31.61,30.67,7540,0.4466,5370,-492,-13934,109,424,80,0,0,0
62293,31.61,30.67,2736,0.3897,5028,256,-17196,70,296,87,0,0,0
62314,31.61,30.67,9584,0.575,4176,-304,-9854,113,346,86,0,0,0
62356,31.61,30.67,2439,0.3474,4176,-304,-9854,113,346,86,0,0,0
62376,31.61,30.67,11669,0.6415,4726,194,-15362,76,403,81,0,0,0
62419,31.61,30.67,4260,0.6067,4310,624,-14612,90,277,85,0,0,0
62477,31.61,30.67,1411,0.201,4318,314,-9280,102,364,89,0,0,0
62535,31.61,30.67,8422,0.4802,4982,-102,-12498,144,362,94,0,0,0
62555,31.61,30.67,9643,0.7223,4450,-76,-10624,77,272,86,0,0,0
62598,31.61,30.67,3942,0.5614,4450,-76,-10624,77,272,86,0,0,0
62618,31.61,30.67,9840,0.5907,4818,-460,-10382,140,369,94,0,0,0
62702,31.63,30.67,5587,0.7957,4274,294,-14862,88,284,77,0,0,0
62722,31.63,30.67,10930,0.6074,3872,314,-9062,109,335,84,0,0,0
62765,31.63,30.67,1302,0.1854,3872,314,-9062,109,335,84,0,0,0
62785,31.63,30.67,8331,0.584,4470,430,-16214,42,356,72,0,0,0
62828,31.63,30.67,2237,0.3186,4470,430,-16214,42,356,72,0,0,0
62872,31.63,30.67,2959,0.4214,4040,584,-11238,73,292,83,0,0,0
62931,31.63,30.67,5943,0.3334,4938,228,-10560,126,396,97,0,0,0
62952,31.63,30.67,7139,0.5358,5602,8,-15530,76,389,79,0,0,0
63001,31.63,30.67,6769,0.4835,5100,262,-14338,87,269,88,0,0,0
63022,31.63,30.67,8498,0.5283,5150,-522,-14832,132,399,99,0,0,0
63105,31.63,30.67,8095,1.1529,4922,206,-16254,60,317,76,0,0,0
63126,31.63,30.67,8708,0.5183,3490,206,-10622,71,295,80,0,0,0
63169,31.63,30.67,1874,0.2669,3490,206,-10622,71,295,80,0,0,0
63190,31.63,30.67,8960,0.6414,4186,302,-15590,83,360,77,0,0,0
63232,31.61,30.63,846,0.1205,4186,302,-15590,83,360,77,0,0,0
63277,31.61,30.63,833,0.1186,4112,578,-13106,71,308,83,0,0,0
63336,31.61,30.63,8897,0.6503,4546,410,-8868,80,403,89,0,0,0
63356,31.61,30.63,7965,0.476,5134,510,-15338,69,309,80,0,0,0
63399,31.61,30.63,2896,0.4125,5134,510,-15338,69,309,80,0,0,0
63419,31.61,30.63,9165,0.5272,4582,76,-10554,73,327,88,0,0,0
63504,31.61,30.63,5546,0.7899,5254,-182,-17028,66,351,83,0,0,0
63524,31.61,30.63,5497,0.4006,5254,-182,-17028,66,351,83,0,0,0
63573,31.61,30.63,5919,0.4213,4140,94,-13470,82,251,80,0,0,0
63594,31.61,30.63,9108,0.6101,4306,154,-13292,122,394,89,0,0,0
63637,31.61,30.63,2894,0.4122,4306,154,-13292,122,394,89,0,0,0
63681,31.61,30.63,2282,0.325,4442,860,-15890,86,310,85,0,0,0
63741,31.61,30.63,6601,0.5403,4728,24,-11006,94,401,95,0,0,0
63761,31.61,30.63,6919,0.5101,5438,138,-15682,72,349,74,0,0,0
63802,31.59,30.67,480,0.0684,5438,138,-15682,72,349,74,0,0,0
63823,31.59,30.67,7037,0.4531,4946,-388,-9974,117,380,100,0,0,0
63907,31.59,30.67,1081,0.154,5070,-486,-15568,112,365,84,0,0,0
63927,31.59,30.67,8108,0.6078,4728,376,-15380,85,303,84,0,0,0
63970,31.59,30.67,8640,1.2305,4728,376,-15380,85,303,84,0,0,0
63990,31.59,30.67,9454,0.6198,4028,2,-10850,116,380,93,0,0,0
64033,31.59,30.67,2291,0.3263,4028,2,-10850,116,380,93,0,0,0
64088,31.59,30.67,5686,0.8098,4422,236,-15768,62,350,80,0,0,0
64147,31.59,30.67,9736,0.5559,4722,218,-9110,111,391,98,0,0,0
64167,31.59,30.67,8836,0.5036,4930,-94,-13632,130,333,93,0,0,0
64212,31.59,30.67,3678,0.5238,4930,-94,-13632,130,333,93,0,0,0
64232,31.59,30.67,10378,0.5999,4338,-264,-9690,105,313,85,0,0,0
64317,31.61,30.71,7540,1.0739,5062,-402,-12552,117,391,85,0,0,0
64337,31.61,30.71,9542,0.5873,5450,66,-16906,58,353,81,0,0,0
64380,31.61,30.71,1380,0.1965,5450,66,-16906,58,353,81,0,0,0
64400,31.61,30.71,9919,0.5151,3950,-138,-9214,108,343,83,0,0,0
64442,31.61,30.71,4499,0.6408,3950,-138,-9214,108,343,83,0,0,0
64486,31.61,30.71,4394,0.6258,4392,102,-14310,115,366,93,0,0,0
64544,31.61,30.71,9262,0.608,4108,260,-9216,110,346,95,0,0,0
64565,31.61,30.71,5939,0.4568,4108,260,-9216,110,346,95,0,0,0
64617,31.61,30.71,6285,0.5015,4878,46,-11992,114,399,92,0,0,0
64637,31.61,30.71,11300,0.5579,4622,382,-12750,70,286,86,0,0,0
64721,31.61,30.71,4901,0.698,4758,-678,-10296,127,347,94,0,0,0
64741,31.61,30.71,9645,0.5737,4580,408,-14938,88,286,86,0,0,0
64784,31.61,30.71,1905,0.2713,4580,408,-14938,88,286,86,0,0,0
64804,31.61,30.71,8425,0.7178,3614,54,-9586,101,354,81,0,0,0
64847,31.57,30.57,1764,0.2512,3614,54,-9586,101,354,81,0,0,0
64891,31.57,30.57,1481,0.2109,4152,-100,-11730,115,397,86,0,0,0
64951,31.57,30.57,8277,0.5427,4050,346,-11726,59,285,76,0,0,0
64971,31.57,30.57,9661,0.539,4856,-172,-9704,85,438,94,0,0,0
65013,31.57,30.57,2297,0.3271,4856,-172,-9704,85,438,94,0,0,0
65033,31.57,30.57,10237,0.552,5010,422,-14678,61,325,83,0,0,0
65117,31.57,30.57,120,0.0171,4360,-370,-9596,126,295,90,0,0,0
65138,31.57,30.57,5060,0.3669,4360,-370,-9596,126,295,90,0,0,0
65190,31.57,30.57,6825,0.5297,4932,-82,-16296,41,352,77,0,0,0
65210,31.57,30.57,7957,0.5916,3760,196,-12008,80,279,78,0,0,0
65254,31.57,30.57,1597,0.2274,3760,196,-12008,80,279,78,0,0,0
65299,31.57,30.57,3300,0.47,3928,-226,-8806,118,356,89,0,0,0
65358,31.57,30.57,8012,0.5751,4340,752,-14522,64,327,88,0,0,0
65378,31.57,30.57,7443,0.4477,4238,178,-9494,112,341,84,0,0,0
65420,31.61,30.71,4212,0.5999,4238,178,-9494,112,341,84,0,0,0
65440,31.61,30.71,9865,0.5876,5340,236,-16118,48,334,79,0,0,0
65524,31.61,30.71,4079,0.5809,4696,68,-12796,73,316,76,0,0,0
65544,31.61,30.71,9194,0.5196,5224,-566,-15684,124,299,91,0,0,0
65587,31.61,30.71,416,0.0592,5224,-566,-15684,124,299,91,0,0,0
65607,31.61,30.71,9296,0.4962,4380,178,-14920,63,322,81,0,0,0
65649,31.61,30.71,1599,0.2277,4380,178,-14920,63,322,81,0,0,0
65705,31.61,30.71,2824,0.4022,4198,-214,-12336,138,404,92,0,0,0
65764,31.61,30.71,8201,0.5407,4556,414,-15994,62,327,76,0,0,0
65784,31.61,30.71,9039,0.5176,4524,-70,-9082,134,351,89,0,0,0
65827,31.61,30.71,1119,0.1594,4524,-70,-9082,134,351,89,0,0,0
65847,31.61,30.71,7321,0.5226,5210,-168,-14804,85,399,82,0,0,0
65931,31.61,30.71,5990,0.8531,5250,480,-14482,84,303,85,0,0,0
65951,31.59,30.71,9431,0.6377,5098,-478,-13456,133,347,93,0,0,0
65994,31.59,30.71,1715,0.2443,5098,-478,-13456,133,347,93,0,0,0
66014,31.59,30.71,5359,0.4233,4736,158,-16076,71,320,76,0,0,0
66057,31.59,30.71,5584,0.7953,4736,158,-16076,71,320,76,0,0,0
66102,31.59,30.71,4114,0.5859,3924,-306,-9628,118,358,82,0,0,0
66160,31.59,30.71,8575,0.478,4460,4,-15462,101,328,82,0,0,0
66180,31.59,30.71,6202,0.52,4460,4,-15462,101,328,82,0,0,0
66234,31.59,30.71,8834,0.6151,4276,262,-9006,115,358,85,0,0,0
66254,31.59,30.71,10589,0.6237,4996,-224,-12990,125,410,83,0,0,0
66339,31.59,30.71,523,0.0745,5324,430,-16636,68,332,89,0,0,0
66359,31.59,30.71,7100,0.5099,4928,-450,-10754,104,380,91,0,0,0
66402,31.59,30.71,33,0.0047,4928,-450,-10754,104,380,91,0,0,0
66422,31.59,30.71,7238,0.4955,5214,-448,-16002,101,329,85,0,0,0
66463,31.59,30.59,5360,0.7634,4300,156,-13796,81,285,90,0,0,0
66508,31.59,30.59,3087,0.4397,3694,124,-8992,113,356,87,0,0,0
66566,31.59,30.59,8935,0.5836,4200,-124,-13358,122,434,87,0,0,0
66587,31.59,30.59,11138,0.5896,3824,228,-10494,46,344,81,0,0,0
66628,31.59,30.59,3015,0.4294,3824,228,-10494,46,344,81,0,0,0
66648,31.59,30.59,7536,0.4468,5022,-164,-10542,129,368,86,0,0,0
66732,31.59,30.59,1151,0.1639,5426,-84,-15482,102,342,85,0,0,0
66753,31.59,30.59,4982,0.3881,5068,522,-14106,92,287,87,0,0,0
66805,31.59,30.59,5410,0.3358,4882,-298,-10018,126,351,94,0,0,0
66825,31.59,30.59,6825,0.4468,4890,-34,-17224,65,348,77,0,0,0
66867,31.59,30.59,2854,0.4065,4890,-34,-17224,65,348,77,0,0,0
66912,31.59,30.59,1979,0.2819,4160,244,-11206,62,299,85,0,0,0
66971,31.59,30.59,7627,0.5812,4352,-218,-10886,129,364,84,0,0,0
66991,31.59,30.59,6744,0.4408,4168,678,-13854,66,266,78,0,0,0
67034,31.61,30.71,716,0.102,4168,678,-13854,66,266,78,0,0,0
67054,31.61,30.71,9228,0.5477,4622,164,-9128,141,360,101,0,0,0
67139,31.61,30.71,3684,0.5247,5218,-190,-13636,89,409,82,0,0,0
67159,31.61,30.71,8994,0.5771,4724,-62,-10994,88,297,95,0,0,0
67202,31.61,30.71,971,0.1383,4724,-62,-10994,88,297,95,0,0,0
67222,31.61,30.71,9562,0.5928,5230,-326,-16832,101,310,94,0,0,0
67265,31.61,30.71,2069,0.2947,5230,-326,-16832,101,310,94,0,0,0
67318,31.61,30.71,3775,0.5376,4534,372,-14288,60,323,80,0,0,0
67376,31.61,30.71,8491,0.5932,4136,4,-9102,117,355,89,0,0,0
67396,31.61,30.71,8896,0.5104,4706,614,-15576,62,334,82,0,0,0
67438,31.61,30.71,3388,0.4825,4706,614,-15576,62,334,82,0,0,0
67458,31.61,30.71,8012,0.4435,3998,506,-9794,56,327,73,0,0,0
67542,31.61,30.71,3907,0.5564,5108,52,-10846,133,377,87,0,0,0
67562,31.59,30.71,8414,0.5339,5158,104,-13852,95,294,91,0,0,0
67604,31.59,30.71,524,0.0746,5158,104,-13852,95,294,91,0,0,0
67624,31.59,30.71,9535,0.5174,5264,-630,-15404,131,352,89,0,0,0
67667,31.59,30.71,1866,0.2658,5264,-630,-15404,131,352,89,0,0,0
67712,31.59,30.71,2517,0.3585,4876,248,-16170,73,309,75,0,0,0
67771,31.59,30.71,8143,0.4264,3886,132,-9856,74,338,86,0,0,0
67792,31.59,30.71,8160,0.6206,4362,-166,-10340,135,363,86,0,0,0
67843,31.59,30.71,4971,0.4297,4440,36,-16168,84,340,78,0,0,0
67864,31.59,30.71,8898,0.5546,4684,128,-9756,123,382,94,0,0,0
67947,31.59,30.71,7901,1.1253,5412,-192,-14714,118,381,88,0,0,0
67967,31.59,30.71,9349,0.6056,5416,626,-16090,74,327,89,0,0,0
68010,31.59,30.71,1070,0.1524,5416,626,-16090,74,327,89,0,0,0
68030,31.59,30.71,6880,0.4537,5650,-454,-13532,133,348,89,0,0,0
68073,31.57,30.71,2166,0.3085,5650,-454,-13532,133,348,89,0,0,0
68118,31.57,30.71,5914,0.8423,5418,-260,-17736,55,336,78,0,0,0
68176,31.57,30.71,10401,0.6419,4114,374,-12634,65,256,80,0,0,0
68196,31.57,30.71,10553,0.5531,4548,116,-14954,116,389,84,0,0,0
68239,31.57,30.71,3323,0.4733,4548,116,-14954,116,389,84,0,0,0
68259,31.57,30.71,4644,0.3244,4562,710,-14732,52,326,87,0,0,0
68344,31.57,30.71,5686,0.8098,5206,-62,-12058,127,384,86,0,0,0
68365,31.57,30.71,9381,0.7651,5206,-62,-12058,127,384,86,0,0,0
68417,31.57,30.71,8226,0.5262,5540,144,-16800,40,361,84,0,0,0
68437,31.57,30.71,8129,0.4929,5304,-466,-11386,138,355,92,0,0,0
68480,31.57,30.71,570,0.0812,5304,-466,-11386,138,355,92,0,0,0
68525,31.57,30.71,2797,0.3984,5488,-448,-16370,114,349,89,0,0,0
68584,31.57,30.71,8315,0.5449,3694,-14,-9164,102,336,86,0,0,0
68605,31.57,30.71,7497,0.5056,4344,-174,-12134,132,427,83,0,0,0
68647,31.57,30.67,2904,0.4136,4344,-174,-12134,132,427,83,0,0,0
68668,31.57,30.67,8508,0.4886,4080,486,-11076,41,319,86,0,0,0
68753,31.57,30.67,1171,0.1668,4870,2,-9966,126,387,85,0,0,0
68773,31.57,30.67,5384,0.3675,5392,-174,-15102,99,355,97,0,0,0
68816,31.57,30.67,2785,0.3966,5392,-174,-15102,99,355,97,0,0,0
68836,31.57,30.67,7650,0.4737,4866,-218,-10358,121,344,98,0,0,0
68878,31.57,30.67,3421,0.4872,4866,-218,-10358,121,344,98,0,0,0
68936,31.57,30.67,2485,0.3539,5404,-402,-14484,125,341,87,0,0,0
68994,31.57,30.67,6424,0.5016,4020,-60,-11506,100,268,84,0,0,0
69014,31.57,30.67,5882,0.4058,4368,-274,-9800,105,391,82,0,0,0
69057,31.57,30.67,660,0.094,4368,-274,-9800,105,391,82,0,0,0
69077,31.57,30.67,7734,0.5027,4664,610,-14084,50,331,77,0,0,0
69161,31.57,30.71,3129,0.4456,4264,174,-9476,119,336,90,0,0,0
69181,31.57,30.71,7494,0.4377,5330,-46,-13452,132,386,94,0,0,0
69224,31.57,30.71,152,0.0216,5640,546,-16700,37,365,75,0,0,0
69244,31.57,30.71,8829,0.5782,5060,288,-12208,94,298,90,0,0,0
69285,31.57,30.71,3092,0.4404,5060,288,-12208,94,298,90,0,0,0
69330,31.57,30.71,2003,0.2853,5518,-468,-11974,111,417,93,0,0,0
69389,31.57,30.71,6800,0.4592,4826,494,-14926,87,293,74,0,0,0
69410,31.57,30.71,10037,0.6774,4826,494,-14926,87,293,74,0,0,0
69460,31.57,30.71,5766,0.4352,4208,206,-10094,136,315,90,0,0,0
69480,31.57,30.71,9161,0.5432,4652,686,-16528,73,299,74,0,0,0
69565,31.57,30.71,2185,0.3112,4128,530,-10874,82,298,92,0,0,0
69586,31.57,30.71,8309,0.4859,5366,-102,-16064,64,361,95,0,0,0
69628,31.57,30.71,151,0.0215,5366,-102,-16064,64,361,95,0,0,0
69648,31.57,30.71,5943,0.3907,5390,476,-14086,83,324,90,0,0,0
69690,31.57,30.63,293,0.0417,5390,476,-14086,83,324,90,0,0,0
69735,31.57,30.63,2034,0.2897,4754,-394,-10184,133,312,94,0,0,0
69794,31.57,30.63,8781,0.7194,5306,390,-17368,50,354,76,0,0,0
69814,31.57,30.63,10387,0.5652,4036,112,-11700,88,280,80,0,0,0
69857,31.57,30.63,1501,0.2138,4036,112,-11700,88,280,80,0,0,0
69877,31.57,30.63,11071,0.5866,4498,314,-15868,72,361,88,0,0,0
69961,31.57,30.63,7862,1.1197,4602,642,-13300,65,316,75,0,0,0
69981,31.57,30.63,7426,0.5186,4602,642,-13300,65,316,75,0,0,0
70030,31.57,30.63,7177,0.5279,5592,34,-14966,117,396,91,0,0,0
70050,31.57,30.63,7052,0.424,5620,686,-16706,60,360,88,0,0,0
70093,31.57,30.63,2074,0.2954,5620,686,-16706,60,360,88,0,0,0
70137,31.57,30.63,631,0.0899,5048,194,-12520,120,298,91,0,0,0
70196,31.57,30.63,9295,0.5984,5646,124,-18086,62,345,82,0,0,0
70216,31.57,30.63,9013,0.5725,4598,274,-14258,87,271,77,0,0,0
70259,31.57,30.63,2258,0.3216,4598,274,-14258,87,271,77,0,0,0
70279,31.57,30.63,8797,0.5219,4562,244,-13884,132,390,75,0,0,0
70363,31.57,30.63,2011,0.2864,4692,668,-15358,58,335,84,0,0,0
70383,31.57,30.63,9505,0.5521,4224,530,-10516,83,305,88,0,0,0
70426,31.57,30.63,4457,0.6348,5074,120,-11826,128,393,100,0,0,0
70446,31.57,30.63,9763,0.6232,5598,224,-16500,46,355,83,0,0,0
70489,31.57,30.63,2516,0.3583,5598,224,-16500,46,355,83,0,0,0
70544,31.57,30.63,7609,1.0837,5194,236,-12596,82,288,83,0,0,0
70602,31.57,30.63,9594,0.5693,5468,-496,-15610,115,366,86,0,0,0
70622,31.57,30.63,10324,0.5731,4010,186,-10454,105,316,83,0,0,0
70667,31.57,30.63,623,0.0887,4010,186,-10454,105,316,83,0,0,0
70688,31.57,30.63,9453,0.6469,4644,-142,-12300,111,435,90,0,0,0
70773,31.57,30.65,3800,0.5412,4836,464,-16222,71,329,81,0,0,0
70793,31.57,30.65,6261,0.4063,4710,392,-10388,115,384,95,0,0,0
70835,31.57,30.65,3573,0.5089,4710,392,-10388,115,384,95,0,0,0
70855,31.57,30.65,6698,0.3617,5434,158,-15774,108,377,86,0,0,0
70897,31.57,30.65,4828,0.6876,5434,158,-15774,108,377,86,0,0,0
70942,31.57,30.65,3163,0.4505,5536,636,-15944,70,327,90,0,0,0
71001,31.57,30.65,8421,0.5418,5432,-430,-13836,107,394,95,0,0,0
71021,31.57,30.65,6884,0.5876,5432,-430,-13836,107,394,95,0,0,0
71071,31.57,30.65,4329,0.3088,4198,234,-12778,82,256,89,0,0,0
71091,31.57,30.65,9073,0.5341,4152,-234,-9736,122,346,87,0,0,0
71175,31.57,30.65,2559,0.3645,4550,198,-15092,101,412,93,0,0,0
71195,31.57,30.65,6957,0.4846,4228,412,-10684,117,336,92,0,0,0
71237,31.57,30.65,2351,0.3348,4228,412,-10684,117,336,92,0,0,0
71257,31.57,30.65,7858,0.5411,5270,-48,-13122,116,399,90,0,0,0
71300,31.53,30.65,2140,0.3048,5270,-48,-13122,116,399,90,0,0,0
71345,31.53,30.65,637,0.0907,5550,286,-16816,37,360,86,0,0,0
71404,31.53,30.65,6935,0.4409,4966,-478,-11010,125,355,97,0,0,0
71424,31.53,30.65,10938,0.6082,5270,-412,-16762,108,369,94,0,0,0
71466,31.53,30.65,5530,0.7876,4900,590,-16052,79,313,76,0,0,0
71486,31.53,30.65,7360,0.5229,3928,120,-10008,111,306,94,0,0,0
71571,31.53,30.65,5150,0.7335,4422,-216,-11926,130,359,87,0,0,0
71592,31.53,30.65,5395,0.4457,4504,604,-15820,46,373,80,0,0,0
71643,31.53,30.65,8275,0.5912,4358,548,-10950,70,297,79,0,0,0
71663,31.53,30.65,7657,0.4751,5476,-80,-15606,83,359,91,0,0,0
71708,31.53,30.65,60,0.0085,5476,-80,-15606,83,359,91,0,0,0
71753,31.53,30.65,672,0.0957,5358,758,-15586,72,337,85,0,0,0
71812,31.53,30.65,7921,0.5231,4844,-178,-10804,106,344,92,0,0,0
71832,31.53,30.65,9505,0.6986,4994,108,-17060,86,306,78,0,0,0
71875,31.53,30.67,162,0.0231,4994,108,-17060,86,306,78,0,0,0
71895,31.53,30.67,8896,0.5579,4204,372,-12110,78,287,83,0,0,0
71980,31.53,30.67,2164,0.3082,4276,-98,-10078,119,373,86,0,0,0
72000,31.53,30.67,9383,0.6322,4582,874,-14716,58,343,82,0,0,0
72042,31.53,30.67,103,0.0147,4582,874,-14716,58,343,82,0,0,0
72063,31.53,30.67,8180,0.5807,4392,618,-9868,118,343,90,0,0,0
72104,31.53,30.67,2066,0.2942,4392,618,-9868,118,343,90,0,0,0
72162,31.53,30.67,1073,0.1528,5386,472,-16758,57,342,82,0,0,0
72221,31.53,30.67,9056,0.573,4966,76,-12268,89,272,92,0,0,0
72241,31.53,30.67,6657,0.4369,5384,-202,-17084,81,360,88,0,0,0
72283,31.53,30.67,1142,0.1626,5384,-202,-17084,81,360,88,0,0,0
72303,31.53,30.67,9819,0.7427,4590,440,-14930,107,251,88,0,0,0
72388,31.57,30.63,6347,0.904,4338,-132,-12984,124,391,87,0,0,0
72408,31.57,30.63,7301,0.4605,4312,724,-16194,80,338,73,0,0,0
72450,31.57,30.63,437,0.0622,4312,724,-16194,80,338,73,0,0,0
72470,31.57,30.63,8061,0.5577,4832,76,-10566,109,396,91,0,0,0
72512,31.57,30.63,2152,0.3065,4832,76,-10566,109,396,91,0,0,0
72557,31.57,30.63,1175,0.1673,5408,-108,-15956,117,333,95,0,0,0
72616,31.57,30.63,9331,0.5596,5280,612,-14174,72,295,80,0,0,0
72637,31.57,30.63,7129,0.5918,4850,-144,-9870,121,351,99,0,0,0
72686,31.57,30.63,4815,0.5028,5228,-594,-14858,137,371,93,0,0,0
72706,31.57,30.63,10202,0.6708,3880,228,-11124,105,270,90,0,0,0
72793,31.57,30.63,576,0.082,4194,-256,-10200,114,379,91,0,0,0
72813,31.57,30.63,5748,0.3525,4422,78,-16040,93,343,89,0,0,0
72855,31.57,30.63,440,0.0627,4422,78,-16040,93,343,89,0,0,0
72876,31.57,30.63,7425,0.4894,4234,326,-8874,118,362,91,0,0,0
72918,31.57,30.63,100,0.0142,4234,326,-8874,118,362,91,0,0,0
72963,31.57,30.63,735,0.1047,5100,-48,-14060,129,395,91,0,0,0
73022,31.57,30.63,6345,0.5245,5410,620,-15782,40,363,89,0,0,0
73042,31.57,30.63,9837,0.5985,5150,-344,-12010,124,388,96,0,0,0
73085,31.57,30.63,2207,0.3143,5150,-344,-12010,124,388,96,0,0,0
73105,31.57,30.63,10043,0.5933,5654,-278,-17746,78,347,93,0,0,0
73189,31.57,30.63,4027,0.5735,4066,50,-9014,119,333,92,0,0,0
73210,31.57,30.63,3239,0.2916,4066,50,-9014,119,333,92,0,0,0
73266,31.57,30.63,8640,0.5654,4286,126,-13750,149,383,80,0,0,0
73286,31.57,30.63,4709,0.3711,4176,574,-10504,75,303,79,0,0,0
73329,31.57,30.63,1700,0.2421,4176,574,-10504,75,303,79,0,0,0
73375,31.57,30.63,3099,0.4414,4708,134,-10608,114,377,94,0,0,0
73434,31.57,30.63,9404,0.621,4822,592,-13344,55,328,85,0,0,0
73455,31.57,30.63,7587,0.6279,4844,-554,-9760,120,377,97,0,0,0
73496,31.53,30.63,1318,0.1877,4844,-554,-9760,120,377,97,0,0,0
73516,31.53,30.63,8476,0.4595,4696,434,-16024,65,307,85,0,0,0
73601,31.53,30.63,303,0.0432,3670,252,-10298,104,300,80,0,0,0
73621,31.53,30.63,9010,0.4776,4112,-234,-10208,105,390,88,0,0,0
73663,31.53,30.63,1088,0.155,4112,-234,-10208,105,390,88,0,0,0
73683,31.53,30.63,7928,0.4647,4206,712,-12490,42,321,87,0,0,0
73726,31.53,30.63,3222,0.4589,4206,712,-12490,42,321,87,0,0,0
73781,31.53,30.63,6548,0.9326,4448,162,-9314,156,343,92,0,0,0
73840,31.53,30.63,9851,0.5565,4942,598,-15040,60,340,79,0,0,0
73861,31.53,30.63,8644,0.4733,4566,-224,-9976,108,312,94,0,0,0
73902,31.53,30.63,1300,0.1851,4566,-224,-9976,108,312,94,0,0,0
73923,31.53,30.63,10238,0.589,4924,32,-16482,56,351,77,0,0,0
74007,31.53,30.63,3996,0.5691,3986,456,-13266,71,285,74,0,0,0
74027,31.53,30.65,7925,0.4754,4512,156,-14706,115,405,85,0,0,0
74070,31.53,30.65,1935,0.2756,4512,156,-14706,115,405,85,0,0,0
74090,31.53,30.65,8377,0.5378,4352,788,-15560,77,325,92,0,0,0
74133,31.53,30.65,1303,0.1856,4352,788,-15560,77,325,92,0,0,0
74178,31.53,30.65,310,0.0442,4082,504,-9648,85,339,85,0,0,0
74237,31.53,30.65,8233,0.5624,5446,256,-16592,50,377,87,0,0,0
74258,31.53,30.65,4925,0.3314,5446,256,-16592,50,377,87,0,0,0
74309,31.53,30.65,5708,0.4794,4982,-576,-10806,132,331,101,0,0,0
74329,31.53,30.65,7395,0.5376,5162,-480,-15896,107,354,84,0,0,0
74415,31.53,30.65,72,0.0103,4558,582,-15538,73,310,79,0,0,0
74436,31.53,30.65,10885,0.6415,4096,82,-10918,111,366,84,0,0,0
74478,31.53,30.65,1736,0.2472,4096,82,-10918,111,366,84,0,0,0
74498,31.53,30.65,7624,0.5014,4608,422,-15728,54,371,82,0,0,0
74540,31.57,30.65,2526,0.3598,4608,422,-15728,54,371,82,0,0,0
74585,31.57,30.65,2684,0.3823,3988,382,-12000,82,289,87,0,0,0
74643,31.57,30.65,9379,0.6226,5312,-112,-15084,101,365,85,0,0,0
74663,31.57,30.65,6732,0.3995,5044,462,-14922,76,322,85,0,0,0
74706,31.57,30.65,2101,0.2992,5044,462,-14922,76,322,85,0,0,0
74726,31.57,30.65,7910,0.5684,5138,-346,-13418,141,363,83,0,0,0
74811,31.57,30.65,2201,0.3135,4928,-182,-16294,71,317,86,0,0,0
74831,31.57,30.65,4293,0.3379,3754,108,-11838,63,288,75,0,0,0
74885,31.57,30.65,6926,0.5021,3972,-166,-8994,114,354,91,0,0,0
74905,31.57,30.65,10617,0.663,4286,48,-14758,102,382,80,0,0,0
74947,31.57,30.65,4912,0.6996,4286,48,-14758,102,382,80,0,0,0
74992,31.57,30.65,95,0.0135,4302,380,-9388,102,361,96,0,0,0
75051,31.57,30.65,8440,0.6026,4862,-20,-12634,132,379,83,0,0,0
75071,31.57,30.65,8040,0.4889,4504,210,-11198,66,318,84,0,0,0
75114,31.53,30.71,453,0.0645,4504,210,-11198,66,318,84,0,0,0
75134,31.53,30.71,6858,0.4039,4816,-502,-10562,112,383,85,0,0,0
75219,31.53,30.71,2441,0.3477,5166,-328,-16508,83,390,85,0,0,0
75239,31.53,30.71,10070,0.6576,3624,58,-9750,110,338,90,0,0,0
75281,31.53,30.71,4515,0.643,3624,58,-9750,110,338,90,0,0,0
75301,31.53,30.71,7868,0.5598,4182,-198,-12412,131,351,81,0,0,0
75344,31.53,30.71,1483,0.2112,4182,-198,-12412,131,351,81,0,0,0
75399,31.53,30.71,3375,0.4807,3932,394,-10430,73,324,80,0,0,0
75458,31.53,30.71,8347,0.4563,4690,-64,-9526,124,353,89,0,0,0
75479,31.53,30.71,9501,0.5481,5010,564,-13994,67,306,75,0,0,0
75521,31.53,30.71,2790,0.3974,5010,564,-13994,67,306,75,0,0,0
75541,31.53,30.71,6617,0.4053,4544,-376,-9858,128,346,88,0,0,0
75625,31.59,30.63,109,0.0155,5226,-540,-13824,102,399,86,0,0,0
75645,31.59,30.63,11097,0.5853,3414,-28,-10040,91,287,92,0,0,0
75688,31.59,30.63,5712,0.8135,3414,-28,-10040,91,287,92,0,0,0
75708,31.59,30.63,7827,0.5715,4286,240,-15346,53,384,87,0,0,0
75751,31.59,30.63,560,0.0798,4286,240,-15346,53,384,87,0,0,0
75795,31.59,30.63,3204,0.4563,4160,674,-12852,59,310,76,0,0,0
75855,31.59,30.63,8655,0.5619,4258,232,-8540,132,335,99,0,0,0
75875,31.59,30.63,4729,0.3854,4890,154,-13050,106,453,95,0,0,0
75926,31.59,30.63,8532,0.644,5190,400,-15356,77,323,70,0,0,0
75946,31.59,30.63,8115,0.5622,4408,4,-10462,95,287,93,0,0,0
76031,31.59,30.63,2169,0.3089,5108,-302,-16164,90,304,96,0,0,0
76051,31.59,30.63,8514,0.5669,4324,250,-13246,74,299,77,0,0,0
76093,31.59,30.63,6604,0.9406,4324,250,-13246,74,299,77,0,0,0
76113,31.59,30.63,10051,0.6398,4268,114,-13052,128,418,92,0,0,0
76156,31.53,30.59,3738,0.5324,4268,114,-13052,128,418,92,0,0,0
76200,31.53,30.59,1407,0.2004,4250,488,-15368,80,289,80,0,0,0
76259,31.53,30.59,4822,0.2973,3866,570,-10386,81,329,83,0,0,0
76280,31.53,30.59,9001,0.5354,5472,50,-16008,47,351,83,0,0,0
76322,31.53,30.59,1752,0.2495,5472,50,-16008,47,351,83,0,0,0
76342,31.53,30.59,8069,0.5147,4814,188,-13846,72,291,83,0,0,0
76426,31.53,30.59,4415,0.6288,4964,-490,-10384,144,360,91,0,0,0
76446,31.53,30.59,5609,0.4074,5224,-454,-15204,121,342,88,0,0,0
76496,31.53,30.59,2705,0.2103,4870,184,-15816,64,327,85,0,0,0
76517,31.53,30.59,10737,0.6396,4038,-292,-10278,119,382,89,0,0,0
76559,31.53,30.59,2123,0.3024,4038,-292,-10278,119,382,89,0,0,0
76605,31.53,30.59,5357,0.763,4338,304,-15560,71,321,80,0,0,0
76663,31.53,30.59,7281,0.4616,4076,566,-12524,48,322,78,0,0,0
76683,31.53,30.59,7041,0.5009,5098,-94,-13950,132,376,94,0,0,0
76725,31.57,30.73,1672,0.2381,5098,-94,-13950,132,376,94,0,0,0
76745,31.57,30.73,6492,0.3726,5068,476,-15188,43,343,76,0,0,0
76829,31.57,30.73,1770,0.2521,4558,-20,-10320,110,326,96,0,0,0
76849,31.57,30.73,8186,0.4565,5170,-244,-16348,66,320,83,0,0,0
76891,31.57,30.73,3776,0.5378,5170,-244,-16348,66,320,83,0,0,0
76911,31.57,30.73,9066,0.5621,3838,-240,-9710,113,345,95,0,0,0
76953,31.57,30.73,1224,0.1743,3838,-240,-9710,113,345,95,0,0,0
77011,31.57,30.73,1207,0.1719,4478,-28,-14402,102,374,84,0,0,0
77069,31.57,30.73,9458,0.4785,3868,266,-9372,120,308,91,0,0,0
77089,31.57,30.73,8435,0.5515,4858,-230,-11672,116,399,88,0,0,0
77132,31.57,30.73,197,0.0281,4858,-230,-11672,116,399,88,0,0,0
77152,31.57,30.73,6794,0.3686,4884,26,-12218,95,264,88,0,0,0
77237,31.57,30.73,5251,0.7479,4834,-662,-10628,124,379,97,0,0,0
77257,31.57,30.63,9478,0.6438,5218,-420,-15250,105,366,87,0,0,0
77300,31.57,30.63,6027,0.8584,5218,-420,-15250,105,366,87,0,0,0
77321,31.57,30.63,11521,0.5811,3866,-72,-9456,112,339,91,0,0,0
77362,31.57,30.63,2559,0.3645,3866,-72,-9456,112,339,91,0,0,0
77407,31.57,30.63,266,0.0379,4426,-4,-11956,106,408,81,0,0,0
77466,31.57,30.63,6361,0.4264,4426,360,-15388,76,304,90,0,0,0
77487,31.57,30.63,5772,0.5325,4050,468,-10776,75,306,83,0,0,0
77544,31.57,30.63,9024,0.5493,4568,-122,-9828,103,403,90,0,0,0
77564,31.57,30.63,6262,0.444,5238,624,-14626,69,331,89,0,0,0
77649,31.57,30.63,6787,0.9666,4702,-66,-10846,113,347,87,0,0,0
77669,31.57,30.63,9655,0.6624,5408,-472,-14448,122,387,91,0,0,0
77711,31.57,30.63,949,0.1352,5054,54,-16154,50,323,82,0,0,0
77731,31.57,30.63,10403,0.6366,3614,22,-11050,84,265,82,0,0,0
77774,31.57,30.63,851,0.1212,3614,22,-11050,84,265,82,0,0,0
77818,31.57,30.63,2788,0.3971,4326,-310,-10012,99,405,79,0,0,0
77877,31.57,30.63,10138,0.5375,4558,722,-13422,70,317,86,0,0,0
77897,31.57,30.63,8876,0.5493,4296,154,-8304,90,364,85,0,0,0
77939,31.57,30.63,5065,0.7214,4296,154,-8304,90,364,85,0,0,0
77959,31.57,30.63,9598,0.657,5548,506,-15722,67,336,84,0,0,0
78044,31.57,30.63,6443,0.9176,4758,164,-11916,104,280,89,0,0,0
78064,31.57,30.63,4800,0.3602,4758,164,-11916,104,280,89,0,0,0
78119,31.57,30.63,7321,0.5539,5168,-28,-17100,68,351,75,0,0,0
78139,31.57,30.63,6441,0.5715,4522,320,-14428,85,308,74,0,0,0
78182,31.57,30.63,3912,0.5572,4522,320,-14428,85,308,74,0,0,0
78226,31.57,30.63,1192,0.1698,4000,-78,-8842,126,305,92,0,0,0
78286,31.57,30.63,9453,0.54,4500,532,-16002,64,298,82,0,0,0
78306,31.57,30.63,8149,0.4533,3860,200,-10618,66,319,84,0,0,0
78347,31.53,30.65,4471,0.6368,3860,200,-10618,66,319,84,0,0,0
78368,31.53,30.65,8899,0.5903,5482,142,-16046,73,343,87,0,0,0
78452,31.53,30.65,3876,0.552,5266,334,-14040,93,301,94,0,0,0
78472,31.53,30.65,8062,0.5976,5470,-470,-15502,121,369,97,0,0,0
78515,31.53,30.65,1690,0.2407,5470,-470,-15502,121,369,97,0,0,0
78535,31.53,30.65,6576,0.444,5012,266,-16086,52,327,81,0,0,0
78577,31.53,30.65,102,0.0145,5012,266,-16086,52,327,81,0,0,0
78630,31.53,30.65,5369,0.7647,4214,-222,-10820,123,392,80,0,0,0
78688,31.53,30.65,7528,0.5656,4512,182,-16282,77,353,87,0,0,0
78709,31.53,30.65,7284,0.4005,4440,570,-12696,74,302,79,0,0,0
78750,31.53,30.65,1859,0.2648,4628,258,-9360,109,370,99,0,0,0
78771,31.53,30.65,8216,0.4895,5494,-132,-14566,95,388,90,0,0,0
78854,31.53,30.65,7305,1.0404,5200,676,-15434,96,321,84,0,0,0
78875,31.59,30.59,7759,0.486,5358,-480,-13306,114,373,81,0,0,0
78917,31.59,30.59,3222,0.4589,5358,-480,-13306,114,373,81,0,0,0
78937,31.59,30.59,8150,0.492,5474,410,-17514,36,371,80,0,0,0
78980,31.59,30.59,811,0.1155,5474,410,-17514,36,371,80,0,0,0
79025,31.59,30.59,3036,0.4324,4180,386,-13056,77,265,87,0,0,0
79083,31.59,30.59,8867,0.5571,4868,350,-15008,113,400,82,0,0,0
79104,31.59,30.59,6644,0.4491,4868,350,-15008,113,400,82,0,0,0
79155,31.59,30.59,7103,0.545,4248,314,-9716,85,350,87,0,0,0
79176,31.59,30.59,10378,0.6165,5166,-324,-12352,132,384,95,0,0,0
79260,31.59,30.59,5235,0.7456,5658,288,-16624,63,345,84,0,0,0
79280,31.59,30.59,7230,0.5296,5134,-480,-10412,137,365,103,0,0,0
79323,31.59,30.59,142,0.0202,5134,-480,-10412,137,365,103,0,0,0
79343,31.59,30.59,9193,0.5619,5190,-494,-15998,96,335,88,0,0,0
79386,31.59,30.59,477,0.0679,5190,-494,-15998,96,335,88,0,0,0
79431,31.59,30.59,4326,0.6161,3974,142,-9762,108,346,87,0,0,0
79490,31.59,30.59,8725,0.4379,4580,-74,-12812,116,417,86,0,0,0
79511,31.59,30.59,10147,0.5423,4804,740,-16458,62,322,84,0,0,0
79552,31.59,30.59,619,0.0882,4016,568,-11294,65,295,92,0,0,0
79572,31.59,30.59,9573,0.4945,5030,-22,-10296,119,389,89,0,0,0
79659,31.59,30.59,2359,0.336,5494,-222,-15796,75,357,95,0,0,0
79680,31.59,30.59,7284,0.5175,5154,482,-14050,88,288,84,0,0,0
79731,31.59,30.59,5171,0.4597,4790,-304,-9900,130,368,99,0,0,0
79751,31.59,30.59,5989,0.4191,5352,212,-16804,45,368,74,0,0,0
79794,31.59,30.59,56,0.008,5352,212,-16804,45,368,74,0,0,0
79838,31.59,30.59,2263,0.3223,4076,198,-11484,67,296,88,0,0,0
79898,31.59,30.59,8150,0.5958,4340,-382,-10462,130,353,86,0,0,0
79918,31.59,30.59,6317,0.442,4458,670,-13732,63,299,80,0,0,0
79961,31.53,30.51,2723,0.3878,4458,670,-13732,63,299,80,0,0,0
79981,31.53,30.51,10749,0.626,4580,290,-9520,118,364,95,0,0,0
80064,31.53,30.51,4153,0.5915,5252,-62,-13996,144,352,95,0,0,0
80085,31.53,30.51,8752,0.5445,4892,206,-11192,87,301,89,0,0,0
80127,31.53,30.51,1366,0.1945,4892,206,-11192,87,301,89,0,0,0
80148,31.53,30.51,7235,0.4393,5378,-484,-12844,135,348,93,0,0,0
80189,31.53,30.51,6206,0.8839,5378,-484,-12844,135,348,93,0,0,0
80242,31.53,30.51,7985,1.1372,3982,238,-13306,72,275,83,0,0,0
80301,31.53,30.51,7041,0.5182,4144,-110,-9214,138,351,88,0,0,0
80321,31.53,30.51,9840,0.5859,4750,818,-15580,67,325,82,0,0,0
80363,31.53,30.51,1310,0.1866,4750,818,-15580,67,325,82,0,0,0
80383,31.53,30.51,8163,0.5048,4358,518,-9982,80,313,90,0,0,0
80467,31.57,30.53,3147,0.4482,5204,-82,-12242,115,419,90,0,0,0
80487,31.57,30.53,6021,0.3593,5028,352,-13194,75,290,87,0,0,0
80529,31.57,30.53,4459,0.6351,5028,352,-13194,75,290,87,0,0,0
80550,31.57,30.53,9357,0.5559,5278,-376,-10430,100,410,107,0,0,0
80591,31.57,30.53,14,0.002,5278,-376,-10430,100,410,107,0,0,0
80636,31.57,30.53,728,0.1037,4940,546,-16116,93,299,82,0,0,0
80695,31.57,30.53,7234,0.4161,4302,384,-10630,90,334,91,0,0,0
80715,31.57,30.53,5935,0.4196,4690,-288,-12688,132,387,88,0,0,0
80766,31.57,30.53,7305,0.489,4864,426,-17040,69,304,83,0,0,0
80786,31.57,30.53,9136,0.6053,3974,484,-11760,35,271,86,0,0,0
80870,31.57,30.53,5138,0.7318,4722,72,-9612,148,353,95,0,0,0
80890,31.57,30.53,9951,0.6783,5248,558,-14988,78,314,87,0,0,0
80932,31.57,30.53,1756,0.2501,5248,558,-14988,78,314,87,0,0,0
80953,31.57,30.53,6417,0.5037,5346,-642,-13844,119,367,95,0,0,0
80995,31.53,30.53,4645,0.6616,5346,-642,-13844,119,367,95,0,0,0
81040,31.53,30.53,2972,0.4233,5328,250,-17308,46,338,77,0,0,0
81098,31.53,30.53,6759,0.4983,4198,272,-12356,65,294,85,0,0,0
81119,31.53,30.53,11118,0.5346,4714,226,-15706,121,349,95,0,0,0
81161,31.53,30.53,4066,0.5791,4714,226,-15706,121,349,95,0,0,0
81181,31.53,30.53,6598,0.3978,4402,632,-14884,66,311,70,0,0,0
81266,31.53,30.53,3125,0.4451,4614,594,-10094,111,363,100,0,0,0
81287,31.53,30.53,6791,0.541,5524,92,-14142,90,458,90,0,0,0
81338,31.53,30.53,4982,0.4035,5748,648,-17170,50,356,74,0,0,0
81358,31.53,30.53,6916,0.4602,5472,-318,-12136,119,380,82,0,0,0
81400,31.53,30.53,2737,0.3898,5472,-318,-12136,119,380,82,0,0,0
81445,31.53,30.53,1512,0.2153,5588,-22,-17176,95,327,96,0,0,0
81504,31.53,30.53,8716,0.4914,4548,302,-14262,99,270,80,0,0,0
81524,31.53,30.53,10493,0.6209,4430,74,-13354,118,416,82,0,0,0
81566,31.53,30.47,4806,0.6845,4430,74,-13354,118,416,82,0,0,0
81587,31.53,30.47,9586,0.5744,4670,704,-15718,62,331,78,0,0,0
81671,31.53,30.47,236,0.0336,4062,446,-10806,50,354,81,0,0,0
81691,31.53,30.47,8655,0.5875,5652,34,-16588,105,307,96,0,0,0
81734,31.53,30.47,1574,0.2242,5652,34,-16588,105,307,96,0,0,0
81754,31.53,30.47,9259,0.516,5132,-380,-10310,106,382,97,0,0,0
81796,31.53,30.47,370,0.0527,5132,-380,-10310,106,382,97,0,0,0
81849,31.53,30.47,4125,0.5875,5588,-110,-15906,98,389,88,0,0,0
81908,31.53,30.47,8073,0.5313,5326,528,-17114,70,316,88,0,0,0
81928,31.53,30.47,8643,0.5286,4598,-42,-11580,122,381,83,0,0,0
81971,31.53,30.47,2084,0.2968,4598,-42,-11580,122,381,83,0,0,0
81991,31.53,30.47,9467,0.5949,5110,514,-17050,75,373,91,0,0,0
82076,31.51,30.65,832,0.1185,4768,202,-9992,138,357,106,0,0,0
82096,31.51,30.65,10867,0.6003,5528,84,-14684,85,418,87,0,0,0
82139,31.51,30.65,4984,0.7098,5528,84,-14684,85,418,87,0,0,0
82159,31.51,30.65,10538,0.5909,5036,28,-11056,102,317,99,0,0,0
82201,31.51,30.65,2097,0.2987,5036,28,-11056,102,317,99,0,0,0
82245,31.51,30.65,897,0.1278,5562,-442,-13498,117,369,91,0,0,0
82304,31.51,30.65,8920,0.4766,5430,-32,-17662,48,369,87,0,0,0
82325,31.51,30.65,9592,0.6384,4370,476,-14236,84,277,84,0,0,0
82375,31.51,30.65,7182,0.4981,4382,-30,-10116,117,362,100,0,0,0
82395,31.51,30.65,9746,0.5137,4768,1226,-16144,59,309,81,0,0,0
82479,31.51,30.65,5990,0.8531,4228,754,-10416,105,313,105,0,0,0
82499,31.51,30.65,9707,0.4908,5122,-44,-12580,128,405,84,0,0,0
82542,31.51,30.65,3900,0.5554,5122,-44,-12580,128,405,84,0,0,0
82562,31.51,30.65,7315,0.5625,4856,302,-12400,60,307,89,0,0,0
82604,31.51,30.59,3645,0.5191,4856,302,-12400,60,307,89,0,0,0
82649,31.51,30.59,3737,0.5322,5286,-424,-10786,131,355,99,0,0,0
82708,31.51,30.59,7318,0.4408,5292,-222,-16634,111,355,96,0,0,0
82728,31.51,30.59,9136,0.5039,3970,288,-10422,101,324,94,0,0,0
82770,31.51,30.59,2876,0.4096,3970,288,-10422,101,324,94,0,0,0
82791,31.51,30.59,9013,0.5772,4632,-244,-12378,130,389,85,0,0,0
82875,31.51,30.59,3361,0.4787,4148,626,-12260,65,309,82,0,0,0
82896,31.51,30.59,3949,0.3259,4148,626,-12260,65,309,82,0,0,0
82950,31.51,30.59,5916,0.4066,4998,272,-11086,105,416,97,0,0,0
82971,31.51,30.59,7371,0.5188,5218,632,-14234,93,286,93,0,0,0
83013,31.51,30.59,2364,0.3367,5218,632,-14234,93,286,93,0,0,0
83058,31.51,30.59,1765,0.2514,5036,-152,-10318,117,332,104,0,0,0
83116,31.51,30.59,8587,0.5227,5342,356,-16900,69,307,82,0,0,0
83136,31.51,30.59,8735,0.4439,4064,378,-12362,84,290,89,0,0,0
83178,31.51,30.63,71,0.0101,4064,378,-12362,84,290,89,0,0,0
83198,31.51,30.63,7976,0.504,4678,284,-15756,95,369,96,0,0,0
83283,31.51,30.63,3539,0.504,4560,998,-14580,65,336,79,0,0,0
83303,31.51,30.63,8248,0.5903,4686,428,-10264,117,372,96,0,0,0
83345,31.51,30.63,2423,0.3451,4686,428,-10264,117,372,96,0,0,0
83365,31.51,30.63,8963,0.5753,5536,454,-16644,64,317,83,0,0,0
83408,31.51,30.63,6712,0.9559,5536,454,-16644,64,317,83,0,0,0
83465,31.51,30.63,1531,0.218,4814,90,-11390,97,289,98,0,0,0
83523,31.51,30.63,11658,0.6391,5612,126,-17850,83,375,88,0,0,0
83543,31.51,30.63,10659,0.5806,4674,498,-14186,91,271,83,0,0,0
83585,31.51,30.63,4615,0.6573,4674,498,-14186,91,271,83,0,0,0
83605,31.51,30.63,7617,0.6203,4480,-54,-13122,112,417,86,0,0,0
83689,31.51,30.63,8038,1.1448,4456,822,-15574,73,313,84,0,0,0
83709,31.57,30.65,9492,0.5495,4250,446,-11164,67,346,84,0,0,0
83751,31.57,30.65,3065,0.4365,4250,446,-11164,67,346,84,0,0,0
83772,31.57,30.65,8661,0.5748,5586,136,-16166,88,293,91,0,0,0
83814,31.57,30.65,5403,0.7695,5586,136,-16166,88,293,91,0,0,0
83859,31.57,30.65,2721,0.3875,5186,644,-13892,64,323,85,0,0,0
83918,31.57,30.65,5902,0.374,5422,-320,-15756,124,373,87,0,0,0
83939,31.57,30.65,8345,0.5774,5422,-320,-15756,124,373,87,0,0,0
83989,31.57,30.65,6028,0.5403,5210,672,-17312,71,308,85,0,0,0
84009,31.57,30.65,11410,0.6057,4700,54,-11574,106,394,88,0,0,0
84094,31.57,30.65,7479,1.0652,4896,280,-16234,97,304,85,0,0,0
84114,31.57,30.65,8125,0.4619,4260,618,-13034,44,328,81,0,0,0
84156,31.57,30.65,1452,0.2068,4550,332,-9736,135,367,105,0,0,0
84176,31.57,30.65,8294,0.5909,5292,46,-14682,125,353,91,0,0,0
84219,31.53,30.63,99,0.0141,5292,46,-14682,125,353,91,0,0,0
84263,31.53,30.63,1533,0.2183,5146,808,-15438,81,333,82,0,0,0
84322,31.53,30.63,6468,0.3844,5306,-332,-13690,102,395,97,0,0,0
84343,31.53,30.63,6136,0.4032,5366,160,-17692,67,302,86,0,0,0
84384,31.53,30.63,80,0.0114,5366,160,-17692,67,302,86,0,0,0
84404,31.53,30.63,7269,0.5165,4352,154,-9728,107,381,86,0,0,0
84489,31.53,30.63,6066,0.8639,4786,414,-15214,109,394,94,0,0,0
84510,31.53,30.63,5568,0.4069,4786,414,-15214,109,394,94,0,0,0
84561,31.53,30.63,6493,0.4329,4324,332,-10108,103,333,95,0,0,0
84582,31.53,30.63,9583,0.5476,5148,140,-12952,107,417,83,0,0,0
84623,31.53,30.63,3389,0.4827,5148,140,-12952,107,417,83,0,0,0
84669,31.53,30.63,3126,0.4452,5522,302,-16436,73,313,89,0,0,0
84729,31.53,30.63,7450,0.4861,5188,-630,-11008,121,382,94,0,0,0
84749,31.53,30.63,7124,0.4568,5518,-18,-17140,69,392,93,0,0,0
84792,31.53,30.63,1753,0.2497,5518,-18,-17140,69,392,93,0,0,0
84812,31.53,30.63,8621,0.5039,4076,160,-10016,99,343,99,0,0,0
84897,31.53,30.63,2643,0.3764,4316,34,-12512,131,390,88,0,0,0
84917,31.53,30.63,9655,0.6526,4014,648,-11436,69,305,90,0,0,0
84958,31.53,30.63,3206,0.4566,4014,648,-11436,69,305,90,0,0,0
84979,31.53,30.63,7930,0.5821,5068,254,-10580,112,420,88,0,0,0
85021,31.53,30.63,518,0.0738,5068,254,-10580,112,420,88,0,0,0
85074,31.53,30.63,3149,0.4485,5500,358,-15706,71,342,93,0,0,0
85133,31.53,30.63,9314,0.5301,4884,-192,-10386,126,355,96,0,0,0
85154,31.53,30.63,7851,0.4527,5188,-300,-15006,132,331,92,0,0,0
85196,31.53,30.63,3857,0.5493,5200,490,-16384,51,347,80,0,0,0
85216,31.53,30.63,6318,0.6344,3784,348,-10974,84,294,85,0,0,0
85301,31.57,30.67,4589,0.6536,4288,-306,-10138,112,339,89,0,0,0
85321,31.57,30.67,7545,0.5187,4310,738,-13196,76,307,89,0,0,0
85363,31.57,30.67,5149,0.7333,4310,738,-13196,76,307,89,0,0,0
85383,31.57,30.67,11264,0.6039,4354,188,-9314,108,372,88,0,0,0
85426,31.57,30.67,1016,0.1447,4354,188,-9314,108,372,88,0,0,0
85470,31.57,30.67,1522,0.2168,5352,-34,-14070,106,408,99,0,0,0
85529,31.57,30.67,8254,0.4945,4532,176,-10792,78,327,100,0,0,0
85550,31.57,30.67,4486,0.3484,4532,176,-10792,78,327,100,0,0,0
85602,31.57,30.67,6591,0.5771,5352,-238,-17382,84,321,90,0,0,0
85622,31.57,30.67,8240,0.588,3996,234,-12776,61,275,76,0,0,0
85707,31.57,30.67,2944,0.4193,3906,-172,-9520,121,348,95,0,0,0
85727,31.57,30.67,8621,0.4898,4212,960,-14876,74,336,80,0,0,0
85770,31.57,30.67,1544,0.2199,4212,960,-14876,74,336,80,0,0,0
85790,31.57,30.67,5615,0.3673,4262,420,-10276,84,351,94,0,0,0
85832,31.53,30.77,1642,0.2339,4262,420,-10276,84,351,94,0,0,0
85877,31.53,30.77,2282,0.325,5330,452,-16326,55,332,87,0,0,0
85936,31.53,30.77,8536,0.4782,4794,306,-12856,73,303,85,0,0,0
85956,31.53,30.77,10620,0.5623,4846,-750,-10144,132,378,96,0,0,0
85998,31.53,30.77,39,0.0056,5458,-382,-15932,114,356,104,0,0,0
86018,31.53,30.77,6331,0.4059,4528,708,-15860,71,313,78,0,0,0
86103,31.53,30.77,6750,0.9614,4004,486,-9266,88,348,96,0,0,0
86123,31.53,30.77,6183,0.4941,4344,-4,-11976,150,350,80,0,0,0
86174,31.53,30.77,4747,0.3993,4460,504,-16410,57,352,87,0,0,0
86194,31.53,30.77,7307,0.4771,4234,752,-11706,55,313,85,0,0,0
86236,31.53,30.77,3150,0.4486,4732,396,-10262,131,366,93,0,0,0
86281,31.53,30.77,1309,0.1864,5354,-24,-15242,106,343,93,0,0,0
86339,31.53,30.77,5247,0.3818,4732,558,-14392,86,288,90,0,0,0
86359,31.53,30.77,8450,0.5342,5148,-418,-14278,143,349,87,0,0,0
86401,31.51,30.63,2805,0.3995,5148,-418,-14278,143,349,87,0,0,0
86421,31.51,30.63,8772,0.6093,5150,416,-17184,69,342,84,0,0,0
86505,31.51,30.63,3111,0.4431,3678,230,-11430,62,313,86,0,0,0
86525,31.51,30.63,7115,0.4236,4774,354,-15940,87,368,81,0,0,0
86567,31.51,30.63,2580,0.3675,4774,354,-15940,87,368,81,0,0,0
86587,31.51,30.63,9181,0.5138,4046,866,-13290,62,294,85,0,0,0
86629,31.51,30.63,123,0.0175,4046,866,-13290,62,294,85,0,0,0
86684,31.51,30.63,144,0.0205,5168,-62,-14692,122,405,89,0,0,0
86742,31.51,30.63,9514,0.5099,5210,496,-15456,58,302,93,0,0,0
86762,31.51,30.63,7863,0.5357,5084,-614,-12244,126,387,98,0,0,0
86804,31.51,30.63,3789,0.5396,5084,-614,-12244,126,387,98,0,0,0
86824,31.51,30.63,8928,0.5753,5090,-272,-16716,64,319,84,0,0,0
86908,31.51,30.63,7711,1.0982,4018,558,-13298,67,293,83,0,0,0
86928,31.57,30.65,10325,0.6753,4326,56,-14308,110,389,94,0,0,0
86971,31.57,30.65,2997,0.4268,4326,56,-14308,110,389,94,0,0,0
86991,31.57,30.65,10613,0.6396,4398,732,-14976,92,320,81,0,0,0
87034,31.57,30.65,5189,0.739,4398,732,-14976,92,320,81,0,0,0
87078,31.57,30.65,3793,0.5402,4910,170,-11646,112,420,94,0,0,0
87137,31.57,30.65,9711,0.597,5238,168,-15954,58,340,90,0,0,0
87158,31.57,30.65,6700,0.5156,4596,362,-13286,68,305,91,0,0,0
87208,31.57,30.65,4611,0.4362,4998,-420,-11256,92,416,89,0,0,0
87228,31.57,30.65,10207,0.5872,5420,-426,-15904,125,340,102,0,0,0
87313,31.57,30.65,5040,0.7178,4746,698,-15146,94,268,83,0,0,0
87333,31.57,30.65,6547,0.5182,4200,-92,-12028,130,387,91,0,0,0
87375,31.57,30.65,2052,0.2923,4200,-92,-12028,130,387,91,0,0,0
87395,31.57,30.65,7682,0.4822,4572,780,-16572,46,363,85,0,0,0
87438,31.53,30.67,1580,0.225,4058,600,-12008,74,307,87,0,0,0
87483,31.53,30.67,3171,0.4516,4718,160,-9760,114,388,95,0,0,0
87541,31.53,30.67,7776,0.5017,5058,64,-15254,103,369,101,0,0,0
87561,31.53,30.67,5952,0.3386,4720,-152,-10322,113,346,96,0,0,0
87604,31.53,30.67,1725,0.2457,4720,-152,-10322,113,346,96,0,0,0
87624,31.53,30.67,4694,0.327,5492,-370,-14596,138,370,94,0,0,0
87708,31.53,30.67,2059,0.2932,4982,228,-16708,48,341,89,0,0,0
87729,31.53,30.67,7169,0.5237,3596,66,-10794,89,244,94,0,0,0
87778,31.53,30.67,4742,0.3333,4242,-116,-9630,120,367,85,0,0,0
87798,31.53,30.67,10178,0.6116,4520,624,-13892,78,310,89,0,0,0
87841,31.53,30.67,2429,0.3459,4520,624,-13892,78,310,89,0,0,0
87885,31.53,30.67,3915,0.5576,4370,580,-9334,113,384,105,0,0,0
87945,31.53,30.67,8966,0.5051,5270,158,-14376,110,410,85,0,0,0
87965,31.53,30.67,6728,0.4716,4820,50,-11480,98,279,92,0,0,0
88007,31.53,30.67,684,0.0974,4820,50,-11480,98,279,92,0,0,0
88028,31.53,30.67,6112,0.4439,5248,-526,-12290,136,378,97,0,0,0
88112,31.53,30.67,904,0.1288,5094,-336,-16256,77,339,95,0,0,0
88133,31.53,30.67,8034,0.4674,3780,-60,-9168,115,325,98,0,0,0
88174,31.53,30.67,1393,0.1984,3780,-60,-9168,115,325,98,0,0,0
88195,31.53,30.67,9197,0.5283,4578,304,-13756,110,440,83,0,0,0
88236,31.53,30.67,3592,0.5116,4578,304,-13756,110,440,83,0,0,0
88289,31.53,30.67,4663,0.6641,3968,558,-9660,92,276,92,0,0,0
88348,31.53,30.67,4416,0.3283,4696,6,-10698,111,420,90,0,0,0
88368,31.53,30.67,9269,0.5241,4996,390,-12898,99,272,86,0,0,0
88410,31.53,30.67,4145,0.5903,4996,390,-12898,99,272,86,0,0,0
88430,31.53,30.67,7653,0.4345,4762,-590,-10488,135,353,111,0,0,0
88513,31.53,30.67,3371,0.4801,5084,-462,-15398,120,355,83,0,0,0
88534,31.53,30.67,6669,0.462,3788,140,-10142,91,326,82,0,0,0
88576,31.53,30.67,3712,0.5287,3788,140,-10142,91,326,82,0,0,0
88596,31.53,30.67,9723,0.6744,4104,-138,-10632,113,351,93,0,0,0
88639,31.53,30.67,6678,0.9511,4224,390,-15420,63,323,92,0,0,0
88684,31.53,30.67,5217,0.743,3758,632,-11610,69,328,88,0,0,0
88742,31.53,30.67,10411,0.6866,4472,-88,-9468,126,384,98,0,0,0
88763,31.53,30.67,6482,0.4205,5066,62,-14196,86,380,97,0,0,0
88812,31.53,30.67,5450,0.4273,4990,418,-14384,94,312,96,0,0,0
88832,31.53,30.67,9040,0.523,4428,-182,-9928,117,320,95,0,0,0
88917,31.53,30.67,3936,0.5606,4962,-668,-12930,102,385,93,0,0,0
88937,31.53,30.67,7589,0.489,3894,462,-12018,80,296,74,0,0,0
88980,31.53,30.67,4550,0.648,3894,462,-12018,80,296,74,0,0,0
89000,31.53,30.67,8697,0.533,4428,230,-14942,95,384,85,0,0,0
89042,31.51,30.65,3515,0.5006,4428,230,-14942,95,384,85,0,0,0
89087,31.51,30.65,2372,0.3378,4274,900,-13834,66,295,89,0,0,0
89145,31.51,30.65,6778,0.42,4118,440,-9054,99,378,102,0,0,0
89165,31.51,30.65,9942,0.6646,5220,554,-16286,49,361,88,0,0,0
89207,31.51,30.65,1602,0.2282,5220,554,-16286,49,361,88,0,0,0
89228,31.51,30.65,7230,0.514,4760,130,-12152,72,280,88,0,0,0
89312,31.51,30.65,1740,0.2478,4968,-694,-12060,124,387,102,0,0,0
89333,31.51,30.65,6201,0.5662,5284,-402,-16474,66,379,96,0,0,0
89385,31.51,30.65,7338,0.5498,4430,554,-14588,96,261,80,0,0,0
89405,31.51,30.65,7534,0.5465,4200,-174,-12716,128,387,78,0,0,0
89448,31.51,30.65,7958,1.1334,4200,-174,-12716,128,387,78,0,0,0
89493,31.51,30.65,2554,0.3637,4390,738,-15724,74,322,87,0,0,0
89552,31.51,30.65,7770,0.4723,3876,456,-9822,97,268,90,0,0,0
89572,31.51,30.65,8267,0.5082,5234,148,-15154,61,373,90,0,0,0
89615,31.49,30.73,2499,0.3559,5234,148,-15154,61,373,90,0,0,0
89635,31.49,30.73,8069,0.4483,4740,412,-13884,69,322,88,0,0,0
89719,31.49,30.73,1277,0.1819,5148,-454,-14460,129,388,95,0,0,0
89739,31.49,30.73,11433,0.5671,5008,308,-16576,71,299,88,0,0,0
89782,31.49,30.73,4393,0.6257,5008,308,-16576,71,299,88,0,0,0
89802,31.49,30.73,8555,0.5372,3996,-296,-9984,123,377,95,0,0,0
89845,31.49,30.73,2001,0.285,3996,-296,-9984,123,377,95,0,0,0
89900,31.49,30.73,1060,0.151,4556,222,-15714,77,355,83,0,0,0
89958,31.49,30.73,6875,0.461,4580,316,-9092,122,373,99,0,0,0
89979,31.49,30.73,6600,0.4258,5314,102,-14388,116,393,90,0,0,0
90021,31.49,30.73,2832,0.4033,5314,102,-14388,116,393,90,0,0,0
90042,31.49,30.73,6579,0.4219,4358,144,-10704,116,304,85,0,0,0
90127,31.49,30.67,1795,0.2556,5018,-518,-12184,117,387,97,0,0,0
90147,31.49,30.67,10529,0.598,4936,-62,-16428,61,322,87,0,0,0
90188,31.49,30.67,3491,0.4972,4936,-62,-16428,61,322,87,0,0,0
90209,31.49,30.67,9654,0.5335,4108,-248,-9496,99,375,100,0,0,0
90251,31.49,30.67,449,0.0639,4108,-248,-9496,99,375,100,0,0,0
90296,31.49,30.67,1832,0.2609,4608,280,-14896,81,401,82,0,0,0
90354,31.49,30.67,7206,0.4514,4450,870,-15174,70,328,93,0,0,0
90375,31.49,30.67,1874,0.1838,4312,356,-9590,67,371,84,0,0,0
90430,31.49,30.67,8782,0.5512,5116,262,-12226,108,401,88,0,0,0
90450,31.49,30.67,8252,0.4874,4794,188,-12256,94,268,87,0,0,0
90534,31.49,30.67,8788,1.2516,4912,-524,-10818,136,330,104,0,0,0
90554,31.49,30.67,10013,0.5395,5148,-498,-15778,108,356,91,0,0,0
90595,31.49,30.67,1937,0.2759,5148,-498,-15778,108,356,91,0,0,0
90616,31.49,30.67,8329,0.6102,3764,26,-9204,121,309,90,0,0,0
90657,31.51,30.73,2597,0.3699,3764,26,-9204,121,309,90,0,0,0
90702,31.51,30.73,476,0.0678,3992,-8,-11840,128,391,89,0,0,0
90760,31.51,30.73,7904,0.4955,3920,180,-10798,81,310,91,0,0,0
90780,31.51,30.73,8871,0.5626,4760,-106,-10090,119,388,95,0,0,0
90823,31.51,30.73,5121,0.7293,4760,-106,-10090,119,388,95,0,0,0
90843,31.51,30.73,8015,0.528,4858,566,-14294,92,320,87,0,0,0
90928,31.51,30.73,3482,0.4959,4802,-208,-10404,139,326,94,0,0,0
90949,31.51,30.73,7273,0.5727,4802,-208,-10404,139,326,94,0,0,0
91001,31.51,30.73,5309,0.3992,5008,-90,-15930,56,317,82,0,0,0
91021,31.51,30.73,9409,0.7321,3748,136,-11200,75,300,84,0,0,0
91064,31.51,30.73,3457,0.4924,3748,136,-11200,75,300,84,0,0,0
91109,31.51,30.73,2184,0.3111,4072,-276,-9900,111,375,92,0,0,0
91167,31.51,30.73,7263,0.5686,4314,698,-13718,86,285,94,0,0,0
91187,31.51,30.73,10714,0.6081,4644,232,-8964,125,369,93,0,0,0
91229,31.53,30.71,4732,0.6739,4644,232,-8964,125,369,93,0,0,0
91249,31.53,30.71,8915,0.4973,5338,310,-15512,59,350,96,0,0,0
91334,31.53,30.71,4712,0.6711,4406,62,-10658,88,297,84,0,0,0
91354,31.53,30.71,10081,0.5972,5102,-708,-11962,151,345,104,0,0,0
91396,31.53,30.71,3383,0.4818,5102,-708,-11962,151,345,104,0,0,0
91417,31.53,30.71,9824,0.5694,4084,450,-13120,81,267,88,0,0,0
91459,31.53,30.71,955,0.136,4084,450,-13120,81,267,88,0,0,0
91515,31.53,30.71,2582,0.3677,4072,-66,-9150,134,359,97,0,0,0
91573,31.53,30.71,8181,0.5658,4682,840,-15242,62,340,91,0,0,0
91593,31.53,30.71,5699,0.4686,3660,218,-9814,84,292,88,0,0,0
91636,31.53,30.71,2709,0.3858,3660,218,-9814,84,292,88,0,0,0
91656,31.53,30.71,8614,0.5013,5412,-40,-15354,53,369,92,0,0,0
91741,31.53,30.73,3645,0.5191,4936,548,-13766,69,312,92,0,0,0
91761,31.53,30.73,10225,0.6051,5216,-348,-15696,108,380,99,0,0,0
91803,31.53,30.73,7205,1.0262,5216,-348,-15696,108,380,99,0,0,0
91823,31.53,30.73,7584,0.5679,4700,308,-15052,81,285,82,0,0,0
91866,31.53,30.73,2156,0.3071,4700,308,-15052,81,285,82,0,0,0
91911,31.53,30.73,54,0.0077,3344,-158,-9104,85,323,95,0,0,0
91971,31.53,30.73,6063,0.42,4652,368,-16714,45,366,89,0,0,0
91991,31.53,30.73,2699,0.2611,4652,368,-16714,45,366,89,0,0,0
92041,31.53,30.73,8898,0.7648,4574,104,-9716,135,396,93,0,0,0
92061,31.53,30.73,9508,0.6043,5332,36,-14714,108,389,97,0,0,0
92144,31.53,30.73,5327,0.7587,5352,676,-15102,73,296,87,0,0,0
92165,31.53,30.73,6349,0.414,5310,-634,-13004,122,384,89,0,0,0
92206,31.53,30.73,1507,0.2146,5310,-634,-13004,122,384,89,0,0,0
92227,31.53,30.73,9949,0.5366,5074,204,-16768,55,315,84,0,0,0
92269,31.51,30.65,5961,0.849,5074,204,-16768,55,315,84,0,0,0
92314,31.51,30.65,4547,0.6476,3932,84,-11590,73,272,84,0,0,0
92373,31.51,30.65,7337,0.4779,4368,-128,-14510,109,351,90,0,0,0
92393,31.51,30.65,7336,0.4305,4362,730,-13850,45,333,86,0,0,0
92435,31.51,30.65,2504,0.3566,4362,730,-13850,45,333,86,0,0,0
92455,31.51,30.65,7987,0.5088,5158,-94,-12208,123,390,92,0,0,0
92540,31.51,30.65,3047,0.434,5280,444,-16024,72,312,89,0,0,0
92561,31.51,30.65,7968,0.5767,4500,324,-11824,79,307,88,0,0,0
92612,31.51,30.65,7515,0.463,4958,-834,-10884,110,389,91,0,0,0
92633,31.51,30.65,10694,0.6115,5198,-498,-16396,99,321,83,0,0,0
92674,31.51,30.65,3794,0.5404,5198,-498,-16396,99,321,83,0,0,0
92720,31.51,30.65,4973,0.7083,3400,-100,-8282,108,324,91,0,0,0
92779,31.51,30.65,6319,0.3889,4088,-98,-12508,139,401,86,0,0,0
92800,31.51,30.65,8244,0.5969,4326,522,-14996,70,314,88,0,0,0
92842,31.51,30.59,2228,0.3173,3892,376,-10766,60,343,83,0,0,0
92862,31.51,30.59,6173,0.3736,4800,-110,-9702,128,398,93,0,0,0
92947,31.51,30.59,6783,0.9661,5210,56,-15284,96,348,102,0,0,0
92967,31.51,30.59,9983,0.6202,4996,-392,-9598,111,359,101,0,0,0
93010,31.51,30.59,5055,0.7199,4996,-392,-9598,111,359,101,0,0,0
93030,31.51,30.59,6839,0.6168,5408,-352,-14646,139,373,88,0,0,0
93071,31.51,30.59,1901,0.2707,5408,-352,-14646,139,373,88,0,0,0
93127,31.51,30.59,2677,0.3813,3612,-50,-10820,57,306,97,0,0,0
93185,31.51,30.59,7684,0.4599,4428,-230,-10218,122,373,75,0,0,0
93206,31.51,30.59,9203,0.5998,4452,742,-12850,59,338,83,0,0,0
93248,31.51,30.59,411,0.0585,4452,742,-12850,59,338,83,0,0,0
93268,31.51,30.59,7591,0.5039,4336,180,-9184,146,349,100,0,0,0
93353,31.51,30.65,6785,0.9663,5194,-46,-14210,117,354,93,0,0,0
93373,31.51,30.65,8273,0.505,4892,112,-10770,87,303,89,0,0,0
93415,31.51,30.65,4829,0.6878,4892,112,-10770,87,303,89,0,0,0
93435,31.51,30.65,10732,0.6179,5402,-648,-12624,127,343,95,0,0,0
93477,31.51,30.65,338,0.0481,5402,-648,-12624,127,343,95,0,0,0
93521,31.51,30.65,3634,0.5176,4042,88,-13116,83,278,83,0,0,0
93580,31.51,30.65,8162,0.6063,3990,-152,-9552,137,333,92,0,0,0
93601,31.51,30.65,7802,0.5887,4548,38,-14004,110,414,81,0,0,0
93650,31.51,30.65,9151,0.6759,4560,884,-15586,62,331,90,0,0,0
93671,31.51,30.65,6046,0.3791,4190,456,-10000,85,306,95,0,0,0
93758,31.51,30.65,3038,0.4327,5070,-100,-11850,132,392,88,0,0,0
93779,31.51,30.65,9666,0.5815,4884,122,-12960,101,262,89,0,0,0
93821,31.51,30.65,3255,0.4636,4884,122,-12960,101,262,89,0,0,0
93841,31.51,30.65,6201,0.4405,5234,-326,-15810,101,370,94,0,0,0
93884,31.51,30.67,5468,0.7788,5234,-326,-15810,101,370,94,0,0,0
93929,31.51,30.67,3762,0.5358,4818,472,-16208,68,318,78,0,0,0
93989,31.51,30.67,8137,0.5101,3904,40,-10210,85,310,91,0,0,0
94009,31.51,30.67,6226,0.3876,4714,422,-16218,57,355,88,0,0,0
94051,31.51,30.67,3632,0.5173,4714,422,-16218,57,355,88,0,0,0
94072,31.51,30.67,6022,0.4099,4006,666,-11596,68,295,88,0,0,0
94155,31.51,30.67,659,0.0939,4766,96,-9470,130,368,99,0,0,0
94176,31.51,30.67,5794,0.424,5374,64,-15408,104,396,94,0,0,0
94228,31.51,30.67,5217,0.3781,5290,478,-15074,74,304,86,0,0,0
94249,31.51,30.67,9903,0.4688,5360,-596,-13578,120,357,86,0,0,0
94292,31.51,30.67,2060,0.2934,5360,-596,-13578,120,357,86,0,0,0
94336,31.51,30.67,333,0.0474,5092,26,-16428,44,314,85,0,0,0
94394,31.51,30.67,8347,0.5388,3538,30,-11206,69,286,86,0,0,0
94415,31.51,30.67,6345,0.4214,4464,340,-15508,89,405,85,0,0,0
94456,31.51,30.65,2990,0.4258,4464,340,-15508,89,405,85,0,0,0
94476,31.51,30.65,6790,0.3936,4446,708,-14776,60,316,85,0,0,0
94561,31.51,30.65,3560,0.507,4430,204,-9720,142,339,101,0,0,0
94581,31.51,30.65,9639,0.5523,5568,488,-16516,39,383,84,0,0,0
94623,31.51,30.65,4099,0.5838,5568,488,-16516,39,383,84,0,0,0
94644,31.51,30.65,8668,0.5463,5442,-520,-11538,130,347,99,0,0,0
94686,31.51,30.65,636,0.0906,5442,-520,-11538,130,347,99,0,0,0
94744,31.51,30.65,4186,0.5962,5294,-346,-16432,101,303,96,0,0,0
94803,31.51,30.65,9865,0.6834,3998,-46,-9374,105,340,93,0,0,0
94824,31.51,30.65,7118,0.4526,4596,-136,-12898,135,397,93,0,0,0
94865,31.51,30.65,2845,0.4052,4596,-136,-12898,135,397,93,0,0,0
94885,31.51,30.65,9062,0.5151,4340,498,-11374,75,321,87,0,0,0
94969,31.51,30.65,8076,1.1502,5080,-82,-11554,88,419,99,0,0,0
94990,31.53,30.65,10974,0.596,5860,394,-16366,61,376,75,0,0,0
95032,31.53,30.65,1814,0.2584,5860,394,-16366,61,376,75,0,0,0
95053,31.53,30.65,6610,0.5134,5298,-298,-11160,132,343,102,0,0,0
95095,31.53,30.65,6559,0.9342,5298,-298,-11160,132,343,102,0,0,0
95140,31.53,30.65,5819,0.8288,5512,-238,-16092,126,350,98,0,0,0
95199,31.53,30.65,8386,0.4827,5128,356,-16648,80,306,85,0,0,0
95220,31.53,30.65,9151,0.6319,4138,194,-11494,86,314,85,0,0,0
95269,31.53,30.65,5217,0.3483,4562,-146,-11722,122,387,90,0,0,0
95290,31.53,30.65,9626,0.5777,4350,714,-13724,71,272,87,0,0,0
95374,31.53,30.65,6523,0.929,5040,232,-10728,85,412,98,0,0,0
95394,31.53,30.65,7945,0.5366,5548,200,-15964,108,374,90,0,0,0
95436,31.53,30.65,1023,0.1457,5548,200,-15964,108,374,90,0,0,0
95457,31.53,30.65,6398,0.4804,4972,96,-10768,87,324,85,0,0,0
95499,31.53,30.65,873,0.1243,4972,96,-10768,87,324,85,0,0,0
95544,31.53,30.65,3045,0.4337,5492,-342,-13324,126,366,98,0,0,0
95602,31.53,30.65,8418,0.5092,5702,208,-17414,65,311,82,0,0,0
95622,31.53,30.65,5169,0.3064,4494,-156,-9754,127,363,93,0,0,0
95665,31.53,30.65,2051,0.2921,4494,-156,-9754,127,363,93,0,0,0
95685,31.53,30.65,10445,0.6032,4638,816,-14814,56,331,87,0,0,0
95770,31.53,30.65,4618,0.6577,4492,528,-9946,106,341,88,0,0,0
95790,31.53,30.65,1072,0.0943,4492,528,-9946,106,341,88,0,0,0
95845,31.53,30.65,8490,0.5534,5704,424,-16418,35,359,85,0,0,0
95865,31.53,30.65,9486,0.4739,5042,256,-13078,80,303,88,0,0,0
95908,31.53,30.65,959,0.1366,5042,256,-13078,80,303,88,0,0,0
95953,31.53,30.65,813,0.1158,5280,-480,-11056,117,351,102,0,0,0
96012,31.53,30.65,7872,0.5359,4744,432,-15078,89,273,87,0,0,0
96032,31.53,30.65,9428,0.6411,3874,212,-9604,105,333,94,0,0,0
96074,31.51,30.65,1861,0.265,3874,212,-9604,105,333,94,0,0,0
96094,31.51,30.65,8132,0.5397,4702,832,-16382,68,338,80,0,0,0
96180,31.51,30.65,3332,0.4746,4260,604,-11574,54,329,91,0,0,0
96200,31.51,30.65,5832,0.3744,5194,32,-11364,113,405,93,0,0,0
96242,31.51,30.65,1514,0.2156,5194,32,-11364,113,405,93,0,0,0
96262,31.51,30.65,4062,0.2793,5362,472,-14168,97,283,93,0,0,0
96304,31.51,30.65,1564,0.2227,5362,472,-14168,97,283,93,0,0,0
96364,31.51,30.65,201,0.0286,5408,-414,-15012,118,360,100,0,0,0
96422,31.51,30.65,9301,0.5833,5164,450,-16196,75,311,87,0,0,0
96442,31.51,30.65,9585,0.5696,3758,220,-10624,75,305,79,0,0,0
96484,31.51,30.65,4117,0.5864,4378,-204,-11008,110,382,92,0,0,0
96504,31.51,30.65,7080,0.4894,4748,318,-16674,91,354,86,0,0,0
96589,31.53,30.67,994,0.1416,4468,634,-13468,51,310,84,0,0,0
96610,31.53,30.67,7320,0.4696,5428,68,-15214,83,420,90,0,0,0
96651,31.53,30.67,2904,0.4136,5428,68,-15214,83,420,90,0,0,0
96671,31.53,30.67,6016,0.4013,5474,784,-15938,84,318,90,0,0,0
96714,31.53,30.67,1498,0.2133,5474,784,-15938,84,318,90,0,0,0
96758,31.53,30.67,921,0.1312,5142,126,-11094,109,333,97,0,0,0
96816,31.53,30.67,7211,0.5483,5460,102,-16884,81,306,96,0,0,0
96836,31.53,30.67,6397,0.5039,5460,102,-16884,81,306,96,0,0,0
96887,31.53,30.67,2997,0.312,4402,-162,-9714,124,361,97,0,0,0
96907,31.53,30.67,9726,0.5581,4606,152,-15056,116,402,94,0,0,0
96991,31.53,30.67,5557,0.7914,4774,960,-15282,63,292,84,0,0,0
97011,31.53,30.67,7960,0.4718,5186,56,-12864,109,407,88,0,0,0
97053,31.53,30.67,2051,0.2921,5186,56,-12864,109,407,88,0,0,0
97073,31.53,30.67,9128,0.5531,5616,292,-16820,62,328,96,0,0,0
97116,31.51,30.67,2395,0.3411,5616,292,-16820,62,328,96,0,0,0
97161,31.51,30.67,433,0.0617,5024,114,-12156,82,303,87,0,0,0
97220,31.51,30.67,8209,0.5131,5434,-448,-16514,103,366,95,0,0,0
97240,31.51,30.67,8993,0.5809,4914,412,-15452,71,322,74,0,0,0
97283,31.51,30.67,3332,0.4746,4914,412,-15452,71,322,74,0,0,0
97303,31.51,30.67,8521,0.5322,4580,38,-13044,130,414,98,0,0,0
97388,31.51,30.67,1625,0.2314,4706,766,-16650,59,320,77,0,0,0
97409,31.51,30.67,4349,0.3019,4170,554,-11780,59,322,94,0,0,0
97460,31.51,30.67,11638,0.7597,5108,138,-10502,124,371,87,0,0,0
97480,31.51,30.67,9048,0.4302,5508,-92,-16038,80,377,95,0,0,0
97522,31.51,30.67,2338,0.333,5508,-92,-16038,80,377,95,0,0,0
97566,31.51,30.67,1327,0.189,5078,-110,-10896,136,320,94,0,0,0
97624,31.51,30.67,7938,0.5334,5490,-304,-14908,120,395,93,0,0,0
97645,31.51,30.67,8960,0.5872,4030,414,-11548,85,288,93,0,0,0
97687,31.51,30.65,4387,0.6248,4030,414,-11548,85,288,93,0,0,0
97708,31.51,30.65,9758,0.6664,4466,-210,-10898,129,348,93,0,0,0
97793,31.51,30.65,820,0.1168,4682,258,-15556,84,357,83,0,0,0
97813,31.51,30.65,7146,0.3419,4592,236,-9778,123,355,96,0,0,0
97855,31.51,30.65,3029,0.4314,4592,236,-9778,123,355,96,0,0,0
97875,31.51,30.65,6893,0.431,5254,16,-14476,96,391,100,0,0,0
97917,31.51,30.65,74,0.0105,5254,16,-14476,96,391,100,0,0,0
97970,31.51,30.65,516,0.0735,4838,194,-10832,91,318,84,0,0,0
98029,31.51,30.65,9036,0.5396,5446,-508,-12008,96,390,90,0,0,0
98050,31.51,30.65,9893,0.5451,4140,400,-13724,77,247,82,0,0,0
98091,31.51,30.65,3136,0.4466,4140,400,-13724,77,247,82,0,0,0
98111,31.51,30.65,8801,0.5627,4178,-46,-9438,119,347,100,0,0,0
98196,31.51,30.65,4189,0.5966,4530,62,-14012,129,394,89,0,0,0
98216,31.51,30.65,8394,0.4661,4188,630,-10092,80,335,105,0,0,0
98259,31.51,30.65,1947,0.2773,4188,630,-10092,80,335,105,0,0,0
98279,31.51,30.65,7436,0.4123,5174,36,-12236,113,400,86,0,0,0
98322,31.51,30.65,374,0.0533,5174,36,-12236,113,400,86,0,0,0
98366,31.51,30.65,147,0.0209,5142,592,-13092,88,300,99,0,0,0
98426,31.51,30.65,8713,0.618,5262,-398,-10848,141,360,94,0,0,0
98446,31.51,30.65,6502,0.603,5238,-562,-15876,123,310,93,0,0,0
98500,31.51,30.65,3632,0.2816,4594,534,-15506,64,310,84,0,0,0
98520,31.51,30.65,7818,0.5516,4168,330,-10290,84,378,91,0,0,0
98605,31.51,30.65,3033,0.432,4596,582,-15822,76,320,85,0,0,0
98626,31.51,30.65,8292,0.5391,3938,912,-11400,80,244,95,0,0,0
98668,31.51,30.65,2267,0.3229,3938,912,-11400,80,244,95,0,0,0
98688,31.51,30.65,9952,0.5633,5720,226,-16290,69,399,86,0,0,0
98731,31.57,30.65,2670,0.3803,5720,226,-16290,69,399,86,0,0,0
98776,31.57,30.65,546,0.0778,5170,496,-14792,69,313,92,0,0,0
98835,31.57,30.65,8589,0.5367,4816,-186,-10666,124,335,97,0,0,0
98855,31.57,30.65,7584,0.4554,5312,486,-17244,50,345,84,0,0,0
98898,31.57,30.65,6288,0.8956,5312,486,-17244,50,345,84,0,0,0
98918,31.57,30.65,10305,0.572,4196,152,-12082,64,308,82,0,0,0
99002,31.57,30.65,2719,0.3872,4470,-356,-10582,126,341,99,0,0,0
99023,31.57,30.65,5586,0.4909,4638,334,-16230,94,341,85,0,0,0
99077,31.57,30.65,8326,0.5873,4594,984,-14324,63,332,97,0,0,0
99097,31.57,30.65,7608,0.4464,5160,86,-13984,133,370,95,0,0,0
99140,31.57,30.65,3548,0.5053,5160,86,-13984,133,370,95,0,0,0
99184,31.57,30.65,4478,0.6378,5302,682,-16234,44,356,86,0,0,0
99244,31.57,30.65,8149,0.5246,4776,164,-11436,71,332,97,0,0,0
99264,31.57,30.65,6730,0.4303,5230,-74,-17536,93,304,87,0,0,0
99306,31.49,30.65,4500,0.6409,5230,-74,-17536,93,304,87,0,0,0
99326,31.49,30.65,7413,0.5274,4560,558,-14430,78,301,89,0,0,0
99409,31.49,30.65,2614,0.3723,4524,130,-13416,131,369,91,0,0,0
99430,31.49,30.65,7766,0.4515,4370,852,-15642,72,308,89,0,0,0
99472,31.49,30.65,4791,0.6823,4370,852,-15642,72,308,89,0,0,0
99492,31.49,30.65,9736,0.5108,5072,186,-11876,86,459,90,0,0,0
99534,31.49,30.65,2228,0.3173,5072,186,-11876,86,459,90,0,0,0
99591,31.49,30.65,3433,0.4889,5878,412,-16880,66,350,96,0,0,0
99649,31.49,30.65,6887,0.4877,5222,-184,-10868,148,360,108,0,0,0
99669,31.49,30.65,7283,0.4963,5592,-148,-16238,115,363,96,0,0,0
99712,31.49,30.65,441,0.0628,5592,-148,-16238,115,363,96,0,0,0
99732,31.49,30.65,6052,0.4013,4082,242,-10426,92,310,93,0,0,0
99817,31.53,30.63,2401,0.342,4516,-24,-11770,116,374,80,0,0,0
99837,31.53,30.63,6752,0.4713,4604,380,-16188,66,333,88,0,0,0
99879,31.53,30.63,1823,0.2596,4604,380,-16188,66,333,88,0,0,0
99899,31.53,30.63,7425,0.5139,4736,200,-9962,137,351,97,0,0,0
99942,31.53,30.63,1179,0.1679,4736,200,-9962,137,351,97,0,0,0
99986,31.53,30.63,3439,0.4898,5504,214,-16080,89,399,98,0,0,0
100046,31.53,30.63,9399,0.4779,4934,-16,-10118,101,348,95,0,0,0
100066,31.53,30.63,7183,0.5132,4934,-16,-10118,101,348,95,0,0,0
100117,31.53,30.63,6896,0.6068,5356,-390,-13582,112,389,88,0,0,0
100137,31.53,30.63,7677,0.4383,4276,456,-12774,87,291,81,0,0,0
100222,31.53,30.63,2299,0.3274,4318,-78,-9868,125,381,98,0,0,0
100242,31.53,30.63,9710,0.6165,4522,258,-15690,110,375,85,0,0,0
100286,31.53,30.63,1206,0.1718,4572,980,-14820,60,328,83,0,0,0
100306,31.53,30.63,8871,0.5856,4466,458,-10274,110,350,95,0,0,0
100350,31.49,30.57,2072,0.2951,4466,458,-10274,110,350,95,0,0,0
100395,31.49,30.57,2356,0.3355,5158,304,-13650,146,365,96,0,0,0
100456,31.49,30.57,9539,0.6113,4526,146,-11672,73,313,89,0,0,0
100476,31.49,30.57,9086,0.5192,5272,-580,-11050,121,381,92,0,0,0
100518,31.49,30.57,1269,0.1807,5272,-580,-11050,121,381,92,0,0,0
100539,31.49,30.57,6038,0.3698,4632,600,-14626,88,271,89,0,0,0
100626,31.49,30.57,3209,0.457,3768,16,-9056,129,321,93,0,0,0
100646,31.49,30.57,9433,0.7002,4396,54,-13040,119,421,90,0,0,0
100697,31.49,30.57,1150,0.0765,4714,950,-15990,67,343,74,0,0,0
100717,31.49,30.57,8093,0.5077,3858,302,-10884,86,272,94,0,0,0
100761,31.49,30.57,4050,0.5768,3858,302,-10884,86,272,94,0,0,0
100806,31.49,30.57,5007,0.7131,5012,216,-10974,97,420,90,0,0,0
100866,31.49,30.57,7487,0.5618,5242,632,-14158,56,355,88,0,0,0
100886,31.49,30.57,8245,0.4287,5338,-474,-15184,153,324,95,0,0,0
100929,31.51,30.53,141,0.0201,5338,-474,-15184,153,324,95,0,0,0
100949,31.51,30.53,5712,0.4077,4968,424,-17352,46,345,84,0,0,0
101035,31.51,30.53,2457,0.3499,3814,102,-11404,79,313,91,0,0,0
101055,31.51,30.53,8617,0.5021,4428,426,-16112,85,353,94,0,0,0
101098,31.51,30.53,4385,0.6245,4428,426,-16112,85,353,94,0,0,0
101119,31.51,30.53,11112,0.7606,4386,858,-13022,79,300,82,0,0,0
101162,31.51,30.53,385,0.0548,4386,858,-13022,79,300,82,0,0,0
101220,31.51,30.53,4946,0.7044,5440,70,-14104,124,371,89,0,0,0
101280,31.51,30.53,8363,0.6352,5124,592,-15944,60,338,89,0,0,0
101301,31.51,30.53,8833,0.5962,5086,-434,-12636,137,379,98,0,0,0
101344,31.51,30.53,466,0.0664,5086,-434,-12636,137,379,98,0,0,0
101364,31.51,30.53,9111,0.5282,5202,36,-17156,46,368,75,0,0,0
101450,31.51,30.53,2492,0.3549,4082,-12,-9526,129,342,105,0,0,0
101471,31.49,30.45,7357,0.456,4250,192,-14484,114,391,85,0,0,0
101514,31.49,30.45,2844,0.405,4250,192,-14484,114,391,85,0,0,0
101534,31.49,30.45,6045,0.4018,4222,706,-9982,95,315,83,0,0,0
101578,31.49,30.45,2342,0.3336,4222,706,-9982,95,315,83,0,0,0
101623,31.49,30.45,2063,0.2938,4954,78,-11936,119,388,95,0,0,0
101683,31.49,30.45,9928,0.5625,5420,212,-16474,48,348,89,0,0,0
101704,31.49,30.45,9588,0.6306,4526,422,-12548,76,280,79,0,0,0
101756,31.49,30.45,3915,0.3266,5046,-420,-10102,144,366,104,0,0,0
101776,31.49,30.45,6981,0.4488,4850,436,-15988,75,278,95,0,0,0
101862,31.49,30.45,2129,0.3032,3838,260,-10422,95,326,79,0,0,0
101882,31.49,30.45,10954,0.5877,4144,-170,-11496,93,396,87,0,0,0
101926,31.49,30.45,1027,0.1463,4144,-170,-11496,93,396,87,0,0,0
101946,31.49,30.45,10307,0.6272,3934,568,-12156,78,277,86,0,0,0
101990,31.51,30.63,6276,0.8938,3934,568,-12156,78,277,86,0,0,0
102035,31.51,30.63,4420,0.6295,4766,188,-9850,102,386,101,0,0,0
102095,31.51,30.63,8803,0.5013,5142,670,-14794,78,297,88,0,0,0
102115,31.51,30.63,9249,0.5965,4520,46,-10046,107,340,102,0,0,0
102157,31.51,30.63,777,0.1107,4520,46,-10046,107,340,102,0,0,0
102178,31.51,30.63,7073,0.4606,5168,24,-17476,47,336,75,0,0,0
102264,31.51,30.63,2678,0.3814,3996,338,-12998,96,263,91,0,0,0
102284,31.51,30.63,8120,0.6106,3996,338,-12998,96,263,91,0,0,0
102336,31.51,30.63,8638,0.7025,3986,404,-14876,117,339,96,0,0,0
102356,31.51,30.63,6662,0.5397,4582,882,-14648,58,357,85,0,0,0
102400,31.51,30.63,399,0.0568,4582,882,-14648,58,357,85,0,0,0
102445,31.51,30.63,2892,0.4119,4062,446,-9764,120,339,87,0,0,0
102505,31.51,30.63,8609,0.5319,5066,704,-16354,26,378,79,0,0,0
102525,31.51,30.63,7365,0.4597,4780,398,-13136,82,298,93,0,0,0
102569,31.51,30.53,2774,0.3951,5158,-650,-11392,120,355,94,0,0,0
102589,31.51,30.53,6410,0.4374,5150,-54,-16374,94,352,88,0,0,0
102675,31.51,30.53,1399,0.1992,4778,502,-14796,107,288,88,0,0,0
102695,31.51,30.53,7485,0.5126,4140,86,-12084,146,347,94,0,0,0
102739,31.51,30.53,2723,0.3878,4140,86,-12084,146,347,94,0,0,0
102759,31.51,30.53,8489,0.4777,4400,680,-15782,42,377,83,0,0,0
102802,31.51,30.53,532,0.0758,4400,680,-15782,42,377,83,0,0,0
102860,31.51,30.53,1000,0.1424,4892,136,-10314,106,406,104,0,0,0
102920,31.51,30.53,8376,0.4981,5322,86,-15240,62,396,87,0,0,0
102941,31.51,30.53,9536,0.581,4600,-232,-9346,141,318,99,0,0,0
102984,31.51,30.53,3403,0.4847,4600,-232,-9346,141,318,99,0,0,0
103004,31.51,30.53,9165,0.5958,5184,-522,-13678,134,394,84,0,0,0
103090,31.49,30.57,4722,0.6725,3920,294,-11022,95,293,82,0,0,0
103111,31.49,30.57,6084,0.5038,4100,-44,-10252,104,396,95,0,0,0
103154,31.49,30.57,1086,0.1547,4100,-44,-10252,104,396,95,0,0,0
103174,31.49,30.57,6495,0.407,4186,558,-13196,61,355,89,0,0,0
103218,31.49,30.57,200,0.0285,4186,558,-13196,61,355,89,0,0,0
103263,31.49,30.57,894,0.1273,4354,338,-8858,115,350,90,0,0,0
103322,31.49,30.57,7374,0.4598,4908,-128,-13312,132,349,101,0,0,0
103343,31.49,30.57,8317,0.5978,5204,690,-14970,50,387,89,0,0,0
103396,31.49,30.57,2497,0.173,4680,26,-10866,109,279,84,0,0,0
103416,31.49,30.57,6791,0.4038,5158,-322,-16704,68,349,88,0,0,0
103502,31.49,30.57,1359,0.1936,4048,126,-12814,77,300,81,0,0,0
103523,31.49,30.57,7959,0.5331,3912,-70,-8774,121,342,94,0,0,0
103566,31.49,30.57,479,0.0682,3912,-70,-8774,121,342,94,0,0,0
103586,31.49,30.57,9113,0.5354,4238,866,-15118,59,337,91,0,0,0
103629,31.49,30.57,902,0.1285,4238,866,-15118,59,337,91,0,0,0
103674,31.49,30.57,4408,0.6278,3928,508,-9400,76,335,88,0,0,0
103734,31.49,30.57,12178,0.7181,5186,146,-15948,53,354,84,0,0,0
103754,31.49,30.57,8527,0.6072,4640,316,-13040,63,308,94,0,0,0
103798,31.49,30.57,1254,0.1786,4640,316,-13040,63,308,94,0,0,0
103818,31.49,30.57,7575,0.5269,5178,-582,-15584,126,353,95,0,0,0
103903,31.49,30.57,4084,0.5817,4710,294,-14424,88,266,90,0,0,0
103924,31.49,30.57,6069,0.5921,4710,294,-14424,88,266,90,0,0,0
103979,31.49,30.57,7370,0.4565,4276,-346,-11256,132,399,92,0,0,0
104000,31.49,30.57,9063,0.5883,4430,490,-15802,45,343,81,0,0,0
104043,31.49,30.57,1730,0.2464,4430,490,-15802,45,343,81,0,0,0
104088,31.49,30.57,1660,0.2364,4492,-16,-8858,131,347,97,0,0,0
104147,31.49,30.57,7104,0.4801,4972,-130,-14076,111,353,89,0,0,0
104168,31.49,30.57,8137,0.4273,4640,-200,-9672,114,331,98,0,0,0
104211,31.49,30.63,4113,0.5858,4640,-200,-9672,114,331,98,0,0,0
104232,31.49,30.63,4410,0.2624,5022,-484,-13880,132,368,92,0,0,0
104318,31.49,30.63,5701,0.812,4888,158,-16980,55,309,88,0,0,0
104338,31.49,30.63,7982,0.5273,3910,-536,-9048,117,358,89,0,0,0
104382,31.49,30.63,1423,0.2027,3910,-536,-9048,117,358,89,0,0,0
104402,31.49,30.63,6604,0.456,4256,162,-14978,95,357,96,0,0,0
104445,31.49,30.63,3377,0.481,4256,162,-14978,95,357,96,0,0,0
104498,31.49,30.63,4156,0.5919,4036,356,-9316,130,364,94,0,0,0
104559,31.49,30.63,11126,0.6481,4962,278,-12910,115,397,90,0,0,0
104579,31.49,30.63,6158,0.3688,4614,54,-11450,102,282,82,0,0,0
104622,31.49,30.63,2308,0.3287,4614,54,-11450,102,282,82,0,0,0
104643,31.49,30.63,11132,0.5505,4872,-650,-11566,114,399,102,0,0,0
104729,31.49,30.47,5435,0.7741,4206,402,-13618,93,260,84,0,0,0
104749,31.49,30.47,9416,0.5043,3774,-42,-9032,118,342,100,0,0,0
104792,31.49,30.47,4034,0.5745,3774,-42,-9032,118,342,100,0,0,0
104813,31.49,30.47,8718,0.5685,4292,766,-15816,86,310,82,0,0,0
104856,31.49,30.47,2760,0.3931,4292,766,-15816,86,310,82,0,0,0
104901,31.49,30.47,3655,0.5206,3896,322,-9980,82,321,94,0,0,0
104961,31.49,30.47,7508,0.4653,4716,-228,-10186,131,352,84,0,0,0
104982,31.49,30.47,8839,0.606,5182,132,-15228,42,391,94,0,0,0
105033,31.49,30.47,8061,0.5204,4772,516,-13330,99,259,88,0,0,0
105053,31.49,30.47,9606,0.5748,5378,-484,-16168,122,358,94,0,0,0
105140,31.49,30.47,1611,0.2294,4870,552,-15360,55,314,79,0,0,0
105160,31.49,30.47,6713,0.4573,3574,36,-9784,95,311,87,0,0,0
105204,31.49,30.47,89,0.0127,3574,36,-9784,95,311,87,0,0,0
105224,31.49,30.47,7076,0.437,4464,340,-15936,62,345,84,0,0,0
105267,31.49,30.57,895,0.1275,4464,340,-15936,62,345,84,0,0,0
105312,31.49,30.57,357,0.0508,4206,576,-12308,61,297,90,0,0,0
105372,31.49,30.57,8666,0.5532,5342,166,-14964,80,432,92,0,0,0
105392,31.49,30.57,8724,0.6283,5294,834,-15678,57,339,91,0,0,0
105436,31.49,30.57,2164,0.3082,5294,834,-15678,57,339,91,0,0,0
105456,31.49,30.57,10658,0.5451,5390,-596,-13084,109,390,94,0,0,0
105542,31.49,30.57,3602,0.513,5014,94,-16168,85,287,85,0,0,0
105563,31.49,30.57,4634,0.3405,5014,94,-16168,85,287,85,0,0,0
105613,31.49,30.57,6131,0.4527,4194,-196,-9798,109,372,83,0,0,0
105633,31.49,30.57,7828,0.5545,4506,108,-14992,104,387,104,0,0,0
105677,31.49,30.57,1198,0.1706,4506,108,-14992,104,387,104,0,0,0
105722,31.49,30.57,1369,0.195,4392,1004,-14864,79,302,78,0,0,0
105782,31.49,30.57,9421,0.5008,5232,-24,-12152,108,403,82,0,0,0
105802,31.49,30.57,7677,0.4599,5204,532,-15612,69,324,89,0,0,0
105846,31.49,30.57,955,0.136,5204,532,-15612,69,324,89,0,0,0
105866,31.49,30.57,7992,0.5223,4918,-576,-10830,136,352,92,0,0,0
105952,31.49,30.57,999,0.1423,5338,-360,-16256,94,364,92,0,0,0
105972,31.49,30.57,11118,0.6758,3740,52,-8790,122,300,88,0,0,0
106015,31.49,30.57,2761,0.3932,3740,52,-8790,122,300,88,0,0,0
106035,31.49,30.57,9925,0.6381,3970,-290,-11710,129,392,87,0,0,0
106078,31.49,30.57,3991,0.5684,3970,-290,-11710,129,392,87,0,0,0
106131,31.49,30.57,3688,0.5253,3848,524,-10662,70,310,82,0,0,0
106190,31.49,30.57,7841,0.5045,4640,-264,-9422,118,386,105,0,0,0
106211,31.49,30.57,5560,0.3776,5008,486,-13704,104,286,103,0,0,0
106254,31.49,30.57,4209,0.5995,5008,486,-13704,104,286,103,0,0,0
106274,31.49,30.57,8330,0.6022,4842,-334,-10128,111,365,88,0,0,0
106361,31.49,30.57,831,0.1184,5274,-390,-14464,118,387,97,0,0,0
106381,31.49,30.57,8304,0.6992,3736,114,-11232,92,286,81,0,0,0
106424,31.49,30.57,3938,0.5609,3736,114,-11232,92,286,81,0,0,0
106445,31.49,30.57,9332,0.5781,4372,-200,-10082,130,371,96,0,0,0
106488,31.49,30.57,4815,0.6858,4372,-200,-10082,130,371,96,0,0,0
106535,31.49,30.57,5321,0.7578,4266,658,-13382,80,294,88,0,0,0
106595,31.49,30.57,7726,0.4408,4624,208,-9132,128,366,99,0,0,0
106615,31.49,30.57,4029,0.4605,5152,8,-13860,107,401,98,0,0,0
106671,31.49,30.57,10104,0.6258,5518,484,-16406,53,353,84,0,0,0
106691,31.49,30.57,7355,0.6194,5670,-508,-12754,108,389,99,0,0,0
106777,31.49,30.57,3383,0.4818,5372,168,-17356,64,326,85,0,0,0
106797,31.49,30.57,8306,0.545,4314,102,-13480,106,246,86,0,0,0
106840,31.49,30.57,1330,0.1894,4314,102,-13480,106,246,86,0,0,0
106860,31.49,30.57,7293,0.496,4642,196,-14318,136,372,88,0,0,0
106903,31.49,30.63,2892,0.4119,4642,196,-14318,136,372,88,0,0,0
106949,31.49,30.63,1063,0.1514,4628,862,-15300,52,347,78,0,0,0
107009,31.49,30.63,10799,0.6765,4002,442,-10010,108,326,93,0,0,0
107029,31.49,30.63,6326,0.545,5400,210,-16718,57,370,85,0,0,0
107075,31.49,30.63,1272,0.1812,5400,210,-16718,57,370,85,0,0,0
107095,31.49,30.63,8806,0.5427,5136,-562,-11118,133,364,104,0,0,0
107193,31.49,30.63,3742,0.5329,5578,-168,-16182,106,358,94,0,0,0
107213,31.49,30.63,8422,0.5249,3748,72,-9666,98,333,82,0,0,0
107256,31.49,30.63,4729,0.6735,3748,72,-9666,98,333,82,0,0,0
107276,31.49,30.63,8313,0.6143,4376,10,-11652,114,417,92,0,0,0
107319,31.49,30.63,4999,0.712,4376,10,-11652,114,417,92,0,0,0
107363,31.49,30.63,3069,0.4371,4602,500,-16056,78,320,82,0,0,0
107422,31.49,30.63,7598,0.5473,4846,146,-10326,134,384,94,0,0,0
107443,31.49,30.63,7045,0.5473,5324,286,-15404,112,326,94,0,0,0
107485,31.49,30.63,2176,0.3099,5324,286,-15404,112,326,94,0,0,0
107505,31.49,30.63,9151,0.5832,5040,-174,-10830,128,328,97,0,0,0
107592,31.49,30.63,931,0.1326,5272,-588,-13794,123,355,90,0,0,0
107612,31.49,30.63,5985,0.5528,5116,160,-16274,86,277,80,0,0,0
107667,31.49,30.63,8084,0.5817,3776,166,-11388,80,293,78,0,0,0
107687,31.49,30.63,8992,0.579,4142,-450,-9300,114,365,92,0,0,0
107730,31.49,30.63,2378,0.3387,4142,-450,-9300,114,365,92,0,0,0
107776,31.49,30.63,3509,0.4998,4340,954,-14012,60,310,91,0,0,0
107836,31.49,30.63,8157,0.4877,4512,388,-9206,145,343,97,0,0,0
107856,31.49,30.63,6442,0.405,5412,584,-16522,56,325,80,0,0,0
107899,31.47,30.67,3002,0.4276,5412,584,-16522,56,325,80,0,0,0
107919,31.47,30.67,9443,0.5094,4800,66,-10952,85,321,84,0,0,0
108005,31.47,30.67,5795,0.8253,5500,-560,-11762,102,379,99,0,0,0
108025,31.47,30.67,9899,0.5917,4534,292,-14364,98,279,95,0,0,0
108069,31.47,30.67,671,0.0956,4534,292,-14364,98,279,95,0,0,0
108089,31.47,30.67,6454,0.489,4346,-4,-10046,98,364,86,0,0,0
108133,31.47,30.67,657,0.0936,4388,54,-14094,150,364,94,0,0,0
108188,31.47,30.67,1016,0.1447,4866,830,-15628,51,342,85,0,0,0
108247,31.47,30.67,10113,0.6103,4082,756,-10554,101,299,87,0,0,0
108267,31.47,30.67,9343,0.6126,5570,272,-16282,39,340,84,0,0,0
108310,31.47,30.67,615,0.0876,5570,272,-16282,39,340,84,0,0,0
108330,31.47,30.67,9870,0.6903,5100,434,-13308,76,297,91,0,0,0
108416,31.47,30.67,1756,0.2501,5304,-328,-14896,121,359,95,0,0,0
108436,31.47,30.65,8963,0.4494,4914,352,-15878,84,307,80,0,0,0
108479,31.47,30.65,3602,0.513,4914,352,-15878,84,307,80,0,0,0
108500,31.47,30.65,8605,0.4824,4634,-178,-11966,138,378,82,0,0,0
108543,31.47,30.65,2060,0.2934,4634,-178,-11966,138,378,82,0,0,0
108588,31.47,30.65,5588,0.7959,4760,690,-16986,39,382,88,0,0,0
108649,31.47,30.65,8087,0.6217,4320,750,-12222,50,304,86,0,0,0
108669,31.47,30.65,9187,0.7405,4794,38,-10340,143,366,90,0,0,0
108723,31.47,30.65,6497,0.5683,5260,96,-15072,112,361,104,0,0,0
108744,31.47,30.65,6124,0.4506,4896,-100,-10738,87,357,95,0,0,0
108830,31.47,30.65,1704,0.2427,5620,-442,-13660,154,335,88,0,0,0
108850,31.47,30.65,6322,0.4003,5214,216,-17210,66,305,95,0,0,0
108893,31.47,30.65,17,0.0024,4030,218,-12112,62,289,82,0,0,0
108914,31.47,30.65,8088,0.4581,4262,-218,-10296,117,359,90,0,0,0
108956,31.49,30.67,1045,0.1488,4262,-218,-10296,117,359,90,0,0,0
109002,31.49,30.67,1146,0.1632,4444,112,-15196,122,384,86,0,0,0
109062,31.49,30.67,4830,0.3298,4108,458,-9308,141,288,107,0,0,0
109082,31.49,30.67,6904,0.5151,5248,-248,-12638,128,391,94,0,0,0
109125,31.49,30.67,404,0.0575,5248,-248,-12638,128,391,94,0,0,0
109146,31.49,30.67,7503,0.4609,5092,292,-11800,80,304,84,0,0,0
109232,31.49,30.67,443,0.0631,5412,-400,-11396,127,350,105,0,0,0
109252,31.49,30.67,7970,0.508,5614,-246,-16960,86,345,93,0,0,0
109302,31.49,30.67,4940,0.3892,4562,456,-14638,113,277,89,0,0,0
109322,31.49,30.67,9181,0.5041,3956,56,-10126,118,336,87,0,0,0
109366,31.49,30.67,694,0.0988,3956,56,-10126,118,336,87,0,0,0
109411,31.49,30.67,2034,0.2897,4396,8,-13270,136,389,97,0,0,0
109471,31.49,30.67,8282,0.5222,4024,722,-11228,53,324,79,0,0,0
109492,31.49,30.67,6835,0.4049,4988,-154,-10558,107,392,99,0,0,0
109534,31.49,30.65,1120,0.1595,5544,106,-16484,51,392,78,0,0,0
109554,31.49,30.65,5747,0.3901,5480,864,-15190,98,306,97,0,0,0
109640,31.49,30.65,4405,0.6274,5156,-210,-10708,133,336,94,0,0,0
109660,31.49,30.65,8066,0.5332,5298,402,-17236,71,320,90,0,0,0
109704,31.49,30.65,3627,0.5166,5298,402,-17236,71,320,90,0,0,0
109724,31.49,30.65,10066,0.506,4076,332,-11508,102,279,82,0,0,0
109768,31.49,30.65,241,0.0343,4076,332,-11508,102,279,82,0,0,0
109826,31.49,30.65,1464,0.2085,4648,460,-15974,99,339,93,0,0,0
109886,31.49,30.65,7662,0.5147,4496,986,-13288,67,313,87,0,0,0
109906,31.49,30.65,9102,0.5266,5416,74,-15036,119,429,86,0,0,0
109950,31.49,30.65,273,0.0389,5416,74,-15036,119,429,86,0,0,0
109970,31.49,30.65,8057,0.5272,5784,720,-16628,54,354,85,0,0,0
110055,31.49,30.65,3330,0.4743,5540,-552,-12606,116,371,86,0,0,0
110076,31.47,30.65,7483,0.4343,5560,24,-17642,62,338,84,0,0,0
110118,31.47,30.65,730,0.104,5560,24,-17642,62,338,84,0,0,0
110138,31.47,30.65,7441,0.4975,4204,-112,-9992,127,335,87,0,0,0
110182,31.47,30.65,2306,0.3284,4204,-112,-9992,127,335,87,0,0,0
110227,31.47,30.65,968,0.1379,4680,464,-15064,136,402,91,0,0,0
110287,31.47,30.65,8220,0.5381,4904,1040,-16060,55,349,90,0,0,0
110308,31.47,30.65,7734,0.6887,4416,500,-11084,106,295,87,0,0,0
110363,31.47,30.65,5198,0.4124,5148,98,-12584,110,396,99,0,0,0
110383,31.47,30.65,9034,0.5641,5128,394,-13616,79,316,85,0,0,0
110470,31.47,30.65,1510,0.2151,5226,-438,-11070,154,332,107,0,0,0
110490,31.47,30.65,7137,0.4018,5726,-230,-16154,106,366,85,0,0,0
110532,31.47,30.65,55,0.0078,5726,-230,-16154,106,366,85,0,0,0
110552,31.47,30.65,4720,0.3429,4092,366,-10722,96,315,88,0,0,0
110595,31.49,30.59,3106,0.4424,4092,366,-10722,96,315,88,0,0,0
110640,31.49,30.59,6987,0.9951,4566,-226,-11952,129,373,93,0,0,0
110699,31.49,30.59,9355,0.7919,4394,882,-13002,44,317,78,0,0,0
110720,31.49,30.59,9537,0.6754,4876,196,-10380,136,374,101,0,0,0
110763,31.49,30.59,5377,0.7658,4876,196,-10380,136,374,101,0,0,0
110783,31.49,30.59,8311,0.4854,5694,974,-16496,94,317,81,0,0,0
110870,31.49,30.59,1228,0.1749,5132,-146,-11794,114,341,109,0,0,0
110891,31.49,30.59,7922,0.6092,5132,-146,-11794,114,341,109,0,0,0
110944,31.49,30.59,7117,0.5844,5250,368,-17064,57,320,77,0,0,0
110964,31.49,30.59,7134,0.4568,4204,366,-12342,90,258,92,0,0,0
111008,31.49,30.59,2121,0.3021,4204,366,-12342,90,258,92,0,0,0
111053,31.49,30.59,3866,0.5506,4270,-140,-9820,113,365,90,0,0,0
111113,31.49,30.59,9593,0.5599,4736,912,-14602,66,315,93,0,0,0
111133,31.49,30.59,8441,0.63,5208,74,-13538,123,401,96,0,0,0
111177,31.49,30.47,870,0.1239,5208,74,-13538,123,401,96,0,0,0
111197,31.49,30.47,7940,0.4966,5236,680,-15792,59,344,86,0,0,0
111283,31.49,30.47,4825,0.6872,5084,322,-11654,103,294,96,0,0,0
111303,31.49,30.47,8497,0.4849,5306,-352,-16120,86,354,92,0,0,0
111346,31.49,30.47,1128,0.1607,5306,-352,-16120,86,354,92,0,0,0
111366,31.49,30.47,10730,0.5273,4594,552,-14334,90,287,85,0,0,0
111409,31.49,30.47,2472,0.3521,4594,552,-14334,90,287,85,0,0,0
111465,31.49,30.47,1297,0.1847,4418,34,-12408,107,411,88,0,0,0
111525,31.49,30.47,7481,0.4871,4372,636,-15670,68,315,82,0,0,0
111545,31.49,30.47,7834,0.5169,5164,48,-11350,102,410,91,0,0,0
111588,31.49,30.47,2040,0.2905,5164,48,-11350,102,410,91,0,0,0
111608,31.49,30.47,6548,0.4218,5478,400,-16032,89,331,96,0,0,0
111694,31.49,30.47,3616,0.515,4826,-306,-10358,135,348,98,0,0,0
111714,31.49,30.47,11310,0.5864,5430,-156,-14964,113,395,87,0,0,0
111757,31.49,30.47,3162,0.4503,5430,-156,-14964,113,395,87,0,0,0
111778,31.49,30.47,7453,0.4001,3980,402,-11514,91,304,93,0,0,0
111821,31.49,30.47,1998,0.2846,3980,402,-11514,91,304,93,0,0,0
111866,31.49,30.47,1874,0.2669,4378,-74,-10214,126,340,85,0,0,0
111927,31.49,30.47,8732,0.5561,4470,366,-15534,87,360,91,0,0,0
111947,31.49,30.47,3047,0.2348,4432,1090,-13648,72,336,76,0,0,0
112003,31.49,30.47,7590,0.4235,4346,342,-10004,131,341,101,0,0,0
112023,31.49,30.47,6912,0.4421,5360,754,-16274,54,336,88,0,0,0
112109,31.49,30.47,1908,0.2717,4636,86,-10846,80,324,88,0,0,0
112130,31.49,30.47,8511,0.4966,5364,-420,-11910,150,367,92,0,0,0
112172,31.49,30.47,2386,0.3398,5364,-420,-11910,150,367,92,0,0,0
112192,31.49,30.47,5594,0.3617,4370,506,-14004,110,255,82,0,0,0
112235,31.47,30.47,1006,0.1433,4370,506,-14004,110,255,82,0,0,0
112280,31.47,30.47,2526,0.3598,4002,-64,-9954,121,329,91,0,0,0
112340,31.47,30.47,10610,0.5767,4528,1120,-15736,70,321,78,0,0,0
112360,31.47,30.47,8801,0.6151,4130,398,-10594,76,318,94,0,0,0
112404,31.47,30.47,213,0.0303,4130,398,-10594,76,318,94,0,0,0
112424,31.47,30.47,8354,0.5372,5372,150,-15434,70,336,90,0,0,0
112510,31.47,30.47,5910,0.8417,4976,412,-12576,89,288,98,0,0,0
112530,31.47,30.47,6433,0.5552,4976,412,-12576,89,288,98,0,0,0
112586,31.47,30.47,9500,0.5517,5562,-256,-16506,106,383,86,0,0,0
112606,31.47,30.47,8867,0.599,4990,672,-16090,77,320,89,0,0,0
112650,31.47,30.47,960,0.1367,4990,672,-16090,77,320,89,0,0,0
112695,31.47,30.47,829,0.1181,4134,-198,-11700,130,370,86,0,0,0
112755,31.47,30.47,6802,0.4223,4666,636,-15788,67,351,91,0,0,0
112775,31.47,30.47,8343,0.6042,4704,182,-9994,133,373,97,0,0,0
112818,31.49,30.63,946,0.1347,4704,182,-9994,133,373,97,0,0,0
112838,31.49,30.63,6809,0.5298,5270,-10,-15404,105,383,99,0,0,0
112924,31.49,30.63,763,0.1087,5248,630,-14998,73,318,88,0,0,0
112945,31.49,30.63,7543,0.4974,5290,-506,-14026,127,388,96,0,0,0
112988,31.49,30.63,1305,0.1859,5290,-506,-14026,127,388,96,0,0,0
113008,31.49,30.63,8271,0.4804,5180,176,-17248,73,311,81,0,0,0
113051,31.49,30.63,4930,0.7021,5180,176,-17248,73,311,81,0,0,0
113109,31.49,30.63,2028,0.2888,4126,-170,-9552,117,347,86,0,0,0
113169,31.49,30.63,8204,0.5502,4364,176,-15432,101,365,90,0,0,0
113190,31.49,30.63,8704,0.5748,4222,474,-9064,81,379,96,0,0,0
113232,31.49,30.63,2780,0.3959,4222,474,-9064,81,379,96,0,0,0
113252,31.49,30.63,6495,0.4881,4968,176,-13408,130,374,89,0,0,0
113338,31.47,30.53,4469,0.6365,4524,402,-12228,68,326,88,0,0,0
113358,31.47,30.53,7201,0.4907,5136,-432,-11420,116,377,90,0,0,0
113402,31.47,30.53,939,0.1337,5136,-432,-11420,116,377,90,0,0,0
113422,31.47,30.53,9159,0.5301,4590,500,-14802,84,305,82,0,0,0
113464,31.47,30.53,4489,0.6393,4590,500,-14802,84,305,82,0,0,0
113509,31.47,30.53,5808,0.8272,3796,28,-9014,113,342,95,0,0,0
113569,31.47,30.53,10308,0.5577,4356,-90,-13334,138,356,89,0,0,0
113590,31.47,30.53,10724,0.6734,4328,954,-16532,56,345,82,0,0,0
113641,31.47,30.53,7179,0.5676,4134,588,-10268,68,326,84,0,0,0
113662,31.47,30.53,9894,0.5717,5222,92,-15752,48,389,91,0,0,0
113746,31.47,30.53,4391,0.6254,4730,442,-13432,83,296,83,0,0,0
113767,31.47,30.53,7187,0.5579,4746,-268,-10168,153,339,104,0,0,0
113810,31.47,30.53,77,0.011,4746,-268,-10168,153,339,104,0,0,0
113831,31.47,30.53,6313,0.486,4730,358,-16260,80,298,79,0,0,0
113874,30.53,30.53,2375,0.3383,4730,358,-16260,80,298,79,0,0,0
113919,30.53,30.53,586,0.0835,3490,138,-9444,95,316,87,0,0,0
113980,30.53,30.53,9948,0.579,4608,492,-16226,33,375,83,0,0,0
114000,30.53,30.53,8068,0.5851,4074,626,-12298,63,319,82,0,0,0
114044,30.53,30.53,240,0.0342,4074,626,-12298,63,319,82,0,0,0
114064,30.53,30.53,7965,0.5075,5204,88,-15376,114,382,96,0,0,0
114149,30.53,30.53,3760,0.5355,5066,574,-15290,111,282,93,0,0,0
114169,30.53,30.53,3356,0.2913,5066,574,-15290,111,282,93,0,0,0
114219,30.53,30.53,8626,0.7431,5002,-608,-13038,126,389,89,0,0,0
114240,30.53,30.53,7307,0.4942,5088,66,-16892,46,357,81,0,0,0
114283,30.53,30.53,1672,0.2381,5088,66,-16892,46,357,81,0,0,0
114328,30.53,30.53,82,0.0117,3746,264,-12084,81,277,85,0,0,0
114388,30.53,30.53,9918,0.6068,4332,84,-15092,105,376,100,0,0,0
114408,30.53,30.53,8706,0.5535,4354,814,-14652,72,326,79,0,0,0
114451,31.45,30.53,289,0.0412,4354,814,-14652,72,326,79,0,0,0
114471,31.45,30.53,10848,0.6153,5032,216,-12604,115,412,96,0,0,0
114557,31.45,30.53,3291,0.4687,5068,350,-16016,84,296,83,0,0,0
114577,31.45,30.53,10295,0.6211,5044,-730,-10930,125,402,89,0,0,0
114621,31.45,30.53,6567,0.9353,5044,-730,-10930,125,402,89,0,0,0
114641,31.45,30.53,6839,0.4356,5088,-666,-16606,106,338,98,0,0,0
114685,31.45,30.53,510,0.0726,5088,-666,-16606,106,338,98,0,0,0
114746,31.45,30.53,2012,0.2866,3714,50,-9084,111,339,93,0,0,0
114806,31.45,30.53,10919,0.5526,4316,148,-12908,138,420,94,0,0,0
114826,31.45,30.53,7821,0.4501,3964,440,-10900,81,339,88,0,0,0
114869,31.45,30.53,3055,0.4351,3964,440,-10900,81,339,88,0,0,0
114890,31.45,30.53,5943,0.4533,5114,40,-10980,100,417,96,0,0,0
114975,31.47,30.59,1797,0.2559,5166,174,-16396,55,348,92,0,0,0
114996,31.47,30.59,7390,0.4182,4846,-478,-10840,112,391,99,0,0,0
115039,31.47,30.59,355,0.0506,4846,-478,-10840,112,391,99,0,0,0
115059,31.47,30.59,9457,0.5416,4810,296,-16040,80,270,86,0,0,0
115103,31.47,30.59,4630,0.6594,4810,296,-16040,80,270,86,0,0,0
115148,31.47,30.59,4823,0.6869,3602,300,-10462,98,307,89,0,0,0
115209,31.47,30.59,7880,0.4936,4256,-278,-11062,116,385,92,0,0,0
115229,31.47,30.59,7993,0.5807,4490,438,-16360,16,411,73,0,0,0
115281,31.47,30.59,6692,0.5043,4122,676,-12858,62,325,90,0,0,0
115301,31.47,30.59,8077,0.4887,5160,252,-14924,111,363,91,0,0,0
115390,31.47,30.59,776,0.1105,5268,620,-15412,71,321,89,0,0,0
115410,31.47,30.59,5519,0.4345,4688,28,-10560,134,296,93,0,0,0
115454,31.47,30.59,1278,0.182,4688,28,-10560,134,296,93,0,0,0
115474,31.47,30.59,7304,0.4553,5004,68,-17076,91,275,92,0,0,0
115518,31.45,30.63,476,0.0678,5004,68,-17076,91,275,92,0,0,0
115563,31.45,30.63,2396,0.3412,3940,450,-11962,79,285,80,0,0,0
115623,31.45,30.63,9083,0.5603,4298,48,-15316,101,383,87,0,0,0
115643,31.45,30.63,7894,0.5026,4422,1018,-14452,65,321,88,0,0,0
115685,31.45,30.63,55,0.0078,4422,1018,-14452,65,321,88,0,0,0
115705,31.45,30.63,7985,0.5391,5022,60,-12810,122,380,86,0,0,0
115791,31.45,30.63,1480,0.2108,5046,416,-16344,29,382,92,0,0,0
115812,31.45,30.63,4039,0.2889,5046,416,-16344,29,382,92,0,0,0
115862,31.45,30.63,4151,0.3297,4954,-820,-11062,138,374,94,0,0,0
115882,31.45,30.63,8255,0.5417,5294,-176,-17038,74,368,94,0,0,0
115926,31.45,30.63,1249,0.1779,5294,-176,-17038,74,368,94,0,0,0
115971,31.45,30.63,1024,0.1458,4344,354,-14258,87,274,76,0,0,0
116031,31.45,30.63,8596,0.6692,4442,36,-13422,115,414,89,0,0,0
116052,31.45,30.63,8019,0.56,4126,736,-15270,85,289,88,0,0,0
116095,31.47,30.57,1668,0.2376,4126,736,-15270,85,289,88,0,0,0
116115,31.47,30.57,7103,0.4867,4742,-88,-10630,93,416,93,0,0,0
116200,31.47,30.57,4345,0.6188,5136,134,-15220,78,325,94,0,0,0
116220,31.47,30.57,7092,0.437,4780,-664,-10096,115,376,103,0,0,0
116264,31.47,30.57,139,0.0198,4780,-664,-10096,115,376,103,0,0,0
116284,31.47,30.57,8384,0.5016,5204,-296,-14292,128,349,90,0,0,0
116327,31.47,30.57,5093,0.7254,5204,-296,-14292,128,349,90,0,0,0
116384,31.47,30.57,913,0.13,3762,0,-9954,97,308,79,0,0,0
116444,31.47,30.57,7145,0.5175,4098,-296,-10870,97,410,93,0,0,0
116464,31.47,30.57,7854,0.4478,4074,744,-12340,50,329,80,0,0,0
116508,31.47,30.57,602,0.0857,4074,744,-12340,50,329,80,0,0,0
116528,31.47,30.57,8309,0.4585,4528,72,-9182,144,362,106,0,0,0
116614,31.47,30.57,5301,0.755,5180,-92,-13890,105,358,88,0,0,0
116634,31.47,30.65,6140,0.4322,4640,-74,-10052,111,330,86,0,0,0
116677,31.47,30.65,5652,0.805,4640,-74,-10052,111,330,86,0,0,0
116697,31.47,30.65,9265,0.6433,5138,-320,-16228,78,294,87,0,0,0
116740,31.47,30.65,3127,0.4454,5138,-320,-16228,78,294,87,0,0,0
116785,31.47,30.65,2674,0.3808,3780,46,-11930,66,278,80,0,0,0
116848,31.47,30.65,6638,0.4188,3870,-332,-9324,141,334,102,0,0,0
116868,31.47,30.65,7439,0.5815,4188,146,-14294,100,400,81,0,0,0
116923,31.47,30.65,7230,0.4511,4144,790,-14970,78,348,90,0,0,0
116943,31.47,30.65,9290,0.5656,4788,-178,-12004,114,392,96,0,0,0
117029,31.47,30.65,306,0.0436,5208,366,-15812,47,341,82,0,0,0
117049,31.47,30.65,7149,0.453,4628,436,-12702,68,318,85,0,0,0
117093,31.47,30.65,1112,0.1584,4628,436,-12702,68,318,85,0,0,0
117113,31.47,30.65,7965,0.4688,5348,-396,-16170,122,327,94,0,0,0
117157,31.47,30.59,834,0.1188,5348,-396,-16170,122,327,94,0,0,0
117202,31.47,30.59,2128,0.3031,4182,214,-14328,95,272,86,0,0,0
117264,31.47,30.59,7626,0.4546,4200,58,-12362,112,415,80,0,0,0
117285,31.47,30.59,7121,0.6138,4502,530,-15670,59,337,86,0,0,0
117328,31.47,30.59,3387,0.4824,4502,530,-15670,59,337,86,0,0,0
117348,31.47,30.59,8706,0.4944,4620,140,-9400,107,371,86,0,0,0
117444,31.47,30.59,6602,0.9403,5140,-136,-15302,113,326,98,0,0,0
117464,31.47,30.59,7680,0.4513,4606,-282,-8998,136,343,90,0,0,0
117507,31.47,30.59,3325,0.4736,4606,-282,-8998,136,343,90,0,0,0
117528,31.47,30.59,10260,0.602,5056,-634,-14528,159,346,109,0,0,0
117571,31.47,30.59,478,0.0681,5056,-634,-14528,159,346,109,0,0,0
117617,31.47,30.59,1086,0.1547,4908,206,-15828,53,309,67,0,0,0
117677,31.47,30.59,6885,0.4229,4466,-400,-10486,123,397,88,0,0,0
117697,31.47,30.59,6337,0.4479,4344,596,-12886,77,325,93,0,0,0
117741,31.47,30.59,784,0.1117,4344,596,-12886,77,325,93,0,0,0
117761,31.47,30.59,5969,0.3668,4360,216,-9298,128,362,97,0,0,0
117847,31.47,30.59,3337,0.4753,5310,104,-14008,95,416,85,0,0,0
117868,31.47,30.59,3199,0.2757,5348,618,-15552,103,293,88,0,0,0
117921,31.47,30.59,5956,0.4377,4584,42,-10484,91,321,91,0,0,0
117941,31.47,30.59,10991,0.5408,5018,58,-16410,57,365,81,0,0,0
117984,31.47,30.59,4254,0.6059,5018,58,-16410,57,365,81,0,0,0
118029,31.47,30.59,3029,0.4314,4264,288,-12644,88,264,83,0,0,0
118089,31.47,30.59,8740,0.4587,3978,-338,-8992,141,348,94,0,0,0
118109,31.47,30.59,7553,0.4434,4498,644,-14960,66,316,80,0,0,0
118152,31.47,30.65,2202,0.3136,4498,644,-14960,66,316,80,0,0,0
118173,31.47,30.65,8699,0.5588,3952,618,-9740,98,329,95,0,0,0
118257,31.47,30.65,5048,0.7189,5098,-170,-11644,119,397,86,0,0,0
118278,31.47,30.65,9148,0.5931,5134,232,-12474,66,295,86,0,0,0
118322,31.47,30.65,191,0.0272,5134,232,-12474,66,295,86,0,0,0
118342,31.47,30.65,8173,0.4956,5386,-360,-16068,87,366,92,0,0,0
118386,31.47,30.65,142,0.0202,5386,-360,-16068,87,366,92,0,0,0
118439,31.47,30.65,917,0.1306,4736,490,-14970,88,288,91,0,0,0
118499,31.47,30.65,10446,0.5737,4402,-98,-12516,111,403,81,0,0,0
118519,31.47,30.65,9034,0.6707,4516,660,-16514,69,314,91,0,0,0
118563,31.47,30.65,3071,0.4374,4516,660,-16514,69,314,91,0,0,0
118583,31.47,30.65,7053,0.473,4688,-6,-9874,148,361,89,0,0,0
118668,31.45,30.63,3142,0.4475,5614,92,-15272,88,361,102,0,0,0
118688,31.45,30.63,6452,0.4346,4982,560,-14906,61,341,82,0,0,0
118731,31.45,30.63,1728,0.2461,4982,560,-14906,61,341,82,0,0,0
118751,31.45,30.63,5340,0.3014,5398,-508,-14044,158,351,94,0,0,0
118795,31.45,30.63,344,0.049,5398,-508,-14044,158,351,94,0,0,0
118841,31.45,30.63,178,0.0254,5210,230,-16774,65,317,83,0,0,0
118901,31.45,30.63,7276,0.5705,4362,-324,-10630,106,377,83,0,0,0
118922,31.45,30.63,8651,0.6106,4362,-324,-10630,106,377,83,0,0,0
118973,31.45,30.63,3903,0.3103,4734,336,-15854,104,351,83,0,0,0
118993,31.45,30.63,8094,0.5697,4216,96,-9624,126,353,86,0,0,0
119079,31.45,30.63,2080,0.2962,5258,-74,-13454,106,422,97,0,0,0
119100,31.45,30.63,9125,0.5089,4854,218,-11360,86,319,85,0,0,0
119143,31.45,30.63,1415,0.2015,4854,218,-11360,86,319,85,0,0,0
119163,31.45,30.63,8616,0.5472,5488,-630,-12212,121,376,97,0,0,0
119207,31.43,30.63,1665,0.2371,5488,-630,-12212,121,376,97,0,0,0
119252,31.43,30.63,1322,0.1883,5508,62,-17276,81,317,79,0,0,0
119312,31.43,30.63,8497,0.5077,4072,-124,-8972,125,331,87,0,0,0
119332,31.43,30.63,9623,0.5393,4210,-60,-13762,134,395,100,0,0,0
119376,31.43,30.63,1350,0.1923,4210,-60,-13762,134,395,100,0,0,0
119396,31.43,30.63,8666,0.5008,4234,446,-10184,78,339,86,0,0,0
119483,31.43,30.63,725,0.1033,5212,-226,-11762,115,417,91,0,0,0
119504,31.43,30.63,4023,0.4085,5412,430,-16140,76,307,93,0,0,0
119561,31.43,30.63,6219,0.4691,4960,450,-13026,91,294,91,0,0,0
119582,31.43,30.63,8050,0.5428,5324,-274,-15836,96,375,96,0,0,0
119625,31.43,30.63,3823,0.5445,5324,-274,-15836,96,375,96,0,0,0
119670,31.43,30.63,2134,0.3039,4968,806,-15616,77,295,82,0,0,0
119731,31.43,30.63,8300,0.5524,3874,326,-10178,93,333,85,0,0,0
119751,31.43,30.63,9420,0.4941,4558,542,-15650,50,331,86,0,0,0
119794,31.43,30.63,2917,0.4154,4558,542,-15650,50,331,86,0,0,0
119814,31.43,30.63,9209,0.5245,4160,566,-11830,84,283,88,0,0,0
119899,31.43,30.63,6251,0.8903,4744,-110,-9592,125,381,87,0,0,0
119919,31.43,30.63,9466,0.6078,5526,762,-15348,67,350,93,0,0,0
119962,31.43,30.63,1603,0.2283,5526,762,-15348,67,350,93,0,0,0
119983,31.43,30.63,5960,0.3469,5804,-322,-14732,112,392,96,0,0,0
120041,31.43,30.63,1668,0.2376,5804,-322,-14732,112,392,96,0,0,0
120087,31.43,30.63,3631,0.5171,5306,124,-17426,46,326,86,0,0,0
120147,31.43,30.63,8013,0.504,4562,-224,-10544,121,368,86,0,0,0
120167,31.43,30.63,11291,0.5702,5012,434,-16460,81,376,84,0,0,0
120210,31.43,30.63,647,0.0921,5012,434,-16460,81,376,84,0,0,0
120231,31.43,30.63,7462,0.4533,4604,324,-10078,130,365,99,0,0,0
120317,31.45,30.63,223,0.0318,5356,94,-14144,50,480,83,0,0,0
120337,31.45,30.63,6866,0.477,5646,750,-16174,51,336,89,0,0,0
120380,31.45,30.63,412,0.0587,5646,750,-16174,51,336,89,0,0,0
120400,31.45,30.63,10291,0.564,5560,-442,-12108,115,405,97,0,0,0
120443,31.45,30.63,305,0.0434,5560,-442,-12108,115,405,97,0,0,0
120489,31.45,30.63,1407,0.2004,5574,-22,-17290,104,298,90,0,0,0
120509,31.45,30.63,6274,0.5109,4620,656,-15384,93,280,90,0,0,0
120561,31.45,30.63,7843,0.4429,4070,-66,-10008,110,328,99,0,0,0
120582,31.45,30.63,9280,0.5322,4784,1152,-16666,55,346,79,0,0,0
120625,31.45,30.63,3238,0.4612,4784,1152,-16666,55,346,79,0,0,0
120671,31.45,30.63,359,0.0511,4348,516,-10518,77,307,99,0,0,0
120731,31.45,30.63,7870,0.5659,5078,60,-11212,127,366,86,0,0,0
120751,31.45,30.63,7500,0.5555,5140,652,-14106,85,288,88,0,0,0
120794,31.43,30.51,2560,0.3646,5140,652,-14106,85,288,88,0,0,0
120815,31.43,30.51,7017,0.5374,5238,-202,-10610,123,392,100,0,0,0
120901,31.43,30.51,3006,0.4281,5186,576,-16880,63,352,79,0,0,0
120921,31.43,30.51,9796,0.523,4106,420,-10962,79,320,87,0,0,0
120965,31.43,30.51,4832,0.6882,4106,420,-10962,79,320,87,0,0,0
120985,31.43,30.51,8010,0.4495,4746,612,-16208,63,344,84,0,0,0
121028,31.43,30.51,932,0.1327,4746,612,-16208,63,344,84,0,0,0
121084,31.43,30.51,4339,0.618,4426,770,-12976,54,320,88,0,0,0
121143,31.43,30.51,7495,0.5345,5426,8,-14948,116,355,104,0,0,0
121163,31.43,30.51,4831,0.3236,5240,536,-15160,85,304,89,0,0,0
121207,31.43,30.51,2929,0.4172,5240,536,-15160,85,304,89,0,0,0
121227,31.43,30.51,5879,0.4085,5536,-550,-13592,107,402,91,0,0,0
121313,31.45,30.53,3033,0.432,5438,462,-17978,57,346,84,0,0,0
121333,31.45,30.53,7505,0.5043,4282,578,-12784,67,271,86,0,0,0
121375,31.45,30.53,253,0.036,4282,578,-12784,67,271,86,0,0,0
121396,31.45,30.53,10781,0.6487,4696,196,-15638,116,377,96,0,0,0
121439,31.45,30.53,1737,0.2474,4696,196,-15638,116,377,96,0,0,0
121484,31.45,30.53,497,0.0708,4540,968,-14786,56,326,81,0,0,0
121544,31.45,30.53,8286,0.505,5162,112,-13370,142,382,90,0,0,0
121565,31.45,30.53,7743,0.4932,5162,112,-13370,142,382,90,0,0,0
121615,31.45,30.53,6550,0.542,5488,726,-16864,37,379,89,0,0,0
121635,31.45,30.53,9649,0.6623,5404,-268,-12094,115,392,96,0,0,0
121723,31.45,30.53,4730,0.6737,5600,-20,-17298,90,334,91,0,0,0
121743,31.45,30.53,10097,0.6513,4220,-30,-9806,121,328,91,0,0,0
121786,31.45,30.53,704,0.1003,4220,-30,-9806,121,328,91,0,0,0
121806,31.45,30.53,7090,0.4573,4532,130,-13714,134,368,95,0,0,0
121849,31.43,30.47,3786,0.5392,4532,130,-13714,134,368,95,0,0,0
121894,31.43,30.47,5204,0.7412,4492,916,-16196,70,299,85,0,0,0
121954,31.43,30.47,8375,0.6024,5118,172,-11648,110,393,86,0,0,0
121975,31.43,30.47,7693,0.392,5724,158,-16236,90,340,105,0,0,0
122018,31.43,30.47,1071,0.1525,5724,158,-16236,90,340,105,0,0,0
122038,31.43,30.47,11274,0.6069,5154,-404,-10142,137,356,102,0,0,0
122125,31.43,30.47,1116,0.1589,5534,-466,-15330,140,339,94,0,0,0
122146,31.43,30.47,5254,0.548,4946,512,-16086,63,324,89,0,0,0
122198,31.43,30.47,4797,0.4359,4104,396,-11522,82,325,89,0,0,0
122218,31.43,30.47,5822,0.3834,4514,-62,-11672,126,382,86,0,0,0
122263,31.43,30.47,714,0.1017,4728,640,-15790,81,333,86,0,0,0
122308,31.43,30.47,721,0.1027,4288,702,-12362,51,301,89,0,0,0
122368,31.43,30.47,8915,0.5097,4578,114,-9794,133,354,96,0,0,0
122388,31.43,30.47,8320,0.547,5164,716,-15972,78,342,81,0,0,0
122432,31.43,30.53,803,0.1144,5164,716,-15972,78,342,81,0,0,0
122452,31.43,30.53,7988,0.4946,4954,-132,-10896,105,339,96,0,0,0
122538,31.43,30.53,2145,0.3055,5666,-388,-13612,110,369,91,0,0,0
122558,31.43,30.53,6741,0.4302,4230,432,-13062,80,270,81,0,0,0
122601,31.43,30.53,2438,0.3472,4230,432,-13062,80,270,81,0,0,0
122621,31.43,30.53,9943,0.5722,4300,16,-9962,128,365,94,0,0,0
122663,31.43,30.53,3875,0.5519,4646,244,-15160,114,391,93,0,0,0
122719,31.43,30.53,1810,0.2578,4634,1220,-15248,74,334,86,0,0,0
122779,31.43,30.53,8250,0.4032,4594,502,-11112,93,350,94,0,0,0
122799,31.43,30.53,6545,0.5183,5668,642,-16424,51,347,83,0,0,0
122842,31.43,30.53,3568,0.5082,5668,642,-16424,51,347,83,0,0,0
122862,31.43,30.53,7565,0.3787,5160,-564,-11566,147,345,97,0,0,0
122948,31.43,30.53,744,0.106,5484,-102,-17038,80,351,98,0,0,0
122968,31.43,30.51,10049,0.5827,4746,470,-15382,90,296,93,0,0,0
123012,31.43,30.51,2718,0.3871,4746,470,-15382,90,296,93,0,0,0
123032,31.43,30.51,8963,0.5275,4502,-120,-13064,111,405,89,0,0,0
123076,31.43,30.51,1749,0.2491,4502,-120,-13064,111,405,89,0,0,0
123121,31.43,30.51,1784,0.2541,4688,1020,-16272,79,318,78,0,0,0
123182,31.43,30.51,8799,0.546,4172,670,-10780,71,290,89,0,0,0
123202,31.43,30.51,5273,0.4003,4984,-64,-10998,136,383,100,0,0,0
123255,31.43,30.51,5688,0.6129,5420,170,-15430,74,354,84,0,0,0
123275,31.43,30.51,6727,0.382,5012,-240,-11042,128,357,94,0,0,0
123360,31.43,30.51,5373,0.7652,5424,-328,-15416,124,404,89,0,0,0
123381,31.43,30.51,7415,0.5012,5102,360,-17220,60,319,86,0,0,0
123424,31.43,30.51,1227,0.1748,3972,436,-11762,77,318,80,0,0,0
123444,31.43,30.51,7457,0.4684,4536,-198,-10990,113,379,91,0,0,0
123488,31.47,30.53,3680,0.5241,4536,-198,-10990,113,379,91,0,0,0
123533,31.47,30.53,160,0.0228,4686,486,-16560,99,323,85,0,0,0
123593,31.47,30.53,6831,0.4482,4796,450,-10368,123,380,105,0,0,0
123614,31.47,30.53,6046,0.4095,5448,158,-15060,113,386,87,0,0,0
123656,31.47,30.53,1861,0.265,5448,158,-15060,113,386,87,0,0,0
123676,31.47,30.53,8217,0.6469,4812,308,-10800,105,324,93,0,0,0
123762,31.47,30.53,6871,0.9786,5466,-462,-13300,136,363,95,0,0,0
123783,31.47,30.53,6049,0.4436,5254,34,-17346,89,287,85,0,0,0
123836,31.47,30.53,5000,0.492,4042,440,-12828,91,263,85,0,0,0
123856,31.47,30.53,10104,0.5978,3968,-114,-9000,109,350,98,0,0,0
123898,31.47,30.53,81,0.0115,3968,-114,-9000,109,350,98,0,0,0
123943,31.47,30.53,1766,0.2515,4218,952,-14380,77,317,84,0,0,0
124003,31.47,30.53,10702,0.6372,3986,454,-9684,78,344,87,0,0,0
124024,31.47,30.53,7999,0.6425,5450,434,-16514,45,368,84,0,0,0
124067,31.45,30.59,1042,0.1484,5450,434,-16514,45,368,84,0,0,0
124087,31.45,30.59,10208,0.696,4918,418,-11830,68,284,90,0,0,0
124173,31.45,30.59,4611,0.6567,4824,-622,-10882,147,334,97,0,0,0
124194,31.45,30.59,7084,0.4129,4480,516,-14926,85,278,77,0,0,0
124237,31.45,30.59,1592,0.2267,4480,516,-14926,85,278,77,0,0,0
124257,31.45,30.59,8524,0.4938,3984,184,-9846,101,329,90,0,0,0
124301,31.45,30.59,1997,0.2844,3984,184,-9846,101,329,90,0,0,0
124354,31.45,30.59,2712,0.3863,4516,476,-15734,70,315,84,0,0,0
124414,31.45,30.59,8751,0.4739,3786,452,-10468,64,317,84,0,0,0
124434,31.45,30.59,9073,0.5477,5082,68,-15836,65,376,94,0,0,0
124477,31.45,30.59,1742,0.2481,5082,68,-15836,65,376,94,0,0,0
124498,31.45,30.59,9700,0.5318,4956,514,-14004,78,318,94,0,0,0
124582,31.45,30.59,682,0.0971,4784,-48,-9878,146,338,93,0,0,0
124602,31.47,30.57,7252,0.499,4876,412,-16312,89,298,78,0,0,0
124646,31.47,30.57,3169,0.4513,4876,412,-16312,89,298,78,0,0,0
124666,31.47,30.57,8697,0.5378,4184,-144,-10728,115,381,89,0,0,0
124708,31.47,30.57,3483,0.4961,4184,-144,-10728,115,381,89,0,0,0
124757,31.47,30.57,619,0.0882,4598,456,-15946,65,372,81,0,0,0
124817,31.47,30.57,7245,0.3808,4198,832,-13194,86,290,88,0,0,0
124838,31.47,30.57,6641,0.498,4476,388,-9496,125,369,98,0,0,0
124889,31.47,30.57,2006,0.1649,5236,284,-14912,112,395,99,0,0,0
124909,31.47,30.57,5734,0.4091,4498,74,-10716,103,296,93,0,0,0
124995,31.47,30.57,700,0.0997,5114,-718,-12624,128,384,96,0,0,0
125015,31.47,30.57,10725,0.6307,5178,170,-17310,56,346,79,0,0,0
125059,31.47,30.57,1207,0.1719,5178,170,-17310,56,346,79,0,0,0
125079,31.47,30.57,7106,0.5118,4214,-56,-9332,108,353,85,0,0,0
125122,31.43,30.53,4335,0.6174,4214,-56,-9332,108,353,85,0,0,0
125167,31.43,30.53,3859,0.5496,4404,228,-14820,121,401,92,0,0,0
125227,31.43,30.53,9291,0.6026,3876,486,-9582,107,291,87,0,0,0
125247,31.43,30.53,10101,0.693,4930,-258,-11400,119,402,101,0,0,0
125290,31.43,30.53,555,0.079,4930,-258,-11400,119,402,101,0,0,0
125310,31.43,30.53,6973,0.4561,4676,324,-12822,73,306,89,0,0,0
125397,31.43,30.53,729,0.1038,5170,-260,-10610,137,362,104,0,0,0
125417,31.43,30.53,7755,0.4925,5170,-260,-10610,137,362,104,0,0,0
125468,31.43,30.53,3281,0.2356,4602,442,-15464,88,287,81,0,0,0
125488,31.43,30.53,7855,0.5021,3604,46,-9462,102,316,96,0,0,0
125531,31.43,30.53,5786,0.8241,3604,46,-9462,102,316,96,0,0,0
125576,31.43,30.53,3171,0.4516,4260,-102,-11900,147,369,85,0,0,0
125636,31.43,30.53,5643,0.3217,3986,628,-11128,62,309,86,0,0,0
125657,31.43,30.53,5834,0.3463,4786,238,-10634,101,434,88,0,0,0
125699,31.45,30.57,1126,0.1604,4786,238,-10634,101,434,88,0,0,0
125719,31.45,30.57,10185,0.5515,5126,552,-15000,70,327,93,0,0,0
125804,31.45,30.57,5071,0.7222,4728,-200,-10636,113,360,104,0,0,0
125825,31.45,30.57,9642,0.5502,4888,196,-16588,55,330,85,0,0,0
125868,31.45,30.57,2412,0.3435,4888,196,-16588,55,330,85,0,0,0
125889,31.45,30.57,6727,0.5501,3784,442,-11016,82,306,91,0,0,0
125931,31.45,30.57,2163,0.3081,3784,442,-11016,82,306,91,0,0,0
125987,31.45,30.57,400,0.057,4306,92,-15732,70,364,87,0,0,0
126047,31.45,30.57,8898,0.531,4238,828,-13724,72,321,92,0,0,0
126068,31.45,30.57,7557,0.5266,5078,46,-13576,112,397,97,0,0,0
126111,31.45,30.57,2285,0.3254,5078,46,-13576,112,397,97,0,0,0
126132,31.45,30.57,10600,0.5325,5184,504,-15702,59,313,89,0,0,0
126217,31.41,30.51,3602,0.513,4466,-24,-10446,99,304,95,0,0,0
126237,31.41,30.51,6992,0.4581,5182,-92,-17168,60,358,83,0,0,0
126280,31.41,30.51,978,0.1393,5182,-92,-17168,60,358,83,0,0,0
126301,31.41,30.51,7461,0.5176,4146,556,-12932,67,288,87,0,0,0
126344,31.41,30.51,850,0.1211,3718,-208,-9054,135,338,103,0,0,0
126389,31.41,30.51,109,0.0155,4158,212,-13608,109,403,84,0,0,0
126449,31.41,30.51,7386,0.4293,4200,830,-14502,78,318,94,0,0,0
126470,31.41,30.51,5940,0.3964,4030,314,-9598,104,335,90,0,0,0
126524,31.41,30.51,6171,0.4386,4896,66,-11354,82,433,91,0,0,0
126544,31.41,30.51,7661,0.4341,4506,494,-12476,92,283,84,0,0,0
126633,31.41,30.51,1137,0.1619,5032,-510,-10368,126,383,110,0,0,0
126653,31.41,30.51,7706,0.5785,5042,-384,-15114,98,368,85,0,0,0
126697,31.41,30.51,2622,0.3734,5042,-384,-15114,98,368,85,0,0,0
126717,31.41,30.51,8887,0.6681,3654,-88,-9498,113,298,91,0,0,0
126760,31.41,30.53,1455,0.2072,3654,-88,-9498,113,298,91,0,0,0
126806,31.41,30.53,797,0.1135,4058,-148,-11622,111,385,81,0,0,0
126866,31.41,30.53,7513,0.6041,3670,454,-11132,76,288,80,0,0,0
126886,31.41,30.53,7790,0.5112,4616,150,-9358,124,363,101,0,0,0
126929,31.41,30.53,2907,0.414,4616,150,-9358,124,363,101,0,0,0
126950,31.41,30.53,5517,0.3963,4944,476,-14574,97,286,88,0,0,0
127045,31.41,30.53,5172,0.7366,4590,-186,-10294,114,341,95,0,0,0
127066,31.41,30.53,8498,0.5484,4854,320,-16428,67,306,80,0,0,0
127109,31.41,30.53,227,0.0323,4854,320,-16428,67,306,80,0,0,0
127129,31.41,30.53,6685,0.5301,3814,98,-11632,88,302,88,0,0,0
127173,31.41,30.53,3314,0.472,3814,98,-11632,88,302,88,0,0,0
127218,31.41,30.53,4185,0.596,4138,-232,-9866,119,344,88,0,0,0
127278,31.41,30.53,8216,0.447,4370,862,-13760,62,356,92,0,0,0
127298,31.41,30.53,7075,0.4085,4096,240,-9152,114,342,89,0,0,0
127342,31.41,30.53,654,0.0931,4096,240,-9152,114,342,89,0,0,0
127362,31.41,30.53,6216,0.3908,5310,496,-15622,59,340,78,0,0,0
127447,31.41,30.53,664,0.0946,4622,268,-11170,124,247,100,0,0,0
127468,31.41,30.53,5450,0.5913,5160,-848,-11442,113,379,105,0,0,0
127522,31.41,30.53,6311,0.4857,4844,-312,-16322,81,330,81,0,0,0
127543,31.41,30.53,5323,0.3784,4510,334,-13786,73,333,91,0,0,0
127585,31.41,30.53,64,0.0091,3896,80,-9518,98,361,92,0,0,0
127630,31.41,30.53,2286,0.3256,4524,72,-13812,106,416,101,0,0,0
127690,31.41,30.53,10906,0.6237,4386,780,-15818,74,314,81,0,0,0
127711,31.41,30.53,8592,0.5645,4882,214,-10904,102,419,91,0,0,0
127753,31.45,30.51,5339,0.7604,4882,214,-10904,102,419,91,0,0,0
127773,31.45,30.51,7781,0.4904,5146,218,-16022,68,306,87,0,0,0
127859,31.45,30.51,1615,0.23,4866,466,-13586,72,319,84,0,0,0
127879,31.45,30.51,8834,0.5408,5004,-156,-14926,109,367,90,0,0,0
127922,31.45,30.51,913,0.13,5004,-156,-14926,109,367,90,0,0,0
127943,31.45,30.51,6285,0.3332,4700,406,-15628,79,330,80,0,0,0
127986,31.45,30.51,2694,0.3837,3840,-26,-10116,100,305,94,0,0,0
128042,31.45,30.51,2086,0.2971,4176,-168,-11056,121,386,85,0,0,0
128102,31.45,30.51,7641,0.4827,4480,444,-15222,76,336,91,0,0,0
128123,31.45,30.51,8079,0.5216,4390,168,-8524,127,384,92,0,0,0
128166,31.45,30.51,1071,0.1525,4390,168,-8524,127,384,92,0,0,0
128186,31.45,30.51,5996,0.4977,5242,560,-14206,93,318,95,0,0,0
128272,31.41,30.57,399,0.0568,4508,-176,-9586,132,264,93,0,0,0
128292,31.41,30.57,9093,0.5319,5034,-804,-12042,122,363,94,0,0,0
128335,31.41,30.57,7,0.001,5034,-804,-12042,122,363,94,0,0,0
128355,31.41,30.57,9452,0.5554,3948,384,-12376,86,304,80,0,0,0
128399,31.41,30.57,1609,0.2292,3948,384,-12376,86,304,80,0,0,0
128444,31.41,30.57,4869,0.6935,4054,-248,-8816,126,352,98,0,0,0
128504,31.41,30.57,8513,0.5828,4152,378,-14424,125,349,91,0,0,0
128524,31.41,30.57,5453,0.3467,4546,726,-14880,78,336,89,0,0,0
128576,31.41,30.57,5705,0.4817,4114,238,-9440,94,377,93,0,0,0
128596,31.41,30.57,9946,0.6898,5464,416,-16202,56,333,86,0,0,0
128682,31.41,30.57,1114,0.1587,4662,266,-12012,83,300,91,0,0,0
128702,31.41,30.57,9907,0.566,5024,-672,-10920,129,363,97,0,0,0
128745,31.41,30.57,2707,0.3855,5024,-672,-10920,129,363,97,0,0,0
128766,31.41,30.57,8153,0.4726,4558,382,-13916,111,259,85,0,0,0
128809,31.45,30.59,2543,0.3622,4558,382,-13916,111,259,85,0,0,0
128854,31.45,30.59,2675,0.381,3642,84,-9156,123,333,97,0,0,0
128914,31.45,30.59,8190,0.437,4358,716,-15450,44,349,83,0,0,0
128934,31.45,30.59,6005,0.388,4100,456,-10934,71,322,89,0,0,0
128977,31.45,30.59,499,0.0711,4100,456,-10934,71,322,89,0,0,0
128998,31.45,30.59,5554,0.4044,5550,170,-15926,51,379,91,0,0,0
129083,31.45,30.59,2099,0.2989,5096,666,-14164,100,283,89,0,0,0
129104,31.45,30.59,7588,0.5264,5096,666,-14164,100,283,89,0,0,0
129158,31.45,30.59,3012,0.2278,5500,-368,-14898,107,395,89,0,0,0
129178,31.45,30.59,7702,0.4203,4834,390,-16202,59,299,85,0,0,0
129222,31.45,30.59,1419,0.2021,4834,390,-16202,59,299,85,0,0,0
129267,31.45,30.59,2223,0.3166,4498,-128,-11640,129,383,89,0,0,0
129327,31.45,30.59,8841,0.4991,4674,676,-16174,61,370,81,0,0,0
129347,31.45,30.59,9094,0.5135,4496,202,-9034,145,349,103,0,0,0
129390,31.43,30.53,791,0.1127,4496,202,-9034,145,349,103,0,0,0
129410,31.43,30.53,7222,0.4295,5284,22,-15186,114,409,94,0,0,0
129496,31.43,30.53,6495,0.925,5272,650,-15562,75,322,90,0,0,0
129516,31.43,30.53,8149,0.5251,5180,-726,-11772,139,350,100,0,0,0
129560,31.43,30.53,184,0.0262,5180,-726,-11772,139,350,100,0,0,0
129580,31.43,30.53,7243,0.4777,4974,-188,-16296,76,316,82,0,0,0
129624,31.43,30.53,1017,0.1448,4974,-188,-16296,76,316,82,0,0,0
129677,31.43,30.53,1185,0.1688,4090,-290,-9310,109,363,85,0,0,0
129736,31.43,30.53,7092,0.5581,4832,148,-15492,78,460,94,0,0,0
129756,31.43,30.53,10224,0.8024,4216,600,-9490,146,308,98,0,0,0
129800,31.43,30.53,2939,0.4186,4216,600,-9490,146,308,98,0,0,0
129820,31.43,30.53,6710,0.4879,5114,-40,-12900,124,400,96,0,0,0
129906,31.43,30.53,889,0.1266,5674,460,-17084,52,337,84,0,0,0
129926,31.41,30.53,7654,0.6004,5268,-674,-11440,131,362,98,0,0,0
129970,31.41,30.53,343,0.0489,5268,-674,-11440,131,362,98,0,0,0
129990,31.41,30.53,8031,0.5194,4916,418,-15360,65,325,93,0,0,0
130033,31.41,30.53,2936,0.4182,4916,418,-15360,65,325,93,0,0,0
130079,31.41,30.53,181,0.0258,4240,-136,-9524,123,324,88,0,0,0
130139,31.41,30.53,9874,0.5797,4638,120,-13006,118,414,77,0,0,0
130159,31.41,30.53,5727,0.496,4756,848,-16240,41,337,92,0,0,0
130214,31.41,30.53,4743,0.3624,4124,580,-11524,82,314,77,0,0,0
130234,31.41,30.53,9371,0.5486,5702,192,-16494,73,350,90,0,0,0
130319,31.41,30.53,6930,0.987,5290,624,-14430,74,311,86,0,0,0
130339,31.41,30.53,10238,0.545,5228,-280,-10686,138,329,105,0,0,0
130383,31.41,30.53,4525,0.6445,5228,-280,-10686,138,329,105,0,0,0
130403,31.41,30.53,10174,0.6383,4904,284,-16470,86,299,79,0,0,0
130445,31.43,30.57,3115,0.4436,4904,284,-16470,86,299,79,0,0,0
130491,31.43,30.57,2868,0.4085,4162,270,-10478,103,296,89,0,0,0
130551,31.43,30.57,8204,0.4834,4696,376,-16164,74,376,90,0,0,0
130571,31.43,30.57,8500,0.4644,4406,600,-13366,79,291,84,0,0,0
130614,31.43,30.57,239,0.034,4406,600,-13366,79,291,84,0,0,0
130634,31.43,30.57,6807,0.7168,5552,140,-14798,86,411,88,0,0,0
130720,31.43,30.57,5248,0.7474,5546,822,-15818,71,321,87,0,0,0
130740,31.43,30.57,8860,0.7105,5546,822,-15818,71,321,87,0,0,0
130791,31.43,30.57,5749,0.3867,5568,-286,-13514,139,375,93,0,0,0
130812,31.43,30.57,7874,0.4544,5344,-42,-17254,80,322,85,0,0,0
130855,31.43,30.57,2809,0.4001,5344,-42,-17254,80,322,85,0,0,0
130900,31.43,30.57,1945,0.277,4310,394,-13258,77,326,90,0,0,0
130959,31.43,30.57,7145,0.4314,4654,276,-15088,130,353,85,0,0,0
130979,31.43,30.57,9278,0.4678,4440,892,-15010,69,321,95,0,0,0
131023,31.41,30.57,4064,0.5788,4440,892,-15010,69,321,95,0,0,0
131044,31.41,30.57,10028,0.533,5290,-28,-13882,136,382,94,0,0,0
131129,31.41,30.57,6380,0.9087,5484,432,-16684,63,313,90,0,0,0
131149,31.41,30.57,9174,0.5047,5362,-440,-11562,123,381,102,0,0,0
131192,31.41,30.57,2240,0.319,5362,-440,-11562,123,381,102,0,0,0
131212,31.41,30.57,8584,0.5085,5658,-158,-16902,77,360,86,0,0,0
131256,31.41,30.57,2204,0.3139,5658,-158,-16902,77,360,86,0,0,0
131317,31.41,30.57,157,0.0224,4078,152,-9710,123,297,92,0,0,0
131376,31.41,30.57,8234,0.5333,4518,180,-13092,110,423,92,0,0,0
131396,31.41,30.57,8183,0.5843,4210,488,-11486,64,329,98,0,0,0
131440,31.41,30.57,2168,0.3088,4210,488,-11486,64,329,98,0,0,0
131460,31.41,30.57,7118,0.4071,4996,176,-11480,118,387,90,0,0,0
131546,31.41,30.57,973,0.1386,5584,-42,-17160,87,350,88,0,0,0
131566,31.41,30.63,7781,0.4845,5262,108,-10596,139,355,100,0,0,0
131610,31.41,30.63,611,0.087,5262,108,-10596,139,355,100,0,0,0
131630,31.41,30.63,8888,0.5243,5308,478,-16948,64,317,82,0,0,0
131673,31.41,30.63,1705,0.2428,5308,478,-16948,64,317,82,0,0,0
131719,31.41,30.63,394,0.0561,4152,334,-11506,91,323,93,0,0,0
131779,31.41,30.63,8548,0.5052,4584,-110,-11822,115,371,83,0,0,0
131800,31.41,30.63,8115,0.5803,4860,520,-16724,92,330,86,0,0,0
131853,31.41,30.63,4488,0.3398,4368,740,-12572,61,307,90,0,0,0
131874,31.41,30.63,8816,0.616,5246,42,-14994,119,370,102,0,0,0
131960,31.41,30.63,6573,0.9361,5476,636,-15682,76,330,88,0,0,0
131980,31.41,30.63,7373,0.4726,4968,58,-10586,127,312,101,0,0,0
132023,31.41,30.63,4130,0.5882,4968,58,-10586,127,312,101,0,0,0
132043,31.41,30.63,7383,0.4946,5444,216,-18052,61,321,90,0,0,0
132087,31.45,30.63,426,0.0607,5444,216,-18052,61,321,90,0,0,0
132132,31.45,30.63,2521,0.359,4246,360,-13230,89,277,87,0,0,0
132192,31.45,30.63,6519,0.4354,4666,530,-15472,111,384,90,0,0,0
132213,31.45,30.63,6133,0.3343,4574,1064,-14816,65,317,91,0,0,0
132256,31.45,30.63,2290,0.3261,4574,1064,-14816,65,317,91,0,0,0
132276,31.45,30.63,8028,0.5081,5134,4,-14068,114,394,99,0,0,0
132361,31.45,30.63,4007,0.5707,5664,618,-16572,45,364,89,0,0,0
132382,31.45,30.63,3481,0.3022,5664,618,-16572,45,364,89,0,0,0
132433,31.45,30.63,2843,0.2089,5290,-390,-11892,128,365,94,0,0,0
132453,31.45,30.63,8660,0.5025,5528,84,-16744,68,368,92,0,0,0
132496,31.45,30.63,1257,0.179,5528,84,-16744,68,368,92,0,0,0
132541,31.45,30.63,2130,0.3034,4506,580,-14788,102,301,87,0,0,0
132600,31.45,30.63,9850,0.5413,4596,272,-13764,121,395,97,0,0,0
132621,31.45,30.63,8239,0.5624,4658,906,-15794,54,332,76,0,0,0
132664,31.43,30.57,891,0.1269,4658,906,-15794,54,332,76,0,0,0
132684,31.43,30.57,7655,0.412,5084,190,-11318,126,371,93,0,0,0
132771,31.43,30.57,1396,0.1988,5346,284,-15918,85,337,90,0,0,0
132791,31.43,30.57,6907,0.4585,5138,-578,-11236,117,351,100,0,0,0
132834,31.43,30.57,2547,0.3628,5138,-578,-11236,117,351,100,0,0,0
132854,31.43,30.57,8850,0.447,5406,-364,-16198,112,381,88,0,0,0
132898,31.43,30.57,2360,0.3361,5406,-364,-16198,112,381,88,0,0,0
132952,31.43,30.57,3516,0.5008,4230,362,-11454,94,341,89,0,0,0
133012,31.43,30.57,8373,0.5642,4656,-50,-11484,124,373,91,0,0,0
133032,31.43,30.57,8853,0.5014,4312,844,-12438,52,337,80,0,0,0
133075,31.43,30.57,2833,0.4035,4312,844,-12438,52,337,80,0,0,0
133095,31.43,30.57,9287,0.5045,4786,276,-9742,127,350,97,0,0,0
133180,31.43,30.57,6937,0.988,5130,48,-14722,137,348,95,0,0,0
133200,31.43,30.59,6785,0.4577,4750,178,-10930,116,333,90,0,0,0
133244,31.43,30.59,2242,0.3193,4750,178,-10930,116,333,90,0,0,0
133264,31.43,30.59,8545,0.6337,5548,-376,-13828,113,405,88,0,0,0
133307,31.43,30.59,141,0.0201,5548,-376,-13828,113,405,88,0,0,0
133352,31.43,30.59,2226,0.317,3996,382,-12074,83,244,85,0,0,0
133412,31.43,30.59,7816,0.4733,4086,-242,-9082,110,354,91,0,0,0
133432,31.43,30.59,5621,0.4623,4336,162,-14878,102,398,90,0,0,0
133489,31.43,30.59,7330,0.5187,4374,794,-14148,63,328,84,0,0,0
133509,31.43,30.59,9698,0.5719,5200,296,-13800,107,434,89,0,0,0
133596,31.43,30.59,2446,0.3484,5388,450,-16246,60,331,94,0,0,0
133616,31.43,30.59,10653,0.6456,4860,306,-11414,84,313,82,0,0,0
133659,31.43,30.59,5429,0.7732,4860,306,-11414,84,313,82,0,0,0
133679,31.43,30.59,8050,0.5812,5518,-200,-17396,96,331,80,0,0,0
133722,31.41,30.53,4081,0.5812,5518,-200,-17396,96,331,80,0,0,0
133767,31.41,30.53,3008,0.4284,4712,540,-15286,75,291,97,0,0,0
133826,31.41,30.53,5174,0.3049,4194,160,-10100,116,327,92,0,0,0
133847,31.41,30.53,6810,0.4694,4586,776,-16258,67,315,90,0,0,0
133889,31.41,30.53,376,0.0536,4586,776,-16258,67,315,90,0,0,0
133909,31.41,30.53,7470,0.4354,5102,202,-11706,142,379,96,0,0,0
133995,31.41,30.53,2622,0.3734,5616,370,-16480,52,370,91,0,0,0
134016,31.41,30.53,11715,0.8668,5616,370,-16480,52,370,91,0,0,0
134069,31.41,30.53,6420,0.4732,5026,508,-13878,89,277,91,0,0,0
134089,31.41,30.53,5851,0.3736,5272,-340,-16026,124,358,101,0,0,0
134132,31.41,30.53,2365,0.3368,5272,-340,-16026,124,358,101,0,0,0
134178,31.41,30.53,2104,0.2997,5038,322,-16558,74,329,85,0,0,0
134238,31.41,30.53,8731,0.5053,4180,-146,-10974,126,358,88,0,0,0
134258,31.41,30.53,6856,0.4915,4726,582,-16726,67,388,87,0,0,0
134301,31.43,30.51,217,0.0309,4726,582,-16726,67,388,87,0,0,0
134321,31.43,30.51,8502,0.5198,4650,320,-10216,136,378,101,0,0,0
134407,31.43,30.51,2066,0.2942,5016,196,-14608,99,359,95,0,0,0
134427,31.43,30.51,9223,0.6094,5008,532,-14724,89,340,94,0,0,0
134471,31.43,30.51,4098,0.5836,4726,-18,-9944,125,309,98,0,0,0
134491,31.43,30.51,10536,0.5565,5382,-368,-13964,123,411,99,0,0,0
134536,31.43,30.51,2589,0.3687,5382,-368,-13964,123,411,99,0,0,0
134595,31.43,30.51,5906,0.8411,3984,308,-12310,79,310,86,0,0,0
134655,31.43,30.51,10398,0.5432,4198,-134,-10212,111,372,93,0,0,0
134675,31.43,30.51,7728,0.5044,4342,908,-14244,84,288,94,0,0,0
134718,31.43,30.51,3641,0.5186,4342,908,-14244,84,288,94,0,0,0
134739,31.43,30.51,9088,0.492,4326,422,-9446,112,368,97,0,0,0
134825,31.43,30.51,1849,0.2633,4966,134,-13348,141,360,96,0,0,0
134845,31.39,30.51,9059,0.5816,4676,184,-11564,66,339,96,0,0,0
134887,31.39,30.51,404,0.0575,4676,184,-11564,66,339,96,0,0,0
134908,31.39,30.51,7559,0.4531,5384,-260,-11768,125,377,89,0,0,0
134952,31.39,30.51,2814,0.4008,5182,-188,-16874,101,335,95,0,0,0
134998,31.39,30.51,6400,0.9115,4308,328,-13092,91,265,96,0,0,0
135058,31.39,30.51,7037,0.4434,3800,48,-9384,134,329,93,0,0,0
135079,31.39,30.51,3815,0.3276,4286,-32,-13402,116,417,94,0,0,0
135137,31.39,30.51,6837,0.505,4486,832,-14616,93,287,78,0,0,0
135157,31.39,30.51,9863,0.5554,4916,-304,-11192,113,401,83,0,0,0
135242,31.39,30.51,4854,0.6913,5196,124,-15730,60,368,94,0,0,0
135262,31.39,30.51,8549,0.4809,4910,522,-12974,61,321,93,0,0,0
135305,31.39,30.51,1800,0.2564,4910,522,-12974,61,321,93,0,0,0
135325,31.39,30.51,7205,0.5644,5204,-278,-16192,116,354,102,0,0,0
135370,31.41,30.51,632,0.09,5204,-278,-16192,116,354,102,0,0,0
135415,31.41,30.51,2846,0.4053,4692,560,-15308,76,316,83,0,0,0
135474,31.41,30.51,7440,0.4434,4240,-72,-11192,108,395,80,0,0,0
135494,31.41,30.51,8434,0.5436,4380,536,-15944,72,327,90,0,0,0
135537,31.41,30.51,1088,0.155,4380,536,-15944,72,327,90,0,0,0
135557,31.41,30.51,7960,0.4397,4750,258,-9658,98,413,97,0,0,0
135643,31.41,30.51,5415,0.7712,5038,192,-14734,118,341,98,0,0,0
135663,31.41,30.51,7267,0.4592,5038,192,-14734,118,341,98,0,0,0
135714,31.41,30.51,4509,0.3711,4370,-440,-9894,122,363,102,0,0,0
135735,31.41,30.51,5534,0.4269,5382,-338,-13874,119,380,94,0,0,0
135778,31.41,30.51,1552,0.221,5382,-338,-13874,119,380,94,0,0,0
135824,31.41,30.51,2730,0.3888,4906,318,-16718,63,324,87,0,0,0
135884,31.41,30.51,8877,0.513,4188,100,-10866,111,398,91,0,0,0
135904,31.41,30.51,8800,0.4909,4270,408,-16256,88,350,93,0,0,0
135946,31.39,30.59,2139,0.3046,4270,408,-16256,88,350,93,0,0,0
135967,31.39,30.59,9167,0.533,4362,472,-9242,101,394,97,0,0,0
136053,31.39,30.59,724,0.1031,5198,248,-13638,138,358,94,0,0,0
136073,31.39,30.59,6109,0.3296,4384,104,-11372,94,315,91,0,0,0
136116,31.39,30.59,320,0.0456,4384,104,-11372,94,315,91,0,0,0
136136,31.39,30.59,6788,0.4545,5184,-498,-11790,121,384,91,0,0,0
136179,31.39,30.59,2213,0.3152,5184,-498,-11790,121,384,91,0,0,0
136233,31.39,30.59,5810,0.8275,4180,370,-13078,105,266,83,0,0,0
136292,31.39,30.59,8401,0.5071,3760,48,-9126,121,345,97,0,0,0
136312,31.39,30.59,10792,0.6501,4074,1004,-15286,74,336,87,0,0,0
136355,31.39,30.59,1741,0.248,4074,1004,-15286,74,336,87,0,0,0
136375,31.39,30.59,10835,0.6207,3952,294,-9686,99,338,89,0,0,0
136461,31.41,30.63,160,0.0228,4826,194,-11574,109,386,98,0,0,0
136481,31.41,30.63,8280,0.5269,4496,-60,-12308,77,288,90,0,0,0
136524,31.41,30.63,2540,0.3618,4496,-60,-12308,77,288,90,0,0,0
136544,31.41,30.63,6697,0.4411,4824,-718,-10166,142,353,100,0,0,0
136586,31.41,30.63,27,0.0038,4824,-718,-10166,142,353,100,0,0,0
136632,31.41,30.63,937,0.1335,4746,544,-15250,77,299,81,0,0,0
136692,31.41,30.63,9795,0.5551,3892,408,-10214,102,343,92,0,0,0
136713,31.41,30.63,6437,0.4909,4256,106,-12682,131,397,91,0,0,0
136764,31.41,30.63,6880,0.4704,4412,430,-16094,65,338,86,0,0,0
136784,31.41,30.63,9108,0.4792,3854,484,-11208,61,311,89,0,0,0
136870,31.41,30.63,2660,0.3788,4718,-26,-9916,111,373,90,0,0,0
136890,31.41,30.63,11084,0.7653,4912,388,-13784,61,328,98,0,0,0
136933,31.41,30.63,1677,0.2388,4912,388,-13784,61,328,98,0,0,0
136953,31.41,30.63,8601,0.5233,5332,-270,-14612,103,423,93,0,0,0
136997,31.41,30.59,2681,0.3818,5332,-270,-14612,103,423,93,0,0,0
137042,31.41,30.59,1233,0.1756,4852,366,-16222,74,299,84,0,0,0
137101,31.41,30.59,9774,0.5444,3810,206,-10866,99,297,93,0,0,0
137121,31.41,30.59,7106,0.5303,4398,286,-15752,77,360,86,0,0,0
137165,31.41,30.59,4696,0.6688,4398,286,-15752,77,360,86,0,0,0
137185,31.41,30.59,8635,0.5785,4252,790,-12596,73,338,81,0,0,0
137271,31.41,30.59,3544,0.5047,4686,510,-9518,116,394,104,0,0,0
137292,31.41,30.59,5547,0.4058,5146,66,-14374,104,393,99,0,0,0
137347,31.41,30.59,7666,0.4526,5064,674,-15058,89,295,82,0,0,0
137367,31.41,30.59,9662,0.5397,5292,-396,-13178,114,391,84,0,0,0
137411,31.41,30.59,255,0.0363,5292,-396,-13178,114,391,84,0,0,0
137456,31.41,30.59,1594,0.227,4958,-208,-16628,86,286,97,0,0,0
137515,31.41,30.59,8876,0.5182,3916,-8,-8948,94,361,89,0,0,0
137535,31.41,30.59,6801,0.4817,4220,230,-14928,128,373,88,0,0,0
137578,31.43,30.59,3098,0.4412,4220,230,-14928,128,373,88,0,0,0
137598,31.43,30.59,9229,0.5492,3870,364,-8804,127,311,92,0,0,0
137684,31.43,30.59,3516,0.5008,4954,-40,-12304,123,398,94,0,0,0
137704,31.43,30.59,9048,0.5774,4940,390,-15618,39,372,85,0,0,0
137748,31.43,30.59,3845,0.5476,4940,390,-15618,39,372,85,0,0,0
137768,31.43,30.59,7790,0.5212,4956,-568,-10836,139,373,96,0,0,0
137812,31.43,30.59,2959,0.4214,4956,-568,-10836,139,373,96,0,0,0
137870,31.43,30.59,2149,0.3061,5226,-480,-16048,95,354,95,0,0,0
137929,31.43,30.59,7771,0.4752,3836,20,-9114,133,325,98,0,0,0
137950,31.43,30.59,8334,0.5566,4432,54,-13096,118,413,86,0,0,0
137993,31.43,30.59,4962,0.7067,4164,856,-16194,60,318,82,0,0,0
138013,31.43,30.59,7157,0.4509,4040,504,-10594,97,309,102,0,0,0
138098,31.43,30.59,1473,0.2098,4816,226,-10854,110,387,88,0,0,0
138118,31.43,30.57,5535,0.3952,4696,574,-13668,100,272,88,0,0,0
138162,31.43,30.57,1337,0.1904,4696,574,-13668,100,272,88,0,0,0
138182,31.43,30.57,5936,0.4222,4770,-426,-10128,141,349,100,0,0,0
138225,31.43,30.57,625,0.089,4770,-426,-10128,141,349,100,0,0,0
138271,31.43,30.57,1487,0.2118,5038,-556,-15098,131,361,102,0,0,0
138331,31.43,30.57,7935,0.5276,3820,76,-10124,105,311,91,0,0,0
138351,31.43,30.57,7735,0.8698,3820,76,-10124,105,311,91,0,0,0
138406,31.43,30.57,7473,0.5582,4296,772,-15628,61,368,84,0,0,0
138426,31.43,30.57,8119,0.5168,3926,510,-11406,79,291,89,0,0,0
138511,31.43,30.57,3750,0.5341,4522,98,-8756,134,357,93,0,0,0
138532,31.43,30.57,10255,0.5841,5254,534,-15212,79,361,90,0,0,0
138575,31.43,30.57,1218,0.1735,5254,534,-15212,79,361,90,0,0,0
138595,31.43,30.57,7959,0.5098,5070,-542,-12796,138,360,93,0,0,0
138638,31.41,30.51,1201,0.171,5070,-542,-12796,138,360,93,0,0,0
138683,31.41,30.51,805,0.1147,5190,-56,-16076,66,340,86,0,0,0
138743,31.41,30.51,7715,0.4653,3984,174,-11804,93,292,86,0,0,0
138764,31.41,30.51,8634,0.5149,4504,-40,-14638,125,367,91,0,0,0
138807,31.41,30.51,5259,0.749,4504,-40,-14638,125,367,91,0,0,0
138827,31.41,30.51,7313,0.5474,4274,834,-14166,60,318,74,0,0,0
138913,31.41,30.51,2513,0.3579,4956,-56,-12724,126,390,93,0,0,0
138934,31.41,30.51,6653,0.4486,4956,-56,-12724,126,390,93,0,0,0
138986,31.41,30.51,6846,0.5668,4960,214,-15202,59,332,100,0,0,0
139007,31.41,30.51,8198,0.4812,4970,-472,-11458,112,371,89,0,0,0
139050,31.41,30.51,1719,0.2448,4970,-472,-11458,112,371,89,0,0,0
139096,31.41,30.51,9,0.0013,5188,-394,-16372,74,352,101,0,0,0
139155,31.41,30.51,8830,0.5746,3890,-262,-9292,123,340,97,0,0,0
139175,31.41,30.51,7795,0.3957,4274,92,-13206,138,392,85,0,0,0
139218,31.41,30.57,1237,0.1762,4274,92,-13206,138,392,85,0,0,0
139239,31.41,30.57,7626,0.503,3914,404,-9614,84,330,88,0,0,0
139325,31.41,30.57,1796,0.2558,4854,16,-10746,109,372,85,0,0,0
139345,31.41,30.57,5830,0.398,5132,372,-15636,54,394,91,0,0,0
139389,31.41,30.57,2443,0.3479,5132,372,-15636,54,394,91,0,0,0
139409,31.41,30.57,8456,0.4873,4808,-480,-9414,139,344,99,0,0,0
139451,31.41,30.57,1330,0.1894,4808,-480,-9414,139,344,99,0,0,0
139509,31.41,30.57,4214,0.6002,5214,-360,-15494,109,403,97,0,0,0
139569,31.41,30.57,7277,0.4318,3294,-94,-9036,127,285,84,0,0,0
139590,31.41,30.57,9589,0.6414,4198,10,-11726,99,439,74,0,0,0
139633,31.41,30.57,4916,0.7001,4198,10,-11726,99,439,74,0,0,0
139653,31.41,30.57,6772,0.3886,3872,528,-11874,72,302,92,0,0,0
139740,31.43,30.59,1603,0.2283,4782,256,-9686,111,388,92,0,0,0
139761,31.43,30.59,5928,0.365,5314,596,-15226,80,314,81,0,0,0
139804,31.43,30.59,3005,0.428,5314,596,-15226,80,314,81,0,0,0
139824,31.43,30.59,5784,0.43,4612,74,-10836,130,327,111,0,0,0
139868,31.43,30.59,413,0.0588,4612,74,-10836,130,327,111,0,0,0
139913,31.43,30.59,2727,0.3884,5400,-554,-14696,115,403,91,0,0,0
139973,31.43,30.59,11122,0.5661,3932,130,-11188,98,278,87,0,0,0
139994,31.43,30.59,7089,0.5364,3932,130,-11188,98,278,87,0,0,0
140046,31.43,30.59,4843,0.4825,4294,380,-15282,90,361,88,0,0,0
140066,31.43,30.59,5992,0.4656,4236,648,-13430,75,328,83,0,0,0
140152,31.43,30.59,3186,0.4538,4442,296,-9996,115,393,94,0,0,0
140172,31.43,30.59,9767,0.5068,5334,452,-15452,81,335,88,0,0,0
140216,31.43,30.59,1184,0.1686,5334,452,-15452,81,335,88,0,0,0
140236,31.43,30.59,8642,0.5642,5308,-504,-12926,131,385,101,0,0,0
140279,31.43,30.65,1375,0.1958,5308,-504,-12926,131,385,101,0,0,0
140324,31.43,30.65,1765,0.2514,5372,-52,-17064,42,357,75,0,0,0
140384,31.43,30.65,9108,0.5402,4180,254,-13080,116,252,92,0,0,0
140404,31.43,30.65,5369,0.3135,4192,166,-14664,124,364,87,0,0,0
140446,31.43,30.65,1217,0.1733,4192,166,-14664,124,364,87,0,0,0
140467,31.43,30.65,8704,0.4506,4824,1032,-15398,61,336,82,0,0,0
140553,31.43,30.65,6629,0.9441,4014,622,-9700,97,318,95,0,0,0
140574,31.43,30.65,3453,0.2695,5192,-8,-12198,138,382,99,0,0,0
140627,31.43,30.65,5001,0.399,5480,298,-16628,58,354,85,0,0,0
140647,31.43,30.65,7062,0.5004,5158,-798,-11066,133,355,97,0,0,0
140691,31.43,30.65,1366,0.1945,5158,-798,-11066,133,355,97,0,0,0
140736,31.43,30.65,1553,0.2212,5330,-304,-15886,108,328,94,0,0,0
140797,31.43,30.65,9936,0.5438,3754,-216,-9358,130,323,91,0,0,0
140817,31.43,30.65,8585,0.5375,4214,-312,-12408,132,382,82,0,0,0
140860,31.39,30.65,3092,0.4404,4214,-312,-12408,132,382,82,0,0,0
140880,31.39,30.65,8556,0.5826,4228,556,-10982,66,323,77,0,0,0
140967,31.39,30.65,3351,0.4773,5054,82,-10846,111,424,102,0,0,0
140987,31.39,30.65,5841,0.3832,5516,94,-15928,72,311,87,0,0,0
141031,31.39,30.65,1101,0.1568,5516,94,-15928,72,311,87,0,0,0
141051,31.39,30.65,9735,0.5481,5160,-258,-10722,124,362,94,0,0,0
141094,31.39,30.65,1866,0.2658,5160,-258,-10722,124,362,94,0,0,0
141152,31.39,30.65,3485,0.4963,5524,-182,-15440,105,399,95,0,0,0
141211,31.39,30.65,7727,0.4589,4268,358,-11318,96,296,93,0,0,0
141231,31.39,30.65,8965,0.5252,4680,96,-11710,122,368,92,0,0,0
141274,31.39,30.65,409,0.0583,4680,96,-11710,122,368,92,0,0,0
141294,31.39,30.65,8174,0.47,4328,648,-12126,82,255,88,0,0,0
141379,31.43,30.63,3017,0.4297,4638,328,-9998,120,383,97,0,0,0
141399,31.43,30.63,8105,0.4458,5482,660,-15356,95,329,95,0,0,0
141443,31.43,30.63,1516,0.2159,5482,660,-15356,95,329,95,0,0,0
141463,31.43,30.63,9779,0.5365,5078,104,-10804,124,314,92,0,0,0
141505,31.43,30.63,4432,0.6312,5078,104,-10804,124,314,92,0,0,0
141550,31.43,30.63,2986,0.4253,5498,-224,-13700,108,385,97,0,0,0
141611,31.43,30.63,8379,0.5049,4102,154,-12924,91,262,91,0,0,0
141631,31.43,30.63,6129,0.437,4102,154,-12924,91,262,91,0,0,0
141683,31.43,30.63,6357,0.4848,4668,376,-15312,101,391,89,0,0,0
141703,31.43,30.63,5324,0.3306,4540,1112,-14684,86,288,89,0,0,0
141789,31.43,30.63,1171,0.1668,4396,284,-10020,105,378,101,0,0,0
141809,31.43,30.63,8360,0.5282,5790,622,-16652,65,351,89,0,0,0
141853,31.43,30.63,506,0.0721,5790,622,-16652,65,351,89,0,0,0
141873,31.43,30.63,9201,0.6389,4802,322,-12190,83,312,95,0,0,0
141916,31.43,30.65,3203,0.4562,5440,-368,-12558,126,349,92,0,0,0
141961,31.43,30.65,400,0.057,5646,-162,-18006,75,343,97,0,0,0
142021,31.43,30.65,6099,0.3457,4574,222,-14590,101,247,90,0,0,0
142041,31.43,30.65,6419,0.4179,4630,102,-14244,128,407,86,0,0,0
142084,31.43,30.65,2177,0.3101,4630,102,-14244,128,407,86,0,0,0
142104,31.43,30.65,7092,0.4887,4848,1010,-15644,74,312,91,0,0,0
142190,31.43,30.65,288,0.041,4260,678,-11278,93,334,90,0,0,0
142211,31.43,30.65,5325,0.3917,5294,188,-11940,114,396,99,0,0,0
142266,31.43,30.65,5933,0.3921,5414,200,-16430,58,345,78,0,0,0
142286,31.43,30.65,7475,0.4445,5104,-356,-10622,146,323,107,0,0,0
142330,31.43,30.65,14,0.002,5104,-356,-10622,146,323,107,0,0,0
142375,31.43,30.65,125,0.0178,5524,-162,-16360,89,410,92,0,0,0
142436,31.43,30.65,9438,0.4979,3946,216,-9962,123,298,81,0,0,0
142457,31.43,30.65,5834,0.453,4678,-134,-12654,106,424,92,0,0,0
142500,31.39,30.71,210,0.0299,4678,-134,-12654,106,424,92,0,0,0
142520,31.39,30.71,8510,0.5434,4224,470,-12208,54,324,80,0,0,0
142606,31.39,30.71,2160,0.3076,4980,100,-10582,112,383,100,0,0,0
142626,31.39,30.71,6567,0.438,5698,270,-16304,82,390,84,0,0,0
142670,31.39,30.71,1824,0.2598,5698,270,-16304,82,390,84,0,0,0
142690,31.39,30.71,8735,0.4863,5078,-82,-9806,128,347,98,0,0,0
142733,31.39,30.71,1677,0.2388,5078,-82,-9806,128,347,98,0,0,0
142789,31.39,30.71,4713,0.6712,5482,-526,-14620,148,337,92,0,0,0
142848,31.39,30.71,6249,0.4328,4002,460,-10934,80,298,90,0,0,0
142868,31.39,30.71,8991,0.5526,4400,-94,-10746,141,339,81,0,0,0
142912,31.39,30.71,946,0.1347,4400,-94,-10746,141,339,81,0,0,0
142932,31.39,30.71,7067,0.5062,4538,1096,-13924,67,298,86,0,0,0
143018,31.39,30.71,2619,0.373,4714,350,-9838,122,371,97,0,0,0
143038,31.41,30.73,10379,0.5611,5332,858,-15726,58,372,91,0,0,0
143082,31.41,30.73,3858,0.5495,5332,858,-15726,58,372,91,0,0,0
143102,31.41,30.73,8447,0.6172,4984,256,-11182,98,330,90,0,0,0
143145,31.41,30.73,2265,0.3226,4984,256,-11182,98,330,90,0,0,0
143190,31.41,30.73,1531,0.218,5432,-368,-13094,126,382,90,0,0,0
143250,31.41,30.73,5855,0.4422,4358,336,-13032,69,279,86,0,0,0
143271,31.41,30.73,4161,0.3236,4358,336,-13032,69,279,86,0,0,0
143323,31.41,30.73,8712,0.5398,4708,218,-15554,123,357,87,0,0,0
143343,31.41,30.73,8388,0.4789,4418,1106,-14836,53,311,81,0,0,0
143428,31.41,30.73,202,0.0288,4480,676,-9396,129,321,103,0,0,0
143449,31.41,30.73,10074,0.5854,5700,700,-16968,41,351,80,0,0,0
143492,31.41,30.73,1361,0.1938,5700,700,-16968,41,351,80,0,0,0
143512,31.41,30.73,10307,0.5932,4918,366,-11918,84,288,98,0,0,0
143556,31.43,30.57,471,0.0671,4918,366,-11918,84,288,98,0,0,0
143601,31.43,30.57,627,0.0893,5436,130,-17176,69,375,94,0,0,0
143661,31.43,30.57,6867,0.4483,4464,276,-14380,91,280,86,0,0,0
143681,31.43,30.57,7063,0.4449,4320,154,-13552,134,385,92,0,0,0
143724,31.43,30.57,3713,0.5288,4320,154,-13552,134,385,92,0,0,0
143744,31.43,30.57,6905,0.4384,4682,996,-15598,81,322,81,0,0,0
143830,31.43,30.57,6261,0.8917,4244,478,-10908,84,306,94,0,0,0
143850,31.43,30.57,8704,0.6128,5030,302,-11746,114,415,85,0,0,0
143901,31.43,30.57,3454,0.2821,5584,8,-16084,83,341,98,0,0,0
143921,31.43,30.57,6662,0.4039,5190,-236,-10586,122,376,102,0,0,0
143964,31.43,30.57,2783,0.3964,5190,-236,-10586,122,376,102,0,0,0
144010,31.43,30.57,1565,0.2229,5680,-284,-16084,120,370,96,0,0,0
144070,31.43,30.57,8243,0.4812,4924,572,-16570,94,289,77,0,0,0
144090,31.43,30.57,8833,0.4797,4496,148,-12056,118,410,87,0,0,0
144133,31.43,30.71,215,0.0306,4496,148,-12056,118,410,87,0,0,0
144154,31.43,30.71,11609,0.6301,4628,794,-17170,83,328,83,0,0,0
144240,31.43,30.71,4996,0.7115,5164,344,-11234,113,411,91,0,0,0
144260,31.43,30.71,6988,0.4834,5614,290,-16454,98,367,102,0,0,0
144304,31.43,30.71,454,0.0647,5614,290,-16454,98,367,102,0,0,0
144324,31.43,30.71,7231,0.5501,4826,-158,-10284,131,319,95,0,0,0
144366,31.43,30.71,701,0.0998,4826,-158,-10284,131,319,95,0,0,0
144425,31.43,30.71,426,0.0607,5502,-336,-14210,147,338,106,0,0,0
144485,31.43,30.71,9675,0.6381,4056,232,-11950,85,277,84,0,0,0
144506,31.43,30.71,7852,0.428,4320,-334,-10406,128,367,89,0,0,0
144549,31.43,30.71,351,0.05,4320,-334,-10406,128,367,89,0,0,0
144569,31.43,30.71,7965,0.4737,4722,936,-13608,53,346,78,0,0,0
144656,31.41,30.63,3266,0.4652,4210,514,-10284,120,337,97,0,0,0
144676,31.41,30.63,6047,0.3961,5250,22,-14178,119,392,93,0,0,0
144718,31.41,30.63,483,0.0688,5248,548,-15744,58,340,85,0,0,0
144738,31.41,30.63,7030,0.4557,5178,390,-11636,89,318,92,0,0,0
144782,31.41,30.63,1915,0.2727,5178,390,-11636,89,318,92,0,0,0
144827,31.41,30.63,3499,0.4983,5496,-476,-12240,121,381,89,0,0,0
144886,31.41,30.63,10594,0.5833,4430,418,-13674,68,271,88,0,0,0
144907,31.41,30.63,3333,0.2306,4430,418,-13674,68,271,88,0,0,0
144961,31.41,30.63,3120,0.3052,4592,22,-13844,129,403,86,0,0,0
144981,31.41,30.63,8246,0.4534,4304,942,-14758,74,311,85,0,0,0
145067,31.41,30.63,3064,0.4364,4136,478,-10150,109,305,90,0,0,0
145087,31.41,30.63,7645,0.5903,5614,446,-16776,45,392,98,0,0,0
145130,31.41,30.63,1155,0.1645,5614,446,-16776,45,392,98,0,0,0
145150,31.41,30.63,10737,0.6565,5000,328,-13110,66,321,86,0,0,0
145193,31.39,30.63,3176,0.4523,5000,328,-13110,66,321,86,0,0,0
145238,31.39,30.63,3125,0.4451,5660,-158,-16460,107,325,89,0,0,0
145297,31.39,30.63,7918,0.4746,4698,742,-15784,88,303,92,0,0,0
145318,31.39,30.63,4713,0.3242,4330,8,-12712,121,399,86,0,0,0
145360,31.39,30.63,676,0.0963,4330,8,-12712,121,399,86,0,0,0
145380,31.39,30.63,8023,0.5472,4628,758,-16204,87,329,83,0,0,0
145466,31.39,30.63,5023,0.7154,4168,626,-11790,81,285,89,0,0,0
145487,31.39,30.63,7580,0.4834,4688,-100,-10526,108,388,92,0,0,0
145538,31.39,30.63,3191,0.2363,5150,110,-15030,98,333,91,0,0,0
145559,31.39,30.63,6234,0.4003,5066,-222,-10156,123,360,106,0,0,0
145602,31.39,30.63,3495,0.4978,5066,-222,-10156,123,360,106,0,0,0
145648,31.39,30.63,1604,0.2284,5282,-326,-15224,128,375,88,0,0,0
145708,31.39,30.63,8800,0.5452,5178,290,-17458,59,325,90,0,0,0
145728,31.39,30.63,10167,0.4994,4482,4,-9916,123,363,87,0,0,0
145772,31.41,30.65,2825,0.4023,4482,4,-9916,123,363,87,0,0,0
145792,31.41,30.65,7937,0.4839,4508,374,-15484,86,356,92,0,0,0
145878,31.41,30.65,7005,0.9977,4082,668,-12562,89,281,84,0,0,0
145898,31.41,30.65,9400,0.556,5210,30,-14280,125,388,97,0,0,0
145940,31.41,30.65,1576,0.2245,5210,30,-14280,125,388,97,0,0,0
145961,31.41,30.65,8206,0.4438,4536,82,-11038,104,320,101,0,0,0
146004,31.41,30.65,1387,0.1975,4536,82,-11038,104,320,101,0,0,0
146057,31.41,30.65,1765,0.2514,5368,-456,-12504,114,400,80,0,0,0
146117,31.41,30.65,9698,0.668,5100,174,-17660,67,317,95,0,0,0
146137,31.41,30.65,6034,0.4774,4026,-6,-10008,106,361,90,0,0,0
146181,31.41,30.65,865,0.1232,4026,-6,-10008,106,361,90,0,0,0
146202,31.41,30.65,9353,0.5024,4516,1092,-14594,69,347,84,0,0,0
146288,31.41,30.59,1468,0.2091,4064,784,-10100,93,335,100,0,0,0
146308,31.41,30.59,5919,0.4344,5078,210,-11994,137,371,84,0,0,0
146352,31.41,30.59,1411,0.201,5078,210,-11994,137,371,84,0,0,0
146372,31.41,30.59,8502,0.6379,5176,470,-12416,102,278,87,0,0,0
146415,31.41,30.59,737,0.105,5176,470,-12416,102,278,87,0,0,0
146460,31.41,30.59,267,0.038,4960,-344,-11324,109,405,93,0,0,0
146519,31.41,30.59,8623,0.4738,4518,574,-14888,88,278,86,0,0,0
146540,31.41,30.59,6770,0.4396,4518,574,-14888,88,278,86,0,0,0
146590,31.41,30.59,5551,0.437,3828,256,-9906,107,352,97,0,0,0
146610,31.41,30.59,9057,0.5404,4496,576,-15456,74,318,74,0,0,0
146695,31.41,30.59,3262,0.4646,3886,836,-10778,93,278,91,0,0,0
146715,31.41,30.59,8264,0.4838,4674,10,-10372,110,385,96,0,0,0
146758,31.41,30.59,242,0.0345,5060,36,-15796,106,334,88,0,0,0
146779,31.41,30.59,7460,0.4602,5062,610,-14484,70,325,94,0,0,0
146821,31.39,30.59,626,0.0892,5062,610,-14484,70,325,94,0,0,0
146866,31.39,30.59,224,0.0319,4618,-324,-10308,123,362,92,0,0,0
146926,31.39,30.59,10838,0.5976,4964,480,-17006,73,284,84,0,0,0
146947,31.39,30.59,7205,0.5508,3882,222,-10482,77,330,76,0,0,0
146990,31.39,30.59,1255,0.1787,3882,222,-10482,77,330,76,0,0,0
147010,31.39,30.59,9831,0.6922,4290,416,-15208,106,329,85,0,0,0
147097,31.39,30.59,81,0.0115,4032,700,-13290,77,311,85,0,0,0
147118,31.39,30.59,9072,0.5881,4032,700,-13290,77,311,85,0,0,0
147170,31.39,30.59,3768,0.3058,5364,202,-15020,116,372,91,0,0,0
147190,31.39,30.59,8380,0.5225,5162,700,-15418,92,316,84,0,0,0
147234,31.39,30.59,206,0.0293,5162,700,-15418,92,316,84,0,0,0
147279,31.39,30.59,2083,0.2967,5304,-322,-13326,124,389,91,0,0,0
147338,31.39,30.59,8459,0.6438,5234,98,-16732,77,315,89,0,0,0
147358,31.39,30.59,6867,0.4139,3842,-186,-9282,121,351,95,0,0,0
147402,31.41,30.73,1095,0.156,3842,-186,-9282,121,351,95,0,0,0
147422,31.41,30.73,6188,0.4379,4200,222,-14150,130,381,90,0,0,0
147508,31.41,30.73,465,0.0662,4214,774,-15020,72,316,83,0,0,0
147528,31.41,30.73,6428,0.4762,4784,32,-12528,150,364,88,0,0,0
147571,31.41,30.73,2571,0.3662,4784,32,-12528,150,364,88,0,0,0
147591,31.41,30.73,7011,0.4337,5306,468,-16550,46,359,87,0,0,0
147635,31.41,30.73,2013,0.2867,5306,468,-16550,46,359,87,0,0,0
147688,31.41,30.73,708,0.1008,4930,-344,-11054,119,382,91,0,0,0
147747,31.41,30.73,9197,0.6842,5280,-316,-16736,116,327,97,0,0,0
147768,31.41,30.73,6633,0.4965,3720,232,-9410,100,356,89,0,0,0
147810,31.41,30.73,2562,0.3649,3720,232,-9410,100,356,89,0,0,0
147830,31.41,30.73,7700,0.4939,4028,72,-12026,155,380,97,0,0,0
147916,31.41,30.73,4104,0.5845,4324,696,-15680,59,344,86,0,0,0
147937,31.41,30.73,8082,0.6866,4800,-62,-10488,95,377,89,0,0,0
147980,31.41,30.73,288,0.041,4800,-62,-10488,95,377,89,0,0,0
148000,31.41,30.73,7751,0.5171,4806,528,-12862,67,294,95,0,0,0
148042,31.41,30.73,2213,0.3152,4806,528,-12862,67,294,95,0,0,0
148087,31.41,30.73,2719,0.3872,4706,-266,-9930,127,369,97,0,0,0
148147,31.41,30.73,8794,0.538,5146,-606,-14910,128,371,96,0,0,0
148168,31.41,30.73,4354,0.3406,4808,548,-16390,73,323,83,0,0,0
148224,31.41,30.73,8497,0.5769,3820,400,-10216,91,314,85,0,0,0
148244,31.41,30.73,11198,0.6405,4240,556,-16514,87,335,80,0,0,0
148330,31.41,30.73,2345,0.334,4204,560,-12462,41,325,90,0,0,0
148350,31.41,30.73,8852,0.5638,4762,424,-9688,110,375,99,0,0,0
148393,31.41,30.73,598,0.0852,4762,424,-9688,110,375,99,0,0,0
148413,31.41,30.73,7975,0.5636,5056,580,-15606,82,283,99,0,0,0
148457,31.41,30.73,2606,0.3712,5056,580,-15606,82,283,99,0,0,0
148502,31.41,30.73,1942,0.2766,4510,32,-10728,133,335,92,0,0,0
148562,31.41,30.73,8129,0.5406,5162,220,-17098,62,327,78,0,0,0
148582,31.41,30.73,7163,0.5138,3810,344,-11814,97,252,99,0,0,0
148625,31.41,30.73,5325,0.7584,3810,344,-11814,97,252,99,0,0,0
148645,31.41,30.73,8901,0.5401,4208,190,-14866,95,352,91,0,0,0
148731,31.41,30.73,195,0.0278,4350,920,-13216,54,350,83,0,0,0
148751,31.41,30.73,3298,0.2717,4350,920,-13216,54,350,83,0,0,0
148806,31.41,30.73,5794,0.4531,5022,148,-13686,128,397,100,0,0,0
148826,31.41,30.73,8676,0.5461,5294,844,-15764,54,353,87,0,0,0
148869,31.41,30.73,2823,0.4021,5294,844,-15764,54,353,87,0,0,0
148914,31.41,30.73,2197,0.3129,4512,192,-11000,106,298,85,0,0,0
148974,31.41,30.73,7927,0.4239,5030,-82,-16966,74,314,88,0,0,0
148994,31.41,30.73,5815,0.4112,4010,458,-13006,93,269,87,0,0,0
149037,31.41,30.65,1690,0.2407,4010,458,-13006,93,269,87,0,0,0
149057,31.41,30.65,6615,0.3675,3952,94,-13332,146,365,89,0,0,0
149143,31.41,30.65,831,0.1184,4252,800,-14646,55,346,79,0,0,0
149163,31.41,30.65,8057,0.4753,4842,-14,-11080,120,384,93,0,0,0
149206,31.41,30.65,4226,0.6019,4842,-14,-11080,120,384,93,0,0,0
149226,31.41,30.65,7950,0.4721,5100,428,-15608,41,372,94,0,0,0
149270,31.41,30.65,1146,0.1632,5100,428,-15608,41,372,94,0,0,0
149323,31.41,30.65,3214,0.4577,5042,-764,-9904,129,379,96,0,0,0
149382,31.41,30.65,9466,0.501,5170,-380,-15898,105,361,86,0,0,0
149402,31.41,30.65,8275,0.561,3536,32,-9368,106,315,94,0,0,0
149444,31.41,30.65,235,0.0335,3536,32,-9368,106,315,94,0,0,0
149465,31.41,30.65,6886,0.4213,4068,-36,-11376,149,371,83,0,0,0
149553,31.43,30.65,547,0.0779,4272,598,-15570,48,372,93,0,0,0
149573,31.43,30.65,7620,0.6292,4640,-232,-9516,119,373,93,0,0,0
149615,31.43,30.65,4447,0.6334,4640,-232,-9516,119,373,93,0,0,0
149636,31.43,30.65,10240,0.5797,5024,10,-15124,64,384,91,0,0,0
149679,31.43,30.65,749,0.1067,5024,10,-15124,64,384,91,0,0,0
149724,31.43,30.65,422,0.0601,4630,-440,-9524,140,331,101,0,0,0
149784,31.43,30.65,9652,0.619,5216,-700,-14774,143,354,93,0,0,0
149805,31.43,30.65,4452,0.4069,4750,256,-16192,47,328,88,0,0,0
149855,31.43,30.65,6337,0.441,3632,128,-9786,100,288,84,0,0,0
149875,31.43,30.65,8774,0.6113,3948,-292,-10028,127,364,82,0,0,0
149962,31.43,30.65,5781,0.8233,3998,544,-12634,73,315,94,0,0,0
149982,31.43,30.65,11092,0.5956,4220,114,-8814,125,356,90,0,0,0
150025,31.43,30.65,1869,0.2662,4220,114,-8814,125,356,90,0,0,0
150045,31.43,30.65,8494,0.6019,5398,650,-15428,55,371,93,0,0,0
150087,31.39,30.65,1,0.0001,5398,650,-15428,55,371,93,0,0,0
150134,31.39,30.65,4417,0.6291,4560,-60,-10694,103,314,95,0,0,0
150194,31.39,30.65,9680,0.5258,5120,-478,-12686,144,334,90,0,0,0
150215,31.39,30.65,11381,0.5784,4088,490,-12132,87,282,86,0,0,0
150258,31.39,30.65,722,0.1028,4088,490,-12132,87,282,86,0,0,0
150278,31.39,30.65,9708,0.5663,4038,-198,-9266,118,367,87,0,0,0
150365,31.39,30.65,5315,0.757,4298,848,-14296,83,332,90,0,0,0
150385,31.39,30.65,3557,0.3045,4298,848,-14296,83,332,90,0,0,0
150441,31.39,30.65,7152,0.4922,5194,96,-12830,112,389,87,0,0,0
150462,31.39,30.65,8983,0.4641,5282,786,-15842,28,374,84,0,0,0
150505,31.39,30.65,1227,0.1748,5282,786,-15842,28,374,84,0,0,0
150551,31.39,30.65,2956,0.421,4620,170,-10820,111,273,98,0,0,0
150611,31.39,30.65,5682,0.4068,5168,-488,-16294,84,340,90,0,0,0
150631,31.39,30.65,7488,0.5635,4292,580,-13556,86,282,82,0,0,0
150675,31.41,30.65,1652,0.2353,4292,580,-13556,86,282,82,0,0,0
150695,31.41,30.65,6162,0.4836,3952,-104,-13064,139,372,88,0,0,0
150781,31.41,30.65,792,0.1128,4504,992,-15590,51,357,82,0,0,0
150802,31.41,30.65,9019,0.5644,4772,-50,-10124,134,367,82,0,0,0
150845,31.41,30.65,3659,0.5211,4772,-50,-10124,134,367,82,0,0,0
150865,31.41,30.65,11337,0.6362,5200,276,-15134,34,379,94,0,0,0
150917,31.41,30.65,3104,0.4421,5200,276,-15134,34,379,94,0,0,0
150962,31.41,30.65,3712,0.5287,4876,-472,-10338,136,382,107,0,0,0
151022,31.41,30.65,6965,0.3806,5352,-370,-14620,103,386,92,0,0,0
151042,31.41,30.65,7850,0.475,3792,290,-9954,129,291,89,0,0,0
151086,31.41,30.65,312,0.0444,3792,290,-9954,129,291,89,0,0,0
151106,31.41,30.65,8823,0.5004,4548,100,-11988,84,425,88,0,0,0
151193,31.41,30.59,1316,0.1874,4304,558,-16168,75,325,88,0,0,0
151213,31.41,30.59,8101,0.6525,4488,256,-9716,114,369,93,0,0,0
151256,31.41,30.59,5041,0.718,4488,256,-9716,114,369,93,0,0,0
151276,31.41,30.59,7162,0.4902,5130,14,-14944,100,350,94,0,0,0
151319,31.41,30.59,293,0.0417,5130,14,-14944,100,350,94,0,0,0
151364,31.41,30.59,749,0.1067,4834,-166,-10058,124,341,100,0,0,0
151385,31.41,30.59,9408,0.7053,4834,-166,-10058,124,341,100,0,0,0
151435,31.41,30.59,7430,0.7332,5252,-524,-13952,124,389,96,0,0,0
151455,31.41,30.59,9483,0.6011,3744,374,-11618,77,310,75,0,0,0
151498,31.41,30.59,2954,0.4207,3744,374,-11618,77,310,75,0,0,0
151543,31.41,30.59,1892,0.2695,4220,-186,-10132,126,343,95,0,0,0
151604,31.41,30.59,7991,0.4778,4094,824,-13548,79,286,86,0,0,0
151624,31.41,30.59,5515,0.3799,4244,222,-8858,132,352,99,0,0,0
151668,31.41,30.63,869,0.1238,4244,222,-8858,132,352,99,0,0,0
151689,31.41,30.63,7313,0.4822,5146,480,-15152,53,359,85,0,0,0
151775,31.41,30.63,4798,0.6833,4546,126,-10618,95,306,93,0,0,0
151795,31.41,30.63,8584,0.6403,5206,-298,-12304,120,399,84,0,0,0
151838,31.41,30.63,1192,0.1698,5206,-298,-12304,120,399,84,0,0,0
151859,31.41,30.63,8071,0.5059,4062,382,-12888,81,293,84,0,0,0
151902,31.41,30.63,777,0.1107,4062,382,-12888,81,293,84,0,0,0
151958,31.41,30.63,2912,0.4147,3794,-336,-8620,133,338,94,0,0,0
152018,31.41,30.63,8218,0.4858,4366,934,-14794,82,322,81,0,0,0
152039,31.41,30.63,9079,0.6234,4082,526,-9154,75,348,92,0,0,0
152081,31.41,30.63,5953,0.8478,4082,526,-9154,75,348,92,0,0,0
152101,31.41,30.63,9610,0.5729,5292,218,-16294,85,333,87,0,0,0
152187,31.41,30.63,6149,0.8758,4748,464,-12856,64,293,90,0,0,0
152207,31.43,30.53,8985,0.5099,5302,-100,-15798,128,353,101,0,0,0
152251,31.43,30.53,2024,0.2883,5302,-100,-15798,128,353,101,0,0,0
152271,31.43,30.53,9186,0.5372,4740,410,-15244,73,299,79,0,0,0
152315,31.43,30.53,3163,0.4505,4740,410,-15244,73,299,79,0,0,0
152360,31.43,30.53,138,0.0197,3574,166,-9688,107,312,98,0,0,0
152421,31.43,30.53,8862,0.5518,4314,552,-15738,54,365,83,0,0,0
152442,31.43,30.53,6357,0.4721,4314,552,-15738,54,365,83,0,0,0
152493,31.43,30.53,3374,0.3148,4750,-8,-10110,111,385,95,0,0,0
152514,31.43,30.53,7986,0.4713,5384,124,-15814,77,396,102,0,0,0
152600,31.43,30.53,583,0.083,5220,582,-14306,87,304,92,0,0,0
152620,31.43,30.53,8429,0.5349,5588,-492,-14510,129,373,94,0,0,0
152663,31.43,30.53,451,0.0642,5588,-492,-14510,129,373,94,0,0,0
152683,31.43,30.53,9432,0.5116,4104,410,-11744,79,297,83,0,0,0
152725,31.43,30.53,185,0.0263,4104,410,-11744,79,297,83,0,0,0
152770,31.43,30.53,1961,0.2793,4540,-184,-11110,116,392,87,0,0,0
152831,31.43,30.53,9175,0.5683,4402,286,-16092,90,332,87,0,0,0
152851,31.43,30.53,8746,0.6014,4256,300,-8908,138,356,99,0,0,0
152894,31.43,30.53,39,0.0056,4256,300,-8908,138,356,99,0,0,0
152915,31.43,30.53,7028,0.4816,5392,-12,-13682,112,397,93,0,0,0
153001,31.43,30.53,467,0.0665,5112,616,-15180,80,334,91,0,0,0
153022,31.43,30.53,10718,0.7784,4704,58,-10262,106,312,87,0,0,0
153075,31.43,30.53,6970,0.4852,5154,-658,-11986,120,373,98,0,0,0
153095,31.43,30.53,7447,0.6004,4016,384,-12148,86,281,97,0,0,0
153138,31.43,30.53,493,0.0702,4016,384,-12148,86,281,97,0,0,0
153184,31.43,30.53,691,0.0984,4016,-370,-8706,135,329,83,0,0,0
153244,31.43,30.53,7127,0.4412,4440,918,-14568,42,352,80,0,0,0
153264,31.43,30.53,7542,0.5357,4142,426,-9690,95,350,94,0,0,0
153307,31.43,30.53,25,0.0036,4142,426,-9690,95,350,94,0,0,0
153327,31.43,30.53,8860,0.5622,5616,528,-16298,54,338,88,0,0,0
153413,31.43,30.53,3654,0.5204,4942,138,-12388,90,289,100,0,0,0
153433,31.43,30.53,8812,0.5899,5182,-352,-11090,137,362,91,0,0,0
153477,31.43,30.53,2612,0.372,5182,-352,-11090,137,362,91,0,0,0
153497,31.43,30.53,10868,0.5681,4520,474,-14524,87,303,94,0,0,0
153541,31.43,30.53,2634,0.3751,4520,474,-14524,87,303,94,0,0,0
153598,31.43,30.53,438,0.0624,3952,134,-9196,125,334,86,0,0,0
153657,31.43,30.53,8055,0.4698,4510,948,-15694,79,312,71,0,0,0
153678,31.43,30.53,9481,0.5833,3780,462,-10402,77,326,94,0,0,0
153721,31.43,30.53,4812,0.6853,3780,462,-10402,77,326,94,0,0,0
153741,31.43,30.53,7139,0.5121,5350,390,-15444,70,381,97,0,0,0
153827,31.43,30.53,4968,0.7076,5210,606,-13758,103,264,94,0,0,0
153847,31.43,30.63,5887,0.3991,5240,-400,-15374,101,398,87,0,0,0
153891,31.43,30.63,128,0.0182,5240,-400,-15374,101,398,87,0,0,0
153911,31.43,30.63,6578,0.4527,5120,302,-16452,78,303,87,0,0,0
153954,31.43,30.63,2565,0.3653,5120,302,-16452,78,303,87,0,0,0
154000,31.43,30.63,1986,0.2829,4046,346,-10588,99,315,95,0,0,0
154060,31.43,30.63,8189,0.5896,4500,336,-15924,74,311,84,0,0,0
154080,31.43,30.63,4326,0.4682,4500,336,-15924,74,311,84,0,0,0
154137,31.43,30.63,7217,0.474,4748,206,-9504,133,351,103,0,0,0
154157,31.43,30.63,6461,0.4189,5398,-48,-14240,132,367,97,0,0,0
154243,31.43,30.63,476,0.0678,5318,800,-15450,68,352,88,0,0,0
154264,31.43,30.63,8609,0.501,5226,-474,-13408,125,358,94,0,0,0
154307,31.43,30.63,2184,0.3111,5226,-474,-13408,125,358,94,0,0,0
154327,31.43,30.63,10203,0.6572,4196,284,-12028,69,276,80,0,0,0
154370,31.41,30.63,2703,0.385,4196,284,-12028,69,276,80,0,0,0
154416,31.41,30.63,2722,0.3877,4384,-392,-10154,141,328,92,0,0,0
154476,31.41,30.63,9155,0.593,4630,394,-15156,106,373,89,0,0,0
154497,31.41,30.63,10188,0.6081,4444,438,-9874,121,365,86,0,0,0
154540,31.41,30.63,312,0.0444,4444,438,-9874,121,365,86,0,0,0
154561,31.41,30.63,6961,0.4809,5250,-70,-13376,112,394,99,0,0,0
154655,31.41,30.63,2879,0.41,4944,414,-12108,98,291,89,0,0,0
154675,31.41,30.63,9416,0.6534,5396,-472,-11886,109,395,86,0,0,0
154718,31.41,30.63,4076,0.5805,5396,-472,-11886,109,395,86,0,0,0
154739,31.41,30.63,7853,0.4885,4602,630,-14710,78,294,82,0,0,0
154782,31.41,30.63,363,0.0517,4602,630,-14710,78,294,82,0,0,0
154827,31.41,30.63,4306,0.6133,4178,-22,-10090,137,339,97,0,0,0
154887,31.39,30.59,7974,0.579,4812,1228,-16400,53,336,81,0,0,0
154908,31.39,30.59,8121,0.4432,4090,382,-10586,100,279,86,0,0,0
154951,31.39,30.59,979,0.1394,4090,382,-10586,100,279,86,0,0,0
154971,31.39,30.59,8131,0.5002,5836,438,-16626,34,381,94,0,0,0
155058,31.39,30.59,4461,0.6353,5262,406,-13308,85,278,84,0,0,0
155079,31.39,30.59,3200,0.263,5262,406,-13308,85,278,84,0,0,0
155132,31.39,30.59,8552,0.5929,5770,-270,-16812,102,383,92,0,0,0
155152,31.39,30.59,8853,0.5773,4992,588,-16132,91,274,89,0,0,0
155195,31.39,30.59,24,0.0034,4992,588,-16132,91,274,89,0,0,0
155240,31.39,30.59,1052,0.1498,4108,332,-10556,107,338,84,0,0,0
155301,31.39,30.59,10193,0.596,4682,626,-16460,76,310,85,0,0,0
155321,31.39,30.59,8150,0.4754,4280,710,-11558,67,297,88,0,0,0
155364,31.39,30.63,2979,0.4243,4768,314,-10224,136,390,96,0,0,0
155385,31.39,30.63,8431,0.5126,5584,118,-16086,86,374,94,0,0,0
155471,31.39,30.63,1212,0.1726,5386,622,-14442,88,303,96,0,0,0
155491,31.39,30.63,5439,0.3448,5376,-392,-14296,111,374,99,0,0,0
155535,31.39,30.63,718,0.1023,5376,-392,-14296,111,374,99,0,0,0
155555,31.39,30.63,5835,0.3729,5094,508,-16296,68,321,88,0,0,0
155598,31.39,30.63,1355,0.193,5094,508,-16296,68,321,88,0,0,0
155653,31.39,30.63,4009,0.571,4480,-192,-10398,109,358,86,0,0,0
155712,31.39,30.63,5911,0.4033,4756,298,-15718,80,367,87,0,0,0
155733,31.39,30.63,7288,0.5032,4378,336,-9500,140,345,99,0,0,0
155777,31.39,30.63,649,0.0924,4378,336,-9500,140,345,99,0,0,0
155797,31.39,30.63,7950,0.5484,5252,100,-14476,127,395,91,0,0,0
155883,31.39,30.63,710,0.1011,5530,582,-15246,40,348,86,0,0,0
155903,31.37,30.63,8600,0.4832,5334,-386,-12034,132,375,89,0,0,0
155947,31.37,30.63,780,0.1111,5334,-386,-12034,132,375,89,0,0,0
155967,31.37,30.63,7260,0.4774,4350,438,-13004,91,288,84,0,0,0
156011,31.37,30.63,75,0.0107,4350,438,-13004,91,288,84,0,0,0
156056,31.37,30.63,411,0.0585,4378,2,-9414,117,372,93,0,0,0
156115,31.37,30.63,8740,0.4588,4386,182,-14614,116,399,99,0,0,0
156136,31.37,30.63,3752,0.3192,4492,934,-15138,82,296,82,0,0,0
156194,31.37,30.63,8689,0.5114,4038,354,-10462,110,341,94,0,0,0
156214,31.37,30.63,8922,0.4865,5848,584,-16422,47,352,85,0,0,0
156300,31.37,30.63,2570,0.366,5068,538,-12776,89,264,87,0,0,0
156320,31.37,30.63,7812,0.5334,5314,-450,-11700,133,357,100,0,0,0
156362,31.37,30.63,3726,0.5307,5314,-450,-11700,133,357,100,0,0,0
156383,31.37,30.63,8766,0.5602,4982,616,-15542,96,271,81,0,0,0
156425,31.41,30.65,928,0.1322,4982,616,-15542,96,271,81,0,0,0
156471,31.41,30.65,3538,0.5039,4088,318,-10546,119,343,93,0,0,0
156530,31.41,30.65,8332,0.4946,4574,954,-16358,86,322,88,0,0,0
156550,31.41,30.65,10308,0.5114,4170,728,-11424,64,307,90,0,0,0
156593,31.41,30.65,2038,0.2903,4170,728,-11424,64,307,90,0,0,0
156613,31.41,30.65,9539,0.5522,5382,262,-15682,89,331,90,0,0,0
156698,31.41,30.65,3567,0.508,5282,568,-14122,76,325,94,0,0,0
156719,31.41,30.65,6626,0.5647,5282,568,-14122,76,325,94,0,0,0
156770,31.41,30.65,4380,0.3104,5396,-562,-15404,125,349,104,0,0,0
156790,31.41,30.65,10357,0.6132,5140,614,-17224,84,311,70,0,0,0
156833,31.41,30.65,3369,0.4798,5140,614,-17224,84,311,70,0,0,0
156879,31.41,30.65,215,0.0306,3934,280,-10944,96,300,88,0,0,0
156938,31.41,30.65,9502,0.5679,4518,494,-15898,75,337,75,0,0,0
156958,31.41,30.65,8592,0.499,4462,708,-12560,51,324,95,0,0,0
157002,31.39,30.63,890,0.1268,4462,708,-12560,51,324,95,0,0,0
157023,31.39,30.63,9565,0.4965,5250,50,-14982,143,352,101,0,0,0
157109,31.39,30.63,3520,0.5013,5474,924,-15372,67,351,82,0,0,0
157129,31.39,30.63,6601,0.4147,5446,-402,-13106,107,388,88,0,0,0
157172,31.39,30.63,1102,0.1569,5446,-402,-13106,107,388,88,0,0,0
157193,31.39,30.63,5498,0.3927,5120,196,-17060,82,305,88,0,0,0
157236,31.39,30.63,1192,0.1698,5120,196,-17060,82,305,88,0,0,0
157292,31.39,30.63,7372,1.0499,4170,-18,-10250,106,378,82,0,0,0
157351,31.39,30.63,6322,0.4461,4588,220,-15876,116,364,94,0,0,0
157371,31.39,30.63,7270,0.4116,4286,636,-10052,133,325,104,0,0,0
157414,31.39,30.63,1622,0.231,4286,636,-10052,133,325,104,0,0,0
157434,31.39,30.63,6421,0.4591,5252,432,-14010,136,402,92,0,0,0
157521,31.39,30.63,641,0.0913,5442,538,-16030,52,366,81,0,0,0
157541,31.41,30.63,7334,0.4907,5282,-334,-11818,122,369,84,0,0,0
157584,31.41,30.63,1887,0.2688,5282,-334,-11818,122,369,84,0,0,0
157605,31.41,30.63,7098,0.4183,5426,-192,-17582,68,340,94,0,0,0
157648,31.41,30.63,261,0.0372,4454,434,-13906,78,267,85,0,0,0
157694,31.41,30.63,201,0.0286,4248,58,-10048,154,332,99,0,0,0
157754,31.41,30.63,5026,0.3143,4564,72,-14410,97,417,85,0,0,0
157775,31.41,30.63,800,0.0654,4526,928,-15764,82,307,89,0,0,0
157829,31.41,30.63,7910,0.5512,4176,782,-10746,101,339,87,0,0,0
157849,31.41,30.63,6318,0.4289,5498,632,-16934,35,337,87,0,0,0
157935,31.41,30.63,1906,0.2715,5136,428,-12960,91,279,84,0,0,0
157956,31.41,30.63,9977,0.6293,5178,-432,-10390,134,358,103,0,0,0
157999,31.41,30.63,1413,0.2012,5178,-432,-10390,134,358,103,0,0,0
158020,31.41,30.63,5900,0.349,4936,656,-15996,108,289,82,0,0,0
158063,31.39,30.63,1726,0.2458,4936,656,-15996,108,289,82,0,0,0
158109,31.39,30.63,2628,0.3743,3676,268,-10080,110,310,96,0,0,0
158168,31.39,30.63,11731,0.7328,4524,652,-16574,76,329,81,0,0,0
158188,31.39,30.63,8076,0.5282,4330,660,-11588,68,275,88,0,0,0
158231,31.39,30.63,2627,0.3741,4330,660,-11588,68,275,88,0,0,0
158251,31.39,30.63,7727,0.4328,5510,176,-15934,94,362,92,0,0,0
158337,31.39,30.63,4876,0.6945,5278,916,-15390,79,335,90,0,0,0
158358,31.39,30.63,5064,0.3716,5278,916,-15390,79,335,90,0,0,0
158410,31.39,30.63,2439,0.1631,5310,-202,-14826,142,345,94,0,0,0
158430,31.39,30.63,9322,0.5113,5028,700,-17072,45,378,78,0,0,0
158474,31.39,30.63,651,0.0927,5028,700,-17072,45,378,78,0,0,0
158519,31.39,30.63,1678,0.239,4112,378,-11026,116,283,90,0,0,0
158579,31.39,30.63,8858,0.6295,4846,544,-16766,47,410,76,0,0,0
158599,31.39,30.63,7786,0.4915,4362,972,-13616,67,269,84,0,0,0
158642,31.39,30.59,4918,0.7004,4362,972,-13616,67,269,84,0,0,0
158662,31.39,30.59,6591,0.5351,5140,54,-14842,141,352,91,0,0,0
158748,31.39,30.59,3873,0.5516,5458,810,-15758,52,369,86,0,0,0
158768,31.39,30.59,7658,0.4738,5332,-578,-13146,130,334,87,0,0,0
158812,31.39,30.59,2597,0.3699,5332,-578,-13146,130,334,87,0,0,0
158832,31.39,30.59,8218,0.54,5296,286,-17396,48,328,79,0,0,0
158877,31.39,30.59,5042,0.7181,5296,286,-17396,48,328,79,0,0,0
158931,31.39,30.59,2467,0.3514,4156,-118,-9394,132,338,92,0,0,0
158992,31.39,30.59,8255,0.5898,4194,230,-15856,119,362,82,0,0,0
159012,31.39,30.59,8253,0.5017,4090,562,-9454,138,351,91,0,0,0
159054,31.39,30.59,4419,0.6294,4090,562,-9454,138,351,91,0,0,0
159074,31.39,30.59,7706,0.57,5190,42,-13426,131,383,100,0,0,0
159160,31.41,30.57,682,0.0971,5306,636,-16694,45,358,86,0,0,0
159181,31.41,30.57,7343,0.5276,5168,-312,-11732,141,374,94,0,0,0
159224,31.41,30.57,511,0.0728,5168,-312,-11732,141,374,94,0,0,0
159244,31.41,30.57,7830,0.4948,5230,-102,-16840,85,349,93,0,0,0
159288,31.41,30.57,171,0.0244,4558,386,-13806,88,282,80,0,0,0
159333,31.41,30.57,2151,0.3064,3682,172,-9292,127,339,90,0,0,0
159393,31.41,30.57,7324,0.3595,4390,-86,-13550,141,393,87,0,0,0
159414,31.41,30.57,4283,0.2679,4256,914,-15270,81,303,88,0,0,0
159464,31.41,30.57,7138,0.5131,4086,852,-10594,72,355,84,0,0,0
159484,31.41,30.57,5735,0.3249,5104,80,-11322,111,403,100,0,0,0
159570,31.41,30.57,3780,0.5384,4726,448,-12552,77,319,94,0,0,0
159590,31.41,30.57,8926,0.5658,5150,-330,-10848,107,414,96,0,0,0
159633,31.41,30.57,3552,0.5059,5150,-330,-10848,107,414,96,0,0,0
159653,31.41,30.57,8840,0.5039,4846,758,-15772,99,274,89,0,0,0
159695,31.39,30.59,4894,0.697,4846,758,-15772,99,274,89,0,0,0
159741,31.39,30.59,2030,0.2891,3878,156,-9748,113,316,87,0,0,0
159800,31.39,30.59,6638,0.5244,4538,-2,-12858,122,412,91,0,0,0
159820,31.39,30.59,7960,0.5346,4154,630,-12096,70,298,89,0,0,0
159863,31.39,30.59,2281,0.3249,4154,630,-12096,70,298,89,0,0,0
159884,31.39,30.59,9503,0.5559,4838,176,-11168,113,389,92,0,0,0
159970,31.39,30.59,688,0.098,5116,600,-14056,88,291,89,0,0,0
159990,31.39,30.59,3823,0.3452,5116,600,-14056,88,291,89,0,0,0
160041,31.39,30.59,4313,0.2859,4698,-172,-10072,123,366,93,0,0,0
160061,31.39,30.59,6471,0.4004,5084,760,-17074,59,344,75,0,0,0
160104,31.39,30.59,2638,0.3757,5084,760,-17074,59,344,75,0,0,0
160149,31.39,30.59,2994,0.4264,3666,356,-11250,90,292,88,0,0,0
160210,31.39,30.59,11024,0.5884,4230,210,-15854,88,362,85,0,0,0
160230,31.39,30.59,7720,0.5276,4126,774,-12390,81,293,90,0,0,0
160272,31.39,30.63,1966,0.28,4126,774,-12390,81,293,90,0,0,0
160293,31.39,30.63,9729,0.6,5142,32,-14174,134,376,101,0,0,0
160379,31.39,30.63,3164,0.4506,5156,520,-15016,75,328,89,0,0,0
160399,31.39,30.63,7649,0.483,4476,-44,-10732,106,323,98,0,0,0
160441,31.39,30.63,3241,0.4616,4476,-44,-10732,106,323,98,0,0,0
160462,31.39,30.63,7823,0.5691,5146,98,-17110,54,340,91,0,0,0
160505,31.39,30.63,1110,0.1581,5146,98,-17110,54,340,91,0,0,0
160558,31.39,30.63,1478,0.2105,4188,572,-12580,96,258,78,0,0,0
160618,31.39,30.63,8986,0.6293,4246,208,-14480,141,330,94,0,0,0
160638,31.39,30.63,8469,0.5847,4102,874,-13782,96,296,76,0,0,0
160682,31.39,30.63,3309,0.4713,4102,874,-13782,96,296,76,0,0,0
160702,31.39,30.63,9015,0.6099,5166,218,-12182,82,430,81,0,0,0
160789,31.41,30.57,3953,0.563,4856,262,-15302,81,293,97,0,0,0
160809,31.41,30.57,7796,0.4854,4978,-784,-11162,112,407,95,0,0,0
160852,31.41,30.57,408,0.0581,4978,-784,-11162,112,407,95,0,0,0
160872,31.41,30.57,8399,0.4802,5292,-260,-16848,88,332,85,0,0,0
160915,31.41,30.57,2470,0.3518,5292,-260,-16848,88,332,85,0,0,0
160960,31.41,30.57,1682,0.2396,4400,800,-14638,79,298,92,0,0,0
161020,31.41,30.57,6616,0.4646,4246,102,-13156,123,407,91,0,0,0
161041,31.41,30.57,9290,0.8005,4246,102,-13156,123,407,91,0,0,0
161091,31.41,30.57,3500,0.329,3930,528,-10002,94,305,83,0,0,0
161111,31.41,30.57,7098,0.4303,4666,144,-10730,94,416,92,0,0,0
161197,31.41,30.57,442,0.063,5374,300,-15660,70,332,89,0,0,0
161217,31.41,30.57,9764,0.5131,4866,-514,-10088,122,376,100,0,0,0
161260,31.41,30.57,6455,0.9193,4866,-514,-10088,122,376,100,0,0,0
161280,31.41,30.57,9610,0.4917,5184,-216,-15670,101,389,85,0,0,0
161323,31.39,30.53,661,0.0941,5184,-216,-15670,101,389,85,0,0,0
161369,31.39,30.53,1177,0.1676,4766,418,-15812,76,323,91,0,0,0
161429,31.39,30.53,6280,0.3948,3956,-60,-11298,110,381,96,0,0,0
161449,31.39,30.53,8029,0.5496,3966,790,-11624,63,339,95,0,0,0
161492,31.39,30.53,3505,0.4992,3966,790,-11624,63,339,95,0,0,0
161512,31.39,30.53,9416,0.5136,4690,-140,-9936,125,367,91,0,0,0
161597,31.39,30.53,1584,0.2256,4858,-54,-14974,108,321,96,0,0,0
161618,31.39,30.53,8614,0.7757,4974,668,-14246,61,343,97,0,0,0
161669,31.39,30.53,7364,0.502,4592,-248,-9788,112,361,94,0,0,0
161689,31.39,30.53,10917,0.6337,5042,286,-16140,61,317,80,0,0,0
161733,31.39,30.53,2094,0.2982,5042,286,-16140,61,317,80,0,0,0
161778,31.39,30.53,4990,0.7107,3508,192,-10650,77,285,83,0,0,0
161838,31.39,30.53,7738,0.4834,4188,-36,-9512,119,348,88,0,0,0
161858,31.39,30.53,6789,0.3843,4250,624,-13030,85,297,89,0,0,0
161902,31.41,30.57,919,0.1309,4250,624,-13030,85,297,89,0,0,0
161922,31.41,30.57,5674,0.3482,4270,464,-9812,122,384,98,0,0,0
162008,31.41,30.57,3683,0.5245,5088,258,-13422,101,404,98,0,0,0
162028,31.41,30.57,9567,0.6099,4476,150,-10286,88,321,90,0,0,0
162071,31.41,30.57,1457,0.2075,4476,150,-10286,88,321,90,0,0,0
162091,31.41,30.57,10242,0.5633,4918,14,-17310,77,326,84,0,0,0
162134,31.41,30.57,2042,0.2908,4918,14,-17310,77,326,84,0,0,0
162189,31.41,30.57,1716,0.2444,3958,198,-12518,71,299,88,0,0,0
162248,31.41,30.57,10127,0.4861,3988,-32,-9524,109,363,87,0,0,0
162269,31.41,30.57,6239,0.3462,4626,988,-14876,65,355,88,0,0,0
162311,31.41,30.57,2995,0.4266,4626,988,-14876,65,355,88,0,0,0
162331,31.41,30.57,9664,0.6134,4994,296,-12444,113,404,99,0,0,0
162422,31.39,30.53,690,0.0983,5200,456,-15800,75,325,82,0,0,0
162442,31.39,30.53,6229,0.3951,4662,520,-12822,95,275,99,0,0,0
162485,31.39,30.53,3868,0.5509,4662,520,-12822,95,275,99,0,0,0
162505,31.39,30.53,5468,0.3366,5136,-330,-16380,121,316,95,0,0,0
162549,31.39,30.53,1429,0.2035,5136,-330,-16380,121,316,95,0,0,0
162594,31.39,30.53,2791,0.3975,4596,562,-14492,60,338,83,0,0,0
162655,31.39,30.53,6985,0.4862,4114,112,-12408,150,359,94,0,0,0
162675,31.39,30.53,6516,0.6126,4114,112,-12408,150,359,94,0,0,0
162726,31.39,30.53,3751,0.3152,4240,700,-14730,60,349,82,0,0,0
162746,31.39,30.53,8946,0.5954,4800,68,-10584,122,393,90,0,0,0
162836,31.39,30.53,743,0.1058,5110,102,-15282,90,346,94,0,0,0
162856,31.39,30.53,8866,0.6408,4756,-446,-10288,122,351,98,0,0,0
162899,31.39,30.53,645,0.0919,4756,-446,-10288,122,351,98,0,0,0
162919,31.39,30.53,10148,0.5342,4954,-430,-14236,137,338,95,0,0,0
162962,31.41,30.59,864,0.1231,4954,-430,-14236,137,338,95,0,0,0
163008,31.41,30.59,1229,0.175,4944,556,-15026,57,336,79,0,0,0
163068,31.41,30.59,5268,0.3161,4050,-220,-9972,139,354,83,0,0,0
163088,31.41,30.59,9261,0.5458,4130,566,-16212,34,413,84,0,0,0
163132,31.41,30.59,1277,0.1819,4068,594,-12028,73,308,89,0,0,0
163152,31.41,30.59,7330,0.4115,4298,58,-9102,114,362,100,0,0,0
163237,31.41,30.59,846,0.1205,5112,228,-14254,123,364,95,0,0,0
163258,31.41,30.59,9453,0.6701,5164,626,-14748,80,327,81,0,0,0
163311,31.41,30.59,5325,0.4035,4508,-366,-10002,105,347,106,0,0,0
163331,31.41,30.59,8860,0.5183,4682,-86,-16530,62,314,92,0,0,0
163374,31.41,30.59,73,0.0104,4682,-86,-16530,62,314,92,0,0,0
163419,31.41,30.59,1660,0.2364,4002,220,-11272,68,291,81,0,0,0
163479,31.41,30.59,8100,0.5267,3906,-80,-9060,114,351,86,0,0,0
163500,31.41,30.59,5956,0.4071,4240,1108,-14018,42,332,79,0,0,0
163542,31.41,30.63,412,0.0587,4240,1108,-14018,42,332,79,0,0,0
163562,31.41,30.63,9230,0.4911,4154,422,-9114,130,340,105,0,0,0
163647,31.41,30.63,178,0.0254,5236,-46,-13232,135,386,87,0,0,0
163668,31.41,30.63,7983,0.4698,4754,240,-11628,93,290,95,0,0,0
163711,31.41,30.63,2417,0.3442,4754,240,-11628,93,290,95,0,0,0
163731,31.41,30.63,6601,0.4662,4992,-356,-16578,105,313,100,0,0,0
163775,31.41,30.63,1879,0.2676,4992,-356,-16578,105,313,100,0,0,0
163835,31.41,30.63,2021,0.2878,4390,400,-13904,79,297,80,0,0,0
163894,31.41,30.63,8273,0.5436,4446,270,-13668,126,380,87,0,0,0
163914,31.41,30.63,8119,0.5111,4238,968,-15856,53,341,87,0,0,0
163958,31.41,30.63,523,0.0745,4238,968,-15856,53,341,87,0,0,0
163978,31.41,30.63,7330,0.4715,4504,206,-10770,128,367,97,0,0,0
164064,31.41,30.53,1098,0.1564,5358,318,-15032,67,366,89,0,0,0
164084,31.41,30.53,7647,0.4729,4706,360,-12836,78,298,92,0,0,0
164128,31.41,30.53,3876,0.552,4706,360,-12836,78,298,92,0,0,0
164148,31.41,30.53,9341,0.6087,5250,-304,-15962,97,393,99,0,0,0
164192,31.41,30.53,829,0.1181,5250,-304,-15962,97,393,99,0,0,0
164237,31.41,30.53,2220,0.3162,4728,328,-15690,108,278,80,0,0,0
164297,31.41,30.53,8771,0.6013,4024,68,-11898,122,396,89,0,0,0
164317,31.41,30.53,7500,0.533,4024,68,-11898,122,396,89,0,0,0
164368,31.41,30.53,3104,0.2087,4492,530,-15816,76,319,83,0,0,0
164388,31.41,30.53,6864,0.4542,4660,162,-9658,110,396,95,0,0,0
164474,31.41,30.53,1433,0.2041,4782,-18,-14122,105,328,92,0,0,0
164494,31.41,30.53,7703,0.4871,4592,-160,-9392,118,369,90,0,0,0
164537,31.41,30.53,2160,0.3076,4592,-160,-9392,118,369,90,0,0,0
164557,31.41,30.53,8058,0.422,5206,-386,-13664,110,390,95,0,0,0
164601,31.39,30.53,3268,0.4654,5206,-386,-13664,110,390,95,0,0,0
164647,31.39,30.53,3277,0.4667,4966,38,-16360,59,324,95,0,0,0
164707,31.39,30.53,8750,0.5323,4008,-156,-8904,114,347,90,0,0,0
164727,31.39,30.53,7610,0.5264,4342,220,-14652,104,360,89,0,0,0
164771,31.39,30.53,2030,0.2891,4342,220,-14652,104,360,89,0,0,0
164791,31.39,30.53,8356,0.5724,4284,286,-9070,136,336,99,0,0,0
164877,31.39,30.53,1259,0.1793,4998,-58,-13858,120,411,86,0,0,0
164898,31.39,30.53,6686,0.4876,5016,494,-15158,47,344,84,0,0,0
164949,31.39,30.53,5075,0.3438,4456,124,-10444,108,303,105,0,0,0
164969,31.39,30.53,6962,0.4534,5090,-432,-11866,98,430,72,0,0,0
165013,31.39,30.53,24,0.0034,5134,-232,-16242,83,319,108,0,0,0
165058,31.39,30.53,1293,0.1842,4460,818,-13470,78,284,75,0,0,0
165117,31.39,30.53,5887,0.3362,3710,106,-9070,139,353,88,0,0,0
165138,31.39,30.53,7218,0.3871,4318,934,-15362,51,351,78,0,0,0
165181,31.39,30.53,2683,0.3821,4318,934,-15362,51,351,78,0,0,0
165201,31.39,30.53,9068,0.5429,3864,342,-9390,91,325,89,0,0,0
165287,31.39,30.53,5790,0.8246,4878,-78,-10980,156,348,90,0,0,0
165307,31.39,30.53,8841,0.5004,4964,306,-12644,79,311,91,0,0,0
165350,31.39,30.53,831,0.1184,4964,306,-12644,79,311,91,0,0,0
165370,31.39,30.53,9319,0.6171,4940,-556,-11422,144,354,94,0,0,0
165414,31.39,30.53,52,0.0074,5502,-264,-15688,91,402,98,0,0,0
165467,31.39,30.53,4479,0.6379,4536,604,-15028,67,291,82,0,0,0
165526,31.39,30.53,5916,0.3627,3772,-146,-9186,133,285,88,0,0,0
165546,31.39,30.53,6807,0.4379,4338,760,-16074,74,313,77,0,0,0
165590,31.39,30.53,4078,0.5808,4338,760,-16074,74,313,77,0,0,0
165610,31.39,30.53,6958,0.4135,4228,504,-11510,64,350,95,0,0,0
165696,31.37,30.57,4794,0.6828,5310,34,-15158,137,291,99,0,0,0
165716,31.37,30.57,11369,0.7553,4944,656,-14138,88,333,92,0,0,0
165759,31.37,30.57,4318,0.615,4944,656,-14138,88,333,92,0,0,0
165779,31.37,30.57,8361,0.4985,5174,-536,-14210,151,364,96,0,0,0
165823,31.37,30.57,182,0.0259,5174,-536,-14210,151,364,96,0,0,0
165868,31.37,30.57,1224,0.1743,5032,434,-16654,47,333,73,0,0,0
165928,31.37,30.57,6273,0.5269,3592,200,-11134,91,312,94,0,0,0
165948,31.37,30.57,7575,0.5729,4440,-96,-10028,125,364,82,0,0,0
165999,31.37,30.57,9313,0.6654,4330,202,-15566,81,358,88,0,0,0
166020,31.37,30.57,9659,0.571,4258,120,-8878,146,337,94,0,0,0
166106,31.37,30.57,1452,0.2068,5064,-26,-13368,126,376,97,0,0,0
166126,31.37,30.57,7912,0.5451,5182,754,-15288,56,364,80,0,0,0
166170,31.37,30.57,216,0.0308,5182,754,-15288,56,364,80,0,0,0
166190,31.37,30.57,6704,0.5324,5138,-434,-12368,125,366,92,0,0,0
166233,31.41,30.57,2430,0.3461,5138,-434,-12368,125,366,92,0,0,0
166279,31.41,30.57,2994,0.4264,5236,-62,-16806,39,376,90,0,0,0
166339,31.41,30.57,8466,0.589,3940,-34,-9064,117,376,91,0,0,0
166359,31.41,30.57,8625,0.467,4508,302,-14704,124,391,92,0,0,0
166402,31.41,30.57,1559,0.222,4508,302,-14704,124,391,92,0,0,0
166423,31.41,30.57,8540,0.5657,4120,440,-9620,108,354,85,0,0,0
166509,31.41,30.57,6613,0.9418,5436,126,-12516,107,414,87,0,0,0
166529,31.41,30.57,5688,0.3732,5436,126,-12516,107,414,87,0,0,0
166583,31.41,30.57,3999,0.2747,4832,424,-12552,85,293,94,0,0,0
166603,31.41,30.57,10304,0.5512,5188,-460,-11592,119,368,90,0,0,0
166647,31.41,30.57,1142,0.1626,5188,-460,-11592,119,368,90,0,0,0
166693,31.41,30.57,2326,0.3313,4720,652,-14996,79,289,84,0,0,0
166753,31.41,30.57,7698,0.4603,3946,186,-9854,145,293,91,0,0,0
166773,31.41,30.57,9102,0.5242,4468,792,-16114,64,318,89,0,0,0
166817,31.41,30.57,2339,0.3331,4468,792,-16114,64,318,89,0,0,0
166837,31.41,30.57,6764,0.4271,3934,692,-10736,77,307,78,0,0,0
166923,31.41,30.57,3133,0.4462,4830,182,-10180,112,387,88,0,0,0
166943,31.41,30.57,7890,0.4725,5122,632,-13448,81,294,82,0,0,0
166987,31.41,30.57,4312,0.6141,5122,632,-13448,81,294,82,0,0,0
167007,31.41,30.57,10174,0.6349,4906,-294,-9564,149,320,101,0,0,0
167050,31.41,30.57,2119,0.3018,4906,-294,-9564,149,320,101,0,0,0
167103,31.41,30.57,620,0.0883,4996,634,-15920,43,350,81,0,0,0
167162,31.41,30.57,8077,0.5103,3850,242,-10490,111,305,86,0,0,0
167182,31.41,30.57,6305,0.4213,4488,582,-16300,67,345,77,0,0,0
167226,31.41,30.57,2089,0.2975,4488,582,-16300,67,345,77,0,0,0
167246,31.41,30.57,6393,0.4547,4142,680,-12036,60,291,83,0,0,0
167332,31.41,30.57,2118,0.3017,4326,220,-9246,137,354,101,0,0,0
167352,31.39,30.53,11084,0.5988,5196,684,-14628,77,317,93,0,0,0
167395,31.39,30.53,3230,0.46,5196,684,-14628,77,317,93,0,0,0
167415,31.39,30.53,8271,0.5752,5076,-414,-12864,117,396,93,0,0,0
167458,31.39,30.53,2019,0.2876,5076,-414,-12864,117,396,93,0,0,0
167504,31.39,30.53,1902,0.2709,5176,208,-16378,51,361,87,0,0,0
167564,31.39,30.53,7082,0.4469,4096,408,-12178,102,249,81,0,0,0
167585,31.39,30.53,4161,0.3242,4334,-176,-9576,115,375,96,0,0,0
167638,31.39,30.53,6342,0.425,4788,486,-15262,106,387,86,0,0,0
167658,31.39,30.53,8318,0.5253,4116,222,-9432,113,346,96,0,0,0
167743,31.39,30.53,4307,0.6134,4992,196,-12774,128,377,89,0,0,0
167763,31.39,30.53,8508,0.5096,5486,556,-16020,43,372,92,0,0,0
167806,31.39,30.53,265,0.0377,5486,556,-16020,43,372,92,0,0,0
167826,31.39,30.53,8692,0.5144,5348,-436,-11726,118,367,92,0,0,0
167870,31.41,30.59,161,0.0229,5348,-436,-11726,118,367,92,0,0,0
167915,31.41,30.59,829,0.1181,5374,-298,-16580,65,361,92,0,0,0
167976,31.41,30.59,10429,0.6397,4014,74,-9714,121,334,90,0,0,0
167996,31.41,30.59,7881,0.5543,4508,244,-13952,131,354,91,0,0,0
168041,31.41,30.59,547,0.0779,4508,244,-13952,131,354,91,0,0,0
168062,31.41,30.59,10261,0.5707,4220,550,-10270,114,294,84,0,0,0
168148,31.41,30.59,4346,0.619,5098,260,-11424,129,390,89,0,0,0
168168,31.41,30.59,3304,0.2427,5098,260,-11424,129,390,89,0,0,0
168218,31.41,30.59,6561,0.4544,5208,448,-13052,99,262,79,0,0,0
168239,31.41,30.59,8544,0.4368,5214,-514,-10716,159,341,93,0,0,0
168282,31.41,30.59,567,0.0808,5214,-514,-10716,159,341,93,0,0,0
168328,31.41,30.59,817,0.1164,5458,-474,-15848,114,345,100,0,0,0
168388,31.41,30.59,7696,0.5369,3926,270,-10766,122,319,94,0,0,0
168408,31.41,30.59,6766,0.5163,4656,0,-12224,122,379,83,0,0,0
168451,31.41,30.59,538,0.0766,4656,0,-12224,122,379,83,0,0,0
168472,31.41,30.59,10457,0.6024,4246,544,-12236,74,284,90,0,0,0
168558,31.41,30.59,1111,0.1582,4872,14,-10332,128,367,92,0,0,0
168578,31.41,30.59,8009,0.4157,5318,764,-14642,75,334,87,0,0,0
168620,31.41,30.59,2881,0.4103,5318,764,-14642,75,334,87,0,0,0
168641,31.41,30.59,10462,0.5192,4940,-102,-10432,125,358,92,0,0,0
168684,31.41,30.59,207,0.0295,4940,-102,-10432,125,358,92,0,0,0
168745,31.41,30.59,2446,0.3484,5128,446,-17106,42,340,83,0,0,0
168804,31.41,30.59,7763,0.5341,4198,464,-12008,73,325,79,0,0,0
168824,31.41,30.59,9252,0.5366,4624,480,-15494,90,318,85,0,0,0
168866,31.41,30.59,625,0.089,4624,480,-15494,90,318,85,0,0,0
168887,31.41,30.59,5254,0.4187,4352,986,-13056,91,283,91,0,0,0
168972,31.41,30.59,2356,0.3355,4568,334,-9456,121,383,95,0,0,0
168992,31.39,30.59,8353,0.517,5384,580,-15740,50,361,84,0,0,0
169035,31.39,30.59,4669,0.665,5384,580,-15740,50,361,84,0,0,0
169055,31.39,30.59,9160,0.6016,5590,-492,-12716,116,375,95,0,0,0
169099,31.39,30.59,422,0.0601,5590,-492,-12716,116,375,95,0,0,0
169144,31.39,30.59,121,0.0172,5246,274,-17204,48,356,78,0,0,0
169204,31.39,30.59,7765,0.5413,4328,416,-13058,110,234,82,0,0,0
169225,31.39,30.59,5397,0.3863,4292,-44,-9844,113,362,86,0,0,0
169277,31.39,30.59,5407,0.4605,4456,346,-15062,109,385,94,0,0,0
169297,31.39,30.59,8325,0.5966,4244,694,-9446,129,337,91,0,0,0
169384,31.39,30.59,8725,1.2426,5148,-174,-12576,117,422,92,0,0,0
169404,31.39,30.59,8703,0.5728,5294,400,-16438,61,328,78,0,0,0
169446,31.39,30.59,2574,0.3666,5294,400,-16438,61,328,78,0,0,0
169466,31.39,30.59,7352,0.5583,5340,-130,-11300,111,406,90,0,0,0
169509,31.39,30.59,505,0.0719,5340,-130,-11300,111,406,90,0,0,0
169554,31.39,30.59,2158,0.3073,5394,-10,-16876,90,361,94,0,0,0
169613,31.39,30.59,6850,0.5448,4788,412,-14412,109,268,90,0,0,0
169634,31.39,30.59,10444,0.5793,4496,-124,-13710,124,405,85,0,0,0
169676,31.39,30.59,3457,0.4924,4496,-124,-13710,124,405,85,0,0,0
169697,31.39,30.59,7325,0.5244,4080,696,-10730,74,313,87,0,0,0
169782,31.39,30.59,7197,1.025,5304,84,-11116,109,405,96,0,0,0
169803,31.39,30.59,6250,0.4747,5304,84,-11116,109,405,96,0,0,0
169857,31.39,30.59,5388,0.3314,5154,740,-13734,68,328,91,0,0,0
169877,31.39,30.59,10043,0.5182,5176,-216,-10594,109,389,96,0,0,0
169921,31.39,30.59,4748,0.6762,5176,-216,-10594,109,389,96,0,0,0
169966,31.39,30.59,4086,0.5819,5478,-112,-15532,94,401,83,0,0,0
170027,31.39,30.59,8552,0.5451,3786,376,-10640,97,311,89,0,0,0
170047,31.39,30.59,7284,0.4741,4574,-72,-11584,126,378,80,0,0,0
170089,31.39,30.59,668,0.0951,4574,-72,-11584,126,378,80,0,0,0
170109,31.39,30.59,9082,0.5496,4514,946,-12166,61,288,84,0,0,0
170194,31.39,30.59,906,0.129,4788,300,-10566,128,356,95,0,0,0
170215,31.39,30.59,7956,0.5033,5354,124,-15702,104,372,90,0,0,0
170257,31.39,30.59,1631,0.2323,5446,820,-15024,55,349,86,0,0,0
170277,31.39,30.59,4562,0.3033,4898,26,-10126,133,321,100,0,0,0
170321,31.39,30.59,1472,0.2096,4898,26,-10126,133,321,100,0,0,0
170374,31.39,30.59,4231,0.6026,5374,-318,-14368,133,380,99,0,0,0
170433,31.39,30.59,7993,0.4516,4176,360,-11724,101,292,89,0,0,0
170453,31.39,30.59,6936,0.4674,4508,-236,-10572,103,380,89,0,0,0
170497,31.39,30.59,703,0.1001,4680,346,-15842,96,342,82,0,0,0
170517,31.39,30.59,7096,0.4518,4588,1164,-14614,56,341,96,0,0,0
170603,31.39,30.59,2745,0.391,4626,574,-10262,109,340,92,0,0,0
170624,31.39,30.65,7238,0.4505,5574,898,-16328,43,368,78,0,0,0
170667,31.39,30.65,69,0.0098,5574,898,-16328,43,368,78,0,0,0
170687,31.39,30.65,9303,0.5033,4728,248,-11162,105,298,98,0,0,0
170731,31.39,30.65,210,0.0299,4728,248,-11162,105,298,98,0,0,0
170776,31.39,30.65,960,0.1367,5354,116,-17356,49,349,88,0,0,0
170836,31.39,30.65,5829,0.3602,4378,484,-12946,83,257,83,0,0,0
170857,31.39,30.65,3283,0.2667,4028,-140,-8878,105,343,90,0,0,0
170913,31.39,30.65,10284,0.6097,4398,146,-14552,123,389,92,0,0,0
170933,31.39,30.65,7537,0.4636,4280,1020,-14766,101,298,81,0,0,0
171019,31.39,30.65,3983,0.5673,5364,56,-12648,119,427,90,0,0,0
171039,31.39,30.65,7251,0.4952,5308,448,-15940,77,301,88,0,0,0
171082,31.39,30.65,1059,0.1508,5308,448,-15940,77,301,88,0,0,0
171102,31.39,30.65,5987,0.4163,5398,-394,-11030,114,359,90,0,0,0
171144,31.43,30.47,13,0.0019,5398,-394,-11030,114,359,90,0,0,0
171189,31.43,30.47,1070,0.1524,5564,-162,-16122,83,360,87,0,0,0
171250,31.43,30.47,7538,0.4844,4622,476,-14714,83,285,90,0,0,0
171270,31.43,30.47,9142,0.5421,4594,238,-13348,132,413,97,0,0,0
171313,31.43,30.47,427,0.0608,4594,238,-13348,132,413,97,0,0,0
171333,31.43,30.47,6055,0.3694,4628,1010,-14978,91,311,81,0,0,0
171419,31.43,30.47,936,0.1333,5122,-14,-11308,130,372,97,0,0,0
171440,31.43,30.47,6440,0.4656,5122,-14,-11308,130,372,97,0,0,0
171490,31.43,30.47,1519,0.1084,5318,166,-16386,63,367,89,0,0,0
171510,31.43,30.47,7366,0.4434,4954,-238,-10474,151,340,102,0,0,0
171554,31.43,30.47,1052,0.1498,4954,-238,-10474,151,340,102,0,0,0
171599,31.43,30.47,1262,0.1797,5476,-186,-15572,107,374,92,0,0,0
171658,31.43,30.47,9143,0.5442,4044,332,-10560,114,304,91,0,0,0
171679,31.43,30.47,7903,0.4948,4744,-100,-11860,112,402,92,0,0,0
171721,31.37,30.51,2777,0.3955,4744,-100,-11860,112,402,92,0,0,0
171741,31.37,30.51,8927,0.693,4376,814,-12644,44,324,81,0,0,0
171828,31.37,30.51,1011,0.144,4868,312,-10046,114,381,93,0,0,0
171848,31.37,30.51,6368,0.403,5294,-40,-15226,98,361,93,0,0,0
171891,31.37,30.51,1581,0.2252,5294,-40,-15226,98,361,93,0,0,0
171911,31.37,30.51,9511,0.5186,4986,-50,-10048,115,344,99,0,0,0
171954,31.37,30.51,3550,0.5056,4986,-50,-10048,115,344,99,0,0,0
172010,31.37,30.51,2694,0.3837,5436,-196,-13930,92,408,92,0,0,0
172070,31.37,30.51,6532,0.5065,3920,126,-12044,73,309,85,0,0,0
172090,31.37,30.51,7147,0.4226,4534,-116,-10376,113,364,91,0,0,0
172134,31.37,30.51,4231,0.6026,4534,-116,-10376,113,364,91,0,0,0
172154,31.37,30.51,8331,0.5179,4316,870,-13140,58,294,77,0,0,0
172240,31.37,30.51,2040,0.2905,4448,458,-9512,125,373,90,0,0,0
172261,31.37,30.47,6037,0.3613,5630,1068,-16408,69,356,84,0,0,0
172303,31.37,30.47,3543,0.5046,5630,1068,-16408,69,356,84,0,0,0
172323,31.37,30.47,9308,0.5497,4838,226,-11896,119,304,99,0,0,0
172366,31.37,30.47,92,0.0131,4838,226,-11896,119,304,99,0,0,0
172415,31.37,30.47,544,0.0775,5420,-418,-11842,102,370,92,0,0,0
172475,31.37,30.47,5295,0.3039,4552,548,-13196,91,298,81,0,0,0
172496,31.37,30.47,4467,0.3791,4552,548,-13196,91,298,81,0,0,0
172553,31.37,30.47,8829,0.4923,4610,292,-14250,129,392,96,0,0,0
172574,31.37,30.47,8378,0.5577,4394,754,-9842,100,332,93,0,0,0
172662,31.37,30.47,2887,0.4112,5256,84,-12468,107,435,89,0,0,0
172682,31.37,30.47,5987,0.3883,5382,468,-16700,52,339,84,0,0,0
172726,31.37,30.47,416,0.0592,5382,468,-16700,52,339,84,0,0,0
172746,31.37,30.57,6201,0.3216,5284,-336,-12300,120,388,94,0,0,0
172790,31.37,30.57,125,0.0178,5284,-336,-12300,120,388,94,0,0,0
172835,31.37,30.57,167,0.0238,5706,32,-17142,98,345,91,0,0,0
172894,31.37,30.57,7150,0.5679,4984,748,-15168,98,275,84,0,0,0
172914,31.37,30.57,6926,0.4622,4298,16,-12574,138,366,84,0,0,0
172958,31.37,30.57,1599,0.2277,4298,16,-12574,138,366,84,0,0,0
172985,31.37,30.57,9786,0.6124,4392,848,-11406,79,316,89,0,0,0
173071,31.37,30.57,3224,0.4592,5306,216,-11732,122,401,95,0,0,0
173091,31.37,30.57,9569,0.6177,5494,482,-17058,50,368,86,0,0,0
173134,31.37,30.57,2015,0.287,5494,482,-17058,50,368,86,0,0,0
173155,31.37,30.57,9536,0.5434,5140,-218,-10698,109,383,87,0,0,0
173198,31.37,30.57,927,0.132,5140,-218,-10698,109,383,87,0,0,0
173243,31.39,30.59,92,0.0131,5472,-112,-16006,121,373,93,0,0,0
173304,31.39,30.59,9202,0.5252,3808,376,-11992,106,289,95,0,0,0
173324,31.39,30.59,9839,0.5884,4512,110,-11072,109,387,82,0,0,0
173366,31.39,30.59,1453,0.2069,4512,110,-11072,109,387,82,0,0,0
173387,31.39,30.59,7382,0.5944,4424,912,-12744,62,306,82,0,0,0
173473,31.39,30.59,241,0.0343,4626,360,-10282,159,335,94,0,0,0
173494,31.39,30.59,5214,0.4183,4626,360,-10282,159,335,94,0,0,0
173545,31.39,30.59,7340,0.6867,5370,862,-15800,63,347,80,0,0,0
173565,31.39,30.59,9602,0.6032,4966,208,-11422,127,328,99,0,0,0
173609,31.39,30.59,2284,0.3253,4966,208,-11422,127,328,99,0,0,0
173654,31.39,30.59,312,0.0444,5324,-344,-13584,123,391,89,0,0,0
173714,31.39,30.59,5218,0.3467,4266,660,-13186,97,282,83,0,0,0
173734,31.39,30.59,6424,0.4022,4352,-82,-10218,123,344,95,0,0,0
173778,31.37,30.57,2057,0.293,4454,156,-14782,117,374,86,0,0,0
173798,31.37,30.57,8517,0.6147,4440,1074,-14830,82,341,82,0,0,0
173884,31.37,30.57,418,0.0595,4546,518,-9450,113,354,95,0,0,0
173904,31.37,30.57,9562,0.5568,5752,622,-16020,48,355,86,0,0,0
173947,31.37,30.57,4316,0.6147,5752,622,-16020,48,355,86,0,0,0
173967,31.37,30.57,10022,0.6004,4650,226,-11842,97,282,83,0,0,0
174010,31.37,30.57,774,0.1102,4650,226,-11842,97,282,83,0,0,0
174066,31.37,30.57,2076,0.2957,5462,-292,-17126,84,360,90,0,0,0
174126,31.37,30.57,8993,0.4962,4860,856,-14990,102,270,80,0,0,0
174147,31.37,30.57,8215,0.563,4576,372,-13986,125,419,83,0,0,0
174190,31.37,30.57,1874,0.2669,4576,372,-13986,125,419,83,0,0,0
174210,31.37,30.57,10440,0.6005,4788,1190,-16638,65,339,79,0,0,0
174295,31.37,30.57,5333,0.7595,4290,798,-11320,100,297,94,0,0,0
174316,31.41,30.57,9995,0.508,5190,360,-16772,90,325,97,0,0,0
174358,31.41,30.57,789,0.1124,5190,360,-16772,90,325,97,0,0,0
174378,31.41,30.57,5675,0.3891,5124,-338,-10756,132,355,92,0,0,0
174421,31.41,30.57,1999,0.2847,5124,-338,-10756,132,355,92,0,0,0
174466,31.41,30.57,1773,0.2525,5600,-212,-15496,124,341,96,0,0,0
174526,31.41,30.57,8487,0.4995,4608,700,-16164,83,276,78,0,0,0
174547,31.41,30.57,4236,0.3401,3912,280,-10146,94,341,93,0,0,0
174603,31.41,30.57,5316,0.4312,4356,82,-10744,111,374,77,0,0,0
174623,31.41,30.57,8375,0.6541,4408,956,-13026,65,319,84,0,0,0
174710,31.41,30.57,2917,0.4154,4488,302,-10466,123,365,98,0,0,0
174730,31.41,30.57,6722,0.4617,5410,46,-14764,125,382,95,0,0,0
174774,31.41,30.57,1054,0.1501,5410,46,-14764,125,382,95,0,0,0
174794,31.41,30.57,8408,0.4883,4808,-24,-10786,116,339,96,0,0,0
174838,31.35,30.53,1691,0.2408,4808,-24,-10786,116,339,96,0,0,0
174883,31.35,30.53,17,0.0024,5480,-116,-13856,115,373,90,0,0,0
174943,31.35,30.53,8834,0.5104,4122,580,-13030,94,273,73,0,0,0
174964,31.35,30.53,7581,0.5087,4288,-124,-9952,113,350,99,0,0,0
175007,31.35,30.53,1333,0.1898,4288,-124,-9952,113,350,99,0,0,0
175027,31.35,30.53,9069,0.5178,4472,1030,-14062,85,293,83,0,0,0
175127,31.35,30.53,2209,0.3146,4114,326,-9844,127,342,94,0,0,0
175147,31.35,30.53,7884,0.432,5260,458,-15834,60,356,94,0,0,0
175190,31.35,30.53,494,0.0704,5260,458,-15834,60,356,94,0,0,0
175210,31.35,30.53,9070,0.5402,4846,644,-12148,78,293,79,0,0,0
175254,31.35,30.53,239,0.034,4846,644,-12148,78,293,79,0,0,0
175299,31.35,30.53,2063,0.2938,5252,-206,-16462,90,340,89,0,0,0
175359,31.37,30.59,8200,0.4887,4558,642,-14274,96,307,80,0,0,0
175379,31.37,30.59,5065,0.3038,4534,236,-13500,110,427,84,0,0,0
175422,31.37,30.59,2433,0.3465,4534,236,-13500,110,427,84,0,0,0
175442,31.37,30.59,7207,0.5571,4334,1052,-16354,71,320,95,0,0,0
175529,31.37,30.59,2331,0.332,4060,840,-10696,99,299,77,0,0,0
175550,31.37,30.59,4890,0.3946,4788,290,-11000,120,385,90,0,0,0
175601,31.37,30.59,5479,0.3946,5438,404,-16484,66,380,90,0,0,0
175621,31.37,30.59,6254,0.4102,4770,-364,-10202,162,327,100,0,0,0
175665,31.37,30.59,1099,0.1565,4770,-364,-10202,162,327,100,0,0,0
175710,31.37,30.59,911,0.1297,5394,-314,-15756,118,375,89,0,0,0
175770,31.37,30.59,8370,0.4584,4980,728,-16142,70,330,89,0,0,0
175791,31.37,30.59,8022,0.4969,4232,18,-12036,115,390,82,0,0,0
175834,31.37,30.63,1112,0.1584,4232,18,-12036,115,390,82,0,0,0
175855,31.37,30.63,8391,0.5581,4538,534,-15914,51,357,82,0,0,0
175941,31.37,30.63,4841,0.6895,4612,330,-10006,134,354,91,0,0,0
175961,31.37,30.63,7994,0.57,5080,-4,-14506,117,375,93,0,0,0
176004,31.37,30.63,1418,0.202,5080,-4,-14506,117,375,93,0,0,0
176025,31.37,30.63,6804,0.5643,4640,-116,-10372,125,343,96,0,0,0
176067,31.37,30.63,1356,0.1931,4640,-116,-10372,125,343,96,0,0,0
176123,31.37,30.63,6262,0.8919,5294,-406,-13416,127,370,92,0,0,0
176183,31.37,30.63,11672,0.6966,3896,456,-11908,78,312,91,0,0,0
176203,31.37,30.63,6885,0.586,4266,-8,-9760,114,373,83,0,0,0
176246,31.37,30.63,2069,0.2947,4266,-8,-9760,114,373,83,0,0,0
176267,31.37,30.63,6448,0.4011,4278,1086,-13794,75,316,88,0,0,0
176353,31.39,30.57,2398,0.3415,4160,446,-9498,133,336,99,0,0,0
176373,31.39,30.57,6799,0.347,5026,200,-13354,115,421,78,0,0,0
176416,31.39,30.57,1022,0.1456,5026,200,-13354,115,421,78,0,0,0
176436,31.39,30.57,5463,0.336,4592,302,-11506,86,316,81,0,0,0
176480,31.39,30.57,1234,0.1757,4592,302,-11506,86,316,81,0,0,0
176525,31.39,30.57,353,0.0503,5114,-480,-11846,115,399,94,0,0,0
176585,31.39,30.57,7019,0.3786,4634,860,-14632,84,303,78,0,0,0
176605,31.39,30.57,3925,0.3382,4634,860,-14632,84,303,78,0,0,0
176659,31.39,30.57,6598,0.456,4100,-62,-9874,132,329,104,0,0,0
176679,31.39,30.57,7627,0.4683,4204,1106,-15584,77,335,82,0,0,0
176765,31.39,30.57,746,0.1062,4084,668,-10130,83,310,91,0,0,0
176785,31.39,30.57,9884,0.5748,5288,352,-15730,55,364,95,0,0,0
176829,31.39,30.57,339,0.0483,5288,352,-15730,55,364,95,0,0,0
176849,31.39,30.57,7278,0.458,4838,638,-12696,76,292,80,0,0,0
176891,31.35,30.47,3788,0.5395,4838,638,-12696,76,292,80,0,0,0
176936,31.35,30.47,2475,0.3525,4736,-438,-10082,129,353,98,0,0,0
176996,31.35,30.47,8640,0.4934,4696,570,-15690,85,286,86,0,0,0
177017,31.35,30.47,4821,0.3148,3622,264,-9944,111,304,84,0,0,0
177060,31.35,30.47,685,0.0976,4024,-224,-11782,132,381,88,0,0,0
177080,31.35,30.47,6973,0.5374,4404,568,-15478,71,344,76,0,0,0
177166,31.35,30.47,6477,0.9225,3994,876,-11774,91,292,92,0,0,0
177186,31.35,30.47,9099,0.7051,4922,318,-10364,103,424,97,0,0,0
177240,31.35,30.47,1857,0.1196,5316,12,-15530,81,353,83,0,0,0
177260,31.35,30.47,6296,0.4702,4648,40,-9798,145,320,97,0,0,0
177303,31.35,30.47,123,0.0175,4648,40,-9798,145,320,97,0,0,0
177347,31.35,30.47,780,0.1111,5226,-316,-15020,110,401,84,0,0,0
177411,31.35,30.47,8157,0.4553,5010,288,-16676,73,295,86,0,0,0
177431,31.35,30.47,9278,0.6189,4292,16,-10262,127,359,88,0,0,0
177474,31.39,30.47,595,0.0847,4292,16,-10262,127,359,88,0,0,0
177494,31.39,30.47,8808,0.5113,4598,470,-15912,80,396,81,0,0,0
177579,31.39,30.47,6820,0.9713,4114,1034,-13556,66,302,83,0,0,0
177599,31.39,30.47,9873,0.5958,5166,220,-14284,94,411,85,0,0,0
177642,31.39,30.47,2356,0.3355,5166,220,-14284,94,411,85,0,0,0
177662,31.39,30.47,8923,0.4851,4620,462,-10864,131,277,101,0,0,0
177705,31.39,30.47,4561,0.6496,4620,462,-10864,131,277,101,0,0,0
177763,31.39,30.47,247,0.0352,5028,-490,-12410,165,329,87,0,0,0
177823,31.39,30.47,9219,0.7042,3646,352,-13164,68,291,85,0,0,0
177844,31.39,30.47,9238,0.7991,4272,178,-10144,123,396,104,0,0,0
177886,31.39,30.47,1221,0.1739,4272,178,-10144,123,396,104,0,0,0
177906,31.39,30.47,11128,0.6505,4088,818,-14490,66,342,73,0,0,0
177993,31.37,30.51,3888,0.5537,4186,492,-9664,122,298,104,0,0,0
178013,31.37,30.51,7882,0.5427,5378,664,-12606,122,406,102,0,0,0
178056,31.37,30.51,1750,0.2492,5378,664,-12606,122,406,102,0,0,0
178076,31.37,30.51,9506,0.5771,4586,562,-12178,92,275,84,0,0,0
178120,31.37,30.51,2700,0.3845,4586,562,-12178,92,275,84,0,0,0
178165,31.37,30.51,440,0.0627,5398,-190,-11448,132,416,96,0,0,0
178224,31.37,30.51,9196,0.5463,4150,304,-15034,66,287,75,0,0,0
178245,31.37,30.51,3301,0.2272,4150,304,-15034,66,287,75,0,0,0
178299,31.37,30.51,6640,0.5623,4068,366,-9638,136,341,92,0,0,0
178319,31.37,30.51,7115,0.4731,4402,710,-15404,46,352,61,0,0,0
178405,31.37,30.51,174,0.0248,3872,728,-10494,98,273,85,0,0,0
178425,31.37,30.51,8953,0.5285,5558,550,-15656,90,326,63,0,0,0
178468,31.37,30.51,3183,0.4533,5558,550,-15656,90,326,63,0,0,0
178488,31.37,30.51,9427,0.5665,4662,650,-13306,68,303,71,0,0,0
178531,31.37,30.47,273,0.0389,4662,650,-13306,68,303,71,0,0,0
178576,31.37,30.47,1149,0.1636,5088,-238,-9926,89,452,83,0,0,0
178636,31.37,30.47,6395,0.3879,4508,122,-17324,49,330,48,0,0,0
178656,31.37,30.47,6547,0.5087,3788,454,-10974,131,265,83,0,0,0
178699,31.37,30.47,1344,0.1914,3788,454,-10974,131,265,83,0,0,0
178720,31.37,30.47,6221,0.3984,4716,706,-16234,106,300,58,0,0,0
178806,31.37,30.47,2089,0.2975,3700,580,-12526,55,309,82,0,0,0
178826,31.37,30.47,6915,0.5117,4782,444,-9452,151,346,84,0,0,0
178879,31.37,30.47,7606,0.4988,5312,524,-14300,95,396,75,0,0,0
178899,31.37,30.47,9443,0.5071,5008,526,-14452,86,321,79,0,0,0
178943,31.37,30.47,398,0.0567,4822,-34,-9976,64,382,79,0,0,0
178987,31.37,30.47,2732,0.3891,5502,348,-13560,177,331,95,0,0,0
179048,31.37,30.47,6588,0.4301,4882,318,-16726,15,384,47,0,0,0
179068,31.37,30.47,6293,0.3985,4514,370,-9280,97,402,81,0,0,0
179111,31.37,30.53,561,0.0799,4514,370,-9280,97,402,81,0,0,0
179132,31.37,30.53,9207,0.4922,4832,396,-14584,70,392,44,0,0,0
179217,31.37,30.53,2052,0.2923,3946,774,-13778,139,227,90,0,0,0
179238,31.37,30.53,6275,0.576,5396,576,-13228,118,390,72,0,0,0
179281,31.37,30.53,1445,0.2058,5396,576,-13228,118,390,72,0,0,0
179301,31.37,30.53,6329,0.38,4402,52,-10964,110,282,82,0,0,0
179345,31.37,30.53,3970,0.5654,4402,52,-10964,110,282,82,0,0,0
179401,31.37,30.53,2268,0.323,5396,54,-12050,114,419,78,0,0,0
179460,31.37,30.53,9743,0.6151,5270,52,-16582,117,293,70,0,0,0
179480,31.37,30.53,8228,0.589,4034,258,-8928,173,292,109,0,0,0
179522,31.37,30.53,5470,0.7791,4034,258,-8928,173,292,109,0,0,0
179543,31.37,30.53,7920,0.4616,4170,922,-15652,86,294,82,0,0,0
179629,31.37,30.53,1690,0.2407,4054,664,-10232,70,354,83,0,0,0
179649,31.37,30.53,6061,0.414,4946,446,-11420,119,387,98,0,0,0
179691,31.37,30.53,3349,0.477,4946,446,-11420,119,387,98,0,0,0
179712,31.37,30.53,9303,0.5429,4316,472,-12824,56,319,64,0,0,0
179754,31.37,30.53,1844,0.2626,4316,472,-12824,56,319,64,0,0,0
179799,31.37,30.53,1257,0.179,5002,-196,-10124,134,389,101,0,0,0
179860,31.37,30.53,10548,0.6452,5766,132,-15554,112,371,81,0,0,0
179881,31.37,30.53,5965,0.4248,4508,172,-15928,47,321,69,0,0,0
179934,31.37,30.53,5225,0.3599,3830,274,-9496,97,341,91,0,0,0
179954,31.37,30.53,8469,0.6805,4444,688,-16138,41,365,56,0,0,0
180040,31.37,30.53,630,0.0897,3590,674,-11850,76,277,93,0,0,0
180061,31.37,30.53,9224,0.5522,4954,498,-9466,144,347,99,0,0,0
180103,31.37,30.53,6332,0.9018,5300,468,-14906,81,364,80,0,0,0
180123,31.37,30.53,8077,0.4953,4674,370,-14908,87,306,81,0,0,0
180167,31.37,30.59,481,0.0685,4674,370,-14908,87,306,81,0,0,0
180212,31.37,30.59,1337,0.1904,4662,198,-10398,53,471,79,0,0,0
180272,31.37,30.59,5022,0.29,4906,428,-16914,8,414,47,0,0,0
180292,31.37,30.59,9726,0.5972,3542,416,-11216,127,234,99,0,0,0
180335,31.37,30.59,4877,0.6946,3542,416,-11216,127,234,99,0,0,0
180355,31.37,30.59,8235,0.541,4626,470,-15822,57,383,59,0,0,0
180440,31.37,30.59,1908,0.2717,3866,474,-13684,125,241,96,0,0,0
180461,31.37,30.59,9604,0.6251,3866,474,-13684,125,241,96,0,0,0
180511,31.37,30.59,5175,0.3873,5210,400,-13684,123,349,96,0,0,0
180531,31.37,30.59,9282,0.6314,4956,538,-14990,85,322,75,0,0,0
180574,31.37,30.59,2747,0.3912,4956,538,-14990,85,322,75,0,0,0
180619,31.37,30.59,2940,0.4187,4350,426,-10972,42,406,78,0,0,0
180678,31.37,30.59,7648,0.5122,5218,20,-16578,16,389,63,0,0,0
180698,31.37,30.59,7928,0.4957,3930,276,-12642,111,230,90,0,0,0
180742,31.39,30.51,2957,0.4211,4096,-112,-9652,92,379,82,0,0,0
180763,31.39,30.51,7539,0.4787,4770,412,-13730,149,349,87,0,0,0
180848,31.39,30.51,4767,0.6789,4096,792,-14878,68,329,80,0,0,0
180869,31.39,30.51,9118,0.5433,5154,526,-11554,128,376,80,0,0,0
180911,31.39,30.51,5524,0.7867,5154,526,-11554,128,376,80,0,0,0
180931,31.39,30.51,11648,0.7567,5270,216,-15916,50,366,64,0,0,0
180975,31.39,30.51,1116,0.1589,5270,216,-15916,50,366,64,0,0,0
181031,31.39,30.51,61,0.0087,5030,-64,-9892,192,285,109,0,0,0
181091,31.39,30.51,11465,0.6578,5458,-174,-15256,78,390,66,0,0,0
181111,31.39,30.51,10602,0.6309,3838,234,-8958,150,320,101,0,0,0
181153,31.39,30.51,703,0.1001,3838,234,-8958,150,320,101,0,0,0
181174,31.39,30.51,7187,0.4266,4522,284,-12478,91,438,81,0,0,0
181260,31.37,30.45,4719,0.6721,4332,760,-16138,92,293,83,0,0,0
181280,31.37,30.45,7821,0.515,5146,488,-10292,144,332,94,0,0,0
181322,31.37,30.45,1064,0.1515,5146,488,-10292,144,332,94,0,0,0
181343,31.37,30.45,7448,0.4575,4324,228,-12980,101,248,87,0,0,0
181386,31.37,30.45,62,0.0088,4324,228,-12980,101,248,87,0,0,0
181431,31.37,30.45,847,0.1206,4958,-270,-10218,117,390,101,0,0,0
181492,31.37,30.45,9383,0.5237,5606,210,-14604,138,346,73,0,0,0
181513,31.37,30.45,9274,0.5728,4664,266,-15406,19,376,65,0,0,0
181563,31.37,30.45,6796,0.5697,3654,200,-10248,135,245,96,0,0,0
181583,31.37,30.45,6690,0.6768,4364,256,-15688,111,302,75,0,0,0
181669,31.37,30.45,947,0.1349,3654,512,-12216,55,343,77,0,0,0
181690,31.37,30.45,9973,0.575,4836,618,-8850,125,373,102,0,0,0
181733,31.37,30.45,2175,0.3098,4836,618,-8850,125,373,102,0,0,0
181753,31.37,30.45,8155,0.5472,4634,314,-14636,101,301,86,0,0,0
181797,31.35,30.51,2710,0.386,4634,314,-14636,101,301,86,0,0,0
181842,31.35,30.51,1028,0.1464,4388,38,-10666,146,297,102,0,0,0
181902,31.35,30.51,9327,0.5685,5574,228,-12870,85,442,78,0,0,0
181922,31.35,30.51,9506,0.5611,3506,252,-12044,54,320,68,0,0,0
181965,31.35,30.51,337,0.048,3506,252,-12044,54,320,68,0,0,0
181985,31.35,30.51,8642,0.7361,4602,430,-15100,119,323,79,0,0,0
182070,31.35,30.51,3739,0.5325,3902,596,-13880,60,328,86,0,0,0
182091,31.35,30.51,5302,0.4851,3902,596,-13880,60,328,86,0,0,0
182143,31.35,30.51,7093,0.4388,5110,238,-13558,111,418,91,0,0,0
182164,31.35,30.51,10843,0.551,5012,434,-15958,71,314,82,0,0,0
182207,31.35,30.51,1264,0.18,5012,434,-15958,71,314,82,0,0,0
182252,31.35,30.51,2035,0.2898,4328,218,-11868,52,335,78,0,0,0
182311,31.35,30.51,6079,0.4427,5452,-270,-16718,9,430,53,0,0,0
182331,31.35,30.51,10454,0.6664,3806,196,-14006,135,212,101,0,0,0
182375,31.35,30.51,1123,0.1599,3806,196,-14006,135,212,101,0,0,0
182395,31.35,30.51,7756,0.4623,4630,378,-13786,100,439,71,0,0,0
182482,31.35,30.51,25,0.0036,3958,688,-15288,94,285,84,0,0,0
182502,31.35,30.51,9118,0.5654,3964,604,-10282,49,381,86,0,0,0
182544,31.35,30.51,2753,0.3921,4962,504,-10800,190,276,101,0,0,0
182565,31.35,30.51,8425,0.4982,5450,-84,-15796,27,411,71,0,0,0
182608,31.35,30.51,871,0.1241,5450,-84,-15796,27,411,71,0,0,0
182666,31.35,30.51,609,0.0867,5298,-218,-9662,131,383,97,0,0,0
182725,31.35,30.51,7853,0.4843,5532,20,-15582,91,393,77,0,0,0
182746,31.35,30.51,9508,0.5926,3618,386,-9552,84,325,88,0,0,0
182789,31.35,30.51,213,0.0303,3618,386,-9552,84,325,88,0,0,0
182809,31.35,30.51,10039,0.5021,4728,426,-11718,146,386,82,0,0,0
182895,31.35,30.51,6684,0.952,4464,234,-15734,41,381,66,0,0,0
182915,31.35,30.51,7034,0.5383,4826,420,-9014,104,404,91,0,0,0
182959,31.35,30.51,4796,0.6831,4826,420,-9014,104,404,91,0,0,0
182979,31.35,30.51,10187,0.6914,5478,250,-15082,74,428,77,0,0,0
183022,31.35,30.51,1301,0.1853,5478,250,-15082,74,428,77,0,0,0
183067,31.35,30.51,2375,0.3383,5010,-82,-10024,72,462,93,0,0,0
183127,31.35,30.51,7214,0.5118,5612,258,-13776,181,291,87,0,0,0
183148,31.35,30.51,5172,0.4566,4778,-96,-16712,-48,469,46,0,0,0
183201,31.35,30.51,7716,0.5704,3580,352,-11550,178,163,98,0,0,0
183221,31.35,30.51,8450,0.4917,4558,126,-9980,54,458,73,0,0,0
183307,31.35,30.51,3603,0.5131,4008,440,-13422,64,334,89,0,0,0
183327,31.35,30.51,9991,0.5598,4496,668,-8584,132,327,92,0,0,0
183369,31.35,30.51,1182,0.1683,4496,668,-8584,132,327,92,0,0,0
183389,31.35,30.51,7283,0.4714,4752,48,-15646,40,352,59,0,0,0
183432,31.35,30.53,176,0.0251,4752,48,-15646,40,352,59,0,0,0
183477,31.35,30.53,0,0.0,4538,62,-10142,119,313,96,0,0,0
183537,31.35,30.53,10185,0.5773,5390,86,-12196,135,371,78,0,0,0
183557,31.35,30.53,6481,0.4115,4070,268,-13946,67,311,71,0,0,0
183600,31.35,30.53,1054,0.1501,4070,268,-13946,67,311,71,0,0,0
183621,31.35,30.53,7255,0.5632,4226,94,-9704,142,344,94,0,0,0
183706,31.35,30.53,4566,0.6503,4080,790,-15696,90,288,91,0,0,0
183727,31.35,30.53,5438,0.3893,4080,790,-15696,90,288,91,0,0,0
183778,31.35,30.53,2373,0.2099,4320,632,-9822,81,394,91,0,0,0
183799,31.35,30.53,6802,0.4316,5340,208,-15968,38,389,81,0,0,0
183842,31.35,30.53,1789,0.2548,5340,208,-15968,38,389,81,0,0,0
183887,31.35,30.53,3490,0.4971,4308,310,-12444,113,235,81,0,0,0
183947,31.35,30.53,9122,0.4951,5504,-306,-16166,73,397,63,0,0,0
183967,31.35,30.53,9303,0.5531,4102,124,-14846,107,272,85,0,0,0
184010,31.39,30.53,1859,0.2648,4102,124,-14846,107,272,85,0,0,0
184030,31.39,30.53,9935,0.5595,4622,174,-12472,180,330,91,0,0,0
184117,31.39,30.53,1051,0.1497,4554,682,-16258,37,379,63,0,0,0
184137,31.39,30.53,6185,0.4556,3960,730,-11104,107,265,98,0,0,0
184180,31.39,30.53,621,0.0884,3960,730,-11104,107,265,98,0,0,0
184201,31.39,30.53,10822,0.631,5362,300,-16138,74,329,84,0,0,0
184243,31.39,30.53,1186,0.1689,5362,300,-16138,74,329,84,0,0,0
184298,31.39,30.53,1777,0.2531,4744,418,-13932,92,305,80,0,0,0
184357,31.39,30.53,8888,0.5193,5516,-150,-14680,93,424,69,0,0,0
184378,31.39,30.53,6419,0.4587,4732,222,-15814,73,347,82,0,0,0
184421,31.39,30.53,1609,0.2292,4732,222,-15814,73,347,82,0,0,0
184441,31.39,30.53,6758,0.4537,4456,170,-11156,92,394,77,0,0,0
184529,31.35,30.51,1750,0.2492,4544,296,-16036,83,340,85,0,0,0
184550,31.35,30.51,8688,0.5477,4480,506,-9328,172,333,105,0,0,0
184593,31.35,30.51,1949,0.2776,4480,506,-9328,172,333,105,0,0,0
184613,31.35,30.51,11890,0.6496,5290,32,-14666,121,346,93,0,0,0
184657,31.35,30.51,101,0.0144,5290,32,-14666,121,346,93,0,0,0
184702,31.35,30.51,2078,0.296,4750,328,-15080,64,363,72,0,0,0
184762,31.35,30.51,8198,0.488,5482,-194,-12736,100,406,83,0,0,0
184782,31.35,30.51,4541,0.4496,5482,-194,-12736,100,406,83,0,0,0
184833,31.35,30.51,4918,0.372,3488,10,-12364,91,299,95,0,0,0
184853,31.35,30.51,8133,0.5,4104,-262,-9518,135,344,81,0,0,0
184939,31.35,30.51,6952,0.9901,4558,460,-15398,87,412,82,0,0,0
184959,31.35,30.51,10322,0.7538,4144,386,-9652,116,353,93,0,0,0
185003,31.35,30.51,2040,0.2905,4144,386,-9652,116,353,93,0,0,0
185023,31.35,30.51,8740,0.6225,5178,266,-12838,124,367,96,0,0,0
185066,31.31,30.53,2977,0.424,5148,228,-16146,57,372,72,0,0,0
185111,31.31,30.53,2970,0.423,4654,206,-11940,97,275,95,0,0,0
185171,31.31,30.53,10635,0.606,5244,-224,-11070,107,381,94,0,0,0
185191,31.31,30.53,9776,0.51,3950,144,-14618,85,311,85,0,0,0
185234,31.31,30.53,1527,0.2175,3950,144,-14618,85,311,85,0,0,0
185254,31.31,30.53,10090,0.5674,3904,8,-9274,97,393,82,0,0,0
185340,31.31,30.53,4642,0.6611,4544,284,-13468,152,367,86,0,0,0
185361,31.31,30.53,4534,0.3388,4312,922,-15868,56,351,80,0,0,0
185414,31.31,30.53,6436,0.4456,4236,552,-10822,74,321,89,0,0,0
185435,31.31,30.53,7786,0.5059,5648,428,-16328,35,368,73,0,0,0
185478,31.31,30.53,1585,0.2257,5648,428,-16328,35,368,73,0,0,0
185523,31.31,30.53,280,0.0399,4510,126,-13214,143,212,103,0,0,0
185583,31.31,30.53,11881,0.7071,5072,-150,-9752,113,393,87,0,0,0
185603,31.31,30.53,9796,0.6339,4664,224,-16196,91,308,78,0,0,0
185647,31.31,30.63,1230,0.1752,4664,224,-16196,91,308,78,0,0,0
185667,31.31,30.63,8622,0.6584,4692,0,-12282,131,402,89,0,0,0
185752,31.31,30.63,4613,0.657,4492,642,-16764,69,332,79,0,0,0
185772,31.31,30.63,7801,0.4345,3960,434,-12378,47,315,97,0,0,0
185816,31.31,30.63,1683,0.2397,3960,434,-12378,47,315,97,0,0,0
185836,31.31,30.63,6627,0.3839,5302,356,-15948,120,333,93,0,0,0
185880,31.31,30.63,1015,0.1446,5302,356,-15948,120,333,93,0,0,0
185938,31.31,30.63,4776,0.6802,5250,402,-15120,69,322,82,0,0,0
185998,31.31,30.63,5540,0.421,5586,-218,-13686,127,375,93,0,0,0
186018,31.31,30.63,6462,0.4739,4910,138,-17082,35,348,67,0,0,0
186060,31.31,30.63,1102,0.1569,4910,138,-17082,35,348,67,0,0,0
186081,31.31,30.63,9312,0.5249,4302,-180,-10002,74,409,79,0,0,0
186166,31.37,30.53,1864,0.2655,4486,368,-15460,123,323,79,0,0,0
186186,31.37,30.53,9427,0.5607,4306,486,-9448,178,319,100,0,0,0
186230,31.37,30.53,2756,0.3925,4306,486,-9448,178,319,100,0,0,0
186250,31.37,30.53,8063,0.5581,5324,268,-14046,124,378,98,0,0,0
186292,31.37,30.53,2018,0.2874,5324,268,-14046,124,378,98,0,0,0
186338,31.37,30.53,1353,0.1927,5024,606,-16082,85,295,90,0,0,0
186397,31.37,30.53,6754,0.4583,5344,-336,-12282,104,376,101,0,0,0
186417,31.37,30.53,7325,0.4731,5344,-336,-12282,104,376,101,0,0,0
186469,31.37,30.53,4874,0.3509,4014,196,-13706,75,284,86,0,0,0
186489,31.37,30.53,9011,0.5076,4202,-56,-9796,110,387,93,0,0,0
186574,31.37,30.53,3451,0.4915,4732,290,-14704,96,427,90,0,0,0
186594,31.37,30.53,9159,0.5798,4122,692,-9924,123,313,106,0,0,0
186638,31.37,30.53,1274,0.1814,4122,692,-9924,123,313,106,0,0,0
186658,31.37,30.53,8672,0.4571,5390,268,-12612,118,393,93,0,0,0
186702,31.37,30.57,1240,0.1766,5390,268,-12612,118,393,93,0,0,0
186747,31.37,30.57,1251,0.1782,4714,322,-12868,89,274,93,0,0,0
186807,31.37,30.57,6347,0.3827,5138,-276,-10738,135,372,95,0,0,0
186827,31.37,30.57,8891,0.5106,4528,370,-15430,78,328,75,0,0,0
186871,31.37,30.57,1003,0.1428,4528,370,-15430,78,328,75,0,0,0
186891,31.37,30.57,9726,0.5195,3890,330,-10856,105,340,99,0,0,0
186976,31.37,30.57,249,0.0355,4758,158,-13172,108,406,87,0,0,0
186997,31.37,30.57,4208,0.2934,4394,856,-17076,38,363,69,0,0,0
187047,31.37,30.57,6199,0.4676,4166,554,-11886,71,294,104,0,0,0
187068,31.37,30.57,6757,0.422,5472,334,-16166,71,354,83,0,0,0
187111,31.37,30.57,1373,0.1955,5472,334,-16166,71,354,83,0,0,0
187156,31.37,30.57,2772,0.3948,4966,534,-14354,93,293,96,0,0,0
187216,31.37,30.57,9922,0.6228,4896,-124,-10032,144,347,100,0,0,0
187236,31.37,30.57,8197,0.5437,4632,314,-17454,67,344,76,0,0,0
187279,31.37,30.53,1268,0.1806,4632,314,-17454,67,344,76,0,0,0
187299,31.37,30.53,8992,0.5614,3750,246,-11288,70,353,86,0,0,0
187385,31.37,30.53,7545,1.0746,4714,-54,-11744,137,350,98,0,0,0
187405,31.37,30.53,9254,0.5329,3890,602,-12642,64,297,88,0,0,0
187449,31.37,30.53,2753,0.3921,3890,602,-12642,64,297,88,0,0,0
187469,31.37,30.53,6609,0.4197,5740,286,-15092,112,387,98,0,0,0
187512,31.37,30.53,2186,0.3113,5740,286,-15092,112,387,98,0,0,0
187568,31.37,30.53,4247,0.6049,5022,818,-15980,74,328,84,0,0,0
187628,31.37,30.53,9278,0.6464,5290,-250,-12734,126,349,100,0,0,0
187648,31.37,30.53,8065,0.5272,5228,280,-16736,82,312,71,0,0,0
187692,31.37,30.53,1237,0.1762,5228,280,-16736,82,312,71,0,0,0
187712,31.37,30.53,11405,0.6031,4232,-30,-9844,125,399,78,0,0,0
187798,31.37,30.51,3459,0.4926,4978,468,-15826,80,408,93,0,0,0
187818,31.37,30.51,9474,0.5424,3888,896,-14436,80,295,89,0,0,0
187862,31.37,30.51,551,0.0785,3888,896,-14436,80,295,89,0,0,0
187882,31.37,30.51,9604,0.625,5410,302,-13758,137,369,102,0,0,0
187926,31.37,30.51,4222,0.6013,5410,302,-13758,137,369,102,0,0,0
187971,31.37,30.51,2435,0.3468,5422,778,-15952,55,324,80,0,0,0
188031,31.37,30.51,5880,0.3884,5426,-344,-11914,156,340,93,0,0,0
188052,31.37,30.51,7908,0.5174,5426,-344,-11914,156,340,93,0,0,0
188103,31.37,30.51,5374,0.3998,5634,-58,-17334,71,356,90,0,0,0
188123,31.37,30.51,6637,0.4734,4152,240,-9742,139,381,93,0,0,0
188209,31.37,30.51,1601,0.228,4734,252,-14194,103,399,94,0,0,0
188230,31.37,30.51,9298,0.5326,4384,766,-11386,104,302,97,0,0,0
188272,31.37,30.51,3513,0.5003,4384,766,-11386,104,302,97,0,0,0
188292,31.37,30.51,9103,0.5935,5062,288,-12614,126,374,97,0,0,0
188336,31.31,30.51,3009,0.4285,5062,288,-12614,126,374,97,0,0,0
188381,31.31,30.51,2027,0.2887,5612,626,-16166,61,340,94,0,0,0
188442,31.31,30.51,7176,0.4755,5362,-208,-10992,136,381,99,0,0,0
188462,31.31,30.51,5793,0.3981,5838,230,-17008,94,367,92,0,0,0
188505,31.31,30.51,100,0.0142,5838,230,-17008,94,367,92,0,0,0
188525,31.31,30.51,7333,0.3975,4150,322,-10554,130,288,90,0,0,0
188611,31.31,30.51,3130,0.4458,4686,-38,-12402,106,410,93,0,0,0
188632,31.31,30.51,6080,0.6846,4620,796,-16036,65,352,68,0,0,0
188689,31.31,30.51,6363,0.4283,4004,946,-11898,40,332,95,0,0,0
188710,31.31,30.51,8000,0.4599,5546,376,-15298,110,328,91,0,0,0
188753,31.31,30.51,202,0.0288,5546,376,-15298,110,328,91,0,0,0
188798,31.31,30.51,680,0.0968,5090,658,-14702,83,350,89,0,0,0
188858,31.31,30.51,9508,0.5511,5038,-40,-10466,134,334,93,0,0,0
188879,31.31,30.51,11594,0.6882,5124,530,-17236,68,296,76,0,0,0
188922,31.31,30.51,5821,0.829,5124,530,-17236,68,296,76,0,0,0
188942,31.31,30.51,8947,0.6121,4002,538,-11438,118,267,92,0,0,0
189028,31.31,30.51,2752,0.3919,4986,664,-16142,70,377,83,0,0,0
189049,31.31,30.51,6987,0.4127,4150,992,-13856,85,294,96,0,0,0
189092,31.31,30.51,988,0.1407,4150,992,-13856,85,294,96,0,0,0
189112,31.31,30.51,7186,0.4714,5622,332,-15034,111,387,90,0,0,0
189168,31.31,30.51,4802,0.6839,5622,332,-15034,111,387,90,0,0,0
189213,31.31,30.51,3437,0.4895,5298,952,-16442,54,351,87,0,0,0
189275,31.31,30.51,6913,0.4111,5252,-436,-13264,124,354,95,0,0,0
189295,31.31,30.51,8577,0.483,5544,386,-17264,54,344,80,0,0,0
189337,31.31,30.51,387,0.0551,5544,386,-17264,54,344,80,0,0,0
189357,31.31,30.51,6605,0.4073,4036,-134,-9780,142,352,97,0,0,0
189442,31.31,30.51,4742,0.6754,4644,266,-14546,94,391,88,0,0,0
189463,31.31,30.51,7983,0.4235,3960,1040,-14904,63,309,84,0,0,0
189505,31.31,30.51,977,0.1391,3960,1040,-14904,63,309,84,0,0,0
189525,31.31,30.51,9398,0.6202,5204,138,-12904,139,366,100,0,0,0
189569,31.31,30.51,244,0.0348,5204,138,-12904,139,366,100,0,0,0
189614,31.31,30.51,500,0.0712,5604,698,-15856,52,339,83,0,0,0
189635,31.31,30.51,3097,0.3497,4648,508,-12120,85,302,98,0,0,0
189691,31.31,30.51,7658,0.6023,5312,-180,-11120,118,384,94,0,0,0
189711,31.31,30.51,6997,0.5188,4554,684,-15046,86,298,95,0,0,0
189754,31.31,30.51,2546,0.3626,4554,684,-15046,86,298,95,0,0,0
189800,31.31,30.51,2736,0.3897,4330,506,-9712,119,348,95,0,0,0
189860,31.31,30.51,6217,0.4994,4516,214,-13388,132,373,95,0,0,0
189880,31.31,30.51,7086,0.4782,4038,794,-11112,74,335,97,0,0,0
189923,31.35,30.53,618,0.088,4038,794,-11112,74,335,97,0,0,0
189944,31.35,30.53,5805,0.3357,5420,410,-11598,108,427,90,0,0,0
190030,31.35,30.53,1847,0.2631,4976,780,-13022,91,300,93,0,0,0
190050,31.35,30.53,8493,0.5899,5180,-246,-10844,137,371,101,0,0,0
190092,31.35,30.53,133,0.0189,5180,-246,-10844,137,371,101,0,0,0
190113,31.35,30.53,9556,0.5529,4776,802,-15794,95,290,73,0,0,0
190156,31.35,30.53,2375,0.3383,4776,802,-15794,95,290,73,0,0,0
190215,31.35,30.53,739,0.1053,3906,590,-10128,101,313,99,0,0,0
190274,31.35,30.53,9821,0.6515,4706,862,-16294,68,345,80,0,0,0
190294,31.35,30.53,7352,0.4467,4002,1064,-11998,35,352,84,0,0,0
190338,31.35,30.53,159,0.0226,4002,1064,-11998,35,352,84,0,0,0
190358,31.35,30.53,9148,0.5383,5580,394,-16252,69,362,95,0,0,0
190444,31.35,30.51,2720,0.3874,5174,724,-14784,103,292,89,0,0,0
190464,31.35,30.51,8462,0.4804,4896,254,-10774,155,305,106,0,0,0
190507,31.35,30.51,1089,0.1551,4896,254,-10774,155,305,106,0,0,0
190527,31.35,30.51,7946,0.4363,5220,486,-17426,96,283,82,0,0,0
190570,31.35,30.51,2044,0.2911,5220,486,-17426,96,283,82,0,0,0
190616,31.35,30.51,2450,0.3489,3846,366,-11600,91,263,96,0,0,0
190676,31.35,30.51,8572,0.5674,4488,560,-15430,73,396,80,0,0,0
190697,31.35,30.51,5534,0.504,4488,560,-15430,73,396,80,0,0,0
190747,31.35,30.51,2907,0.2811,4348,1084,-13516,52,351,87,0,0,0
190767,31.35,30.51,9976,0.6317,5400,152,-14632,108,404,104,0,0,0
190853,31.35,30.51,1537,0.2189,5158,884,-15694,103,296,78,0,0,0
190873,31.35,30.51,5769,0.3833,5370,-618,-12206,129,379,92,0,0,0
190916,31.35,30.51,1292,0.184,5370,-618,-12206,129,379,92,0,0,0
190936,31.35,30.51,7742,0.5967,5260,284,-17178,67,325,85,0,0,0
190979,31.35,30.47,1659,0.2363,5260,284,-17178,67,325,85,0,0,0
191025,31.35,30.47,5476,0.7799,4176,518,-12864,77,258,88,0,0,0
191085,31.35,30.47,8140,0.5309,4680,456,-14820,122,385,89,0,0,0
191105,31.35,30.47,9311,0.5575,4234,1134,-15040,61,333,90,0,0,0
191149,31.35,30.47,4017,0.5721,4234,1134,-15040,61,333,90,0,0,0
191169,31.35,30.47,8736,0.6075,5008,124,-12516,110,405,99,0,0,0
191255,31.35,30.47,420,0.0598,5282,538,-15544,56,336,91,0,0,0
191276,31.35,30.47,2763,0.2534,4720,474,-11348,85,293,93,0,0,0
191332,31.35,30.47,7569,0.4667,5010,-458,-10758,125,390,96,0,0,0
191353,31.35,30.47,5445,0.4046,4500,852,-15106,92,283,90,0,0,0
191396,31.35,30.47,124,0.0177,4500,852,-15106,92,283,90,0,0,0
191441,31.35,30.47,16,0.0023,4178,498,-10720,116,357,99,0,0,0
191500,31.35,30.47,8181,0.4641,4648,462,-12884,70,441,82,0,0,0
191520,31.35,30.47,8659,0.4795,3906,682,-10500,93,280,93,0,0,0
191564,31.31,30.53,1456,0.2074,3906,682,-10500,93,280,93,0,0,0
191584,31.31,30.53,8786,0.5492,4974,412,-10770,128,394,87,0,0,0
191670,31.31,30.53,1888,0.2689,4774,814,-13974,92,298,84,0,0,0
191690,31.31,30.53,7222,0.4553,5070,44,-10644,125,368,107,0,0,0
191734,31.31,30.53,2516,0.3583,5070,44,-10644,125,368,107,0,0,0
191754,31.31,30.53,8872,0.4915,4866,880,-16312,70,335,86,0,0,0
191798,31.31,30.53,1588,0.2262,4866,880,-16312,70,335,86,0,0,0
191851,31.31,30.53,286,0.0407,3852,600,-11104,102,287,85,0,0,0
191911,31.31,30.53,8414,0.5301,4532,682,-15600,84,335,93,0,0,0
191931,31.31,30.53,10072,0.6253,3960,846,-12570,109,277,87,0,0,0
191973,31.31,30.53,1331,0.1896,3960,846,-12570,109,277,87,0,0,0
191994,31.31,30.53,7450,0.482,5222,328,-15012,88,384,99,0,0,0
192080,31.37,30.53,7321,1.0427,4820,874,-15316,106,292,99,0,0,0
192100,31.37,30.53,8237,0.5844,4658,66,-10068,106,348,96,0,0,0
192144,31.37,30.53,363,0.0517,4658,66,-10068,106,348,96,0,0,0
192164,31.37,30.53,6144,0.3755,5070,412,-16720,48,340,81,0,0,0
192207,31.37,30.53,208,0.0296,5070,412,-16720,48,340,81,0,0,0
192252,31.37,30.53,1015,0.1446,3752,468,-11856,100,255,85,0,0,0
192313,31.37,30.53,7309,0.5358,4538,440,-15060,73,407,91,0,0,0
192333,31.37,30.53,7156,0.5496,4538,440,-15060,73,407,91,0,0,0
192383,31.37,30.53,3089,0.2057,4072,962,-14006,92,298,88,0,0,0
192404,31.37,30.53,8771,0.5364,5308,444,-14342,112,425,97,0,0,0
192490,31.37,30.53,447,0.0637,5136,668,-15882,65,314,82,0,0,0
192510,31.37,30.53,5906,0.3994,5068,-366,-11944,122,377,95,0,0,0
192553,31.37,30.53,1461,0.2081,5068,-366,-11944,122,377,95,0,0,0
192573,31.37,30.53,6289,0.4141,4974,36,-16486,64,346,86,0,0,0
192617,31.37,30.47,1119,0.1594,4974,36,-16486,64,346,86,0,0,0
192662,31.37,30.47,676,0.0963,4136,544,-13410,89,279,90,0,0,0
192722,31.37,30.47,7996,0.5159,4260,72,-13520,106,411,89,0,0,0
192742,31.37,30.47,8514,0.7175,4110,902,-14720,95,287,85,0,0,0
192786,31.37,30.47,640,0.0912,4110,902,-14720,95,287,85,0,0,0
192806,31.37,30.47,8664,0.6981,4690,352,-10968,102,382,96,0,0,0
192892,31.37,30.47,441,0.0628,5116,472,-15254,48,368,93,0,0,0
192913,31.37,30.47,4761,0.47,4502,474,-12146,115,259,95,0,0,0
192967,31.37,30.47,4885,0.3332,4806,-72,-10342,132,385,103,0,0,0
192987,31.37,30.47,10748,0.5668,5380,-254,-15884,90,408,92,0,0,0
193031,31.37,30.47,3522,0.5016,4648,468,-15178,99,277,87,0,0,0
193076,31.37,30.47,1214,0.1729,3856,398,-10230,102,350,97,0,0,0
193136,31.37,30.47,6545,0.3665,4254,66,-12132,99,395,90,0,0,0
193156,31.37,30.47,4613,0.3764,3916,610,-11368,58,306,98,0,0,0
193200,31.35,30.47,757,0.1078,3916,610,-11368,58,306,98,0,0,0
193220,31.35,30.47,6697,0.4733,4898,208,-10194,123,373,94,0,0,0
193306,31.35,30.47,2856,0.4068,5336,222,-15254,90,349,100,0,0,0
193326,31.35,30.47,11026,0.6446,4762,174,-9496,125,352,99,0,0,0
193368,31.35,30.47,4651,0.6624,4762,174,-9496,125,352,99,0,0,0
193389,31.35,30.47,6863,0.4394,5102,-362,-14406,103,391,101,0,0,0
193432,31.35,30.47,390,0.0555,4934,264,-16394,75,296,82,0,0,0
193488,31.35,30.47,1050,0.1495,3594,392,-10628,70,301,86,0,0,0
193548,31.35,30.47,7018,0.464,4274,-178,-9850,96,391,95,0,0,0
193568,31.35,30.47,8669,0.5493,4070,740,-13090,74,303,96,0,0,0
193612,31.35,30.47,1467,0.2089,4070,740,-13090,74,303,96,0,0,0
193632,31.35,30.47,9017,0.4881,4990,-8,-14060,103,402,92,0,0,0
193718,31.35,30.47,6145,0.8752,4942,704,-15398,79,301,89,0,0,0
193738,31.35,30.47,8572,0.4699,4420,340,-9840,103,308,96,0,0,0
193780,31.35,30.47,71,0.0101,4420,340,-9840,103,308,96,0,0,0
193801,31.35,30.47,5730,0.3336,4962,44,-16506,60,335,89,0,0,0
193844,31.35,30.47,2380,0.339,4962,44,-16506,60,335,89,0,0,0
193889,31.35,30.47,1315,0.1873,3964,414,-12220,89,272,85,0,0,0
193949,31.35,30.47,5225,0.4174,3956,24,-9584,120,339,95,0,0,0
193969,31.35,30.47,8023,0.6243,4356,228,-15198,99,372,89,0,0,0
194019,31.35,30.47,3447,0.2846,4158,932,-14482,89,319,87,0,0,0
194039,31.35,30.47,8988,0.5334,4830,52,-12064,133,365,98,0,0,0
194125,31.35,30.47,4599,0.655,5106,496,-15266,57,340,83,0,0,0
194145,31.35,30.47,6210,0.4333,4378,314,-11576,81,306,95,0,0,0
194189,31.35,30.47,2520,0.3589,4378,314,-11576,81,306,95,0,0,0
194209,31.35,30.47,8035,0.4636,5216,-232,-16412,83,370,90,0,0,0
194253,31.31,30.51,1708,0.2433,5216,-232,-16412,83,370,90,0,0,0
194298,31.31,30.51,2124,0.3025,4480,592,-14196,85,300,94,0,0,0
194358,31.31,30.51,9557,0.5199,4030,-42,-12440,118,379,95,0,0,0
194378,31.31,30.51,8795,0.583,4170,802,-15292,91,313,82,0,0,0
194420,31.31,30.51,1964,0.2797,4170,802,-15292,91,313,82,0,0,0
194441,31.31,30.51,9990,0.5664,4976,202,-10938,79,425,93,0,0,0
194526,31.31,30.51,245,0.0349,5364,402,-16432,60,372,97,0,0,0
194547,31.31,30.51,4980,0.3702,5364,402,-16432,60,372,97,0,0,0
194597,31.31,30.51,7525,0.5092,4926,-388,-10810,123,355,101,0,0,0
194617,31.31,30.51,8350,0.6495,5378,-112,-16050,129,367,92,0,0,0
194660,31.31,30.51,1292,0.184,5378,-112,-16050,129,367,92,0,0,0
194705,31.31,30.51,1647,0.2346,4806,472,-15144,113,266,87,0,0,0
194766,31.31,30.51,8431,0.476,4160,-110,-11728,112,369,90,0,0,0
194786,31.31,30.51,6425,0.4496,4226,606,-15722,74,333,82,0,0,0
194829,31.35,30.47,2853,0.4063,4226,606,-15722,74,333,82,0,0,0
194849,31.35,30.47,7090,0.4201,4440,54,-9318,132,381,103,0,0,0
194935,31.35,30.47,3220,0.4586,5146,298,-14854,82,399,96,0,0,0
194956,31.35,30.47,6134,0.4328,4560,14,-9728,133,340,97,0,0,0
194999,31.35,30.47,563,0.0802,4560,14,-9728,133,340,97,0,0,0
195019,31.35,30.47,9651,0.5092,5332,-310,-13914,121,389,97,0,0,0
195063,31.35,30.47,4002,0.57,5332,-310,-13914,121,389,97,0,0,0
195118,31.35,30.47,351,0.05,3776,370,-12200,81,302,85,0,0,0
195178,31.35,30.47,5499,0.3149,4150,20,-10838,116,351,95,0,0,0
195199,31.35,30.47,6987,0.3857,4026,824,-13020,97,317,90,0,0,0
195242,31.35,30.47,2437,0.3471,4026,824,-13020,97,317,90,0,0,0
195262,31.35,30.47,8276,0.4243,4278,42,-8624,130,321,103,0,0,0
195348,31.35,30.57,4019,0.5724,4638,192,-13434,117,375,87,0,0,0
195368,31.35,30.57,7466,0.4296,4420,370,-10754,91,333,90,0,0,0
195412,31.35,30.57,5255,0.7484,4420,370,-10754,91,333,90,0,0,0
195432,31.35,30.57,8033,0.5528,5004,-40,-16864,69,320,88,0,0,0
195476,31.35,30.57,1791,0.2551,5004,-40,-16864,69,320,88,0,0,0
195521,31.35,30.57,1848,0.2632,4064,246,-12914,66,312,84,0,0,0
195581,31.35,30.57,5321,0.3477,4094,36,-9276,93,368,88,0,0,0
195601,31.35,30.57,6222,0.5135,4240,532,-14646,115,372,95,0,0,0
195652,31.35,30.57,5965,0.4465,4138,778,-14398,89,313,87,0,0,0
195672,31.35,30.57,8147,0.4988,4978,196,-12050,122,390,94,0,0,0
195758,31.35,30.57,1562,0.2225,5294,374,-16174,59,357,93,0,0,0
195778,31.35,30.57,8522,0.4979,4556,276,-12424,82,279,86,0,0,0
195821,31.35,30.57,965,0.1374,4556,276,-12424,82,279,86,0,0,0
195841,31.35,30.57,6586,0.4234,5350,-82,-16560,106,358,83,0,0,0
195885,31.35,30.53,1050,0.1495,5350,-82,-16560,106,358,83,0,0,0
195930,31.35,30.53,863,0.1229,4854,610,-14956,76,292,85,0,0,0
195990,31.35,30.53,10739,0.5679,3912,142,-9552,116,338,99,0,0,0
196010,31.35,30.53,7565,0.5103,4218,716,-15686,71,336,99,0,0,0
196054,31.35,30.53,107,0.0152,4218,716,-15686,71,336,99,0,0,0
196074,31.35,30.53,8312,0.5318,4944,300,-11104,95,426,93,0,0,0
196159,31.35,30.53,6371,0.9074,5494,538,-16618,42,375,88,0,0,0
196180,31.35,30.53,6840,0.5223,5494,538,-16618,42,375,88,0,0,0
196232,31.35,30.53,4196,0.3329,4836,588,-13318,81,272,93,0,0,0
196252,31.35,30.53,7603,0.4331,5272,-232,-15110,131,367,94,0,0,0
196296,31.35,30.53,2867,0.4083,5272,-232,-15110,131,367,94,0,0,0
196341,31.35,30.53,1158,0.1649,4610,500,-15098,103,296,93,0,0,0
196401,31.35,30.53,8020,0.5559,4286,-98,-11410,102,404,88,0,0,0
196421,31.35,30.53,8633,0.5085,4494,566,-16368,82,323,83,0,0,0
196464,31.31,30.51,1697,0.2417,4494,566,-16368,82,323,83,0,0,0
196484,31.31,30.51,5417,0.4396,4366,334,-9798,122,385,96,0,0,0
196569,31.31,30.51,4428,0.6306,5234,246,-14888,115,372,92,0,0,0
196590,31.31,30.51,6477,0.4274,4864,852,-14764,72,320,94,0,0,0
196633,31.31,30.51,1930,0.2749,4864,852,-14764,72,320,94,0,0,0
196653,31.31,30.51,6353,0.413,4992,-268,-13534,117,358,94,0,0,0
196696,31.31,30.51,1096,0.1561,4992,-268,-13534,117,358,94,0,0,0
196754,31.31,30.51,1448,0.2062,3824,422,-11608,93,294,87,0,0,0
196815,31.31,30.51,7264,0.4653,4206,-148,-10134,125,353,90,0,0,0
196835,31.31,30.51,5984,0.4496,4206,936,-13568,92,297,87,0,0,0
196878,31.31,30.51,2019,0.2876,4206,936,-13568,92,297,87,0,0,0
196899,31.31,30.51,8039,0.4794,4438,396,-9320,98,386,98,0,0,0
196985,31.31,30.45,688,0.098,4986,134,-13152,115,376,99,0,0,0
197005,31.31,30.45,7664,0.4947,4566,370,-10882,93,287,101,0,0,0
197048,31.31,30.45,1625,0.2314,4566,370,-10882,93,287,101,0,0,0
197068,31.31,30.45,9474,0.6022,5178,-514,-11992,124,401,95,0,0,0
197111,31.31,30.45,2580,0.3675,5178,-514,-11992,124,401,95,0,0,0
197156,31.31,30.45,1350,0.1923,4282,674,-13672,71,312,88,0,0,0
197216,31.31,30.45,4751,0.3258,4376,-90,-10050,128,347,89,0,0,0
197237,31.31,30.45,9101,0.5714,4520,384,-14458,124,362,97,0,0,0
197288,31.31,30.45,3164,0.2994,4604,1086,-15328,77,311,82,0,0,0
197308,31.31,30.45,8001,0.4783,4094,378,-10654,89,349,94,0,0,0
197396,31.31,30.45,415,0.0591,5186,474,-16346,49,340,85,0,0,0
197416,31.31,30.45,9185,0.6349,4742,462,-12298,98,297,98,0,0,0
197459,31.31,30.45,485,0.0691,4742,462,-12298,98,297,98,0,0,0
197480,31.31,30.45,6907,0.4427,5396,-178,-16264,92,356,93,0,0,0
197523,31.35,30.57,1012,0.1441,5396,-178,-16264,92,356,93,0,0,0
197568,31.35,30.57,2071,0.295,4852,606,-15986,96,302,91,0,0,0
197629,31.35,30.57,8559,0.5059,4150,382,-10732,104,355,93,0,0,0
197649,31.35,30.57,8505,0.4991,4652,974,-16300,60,340,83,0,0,0
197691,31.35,30.57,2200,0.3133,4652,974,-16300,60,340,83,0,0,0
197711,31.35,30.57,7525,0.45,4088,652,-11208,61,333,98,0,0,0
197798,31.35,30.57,3250,0.4629,5406,366,-15824,67,396,92,0,0,0
197818,31.35,30.57,3654,0.3306,5406,366,-15824,67,396,92,0,0,0
197872,31.35,30.57,9583,0.5733,5122,780,-14838,88,321,94,0,0,0
197892,31.35,30.57,6491,0.451,5516,-4,-15380,129,339,103,0,0,0
197935,31.35,30.57,1932,0.2752,5516,-4,-15380,129,339,103,0,0,0
197980,31.35,30.57,2457,0.3499,5008,690,-16022,80,298,77,0,0,0
198040,31.35,30.57,7673,0.4999,4554,-196,-11448,103,379,86,0,0,0
198060,31.35,30.57,11091,0.5492,4474,478,-15836,104,290,85,0,0,0
198102,31.31,30.51,2806,0.3996,4474,478,-15836,104,290,85,0,0,0
198122,31.31,30.51,9679,0.6554,4550,380,-9452,132,367,100,0,0,0
198209,31.31,30.51,109,0.0155,5292,162,-15038,101,363,100,0,0,0
198229,31.31,30.51,7200,0.5158,5254,858,-15358,57,344,86,0,0,0
198273,31.31,30.51,961,0.1369,5254,858,-15358,57,344,86,0,0,0
198293,31.31,30.51,8025,0.4534,5496,-284,-13338,105,393,95,0,0,0
198335,31.31,30.51,2249,0.3203,5496,-284,-13338,105,393,95,0,0,0
198394,31.31,30.51,1217,0.1733,5380,256,-17456,72,325,96,0,0,0
198454,31.31,30.51,6968,0.3978,4568,44,-10492,125,333,99,0,0,0
198474,31.31,30.51,5445,0.3594,4618,1010,-14044,74,307,86,0,0,0
198518,31.31,30.51,2250,0.3205,4618,1010,-14044,74,307,86,0,0,0
198538,31.31,30.51,6172,0.4753,4268,518,-10068,109,365,102,0,0,0
198624,31.35,30.51,1683,0.2397,5304,272,-13850,107,403,90,0,0,0
198644,31.35,30.51,8070,0.5822,5006,466,-11974,95,296,102,0,0,0
198688,31.35,30.51,1223,0.1742,5006,466,-11974,95,296,102,0,0,0
198708,31.35,30.51,9526,0.5912,5522,-354,-12220,104,361,96,0,0,0
198751,31.35,30.51,3168,0.4512,5522,-354,-12220,104,361,96,0,0,0
198797,31.35,30.51,5640,0.8033,4610,670,-14194,80,302,85,0,0,0
198857,31.35,30.51,7258,0.3623,3930,162,-9394,121,326,94,0,0,0
198877,31.35,30.51,7890,0.4968,4644,234,-14038,130,382,88,0,0,0
198927,31.35,30.51,5137,0.37,4664,1254,-15940,39,367,78,0,0,0
198948,31.35,30.51,5534,0.438,4172,722,-10578,118,294,101,0,0,0
199034,31.35,30.51,4347,0.6191,5284,224,-12224,127,397,92,0,0,0
199054,31.35,30.51,7014,0.4065,5238,688,-13406,81,300,84,0,0,0
199098,31.35,30.51,1746,0.2487,5238,688,-13406,81,300,84,0,0,0
199118,31.35,30.51,5576,0.3247,5384,-84,-15492,110,351,99,0,0,0
199162,31.35,30.47,2420,0.3447,5384,-84,-15492,110,351,99,0,0,0
199207,31.35,30.47,2219,0.316,4650,800,-15236,80,308,83,0,0,0
199267,31.35,30.47,8256,0.5134,4248,340,-9792,114,330,97,0,0,0
199287,31.35,30.47,9302,0.5867,4472,832,-15284,66,329,90,0,0,0
199331,31.35,30.47,19,0.0027,4472,832,-15284,66,329,90,0,0,0
199351,31.35,30.47,8587,0.489,4044,832,-11048,83,293,85,0,0,0
199437,31.35,30.47,661,0.0941,5478,334,-15790,62,412,93,0,0,0
199458,31.35,30.47,3930,0.2974,5478,334,-15790,62,412,93,0,0,0
199511,31.35,30.47,6407,0.5342,5296,1058,-14692,95,323,98,0,0,0
199531,31.35,30.47,7140,0.4202,5522,-220,-14218,132,347,97,0,0,0
199574,31.35,30.47,20,0.0028,5522,-220,-14218,132,347,97,0,0,0
199619,31.35,30.47,363,0.0517,5156,642,-16636,45,359,91,0,0,0
199679,31.35,30.47,6611,0.388,4698,-30,-10648,123,358,102,0,0,0
199699,31.35,30.47,9769,0.6018,4844,860,-16020,81,369,83,0,0,0
199743,31.37,30.53,2689,0.383,4844,860,-16020,81,369,83,0,0,0
199763,31.37,30.53,6844,0.5488,4830,464,-10360,138,345,96,0,0,0
199849,31.37,30.53,242,0.0345,4994,442,-14586,123,370,98,0,0,0
199870,31.37,30.53,11244,0.5977,5402,900,-15564,51,340,85,0,0,0
199913,31.37,30.53,2027,0.2887,5402,900,-15564,51,340,85,0,0,0
199933,31.37,30.53,8109,0.531,5362,-378,-12802,107,359,96,0,0,0
199976,31.37,30.53,3240,0.4614,5362,-378,-12802,107,359,96,0,0,0
200029,31.37,30.53,4802,0.6839,5514,116,-17720,55,350,87,0,0,0
200088,31.37,30.53,6866,0.423,4530,170,-10154,119,368,89,0,0,0
200108,31.37,30.53,6685,0.4076,4524,272,-14744,95,417,96,0,0,0
200152,31.37,30.53,450,0.0641,4524,272,-14744,95,417,96,0,0,0
200172,31.37,30.53,6124,0.3966,4256,698,-10944,85,358,91,0,0,0
200258,31.35,30.47,972,0.1384,5476,410,-12968,97,438,90,0,0,0
200278,31.35,30.47,7965,0.5323,5006,482,-12456,113,252,95,0,0,0
200321,31.35,30.47,2169,0.3089,5006,482,-12456,113,252,95,0,0,0
200342,31.35,30.47,7589,0.4351,5326,-402,-10886,127,343,104,0,0,0
200385,31.35,30.47,1978,0.2817,5326,-402,-10886,127,343,104,0,0,0
200431,31.35,30.47,2010,0.2863,5242,10,-16172,96,355,92,0,0,0
200491,31.35,30.47,6127,0.4539,3986,376,-10042,112,322,98,0,0,0
200511,31.35,30.47,5387,0.4501,3986,376,-10042,112,322,98,0,0,0
200562,31.35,30.47,6056,0.4256,4514,1016,-16536,57,326,85,0,0,0
200583,31.35,30.47,8872,0.5185,4192,726,-11120,81,290,88,0,0,0
200668,31.35,30.47,4777,0.6804,4754,360,-11078,122,369,101,0,0,0
200689,31.35,30.47,7046,0.4667,5346,776,-14956,85,344,94,0,0,0
200732,31.35,30.47,2928,0.417,5346,776,-14956,85,344,94,0,0,0
200752,31.35,30.47,10215,0.5928,5064,-148,-10318,138,326,101,0,0,0
200796,31.35,30.47,1850,0.2635,5064,-148,-10318,138,326,101,0,0,0
200842,31.35,30.47,1775,0.2528,5414,756,-17004,69,340,91,0,0,0
200901,31.35,30.47,9719,0.4544,4092,442,-11434,103,317,88,0,0,0
200921,31.35,30.47,7104,0.4345,4644,668,-16394,62,380,88,0,0,0
200965,31.35,30.47,512,0.0729,4644,668,-16394,62,380,88,0,0,0
200985,31.35,30.47,9154,0.4791,4250,894,-13484,77,313,94,0,0,0
201071,31.35,30.47,2745,0.391,4700,716,-9886,133,339,99,0,0,0
201092,31.35,30.47,4975,0.412,5260,344,-15096,115,387,102,0,0,0
201149,31.35,30.47,8661,0.6908,5326,764,-15024,61,321,86,0,0,0
201170,31.35,30.47,8648,0.471,5330,-544,-12332,141,358,92,0,0,0
201213,31.35,30.47,1287,0.1833,5330,-544,-12332,141,358,92,0,0,0
201259,31.35,30.47,1189,0.1693,5204,410,-16964,54,339,87,0,0,0
201318,31.35,30.47,5364,0.3712,4344,-140,-9812,133,349,94,0,0,0
201338,31.35,30.47,6221,0.4242,4478,412,-14856,111,390,101,0,0,0
201381,31.29,30.45,2834,0.4036,4478,412,-14856,111,390,101,0,0,0
201401,31.29,30.45,7203,0.4958,4238,692,-10650,116,333,95,0,0,0
201487,31.29,30.45,473,0.0674,5270,438,-13160,108,440,96,0,0,0
201507,31.29,30.45,5888,0.3437,5236,616,-16308,72,312,94,0,0,0
201550,31.29,30.45,2105,0.2998,5236,616,-16308,72,312,94,0,0,0
201570,31.29,30.45,7332,0.3998,5324,-386,-11294,133,369,101,0,0,0
201614,31.29,30.45,3702,0.5272,5324,-386,-11294,133,369,101,0,0,0
201668,31.29,30.45,2014,0.2868,5428,24,-16748,65,383,88,0,0,0
201727,31.29,30.45,7670,0.4523,4008,420,-9682,126,338,96,0,0,0
201747,31.29,30.45,8110,0.4811,4264,126,-12610,97,414,83,0,0,0
201791,31.29,30.45,2541,0.3619,4264,126,-12610,97,414,83,0,0,0
201811,31.29,30.45,7112,0.4746,3904,766,-11286,65,320,84,0,0,0
201896,31.29,30.45,3232,0.4603,4982,98,-11646,117,403,98,0,0,0
201917,31.29,30.51,9234,0.5358,5034,744,-13942,89,300,93,0,0,0
201960,31.29,30.51,5222,0.7437,5034,744,-13942,89,300,93,0,0,0
201980,31.29,30.51,7054,0.5316,5144,-152,-10958,128,380,100,0,0,0
202024,31.29,30.51,1096,0.1561,5144,-152,-10958,128,380,100,0,0,0
202069,31.29,30.51,1816,0.2586,5404,-288,-16002,107,380,93,0,0,0
202130,31.29,30.51,7842,0.4975,3946,194,-10816,89,315,101,0,0,0
202150,31.29,30.51,4016,0.3104,3946,194,-10816,89,315,101,0,0,0
202204,31.29,30.51,4317,0.3124,4504,728,-16052,96,318,95,0,0,0
202224,31.29,30.51,10006,0.5309,4156,590,-12004,68,289,83,0,0,0
202309,31.29,30.51,4509,0.6422,4400,520,-9806,141,345,99,0,0,0
202329,31.29,30.51,8483,0.5316,5152,794,-14954,73,345,89,0,0,0
202372,31.29,30.51,1770,0.2521,5152,794,-14954,73,345,89,0,0,0
202392,31.29,30.51,10142,0.5872,4444,198,-9856,120,330,103,0,0,0
202435,31.31,30.59,3898,0.5552,4444,198,-9856,120,330,103,0,0,0
202480,31.31,30.59,2725,0.3881,4964,624,-16708,58,341,84,0,0,0
202540,31.31,30.59,8678,0.4916,4052,418,-11540,110,272,84,0,0,0
202560,31.31,30.59,8525,0.5285,4306,522,-15790,82,387,94,0,0,0
202603,31.31,30.59,194,0.0276,4306,522,-15790,82,387,94,0,0,0
202623,31.31,30.59,6683,0.458,4372,816,-14264,102,286,91,0,0,0
202709,31.31,30.59,1156,0.1646,4182,490,-9758,111,391,100,0,0,0
202730,31.31,30.59,7595,0.4994,5322,190,-13576,77,408,85,0,0,0
202780,31.31,30.59,5217,0.3842,4974,724,-15720,84,317,96,0,0,0
202800,31.31,30.59,6006,0.4426,5142,-418,-12610,117,389,99,0,0,0
202844,31.31,30.59,210,0.0299,5142,-418,-12610,117,389,99,0,0,0
202889,31.31,30.59,2531,0.3605,5264,-58,-17276,76,325,90,0,0,0
202948,31.31,30.59,9273,0.5921,4322,620,-13680,102,287,91,0,0,0
202968,31.31,30.59,8243,0.5605,4240,346,-13832,113,373,85,0,0,0
203011,31.31,30.53,384,0.0547,4240,346,-13832,113,373,85,0,0,0
203031,31.31,30.53,7878,0.5143,4334,1046,-14962,97,314,88,0,0,0
203117,31.31,30.53,1838,0.2618,4204,674,-10350,92,341,91,0,0,0
203138,31.31,30.53,5887,0.377,5292,632,-16442,63,358,98,0,0,0
203181,31.31,30.53,1727,0.246,5292,632,-16442,63,358,98,0,0,0
203201,31.31,30.53,6405,0.3816,5070,-306,-11284,129,361,96,0,0,0
203245,31.31,30.53,1711,0.2437,5070,-306,-11284,129,361,96,0,0,0
203301,31.31,30.53,532,0.0758,5254,-48,-16518,114,347,104,0,0,0
203361,31.31,30.53,7213,0.4688,3896,244,-10156,109,306,99,0,0,0
203381,31.31,30.53,7883,0.4694,4286,-10,-11766,129,358,97,0,0,0
203424,31.31,30.53,2659,0.3787,4286,-10,-11766,129,358,97,0,0,0
203445,31.31,30.53,8713,0.4938,3958,634,-10996,65,314,92,0,0,0
203531,31.35,30.53,3757,0.5351,4726,180,-10394,126,365,99,0,0,0
203551,31.35,30.53,9313,0.4888,5180,288,-16676,84,378,103,0,0,0
203595,31.35,30.53,4031,0.5741,5180,288,-16676,84,378,103,0,0,0
203615,31.35,30.53,4748,0.3329,5016,24,-11324,133,373,100,0,0,0
203657,31.35,30.53,29,0.0041,5016,24,-11324,133,373,100,0,0,0
203703,31.35,30.53,2494,0.3552,5552,-316,-15608,110,361,91,0,0,0
203762,31.35,30.53,7967,0.5648,3738,270,-11082,114,284,86,0,0,0
203783,31.35,30.53,4920,0.3864,3738,270,-11082,114,284,86,0,0,0
203838,31.35,30.53,8715,0.4975,4326,-22,-10910,92,406,94,0,0,0
203858,31.35,30.53,7755,0.4889,4144,890,-13060,89,284,91,0,0,0
203945,31.35,30.53,1180,0.1681,4134,222,-9736,132,347,102,0,0,0
203965,31.35,30.53,6323,0.3611,5110,838,-15188,78,332,102,0,0,0
204008,31.35,30.53,1175,0.1673,5110,838,-15188,78,332,102,0,0,0
204028,31.35,30.53,7176,0.4152,4542,112,-10672,123,305,91,0,0,0
204072,31.31,30.63,350,0.0498,4542,112,-10672,123,305,91,0,0,0
204118,31.31,30.63,236,0.0336,5122,-314,-13778,105,412,98,0,0,0
204177,31.31,30.63,6448,0.3537,4216,556,-12982,85,291,85,0,0,0
204197,31.31,30.63,8125,0.5065,3872,138,-9734,123,361,96,0,0,0
204240,31.31,30.63,5892,0.8392,4408,290,-14662,128,365,93,0,0,0
204260,31.31,30.63,4769,0.3048,4214,1062,-14662,78,337,89,0,0,0
204346,31.31,30.63,3846,0.5478,4152,570,-9534,103,345,94,0,0,0
204367,31.31,30.63,5099,0.4221,5006,192,-12716,126,373,96,0,0,0
204418,31.31,30.63,6515,0.4545,5214,622,-15608,49,342,91,0,0,0
204438,31.31,30.63,7472,0.3765,4902,-542,-11346,139,371,95,0,0,0
204481,31.31,30.63,172,0.0245,4902,-542,-11346,139,371,95,0,0,0
204527,31.31,30.63,2721,0.3875,4974,-296,-16236,92,365,100,0,0,0
204587,31.31,30.63,6905,0.4561,4302,654,-14778,92,284,87,0,0,0
204607,31.31,30.63,8514,0.4875,4096,206,-13172,122,391,93,0,0,0
204651,31.31,30.53,981,0.1397,4096,206,-13172,122,391,93,0,0,0
204671,31.31,30.53,10283,0.5659,4542,942,-15796,54,353,78,0,0,0
204757,31.31,30.53,168,0.0239,3692,898,-10784,89,276,95,0,0,0
204777,31.31,30.53,6234,0.455,4978,338,-15306,60,387,93,0,0,0
204820,31.31,30.53,783,0.1115,4978,338,-15306,60,387,93,0,0,0
204840,31.31,30.53,7707,0.4766,4560,-42,-9782,122,373,92,0,0,0
204883,31.31,30.53,2473,0.3522,4560,-42,-9782,122,373,92,0,0,0
204939,31.31,30.53,3879,0.5525,5226,-304,-14918,119,373,104,0,0,0
204998,31.31,30.53,6044,0.3832,4780,516,-15826,62,308,81,0,0,0
205018,31.31,30.53,5853,0.4286,4386,-80,-10718,125,377,98,0,0,0
205061,31.31,30.53,890,0.1268,4386,-80,-10718,125,377,98,0,0,0
205082,31.31,30.53,7584,0.4238,3902,586,-11956,73,314,90,0,0,0
205168,31.31,30.53,4135,0.5889,4258,226,-9270,116,384,98,0,0,0
205188,31.29,30.53,10835,0.603,4946,186,-13872,111,339,91,0,0,0
205232,31.29,30.53,356,0.0507,4946,186,-13872,111,339,91,0,0,0
205252,31.29,30.53,7878,0.4577,4436,-146,-10240,114,322,99,0,0,0
205296,31.29,30.53,1204,0.1715,4436,-146,-10240,114,322,99,0,0,0
205341,31.29,30.53,782,0.1114,4970,-462,-13608,136,363,89,0,0,0
205401,31.29,30.53,8635,0.5449,3856,376,-12070,91,279,87,0,0,0
205421,31.29,30.53,5614,0.4512,3856,376,-12070,91,279,87,0,0,0
205476,31.29,30.53,8720,0.7044,4078,-336,-9808,110,355,99,0,0,0
205496,31.29,30.53,8098,0.5288,4224,992,-14290,86,310,98,0,0,0
205581,31.29,30.53,6435,0.9165,4298,426,-9346,114,356,97,0,0,0
205601,31.29,30.53,8074,0.4533,5022,644,-15544,90,296,91,0,0,0
205644,31.29,30.53,3518,0.501,5022,644,-15544,90,296,91,0,0,0
205664,31.29,30.53,9185,0.4819,4406,364,-10806,85,308,97,0,0,0
205706,31.31,30.51,3449,0.4912,4406,364,-10806,85,308,97,0,0,0
205751,31.31,30.51,4690,0.668,5096,-570,-11222,120,379,95,0,0,0
205811,31.31,30.51,7482,0.5017,4238,432,-12918,78,299,92,0,0,0
205832,31.31,30.51,6220,0.4066,3722,-42,-9150,98,379,85,0,0,0
205875,31.31,30.51,1330,0.1894,3722,-42,-9150,98,379,85,0,0,0
205895,31.31,30.51,6789,0.3931,4342,1114,-14684,62,340,92,0,0,0
205981,31.31,30.51,2568,0.3657,3802,418,-9550,80,342,86,0,0,0
206002,31.31,30.51,6184,0.4525,4756,170,-11320,116,395,98,0,0,0
206054,31.31,30.51,3666,0.24,5218,466,-15858,27,397,84,0,0,0
206075,31.31,30.51,5040,0.3854,4846,528,-12816,81,290,89,0,0,0
206118,31.31,30.51,3284,0.4677,4846,528,-12816,81,290,89,0,0,0
206163,31.31,30.51,2262,0.3222,5304,-198,-16428,104,371,99,0,0,0
206222,31.31,30.51,9340,0.675,4588,616,-15202,80,292,85,0,0,0
206242,31.31,30.51,7158,0.6019,4156,202,-12630,137,372,89,0,0,0
206285,31.35,30.47,5039,0.7177,4156,202,-12630,137,372,89,0,0,0
206306,31.35,30.47,8661,0.5394,4354,840,-15738,74,339,94,0,0,0
206392,31.35,30.47,3666,0.5221,4016,606,-11004,75,293,85,0,0,0
206412,31.35,30.47,6617,0.4416,5018,258,-15528,110,337,95,0,0,0
206456,31.35,30.47,226,0.0322,5018,258,-15528,110,337,95,0,0,0
206476,31.35,30.47,8093,0.4559,4806,564,-13472,89,275,92,0,0,0
206518,31.35,30.47,2089,0.2975,4806,564,-13472,89,275,92,0,0,0
206571,31.35,30.47,1488,0.2119,5174,-320,-14182,117,386,92,0,0,0
206632,31.35,30.47,7661,0.4902,4686,332,-15356,81,300,93,0,0,0
206652,31.35,30.47,10205,0.6051,4244,-202,-10184,115,379,95,0,0,0
206695,31.35,30.47,284,0.0404,4244,-202,-10184,115,379,95,0,0,0
206715,31.35,30.47,7540,0.4552,4232,442,-15694,90,345,90,0,0,0
206800,31.35,30.47,220,0.0313,4188,970,-13078,44,355,91,0,0,0
206821,31.35,30.47,7811,0.4523,5112,226,-14368,130,362,93,0,0,0
206864,31.35,30.47,6097,0.8684,5112,226,-14368,130,362,93,0,0,0
206884,31.35,30.47,10331,0.5416,4846,320,-11440,112,323,86,0,0,0
206928,31.35,30.47,81,0.0115,4846,320,-11440,112,323,86,0,0,0
206974,31.35,30.47,1639,0.2334,5342,-322,-13002,119,391,105,0,0,0
207034,31.35,30.47,6309,0.4975,5172,238,-16386,58,321,94,0,0,0
207055,31.35,30.47,4483,0.6385,4282,684,-12708,102,280,77,0,0,0
207114,31.35,30.47,7014,0.4915,4026,-24,-9866,136,318,104,0,0,0
207134,31.35,30.47,7649,0.4494,4182,756,-14784,55,341,93,0,0,0
207221,31.35,30.47,6193,0.882,4004,544,-8758,123,334,98,0,0,0
207241,31.35,30.47,8764,0.5434,4930,224,-12312,114,389,87,0,0,0
207283,31.35,30.47,241,0.0343,5082,544,-15626,66,339,94,0,0,0
207304,31.35,30.51,7105,0.413,4634,500,-11678,88,289,93,0,0,0
207346,31.35,30.51,5494,0.7825,4634,500,-11678,88,289,93,0,0,0
207394,31.35,30.51,4936,0.703,5200,-406,-10466,142,349,108,0,0,0
207455,31.35,30.51,5714,0.4126,4376,574,-14186,107,264,84,0,0,0
207475,31.35,30.51,10688,0.6187,3994,130,-9104,112,353,105,0,0,0
207517,31.35,30.51,5095,0.7256,3994,130,-9104,112,353,105,0,0,0
207544,31.35,30.51,9273,0.5625,4492,734,-15744,44,341,76,0,0,0
207631,31.35,30.51,416,0.0592,3910,530,-9962,86,293,96,0,0,0
207651,31.35,30.51,8381,0.5074,5364,478,-15628,48,396,91,0,0,0
207694,31.35,30.51,118,0.0168,5364,478,-15628,48,396,91,0,0,0
207714,31.35,30.51,7748,0.523,4656,426,-12874,120,239,96,0,0,0
207757,31.35,30.51,2744,0.3908,4656,426,-12874,120,239,96,0,0,0
207802,31.29,30.53,239,0.034,5480,44,-15708,87,418,92,0,0,0
207862,31.29,30.53,7389,0.4204,4780,652,-16004,83,266,87,0,0,0
207882,31.29,30.53,6609,0.4333,4448,74,-12266,108,392,94,0,0,0
207924,31.29,30.53,4382,0.6241,4448,74,-12266,108,392,94,0,0,0
207945,31.29,30.53,7499,0.4666,4508,920,-15992,64,326,76,0,0,0
208030,31.29,30.53,2210,0.3148,3894,670,-11432,85,286,92,0,0,0
208051,31.29,30.53,3978,0.318,4776,80,-9644,127,368,102,0,0,0
208106,31.29,30.53,8894,0.6321,5216,456,-15210,110,362,97,0,0,0
208126,31.29,30.53,8238,0.7346,4800,168,-10526,111,341,102,0,0,0
208170,31.29,30.53,290,0.0413,4800,168,-10526,111,341,102,0,0,0
208215,31.29,30.53,1629,0.232,5396,-78,-13820,108,386,91,0,0,0
208275,31.29,30.53,5064,0.3908,5260,336,-16362,69,311,99,0,0,0
208296,31.29,30.53,5246,0.3557,4206,-34,-10198,100,377,85,0,0,0
208339,31.29,30.53,417,0.0594,4206,-34,-10198,100,377,85,0,0,0
208360,31.29,30.53,6054,0.3355,4390,442,-15494,99,357,92,0,0,0
208446,31.29,30.53,1081,0.154,4016,388,-8998,142,324,106,0,0,0
208466,31.29,30.53,9327,0.4969,5348,120,-13620,106,432,97,0,0,0
208508,31.29,30.53,720,0.1025,5348,120,-13620,106,432,97,0,0,0
208528,31.29,30.53,7844,0.5384,4872,492,-11428,81,309,93,0,0,0
208572,31.29,30.53,760,0.1082,4872,492,-11428,81,309,93,0,0,0
208633,31.29,30.53,1466,0.2088,5452,-142,-12306,111,386,95,0,0,0
208693,31.29,30.53,10043,0.572,4700,670,-13984,95,300,88,0,0,0
208713,31.29,30.53,7330,0.4934,4172,16,-9794,125,334,93,0,0,0
208756,31.29,30.53,2167,0.3086,4172,16,-9794,125,334,93,0,0,0
208776,31.29,30.53,7293,0.4866,4540,1036,-15344,80,328,98,0,0,0
208862,31.29,30.53,6234,0.8879,4270,598,-10844,76,344,92,0,0,0
208882,31.29,30.53,7910,0.4869,5612,458,-16394,45,369,100,0,0,0
208925,31.29,30.53,1939,0.2762,5612,458,-16394,45,369,100,0,0,0
208945,31.29,30.53,6232,0.3785,5164,788,-13474,90,294,81,0,0,0
208989,31.29,30.53,2164,0.3082,5164,788,-13474,90,294,81,0,0,0
209034,31.29,30.53,3787,0.5394,5152,-114,-10410,131,346,110,0,0,0
209094,31.29,30.53,9476,0.6107,4864,618,-15830,82,295,94,0,0,0
209114,31.29,30.53,6997,0.7198,4864,618,-15830,82,295,94,0,0,0
209171,31.29,30.53,7716,0.573,4564,68,-12808,121,372,87,0,0,0
209191,31.29,30.53,5787,0.3476,4748,686,-16036,80,314,91,0,0,0
209277,31.29,30.53,731,0.1041,3934,890,-11404,87,289,87,0,0,0
209297,31.29,30.53,7814,0.4576,5514,318,-15548,89,385,103,0,0,0
209341,31.29,30.53,1947,0.2773,5514,318,-15548,89,385,103,0,0,0
209361,31.29,30.53,7135,0.5622,5296,956,-14972,70,350,89,0,0,0
209403,31.29,30.53,432,0.0615,5150,220,-11204,114,344,105,0,0,0
209448,31.29,30.53,652,0.0929,5586,-102,-14516,89,397,94,0,0,0
209508,31.29,30.53,5550,0.3404,5340,604,-17180,79,295,92,0,0,0
209529,31.29,30.53,6214,0.4795,4476,-148,-10246,134,348,86,0,0,0
209572,31.29,30.53,1393,0.1984,4476,-148,-10246,134,348,86,0,0,0
209593,31.29,30.53,7289,0.4899,4538,632,-15812,110,331,93,0,0,0
209680,31.29,30.53,1402,0.1997,4516,1034,-13868,78,296,85,0,0,0
209701,31.29,30.53,6342,0.5148,4504,742,-10224,124,350,97,0,0,0
209754,31.29,30.53,5389,0.4871,5364,296,-14474,102,431,93,0,0,0
209775,31.29,30.53,6959,0.4393,4872,428,-11812,92,336,94,0,0,0
209818,31.29,30.53,1101,0.1568,4872,428,-11812,92,336,94,0,0,0
209863,31.29,30.53,350,0.0498,5368,-344,-12666,114,380,91,0,0,0
209923,31.29,30.53,8492,0.5083,4530,560,-13356,91,302,86,0,0,0
209944,31.29,30.53,6449,0.3963,4232,-114,-9808,128,348,96,0,0,0
209986,31.29,30.53,2763,0.3935,4232,-114,-9808,128,348,96,0,0,0
210006,31.29,30.53,9063,0.556,4478,1108,-14834,74,302,86,0,0,0
210093,31.29,30.53,20,0.0028,4312,742,-10238,84,349,99,0,0,0
210113,31.29,30.53,6760,0.4618,5276,104,-12180,120,404,86,0,0,0
210156,31.29,30.53,2074,0.2954,5276,104,-12180,120,404,86,0,0,0
210177,31.29,30.53,11605,0.6474,5016,406,-12686,101,280,96,0,0,0
210220,31.29,30.53,3464,0.4934,5016,406,-12686,101,280,96,0,0,0
210279,31.29,30.53,298,0.0424,5058,-286,-11728,119,367,97,0,0,0
210339,31.29,30.53,6688,0.4984,5028,812,-16014,80,324,89,0,0,0
210359,31.29,30.53,8520,0.5346,4204,240,-10514,115,317,96,0,0,0
210402,31.29,30.53,3919,0.5582,4204,240,-10514,115,317,96,0,0,0
210422,31.29,30.53,9079,0.5306,4506,904,-15480,77,324,86,0,0,0
210508,31.31,30.47,4700,0.6694,4360,800,-12120,65,321,88,0,0,0
210528,31.31,30.47,6736,0.4886,5522,320,-16636,67,359,89,0,0,0
210572,31.31,30.47,1181,0.1682,5522,320,-16636,67,359,89,0,0,0
210592,31.31,30.47,8885,0.5366,5018,850,-14710,91,308,97,0,0,0
210635,31.31,30.47,3071,0.4374,5018,850,-14710,91,308,97,0,0,0
210680,31.31,30.47,547,0.0779,5104,4,-10656,138,341,103,0,0,0
210740,31.31,30.47,5880,0.4734,5282,522,-16392,92,274,97,0,0,0
210760,31.31,30.47,6069,0.4597,5282,522,-16392,92,274,97,0,0,0
210811,31.31,30.47,2966,0.223,4490,-48,-10608,102,391,87,0,0,0
210831,31.31,30.47,6447,0.4826,4622,548,-16048,93,312,96,0,0,0
210917,31.31,30.47,239,0.034,4372,1062,-13548,77,321,84,0,0,0
210937,31.31,30.47,10243,0.6074,5502,482,-14460,112,377,100,0,0,0
210981,31.31,30.47,1199,0.1708,5502,482,-14460,112,377,100,0,0,0
211001,31.31,30.47,8952,0.5089,5206,680,-15086,93,296,90,0,0,0
211045,31.29,30.59,1584,0.2256,4570,252,-10732,107,307,102,0,0,0
211090,31.29,30.59,1488,0.2119,5540,-154,-13160,120,396,95,0,0,0
211151,31.29,30.59,7323,0.5045,5196,428,-16784,58,348,86,0,0,0
211171,31.29,30.59,7101,0.4977,4230,-110,-9878,121,351,86,0,0,0
211213,31.29,30.59,494,0.0704,4230,-110,-9878,121,351,86,0,0,0
211233,31.29,30.59,7128,0.3752,4486,618,-14924,103,392,93,0,0,0
211319,31.29,30.59,935,0.1332,4630,1202,-14506,85,303,83,0,0,0
211340,31.29,30.59,6636,0.4436,4218,726,-9936,119,324,104,0,0,0
211394,31.29,30.59,7826,0.4676,5404,258,-13790,112,388,93,0,0,0
211414,31.29,30.59,6025,0.3982,5050,342,-12034,91,332,90,0,0,0
211456,31.29,30.59,1482,0.2111,5050,342,-12034,91,332,90,0,0,0
211501,31.29,30.59,75,0.0107,5338,-462,-12260,111,367,100,0,0,0
211562,31.29,30.59,9187,0.4985,5338,178,-17470,76,333,96,0,0,0
211582,31.29,30.59,6921,0.4891,3980,160,-9300,128,324,97,0,0,0
211625,31.31,30.59,1926,0.2743,3980,160,-9300,128,324,97,0,0,0
211646,31.31,30.59,8027,0.5543,4406,948,-14992,76,324,94,0,0,0
211732,31.31,30.59,1909,0.2719,4074,1010,-10638,110,322,87,0,0,0
211752,31.31,30.59,6589,0.4388,4856,112,-12000,135,361,93,0,0,0
211796,31.31,30.59,217,0.0309,4856,112,-12000,135,361,93,0,0,0
211816,31.31,30.59,8935,0.5676,5032,834,-14102,78,321,78,0,0,0
211859,31.31,30.59,2638,0.3757,5032,834,-14102,78,321,78,0,0,0
211918,31.31,30.59,3299,0.4699,5026,-336,-11176,124,377,112,0,0,0
211978,31.31,30.59,6464,0.4222,4928,912,-16002,76,345,85,0,0,0
211998,31.31,30.59,7068,0.3999,4022,368,-10522,113,304,93,0,0,0
212042,31.31,30.59,2856,0.4068,4022,368,-10522,113,304,93,0,0,0
212062,31.31,30.59,5836,0.4013,4386,724,-15722,73,315,94,0,0,0
212148,31.31,30.59,2397,0.3414,4038,624,-11992,79,306,87,0,0,0
212169,31.29,30.59,10603,0.6915,5130,328,-14784,97,370,95,0,0,0
212211,31.29,30.59,2726,0.3882,5130,328,-14784,97,370,95,0,0,0
212232,31.29,30.59,9530,0.4704,5018,968,-14654,91,305,88,0,0,0
212275,31.29,30.59,1651,0.2351,5018,968,-14654,91,305,88,0,0,0
212320,31.29,30.59,1721,0.2451,4654,50,-10246,117,349,103,0,0,0
212380,31.29,30.59,5888,0.3318,5110,408,-16936,69,314,82,0,0,0
212401,31.29,30.59,2117,0.1918,5110,408,-16936,69,314,82,0,0,0
212455,31.29,30.59,7515,0.6445,4220,76,-10308,90,391,96,0,0,0
212475,31.29,30.59,5927,0.3881,4162,578,-14942,120,339,89,0,0,0
212561,31.29,30.59,552,0.0786,4392,1060,-14320,83,349,79,0,0,0
212581,31.29,30.59,7882,0.5797,5210,266,-13184,120,384,109,0,0,0
212625,31.29,30.59,31,0.0044,5210,266,-13184,120,384,109,0,0,0
212645,31.29,30.59,5963,0.4219,4622,370,-11136,96,309,100,0,0,0
212688,31.31,30.53,1121,0.1597,4622,370,-11136,96,309,100,0,0,0
212734,31.31,30.53,46,0.0066,5238,-276,-12132,89,418,85,0,0,0
212794,31.31,30.53,6871,0.474,5242,238,-16728,84,332,93,0,0,0
212814,31.31,30.53,6500,0.4234,4106,152,-9356,124,335,91,0,0,0
212858,31.31,30.53,175,0.0249,4106,152,-9356,124,335,91,0,0,0
212878,31.31,30.53,6216,0.4078,4210,280,-14462,99,430,101,0,0,0
212965,31.31,30.53,1077,0.1534,4384,1042,-15094,90,307,82,0,0,0
212986,31.31,30.53,5557,0.377,3662,504,-9328,102,303,101,0,0,0
213038,31.31,30.53,6183,0.3809,5106,174,-11980,103,413,93,0,0,0
213058,31.31,30.53,7513,0.5198,4908,358,-11916,84,304,95,0,0,0
213102,31.31,30.53,3167,0.4511,4908,358,-11916,84,304,95,0,0,0
213147,31.31,30.53,2742,0.3905,4780,-444,-10166,128,359,100,0,0,0
213207,31.31,30.53,5786,0.4925,4840,718,-14500,78,316,88,0,0,0
213227,31.31,30.53,9323,0.6046,3614,154,-9274,124,296,95,0,0,0
213270,31.31,30.53,4506,0.6418,3614,154,-9274,124,296,95,0,0,0
213290,31.31,30.53,7652,0.5942,4184,950,-16090,65,368,82,0,0,0
213375,31.31,30.53,5328,0.7588,4036,630,-11248,57,345,90,0,0,0
213395,31.31,30.53,9018,0.5106,4574,392,-10542,121,352,94,0,0,0
213438,31.31,30.53,1526,0.2173,4574,392,-10542,121,352,94,0,0,0
213458,31.31,30.53,6645,0.4501,5030,640,-13940,93,300,93,0,0,0
213501,31.31,30.53,694,0.0988,5030,640,-13940,93,300,93,0,0,0
213559,31.31,30.53,2297,0.3271,4770,-140,-9946,121,345,106,0,0,0
213618,31.31,30.53,7456,0.4551,4876,494,-16866,60,322,93,0,0,0
213638,31.31,30.53,6236,0.4295,4056,496,-11752,83,324,88,0,0,0
213682,31.31,30.53,1065,0.1517,4056,496,-11752,83,324,88,0,0,0
213702,31.31,30.53,6593,0.4176,4280,426,-15874,85,362,93,0,0,0
213787,31.31,30.53,341,0.0486,4028,766,-12878,86,294,83,0,0,0
213808,31.29,30.59,6442,0.3827,4894,360,-14034,108,358,92,0,0,0
213850,31.29,30.59,3857,0.5493,4894,360,-14034,108,358,92,0,0,0
213870,31.29,30.59,8865,0.6397,5166,616,-15014,59,340,98,0,0,0
213914,31.29,30.59,887,0.1263,5166,616,-15014,59,340,98,0,0,0
213959,31.29,30.59,2829,0.4029,4498,72,-10366,113,292,100,0,0,0
214019,31.29,30.59,4766,0.3745,5018,86,-16704,59,330,97,0,0,0
214039,31.29,30.59,4457,0.3986,5018,86,-16704,59,330,97,0,0,0
214096,31.29,30.59,6800,0.4766,3910,-150,-9898,90,399,90,0,0,0
214116,31.29,30.59,8301,0.4671,4394,84,-14788,133,340,96,0,0,0
214202,31.29,30.59,1188,0.1692,4288,1088,-14810,71,331,88,0,0,0
214222,31.29,30.59,7482,0.4788,4780,120,-12442,132,371,88,0,0,0
214266,31.29,30.59,688,0.098,4780,120,-12442,132,371,88,0,0,0
214286,31.29,30.59,6930,0.4016,4852,508,-12390,58,351,87,0,0,0
214330,31.29,30.59,1970,0.2806,4852,508,-12390,58,351,87,0,0,0
214375,31.29,30.59,3842,0.5472,4956,-444,-12210,133,368,98,0,0,0
214435,31.29,30.59,6963,0.442,5396,-70,-16982,139,329,100,0,0,0
214455,31.29,30.59,8578,0.6128,3790,256,-9724,129,316,99,0,0,0
214499,31.29,30.59,1320,0.188,3790,256,-9724,129,316,99,0,0,0
214519,31.29,30.59,5445,0.3766,4434,270,-12936,132,381,85,0,0,0
214605,31.29,30.59,1249,0.1779,4354,1044,-15734,55,339,87,0,0,0
214626,31.29,30.59,3459,0.2791,4154,854,-10406,70,358,97,0,0,0
214682,31.29,30.59,4113,0.2639,4768,-14,-10872,138,346,84,0,0,0
214702,31.29,30.59,7500,0.4859,4456,594,-12856,79,284,90,0,0,0
214745,31.29,30.59,3050,0.4344,4456,594,-12856,79,284,90,0,0,0
214791,31.29,30.59,558,0.0795,4940,-626,-9734,136,363,111,0,0,0
214851,31.29,30.59,5371,0.3361,4466,594,-15614,93,278,82,0,0,0
214871,31.31,30.63,7318,0.5144,3908,352,-10502,91,349,101,0,0,0
214915,31.31,30.63,1438,0.2048,3908,352,-10502,91,349,101,0,0,0
214935,31.31,30.63,6508,0.3976,4570,486,-15528,78,325,95,0,0,0
215023,31.31,30.63,302,0.043,4000,836,-11848,60,316,89,0,0,0
215043,31.31,30.63,8151,0.5234,4494,140,-9828,154,340,95,0,0,0
215087,31.31,30.63,2956,0.421,5090,212,-14882,95,382,102,0,0,0
215118,31.31,30.63,7383,0.5138,5090,822,-14602,60,348,84,0,0,0
215162,31.31,30.63,712,0.1014,5090,822,-14602,60,348,84,0,0,0
215207,31.31,30.63,470,0.0669,5316,-260,-14054,110,383,92,0,0,0
215266,31.31,30.63,9051,0.5111,4872,312,-16460,69,308,87,0,0,0
215286,31.31,30.63,8726,0.504,4016,530,-11694,90,288,85,0,0,0
215328,31.31,30.63,3090,0.4401,4104,-74,-9632,114,356,87,0,0,0
215349,31.31,30.63,8083,0.5534,4524,370,-15300,103,358,94,0,0,0
215434,31.29,30.59,2142,0.3051,4266,1042,-13898,75,321,88,0,0,0
215454,31.29,30.59,8164,0.5013,5160,102,-13264,117,398,94,0,0,0
215497,31.29,30.59,2974,0.4236,5160,102,-13264,117,398,94,0,0,0
215517,31.29,30.59,8148,0.5059,5204,786,-15710,67,313,87,0,0,0
215561,31.29,30.59,1673,0.2383,5204,786,-15710,67,313,87,0,0,0
215606,31.29,30.59,1538,0.219,4804,294,-11306,95,307,95,0,0,0
215627,31.29,30.59,6994,0.4731,5138,-614,-11892,102,382,97,0,0,0
215675,31.29,30.59,4291,0.3754,5180,16,-16818,68,349,85,0,0,0
215695,31.29,30.59,7821,0.4938,4044,50,-9310,121,350,89,0,0,0
215739,31.29,30.59,3732,0.5315,4044,50,-9310,121,350,89,0,0,0
215784,31.29,30.59,4314,0.6144,4328,102,-13428,127,365,96,0,0,0
215843,31.29,30.59,9902,0.6335,4168,790,-14164,92,286,86,0,0,0
215863,31.29,30.59,5771,0.3985,4906,122,-12626,86,428,94,0,0,0
215906,31.31,30.53,1552,0.221,4906,122,-12626,86,428,94,0,0,0
215927,31.31,30.53,5255,0.3545,5008,684,-13144,89,288,95,0,0,0
216013,31.31,30.53,2136,0.3042,5146,-288,-10986,124,376,101,0,0,0
216033,31.31,30.53,7399,0.509,5404,-150,-15810,102,376,97,0,0,0
216076,31.31,30.53,3956,0.5634,5404,-150,-15810,102,376,97,0,0,0
216096,31.31,30.53,7832,0.575,3988,272,-10210,126,323,95,0,0,0
216140,31.31,30.53,4316,0.6147,3988,272,-10210,126,323,95,0,0,0
216197,31.31,30.53,2719,0.3872,4354,236,-12998,113,407,88,0,0,0
216257,31.31,30.53,11617,0.7687,3680,722,-11256,72,278,93,0,0,0
216277,31.31,30.53,7394,0.4589,4922,256,-10210,126,383,98,0,0,0
216320,31.31,30.53,878,0.125,4922,256,-10210,126,383,98,0,0,0
216340,31.31,30.53,8495,0.4969,5282,906,-15258,95,291,83,0,0,0
216427,31.29,30.63,3374,0.4805,5236,-74,-10740,121,356,106,0,0,0
216447,31.29,30.63,7768,0.4346,5528,-248,-15196,133,348,92,0,0,0
216490,31.29,30.63,3500,0.4985,5256,746,-16982,58,327,89,0,0,0
216510,31.29,30.63,7133,0.491,3864,428,-11782,103,280,86,0,0,0
216554,31.29,30.63,705,0.1004,3864,428,-11782,103,280,86,0,0,0
216599,31.29,30.63,2934,0.4179,4534,-198,-10552,121,383,89,0,0,0
216658,31.29,30.63,7643,0.5544,4280,1046,-12972,77,305,91,0,0,0
216679,31.29,30.63,7586,0.6336,4280,1046,-12972,77,305,91,0,0,0
216729,31.29,30.63,3354,0.2312,4988,182,-14062,112,377,102,0,0,0
216749,31.29,30.63,8254,0.585,5512,982,-15560,60,348,93,0,0,0
216836,31.29,30.63,3373,0.4804,4950,228,-11422,98,334,94,0,0,0
216856,31.29,30.63,6647,0.3662,5368,278,-17112,69,333,89,0,0,0
216899,31.29,30.63,941,0.134,5368,278,-17112,69,333,89,0,0,0
216919,31.29,30.63,7905,0.4654,4158,596,-12788,96,279,88,0,0,0
216962,31.31,30.51,2184,0.3111,4158,596,-12788,96,279,88,0,0,0
217007,31.31,30.51,946,0.1347,4356,-32,-10026,130,347,97,0,0,0
217066,31.31,30.51,8054,0.4688,4444,1170,-13896,82,307,92,0,0,0
217086,31.31,30.51,6800,0.4681,4300,510,-9652,114,328,92,0,0,0
217130,31.31,30.51,1846,0.2629,5246,354,-13176,76,461,92,0,0,0
217150,31.31,30.51,9205,0.5288,5282,696,-15846,80,315,93,0,0,0
217236,31.31,30.51,2027,0.2887,4952,724,-12318,75,292,95,0,0,0
217256,31.31,30.51,4382,0.3038,5566,-284,-11804,106,401,93,0,0,0
217307,31.31,30.51,4844,0.435,5340,-206,-16596,93,342,96,0,0,0
217327,31.31,30.51,9234,0.5283,4764,610,-14698,127,234,93,0,0,0
217370,31.31,30.51,1539,0.2192,4030,342,-9826,99,362,94,0,0,0
217416,31.31,30.51,1661,0.2366,4546,54,-13608,109,408,88,0,0,0
217476,31.31,30.51,8477,0.5176,4736,1240,-16590,65,340,85,0,0,0
217496,31.31,30.51,9206,0.5366,4840,-162,-11082,144,357,101,0,0,0
217538,31.31,30.53,700,0.0997,4840,-162,-11082,144,357,101,0,0,0
217559,31.31,30.53,9165,0.578,5562,250,-16104,81,346,96,0,0,0
217645,31.31,30.53,1262,0.1797,5074,664,-13286,58,328,90,0,0,0
217665,31.31,30.53,6837,0.3964,5456,-262,-15588,116,356,98,0,0,0
217709,31.31,30.53,2975,0.4237,5456,-262,-15588,116,356,98,0,0,0
217729,31.31,30.53,7330,0.4153,4200,362,-11894,92,332,91,0,0,0
217772,31.31,30.53,2402,0.3421,4200,362,-11894,92,332,91,0,0,0
217828,31.31,30.53,4532,0.6455,4600,22,-11248,119,381,91,0,0,0
217888,31.31,30.53,9005,0.5005,4548,700,-15688,92,315,90,0,0,0
217908,31.31,30.53,6818,0.4199,4704,266,-10564,137,362,98,0,0,0
217952,31.31,30.53,1824,0.2598,4704,266,-10564,137,362,98,0,0,0
217972,31.31,30.53,9447,0.5488,5298,958,-15066,78,334,101,0,0,0
218058,31.29,30.53,2902,0.4133,4984,136,-10588,114,362,93,0,0,0
218078,31.29,30.53,9202,0.4433,5722,-130,-14396,119,376,95,0,0,0
218122,31.29,30.53,1035,0.1474,5722,-130,-14396,119,376,95,0,0,0
218143,31.29,30.53,6768,0.441,4094,308,-12860,73,301,80,0,0,0
218185,31.29,30.53,657,0.0936,4094,308,-12860,73,301,80,0,0,0
218230,31.29,30.53,2392,0.3407,4592,-30,-11050,117,373,86,0,0,0
218290,31.29,30.53,8937,0.5566,4408,1146,-14444,63,311,92,0,0,0
218311,31.29,30.53,7512,0.6934,4408,1146,-14444,63,311,92,0,0,0
218362,31.29,30.53,3153,0.204,4452,622,-9982,130,343,97,0,0,0
218383,31.29,30.53,7961,0.4556,5488,862,-16062,59,342,78,0,0,0
218469,31.29,30.53,940,0.1339,4860,394,-11628,88,318,102,0,0,0
218489,31.29,30.53,8149,0.5043,5452,116,-17620,89,326,92,0,0,0
218533,31.29,30.53,3412,0.4859,5452,116,-17620,89,326,92,0,0,0
218553,31.29,30.53,6869,0.4163,4754,576,-14488,83,296,90,0,0,0
218595,31.27,30.53,216,0.0308,4754,576,-14488,83,296,90,0,0,0
218640,31.27,30.53,2589,0.3687,4214,114,-9746,121,338,94,0,0,0
218700,31.27,30.53,11161,0.6445,4654,1294,-15918,45,372,85,0,0,0
218720,31.27,30.53,8072,0.4892,4086,724,-10446,104,304,96,0,0,0
218763,31.27,30.53,3516,0.5008,4086,724,-10446,104,304,96,0,0,0
218783,31.27,30.53,8756,0.5335,5438,626,-16404,46,349,93,0,0,0
218869,31.27,30.53,467,0.0665,5020,576,-12622,98,293,99,0,0,0
218889,31.27,30.53,4880,0.4002,5252,-362,-11822,135,360,96,0,0,0
218945,31.27,30.53,6869,0.535,5634,122,-17470,77,402,94,0,0,0
218965,31.27,30.53,8966,0.6042,4906,800,-15122,92,289,91,0,0,0
219008,31.27,30.53,2713,0.3864,4906,800,-15122,92,289,91,0,0,0
219053,31.27,30.53,878,0.125,4494,264,-13222,126,390,85,0,0,0
219113,31.27,30.53,7128,0.4824,4586,1222,-15424,69,334,86,0,0,0
219133,31.27,30.53,5524,0.3065,4934,280,-10862,121,373,93,0,0,0
219177,31.29,30.53,1557,0.2218,4934,280,-10862,121,373,93,0,0,0
219197,31.29,30.53,7480,0.4417,5192,380,-16198,42,386,96,0,0,0
219282,31.29,30.53,2785,0.3966,4948,560,-12846,92,262,94,0,0,0
219302,31.29,30.53,7893,0.5401,5606,-44,-16142,93,408,95,0,0,0
219346,31.29,30.53,2011,0.2864,5606,-44,-16142,93,408,95,0,0,0
219366,31.29,30.53,7579,0.5095,4926,946,-16966,81,312,84,0,0,0
219409,31.29,30.53,1189,0.1693,3946,418,-11072,103,324,91,0,0,0
219462,31.29,30.53,289,0.0412,4506,-64,-11680,138,339,86,0,0,0
219522,31.29,30.53,6632,0.4548,4530,688,-16154,68,373,91,0,0,0
219542,31.29,30.53,9245,0.5034,4720,236,-10546,119,365,103,0,0,0
219585,31.29,30.53,724,0.1031,4720,236,-10546,119,365,103,0,0,0
219606,31.29,30.53,7308,0.4253,5302,362,-15706,85,397,94,0,0,0
219692,31.31,30.45,2170,0.3091,4692,112,-10818,109,359,94,0,0,0
219712,31.31,30.45,6275,0.4445,5696,-82,-14922,117,384,91,0,0,0
219756,31.31,30.45,4014,0.5717,5696,-82,-14922,117,384,91,0,0,0
219776,31.31,30.45,9530,0.5395,4148,590,-11738,90,283,87,0,0,0
219818,31.31,30.45,930,0.1325,4148,590,-11738,90,283,87,0,0,0
219864,31.31,30.45,541,0.0771,4158,-48,-10026,111,372,91,0,0,0
219924,31.31,30.45,7454,0.5029,4246,226,-15274,111,349,91,0,0,0
219944,31.31,30.45,4810,0.3313,4182,1098,-13400,76,311,94,0,0,0
219995,31.31,30.45,3000,0.2216,3940,330,-9136,154,307,95,0,0,0
220015,31.31,30.45,7989,0.4832,5228,806,-15670,57,344,90,0,0,0
220101,31.31,30.45,1824,0.2598,4674,248,-10962,96,331,97,0,0,0
220121,31.31,30.45,6548,0.3537,5082,-536,-12474,117,367,103,0,0,0
220164,31.31,30.45,82,0.0117,5082,-536,-12474,117,367,103,0,0,0
220185,31.31,30.45,4905,0.3262,4424,632,-13722,67,310,93,0,0,0
220227,31.29,30.59,2835,0.4038,4424,632,-13722,67,310,93,0,0,0
220272,31.29,30.59,371,0.0528,3850,38,-9466,136,337,95,0,0,0
220332,31.29,30.59,5645,0.4972,4130,1084,-14710,66,356,91,0,0,0
220353,31.29,30.59,10345,0.5191,4034,712,-10014,105,320,88,0,0,0
220395,31.29,30.59,1151,0.1639,4034,712,-10014,105,320,88,0,0,0
220415,31.29,30.59,8126,0.4514,5400,468,-15530,64,362,90,0,0,0
220502,31.29,30.59,325,0.0463,4594,600,-12284,75,287,91,0,0,0
220523,31.29,30.59,7632,0.5409,4594,600,-12284,75,287,91,0,0,0
220577,31.29,30.59,7815,0.5155,5418,-58,-15968,100,374,90,0,0,0
220597,31.29,30.59,9592,0.5375,4538,730,-15072,98,292,98,0,0,0
220641,31.29,30.59,2093,0.2981,4538,730,-15072,98,292,98,0,0,0
220686,31.29,30.59,1017,0.1448,3798,356,-9938,89,340,86,0,0,0
220746,31.29,30.59,9352,0.513,4306,792,-15790,62,345,75,0,0,0
220766,31.29,30.59,6314,0.4313,3860,916,-10856,58,327,85,0,0,0
220810,31.29,30.63,2589,0.3687,3860,916,-10856,58,327,85,0,0,0
220830,31.29,30.63,6844,0.4409,5168,110,-15442,103,346,94,0,0,0
220918,31.29,30.63,841,0.1198,4878,478,-14456,67,331,96,0,0,0
220939,31.29,30.63,5953,0.4468,5150,-412,-14076,125,375,93,0,0,0
220982,31.29,30.63,82,0.0117,5150,-412,-14076,125,375,93,0,0,0
221002,31.29,30.63,6600,0.5317,4910,608,-16274,55,335,88,0,0,0
221046,31.29,30.63,525,0.0748,4910,608,-16274,55,335,88,0,0,0
221099,31.29,30.63,7768,1.1063,4016,-66,-10296,112,384,91,0,0,0
221159,31.29,30.63,8013,0.4939,4472,574,-15432,69,388,90,0,0,0
221179,31.29,30.63,6958,0.4832,4522,224,-9610,116,354,93,0,0,0
221222,31.29,30.63,3986,0.5677,4522,224,-9610,116,354,93,0,0,0
221242,31.29,30.63,7645,0.4594,5004,82,-14508,104,373,100,0,0,0
221328,31.29,30.63,485,0.0691,4900,742,-15254,72,319,85,0,0,0
221348,31.29,30.51,5714,0.3208,5134,-496,-12306,135,371,93,0,0,0
221392,31.29,30.51,2425,0.3454,5134,-496,-12306,135,371,93,0,0,0
221412,31.29,30.51,8154,0.4846,4074,412,-12296,77,303,91,0,0,0
221456,31.29,30.51,1711,0.2437,4074,412,-12296,77,303,91,0,0,0
221501,31.29,30.51,2292,0.3264,3976,-214,-8938,130,318,93,0,0,0
221562,31.29,30.51,8722,0.5177,4234,390,-15056,114,375,102,0,0,0
221582,31.29,30.51,5360,0.4767,4322,986,-14428,80,338,81,0,0,0
221637,31.29,30.51,8633,0.5092,3900,646,-9486,108,351,94,0,0,0
221657,31.29,30.51,8568,0.5421,4924,512,-16600,52,334,90,0,0,0
221743,31.29,30.51,2483,0.3536,4866,278,-12178,54,332,96,0,0,0
221763,31.29,30.51,8072,0.4896,5008,-296,-11524,105,399,96,0,0,0
221807,31.29,30.51,1669,0.2377,5008,-296,-11524,105,399,96,0,0,0
221827,31.29,30.51,8645,0.4983,4578,822,-14368,57,338,87,0,0,0
221871,31.31,30.51,1490,0.2122,4578,822,-14368,57,338,87,0,0,0
221916,31.31,30.51,1158,0.1649,3880,146,-9862,132,316,97,0,0,0
221976,31.31,30.51,7108,0.4782,4152,1084,-15668,57,368,89,0,0,0
221996,31.31,30.51,8242,0.5369,3954,530,-10510,86,306,88,0,0,0
222040,31.31,30.51,128,0.0182,3954,530,-10510,86,306,88,0,0,0
222060,31.31,30.51,6107,0.4118,5384,266,-15826,88,326,107,0,0,0
222147,31.31,30.51,2606,0.3712,4762,588,-12670,74,330,85,0,0,0
222168,31.31,30.51,6101,0.4376,4762,588,-12670,74,330,85,0,0,0
222222,31.31,30.51,7820,0.4669,5082,-298,-14576,134,348,96,0,0,0
222242,31.31,30.51,8848,0.6061,4800,804,-15336,57,339,85,0,0,0
222286,31.31,30.51,457,0.0651,4800,804,-15336,57,339,85,0,0,0
222331,31.31,30.51,923,0.1315,3758,96,-9688,101,299,88,0,0,0
222390,31.31,30.51,10302,0.5159,4410,494,-15408,58,352,99,0,0,0
222410,31.31,30.51,8341,0.4692,4024,732,-11882,81,308,84,0,0,0
222454,31.31,30.53,1651,0.2351,4392,206,-9494,109,379,102,0,0,0
222474,31.31,30.53,9255,0.553,5152,194,-14784,95,370,97,0,0,0
222559,31.31,30.53,858,0.1222,5172,944,-14556,93,310,95,0,0,0
222579,31.31,30.53,7864,0.445,5324,-204,-13542,122,373,90,0,0,0
222623,31.31,30.53,941,0.134,5324,-204,-13542,122,373,90,0,0,0
222643,31.31,30.53,9834,0.5482,4782,182,-16064,61,322,98,0,0,0
222686,31.31,30.53,2113,0.3009,4782,182,-16064,61,322,98,0,0,0
222742,31.31,30.53,3935,0.5604,4000,-84,-9826,109,378,87,0,0,0
222802,31.31,30.53,6730,0.4466,4212,312,-15024,109,340,93,0,0,0
222823,31.31,30.53,8605,0.5878,4044,362,-8794,126,336,95,0,0,0
222866,31.31,30.53,1306,0.186,4044,362,-8794,126,336,95,0,0,0
222886,31.31,30.53,8282,0.5731,5126,-140,-12472,106,378,106,0,0,0
222971,31.29,30.51,50,0.0071,5040,746,-15324,52,365,90,0,0,0
222992,31.29,30.51,7543,0.4275,5088,-554,-11552,112,374,101,0,0,0
223035,31.29,30.51,1143,0.1628,5088,-554,-11552,112,374,101,0,0,0
223055,31.29,30.51,6586,0.4519,4310,636,-13238,84,283,94,0,0,0
223099,31.29,30.51,1872,0.2666,4310,636,-13238,84,283,94,0,0,0
223144,31.29,30.51,473,0.0674,3966,-94,-9206,138,307,91,0,0,0
223204,31.29,30.51,9742,0.5039,4276,170,-13944,120,398,87,0,0,0
223225,31.29,30.51,5700,0.5019,4228,892,-14698,66,318,84,0,0,0
223276,31.29,30.51,2601,0.2399,3722,536,-9808,94,327,95,0,0,0
223296,31.29,30.51,10410,0.6948,5268,192,-15578,61,351,88,0,0,0
223382,31.29,30.51,529,0.0753,4880,508,-13350,78,299,95,0,0,0
223402,31.29,30.51,8695,0.5711,5156,-126,-11090,116,383,104,0,0,0
223446,31.29,30.51,2109,0.3004,5156,-126,-11090,116,383,104,0,0,0
223466,31.29,30.51,6871,0.4902,4748,588,-15862,84,309,89,0,0,0
223509,31.27,30.53,164,0.0234,4748,588,-15862,84,309,89,0,0,0
223555,31.27,30.53,199,0.0283,3834,176,-10240,116,300,95,0,0,0
223614,31.27,30.53,7428,0.4293,4680,672,-16724,72,345,85,0,0,0
223634,31.27,30.53,7164,0.4473,4044,700,-11900,81,305,88,0,0,0
223678,31.27,30.53,3764,0.5361,4044,700,-11900,81,305,88,0,0,0
223698,31.27,30.53,9937,0.5503,5222,146,-15320,131,337,98,0,0,0
223784,31.27,30.53,3161,0.4502,5220,856,-14694,55,355,95,0,0,0
223804,31.27,30.53,8895,0.6504,5220,856,-14694,55,355,95,0,0,0
223855,31.27,30.53,4679,0.3494,5240,-282,-13752,133,342,102,0,0,0
223875,31.27,30.53,6459,0.3855,5118,456,-16260,46,350,83,0,0,0
223917,31.27,30.53,2604,0.3709,5118,456,-16260,46,350,83,0,0,0
223962,31.27,30.53,2050,0.292,3982,480,-11580,103,305,84,0,0,0
224023,31.27,30.53,5443,0.465,4458,576,-15592,116,326,86,0,0,0
224043,31.27,30.53,6315,0.3931,4364,1004,-13130,53,321,90,0,0,0
224086,31.27,30.51,1240,0.1766,4364,1004,-13130,53,321,90,0,0,0
224106,31.27,30.51,7581,0.4756,4932,114,-14312,122,398,90,0,0,0
224192,31.27,30.51,3790,0.5398,5478,764,-15820,52,365,88,0,0,0
224212,31.27,30.51,9196,0.522,5344,-432,-12178,126,379,96,0,0,0
224255,31.27,30.51,506,0.0721,5344,-432,-12178,126,379,96,0,0,0
224276,31.27,30.51,7672,0.4904,5148,-30,-16860,72,327,94,0,0,0
224319,31.27,30.51,4629,0.6593,5148,-30,-16860,72,327,94,0,0,0
224372,31.27,30.51,8330,1.1864,4276,686,-13850,72,315,83,0,0,0
224432,31.27,30.51,8006,0.4983,4206,128,-14078,141,346,90,0,0,0
224452,31.27,30.51,5821,0.3596,3998,538,-9612,106,313,99,0,0,0
224496,31.27,30.51,1950,0.2777,3998,538,-9612,106,313,99,0,0,0
224516,31.27,30.51,10678,0.5562,5024,44,-12076,108,416,88,0,0,0
224602,31.27,30.51,4659,0.6635,5468,716,-16464,37,377,89,0,0,0
224622,31.29,30.51,8327,0.4474,5368,-472,-10840,125,349,94,0,0,0
224665,31.29,30.51,1599,0.2277,5368,-472,-10840,125,349,94,0,0,0
224686,31.29,30.51,8198,0.4624,5334,-304,-16650,99,366,103,0,0,0
224729,31.29,30.51,212,0.0302,5334,-304,-16650,99,366,103,0,0,0
224775,31.29,30.51,2187,0.3115,3950,132,-9684,100,335,97,0,0,0
224833,31.29,30.51,5914,0.3493,4520,192,-12476,119,393,90,0,0,0
224854,31.29,30.51,3188,0.2645,4662,916,-16532,51,342,85,0,0,0
224910,31.29,30.51,7774,0.5645,4018,830,-11026,85,266,88,0,0,0
224930,31.29,30.51,8125,0.5216,4936,240,-10128,124,397,95,0,0,0
225015,31.29,30.51,3323,0.4733,5056,820,-14312,119,263,92,0,0,0
225035,31.29,30.51,10299,0.5946,5134,-178,-10612,130,357,108,0,0,0
225078,31.29,30.51,5840,0.8317,5134,-178,-10612,130,357,108,0,0,0
225098,31.29,30.51,8964,0.4978,5302,586,-16332,100,283,91,0,0,0
225142,31.29,30.59,1161,0.1654,5302,586,-16332,100,283,91,0,0,0
225188,31.29,30.59,1830,0.2606,4112,710,-11222,94,300,93,0,0,0
225247,31.29,30.59,9165,0.5903,4636,-176,-10830,110,396,93,0,0,0
225267,31.29,30.59,9566,0.5884,4420,1146,-13014,67,331,94,0,0,0
225311,31.29,30.59,4175,0.5946,4420,1146,-13014,67,331,94,0,0,0
225331,31.29,30.59,8345,0.563,4914,454,-10298,133,375,102,0,0,0
225417,31.29,30.59,375,0.0534,5164,754,-14590,105,286,97,0,0,0
225438,31.29,30.59,3451,0.3574,5164,754,-14590,105,286,97,0,0,0
225496,31.29,30.59,6168,0.4513,5356,-216,-12768,93,381,91,0,0,0
225516,31.29,30.59,6079,0.4682,5174,280,-17134,78,331,94,0,0,0
225560,31.29,30.59,60,0.0085,5174,280,-17134,78,331,94,0,0,0
225605,31.29,30.59,1010,0.1438,4306,476,-12722,89,282,101,0,0,0
225664,31.29,30.59,6903,0.4395,4776,362,-15966,116,382,95,0,0,0
225684,31.29,30.59,6119,0.3868,4488,1148,-14658,49,329,88,0,0,0
225728,31.29,30.59,55,0.0078,4488,1148,-14658,49,329,88,0,0,0
225748,31.29,30.59,11083,0.5398,5250,186,-13574,116,399,94,0,0,0
225834,31.29,30.59,4652,0.6626,5558,810,-16506,58,350,92,0,0,0
225855,31.29,30.59,7736,0.6155,5476,-294,-12340,107,372,96,0,0,0
225897,31.29,30.59,2073,0.2952,5476,-294,-12340,107,372,96,0,0,0
225917,31.29,30.59,5574,0.3968,5540,154,-17076,114,288,103,0,0,0
225978,31.29,30.59,5027,0.716,4748,692,-14450,81,327,84,0,0,0
226024,31.29,30.59,438,0.0624,4146,126,-10168,115,339,89,0,0,0
226084,31.29,30.59,6997,0.481,4438,428,-14220,154,341,104,0,0,0
226104,31.29,30.59,7869,0.4731,4142,650,-10416,84,328,86,0,0,0
226147,31.29,30.59,282,0.0402,4142,650,-10416,84,328,86,0,0,0
226168,31.29,30.59,7263,0.4258,5182,334,-12366,101,404,99,0,0,0
226254,31.29,30.51,453,0.0645,5444,462,-16594,59,352,96,0,0,0
226274,31.29,30.51,7381,0.5007,5288,-252,-10840,151,351,104,0,0,0
226316,31.29,30.51,5910,0.8417,5288,-252,-10840,151,351,104,0,0,0
226336,31.29,30.51,8023,0.5494,4936,830,-15246,104,299,88,0,0,0
226380,31.29,30.51,2049,0.2918,4936,830,-15246,104,299,88,0,0,0
226426,31.29,30.51,2975,0.4237,3978,214,-9846,107,322,96,0,0,0
226446,31.29,30.51,6007,0.4341,3978,214,-9846,107,322,96,0,0,0
226494,31.29,30.51,4187,0.4261,4438,286,-11972,135,385,87,0,0,0
226514,31.29,30.51,7740,0.4951,3982,756,-10864,85,280,84,0,0,0
226558,31.29,30.51,2507,0.3571,3982,756,-10864,85,280,84,0,0,0
226603,31.29,30.51,1199,0.1708,4784,158,-10838,138,382,101,0,0,0
226662,31.29,30.51,8565,0.5489,5116,752,-14214,81,308,97,0,0,0
226682,31.29,30.51,10033,0.626,4770,-94,-10016,122,349,99,0,0,0
226726,31.31,30.53,6018,0.8571,4770,-94,-10016,122,349,99,0,0,0
226746,31.31,30.53,7774,0.5979,5204,924,-17624,56,341,87,0,0,0
226832,31.31,30.53,3330,0.4743,4092,372,-11500,105,316,88,0,0,0
226852,31.31,30.53,6571,0.415,4546,-124,-10672,104,351,93,0,0,0
226895,31.31,30.53,2769,0.3944,4548,792,-15404,79,342,92,0,0,0
226916,31.31,30.53,6159,0.4987,4226,916,-12844,93,289,88,0,0,0
226959,31.31,30.53,2593,0.3693,4226,916,-12844,93,289,88,0,0,0
227015,31.31,30.53,764,0.1088,5254,640,-14742,111,368,92,0,0,0
227074,31.31,30.53,6938,0.4515,5424,594,-15550,66,346,100,0,0,0
227094,31.31,30.53,7454,0.4999,5204,-428,-13280,102,399,91,0,0,0
227138,31.31,30.53,487,0.0694,5204,-428,-13280,102,399,91,0,0,0
227158,31.31,30.53,8011,0.4335,5270,336,-17304,58,343,89,0,0,0
227244,31.29,30.57,3738,0.5324,4122,442,-13054,98,275,84,0,0,0
227264,31.29,30.57,8399,0.4715,4756,546,-15594,99,403,102,0,0,0
227308,31.29,30.57,2549,0.363,4756,546,-15594,99,403,102,0,0,0
227328,31.29,30.57,10275,0.6127,4478,1370,-15156,79,316,84,0,0,0
227372,31.29,30.57,2852,0.4062,4478,1370,-15156,79,316,84,0,0,0
227418,31.29,30.57,905,0.1289,5170,482,-13606,104,428,102,0,0,0
227478,31.29,30.57,4753,0.3155,4986,592,-15608,71,297,85,0,0,0
227499,31.29,30.57,6275,0.4359,4672,276,-11136,81,329,93,0,0,0
227549,31.29,30.57,5738,0.4887,5206,-462,-11504,125,370,99,0,0,0
227569,31.29,30.57,10066,0.5514,5114,126,-16424,102,326,99,0,0,0
227656,31.29,30.57,5267,0.7501,4030,-130,-9098,117,343,91,0,0,0
227676,31.29,30.57,5448,0.3725,4396,292,-13840,124,388,89,0,0,0
227719,31.29,30.57,6505,0.9265,4396,292,-13840,124,388,89,0,0,0
227740,31.29,30.57,10337,0.5962,4042,720,-10196,85,310,84,0,0,0
227782,31.29,30.47,3156,0.4495,4042,720,-10196,85,310,84,0,0,0
227827,31.29,30.47,1177,0.1676,4960,444,-11934,113,399,99,0,0,0
227887,31.29,30.47,8914,0.5435,5414,398,-16326,63,364,92,0,0,0
227908,31.29,30.47,8931,0.5889,4856,-458,-10886,132,371,101,0,0,0
227951,31.29,30.47,733,0.1044,4856,-458,-10886,132,371,101,0,0,0
227972,31.29,30.47,6828,0.4662,5378,-152,-16142,114,380,98,0,0,0
228058,31.29,30.47,1574,0.2242,3954,328,-10560,125,335,99,0,0,0
228079,31.29,30.47,2940,0.2124,3954,328,-10560,125,335,99,0,0,0
228132,31.29,30.47,7609,0.6041,4320,76,-12394,108,402,82,0,0,0
228153,31.29,30.47,5720,0.3867,4186,896,-11924,88,314,90,0,0,0
228196,31.29,30.47,64,0.0091,4186,896,-11924,88,314,90,0,0,0
228241,31.29,30.47,660,0.094,4588,228,-10608,112,398,90,0,0,0
228300,31.29,30.47,8389,0.5496,4772,758,-14348,67,339,96,0,0,0
228320,31.29,30.47,7915,0.4193,4682,-64,-9888,115,358,101,0,0,0
228364,31.25,30.59,4374,0.623,4682,-64,-9888,115,358,101,0,0,0
228384,31.25,30.59,10451,0.6016,4968,382,-16132,75,302,86,0,0,0
228470,31.25,30.59,1410,0.2008,3862,508,-10772,88,286,86,0,0,0
228491,31.25,30.59,9047,0.5144,4168,-92,-10244,117,359,98,0,0,0
228534,31.25,30.59,3058,0.4355,4168,-92,-10244,117,359,98,0,0,0
228554,31.25,30.59,8388,0.5069,3956,712,-13026,85,300,95,0,0,0
228598,31.25,30.59,4059,0.5781,3956,712,-13026,85,300,95,0,0,0
228651,31.25,30.59,3646,0.5193,4298,580,-8744,123,352,95,0,0,0
228711,31.25,30.59,6538,0.4819,4938,838,-15350,73,328,82,0,0,0
228732,31.25,30.59,6765,0.4214,4434,176,-10778,91,323,96,0,0,0
228775,31.25,30.59,2200,0.3133,4434,176,-10778,91,323,96,0,0,0
228795,31.25,30.59,6381,0.467,4964,102,-16292,75,314,90,0,0,0
228881,31.29,30.51,1608,0.229,4040,432,-12478,86,271,94,0,0,0
228901,31.29,30.51,8887,0.5842,4144,130,-14622,126,379,85,0,0,0
228945,31.29,30.51,3535,0.5035,4144,130,-14622,126,379,85,0,0,0
228965,31.29,30.51,7978,0.579,4484,996,-14092,65,329,87,0,0,0
229008,31.29,30.51,2449,0.3488,4484,996,-14092,65,329,87,0,0,0
229053,31.29,30.51,3137,0.4468,3890,576,-9204,109,329,94,0,0,0
229113,31.29,30.51,7706,0.4474,4990,460,-16450,56,329,86,0,0,0
229133,31.29,30.51,7833,0.5213,4990,460,-16450,56,329,86,0,0,0
229183,31.29,30.51,5217,0.4467,4930,-492,-11226,128,369,104,0,0,0
229204,31.29,30.51,7695,0.4975,5110,-254,-16640,113,344,96,0,0,0
229290,31.29,30.51,1371,0.1953,4456,448,-13912,86,288,91,0,0,0
229310,31.29,30.51,7463,0.4782,4016,302,-12754,115,391,89,0,0,0
229352,31.29,30.51,3542,0.5045,4016,302,-12754,115,391,89,0,0,0
229373,31.29,30.51,7684,0.4668,4010,898,-15422,85,336,90,0,0,0
229416,31.29,30.51,1217,0.1733,4010,898,-15422,85,336,90,0,0,0
229461,31.29,30.51,1037,0.1477,4640,120,-10606,119,372,88,0,0,0
229522,31.29,30.51,8072,0.5177,5238,320,-15348,51,383,96,0,0,0
229542,31.29,30.51,8319,0.4076,4636,-378,-10498,134,345,102,0,0,0
229585,31.29,30.51,344,0.049,4636,-378,-10498,134,345,102,0,0,0
229605,31.29,30.51,5988,0.4055,5332,-368,-15304,111,388,96,0,0,0
229692,31.29,30.51,995,0.1417,4638,728,-15402,85,322,94,0,0,0
229713,31.29,30.51,6090,0.441,3676,102,-9468,112,301,95,0,0,0
229764,31.29,30.51,6987,0.5003,4040,-2,-11566,136,355,88,0,0,0
229784,31.29,30.51,9087,0.4649,3798,962,-11418,80,300,90,0,0,0
229828,31.29,30.51,1540,0.2193,3798,962,-11418,80,300,90,0,0,0
229874,31.29,30.51,2359,0.336,4740,226,-9502,149,336,104,0,0,0
229934,31.29,30.51,8371,0.4476,5008,302,-15412,81,399,95,0,0,0
229954,31.29,30.51,8329,0.5474,4798,-198,-9942,118,344,103,0,0,0
229997,31.29,30.43,5897,0.8399,4798,-198,-9942,118,344,103,0,0,0
230017,31.29,30.43,10625,0.5942,4968,364,-16182,56,335,92,0,0,0
230103,31.29,30.43,3729,0.5311,3640,254,-11120,100,273,91,0,0,0
230123,31.29,30.43,7973,0.487,4226,-172,-10184,110,369,92,0,0,0
230167,31.29,30.43,1471,0.2095,4226,-172,-10184,110,369,92,0,0,0
230187,31.29,30.43,6362,0.4461,4080,642,-12418,93,286,85,0,0,0
230231,31.29,30.43,2693,0.3835,4080,642,-12418,93,286,85,0,0,0
230289,31.29,30.43,3357,0.4781,4312,328,-9826,123,366,107,0,0,0
230348,31.29,30.43,7614,0.5569,5074,826,-14794,78,324,95,0,0,0
230368,31.29,30.43,6596,0.4613,4736,146,-10554,116,295,102,0,0,0
230412,31.29,30.43,1266,0.1803,4736,146,-10554,116,295,102,0,0,0
230432,31.29,30.43,6557,0.4444,4926,108,-16034,63,330,100,0,0,0
230517,31.29,30.43,4126,0.5876,4040,444,-12260,78,298,78,0,0,0
230537,31.29,30.51,9811,0.5185,4488,368,-14452,83,383,96,0,0,0
230580,31.29,30.51,2721,0.3875,4488,368,-14452,83,383,96,0,0,0
230600,31.29,30.51,7811,0.4182,4028,1090,-13484,77,301,89,0,0,0
230643,31.29,30.51,3491,0.4972,4028,1090,-13484,77,301,89,0,0,0
230688,31.29,30.51,2546,0.3626,4158,330,-9486,124,339,93,0,0,0
230748,31.29,30.51,7113,0.4055,5412,662,-16276,54,334,91,0,0,0
230768,31.29,30.51,3418,0.3756,5412,662,-16276,54,334,91,0,0,0
230825,31.29,30.51,7825,0.5357,4922,-400,-11322,115,363,90,0,0,0
230845,31.29,30.51,7589,0.5297,5254,-100,-16730,89,350,97,0,0,0
230931,31.29,30.51,838,0.1194,4770,750,-14822,76,319,85,0,0,0
230951,31.29,30.51,5637,0.3289,4112,30,-12946,159,346,97,0,0,0
230995,31.29,30.51,1571,0.2237,4112,30,-12946,159,346,97,0,0,0
231015,31.29,30.51,6102,0.4478,4302,820,-15100,76,318,85,0,0,0
231059,31.29,30.53,343,0.0489,3960,508,-10570,62,344,87,0,0,0
231104,31.29,30.53,767,0.1092,4954,142,-10604,98,406,92,0,0,0
231164,31.29,30.53,8739,0.5715,5128,448,-15528,93,324,97,0,0,0
231184,31.29,30.53,6329,0.5095,4914,-202,-10454,134,359,102,0,0,0
231228,31.29,30.53,1005,0.1431,4914,-202,-10454,134,359,102,0,0,0
231248,31.29,30.53,8557,0.522,5534,-140,-15194,109,374,95,0,0,0
231344,31.29,30.53,2599,0.3702,4044,464,-10724,107,321,88,0,0,0
231364,31.29,30.53,7247,0.5528,4466,98,-11608,113,372,88,0,0,0
231408,31.29,30.53,862,0.1228,4466,98,-11608,113,372,88,0,0,0
231428,31.29,30.53,7644,0.5539,4174,870,-11726,78,309,85,0,0,0
231470,31.29,30.53,2288,0.3259,4174,870,-11726,78,309,85,0,0,0
231515,31.29,30.53,45,0.0064,4480,238,-9396,129,373,109,0,0,0
231576,31.29,30.59,8293,0.5025,5020,72,-14780,112,333,91,0,0,0
231596,31.29,30.59,7086,0.4666,5050,-70,-9724,119,360,101,0,0,0
231639,31.29,30.59,931,0.1326,5050,-70,-9724,119,360,101,0,0,0
231659,31.29,30.59,5280,0.3335,5140,488,-16802,79,296,95,0,0,0
231744,31.29,30.59,5191,0.7393,4058,468,-11354,82,310,83,0,0,0
231765,31.29,30.59,5046,0.4541,4058,468,-11354,82,310,83,0,0,0
231818,31.29,30.59,7099,0.5508,4284,-258,-10270,131,355,98,0,0,0
231838,31.29,30.59,8241,0.4728,4348,966,-12922,49,324,89,0,0,0
231881,31.29,30.59,3209,0.457,4348,966,-12922,49,324,89,0,0,0
231927,31.29,30.59,2041,0.2907,4484,414,-9086,140,358,97,0,0,0
231986,31.29,30.59,6624,0.4489,5386,528,-15518,77,340,95,0,0,0
232006,31.29,30.59,6417,0.4029,4962,272,-10470,111,289,95,0,0,0
232050,31.29,30.51,4478,0.6378,4962,272,-10470,111,289,95,0,0,0
232070,31.29,30.51,5965,0.4636,5322,28,-17478,59,339,95,0,0,0
232156,31.29,30.51,3002,0.4276,4158,494,-12644,103,270,88,0,0,0
232176,31.29,30.51,8026,0.4933,4110,-112,-10206,133,359,94,0,0,0
232219,31.29,30.51,711,0.1013,4792,484,-14952,104,381,93,0,0,0
232240,31.29,30.51,8042,0.5108,4176,1058,-13810,102,271,84,0,0,0
232282,31.29,30.51,3864,0.5503,4176,1058,-13810,102,271,84,0,0,0
232338,31.29,30.51,4374,0.623,4136,336,-9836,120,335,95,0,0,0
232399,31.29,30.51,7839,0.4717,5146,706,-15882,71,348,87,0,0,0
232419,31.29,30.51,7702,0.6661,5200,-428,-11548,107,391,95,0,0,0
232462,31.29,30.51,809,0.1152,5200,-428,-11548,107,391,95,0,0,0
232483,31.29,30.51,6982,0.3969,5186,-128,-16106,93,332,96,0,0,0
232568,31.29,30.51,1403,0.1998,4424,644,-13452,107,279,90,0,0,0
232588,31.29,30.51,6388,0.4483,4398,254,-13998,130,389,91,0,0,0
232632,31.29,30.51,917,0.1306,4398,254,-13998,130,389,91,0,0,0
232652,31.29,30.51,7779,0.4485,4458,1084,-15256,88,307,89,0,0,0
232696,31.29,30.51,924,0.1316,4458,1084,-15256,88,307,89,0,0,0
232741,31.29,30.51,457,0.0651,5198,166,-11228,118,404,97,0,0,0
232801,31.29,30.51,7175,0.433,5376,400,-16090,51,366,84,0,0,0
232822,31.29,30.51,2182,0.1923,4910,344,-12586,92,291,102,0,0,0
232877,31.29,30.51,8018,0.5329,5096,-414,-10158,144,328,102,0,0,0
232897,31.29,30.51,6969,0.4568,5372,62,-16182,88,412,91,0,0,0
232983,31.29,30.51,220,0.0313,3910,196,-10602,144,295,88,0,0,0
233003,31.29,30.51,6771,0.5609,4508,166,-13058,104,407,95,0,0,0
233047,31.29,30.51,2048,0.2917,4508,166,-13058,104,407,95,0,0,0
233067,31.29,30.51,8622,0.5928,4226,802,-12318,68,317,87,0,0,0
233110,31.29,30.53,4913,0.6997,4226,802,-12318,68,317,87,0,0,0
233156,31.29,30.53,4231,0.6026,5160,422,-11272,120,374,98,0,0,0
233216,31.29,30.53,6817,0.4334,5538,270,-16646,104,333,100,0,0,0
233236,31.29,30.53,5976,0.4121,5048,64,-10776,101,371,111,0,0,0
233279,31.29,30.53,692,0.0986,5048,64,-10776,101,371,111,0,0,0
233300,31.29,30.53,8028,0.5702,5168,684,-16904,73,320,81,0,0,0
233386,31.29,30.53,2954,0.4207,4016,466,-11876,108,305,99,0,0,0
233407,31.29,30.53,8824,0.7105,4016,466,-11876,108,305,99,0,0,0
233458,31.29,30.53,7093,0.502,4778,-248,-12082,114,376,85,0,0,0
233478,31.29,30.53,6994,0.4422,4366,976,-12306,60,301,90,0,0,0
233521,31.29,30.53,2246,0.3199,4366,976,-12306,60,301,90,0,0,0
233566,31.29,30.53,2138,0.3045,4628,392,-9966,130,349,105,0,0,0
233626,31.29,30.53,6694,0.3724,5434,716,-15550,75,327,98,0,0,0
233647,31.29,30.53,10286,0.5899,4978,400,-11210,105,334,96,0,0,0
233690,31.27,30.53,2604,0.3709,4978,400,-11210,105,334,96,0,0,0
233710,31.27,30.53,7325,0.4321,5032,382,-16892,79,304,85,0,0,0
233796,31.27,30.53,4175,0.5946,4168,590,-12262,71,328,81,0,0,0
233816,31.27,30.53,5865,0.4745,4386,-172,-10348,113,357,95,0,0,0
233860,31.27,30.53,292,0.0416,4546,266,-15114,117,318,91,0,0,0
233880,31.27,30.53,6164,0.4298,4506,1300,-14280,63,336,86,0,0,0
233922,31.27,30.53,1769,0.2519,4506,1300,-14280,63,336,86,0,0,0
233976,31.27,30.53,3260,0.4643,4412,492,-9500,120,348,100,0,0,0
234036,31.27,30.53,6348,0.3929,5310,798,-16160,63,352,100,0,0,0
234056,31.27,30.53,7868,0.4879,4778,482,-11660,93,303,83,0,0,0
234100,31.27,30.53,595,0.0847,5646,-338,-12768,111,386,108,0,0,0
234120,31.27,30.53,8879,0.5693,5498,362,-17966,63,372,81,0,0,0
234206,31.29,30.59,1000,0.1424,4444,648,-13946,87,281,95,0,0,0
234227,31.29,30.59,8566,0.5151,4298,592,-13980,99,392,85,0,0,0
234270,31.29,30.59,538,0.0766,4298,592,-13980,99,392,85,0,0,0
234290,31.29,30.59,8450,0.5752,4316,1130,-14806,83,317,84,0,0,0
234333,31.29,30.59,871,0.1241,4316,1130,-14806,83,317,84,0,0,0
234378,31.29,30.59,143,0.0204,4264,922,-10456,115,305,95,0,0,0
234437,31.29,30.59,8626,0.477,5458,644,-16096,46,363,90,0,0,0
234458,31.29,30.59,3870,0.3123,5458,644,-16096,46,363,90,0,0,0
234512,31.29,30.59,8270,0.4932,5322,-280,-10750,128,362,97,0,0,0
234532,31.29,30.59,7997,0.5583,5342,66,-16336,100,349,98,0,0,0
234618,31.29,30.59,5917,0.8427,4824,554,-14666,96,273,95,0,0,0
234638,31.29,30.59,8832,0.5529,4474,38,-13264,133,409,90,0,0,0
234681,31.29,30.59,633,0.0902,4474,38,-13264,133,409,90,0,0,0
234701,31.29,30.59,9451,0.6112,4198,816,-10684,103,286,100,0,0,0
234745,31.29,30.63,5770,0.8218,4198,816,-10684,103,286,100,0,0,0
234790,31.29,30.63,6887,0.9809,4912,316,-11792,105,396,86,0,0,0
234850,31.29,30.63,8640,0.5453,5190,528,-16418,100,323,95,0,0,0
234870,31.29,30.63,8086,0.4862,5022,-42,-10472,113,379,106,0,0,0
234913,31.29,30.63,1493,0.2126,5022,-42,-10472,113,379,106,0,0,0
234934,31.29,30.63,5832,0.4426,5562,-22,-16540,96,392,95,0,0,0
235020,31.29,30.63,3977,0.5664,4540,476,-15674,124,248,86,0,0,0
235041,31.29,30.63,4248,0.2906,3882,236,-10458,94,329,90,0,0,0
235094,31.29,30.63,5559,0.4392,4632,94,-12632,90,415,83,0,0,0
235115,31.29,30.63,8724,0.5345,4018,962,-12628,61,296,90,0,0,0
235158,31.29,30.63,1035,0.1474,4018,962,-12628,61,296,90,0,0,0
235203,31.29,30.63,31,0.0044,4916,504,-10586,130,360,93,0,0,0
235262,31.29,30.63,7707,0.543,5154,880,-14252,91,293,96,0,0,0
235282,31.29,30.63,8917,0.5362,4610,60,-10516,120,367,97,0,0,0
235326,31.27,30.51,2164,0.3082,4610,60,-10516,120,367,97,0,0,0
235346,31.27,30.51,7866,0.4773,4840,290,-15982,87,284,87,0,0,0
235433,31.27,30.51,3862,0.55,4076,566,-11734,89,333,85,0,0,0
235453,31.27,30.51,6226,0.4031,4344,-138,-10888,115,353,94,0,0,0
235497,31.27,30.51,328,0.0467,4344,-138,-10888,115,353,94,0,0,0
235517,31.27,30.51,4039,0.3713,4360,1032,-13404,78,304,91,0,0,0
235560,31.27,30.51,2226,0.317,4360,1032,-13404,78,304,91,0,0,0
235619,31.27,30.51,1519,0.2163,4544,514,-10120,118,381,102,0,0,0
235678,31.27,30.51,4713,0.2982,4908,546,-14912,93,302,94,0,0,0
235698,31.27,30.51,7247,0.4496,4698,90,-10736,86,368,99,0,0,0
235742,31.27,30.51,3327,0.4738,5334,-346,-13496,115,356,89,0,0,0
235762,31.27,30.51,8278,0.5112,4994,152,-16218,77,318,93,0,0,0
235848,31.27,30.51,3168,0.4512,4100,462,-12276,91,295,79,0,0,0
235868,31.27,30.57,7518,0.4266,4334,498,-14770,125,355,89,0,0,0
235912,31.27,30.57,739,0.1053,4334,498,-14770,125,355,89,0,0,0
235932,31.27,30.57,8144,0.4949,4150,930,-13906,73,332,88,0,0,0
235975,31.27,30.57,246,0.035,4150,930,-13906,73,332,88,0,0,0
236020,31.27,30.57,3116,0.4438,4226,484,-9390,115,364,104,0,0,0
236081,31.27,30.57,6796,0.5561,5112,694,-15446,47,347,89,0,0,0
236102,31.27,30.57,5161,0.5149,4706,450,-11480,79,305,92,0,0,0
236155,31.27,30.57,8334,0.5105,4938,-524,-11294,133,355,101,0,0,0
236175,31.27,30.57,9762,0.5167,5272,-56,-16762,70,368,88,0,0,0
236262,31.27,30.57,2171,0.3092,3792,92,-9420,112,356,95,0,0,0
236282,31.27,30.57,5712,0.4325,4188,304,-13584,134,356,87,0,0,0
236325,31.27,30.57,1986,0.2829,4188,304,-13584,134,356,87,0,0,0
236345,31.27,30.57,7496,0.4003,4010,630,-9586,114,300,93,0,0,0
236389,31.29,30.59,1930,0.2749,4010,630,-9586,114,300,93,0,0,0
236434,31.29,30.59,2519,0.3588,4846,92,-12116,112,377,101,0,0,0
236494,31.29,30.59,10481,0.5613,5170,486,-15890,26,399,80,0,0,0
236514,31.29,30.59,8652,0.4832,5210,-106,-10928,123,393,96,0,0,0
236558,31.29,30.59,2418,0.3444,5210,-106,-10928,123,393,96,0,0,0
236578,31.29,30.59,8201,0.5788,5380,-304,-16570,92,362,93,0,0,0
236663,31.29,30.59,533,0.0759,3864,398,-9894,119,322,87,0,0,0
236684,31.29,30.59,2148,0.1771,3864,398,-9894,119,322,87,0,0,0
236738,31.29,30.59,7808,0.4867,4214,76,-12280,109,382,90,0,0,0
236759,31.29,30.59,10486,0.6044,3910,790,-11424,77,292,95,0,0,0
236802,31.29,30.59,113,0.0161,3910,790,-11424,77,292,95,0,0,0
236847,31.29,30.59,1526,0.2173,4912,276,-10648,110,383,93,0,0,0
236906,31.29,30.59,4421,0.2898,4936,758,-13430,84,304,96,0,0,0
236926,31.29,30.59,6313,0.4393,4460,-246,-10286,129,351,96,0,0,0
236969,31.27,30.59,3047,0.434,4460,-246,-10286,129,351,96,0,0,0
236989,31.27,30.59,11078,0.5971,4942,880,-15934,70,329,85,0,0,0
237075,31.27,30.59,1422,0.2025,3652,506,-10708,97,296,88,0,0,0
237095,31.27,30.59,7919,0.44,4258,24,-10944,99,387,89,0,0,0
237139,31.27,30.59,6223,0.8863,4258,24,-10944,99,387,89,0,0,0
237159,31.27,30.59,6924,0.4374,4062,686,-12084,85,308,90,0,0,0
237202,31.27,30.59,2827,0.4026,4062,686,-12084,85,308,90,0,0,0
237260,31.27,30.59,1431,0.2038,4138,16,-9544,117,373,103,0,0,0
237320,31.27,30.59,6400,0.4643,4912,814,-14332,76,329,97,0,0,0
237340,31.27,30.59,6416,0.4928,4616,72,-10808,114,353,96,0,0,0
237384,31.27,30.59,980,0.1396,5292,-410,-13638,110,384,94,0,0,0
237404,31.27,30.59,9929,0.6013,4720,66,-16406,81,298,92,0,0,0
237490,31.27,30.59,5461,0.7778,3744,494,-11586,97,285,83,0,0,0
237511,31.29,30.59,8227,0.6136,4188,320,-15252,107,357,91,0,0,0
237553,31.29,30.59,4229,0.6023,4188,320,-15252,107,357,91,0,0,0
237573,31.29,30.59,9521,0.4933,4248,818,-13392,100,283,90,0,0,0
237615,31.29,30.59,3610,0.5141,4248,818,-13392,100,283,90,0,0,0
237661,31.29,30.59,911,0.1297,4020,390,-9210,105,374,100,0,0,0
237720,31.29,30.59,6268,0.4196,5026,742,-15406,49,356,85,0,0,0
237740,31.29,30.59,2832,0.3095,5026,742,-15406,49,356,85,0,0,0
237798,31.29,30.59,9808,0.5551,5120,-628,-12288,116,382,95,0,0,0
237818,31.29,30.59,7956,0.4443,4928,112,-16036,74,319,88,0,0,0
237904,31.29,30.59,334,0.0476,3956,-186,-9538,112,374,92,0,0,0
237924,31.29,30.59,8334,0.5114,4316,524,-14152,113,395,94,0,0,0
237968,31.29,30.59,1301,0.1853,4316,524,-14152,113,395,94,0,0,0
237988,31.29,30.59,10314,0.635,4044,548,-10410,79,382,86,0,0,0
238031,31.27,30.57,6091,0.8675,4044,548,-10410,79,382,86,0,0,0
238077,31.27,30.57,2284,0.3253,5032,230,-12198,78,414,96,0,0,0
238137,31.27,30.57,7399,0.4152,5158,284,-15254,91,302,94,0,0,0
238157,31.27,30.57,7559,0.4891,5130,-500,-10896,124,364,103,0,0,0
238200,31.27,30.57,2627,0.3741,5130,-500,-10896,124,364,103,0,0,0
238221,31.27,30.57,8358,0.5494,5086,-156,-15856,127,314,93,0,0,0
238317,31.27,30.57,2151,0.3064,3758,82,-9948,134,329,85,0,0,0
238338,31.27,30.57,9248,0.4722,4268,-50,-12622,104,429,93,0,0,0
238380,31.27,30.57,738,0.1051,4268,-50,-12622,104,429,93,0,0,0
238400,31.27,30.57,8532,0.4565,3816,812,-11000,68,335,81,0,0,0
238444,31.27,30.57,3665,0.522,3816,812,-11000,68,335,81,0,0,0
238489,31.27,30.57,7776,1.1075,4872,192,-10720,99,403,98,0,0,0
238549,31.27,30.51,8476,0.5455,4854,714,-13536,72,322,96,0,0,0
238569,31.27,30.51,9100,0.4731,5048,-274,-10192,123,344,99,0,0,0
238615,31.27,30.51,872,0.1242,5048,-274,-10192,123,344,99,0,0,0
238635,31.27,30.51,7765,0.425,4932,578,-16238,66,338,84,0,0,0
238722,31.27,30.51,4837,0.6889,3978,258,-10878,126,280,91,0,0,0
238743,31.27,30.51,6326,0.518,4318,-88,-12234,133,379,91,0,0,0
238798,31.27,30.51,6584,0.4629,4442,828,-16274,53,345,88,0,0,0
238818,31.27,30.51,7643,0.5172,4140,738,-11800,73,302,85,0,0,0
238861,31.27,30.51,1457,0.2075,4140,738,-11800,73,302,85,0,0,0
238906,31.27,30.51,2571,0.3662,5438,432,-15524,53,392,89,0,0,0
238966,31.27,30.51,9191,0.5428,4934,798,-14386,129,253,96,0,0,0
238987,31.27,30.51,9317,0.5901,5478,-244,-14416,92,401,88,0,0,0
239032,31.29,30.63,2506,0.3569,5478,-244,-14416,92,401,88,0,0,0
239053,31.29,30.63,7788,0.4501,5012,680,-16406,77,303,90,0,0,0
239139,31.29,30.63,1833,0.2611,3848,352,-10902,111,289,77,0,0,0
239159,31.29,30.63,8708,0.5006,4588,542,-16050,80,368,84,0,0,0
239203,31.29,30.63,2825,0.4023,4588,542,-16050,80,368,84,0,0,0
239223,31.29,30.63,8501,0.516,4142,934,-13198,87,284,89,0,0,0
239274,31.29,30.63,2757,0.3927,4644,478,-9532,129,373,104,0,0,0
239319,31.29,30.63,3763,0.5359,5438,270,-14614,94,413,101,0,0,0
239379,31.29,30.63,7775,0.4324,5332,858,-15808,66,323,95,0,0,0
239399,31.29,30.63,5617,0.3761,5524,-462,-12956,109,367,94,0,0,0
239442,31.29,30.63,458,0.0652,5524,-462,-12956,109,367,94,0,0,0
239462,31.29,30.63,7678,0.4237,5120,450,-16568,63,331,82,0,0,0
239548,31.25,30.63,5727,0.8157,4074,-508,-9758,121,356,89,0,0,0
239568,31.25,30.63,9969,0.6456,4484,668,-14670,119,360,88,0,0,0
239612,31.25,30.63,5248,0.7474,4484,668,-14670,119,360,88,0,0,0
239632,31.25,30.63,9572,0.5141,4336,408,-9706,118,342,87,0,0,0
239675,31.25,30.63,2504,0.3566,4336,408,-9706,118,342,87,0,0,0
239720,31.25,30.63,1115,0.1588,4876,158,-13178,134,372,99,0,0,0
239740,31.25,30.63,5355,0.4283,4876,158,-13178,134,372,99,0,0,0
239789,31.25,30.63,4876,0.4623,5034,478,-12080,73,336,87,0,0,0
239810,31.25,30.63,9469,0.5655,5332,-342,-11754,124,354,103,0,0,0
239853,31.25,30.63,1710,0.2435,5332,-342,-11754,124,354,103,0,0,0
239899,31.25,30.63,1077,0.1534,5314,64,-17254,93,329,99,0,0,0
239958,31.25,30.63,6565,0.4878,4248,32,-9524,113,353,91,0,0,0
239978,31.25,30.63,8025,0.5245,4504,192,-14104,137,359,95,0,0,0
240020,31.25,30.53,292,0.0416,4504,192,-14104,137,359,95,0,0,0
240041,31.25,30.53,7545,0.468,4172,568,-9914,113,285,95,0,0,0
240126,31.25,30.53,1103,0.1571,5058,92,-12082,101,418,96,0,0,0
240147,31.25,30.53,8094,0.4982,4724,612,-12928,84,299,99,0,0,0
240190,31.25,30.53,1051,0.1497,4724,612,-12928,84,299,99,0,0,0
240210,31.25,30.53,11922,0.5658,5358,-262,-11452,116,377,97,0,0,0
240253,31.25,30.53,3629,0.5169,5358,-262,-11452,116,377,97,0,0,0
240306,31.25,30.53,4964,0.707,5196,964,-15746,58,347,81,0,0,0
240365,31.25,30.53,4601,0.2591,4224,300,-10702,111,330,96,0,0,0
240385,31.25,30.53,7938,0.514,4710,1272,-16574,39,353,78,0,0,0
240429,31.25,30.53,2750,0.3917,4710,1272,-16574,39,353,78,0,0,0
240449,31.25,30.53,4704,0.3108,4250,802,-11238,77,313,85,0,0,0
240535,31.27,30.53,479,0.0682,5280,344,-11136,127,382,101,0,0,0
240555,31.27,30.53,10176,0.5427,5020,626,-13624,127,248,92,0,0,0
240598,31.27,30.53,2481,0.3534,5020,626,-13624,127,248,92,0,0,0
240618,31.27,30.53,8966,0.4996,5056,-270,-10548,133,353,105,0,0,0
240660,31.27,30.53,3956,0.5634,5056,-270,-10548,133,353,105,0,0,0
240706,31.27,30.53,2909,0.4143,4824,698,-16260,91,293,86,0,0,0
240766,31.27,30.53,5416,0.2728,3974,468,-10546,107,297,93,0,0,0
240786,31.27,30.53,5459,0.3989,4342,210,-12094,107,396,91,0,0,0
240839,31.27,30.53,3616,0.2889,4706,802,-15696,74,329,79,0,0,0
240859,31.27,30.53,6641,0.4472,4190,766,-12030,80,294,98,0,0,0
240947,31.27,30.53,3222,0.4589,5196,134,-15470,109,356,103,0,0,0
240968,31.27,30.53,8463,0.4637,5430,998,-15064,78,337,88,0,0,0
241011,31.27,30.53,114,0.0162,5430,998,-15064,78,337,88,0,0,0
241032,31.27,30.53,8036,0.4852,5556,-176,-14666,119,354,95,0,0,0
241074,31.23,30.51,2355,0.3354,5556,-176,-14666,119,354,95,0,0,0
241120,31.23,30.51,333,0.0474,5242,628,-17230,70,320,81,0,0,0
241179,31.23,30.51,7604,0.4884,4192,546,-12122,99,286,94,0,0,0
241199,31.23,30.51,8499,0.4973,4722,532,-15698,106,334,90,0,0,0
241243,31.23,30.51,234,0.0333,4722,532,-15698,106,334,90,0,0,0
241263,31.23,30.51,7364,0.4554,4174,1054,-12894,89,286,89,0,0,0
241349,31.23,30.51,3154,0.4492,5218,516,-15078,84,425,96,0,0,0
241370,31.23,30.51,8364,0.5242,5218,516,-15078,84,425,96,0,0,0
241421,31.23,30.51,7301,0.5038,5618,1064,-16176,66,334,87,0,0,0
241442,31.23,30.51,8890,0.5542,5486,-226,-12216,108,365,90,0,0,0
241484,31.23,30.51,1862,0.2652,5486,-226,-12216,108,365,90,0,0,0
241530,31.23,30.51,4204,0.5987,5144,462,-16306,104,275,94,0,0,0
241590,31.23,30.51,9302,0.5185,4386,-154,-10106,130,357,92,0,0,0
241610,31.23,30.51,5601,0.3624,4456,500,-15208,118,366,97,0,0,0
241654,31.29,30.51,194,0.0276,4456,500,-15208,118,366,97,0,0,0
241674,31.29,30.51,6184,0.3875,4370,668,-9776,108,355,103,0,0,0
241760,31.29,30.51,955,0.136,5268,386,-13556,100,410,87,0,0,0
241780,31.29,30.51,8450,0.4374,5310,788,-15914,70,312,85,0,0,0
241823,31.29,30.51,2441,0.3477,5310,788,-15914,70,312,85,0,0,0
241843,31.29,30.51,8280,0.6092,5518,-378,-12810,125,367,97,0,0,0
241886,31.29,30.51,133,0.0189,5518,-378,-12810,125,367,97,0,0,0
241945,31.29,30.51,1372,0.1954,5412,78,-17902,107,300,94,0,0,0
242004,31.29,30.51,6505,0.3588,4150,208,-10414,113,366,92,0,0,0
242024,31.29,30.51,9274,0.5829,4568,236,-14394,135,380,91,0,0,0
242067,31.29,30.51,2154,0.3068,4544,1224,-15780,72,339,92,0,0,0
242087,31.29,30.51,9832,0.5529,4526,1046,-10470,102,327,93,0,0,0
242173,31.29,30.51,2894,0.4122,5058,348,-12162,123,406,98,0,0,0
242193,31.27,30.59,7947,0.5005,4882,700,-12738,91,300,96,0,0,0
242237,31.27,30.59,3621,0.5157,4882,700,-12738,91,300,96,0,0,0
242257,31.27,30.59,8844,0.5579,5342,-326,-11508,118,360,103,0,0,0
242300,31.27,30.59,2794,0.3979,5342,-326,-11508,118,360,103,0,0,0
242345,31.27,30.59,2348,0.3344,5514,-30,-16714,99,345,87,0,0,0
242405,31.27,30.59,7558,0.4517,4026,116,-10076,128,312,93,0,0,0
242426,31.27,30.59,6018,0.4134,4360,82,-12664,124,393,91,0,0,0
242479,31.27,30.59,4990,0.3423,4468,832,-15940,65,327,83,0,0,0
242499,31.27,30.59,8604,0.5902,4238,866,-11754,53,352,91,0,0,0
242585,31.27,30.59,1447,0.2061,5072,304,-11250,99,402,98,0,0,0
242605,31.27,30.59,9750,0.5762,5074,778,-13880,70,333,94,0,0,0
242648,31.27,30.59,69,0.0098,5074,778,-13880,70,333,94,0,0,0
242669,31.27,30.59,7870,0.4705,5570,-78,-16164,134,359,93,0,0,0
242711,31.27,30.47,2630,0.3746,5570,-78,-16164,134,359,93,0,0,0
242756,31.27,30.47,2045,0.2913,5018,720,-16478,71,323,82,0,0,0
242816,31.27,30.47,8842,0.5102,3902,450,-11030,103,290,96,0,0,0
242836,31.27,30.47,7304,0.4715,4540,570,-16134,80,331,100,0,0,0
242880,31.27,30.47,3548,0.5053,4540,570,-16134,80,331,100,0,0,0
242900,31.27,30.47,7530,0.543,4278,802,-12252,86,284,86,0,0,0
242985,31.27,30.47,1440,0.2051,4624,412,-10082,132,365,96,0,0,0
243005,31.27,30.47,2843,0.2265,5464,308,-15244,99,414,108,0,0,0
243061,31.27,30.47,7114,0.482,4864,824,-14628,102,290,86,0,0,0
243081,31.27,30.47,9232,0.5617,5278,-236,-14334,78,420,86,0,0,0
243125,31.27,30.47,101,0.0144,5278,-236,-14334,78,420,86,0,0,0
243170,31.27,30.47,1901,0.2707,4940,500,-16808,87,275,88,0,0,0
243230,31.27,30.47,7236,0.4266,4082,62,-9776,103,370,82,0,0,0
243250,31.27,30.47,6451,0.3821,4542,516,-15378,92,370,104,0,0,0
243293,31.27,30.59,436,0.0621,4542,516,-15378,92,370,104,0,0,0
243313,31.27,30.59,4490,0.2574,4170,382,-9448,110,360,100,0,0,0
243400,31.27,30.59,3325,0.4736,4948,206,-13524,108,388,97,0,0,0
243420,31.27,30.59,5868,0.4029,5344,772,-15622,51,358,87,0,0,0
243464,31.27,30.59,5324,0.7583,5344,772,-15622,51,358,87,0,0,0
243484,31.27,30.59,7706,0.5466,5334,-534,-12592,135,367,95,0,0,0
243528,31.27,30.59,1347,0.1918,5334,-534,-12592,135,367,95,0,0,0
243590,31.27,30.59,2406,0.3427,4314,620,-13348,86,296,88,0,0,0
243650,31.27,30.59,6784,0.455,4056,258,-9738,96,355,96,0,0,0
243670,31.27,30.59,6239,0.4195,4210,904,-14292,95,289,87,0,0,0
243712,31.27,30.59,157,0.0224,4210,904,-14292,95,289,87,0,0,0
243732,31.27,30.59,6255,0.4086,3892,676,-9290,112,343,103,0,0,0
243818,31.29,30.59,2604,0.3709,4980,250,-12462,114,402,92,0,0,0
243838,31.29,30.59,6829,0.401,4732,392,-11618,88,295,98,0,0,0
243882,31.29,30.59,1948,0.2774,4732,392,-11618,88,295,98,0,0,0
243902,31.29,30.59,6204,0.3988,4992,-334,-11142,120,370,98,0,0,0
243945,31.29,30.59,4664,0.6643,4992,-334,-11142,120,370,98,0,0,0
243990,31.29,30.59,477,0.0679,4526,628,-13874,90,300,87,0,0,0
244050,31.29,30.59,7466,0.4666,3884,4,-8842,121,313,99,0,0,0
244071,31.29,30.59,8329,0.5879,3998,108,-13050,108,375,85,0,0,0
244122,31.29,30.59,3313,0.2429,4130,1110,-15020,80,327,88,0,0,0
244142,31.29,30.59,3841,0.2406,3980,716,-9884,102,318,96,0,0,0
244228,31.29,30.59,3056,0.4352,5262,444,-15920,57,367,91,0,0,0
244248,31.29,30.59,8713,0.5737,4734,368,-12096,90,268,102,0,0,0
244292,31.29,30.59,1375,0.1958,4734,368,-12096,90,268,102,0,0,0
244312,31.29,30.59,8842,0.643,5478,-106,-16096,82,414,97,0,0,0
244355,31.25,30.57,4662,0.664,5478,-106,-16096,82,414,97,0,0,0
244401,31.25,30.57,3553,0.506,4588,552,-15252,99,278,89,0,0,0
244461,31.25,30.57,7357,0.4549,3742,174,-10088,123,299,95,0,0,0
244481,31.25,30.57,7894,0.493,4282,738,-16230,63,332,82,0,0,0
244525,31.25,30.57,257,0.0366,4282,738,-16230,63,332,82,0,0,0
244545,31.25,30.57,8506,0.5174,4024,610,-10818,63,335,86,0,0,0
244630,31.25,30.57,60,0.0085,5284,376,-15856,88,348,95,0,0,0
244651,31.25,30.57,5170,0.4839,5284,376,-15856,88,348,95,0,0,0
244702,31.25,30.57,5156,0.4403,4956,906,-14568,61,324,95,0,0,0
244722,31.25,30.57,7550,0.4735,5366,-476,-15430,125,371,100,0,0,0
244766,31.25,30.57,4208,0.5993,5366,-476,-15430,125,371,100,0,0,0
244811,31.25,30.57,6310,0.8987,4918,668,-16330,61,320,89,0,0,0
244871,31.25,30.57,8486,0.5812,4216,-42,-10812,118,360,90,0,0,0
244891,31.25,30.57,6077,0.3642,4408,608,-16162,62,378,81,0,0,0
244935,31.27,30.51,426,0.0607,4408,608,-16162,62,378,81,0,0,0
244955,31.27,30.51,8080,0.465,4396,128,-8958,134,359,98,0,0,0
245041,31.27,30.51,500,0.0712,5022,220,-14918,100,414,90,0,0,0
245061,31.27,30.51,7699,0.4662,5016,966,-14866,86,301,98,0,0,0
245105,31.27,30.51,988,0.1407,5016,966,-14866,86,301,98,0,0,0
245125,31.27,30.51,7842,0.4566,5232,-338,-13750,117,395,92,0,0,0
245168,31.27,30.51,978,0.1393,5232,-338,-13750,117,395,92,0,0,0
245226,31.27,30.51,3288,0.4683,5068,254,-16350,66,303,97,0,0,0
245287,31.27,30.51,7337,0.5224,4058,-38,-9330,108,362,99,0,0,0
245307,31.27,30.51,6613,0.4785,3840,800,-13362,87,299,84,0,0,0
245350,31.27,30.51,2195,0.3126,3840,800,-13362,87,299,84,0,0,0
245370,31.27,30.51,6377,0.3933,4120,306,-8950,131,342,106,0,0,0
245456,31.27,30.51,1778,0.2532,5128,252,-13530,97,407,97,0,0,0
245477,31.27,30.57,6808,0.3925,4416,248,-10314,87,336,95,0,0,0
245520,31.27,30.57,104,0.0148,4416,248,-10314,87,336,95,0,0,0
245541,31.27,30.57,9527,0.516,5050,-672,-12132,110,364,98,0,0,0
245583,31.27,30.57,5340,0.7605,5050,-672,-12132,110,364,98,0,0,0
245628,31.27,30.57,7266,1.0348,4192,562,-12676,99,290,95,0,0,0
245688,31.27,30.57,9158,0.6481,3908,-176,-9282,123,346,93,0,0,0
245708,31.27,30.57,4256,0.4338,4322,374,-14354,118,371,88,0,0,0
245765,31.27,30.57,6825,0.4234,4338,1014,-15174,67,348,88,0,0,0
245785,31.27,30.57,9241,0.5399,3802,378,-9320,121,334,91,0,0,0
245871,31.27,30.57,6829,0.9726,5078,468,-15418,34,394,84,0,0,0
245891,31.27,30.57,8759,0.5081,4778,254,-12202,99,300,83,0,0,0
245934,31.27,30.57,310,0.0442,4778,254,-12202,99,300,83,0,0,0
245955,31.27,30.57,6526,0.4545,5168,28,-16316,82,370,97,0,0,0
245997,31.25,30.47,3953,0.563,5168,28,-16316,82,370,97,0,0,0
246042,31.25,30.47,2844,0.405,4360,448,-13964,100,258,78,0,0,0
246101,31.25,30.47,6574,0.4881,3836,340,-9500,128,343,91,0,0,0
246121,31.25,30.47,8500,0.4893,4088,744,-15854,88,295,89,0,0,0
246165,31.25,30.47,1702,0.2424,4088,744,-15854,88,295,89,0,0,0
246185,31.25,30.47,8807,0.5376,3924,624,-9956,87,297,89,0,0,0
246271,31.25,30.47,4202,0.5985,5282,388,-15042,63,383,85,0,0,0
246292,31.25,30.47,3258,0.2146,5282,388,-15042,63,383,85,0,0,0
246343,31.25,30.47,3482,0.2562,4706,678,-12904,98,281,96,0,0,0
246363,31.25,30.47,6904,0.4057,5294,-402,-15092,110,366,99,0,0,0
246407,31.25,30.47,1630,0.2321,5294,-402,-15092,110,366,99,0,0,0
246452,31.25,30.47,0,0.0,4688,556,-15902,82,279,86,0,0,0
246511,31.25,30.47,6036,0.431,4198,-6,-11948,109,401,88,0,0,0
246531,31.25,30.47,7110,0.4924,4538,754,-16184,64,321,80,0,0,0
246574,31.27,30.51,545,0.0776,4538,754,-16184,64,321,80,0,0,0
246595,31.27,30.51,6621,0.4224,4798,236,-10142,107,397,101,0,0,0
246680,31.27,30.51,6721,0.9572,4974,244,-14966,108,349,91,0,0,0
246700,31.27,30.51,9649,0.5438,5352,998,-15424,70,352,90,0,0,0
246743,31.27,30.51,1823,0.2596,5352,998,-15424,70,352,90,0,0,0
246764,31.27,30.51,7783,0.5163,5280,-174,-13964,141,334,90,0,0,0
246807,31.27,30.51,391,0.0557,5280,-174,-13964,141,334,90,0,0,0
246863,31.27,30.51,3751,0.5342,4982,256,-16242,62,297,96,0,0,0
246922,31.27,30.51,7215,0.4147,4546,-90,-10304,117,373,88,0,0,0
246943,31.27,30.51,8103,0.5171,4470,534,-16076,123,319,100,0,0,0
246986,31.27,30.51,2890,0.4116,4470,534,-16076,123,319,100,0,0,0
247006,31.27,30.51,9040,0.6252,4410,240,-9866,144,366,114,0,0,0
247093,31.27,30.47,1804,0.2569,5300,376,-14272,126,391,95,0,0,0
247113,31.27,30.47,5193,0.3557,4784,434,-11104,97,310,94,0,0,0
247156,31.27,30.47,495,0.0705,4784,434,-11104,97,310,94,0,0,0
247177,31.27,30.47,8435,0.4765,5362,-356,-12650,97,385,86,0,0,0
247220,31.27,30.47,1499,0.2135,5362,-356,-12650,97,385,86,0,0,0
247265,31.27,30.47,957,0.1363,5246,-78,-16588,67,334,94,0,0,0
247324,31.27,30.47,5631,0.4074,3986,22,-9400,134,351,84,0,0,0
247345,31.27,30.47,5798,0.5137,3986,22,-9400,134,351,84,0,0,0
247399,31.27,30.47,7962,0.5252,4388,1030,-14498,96,304,87,0,0,0
247419,31.27,30.47,6609,0.3894,4236,438,-9700,111,343,96,0,0,0
247504,31.27,30.47,3521,0.5015,5050,-110,-12272,99,396,98,0,0,0
247525,31.27,30.47,7335,0.3899,4996,648,-12056,71,348,90,0,0,0
247568,31.27,30.47,5699,0.8117,4996,648,-12056,71,348,90,0,0,0
247588,31.27,30.47,8700,0.5147,5358,84,-16742,91,348,93,0,0,0
247632,31.25,30.47,2801,0.3989,5358,84,-16742,91,348,93,0,0,0
247676,31.25,30.47,1104,0.1572,4694,560,-14332,97,290,87,0,0,0
247737,31.25,30.47,7888,0.4876,4132,168,-9766,126,344,97,0,0,0
247757,31.25,30.47,7196,0.4143,4382,862,-14848,89,290,84,0,0,0
247800,31.25,30.47,260,0.037,4382,862,-14848,89,290,84,0,0,0
247820,31.25,30.47,7305,0.4827,4368,772,-10822,69,357,87,0,0,0
247906,31.25,30.47,4660,0.6637,5070,122,-11742,105,376,105,0,0,0
247927,31.25,30.47,4888,0.4839,5552,354,-16722,78,338,91,0,0,0
247981,31.25,30.47,7156,0.5721,5026,818,-14180,59,337,93,0,0,0
248001,31.25,30.47,7051,0.498,5690,-12,-16736,118,370,98,0,0,0
248044,31.25,30.47,2811,0.4004,5690,-12,-16736,118,370,98,0,0,0
248090,31.25,30.47,1667,0.2374,5012,570,-15688,83,316,91,0,0,0
248150,31.25,30.47,7459,0.5651,4562,-16,-12484,135,398,89,0,0,0
248170,31.25,30.47,5888,0.4841,4940,792,-16696,46,344,82,0,0,0
248213,31.27,30.59,254,0.0362,4940,792,-16696,46,344,82,0,0,0
248233,31.27,30.59,5085,0.3431,4882,66,-10388,145,329,102,0,0,0
248319,31.27,30.59,1058,0.1507,5348,260,-15902,72,386,92,0,0,0
248340,31.27,30.59,6386,0.3981,5360,716,-14278,92,324,95,0,0,0
248383,31.27,30.59,478,0.0681,5360,716,-14278,92,324,95,0,0,0
248403,31.27,30.59,9911,0.543,5466,-302,-15556,114,378,96,0,0,0
248447,31.27,30.59,3269,0.4656,5466,-302,-15556,114,378,96,0,0,0
248500,31.27,30.59,3585,0.5106,4984,658,-16434,66,306,87,0,0,0
248560,31.27,30.59,6111,0.361,4776,-22,-11422,100,425,91,0,0,0
248580,31.27,30.59,8426,0.4909,4778,734,-15986,79,344,82,0,0,0
248623,31.27,30.59,2334,0.3324,4778,734,-15986,79,344,82,0,0,0
248643,31.27,30.59,6467,0.4162,4638,490,-10076,123,351,102,0,0,0
248729,31.23,30.45,3335,0.475,5432,330,-15142,97,403,100,0,0,0
248749,31.23,30.45,5486,0.4047,5080,168,-10900,123,324,107,0,0,0
248793,31.23,30.45,1054,0.1501,5080,168,-10900,123,324,107,0,0,0
248813,31.23,30.45,5845,0.4211,5648,-252,-14264,126,357,91,0,0,0
248857,31.23,30.45,240,0.0342,5648,-252,-14264,126,357,91,0,0,0
248902,31.23,30.45,1080,0.1538,5252,410,-17188,72,304,89,0,0,0
248961,31.23,30.45,9633,0.5055,4298,34,-10568,131,345,87,0,0,0
248982,31.23,30.45,3071,0.2169,4298,34,-10568,131,345,87,0,0,0
249033,31.23,30.45,5320,0.3836,4470,1262,-14482,67,310,89,0,0,0
249053,31.23,30.45,8792,0.6224,4468,680,-10156,110,368,97,0,0,0
249139,31.23,30.45,2443,0.3479,5134,154,-13776,127,405,94,0,0,0
249160,31.23,30.45,9265,0.5648,4988,318,-10832,110,296,105,0,0,0
249203,31.23,30.45,290,0.0413,4988,318,-10832,110,296,105,0,0,0
249224,31.23,30.45,7679,0.4161,5394,-500,-12518,121,346,95,0,0,0
249267,31.25,30.47,1603,0.2283,5394,-500,-12518,121,346,95,0,0,0
249313,31.25,30.47,883,0.1258,4486,556,-13758,84,312,87,0,0,0
249372,31.25,30.47,8477,0.4879,4388,-26,-9886,123,336,93,0,0,0
249392,31.25,30.47,8849,0.5041,4384,1294,-14702,71,317,88,0,0,0
249436,31.25,30.47,4422,0.6298,4384,1294,-14702,71,317,88,0,0,0
249456,31.25,30.47,8180,0.512,4056,744,-9890,125,327,96,0,0,0
249542,31.25,30.47,5060,0.7207,5296,306,-13062,116,404,94,0,0,0
249562,31.25,30.47,1892,0.1234,5680,866,-16812,8,403,77,0,0,0
249612,31.25,30.47,7358,0.4935,5050,342,-12346,108,279,99,0,0,0
249633,31.25,30.47,5973,0.3612,5684,38,-17124,76,378,93,0,0,0
249676,31.25,30.47,1287,0.1833,5684,38,-17124,76,378,93,0,0,0
249721,31.25,30.47,1946,0.2772,4676,516,-14968,104,267,88,0,0,0
249781,31.25,30.47,7216,0.4022,4104,480,-10738,106,344,83,0,0,0
249801,31.25,30.47,7505,0.4537,4636,1164,-15502,104,281,88,0,0,0
249844,31.25,30.45,983,0.14,4636,1164,-15502,104,281,88,0,0,0
249864,31.25,30.45,6895,0.4927,4018,792,-10554,100,302,95,0,0,0
249951,31.25,30.45,1366,0.1945,5106,236,-11788,105,403,92,0,0,0
249971,31.25,30.45,5476,0.3629,5252,926,-13566,67,323,93,0,0,0
250013,31.25,30.45,115,0.0164,5252,926,-13566,67,323,93,0,0,0
250034,31.25,30.45,8623,0.5226,5602,-142,-16534,132,333,87,0,0,0
250077,31.25,30.45,1022,0.1456,5602,-142,-16534,132,333,87,0,0,0
250135,31.25,30.45,2687,0.3827,4768,668,-15818,99,279,94,0,0,0
250194,31.25,30.45,4591,0.2607,4386,-124,-12264,126,367,89,0,0,0
250215,31.25,30.45,5604,0.4305,4498,740,-15894,80,331,95,0,0,0
250258,31.25,30.45,5463,0.7781,4498,740,-15894,80,331,95,0,0,0
250278,31.25,30.45,9004,0.4976,4828,254,-11252,119,408,107,0,0,0
250364,31.25,30.45,2020,0.2877,5616,488,-15990,71,359,90,0,0,0
250384,31.25,30.45,9688,0.5864,5048,860,-14206,92,286,92,0,0,0
250428,31.25,30.45,1593,0.2269,5048,860,-14206,92,286,92,0,0,0
250448,31.25,30.45,6003,0.5034,5560,-96,-15446,101,391,94,0,0,0
250492,31.25,30.45,394,0.0561,5560,-96,-15446,101,391,94,0,0,0
250537,31.25,30.45,1564,0.2227,4934,794,-16292,79,285,89,0,0,0
250596,31.25,30.45,8425,0.4644,4510,38,-11176,104,393,86,0,0,0
250617,31.25,30.45,2352,0.1751,4510,38,-11176,104,393,86,0,0,0
250671,31.25,30.45,8668,0.7338,4238,878,-12992,85,286,92,0,0,0
250692,31.25,30.45,6995,0.5062,4454,372,-10152,121,377,92,0,0,0
250778,31.25,30.45,5170,0.7363,5190,292,-14772,127,354,101,0,0,0
250798,31.25,30.45,4444,0.2945,4920,78,-10270,104,349,105,0,0,0
250841,31.25,30.45,188,0.0268,4920,78,-10270,104,349,105,0,0,0
250861,31.25,30.45,6962,0.4679,5286,-254,-14408,136,369,87,0,0,0
250905,31.23,30.57,1700,0.2421,5286,-254,-14408,136,369,87,0,0,0
250950,31.23,30.57,2049,0.2918,5128,372,-17198,55,344,89,0,0,0
251010,31.23,30.57,7634,0.4611,4072,-76,-9950,126,320,94,0,0,0
251031,31.23,30.57,9152,0.5656,4122,1042,-13882,75,322,83,0,0,0
251074,31.23,30.57,4099,0.5838,4122,1042,-13882,75,322,83,0,0,0
251094,31.23,30.57,10358,0.5791,4338,460,-9722,120,379,97,0,0,0
251179,31.23,30.57,1787,0.2545,5086,212,-13836,131,364,101,0,0,0
251200,31.23,30.57,6757,0.4544,5252,844,-16098,36,359,91,0,0,0
251253,31.23,30.57,7386,0.4797,4554,398,-10846,111,320,91,0,0,0
251273,31.23,30.57,8635,0.5674,4950,36,-16102,73,295,90,0,0,0
251316,31.23,30.57,498,0.0709,4950,36,-16102,73,295,90,0,0,0
251361,31.23,30.57,876,0.1248,3990,550,-12494,104,286,87,0,0,0
251422,31.23,30.57,8430,0.6056,4172,-36,-8396,113,331,96,0,0,0
251442,31.23,30.57,9679,0.5818,4264,1074,-14456,104,298,95,0,0,0
251485,31.27,30.57,2321,0.3306,4264,1074,-14456,104,298,95,0,0,0
251505,31.27,30.57,5546,0.3651,4008,616,-9848,84,355,90,0,0,0
251591,31.27,30.57,1317,0.1876,5176,126,-13586,90,434,87,0,0,0
251612,31.27,30.57,8929,0.5112,4604,452,-11756,78,289,88,0,0,0
251655,31.27,30.57,2276,0.3242,4604,452,-11756,78,289,88,0,0,0
251675,31.27,30.57,8247,0.49,4920,-18,-17156,96,352,93,0,0,0
251719,31.27,30.57,943,0.1343,4920,-18,-17156,96,352,93,0,0,0
251772,31.27,30.57,2368,0.3373,4508,522,-14394,86,279,74,0,0,0
251831,31.27,30.57,8860,0.4389,3920,74,-9900,112,354,98,0,0,0
251851,31.27,30.57,6370,0.4528,4244,864,-15250,88,310,85,0,0,0
251895,31.27,30.57,4275,0.6089,4244,864,-15250,88,310,85,0,0,0
251915,31.27,30.57,9614,0.4947,5054,224,-11644,105,412,86,0,0,0
252001,31.25,30.57,2554,0.3637,5224,284,-15884,93,316,101,0,0,0
252022,31.25,30.57,6963,0.4379,4778,564,-12798,62,326,85,0,0,0
252064,31.25,30.57,3281,0.4673,4778,564,-12798,62,326,85,0,0,0
252084,31.25,30.57,7194,0.4481,5236,-198,-16254,110,341,91,0,0,0
252128,31.25,30.57,1534,0.2185,5236,-198,-16254,110,341,91,0,0,0
252173,31.25,30.57,2400,0.3418,4616,700,-15084,89,284,76,0,0,0
252232,31.25,30.57,7162,0.4552,3798,94,-9236,106,318,98,0,0,0
252253,31.25,30.57,5063,0.4031,4188,102,-12400,131,387,85,0,0,0
252305,31.25,30.57,6568,0.7594,4306,904,-16310,48,366,87,0,0,0
252326,31.25,30.57,11426,0.814,4784,360,-10190,135,358,95,0,0,0
252412,31.25,30.57,3801,0.5413,5288,240,-15328,66,358,100,0,0,0
252432,31.25,30.57,7600,0.3992,4754,-156,-10304,141,332,106,0,0,0
252475,31.25,30.57,2032,0.2894,4754,-156,-10304,141,332,106,0,0,0
252496,31.25,30.57,6929,0.482,5302,-126,-15442,100,409,87,0,0,0
252538,31.29,30.63,1747,0.2488,5302,-126,-15442,100,409,87,0,0,0
252584,31.29,30.63,1840,0.2621,4632,678,-15570,83,297,89,0,0,0
252643,31.29,30.63,8538,0.5131,3970,-104,-10476,128,354,90,0,0,0
252663,31.29,30.63,7608,0.591,4194,638,-15872,63,365,87,0,0,0
252707,31.29,30.63,409,0.0583,4194,638,-15872,63,365,87,0,0,0
252727,31.29,30.63,10237,0.6449,4584,324,-9480,107,371,96,0,0,0
252813,31.29,30.63,176,0.0251,4948,-192,-14194,97,364,103,0,0,0
252834,31.29,30.63,4546,0.3868,4950,500,-13724,82,300,90,0,0,0
252887,31.29,30.63,7853,0.5318,4556,-26,-9674,117,338,97,0,0,0
252907,31.29,30.63,6494,0.4871,5280,-316,-14462,93,451,94,0,0,0
252951,31.29,30.63,212,0.0302,5280,-316,-14462,93,451,94,0,0,0
252996,31.29,30.63,710,0.1011,3806,310,-11162,92,290,89,0,0,0
253056,31.29,30.63,6652,0.4475,4166,-262,-10560,96,377,92,0,0,0
253077,31.29,30.63,7469,0.4581,4032,772,-11984,92,303,98,0,0,0
253119,31.25,30.63,925,0.1317,4032,772,-11984,92,303,98,0,0,0
253139,31.25,30.63,9578,0.552,4140,506,-8622,118,365,96,0,0,0
253225,31.25,30.63,3,0.0004,4912,192,-13512,121,367,99,0,0,0
253246,31.25,30.63,7747,0.4424,4490,296,-10426,90,359,90,0,0,0
253289,31.25,30.63,1367,0.1947,4490,296,-10426,90,359,90,0,0,0
253309,31.25,30.63,8418,0.5113,5320,-508,-13408,108,400,97,0,0,0
253352,31.25,30.63,2780,0.3959,5320,-508,-13408,108,400,97,0,0,0
253410,31.25,30.63,545,0.0776,4220,358,-12486,92,275,84,0,0,0
253470,31.25,30.63,7841,0.569,4126,-216,-9282,123,357,99,0,0,0
253490,31.25,30.63,10009,0.5774,4430,1052,-14842,72,346,92,0,0,0
253534,31.25,30.63,2195,0.3126,4430,1052,-14842,72,346,92,0,0,0
253554,31.25,30.63,7336,0.4079,4856,14,-13024,106,379,100,0,0,0
253640,31.27,30.59,2889,0.4115,5114,712,-15738,55,349,86,0,0,0
253660,31.27,30.59,6539,0.3808,4580,240,-11994,93,284,84,0,0,0
253704,31.27,30.59,358,0.051,4580,240,-11994,93,284,84,0,0,0
253724,31.27,30.59,5716,0.3894,5076,-42,-16080,87,359,91,0,0,0
253767,31.27,30.59,2106,0.2999,5076,-42,-16080,87,359,91,0,0,0
253812,31.27,30.59,988,0.1407,4232,308,-13332,109,256,98,0,0,0
253873,31.27,30.59,10291,0.6148,4232,200,-9562,113,379,91,0,0,0
253893,31.27,30.59,6225,0.5497,4136,346,-13368,129,356,93,0,0,0
253944,31.27,30.59,4763,0.3273,4208,906,-14670,103,282,89,0,0,0
253964,31.27,30.59,7531,0.4597,4844,74,-11666,84,413,93,0,0,0
254049,31.27,30.59,2647,0.377,5290,324,-16268,53,362,86,0,0,0
254070,31.27,30.59,5710,0.4656,4604,378,-13168,78,306,87,0,0,0
254113,31.27,30.59,2356,0.3355,4604,378,-13168,78,306,87,0,0,0
254133,31.27,30.59,6220,0.4214,5276,-20,-16520,101,360,94,0,0,0
254177,31.25,30.59,255,0.0363,5276,-20,-16520,101,360,94,0,0,0
254223,31.25,30.59,1957,0.2787,4700,622,-15220,108,289,89,0,0,0
254283,31.25,30.59,8215,0.548,4436,78,-12200,120,367,95,0,0,0
254303,31.25,30.59,8283,0.4874,4270,966,-15438,81,308,80,0,0,0
254345,31.25,30.59,1465,0.2086,4270,966,-15438,81,308,80,0,0,0
254366,31.25,30.59,7271,0.5107,4666,388,-10464,104,399,94,0,0,0
254452,31.25,30.59,2479,0.3531,5068,134,-14842,79,363,90,0,0,0
254472,31.25,30.59,5427,0.4935,5068,134,-14842,79,363,90,0,0,0
254529,31.25,30.59,8109,0.5302,4910,-324,-9730,133,340,98,0,0,0
254549,31.25,30.59,5599,0.3927,5118,-474,-14274,121,385,98,0,0,0
254591,31.25,30.59,2598,0.37,5118,-474,-14274,121,385,98,0,0,0
254639,31.25,30.59,2860,0.4073,3804,478,-11220,87,313,83,0,0,0
254699,31.25,30.59,4827,0.3258,4406,-206,-11678,104,409,90,0,0,0
254719,31.25,30.59,6513,0.3161,4170,830,-12820,80,314,97,0,0,0
254763,31.27,30.57,1090,0.1552,4170,830,-12820,80,314,97,0,0,0
254783,31.27,30.57,6825,0.4967,4682,402,-9582,141,348,98,0,0,0
254869,31.27,30.57,5416,0.7714,5098,140,-14404,107,379,99,0,0,0
254889,31.27,30.57,7499,0.4676,4722,166,-10536,109,308,99,0,0,0
254932,31.27,30.57,3323,0.4733,4722,166,-10536,109,308,99,0,0,0
254953,31.27,30.57,7585,0.4989,5430,-604,-13326,117,379,100,0,0,0
255004,31.27,30.57,3566,0.5079,5196,384,-16468,60,319,77,0,0,0
255053,31.27,30.57,1398,0.1991,3922,398,-11894,88,305,93,0,0,0
255113,31.27,30.57,8458,0.5561,4330,-108,-9948,121,354,93,0,0,0
255133,31.27,30.57,6934,0.5099,4418,860,-13714,67,336,90,0,0,0
255177,31.27,30.57,486,0.0692,4418,860,-13714,67,336,90,0,0,0
255197,31.27,30.57,6181,0.4403,5246,236,-14184,93,433,100,0,0,0
255282,31.27,30.47,4452,0.6341,5598,908,-16162,49,366,85,0,0,0
255302,31.27,30.47,9927,0.5824,4654,404,-12318,123,281,99,0,0,0
255346,31.27,30.47,3823,0.5445,4654,404,-12318,123,281,99,0,0,0
255366,31.27,30.47,6602,0.4085,5334,380,-16552,83,302,84,0,0,0
255408,31.27,30.47,26,0.0037,5334,380,-16552,83,302,84,0,0,0
255453,31.27,30.47,1344,0.1914,4216,428,-13050,116,247,91,0,0,0
255474,31.27,30.47,8572,0.6164,4216,428,-13050,116,247,91,0,0,0
255524,31.27,30.47,3932,0.3103,4258,378,-14292,129,350,88,0,0,0
255545,31.27,30.47,7266,0.4274,4462,1144,-14680,82,335,89,0,0,0
255588,31.27,30.47,1786,0.2544,4462,1144,-14680,82,335,89,0,0,0
255633,31.27,30.47,1209,0.1722,4082,560,-9544,86,340,91,0,0,0
255694,31.27,30.47,6658,0.5271,5286,590,-15930,39,370,93,0,0,0
255714,31.27,30.47,7953,0.4829,5004,728,-12854,111,284,88,0,0,0
255757,31.25,30.57,1385,0.1973,5430,-494,-11952,93,411,102,0,0,0
255777,31.25,30.57,9008,0.5101,5542,-18,-17190,109,339,90,0,0,0
255862,31.25,30.57,38,0.0054,4902,682,-15064,109,297,88,0,0,0
255883,31.25,30.57,6292,0.5367,4650,108,-12812,153,352,99,0,0,0
255926,31.25,30.57,3431,0.4887,4650,108,-12812,153,352,99,0,0,0
255946,31.25,30.57,7995,0.5419,4602,1070,-16884,51,356,80,0,0,0
255989,31.25,30.57,2322,0.3307,4602,1070,-16884,51,356,80,0,0,0
256042,31.25,30.57,6800,0.9685,5098,182,-11872,122,360,98,0,0,0
256102,31.25,30.57,10622,0.6785,5548,522,-16964,56,374,89,0,0,0
256123,31.25,30.57,9920,0.7116,5412,-306,-11160,130,370,100,0,0,0
256165,31.25,30.57,3108,0.4426,5412,-306,-11160,130,370,100,0,0,0
256185,31.25,30.57,6451,0.384,5588,-92,-15978,129,344,101,0,0,0
256271,31.27,30.57,95,0.0135,4894,820,-16280,78,298,85,0,0,0
256291,31.27,30.57,8888,0.4891,4486,-46,-12134,114,379,96,0,0,0
256335,31.27,30.57,145,0.0207,4486,-46,-12134,114,379,96,0,0,0
256355,31.27,30.57,7952,0.4199,4022,836,-11638,76,277,91,0,0,0
256399,31.27,30.57,2345,0.334,4022,836,-11638,76,277,91,0,0,0
256444,31.27,30.57,1085,0.1545,4598,86,-9426,132,374,103,0,0,0
256503,31.27,30.57,7449,0.5049,5184,208,-14904,101,372,87,0,0,0
256523,31.27,30.57,6846,0.5242,5186,860,-13676,94,305,106,0,0,0
256573,31.27,30.57,7145,0.4726,4980,154,-10126,118,344,99,0,0,0
256593,31.27,30.57,6703,0.4126,5278,-284,-14598,132,364,97,0,0,0
256678,31.27,30.57,1603,0.2283,3796,316,-11068,87,285,90,0,0,0
256699,31.27,30.57,8500,0.5264,4558,-12,-10618,109,371,93,0,0,0
256742,31.27,30.57,1289,0.1836,4558,-12,-10618,109,371,93,0,0,0
256762,31.27,30.57,8256,0.5634,4580,1172,-12940,72,289,89,0,0,0
256806,31.25,30.53,4317,0.6148,4580,1172,-12940,72,289,89,0,0,0
256851,31.25,30.53,3653,0.5203,4546,508,-9626,130,363,99,0,0,0
256911,31.25,30.53,5616,0.3847,5314,166,-14436,122,372,105,0,0,0
256931,31.25,30.53,4002,0.2924,5076,308,-11520,102,333,92,0,0,0
256975,31.25,30.53,2166,0.3085,5076,308,-11520,102,333,92,0,0,0
256995,31.25,30.53,7130,0.4803,5396,664,-17510,40,356,84,0,0,0
257081,31.25,30.53,420,0.0598,4304,664,-13278,108,262,88,0,0,0
257102,31.25,30.53,4758,0.3765,4304,664,-13278,108,262,88,0,0,0
257154,31.25,30.53,3961,0.2719,4292,-92,-10580,135,356,93,0,0,0
257175,31.25,30.53,7819,0.4808,4258,1074,-13676,88,285,95,0,0,0
257218,31.25,30.53,2266,0.3227,4258,1074,-13676,88,285,95,0,0,0
257263,31.25,30.53,1888,0.2689,4430,474,-9796,109,353,97,0,0,0
257323,31.25,30.53,8042,0.5188,5452,520,-15756,34,350,87,0,0,0
257343,31.25,30.53,6138,0.362,4812,356,-11406,83,324,83,0,0,0
257386,31.23,30.57,1102,0.1569,4812,356,-11406,83,324,83,0,0,0
257406,31.23,30.57,4693,0.3367,5180,94,-16562,51,347,72,0,0,0
257492,31.23,30.57,5259,0.749,4220,624,-13240,122,272,100,0,0,0
257512,31.23,30.57,7922,0.4449,4192,-116,-9064,120,344,90,0,0,0
257555,31.23,30.57,506,0.0721,4192,-116,-9064,120,344,90,0,0,0
257575,31.23,30.57,7036,0.5164,4676,1296,-15190,81,324,88,0,0,0
257618,31.23,30.57,846,0.1205,4676,1296,-15190,81,324,88,0,0,0
257676,31.23,30.57,1381,0.1967,5274,0,-12660,94,417,94,0,0,0
257735,31.23,30.57,9299,0.6015,5498,584,-16022,61,336,96,0,0,0
257756,31.23,30.57,6777,0.3931,5412,-208,-11270,110,402,109,0,0,0
257799,31.23,30.57,2147,0.3058,5412,-208,-11270,110,402,109,0,0,0
257820,31.23,30.57,7254,0.4858,5646,0,-17050,110,343,93,0,0,0
257906,31.27,30.59,2317,0.33,4604,756,-15050,93,294,82,0,0,0
257926,31.27,30.59,8605,0.5362,4752,394,-13636,103,423,83,0,0,0
257969,31.27,30.59,380,0.0541,4752,394,-13636,103,423,83,0,0,0
257989,31.27,30.59,5698,0.2938,4496,1000,-15904,79,284,87,0,0,0
258033,31.27,30.59,853,0.1215,4496,1000,-15904,79,284,87,0,0,0
258078,31.27,30.59,98,0.014,4950,232,-11550,110,381,97,0,0,0
258139,31.27,30.59,8928,0.5249,5548,416,-15858,68,372,92,0,0,0
258159,31.27,30.59,3029,0.2641,4684,818,-13064,78,304,91,0,0,0
258213,31.27,30.59,6127,0.4418,5056,-212,-9558,139,331,106,0,0,0
258233,31.27,30.59,8052,0.5281,5540,-306,-15204,135,376,92,0,0,0
258319,31.27,30.59,1046,0.149,4064,264,-10322,105,320,101,0,0,0
258339,31.27,30.59,6621,0.4689,4362,338,-11940,109,375,76,0,0,0
258383,31.27,30.59,1269,0.1807,4362,338,-11940,109,375,76,0,0,0
258403,31.27,30.59,6745,0.4462,4314,1024,-12120,86,286,78,0,0,0
258447,31.23,30.59,1192,0.1698,4314,1024,-12120,86,286,78,0,0,0
258492,31.23,30.59,3237,0.461,4594,294,-10576,114,381,101,0,0,0
258551,31.23,30.59,8507,0.5077,5418,416,-15662,90,408,98,0,0,0
258571,31.23,30.59,7724,0.4378,4946,-62,-10262,126,342,103,0,0,0
258615,31.23,30.59,1792,0.2552,4946,-62,-10262,126,342,103,0,0,0
258635,31.23,30.59,7636,0.4478,5426,-138,-14626,132,386,92,0,0,0
258720,31.23,30.59,3369,0.4798,3938,546,-11820,103,286,88,0,0,0
258741,31.23,30.59,5597,0.3696,3938,546,-11820,103,286,88,0,0,0
258791,31.23,30.59,5078,0.4005,4174,12,-10394,123,359,84,0,0,0
258811,31.23,30.59,6057,0.4703,4230,834,-13470,70,306,93,0,0,0
258855,31.23,30.59,1938,0.276,4230,834,-13470,70,306,93,0,0,0
258900,31.23,30.59,1193,0.1699,4514,448,-9908,128,353,98,0,0,0
258959,31.23,30.59,6308,0.3869,5086,848,-15324,67,322,90,0,0,0
258979,31.23,30.59,7110,0.485,4776,138,-11046,87,365,84,0,0,0
259022,31.25,30.57,2536,0.3612,4776,138,-11046,87,365,84,0,0,0
259043,31.25,30.57,7343,0.4938,5358,360,-17310,91,310,93,0,0,0
259128,31.25,30.57,3666,0.5221,3986,588,-12950,85,281,89,0,0,0
259149,31.25,30.57,7605,0.4725,4462,76,-9990,112,364,92,0,0,0
259191,31.25,30.57,652,0.0929,4462,76,-9990,112,364,92,0,0,0
259211,31.25,30.57,9422,0.5072,4456,1196,-14368,68,336,89,0,0,0
259255,31.25,30.57,16,0.0023,4456,1196,-14368,68,336,89,0,0,0
259311,31.25,30.57,2615,0.3724,4346,814,-10108,111,353,99,0,0,0
259370,31.25,30.57,5157,0.3783,4892,610,-15522,71,303,88,0,0,0
259390,31.25,30.57,5663,0.3855,4764,450,-11462,79,331,97,0,0,0
259433,31.25,30.57,1019,0.1451,4764,450,-11462,79,331,97,0,0,0
259453,31.25,30.57,7474,0.4837,5146,74,-16906,102,316,99,0,0,0
259539,31.23,30.57,1224,0.1743,4428,812,-14320,77,296,80,0,0,0
259559,31.23,30.57,7137,0.4516,4384,390,-14286,105,408,101,0,0,0
259602,31.23,30.57,2326,0.3313,4384,390,-14286,105,408,101,0,0,0
259623,31.23,30.57,8437,0.5011,4356,852,-14810,91,285,84,0,0,0
259666,31.23,30.57,1226,0.1746,4356,852,-14810,91,285,84,0,0,0
259712,31.23,30.57,2984,0.425,3826,760,-10192,93,317,87,0,0,0
259772,31.23,30.57,7388,0.5204,5190,508,-15956,67,316,89,0,0,0
259792,31.23,30.57,3060,0.2168,5190,508,-15956,67,316,89,0,0,0
259843,31.23,30.57,6588,0.5114,4882,-524,-10768,138,342,107,0,0,0
259863,31.23,30.57,8967,0.4926,5132,-88,-15952,113,372,95,0,0,0
259949,31.23,30.57,180,0.0256,4504,600,-14648,88,293,81,0,0,0
259970,31.23,30.57,7953,0.517,4444,424,-12110,92,409,85,0,0,0
260012,31.23,30.57,2857,0.4069,4444,424,-12110,92,409,85,0,0,0
260032,31.23,30.57,9034,0.5443,4198,896,-15822,94,284,88,0,0,0
260076,31.23,30.57,2438,0.3472,4198,896,-15822,94,284,88,0,0,0
260121,31.23,30.57,306,0.0436,4782,334,-10468,106,395,93,0,0,0
260181,31.23,30.57,5930,0.3597,5156,322,-15494,94,334,94,0,0,0
260201,31.23,30.57,7919,0.4708,4470,-160,-10288,130,349,97,0,0,0
260244,31.23,30.57,620,0.0883,4470,-160,-10288,130,349,97,0,0,0
260265,31.23,30.57,6131,0.4057,5380,-166,-15482,114,400,91,0,0,0
260351,31.23,30.57,4591,0.6539,4922,750,-16762,62,347,90,0,0,0
260372,31.23,30.57,3881,0.3529,3844,280,-10300,102,270,86,0,0,0
260429,31.23,30.57,6631,0.4179,4082,-180,-10796,142,333,91,0,0,0
260449,31.23,30.57,6826,0.4181,4038,574,-11862,74,293,90,0,0,0
260492,31.23,30.57,2132,0.3036,4038,574,-11862,74,293,90,0,0,0
260537,31.23,30.57,62,0.0088,4448,176,-9572,119,356,99,0,0,0
260597,31.23,30.57,9635,0.5404,4920,66,-14262,100,363,99,0,0,0
260617,31.23,30.57,11418,0.6051,4778,76,-10696,101,356,92,0,0,0
260659,31.23,30.57,2494,0.3552,4778,76,-10696,101,356,92,0,0,0
260680,31.23,30.57,6679,0.4566,4906,290,-16550,75,314,88,0,0,0
260766,31.23,30.57,1321,0.1881,3798,476,-11754,100,286,84,0,0,0
260786,31.23,30.57,7306,0.4725,4294,-240,-10284,94,398,86,0,0,0
260829,31.23,30.57,502,0.0715,4294,-240,-10284,94,398,86,0,0,0
260850,31.23,30.57,7515,0.4756,4274,966,-13526,95,281,96,0,0,0
260892,31.23,30.57,2564,0.3652,4274,966,-13526,95,281,96,0,0,0
260953,31.23,30.57,1746,0.2487,4192,362,-8578,136,344,104,0,0,0
261012,31.23,30.57,8718,0.5302,4882,838,-15488,75,334,96,0,0,0
261032,31.23,30.57,8378,0.4619,4700,294,-10690,98,322,89,0,0,0
261075,31.23,30.57,1785,0.2542,4700,294,-10690,98,322,89,0,0,0
261096,31.23,30.57,7713,0.4495,4934,74,-16868,95,298,86,0,0,0
261181,31.23,30.57,5599,0.7974,4102,370,-12766,70,308,87,0,0,0
261201,31.23,30.57,9343,0.6514,4212,296,-14046,121,354,96,0,0,0
261243,31.23,30.57,5109,0.7276,4212,296,-14046,121,354,96,0,0,0
261263,31.23,30.57,9531,0.5593,4068,934,-14494,94,313,83,0,0,0
261306,31.23,30.57,1131,0.1611,4068,934,-14494,94,313,83,0,0,0
261351,31.23,30.57,1786,0.2544,4122,438,-9340,90,360,102,0,0,0
261411,31.23,30.57,5577,0.4576,5068,466,-15906,64,327,79,0,0,0
261431,31.23,30.57,4902,0.3303,5068,466,-15906,64,327,79,0,0,0
261482,31.23,30.57,4925,0.3687,5028,-510,-11382,110,405,97,0,0,0
261503,31.23,30.57,8294,0.5734,4972,-74,-15902,91,363,93,0,0,0
261589,31.23,30.57,2740,0.3902,4398,600,-13842,118,256,88,0,0,0
261609,31.23,30.57,8280,0.5138,4224,246,-13588,134,378,93,0,0,0
261651,31.23,30.57,1979,0.2819,4224,246,-13588,134,378,93,0,0,0
261671,31.23,30.57,7132,0.5142,4028,876,-14840,84,298,90,0,0,0
261715,31.25,30.47,840,0.1196,4028,876,-14840,84,298,90,0,0,0
261760,31.25,30.47,1244,0.1772,4778,152,-10536,90,414,79,0,0,0
261820,31.25,30.47,6933,0.4209,5070,226,-15058,70,336,97,0,0,0
261841,31.25,30.47,8942,0.5644,4704,-600,-10326,147,326,104,0,0,0
261884,31.25,30.47,2233,0.318,4704,-600,-10326,147,326,104,0,0,0
261904,31.25,30.47,8311,0.5795,5218,-250,-15386,100,378,98,0,0,0
261991,31.25,30.47,4670,0.6651,4412,374,-14372,90,302,88,0,0,0
262011,31.25,30.47,4103,0.3005,3702,140,-9676,132,311,88,0,0,0
262062,31.25,30.47,5170,0.4033,4014,228,-12304,117,397,99,0,0,0
262082,31.25,30.47,6768,0.5012,3834,584,-11382,63,345,83,0,0,0
262125,31.25,30.47,530,0.0755,3834,584,-11382,63,345,83,0,0,0
262170,31.25,30.47,2450,0.3489,4802,130,-10326,103,393,97,0,0,0
262230,31.25,30.47,6380,0.4001,5242,416,-15744,84,354,92,0,0,0
262251,31.25,30.47,8077,0.4508,4954,-24,-9968,125,345,102,0,0,0
262293,31.25,30.47,3650,0.5198,4954,-24,-9968,125,345,102,0,0,0
262314,31.25,30.47,8885,0.5536,5078,-304,-14828,124,348,89,0,0,0
262400,31.25,30.47,1577,0.2246,3856,496,-10334,87,313,85,0,0,0
262421,31.25,30.47,7565,0.4425,4164,-106,-11224,127,374,96,0,0,0
262463,31.25,30.47,1619,0.2306,4164,-106,-11224,127,374,96,0,0,0
262483,31.25,30.47,6180,0.4756,4040,1056,-11972,69,301,99,0,0,0
262527,31.25,30.47,1309,0.1864,4040,1056,-11972,69,301,99,0,0,0
262585,31.25,30.47,850,0.1211,4672,130,-9080,128,363,95,0,0,0
262644,31.25,30.47,5631,0.3466,5322,962,-14952,59,354,89,0,0,0
262664,31.25,30.47,5770,0.3989,4694,-114,-10926,129,327,100,0,0,0
262708,31.25,30.47,4585,0.653,4694,-114,-10926,129,327,100,0,0,0
262728,31.25,30.47,8694,0.536,4864,404,-16838,74,297,85,0,0,0
262815,31.25,30.47,3803,0.5416,3766,370,-11332,72,329,84,0,0,0
262835,31.25,30.51,8519,0.5438,4174,-220,-10138,110,365,90,0,0,0
262878,31.25,30.51,2172,0.3093,4174,-220,-10138,110,365,90,0,0,0
262898,31.25,30.51,8510,0.4944,4140,692,-12738,59,333,88,0,0,0
262941,31.25,30.51,3356,0.478,4140,692,-12738,59,333,88,0,0,0
262986,31.25,30.51,666,0.0949,4232,450,-9076,142,310,108,0,0,0
263045,31.25,30.51,5636,0.3948,5062,742,-15088,65,342,88,0,0,0
263066,31.25,30.51,3305,0.3693,5062,742,-15088,65,342,88,0,0,0
263122,31.25,30.51,7356,0.5518,5268,-338,-12502,116,370,100,0,0,0
263143,31.25,30.51,9464,0.5709,5062,168,-16370,75,313,88,0,0,0
263229,31.25,30.51,46,0.0066,4052,460,-12266,90,308,88,0,0,0
263249,31.25,30.51,6166,0.3658,4598,498,-15868,103,387,88,0,0,0
263292,31.25,30.51,3646,0.5193,4598,498,-15868,103,387,88,0,0,0
263313,31.25,30.51,8117,0.5074,4782,1126,-14552,56,351,91,0,0,0
263356,31.25,30.57,3014,0.4293,4782,1126,-14552,56,351,91,0,0,0
263401,31.25,30.57,271,0.0386,5074,-16,-12706,118,370,102,0,0,0
263462,31.25,30.57,8871,0.5541,5178,574,-15768,38,362,78,0,0,0
263482,31.25,30.57,8635,0.5358,5246,-668,-11342,101,398,96,0,0,0
263525,31.25,30.57,274,0.039,5246,-668,-11342,101,398,96,0,0,0
263545,31.25,30.57,8194,0.5023,5000,-178,-16452,85,332,90,0,0,0
263632,31.25,30.57,4524,0.6443,4124,324,-12784,89,276,85,0,0,0
263652,31.25,30.57,4185,0.3324,3952,-48,-9064,122,335,103,0,0,0
263707,31.25,30.57,5487,0.4585,4562,388,-13634,126,397,90,0,0,0
263727,31.25,30.57,7559,0.5304,4064,656,-9500,116,295,89,0,0,0
263771,31.25,30.57,2062,0.2937,4064,656,-9500,116,295,89,0,0,0
263816,31.25,30.57,2618,0.3729,4960,254,-11214,112,412,92,0,0,0
263876,31.25,30.57,8239,0.4893,5264,438,-15886,71,347,93,0,0,0
263896,31.25,30.57,6626,0.5078,5066,-282,-10650,133,379,108,0,0,0
263939,31.25,30.63,1529,0.2178,5066,-282,-10650,133,379,108,0,0,0
263960,31.25,30.63,8037,0.5128,5352,-84,-16376,115,351,93,0,0,0
264046,31.25,30.63,1234,0.1757,4114,238,-10354,87,360,82,0,0,0
264066,31.25,30.63,6263,0.4504,4458,100,-12228,126,369,96,0,0,0
264110,31.25,30.63,4913,0.6997,4458,100,-12228,126,369,96,0,0,0
264130,31.25,30.63,5895,0.434,4356,640,-10830,86,300,91,0,0,0
264173,31.25,30.63,1336,0.1903,4356,640,-10830,86,300,91,0,0,0
264229,31.25,30.63,517,0.0736,4872,298,-11182,131,357,95,0,0,0
264289,31.25,30.63,8453,0.4568,5036,578,-14022,110,272,97,0,0,0
264309,31.25,30.63,8323,0.7923,5254,-148,-10656,135,363,102,0,0,0
264353,31.25,30.63,4614,0.6571,5254,-148,-10656,135,363,102,0,0,0
264373,31.25,30.63,10114,0.6261,5190,602,-16044,61,364,90,0,0,0
264461,31.27,30.79,2539,0.3616,4084,350,-11166,98,321,91,0,0,0
264481,31.27,30.79,7726,0.4637,4530,860,-15656,57,332,76,0,0,0
264524,31.27,30.79,153,0.0218,4530,860,-15656,57,332,76,0,0,0
264544,31.27,30.79,9261,0.5597,4322,900,-12300,81,299,94,0,0,0
264586,31.27,30.79,988,0.1407,4322,900,-12300,81,299,94,0,0,0
264631,31.27,30.79,1894,0.2697,4880,152,-10560,122,375,94,0,0,0
264691,31.27,30.79,8588,0.4797,5266,968,-14702,112,294,92,0,0,0
264712,31.27,30.79,2832,0.2546,5266,968,-14702,112,294,92,0,0,0
264767,31.27,30.79,5466,0.4802,5752,-158,-14606,111,413,96,0,0,0
264788,31.27,30.79,5322,0.4419,5150,504,-17148,87,288,79,0,0,0
264874,31.27,30.79,3661,0.5214,4206,660,-12188,81,308,90,0,0,0
264894,31.27,30.79,8133,0.4388,4552,672,-16178,119,328,98,0,0,0
264938,31.27,30.79,2885,0.4109,4552,672,-16178,119,328,98,0,0,0
264958,31.27,30.79,7924,0.5196,4584,1192,-13224,80,312,80,0,0,0
265000,31.25,30.79,3650,0.5198,4584,1192,-13224,80,312,80,0,0,0
265045,31.25,30.79,270,0.0385,5442,420,-14418,116,366,87,0,0,0
265106,31.25,30.79,6972,0.4089,5224,858,-15952,72,335,96,0,0,0
265126,31.25,30.79,5812,0.361,5350,-184,-12782,124,365,90,0,0,0
265169,31.25,30.79,2480,0.3532,5350,-184,-12782,124,365,90,0,0,0
265189,31.25,30.79,6731,0.4712,5378,270,-16812,56,340,90,0,0,0
265276,31.25,30.79,1579,0.2249,4184,546,-12708,107,264,87,0,0,0
265296,31.25,30.79,597,0.0634,4188,-180,-9258,120,337,94,0,0,0
265353,31.25,30.79,3839,0.2677,4452,196,-14740,117,398,84,0,0,0
265373,31.25,30.79,7229,0.3959,4238,724,-10272,98,341,94,0,0,0
265416,31.25,30.79,2281,0.3249,4238,724,-10272,98,341,94,0,0,0
265461,31.25,30.79,234,0.0333,5034,318,-13132,99,419,98,0,0,0
265520,31.25,30.79,7633,0.4388,5516,520,-15600,54,361,86,0,0,0
265541,31.25,30.79,7038,0.5445,5360,-148,-11768,122,375,90,0,0,0
265584,31.27,30.65,818,0.1165,5360,-148,-11768,122,375,90,0,0,0
265604,31.27,30.65,11110,0.6414,4370,390,-13212,93,252,92,0,0,0
265689,31.27,30.65,4629,0.6593,4162,154,-9422,144,325,95,0,0,0
265710,31.27,30.65,7929,0.4716,4730,76,-14070,135,403,90,0,0,0
265753,31.27,30.65,2073,0.2952,4730,76,-14070,135,403,90,0,0,0
265773,31.27,30.65,6494,0.4531,4114,752,-10386,99,307,93,0,0,0
265816,31.27,30.65,522,0.0743,4114,752,-10386,99,307,93,0,0,0
265869,31.27,30.65,1270,0.1809,5102,242,-11502,106,386,96,0,0,0
265929,31.27,30.65,6709,0.394,5150,672,-12706,72,305,96,0,0,0
265949,31.27,30.65,8234,0.5567,5074,-336,-11164,131,361,102,0,0,0
265993,31.27,30.65,3367,0.4795,5074,-336,-11164,131,361,102,0,0,0
266013,31.27,30.65,7190,0.4472,4676,650,-14810,80,292,90,0,0,0
266099,31.27,30.65,703,0.1001,4142,252,-9418,136,319,94,0,0,0
266120,31.27,30.65,4705,0.353,4278,366,-12404,108,407,83,0,0,0
266163,31.27,30.65,2445,0.3482,4546,930,-16912,75,339,94,0,0,0
266183,31.27,30.65,9425,0.5293,4196,840,-11608,62,324,85,0,0,0
266227,31.27,30.65,3718,0.5295,4196,840,-11608,62,324,85,0,0,0
266272,31.27,30.65,3881,0.5527,4936,380,-11532,118,383,92,0,0,0
266332,31.27,30.65,10242,0.5697,5000,578,-14216,99,282,102,0,0,0
266353,31.27,30.65,4985,0.342,5000,578,-14216,99,282,102,0,0,0
266406,31.27,30.65,5627,0.4583,5516,86,-16042,84,395,94,0,0,0
266427,31.27,30.65,9485,0.5218,5162,640,-16714,89,300,85,0,0,0
266512,31.27,30.65,6757,0.9623,3952,398,-10846,103,313,89,0,0,0
266533,31.27,30.65,8571,0.5322,4846,870,-16234,57,366,76,0,0,0
266575,31.27,30.65,1112,0.1584,4846,870,-16234,57,366,76,0,0,0
266595,31.27,30.65,8758,0.6034,4224,950,-12130,77,298,84,0,0,0
266638,31.25,30.65,763,0.1087,4224,950,-12130,77,298,84,0,0,0
266683,31.25,30.65,1544,0.2199,5066,462,-15400,89,362,92,0,0,0
266743,31.25,30.65,6634,0.4309,5312,1020,-14942,84,320,97,0,0,0
266763,31.25,30.65,7031,0.4899,5482,-176,-14488,126,372,97,0,0,0
266806,31.25,30.65,1467,0.2089,5482,-176,-14488,126,372,97,0,0,0
266826,31.25,30.65,8098,0.4792,5126,524,-16754,87,269,85,0,0,0
266911,31.25,30.65,5577,0.7943,3820,516,-11640,85,306,91,0,0,0
266931,31.25,30.65,4491,0.3787,4420,-180,-10860,108,386,86,0,0,0
266989,31.25,30.65,5369,0.4776,4378,424,-15982,93,361,89,0,0,0
267009,31.25,30.65,8053,0.5046,4330,364,-9886,133,349,103,0,0,0
267052,31.25,30.65,1991,0.2836,4330,364,-9886,133,349,103,0,0,0
267097,31.25,30.65,10,0.0014,5398,328,-14594,102,412,84,0,0,0
267157,31.25,30.65,9008,0.598,5308,892,-15302,62,322,95,0,0,0
267178,31.25,30.65,8858,0.5236,5388,-372,-13270,94,426,90,0,0,0
267221,31.25,30.57,4092,0.5828,5388,-372,-13270,94,426,90,0,0,0
267241,31.25,30.57,7982,0.4867,5254,640,-18278,63,327,89,0,0,0
267327,31.25,30.57,2221,0.3163,4136,-32,-9990,126,359,92,0,0,0
267348,31.25,30.57,6143,0.4148,4622,528,-14688,108,360,98,0,0,0
267391,31.25,30.57,5003,0.7125,4622,528,-14688,108,360,98,0,0,0
267411,31.25,30.57,6849,0.4579,4462,772,-9696,108,353,96,0,0,0
267466,31.25,30.57,1398,0.1991,4462,772,-9696,108,353,96,0,0,0
267511,31.25,30.57,1127,0.1605,5110,222,-12564,141,367,93,0,0,0
267570,31.25,30.57,6771,0.4653,4684,580,-11826,78,344,96,0,0,0
267590,31.25,30.57,6085,0.4182,5058,-362,-11398,114,364,91,0,0,0
267634,31.25,30.57,993,0.1414,5058,-362,-11398,114,364,91,0,0,0
267654,31.25,30.57,6875,0.4286,4422,754,-14070,71,321,88,0,0,0
267742,31.27,30.59,1786,0.2544,4180,102,-9730,126,340,97,0,0,0
267762,31.27,30.59,6670,0.429,4334,760,-15116,77,327,89,0,0,0
267806,31.27,30.59,1472,0.2096,4334,760,-15116,77,327,89,0,0,0
267826,31.27,30.59,9065,0.5157,3910,612,-9904,95,325,87,0,0,0
267870,31.27,30.59,989,0.1409,3910,612,-9904,95,325,87,0,0,0
267915,31.27,30.59,3322,0.4731,5012,348,-11376,113,381,91,0,0,0
267935,31.27,30.59,6755,0.584,5232,328,-15948,42,357,94,0,0,0
267989,31.27,30.59,5888,0.3586,4740,518,-12416,101,249,96,0,0,0
268009,31.27,30.59,7872,0.4632,5248,-180,-16150,80,403,92,0,0,0
268053,31.27,30.59,946,0.1347,5248,-180,-16150,80,403,92,0,0,0
268098,31.27,30.59,473,0.0674,4604,626,-15026,99,286,87,0,0,0
268159,31.27,30.59,7109,0.3626,3834,216,-9648,125,304,85,0,0,0
268179,31.27,30.59,9399,0.5473,4438,834,-15882,58,362,82,0,0,0
268223,31.25,30.53,1903,0.271,4438,834,-15882,58,362,82,0,0,0
268243,31.25,30.53,5914,0.3681,4044,788,-11236,83,308,81,0,0,0
268328,31.25,30.53,2872,0.409,5320,436,-16608,59,399,91,0,0,0
268348,31.25,30.53,8540,0.4472,4812,506,-13238,74,309,95,0,0,0
268392,31.25,30.53,231,0.0329,4812,506,-13238,74,309,95,0,0,0
268412,31.25,30.53,6508,0.4805,5140,-272,-14718,125,366,92,0,0,0
268455,31.25,30.53,3616,0.515,5140,-272,-14718,125,366,92,0,0,0
268511,31.25,30.53,904,0.1288,4758,498,-15544,101,284,94,0,0,0
268572,31.25,30.53,8085,0.4643,4076,-218,-10456,135,351,88,0,0,0
268592,31.25,30.53,5719,0.3617,4168,604,-15544,61,372,85,0,0,0
268635,31.25,30.53,2003,0.2853,4168,604,-15544,61,372,85,0,0,0
268655,31.25,30.53,5674,0.4272,4330,220,-9946,113,371,95,0,0,0
268741,31.29,30.51,4380,0.6238,5090,182,-14658,101,376,100,0,0,0
268762,31.29,30.51,6983,0.341,4990,862,-13714,86,316,85,0,0,0
268805,31.29,30.51,3182,0.4532,4548,-116,-9690,128,338,110,0,0,0
268825,31.29,30.51,4823,0.3101,5204,-264,-13926,122,390,91,0,0,0
268869,31.29,30.51,104,0.0148,5204,-264,-13926,122,390,91,0,0,0
268914,31.29,30.51,2453,0.3494,4764,414,-16644,67,330,88,0,0,0
268975,31.29,30.51,9475,0.5815,4096,-82,-10022,125,349,92,0,0,0
268995,31.29,30.51,7948,0.8089,4096,-82,-10022,125,349,92,0,0,0
269047,31.29,30.51,5160,0.3608,4026,960,-13008,85,300,79,0,0,0
269067,31.29,30.51,11091,0.6413,4320,276,-9126,132,358,112,0,0,0
269153,31.29,30.51,1575,0.2243,5416,550,-14126,103,418,92,0,0,0
269173,31.29,30.51,9358,0.5997,4598,176,-11504,108,317,95,0,0,0
269217,31.29,30.51,933,0.1329,4598,176,-11504,108,317,95,0,0,0
269237,31.29,30.51,8459,0.5463,5334,-136,-13374,125,381,95,0,0,0
269280,31.23,30.53,3464,0.4934,5334,-136,-13374,125,381,95,0,0,0
269326,31.23,30.53,6371,0.9074,4188,524,-12630,93,324,87,0,0,0
269386,31.23,30.53,8598,0.5182,3996,-86,-10126,123,344,91,0,0,0
269406,31.23,30.53,8801,0.5624,4070,1230,-14552,105,276,101,0,0,0
269450,31.23,30.53,1630,0.2321,4070,1230,-14552,105,276,101,0,0,0
269470,31.23,30.53,9078,0.559,4082,332,-9292,115,359,95,0,0,0
269555,31.23,30.53,747,0.1064,5098,62,-13410,118,389,92,0,0,0
269576,31.23,30.53,6903,0.4572,5286,798,-16180,47,384,95,0,0,0
269627,31.23,30.53,8212,0.5281,4652,306,-11700,61,325,87,0,0,0
269647,31.23,30.53,9226,0.5861,5156,104,-16328,98,301,95,0,0,0
269690,31.23,30.53,4460,0.6352,5156,104,-16328,98,301,95,0,0,0
269735,31.23,30.53,2846,0.4053,4204,566,-13544,84,294,82,0,0,0
269795,31.23,30.53,4536,0.2801,4066,-78,-9800,117,366,95,0,0,0
269815,31.23,30.53,8070,0.4524,4376,922,-15886,76,319,88,0,0,0
269858,31.27,30.59,1945,0.277,4376,922,-15886,76,319,88,0,0,0
269879,31.27,30.59,5153,0.3301,4008,874,-10752,84,346,90,0,0,0
269964,31.27,30.59,435,0.062,4930,112,-11966,93,393,96,0,0,0
269984,31.27,30.59,7554,0.4958,4834,614,-12804,68,306,100,0,0,0
270030,31.27,30.59,332,0.0473,4834,614,-12804,68,306,100,0,0,0
270050,31.27,30.59,8010,0.5297,5004,-296,-16004,113,340,90,0,0,0
270094,31.27,30.59,306,0.0436,5004,-296,-16004,113,340,90,0,0,0
270150,31.27,30.59,3184,0.4535,4310,558,-14326,99,271,88,0,0,0
270210,31.27,30.59,8164,0.4643,4220,36,-12720,121,391,89,0,0,0
270230,31.27,30.59,7601,0.4349,4286,800,-16004,56,337,94,0,0,0
270274,31.27,30.59,5206,0.7415,4286,800,-16004,56,337,94,0,0,0
270294,31.27,30.59,9998,0.5482,4816,298,-10420,124,367,95,0,0,0
270380,31.27,30.51,1483,0.2112,5270,484,-15586,29,415,85,0,0,0
270400,31.27,30.51,7623,0.4234,4760,466,-13494,96,282,96,0,0,0
270444,31.27,30.51,2545,0.3625,4760,466,-13494,96,282,96,0,0,0
270464,31.27,30.51,7687,0.5948,5032,-84,-14938,108,396,98,0,0,0
270507,31.27,30.51,1134,0.1615,5032,-84,-14938,108,396,98,0,0,0
270552,31.27,30.51,1220,0.1738,5062,614,-16032,73,330,78,0,0,0
270613,31.27,30.51,7651,0.4907,4270,-56,-11568,124,374,91,0,0,0
270633,31.27,30.51,5096,0.3947,4270,-56,-11568,124,374,91,0,0,0
270684,31.27,30.51,3478,0.2541,4202,600,-15036,98,284,82,0,0,0
270705,31.27,30.51,7298,0.5448,4650,202,-9342,143,377,99,0,0,0
270790,31.27,30.51,141,0.0201,5216,506,-14986,88,376,104,0,0,0
270811,31.27,30.51,6813,0.3529,4846,-38,-10506,149,321,97,0,0,0
270854,31.27,30.51,528,0.0752,4846,-38,-10506,149,321,97,0,0,0
270874,31.27,30.51,9086,0.5101,5472,-314,-14378,86,424,95,0,0,0
270918,31.29,30.51,1124,0.1601,5472,-314,-14378,86,424,95,0,0,0
270963,31.29,30.51,1836,0.2615,4986,488,-16978,82,298,86,0,0,0
271023,31.29,30.51,8740,0.5571,4352,-192,-10514,117,358,89,0,0,0
271043,31.29,30.51,9270,0.5741,4424,654,-15864,112,336,88,0,0,0
271087,31.29,30.51,1251,0.1782,4498,836,-13076,77,321,93,0,0,0
271107,31.29,30.51,6953,0.4818,4342,414,-9610,134,358,103,0,0,0
271193,31.29,30.51,1709,0.2434,5002,100,-13752,122,364,91,0,0,0
271214,31.29,30.51,4320,0.328,4926,902,-15306,59,348,89,0,0,0
271269,31.29,30.51,7560,0.5302,5112,264,-11328,88,371,89,0,0,0
271289,31.29,30.51,8087,0.5501,5146,112,-16142,76,307,86,0,0,0
271332,31.29,30.51,1590,0.2265,5146,112,-16142,76,307,86,0,0,0
271377,31.29,30.51,1509,0.2149,4224,692,-12438,101,277,79,0,0,0
271436,31.29,30.51,8684,0.4282,4274,-138,-9698,128,349,100,0,0,0
271457,31.29,30.51,8048,0.5338,4280,918,-14282,98,282,95,0,0,0
271500,31.25,30.59,1478,0.2105,4280,918,-14282,98,282,95,0,0,0
271520,31.25,30.59,8747,0.5096,4326,380,-9690,106,352,97,0,0,0
271607,31.25,30.59,3065,0.4365,5298,460,-15496,78,323,103,0,0,0
271627,31.25,30.59,8021,0.4297,4844,534,-11662,83,323,90,0,0,0
271669,31.25,30.59,281,0.04,4844,534,-11662,83,323,90,0,0,0
271690,31.25,30.59,6833,0.4074,5588,-52,-16922,105,307,94,0,0,0
271733,31.25,30.59,1742,0.2481,5588,-52,-16922,105,307,94,0,0,0
271786,31.25,30.59,101,0.0144,4536,438,-13556,105,273,89,0,0,0
271847,31.25,30.59,8618,0.587,4212,28,-13466,116,386,77,0,0,0
271867,31.25,30.59,8011,0.55,4486,956,-15378,83,308,93,0,0,0
271909,31.25,30.59,6012,0.8562,4486,956,-15378,83,308,93,0,0,0
271929,31.25,30.59,7810,0.4999,5112,112,-12222,91,441,88,0,0,0
272014,31.27,30.57,995,0.1417,5424,540,-17578,57,328,83,0,0,0
272034,31.27,30.57,6509,0.4126,4964,676,-13874,73,324,96,0,0,0
272078,31.27,30.57,3205,0.4565,4964,676,-13874,73,324,96,0,0,0
272098,31.27,30.57,7650,0.5447,5658,20,-16920,112,378,87,0,0,0
272141,31.27,30.57,1242,0.1769,5658,20,-16920,112,378,87,0,0,0
272186,31.27,30.57,1099,0.1565,4810,746,-15862,106,258,89,0,0,0
272246,31.27,30.57,10477,0.6242,4134,190,-10898,107,315,89,0,0,0
272267,31.27,30.57,5101,0.3247,4654,202,-12580,111,389,90,0,0,0
272319,31.27,30.57,5450,0.3803,4840,844,-16060,57,368,85,0,0,0
272339,31.27,30.57,6229,0.415,4900,80,-10314,116,366,92,0,0,0
272425,31.27,30.57,3711,0.5285,5480,118,-16442,82,381,99,0,0,0
272445,31.27,30.57,7277,0.4647,5334,928,-15226,95,311,95,0,0,0
272489,31.27,30.57,372,0.053,5160,194,-11124,127,338,104,0,0,0
272509,31.27,30.57,9821,0.6121,5584,-114,-14904,116,384,91,0,0,0
272552,31.27,30.57,2665,0.3796,5584,-114,-14904,116,384,91,0,0,0
272598,31.27,30.57,1425,0.203,5328,794,-16982,69,301,82,0,0,0
272658,31.27,30.57,5892,0.3837,4554,52,-11560,102,391,90,0,0,0
272678,31.27,30.57,7260,0.4546,4722,556,-15810,89,339,87,0,0,0
272721,31.27,30.57,1010,0.1438,4722,556,-15810,89,339,87,0,0,0
272741,31.27,30.57,7151,0.4686,4498,474,-9434,130,349,99,0,0,0
272827,31.27,30.57,2188,0.3116,5156,110,-14488,107,385,98,0,0,0
272847,31.27,30.57,7480,0.6066,5294,896,-15050,71,339,90,0,0,0
272898,31.27,30.57,3033,0.2698,4882,66,-11060,114,333,89,0,0,0
272918,31.27,30.57,7099,0.5041,5716,-268,-13430,103,372,97,0,0,0
272961,31.27,30.57,1300,0.1851,5716,-268,-13430,103,372,97,0,0,0
273007,31.27,30.57,636,0.0906,5334,582,-16860,44,335,81,0,0,0
273067,31.27,30.57,6602,0.4293,4520,-14,-9582,112,368,94,0,0,0
273087,31.27,30.57,7670,0.5016,4690,586,-15456,105,397,96,0,0,0
273129,31.25,30.57,1580,0.225,4804,1254,-14482,84,294,86,0,0,0
273150,31.25,30.57,11555,0.5998,4530,882,-10086,113,352,104,0,0,0
273236,31.25,30.57,7002,0.9972,5238,382,-13570,110,413,94,0,0,0
273256,31.25,30.57,8408,0.5321,5036,280,-10854,86,315,89,0,0,0
273300,31.25,30.57,4249,0.6052,5036,280,-10854,86,315,89,0,0,0
273320,31.25,30.57,10192,0.6161,5460,-124,-11810,111,367,102,0,0,0
273363,31.25,30.57,3059,0.4357,5460,-124,-11810,111,367,102,0,0,0
273417,31.25,30.57,6974,0.9933,4596,674,-13922,95,271,87,0,0,0
273476,31.25,30.57,8176,0.4759,4164,222,-9630,119,341,92,0,0,0
273496,31.25,30.57,8780,0.4545,4360,1148,-14980,83,282,84,0,0,0
273539,31.25,30.57,3377,0.481,4360,1148,-14980,83,282,84,0,0,0
273559,31.25,30.57,9113,0.5042,4066,798,-9760,97,315,94,0,0,0
273644,31.25,30.57,4276,0.609,4954,-28,-11552,117,405,98,0,0,0
273664,31.25,30.53,7328,0.4749,5118,732,-13170,77,322,96,0,0,0
273707,31.25,30.53,2216,0.3156,5118,732,-13170,77,322,96,0,0,0
273727,31.25,30.53,6248,0.4453,5730,-102,-17652,100,366,95,0,0,0
273771,31.25,30.53,1044,0.1487,5730,-102,-17652,100,366,95,0,0,0
273816,31.25,30.53,1636,0.233,4842,664,-15978,95,289,97,0,0,0
273876,31.25,30.53,8640,0.5414,4116,262,-10970,122,334,87,0,0,0
273897,31.25,30.53,7203,0.6401,4568,262,-13204,105,377,103,0,0,0
273947,31.25,30.53,3427,0.2646,4578,1122,-16006,90,315,85,0,0,0
273967,31.25,30.53,5747,0.4031,4860,124,-11010,125,379,97,0,0,0
274054,31.25,30.53,627,0.0893,5452,692,-15888,62,391,91,0,0,0
274074,31.25,30.53,8922,0.4981,4880,686,-13090,82,287,95,0,0,0
274116,31.25,30.53,2134,0.3039,4880,686,-13090,82,287,95,0,0,0
274137,31.25,30.53,7426,0.4706,5348,118,-15306,103,409,92,0,0,0
274179,31.25,30.53,2834,0.4036,5348,118,-15306,103,409,92,0,0,0
274224,31.25,30.53,356,0.0507,5114,618,-16604,99,275,90,0,0,0
274285,31.25,30.53,6545,0.369,4044,360,-10982,81,336,85,0,0,0
274305,31.25,30.53,9574,0.4909,4514,628,-15794,99,321,89,0,0,0
274347,31.25,30.53,4077,0.5807,4514,628,-15794,99,321,89,0,0,0
274367,31.25,30.53,7786,0.5824,4694,170,-10632,151,359,96,0,0,0
274454,31.25,30.53,497,0.0708,5246,96,-14976,100,361,101,0,0,0
274474,31.25,30.53,10225,0.6271,5246,96,-14976,100,361,101,0,0,0
274525,31.25,30.53,7720,0.5182,5382,918,-15122,62,354,97,0,0,0
274545,31.25,30.53,7889,0.5322,5548,-122,-13916,101,409,93,0,0,0
274588,31.25,30.53,1297,0.1847,5548,-122,-13916,101,409,93,0,0,0
274634,31.25,30.53,716,0.102,5050,770,-17058,62,329,98,0,0,0
274694,31.25,30.53,8087,0.469,4434,-270,-10310,107,361,91,0,0,0
274714,31.25,30.53,4249,0.3086,4340,570,-15278,98,334,91,0,0,0
274757,31.25,30.47,1270,0.1809,4340,570,-15278,98,334,91,0,0,0
274778,31.25,30.47,6022,0.3873,4336,544,-9774,137,351,98,0,0,0
274864,31.25,30.47,1256,0.1789,5320,558,-14720,108,418,87,0,0,0
274884,31.25,30.47,8973,0.5443,5292,1068,-16302,55,340,88,0,0,0
274927,31.25,30.47,5552,0.7907,5292,1068,-16302,55,340,88,0,0,0
274948,31.25,30.47,8993,0.5339,5454,-666,-12812,138,327,99,0,0,0
274990,31.25,30.47,626,0.0892,5454,-666,-12812,138,327,99,0,0,0
275049,31.25,30.47,1328,0.1891,4196,408,-12858,114,266,87,0,0,0
275109,31.25,30.47,10034,0.6079,4022,-230,-10004,116,355,97,0,0,0
275129,31.25,30.47,8155,0.5871,4278,1044,-14670,82,324,94,0,0,0
275173,31.25,30.47,1170,0.1666,4278,1044,-14670,82,324,94,0,0,0
275193,31.25,30.47,6933,0.4181,4018,612,-10122,127,325,93,0,0,0
275281,31.25,30.47,1347,0.1918,5096,134,-12952,127,378,95,0,0,0
275301,31.27,30.47,4810,0.294,4714,346,-11766,85,321,96,0,0,0
275344,31.27,30.47,606,0.0863,4714,346,-11766,85,321,96,0,0,0
275364,31.27,30.47,7071,0.5426,5246,-278,-12206,120,386,95,0,0,0
275408,31.27,30.47,4564,0.65,5246,-278,-12206,120,386,95,0,0,0
275453,31.27,30.47,3546,0.505,4530,686,-14390,108,287,77,0,0,0
275513,31.27,30.47,6360,0.4151,4114,180,-9928,109,354,98,0,0,0
275534,31.27,30.47,2625,0.2579,4484,524,-14456,126,372,89,0,0,0
275592,31.27,30.47,8495,0.4851,4398,1180,-15708,83,361,85,0,0,0
275612,31.27,30.47,6074,0.3639,5010,322,-12146,146,363,97,0,0,0
275698,31.27,30.47,5375,0.7655,5174,178,-15822,78,312,98,0,0,0
275718,31.27,30.47,8486,0.562,4656,564,-12380,89,275,93,0,0,0
275762,31.27,30.47,4027,0.5735,4656,564,-12380,89,275,93,0,0,0
275782,31.27,30.47,5672,0.5114,5568,-64,-15956,107,375,95,0,0,0
275825,31.23,30.53,938,0.1336,5568,-64,-15956,107,375,95,0,0,0
275870,31.23,30.53,2846,0.4053,4788,748,-15058,75,290,82,0,0,0
275930,31.23,30.53,5254,0.4168,4332,136,-12674,119,389,89,0,0,0
275951,31.23,30.53,6660,0.4549,4186,738,-15608,78,329,87,0,0,0
275993,31.23,30.53,1505,0.2143,4186,738,-15608,78,329,87,0,0,0
276013,31.23,30.53,5725,0.4122,4616,256,-10334,114,377,92,0,0,0
276107,31.23,30.53,6240,0.8887,4994,428,-15218,77,358,98,0,0,0
276127,31.23,30.53,7188,0.3917,4892,968,-13250,84,299,98,0,0,0
276170,31.23,30.53,1063,0.1514,4726,-248,-9866,123,380,95,0,0,0
276190,31.23,30.53,6048,0.4632,5392,-210,-15626,97,435,98,0,0,0
276233,31.23,30.53,972,0.1384,5392,-210,-15626,97,435,98,0,0,0
276280,31.23,30.53,1798,0.2561,4672,784,-15762,92,259,81,0,0,0
276340,31.25,30.53,5381,0.3748,4312,86,-11600,108,367,76,0,0,0
276360,31.25,30.53,8176,0.6118,4426,578,-15904,77,353,89,0,0,0
276403,31.25,30.53,906,0.129,4426,578,-15904,77,353,89,0,0,0
276423,31.25,30.53,8594,0.5412,4452,280,-10372,125,360,91,0,0,0
276508,31.25,30.53,5451,0.7763,5028,144,-15670,104,368,104,0,0,0
276529,31.25,30.53,4317,0.2901,5028,144,-15670,104,368,104,0,0,0
276579,31.25,30.53,7307,0.5134,4606,-44,-10098,117,342,102,0,0,0
276599,31.25,30.53,5436,0.4026,5374,-352,-13960,125,375,100,0,0,0
276642,31.25,30.53,2536,0.3612,5374,-352,-13960,125,375,100,0,0,0
276691,31.25,30.53,5034,0.717,3804,484,-11876,89,297,90,0,0,0
276751,31.25,30.53,6111,0.4456,4250,-2,-10122,109,366,91,0,0,0
276771,31.25,30.53,6880,0.3559,4000,992,-12980,58,338,93,0,0,0
276815,31.25,30.57,1677,0.2388,4000,992,-12980,58,338,93,0,0,0
276835,31.25,30.57,8398,0.4824,4396,600,-9492,128,365,104,0,0,0
276920,31.25,30.57,7,0.001,4966,274,-13814,126,371,97,0,0,0
276940,31.25,30.57,6913,0.4608,4732,232,-11308,95,332,97,0,0,0
276984,31.25,30.57,2987,0.4254,4732,232,-11308,95,332,97,0,0,0
277004,31.25,30.57,8346,0.5319,5188,-684,-13134,126,374,94,0,0,0
277047,31.25,30.57,938,0.1336,5188,-684,-13134,126,374,94,0,0,0
277103,31.25,30.57,3702,0.5272,3966,378,-12672,67,303,84,0,0,0
277162,31.25,30.57,9331,0.4897,3916,-104,-9940,96,373,93,0,0,0
277183,31.25,30.57,6019,0.3148,4200,920,-14954,70,332,87,0,0,0
277226,31.25,30.57,1498,0.2133,4200,920,-14954,70,332,87,0,0,0
277246,31.25,30.57,8713,0.5052,4056,744,-9358,110,349,96,0,0,0
277331,31.25,30.57,6334,0.9021,5206,668,-15504,58,373,82,0,0,0
277351,31.25,30.57,9205,0.5962,4532,242,-11274,110,250,99,0,0,0
277395,31.25,30.57,2723,0.3878,4532,242,-11274,110,250,99,0,0,0
277415,31.25,30.57,9098,0.6092,5162,-120,-16968,62,386,94,0,0,0
277459,31.25,30.57,815,0.1161,5162,-120,-16968,62,386,94,0,0,0
277504,31.25,30.57,886,0.1262,4412,528,-14708,100,269,83,0,0,0
277564,31.25,30.57,6224,0.5051,3850,186,-9854,112,343,94,0,0,0
277585,31.25,30.57,6294,0.4549,4280,364,-14486,117,400,88,0,0,0
277638,31.25,30.57,9738,0.6704,4296,946,-15406,74,304,88,0,0,0
277658,31.25,30.57,6653,0.4224,4852,66,-11588,134,350,96,0,0,0
277745,31.25,30.57,912,0.1299,5184,478,-15676,50,363,82,0,0,0
277765,31.25,30.57,8200,0.4704,4824,388,-12276,78,303,96,0,0,0
277808,31.25,30.57,3447,0.4909,4824,388,-12276,78,303,96,0,0,0
277828,31.25,30.57,6601,0.3578,5292,-218,-15944,108,336,100,0,0,0
277872,31.27,30.57,44,0.0063,5292,-218,-15944,108,336,100,0,0,0
277917,31.27,30.57,941,0.134,4588,512,-14828,92,326,84,0,0,0
277978,31.27,30.57,8180,0.5133,4220,192,-12834,110,395,93,0,0,0
277998,31.27,30.57,9871,0.5312,4378,864,-15756,83,314,84,0,0,0
278041,31.27,30.57,509,0.0725,4378,864,-15756,83,314,84,0,0,0
278062,31.27,30.57,7446,0.4438,4798,206,-10546,118,381,95,0,0,0
278148,31.27,30.57,444,0.0632,5082,188,-15338,100,323,92,0,0,0
278168,31.27,30.57,3312,0.3007,5082,188,-15338,100,323,92,0,0,0
278226,31.27,30.57,10067,0.548,4986,-376,-10628,127,354,105,0,0,0
278246,31.27,30.57,7337,0.4731,5322,-502,-15624,121,369,91,0,0,0
278290,31.27,30.57,2636,0.3754,5322,-502,-15624,121,369,91,0,0,0
278335,31.27,30.57,3070,0.4372,3704,280,-9966,115,289,82,0,0,0
278395,31.27,30.57,6324,0.3605,4206,94,-10722,156,331,94,0,0,0
278415,31.25,30.47,7531,0.4789,4054,546,-11362,82,316,90,0,0,0
278459,31.25,30.47,1692,0.241,4054,546,-11362,82,316,90,0,0,0
278479,31.25,30.47,8477,0.4374,4572,220,-9344,118,363,101,0,0,0
278565,31.25,30.47,3516,0.5008,4876,406,-14456,145,310,94,0,0,0
278585,31.25,30.47,9364,0.5613,4774,-136,-9632,111,343,92,0,0,0
278629,31.25,30.47,2370,0.3375,4774,-136,-9632,111,343,92,0,0,0
278660,31.25,30.47,7200,0.4435,4918,468,-16380,58,316,88,0,0,0
278703,31.25,30.47,58,0.0083,4918,468,-16380,58,316,88,0,0,0
278748,31.25,30.47,127,0.0181,3712,332,-10624,109,258,81,0,0,0
278808,31.25,30.47,6545,0.4401,4206,-288,-9428,128,369,90,0,0,0
278829,31.25,30.47,9643,0.5723,3852,638,-12266,87,306,93,0,0,0
278871,31.25,30.47,1488,0.2119,3852,638,-12266,87,306,93,0,0,0
278891,31.25,30.47,9905,0.6519,5054,120,-13992,113,399,106,0,0,0
278981,31.27,30.53,2020,0.2877,5258,862,-15356,58,351,77,0,0,0
279001,31.27,30.53,8198,0.4766,4452,206,-10522,114,320,95,0,0,0
279045,31.27,30.53,4891,0.6966,4452,206,-10522,114,320,95,0,0,0
279065,31.27,30.53,5232,0.3442,5116,388,-16818,53,349,84,0,0,0
279108,31.27,30.53,4777,0.6804,5116,388,-16818,53,349,84,0,0,0
279153,31.27,30.53,1510,0.2151,4078,306,-11958,100,270,85,0,0,0
279174,31.27,30.53,5104,0.3821,4300,-104,-10226,134,331,88,0,0,0
279228,31.27,30.53,11205,0.6461,4636,556,-15606,76,406,87,0,0,0
279248,31.27,30.53,8869,0.4996,4394,978,-14310,103,281,95,0,0,0
279290,31.27,30.53,1390,0.198,4394,978,-14310,103,281,95,0,0,0
279336,31.27,30.53,972,0.1384,5070,156,-13438,112,390,94,0,0,0
279398,31.27,30.53,6541,0.4646,5194,706,-15586,49,366,77,0,0,0
279418,31.27,30.53,8326,0.4811,5346,-408,-11468,114,385,96,0,0,0
279462,31.25,30.53,747,0.1064,5346,-408,-11468,114,385,96,0,0,0
279482,31.25,30.53,8206,0.3991,5142,-4,-16248,113,303,90,0,0,0
279568,31.25,30.53,1833,0.2611,4266,448,-13322,81,302,86,0,0,0
279588,31.25,30.53,7397,0.4845,4410,394,-14224,132,370,89,0,0,0
279632,31.25,30.53,845,0.1203,4410,394,-14224,132,370,89,0,0,0
279652,31.25,30.53,7455,0.4174,4260,590,-9742,112,291,92,0,0,0
279695,31.25,30.53,844,0.1202,4260,590,-9742,112,291,92,0,0,0
279748,31.25,30.53,4904,0.6984,5078,242,-12540,100,404,92,0,0,0
279807,31.25,30.53,4981,0.3245,5182,392,-16464,56,363,90,0,0,0
279828,31.25,30.53,6576,0.5634,5316,-390,-11228,129,367,98,0,0,0
279871,31.25,30.53,2713,0.3864,5316,-390,-11228,129,367,98,0,0,0
279891,31.25,30.53,6283,0.4,5156,-130,-16062,114,333,101,0,0,0
279977,31.25,30.53,3510,0.4999,4070,176,-9992,117,354,96,0,0,0
279997,31.27,30.53,7322,0.4833,4424,210,-13062,127,396,80,0,0,0
280041,31.27,30.53,1370,0.1951,4424,210,-13062,127,396,80,0,0,0
280061,31.27,30.53,9113,0.6331,3946,578,-10640,83,309,91,0,0,0
280105,31.27,30.53,1514,0.2156,3946,578,-10640,83,309,91,0,0,0
280150,31.27,30.53,479,0.0682,4816,20,-11042,101,383,91,0,0,0
280210,31.27,30.53,5020,0.3642,5280,292,-15662,72,352,97,0,0,0
280230,31.27,30.53,5789,0.4679,5032,716,-13838,70,340,83,0,0,0
280285,31.27,30.53,7902,0.4799,5106,-384,-9824,147,329,108,0,0,0
280305,31.27,30.53,7193,0.3903,4930,662,-15672,62,320,81,0,0,0
280390,31.27,30.53,4337,0.6177,4166,398,-10512,97,362,87,0,0,0
280410,31.27,30.53,7101,0.4456,4512,18,-12584,127,364,89,0,0,0
280454,31.27,30.53,3591,0.5114,4600,690,-15874,82,323,84,0,0,0
280474,31.27,30.53,5138,0.374,4194,832,-11618,73,325,84,0,0,0
280518,31.23,30.53,1777,0.2531,4194,832,-11618,73,325,84,0,0,0
280563,31.23,30.53,1257,0.179,4788,32,-9956,118,389,101,0,0,0
280622,31.23,30.53,7806,0.5727,5328,764,-14630,56,346,96,0,0,0
280642,31.23,30.53,8257,0.5823,4992,-148,-10586,121,343,95,0,0,0
280685,31.23,30.53,2548,0.3629,4992,-148,-10586,121,343,95,0,0,0
280705,31.23,30.53,8482,0.4367,4992,384,-15898,61,298,87,0,0,0
280791,31.23,30.53,5250,0.7477,4080,488,-11084,90,310,88,0,0,0
280812,31.23,30.53,4844,0.3196,4080,488,-11084,90,310,88,0,0,0
280865,31.23,30.53,6975,0.5639,4692,664,-16370,80,364,88,0,0,0
280885,31.23,30.53,7481,0.5082,4486,1020,-13192,77,304,85,0,0,0
280928,31.23,30.53,2928,0.417,4486,1020,-13192,77,304,85,0,0,0
280973,31.23,30.53,1599,0.2277,5338,292,-14894,129,355,95,0,0,0
281032,31.23,30.53,9151,0.5334,5470,930,-15456,88,322,98,0,0,0
281053,31.23,30.53,10481,0.5462,5442,-350,-13764,107,388,83,0,0,0
281096,31.25,30.57,2014,0.2868,5442,-350,-13764,107,388,83,0,0,0
281117,31.25,30.57,7146,0.4944,5150,290,-16928,78,303,86,0,0,0
281203,31.25,30.57,2285,0.3254,4186,500,-13102,92,306,98,0,0,0
281223,31.25,30.57,5379,0.4093,4612,298,-14956,141,321,88,0,0,0
281267,31.25,30.57,828,0.1179,4612,298,-14956,141,321,88,0,0,0
281287,31.25,30.57,8550,0.4991,4372,1204,-14034,67,311,92,0,0,0
281330,31.25,30.57,130,0.0185,4372,1204,-14034,67,311,92,0,0,0
281389,31.25,30.57,2704,0.3851,5078,296,-14004,102,429,99,0,0,0
281448,31.25,30.57,8807,0.5812,5132,644,-16022,56,338,86,0,0,0
281468,31.25,30.57,8723,0.5031,5396,-308,-12190,108,389,93,0,0,0
281512,31.25,30.57,639,0.091,5396,-308,-12190,108,389,93,0,0,0
281532,31.25,30.57,6901,0.4088,5382,0,-16668,70,342,90,0,0,0
281618,31.23,30.57,468,0.0667,4106,-42,-8898,109,351,89,0,0,0
281638,31.23,30.57,5812,0.3883,4744,476,-14672,118,394,100,0,0,0
281681,31.23,30.57,567,0.0808,4744,476,-14672,118,394,100,0,0,0
281702,31.23,30.57,7025,0.396,4180,656,-9888,86,341,103,0,0,0
281745,31.23,30.57,3093,0.4405,4180,656,-9888,86,341,103,0,0,0
281790,31.23,30.57,4922,0.701,5232,284,-12336,106,415,91,0,0,0
281850,31.23,30.57,9256,0.5107,5184,320,-16196,72,336,92,0,0,0
281870,31.23,30.57,6230,0.6024,4980,428,-12328,87,312,100,0,0,0
281921,31.23,30.57,3637,0.254,5294,-360,-11274,111,388,103,0,0,0
281941,31.23,30.57,8340,0.5148,4686,630,-14644,99,285,93,0,0,0
282027,31.23,30.57,5503,0.7838,4266,254,-10014,118,328,97,0,0,0
282047,31.23,30.57,6021,0.387,4566,346,-13392,113,436,82,0,0,0
282090,31.23,30.57,1798,0.2561,4566,346,-13392,113,436,82,0,0,0
282111,31.23,30.57,8742,0.5892,4332,954,-11038,77,303,91,0,0,0
282154,31.25,30.59,582,0.0829,4332,954,-11038,77,303,91,0,0,0
282199,31.25,30.59,2609,0.3716,4746,236,-11796,125,385,105,0,0,0
282258,31.25,30.59,7188,0.4045,4812,644,-13394,94,290,95,0,0,0
282278,31.25,30.59,9607,0.6011,5128,-266,-10186,130,358,105,0,0,0
282322,31.25,30.59,1073,0.1528,5128,-266,-10186,130,358,105,0,0,0
282342,31.25,30.59,5622,0.3872,4988,774,-16186,88,304,85,0,0,0
282429,31.25,30.59,1749,0.2491,3962,450,-9714,89,320,87,0,0,0
282449,31.25,30.59,7268,0.484,3962,450,-9714,89,320,87,0,0,0
282499,31.25,30.59,5579,0.4078,4442,412,-14792,64,341,85,0,0,0
282519,31.25,30.59,8724,0.5504,3984,886,-11644,82,304,93,0,0,0
282563,31.25,30.59,649,0.0924,3984,886,-11644,82,304,93,0,0,0
282608,31.25,30.59,597,0.085,4860,212,-10944,97,402,88,0,0,0
282668,31.25,30.59,5661,0.3951,5294,990,-14432,65,351,93,0,0,0
282688,31.25,30.59,10540,0.5702,4908,30,-10700,136,347,103,0,0,0
282731,31.27,30.59,3762,0.5358,4908,30,-10700,136,347,103,0,0,0
282751,31.27,30.59,8412,0.5652,5266,640,-17178,73,305,84,0,0,0
282837,31.27,30.59,4445,0.6331,4066,454,-11130,108,306,89,0,0,0
282858,31.27,30.59,8874,0.5914,4724,834,-17086,92,344,91,0,0,0
282901,31.27,30.59,2326,0.3313,4724,834,-17086,92,344,91,0,0,0
282921,31.27,30.59,7619,0.507,4390,1130,-13512,69,318,86,0,0,0
282965,31.27,30.59,35,0.005,4390,1130,-13512,69,318,86,0,0,0
283018,31.27,30.59,6140,0.8745,5308,366,-15682,121,357,96,0,0,0
283078,31.27,30.59,6718,0.4489,5240,832,-14808,83,321,93,0,0,0
283098,31.27,30.59,5569,0.366,5304,-118,-13062,122,383,88,0,0,0
283142,31.27,30.59,2402,0.3421,5304,-118,-13062,122,383,88,0,0,0
283162,31.27,30.59,9584,0.5155,5214,312,-17070,65,329,95,0,0,0
283248,31.23,30.57,1262,0.1797,4024,498,-11916,115,267,86,0,0,0
283269,31.23,30.57,9003,0.4833,4532,396,-15418,91,384,91,0,0,0
283311,31.23,30.57,1750,0.2492,4532,396,-15418,91,384,91,0,0,0
283331,31.23,30.57,7678,0.5259,4182,1062,-13492,91,311,75,0,0,0
283375,31.23,30.57,779,0.1109,4346,490,-9550,113,366,100,0,0,0
283420,31.23,30.57,1895,0.2699,5330,384,-14518,108,405,100,0,0,0
283479,31.23,30.57,5229,0.3327,5024,658,-15364,82,298,88,0,0,0
283500,31.23,30.57,6198,0.4858,4842,240,-11270,75,337,90,0,0,0
283550,31.23,30.57,4192,0.316,5326,-274,-13074,106,405,94,0,0,0
283570,31.23,30.57,9083,0.5155,5356,260,-17664,91,309,85,0,0,0
283656,31.23,30.57,3134,0.4464,4458,242,-10720,112,368,90,0,0,0
283676,31.23,30.57,8466,0.6914,4324,432,-15870,105,397,97,0,0,0
283719,31.23,30.57,424,0.0604,4324,432,-15870,105,397,97,0,0,0
283739,31.23,30.57,5923,0.3439,4166,682,-10462,108,349,98,0,0,0
283781,31.23,30.59,1406,0.2002,4166,682,-10462,108,349,98,0,0,0
283826,31.23,30.59,1135,0.1616,5052,266,-12504,119,384,95,0,0,0
283885,31.23,30.59,9400,0.5558,5136,802,-16030,52,339,85,0,0,0
283906,31.23,30.59,7257,0.4371,5144,-326,-11484,111,395,90,0,0,0
283949,31.23,30.59,1123,0.1599,5144,-326,-11484,111,395,90,0,0,0
283969,31.23,30.59,7521,0.4488,5038,110,-17478,90,336,102,0,0,0
284056,31.23,30.59,265,0.0377,3750,52,-9320,144,307,91,0,0,0
284076,31.23,30.59,5661,0.3653,3750,52,-9320,144,307,91,0,0,0
284128,31.23,30.59,5832,0.3942,4448,398,-13258,127,365,103,0,0,0
284148,31.23,30.59,5909,0.3318,3872,502,-10370,100,302,96,0,0,0
284191,31.23,30.59,1719,0.2448,3872,502,-10370,100,302,96,0,0,0
284236,31.23,30.59,1608,0.229,4924,208,-11662,108,382,83,0,0,0
284296,31.23,30.59,7737,0.5039,4712,428,-11942,99,277,86,0,0,0
284317,31.23,30.59,7183,0.4163,4810,-590,-10618,141,373,104,0,0,0
284360,31.25,30.57,1677,0.2388,4810,-590,-10618,141,373,104,0,0,0
284380,31.25,30.57,6958,0.4791,4436,804,-14740,105,271,89,0,0,0
284467,31.25,30.57,893,0.1272,3860,176,-9362,143,311,93,0,0,0
284487,31.25,30.57,9449,0.6273,4212,40,-12306,116,423,86,0,0,0
284529,31.25,30.57,2576,0.3669,4212,40,-12306,116,423,86,0,0,0
284549,31.25,30.57,6716,0.4739,4096,962,-11608,59,353,85,0,0,0
284593,31.25,30.57,2360,0.3361,4096,962,-11608,59,353,85,0,0,0
284649,31.25,30.57,2558,0.3643,4768,154,-10930,92,391,89,0,0,0
284708,31.25,30.57,7480,0.5069,4784,696,-13742,65,337,88,0,0,0
284728,31.25,30.57,6390,0.432,4924,-374,-10172,125,362,105,0,0,0
284771,31.25,30.57,2631,0.3747,4924,-374,-10172,125,362,105,0,0,0
284792,31.25,30.57,8689,0.5188,4790,682,-15532,64,317,84,0,0,0
284878,31.25,30.59,3660,0.5213,3614,352,-9518,104,306,89,0,0,0
284898,31.25,30.59,8286,0.6058,4252,638,-15438,64,363,81,0,0,0
284942,31.25,30.59,4010,0.5711,4252,638,-15438,64,363,81,0,0,0
284962,31.25,30.59,7736,0.4939,4028,738,-11694,72,317,94,0,0,0
285005,31.25,30.59,1535,0.2186,4028,738,-11694,72,317,94,0,0,0
285050,31.25,30.59,1731,0.2465,4674,360,-9862,108,397,95,0,0,0
285110,31.25,30.59,5833,0.3847,4990,896,-14334,69,333,90,0,0,0
285130,31.25,30.59,4567,0.4446,4990,896,-14334,69,333,90,0,0,0
285180,31.25,30.59,7211,0.5958,5308,-522,-14004,103,414,98,0,0,0
285200,31.25,30.59,5847,0.38,4846,418,-16600,83,289,82,0,0,0
285286,31.25,30.59,31,0.0044,3970,416,-11640,81,306,88,0,0,0
285307,31.25,30.59,8240,0.454,4370,468,-16050,103,330,89,0,0,0
285349,31.25,30.59,4122,0.5871,4370,468,-16050,103,330,89,0,0,0
285369,31.25,30.59,8841,0.7431,4234,954,-13722,71,354,87,0,0,0
285412,31.27,30.59,4306,0.6133,4234,954,-13722,71,354,87,0,0,0
285457,31.27,30.59,2105,0.2998,5026,138,-14858,147,344,91,0,0,0
285517,31.27,30.59,10057,0.6205,5288,860,-16300,65,389,101,0,0,0
285537,31.27,30.59,6505,0.4954,5204,-472,-13324,152,346,102,0,0,0
285581,31.27,30.59,2692,0.3834,5204,-472,-13324,152,346,102,0,0,0
285601,31.27,30.59,6903,0.4218,4962,220,-17282,69,339,87,0,0,0
285690,31.27,30.59,1131,0.1611,3718,340,-11996,78,267,89,0,0,0
285710,31.27,30.59,2980,0.2354,3960,-218,-9302,121,345,86,0,0,0
285765,31.27,30.59,5287,0.3577,4222,552,-15098,90,377,92,0,0,0
285785,31.27,30.59,8624,0.5213,3932,492,-8588,124,322,96,0,0,0
285828,31.27,30.59,664,0.0946,3932,492,-8588,124,322,96,0,0,0
285873,31.27,30.59,3367,0.4795,4850,278,-12366,113,418,90,0,0,0
285933,31.27,30.59,9707,0.559,4954,520,-15048,65,343,93,0,0,0
285953,31.27,30.59,5843,0.4066,5180,-496,-11640,97,395,97,0,0,0
285996,31.25,30.57,1898,0.2703,5180,-496,-11640,97,395,97,0,0,0
286016,31.25,30.57,7889,0.4485,5050,-78,-16612,68,391,98,0,0,0
286101,31.25,30.57,1153,0.1642,3844,-90,-8966,138,327,100,0,0,0
286121,31.25,30.57,6790,0.5169,4052,328,-13420,125,372,87,0,0,0
286165,31.25,30.57,2007,0.2858,4052,328,-13420,125,372,87,0,0,0
286185,31.25,30.57,6553,0.5364,3912,470,-9578,103,346,90,0,0,0
286227,31.25,30.57,1303,0.1856,3912,470,-9578,103,346,90,0,0,0
286286,31.25,30.57,3786,0.5392,4754,-154,-12222,139,345,97,0,0,0
286345,31.25,30.57,8934,0.485,4330,386,-11898,114,279,96,0,0,0
286365,31.25,30.57,8137,0.4728,5168,-356,-10832,137,346,112,0,0,0
286409,31.25,30.57,1372,0.1954,5168,-356,-10832,137,346,112,0,0,0
286429,31.25,30.57,6461,0.405,4414,534,-13498,105,254,87,0,0,0
286516,31.25,30.53,1468,0.2091,3872,-40,-8772,132,317,96,0,0,0
286536,31.25,30.53,8322,0.5373,4254,948,-14286,88,303,85,0,0,0
286579,31.25,30.53,3177,0.4525,4254,948,-14286,88,303,85,0,0,0
286599,31.25,30.53,8286,0.5428,4018,348,-10894,81,345,100,0,0,0
286642,31.25,30.53,2431,0.3462,4018,348,-10894,81,345,100,0,0,0
286690,31.25,30.53,3632,0.5173,4996,148,-11500,94,421,86,0,0,0
286750,31.25,30.53,8062,0.4297,4844,544,-13046,98,292,84,0,0,0
286771,31.25,30.53,7667,0.5349,4844,544,-13046,98,292,84,0,0,0
286821,31.25,30.53,4324,0.3158,5406,-306,-15674,105,391,100,0,0,0
286841,31.25,30.53,10324,0.6561,4792,656,-14710,94,288,79,0,0,0
286927,31.25,30.53,338,0.0481,3640,224,-9444,110,320,96,0,0,0
286948,31.25,30.53,6989,0.4377,4232,786,-15898,75,314,79,0,0,0
286991,31.25,30.53,154,0.0219,4232,786,-15898,75,314,79,0,0,0
287011,31.25,30.53,8622,0.5253,4132,732,-11540,98,306,96,0,0,0
287055,31.23,30.47,3285,0.4679,4132,732,-11540,98,306,96,0,0,0
287100,31.23,30.47,946,0.1347,5164,236,-14988,98,355,99,0,0,0
287160,31.23,30.47,7657,0.6482,4978,906,-14514,76,340,86,0,0,0
287180,31.23,30.47,9319,0.5343,5264,-546,-15180,155,321,96,0,0,0
287224,31.23,30.47,970,0.1381,5264,-546,-15180,155,321,96,0,0,0
287244,31.23,30.47,7250,0.4569,5010,682,-16760,25,382,87,0,0,0
287330,31.23,30.47,5804,0.8266,3786,326,-10588,112,276,91,0,0,0
287351,31.23,30.47,5046,0.3967,4278,-42,-10806,137,340,91,0,0,0
287403,31.23,30.47,7416,0.5705,4620,714,-15624,59,361,90,0,0,0
287423,31.23,30.47,9235,0.5795,4648,74,-9156,97,407,101,0,0,0
287466,31.23,30.47,2435,0.3468,4648,74,-9156,97,407,101,0,0,0
287510,31.23,30.47,677,0.0964,5016,300,-14620,90,366,89,0,0,0
287570,31.23,30.47,6730,0.3865,5040,794,-15004,94,334,94,0,0,0
287591,31.23,30.47,5942,0.3409,5442,-128,-13968,125,370,99,0,0,0
287633,31.27,30.45,2126,0.3028,5442,-128,-13968,125,370,99,0,0,0
287653,31.27,30.45,7304,0.5046,5318,302,-16876,44,337,81,0,0,0
287740,31.27,30.45,462,0.0658,4352,-62,-10112,123,340,86,0,0,0
287760,31.27,30.45,6651,0.4153,4426,462,-15692,88,407,88,0,0,0
287803,31.27,30.45,1032,0.147,4426,462,-15692,88,407,88,0,0,0
287823,31.27,30.45,7324,0.4726,4270,262,-8906,148,337,101,0,0,0
287866,31.27,30.45,1704,0.2427,4270,262,-8906,148,337,101,0,0,0
287920,31.27,30.45,1123,0.1599,5148,64,-14354,120,408,92,0,0,0
287980,31.27,30.45,7116,0.4299,4552,242,-10932,123,286,100,0,0,0
288001,31.27,30.45,8535,0.5109,5662,-348,-12376,115,384,90,0,0,0
288044,31.27,30.45,3736,0.5321,5662,-348,-12376,115,384,90,0,0,0
288064,31.27,30.45,10380,0.5578,4308,348,-12770,88,284,82,0,0,0
288151,31.25,30.53,5227,0.7444,3944,-224,-9134,136,331,95,0,0,0
288171,31.25,30.53,7873,0.4323,4436,208,-14212,116,362,98,0,0,0
288213,31.25,30.53,1465,0.2086,4436,208,-14212,116,362,98,0,0,0
288234,31.25,30.53,7711,0.5533,4308,738,-9472,90,361,106,0,0,0
288277,31.25,30.53,1772,0.2524,4308,738,-9472,90,361,106,0,0,0
288322,31.25,30.53,3122,0.4446,5228,256,-13060,98,435,83,0,0,0
288382,31.25,30.53,6902,0.397,5038,528,-11678,67,327,90,0,0,0
288403,31.25,30.53,6133,0.4406,5038,528,-11678,67,327,90,0,0,0
288458,31.25,30.53,8680,0.4937,5574,-148,-17422,95,316,100,0,0,0
288479,31.25,30.53,5094,0.387,4360,482,-14102,83,267,81,0,0,0
288563,31.25,30.53,2722,0.3877,4172,216,-10164,115,379,94,0,0,0
288584,31.25,30.53,6404,0.4687,4428,1132,-15444,52,320,88,0,0,0
288627,31.25,30.53,1641,0.2337,4428,1132,-15444,52,320,88,0,0,0
288648,31.25,30.53,6107,0.3926,4134,568,-10318,104,329,100,0,0,0
288691,31.27,30.65,324,0.0461,4134,568,-10318,104,329,100,0,0,0
288737,31.27,30.65,279,0.0397,4962,184,-11916,97,391,84,0,0,0
288797,31.27,30.65,6684,0.3846,5084,618,-12458,68,327,93,0,0,0
288817,31.27,30.65,6195,0.4751,5226,-390,-10562,131,338,97,0,0,0
288860,31.27,30.65,2003,0.2853,5284,-126,-15984,110,335,97,0,0,0
288881,31.27,30.65,7247,0.5016,4806,492,-14570,89,314,89,0,0,0
288967,31.27,30.65,1810,0.2578,4060,300,-9832,108,321,96,0,0,0
288987,31.27,30.65,10581,0.7399,4582,12,-12706,115,398,83,0,0,0
289040,31.27,30.65,4776,0.3438,4512,1036,-16048,54,333,88,0,0,0
289060,31.27,30.65,6001,0.3156,4878,262,-11640,107,385,95,0,0,0
289103,31.27,30.65,3714,0.529,4878,262,-11640,107,385,95,0,0,0
289149,31.27,30.65,892,0.127,5604,462,-16704,56,366,92,0,0,0
289209,31.27,30.65,7158,0.4166,5098,734,-14270,83,299,96,0,0,0
289229,31.27,30.65,3982,0.3004,5502,-28,-15296,125,329,102,0,0,0
289273,31.27,30.59,164,0.0234,5502,-28,-15296,125,329,102,0,0,0
289293,31.27,30.59,9945,0.4995,4852,528,-15554,99,281,90,0,0,0
289378,31.27,30.59,4605,0.6559,4094,502,-10626,98,334,90,0,0,0
289398,31.27,30.59,8180,0.485,4564,896,-16338,64,350,81,0,0,0
289442,31.27,30.59,760,0.1082,4564,896,-16338,64,350,81,0,0,0
289462,31.27,30.59,9119,0.5539,4898,202,-10604,128,368,95,0,0,0
289506,31.27,30.59,4699,0.6692,4898,202,-10604,128,368,95,0,0,0
289563,31.27,30.59,153,0.0218,5360,458,-15810,89,355,101,0,0,0
289622,31.27,30.59,7465,0.4331,4986,64,-11046,112,338,99,0,0,0
289643,31.27,30.59,7838,0.575,5310,-224,-14256,114,379,90,0,0,0
289686,31.27,30.59,1917,0.273,5310,-224,-14256,114,379,90,0,0,0
289706,31.27,30.59,6822,0.4293,4066,622,-11900,70,322,95,0,0,0
289793,31.23,30.57,1853,0.2639,4434,-238,-10826,114,385,88,0,0,0
289813,31.23,30.57,7277,0.4785,4702,628,-16022,93,347,96,0,0,0
289857,31.23,30.57,1351,0.1924,4702,628,-16022,93,347,96,0,0,0
289877,31.23,30.57,7262,0.4275,4394,554,-10446,121,397,95,0,0,0
289920,31.23,30.57,283,0.0403,4394,554,-10446,121,397,95,0,0,0
289966,31.23,30.57,539,0.0768,5318,88,-14394,100,361,103,0,0,0
290026,31.23,30.57,7010,0.4243,4988,186,-11384,103,341,94,0,0,0
290046,31.23,30.57,8085,0.6248,4988,186,-11384,103,341,94,0,0,0
290096,31.23,30.57,5784,0.42,5608,-406,-12938,106,380,95,0,0,0
290117,31.23,30.57,7872,0.5158,4380,542,-12746,101,286,92,0,0,0
290203,31.23,30.57,1824,0.2598,4296,-50,-10348,133,353,98,0,0,0
290223,31.23,30.57,9833,0.5991,4692,1200,-14772,87,332,84,0,0,0
290267,31.23,30.57,1610,0.2293,4692,1200,-14772,87,332,84,0,0,0
290287,31.23,30.57,5497,0.407,4494,760,-10816,123,350,101,0,0,0
290330,31.25,30.57,990,0.141,4494,760,-10816,123,350,101,0,0,0
290376,31.25,30.57,2353,0.3351,5412,516,-14810,107,438,95,0,0,0
290435,31.25,30.57,7564,0.4435,5094,376,-11492,85,319,93,0,0,0
290455,31.25,30.57,10508,0.5841,5296,-300,-12248,116,353,90,0,0,0
290499,31.25,30.57,868,0.1236,5296,-300,-12248,116,353,90,0,0,0
290519,31.25,30.57,8224,0.445,4442,626,-13938,99,271,82,0,0,0
290605,31.25,30.57,4108,0.5851,4240,92,-9738,134,358,98,0,0,0
290626,31.25,30.57,6285,0.4191,4714,252,-14184,116,379,84,0,0,0
290677,31.25,30.57,4163,0.2995,4308,1258,-15076,92,285,89,0,0,0
290697,31.25,30.57,7394,0.5246,4340,736,-9982,89,327,95,0,0,0
290741,31.25,30.57,1104,0.1572,5002,84,-12344,115,378,98,0,0,0
290786,31.25,30.57,130,0.0185,5418,530,-16164,48,370,85,0,0,0
290847,31.25,30.57,10297,0.5778,4812,568,-12632,75,309,91,0,0,0
290868,31.25,30.57,7670,0.4653,5598,24,-17670,87,403,93,0,0,0
290911,31.27,30.57,1751,0.2494,5598,24,-17670,87,403,93,0,0,0
290932,31.27,30.57,7322,0.478,4824,930,-15730,121,240,91,0,0,0
291017,31.27,30.57,4245,0.6046,4164,-4,-10766,108,339,92,0,0,0
291038,31.27,30.57,6726,0.4878,4516,1006,-15834,93,299,84,0,0,0
291081,31.27,30.57,3067,0.4368,4516,1006,-15834,93,299,84,0,0,0
291102,31.27,30.57,5280,0.3674,5102,362,-11808,126,382,74,0,0,0
291145,31.27,30.57,1180,0.1681,5102,362,-11808,126,382,74,0,0,0
291201,31.27,30.57,4743,0.6755,5394,368,-16550,75,349,103,0,0,0
291263,31.27,30.57,4755,0.3276,4920,-166,-10830,139,359,99,0,0,0
291283,31.27,30.57,9808,0.5082,5736,38,-16152,123,357,90,0,0,0
291327,31.27,30.57,1609,0.2292,5736,38,-16152,123,357,90,0,0,0
291347,31.27,30.57,5918,0.3531,4058,56,-10274,110,342,99,0,0,0
291433,31.23,30.57,2131,0.3035,4436,86,-12212,116,364,84,0,0,0
291453,31.23,30.57,7042,0.4537,4272,934,-15800,65,319,87,0,0,0
291497,31.23,30.57,1653,0.2354,4272,934,-15800,65,319,87,0,0,0
291517,31.23,30.57,9301,0.5624,4706,204,-10924,125,380,106,0,0,0
291560,31.23,30.57,3060,0.4358,4706,204,-10924,125,380,106,0,0,0
291605,31.23,30.57,4156,0.5919,5218,220,-14958,109,317,97,0,0,0
291665,31.23,30.57,5727,0.3706,5014,-24,-10502,126,375,96,0,0,0
291685,31.23,30.57,4716,0.4066,5014,-24,-10502,126,375,96,0,0,0
291736,31.23,30.57,4146,0.3798,5426,-28,-15078,123,346,95,0,0,0
291756,31.23,30.57,7190,0.412,3950,566,-11382,85,305,82,0,0,0
291842,31.23,30.57,1975,0.2813,4368,-128,-10220,120,359,91,0,0,0
291862,31.23,30.57,7597,0.439,4214,1062,-12802,77,312,89,0,0,0
291906,31.23,30.57,423,0.0602,4214,1062,-12802,77,312,89,0,0,0
291926,31.23,30.57,8510,0.503,4262,244,-9678,136,354,100,0,0,0
291969,31.25,30.57,926,0.1319,4262,244,-9678,136,354,100,0,0,0
292014,31.25,30.57,1152,0.1641,5124,158,-14470,143,360,99,0,0,0
292075,31.25,30.57,7540,0.514,4936,342,-10680,133,328,95,0,0,0
292095,31.25,30.57,7627,0.4822,5312,-424,-13740,113,391,97,0,0,0
292138,31.25,30.57,1314,0.1871,5312,-424,-13740,113,391,97,0,0,0
292159,31.25,30.57,4286,0.2698,4040,388,-12220,88,298,90,0,0,0
292244,31.25,30.57,1658,0.2361,4172,-60,-10090,112,348,95,0,0,0
292265,31.25,30.57,5962,0.4283,4378,476,-14942,94,372,92,0,0,0
292318,31.25,30.57,4490,0.3227,4276,1248,-14268,94,296,91,0,0,0
292338,31.25,30.57,5495,0.4117,4272,552,-10002,107,397,97,0,0,0
292381,31.25,30.57,2496,0.3555,5032,168,-14076,108,381,98,0,0,0
292426,31.25,30.57,2871,0.4089,5194,1006,-16092,60,350,81,0,0,0
292485,31.25,30.57,7741,0.4559,4632,284,-11758,96,316,98,0,0,0
292505,31.25,30.57,8496,0.6999,5050,402,-17734,66,352,85,0,0,0
292549,31.25,30.57,4070,0.5797,5050,402,-17734,66,352,85,0,0,0
292569,31.25,30.57,9980,0.5789,4550,722,-14122,81,305,83,0,0,0
292655,31.25,30.57,1704,0.2427,4172,-132,-10098,103,357,97,0,0,0
292675,31.25,30.57,7534,0.6184,4212,928,-14558,68,348,90,0,0,0
292719,31.25,30.57,1290,0.1837,4212,928,-14558,68,348,90,0,0,0
292739,31.25,30.57,7844,0.5148,3984,364,-9654,103,331,94,0,0,0
292781,31.25,30.57,2103,0.2995,5004,332,-12252,134,368,94,0,0,0
292842,31.25,30.57,414,0.059,5212,596,-15700,32,373,97,0,0,0
292901,31.25,30.57,5314,0.3692,5048,-276,-11476,151,356,103,0,0,0
292921,31.25,30.57,6660,0.4933,5454,96,-17498,67,385,87,0,0,0
292965,31.25,30.57,597,0.085,5454,96,-17498,67,385,87,0,0,0
292985,31.25,30.57,7144,0.5126,3828,-48,-9624,128,310,94,0,0,0
293070,31.25,30.57,986,0.1404,4038,142,-13232,137,361,91,0,0,0
293090,31.25,30.57,7608,0.5387,4236,982,-15518,77,341,87,0,0,0
293134,31.25,30.57,664,0.0946,4236,982,-15518,77,341,87,0,0,0
293154,31.25,30.57,9864,0.5533,4802,120,-11574,102,394,91,0,0,0
293197,31.25,30.57,2236,0.3185,4802,120,-11574,102,394,91,0,0,0
293243,31.25,30.57,4758,0.6776,5108,520,-15698,47,381,97,0,0,0
293302,31.25,30.57,3866,0.2599,4626,-240,-10256,136,370,104,0,0,0
293322,31.25,30.57,6180,0.4094,4626,-240,-10256,136,370,104,0,0,0
293372,31.25,30.57,6028,0.4185,5378,-156,-15860,110,354,92,0,0,0
293393,31.25,30.57,7361,0.473,3838,220,-9684,133,313,95,0,0,0
293479,31.25,30.57,3101,0.4417,4366,-70,-12012,137,366,94,0,0,0
293499,31.25,30.57,8360,0.4976,4094,892,-16424,63,347,85,0,0,0
293543,31.25,30.57,60,0.0085,4084,590,-10806,75,332,87,0,0,0
293563,31.25,30.57,7210,0.5158,4772,510,-10758,113,376,96,0,0,0
293606,31.23,30.47,604,0.086,4772,510,-10758,113,376,96,0,0,0
293652,31.23,30.47,3024,0.4307,5306,496,-15680,94,349,93,0,0,0
293712,31.23,30.47,3993,0.2477,4758,-268,-10576,125,360,100,0,0,0
293732,31.23,30.47,8594,0.481,5388,-164,-15956,114,396,97,0,0,0
293775,31.23,30.47,981,0.1397,5388,-164,-15956,114,396,97,0,0,0
293796,31.23,30.47,8997,0.5204,3790,326,-10094,113,290,93,0,0,0
293882,31.23,30.47,392,0.0558,4212,-94,-10894,97,391,91,0,0,0
293903,31.23,30.47,2306,0.1693,4184,650,-15544,75,342,80,0,0,0
293956,31.23,30.47,8435,0.537,3902,724,-11744,81,322,90,0,0,0
293976,31.23,30.47,5751,0.3344,4488,316,-10046,119,387,90,0,0,0
294019,31.23,30.47,625,0.089,4488,316,-10046,119,387,90,0,0,0
294064,31.23,30.47,65,0.0093,4976,732,-14296,72,329,88,0,0,0
294123,31.23,30.47,8064,0.4703,4458,-20,-9908,117,330,102,0,0,0
294144,31.23,30.47,7564,0.4447,5060,628,-16964,61,340,83,0,0,0
294187,31.27,30.47,1072,0.1527,5060,628,-16964,61,340,83,0,0,0
294207,31.27,30.47,10780,0.5903,4004,560,-11596,77,306,88,0,0,0
294292,31.27,30.47,3258,0.464,4174,-88,-10656,141,331,89,0,0,0
294312,31.27,30.47,5988,0.3866,4392,838,-13714,55,348,85,0,0,0
294355,31.27,30.47,783,0.1115,4392,838,-13714,55,348,85,0,0,0
294376,31.27,30.47,5951,0.4087,4402,606,-10146,115,360,94,0,0,0
294419,31.27,30.47,379,0.054,4402,606,-10146,115,360,94,0,0,0
294477,31.27,30.47,518,0.0738,4782,598,-14846,111,284,95,0,0,0
294536,31.27,30.47,7085,0.5488,4486,-36,-10494,105,308,89,0,0,0
294556,31.27,30.47,6150,0.4472,4940,212,-16682,52,359,86,0,0,0
294599,31.27,30.47,2078,0.296,4940,212,-16682,52,359,86,0,0,0
294620,31.27,30.47,7660,0.4762,4062,276,-12584,94,281,90,0,0,0
294706,31.27,30.47,754,0.1074,4456,500,-15548,103,387,96,0,0,0
294726,31.23,30.47,7435,0.612,4236,950,-13540,95,300,90,0,0,0
294769,31.23,30.47,6,0.0009,4236,950,-13540,95,300,90,0,0,0
294790,31.23,30.47,8846,0.4741,4890,208,-12580,111,400,102,0,0,0
294833,31.23,30.47,3474,0.4948,4890,208,-12580,111,400,102,0,0,0
294878,31.23,30.47,4485,0.6388,4856,678,-15026,79,332,81,0,0,0
294938,31.23,30.47,4479,0.3005,4344,90,-10224,107,272,101,0,0,0
294959,31.23,30.47,1868,0.1593,5044,-454,-11930,108,383,94,0,0,0
295015,31.23,30.47,9414,0.6354,5186,-24,-16654,39,384,91,0,0,0
295035,31.23,30.47,9025,0.5708,3916,-22,-8788,129,321,98,0,0,0
295121,31.23,30.47,6648,0.9468,4188,142,-13656,95,393,91,0,0,0
295141,31.23,30.47,6976,0.3753,4228,1074,-14692,64,345,81,0,0,0
295184,31.23,30.47,1102,0.1569,4086,492,-9294,121,320,104,0,0,0
295204,31.23,30.47,6077,0.4531,4936,322,-11982,108,401,97,0,0,0
295247,31.25,30.47,120,0.0171,4936,322,-11982,108,401,97,0,0,0
295293,31.25,30.47,737,0.105,5308,462,-15672,38,367,92,0,0,0
295353,31.25,30.47,6876,0.3706,5232,-510,-11508,139,359,99,0,0,0
295373,31.25,30.47,6962,0.468,5138,-88,-16554,78,359,97,0,0,0
295417,31.25,30.47,3748,0.5338,5138,-88,-16554,78,359,97,0,0,0
295437,31.25,30.47,7470,0.6564,3962,114,-10118,134,349,89,0,0,0
295523,31.25,30.47,5007,0.7131,4382,-10,-13150,113,409,89,0,0,0
295544,31.25,30.47,6283,0.5645,4320,1050,-15520,93,291,93,0,0,0
295596,31.25,30.47,5147,0.4072,3848,594,-10128,85,319,80,0,0,0
295616,31.25,30.47,8236,0.5197,5042,90,-10592,128,389,100,0,0,0
295660,31.25,30.47,163,0.0232,5042,90,-10592,128,389,100,0,0,0
295705,31.25,30.47,1832,0.2609,4944,524,-13038,105,286,88,0,0,0
295764,31.25,30.47,7994,0.4894,4984,-404,-10498,119,357,102,0,0,0
295784,31.25,30.47,7066,0.5351,4734,762,-14978,98,288,91,0,0,0
295828,31.25,30.57,423,0.0602,4734,762,-14978,98,288,91,0,0,0
295848,31.25,30.57,6013,0.3743,3902,240,-10492,118,325,84,0,0,0
295934,31.25,30.57,1195,0.1702,4420,114,-11790,125,400,95,0,0,0
295955,31.25,30.57,6575,0.4109,3924,444,-11432,83,301,90,0,0,0
295997,31.25,30.57,2117,0.3015,3924,444,-11432,83,301,90,0,0,0
296017,31.25,30.57,6745,0.4956,4644,158,-10326,114,382,93,0,0,0
296061,31.25,30.57,6142,0.8748,4644,158,-10326,114,382,93,0,0,0
296118,31.25,30.57,2757,0.3927,5132,846,-14394,96,294,90,0,0,0
296177,31.25,30.57,6893,0.4356,4828,-116,-10278,130,326,103,0,0,0
296198,31.25,30.57,5852,0.3787,4962,596,-16168,64,323,93,0,0,0
296241,31.25,30.57,1355,0.193,4962,596,-16168,64,323,93,0,0,0
296261,31.25,30.57,7462,0.452,4090,444,-11084,97,311,80,0,0,0
296348,31.25,30.57,6740,0.9599,4442,504,-15142,71,353,84,0,0,0
296368,31.25,30.47,9658,0.4834,4082,820,-12204,79,293,92,0,0,0
296411,31.25,30.47,835,0.1189,4082,820,-12204,79,293,92,0,0,0
296432,31.25,30.47,7794,0.5179,5110,-92,-14192,99,361,99,0,0,0
296474,31.25,30.47,4975,0.7086,5110,-92,-14192,99,361,99,0,0,0
296519,31.25,30.47,778,0.1108,5244,666,-14252,87,345,94,0,0,0
296579,31.25,30.47,9209,0.5805,4774,130,-10214,112,326,90,0,0,0
296600,31.25,30.47,6482,0.5664,5202,-248,-13214,109,411,92,0,0,0
296655,31.25,30.47,5204,0.347,4936,268,-15974,65,325,92,0,0,0
296675,31.25,30.47,7103,0.4046,4546,-110,-10280,97,382,95,0,0,0
296761,31.25,30.47,1246,0.1775,4728,480,-15688,95,356,91,0,0,0
296781,31.25,30.47,7712,0.4892,4264,1046,-13264,85,282,85,0,0,0
296825,31.25,30.47,2525,0.3596,4388,440,-9266,134,354,99,0,0,0
296845,31.25,30.47,10414,0.6202,5296,468,-14484,99,418,92,0,0,0
296889,31.25,30.53,727,0.1035,5296,468,-14484,99,418,92,0,0,0
296934,31.25,30.53,1156,0.1646,5382,822,-15764,87,326,88,0,0,0
296994,31.25,30.53,5596,0.3111,5444,-292,-12932,117,394,88,0,0,0
297014,31.25,30.53,3971,0.3413,5220,332,-17112,65,344,90,0,0,0
297057,31.25,30.53,302,0.043,5220,332,-17112,65,344,90,0,0,0
297077,31.25,30.53,5137,0.3168,4196,-16,-9676,143,328,91,0,0,0
297163,31.25,30.53,3676,0.5235,4478,208,-15402,120,358,100,0,0,0
297183,31.25,30.53,6897,0.4848,4478,208,-15402,120,358,100,0,0,0
297234,31.25,30.53,2999,0.2207,4266,244,-9404,146,321,91,0,0,0
297254,31.25,30.53,9524,0.5156,5094,126,-12922,105,385,102,0,0,0
297300,31.25,30.53,750,0.1068,5094,126,-12922,105,385,102,0,0,0
297345,31.25,30.53,4741,0.6752,4748,400,-12010,104,304,102,0,0,0
297405,31.25,30.53,10339,0.612,5232,-458,-11156,138,346,92,0,0,0
297425,31.25,30.53,7669,0.5018,4612,508,-14072,96,299,90,0,0,0
297469,31.23,30.53,4576,0.6517,4612,508,-14072,96,299,90,0,0,0
297490,31.23,30.53,8323,0.4372,4134,-26,-9670,134,331,97,0,0,0
297575,31.23,30.53,2840,0.4045,4378,452,-13918,139,367,90,0,0,0
297595,31.23,30.53,8105,0.4174,4084,588,-10448,87,357,94,0,0,0
297638,31.23,30.53,1492,0.2125,4084,588,-10448,87,357,94,0,0,0
297658,31.23,30.53,5979,0.4032,5130,256,-12430,92,421,91,0,0,0
297701,31.23,30.53,1623,0.2312,5130,256,-12430,92,421,91,0,0,0
297755,31.23,30.53,6973,0.9931,4946,500,-12154,103,269,96,0,0,0
297815,31.23,30.53,7573,0.4947,5276,-262,-10618,141,334,103,0,0,0
297835,31.23,30.53,10562,0.6141,4748,730,-14880,117,274,87,0,0,0
297877,31.23,30.53,1855,0.2642,4748,730,-14880,117,274,87,0,0,0
297897,31.23,30.53,7613,0.5057,4182,246,-9758,110,334,96,0,0,0
297984,31.21,30.33,6216,0.8853,4610,22,-13000,111,408,90,0,0,0
298004,31.21,30.33,6786,0.4702,4226,846,-10632,64,316,89,0,0,0
298047,31.21,30.33,2286,0.3256,4226,846,-10632,64,316,89,0,0,0
298068,31.21,30.33,6798,0.4416,5442,320,-15866,62,372,95,0,0,0
298111,31.21,30.33,1520,0.2165,5442,320,-15866,62,372,95,0,0,0
298156,31.21,30.33,150,0.0214,5110,614,-13292,116,267,90,0,0,0
298215,31.21,30.33,7321,0.4101,5102,-302,-10258,131,344,110,0,0,0
298236,31.21,30.33,6483,0.4756,5436,-150,-15388,104,374,93,0,0,0
298286,31.21,30.33,3657,0.2474,4842,670,-15906,110,276,85,0,0,0
298306,31.21,30.33,8398,0.5423,4624,126,-12348,120,402,81,0,0,0
298392,31.21,30.33,403,0.0574,4604,896,-16432,73,326,93,0,0,0
298412,31.21,30.33,8301,0.544,4082,782,-11418,69,296,90,0,0,0
298455,31.21,30.33,3588,0.511,4082,782,-11418,69,296,90,0,0,0
298475,31.21,30.33,7383,0.4331,5388,386,-16258,74,380,98,0,0,0
298518,31.23,30.39,2172,0.3093,5388,386,-16258,74,380,98,0,0,0
298563,31.23,30.39,1938,0.276,5322,812,-14100,90,296,88,0,0,0
298623,31.23,30.39,7437,0.4591,5100,-2,-10802,136,341,112,0,0,0
298643,31.23,30.39,6077,0.4423,5034,578,-16570,96,277,87,0,0,0
298685,31.23,30.39,1083,0.1542,5034,578,-16570,96,277,87,0,0,0
298706,31.23,30.39,6852,0.4926,4670,150,-11504,91,381,81,0,0,0
298792,31.23,30.39,1821,0.2594,4666,888,-16852,69,353,93,0,0,0
298812,31.23,30.39,8308,0.5737,4666,888,-16852,69,353,93,0,0,0
298865,31.23,30.39,5335,0.3922,4384,1026,-12910,86,290,90,0,0,0
298885,31.23,30.39,6483,0.3855,5436,306,-15730,109,366,101,0,0,0
298929,31.23,30.39,1005,0.1431,5436,306,-15730,109,366,101,0,0,0
298974,31.23,30.39,3392,0.4831,5290,940,-15188,88,295,89,0,0,0
299034,31.23,30.39,6077,0.4002,5540,-316,-13794,108,375,88,0,0,0
299054,31.23,30.39,5761,0.4028,5196,424,-17204,64,331,84,0,0,0
299098,31.23,30.57,713,0.1015,5196,424,-17204,64,331,84,0,0,0
299118,31.23,30.57,7088,0.4271,4572,-88,-10612,112,351,89,0,0,0
299203,31.23,30.57,369,0.0526,4496,496,-15754,116,326,94,0,0,0
299223,31.23,30.57,8464,0.5378,4654,1146,-13728,59,334,84,0,0,0
299267,31.23,30.57,1295,0.1844,4476,716,-9930,129,351,103,0,0,0
299287,31.23,30.57,7277,0.5001,5224,64,-14344,129,366,97,0,0,0
299330,31.23,30.57,882,0.1256,5224,64,-14344,129,366,97,0,0,0
299387,31.23,30.57,2082,0.2965,4694,418,-10912,93,329,87,0,0,0
299446,31.23,30.57,7949,0.4421,5396,-140,-12842,94,401,98,0,0,0
299466,31.23,30.57,6836,0.4659,4348,550,-13338,98,279,86,0,0,0
299509,31.23,30.57,3860,0.5498,4348,550,-13338,98,279,86,0,0,0
299529,31.23,30.57,7034,0.506,4244,202,-10228,123,350,98,0,0,0
299615,31.23,30.57,1827,0.2602,4858,438,-15042,100,405,85,0,0,0
299635,31.23,30.53,7292,0.4322,4368,724,-10450,111,354,88,0,0,0
299678,31.23,30.53,2290,0.3261,4368,724,-10450,111,354,88,0,0,0
299698,31.23,30.53,6755,0.4617,5256,382,-14424,104,418,96,0,0,0
299741,31.23,30.53,1513,0.2155,5256,382,-14424,104,418,96,0,0,0
299786,31.23,30.53,2343,0.3337,4730,588,-11712,95,291,96,0,0,0
299847,31.23,30.53,9373,0.5251,5346,-234,-12322,124,369,91,0,0,0
299867,31.23,30.53,2105,0.1642,5364,120,-17198,66,372,87,0,0,0
299922,31.23,30.53,7954,0.4683,4584,680,-14274,110,253,99,0,0,0
299942,31.23,30.53,6435,0.4019,4140,116,-10428,129,340,94,0,0,0
300027,31.23,30.53,3041,0.4331,4622,1118,-15808,76,354,85,0,0,0
300047,31.23,30.53,6085,0.4262,4064,620,-10736,89,321,89,0,0,0
300091,31.23,30.53,945,0.1346,4064,620,-10736,89,321,89,0,0,0
300111,31.23,30.53,6731,0.4797,5340,608,-16456,20,388,86,0,0,0
300155,31.23,30.53,5285,0.7527,5340,608,-16456,20,388,86,0,0,0
300199,31.23,30.53,2716,0.3868,4762,620,-12172,90,282,93,0,0,0
300259,31.23,30.53,6822,0.43,5172,-572,-10336,151,325,107,0,0,0
300280,31.23,30.53,6549,0.4205,4642,666,-15106,112,264,91,0,0,0
300323,31.23,30.53,208,0.0296,4642,666,-15106,112,264,91,0,0,0
300344,31.23,30.53,7549,0.4746,3776,354,-9732,105,325,87,0,0,0
300429,31.23,30.53,2330,0.3318,4370,976,-15994,80,318,90,0,0,0
300450,31.23,30.53,2000,0.1676,4370,976,-15994,80,318,90,0,0,0
300507,31.23,30.53,7827,0.4834,4716,320,-10490,104,383,91,0,0,0
300527,31.23,30.53,8198,0.4799,5146,340,-15500,69,391,92,0,0,0
300571,31.23,30.53,2552,0.3635,5146,340,-15500,69,391,92,0,0,0
300616,31.23,30.53,673,0.0959,4982,782,-13136,80,297,92,0,0,0
300676,31.23,30.53,6714,0.3695,5532,-114,-15502,131,354,95,0,0,0
300696,31.23,30.53,8706,0.5661,4738,520,-15822,84,298,86,0,0,0
300738,31.23,30.47,1273,0.1813,4738,520,-15822,84,298,86,0,0,0
300759,31.23,30.47,7524,0.6072,4426,-68,-12202,108,387,84,0,0,0
300845,31.23,30.47,1138,0.1621,4290,814,-15716,97,303,86,0,0,0
300865,31.23,30.47,5643,0.3805,4280,852,-12242,84,303,92,0,0,0
300909,31.23,30.47,1373,0.1955,4772,278,-10482,115,375,96,0,0,0
300929,31.23,30.47,7786,0.4533,5154,206,-15782,119,357,99,0,0,0
300971,31.23,30.47,90,0.0128,5154,206,-15782,119,357,99,0,0,0
301030,31.23,30.47,2296,0.327,4642,100,-10250,126,344,100,0,0,0
301089,31.23,30.47,6951,0.3769,5446,-278,-15374,112,420,92,0,0,0
301109,31.23,30.47,9114,0.5042,4004,402,-12174,107,299,92,0,0,0
301152,31.23,30.47,3423,0.4875,4004,402,-12174,107,299,92,0,0,0
301173,31.23,30.47,6859,0.4786,4200,-140,-10680,119,351,88,0,0,0
301258,31.23,30.47,3742,0.5329,4242,528,-15630,82,346,87,0,0,0
301278,31.27,30.47,7742,0.4213,4432,242,-9832,155,328,98,0,0,0
301321,31.27,30.47,3624,0.5161,4432,242,-9832,155,328,98,0,0,0
301341,31.27,30.47,7491,0.5589,5074,60,-14460,101,376,105,0,0,0
301385,31.27,30.47,3319,0.4727,5074,60,-14460,101,376,105,0,0,0
301430,31.27,30.47,3405,0.4849,4584,208,-10408,94,343,104,0,0,0
301490,31.27,30.47,6443,0.4496,5468,-400,-13330,129,383,93,0,0,0
301510,31.27,30.47,5303,0.6552,5040,384,-17034,60,324,82,0,0,0
301566,31.27,30.47,8692,0.4809,3820,428,-11904,97,263,102,0,0,0
301586,31.27,30.47,8757,0.5274,4324,514,-15306,76,395,92,0,0,0
301672,31.27,30.47,7502,1.0685,4392,952,-14054,107,284,88,0,0,0
301693,31.27,30.47,9002,0.5096,4024,596,-10106,102,374,100,0,0,0
301735,31.27,30.47,2979,0.4243,4024,596,-10106,102,374,100,0,0,0
301755,31.27,30.47,6623,0.3932,4832,602,-15912,71,326,85,0,0,0
301799,31.23,30.47,2994,0.4264,4832,602,-15912,71,326,85,0,0,0
301844,31.23,30.47,1859,0.2648,4608,600,-10638,84,299,90,0,0,0
301903,31.23,30.47,7548,0.5049,5162,-466,-11710,127,391,101,0,0,0
301923,31.23,30.47,9017,0.5082,4220,500,-13478,98,272,91,0,0,0
301967,31.23,30.47,228,0.0325,4220,500,-13478,98,272,91,0,0,0
301987,31.23,30.47,8693,0.506,3874,-8,-9778,103,390,89,0,0,0
302072,31.23,30.47,493,0.0702,4232,1184,-14552,88,325,98,0,0,0
302093,31.23,30.47,2980,0.2298,4232,1184,-14552,88,325,98,0,0,0
302148,31.23,30.47,9203,0.6519,4734,394,-12274,109,399,96,0,0,0
302168,31.23,30.47,7156,0.4759,5044,700,-16146,36,375,89,0,0,0
302212,31.23,30.47,248,0.0353,5044,700,-16146,36,375,89,0,0,0
302257,31.23,30.47,800,0.1139,4322,398,-11538,90,268,95,0,0,0
302317,31.23,30.47,6024,0.395,5148,-138,-16416,90,337,92,0,0,0
302337,31.23,30.47,7859,0.4962,4358,656,-14276,95,295,86,0,0,0
302381,31.23,30.47,382,0.0544,4358,656,-14276,95,295,86,0,0,0
302401,31.23,30.47,5915,0.3601,4370,172,-13630,122,390,91,0,0,0
302487,31.23,30.47,2396,0.3412,4256,972,-16058,61,330,86,0,0,0
302507,31.23,30.47,6760,0.3743,3930,622,-10504,105,287,87,0,0,0
302549,31.23,30.47,3869,0.551,4868,198,-11582,108,406,94,0,0,0
302570,31.23,30.47,7812,0.5028,5150,372,-15904,56,352,81,0,0,0
302612,31.23,30.47,1206,0.1718,5150,372,-15904,56,352,81,0,0,0
302668,31.23,30.47,3402,0.4845,4636,-178,-10088,133,342,104,0,0,0
302728,31.23,30.47,6973,0.4515,5088,-460,-15832,114,365,97,0,0,0
302748,31.23,30.47,4232,0.2856,3844,340,-9876,114,304,99,0,0,0
302791,31.23,30.47,1882,0.268,3844,340,-9876,114,304,99,0,0,0
302812,31.23,30.47,6900,0.4266,4164,96,-11884,127,370,86,0,0,0
302898,31.23,30.47,1291,0.1839,4342,652,-15668,60,329,91,0,0,0
302918,31.23,30.47,9553,0.6158,4682,248,-9976,111,395,102,0,0,0
302962,31.23,30.47,275,0.0392,4682,248,-9976,111,395,102,0,0,0
302982,31.23,30.47,9632,0.5905,4990,140,-14920,95,331,98,0,0,0
303026,31.23,30.47,839,0.1195,4990,140,-14920,95,331,98,0,0,0
303071,31.23,30.47,389,0.0554,4614,-160,-10102,116,356,97,0,0,0
303131,31.23,30.47,6892,0.4458,5132,-258,-14762,115,382,86,0,0,0
303152,31.23,30.47,5235,0.4211,5114,288,-16168,56,317,94,0,0,0
303202,31.23,30.47,6529,0.5658,3582,340,-10874,98,300,91,0,0,0
303222,31.23,30.47,8197,0.4604,4384,-94,-11070,103,386,89,0,0,0
303309,31.23,30.47,1317,0.1876,4282,986,-12340,70,338,83,0,0,0
303329,31.23,30.47,6631,0.4549,4302,186,-9238,135,366,107,0,0,0
303372,31.23,30.47,868,0.1236,4302,186,-9238,135,366,107,0,0,0
303392,31.23,30.47,6066,0.4176,4974,636,-14834,84,318,99,0,0,0
303436,31.23,30.57,1033,0.1471,4974,636,-14834,84,318,99,0,0,0
303481,31.23,30.57,1549,0.2206,4622,66,-10086,110,354,102,0,0,0
303541,31.23,30.57,7770,0.4404,5098,-536,-13624,134,362,88,0,0,0
303561,31.23,30.57,8272,0.5124,4056,516,-11634,58,327,80,0,0,0
303605,31.23,30.57,1307,0.1861,4056,516,-11634,58,327,80,0,0,0
303625,31.23,30.57,8171,0.5008,4360,-96,-10348,106,397,92,0,0,0
303710,31.23,30.57,7305,1.0404,4132,1060,-13194,77,300,92,0,0,0
303731,31.23,30.57,7060,0.5101,4132,1060,-13194,77,300,92,0,0,0
303784,31.23,30.57,6980,0.5561,4290,484,-8894,122,362,99,0,0,0
303804,31.23,30.57,7620,0.5275,5106,862,-15302,63,331,93,0,0,0
303847,31.23,30.57,3624,0.5161,5106,862,-15302,63,331,93,0,0,0
303892,31.23,30.57,1121,0.1597,4626,358,-10786,112,308,95,0,0,0
303953,31.23,30.57,9097,0.615,5118,34,-16248,81,315,87,0,0,0
303973,31.23,30.57,8464,0.4713,4120,406,-12826,74,314,85,0,0,0
304016,31.23,30.47,484,0.0689,4120,406,-12826,74,314,85,0,0,0
304036,31.23,30.47,8165,0.515,4576,456,-14932,108,383,97,0,0,0
304121,31.23,30.47,59,0.0084,4168,1090,-14390,114,271,87,0,0,0
304142,31.23,30.47,6395,0.4803,3864,376,-9432,123,313,99,0,0,0
304185,31.23,30.47,846,0.1205,3864,376,-9432,123,313,99,0,0,0
304205,31.23,30.47,7816,0.3968,5074,526,-15292,75,331,87,0,0,0
304249,31.23,30.47,6499,0.9256,5074,526,-15292,75,331,87,0,0,0
304304,31.23,30.47,1463,0.2084,4532,528,-11778,102,303,88,0,0,0
304363,31.23,30.47,7855,0.4727,5080,-8,-16582,93,339,95,0,0,0
304383,31.23,30.47,7458,0.451,4556,458,-14146,68,307,86,0,0,0
304427,31.23,30.47,1012,0.1441,4556,458,-14146,68,307,86,0,0,0
304447,31.23,30.47,6540,0.4704,4242,76,-13776,132,365,92,0,0,0
304533,31.23,30.47,3748,0.5338,4356,1040,-15096,75,309,90,0,0,0
304553,31.25,30.47,7256,0.4963,4994,-4,-12004,126,382,100,0,0,0
304596,31.25,30.47,334,0.0476,4994,-4,-12004,126,382,100,0,0,0
304617,31.25,30.47,7903,0.5599,5308,454,-15970,77,350,82,0,0,0
304659,31.25,30.47,2650,0.3774,5308,454,-15970,77,350,82,0,0,0
304704,31.25,30.47,251,0.0357,4772,498,-12018,87,270,91,0,0,0
304764,31.25,30.47,7661,0.4221,5174,-30,-15772,101,360,88,0,0,0
304785,31.25,30.47,5350,0.3853,5174,-30,-15772,101,360,88,0,0,0
304841,31.25,30.47,8591,0.5596,3808,220,-9564,112,334,85,0,0,0
304861,31.25,30.47,7235,0.4254,4200,-42,-11980,137,366,96,0,0,0
304946,31.25,30.47,4236,0.6033,4376,888,-15696,33,400,83,0,0,0
304966,31.25,30.47,7120,0.5211,4912,286,-10880,94,412,98,0,0,0
305010,31.25,30.47,579,0.0825,4912,286,-10880,94,412,98,0,0,0
305030,31.25,30.47,8211,0.4823,4792,708,-14028,132,230,98,0,0,0
305072,31.21,30.47,889,0.1266,4792,708,-14028,132,230,98,0,0,0
305117,31.21,30.47,363,0.0517,4926,-4,-10592,125,379,99,0,0,0
305178,31.21,30.47,9186,0.5676,5630,-48,-15436,87,400,92,0,0,0
305198,31.21,30.47,7454,0.4279,3926,452,-10136,111,280,87,0,0,0
305241,31.21,30.47,4194,0.5973,3926,452,-10136,111,280,87,0,0,0
305261,31.21,30.47,10533,0.5936,4206,-100,-11514,112,389,90,0,0,0
305347,31.21,30.47,1769,0.2519,4364,504,-15182,72,312,79,0,0,0
305368,31.21,30.47,2410,0.2536,3754,602,-11520,86,299,90,0,0,0
305425,31.21,30.47,8265,0.5704,4692,140,-9320,118,374,99,0,0,0
305446,31.21,30.47,9385,0.5006,5054,886,-14480,95,302,96,0,0,0
305488,31.21,30.47,222,0.0316,5054,886,-14480,95,302,96,0,0,0
305533,31.21,30.47,1230,0.1752,5014,356,-10714,126,342,99,0,0,0
305592,31.21,30.47,6345,0.4143,4924,552,-16048,86,284,86,0,0,0
305612,31.21,30.47,8261,0.5082,3834,492,-11152,96,296,92,0,0,0
305655,31.21,30.47,2579,0.3673,3834,492,-11152,96,296,92,0,0,0
305676,31.21,30.47,5483,0.3626,4564,686,-16052,75,359,91,0,0,0
305762,31.21,30.47,1796,0.2558,4240,1026,-12720,83,314,85,0,0,0
305782,31.21,30.47,5698,0.3891,4544,292,-9410,127,364,109,0,0,0
305824,31.21,30.47,160,0.0228,4544,292,-9410,127,364,109,0,0,0
305844,31.21,30.47,9189,0.549,5300,882,-15984,80,338,90,0,0,0
305888,31.21,30.47,4026,0.5734,5300,882,-15984,80,338,90,0,0,0
305948,31.21,30.47,990,0.141,4776,252,-10632,86,369,91,0,0,0
306009,31.21,30.47,8424,0.6554,5214,236,-16870,67,329,86,0,0,0
306029,31.21,30.47,8432,0.5063,4280,398,-12716,87,286,94,0,0,0
306072,31.21,30.47,925,0.1317,4496,54,-10348,102,370,90,0,0,0
306093,31.21,30.47,8859,0.5258,4416,606,-15542,124,327,83,0,0,0
306179,31.21,30.47,1641,0.2337,4522,870,-14098,69,340,90,0,0,0
306199,31.23,30.57,6630,0.4694,4930,244,-13596,159,354,109,0,0,0
306245,31.23,30.57,4853,0.6912,4930,244,-13596,159,354,109,0,0,0
306265,31.23,30.57,7016,0.4455,5488,772,-16060,26,401,81,0,0,0
306308,31.23,30.57,3031,0.4317,5488,772,-16060,26,401,81,0,0,0
306354,31.23,30.57,3029,0.4314,5342,-246,-12856,118,347,94,0,0,0
306414,31.23,30.57,6580,0.3951,5610,262,-17222,62,337,95,0,0,0
306435,31.23,30.57,3211,0.2529,4432,512,-13278,108,284,81,0,0,0
306488,31.23,30.57,5750,0.4243,4158,-138,-9908,118,343,92,0,0,0
306508,31.23,30.57,6793,0.5031,4598,406,-14750,119,380,89,0,0,0
306595,31.23,30.57,3452,0.4916,4272,790,-10654,97,350,94,0,0,0
306615,31.23,30.57,8387,0.4364,5256,60,-13410,112,389,101,0,0,0
306657,31.23,30.57,2184,0.3111,5256,60,-13410,112,389,101,0,0,0
306678,31.23,30.57,5973,0.4905,5078,610,-12544,87,315,94,0,0,0
306721,31.23,30.51,495,0.0705,5078,610,-12544,87,315,94,0,0,0
306766,31.23,30.51,589,0.0839,5246,-256,-12418,110,367,99,0,0,0
306826,31.23,30.51,6260,0.4218,5450,-254,-16676,95,345,84,0,0,0
306847,31.23,30.51,6443,0.4076,4250,156,-9932,112,356,91,0,0,0
306890,31.23,30.51,581,0.0827,4250,156,-9932,112,356,91,0,0,0
306910,31.23,30.51,6423,0.4111,4468,1030,-15746,70,337,88,0,0,0
306996,31.23,30.51,282,0.0402,4244,768,-10298,85,329,83,0,0,0
307017,31.23,30.51,7116,0.4875,4244,768,-10298,85,329,83,0,0,0
307070,31.23,30.51,3389,0.2698,5042,132,-12308,115,390,99,0,0,0
307090,31.23,30.51,5050,0.3502,5036,654,-12518,87,290,98,0,0,0
307133,31.23,30.51,2451,0.3491,5036,654,-12518,87,290,98,0,0,0
307178,31.23,30.51,2395,0.3411,5290,-598,-10866,122,378,96,0,0,0
307238,31.23,30.51,5957,0.3854,4786,734,-15108,105,275,83,0,0,0
307259,31.23,30.51,8865,0.4755,4132,314,-10660,104,340,95,0,0,0
307302,31.23,30.51,1397,0.199,4132,314,-10660,104,340,95,0,0,0
307323,31.23,30.51,7312,0.5078,4642,1306,-16192,71,326,80,0,0,0
