window_id,start_timestamp_ms,end_timestamp_ms,ax_mean,ax_std,ax_rms,ax_peak,ax_ptp,ay_mean,ay_std,ay_rms,ay_peak,ay_ptp,az_mean,az_std,az_rms,az_peak,az_ptp,acc_mag_mean,acc_mag_std,acc_mag_rms,acc_mag_peak,acc_mag_ptp,gx_mean,gx_std,gx_rms,gx_peak,gy_mean,gy_std,gy_rms,gy_peak,gz_mean,gz_std,gz_rms,gz_peak,gyro_mag_mean,gyro_mag_std,gyro_mag_rms,gyro_mag_peak,sound_peak_mean,sound_peak_std,sound_peak_rms,sound_peak_peak,sound_volts_mean,sound_volts_std,sound_volts_rms,sound_volts_peak,ir_object_mean,ir_object_std,ir_object_min,ir_object_max,ir_object_range,temperature_slope,ir_ambient_mean,ir_ambient_std
0,5944,11197,858.44,79.84163324982774,862.1449530096432,1084.0,624.0,-257.27,70.95313312321028,266.874877049152,584.0,584.0,-13709.59,127.16002477193845,13710.179708523152,14224.0,1080.0,13739.266919692835,126.83954207681045,13739.852392220231,14245.448957474102,1066.1919222691213,85.495,22.58273621596816,88.42722996905421,230.0,344.185,23.367729350538106,344.97733983553184,464.0,98.92,13.92546588089605,99.89537026309077,147.0,369.08462500463736,24.173634091427285,369.87541821537695,502.4549731070437,1319.8575,876.096682560635,1584.1619921901927,5630.0,0.2658625,0.1764478353331375,0.3190873038840624,1.134,30.961350000000003,0.10023062156846058,30.79,31.13,0.33999999999999986,0.0380734818199123,30.562849999999997,0.01663036146046599
1,8651,13927,861.12,89.93523002694774,865.8036728958823,1228.0,768.0,-252.79,94.42571630652319,269.8499583101691,1252.0,1332.0,-13710.06,178.56224796972063,13711.222763852975,14552.0,2112.0,13740.034916096947,177.496998388106,13741.181342228187,14572.157561596705,2082.2557205092417,86.625,37.08792761802687,94.23059481930484,366.0,345.9325,50.62334386179957,349.61695825574594,790.0,98.8375,14.309825077547245,99.86802541354264,147.0,372.7280609040157,46.46329319723611,375.6128924837379,806.1253004341198,1090.3075,718.2771874031292,1305.638756509625,4228.0,0.21962,0.14467309908894604,0.26298906821387086,0.852,31.054449999999996,0.06812633484930726,30.93,31.13,0.1999999999999993,0.026535253980288206,30.576499999999996,0.017791609072353325
2,11269,16717,858.46,78.72806615178605,862.0624571340525,1228.0,644.0,-249.04,93.92528094182099,266.16325817061977,1252.0,1448.0,-13715.47,166.00770795357667,13716.47461558545,14552.0,2112.0,13745.124949283409,164.9562626478671,13746.114739809209,14572.157561596705,2082.2557205092417,87.3325,35.67172470949506,94.3368300294217,366.0,346.4025,54.28084831457593,350.6295801839885,790.0,98.985,12.782987718057152,99.80698873325454,132.0,373.35367625720437,49.08164040892155,376.56603006644133,806.1253004341198,882.15,551.1569808139964,1040.1743315425545,3736.0,0.17768,0.11102559434652895,0.2095157869946797,0.753,31.0146,0.0781462731037122,30.87,31.13,0.259999999999998,-0.04405286343612306,30.595599999999994,0.014939812414734636
3,14000,19432,854.08,65.44427858873532,856.5836795083128,1152.0,472.0,-245.78,76.49125178737762,257.4076921927548,664.0,880.0,-13722.62,234.86833673358356,13724.629787356744,16084.0,4820.0,13751.757476011422,233.71658256096276,13753.743385711397,16101.890572227847,4776.330806812275,84.2375,54.372475516110164,100.26127118683465,573.0,342.35,65.4118299698151,348.54301025841846,811.0,97.9775,12.981987280459027,98.83381253397037,134.0,373.2018519249804,44.97835834893287,375.90248070477,870.9885188680732,835.4125,594.6687038542973,1025.4486396207271,6971.0,0.16824999999999998,0.11979804881549615,0.20654209014145278,1.404,30.957449999999998,0.05917345266249029,30.87,31.07,0.1999999999999993,-0.011045655375552046,30.6075,0.013273676061681958
4,16789,22132,852.01,67.23183695244389,854.6585049012266,1152.0,472.0,-247.38,69.55929556860104,256.9734616648186,428.0,644.0,-13727.69,239.87968630127898,13729.78568660123,16084.0,4820.0,13756.684626738888,238.99707204475297,13758.760537199563,16101.890572227847,4776.330806812275,81.005,57.57260611610351,99.38015395439876,573.0,339.705,62.30744718731461,345.3718358523173,811.0,97.43,13.116977548200653,98.30900263963622,134.0,370.10970427122743,42.913713475584494,372.5892913114922,870.9885188680732,761.1175,579.1110288137759,956.3835174761222,6971.0,0.15328499999999998,0.11667589200430396,0.19263840478990682,1.404,30.98635,0.0653427693015838,30.87,31.07,0.1999999999999993,0.018716077110237296,30.61465,0.022508756302286145
5,19504,24922,850.82,77.18009847104369,854.3134319440377,1260.0,780.0,-252.53,80.2645569351753,264.9788670818864,896.0,1208.0,-13727.18,226.99561141132222,13729.0566959278,15680.0,3964.0,13756.308514701766,225.9182337566998,13758.163503898331,15696.71048341021,3953.5184131083715,82.3825,32.60063179985934,88.59840574186423,256.0,343.89,36.00295682301663,345.7694969195519,750.0,97.9975,14.11426561143016,99.00869911275473,133.0,368.6721813076305,35.91333637903265,370.41725796728207,762.0662700841706,720.7975,581.8512150831602,926.3368029502013,6133.0,0.1451725,0.1171914149746047,0.1865713871417587,1.235,31.002650000000003,0.046335488558987364,30.91,31.07,0.16000000000000014,-0.0036913990402368266,30.619300000000003,0.020112714964871433
6,22205,27637,866.77,118.09812487927147,874.7784862466613,1260.0,780.0,-266.84,129.53831247935878,296.6205657064257,1248.0,1560.0,-13712.95,347.6819487692739,13717.356904301936,15680.0,3964.0,13744.093336043106,344.9637229268404,13748.421785790542,15696.71048341021,3953.5184131083715,83.3125,65.3635589893176,105.89318911053722,795.0,347.2925,67.03955506825803,353.7038061712087,750.0,98.6275,16.83296598196527,100.05364810940179,154.0,377.09145609620015,64.28465010597428,382.53167515906443,963.4910482199614,852.5775,771.0222363808647,1149.505842742872,6133.0,0.1717275,0.1552819636781748,0.23152283364713727,1.235,30.991500000000002,0.02162752875388283,30.97,31.05,0.08000000000000185,0.0,30.629800000000003,0.020469673148270442
7,25013,30372,867.63,136.51220861153774,878.3037060151802,1336.0,1112.0,-263.37,174.14856617267912,315.7395762333255,1248.0,2184.0,-13722.94,610.5529922946902,13736.515467905243,19656.0,10708.0,13754.716382479228,608.8869497349667,13768.186739000892,19699.84202982349,10671.069355755324,78.1525,111.08406386043859,135.82150971035477,1002.0,341.795,118.59668197297934,361.78584134816555,886.0,98.5125,16.779894032740494,99.93136394546009,154.0,386.5228804002823,99.6133421137403,399.152546027205,1062.023069429285,857.8775,943.8966482055913,1275.497819480692,5915.0,0.17279499999999998,0.19011969381155652,0.25691167743020166,1.191,30.9639,0.03462354690091667,30.91,31.01,0.10000000000000142,-0.011196118678857758,30.646600000000007,0.02230883705006541
8,27711,33182,848.88,107.70638606879352,855.685643212506,1336.0,1112.0,-248.27,140.82857345013474,285.430692112814,1184.0,2120.0,-13740.28,546.8190940338495,13751.156518635078,19656.0,10708.0,13769.882020541927,546.189839118419,13780.710221175104,19699.84202982349,10671.069355755324,77.3675,93.76346539964274,121.56199035882885,1002.0,339.7575,103.4917566463629,355.16996283469695,886.0,100.535,14.73715627249708,101.60939917153334,146.0,379.799504828332,83.66496358783552,388.9055026609935,1062.023069429285,808.8625,825.619360597697,1155.8139437210473,5915.0,0.1629325,0.1663016775133372,0.2328159090354437,1.191,30.941300000000002,0.048252564698676614,30.87,31.05,0.17999999999999972,0.014622555291537534,30.658100000000005,0.02134312118822334
9,30445,35867,839.41,73.14213491551911,842.5906004697655,1060.0,432.0,-250.07,69.13866573777658,259.45165252894424,424.0,636.0,-13734.28,156.14404119273973,13735.167566506061,15308.0,2588.0,13762.546191278008,156.28337384116128,13763.433516386818,15339.788264510042,2591.1958716221125,82.4675,28.343058122757327,87.20216453735537,215.0,344.02,24.72336142194261,344.9072411533281,510.0,101.01,14.068223057657281,101.98497438348454,144.0,369.33794069216447,23.57208232785526,370.0893912286598,543.5052897626664,807.24,455.23626547101895,926.7558874914148,4329.0,0.1626225,0.0917006815337269,0.18669518606541521,0.872,30.955150000000003,0.04841980483232003,30.87,31.05,0.17999999999999972,0.0073773515308002855,30.671800000000008,0.020635516989005412
10,33254,38592,833.12,79.99815997883951,836.9519938443303,1080.0,576.0,-250.61,74.79002540446152,261.5318718626852,436.0,648.0,-13733.2,157.45069069394393,13734.102553862047,15308.0,2588.0,13761.161414461756,157.7879752355401,13762.065997516507,15339.788264510042,2591.1958716221125,82.0125,27.160308241071196,86.39289611999357,215.0,344.9,24.619910641592508,345.77760193511665,510.0,100.2925,13.966815805687423,101.26034515050796,144.0,369.75968635992797,23.60750607344452,370.51253689990034,543.5052897626664,810.81,533.258365053939,970.4521317406644,6241.0,0.1633325,0.10741176352592859,0.19548604170119155,1.257,30.949650000000005,0.03430564822299602,30.87,30.99,0.11999999999999744,-0.011240164855750977,30.679000000000006,0.012939031894462105
11,35939,41398,834.59,93.52118423116765,839.8134792916818,1416.0,912.0,-249.37,89.16682735188014,264.83224879156995,980.0,1104.0,-13731.91,161.24450967397308,13732.856659850491,14724.0,2556.0,13760.106482925958,162.00129178201104,13761.06009143191,14749.252455633134,2550.834197514583,83.465,54.195283697015554,99.51650616857486,754.0,345.1025,36.11678271593416,346.9872584116022,584.0,99.15,15.001916544228607,100.27851215489787,137.0,372.28222789703096,42.01684533640178,374.6457960527517,854.8853724330531,849.8875,628.149711329831,1056.8258241072651,6241.0,0.1711775,0.12651383716317358,0.2128555554830552,1.257,30.953650000000007,0.040690017203239955,30.87,31.05,0.17999999999999972,0.014654698662759086,30.686600000000002,0.012994697202646314
12,38664,44077,835.78,117.58754866056185,844.011279545481,1420.0,1044.0,-254.13,119.7042317547713,280.91130272739116,980.0,1588.0,-13711.12,555.1448329940575,13722.35393217942,20100.0,11172.0,13740.199244829926,548.8062976817711,13751.154992945138,20104.395539284436,11043.752736480654,74.3075,161.80482979117156,178.05169895286033,1974.0,343.295,80.68102611519019,352.6483872074279,1068.0,97.7325,17.125009306566813,99.22150724515325,144.0,384.8650090732552,133.36838002706344,407.31830305057497,1975.6166126047838,780.47,681.0558340547418,1035.8428790120633,6360.0,0.1571875,0.13717622732729604,0.20862700568239004,1.281,31.006150000000005,0.053648648631629464,30.93,31.11,0.17999999999999972,0.022168852761869758,30.710299999999997,0.01716527356441897
13,41470,46757,834.68,117.25466984303867,842.8756491915044,1420.0,1044.0,-260.57,114.11378137630878,284.46208886247035,764.0,1372.0,-13707.46,547.5073226907564,13718.389990082655,20100.0,11172.0,13736.556168332056,540.9312287699504,13747.20269582143,20104.395539284436,11043.752736480654,73.28,162.35041299608696,178.12247191188428,1974.0,345.8125,79.53516419641063,354.84098903593423,1068.0,99.1475,16.556743150450817,100.52040837561296,145.0,386.82581371884294,134.57297217775576,409.56573953396054,1975.6166126047838,707.375,733.2088340813959,1018.8103773519388,6360.0,0.14248750000000002,0.1476928225871183,0.2052214840117866,1.281,31.058450000000008,0.04912837774647179,30.99,31.13,0.14000000000000057,0.0037828636277661386,30.7262,0.01562595360498528
14,44150,49563,834.54,80.64011656737607,838.4270033819283,1176.0,548.0,-256.44,74.41106369351267,267.01775221883656,764.0,920.0,-13730.69,132.87318728772937,13731.332898156683,14572.0,1620.0,13758.855893618114,132.83816714362698,13759.497137613715,14605.126771103358,1615.6633487752442,82.325,57.1012204335424,100.18959526817143,790.0,347.785,32.74101059833065,349.3227447504671,601.0,98.7225,13.870309792863317,99.69211352960674,145.0,373.9934918287446,46.170559556309264,376.8326584838421,940.5051833987944,740.6625,625.3422891455127,969.3471604641961,6125.0,0.149185,0.12597813609908667,0.1952604798724002,1.234,31.090350000000008,0.038741160282056625,30.99,31.13,0.14000000000000057,0.01108442638093455,30.731400000000004,0.018299650078141983
15,46829,52227,835.02,79.51502751052784,838.7973772014312,1092.0,520.0,-248.6,81.80244495123603,261.7128197089321,596.0,676.0,-13734.54,108.3314746507219,13734.967226753764,14292.0,1152.0,13762.616499606544,108.56539392349059,13763.044698031028,14343.218606714463,1174.3693023902615,81.2375,24.21159007066657,84.7687000018285,244.0,346.7575,20.087899187072797,347.3388655189626,470.0,96.6975,15.881466989859595,97.99299719877946,183.0,370.19218119376825,19.75845345669122,370.7190951380843,485.93106506993354,796.6925,508.42250436398865,945.0991389796098,4747.0,0.1604725,0.10242826389112529,0.19037587163293565,0.956,31.091050000000006,0.03221641662258476,31.01,31.13,0.11999999999999744,0.011115227862170939,30.741699999999994,0.01666746865238341
16,49641,54947,843.45,82.64609791151666,847.4893981637765,1092.0,520.0,-249.71,84.86975845376256,263.73843102589353,596.0,676.0,-13742.27,102.95711291600985,13742.655672030787,14292.0,1152.0,13770.901800030097,103.17351369302216,13771.288289771584,14343.218606714463,1174.3693023902615,82.26,19.691556566203698,84.58407060434016,201.0,346.9,18.587092295461385,347.39759642231263,470.0,97.695,15.922216397223096,98.98398860421821,183.0,370.5829215488236,17.483799825508626,370.9951280003553,485.93106506993354,780.0675,463.1039277999594,907.1772442582541,4747.0,0.15714499999999998,0.093279359855222,0.18274460320348726,0.956,31.067600000000002,0.048808196033043344,30.99,31.13,0.14000000000000057,-0.015077271013946824,30.7558,0.01758217370179772
17,52299,57722,853.6,62.960304954788775,855.9187811936364,1048.0,452.0,-254.05,55.83545020862642,260.1134367924887,436.0,316.0,-13742.73,84.68120865930057,13742.99089572572,13960.0,436.0,13771.81529846006,84.60558552117608,13772.075178418103,13991.961692343215,440.7043337067116,81.9975,11.922352693575208,82.85971578517513,119.0,346.3975,11.923484966652996,346.6026507400081,376.0,99.285,12.276961146798504,100.04116652658544,139.0,369.9539366516737,11.893265150049476,370.14505940239155,401.19945164469004,724.1925,367.9909040231158,812.3251088695954,3107.0,0.145885,0.07411330363031997,0.16363133868547308,0.626,31.039750000000005,0.049070739753951376,30.99,31.13,0.14000000000000057,-0.022127973446431394,30.770800000000005,0.01529525619776859
18,55019,60447,854.6,55.58740864620332,856.4059317870235,1024.0,336.0,-255.72,50.56719885459347,260.6717476060649,436.0,296.0,-13734.39,82.80439541473629,13734.639610852555,14016.0,472.0,13763.533586888821,82.76063426115651,13763.782406010348,14038.851804901995,469.9473539155406,82.16,11.810986410965006,83.00460830580433,118.0,346.565,12.184242898104092,346.77911557647184,381.0,99.14,11.522169934521882,99.80731436122305,132.0,370.0841380671711,12.03124062925252,370.2796510746978,401.9975124301144,729.42,406.424253213314,835.0055149518474,3560.0,0.1469425,0.0818690673804826,0.16821011414299675,0.717,31.036800000000003,0.037145120810141485,30.99,31.11,0.120000000000001,0.01105379513633056,30.7859,0.012311333084022947
19,57799,63157,851.64,54.97881773919843,853.412772344075,1012.0,324.0,-255.7,53.45493429048435,261.22771675302755,404.0,280.0,-13737.17,80.76256001390745,13737.407404601496,14016.0,472.0,13766.133388164551,80.54203412579733,13766.369001301686,14038.851804901995,467.40530867323105,82.9375,11.535969562633216,83.73593911815883,118.0,347.14,11.454274311365168,347.32892191696334,381.0,99.19,11.544215001462854,99.85952633574826,131.0,370.8016422162938,11.276286166092422,370.97306169046834,402.10570749493223,901.5575,500.12319651636835,1030.9845476533583,3632.0,0.18162,0.1007490476381787,0.20769254921638378,0.732,31.066550000000003,0.035455570789368854,31.01,31.13,0.11999999999999744,0.007465472191115929,30.7898,0.012820722573953806
20,60519,65968,852.56,55.0549398328615,854.3357653756514,1008.0,304.0,-257.15,51.96688849642626,262.3483943156504,408.0,284.0,-13732.08,84.67628711746872,13732.341067713109,14000.0,480.0,13761.131142056103,84.7181865579089,13761.391916517747,14034.103035107017,492.2863179896267,81.275,11.715561232821926,82.11504125311026,117.0,347.4525,10.867048529844705,347.6223993070642,384.0,99.835,11.266888434701038,100.4687513608087,150.0,370.8854214582794,11.053807023574365,371.0501078021673,402.10570749493223,1011.9,754.6856696665175,1262.3359576594498,5301.0,0.20382750000000002,0.15202775320233472,0.2542795459725379,1.068,31.06625,0.029915506012768062,31.01,31.13,0.11999999999999744,0.0036703982382087674,30.79605,0.019321770805691005
21,63229,68642,858.35,54.72218471515917,860.0925764125627,1008.0,304.0,-259.57,51.15012316700714,264.561750825776,408.0,280.0,-13733.21,82.42387942823366,13733.457343291237,14000.0,532.0,13762.658678640344,82.63688792282768,13762.906770010468,14034.103035107017,533.5264548271953,79.535,11.41134413642845,80.3494555053113,115.0,347.1325,11.476930937755094,347.32217392501735,384.0,100.205,10.90449333990351,100.79657732284366,150.0,370.29576175111526,11.389746668000853,370.47088617055994,399.56100910874676,847.535,713.6698632946469,1107.9892824391397,5301.0,0.17070500000000002,0.143771773916162,0.2231827054231577,1.068,31.06435,0.025633522972856697,31.01,31.13,0.11999999999999744,0.0147792351745794,30.8121,0.020607077159866594
22,66040,71429,857.98,57.457459045801876,859.9017618309664,1024.0,340.0,-259.97,50.93249552103254,264.91228737074465,404.0,276.0,-13739.58,81.83045643279767,13739.82368154701,13948.0,480.0,13769.010989515402,81.85799047155272,13769.254313868998,13981.229702712133,480.65312243231165,79.45,11.376620763653854,80.26038873566462,113.0,347.4725,11.921167885320633,347.67693696879,374.0,100.065,10.828008819723042,100.64914306639675,133.0,370.55661668846363,11.79094264251347,370.7441604395139,400.76302224631456,698.6175,337.6936795288742,775.9532411814516,2059.0,0.14071,0.06803014699381445,0.15629269016815855,0.415,31.07625,0.03443744328488904,31.01,31.13,0.11999999999999744,0.01113379105585428,30.82215,0.019398925118144495
23,68713,74137,857.1,58.269631884884944,859.0784364654953,1024.0,364.0,-256.76,50.390300653994906,261.65794465293806,428.0,288.0,-13737.56,84.91104992873424,13737.822412595091,13980.0,476.0,13766.883405934414,84.65558107790594,13767.143686327967,14005.81479243532,473.7621765163294,79.4525,11.980306496496656,80.35065338875596,110.0,347.205,11.956921635605044,347.4108230898974,374.0,99.835,11.16524854179252,100.45740390832326,134.0,370.2680044985971,11.991761531436858,370.4621404408283,405.29865531481846,705.025,356.8406148058262,790.1869873643833,2059.0,0.14201249999999999,0.07187723800863526,0.15916622600288038,0.415,31.08365,0.03553417369237599,31.01,31.13,0.11999999999999744,0.0,30.846400000000003,0.03639163196660786
24,71504,76817,860.41,58.077464648519225,862.3678797357888,1000.0,340.0,-256.41,51.277596472533695,261.48705512892985,432.0,304.0,-13741.18,85.65399932285708,13741.446954378567,13980.0,476.0,13770.698569689053,85.31789240173717,13770.962865391803,14005.81479243532,473.7621765163294,80.205,11.800126058648695,81.06839704841832,112.0,346.015,11.767742986656362,346.2150487774903,374.0,98.8775,11.015556896952601,99.48920795744633,134.0,369.05907093429573,11.421456173118079,369.235761404553,405.29865531481846,736.1025,349.15874898640305,814.7138899638327,2047.0,0.1482825,0.07034548808381388,0.164122477132171,0.412,31.09445,0.025557728772329754,31.07,31.13,0.05999999999999872,-0.0112930547713154,30.859949999999998,0.03371705205081752
25,74209,79527,858.51,56.253532333534395,860.3510213860387,1004.0,328.0,-263.14,54.97909057087067,268.82217170464196,432.0,312.0,-13749.67,83.0111504558273,13749.920580134272,13976.0,500.0,13779.183232605912,83.03398263442988,13779.433413605944,14003.107083786797,506.91621376721196,80.9275,11.37221366973027,81.72262538611936,112.0,346.1575,11.093813309678508,346.3352241687235,377.0,98.21,11.211864251764736,98.84791348329007,129.0,369.1679188499777,10.612855034167861,369.3204367483608,402.0062188573704,772.16,353.7149196740222,849.3204989872787,2136.0,0.1555375,0.07124818309086907,0.17107956482292092,0.43,31.08565,0.026154875262558046,31.05,31.13,0.0799999999999983,-0.0037608123354643803,30.86665,0.027122251775127396
26,76889,82333,857.48,53.81049711719824,859.1667591335223,1056.0,380.0,-263.47,56.60246549400477,269.48150214810664,412.0,292.0,-13746.97,76.99674733389716,13747.185627611203,13976.0,500.0,13776.42745629487,77.11693358056056,13776.64329508462,14003.107083786797,506.91621376721196,80.89,11.593657748959126,81.7166139778197,115.0,346.1425,10.865872894066081,346.31300509798933,387.0,98.5675,11.940077208711843,99.28805315847421,136.0,369.26007092603714,10.743370965298553,369.41632340761555,405.74992298212453,823.7875,389.20040768702955,911.0997763691965,2175.0,0.1659375,0.07839814151974522,0.1835252639284303,0.438,31.10425,0.03859970854812241,31.05,31.19,0.14000000000000057,0.01102130786186604,30.8923,0.022538410544549612
27,79599,85022,858.49,59.54023765488344,860.5522180553601,1056.0,360.0,-259.83,54.458159168300945,265.4756486007709,412.0,316.0,-13737.66,76.56033176521639,13737.87333469049,13976.0,444.0,13767.149021467594,76.15130139304863,13767.359630662664,14003.876606140173,440.8869652092326,80.4575,11.767250900274032,81.31345214661593,115.0,345.015,11.362868255858642,345.2020640146869,387.0,98.715,11.941891600579867,99.43470219194101,136.0,368.14949287731446,11.382152440385909,368.3254030066349,407.55858474580066,803.8025,363.5539210265102,882.1960737273772,2175.0,0.1619075,0.07324649441270209,0.17770505760951205,0.438,31.134,0.02244994432064401,31.11,31.19,0.08000000000000185,0.003687995574405232,30.911850000000005,0.015944059476226336
28,82408,87835,859.07,58.58169594677164,861.065084648077,1020.0,324.0,-258.98,51.79961003714217,264.10952273630727,396.0,300.0,-13735.58,84.00656879077968,13735.836888955839,13976.0,448.0,13765.07974621655,83.55561201295485,13765.333339952214,14003.876606140173,448.15515724635225,79.2075,11.025626682869323,79.97119794025846,109.0,345.2475,11.602424046293084,345.4424011322293,380.0,98.79,12.113665836566568,99.5299201245535,133.0,368.10461003035283,11.447535734902038,368.2825681457106,407.55858474580066,727.2725,312.38432778190077,791.5233777343534,1699.0,0.146495,0.06294604812853623,0.15944588423662745,0.342,31.11615,0.03780446402212229,31.01,31.15,0.13999999999999702,-0.011055831951354105,30.91705,0.0194999518025234
29,85094,90548,860.21,52.752212275884695,861.8259917175857,1020.0,324.0,-261.24,50.53456638777066,266.0828442421645,408.0,280.0,-13742.31,85.2299472016732,13742.57429596071,13984.0,456.0,13771.879326257087,85.04247769594225,13772.14189587081,14011.851555022984,456.1301061291633,78.975,11.258968647260724,79.77352317655276,116.0,346.35,11.388041973930374,346.5371697235377,378.0,98.2425,11.892589867224045,98.95970139405232,133.0,368.94261757734057,11.233540634201509,369.1135970131688,395.4238232580328,707.9825,331.5182154780488,781.7567060793275,2466.0,0.14261500000000002,0.06679282727209562,0.15748117347797483,0.497,31.0786,0.04692589903241033,30.99,31.13,0.14000000000000057,-0.025669233590025774,30.913400000000003,0.018689924644257
30,87909,93322,860.44,56.185108347319215,862.2724395456462,1064.0,388.0,-260.99,52.91899375460573,266.30095756493256,408.0,300.0,-13745.54,78.4924735245361,13745.764109717582,13984.0,452.0,13775.13463819369,78.27272600582837,13775.35701606314,14011.851555022984,449.5095743767215,79.165,11.459396799133888,79.99009313658786,116.0,345.69,11.434329888541786,345.87905400587647,386.0,98.2875,11.181003700473406,98.92142083492331,130.0,368.3538364217974,11.47317276709995,368.53247143230135,404.2425014765271,724.915,347.24516234931195,803.7916147858224,2466.0,0.146035,0.06994375436734863,0.1619208139801675,0.497,31.082800000000002,0.039498860743064475,30.99,31.13,0.14000000000000057,0.01108442638093455,30.922400000000007,0.019626589299182387
31,90619,96057,862.7,57.52903614697538,864.616030385743,1064.0,388.0,-263.04,54.20884060741384,268.5677568138067,432.0,324.0,-13745.14,77.22525752627827,13745.356938253732,14004.0,504.0,13774.926129455505,77.05198273888756,13775.141628310033,14034.40971327259,495.1069247239848,79.2325,11.215767639800674,80.02238749250112,113.0,345.7125,11.913221384243643,345.9177033630976,386.0,98.36,11.230111308442138,98.99901514661649,130.0,368.40361067369383,11.925797356378938,368.5965884269685,404.2425014765271,737.5875,332.25551514421846,808.9678902774818,1859.0,0.1485975,0.06693172262649454,0.16297568070114019,0.374,31.09945,0.03627254471359769,31.01,31.13,0.11999999999999744,-0.018389113644721934,30.933200000000006,0.014151348049887831
32,93418,98758,860.39,55.88101555984824,862.202783572403,1104.0,412.0,-263.23,53.87844745350407,268.68740201207794,432.0,296.0,-13746.67,78.87579540010991,13746.89628534383,14004.0,504.0,13776.303414095399,78.7926569133433,13776.528736949667,14034.40971327259,495.1069247239848,80.0825,11.599167804200437,80.91815309311008,113.0,346.38,12.406877125207615,346.6021278065096,378.0,99.0725,11.510961895080706,99.73897182145001,131.0,369.4371079865356,12.036122404863587,369.6331221630442,401.14087301096606,752.505,363.71766519513454,835.795617959319,3133.0,0.15158000000000002,0.07328784756015147,0.16836747013600936,0.631,31.05505,0.05763243444450322,30.99,31.13,0.14000000000000057,-0.02621722846441958,30.938049999999997,0.012907905914117602
33,96129,101598,853.58,56.151078351176835,855.4249002688664,1104.0,412.0,-263.1,54.248963123731684,268.63462174485255,396.0,260.0,-13748.81,82.33167009116237,13749.056510175526,13996.0,484.0,13778.015945656933,82.14524467841761,13778.260820582545,14027.607636371928,488.0117782969901,80.1775,11.057395432469619,80.93637933587097,120.0,345.52,12.091509417769148,345.73150709763206,377.0,99.9,11.618089343777658,100.57330659772502,131.0,368.8602461054863,11.750801802433372,369.04737162050077,401.14087301096606,755.5475,374.41293079132566,843.2301391079425,3133.0,0.1521825,0.07542545454785142,0.16984849866866647,0.631,31.022,0.039115214431216155,30.99,31.11,0.120000000000001,0.0,30.94125,0.015395781084048963
34,98830,104392,854.72,54.803299170761605,856.475148501111,1052.0,368.0,-258.89,55.960056290178976,264.86894872747916,396.0,292.0,-13749.39,79.55745031108023,13749.620167844638,13944.0,432.0,13778.587257126994,79.32967753361609,13778.815623993232,13972.558248223551,432.96239014861385,78.71,10.88213673871083,79.45869996419523,120.0,345.1225,11.590189547630358,345.31706082960915,377.0,99.57,11.620890671544931,100.24584779431017,130.0,368.0729974292958,11.36028447767185,368.2482688350347,400.064994719608,708.9125,353.86823090488076,792.3254744737164,1927.0,0.14277499999999999,0.07128056800419032,0.15957950996290218,0.388,31.052349999999997,0.052129430267363865,30.99,31.13,0.14000000000000057,0.014383315354189472,30.94645,0.01388811359573762
35,101674,107172,856.83,53.94804074292226,858.5266681938308,1068.0,384.0,-256.85,55.10750856280839,262.6951845771064,424.0,320.0,-13747.85,78.38327308807665,13748.073449032778,13948.0,448.0,13777.13710056957,78.06197607985344,13777.3582504049,13975.303359855914,438.16806467621427,78.1325,11.915114088836916,79.03579885090048,106.0,345.4525,11.449355604137727,345.64218130893687,377.0,99.2625,11.315193049612542,99.90534269997777,134.0,368.196812823012,11.285367826344272,368.3697225614505,401.40254109808524,668.275,353.7862269436163,756.1456010584205,2644.0,0.134585,0.0712855018569695,0.1522982107577105,0.533,31.061549999999997,0.05401478964135584,30.99,31.13,0.14000000000000057,-0.007275372862859066,30.95685,0.01258863313511517
36,104466,109937,855.8,54.221397990092434,857.515947373575,1068.0,372.0,-261.92,52.82947662053827,267.1947604276701,424.0,320.0,-13748.57,83.54516802305207,13748.823834786741,13988.0,512.0,13777.88048004072,83.02383822054115,13778.130623564286,14011.842990841711,504.05619951279186,78.785,11.885023138387238,79.67640805156819,107.0,346.595,11.041103885028889,346.77081768799405,376.0,98.9075,10.848914404215751,99.50071607782529,134.0,369.29838108564735,10.83643057099362,369.45733515522465,401.40254109808524,650.6075,330.79204712893267,729.8722473830609,2644.0,0.1310625,0.06664944556221004,0.14703580346296613,0.533,31.061549999999997,0.0485756883636243,30.99,31.13,0.14000000000000057,0.010966916468652664,30.963800000000003,0.012407451880034913
37,107246,112722,855.78,53.15065004306156,857.4289474936102,1016.0,320.0,-263.48,55.264903872168276,269.2135212057522,408.0,304.0,-13743.69,85.61976348951215,13743.956692306623,13988.0,512.0,13773.043210501306,85.36159361145856,13773.307731986532,14011.842990841711,504.05619951279186,79.5075,11.4422438249672,80.32663007994297,111.0,347.6825,11.314004319868364,347.8665369074755,379.0,98.725,10.706043853823877,99.30380153851111,130.0,370.4124535042031,10.924938855507985,370.57352846634905,401.31907505126145,613.605,280.4594515700977,674.661841221215,1540.0,0.1236025,0.0564943315187462,0.1359013888817918,0.31,31.068550000000005,0.04676427589517402,30.99,31.13,0.14000000000000057,-0.003652300949598169,30.96695,0.010954336754652502
38,110011,115602,855.27,51.72839742346557,856.8328891913521,1016.0,320.0,-261.99,55.61942016957746,267.828825931788,392.0,288.0,-13747.86,86.08124302076497,13748.129493134693,14004.0,492.0,13777.138881040288,86.04471237681531,13777.40757327009,14034.176000036483,492.1034850925462,79.155,11.297830543958428,79.9572073049078,111.0,347.0675,11.574452200860307,347.26044620716596,381.0,98.5725,10.722161337622186,99.153933356171,130.0,369.7129610119815,11.260615425146312,369.88440761946157,401.5245945144581,613.795,306.60481564222044,686.1128296424721,2433.0,0.1236225,0.061758440668057676,0.1381905477954263,0.49,31.052250000000004,0.03776158762552201,30.99,31.13,0.14000000000000057,-0.014308710427472419,30.973599999999998,0.013911283532578913
39,112796,118372,856.12,54.100513860775855,857.8276750023864,1016.0,300.0,-256.84,53.291785483318165,262.3105030302828,444.0,324.0,-13753.64,85.7542442098349,13753.907337189676,14004.0,464.0,13782.86336156425,85.55534144516385,13783.128895863958,14034.176000036483,461.6543478157728,78.36,11.131954006372824,79.14676241009484,116.0,346.08,11.877230316871017,346.2837492577438,384.0,99.2625,10.950506552210268,99.86469596408934,131.0,368.7938486152052,11.86169143019076,368.98455590986464,405.8817561802945,629.2325,337.53456629469815,714.0470030047042,2433.0,0.12676,0.06798998014413594,0.1438427439949614,0.49,31.04895,0.03411594202128975,30.97,31.11,0.14000000000000057,0.0035868005738880155,30.985500000000002,0.017102081832558735
40,115676,121142,855.75,57.227768609303645,857.6614017198162,1016.0,364.0,-256.34,52.07652446160361,261.5762986204981,444.0,324.0,-13748.07,85.04560600054538,13748.33304368206,13944.0,408.0,13777.280495814746,84.90500363662481,13777.542114615364,13972.983074490572,403.7584835273883,78.945,11.352179306194913,79.75703730706151,116.0,347.4775,12.07143296174899,347.6871186857517,384.0,98.21,10.976151420238335,98.82145516030413,131.0,369.9487410441528,12.293351855630835,370.15293798644905,405.8817561802945,615.5075,300.122574865254,684.7795575949971,1898.0,0.124,0.06045899436808389,0.13795394158921304,0.382,31.051149999999996,0.04349341904242541,30.97,31.11,0.14000000000000057,-0.007317965605561498,30.99205,0.01798906657641695
41,118447,123912,856.34,57.10520466647501,858.2419239352037,1000.0,348.0,-258.75,50.48878588359993,263.6298162196378,400.0,284.0,-13751.62,83.38066682391069,13751.872780097989,13992.0,456.0,13780.8983936209,83.21240710896045,13781.149619679774,14013.475229221336,444.2506382581523,78.7475,11.668493636712496,79.60730180077705,109.0,347.2225,12.359328207876025,347.4423945059094,380.0,98.43,10.841360615716091,99.02524930541705,137.0,369.74000712707476,12.323438224403038,369.94532028395764,404.65911579995327,583.8475,269.06853075703594,642.8652872103144,1360.0,0.117605,0.054208661438925054,0.12949716213106757,0.274,31.041800000000002,0.038996922955536,30.97,31.11,0.14000000000000057,0.0,30.996750000000002,0.012800278035828744
42,121215,126673,859.8,56.91151025934912,861.6814724711214,1044.0,360.0,-260.59,52.39782342807762,265.80571852388726,400.0,296.0,-13758.53,78.30120752581023,13758.75280830352,13992.0,424.0,13788.051180200553,77.91747024954188,13788.271337626047,14013.475229221336,412.26057758084426,77.6575,12.005215272955333,78.5799751845214,110.0,346.6725,12.268872961686416,346.8895321280249,380.0,99.0925,10.655465440326855,99.66374717017216,137.0,369.1838465575043,11.971213013103343,369.3778857755293,404.65911579995327,590.2125,265.34184996669865,647.1144353976351,1367.0,0.11887,0.05344570235294883,0.1303323444122755,0.275,31.035700000000002,0.0335188006945359,30.97,31.11,0.14000000000000057,0.018321729571271136,30.99915,0.015423105408806793
43,123986,129457,857.68,54.64775933192504,859.4191992270129,1044.0,332.0,-263.88,52.280642689240146,269.00914482597057,392.0,288.0,-13756.35,78.56307975124193,13756.57433665809,13940.0,404.0,13785.795214410578,78.45423082553141,13786.018452040458,13968.656341967899,403.7675477315079,77.215,11.654560266264875,78.08959597795342,115.0,346.94,11.131549757333882,347.11853162860666,377.0,98.655,11.099368225263994,99.27741434989129,128.0,369.2265151846399,10.818756148786228,369.38498209862297,394.7480208943422,611.605,285.6342223456426,675.0167294223158,1857.0,0.12317,0.05752769854600477,0.13594221198729994,0.374,31.048150000000007,0.029420698496126857,30.99,31.11,0.120000000000001,-0.003655638822884221,31.00575,0.018487616935395298
44,126746,132237,857.63,53.95945792907857,859.3258055010334,1000.0,300.0,-264.34,52.57189743579739,269.5170495534559,416.0,300.0,-13753.31,81.90142794847962,13753.55386072996,13944.0,408.0,13782.766257002166,81.72138546633587,13783.008527894046,13970.133857626419,405.245063390028,77.26,11.505103215530054,78.11193890821045,115.0,346.635,10.468847835363738,346.793050680085,376.0,98.505,11.629057356467031,99.18906189696523,131.0,368.9145839379891,10.363144207258483,369.06011028015473,400.48220934268727,604.3375,306.1963644358796,677.480647325073,2375.0,0.12170249999999999,0.06168665977138007,0.13644318414636916,0.478,31.058100000000003,0.018665208276362335,31.05,31.11,0.05999999999999872,0.0,31.011699999999998,0.014547821065176051
45,129531,135112,861.53,55.460428234913586,863.3132687501102,996.0,296.0,-262.78,52.92741822533951,268.0571580838684,416.0,300.0,-13751.47,79.85586453104116,13751.70186267867,13948.0,452.0,13781.149510984327,79.91693122492185,13781.381228309447,13982.419247040192,454.8326182286801,79.545,12.153516980693285,80.46809926921351,124.0,347.375,10.41870313426772,347.53120723181104,376.0,97.905,11.45648178979917,98.57301862071589,131.0,369.9396404510571,10.693803015890172,370.0941704485495,400.48220934268727,601.6775,309.2590879727709,676.5035088600797,2375.0,0.12117750000000001,0.06231276750193334,0.13626029318917526,0.478,31.0482,0.039783916348192574,30.97,31.11,0.14000000000000057,0.0,31.015599999999996,0.015073420980326
46,132410,137913,860.04,54.25567620074419,861.7496620248829,1004.0,288.0,-262.36,50.03788964374897,267.0890488208006,412.0,308.0,-13749.12,80.57211428279639,13749.35608092248,13996.0,500.0,13778.686761967216,80.82571118997231,13778.923821547169,14024.432394931355,496.84576611984266,79.79,12.310601122609732,80.73410060191418,124.0,347.4225,11.591117019079741,347.61580444507985,375.0,98.66,11.607514807227256,99.34047513476065,131.0,370.2446902272197,11.922326054514471,370.4365971391056,398.93107174047,607.51,308.69957871691366,681.4424627215419,1885.0,0.122365,0.06217983415063119,0.1372571491762815,0.38,31.04125,0.04050231474866562,30.97,31.11,0.14000000000000057,-0.01817190623296345,31.025449999999996,0.013294335198531732
47,135210,140707,857.75,52.86225023587248,859.3773792694336,1004.0,280.0,-261.75,51.107900563415825,266.6928570472033,452.0,348.0,-13751.53,78.95149840250025,13751.756639789697,13996.0,448.0,13780.93788355044,78.84345073835831,13781.163421133935,14024.432394931355,446.6923767987355,78.88,12.016472028012215,79.79003697204307,116.0,348.025,12.299568081847427,348.2422719889129,378.0,98.6425,11.523441055084197,99.31330474815547,131.0,370.6029380491727,12.478974690297019,370.81297509661124,404.3426764515465,614.775,290.7641129420892,680.0676951598275,1469.0,0.12382750000000002,0.05855760192963848,0.13697533537100756,0.296,31.04045,0.0246129539064285,31.01,31.07,0.05999999999999872,0.0,31.028149999999997,0.012883806937508823
48,137987,143467,857.17,49.54948132927326,858.6009317488539,984.0,260.0,-266.0,53.44005988020597,271.3150198569921,452.0,328.0,-13746.18,80.33658942225516,13746.414752945584,13972.0,468.0,13775.640882553987,80.2759920973395,13775.87478020906,14000.465135130333,465.0100633567945,79.8625,11.266480983430451,80.65328573592028,113.0,347.5975,12.178690149190922,347.8107854854418,378.0,97.885,11.363396279281998,98.54237667115605,128.0,370.18804843935953,12.194416454195379,370.38884297451506,404.3426764515465,598.8625,264.6784815464793,654.7449827986466,1444.0,0.12064,0.053334842270320815,0.13190380964930468,0.291,31.041800000000002,0.02974491553190162,31.01,31.11,0.09999999999999787,0.0,31.02845,0.015530631064226672
49,140780,146247,857.0,51.25660932991959,858.5314438038947,1024.0,356.0,-272.75,51.690207002874345,277.6048270473696,424.0,304.0,-13754.54,85.96573968738942,13754.808639890269,13972.0,468.0,13784.103539910058,85.97093136061835,13784.371636023167,14003.524699160565,468.06962738702714,79.3475,11.319750162879037,80.15087335768713,113.0,346.285,12.349444319482558,346.50513704705736,378.0,98.9975,10.660088824676837,99.56978708423554,126.0,369.1309142931401,12.103020825830265,369.3292772039606,403.17862046492496,618.52,307.55824586572214,690.7670120959743,2343.0,0.1245975,0.061982057837329026,0.13916289915059976,0.472,31.032449999999997,0.030314971548724253,31.01,31.11,0.09999999999999787,-0.007316627034936738,31.0301,0.014782974695646375
50,143540,149022,859.83,51.84680414451791,861.3917343462265,1024.0,356.0,-271.6,51.048996072400875,276.35585754602704,424.0,304.0,-13757.79,87.80134338380022,13758.070168450224,14016.0,504.0,13787.500943069877,87.64008698779413,13787.779481845508,14051.683457863688,509.1932880315526,78.1325,11.461672816391157,78.96871215867712,107.0,346.6075,11.658835437126642,346.80352867293607,380.0,99.8475,9.980693550550482,100.34509205735974,126.0,369.3922967658007,11.278900216181306,369.56444972426664,403.17862046492496,654.8825,339.84908958793756,737.8133181909907,2343.0,0.1319,0.06845483912770521,0.14860577041286116,0.472,31.017499999999995,0.015612494995995662,31.01,31.05,0.03999999999999915,0.0,31.035299999999996,0.01511559469579378
51,146321,151902,857.04,52.5109360038459,858.6471685156831,992.0,296.0,-268.06,51.5891112542172,272.9791200806391,428.0,308.0,-13745.79,84.00307077720433,13746.0466767722,14016.0,504.0,13775.287779951203,83.89505067101449,13775.543248815997,14051.683457863688,509.1932880315526,77.7175,11.153371407336886,78.51374083560151,121.0,346.16,11.591134543261932,346.35400964908723,381.0,98.9975,10.8649663483142,99.5919298939427,131.0,368.66427606400686,11.43291538505156,368.8415106790449,407.14370927229123,684.8225,338.38849122532224,763.8642729569174,2118.0,0.1379425,0.06815136971294121,0.1538594894701006,0.427,31.021299999999997,0.018008609052339003,31.01,31.05,0.03999999999999915,0.0,31.042450000000002,0.015575750705023893
52,149095,154682,859.09,56.86907683442734,860.9702201586301,1012.0,316.0,-264.99,49.35118944868502,269.54635964894794,428.0,304.0,-13750.88,80.34591215488192,13751.114727177575,13976.0,464.0,13780.444042434352,80.26950439342565,13780.677820775,14001.366790424427,455.53997918842833,78.5875,11.461123145224468,79.41884222273704,121.0,346.0225,11.921912336114538,346.2278187841064,381.0,98.1125,11.279620727223056,98.75875910520544,131.0,368.4953057833065,12.064705370106172,368.69275487863877,407.14370927229123,671.555,356.53498702792126,760.331056185396,2901.0,0.1352625,0.0717969957153501,0.1531363852910209,0.584,31.03375,0.022292095011460424,31.01,31.07,0.05999999999999872,0.0,31.0442,0.022619440703614647
53,151976,157457,860.4,54.16936403540289,862.1035204660749,1012.0,280.0,-266.23,50.98340023968586,271.06774061108786,408.0,320.0,-13747.32,82.00498521431489,13747.5645843182,13960.0,448.0,13776.993297973555,81.77938365948454,13777.236014527733,13988.199026322152,442.37221508615403,78.4325,11.683126454421352,79.29787197649128,110.0,346.8675,12.060884865962365,347.0771203925721,375.0,98.82,10.92417502606032,99.42197946128411,129.0,369.4350335063448,12.376025943975371,369.6422730154115,399.7611787054866,658.61,352.2390138811997,746.8865074427305,2901.0,0.1326475,0.07092875470322314,0.15042023633806725,0.584,31.0469,0.02108055976486348,31.01,31.07,0.05999999999999872,0.007297938332420936,31.04705,0.021620965876054516
54,154756,160217,853.02,54.87585625755647,854.7832941746112,1004.0,344.0,-269.86,52.83616564437658,274.9837813399183,408.0,324.0,-13739.6,81.06639254339618,13739.839151896938,13944.0,420.0,13768.910112090722,81.02348527366712,13769.148502358452,13970.758605029292,418.25920454968946,78.45,11.47333865969274,79.2845508280144,110.0,347.9125,12.091312738904739,348.1225466699909,380.0,100.2925,10.953398730531084,100.88886212065235,133.0,370.82076052906416,12.077812742648405,371.01739851387026,401.7474330969645,704.13,332.9330234446562,778.8731957128837,2124.0,0.1418525,0.06706393027365753,0.15690666811834353,0.428,31.051550000000002,0.020312496153845356,31.01,31.07,0.05999999999999872,0.010986998718183249,31.05575,0.012583057392117647
55,157530,163007,854.89,55.87063540000239,856.7137444911223,1004.0,344.0,-267.2,51.3793732931806,272.0949834157183,424.0,340.0,-13748.9,80.39098208132552,13749.135024429717,13964.0,432.0,13778.25281861534,80.35736629872567,13778.487146272626,13993.517927955072,429.5715995445971,78.6,11.279849289773335,79.40525801230042,110.0,348.1,11.310393450273956,348.2836990156157,389.0,99.095,10.803053966355995,99.68211976076752,133.0,370.70585758726025,10.973702679310607,370.8682447986077,406.0751162038866,693.5525,312.76992701305215,760.8154161818752,1788.0,0.1397175,0.06298704385625667,0.15325908619067255,0.36,31.046599999999998,0.027684652788142427,30.99,31.07,0.08000000000000185,0.0,31.057250000000003,0.012761058401590955
56,160291,165881,861.4,53.42471338247871,863.0551314950859,1020.0,316.0,-265.19,52.55534130799647,270.34755408547716,424.0,304.0,-13757.0,82.23940661264525,13757.245811571442,14024.0,492.0,13786.697208210644,82.12410801259954,13786.941803025064,14053.443136825936,488.4682382129631,77.6625,11.904561888200673,78.56960290086745,111.0,347.7225,11.859405286522593,347.92467934884985,389.0,98.095,10.944449506485011,98.70364734902151,129.0,369.91170286025636,11.511172269819397,370.09076589398984,406.0751162038866,658.645,298.66702023323563,723.1979155113764,1649.0,0.13266999999999998,0.06014271443824264,0.14566562737996908,0.332,31.045599999999993,0.02940476151918253,30.99,31.07,0.08000000000000185,-0.010733452593917482,31.0585,0.014291978576427548
57,163081,168657,862.33,55.38999097309911,864.1070998435321,1020.0,316.0,-263.96,52.886277993445525,269.2059434707934,404.0,284.0,-13759.73,83.16229373941053,13759.98130958033,14024.0,492.0,13789.464508746927,83.1090970284216,13789.714955719715,14053.443136825936,489.66726135527097,77.7075,12.216052707401028,78.66185543196906,111.0,347.45,11.84366919497501,347.651801376032,379.0,99.3275,12.318694888258252,100.0884733623208,137.0,370.0336480609211,11.927460028288142,370.22582973099003,404.3538054723858,696.945,321.13478007683943,767.3720609977927,1683.0,0.1403825,0.06466046855498342,0.15455815248636998,0.339,31.0647,0.030592646175183345,31.01,31.11,0.09999999999999787,0.0035868005738880155,31.068049999999992,0.013328225838798554
58,165957,171452,859.16,55.48201870876726,860.9495687901818,1004.0,328.0,-264.59,49.95770110803739,269.26499958219597,436.0,312.0,-13758.97,77.42570051345999,13759.187846671764,13980.0,444.0,13788.510237798067,77.28791715315137,13788.726844781573,14006.153504799238,442.3776293285737,78.6875,11.963270612587513,79.59172381598479,108.0,346.6225,11.398903181885528,346.8098794728893,383.0,100.325,12.260480210823717,101.07138566379705,137.0,369.71532735387666,11.744646423620356,369.9018248130171,404.1856009310574,668.5625,307.7094507709342,735.9761697908432,1683.0,0.1346625,0.0619575547754267,0.1482320056533001,0.339,31.0819,0.023966434862114458,31.01,31.11,0.09999999999999787,0.010919017288443807,31.073849999999993,0.014653132283381479
59,168756,174227,858.88,54.21536313629191,860.589425916912,988.0,324.0,-268.73,51.77013714488305,273.6712626491865,436.0,328.0,-13754.14,79.26601037014541,13754.368405710238,13928.0,384.0,13783.753480295045,79.37477215244273,13783.982021172256,13965.361148212387,395.2080171677717,79.1925,11.80700824722334,80.06783061879472,115.0,347.4525,11.403409303800332,347.63957988123275,387.0,99.8375,11.240377829503775,100.46826613413809,127.0,370.43858370495576,11.543968237416887,370.6184122517391,404.1856009310574,628.6025,305.1093975834733,698.736608100649,2683.0,0.1266125,0.06146622929503648,0.14074381869197666,0.54,31.0732,0.018755265927199886,31.05,31.11,0.05999999999999872,-0.003655638822884221,31.07245,0.014749283148121111
60,171526,177012,865.01,53.96350526049989,866.6916175895553,1004.0,340.0,-271.29,53.666524948053045,276.5472111593245,416.0,308.0,-13752.73,83.95753152636159,13752.986269170779,13948.0,448.0,13782.786285059296,84.06105151240489,13783.042626357941,13979.632040937273,444.92406477465374,78.835,11.705245618952214,79.69924717335792,115.0,347.495,11.41599645234703,347.68247007866245,387.0,99.7725,11.209404254910249,100.40021165316335,131.0,370.38758625584194,11.32733188227548,370.5607541281186,401.3215668264042,653.59,324.7604608014959,729.8282297910927,2683.0,0.1316425,0.06542185944888758,0.14700261052103802,0.54,31.067800000000002,0.020860488968381864,31.05,31.11,0.05999999999999872,-0.003645643456069919,31.070050000000002,0.011973131993104588
61,174301,179748,865.1,52.03373905457881,866.6634410196383,1004.0,292.0,-269.16,52.41540231649471,274.216119146924,416.0,312.0,-13750.88,82.92276888768248,13751.13002483796,13976.0,476.0,13780.892665407406,82.91142575287405,13781.142077491257,14003.934304330338,469.22632816771875,78.6025,11.91551483361084,79.5005188662313,107.0,347.4475,11.268196117835364,347.630173460245,378.0,99.96,11.090915201190567,100.57340602763735,131.0,370.3483839112498,11.142465361198514,370.51596456833005,399.88748417523647,630.09,301.99195668096854,698.722083521052,1898.0,0.12692499999999998,0.06083711346702768,0.14075194492439527,0.382,31.07335,0.025333327850876067,31.05,31.11,0.05999999999999872,0.011015237745547773,31.073149999999995,0.0100663214268006
62,177086,182562,860.94,52.87793868902229,862.5623223860407,1004.0,292.0,-266.46,52.0617748448898,271.49836095269524,460.0,356.0,-13754.14,81.71303690354435,13754.382725516984,13976.0,456.0,13783.834071454057,81.77756796515379,13784.07665678046,14003.934304330338,449.23091399383156,78.515,11.86274736306898,79.4061080774017,107.0,348.575,11.081036729476173,348.7510860198144,387.0,99.4875,11.580364577594265,100.15921075967003,139.0,371.2623107813129,11.349629655623627,371.43575151027125,411.2651213025486,641.3,329.8892238312734,721.1744518492042,2466.0,0.12917749999999997,0.06645375078767188,0.14526846698440787,0.497,31.092350000000007,0.0291114668129238,31.05,31.13,0.0799999999999983,0.014609203798392676,31.078899999999994,0.009951763360578778
63,179821,185427,859.14,55.2548676588769,860.9150016116573,1036.0,348.0,-268.48,50.34450913456204,273.15944062030877,460.0,320.0,-13760.94,81.90187055250937,13761.18372815362,14016.0,496.0,13790.549533289824,81.92612452598324,13790.792882209493,14044.574753263269,489.87136292676223,79.2125,11.782289410382008,80.08397155486234,113.0,347.975,11.709798247621519,348.1719690038243,387.0,99.3775,11.767539834221934,100.07178673332459,139.0,370.8167712426411,12.101535653906241,371.01418436496465,411.2651213025486,683.4875,357.1686644202568,771.1839064062476,2466.0,0.1376525,0.0719420721396736,0.1553186160767601,0.497,31.108700000000002,0.01950153840085402,31.07,31.13,0.05999999999999872,0.0,31.08279999999999,0.009612022546977567
64,182735,188177,862.51,53.26368274913029,864.1530651452902,1036.0,348.0,-267.01,51.150170087693745,271.8651871792341,388.0,248.0,-13763.09,81.44060350955166,13763.330952934322,14016.0,472.0,13792.870915729163,81.6212106779917,13793.112415985015,14044.574753263269,471.3835293837492,79.4025,11.108352431841546,80.17576005252461,113.0,346.905,11.813592806593597,347.10609329137395,386.0,98.9775,11.005316612892154,99.58746156017835,132.0,369.715657707659,11.780808367559297,369.9033049325188,402.7170222376998,689.6275,362.1660030203691,778.9417837682095,2369.0,0.1388875,0.07293760925441688,0.15687457569663735,0.477,31.108050000000002,0.025203124806261086,31.05,31.13,0.0799999999999983,-0.0110253583241453,31.091949999999994,0.02005499956416803
65,185501,190952,863.87,49.74116102384423,865.3008494159704,984.0,312.0,-266.62,52.142263088592536,271.6708302339432,400.0,260.0,-13761.04,84.7015844007655,13761.30067399154,13992.0,480.0,13790.893504376309,84.87161452030703,13791.154659418478,14024.110096544451,479.2755091454601,78.5,11.409206808538444,79.32477544878397,128.0,348.645,12.014739905632581,348.8519600059601,383.0,99.235,12.149270554234933,99.97594710729176,131.0,371.27591293734554,11.810862480812284,371.46372635830807,405.4442008464297,720.42,384.8572379467482,816.7741854392804,2441.0,0.1451075,0.07751484337693007,0.16451363925219087,0.492,31.11545,0.023136497141961167,31.05,31.13,0.0799999999999983,0.0,31.109899999999996,0.022699739987248748
66,188250,193722,859.36,49.73922395856212,860.7982341989324,996.0,324.0,-268.39,53.080014129613794,273.58852315110005,404.0,308.0,-13760.55,86.22608364062467,13760.820151429929,13992.0,480.0,13790.162678372963,86.07452590296434,13790.431302899848,14024.110096544451,479.2755091454601,78.6075,12.238196098690363,79.55446247697235,128.0,349.0825,11.815062155993932,349.2823893356205,382.0,99.76,12.569303878894805,100.54871953436304,135.0,371.88937531510817,11.637763004056092,372.0714245947947,405.4442008464297,746.1975,364.07282031724094,830.2768980888244,2441.0,0.1503075,0.07333122079817027,0.1672417785722216,0.492,31.119500000000006,0.009987492177718877,31.11,31.13,0.019999999999999574,0.0,31.12245,0.020954599449648968
67,191026,196507,858.77,55.117030943257454,860.5369254134305,1044.0,364.0,-267.5,53.11713471187993,272.7227163255749,432.0,336.0,-13762.46,80.76056215752835,13762.696956628813,13976.0,444.0,13792.036369049656,80.38528977117937,13792.27062524514,13999.608565956407,438.5879553976283,79.4525,11.492725688451804,80.27940271327385,107.0,348.1975,11.791246488391295,348.39709025765416,383.0,99.685,11.620704582769498,100.36005181345813,142.0,371.16991936802674,11.416915359784142,371.3454658400988,406.11574704756276,701.8325,333.95448708431815,777.2351365577858,2290.0,0.1413725,0.06724733261438702,0.15655154901820678,0.461,31.115150000000003,0.017101973570321866,31.07,31.13,0.05999999999999872,-0.007297938332420936,31.137349999999998,0.021120907457530643
68,193819,199273,858.22,58.14973430721761,860.1877469483043,1044.0,360.0,-268.48,51.34597939469069,273.3457883341172,432.0,304.0,-13760.8,77.55153125503068,13761.018526257421,14000.0,456.0,13790.36971141057,77.29801168200524,13790.586345764998,14030.266711648785,455.8855471168263,79.45,11.775716538707952,80.31793075023784,108.0,348.585,12.363768640669397,348.8041929220462,383.0,100.4775,10.964465046230025,101.07397043749691,142.0,371.73312616610144,12.073334699961002,371.92913639563113,406.70505283313116,698.3725,343.64031885643163,778.3397828069692,2290.0,0.14068999999999998,0.06922061759331535,0.15679658797308058,0.461,31.111050000000006,0.02576620849096684,31.05,31.15,0.09999999999999787,-0.003667033370003589,31.14465,0.010985408412753337
69,196581,202042,855.56,56.56683127063067,857.4279678200379,1012.0,328.0,-268.06,49.79956224707201,272.64658442753324,424.0,288.0,-13760.0,77.98717843338096,13760.221001132213,14000.0,460.0,13789.385686283546,77.73850344884437,13789.60481232149,14030.266711648785,461.7885361126646,79.2775,11.940288679508548,80.17164398963016,108.0,348.62,11.979799664435127,348.8257731303695,383.0,100.4825,10.783074410853336,101.05942558712671,129.0,371.7299123110019,11.6958237527259,371.91386099472015,406.70505283313116,694.5775,329.70928709053675,768.8602717659433,1794.0,0.13991499999999998,0.06643724689509643,0.15488742686222146,0.361,31.1076,0.024662522174343282,31.05,31.15,0.09999999999999787,0.0,31.133449999999996,0.016905976164515783
70,199347,204857,858.85,56.511215700956214,860.707174363035,1000.0,272.0,-271.06,47.80289112595597,275.242874567172,424.0,288.0,-13757.35,79.15388493308461,13757.577706849415,13980.0,440.0,13786.997281872858,78.90367311084582,13787.223064852473,14009.656669597582,441.1784940614616,80.09,11.256193850498487,80.87712902916374,107.0,348.555,11.4451725631377,348.7428565576648,383.0,99.49,11.283833568428772,100.12784328047817,131.0,371.56729010015073,11.226037931097242,371.73683567814476,405.51325502380314,655.0225,318.15242729507816,728.2001390414589,2057.0,0.131935,0.06409201022748467,0.14667866238822877,0.414,31.101300000000002,0.027646157056632075,31.05,31.13,0.0799999999999983,0.003629764065335676,31.13355,0.016944476628699367
71,202140,207716,866.27,56.38374854512601,868.1030123205425,1052.0,368.0,-271.48,50.4829634629347,276.13388057244987,432.0,296.0,-13755.17,79.05182540586902,13755.397156025703,13956.0,444.0,13785.301698805912,79.12491958208835,13785.52877767117,13985.072613325967,436.047556149344,79.81,11.535982836325651,80.63941344032706,110.0,348.765,11.87201646730664,348.96700417088147,385.0,99.605,11.101079902423907,100.22170423615835,131.0,371.7384219827316,11.645626723735308,371.92079129836236,410.3498507371484,684.63,354.2465287056459,770.8494275797317,2096.0,0.1379025,0.07135704585918619,0.15527049784166985,0.422,31.0876,0.04326938871766013,30.99,31.15,0.16000000000000014,-0.0035868005738880155,31.14215,0.0125607296692736
72,204931,210497,864.27,55.326368939231855,866.0390522372534,1052.0,368.0,-267.79,52.8953296615117,272.9641002036715,440.0,324.0,-13760.82,79.56913723297494,13761.050044237176,13952.0,440.0,13790.746175836082,79.69487852098784,13790.97644693805,13986.678233233222,437.6531760565995,79.875,11.897662585566964,80.7562381491362,112.0,348.8825,12.220012019224857,349.09644441042366,385.0,99.665,11.319354001002,100.305732637771,130.0,371.893724984016,12.09110489215159,372.0902276330299,410.3498507371484,716.545,384.654654170465,813.2625283387893,2250.0,0.14434000000000002,0.07748251028457971,0.16382177816151305,0.453,31.08395,0.039602998623841416,30.99,31.15,0.16000000000000014,-0.003593244699963991,31.1463,0.015585804221570049
73,207793,213257,864.01,56.33861819391739,865.8448590827343,1052.0,368.0,-261.15,53.6954141431091,266.6130529437747,440.0,324.0,-13761.27,81.31092853977256,13761.510217995698,13956.0,400.0,13791.058733064658,81.4391868880338,13791.299188981435,13986.678233233222,398.78538702634614,79.7825,11.345492221582983,80.5851568218366,112.0,348.45,11.64377516100341,348.64448941579445,380.0,99.4525,11.382563145003854,100.10176072377548,125.0,371.39359047493724,11.58062839981596,371.5740975902384,398.9824557546359,711.6075,376.42959958503525,805.0369416989508,2703.0,0.143345,0.07580531627135395,0.1621549721716852,0.544,31.073800000000002,0.04647106626708726,30.99,31.13,0.14000000000000057,0.003660322108345456,31.1509,0.014755823794001805
74,210570,216037,865.31,57.565301180485456,867.222670367882,1052.0,368.0,-263.17,54.37491241372256,268.72863636017655,412.0,288.0,-13762.98,81.20147535605494,13763.21954195311,13992.0,432.0,13792.893215744534,81.23508520590894,13793.132436107471,14016.968573839353,422.6609415985695,79.04,10.991969796173933,79.80065789202493,112.0,348.6075,10.684027506048457,348.77118215242496,379.0,100.425,11.15837689809768,101.0430106439827,133.0,371.6259985900674,10.643762113803664,371.77839165287696,399.55224939924943,692.5175,327.841386487048,766.1987095395032,2703.0,0.13951750000000002,0.06600689125954955,0.15434390982478058,0.544,31.0779,0.05145473739122569,30.99,31.13,0.14000000000000057,0.003658313517468369,31.159650000000003,0.012817496656969055
75,213331,218798,860.01,56.105970270551424,861.8381982715781,1052.0,360.0,-273.18,54.6095925639443,278.5848524238172,448.0,300.0,-13763.66,79.46297502610885,13763.889383455537,13992.0,456.0,13793.430166338529,79.43428946161809,13793.658889504264,14016.968573839353,453.07296822516037,79.085,11.5085957006057,79.91798921394357,112.0,348.8375,10.325749064837863,348.99028997953513,379.0,100.15,11.183805255815214,100.77251609441932,133.0,371.7923405361736,10.327778978749782,371.9357572215933,399.55224939924943,678.99,310.00954807876485,746.4136520723613,2121.0,0.13679249999999998,0.062434601334116005,0.1503671091030216,0.427,31.0758,0.043753399867895656,30.99,31.13,0.14000000000000057,-0.021949881104810217,31.161050000000003,0.013012332688839695
76,216112,221572,854.41,55.0017445177878,856.1785094242906,1052.0,376.0,-269.75,54.84539634281076,275.2691046957504,448.0,324.0,-13761.29,81.98814487473174,13761.534235687532,14008.0,472.0,13790.646662046625,81.87724092980417,13790.88971894127,14036.291817998086,472.3962123838937,78.94,11.816361538138548,79.81948383696802,106.0,348.8275,11.405601419916444,349.01391447906485,382.0,98.525,10.985644041202136,99.13556374984711,136.0,371.32948067770155,11.14178081046488,371.4965982347618,402.4649053023133,697.2825,331.5207424788832,772.0808814496056,2121.0,0.140445,0.0667565126036404,0.15550315109347462,0.427,31.0574,0.0447352210232609,30.99,31.13,0.14000000000000057,-0.01465201465201499,31.15915,0.013026962592484858
77,218872,224337,856.55,56.840632473609936,858.4338996102146,1028.0,368.0,-266.22,53.70764936207877,271.58350465372524,428.0,304.0,-13762.73,83.7946722650074,13762.985090451853,14008.0,508.0,13792.152602299973,83.37598497202438,13792.404611234402,14036.291817998086,507.28594173356214,78.985,11.259874555251493,79.78355093626756,109.0,348.18,12.111672056326494,348.3905925825208,387.0,99.315,11.58903684522575,99.98887438110302,136.0,370.9471140377984,11.723207198908735,371.13231468035764,406.09604775225284,691.4775,342.7583543748423,771.7670778803667,2094.0,0.1392825,0.06903776280956678,0.1554536184847429,0.422,31.078550000000003,0.04445106860357779,30.99,31.13,0.14000000000000057,0.007319304666056569,31.16565,0.010409052354914135
78,221646,227102,859.32,57.01944931337026,861.2096608840382,1016.0,356.0,-267.35,54.93284536595569,272.9352304119056,428.0,300.0,-13758.96,86.11921040046757,13759.229513312146,13996.0,512.0,13788.589822307747,85.8092777688365,13788.856824262119,14025.949094446336,508.8831406233694,79.12,10.985699795643425,79.87903354447899,113.0,346.8525,11.007304109090473,347.02711349403233,387.0,99.04,11.796541866157217,99.74006216160085,126.0,369.64846647113444,10.79670021527826,369.80610798092556,406.09604775225284,665.2925,341.59935881636255,747.8664536533245,2094.0,0.1340175,0.06882555625456288,0.15065738448546093,0.422,31.102400000000006,0.025927591480890997,31.05,31.13,0.0799999999999983,-0.003665689149560039,31.167849999999998,0.013221744829669039
79,224410,229853,862.44,57.09401369670905,864.3277619051698,1012.0,308.0,-266.12,55.61857243763094,271.86996891896683,412.0,288.0,-13762.9,89.58922926334392,13763.191586256436,13996.0,512.0,13792.694316516217,89.45329027619599,13792.984390624097,14025.949094446336,508.8831406233694,79.5925,11.644159211810873,80.43974452967886,114.0,347.1125,11.130806069193731,347.2909191153722,381.0,98.7575,11.792739026621422,99.45909963397014,131.0,369.93743332134284,10.951845854329983,370.09951026717124,401.41997957251704,716.37,342.3285966728459,793.961488360739,1730.0,0.144305,0.0689524254468253,0.15993239196610548,0.348,31.09175,0.042543360234000356,31.01,31.13,0.11999999999999744,0.014697776961234301,31.16875,0.014139920203396664
80,227176,232613,865.89,56.140430172915494,867.708038455332,1024.0,308.0,-270.7,54.439599557674924,276.1198290597762,424.0,328.0,-13760.7,87.44912806883784,13760.977866416326,14036.0,504.0,13790.795579587448,87.34141074742524,13791.072157015205,14070.989730647947,508.9120137197624,79.1975,11.779791753252686,80.0687673190989,116.0,347.3325,11.756357588556074,347.53140505571577,375.0,99.065,11.187974570939996,99.6947591400872,131.0,370.11349098710053,12.005573261677077,370.3081554597468,399.1227881241561,759.3125,343.4770586862389,833.3858425123384,2264.0,0.1529725,0.06917529720752923,0.16788629336547997,0.456,31.083450000000003,0.04132913621163558,31.01,31.15,0.13999999999999702,0.025749494206363254,31.166600000000006,0.011695381776036393
81,229927,235488,863.62,53.697817460302794,865.2877902755822,1024.0,304.0,-269.07,52.911389133153556,274.22304790079187,444.0,348.0,-13753.22,85.62915157818628,13753.486565958467,14036.0,504.0,13783.141810410614,85.53241555579451,13783.407197061255,14070.989730647947,508.9120137197624,78.635,11.77335020289467,79.51147715896114,116.0,347.9875,11.97966375780222,348.1936422452311,382.0,98.255,10.676140454302763,98.83331928049365,132.0,370.37453073561085,12.313386308245311,370.57915821049625,410.32304346697373,742.365,363.95309694382325,826.7815007606303,2264.0,0.149555,0.0733066639194555,0.16655499091891543,0.456,31.095299999999998,0.04084005386871972,31.01,31.15,0.13999999999999702,-0.014385901816219798,31.171150000000008,0.01727494019952804
82,232687,238257,867.46,53.862309642272116,869.1306000826343,1032.0,312.0,-264.37,52.93980638423227,269.6184711773286,444.0,320.0,-13761.11,85.40824257646331,13761.375040307563,13984.0,420.0,13791.166910702479,85.090311699176,13791.429408150556,14012.51669044501,415.9394741011856,78.9175,11.920599554972057,79.81273394640732,112.0,348.2025,11.919164977044323,348.4064400954724,382.0,98.55,11.089972948569352,99.17202226434631,132.0,370.74312500442363,11.90568191891189,370.9342394549201,410.32304346697373,730.6625,362.2943328203603,815.551882163238,2049.0,0.147185,0.07298390764408275,0.16428656366240058,0.413,31.09725,0.046199972943714036,31.01,31.15,0.13999999999999702,-0.007181328545780816,31.181500000000007,0.015308031865625548
83,235567,241037,869.41,55.357491814568334,871.1705917901498,1036.0,308.0,-268.54,52.838890980034776,273.689020605504,408.0,296.0,-13759.61,84.38132435557053,13759.868733385505,13964.0,408.0,13789.87950036451,83.99288914309597,13790.135294477715,13993.339558518546,408.68586399986634,77.535,11.531642337499026,78.38784982380879,112.0,347.41,11.395696556156626,347.59684981311324,381.0,98.5675,11.123643456619778,99.19318272945979,140.0,369.7015413197456,11.326201737758126,369.87499577559987,405.44296762923386,667.2475,322.7400985990895,741.201995072868,2049.0,0.13440000000000002,0.06502272679609798,0.14930276286793892,0.413,31.0916,0.04721694611047984,30.99,31.15,0.16000000000000014,0.0,31.179899999999996,0.01739962261567597
84,238331,243797,863.65,57.764327227104445,865.5795977262866,1036.0,320.0,-267.38,54.03716868970839,272.785776755314,408.0,296.0,-13754.44,85.49413079270413,13754.705702413266,13996.0,440.0,13784.349209307218,85.35781084000025,13784.613490410242,14021.603332001658,436.9496374829778,77.4475,11.062876829740084,78.23364046239955,111.0,346.815,11.53931432105045,347.006916357585,391.0,98.7725,11.071167226178096,99.39103329777792,140.0,369.1612329050596,11.526669944800886,369.3411431183913,414.8662435050603,675.905,324.7707437177801,749.8823941125702,1728.0,0.1361475,0.06542637651398708,0.1510521515901048,0.348,31.08125,0.042478671118573966,30.99,31.15,0.16000000000000014,0.003658982802780749,31.178900000000002,0.01928002329473781
85,241111,246582,861.64,54.06394732166714,863.3344658937231,1024.0,316.0,-269.48,54.7887725724897,274.99323628045835,408.0,308.0,-13765.78,79.04499731165787,13766.00694173877,13996.0,456.0,13795.565669551164,79.26321404884077,13795.79337334392,14021.603332001658,451.158387196052,79.1025,11.035034832296635,79.8685013005753,110.0,346.8925,11.578684888621849,347.0856846659049,391.0,99.1175,10.75214833184513,99.69898444818784,132.0,369.66938681627056,11.483986715533366,369.8477220424644,414.8662435050603,709.5775,334.7778651490418,784.5868004880022,1787.0,0.142935,0.06743108166861926,0.15804228864452702,0.36,31.085700000000003,0.031804244999684504,31.05,31.13,0.0799999999999983,0.014622555291536884,31.192450000000008,0.01848924363855374
86,243895,249448,860.83,52.279165066018415,862.4160248974969,1028.0,320.0,-271.05,53.261031721137364,276.2333071879638,392.0,292.0,-13768.99,77.14518714735223,13769.20611364359,13972.0,476.0,13798.736826247234,77.23496597029636,13798.952976222508,13998.066723658663,476.49699229980797,79.9325,11.451765966435044,80.74866871967612,119.0,347.6075,11.449167819103709,347.79599983323556,378.0,98.1175,10.842679269903725,98.71477852885049,129.0,370.2673322247567,11.362886392183086,370.441645202048,400.5858210171698,671.385,336.1729789483385,750.8462492414808,1804.0,0.13524,0.06771094741620441,0.1512436114353264,0.363,31.07695,0.04723026042697525,31.01,31.13,0.11999999999999744,-0.021609940572662963,31.199450000000006,0.015566093220373348
87,246655,252217,862.3,56.687123758398606,864.1612812432642,1040.0,384.0,-269.99,50.59406981060132,274.689570242483,392.0,240.0,-13761.98,84.01523433282799,13762.236449065973,14056.0,564.0,13791.822128336691,83.80656491224694,13792.076752976689,14086.469536402654,564.8998050437986,79.8,11.765202930676546,80.6626307530321,119.0,347.2125,11.160750142799541,347.39182848766035,379.0,96.8725,11.059667433969251,97.50178203499667,129.0,369.54426852273565,11.453104469803234,369.7217061520733,402.8523302650737,705.5425,363.88436788868796,793.8526642268073,2126.0,0.1421325,0.07330740033414089,0.1599238021684077,0.428,31.06025,0.045934055993346705,31.01,31.13,0.11999999999999744,0.0,31.19915,0.013406223071491793
88,249524,254977,861.32,55.53897370315732,863.1087532866295,1040.0,384.0,-271.58,49.90133865939871,276.1264927528686,408.0,264.0,-13761.24,83.76241639303392,13761.494921700913,14056.0,564.0,13791.047946899449,83.3160628000066,13791.29961388701,14086.469536402654,559.1762372980611,79.1725,11.727009156217113,80.0362886445892,111.0,346.895,11.364593041547947,347.08110723575834,382.0,97.14,11.35012775258499,97.80084355464425,133.0,369.19845010488615,11.340720442277586,369.37258628652995,404.81724271577167,732.5225,354.73072814988836,813.8937906754173,2126.0,0.14754750000000003,0.07145783892443151,0.16394049987724205,0.428,31.051350000000003,0.03973886636530957,31.01,31.11,0.09999999999999787,0.0,31.203000000000003,0.009551338658818182
89,252290,257757,860.93,52.03359587804787,862.5009913037782,992.0,284.0,-270.35,53.1348990777248,275.522122523764,408.0,288.0,-13764.08,80.33177204568563,13764.31441954157,14032.0,524.0,13793.830393381319,80.09318716161535,13794.062919966691,14060.113797548012,520.8269625629437,78.745,11.64581362550509,79.60150752341315,108.0,347.3775,11.550973714367114,347.56949305138966,382.0,98.2725,11.345626635404498,98.92526219323354,136.0,369.8614507412813,11.387153092618513,370.03670088249356,404.81724271577167,709.4025,344.5392292522725,788.6438914364328,2571.0,0.14288,0.06939305152535086,0.15883982498101665,0.518,31.04945,0.04825657986223193,30.99,31.13,0.14000000000000057,0.003658313517468369,31.2027,0.009640661589835023
90,255054,260532,862.03,54.463190321537354,863.748782922442,1028.0,320.0,-270.39,52.97478551159976,275.5305427715773,404.0,292.0,-13759.23,81.3840715373715,13759.470686040215,14032.0,492.0,13789.067592571057,81.4096278497305,13789.307908666047,14060.113797548012,485.543454439543,78.9225,11.501586575338205,79.7561753095019,108.0,347.5725,11.897257824809884,347.77605941180025,384.0,98.41,11.098734162056502,99.03388309058673,136.0,370.10963054685016,11.653599292667966,370.2930528648897,406.74562075085703,696.935,341.3727665983331,776.0501014754137,2571.0,0.1403675,0.06875443581144419,0.15630165546148256,0.518,31.053100000000004,0.052118998455457685,30.99,31.13,0.14000000000000057,0.007301935012778231,31.2049,0.012097763831564266
91,257830,263297,861.12,57.64811878977491,863.0474842092989,1028.0,356.0,-273.03,52.97036058023392,278.1209089586757,432.0,320.0,-13755.21,82.32360475586573,13755.456347210004,13960.0,420.0,13785.064752706827,82.2878100322838,13785.31035269065,13992.80100623174,418.23066312327137,79.0525,11.495640206182518,79.88396272093668,110.0,347.4525,12.063280803744892,347.66185079758174,384.0,97.8275,11.191860602688008,98.46561582603341,130.0,369.86885792446077,11.946356668667825,370.0617347146284,406.74562075085703,713.605,351.22684119383587,795.3567690036969,1994.0,0.1437325,0.07075465315970392,0.16020378428738818,0.402,31.045700000000007,0.04267915181912594,30.99,31.13,0.14000000000000057,-0.010974940552405109,31.210899999999995,0.011468164499712915
92,260630,266072,866.94,57.359187581415405,868.8354504737937,1024.0,352.0,-279.33,54.96099617001133,284.68572145437855,432.0,320.0,-13760.34,80.91801035616236,13760.577918096318,14016.0,464.0,13790.6804750037,80.97948105389764,13790.918230487772,14047.820613888833,459.02876177777034,78.68,11.370030782719983,79.49729555148402,110.0,346.475,11.90564466965145,346.67949174994476,382.0,97.6425,10.755217048019068,98.23305197335569,130.0,368.80361385494353,11.837098780263362,368.9935263659784,405.0395042461908,762.7875,368.711116382121,847.2264499530216,1994.0,0.1536525,0.07427965228614092,0.17066504475140773,0.402,31.031900000000004,0.0438222546202272,30.99,31.11,0.120000000000001,0.0036751194413824195,31.215749999999993,0.009063269671749464
93,263370,268792,870.86,58.23590301523623,872.8049954027532,1008.0,324.0,-277.15,53.804065831496416,282.324281633727,400.0,288.0,-13759.49,79.92408835889215,13759.7221236477,14016.0,468.0,13790.03285130654,80.26481100969173,13790.266439775556,14047.820613888833,470.77056610599357,79.11,11.74256786226931,79.97674662050214,111.0,347.025,12.282482444522362,347.2422929310311,382.0,97.7875,10.94611089611283,98.39823423212431,132.0,369.47320868974157,12.051994046908709,369.6697208319881,404.5899158407189,742.365,351.13904194065344,821.2212978241614,1736.0,0.1495225,0.07072227013996368,0.16540440592680716,0.35,31.03760000000001,0.04536783001202534,30.99,31.11,0.120000000000001,0.011066027296200428,31.213849999999994,0.012829223375990873
94,266146,271593,867.93,56.29098595690077,869.7535053105564,1028.0,316.0,-271.51,50.56045786976222,276.1775515859317,436.0,308.0,-13758.08,78.45045315356694,13758.303665786709,13984.0,476.0,13788.30846340181,78.83322955426519,13788.53382198412,14015.073599521338,474.5335807480842,79.6675,12.004663416772667,80.56688215389745,111.0,347.715,12.022220052885407,347.9227716031246,379.0,98.0925,11.643193022105235,98.78108371545638,132.0,370.34659768797763,11.932207714387705,370.53876990134245,404.5899158407189,733.725,350.37158756811317,813.0883254604016,2178.0,0.14779250000000002,0.07057800254859867,0.1637799667236503,0.439,31.059750000000005,0.03355499217702176,30.99,31.11,0.120000000000001,0.003671745915182591,31.2123,0.017930805460467724
95,268890,274482,860.13,54.702313479413284,861.8677160678429,1028.0,308.0,-273.35,51.69891198081445,278.19597409020855,448.0,320.0,-13762.72,80.40573113901769,13762.954874589976,13944.0,436.0,13792.4861916725,80.37718907350975,13792.72039301892,13974.12523201363,433.5852132403761,79.5325,11.077632587786978,80.30026463219158,111.0,346.62,11.33228132372295,346.8051974812373,385.0,98.8975,11.556469778872785,99.57041478270541,130.0,369.473714117456,11.199088188438287,369.6434024840698,406.51076246515294,776.4,375.32991487490045,862.362745600713,2809.0,0.1564,0.0756109449749175,0.17371809059507878,0.566,31.07375,0.030214855617724887,31.01,31.11,0.09999999999999787,0.0,31.217950000000002,0.016567549887450808
96,271666,277232,860.16,55.782205047846574,861.9668671126518,1028.0,308.0,-273.21,53.34881348258834,278.36989779787615,448.0,324.0,-13770.78,81.41026716575743,13771.02063900857,14044.0,512.0,13800.540486662117,81.04564146018309,13800.778460652138,14066.854659091348,505.95734364794953,78.54,10.740502781527502,79.27099091092529,108.0,347.0725,10.983043464814296,347.2462346808097,385.0,98.79,11.259702482747935,99.42959820898403,127.0,369.6325455388641,11.039192835506112,369.79735328960913,406.51076246515294,772.195,354.1535641144954,849.5350875626033,2809.0,0.1555325,0.07133382047633507,0.17111070247065202,0.566,31.08790000000001,0.043767453661367896,30.99,31.15,0.16000000000000014,-0.007186489399927982,31.22845,0.01572308935442101
97,274558,280022,867.07,53.69297067587153,868.7308674152197,1044.0,324.0,-274.04,53.59923880056507,279.2325195961244,416.0,292.0,-13775.65,84.45352272108013,13775.908874553432,14120.0,660.0,13805.841255957324,84.12285840780896,13806.097545649893,14152.497447447216,660.4678002814508,78.1975,11.702285834400046,79.06827745689165,109.0,347.4975,11.138895535464904,347.67598061988696,379.0,98.6,11.177656283854859,99.23154740303106,131.0,369.9292619594709,11.3851282874272,370.1044176985733,398.00251255488325,785.3775,355.7710288848011,862.2011612727044,2179.0,0.15817,0.07166568983830408,0.17364826517993204,0.439,31.09615000000001,0.04321084933208318,30.99,31.15,0.16000000000000014,0.007320644216690912,31.23,0.01705071309484134
98,277330,282817,868.42,52.16879910444556,869.9855630986068,1044.0,324.0,-275.58,52.40060686671482,280.517664327935,416.0,284.0,-13768.82,86.71682420384178,13769.093071077703,14120.0,660.0,13799.130454159336,86.53178082235877,13799.401763844691,14152.497447447216,660.4678002814508,78.38,11.813788554058346,79.26531397780495,109.0,347.3675,11.074404893717766,347.5439864247402,384.0,99.065,11.347941443275074,99.71283768903581,140.0,369.98427591276027,11.139931656455094,370.1519451522577,403.3881505448567,805.3125,394.1897700901813,896.6124009291864,2179.0,0.16218,0.07941956685855193,0.18058189277997946,0.439,31.110500000000002,0.038389451676209115,31.05,31.19,0.14000000000000057,0.007289958082740869,31.2287,0.01711848727301213
99,280096,285702,867.52,54.51540699655466,869.2312005444811,1044.0,312.0,-277.54,49.06595968693571,281.8437865201218,416.0,284.0,-13763.03,80.6760131637651,13763.266450955602,14020.0,448.0,13793.33170943401,80.63841220076105,13793.567421084364,14047.882687437277,446.449233569263,78.82,11.141032268151816,79.60348610456705,109.0,347.165,11.418746647509087,347.3527385814023,384.0,98.4675,11.670001874464289,99.156631144871,140.0,369.72126176554843,11.351920475884807,369.89549537673474,404.0309394093477,811.4025,391.08153305129355,900.7323589724086,1928.0,0.16341749999999997,0.07878367974238065,0.1814170540495022,0.388,31.1075,0.03727935085271739,31.05,31.19,0.14000000000000057,-0.010702818408847436,31.233600000000003,0.02519179561714514
100,282989,288457,864.07,54.24274237167587,865.7708934816416,1020.0,304.0,-271.74,51.275846165616805,276.53542268577456,432.0,320.0,-13762.8,81.63577647085867,13763.042114300168,14020.0,472.0,13792.775961409678,81.79607789724865,13793.018499226338,14047.882687437277,475.292661948406,79.6,11.345704032804663,80.40450858005414,114.0,346.77,11.772302238729688,346.9697681354962,379.0,97.7,11.362658139713611,98.35852784583551,133.0,369.31316584256933,11.62284540630503,369.4960148634894,404.0309394093477,795.2975,398.8113200421347,889.6901609549249,2270.0,0.16018500000000002,0.08031448048141755,0.17919165717186722,0.457,31.082400000000007,0.027280762452687582,31.05,31.11,0.05999999999999872,-0.010972933430870286,31.2372,0.02436481295384112
101,285775,291232,867.01,54.999089992471696,868.7526920821598,1024.0,308.0,-267.49,56.42286681833882,273.37600479925084,452.0,340.0,-13760.96,82.57335163356275,13761.20774060184,14020.0,472.0,13791.06448597067,82.73151635590969,13791.312633683568,14047.514228503205,474.9242030143341,79.155,12.100866704496832,80.0746214477471,114.0,346.57,11.731798668575932,346.76851068111705,380.0,98.9525,11.031783344047327,99.56554373878546,129.0,369.37721423401956,11.580850776831456,369.55871319724014,402.76668183949874,806.39,386.45000051753135,894.2082727195046,2270.0,0.16242,0.07782562945456978,0.18010298442835423,0.457,31.062300000000004,0.022819070971447933,31.05,31.11,0.05999999999999872,0.0,31.235,0.01188921290324303
102,288530,294032,869.1,57.38214007859937,870.992261733708,1028.0,312.0,-271.77,54.24156247749506,277.13007776132855,452.0,312.0,-13762.49,80.23615082990959,13762.723888823753,14012.0,588.0,13792.808157211202,80.25321406748408,13793.041631199407,14040.38404033166,584.026732352655,78.8775,11.50880070858819,79.71268719595395,107.0,346.9425,12.101412882386915,347.1534855074913,380.0,99.355,11.433021254244217,100.01064943294789,127.0,369.7817484663325,11.543114882129709,369.9618696568607,401.15458367068425,975.4225,483.5527416877605,1088.7021206464144,2755.0,0.196475,0.0974255324594123,0.2193038075364858,0.555,31.052550000000007,0.02454582449216173,30.99,31.11,0.120000000000001,-0.010905125408942616,31.233550000000005,0.007651395928137576
103,291305,296897,863.57,59.43412403661721,865.6128233800606,1040.0,344.0,-272.03,53.12587975742143,277.1690458907704,436.0,324.0,-13765.41,79.11897307220312,13765.637372820773,14012.0,588.0,13795.384296728513,79.07354536332481,13795.610915070054,14040.38404033166,584.026732352655,78.99,11.319447866393485,79.79692976549913,105.0,346.655,11.851623306534846,346.85753559638863,381.0,98.5575,11.209892673438047,99.19295589909598,132.0,369.3076943342151,11.347660796213495,369.4819921186958,401.721296423279,1026.09,496.55064384209595,1139.9224666616585,2755.0,0.2066975,0.10004836827130166,0.22963782898294438,0.555,31.0595,0.03364149223800856,30.99,31.11,0.120000000000001,0.003576537911301784,31.238450000000004,0.012728020516390492
104,294106,299682,866.76,61.66540683397784,868.9508156391822,1040.0,352.0,-269.12,54.58521411517958,274.5999271667784,436.0,324.0,-13760.8,80.49049633341815,13761.035402904827,13984.0,448.0,13790.941808837026,80.62273420671315,13791.177469672413,14014.544444968591,449.5919570311562,79.5225,12.012680539746324,80.42470080764988,113.0,346.745,11.457747378957174,346.9342516961968,381.0,97.9075,10.516365519988357,98.47066822155722,132.0,369.31973372924074,11.441777753596792,369.49692826869347,401.721296423279,899.68,407.6493071256224,987.7257007894449,2266.0,0.1812325,0.08212297756261643,0.19897085841901574,0.456,31.08365,0.03771839736786205,30.99,31.15,0.16000000000000014,0.0143472022955527,31.242050000000003,0.015178057635414027
105,296999,302457,869.61,58.562854267871884,871.5796922829261,1040.0,364.0,-271.95,54.88494784547035,277.4331631222194,420.0,292.0,-13758.29,85.3308613574245,13758.554614493487,14040.0,532.0,13788.659853805984,85.46833354612102,13788.92473690389,14069.507454065335,525.7549459898873,79.2675,11.677368871025699,80.12301479599978,114.0,347.6625,11.96656148398528,347.8683838752812,378.0,98.7375,10.834370943898866,99.33014396445824,125.0,370.34061593291364,12.100235139457984,370.53824026677734,401.40378672852603,892.47,437.0521526088163,993.739042706887,2266.0,0.1797775,0.08800612475134899,0.2001625027321551,0.456,31.094049999999996,0.029809352559221444,31.05,31.15,0.09999999999999787,0.007328691828508455,31.24875,0.012563123823336875
106,299756,305207,865.79,57.721017835793575,867.7119568151634,1056.0,380.0,-276.04,55.31291350127924,281.5272633334115,432.0,316.0,-13765.98,80.0389879995993,13766.212681779982,14040.0,532.0,13796.172985790554,80.02615911630646,13796.405083934003,14069.507454065335,525.7549459898873,78.615,11.219704764386629,79.41158605644392,114.0,346.62,12.164111147141002,346.8333749799751,385.0,99.2125,11.58996737484623,99.88717385130084,139.0,369.3621510831639,12.191753246270343,369.56330648482947,405.49475952224094,1023.425,507.02356392479436,1142.1346790111927,3067.0,0.2061625,0.10209674869333499,0.23005808505679606,0.618,31.08355,0.024153622916655283,31.05,31.13,0.0799999999999983,0.0,31.2465,0.011579516960243884
107,302531,307982,861.76,55.2103468563638,863.5267685486073,1056.0,356.0,-274.73,52.044856614270735,279.6162370106572,432.0,316.0,-13765.56,74.04786560056947,13765.759158143077,13964.0,400.0,13795.453228319222,73.88602883309544,13795.651087208606,13991.818180636854,399.86879874170154,79.3825,12.142124762577595,80.30574387925188,114.0,346.4975,12.02829970319995,346.7062120874098,385.0,97.9875,11.363641306817106,98.6442218277381,139.0,369.1128512616668,11.857298743080982,369.30325276119623,405.49475952224094,1243.095,606.483256961806,1383.151155875597,3116.0,0.2503975,0.12216715799980779,0.2786103416960684,0.628,31.077399999999997,0.038512854996740786,30.99,31.13,0.14000000000000057,-0.022014309301045865,31.245050000000003,0.018475683402596182
108,305281,310747,862.25,50.94877329239635,863.7539232906557,1004.0,284.0,-275.7,52.00836471184227,280.5625776898979,428.0,300.0,-13762.79,78.04419196839697,13763.011279512924,13964.0,428.0,13792.722780282409,77.87160123374828,13792.942604100113,13991.818180636854,419.1574245433749,79.6975,12.304307934621923,80.64172307186894,114.0,347.3825,11.484171443774253,347.57227665623736,377.0,97.8725,11.28588692792906,98.52105105001671,126.0,369.983926986163,11.307796951555993,370.1566864180627,398.6878478208234,1345.6025,641.1552499151435,1490.5455855155856,3335.0,0.2710225,0.1291556115457242,0.30022386230944403,0.672,31.078850000000003,0.03758560229662408,30.99,31.13,0.14000000000000057,0.0,31.2555,0.020708019102218016
109,308056,313503,863.71,52.340002865876876,865.294423881259,1028.0,308.0,-278.48,54.94587882635057,283.8488330079939,448.0,312.0,-13770.19,83.03037938007992,13770.440322662163,13956.0,420.0,13800.271517662304,82.68808135778421,13800.519239506897,13981.131856899141,408.471100805662,79.0575,11.6442772961657,79.91043423733849,111.0,347.5825,11.357296938532514,347.76800097191233,382.0,98.585,11.336568043283647,99.23467136036679,129.0,370.1999593192855,11.303544576785221,370.3724881791303,400.65072070320804,1217.8975,603.6392068063091,1359.2845958444464,3606.0,0.24530000000000002,0.12158778721565747,0.27378034991576733,0.726,31.0842,0.02857201427971038,30.99,31.13,0.14000000000000057,0.02570222140627879,31.258150000000004,0.02167376016521425
110,310821,316293,862.37,53.668828010307806,864.0384019243589,1028.0,296.0,-279.51,54.917027414090796,284.85385726719585,448.0,340.0,-13771.39,82.96980113270129,13771.639935752024,13976.0,532.0,13801.411974191396,82.45070434163625,13801.658255441625,14001.290226261293,524.720336263319,79.07,11.581455003582235,79.9136721719131,107.0,347.1725,12.026335424808341,347.3807385276276,382.0,98.9275,10.56916476122877,99.49048949522764,129.0,369.88445518062014,11.97580125652579,370.07827550398036,405.0,1137.7775,544.850629066123,1261.5069748122678,3606.0,0.22918,0.10975348559385256,0.2541048995985713,0.726,31.08565,0.028880399927978223,31.05,31.13,0.0799999999999983,0.00730994152046768,31.25855,0.021611690422251754
111,313576,319177,863.43,56.96836929384586,865.3073211293199,1036.0,336.0,-274.72,50.88694921097157,279.3931996309144,424.0,316.0,-13770.69,79.96701757599816,13770.922184080484,13976.0,532.0,13800.67989336938,79.68438209645753,13800.9099381164,14001.290226261293,524.720336263319,79.665,11.20704131338865,80.44942510670911,107.0,347.2625,11.591099764474464,347.45589288426237,380.0,98.8525,10.774077396696201,99.43790776157752,133.0,370.07124190819405,11.527398341643629,370.25073261237446,405.0,1094.8575,515.3589207472303,1210.0858492272355,2875.0,0.22052750000000004,0.10380770320043692,0.24373842023776227,0.579,31.08625,0.030674704562553813,31.05,31.13,0.0799999999999983,0.0,31.263699999999993,0.015777589512566775
112,316465,321942,863.37,56.27044606185382,865.2017799334442,1036.0,336.0,-272.22,47.19694481637556,276.28116113843157,424.0,288.0,-13767.68,79.37995716804087,13767.908837583142,13972.0,408.0,13797.605987862624,79.2979425801041,13797.833857529957,13998.3896216672,407.7663835666008,79.6875,10.949650393962358,80.4362635880111,111.0,347.9475,11.11596796280018,348.1250170556549,382.0,98.9775,10.783876564111813,99.56323367589061,133.0,370.7427664705052,11.120189287795943,370.9095004175547,399.7161492859652,1026.91,501.55240693271526,1142.8468685698886,2788.0,0.20683750000000004,0.1010479395819133,0.23020086337805076,0.562,31.09375,0.04359974197171332,30.99,31.13,0.14000000000000057,0.0036516341062624745,31.26344999999999,0.017229033606023323
113,319251,324718,866.85,51.327161425506475,868.3682398614081,1032.0,292.0,-271.99,50.37975684736876,276.61648540895027,444.0,336.0,-13765.78,76.82988741368817,13765.994400696232,13972.0,436.0,13795.916506657984,76.61371497160165,13796.129236854806,13998.3896216672,431.44508724825755,79.8575,11.037309171623308,80.61663910136666,111.0,347.1,10.823354378380113,347.2687071994826,382.0,98.8125,10.729974079651823,99.3933725154751,134.0,369.94326948133124,10.75255157918975,370.09950013476106,395.8661389914525,1046.0925,486.67487498714166,1153.7599197840077,2788.0,0.21070750000000005,0.09806047595106807,0.23240806246772078,0.562,31.095299999999998,0.04249599981174681,30.99,31.13,0.14000000000000057,0.014633254069874127,31.26855,0.022982994694181164
114,322016,327512,869.28,52.265874143651324,870.8498378021322,1008.0,264.0,-269.15,51.463360753063924,274.0259111835959,444.0,336.0,-13771.09,79.93554841245539,13771.321994637987,14028.0,492.0,13801.321244301424,79.44200144889412,13801.549881082197,14057.371020215693,490.42648579675006,79.5275,11.686926189122612,80.38163658448364,113.0,347.4,10.986582726216556,347.5736828357406,385.0,98.9825,11.381880062186564,99.63474544555228,134.0,370.24257105365325,10.779312574581635,370.39945329333307,410.2913598895302,1012.5,452.62019950505965,1109.0632511268236,2599.0,0.20393250000000002,0.09117210617151499,0.2233849088456962,0.524,31.092349999999996,0.029214337233624925,31.05,31.13,0.0799999999999983,-0.003639010189228452,31.275150000000004,0.01932384608634902
115,324791,330363,861.77,53.06474441660866,863.4022237636408,1000.0,272.0,-271.83,50.70079979645291,276.5178475252547,400.0,260.0,-13772.94,79.74958557886053,13773.170885456988,14028.0,436.0,13802.74838710262,79.36449039758664,13802.976554352324,14057.371020215693,441.5396464067471,79.05,11.624865590620821,79.90018773444778,114.0,349.0325,12.145634761098325,349.24375799719024,385.0,99.195,11.106393429011957,99.81482855768475,129.0,371.7240254004355,11.810649435844963,371.91160576136906,410.2913598895302,897.6575,429.98517438831533,995.3272012258079,2437.0,0.18081499999999998,0.08659760836766799,0.20048244312158608,0.491,31.113650000000007,0.03588422355297659,31.07,31.21,0.14000000000000057,0.007178750897343709,31.27835,0.012794010973575605
116,327586,333132,864.45,55.1891067150031,866.2099283660976,1024.0,336.0,-278.97,53.27756657355889,284.0119011590887,404.0,272.0,-13769.24,76.56044931947564,13769.452846064727,13956.0,452.0,13799.383381248485,76.37000277023631,13799.594707091945,13986.433426717478,448.2793427959932,79.785,11.359303455758191,80.5895774898963,114.0,348.785,12.050675292281342,348.9931159779516,384.0,99.6625,11.018329898401118,100.26972374550556,129.0,371.7665201531786,11.599439348357448,371.9474324417363,407.2407150568322,803.8,390.39884733436395,893.5914614632349,2437.0,0.161905,0.07864255193595894,0.17999411101477736,0.491,31.119800000000005,0.031015480005958482,31.07,31.21,0.14000000000000057,0.0,31.282600000000002,0.009974403330751521
117,330464,335932,868.62,54.225599120710505,870.310932942934,1024.0,336.0,-279.94,50.834598454202435,284.51811893093907,404.0,296.0,-13764.2,84.02928061098702,13764.456493447171,14016.0,512.0,13794.622344618296,83.95599655548631,13794.877826207814,14046.5266881176,508.3726041961145,79.9025,11.75236119892509,80.76216626614222,113.0,347.6,11.30331809691296,347.7837330871011,384.0,98.21,11.383141042787795,98.86748707234345,126.0,370.30892542753924,11.051346013094973,370.4737946198084,405.9778319071129,817.1825,394.8507555947563,907.5760890966664,2609.0,0.1645925,0.07956240597009369,0.18281375085042154,0.526,31.10785,0.020059349441095612,31.07,31.13,0.05999999999999872,0.0,31.286000000000005,0.01123902973898009
118,333207,338707,866.53,54.28111181617414,868.2284722352753,1004.0,292.0,-277.04,49.25645541449364,281.38471884592457,428.0,324.0,-13765.28,86.89972151854113,13765.554294687881,14016.0,484.0,13795.504495346035,86.82625690063877,13795.777726536478,14046.5266881176,481.90800567760925,80.0575,11.990170713964002,80.95040148140095,112.0,347.7375,10.91712387719403,347.90882785580476,383.0,98.4275,11.262759153511185,99.06978600966089,128.0,370.5265111400897,10.883337831425527,370.6863128036966,406.1268274812685,842.6875,411.7835291069204,937.9167860210201,2609.0,0.169755,0.08297442361957087,0.18894844534951857,0.526,31.094849999999997,0.02806202950607754,31.05,31.15,0.09999999999999787,0.0072727272727271175,31.287900000000004,0.009991976731232387
119,336008,341498,869.36,55.94488716585279,871.1582175471916,1004.0,292.0,-276.02,51.85132206607659,280.8480015951689,428.0,324.0,-13769.4,84.55838219833679,13769.659635590126,14000.0,468.0,13799.790903423536,84.20060444563585,13800.047779627432,14031.61344963579,466.9947671957998,79.84,12.185622675924279,80.76456524986685,112.0,348.205,10.763501985878015,348.3713177056917,383.0,99.5925,10.828039700241222,100.17940157537377,132.0,371.2219078515214,10.756283330060128,371.37770867406675,406.1268274812685,808.915,395.64612063686405,900.4883841560645,2010.0,0.1629425,0.07971056513254689,0.18139468707765397,0.405,31.09685,0.03501538947377207,31.05,31.15,0.09999999999999787,0.003642987249544549,31.286400000000004,0.01146160639058182
120,338805,344371,869.48,53.85507961186205,871.1462793354513,1052.0,340.0,-275.49,53.14602431038468,280.56949228310623,436.0,304.0,-13777.18,88.03435465771302,13777.461261059674,14016.0,460.0,13807.546875938546,87.76758376374892,13807.825820164448,14046.24362596634,462.5763744469623,79.4275,11.978929157065751,80.32572750993296,108.0,347.965,10.79114335925531,348.1322880745192,377.0,98.4925,10.521879287940914,99.05292777096496,132.0,370.5999949238432,10.744243223579423,370.7557079803358,397.5764077507618,783.4025,391.6509932245162,875.8481475118847,2383.0,0.1578,0.07889835232753596,0.17642502656936176,0.48,31.113699999999998,0.02717186044421634,31.05,31.15,0.09999999999999787,-0.014372978799855964,31.2909,0.014131143727867026
121,341571,347127,864.95,52.82591693477738,866.5616423544259,1052.0,348.0,-272.72,51.65308896861833,277.5684420102545,436.0,304.0,-13773.86,83.49934370999571,13774.11309086723,14020.0,476.0,13803.882945821611,83.54865681286984,13804.135784611799,14052.594351222126,480.2129831644179,79.7875,11.669290627540304,80.63632866146622,117.0,348.28,10.840968591412853,348.4486834528149,374.0,98.4575,11.06924540111023,99.07778509837611,138.0,370.9592234152012,11.151886082222436,371.12681121147796,402.8064051129277,743.0725,382.2751590722971,835.638101991526,2383.0,0.149665,0.07699566724822898,0.1683090758099515,0.48,31.11795,0.019178047345858346,31.07,31.15,0.0799999999999983,-0.0035997120230380803,31.297700000000006,0.019587474899341897
122,344448,349927,866.23,52.26037791673535,867.8050241845804,1020.0,316.0,-273.25,51.687498488512674,278.0955950747872,424.0,324.0,-13762.71,81.55376079617666,13762.95162964689,14072.0,536.0,13792.8469220952,81.44976150363397,13793.087409278605,14102.61365846771,532.3208097484894,81.0975,12.34354056784357,82.03150309484765,122.0,348.9125,11.297337905453656,349.0953487229528,378.0,98.9625,11.318396253445098,99.60764277905587,138.0,371.99438556739057,11.772408688947383,372.18061811437735,404.4762044916858,695.825,328.00416060623377,769.2588381032746,1907.0,0.14014749999999998,0.06605770767858964,0.15493528487726738,0.384,31.11925,0.016230757838129085,31.07,31.15,0.0799999999999983,0.010950903449534352,31.304800000000004,0.023114838077486186
123,347225,352698,870.55,56.16277681881479,872.3597652345046,1024.0,300.0,-273.52,52.622519894052964,278.53602998535035,424.0,324.0,-13765.87,83.29071436840965,13766.121973889378,14072.0,536.0,13796.296684203595,83.10163315412827,13796.546962193113,14102.61365846771,532.3208097484894,81.745,12.053006886250419,82.62880853552228,122.0,347.79,11.442067120935796,347.97816741858963,382.0,99.2525,10.681701350908478,99.82563548507969,133.0,371.15387462702887,11.237608702201038,371.3239589630597,404.4762044916858,636.08,288.43432285357443,698.4211659163832,1567.0,0.128135,0.058111072740055315,0.14069639298859085,0.316,31.119050000000005,0.009954772724678136,31.11,31.13,0.019999999999999574,0.0,31.30375,0.023607855198380486
124,350001,355463,868.51,58.225251394905975,870.459533809585,1024.0,300.0,-274.34,53.78591265377952,279.56280153124806,436.0,296.0,-13772.34,76.71430375099548,13772.553654279223,14024.0,484.0,13802.653565544859,76.44520620571825,13802.86525761952,14049.4264651622,478.7463053470692,80.2,11.412931262388291,81.00799343274711,119.0,347.8725,11.963120151114426,348.07814137058364,382.0,99.06,10.666367704143711,99.63260008651787,133.0,370.82455689903645,11.682914903108161,371.00854774519684,404.5021631586165,645.2825,303.8902477766439,713.2592708826153,1645.0,0.12998,0.06120935059286285,0.14367110008627346,0.331,31.115650000000006,0.0191592666874279,31.07,31.15,0.0799999999999983,-0.003661662394727128,31.30245,0.023904519764323662
125,352771,358237,866.72,54.086981797841155,868.4059880033071,1016.0,284.0,-274.76,53.37698380388311,279.8966952287933,436.0,320.0,-13767.96,82.87387042970782,13768.209420255052,14024.0,464.0,13798.160749321456,82.59355837308385,13798.40794294762,14049.4264651622,461.9934478480027,80.9925,11.334347963160473,81.78173695881006,119.0,348.09,11.801139775462367,348.28998693617365,380.0,99.0375,10.552302770011861,99.59807980076724,126.0,371.1777880529707,11.874117066289141,371.36766822113094,404.5021631586165,686.91,313.8769454738593,755.2245262172038,1645.0,0.13834500000000002,0.0632110431412107,0.15210185731936346,0.331,31.114950000000004,0.020603337108341988,31.07,31.15,0.0799999999999983,0.0,31.30995,0.02009993827843815
126,355560,361110,867.1,54.71151615519351,868.8243550914074,1052.0,328.0,-273.31,52.05308732438452,278.22271654198187,432.0,316.0,-13767.18,84.48270592257329,13767.439212867439,14048.0,512.0,13797.374771752717,84.2349559365445,13797.631902612853,14075.195202909266,504.05169913626924,82.04,11.04936197253036,82.78073447366845,115.0,346.3825,11.169655041674295,346.5625448602315,377.0,99.1825,11.120440357737637,99.80397036190494,139.0,369.8533583053343,11.294837328000867,370.02578288546323,402.46863231809755,712.5925,334.7738661301835,787.3129063466444,1868.0,0.14353000000000002,0.06741293718567676,0.15857290121581305,0.376,31.12705,0.023838991169930233,31.11,31.19,0.08000000000000185,0.003603603603603527,31.306050000000006,0.016188039769501495
127,358311,363898,867.25,56.62753305592607,869.096795529704,1052.0,332.0,-278.3,50.87779476353117,282.91242461228177,440.0,312.0,-13773.86,81.12003698224008,13774.09887288457,14048.0,512.0,13804.15218889244,80.93692541752942,13804.389462775962,14075.195202909266,504.05169913626924,80.7675,11.097001565738378,81.52626877270909,113.0,346.7675,11.7278917009836,346.96576560231415,381.0,98.785,11.613086368403534,99.46527032085119,139.0,369.84899977913085,11.697536594365472,370.0339376327528,408.80435418424787,729.9825,326.37467302741186,799.6217089974483,1868.0,0.1470475,0.06572952337990896,0.16106935617925588,0.376,31.120150000000002,0.027748468426203394,31.07,31.19,0.120000000000001,0.0,31.317350000000005,0.023841109375208436
128,361188,366658,866.77,54.004880335021575,868.4507815645053,1032.0,312.0,-279.13,51.22190058949395,283.790838470871,440.0,312.0,-13773.69,85.86957493780903,13773.957666553213,14012.0,456.0,13803.959576303627,85.75439216392111,13804.225939906953,14039.502555290199,454.417204067704,80.7575,11.71211738969517,81.60237435271108,121.0,348.2875,11.474748090916854,348.47647338091565,381.0,98.09,11.054044508685497,98.7108909897991,131.0,371.09003958221945,11.437767389957502,371.2662656369415,408.80435418424787,696.09,309.81681991137924,761.9237166541018,1830.0,0.14022,0.0624308145069404,0.15349024398964256,0.369,31.12295,0.02958542715594965,31.07,31.19,0.120000000000001,0.0036563071297988255,31.329450000000005,0.030643842983248983
129,363971,369443,870.26,55.67344429797747,872.0389899540043,1032.0,324.0,-276.02,53.09914876907162,281.08105592515477,428.0,316.0,-13774.44,82.42600560502736,13774.686615672968,14012.0,440.0,13804.879374502903,82.1910909057016,13805.124045802702,14039.502555290199,437.79089829643635,81.2975,11.641262549655,82.1267465567704,121.0,348.165,11.130488533752686,348.3428698854047,376.0,98.5025,11.35693593140333,99.155042736111,130.0,371.2051567597222,11.225488630348563,371.3748510602192,404.6986533212089,714.995,390.0166919184357,814.4512692604758,3163.0,0.1440475,0.07858925017933432,0.1640912931876643,0.637,31.127,0.029916550603303175,31.07,31.19,0.120000000000001,0.00365497076023384,31.331200000000003,0.032391093797424435
130,366732,372217,867.46,56.41797940373264,869.2927240003795,1016.0,308.0,-276.45,52.29070185032899,281.3519504108688,464.0,352.0,-13772.93,79.24427487206883,13773.15796903528,13980.0,456.0,13803.20409092467,79.1582230751359,13803.431066224079,14003.091087327826,447.76150815491746,80.645,11.452684183194785,81.45415888706972,113.0,347.1175,11.197709308157629,347.2980672275617,380.0,99.345,11.510038010362955,100.00954954403105,138.0,370.2968039347558,11.528854917337243,370.4762306815378,404.6986533212089,764.3375,407.4706720657942,866.1663595984319,3163.0,0.1539875,0.08209170082139851,0.17450271487859437,0.637,31.1116,0.028834701316295345,31.07,31.15,0.0799999999999983,0.0,31.3351,0.024196149158187692
131,369517,375002,865.22,53.33471289882416,866.862295869419,1024.0,316.0,-276.51,54.20424245388916,281.7727453108267,464.0,340.0,-13769.37,84.80190504935605,13769.631133766801,14032.0,508.0,13799.507303018188,84.7695343132571,13799.767667609482,14061.053161125592,505.72358195268316,80.325,11.512791798690706,81.14585633290217,113.0,348.3425,11.492614748176326,348.5320322438097,383.0,99.23,11.081159686603204,99.84680766053565,138.0,371.34290983477933,11.534982247013172,371.5220215545776,405.6722815278362,762.775,369.55673363504013,847.5835534034388,2550.0,0.1536525,0.07445499811127525,0.17074143463143326,0.514,31.111450000000005,0.02892918076959602,31.07,31.15,0.0799999999999983,-0.0036463081130354734,31.33335,0.02211334438749723
132,372293,377872,869.15,53.9421681062228,870.8223010465452,1024.0,368.0,-274.04,55.30640469240429,279.5652338900529,436.0,320.0,-13767.68,85.44177900769624,13767.94512191271,14044.0,512.0,13798.026799095687,85.19114647172655,13798.289788231004,14077.805510803166,513.8450272275822,80.5875,11.247548343972566,81.36862110174904,115.0,350.4775,11.302189776764502,350.6596890148624,383.0,98.7825,11.55163164881914,99.45563081092996,130.0,373.29375993713575,11.236605003116328,373.4628395168654,405.6722815278362,723.4975,366.9797950756281,811.2476825852879,2402.0,0.1457375,0.07393989852407157,0.16342131898868031,0.484,31.113850000000003,0.023710282579504954,31.07,31.15,0.0799999999999983,-0.007169743681663228,31.338050000000003,0.022122862668100342
133,375076,380662,871.49,57.03770594966106,873.354521371476,1020.0,364.0,-272.94,52.67861425664118,277.9771213607336,400.0,284.0,-13771.09,85.1521690857021,13771.353262479328,14044.0,536.0,13801.556677999855,84.99025801593443,13801.818361360942,14077.805510803166,537.1337401708097,81.2775,11.795147042322109,82.12890782178953,123.0,349.705,11.69713533306339,349.9005715914165,388.0,98.895,11.308137556644773,99.53941430408358,130.0,372.75411477074306,11.748719993249226,372.93922091944154,405.92117461398834,777.045,416.1484866907484,881.4638364674979,2855.0,0.156535,0.08382117140078633,0.17756462203941414,0.575,31.118599999999997,0.02054361214587109,31.07,31.15,0.0799999999999983,-0.007160759040458135,31.348000000000003,0.024607189690437806
134,377948,383442,870.84,57.675769609082806,872.7478444545137,1100.0,424.0,-273.51,51.52397403151275,278.3207502145681,404.0,288.0,-13774.2,85.03904985358196,13774.462504214094,14036.0,528.0,13804.625948871444,85.26975867906484,13804.889297636544,14068.22860206643,527.5568314340744,82.075,12.017045185901566,82.95007534656011,123.0,348.375,12.342583805670513,348.5935742379655,388.0,99.7625,10.496003703791267,100.31312227221322,130.0,371.90309349820063,12.206823766591425,372.10336937469407,405.92117461398834,841.05,426.15095036852847,942.8519157322638,2855.0,0.1694275,0.08583221856476739,0.18992853261161158,0.575,31.117199999999997,0.03484479875103304,31.07,31.19,0.120000000000001,0.003640334910811717,31.35295,0.02353044207533456
135,380736,386237,868.67,53.919116276140876,870.3417949288659,1100.0,388.0,-274.65,50.236017955248,279.2065185485468,404.0,288.0,-13768.81,76.04751080738934,13769.020010153228,13996.0,444.0,13799.114043303132,76.25470421082733,13799.324735652828,14025.027914410723,448.61719581502985,81.47,12.099136332813181,82.36352347975406,113.0,347.9625,12.100871611169172,348.17284859678534,383.0,99.3625,11.229474330973824,99.99503737686186,130.0,371.3050319309792,11.817921252676523,371.4930551167814,406.691529294624,779.745,407.6776115694852,879.888231538529,4240.0,0.15707000000000002,0.08212517945185872,0.17724426647990618,0.854,31.11965,0.0343493449719204,31.07,31.19,0.120000000000001,0.007271405199054562,31.358150000000002,0.019584083865530805
136,383516,389132,870.54,55.07402654609521,872.2803677717388,1008.0,292.0,-276.28,47.60337803139605,280.35106563022015,416.0,268.0,-13766.04,78.09890140072395,13766.2615375417,14000.0,452.0,13796.49586192211,78.28417442910464,13796.71796044262,14032.22177703873,455.26541708824334,81.2325,11.33527431295776,82.0195555949921,113.0,346.8275,11.900745512361821,347.0316159948543,383.0,98.5325,11.768557420091893,99.2328196717195,131.0,369.94915298797684,11.955195668765624,370.1422733220295,406.691529294624,737.6675,376.3456415899485,828.1240139616771,4240.0,0.14858000000000002,0.07580487187509784,0.16680046462765025,0.854,31.1299,0.014491031709301827,31.11,31.15,0.03999999999999915,0.0,31.365850000000002,0.008120489879910047
137,386409,391898,868.15,55.44237999941922,869.9185479112398,1016.0,292.0,-274.95,47.78428088817493,279.0713887162208,416.0,288.0,-13769.96,87.444601891712,13770.237650817795,14012.0,464.0,13800.232050770403,87.6323278782551,13800.510283319238,14048.431656238357,471.47529628787015,81.545,10.856932117315647,82.26457317703654,121.0,346.86,11.729040881504336,347.05825159474307,383.0,98.835,11.56126182559672,99.50889407485143,137.0,370.09989846795224,12.040562861073356,370.2957061592802,406.01600953656987,776.965,425.190373568123,885.6982923095201,2816.0,0.1565,0.08563851353217196,0.17839900504206854,0.567,31.127300000000005,0.032260037197746616,31.05,31.19,0.14000000000000057,0.003643650938240039,31.361000000000004,0.009962335082737764
138,389206,394677,864.85,52.26277355824124,866.4276773049208,1016.0,284.0,-274.43,50.27340350523326,278.9968458603072,412.0,284.0,-13770.91,81.5792369417611,13771.151636664234,14012.0,472.0,13800.960470214619,81.5086472313132,13801.20116366688,14048.431656238357,480.82435060041826,81.365,11.341815330889498,82.15168896620446,121.0,348.2075,11.683297640221275,348.40344788764645,382.0,98.7575,10.815206597656838,99.34793656639276,137.0,371.30365696967715,11.724731167251548,371.48872795819796,406.01600953656987,786.9325,435.03592718734166,899.1768555184235,2816.0,0.1585225,0.08762222602599183,0.1811271307673149,0.567,31.113699999999998,0.03972794985900962,31.05,31.19,0.14000000000000057,0.0,31.346950000000007,0.01976547964163003
139,391971,397452,867.06,53.342632106036916,868.6993035567601,1024.0,292.0,-273.02,52.91275460604939,278.10012585398084,412.0,292.0,-13770.17,78.79067901725432,13770.39541189722,14004.0,464.0,13800.34699731169,78.68108915227874,13800.571291073424,14033.58884961363,465.98154397569124,82.525,11.515180198329508,83.32451620021565,121.0,347.6275,11.667850862519627,347.82325612299127,382.0,99.105,11.21333915477455,99.73735508825166,130.0,371.12703490111494,11.672894478515431,371.3105607170364,402.95285083989666,734.4125,354.9747840956453,815.701426687486,2088.0,0.14792000000000002,0.07151086351037861,0.1642989044394393,0.421,31.1177,0.03017797209886644,31.05,31.15,0.09999999999999787,-0.003648969166210468,31.357250000000004,0.02753785273643105
140,394751,400197,867.61,58.215873264943816,869.5609236850515,1024.0,300.0,-270.44,52.52852939117941,275.4941741670774,416.0,296.0,-13774.9,85.67420848773567,13775.166426580843,14004.0,452.0,13805.068811641027,85.5477986636712,13805.33387209451,14033.58884961363,456.7473907175299,83.615,11.580232078848852,84.41309140174882,121.0,347.4375,11.179717963794973,347.6173219216787,377.0,100.0075,11.649782991541088,100.683749930165,140.0,371.451394889199,11.155771370387805,371.61887734613265,405.2591763304071,718.575,349.8167439889063,799.2007163410203,1740.0,0.14471500000000004,0.07046601148780879,0.1609592805649926,0.35,31.130399999999998,0.01702468795602397,31.11,31.15,0.03999999999999915,0.0,31.37195,0.016670099897014356
141,397526,402987,871.5,59.36994188981492,873.5199139115261,996.0,272.0,-271.36,50.89509210130187,276.0915790095743,416.0,280.0,-13764.93,85.39118865550473,13765.19486095275,14012.0,460.0,13795.383243358205,85.17234804570711,13795.646166816543,14044.180574173773,467.33911527767305,82.885,11.506597020839827,83.6798960324402,115.0,348.26,11.255105508168283,348.441824412627,380.0,99.5975,11.000476978295078,100.20315613791813,140.0,371.9142825474062,11.596074217083977,372.0950181069346,405.2591763304071,716.8925,346.66023848106664,796.3090967080559,1852.0,0.1444,0.06982102118989668,0.1603943109963692,0.373,31.1226,0.02304864421175305,31.07,31.15,0.0799999999999983,0.0,31.363049999999998,0.018910089336033234
142,400270,405767,872.51,57.684139067858155,874.4147528490128,1000.0,284.0,-274.67,52.31014337583104,279.60679533945523,436.0,296.0,-13765.35,80.68344006052295,13765.586454633889,14012.0,524.0,13795.930140764704,80.3934769736414,13796.164378551019,14044.180574173773,520.3255024865593,81.7825,11.347254899313754,82.56595848168905,112.0,348.0675,11.419629755381738,348.2547810152791,388.0,99.4225,10.865495559338285,100.0144614543317,132.0,371.42303333497506,12.097636473542268,371.6199974436252,410.5910374082708,695.1475,322.68232945692887,766.390195983743,1852.0,0.1400325,0.06498343207118258,0.15437599392392587,0.373,31.123800000000003,0.021249941176388717,31.07,31.15,0.0799999999999983,-0.003638348189921698,31.36815,0.01828697716503737
143,403061,408632,866.22,58.50975645138168,868.1938032490211,1036.0,320.0,-273.81,53.40827557598167,278.97017761760844,436.0,300.0,-13772.0,85.58878431196462,13772.265951541889,14116.0,628.0,13802.159122076386,85.42744806907523,13802.423492995715,14149.999858657244,626.1447869700296,82.4825,11.621088320376884,83.29713380423122,118.0,348.1175,11.356878697511918,348.3027024012303,388.0,99.97,11.134814771696924,100.58819513243093,132.0,371.8082489824756,11.392804245902395,371.98275497662524,410.5910374082708,700.085,309.602031283711,765.4883571942815,1583.0,0.1410175,0.06234217828845893,0.1541832756818975,0.319,31.1371,0.02053265691526593,31.07,31.19,0.120000000000001,-0.007180039490217043,31.376000000000005,0.017226196754843444
144,405841,411442,868.26,54.779671411938935,869.9863447204215,1036.0,308.0,-271.71,51.64141651813978,276.57396840628365,424.0,288.0,-13769.36,83.10902718718347,13769.610812219784,14116.0,612.0,13799.58815902279,83.17428303262545,13799.838815000703,14149.999858657244,616.235858941569,82.5875,11.956477062663568,83.44850208362041,119.0,348.2825,11.217517272106159,348.4631006290336,379.0,98.94,11.656388806144037,99.62426913157256,131.0,371.74430024219646,11.016135322321889,371.90748849680347,402.9007321909455,718.5625,340.86651506674866,795.3125470530438,2427.0,0.14475249999999998,0.0686513382517049,0.16020703012040388,0.489,31.137299999999996,0.028578138497809838,31.07,31.19,0.120000000000001,0.007141581860381922,31.376450000000006,0.018661944443868927
145,408706,414217,873.34,55.14965457734073,875.0795620970702,1028.0,296.0,-278.44,51.60742582225934,283.1822028306158,432.0,280.0,-13768.09,80.19845322697938,13768.323574059406,14008.0,500.0,13798.778252397471,80.05736170133147,13799.010487712516,14037.354166651206,498.1335096118946,83.44,12.192268041672968,84.32606358653297,119.0,348.51,11.481502514915022,348.69907513499373,383.0,97.9,11.717081547894082,98.59868153276696,131.0,371.87882536666615,11.391630432411182,372.05326231602913,406.37421178022606,730.9575,357.5136021101155,813.7043950354453,2427.0,0.14725749999999999,0.07201965838401346,0.16392560050217903,0.489,31.14285,0.0351265924905906,31.07,31.21,0.14000000000000057,0.0072582108510250674,31.3812,0.013228661827045409
146,411516,416992,871.7,57.47408111488169,873.5926739619558,1028.0,296.0,-279.56,50.49323122954204,284.083368045368,436.0,312.0,-13765.41,85.61572227108758,13765.67624637453,14012.0,504.0,13796.02861369248,85.46654420509837,13796.293344228368,14052.42014743368,513.1994903943687,83.8225,12.313244647532997,84.72206029128424,119.0,348.7825,12.787696968180002,349.0168441493906,384.0,98.435,11.87100564400506,99.14822237438248,131.0,372.3694601618916,12.725570271755927,372.5868422260775,408.84715970641156,708.7075,341.52407227565965,786.705162370249,2444.0,0.1427725,0.06878877629199404,0.15847991197625017,0.492,31.138450000000002,0.03174267632068901,31.11,31.21,0.10000000000000142,-0.003652300949598169,31.38,0.011327877206476378
147,414291,419853,870.0,57.88540403245018,871.9235746325477,1012.0,308.0,-276.92,52.24666113733968,281.8056067575661,436.0,312.0,-13770.91,86.10674712239454,13771.179201506311,14012.0,476.0,13801.361731350324,86.34859824453368,13801.631849893693,14052.42014743368,481.06207242880737,82.275,11.875578933256264,83.127642815131,119.0,348.6625,12.288148507810279,348.878972567852,384.0,98.5925,11.625250266123306,99.27551309361236,129.0,371.9217616407411,12.512922042742995,372.1321942536012,408.84715970641156,685.9325,340.99795152427237,766.0176221863306,2444.0,0.13819,0.0686824861227373,0.15431707617758963,0.492,31.127250000000004,0.045754098177103075,31.01,31.19,0.17999999999999972,0.0,31.388900000000003,0.01629274789853454
148,417066,422667,866.61,56.15859595823243,868.4277056842441,1004.0,300.0,-278.55,53.68815046171734,283.67678791187694,424.0,288.0,-13777.05,83.00829777799325,13777.30006496193,14020.0,464.0,13807.306911251688,83.13927171550006,13807.557216249368,14058.056764716808,469.8489358675597,83.41,11.695379429501209,84.225946121133,115.0,348.14,11.112623452632596,348.317312231247,383.0,99.055,10.868393395529994,99.64946061068268,126.0,371.79025035364344,10.999306431551755,371.95292040794624,405.4368014869888,728.57,337.4172270350167,802.9101008207581,1792.0,0.1467475,0.06796895426406088,0.16172386187572937,0.361,31.131549999999997,0.044995527555524724,31.01,31.19,0.17999999999999972,0.003570790930190961,31.397050000000004,0.01542375539797072
149,419943,425437,867.05,52.083178666437014,868.6128942169809,1008.0,268.0,-276.82,51.26292617477079,281.52655292174484,424.0,296.0,-13780.81,81.38122572190713,13781.05029233984,14020.0,472.0,13811.02760987718,81.29624351859064,13811.266875996567,14058.056764716808,471.3638632046823,84.355,11.90688771258048,85.19119672830051,120.0,347.5825,12.097239096173968,347.79295205624857,391.0,99.5875,10.871400266295046,100.1791270674685,124.0,371.6385783112788,11.751685443863149,371.82433352323784,411.80820778610035,755.2575,336.73111854081736,826.9230541592126,2137.0,0.1521,0.06780825908397885,0.16653038761739553,0.43,31.137449999999998,0.011554111822204005,31.11,31.15,0.03999999999999915,0.007280669821623434,31.3913,0.015128853410413317
150,422741,428207,870.57,56.85274927389176,872.424415064136,1052.0,352.0,-275.47,51.50144755247176,280.242966013422,408.0,280.0,-13772.75,84.25934666255132,13773.007739778555,13984.0,436.0,13803.199755081898,84.13798967761095,13803.456186042682,14016.424651101293,429.7317495891675,83.8025,11.604244643663801,84.60211285777679,120.0,347.1175,12.266160513787515,347.33415826837415,391.0,99.1,11.220516922138659,99.73319407298655,131.0,370.9472198271739,11.97518695012016,371.140465322767,411.80820778610035,725.525,353.6983875776083,807.148731647396,2137.0,0.146145,0.07122818244908401,0.1625786425087871,0.43,31.1316,0.023052982453469602,31.07,31.15,0.0799999999999983,-0.003658982802780749,31.390349999999998,0.015014696225927538
151,425535,431018,873.53,61.06078201267979,875.6615099454812,1052.0,352.0,-275.01,51.68307169663971,279.8243020182486,412.0,280.0,-13768.44,81.83279538180275,13768.683184676738,13976.0,540.0,13799.096175251696,81.64622559545364,13799.33771454268,14008.587080787269,541.147234996235,83.6825,11.619668401034515,84.48536855574461,116.0,347.515,11.629693676103425,347.7095411403029,389.0,98.84,11.11932551911311,99.46348576236407,131.0,371.2179415537539,11.39856870811838,371.3929017900046,407.72662410002124,711.6825,326.370796324901,782.9494731462561,2053.0,0.14336500000000002,0.06574489923180353,0.15772100367420946,0.414,31.1233,0.028689893690984028,31.07,31.15,0.0799999999999983,-0.007295276308590033,31.3967,0.019443640035872796
152,428280,433897,875.83,58.00837094764858,877.7489162625038,1052.0,328.0,-274.26,51.32263048597568,279.02071607678164,452.0,356.0,-13774.42,81.88371999365931,13774.663381730967,14052.0,616.0,13805.179683743896,81.61433418685637,13805.420928026788,14087.576938565411,620.1370927743774,84.3575,11.469293515731472,85.13361556987932,114.0,347.6775,11.75302062237619,347.87609503959885,385.0,98.74,11.52681222194584,99.41053767081235,127.0,371.49721669349515,11.738099888239043,371.68261326029227,404.6961823392951,730.08,334.498286393219,803.0603401986677,1996.0,0.1470375,0.06736476151334612,0.1617344660237885,0.402,31.129849999999998,0.02233780427884484,31.07,31.15,0.0799999999999983,0.0,31.396349999999998,0.017245899588933196
153,431091,436667,873.76,53.571843350775225,875.4007539407309,1032.0,316.0,-274.61,51.19870994468513,279.34201259388107,452.0,380.0,-13769.37,85.50884808018408,13769.635505706025,14052.0,472.0,13799.99771017985,85.34400407151638,13800.261606216021,14087.576938565411,475.8296591012495,83.6175,11.016405663827017,84.34007054775329,119.0,347.9225,11.841515686346913,348.12395421745975,385.0,99.4275,11.617863131832806,100.10395846318966,137.0,371.7355250874679,11.706275579556264,371.9197998224886,404.83329902566066,750.9725,375.64085473195007,839.6819323410502,2044.0,0.151235,0.07566072148083178,0.16910520394121523,0.412,31.141049999999996,0.018997302440083946,31.05,31.19,0.14000000000000057,-0.010760401721664047,31.398849999999996,0.01553321286000986
154,433972,439462,871.65,51.27102007957322,873.1565953481654,996.0,280.0,-277.25,50.297489997016754,281.7754425069722,388.0,316.0,-13766.06,84.17788545692984,13766.317366674357,13972.0,472.0,13796.603556064814,83.80928814713498,13796.858109004383,14003.15221655467,475.68800481121434,82.7425,11.275912102796829,83.50729010092472,119.0,348.4375,11.667951566149048,348.6328046813725,389.0,99.8975,10.748813597323196,100.47411358155891,137.0,372.1319335281641,11.453014825365305,372.3081351515167,406.11697822179264,740.1425,361.81534267323434,823.8454117733496,2044.0,0.1490625,0.0728867518397548,0.1659280190323503,0.412,31.136449999999996,0.03142288179018589,31.05,31.19,0.14000000000000057,0.0,31.4043,0.01224274118730941
155,436741,442242,868.39,54.07964404468654,870.0722958467302,1012.0,300.0,-277.47,49.63344739185462,281.8742272716681,404.0,264.0,-13766.59,80.5345385533437,13766.825561472042,13968.0,468.0,13796.939844796425,80.09893300669575,13797.172352333648,14004.354180039863,476.88996829640746,82.45,11.374862636533242,83.23094376492435,119.0,348.8675,11.755209217619225,349.0654917060694,389.0,99.8575,10.150231216578272,100.37204541106054,126.0,372.43920721648186,11.734220381364334,372.62401291382173,406.11697822179264,745.6725,339.83169399535115,819.4590029403546,2205.0,0.150205,0.06844635107147787,0.16506497205646026,0.444,31.1152,0.04116989191144334,31.01,31.15,0.13999999999999702,0.014542810398109124,31.4054,0.012932832070486395
156,439535,445130,868.68,56.82690911883207,870.5367539627491,1028.0,316.0,-276.97,48.754682852009196,281.2283769465663,404.0,268.0,-13770.17,75.65481544488757,13770.377826334323,13968.0,408.0,13800.526456153808,75.48942309273608,13800.73291966771,14004.354180039863,409.5075093340838,81.8225,12.26462366931819,82.73658501533647,119.0,349.155,12.209052993578167,349.36839439193693,385.0,100.145,10.555518698766063,100.69975173752913,135.0,372.6960794767414,11.90335426115208,372.88611867432127,402.27105289841575,718.9125,348.8664068719572,799.0888264141853,2311.0,0.1448225,0.07029321442180604,0.1609804102988932,0.466,31.108149999999995,0.044917452064870224,31.01,31.15,0.13999999999999702,-0.003574620196604035,31.4078,0.013476425159800784
157,442316,447913,869.73,56.69926895472286,871.5762043562227,1052.0,332.0,-274.51,50.41329090626796,279.10077033215083,432.0,296.0,-13776.0,75.30737015724291,13776.205834699189,13972.0,412.0,13806.366077371202,75.13492938533828,13806.570519864808,13997.071122202673,402.2244514968934,82.87,12.67884458458262,83.83430085591458,119.0,349.11,11.661170610191757,349.3047022300158,379.0,100.005,11.430878137746024,100.6561721902835,135.0,372.8872009094886,11.34748420958279,373.0598209402884,398.69035604087543,699.2725,339.7516935112318,777.4401858020976,2311.0,0.14085999999999999,0.06845305252507006,0.15661213235250965,0.466,31.109699999999993,0.036985267337143066,31.05,31.15,0.09999999999999787,-0.010720028586742668,31.402350000000002,0.011867163685347527
158,445232,450687,865.86,57.800176470318846,867.7870706573128,1052.0,332.0,-271.51,50.83581316355626,276.2280941540885,436.0,296.0,-13768.47,80.37051138321816,13768.70457087376,13976.0,468.0,13798.556139377537,80.18970287071376,13798.789146878069,14006.055833103052,469.63621785766736,83.035,11.641038398699662,83.8470333404826,115.0,349.76,11.119910071578817,349.9367228514321,376.0,99.3675,11.106864712870145,99.98631156313348,129.0,373.30864234851543,11.133510134194566,373.47462765226766,403.6644646237764,691.7525,316.6359601241621,760.7758227625271,2199.0,0.139355,0.06376569591088928,0.15325103588556915,0.443,31.098149999999997,0.03287213865874799,31.05,31.15,0.09999999999999787,-0.007332722273143748,31.4093,0.017036302092074403
159,447987,453476,863.77,56.32678847582205,865.6045979545164,1032.0,300.0,-274.14,50.58913322048521,278.7687213444148,436.0,292.0,-13766.58,83.75860314021479,13766.834799618975,13992.0,484.0,13796.585740777315,83.34037065017303,13796.837453561595,14020.918086915706,484.49847167032203,82.2125,11.415881207773669,83.00131023062227,113.0,348.9475,11.571289632102378,349.13930242812825,381.0,99.49,10.487368592740507,100.04121650599816,129.0,372.37929192154996,11.374442755804353,372.5529693882469,403.6644646237764,670.16,292.7468264558986,731.31055646695,1686.0,0.13502,0.058959347011309414,0.1473316157516777,0.34,31.093850000000003,0.03647159853913649,31.05,31.15,0.09999999999999787,0.0,31.4117,0.021360024030098762
160,450761,456227,866.88,55.82638802573564,868.6757277603651,1028.0,336.0,-276.41,52.311680340054075,281.31654768249945,440.0,296.0,-13763.76,83.08611436335195,13764.01077593301,13992.0,484.0,13794.015393822892,82.87626304975502,13794.26435733345,14020.918086915706,485.10189431025174,81.9775,11.795846461784757,82.82181174062785,112.0,348.415,11.74681978239217,348.61296590918704,381.0,99.8675,10.826123209625873,100.45258831906722,129.0,371.948634780875,11.635638557606041,372.1305886379135,403.343526042008,678.3925,307.21438515107,744.7127382420688,1908.0,0.1366625,0.06188189229289938,0.15002002366350967,0.384,31.08625,0.04290614757817254,31.01,31.15,0.13999999999999702,0.007317965605561498,31.40875,0.019708082638938817
161,453554,459127,872.73,56.39917641242644,874.5504673831008,1032.0,340.0,-277.4,54.149792243368765,282.63573730156634,440.0,312.0,-13764.19,83.54785395209143,13764.443563035884,13988.0,488.0,13794.840729789283,83.64998354278876,13795.094348354418,14016.638113328032,485.6331247841281,82.1575,11.40209163925637,82.94493655431897,117.0,348.605,11.350945995819027,348.78975042280126,380.0,99.37,10.957330879370211,99.97229616248693,129.0,372.02623381268467,11.18453642980824,372.1943208862811,402.92058770929043,653.5925,324.42702021217343,729.6821551196109,2114.0,0.1316575,0.06535507014570484,0.1469863343988141,0.426,31.096450000000004,0.04293480522839158,31.01,31.15,0.13999999999999702,0.010766194150367614,31.404400000000006,0.017418337929911355
162,456301,461927,872.75,54.42607371471876,874.4454013830709,1040.0,336.0,-278.65,54.79906477304152,283.9872532350704,404.0,276.0,-13769.55,85.17956034166882,13769.813461336358,14028.0,528.0,13800.210216072332,85.23069994323342,13800.47340782192,14054.626000004411,523.6210114605074,83.475,11.067943575931348,84.20555207348266,117.0,348.0825,11.03610863257516,348.25740839212597,380.0,99.775,10.92082300012229,100.37088721337477,128.0,371.93173912378893,10.718858724406633,372.08616273653604,402.92058770929043,681.2525,326.3480484754735,755.3860056289102,2114.0,0.1372475,0.06573960939760747,0.15217940892249518,0.426,31.114,0.028809720581775253,31.07,31.15,0.0799999999999983,0.0,31.39645,0.01924378622492624
163,459201,464697,869.39,53.1987584441592,871.0161192538287,1040.0,328.0,-276.62,55.24794656817573,282.08325012307984,396.0,292.0,-13768.07,81.79459089695357,13768.312964194269,14028.0,496.0,13798.477249644206,81.89939591531385,13798.7203000858,14054.626000004411,493.0957028734865,83.435,11.80405756509176,84.26585904148844,116.0,347.81,11.685627924934115,348.00624994387675,378.0,100.31,11.727271634954143,100.99319283991372,136.0,371.8501138641106,11.670596353572014,372.0332108831146,402.41023843833796,726.6975,330.99173100509626,798.5266323047716,1699.0,0.1463875,0.06665720023935899,0.16084925396158978,0.342,31.11005,0.032295471818816264,31.05,31.15,0.09999999999999787,0.010917030567685356,31.3981,0.017921857673135522
164,462001,467497,873.02,54.48889428131204,874.7187890973876,1024.0,288.0,-276.78,52.095600582006924,281.6400539696014,424.0,320.0,-13770.22,80.96290261595122,13770.458011264549,14016.0,488.0,13800.849483917651,80.75544718410735,13801.085751490713,14045.907589045288,491.298040998543,82.07,12.15730644509712,82.9655651460291,114.0,348.085,12.017810740729777,348.29239871119785,377.0,99.765,11.588777976991363,100.4358252816195,136.0,371.65920445694456,12.151985123060147,371.85781556933824,402.41023843833796,731.2675,337.49911250809237,805.3929522289104,1767.0,0.1472875,0.06796429094568705,0.16221206027912968,0.356,31.132299999999997,0.03403982961179431,31.05,31.19,0.14000000000000057,0.007278020378456904,31.407400000000003,0.01355356957116069
165,464771,470369,874.55,56.94152702553735,876.4017571867369,1024.0,320.0,-279.26,47.004812519570805,283.1882765935059,424.0,296.0,-13770.25,82.52234545866956,13770.497267709688,14012.0,484.0,13801.018378788991,82.23349882193453,13801.263371155555,14045.907589045288,491.298040998543,82.1175,11.737064954663921,82.95204940204913,115.0,348.3525,11.999301802605018,348.55910187513393,377.0,99.1125,11.224965200391491,99.74611521257357,127.0,371.734073980048,11.728416013945381,371.91904697124613,397.90702431598265,722.855,343.7162986752301,800.4125467532352,1995.0,0.14559,0.06923869510613267,0.16121552344609993,0.402,31.139649999999996,0.046966770167853666,31.01,31.19,0.17999999999999972,0.010718113612004693,31.4124,0.011941377275174922
166,467571,473127,873.52,56.468129064101284,875.3432698090504,1016.0,312.0,-281.26,51.86301572411693,286.00167831675395,428.0,308.0,-13774.28,79.03468605618674,13774.506742529838,14012.0,452.0,13805.028892350569,78.96886326892705,13805.254753172794,14045.832976367048,461.68338944037896,82.4875,11.595682116632897,83.29854440504948,115.0,348.6025,11.971194332647014,348.80798801059586,380.0,99.0225,11.837524815179902,99.72754133136944,135.0,372.0528582605015,11.309870034228451,372.2247204310858,397.90702431598265,712.1825,340.8204720872119,789.5330946198519,1995.0,0.143445,0.06866041053620346,0.15903056310030472,0.402,31.140649999999997,0.0480996621609757,31.01,31.19,0.17999999999999972,0.0,31.40685,0.011286983209650483
167,470445,475932,872.56,56.64420888316828,874.3966605608692,1016.0,292.0,-284.1,54.912202651141214,289.35818633658874,436.0,316.0,-13773.59,78.62360904969957,13773.814401247027,13992.0,464.0,13804.350096828097,78.60816879989916,13804.57391012124,14018.724621020274,462.40181577548356,82.91,11.679122398536629,83.7285494917952,112.0,348.5375,11.867543711737488,348.73948371241244,381.0,99.0275,11.804522173726474,99.72859419444355,135.0,372.07907175720794,11.517567464291664,372.25729005621906,400.7804885470349,739.5375,335.67165294935165,812.1521855539145,1826.0,0.14895750000000002,0.06760876935538762,0.16358264730710284,0.368,31.147299999999994,0.038009340957191454,31.05,31.19,0.14000000000000057,-0.01093493712411195,31.40555,0.008328921137716024
168,473201,478697,871.01,55.795518637252584,872.7952566323903,1016.0,292.0,-281.3,53.56556729840542,286.35460534100025,436.0,276.0,-13765.98,76.35338630342468,13766.19174644898,13964.0,436.0,13796.59212555117,76.49471340822393,13796.804185027777,13994.422889136944,438.10008389215363,83.3275,11.558124577542847,84.12527860280761,117.0,348.6075,12.556808661041227,348.83357421555627,381.0,98.94,10.998927220415634,99.54948518199379,126.0,372.179804153942,12.418469307182836,372.3869291476273,404.7974802293117,725.5875,364.62830710704566,812.0535835152751,2713.0,0.1461375,0.07343394033926003,0.16355033628825102,0.546,31.145,0.0456618002273237,31.05,31.21,0.16000000000000014,0.010917030567686002,31.412750000000003,0.014966545818401997
169,476006,481457,872.73,56.102647887599744,874.5313945193734,1048.0,336.0,-280.58,56.140391876081516,286.14136366488503,436.0,328.0,-13763.58,77.44458405853827,13763.797879945781,14028.0,528.0,13794.303695059994,77.45765587869447,13794.521163128498,14056.00739897358,532.0499899900678,82.9275,11.68983506085522,83.7473730931305,117.0,349.36,12.169445344796943,349.57188817180366,378.0,99.05,10.993748223422255,99.65824100394306,126.0,372.8253729740266,12.129870847538895,373.0226434145788,404.8567647946617,700.095,362.937075778984,788.5786771147189,2713.0,0.1410075,0.07310148728822144,0.158829916892253,0.546,31.16605,0.039691277379293934,31.07,31.21,0.14000000000000057,0.011007154650523258,31.4168,0.015438778764018241
170,478771,484248,875.57,60.074080101155104,877.6284635311232,1060.0,348.0,-277.5,55.78808116434907,283.05222133026973,428.0,320.0,-13770.38,79.97709422078299,13770.612247826892,14028.0,528.0,13801.220783548932,80.10520418205019,13801.45325536409,14056.00739897358,532.0499899900678,81.915,11.685365847931335,82.74427472641234,116.0,348.3025,11.357640324909044,348.48762890524534,383.0,98.475,11.703391602437303,99.16801399644947,127.0,371.4837225102997,11.152641386267216,371.65109646010734,404.8567647946617,695.1975,316.58091144879535,763.8867962597599,1878.0,0.140015,0.06377969720059824,0.15385723902371315,0.378,31.168900000000004,0.030639680154989603,31.13,31.21,0.08000000000000185,-0.007303268212525598,31.4195,0.019148542155126354
171,481531,487132,877.84,56.3472661271157,879.6465653886224,1060.0,320.0,-273.71,50.62248413501653,278.3519355061143,428.0,292.0,-13776.47,77.60398894386809,13776.688573093317,14004.0,436.0,13807.329278820584,77.87237137717962,13807.548874438215,14034.747165517447,436.74907756347056,81.77,11.686620555147668,82.60090798532423,113.0,347.7975,11.520481489503814,347.9882505200427,383.0,98.4125,11.485527578217727,99.08045972844494,131.0,370.95402563993366,11.34816555780984,371.1275656698112,408.57067931999234,652.52,303.75971523557894,719.7585115856567,1636.0,0.131415,0.061173178558907665,0.14495537244269355,0.33,31.146499999999996,0.03417235724968408,31.07,31.19,0.120000000000001,-0.010712372790573518,31.4175,0.02260591889134976
172,484321,489882,876.52,53.12447270326549,878.1284188545545,1048.0,344.0,-278.51,48.929948906574595,282.7754586239761,408.0,296.0,-13771.91,78.1364953142896,13772.13165635589,13980.0,412.0,13802.774485161459,78.0919443721955,13802.995393754212,14011.370810880711,413.37272292673515,83.0875,11.517588452015465,83.8819855511301,114.0,347.9825,10.7036065767572,348.14707739689555,383.0,99.175,11.06048710500582,99.78985419370046,132.0,371.5905121901988,11.003692572302505,371.753399446461,408.57067931999234,651.665,320.19821638322725,726.0813797364591,1636.0,0.13127250000000001,0.06447951801735184,0.14625347004430359,0.33,31.139249999999997,0.027339303209847877,31.07,31.19,0.120000000000001,-0.0035964754540549495,31.41455,0.01646131639156926
173,487206,492657,872.65,57.07484121747515,874.5144710066266,1048.0,344.0,-277.74,51.2446328896988,282.4279023042872,412.0,300.0,-13770.82,77.55235392945852,13771.038371887575,13972.0,396.0,13801.450953858313,77.39824444706655,13801.667976009276,14002.522058543596,392.9031072283178,84.31,11.37206665474662,85.07349763586778,114.0,347.5075,11.023381683947989,347.6822939121289,383.0,98.7775,11.178908432847996,99.40806053836882,134.0,371.31555733021946,11.278159625954904,371.4867965352201,404.31918084602415,713.475,351.7876125945881,795.487963453879,1949.0,0.143715,0.07085152627149255,0.16023089589713965,0.393,31.13695,0.02739885946531355,31.07,31.19,0.120000000000001,0.003669051550174202,31.415200000000006,0.008783671339793544
174,489980,495467,871.07,56.54003095153026,872.9030415802204,1044.0,312.0,-278.6,52.23370559322783,283.45426438845476,412.0,272.0,-13766.03,79.7496025068464,13766.261001448433,13984.0,536.0,13796.591758578228,79.3967702822493,13796.820213368006,14009.657240632263,529.8750465461871,84.595,11.30402472573375,85.34690972730061,119.0,347.08,12.006606514748453,347.28761135404756,383.0,98.555,11.163645238003578,99.18525596075256,134.0,370.92909574816105,11.920609357392484,371.1205936080616,404.31918084602415,705.6025,334.2376242940791,780.7622413385525,1949.0,0.14211000000000001,0.06731502729703079,0.15724682826690017,0.393,31.133099999999995,0.033651002956821184,31.07,31.19,0.120000000000001,0.0036449790413704344,31.415700000000005,0.009039595439746308
175,492731,498255,876.34,53.504059659057646,877.9717990915198,1004.0,264.0,-280.69,51.95578793551302,285.45801792908185,436.0,356.0,-13766.0,81.73322457850296,13766.242636246101,13988.0,540.0,13796.924091808874,81.50266783296034,13797.164820353491,14019.79229518041,540.0101010943345,83.8075,11.625422304157386,84.6099728164476,120.0,347.4525,11.984062072185708,347.6591110556431,380.0,99.3075,10.971232553820013,99.91169851423805,127.0,371.2960130060115,12.137677942659472,371.494350562697,406.15760487771246,676.3625,311.1142090836579,744.4852466637602,1925.0,0.136245,0.06265600509927202,0.1499615784126054,0.388,31.1391,0.03743247253388433,31.07,31.19,0.120000000000001,0.0,31.424750000000003,0.014764228938225711
176,495541,501032,880.96,55.26118348352667,882.6915202946044,1016.0,356.0,-280.71,52.15377167568995,285.5137825044528,436.0,356.0,-13774.26,81.26310601989073,13774.499709245341,14000.0,436.0,13805.466348644764,81.26239251356043,13805.705511852699,14027.79241363373,436.10907417941416,83.395,12.117300648246704,84.27072445398818,120.0,348.145,11.532084590393882,348.335944168844,384.0,99.795,10.629344993930717,100.35947887469324,126.0,371.98846642536273,11.665798151296647,372.1713449474583,406.62144557315224,705.4325,338.9805089437297,782.651133967108,1925.0,0.1421125,0.06826085879733713,0.15765629546580118,0.388,31.15675,0.03762230056761617,31.07,31.19,0.120000000000001,0.007284647605172592,31.43545,0.01509526972000798
177,498334,503787,879.03,57.20401297111943,880.8893460588566,1068.0,408.0,-278.48,56.40292191012802,284.13447520496345,452.0,364.0,-13774.7,81.00907356586669,13774.93820530604,14000.0,432.0,13805.763320190692,80.74742644389858,13805.999456757922,14027.79241363373,425.603766213786,84.075,11.837836584443966,84.90429906665504,113.0,347.255,11.341735978235432,347.44016751089674,384.0,99.2825,11.27797383176606,99.92100629997678,126.0,371.1856720001103,11.3496432466641,371.35914893805966,406.62144557315224,695.7075,337.6069785175508,773.2964486534255,1832.0,0.1401325,0.06797867271247653,0.15575049759150048,0.369,31.162249999999993,0.031669188496076944,31.07,31.19,0.120000000000001,-0.01467082339996301,31.434550000000005,0.016091763798769153
178,501106,506577,874.83,56.189243632567255,876.6326254480836,1068.0,344.0,-280.14,57.52825740451383,285.98587377701017,452.0,364.0,-13771.68,84.01605560843714,13771.936273451167,13964.0,440.0,13802.516924488576,83.83286471551561,13802.771511547962,13997.4597695439,442.20514264736266,82.9925,12.018213001523979,83.85816895210627,118.0,347.4225,11.460976998057365,347.6114893095451,377.0,99.325,11.898292944788341,100.03511883333772,126.0,371.1234337242276,11.847444481359208,371.3124896902877,410.3778746472573,713.43,335.8724312890238,788.5383028109668,1715.0,0.14370999999999998,0.06762729404611721,0.15882699707543424,0.345,31.136549999999996,0.035610356639607196,31.07,31.19,0.120000000000001,-0.0073112776457690916,31.4315,0.018181761221145294
179,503861,509442,873.46,57.09455665823144,875.3240314306469,1020.0,288.0,-282.74,52.04855809722302,287.4907998527953,444.0,312.0,-13775.91,81.21251073572348,13776.149382174977,13976.0,452.0,13806.683222690825,81.4451242717301,13806.923441520199,14011.408494509036,456.1538676124983,82.53,12.349457477962341,83.44884660676863,118.0,348.335,11.652586622720296,348.52984807617264,382.0,98.7375,11.179158901724227,99.36834254429324,129.0,371.71206032165037,11.873361421005415,371.9016435833539,410.3778746472573,804.1525,355.31431753273046,879.1527213743924,1886.0,0.161985,0.07155934442824362,0.17708721015364154,0.38,31.11505,0.038464236636127115,31.07,31.19,0.120000000000001,0.014334348683031408,31.437349999999995,0.014404729799669792
180,506754,512222,876.19,56.965988975879284,878.0398851988446,1024.0,292.0,-275.85,51.73796961613395,280.6600078386659,408.0,272.0,-13773.54,79.27640506481106,13773.768143830504,13984.0,436.0,13804.351443744987,79.33585302843129,13804.57941988817,14019.332937055173,439.85783674293634,83.735,12.115889360670145,84.60700325623169,121.0,347.4175,11.507962189284425,347.6080443545575,382.0,98.305,11.256197181997125,98.94733447647795,132.0,370.99843025427856,11.85062229847826,371.1876513301594,406.12067172208805,849.11,384.3079857353995,932.0302677488538,2035.0,0.171035,0.07741885283960231,0.18774091189722075,0.41,31.1241,0.04439808554431151,31.07,31.19,0.120000000000001,0.0,31.43535,0.012440434519242578
181,509515,515022,881.25,59.77890514219878,883.2752006028472,1048.0,316.0,-272.07,50.61022722731049,276.7372038595461,396.0,248.0,-13765.58,80.8820350881455,13765.81761610984,13984.0,436.0,13796.666275241148,80.57846873428659,13796.901579702597,14019.332937055173,439.85783674293634,83.4825,12.20408512548155,84.36982576727299,121.0,347.1375,11.416592913387076,347.3251826458888,377.0,98.6525,12.02816460437751,99.38305942161371,132.0,370.807888781189,11.469617153042371,370.9852321858648,402.975185340239,845.565,404.14143659738727,937.1821968006008,2358.0,0.17032499999999998,0.08139796910857175,0.1887756207776841,0.475,31.141599999999997,0.031232034836046446,31.07,31.19,0.120000000000001,0.007263482840022281,31.437699999999996,0.013081966389328537
182,512296,517869,881.38,60.00879602191665,883.4204887820974,1048.0,316.0,-273.51,49.132472968496096,277.8879630354651,392.0,268.0,-13769.44,78.53054437605792,13769.663937801823,13992.0,440.0,13800.548632348657,78.45945564205243,13800.77166103403,14020.561472351954,432.27651802456785,84.155,12.167209006177218,85.03002410913453,115.0,346.7575,12.135225327533066,346.9697789433541,379.0,98.715,11.93707564690783,99.43412392131788,133.0,370.6255174725903,11.91651367534313,370.8170404660498,405.64393253196823,958.7375,559.0330612707535,1109.8178037407763,3437.0,0.19311249999999996,0.11259236139165925,0.2235385369460935,0.692,31.135299999999997,0.029084531971479186,31.07,31.19,0.120000000000001,0.0,31.438,0.012977713690460727
183,515095,520673,878.13,54.158869079773076,879.7985451226889,1028.0,296.0,-274.98,51.322505784499654,279.7284397411175,392.0,280.0,-13775.18,85.7076869364703,13775.446629420043,14036.0,532.0,13806.080353442458,85.84051659985441,13806.347211337255,14066.178443344163,533.1019268975051,85.3275,11.573471551353984,86.10881197647544,120.0,346.385,11.933011983568942,346.59048602060614,386.0,99.2375,10.818553218892072,99.82546017925488,133.0,370.62415180601704,11.939560212606633,370.8164168426204,406.8033923162392,1042.4725,581.5856121361239,1193.7297589907023,3437.0,0.20996749999999997,0.11712400028922339,0.2404254198291021,0.692,31.12259999999999,0.03410630440255815,31.07,31.19,0.120000000000001,0.0,31.4427,0.017420352226036794
184,517969,523447,877.94,53.77282213163077,879.58522043063,1056.0,356.0,-273.26,54.81616914743313,278.7038571674242,412.0,300.0,-13777.71,87.69262169646886,13777.989070978392,14036.0,532.0,13808.570935224547,87.73577874407299,13808.849656651346,14066.178443344163,533.1019268975051,85.185,11.79621867379543,85.99787788079425,120.0,346.51,11.81100757767939,346.7112343146671,386.0,98.4725,10.314758540557312,99.01124936086809,135.0,370.5024334208572,11.639988368691625,370.6852337226289,406.8033923162392,1016.9025,487.54204228327836,1127.7357569484086,2805.0,0.20480249999999997,0.09820172347647468,0.2271291317730951,0.565,31.141899999999996,0.040649600244037125,31.07,31.19,0.120000000000001,0.0,31.450449999999996,0.014046021743434481
185,520746,526222,876.53,55.317258608864556,878.2737841926058,1056.0,360.0,-276.78,55.09075784557697,282.2094257816347,440.0,300.0,-13777.3,80.41038490145412,13777.534653195396,14000.0,476.0,13808.149240653065,80.51501631460246,13808.383979307644,14028.73679274082,474.6608006268598,83.1975,12.145924985360317,84.07941186759099,118.0,346.6025,11.800190411599297,346.8033124120933,380.0,97.78,10.820887209466699,98.37692818948963,135.0,369.9833550406,11.498782235583917,370.16199831965463,402.8424009460772,969.1525,455.94354830806634,1071.0467251712223,2805.0,0.19518749999999996,0.09186191998728309,0.21572383387099348,0.565,31.16205,0.033163194960679904,31.11,31.19,0.08000000000000185,0.0,31.446349999999992,0.011313597736101917
186,523522,529007,874.43,59.43109539626541,876.4473058889507,1044.0,348.0,-280.31,51.8091102027433,285.05767837404414,440.0,280.0,-13778.34,77.87711088631885,13778.560084421013,14000.0,464.0,13809.12958020743,77.9486820938917,13809.349577731748,14029.491794074367,458.0712346782366,82.77,11.921287682125618,83.62409939724314,118.0,346.9475,11.324961092648397,347.13228386308293,381.0,97.2325,10.960768392316298,97.8483392807461,126.0,370.0615848399915,11.069481727425341,370.22710597685847,398.5272889025292,1004.38,475.9774055561881,1111.45565588556,2502.0,0.20228749999999998,0.09588258363097024,0.2238608998909814,0.504,31.1625,0.033996323330620144,31.11,31.21,0.10000000000000142,-0.0036463081130354734,31.445999999999994,0.011762051889940305
187,526296,531892,876.07,60.43868876803997,878.1523102514734,1044.0,324.0,-279.76,51.68309588250301,284.4939366664956,428.0,292.0,-13773.2,77.92047227782953,13773.420411793144,14032.0,508.0,13804.097956014071,77.95986639370186,13804.318096885481,14064.68769649721,509.43779101778455,83.765,11.77347760859127,84.58835617270263,117.0,346.52,11.233859532680652,346.7020478739634,383.0,96.585,11.636484649583826,97.28345183020595,139.0,369.72998932401214,11.013854659739879,369.8939983292511,404.49845487962006,1179.4275,606.6143459758844,1326.284355822687,3717.0,0.23755749999999998,0.12219740870308994,0.2671437300405907,0.749,31.14585,0.03962041771612268,31.07,31.21,0.14000000000000057,-0.010721944245890328,31.449949999999998,0.014884602058708384
188,529081,534662,874.25,54.4413216224588,875.9434456630177,1032.0,336.0,-280.68,52.805469413688584,285.60406159576934,428.0,328.0,-13768.88,76.16735258626231,13769.090671500424,14032.0,508.0,13799.669983509759,76.24215513613038,13799.880598034173,14064.68769649721,509.43779101778455,82.465,12.035936814390476,83.33870649344156,112.0,346.4125,11.359020369292415,346.5986836385851,383.0,97.1875,11.642480137410585,97.88236562323165,139.0,369.4971631806982,11.348629935656986,369.67140138236283,404.49845487962006,1077.9875,593.439910474304,1230.539709842799,3717.0,0.21713000000000002,0.11953404577776158,0.24785847776503428,0.749,31.14,0.04096339829652861,31.07,31.21,0.14000000000000057,0.014334348683032044,31.4463,0.0145202304641428
189,531968,537457,875.37,52.045010327600096,876.915799834853,1032.0,336.0,-282.14,52.18869992632504,286.926192600118,412.0,312.0,-13768.39,79.59678322645959,13768.620077553162,14016.0,468.0,13799.271828842624,79.39643386388545,13799.500237327438,14039.055238868461,463.3840584074369,82.54,12.039244162321818,83.41339820436522,115.0,345.9,11.670903992407785,346.0968361600551,378.0,97.6475,10.560693336613841,98.21691554920669,126.0,369.12389916731155,11.61570331578836,369.30661718956515,399.7924461517501,897.6175,435.02879926937015,997.480442164156,2738.0,0.18079500000000004,0.08761839404485795,0.20090747870599543,0.552,31.147799999999997,0.046809828027883874,31.07,31.21,0.14000000000000057,0.010930952814720764,31.44755,0.01278303622139854
190,534760,540247,880.32,52.219322094412526,881.8674276783331,1032.0,312.0,-278.49,51.74321114890339,283.2561385036518,412.0,304.0,-13764.62,82.93042626201797,13764.869821396785,14016.0,444.0,13795.750774058397,82.61948963253,13795.99816613499,14039.055238868461,438.19703065233443,84.0175,11.582192959452886,84.81207166435684,121.0,346.4275,10.91740554115308,346.5994842754386,378.0,97.6525,11.30980741436387,98.30525163998107,130.0,369.96525221507864,10.673549242552696,370.1191868844413,395.47945585074325,993.7125,496.7260309705441,1110.9461204306895,3377.0,0.20015750000000002,0.10007083837837075,0.2237793500303368,0.68,31.147750000000002,0.04308059307855514,31.07,31.21,0.14000000000000057,-0.01822489520685282,31.448549999999997,0.01754042948923012
191,537531,543052,880.53,54.5651821219356,882.2190430953075,1080.0,360.0,-278.33,50.07725132233198,282.79908062085354,408.0,300.0,-13770.05,80.87766997138333,13770.287513338275,14004.0,440.0,13801.179921415835,80.85008786926304,13801.416737422285,14039.95327627553,446.7449721259909,84.6025,11.967643617270694,85.44476285882008,121.0,347.2525,10.454364818103489,347.4098336259352,379.0,98.0825,11.501769157394875,98.75458217217063,130.0,371.0049859735305,10.107812957333028,371.14265114642916,399.37576291006945,994.4825,502.04065043953364,1114.0198640509063,3377.0,0.2003225,0.1011376462735316,0.22440572073813092,0.68,31.148849999999996,0.037197815796092666,31.07,31.21,0.14000000000000057,-0.007245064299946151,31.45085,0.018845832789606817
192,540321,545909,881.46,59.371612745486374,883.4572542007904,1080.0,376.0,-278.85,51.860558230701685,283.6315215204403,420.0,288.0,-13774.8,84.98799915282157,13775.06217771811,14004.0,488.0,13806.013905539136,85.21502250173081,13806.276889878749,14039.95327627553,484.99846262897154,84.2825,12.5796539598671,85.21612230088859,121.0,346.0325,10.869519021097483,346.2031737289536,379.0,98.24,10.729277701690828,98.8241620252861,126.0,369.81850495023804,10.904741921326114,369.9792426609904,399.5359808577946,947.55,463.1363217239607,1054.6782708485084,2858.0,0.19085999999999997,0.09329981457645026,0.21244386317330985,0.576,31.138099999999994,0.05073844696086028,31.07,31.21,0.14000000000000057,0.007158196134573935,31.456999999999997,0.009551338658818182
193,543126,548702,878.96,62.327188288900054,881.1670443224713,1064.0,360.0,-279.64,52.46437267327229,284.51896246120396,420.0,288.0,-13775.24,82.8230789092026,13775.488982972618,14072.0,556.0,13806.323424186883,83.28641394948211,13806.574633847456,14103.353927346501,548.399113699943,84.435,11.964354349483301,85.2784556614389,121.0,345.5575,11.2101156885199,345.7392839987958,383.0,97.93,11.4039510696951,98.59175929052083,126.0,369.3169744327609,11.548804952521758,369.49749999154255,411.4474450036116,1053.095,516.1171000606355,1172.7684937787167,2880.0,0.2121125,0.1039715819046243,0.23622405148502554,0.58,31.12675,0.0480045570753447,31.07,31.21,0.14000000000000057,0.007173601147776031,31.451700000000002,0.010458654724514614
194,545985,551497,878.39,58.036608274433135,880.3051970765594,1056.0,340.0,-281.33,51.91022153680333,286.0790799761493,408.0,340.0,-13771.89,78.19173805460522,13772.111970209944,14072.0,520.0,13802.959148900574,78.51963946647219,13803.182480862883,14103.353927346501,524.3648633550292,84.8625,11.82258828472006,85.68207222050596,129.0,346.32,11.93451297707619,346.5255762566452,383.0,96.805,11.941188173712028,97.53871026418177,126.0,369.8567081826017,11.883093550495243,370.0475543764612,411.4474450036116,1285.115,658.850416843611,1444.162191376024,4020.0,0.25886000000000003,0.13272631766157006,0.29090337742968886,0.81,31.154899999999998,0.04707430296881787,31.07,31.21,0.14000000000000057,0.0,31.4571,0.017730649730046854
195,548776,554247,877.18,53.04608939403545,878.782475929055,1008.0,308.0,-281.75,53.9490268679612,286.86854132163046,420.0,352.0,-13774.87,79.94975359561778,13775.102013415362,13984.0,432.0,13805.853918638064,79.90780453734544,13806.085168504504,14020.023395130267,441.0343311387951,84.665,12.213016621621376,85.54133503751271,129.0,347.115,12.044366940607548,347.3238978244946,379.0,96.705,11.685588346334985,97.4084698576053,128.0,370.540700824393,11.79868774769907,370.72849903939135,404.050739388013,1529.7625,787.0827250637318,1720.369879560788,4064.0,0.30814,0.1585625283602655,0.34654340997918287,0.819,31.164999999999996,0.03598610843089407,31.11,31.21,0.10000000000000142,0.003655638822884221,31.460049999999995,0.01663397796853273
196,551570,557032,875.84,53.90931644901463,877.4975327600642,988.0,288.0,-278.72,52.20384660156759,283.5667117275933,432.0,308.0,-13776.72,78.06741701888184,13776.941187360857,14008.0,444.0,13807.550576201515,77.89458028111656,13807.770293570211,14036.681659138672,443.397434934428,84.8125,11.737220443955204,85.62080646665272,117.0,347.8325,11.743910922260948,348.03069907696363,379.0,98.835,11.390688082815716,99.48922052162234,131.0,371.7757113866626,11.713898707986205,371.9602062049111,404.050739388013,1643.8425,897.8101623916662,1873.040643579311,6084.0,0.3311175,0.1808599974946091,0.3772918465856372,1.225,31.166299999999996,0.03362008328365749,31.13,31.21,0.08000000000000185,0.007323324789454907,31.460950000000004,0.015482142676471702
197,554320,559897,875.16,53.95196381967944,876.8214413436751,1020.0,320.0,-273.95,50.99958333163125,278.65670636107075,432.0,308.0,-13767.35,79.29651631692278,13767.578362224782,14008.0,516.0,13798.05819425961,79.17971852219965,13798.285377538761,14036.681659138672,513.8872733617445,84.95,11.345593858410409,85.70428810742203,114.0,347.5525,11.678280855930808,347.74864845172294,385.0,98.7675,10.76561395137314,99.35249116152045,131.0,371.4862949021074,11.966524136293435,371.6789811113887,402.0186562835113,1693.44,918.8379788624325,1926.6557204129647,6084.0,0.34110250000000003,0.18508987544906394,0.3880839825347086,1.225,31.165399999999995,0.04416831443467199,31.07,31.21,0.14000000000000057,0.010758472296934243,31.4659,0.016057228480225172
198,557106,562672,872.44,53.572814001133075,874.0832912257275,1032.0,332.0,-277.2,51.58139199362498,281.95829478843143,424.0,296.0,-13765.37,76.42357685950063,13765.582145336244,13984.0,492.0,13795.976507411911,76.19768328938191,13796.186932627435,14013.137835616975,490.34344984004747,85.0975,11.705682113828308,85.8988212957547,123.0,346.9125,10.935714139917886,347.08482032494595,385.0,96.6375,10.768755441089745,97.2356544689241,132.0,370.3724305988817,11.203354509992158,370.5418363693903,402.4251483195353,2046.9675,1059.314477123649,2304.8260471237304,6503.0,0.4123225,0.21338576216268507,0.4642664402043292,1.31,31.159699999999997,0.04812390258489064,31.07,31.25,0.17999999999999972,-0.0071864893999286205,31.463100000000004,0.017696692694704672
199,559989,565462,875.37,56.58023594860665,877.1966484204097,1036.0,308.0,-276.72,51.059588717497526,281.39125785994133,424.0,296.0,-13773.87,79.77056537345086,13774.100991353302,14000.0,452.0,13804.644063561556,79.46948077535927,13804.87280347052,14034.04774111874,451.8034493972864,84.6225,11.816302033631334,85.44350472680765,123.0,346.2575,10.170112769777925,346.406823691451,375.0,96.9,11.327621109482784,97.55985342342412,132.0,369.7441104168093,10.27121278537139,369.88674618050317,402.4251483195353,2482.51,1227.566132597344,2769.435774666024,6517.0,0.500065,0.24725909644540886,0.5578548780821048,1.313,31.149350000000005,0.04976522380136592,31.07,31.25,0.17999999999999972,-0.01461721176685581,31.46495,0.01643693804608436
200,562746,568240,877.88,56.56629385066694,879.7005399566377,1036.0,308.0,-279.55,52.58362387664053,284.4525267948942,448.0,316.0,-13775.15,81.51096551998388,13775.39115814865,14000.0,452.0,13806.142888250695,81.27969737099865,13806.382141603934,14034.04774111874,451.8034493972864,84.605,11.337062009180332,85.36120313116493,120.0,346.1325,11.113952660957306,346.31088273399666,382.0,97.525,10.865513103392772,98.12841076874729,130.0,369.76245161171,11.075959466244758,369.92830048537786,407.2026522506945,2486.38,1292.7858525680113,2802.388403665702,6536.0,0.5008325,0.2603889483901919,0.5644781638823596,1.317,31.114000000000004,0.03957271787481855,31.05,31.19,0.14000000000000057,0.0,31.462700000000005,0.01572667545293647
201,565536,570998,874.99,52.57356655202308,876.5680121930072,1032.0,328.0,-282.37,54.6554946917508,287.6109177343586,448.0,332.0,-13766.52,80.80278213032024,13766.757134488862,13992.0,440.0,13797.398753263158,80.5056734167218,13797.63362029881,14021.855512021224,435.28037330432926,85.3275,11.60302735280754,86.11278941016833,120.0,347.395,11.899116563846242,347.5987269827092,382.0,97.06,11.36887857266494,97.72356420024803,130.0,371.00569237495546,12.039880621498629,371.20100013335093,407.2026522506945,2379.6125,1279.8911583973654,2701.9765038763753,7100.0,0.47931250000000003,0.2577972747019448,0.5442425079870186,1.43,31.120299999999997,0.041278444738143565,31.05,31.19,0.14000000000000057,0.007323324789454256,31.461150000000007,0.014041738712323146
202,568318,573777,873.76,54.112682432124906,875.4340180733211,1056.0,352.0,-279.29,55.925807101909584,284.83433781761636,432.0,316.0,-13766.37,82.77404846931194,13766.618848504524,14028.0,476.0,13797.11893115457,82.57747620391649,13797.366047184514,14055.2316238474,475.80129706270054,85.8475,11.901858835912984,86.6686073500665,119.0,347.5525,11.380783969041852,347.73878486588177,376.0,97.02,11.92160224130968,97.74970588191046,135.0,371.2876717307676,11.583601372014655,371.46832301018617,400.8204086620341,2295.175,1222.8234845532695,2600.6009988077753,7100.0,0.46229,0.24630909625915157,0.5238131489376723,1.43,31.161799999999992,0.04048160075886388,31.07,31.21,0.14000000000000057,0.010991023997069478,31.466450000000005,0.007651395928137578
203,571072,576667,875.42,58.30457614973288,877.3594474330347,1056.0,348.0,-281.47,54.621233050893316,286.72083984252,440.0,320.0,-13775.56,81.00991544249382,13775.798195385993,14096.0,544.0,13806.448149472422,81.07931875356694,13806.686219364878,14130.885322583295,551.4549957985964,85.145,12.410035253777485,86.04463957737286,118.0,346.86,11.249239974327153,347.0423677305121,382.0,97.2625,11.416154945952687,97.93019197367072,135.0,370.55019310737424,11.178635341028926,370.7187714427204,400.8154188650931,2305.68,1163.3830141445249,2582.56080276922,5859.0,0.464425,0.23432133785679868,0.5201894558716085,1.18,31.178749999999994,0.031023176819920617,31.13,31.21,0.08000000000000185,0.0,31.46695,0.011490325013780077
204,573949,579427,875.4,57.85741093412321,877.309888237902,1032.0,324.0,-280.85,51.879451616222774,285.6014705844492,440.0,320.0,-13781.39,81.7050053546293,13781.632197965522,14096.0,552.0,13812.239020461708,81.73201107892142,13812.480837271774,14130.885322583295,552.6639368494489,83.93,12.06379293588878,84.792570429254,126.0,347.135,11.757200984928344,347.3340467043218,382.0,97.2675,11.319493970580133,97.92393731871692,126.0,370.51640791782773,11.722156954669044,370.7017905271028,400.4772153319087,2197.8975,1209.8169001934755,2508.866348074365,6723.0,0.4427249999999999,0.24368308183991766,0.505358160120127,1.354,31.151349999999997,0.033364314768927074,31.11,31.21,0.10000000000000142,-0.01460387002555711,31.470150000000004,0.01180363564908435
205,576741,582197,877.02,54.48595782401187,878.7108739511535,1044.0,332.0,-274.75,52.52882541995395,279.72636629391945,420.0,292.0,-13776.93,79.49877420438632,13777.159369042662,14024.0,504.0,13807.758715199341,79.3673915197429,13807.98681633206,14055.549224416669,498.2503784075561,84.3725,11.467944181500012,85.14829710569671,126.0,346.55,11.231985576913816,346.73197141307867,379.0,97.805,11.09107636796357,98.43185460002265,126.0,370.1784023321078,11.404952733270337,370.35405020061546,401.08103919282945,2046.375,1141.874979748221,2343.4011841765378,6723.0,0.41219,0.23001255161403691,0.4720236964390665,1.354,31.1382,0.026809699737222567,31.11,31.19,0.08000000000000185,-0.003665689149560039,31.4755,0.008941469380740134
206,579501,584957,879.22,52.41327694391947,880.7808808097506,1044.0,328.0,-274.52,53.84542320383414,279.7508891853608,408.0,280.0,-13772.75,80.84724794326644,13772.987288166645,14024.0,504.0,13803.720010710333,80.79743755307325,13803.956474866183,14055.549224416669,498.2503784075561,84.9775,12.106692106021363,85.83558411288409,116.0,346.0075,12.137439752682607,346.22031641716234,381.0,98.1975,11.071065610409867,98.81962102740528,135.0,369.94501519192386,11.92720565125092,370.1372346846505,401.08103919282945,2084.1075,1074.8413654785295,2344.9494733362594,5657.0,0.419785,0.2165088191621764,0.47232987942750354,1.139,31.147700000000004,0.03606535733914281,31.11,31.21,0.10000000000000142,-0.003665689149560039,31.479,0.009962335082737764
207,582271,587838,879.21,53.55722080168089,880.8397130011793,1020.0,304.0,-277.09,54.785873179132594,282.45417327417914,420.0,288.0,-13770.7,86.57615145061601,13770.972148690156,14044.0,512.0,13801.73452310877,86.35411760643402,13802.004668887777,14073.840698260017,506.70039530744543,84.6075,12.183121264684187,85.4801585164651,113.0,345.965,12.838760648910002,346.2031412335827,381.0,97.2975,11.358652814044456,97.95826917621605,135.0,369.59523704764956,12.5958624830443,369.8098092263103,404.44282661459084,2113.0775,1086.9693401811064,2376.257323502655,5989.0,0.42561000000000004,0.2189479798947686,0.47862520827887867,1.206,31.165,0.03710795063055985,31.11,31.21,0.10000000000000142,0.010777797736662884,31.473250000000004,0.011258525035052631
208,585056,590627,877.1,51.72610559475747,878.6239240994978,1020.0,304.0,-278.14,53.45185123080397,283.22951823565285,420.0,288.0,-13773.64,80.32552769823552,13773.87422042179,14044.0,512.0,13804.543485501497,79.93220188510796,13804.774898563179,14073.840698260017,506.70039530744543,84.3825,11.89563759325241,85.21685572702152,115.0,346.9275,12.68038815454795,347.15916018448945,379.0,96.8,10.74360274768199,97.39437868788939,125.0,370.2691269706327,12.955061265987114,370.4956949817366,407.72662410002124,1727.6775,1010.6882202211274,2001.5894240577911,5989.0,0.347995,0.20356708961666664,0.4031625974715412,1.206,31.1895,0.03390796366637259,31.11,31.25,0.14000000000000057,0.02513013821576029,31.4758,0.01532799296780459
209,587927,593412,874.05,52.313645447435604,875.6141387620463,1064.0,320.0,-277.77,50.64017278801485,282.34836638450736,424.0,280.0,-13779.14,74.2642605834058,13779.340126435663,13992.0,392.0,13809.82014228612,74.18003578169017,13810.019371456363,14017.413741485982,383.65563889372606,84.3625,12.04599907645688,85.21817587815407,123.0,346.65,12.46926220752455,346.87419189095056,379.0,97.08,11.45332266200512,97.753286389768,132.0,370.1008378513374,12.842013928433722,370.32357135348536,407.72662410002124,1220.51,618.1852189271432,1368.1365520298039,3723.0,0.2458475,0.12451555823972361,0.27558141718918566,0.75,31.183400000000002,0.04140579669563254,31.13,31.25,0.120000000000001,0.0,31.4859,0.014619312937924444
210,590701,596198,878.09,53.59171484474069,879.7238885013866,1064.0,332.0,-277.98,52.47094052902044,282.8888120799407,424.0,272.0,-13774.01,75.79393049578573,13774.218533187282,13992.0,392.0,13804.97347991246,75.7866671232594,13805.181505507271,14017.413741485982,383.65563889372606,84.6175,12.152003692807208,85.48562744695742,123.0,345.4275,11.453809137138615,345.6173425914851,376.0,97.06,11.456282119431242,97.73377103130728,132.0,369.0289691384103,11.34239554248851,369.2032367138728,398.25117702274275,1151.035,566.8471035252804,1283.042170000659,3777.0,0.2318275,0.11418948175620205,0.2584245102539618,0.761,31.195149999999998,0.049299873224989646,31.11,31.25,0.14000000000000057,-0.02546843732945253,31.488450000000004,0.013077655090139882
211,593510,598987,882.62,55.01868409913127,884.3331498931836,1028.0,340.0,-278.04,55.47899061807092,283.52100451289317,412.0,300.0,-13769.62,79.04590817999373,13769.846883680297,13996.0,420.0,13800.901853144682,78.87027239546777,13801.127217731166,14028.071285818303,416.04954031701345,85.4475,12.113514921359531,86.30186846181257,119.0,345.88,11.446423022062394,346.0693499863864,375.0,96.9575,10.792622190644867,97.55632988176626,125.0,369.59208754748965,11.442631790315858,369.76917800162846,404.6430525784423,1118.505,567.8777376997623,1254.407653037879,3777.0,0.22528749999999997,0.11438382684518822,0.2526620618533776,0.761,31.202749999999995,0.04598301316790838,31.11,31.25,0.14000000000000057,-0.007303268212525598,31.486650000000008,0.011406259548696953
212,596271,601872,881.12,57.612026522246204,883.0014722524533,1056.0,368.0,-277.65,52.5596565818309,282.58103262604163,412.0,300.0,-13771.69,80.53237796066871,13771.925461604851,13996.0,420.0,13802.86410429811,80.10666812884376,13803.096556932434,14028.071285818303,422.8270028221323,84.1475,12.03892618758002,85.00433812459221,118.0,345.5675,11.959324552415158,345.774380919119,387.0,97.595,11.165615746567674,98.23163950581299,125.0,369.16524268140273,12.334447534487346,369.3712427896898,404.6430525784423,1020.3525,517.2038652637372,1143.948889811079,3133.0,0.20553249999999998,0.10416148013421277,0.23041966604437217,0.631,31.160449999999997,0.045604796896818206,31.07,31.25,0.17999999999999972,0.003570790930190961,31.47930000000001,0.009987962679958128
213,599061,604632,877.57,56.193728297738,879.3672952754156,1056.0,360.0,-277.85,51.40328296908671,282.5648952010847,408.0,308.0,-13773.9,77.78939516412247,13774.119659709655,14056.0,528.0,13804.83497023218,77.67628115922152,13805.053500801798,14089.147596643312,530.430843203847,83.7475,11.933094475030357,84.59339513224421,117.0,345.9575,12.002528639832525,346.1656431536787,387.0,98.1325,11.488687642633513,98.80272010425624,127.0,369.5944142820856,12.191859229914847,369.7954468351388,408.12498085757994,989.6275,478.79967496203466,1099.3687813923043,3133.0,0.19935,0.09644253470331439,0.22145334723142027,0.631,31.140249999999995,0.03152677433547592,31.07,31.19,0.120000000000001,-0.0035900197451085216,31.475900000000003,0.009132277713724981
214,601948,607422,880.66,58.89010443189926,882.6268067535678,1092.0,396.0,-282.21,54.82878714689939,287.48683448116367,464.0,364.0,-13773.37,80.55459701345418,13773.605562814697,14056.0,528.0,13804.615885076248,80.43149569959627,13804.850196941654,14089.147596643312,532.1957268460301,84.565,11.795370914049291,85.38366354285813,117.0,346.6575,12.13446305981439,346.8698134747387,385.0,97.7175,10.95936557242252,98.33014542855105,127.0,370.30712590619424,12.26733479994544,370.5102630157497,408.12498085757994,1043.37,489.2624072008803,1152.3882418699004,2848.0,0.21019500000000002,0.09856202095635012,0.23215600358379707,0.574,31.1442,0.02888529037416851,31.11,31.21,0.10000000000000142,0.0,31.4795,0.009999999999999787
215,604705,610212,885.61,55.458884770611824,887.3447807926748,1092.0,384.0,-285.45,53.821347995010306,290.47967226640833,464.0,308.0,-13768.77,80.83271058179356,13769.007271404864,14016.0,488.0,13800.391072635699,80.78788471606936,13800.627537905659,14044.360576402189,487.4087066049069,85.0725,11.669072103213692,85.86907184778464,119.0,345.775,12.486167346307672,346.0003684969136,382.0,97.1575,10.531746946732056,97.72664682674834,124.0,369.4417991051898,12.369602819839841,369.6488198276846,400.2524203549555,1013.8375,499.6725188498463,1130.2827533409506,2848.0,0.204245,0.10064963971619571,0.2276979797890179,0.574,31.148849999999996,0.03230599789512827,31.11,31.21,0.10000000000000142,-0.003631741420010818,31.48705,0.015585402205422098
216,607496,613067,885.21,52.96579934259466,886.7931664148073,1048.0,340.0,-280.3,51.34500949459451,284.9638573573849,448.0,316.0,-13769.24,81.87638487378395,13769.48342967157,14072.0,524.0,13800.70861639312,81.98856879268804,13800.95215700714,14102.857582773784,522.6472751239053,85.8325,11.225170098933914,86.56340161985318,119.0,345.165,11.526828488357063,345.3574163095387,376.0,97.4375,10.778965337637931,98.03189531983966,124.0,369.11387776965375,11.408998108908726,369.2901569227103,398.77437229591374,1002.5375,495.8340534833706,1118.4510930299991,2782.0,0.201945,0.09987796040668832,0.22529400790966458,0.56,31.15,0.0493355855341763,31.07,31.25,0.17999999999999972,-0.0035900197451085216,31.4892,0.016432744375767593
217,610286,615852,880.15,54.98233807323948,881.8656813823746,1048.0,336.0,-278.38,51.96629292146978,283.18884158808237,440.0,320.0,-13771.34,79.74537227952477,13771.570887883488,14072.0,524.0,13802.453280172576,79.56864114291339,13802.682627663364,14102.857582773784,526.4722022684127,85.0325,10.78709616857104,85.71398660662098,113.0,346.2875,10.872894911200051,346.45815403883915,374.0,97.5875,10.789686916217727,98.182164877334,125.0,370.0042060518102,10.805785671093494,370.1619611737543,398.4595337044905,1040.6225,477.2718617242693,1144.8509149666606,2782.0,0.2095975,0.09615032758004519,0.2305992140055989,0.56,31.1334,0.04919796743769004,31.07,31.25,0.17999999999999972,0.003593244699963991,31.489549999999998,0.013313173983080911
218,613141,618633,877.12,54.136361163269925,878.7890759448482,1052.0,340.0,-278.8,53.766904318548974,283.93717614993636,464.0,344.0,-13770.08,79.23530526223774,13770.30796460268,14020.0,472.0,13801.015331475644,79.04315513844834,13801.241683268938,14053.107841328196,476.72246082282436,84.575,11.995598150988553,85.42145515033094,117.0,345.545,11.127127886386495,345.7241096597112,389.0,97.735,10.8115574733708,98.33117511755873,125.0,369.2842587995067,10.960894256354488,369.44689063517643,410.65435587608226,1031.61,451.97833233463746,1126.2786533536005,2676.0,0.20780749999999998,0.09103274379996464,0.22687202890616553,0.539,31.12705,0.02159392275618259,31.07,31.15,0.0799999999999983,0.0036416605972322603,31.489900000000002,0.011589901403219905
219,615925,621407,881.1,53.92355700433717,882.7485259121082,1052.0,336.0,-280.02,51.514654225763756,284.71908963046366,464.0,316.0,-13772.37,81.55674772819229,13772.611477857059,14020.0,476.0,13803.568788640028,81.39740341593544,13803.80878018817,14053.107841328196,482.44890375261457,84.7225,12.612711593864342,85.65618775079825,117.0,345.1425,11.66478434219853,345.3395611568417,389.0,98.3775,10.934806525494633,98.98334455856703,127.0,369.12918373765734,11.73640546210002,369.3157152085462,410.65435587608226,1029.3725,456.1431504952694,1125.9104393778396,2886.0,0.20736249999999998,0.09186199482783944,0.22679910162961406,0.581,31.135499999999997,0.012237238250520156,31.11,31.15,0.03999999999999915,0.0,31.483350000000005,0.010726843100710919
220,618706,624182,882.17,53.720490504089774,883.804163828164,1028.0,280.0,-281.31,50.03522659087296,285.72511265200336,444.0,312.0,-13772.67,81.8065468040303,13772.912954055872,14028.0,500.0,13803.955566206794,81.79612575475477,13804.19790788295,14058.559812441672,503.4497796901851,84.59,12.036274340509193,85.44202712951045,114.0,345.8425,11.92319981171162,346.04796994058495,375.0,98.065,11.55858014636746,98.74383525061197,127.0,369.6554436802863,12.439270779700907,369.8646813362963,398.1080255408072,1007.705,431.74808971783534,1096.3009532058247,2886.0,0.20296,0.08697254394347677,0.22080983900179812,0.581,31.15625,0.05623110793857814,31.07,31.27,0.1999999999999993,-0.003652300949598169,31.474750000000004,0.008521681032463285
221,621484,626972,882.34,58.1443410832043,884.253719245783,1028.0,320.0,-281.4,50.954489497982415,285.9760829160369,440.0,312.0,-13768.18,83.44128234872711,13768.432843283219,14028.0,556.0,13799.509899498247,83.40535744113319,13799.761951570033,14058.559812441672,549.8965180960768,85.2075,12.217178223714345,86.07890275787675,125.0,345.4125,11.544580709146606,345.6053710520136,372.0,97.2825,11.494898596768916,97.95926449295135,127.0,369.1994354139938,11.850923592202134,369.3895876984082,402.5543441574069,1012.6025,443.88895513827555,1105.6225520040734,2284.0,0.20396,0.08942266714877162,0.2227018073568331,0.46,31.18295,0.07143736767266841,31.07,31.27,0.1999999999999993,0.014577259475218995,31.475300000000008,0.008837718209916598
222,624256,629832,880.15,56.24391078152372,881.945236395095,1024.0,316.0,-279.62,53.33306291598111,284.6607805792712,440.0,340.0,-13768.14,86.20243848059056,13768.409854445792,14024.0,552.0,13799.295241915917,86.1388787758537,13799.564090216763,14048.52732495474,539.8640306091456,85.2925,11.83604426106966,86.10982812664301,125.0,346.2075,11.320531955257229,346.3925338398621,376.0,96.615,11.77398721759116,97.32977447831675,126.0,369.79305407203094,11.352187457929467,369.96726206517246,402.5543441574069,1029.3425,461.312779135534,1127.9873503280078,2416.0,0.20734000000000002,0.09292415939894211,0.22721086021579162,0.487,31.2125,0.05732146194925594,31.07,31.25,0.17999999999999972,0.017934002869440715,31.4862,0.01319071595739549
223,627045,632612,876.56,55.0484005217227,878.2868324186582,1084.0,360.0,-274.78,53.091163106490704,279.86196597608614,396.0,296.0,-13767.34,83.69781598106368,13767.59441587382,13980.0,468.0,13798.166451830764,83.48082158231338,13798.418984796772,14008.493994716206,470.4037305762886,84.0975,11.486208850182031,84.87828049624946,114.0,346.645,11.412229186272068,346.83280554180567,381.0,97.205,11.712086705621676,97.90804359193376,126.0,370.0640566787645,11.657463465787956,370.2476232199202,408.9241983546584,1045.4075,447.23997075814907,1137.0577964641902,2416.0,0.2105725,0.09009100811818015,0.22903529749800575,0.487,31.22075,0.03762230056761559,31.13,31.25,0.120000000000001,-0.010777797736662884,31.488500000000002,0.013045130838612204
224,629909,635413,880.26,55.47767478905366,882.0064852369284,1084.0,360.0,-277.02,51.50688885964673,281.76770574357874,424.0,288.0,-13769.35,79.05730516530399,13769.576953559612,14028.0,508.0,13800.448977283808,78.65103550714528,13800.6730980775,14054.161518923853,497.7938638327596,84.06,11.457154969712159,84.83719703054787,125.0,346.6875,11.887381702881422,346.8912401603707,387.0,98.455,11.551752031618408,99.1303687070718,134.0,370.422612312836,12.03331988000093,370.6180142680601,408.9241983546584,1062.4925,473.8429380541088,1163.364707432712,2542.0,0.21402000000000002,0.09545393967773147,0.2343416629624361,0.512,31.210949999999993,0.04547634000224767,31.13,31.27,0.14000000000000057,-0.010901162790698088,31.487800000000007,0.01189595664337959
225,632686,638173,883.75,55.35971007872061,885.4822189067379,1024.0,296.0,-280.87,52.249431575855446,285.68857170002445,424.0,288.0,-13771.12,78.88032454294289,13771.34590953259,14056.0,472.0,13802.517812239133,78.529757553412,13802.741208904845,14090.275795739415,476.1883860009275,83.9375,11.28776300911744,84.69307822956962,125.0,345.59,12.003620287230016,345.79840225194795,389.0,98.0775,11.519396414309215,98.75167087194019,134.0,369.265628194822,12.01003055297945,369.46088426246155,410.134124403225,1035.1075,507.2663757275363,1152.7214375121164,2793.0,0.20848999999999995,0.1021919267848493,0.23218800571950307,0.563,31.201999999999995,0.04730750469006003,31.13,31.27,0.14000000000000057,0.0,31.4901,0.017284005383743962
226,635488,640942,877.25,56.461646274263025,879.0651170419629,1012.0,288.0,-280.88,52.15693242513405,285.6815009761745,420.0,292.0,-13768.65,79.81639869099583,13768.881344539213,14080.0,504.0,13799.642971505387,79.47791505774921,13799.87184288318,14105.047039978279,503.08247598973685,83.845,11.40048134948696,84.6165173001111,116.0,345.5975,11.892245109734326,345.8020495890676,389.0,97.495,11.398902359437947,98.15910553789699,130.0,369.1008791601195,11.779792155501138,369.2888063562176,410.134124403225,1001.785,491.8011120107396,1115.9935125259465,2793.0,0.20176249999999998,0.09906700305222724,0.22477183431204187,0.563,31.185949999999995,0.0403806574983625,31.13,31.25,0.120000000000001,0.011001100110011418,31.497349999999997,0.021309922148026128
227,638246,643818,877.15,53.199224618409616,878.7617879721444,1052.0,328.0,-279.9,53.594682572061195,284.98491188131345,428.0,320.0,-13769.09,80.81121147464626,13769.327139697132,14080.0,524.0,13800.04899833615,80.35050417652535,13800.282915940528,14105.047039978279,517.5816398383395,83.94,11.656388806144037,84.74547185543308,116.0,346.7625,12.00816779321475,346.97035536195307,379.0,97.785,11.4853722186092,98.45719882263562,135.0,370.29063788487855,12.201884887580007,370.49162271230915,404.7987154129815,980.945,469.82002083244595,1087.6506539325944,2357.0,0.197575,0.09462681636301624,0.21906646251765696,0.475,31.177749999999993,0.03342061489560086,31.15,31.25,0.10000000000000142,0.0,31.503099999999996,0.014384271555086151
228,641015,646592,881.29,55.54435974966315,883.0386401511544,1052.0,336.0,-281.25,56.031397448216474,286.7770562649669,440.0,332.0,-13770.24,81.81749446175921,13770.483061969902,14004.0,516.0,13801.505045386399,81.61226729924803,13801.7463416772,14035.323437669686,516.5086967243824,83.265,11.51758546744933,84.05780748984594,118.0,345.7625,11.368205388274792,345.9493351634022,380.0,97.725,11.179193843922736,98.3623403544263,135.0,369.1705226415346,11.616054088035881,369.3532286308054,404.7987154129815,980.4725,468.662436348114,1086.724805321016,2357.0,0.1974975,0.09439470320812499,0.2188963738849961,0.475,31.197749999999992,0.04311539748164272,31.15,31.27,0.120000000000001,0.010758472296933606,31.503049999999998,0.015008685872824029
229,643891,649372,879.69,54.90886904681247,881.4019968209739,1048.0,332.0,-280.38,54.70809446507892,285.66749902640305,440.0,304.0,-13772.07,79.90416196919908,13772.301795996194,14004.0,516.0,13803.2020382659,79.91026725117307,13803.433346816291,14035.323437669686,516.5086967243824,83.535,11.934771677749014,84.38326255840076,118.0,345.275,11.267181324537205,345.4587891485756,380.0,98.3175,11.544985653953841,98.99301743052386,137.0,368.97228360997246,11.01732397826599,369.1367327969407,404.2981573047297,1010.32,456.2341587386898,1108.5558668826754,2395.0,0.2035125,0.09188405652641812,0.22329356797722588,0.482,31.187699999999996,0.05034590350763451,31.11,31.27,0.16000000000000014,0.0,31.506499999999996,0.016074700307469783
230,646665,652142,879.99,53.706237067960735,881.6273362368025,1024.0,272.0,-277.81,51.99811438888914,282.63439281163215,396.0,304.0,-13767.39,80.76774046610441,13767.62691388752,13996.0,488.0,13798.484985910869,80.6963047006239,13798.720947971953,14027.033328541,491.6917369889052,84.195,11.689181964534557,85.00255878501541,114.0,345.8675,11.67304346560913,346.0644268051832,376.0,99.3825,11.28743521576093,100.02143520266044,137.0,369.95379116554585,11.158064448626215,370.12202042029327,399.5359808577946,988.085,439.56180199717085,1081.4465058429844,2395.0,0.199015,0.08853886025356324,0.2178212569975667,0.482,31.16455,0.038513601493499035,31.11,31.25,0.14000000000000057,0.018258170531313022,31.50335,0.012456540993946412
231,649446,654897,880.9,54.3749022987628,882.5765915771843,1044.0,292.0,-278.27,52.05619175467987,283.09722711464343,436.0,344.0,-13765.22,84.22512451756899,13765.477671334185,14004.0,496.0,13796.391121437375,83.98228577482342,13796.646730274715,14027.980039905959,492.6384483538641,84.13,11.416352307107555,84.90106006405338,116.0,346.1975,11.206627224548875,346.37883523679676,377.0,98.3325,11.102114381954458,98.95725087127269,129.0,369.94094257479577,11.078086787512483,370.1067751338794,396.5690356041429,940.5625,430.6836903038586,1034.4787370941947,2269.0,0.18942500000000004,0.08675773380511966,0.20834763017610736,0.457,31.199199999999998,0.04759579813386951,31.13,31.25,0.120000000000001,0.011007154650523258,31.50955,0.021446383574418394
232,652216,657632,880.78,53.42463476711844,882.3987760644277,1048.0,312.0,-277.6,51.91146308860886,282.41203940342206,436.0,304.0,-13771.73,83.13006134967061,13771.980896007663,14004.0,460.0,13802.860958133882,82.8934884258281,13803.109865533926,14032.767937937262,456.0107404324026,84.98,11.32495474604645,85.73129533606733,117.0,346.145,11.13233915221774,346.3239668287484,378.0,97.06,11.019818510302246,97.68357077830437,134.0,369.73286380844996,11.394490774150222,369.9084008237715,402.13181918371,967.485,444.6128256978199,1064.7571507155985,2681.0,0.19486499999999998,0.08953441670664974,0.21444994754021274,0.54,31.215999999999998,0.03738983819167975,31.13,31.25,0.120000000000001,-0.003692762186115135,31.51825,0.019439192511876258
233,654975,660392,883.93,55.14086597071178,885.648214586356,1072.0,336.0,-277.94,51.729260578515905,282.71285786111673,424.0,280.0,-13772.38,80.2845912987044,13772.614003158587,14008.0,468.0,13803.723536649259,80.07698642743054,13803.95580259514,14036.113992127594,467.532636657892,85.23,10.711307109778899,85.90043655302341,117.0,346.6325,11.54523467712978,346.8247143731254,378.0,96.565,11.21386530149172,97.21393932970723,134.0,370.1038881621792,11.829178637470552,370.2928807039098,402.13181918371,1070.1275,516.1270107674563,1188.090887727029,4210.0,0.21554750000000003,0.10393876920451772,0.23929896050756258,0.848,31.213500000000003,0.029116146723080716,31.19,31.25,0.05999999999999872,-0.003692080487354546,31.511349999999997,0.01766231563198132
234,657706,663252,884.45,56.13339024145967,886.229518804243,1072.0,336.0,-274.64,53.62229387111297,279.82580295605334,464.0,360.0,-13770.92,81.77599647818424,13771.162803481775,14008.0,484.0,13802.244579316173,81.69928235512009,13802.486377461128,14036.113992127594,479.36334899780195,84.7625,11.27945449700472,85.50969243308036,114.0,346.1075,11.73098221591014,346.30624813884026,373.0,96.19,11.35446608167905,96.85783396297896,130.0,369.42696096553334,12.045144738452722,369.62327442951965,398.7141833444103,1072.875,530.0661179277544,1196.6749161739792,4210.0,0.2161025,0.10676496145154553,0.24103744003784974,0.848,31.19375,0.04369138931185458,31.13,31.25,0.120000000000001,0.010818608005769692,31.511799999999997,0.017364152281674407
235,660466,666002,881.95,56.91394820252765,883.7844759894801,1044.0,312.0,-273.39,53.29716596593106,278.53667622056525,464.0,360.0,-13768.29,84.44475057693049,13768.54895913146,13972.0,448.0,13799.437498076779,84.39701814942997,13799.695580700321,13998.842237842386,445.63922158087917,84.53,11.078993636607976,85.25294716313331,113.0,345.2825,11.56471762517356,345.4761171195485,385.0,96.9525,11.000011079539876,97.57452280180519,130.0,368.7882015198271,11.741482860838126,368.9750669083211,400.74056445535933,998.12,458.0626546663677,1098.2098752060099,3025.0,0.20106000000000002,0.09225573911687013,0.22121538147244646,0.609,31.198649999999997,0.05346192570418739,31.13,31.27,0.14000000000000057,0.01083815028901711,31.523199999999996,0.017678839141285516
236,663325,668772,883.19,57.86625873512128,885.083657062992,1044.0,332.0,-276.19,53.84054141629707,281.3889123615215,408.0,276.0,-13769.74,88.33760467660417,13770.023355100018,14016.0,492.0,13801.026633441297,88.09008482232294,13801.307764121486,14037.540525319953,484.3375090584468,84.435,10.822004204397631,85.12570117185525,113.0,346.0675,11.710591093108835,346.2655808768755,385.0,98.035,11.676633718670805,98.72793424355642,129.0,369.80468651494795,11.744629903964245,369.9911384073948,400.8391198473522,998.1375,448.5772548778527,1094.3034416924768,2625.0,0.2010625,0.09032349414050589,0.22041883426785472,0.529,31.22895,0.03919052819240882,31.13,31.27,0.14000000000000057,-0.011015237745547773,31.523199999999996,0.017335261122794654
237,666076,671562,889.13,54.38274634477372,890.791580561918,1016.0,304.0,-280.17,52.192059740922275,284.9898945576843,408.0,276.0,-13774.72,87.91974522256079,13775.000579310334,14060.0,532.0,13806.434139179779,88.01250190267072,13806.714664973706,14092.749909084458,537.5531196608536,85.9025,11.420726498345015,86.65836658972981,124.0,346.535,11.762600690323548,346.73457427836644,389.0,97.57,12.113426435158633,98.31907241222325,129.0,370.49182407208536,11.704093119031015,370.6766481719613,412.420901507186,994.645,473.34309330019806,1101.5318243246538,2757.0,0.20033499999999996,0.09533586825009777,0.22186266022023626,0.555,31.226800000000004,0.03212102115437733,31.19,31.27,0.0799999999999983,-0.010936930368209757,31.522349999999996,0.01694684303113097
238,668846,674312,886.9,56.142586331589676,888.6751937575393,1032.0,320.0,-280.56,50.50075642997835,285.0688337928228,408.0,300.0,-13775.76,82.80303376084719,13776.00885307497,14060.0,496.0,13807.337383531276,82.8380186855516,13807.58587733569,14092.749909084458,492.064044026034,85.8025,11.623833005940854,86.58627200659467,124.0,346.11,11.67830895292636,346.306966432961,389.0,97.535,12.123274103970429,98.28555336365564,134.0,370.0712883136324,11.532088531067332,370.2509250494859,412.420901507186,972.985,483.44076139171386,1086.4689503156544,2757.0,0.19597749999999997,0.09737816487154602,0.21883712550661966,0.555,31.218400000000003,0.03351775648816537,31.19,31.27,0.0799999999999983,0.0,31.529899999999998,0.020858516108188768
239,671636,677184,882.15,58.31618557484706,884.0754492688958,1056.0,368.0,-278.03,54.37204336789266,283.2966642938106,416.0,308.0,-13772.86,81.47036516427308,13773.100958026846,14004.0,440.0,13804.113625891354,81.26132832217553,13804.352806270927,14038.704783561765,441.46741709647176,84.8225,11.225461850186832,85.56206811432271,120.0,346.7625,11.678017543658683,346.95908620469936,380.0,97.78,11.59769804745752,98.4654000144213,134.0,370.49867797292603,11.297770590434268,370.67089176249056,406.3114568899085,1017.9425,514.6882883782669,1140.6625125338344,3474.0,0.20503249999999998,0.10366861359037266,0.22975096844191975,0.7,31.19315,0.03910342056649305,31.13,31.27,0.14000000000000057,0.0,31.537749999999996,0.02620408623360709
240,674386,679972,884.11,56.88257993445797,885.9379888005706,1056.0,372.0,-277.26,53.75957961145158,282.4237950315093,416.0,288.0,-13770.3,81.13636669213133,13770.539030844071,13972.0,432.0,13801.66107257299,80.9083297530251,13801.898221621546,14004.670078227477,439.90277465754116,85.8075,10.859578433346295,86.49195049251693,113.0,347.18,11.834593360145503,347.3816489108197,376.0,97.4575,10.933123695906858,98.06884061719094,130.0,370.99403288972405,11.653006488384888,371.1769995568152,400.00624995117266,1013.44,479.5592730831091,1121.176939648689,3474.0,0.20412999999999998,0.09659817855425638,0.2258323825318238,0.7,31.1714,0.026982216365600116,31.13,31.21,0.08000000000000185,-0.007160759040458772,31.537699999999994,0.02506552815630182
241,677262,682712,883.37,56.34432624497342,885.1650919461296,1040.0,356.0,-280.57,52.62200205237349,285.4620815449926,432.0,284.0,-13766.51,79.90782126926,13766.741910851673,13976.0,464.0,13797.892718689414,79.65678588597976,13798.122650563735,14008.706435642087,470.74440289875383,85.9625,11.395222408974735,86.71448840880052,113.0,346.245,11.609693148399746,346.43958347740806,377.0,97.0575,11.54985687140754,97.7423014871248,130.0,370.07923568518885,11.60621879280357,370.26118484118746,403.4563173380732,1023.355,448.947000184877,1117.5011700217588,2478.0,0.20612000000000003,0.09044368745246957,0.2250900153272019,0.499,31.167799999999996,0.024963172875258836,31.13,31.19,0.060000000000002274,-0.0073394495412848985,31.5308,0.021459526513777
242,680046,685492,885.1,55.67252464187339,886.8491641761862,1040.0,328.0,-279.1,53.4661575204353,284.17501649511695,432.0,320.0,-13768.97,80.48191784494205,13769.205213083287,13984.0,472.0,13800.428944290383,80.18749024775016,13800.661907314447,14018.89296627947,480.9309335361377,85.4725,11.816904998771886,86.28549994060415,122.0,346.4275,11.166232298765774,346.6074112017803,378.0,97.155,11.665375047549906,97.8528231580469,129.0,370.18804734516993,10.85677681313449,370.3472154613829,403.4563173380732,1006.095,472.2461180094549,1111.4151092188733,2478.0,0.20264,0.09514344643747145,0.22386434508424963,0.499,31.146900000000002,0.024008123625140588,31.11,31.19,0.08000000000000185,-0.003672420124862206,31.525549999999996,0.019134073846280016
243,682786,688237,886.29,58.795203035621874,888.2380536770534,1044.0,332.0,-273.58,53.67963859788924,278.7965566501853,408.0,296.0,-13772.63,83.00965666716132,13772.880153402919,14012.0,452.0,13804.059560254635,82.8356019030272,13804.308098561116,14040.987429664625,450.3847940196556,84.67,12.399641123839029,85.5731266227897,127.0,346.6,11.408330289748802,346.78770162737896,382.0,98.4275,11.345913085776747,99.07927381647485,130.0,370.5008321875587,11.415158707894621,370.6766414275385,411.93931591922615,957.18,452.4463588095278,1058.7262441254586,2775.0,0.1927975,0.09115336797809503,0.21325996459720234,0.559,31.15875,0.04343313827021991,31.11,31.27,0.16000000000000014,0.0,31.531649999999996,0.020081974860199806
244,685566,691042,882.27,58.17703240970616,884.1860211516579,1044.0,320.0,-275.43,53.53760454110737,280.58503167489175,448.0,332.0,-13771.6,84.50562111481105,13771.85927026558,14024.0,512.0,13802.80768729133,84.38357453548474,13803.065624708157,14050.573796112385,511.19537611097076,84.6225,12.43241705180453,85.5308862341552,127.0,346.705,11.304113189454535,346.8892330413269,382.0,97.825,11.277605020570636,98.47291505789804,130.0,370.4233071013378,11.452556749825241,370.6003069345734,411.93931591922615,961.1025,450.32110986911323,1061.370395997552,2775.0,0.19358,0.0907061662733025,0.2137775128492237,0.559,31.175949999999993,0.043561422153093804,31.13,31.27,0.14000000000000057,0.003652300949598169,31.542599999999993,0.025668798531389907
245,688335,693817,878.86,56.4494499530332,880.6710168956396,1044.0,324.0,-276.45,53.92585187087915,281.6604338560885,448.0,332.0,-13774.67,83.94540547284288,13774.925787095914,14024.0,512.0,13805.670839696752,83.34954077111917,13805.922442198493,14050.573796112385,511.19537611097076,85.15,11.47224912560741,85.91935172008691,119.0,346.9775,11.339840993153299,347.16275361852973,376.0,97.83,11.68614992202308,98.52550431233529,137.0,370.79825734981443,10.95626972745521,370.9600888235822,401.1146968137667,970.815,459.7803505751415,1074.1879421218616,2463.0,0.195545,0.09260622535769396,0.21636487700179066,0.496,31.1516,0.03434297599218831,31.11,31.25,0.14000000000000057,0.007296607077709357,31.536799999999992,0.027195753759666055
246,691115,696712,880.58,56.227249621513586,882.3732996867029,1044.0,324.0,-276.09,55.358756308284235,281.585297911663,404.0,284.0,-13770.22,86.4654358689066,13770.491462544102,14012.0,476.0,13801.338698566176,85.7797613640706,13801.605270402424,14045.832976367048,475.78537143949507,84.785,11.171113418097589,85.51777592991998,115.0,346.965,11.35974361506456,347.1509109882905,378.0,99.2625,11.891955001176216,99.9723086659501,137.0,371.07807421729945,11.071148774197349,371.2431918567666,398.80571711047475,1037.845,486.42503633653564,1146.1812945603326,3027.0,0.2090625,0.09797093239196002,0.2308796926973007,0.61,31.145899999999997,0.024024778875153724,31.11,31.19,0.08000000000000185,0.0,31.535649999999997,0.024177238202859306
247,693891,699492,878.86,57.20332507818055,880.7196602778889,1044.0,328.0,-276.34,55.286566180221385,281.8162521928073,432.0,312.0,-13773.56,84.18150865837461,13773.81724867874,14028.0,480.0,13804.567144033843,83.99455852191217,13804.822676151984,14061.07535005769,478.1978934949602,85.26,11.745101106418794,86.06517878910147,127.0,346.3975,11.589413002822878,346.5913191353759,378.0,98.8,11.16445251680529,99.4287936163363,128.0,370.52545667210524,11.389840118626806,370.70047545154296,398.05778474990285,1037.035,474.5184598885485,1140.4426158294857,3027.0,0.20889999999999997,0.09559892781825537,0.22973542391194265,0.61,31.156149999999997,0.024883277517241408,31.13,31.19,0.060000000000002274,-0.010712372790573518,31.541049999999995,0.023113482703970515
248,696810,702267,879.56,59.18958016407955,881.5493179624156,1044.0,340.0,-275.72,54.21366617376103,280.99935942987486,432.0,304.0,-13775.17,83.14704504671228,13775.420935855282,14028.0,544.0,13806.208096082495,83.24546634040856,13806.459060888857,14061.07535005769,540.0925455423312,84.8675,12.01519636751726,85.71381160583165,127.0,345.695,11.56165969919544,345.8882839877639,374.0,97.43,11.01317846945195,98.05047169697859,132.0,369.4239039568716,11.199852019741574,369.5936383381077,399.37576291006945,982.5075,432.63087608693627,1073.5410856134013,2381.0,0.19790499999999997,0.08719756863009427,0.2162632770490635,0.48,31.170599999999993,0.040368799833535376,31.13,31.27,0.14000000000000057,0.010995052226498494,31.536749999999998,0.02376656525584053
249,699566,705148,882.23,57.30084728867453,884.0888869338875,1076.0,372.0,-276.19,56.37378734837673,281.88458631149024,428.0,300.0,-13768.81,88.5502337659252,13769.094740032839,14016.0,532.0,13800.044540037268,88.38966561518498,13800.327606256309,14045.754945890236,524.7721413748768,84.405,11.451243382270766,85.17825426715436,116.0,345.8975,11.197410135830518,346.0786940856082,381.0,97.12,11.417556656307864,97.78882860531668,132.0,369.4115465742031,11.11583364644401,369.5787500655307,401.97139201689464,932.8725,442.6549177900885,1032.5669360869542,2304.0,0.18790500000000002,0.08918526209525877,0.20799591342139395,0.464,31.164149999999992,0.041530440642979415,31.11,31.27,0.16000000000000014,0.0035829451809386553,31.5375,0.02979882421861628
250,702341,707927,884.68,56.1321440887483,886.4589781822958,1076.0,344.0,-278.35,55.56651419695139,283.84213922530955,440.0,308.0,-13766.5,84.02565084544125,13766.756428440216,14060.0,548.0,13797.931588925805,83.9184563928834,13798.186780878132,14092.715848976733,546.9811697502137,85.3125,10.961060338762852,86.0137634335343,120.0,346.3975,12.02620030391977,346.60619945407785,381.0,98.215,10.91667417302541,98.8198360654378,132.0,370.3516304013576,11.8006296042297,370.539586279253,402.66859822936283,957.715,449.3584524352468,1057.8946261324897,2304.0,0.1929025,0.09052343891915508,0.21308652585276244,0.464,31.147799999999997,0.022828929015615736,31.11,31.19,0.08000000000000185,-0.014321518080916907,31.539399999999997,0.030429506851377096
251,705222,710713,885.83,54.830384824474834,887.5253010478068,1052.0,328.0,-281.76,52.61503967498267,286.6304938418102,440.0,296.0,-13768.47,77.20504581955768,13768.686457320466,14060.0,504.0,13800.023141300024,77.11199377374044,13800.238583444852,14092.715848976733,500.5033727093032,86.1575,11.156733112788887,86.87685249823453,122.0,346.2575,12.415965276610594,346.48003189217127,379.0,99.3375,10.752376190870557,99.91772865713071,132.0,370.7217843645254,12.037902540821744,370.9171774129637,402.66859822936283,1005.0325,442.6719908055512,1098.20253937969,2400.0,0.20244499999999999,0.0891755962974176,0.22121542667725505,0.483,31.1588,0.037637215624964096,31.11,31.25,0.14000000000000057,-0.0036423238025859723,31.526399999999995,0.02177672068769203
252,708001,713493,880.49,53.698043726005515,882.1259093802879,1012.0,300.0,-279.32,52.93408731620864,284.29154050024067,432.0,304.0,-13776.52,79.54903896339665,13776.74966601339,14024.0,472.0,13807.659372523369,79.63549690646964,13807.889018963037,14055.108679764806,475.67835298010687,86.6475,11.645524623218998,87.42658348580254,122.0,346.75,12.000520822031017,346.9575982739101,388.0,98.3775,10.960611011709155,98.9861985329268,132.0,371.04901013190846,11.995085665841978,371.2428450488979,412.9915253367798,984.1825,453.73294920443016,1083.7383367307812,2400.0,0.19823999999999997,0.09138264277202755,0.21828853611676452,0.483,31.155,0.03943348830626124,31.11,31.25,0.14000000000000057,0.0036416605972322603,31.526649999999997,0.016506321413825967
253,710786,716268,886.06,56.88652212958707,887.884226687241,1040.0,328.0,-275.83,54.50808288685266,281.1642224750511,428.0,308.0,-13776.43,82.7735169000327,13776.67866359668,14024.0,472.0,13807.874091675347,82.94449011694036,13808.123214977479,14055.108679764806,475.67835298010687,85.5025,11.50195608364073,86.27266368902724,114.0,346.555,11.468957014480436,346.7447259872888,388.0,97.5775,10.872625890280599,98.18137552509641,133.0,370.373852310727,11.733265722371383,370.5596578150406,412.9915253367798,981.4375,454.359033247662,1081.5089909473706,2288.0,0.19765749999999996,0.09148038146919807,0.21780070592172102,0.461,31.164300000000004,0.03270336374136551,31.11,31.21,0.10000000000000142,0.0036483035388543547,31.537499999999994,0.018455392267827414
254,713566,719033,891.71,54.848481291645626,893.3952540729103,1040.0,308.0,-278.29,57.254483667220335,284.11863719228273,448.0,328.0,-13768.49,81.86110126305411,13768.7333520553,13988.0,460.0,13800.37038842355,81.69297596813429,13800.612182073663,14021.351147446525,469.7448957876459,84.6475,11.105550132703918,85.37290260966884,114.0,346.425,11.261854864985608,346.60800625490464,379.0,97.855,11.395129442002842,98.51624231567098,133.0,370.14039834895493,11.27732282401249,370.3121554850718,402.8275065086792,985.29,478.46400690125057,1095.3192183103517,2736.0,0.198445,0.09633728237292144,0.22059304159469761,0.551,31.1804,0.025531157435573798,31.13,31.21,0.08000000000000185,0.014633254069874127,31.5366,0.02270967466319693
255,716341,721937,887.04,55.577319114905144,888.7793876997823,1032.0,316.0,-278.32,53.87891609897141,283.48714256558446,448.0,324.0,-13765.71,83.05465610066663,13765.960550575466,14028.0,500.0,13797.286415921508,82.77195797997194,13797.534694285063,14057.53833357747,505.9320819185905,85.55,10.975313207375907,86.25114491993715,114.0,346.37,11.444566396329744,346.5590209473705,379.0,97.1725,10.936989702381547,97.78605473174588,127.0,370.1009613422533,11.393239817538646,370.2762853599998,406.3668293549561,964.725,456.12468621529354,1067.119512988119,2736.0,0.194325,0.09188010870150295,0.2149515294200067,0.551,31.173199999999998,0.026939933184773484,31.13,31.21,0.08000000000000185,0.007147962830593763,31.53035,0.019282298035862937
256,719106,724687,884.9,57.19431789959559,886.7464124539777,1044.0,328.0,-276.09,46.79179308383041,280.02707012001537,428.0,304.0,-13761.31,84.08616949296716,13761.56689479799,14028.0,520.0,13792.693946235124,83.97300452510137,13792.949567079551,14057.53833357747,515.1485887798408,84.9425,11.593282268193075,85.72999766709434,125.0,346.4675,11.540101548513341,346.65963494471055,380.0,97.6775,10.98355560599572,98.29309487446206,126.0,370.20524405357503,11.495424099743575,370.3836760711789,406.3668293549561,943.325,415.22685892774325,1030.6674536435114,2674.0,0.19002,0.08366196626902812,0.20762207252602022,0.539,31.17165,0.030467646774899798,31.13,31.21,0.08000000000000185,-0.003583587170757852,31.530049999999996,0.017994638577749925
257,722011,727482,885.26,56.21825682107193,887.043268392247,1044.0,348.0,-275.95,47.02294652613764,279.9277763995563,404.0,280.0,-13758.76,85.46755173748689,13759.025453861186,14036.0,528.0,13790.16722321626,85.29194412092629,13790.430985288313,14066.941103168094,524.5513583704651,84.1625,12.209876893318786,85.04356236658951,125.0,346.385,11.888724700320047,346.58896404819353,380.0,97.5025,11.942361313827345,98.23114322861157,126.0,369.95869552576596,11.67212940613572,370.14277650657993,405.0,919.55,413.5039328712606,1008.2448636120097,2204.0,0.18522,0.08328821405216946,0.20308464983843558,0.444,31.17795,0.025530325105647372,31.13,31.21,0.08000000000000185,0.0,31.547349999999998,0.025250176802775092
258,724761,730267,883.05,58.36657862167355,884.976813255579,1064.0,368.0,-276.21,53.31562528940273,281.30858500941633,436.0,312.0,-13769.4,83.91781694014686,13769.655716828944,14036.0,496.0,13800.678195970646,83.77571999347886,13800.932469945645,14066.941103168094,491.4867829620853,86.055,12.150595664410861,86.90857264965292,122.0,346.19,11.837816521639452,346.3923353655505,377.0,97.9775,11.532649034371937,98.65390260907067,137.0,370.3139733780902,11.870283102397526,370.5041733908,399.92374273103616,937.4325,437.05922990339656,1034.311588690758,2204.0,0.18883000000000003,0.08804908347052796,0.20834925005864552,0.444,31.1653,0.027238024891685086,31.11,31.19,0.08000000000000185,-0.010897203051217268,31.551649999999995,0.02189694477492625
259,727556,733153,883.4,57.78892627484958,885.2881564778781,1064.0,316.0,-277.71,55.05266478563958,283.114181912528,436.0,300.0,-13768.09,78.77938753252656,13768.315381338416,13984.0,444.0,13799.425510921339,79.07444930769586,13799.652068077658,14017.169471758554,449.31216118810516,87.015,11.501294492360413,87.77180640729688,121.0,345.9675,11.530674037106417,346.15959830690815,383.0,98.52,11.428455713699904,99.1806432727677,137.0,370.4512380094691,11.534199462972332,370.63075627907625,399.9299938739279,996.5275,468.44679980094855,1101.1400739687936,2186.0,0.2007575,0.09438052603026749,0.22183610504153736,0.44,31.15855,0.030296823265815426,31.11,31.21,0.10000000000000142,0.0,31.538699999999995,0.019215438655069816
260,730341,735942,886.23,56.84951275077035,888.0515075151891,1044.0,316.0,-277.98,53.832328576794815,283.1444860844018,420.0,284.0,-13762.02,79.40327197288535,13762.24906619554,13984.0,440.0,13793.548243470132,79.57697570268512,13793.777787103865,14017.169471758554,449.31216118810516,87.7075,11.979438373730215,88.52181934415944,124.0,345.74,11.465705386063258,345.9300651865923,385.0,97.5375,11.66698734678323,98.23279747619937,133.0,370.1650253043587,11.456833830663289,370.34228087000815,417.25172258482047,1012.515,452.9505986032031,1109.2118237739805,2186.0,0.20396,0.09123805894471891,0.22343693741187914,0.44,31.167650000000002,0.02965598590504217,31.11,31.21,0.10000000000000142,-0.003570790930190961,31.534499999999998,0.01601221338365181
261,733251,738732,889.13,56.42661694626039,890.9186943823775,1064.0,336.0,-275.2,52.21953657396818,280.1105496049729,420.0,268.0,-13761.21,80.96626396222071,13761.448186873356,13956.0,440.0,13792.864273561318,80.92818492877247,13793.101690337819,13991.921669306186,442.88421271909465,87.595,11.954956085239292,88.40704157475241,124.0,345.33,11.288759896463384,345.5144642413686,385.0,98.3025,10.842093605480448,98.8985970577945,133.0,369.926355053805,11.46622590943645,370.10401578475205,417.25172258482047,1086.485,505.11622402670855,1198.1619485695578,2696.0,0.21883249999999996,0.10172654247417436,0.24132126408586543,0.543,31.160100000000003,0.02657047233302511,31.11,31.19,0.08000000000000185,0.007297938332421584,31.5479,0.019914352955445688
262,736016,741487,889.01,55.572474301582076,890.7452385502827,1064.0,348.0,-280.29,51.45207381631959,284.9733320856532,436.0,316.0,-13765.34,82.8215213576761,13765.58915266615,13992.0,476.0,13797.072815640398,82.84515626595837,13797.321537168002,14023.17966796404,474.14221137694767,85.5425,11.487523394970736,86.31038465908955,115.0,345.3325,11.481591516423148,345.52331686877517,376.0,97.915,10.696390746415354,98.49751265894992,127.0,369.3369044446166,11.307343422226756,369.5099525046653,399.48591965174444,1157.42,542.3177883861085,1278.1743386565074,2832.0,0.2331175,0.1092021231192416,0.2574274120990226,0.57,31.1541,0.034859575442050914,31.07,31.19,0.120000000000001,0.007311277645768442,31.5491,0.026247138524070828
263,738807,744278,885.72,54.643586997926846,887.4039891729133,1036.0,320.0,-281.68,51.90431195960505,286.4222058430526,440.0,320.0,-13768.28,85.56869521033963,13768.54589853264,14032.0,476.0,13799.821858525938,85.41869203955825,13800.086220020512,14062.853195564547,474.81492655750117,85.6025,11.578190435037765,86.38195702807387,120.0,346.44,11.493754825991374,346.63061030439883,376.0,97.4475,11.157161097250501,98.08413480272944,134.0,370.2824194089082,11.227193624653182,370.4525880595248,399.48591965174444,1143.5825,519.0106050879403,1255.8474996989085,2832.0,0.2303225,0.1045351782595218,0.25293488786642304,0.57,31.1658,0.038863350344509,31.07,31.21,0.14000000000000057,-0.010966916468653313,31.535499999999992,0.02423258230384839
264,741585,747155,885.24,51.86812508660786,886.7582308611519,1072.0,316.0,-279.42,51.75696668082472,284.1730458717012,440.0,308.0,-13763.28,84.6893240024975,13763.540556121452,14032.0,532.0,13794.744999968956,84.57840050204061,13795.004281260663,14062.853195564547,527.9306616155627,86.2275,11.443589635686873,86.9835472948764,125.0,346.485,11.87391152906236,346.68839755607627,385.0,98.4675,11.558933504004598,99.1436205713711,134.0,370.7488262585188,11.564939599092593,370.92915765682267,402.3406516870996,1055.9425,487.54008983236446,1163.06057559355,2773.0,0.21268499999999999,0.09820827752791514,0.2342643272032684,0.559,31.1591,0.028656412894848705,31.13,31.21,0.08000000000000185,-0.010771992818671862,31.526399999999995,0.016605099316422622
265,744351,749937,885.98,52.85375672551574,887.5551137816739,1072.0,328.0,-281.67,53.5803238138778,286.72083984252,508.0,376.0,-13766.26,84.49859407114417,13766.519327702264,14016.0,516.0,13797.820410101609,84.67142719629874,13798.080204144342,14046.283494220099,511.3609602711149,86.19,11.924298721518175,87.0109475870709,130.0,347.3225,12.045268521290838,347.5313043453784,385.0,98.9725,11.356792846133983,99.6219478829841,128.0,371.65861904170225,11.97146156552401,371.8513748798033,406.56979720584263,1030.625,479.2177577834527,1136.590317572695,3268.0,0.2076025,0.096518829736741,0.2289425309985019,0.658,31.14785,0.02010913971307645,31.13,31.19,0.060000000000002274,0.010741138560687839,31.536899999999992,0.025730237324632796
266,747232,752708,885.33,54.91257688362476,887.0313410472033,1068.0,348.0,-277.77,54.06761600070785,282.9831797121518,508.0,404.0,-13762.46,80.47526576532694,13762.695285444635,14016.0,460.0,13793.91881287138,80.55671240211684,13794.154037127468,14046.283494220099,467.2490661026113,87.03,12.071623751591995,87.86321756002337,130.0,346.7075,11.716737760571412,346.9054229901862,376.0,98.2225,11.054998586612303,98.84266538292054,129.0,371.0692439232467,11.866179428529449,371.2589258186259,406.56979720584263,1091.7675,475.9778287312866,1191.0126647101617,3268.0,0.2199025,0.09588027948306159,0.23989609730047715,0.658,31.157049999999998,0.021243763790817372,31.13,31.19,0.060000000000002274,0.003652300949598169,31.557199999999995,0.021384650058987265
267,750035,755503,884.52,55.724048668416046,886.273546936836,1060.0,340.0,-277.59,53.289322570286075,282.65873416542433,456.0,352.0,-13761.95,77.9538164556425,13762.17078080344,14016.0,500.0,13793.356823648815,77.64596255262425,13793.575365364848,14048.60249277486,496.35574177449416,87.1775,11.324354010273609,87.90993971104747,116.0,345.24,11.690269457972303,345.4378670615021,375.0,97.765,10.880706548749489,98.36861796325086,129.0,369.5897204209429,11.631898347613806,369.7727173548638,399.9137406991663,1084.6,477.6217174710547,1185.1074487150943,2613.0,0.218455,0.09622644114275453,0.23870926877689522,0.526,31.156649999999996,0.02329758571182944,31.13,31.21,0.08000000000000185,-0.007315288953914173,31.549149999999994,0.02248424678265734
268,752781,758373,885.88,57.46777879821004,887.742034602395,1060.0,380.0,-281.59,53.56558503367624,286.63949483628386,456.0,368.0,-13771.49,84.70383639481744,13771.750490043014,14016.0,500.0,13803.051840701872,84.3775023134829,13803.309736436404,14048.60249277486,496.35574177449416,86.77,11.933025601246317,87.58669990358125,124.0,345.3525,11.451124126041076,345.5422948062943,373.0,98.13,10.93403402226278,98.737277661479,130.0,369.71814389567635,11.333647883004351,369.8918186443166,398.9949874371857,1055.9825,477.23752177898797,1158.816073628598,2613.0,0.2126975,0.09614752203645188,0.2334193061852425,0.526,31.151799999999994,0.028718635065059048,31.13,31.21,0.08000000000000185,0.0,31.541499999999996,0.023218478510894706
269,755576,761157,887.71,55.863726155708584,889.466019587033,1028.0,348.0,-279.53,57.61648288467459,285.4061667168388,464.0,376.0,-13768.71,86.76367846051711,13768.983368426298,14000.0,452.0,13800.362389051521,86.64531638944025,13800.634386867872,14030.920140888837,447.59330244458215,87.8375,12.448939462861887,88.71528898673554,126.0,345.8025,10.915745221925986,345.9747425752348,375.0,98.0725,11.559292528091845,98.75136707914479,130.0,370.41367044317116,10.699077007749992,370.56815499985964,398.9949874371857,1001.6025,448.7463977501658,1097.534007445783,2340.0,0.201745,0.09039634934553498,0.22107135725823915,0.471,31.1495,0.02073041244162835,31.13,31.21,0.08000000000000185,-0.003583587170757852,31.547749999999997,0.025050075162843997
270,758471,763962,886.06,54.91954479053883,887.7603730737253,1028.0,320.0,-279.38,55.22477342642521,284.7858142534491,464.0,356.0,-13764.51,86.05777071246966,13764.779020383872,13992.0,512.0,13796.049416701793,85.92678233293528,13796.31700563596,14024.997682709256,511.77985718746095,87.9925,11.577885979314186,88.75092957259659,126.0,345.82,11.398578858787618,346.0078033802128,375.0,98.135,11.628274807554213,98.82153105472511,127.0,370.469119292335,10.791392438495395,370.62625716481557,400.48595480990343,1029.7325,459.6894777387775,1127.6805564963865,2551.0,0.20740750000000002,0.09260168164644744,0.22714079884512162,0.514,31.14215,0.02225707752603671,31.11,31.19,0.08000000000000185,-0.007284647605171945,31.542299999999997,0.023751216826761855
271,761231,766727,885.48,54.39236711157182,887.1490066499539,1076.0,332.0,-277.35,49.18676143028732,281.6777591504164,416.0,276.0,-13768.31,81.92596596928229,13768.553741043394,13992.0,512.0,13799.737892974434,81.74304377456588,13799.979994188398,14024.997682709256,511.77985718746095,87.5775,11.788299018518321,88.36731579039844,126.0,346.7375,12.015140188528806,346.94561173186787,379.0,98.51,11.510860089498092,99.18023996744512,130.0,371.32283772266294,11.666627001361308,371.5060699369527,407.83575125287877,1056.6575,459.92915236343737,1152.4148113852061,2551.0,0.21283250000000004,0.09265818605903096,0.23212757806861295,0.514,31.15145,0.04170008992796111,31.11,31.25,0.14000000000000057,0.010917030567686002,31.539649999999998,0.024441172789337877
272,764036,769537,885.68,53.153904842447844,887.2735767507111,1076.0,324.0,-275.53,49.98138753576175,280.0266415896887,432.0,300.0,-13766.44,77.40934310533838,13766.65763647807,13976.0,420.0,13797.845017852522,77.4897626937256,13798.062610381214,14005.061942026532,420.0990786249549,88.8475,11.423188860821659,89.57883399553714,122.0,346.74,11.468539575726284,346.9296110164135,380.0,98.9,11.062549434917793,99.51678250425906,130.0,371.69556376301375,11.42455158399598,371.87109661816953,408.24135018393224,1011.5,459.6264135142801,1111.0304631287117,2498.0,0.203735,0.09259916184825864,0.22379132020701786,0.503,31.183999999999997,0.03906404996924971,31.11,31.25,0.14000000000000057,0.014542810398109769,31.546999999999997,0.02654735212336392
273,766802,772432,886.24,52.136958100756125,887.7722680958219,1048.0,296.0,-281.33,48.89612561338577,285.5475442023622,432.0,300.0,-13760.45,79.59546155403585,13760.680202664402,14032.0,476.0,13792.013522164913,79.74737876681039,13792.244075566528,14063.777586409706,478.81472300812857,88.57,10.191913461171067,89.15447268645585,122.0,345.7625,11.475020424818425,345.95286167337883,380.0,99.2975,11.22069488712709,99.9294626223918,124.0,370.79291385599134,11.419940200515416,370.9687318359864,408.24135018393224,1013.435,452.152182096913,1109.7261351342502,2498.0,0.20413500000000004,0.09109474065499062,0.22353825176018532,0.503,31.172699999999995,0.03561895562758762,31.13,31.25,0.120000000000001,0.003552397868561203,31.547949999999997,0.024826162527959
274,769611,775202,887.88,55.90622147847232,889.6383534897763,1064.0,348.0,-284.53,52.10526940722982,289.26161169432766,440.0,292.0,-13758.07,80.37011322624848,13758.304745861678,14032.0,512.0,13789.836273872826,80.58349571187507,13790.071724251473,14063.777586409706,508.02603955698214,87.8725,10.582827776638908,88.50747143603189,115.0,346.275,11.357128818499858,346.46119551834374,375.0,98.54,11.563451041968397,99.2161529187662,127.0,370.921594414469,11.399486700205795,371.0967225670418,398.3428171813821,1006.8475,431.83030144230264,1095.5452055940002,2429.0,0.20283250000000003,0.08697493572144792,0.22069359415261694,0.489,31.143749999999997,0.02778376324402502,31.11,31.21,0.10000000000000142,-0.010731532820604949,31.555249999999997,0.02434994454816523
275,772506,777963,887.84,57.914889277283436,889.7269243987168,1064.0,348.0,-278.39,55.2225307279556,283.8142350200215,440.0,364.0,-13767.03,82.51144829658489,13767.277260228328,13988.0,468.0,13798.66982294531,82.45481998262265,13798.916177729323,14016.361296713209,460.60974986048495,88.3225,11.137481481466086,89.0219495405487,114.0,346.565,11.650784308363106,346.7607820962457,383.0,97.3675,10.985328568140329,97.9852412356065,129.0,370.994112920614,11.507527025678359,371.1725407408258,410.54841371024685,988.0925,443.530065433844,1083.0723463831953,2429.0,0.1990475,0.08931273841815623,0.21816661637381646,0.489,31.170999999999996,0.0498898787330662,31.11,31.27,0.16000000000000014,0.010995052226497841,31.55665,0.021492611075135754
276,775276,780748,887.03,58.0604779518736,888.9281410777813,1040.0,316.0,-275.85,52.61955435007028,280.8238593852025,428.0,352.0,-13771.12,80.58204266460363,13771.355761870362,13988.0,464.0,13802.63865174542,80.38065279279563,13802.8727009996,14016.361296713209,456.24684291894846,87.6525,11.703706410791412,88.43041049322343,117.0,346.2,11.643667807009955,346.3957491078665,383.0,97.89,11.205931465076876,98.5293103599127,129.0,370.6535545459728,11.572381018423545,370.8341644185444,410.54841371024685,979.65,466.74845205956495,1085.1581635872255,2525.0,0.19733499999999998,0.093997062587083,0.21857847561001975,0.509,31.217599999999994,0.04837602712087864,31.13,31.29,0.16000000000000014,0.02558479532163753,31.5573,0.02538347497891069
277,778036,783626,886.82,56.16375699683916,888.5966914185535,1056.0,332.0,-276.73,53.904982144510534,281.931268219756,428.0,292.0,-13765.21,86.59847515978558,13765.482397649565,13984.0,504.0,13796.74222158901,86.59694580753518,13797.013987091555,14015.728878656293,501.65798939424167,87.475,11.805480718717048,88.26802931979392,117.0,345.3325,11.600083782025024,345.5272746108475,381.0,98.2725,11.519038317064494,98.9453005453013,137.0,369.9139805352016,11.58283232212723,370.0952782730415,402.57297475116235,996.9875,462.02042957400704,1098.8389110784165,2525.0,0.200825,0.09303977308119361,0.2213302509825532,0.509,31.233349999999994,0.041878126748936324,31.15,31.29,0.14000000000000057,-0.003577817531305827,31.563399999999998,0.027097521828075465
278,780822,786422,886.54,54.28027634417496,888.2001576221433,1056.0,320.0,-278.28,53.01623902164317,283.28515668845057,428.0,300.0,-13765.13,89.0480943086375,13765.418027797048,13984.0,504.0,13796.666272839742,88.78758858259646,13796.951963386695,14015.728878656293,501.65798939424167,87.395,11.355570219059896,88.12964881355195,117.0,345.43,12.032460263803076,345.639501504096,381.0,98.0075,11.349336709693654,98.66244219559944,137.0,369.901040891374,11.874234605988335,370.0915798826015,402.57297475116235,1017.1125,450.8213114347524,1112.5455912006482,2582.0,0.20486249999999998,0.0907947332930165,0.2240810734979641,0.52,31.240949999999998,0.039205835024904,31.15,31.29,0.14000000000000057,-0.014285714285713982,31.569799999999997,0.02085779516266282
279,783704,789207,884.24,53.624830069660824,885.8645494656619,1048.0,312.0,-281.8,50.853121831407755,286.3516719001305,440.0,312.0,-13764.78,82.71270519091972,13765.02850850662,13964.0,428.0,13796.22995717315,82.47477673895251,13796.476474810515,13995.508422347506,428.4772069341652,87.1125,11.608180036078007,87.88252101527357,116.0,346.155,11.756954324994208,346.35460152854904,379.0,97.7325,11.037932041374418,98.35383825758912,130.0,370.4335665076108,11.717414580505771,370.6188405896279,401.8780909678954,993.0425,461.5538870963498,1095.0641065709349,2582.0,0.20001750000000001,0.09294924525648393,0.2205596574625559,0.52,31.2327,0.038970629966680485,31.19,31.29,0.09999999999999787,-0.00726876249318538,31.575199999999995,0.008783671339793542
280,786496,792007,887.7,52.823384972945455,889.2702626311082,1048.0,332.0,-280.49,52.088001497465804,285.2854710636348,440.0,324.0,-13768.59,82.01177903203906,13768.834246950611,13984.0,448.0,13800.22705879943,81.96978455572938,13800.470496327289,14009.576724512415,442.5455090990745,86.885,11.527001995315173,87.64630625417138,116.0,346.915,11.092014019104015,347.0922787962878,379.0,97.265,11.274740573512101,97.91629077942036,127.0,370.9627284045954,11.36569991766513,371.1368009238642,401.8780909678954,971.0125,461.91505425104947,1075.2817270371518,2399.0,0.19558999999999999,0.09300337036903554,0.21657579504644556,0.483,31.21575,0.030982858163829226,31.19,31.29,0.09999999999999787,0.0036291054255125337,31.573400000000003,0.007522064452933302
281,789281,794772,892.07,55.51680015995158,893.7958379853869,1040.0,324.0,-279.39,51.347326123178014,284.06921691728587,424.0,308.0,-13772.58,86.41240420217459,13772.851083199876,14232.0,684.0,13804.47593779818,86.24014581995667,13804.745317462399,14257.740073377689,674.9550864907942,86.7575,11.467069972316379,87.51204202851171,122.0,346.6725,11.221864539816902,346.85407954931134,375.0,97.345,12.060927617724932,98.08932153909517,127.0,370.74806360652843,11.554147827059117,370.9280590626705,400.64448080561397,991.9875,486.2797315781833,1104.7656663292898,2862.0,0.199815,0.09793028527988673,0.22252275164575866,0.576,31.22205,0.035011391003499814,31.19,31.29,0.09999999999999787,0.01456929521034389,31.57355,0.007651395928137578
282,792081,797537,889.07,54.54259894797826,890.7414664199708,1044.0,300.0,-278.78,51.7898793201915,283.5497839886322,424.0,288.0,-13775.71,87.04456272507778,13775.985001443634,14232.0,704.0,13807.390446623636,86.90600949506329,13807.66394434627,14257.740073377689,699.7496618159512,86.675,11.695698995784733,87.46053395675104,122.0,345.82,11.60291342723887,346.0145950678959,380.0,97.1075,12.373800699461746,97.89268358769209,128.0,369.891247870619,11.785043432941139,370.07894090315375,400.64448080561397,1005.8525,464.2760986134759,1107.831913017494,2862.0,0.20261000000000004,0.09350402611652613,0.22314527779005316,0.576,31.230999999999998,0.04283689998120688,31.19,31.29,0.09999999999999787,0.0,31.578899999999994,0.009951763360578778
283,794846,800317,883.84,55.431889738669376,885.5765579553243,1044.0,308.0,-278.22,50.97088973129663,282.8504905422651,440.0,304.0,-13776.7,81.18959292914333,13776.939233371104,14064.0,552.0,13808.030501763551,81.23141244254806,13808.269438275021,14098.252941410861,557.6024400501537,86.6575,11.873718615075903,87.46717955896371,121.0,346.2575,11.562923235497154,346.4505123390641,380.0,96.8025,11.660981680373228,97.50232048520691,131.0,370.2040973314288,11.579888558271962,370.38516101485493,403.8638384406309,1027.96,452.318818312924,1123.0734949236403,2649.0,0.20708,0.09110808745660288,0.2262361818984753,0.534,31.228399999999997,0.04124851512478876,31.19,31.29,0.09999999999999787,-0.018278194114421106,31.584849999999992,0.012117945846091892
284,797611,803183,886.85,57.81900639063248,888.7327832368962,1040.0,304.0,-276.94,50.4063130966747,281.4898932466315,440.0,296.0,-13773.94,76.63521644779246,13774.15318921639,14064.0,552.0,13805.45209788576,76.62227470963907,13805.66472865396,14098.252941410861,557.6024400501537,86.8625,11.603602619445393,87.63411150916063,120.0,346.645,11.981192553331244,346.85199293070235,379.0,98.13,11.068789455039788,98.75229111266229,131.0,370.94327624581194,11.795902170807054,371.1307822048718,403.8638384406309,1079.1675,470.5190638473111,1177.281055016176,2649.0,0.21737,0.09478965186137145,0.23713876739158446,0.534,31.217,0.04155718951035984,31.15,31.29,0.14000000000000057,0.0,31.582649999999994,0.012782251949960686
285,800391,805972,893.36,57.80579901705365,895.2282390541532,1040.0,308.0,-277.77,53.533793999678366,282.8816713751529,440.0,328.0,-13769.52,76.46443356227783,13769.732308218632,13948.0,432.0,13801.49090518129,76.36932760012776,13801.70219501928,13977.509935607271,435.60933044848207,86.27,11.841752404099656,87.07892971322052,117.0,347.5875,11.808147346218203,347.78801373825405,379.0,98.9575,10.624062017420643,99.52616490149714,127.0,371.90413015651103,11.489907420381646,372.0815770768556,402.19771257430097,1051.3175,451.2116041213369,1144.0543682447963,2541.0,0.21175249999999998,0.09089263580593315,0.23043565804796792,0.512,31.208799999999997,0.03845204805988886,31.15,31.29,0.14000000000000057,0.003583587170757852,31.58655,0.013399491255819353
286,803258,808743,890.82,60.73456676391131,892.8879884957574,1056.0,352.0,-279.59,52.10481647602264,284.40372712044405,440.0,328.0,-13762.3,79.56123427901304,13762.529973809322,13992.0,508.0,13794.167739548879,79.38572408773864,13794.396170909404,14014.932036938317,505.0594986794895,86.425,11.990386774412242,87.2527936515502,120.0,347.35,12.10671301386136,347.5609227171547,378.0,97.9575,10.951743867987418,98.567806610475,129.0,371.4678114147362,11.78654244238038,371.65475578821804,403.5988107019147,1010.09,459.17092884894186,1109.5583580866758,2944.0,0.2034775,0.09249564580968123,0.22351406555293116,0.593,31.207849999999997,0.03308137693627672,31.15,31.25,0.10000000000000142,0.0036463081130354734,31.5876,0.013367375089821198
287,806047,811503,889.09,58.49283631351791,891.0120313441339,1056.0,352.0,-277.44,50.042445983384944,281.9170090647246,436.0,300.0,-13761.98,80.28847738000765,13762.214202663756,13992.0,508.0,13793.676296323632,80.08515617468485,13793.908778877727,14014.932036938317,505.0594986794895,87.3325,11.585635232908034,88.09763050162019,120.0,346.63,12.230008176612147,346.84568614875406,378.0,97.3825,11.158682437904575,98.01973015673937,129.0,370.8388445864004,12.228709900212264,371.04041558838304,403.5988107019147,1019.51,475.1909088987288,1124.8142246611214,2944.0,0.20535250000000002,0.0957268679303256,0.22656849405864002,0.593,31.207349999999998,0.033376301472751904,31.15,31.25,0.10000000000000142,0.0,31.584749999999996,0.012563123823336875
288,808822,814267,888.72,54.88061224148287,890.4128929884158,1044.0,328.0,-275.4,51.372755425419804,280.150530965051,436.0,300.0,-13770.7,81.13883164058996,13770.939038424358,13984.0,488.0,13802.301120794877,81.02598906809045,13802.538949048469,14014.447973430848,486.66737201658725,87.855,11.526229869302451,88.60787211077806,130.0,346.8625,12.258001213493168,347.079029184997,381.0,97.56,11.146362635407122,98.19467908191359,126.0,371.22174067266286,12.32159697272435,371.42617368731567,407.4137945627271,993.55,486.09873225508414,1106.0893182740715,2806.0,0.2001225,0.09792855811125782,0.22279815416650112,0.565,31.206999999999997,0.03363034344160081,31.15,31.25,0.10000000000000142,0.0,31.596249999999994,0.01632801304583786
289,811600,817052,889.25,55.35121949876082,890.9709984056719,1052.0,336.0,-274.53,51.80462431096282,279.3750883668764,420.0,312.0,-13770.13,79.97889159021898,13770.362262482422,13992.0,424.0,13801.752193975144,79.9560885881675,13801.98379219451,14020.741777809048,423.3808573951155,87.2375,11.709444638837489,88.01984151314976,130.0,347.495,12.449496977789906,347.7179388527431,381.0,97.6925,11.485771360687972,98.36537754718374,130.0,371.7243080188714,12.33060533352905,371.9287633405085,407.4137945627271,972.485,502.74228962262566,1094.7496905685794,2639.0,0.195895,0.10128775333178242,0.22053131296938308,0.532,31.218649999999997,0.035216153963770536,31.15,31.27,0.120000000000001,0.0,31.60285,0.012660102507038203
290,814341,819923,888.42,55.625745837696414,890.1597160060659,1052.0,296.0,-272.58,51.37765662231005,277.3797397071387,432.0,324.0,-13763.29,79.31365519253289,13763.518528341508,13992.0,452.0,13794.834560017369,79.40769326957471,13795.063106778454,14020.741777809048,454.46004698832803,87.0225,12.084369811868553,87.85754093986469,121.0,346.7675,12.560391862915742,346.99490270031345,381.0,98.575,11.263408675884934,99.2164048935457,135.0,371.23723714198377,12.29710369097072,371.4408499344142,404.0829122841004,986.3625,484.6961430563999,1099.0183494828464,2639.0,0.198685,0.09764425623148552,0.22138231636695826,0.532,31.21945,0.03337210661615441,31.15,31.27,0.120000000000001,-0.010748835542816602,31.59625,0.012662477872227648
291,817126,822698,885.46,57.422194315438695,887.3199648379383,1040.0,316.0,-276.05,51.31352160980573,280.7787028960708,432.0,312.0,-13764.97,80.38145992702547,13765.204694446065,13980.0,440.0,13796.397223354927,80.35754727770208,13796.631243894286,14006.257458721799,439.97572790107915,87.14,11.986050225157577,87.96047407784931,121.0,346.1575,12.546620810002986,346.384804083551,381.0,98.4075,11.04157795561848,99.02500946730578,135.0,370.6501798262011,11.994756971475297,370.8442125744987,405.04197313364944,1017.77,484.0708234339269,1127.022774836427,2917.0,0.205015,0.0975115366251604,0.22702345693782394,0.588,31.205649999999995,0.03441042719874339,31.15,31.27,0.120000000000001,0.010768126346015563,31.588199999999997,0.013311761999028884
292,820020,825488,890.98,55.23042277585787,892.690181417943,1032.0,316.0,-282.15,52.538533477819875,286.99986062714385,420.0,280.0,-13770.83,80.39770581303921,13771.064689413088,14012.0,464.0,13802.719215988513,80.18481515518941,13802.952124817359,14042.517153274195,461.93218796434303,85.825,11.200418518966154,86.5527584771277,118.0,346.62,12.043280284042217,346.82915823211863,374.0,98.33,11.361386359067277,98.98419065689228,133.0,370.7297112437045,11.798143970959597,370.9173964644958,405.04197313364944,1031.1825,477.7794880420778,1136.490469603683,2917.0,0.2077025,0.0962596176688335,0.22892409768305302,0.588,31.2137,0.040869426225480926,31.15,31.27,0.120000000000001,0.018288222384784458,31.590249999999997,0.017019449290013058
293,822771,828217,892.69,53.228224655721895,894.2755056468895,1036.0,320.0,-280.04,52.14746781963626,284.8539274786289,424.0,284.0,-13766.4,80.06397442045953,13766.632819974533,14012.0,452.0,13798.358009290263,79.78651173747738,13798.58868290522,14042.517153274195,453.38443628301866,86.2975,11.7487869054639,87.09358472356044,129.0,346.25,11.818100524195925,346.45162721511355,378.0,99.1275,11.41429996758452,99.78250097086162,133.0,370.7183065585837,11.768907440198582,370.9050687170506,402.36053484406244,1019.33,436.44551905134733,1108.8364802801177,2528.0,0.2053275,0.08793349898502846,0.2233644611391884,0.509,31.2153,0.03854750316168378,31.15,31.27,0.120000000000001,-0.011017260374586618,31.598549999999996,0.015508022016593789
294,825561,831022,888.89,54.74712686525203,890.5743539985867,1036.0,292.0,-276.85,50.96623882532435,281.5021847162114,476.0,336.0,-13760.15,80.9652857711254,13760.388199465886,13976.0,480.0,13791.81359829324,80.79127387083409,13792.050230476976,14011.456455343963,478.205552475134,87.49,12.005619517542607,88.3098805344,129.0,346.175,11.598248790226911,346.3692393963413,378.0,99.4325,10.87591116872513,100.02553424001293,132.0,371.0037320660568,11.472719514464561,371.1810777774104,402.36053484406244,1014.545,421.18235715067647,1098.4972166555544,2319.0,0.20437750000000002,0.08485399220867572,0.22129248179728114,0.467,31.19419999999999,0.030892717588455094,31.15,31.25,0.10000000000000142,-0.018311664530306065,31.597349999999995,0.009654559871676465
295,828315,833897,890.45,54.37018944237734,892.1083566473301,1036.0,288.0,-278.21,51.11981905288789,282.8675308337809,476.0,336.0,-13765.7,83.79397353032017,13765.95503116293,14040.0,544.0,13797.476639987379,83.8310742065359,13797.731309168184,14071.895963231109,538.6450603622798,88.1125,11.170266055470657,88.81772064177284,115.0,346.7575,11.771732826988556,346.9572560128985,379.0,99.395,10.990403768742985,100.0007749969969,133.0,371.66021473156275,11.694647736835478,371.8441609061516,403.78954914658203,1008.055,413.9975386098328,1089.7563236797482,2338.0,0.2030575,0.08340865778652717,0.2195207336449111,0.471,31.191699999999997,0.03609861493187866,31.15,31.25,0.10000000000000142,-0.0035829451809386553,31.595399999999994,0.02437879846375361
296,831097,836662,892.66,56.626181223882654,894.4542470132276,1072.0,332.0,-279.57,49.40703492418868,283.90216624745926,428.0,288.0,-13766.48,79.29394428328055,13766.70836184162,14040.0,516.0,13798.427317486558,79.44510079769127,13798.656020062244,14071.895963231109,519.5966749184427,88.8175,11.111444269310807,89.50984582714909,119.0,347.6175,11.945341926876768,347.8226811178362,385.0,98.16,11.230066785197673,98.8003036432581,133.0,372.30988596332975,11.810114900897462,372.49715435154667,410.7030557470933,1059.0875,454.7257303515494,1152.5805058649917,2346.0,0.21332250000000003,0.09159625261848871,0.23215590128187566,0.473,31.19945,0.03075219504360665,31.15,31.25,0.10000000000000142,0.0071877807726869174,31.6008,0.026097177177648444
297,833987,839477,889.03,58.0435965460446,890.9227800432539,1072.0,364.0,-276.82,47.734763013971275,280.9055357233104,452.0,300.0,-13761.24,78.37131107745996,13761.463163486651,13964.0,440.0,13792.911892650733,78.11044471786016,13793.133063956137,13994.167356438182,441.8680681255155,88.21,11.625656970683421,88.97280483383672,121.0,346.96,11.854678401373864,347.16246196845645,385.0,98.0175,10.906979130355023,98.62247461912523,130.0,371.51736237471664,11.797328262514945,371.7046239959896,410.7030557470933,1033.185,457.05901782483187,1129.7673167515513,2445.0,0.2080825,0.09205338502059551,0.22753494786515763,0.492,31.203699999999998,0.017038485848219834,31.19,31.25,0.05999999999999872,0.0,31.600499999999997,0.012890516418430547
298,836760,842278,886.84,56.33839188333299,888.6277060726837,1068.0,360.0,-278.06,50.517288129906575,282.61167704113006,452.0,312.0,-13763.13,84.24442474134416,13763.387828583485,14012.0,476.0,13794.684991726774,83.89910028192583,13794.940126002723,14041.774246867808,473.705261194129,87.785,11.59434237031148,88.54736020909941,121.0,346.16,11.144254124884267,346.33934226420195,382.0,99.4425,10.754845129056951,100.0223849945601,128.0,371.03746264610714,11.280683185811602,371.2089068166334,402.2200890060068,990.6625,444.7960528081943,1085.9354112929552,3000.0,0.19951500000000003,0.08958068862762777,0.21870284634636103,0.604,31.211399999999998,0.01897472002428454,31.19,31.25,0.05999999999999872,0.0036245016310256567,31.595549999999992,0.011939593155203126
299,839551,845177,889.51,54.76276015688033,891.1941427096567,1056.0,348.0,-280.68,56.36823218799753,286.2841944641723,468.0,352.0,-13765.66,86.30946877370988,13765.9305737026,14012.0,476.0,13797.448065640478,86.35436267992935,13797.718296877929,14041.774246867808,473.705261194129,88.5775,11.270270349463672,89.29161494787739,120.0,346.3675,11.486402559113102,346.5579064168065,383.0,99.0075,10.718322804898161,99.58598043901561,131.0,371.30228911737737,11.285060752851875,371.4737440250656,403.03597854285914,1009.8125,466.20985333189816,1112.2377949431498,3000.0,0.2033775,0.09390748103186454,0.22401121065696689,0.604,31.2206,0.023614402384984808,31.19,31.27,0.0799999999999983,0.01421969427657275,31.60125,0.01746998858766427
300,842352,847977,891.96,55.14416016225109,893.6629789803313,1032.0,324.0,-281.13,58.72344591387669,287.19770194066666,468.0,352.0,-13765.9,83.10950607481674,13766.150878150363,13980.0,460.0,13797.867390293406,82.95492678453266,13798.116757007096,14010.901469926908,459.56146238521796,89.0875,11.765196290330222,89.86101768842816,120.0,346.595,12.051596367286784,346.80446219735984,383.0,97.62,10.53686860504581,98.18701543483232,131.0,371.2767318625611,11.942188972541397,371.4687436380078,403.03597854285914,983.835,461.0898803649892,1086.5243600582548,2341.0,0.19815750000000001,0.09288828071263888,0.21884841214868342,0.472,31.243399999999998,0.037288604157301744,31.19,31.33,0.13999999999999702,0.0,31.607300000000006,0.013827073801958382
301,845275,850872,890.35,53.29650551396404,891.9437426205758,1032.0,272.0,-279.58,56.15535237179088,285.16381257095014,452.0,324.0,-13771.87,78.8280603592401,13772.095597983627,13980.0,460.0,13803.67167376415,78.40614083899679,13803.894349059616,14006.281447978974,454.94144043728375,89.5875,11.317567925574822,90.2995431882133,118.0,346.2225,11.610038490461605,346.4171076895597,378.0,98.0225,10.802175417479573,98.61590895996447,133.0,371.1365631917509,11.898275598399957,371.327237756672,404.6640582013678,975.0225,452.2513814171826,1074.8023946288918,2622.0,0.19638750000000002,0.09109685693672422,0.21648715319852121,0.528,31.241299999999995,0.03578141975942186,31.19,31.33,0.13999999999999702,-0.014293371448990224,31.60995000000001,0.008554557330909438
302,848051,853642,887.8,52.02806934722833,889.3232033406077,1016.0,252.0,-275.79,52.908939698315635,280.8193013309448,416.0,288.0,-13766.69,79.89095005067846,13766.92180990362,13940.0,408.0,13798.243732186356,79.75755249507749,13798.474240291933,13969.492474674948,404.56652574326836,90.065,10.747361304059709,90.70396904215383,115.0,347.4825,11.823692052400554,347.68360257567514,390.0,98.3675,11.3968172640435,99.02551438896947,133.0,372.5364749532917,11.563945234020755,372.71591058069953,411.942957216166,987.27,449.006834135072,1084.5778856310874,2622.0,0.1988725,0.09044247477678836,0.2184722236349509,0.528,31.2092,0.029754999579902606,31.15,31.25,0.10000000000000142,-0.010731532820604949,31.608300000000003,0.010167026165631088
303,850946,856432,885.37,54.38679159501873,887.0388717525292,1048.0,316.0,-272.97,51.25757602540331,277.7408144295685,404.0,296.0,-13764.48,77.74477217151002,13764.699557927153,13968.0,436.0,13795.82800732621,77.85520068512947,13796.047689102847,13998.63136167247,433.70541274079005,89.86,11.852231857333875,90.63826454649272,126.0,347.97,12.077007079570667,348.17951548016146,390.0,98.5725,11.876225989345269,99.2853589407824,131.0,373.05454851126416,11.495926889853418,373.231633841506,411.942957216166,996.27,430.62455468772333,1085.3531314738075,2230.0,0.20068249999999999,0.08675642162831522,0.21863243698042614,0.449,31.206850000000003,0.03582007118920921,31.15,31.25,0.10000000000000142,0.010936930368209757,31.604750000000003,0.008810878443569922
304,853716,859212,886.39,54.276402791636805,888.0502012836887,1048.0,340.0,-271.28,51.771436140018366,276.1758859857247,428.0,320.0,-13763.63,77.0795893865555,13763.845830290311,13972.0,428.0,13795.014576072022,77.0140633939444,13795.229549376842,14000.005142856198,429.22181984937924,88.5225,12.959340019846689,89.46606898707465,126.0,345.96,12.581271795808243,346.18869132309914,379.0,99.2025,11.924197824172492,99.91657770360231,133.0,371.052989592073,12.401165863940184,371.260164844008,407.21247525094316,971.9075,444.52997530397204,1068.7427602093967,2420.0,0.19578249999999997,0.089541136879928,0.21528679128084008,0.487,31.223499999999998,0.03364149223800857,31.15,31.27,0.120000000000001,0.018195050946142908,31.604300000000002,0.012160579725001354
305,856506,862008,887.53,55.6141987265842,889.2707349283456,1044.0,336.0,-271.76,51.869281853520974,276.6657188738786,428.0,308.0,-13762.94,79.28175326012916,13763.168350347241,13996.0,452.0,13794.416295009041,78.92071964373457,13794.642054073023,14027.913315956868,452.38651218236373,88.2,12.25316285699329,89.04706620658538,124.0,345.7175,12.307018068971866,345.93648622254346,391.0,98.58,11.708057054866106,99.2728311271518,133.0,370.54519321623405,12.36071536537337,370.7513014137644,418.36467346084567,984.905,488.6953969243009,1099.4821735708133,2477.0,0.19841999999999999,0.09841162837795135,0.22148441254408852,0.499,31.219149999999996,0.03318550135224709,31.15,31.27,0.120000000000001,-0.007270083605961314,31.609500000000004,0.016925311383059444
306,859287,864872,887.59,56.1728751267015,889.3657290451438,1044.0,312.0,-272.44,53.13121869485021,277.5724770217681,452.0,316.0,-13767.43,81.51438584691662,13767.671313624538,14040.0,488.0,13798.919461170062,81.32025665298904,13799.159078726501,14066.242142093246,485.4722081020227,88.6975,11.33362226960119,89.41866415911166,121.0,345.83,11.541494703893425,346.0225353932891,391.0,98.0575,11.31345189365297,98.70799106455364,135.0,370.59798789715205,11.300060468085379,370.77022534178764,418.36467346084567,1044.465,481.8541260329727,1150.2567256921386,2477.0,0.2104,0.09703489063218447,0.23169792834637085,0.499,31.218649999999997,0.04000221868846794,31.15,31.27,0.120000000000001,-0.007162041181736642,31.615550000000002,0.01235228510715384
307,862082,867657,888.01,56.420917220477726,889.8005844007971,1052.0,332.0,-274.34,53.367821765554574,279.48266493648583,452.0,312.0,-13763.38,86.02055335790395,13763.648809817838,14040.0,544.0,13794.942470207405,86.29277877062202,13795.212365164953,14066.242142093246,536.0235185823894,89.195,11.83752402320688,89.977080414959,122.0,346.465,10.963520191982134,346.63842112495263,376.0,98.555,11.04409231218211,99.1718710118953,135.0,371.44884819314916,10.718356962839055,371.6034580032861,402.6735650623219,1101.2075,467.89497159485484,1196.488053638648,2421.0,0.2218,0.09425224135265962,0.24099528003676754,0.488,31.2364,0.037457175547550195,31.15,31.27,0.120000000000001,0.007174887892376528,31.608600000000006,0.01050313236485571
308,864970,870462,887.61,57.53023465969872,889.4724503884311,1052.0,356.0,-278.89,53.682845490901464,284.0096477234532,440.0,312.0,-13762.57,83.48553826861274,13762.823214733233,13996.0,500.0,13794.207150599947,83.51434809203322,13794.459958983534,14032.007411628601,501.78878811774484,89.48,12.034309286369535,90.28563008585586,122.0,347.3775,11.07903397187679,347.5541288777908,378.0,98.4625,10.810577863833181,99.0541897145194,135.0,372.3338199675188,11.163624339581364,372.50114093785004,403.3026159101872,1102.0425,477.1975070070568,1200.92261719896,2421.0,0.2219675,0.09612060883988408,0.24188580466823595,0.488,31.2496,0.03563481443756858,31.19,31.33,0.13999999999999702,0.0,31.610150000000004,0.014680473109774352
309,867731,873228,887.13,56.20038345064916,888.9083867306011,1052.0,356.0,-285.21,52.18520767420592,289.94489131557395,432.0,304.0,-13762.25,78.46895883086509,13762.473703517111,13940.0,420.0,13793.97604477694,78.31651243431263,13794.198367429692,13970.203720776588,413.6832232447814,88.38,11.892039354122572,89.17648232577915,120.0,347.1425,11.418721195913314,347.33024990633913,378.0,97.7375,11.032388397350775,98.35818471281381,135.0,371.66012471330595,11.568565083444494,371.840126936295,403.3026159101872,1010.5,479.98679148493244,1118.703521939571,2386.0,0.20352249999999997,0.09667988153566387,0.22531845796560923,0.481,31.241349999999997,0.03614107773711161,31.21,31.33,0.11999999999999744,-0.007276696379843396,31.618500000000004,0.013792228388109238
310,870536,876022,886.13,54.38881410731438,887.7975670162652,1044.0,312.0,-284.45,51.04427000163681,288.99363314786024,412.0,268.0,-13761.03,79.89004381022706,13761.261899985771,13976.0,452.0,13792.665656476422,80.03129797686627,13792.897843455521,14007.332936715684,450.81243918387736,88.6425,11.951974470772601,89.4446337127052,122.0,347.0175,11.120800049906482,347.1956472941445,374.0,97.905,11.049478494481086,98.5265446466078,130.0,371.6519300939675,11.29083067930284,371.8233989409489,403.08187753854673,1026.3575,490.2092050275576,1137.4158353478292,3135.0,0.20671499999999998,0.09874734819224261,0.22908978589190745,0.631,31.232749999999996,0.026822332113370925,31.19,31.27,0.0799999999999983,0.007291286912139838,31.620900000000002,0.015223975287647027
311,873302,878793,887.3,58.16244492797736,889.2042285099639,1052.0,332.0,-276.83,51.9999144230065,281.67151080647113,412.0,288.0,-13761.88,82.49742783869083,13762.127268703774,13976.0,488.0,13793.452914224612,82.62362294511406,13793.700372271394,14007.332936715684,491.2849936222592,89.265,11.656104623758317,90.0228026668799,122.0,346.8,10.975199314818843,346.973622916786,376.0,97.6175,11.117607375240413,98.24854960761508,125.0,371.5132615399023,11.201517753597386,371.6820919818441,405.89900221606854,1124.4425,517.078109857447,1237.6351269659406,3135.0,0.22649499999999997,0.10413918558832694,0.24928889866979637,0.631,31.2542,0.03558595228457356,31.19,31.33,0.13999999999999702,-0.0036423238025859723,31.62405,0.01631757205881823
312,876097,881652,894.29,61.74071509142083,896.4187191262797,1052.0,344.0,-273.16,54.08599079244089,278.4630675691123,440.0,316.0,-13765.4,82.48369535853737,13765.647123183131,13984.0,496.0,13797.36917302384,82.17556383381557,13797.613885016495,14013.265715028741,497.2177719353167,88.855,11.110084383117888,89.54688715974441,120.0,348.375,11.21625494539064,348.55551207806195,376.0,97.46,11.168186961185777,98.09780833433538,136.0,372.8297447944252,11.434657691588468,373.0050535850687,405.89900221606854,1103.9825,528.1747269547739,1223.824293965437,2975.0,0.2223725,0.10638963174929218,0.24651223600462513,0.599,31.257299999999997,0.03510997009397684,31.19,31.33,0.13999999999999702,0.003600360036003524,31.62655,0.014339160673555725
313,878966,884482,894.46,60.53452238186075,896.506062444644,1068.0,364.0,-274.43,59.061790524839324,280.7135906934326,468.0,400.0,-13765.88,80.69043065940348,13766.116486504101,13984.0,424.0,13797.89960194585,80.33016010571201,13798.133437534223,14013.265715028741,419.41004417508884,88.6325,11.404273047853598,89.36317753974508,122.0,349.085,11.403849130885588,349.27121982780085,377.0,98.2375,11.244158205486082,98.87890320993655,136.0,373.65863124343576,11.507705995642025,373.83579282888365,401.27920454466613,1034.2375,489.1998835790438,1144.0995291057504,2975.0,0.20832499999999998,0.09854937531511805,0.23045885749955455,0.599,31.2518,0.023425626992675707,31.19,31.29,0.09999999999999787,0.014503263234227392,31.6302,0.01835216622125409
314,881750,887268,888.89,56.0432681059911,890.6549724781196,1068.0,364.0,-274.06,57.70057538707911,280.06827738963943,468.0,400.0,-13759.63,85.03589300995198,13759.892762663523,13960.0,400.0,13791.271218843958,84.80287899770501,13791.531943913991,13988.86528636258,400.27889925078307,88.885,11.49398864624461,89.62508019522214,122.0,347.18,11.760212583112603,347.3791228614639,382.0,98.705,11.889616267987794,99.41850934307958,138.0,372.092601162686,11.663882714872923,372.2753685109989,415.79923039851815,1011.1475,468.6532681458116,1114.4752812422535,2259.0,0.2036675,0.09438711216977665,0.22447578377188038,0.455,31.2494,0.017822457742970983,31.21,31.27,0.05999999999999872,-0.01087350489307697,31.634449999999998,0.018166522958204825
315,884556,890154,888.67,56.644073829483695,890.4734246455646,1024.0,288.0,-275.42,52.679252082769736,280.41269586093995,420.0,304.0,-13753.93,84.43692971680105,13754.189181482127,14000.0,464.0,13785.579714357731,84.17944576055808,13785.836726147601,14031.347761352079,463.722176895526,89.2075,11.562198914998824,89.95366863002309,121.0,346.49,12.236825568749436,346.70601379266554,382.0,98.4475,11.77145886243502,99.14876449053715,138.0,371.45473086509656,12.189459296403106,371.65467843147087,415.79923039851815,1067.47,532.8840109254546,1193.0874108798566,2787.0,0.21500500000000003,0.10732315675100132,0.2403027465510954,0.561,31.22465,0.02466530964735643,31.19,31.27,0.0799999999999983,-0.014290818149338745,31.641350000000003,0.015581542322661523
316,887342,892907,889.43,57.95718333390607,891.3163074913417,1064.0,332.0,-278.35,49.84413205182732,282.7775804408829,404.0,276.0,-13764.53,81.0239415234781,13764.768468811963,14036.0,500.0,13796.256178254858,81.08257497556576,13796.494443154754,14070.234681767039,502.6090973104856,89.39,11.160775062691659,90.08404409216985,118.0,347.52,11.766885739225991,347.7191539159153,378.0,98.5275,11.216917747313653,99.16394253961467,134.0,372.45578029204125,11.572563546885597,372.6355223271126,403.45259944632903,1082.05,542.9890399446383,1210.6482974010248,2787.0,0.2179375,0.1093802705872956,0.24384584782193855,0.561,31.206549999999996,0.019826686561298715,31.19,31.25,0.05999999999999872,0.007187780772686279,31.6402,0.013431717223383459
317,890231,895702,892.56,54.75989773547792,894.2382232939946,1064.0,360.0,-276.75,51.22223638225883,281.4503153311433,416.0,296.0,-13771.9,77.48386928903331,13772.117969288529,14036.0,468.0,13803.7712056073,77.5251136525238,13803.988903211999,14070.234681767039,463.4022803592816,88.48,11.066824296066148,89.16941740305361,118.0,347.7175,11.311175613082842,347.90142641271245,378.0,98.52,10.90158704042673,99.12131455948311,134.0,372.41488814110215,10.898329727549195,372.57431808969335,399.1052492764283,1060.395,503.0030258109786,1173.6479881122789,3218.0,0.2135875,0.10131763096199002,0.2363998360828535,0.648,31.214699999999997,0.028634070615264694,31.19,31.27,0.0799999999999983,0.010966916468652664,31.633899999999997,0.007933937762615103
318,892981,898477,894.64,58.36703179021527,896.5419343232084,1092.0,388.0,-278.83,53.636098851426546,283.9418954645475,440.0,320.0,-13769.02,74.55306566466598,13769.221834221424,14008.0,448.0,13801.09770963202,74.71525406377893,13801.299951816134,14038.621584756816,443.8078677542926,87.81,11.033988399486379,88.50053672153633,118.0,347.805,11.766986657594202,348.00399422995133,376.0,98.145,10.683818371724596,98.7247942514949,124.0,372.2275639283152,11.504375341234681,372.40530339940113,399.17540004363997,1064.6325,466.69970263944884,1162.4332120599445,3218.0,0.21447500000000003,0.09400560821036158,0.23417211618807224,0.648,31.224349999999994,0.03018406036304528,31.19,31.27,0.0799999999999983,-0.007278020378456904,31.637199999999996,0.009612022546977565
319,895775,901242,893.65,57.766750817403604,895.5151143336443,1092.0,380.0,-281.72,54.41692383808552,286.9274472754393,440.0,312.0,-13767.46,76.15161455937753,13767.670606170093,14008.0,512.0,13799.536690021427,76.26100414052537,13799.747410731836,14038.621584756816,514.6570772612431,89.2825,11.551739858133924,90.02670437153634,131.0,347.9375,11.596921735960798,348.13071180233436,377.0,98.3775,10.54016099260348,98.94052506430316,133.0,372.76899937114126,11.502200130327115,372.9464137111389,401.540782486661,1044.98,468.94789113503856,1145.379991531195,2436.0,0.21051250000000002,0.09449375558072608,0.23074787647993641,0.491,31.233149999999995,0.02954788486507897,31.19,31.27,0.0799999999999983,0.003658313517468369,31.6344,0.013002409647507528
320,898551,904142,891.91,55.696605821180874,893.6473353622222,1056.0,300.0,-279.16,54.77238720377267,284.4825477951152,432.0,304.0,-13762.37,80.33942431957053,13762.604493336281,14012.0,516.0,13794.286973337461,80.40657443520529,13794.52131536285,14045.572683233675,521.6081757381016,90.0925,12.131732924442412,90.90565163948828,131.0,346.8125,11.966509254999972,347.01888637363817,382.0,98.5125,10.476155962470203,99.06796909193203,133.0,371.9643462410542,11.955443340384326,372.1564288038029,404.050739388013,1070.24,504.4193963360251,1183.1536607727671,3118.0,0.2155975,0.10162047280814038,0.23834639183339865,0.628,31.241899999999998,0.026275273547576448,31.21,31.27,0.05999999999999872,0.0,31.635499999999997,0.017043362064927185
321,901316,906937,892.97,55.810206055881935,894.7123560116961,1056.0,304.0,-275.48,54.14914219080484,280.7514202991679,432.0,316.0,-13760.6,86.15869079785277,13760.869728327494,14012.0,528.0,13792.51343644223,86.25743771151976,13792.783157869191,14045.572683233675,525.7348143833242,89.2075,12.015591693711965,90.01306849563568,129.0,346.2525,12.21776345122134,346.4679891418542,382.0,98.5425,10.442614315869374,99.09426068143402,137.0,371.2249000939223,12.416362199026377,371.4324871359531,404.050739388013,1067.9675,496.85145309614416,1177.8862200993779,3118.0,0.21512500000000004,0.10009220436677374,0.2372703415937188,0.628,31.248199999999997,0.024713559031429973,31.21,31.29,0.0799999999999983,-0.010674257249599486,31.639499999999995,0.016746675127306775
322,904215,909688,892.46,51.538998826131646,893.9469335480715,1040.0,316.0,-274.81,53.0228620502515,279.8784736273942,444.0,332.0,-13763.03,86.84042319104624,13763.303965254854,14000.0,516.0,13794.872485483349,86.61541002867355,13795.144403738585,14032.060433165188,512.2225643148377,88.425,12.011843114193592,89.23712792330332,120.0,346.635,11.455643805565884,346.82424223228685,375.0,98.365,10.360346277996696,98.90909968248624,137.0,371.3354921228722,11.97005805601083,371.5283703837434,402.5878786054046,1043.53,489.004779219999,1152.4237653745258,2457.0,0.21021250000000002,0.09851990836247261,0.23215397368987678,0.495,31.251350000000002,0.030185716821039252,31.21,31.35,0.14000000000000057,0.0182715147085696,31.634,0.01972238401100905
323,907011,912488,893.05,54.553253798467416,894.7146807781797,1040.0,316.0,-278.92,51.24952292460877,283.58928047442134,444.0,332.0,-13769.81,85.70206473592103,13770.076698406585,14048.0,520.0,13801.762192263635,85.49800115854026,13802.027007653622,14080.287497064824,523.4725318895598,88.8075,11.772868968522499,89.584443403975,121.0,346.8825,11.672347396732158,347.0788275017651,375.0,99.065,10.979106293319143,99.67153555554364,132.0,371.87354219442904,11.557188921541515,372.05308760981944,402.5878786054046,1071.5325,493.4446918791913,1179.6904519830616,2676.0,0.21586249999999998,0.09940623015560947,0.23765146222987985,0.539,31.256500000000006,0.03605204571172068,31.21,31.35,0.14000000000000057,0.007303268212524949,31.643150000000002,0.0239480955024721
324,909762,915365,896.74,56.50993187042434,898.5187811058821,1076.0,332.0,-278.75,55.48691287141501,284.2188593320295,456.0,360.0,-13765.52,89.6143381384921,13765.811694193699,14092.0,624.0,13797.740831395171,89.64323538605129,13798.032032141395,14119.316130747977,625.6221961724641,88.9275,11.470494485853694,89.66422084644465,121.0,346.3225,11.690957777273853,346.519772163148,374.0,98.68,11.543942134297104,99.35293151185826,132.0,371.2955681402984,11.235260538722711,371.4655165691696,400.5558637693374,1053.1,495.2942155931159,1163.7594124216569,2676.0,0.21212250000000002,0.09977861741751085,0.23441784808328908,0.539,31.249499999999998,0.03212086549269808,31.21,31.35,0.14000000000000057,-0.024986614313760588,31.648999999999997,0.01788293876148118
325,912561,918142,890.86,53.96573357233274,892.4930475919687,1076.0,344.0,-277.04,55.756240906287786,282.5949751853348,456.0,360.0,-13757.93,86.85617479488721,13758.204166242047,14092.0,624.0,13789.743110275254,87.00915248510024,13790.01760840065,14119.316130747977,625.6221961724641,89.0025,11.064469881110437,89.68761062710948,117.0,346.1475,11.082903218471232,346.32487998987307,383.0,98.42,11.049597277729175,99.03832591476898,132.0,371.0498133782149,10.743183512902524,371.20530707413116,413.9239060503754,1022.84,459.63245033395975,1121.3668690486625,2528.0,0.206015,0.0925718627607763,0.22585776497610172,0.509,31.225699999999996,0.027559208987196514,31.15,31.27,0.120000000000001,-0.017917935853789896,31.648249999999997,0.013356027053230437
326,915456,920938,887.77,54.81010034656021,889.460353247968,1088.0,356.0,-282.65,53.20204413366088,287.61342110548316,436.0,292.0,-13763.09,83.33649800657572,13763.34230192652,14036.0,504.0,13794.798780365725,83.54118277990875,13795.051740388653,14067.517762562093,500.48772647829173,89.515,10.766140209007126,90.16010758644867,128.0,346.44,10.957709614695947,346.6132498909988,383.0,98.4275,11.348997477751064,99.07962706833327,132.0,371.4448030054389,10.729437089178356,371.59973425717084,413.9239060503754,1067.4525,474.19641262218545,1168.0398441406012,2749.0,0.21500999999999998,0.0954982978905907,0.2352641600414309,0.554,31.20714999999999,0.035424250168493474,31.15,31.27,0.120000000000001,-0.010944910616563712,31.653399999999998,0.00752206445293464
327,918216,923702,892.15,55.39185409426191,893.8679320794544,1088.0,348.0,-281.71,54.8947711535443,287.0086409849014,436.0,324.0,-13768.09,86.93740219261214,13768.364476581814,14036.0,504.0,13800.062334646133,86.68194668498131,13800.334568408114,14067.517762562093,504.50806707046104,89.4475,10.963450357893723,90.11688243608963,128.0,346.3125,11.176530935402093,346.4928029555592,376.0,98.2025,11.899222401064701,98.92078901828472,132.0,371.2602333604113,11.37877959945383,371.43456691589705,405.79921143343785,1066.5625,492.4015547231243,1174.740336202005,2749.0,0.21484749999999997,0.09917058154387318,0.23663104720217928,0.554,31.199399999999997,0.03703565849286376,31.15,31.27,0.120000000000001,0.007291286912140485,31.655249999999995,0.012157590943270385
328,921011,926497,887.18,53.70109496090373,888.8037803699982,1040.0,308.0,-278.56,52.33207811658161,283.43309616203965,424.0,344.0,-13765.86,85.07773151653727,13766.122902255376,14016.0,484.0,13797.436878224733,84.74568664046674,13797.697135391834,14042.792314920847,479.78261942921563,88.955,11.339443328488397,89.67482924433143,121.0,346.4675,11.73707560468109,346.66624799654204,376.0,98.4275,11.706611112956645,99.12122628377838,132.0,371.3545612746951,11.826657197990134,371.54283736872117,405.1826748517266,1011.39,462.6426568097672,1112.1816218585884,2440.0,0.20373000000000002,0.09318512273963049,0.22402986408066225,0.491,31.201999999999998,0.028354893757515764,31.15,31.27,0.120000000000001,0.007291286912140485,31.650299999999998,0.014575359438343928
329,923776,929278,885.74,53.43493613732499,887.3503479460635,1040.0,308.0,-280.04,53.13678951536308,285.0366993914994,412.0,332.0,-13764.93,84.4325476341914,13765.188947486336,13960.0,424.0,13796.446980613331,84.3447160484149,13796.704799335239,13987.046006930841,418.82666908108695,89.2875,11.195974443968689,89.98670735169723,121.0,347.5875,11.517914036404335,347.77828066168826,376.0,97.6675,11.224167842205496,98.31033770667254,131.0,372.26538954899456,11.434257471973364,372.4409516957017,404.5021631586165,1023.2475,479.47787357056427,1130.0152554279964,2391.0,0.2061075,0.09659061001852096,0.22761820555482815,0.482,31.215549999999997,0.02926085268750662,31.19,31.29,0.09999999999999787,0.01090512540894197,31.648549999999997,0.013316938541960269
330,926571,932173,892.48,56.51910827322031,894.2678345999033,1052.0,336.0,-275.03,59.03947069545932,281.2955029857392,432.0,336.0,-13767.85,85.59636382463918,13768.116078825018,13960.0,424.0,13799.730425315294,85.45565298663155,13799.995017390405,13993.246371017698,425.02703316794396,89.9025,11.270447806098922,90.60619460059009,121.0,346.6,11.314371392171992,346.78462336153257,375.0,98.015,11.282055442161237,98.66217613655195,131.0,371.5835442807287,11.35570868646045,371.75702078104723,404.5021631586165,1058.205,484.66860634355095,1163.9164402997321,2835.0,0.213145,0.09763525989620758,0.23444281818814583,0.571,31.23105,0.03013133750765076,31.19,31.29,0.09999999999999787,0.010710460549803413,31.65255,0.01578354525294988
331,929351,934932,894.0,57.609027070416666,895.8542292136596,1056.0,340.0,-277.17,55.832885470840566,282.7375461448302,432.0,336.0,-13763.72,82.96891948193611,13763.970069714625,13976.0,460.0,13795.742189550925,82.85432664979811,13795.990990139127,14006.958841947098,458.030618652092,89.3075,12.14157912917426,90.1290602414116,126.0,346.375,11.252083140467812,346.5577152510098,374.0,98.425,11.305501979125031,99.0721706636127,130.0,371.36836587869095,11.239631870782702,371.5384132226438,400.0812417497226,1029.84,457.1144543765817,1126.7315785048363,2835.0,0.20743999999999999,0.09206979091971482,0.22695418039771817,0.571,31.240200000000005,0.031144180836874785,31.19,31.29,0.09999999999999787,-0.010750761512273556,31.657000000000007,0.017197073831642717
332,932247,937707,898.2,57.900259066777934,900.0642643722725,1056.0,324.0,-281.16,48.57503885742141,285.325217953128,404.0,276.0,-13759.46,80.75808566329442,13759.696993756803,14000.0,484.0,13791.820214201936,80.51521055600959,13792.05523190797,14039.70825907718,490.7800357821743,89.575,12.447464601275234,90.43572303022738,126.0,347.6625,11.01333708509823,347.8368978415027,374.0,98.6,11.752233830212877,99.29791035062118,129.0,372.70305298754903,11.02890718794134,372.8661991921499,400.0812417497226,1019.92,469.033073034301,1122.599140388055,2720.0,0.20545249999999998,0.09446087943561611,0.22612737008155384,0.548,31.239300000000004,0.029958471256056475,31.19,31.29,0.09999999999999787,-0.010989010989010756,31.65625,0.01582921064912828
333,935030,940507,898.55,55.62820777267591,900.270292745462,1040.0,308.0,-277.46,49.96907443609497,281.9236776150595,432.0,296.0,-13757.72,80.16633707485956,13757.953562939512,14000.0,516.0,13790.029017177769,79.70887902337068,13790.259381171914,14039.70825907718,523.8923384603277,89.5825,11.578134294868065,90.32761205744343,120.0,347.4125,11.616899059129333,347.60667067822504,378.0,98.095,11.67415842791248,98.78722083346611,129.0,372.3064208148043,11.675573650568257,372.4894495150165,401.34897533194226,1012.3125,468.4619459932151,1115.4520126388225,2720.0,0.20393,0.09434513818952199,0.22469635066017427,0.548,31.207249999999995,0.03339816611731888,31.15,31.25,0.10000000000000142,0.0036516341062624745,31.646849999999993,0.014477620790703898
334,937781,943407,893.24,54.18765911164645,894.8821151414303,1072.0,340.0,-272.56,50.58939019201556,277.2151511010897,432.0,316.0,-13760.19,81.90924184730315,13760.433785313602,14044.0,560.0,13792.046768367574,81.52385639511967,13792.28770726597,14074.1459421167,558.3300214998471,89.39,11.509904430532861,90.12796458369623,122.0,346.9275,11.844502680568738,347.1296335664819,378.0,97.4575,10.725585939705113,98.04592036387848,126.0,371.6201914538076,11.552848299677796,371.7997243140452,401.34897533194226,979.935,458.42752510620477,1081.8633924853914,2590.0,0.19740000000000002,0.09230975029757149,0.2179170713826707,0.522,31.2137,0.03937397617716576,31.15,31.27,0.120000000000001,0.007109847138286375,31.647,0.01101377583507911
335,940582,946178,893.38,55.93724698266799,895.1294878396086,1072.0,360.0,-274.31,53.12611316480814,279.40715810444084,436.0,320.0,-13761.62,80.98009385027902,13761.858261150635,14044.0,548.0,13793.532323110574,80.83323143261931,13793.769171622382,14074.1459421167,546.7107084887084,90.2425,12.13913892127444,91.05529913190115,122.0,346.4925,11.162210522562276,346.6722479518659,377.0,97.595,10.740855412861677,98.18426554188812,128.0,371.4785875336394,10.794628479580854,371.63539255566064,399.4120679198364,986.4375,455.19615122906083,1086.3988574644213,2567.0,0.19870000000000002,0.09164914074883626,0.21881785804636694,0.517,31.2441,0.022917024239634112,31.19,31.27,0.0799999999999983,0.0,31.65415,0.008830199945511699
336,943481,948942,897.61,56.81133601667893,899.4060484564244,1044.0,332.0,-279.5,55.48972877929753,284.9550139934372,436.0,320.0,-13759.75,83.98700792384498,13760.006318312502,13976.0,500.0,13792.05808592693,83.89418583876592,13792.313238902312,14004.434154938213,492.64611634021276,90.6475,12.443401614912219,91.49758193526209,122.0,347.1025,11.45368908911011,347.29142301531147,378.0,97.0025,10.982371954637122,97.6222182702278,135.0,372.00545129415883,11.188463139735232,372.17366577983455,402.63755413522966,1015.475,456.01949999424363,1113.1681184798638,2203.0,0.20453249999999998,0.09184557117112398,0.22420783327082933,0.444,31.22435,0.03910342056649256,31.13,31.27,0.14000000000000057,-0.007324665812122166,31.6542,0.018143399830062804
337,946252,951722,894.62,56.500757517045734,896.4024096353155,1044.0,300.0,-278.92,53.6152366403432,284.02633680699404,436.0,352.0,-13760.27,85.05931518652146,13760.532895204313,13952.0,476.0,13792.361654309932,85.0517296766308,13792.623891051333,13982.27735385048,470.4893152524801,89.6475,12.471898161466843,90.51089713399155,123.0,347.1325,11.759461881820954,347.3316246758996,379.0,97.6725,11.1895149023539,98.31135488843596,135.0,371.9660810412456,11.740402668455411,372.1513166710552,406.11574704756276,996.1275,462.0398805771532,1098.0668684101165,2291.0,0.2006375,0.09307073167086417,0.2211731617986233,0.461,31.218249999999998,0.038196040370698014,31.13,31.27,0.14000000000000057,-0.0036563071297988255,31.64945,0.020191998216620217
338,949016,954482,892.72,54.04629126961443,894.3545158380987,1072.0,332.0,-280.66,51.6554392102129,285.37400021725875,416.0,332.0,-13760.84,81.56527692590764,13761.081730736141,13928.0,440.0,13792.826946729669,81.26215335494331,13793.06632768798,13962.890818165126,439.6740410813545,89.8075,12.206778598385407,90.63328582811063,127.0,346.5825,11.660754424564475,346.77860732749934,381.0,99.06,11.800483040960653,99.76038793028023,134.0,371.8638449394902,11.79876378349846,372.05097768988594,414.8023625776497,991.0875,458.1896385163571,1091.8755320548216,2428.0,0.19964749999999998,0.09228652796454095,0.2199452829682874,0.489,31.22685,0.028514513848213605,31.19,31.27,0.0799999999999983,0.007317965605561498,31.649399999999996,0.012491199909856126
339,951796,957369,899.26,52.85160735493293,900.8117672410813,1072.0,332.0,-281.67,51.75607307360171,286.3855443279217,440.0,284.0,-13752.97,84.69226115767603,13753.230769531936,13976.0,468.0,13785.416846014326,84.36528684483623,13785.67499689442,14011.127006775721,467.04076960194834,90.59,11.868314960431409,91.3641341008604,127.0,345.9425,11.9924640399711,346.15030333657086,381.0,98.65,12.188211517692002,99.40007545268766,134.0,371.35546011117697,11.955532008911463,371.547860308736,414.8023625776497,1017.1225,478.8753673908797,1124.2151918116033,2700.0,0.20488750000000003,0.0964686987771163,0.22646213259615833,0.544,31.235100000000003,0.03196857832309652,31.19,31.29,0.09999999999999787,0.0035887313834558716,31.6571,0.009582251764184093
340,954557,960158,898.39,53.55154432880531,899.9846443134461,1056.0,348.0,-280.95,51.973238305882,285.71685284561005,468.0,316.0,-13750.79,83.72297116084688,13751.044875208574,13984.0,476.0,13783.17258902694,83.63624272056755,13783.42633890427,14011.127006775721,467.04076960194834,89.95,12.11785872173793,90.76257488634839,122.0,346.0375,12.493442029721033,346.2629600462631,376.0,97.49,11.950309619419908,98.21970270775616,130.0,370.980119438778,12.519723686649053,371.1913152270672,407.5647187870903,962.62,456.94966965739235,1065.5703942020912,2700.0,0.1939025,0.09202849011990798,0.21463322785626646,0.544,31.22695,0.046191963586753586,31.13,31.29,0.16000000000000014,-0.010712372790572884,31.662650000000003,0.009654559871678181
341,957447,962912,890.4,53.37789804778753,891.9985201781446,1056.0,348.0,-278.47,50.26349669491768,282.9698923913991,468.0,328.0,-13758.07,80.0679405255312,13758.302984016596,13992.0,496.0,13789.86108666232,79.78427511944105,13790.091889469048,14021.700324853617,493.6784443272554,89.16,12.603943827231221,90.04646023026113,123.0,346.9825,12.50188760747752,347.2076504053446,382.0,97.94,11.853961363189944,98.65475153280758,128.0,371.7977064615695,12.678445090649483,372.013813587614,407.3990672547005,949.18,436.70480601889415,1044.8223581068698,2363.0,0.1912025,0.08794652633134524,0.2104589924427084,0.476,31.2185,0.048101455279439896,31.13,31.29,0.16000000000000014,-0.0036596523330282844,31.6571,0.015498079758167202
342,960232,965712,893.27,53.572633872155286,894.8750303813376,1040.0,292.0,-275.32,48.16573055607068,279.501413234352,412.0,276.0,-13762.78,79.65947275748191,13763.010534036512,13992.0,496.0,13794.675146107986,79.49171875543547,13794.904179442494,14021.700324853617,493.6784443272554,89.9525,12.411295006968452,90.80469426191578,127.0,346.0475,11.99730151950846,346.2554079000067,382.0,97.0875,11.094135556680385,97.71930464345313,130.0,370.8622469491618,12.188366905329326,371.06247789287454,407.3990672547005,1002.95,451.0970932072163,1099.7260067853265,2494.0,0.2020125,0.09086942469142191,0.221509147666637,0.502,31.22465,0.03564235542160403,31.19,31.29,0.09999999999999787,0.018248175182481362,31.651099999999996,0.024866359596833636
343,962986,968517,897.35,56.43808554513521,899.1230616550773,1080.0,340.0,-273.39,49.232792933165996,277.7876167146405,400.0,264.0,-13769.78,80.8160355375095,13770.017156125841,13980.0,472.0,13801.899337580766,80.84179171490895,13802.136092648847,14017.873733202194,478.55853633939296,89.88,11.489368999209661,90.61136794023143,127.0,345.875,11.963668960649153,346.08184725581896,378.0,97.64,11.083789965530745,98.26708502850789,130.0,370.80128402802103,12.078607666898348,370.9979582154058,401.1844962109079,1002.865,446.4052438928109,1097.7321394584383,2494.0,0.20198999999999998,0.08990675669825933,0.22109542057672746,0.502,31.232,0.03616628264004948,31.19,31.29,0.09999999999999787,0.0036159826432832355,31.6518,0.024703961509963537
344,965786,971413,894.22,60.05557093226239,896.2343889853814,1080.0,340.0,-275.2,51.44939261060328,279.96799817121956,400.0,256.0,-13764.2,85.77388880073002,13764.467254492634,13976.0,468.0,13796.189387847888,85.64656813507857,13796.455231689044,14010.239683888352,470.92448702555157,90.025,10.9598984940555,90.68969070407066,125.0,346.87,12.801488194737361,347.1061437082323,383.0,99.72,11.466324607301155,100.37706411327241,136.0,372.3200859445886,12.672947652939499,372.5357029869755,406.936112921918,1013.48,438.6322373013639,1104.3278272324753,2448.0,0.20414000000000002,0.08834330987686617,0.22243578848737447,0.493,31.229300000000002,0.034576147847901584,31.19,31.29,0.09999999999999787,-0.007108583614714617,31.655300000000008,0.016751463482994347
345,968592,974207,898.13,60.75576598150994,900.1826259154305,1072.0,356.0,-282.77,54.00488033502158,287.88087814233165,420.0,312.0,-13757.75,83.2154883420148,13758.001667393415,13964.0,456.0,13790.173799005395,83.19034334040042,13790.424722973545,13996.539572337157,455.78745142452317,91.29,11.562694322691403,92.019345792067,125.0,346.7825,12.368314102981053,347.00299350293795,383.0,99.7025,11.303715926632268,100.3412303093798,136.0,372.5541248787218,12.264747687979655,372.7559523334269,406.936112921918,1015.595,432.52346291848727,1103.861291105001,2448.0,0.20454999999999998,0.08714693052540634,0.22234048214394067,0.493,31.216800000000003,0.032829255245893044,31.15,31.27,0.120000000000001,0.0,31.6553,0.014915299709143324
346,971511,977123,896.2,55.5701358645091,897.921199215165,1064.0,348.0,-283.79,53.92806226817351,288.86848218523255,420.0,312.0,-13758.63,77.9707836307934,13758.850930219427,13988.0,440.0,13790.92456277207,78.01348556503926,13791.145217131172,14020.260767902999,442.52074977037955,91.345,11.78456511713521,92.10203580811881,120.0,346.9275,11.61538823070499,347.12189141568126,378.0,99.185,10.99457934620511,99.79250973895786,132.0,372.56220251133635,11.50403233227543,372.7397718247947,407.24562612752516,993.825,457.4447938003011,1094.0492996204514,2730.0,0.20017500000000002,0.09216861925297569,0.22037487379463205,0.55,31.22695,0.03662918918021515,31.15,31.27,0.120000000000001,0.0,31.65395,0.01420923135286112
347,974281,979917,893.0,53.354287550299084,894.592465874825,1048.0,304.0,-275.45,53.177227268822506,280.5361295804874,408.0,300.0,-13760.31,80.76647757578635,13760.547028370638,13988.0,428.0,13792.212969327187,80.6977615730365,13792.449047214204,14020.260767902999,428.9547232287041,91.5925,11.65510376401686,92.33107548382614,120.0,346.8225,12.029172612860785,347.03104688197567,378.0,97.9725,10.813729409875208,98.5674768876631,132.0,372.1987659255351,11.798353423623023,372.3857173684297,407.24562612752516,1028.895,490.67713822329245,1139.9074414179424,2730.0,0.20726000000000003,0.09885389420756271,0.2296275244825846,0.55,31.242399999999996,0.028744390757154077,31.19,31.29,0.09999999999999787,0.014194464158977696,31.654300000000003,0.014561596761710639
348,977199,982692,896.34,54.80551432109729,898.0139419853124,1048.0,304.0,-273.34,52.68666244885891,278.3714065776153,408.0,288.0,-13758.74,81.48038046057466,13758.981264614034,13996.0,432.0,13790.825251275035,81.38801382813185,13791.065409169809,14030.19942837592,427.7143613008593,91.86,11.60411134038277,92.59003726103582,126.0,345.715,11.840556363617377,345.91770697667386,378.0,96.5975,11.012061285245375,97.22315824946236,136.0,370.87427908502866,11.687027558802678,371.05837478757974,401.6279372752847,1043.755,477.2414273457408,1147.6863160289051,2647.0,0.21027,0.09614380947310128,0.231207925902206,0.533,31.235149999999997,0.04077349016211378,31.15,31.29,0.14000000000000057,-0.007281995266702921,31.6525,0.01856371538302864
349,979991,985483,891.42,55.11282609338774,893.1220745228504,1024.0,336.0,-273.18,54.60006959702524,278.5829858408442,424.0,304.0,-13761.85,79.59634099630459,13762.080184332599,13996.0,508.0,13793.614917158015,79.46091590190441,13793.843790619061,14030.19942837592,506.26982193386357,92.7625,11.622224130948432,93.48773983790602,126.0,346.475,11.317657664022182,346.6597972075793,378.0,97.0,11.199330337122841,97.64438027864173,136.0,371.920091077631,11.083472055570464,372.0852019363307,403.2976568243361,1040.5625,468.7100287957897,1141.253437015635,2528.0,0.20962499999999998,0.09442446385868443,0.2299100258796906,0.509,31.230249999999998,0.042130007120815695,31.15,31.29,0.14000000000000057,0.0,31.6518,0.01958875438218716
350,982766,988272,892.51,56.43279099955982,894.2923235721081,1032.0,344.0,-273.68,56.185208017769234,279.3877592164696,452.0,328.0,-13771.62,77.53409314617667,13771.838256383931,14044.0,556.0,13803.454643460736,77.36372484737969,13803.671440598693,14074.031689604795,550.1020831627393,91.9175,11.321249654963006,92.61208074544055,124.0,347.06,10.4948272972927,347.218641492648,378.0,98.4425,11.430297185550339,99.10387227550697,138.0,372.62947403232306,10.326426409666817,372.77253117685586,403.2976568243361,1040.14,479.0218892702086,1145.1433054425984,2528.0,0.209515,0.09650665663569534,0.23067308035399361,0.509,31.24745,0.028818353526875274,31.21,31.29,0.0799999999999983,0.01452960406828883,31.658000000000005,0.019050125148420177
351,985557,991127,893.23,56.93405922644195,895.0426358559686,1032.0,288.0,-277.77,53.74483324004271,282.92168527703916,452.0,328.0,-13765.96,78.31933605438698,13766.182791173447,14044.0,536.0,13797.927682754524,78.27069359850238,13798.14968175081,14074.031689604795,530.0417309552395,92.01,11.462543347791536,92.72124891307277,126.0,346.25,11.349118908532063,346.4359464605254,381.0,98.515,12.033901071556139,99.24726696488926,138.0,371.93747409546603,11.297360907954307,372.1090095657454,408.9963325018942,1018.515,472.86566779054704,1122.9313180243928,2545.0,0.205175,0.09525888081958553,0.22621015671273473,0.513,31.247049999999998,0.025343588932903182,31.21,31.29,0.0799999999999983,-0.007181328545780816,31.664250000000003,0.017282482765110865
352,988346,993947,889.92,55.437835455580334,891.6450863432153,1076.0,332.0,-276.49,53.24396585529669,281.56995578363825,448.0,336.0,-13761.47,79.5379098292129,13761.699852852482,13964.0,432.0,13793.197993023978,79.90347451362938,13793.429429985857,13995.93426677905,433.3156405697282,92.495,11.63271142081673,93.22362897892359,126.0,346.145,11.921785730334195,346.35024180733586,381.0,98.6325,11.373761196279796,99.28611433629578,132.0,371.985450681651,11.562524861335147,372.16510784865363,408.9963325018942,1051.03,491.683438911664,1160.3519573818971,2862.0,0.2117125,0.0990379717267574,0.2337321169629882,0.576,31.25185,0.03649078650837692,31.19,31.33,0.13999999999999702,-0.007141581860381922,31.653850000000002,0.019054795014185156
353,991201,996727,895.11,55.29817266420292,896.8164806692616,1092.0,364.0,-275.95,53.33026814108476,281.0560798132643,448.0,336.0,-13767.13,80.38758050843427,13767.36469336089,14024.0,512.0,13799.169834797276,80.71425165935172,13799.405890109907,14059.089017429258,521.4029522259443,91.3075,11.410650452537752,92.01772926996189,126.0,346.09,11.227283732052022,346.2720606690641,376.0,99.02,10.839031322032426,99.61147022306216,131.0,371.71301155076,11.11235995927863,371.8790764482454,406.45171915001174,1079.08,494.63698668821763,1187.0465007740852,2862.0,0.21735999999999997,0.09962610300518634,0.23910401502275114,0.576,31.24125,0.04047761727177074,31.15,31.33,0.17999999999999972,-0.018096272167933664,31.647999999999996,0.01570402946231952
354,994022,999607,896.64,56.09269471152193,898.3928316722034,1092.0,364.0,-273.83,52.51867382179409,278.8208743978829,436.0,304.0,-13761.68,82.87133159301835,13761.929518784784,14024.0,512.0,13793.792406033468,82.73994956131999,13794.040555254287,14059.089017429258,521.4029522259443,91.1325,11.47017627371088,91.85149699378884,126.0,346.1125,11.508685578727052,346.3037864361289,379.0,98.5975,11.034287188124116,99.2130157791809,131.0,371.5853134188321,11.427482287378524,371.7609884051849,406.97174349087186,1038.3575,464.65292390530595,1137.5801675046905,2533.0,0.20917249999999998,0.09360164391585225,0.22916021142423482,0.51,31.2283,0.04013863475505839,31.15,31.29,0.14000000000000057,0.007162041181736642,31.65795,0.015439996234109231
355,996800,1002492,893.76,55.44603141794731,895.478196272807,1044.0,332.0,-269.85,50.39977678521999,274.51622902844923,404.0,280.0,-13753.48,84.06455614585732,13753.736908927698,14004.0,524.0,13785.336681378301,83.73709480185572,13785.591003653053,14033.99472709036,527.3741282877108,91.25,11.555193637494787,91.97872036509314,126.0,346.38,11.67842455128259,346.5768168819144,379.0,98.14,10.905292293194163,98.74403779469422,133.0,371.75004743996845,11.307618156850863,371.92198106592195,406.97174349087186,1007.795,475.38288039747493,1114.2888516897224,3310.0,0.202995,0.09577233407931542,0.22445335818383294,0.667,31.244049999999998,0.03971898160829366,31.15,31.29,0.14000000000000057,0.017568517217147122,31.660250000000005,0.01768387113291813
356,999705,1005368,892.35,53.992568933141165,893.9819461264304,1040.0,328.0,-274.02,52.03998078400875,278.9177656586256,440.0,316.0,-13754.42,85.29234197746008,13754.684450033741,14004.0,524.0,13786.264059333978,85.24345321593329,13786.527596171562,14033.99472709036,527.3741282877108,91.4075,11.49266913079812,92.1271539775326,126.0,346.08,11.555241235041352,346.2728548413808,376.0,98.3325,11.40929199161806,98.99218403490246,133.0,371.56556019761643,11.436322618370573,371.74151637932505,404.74930512602486,991.4675,467.79853991194756,1096.2861293932347,3310.0,0.19972,0.09424108233673889,0.22083808548346004,0.667,31.242949999999997,0.03751396406673122,31.15,31.29,0.14000000000000057,0.01059509094119702,31.659050000000008,0.015352091609680332
357,1002568,1008357,893.59,54.40801319658714,895.2448380191868,1016.0,284.0,-279.01,53.89638114010995,284.16790811068023,440.0,296.0,-13758.53,84.97646203508357,13758.79241648772,14024.0,488.0,13790.552711857208,85.0845549310432,13790.815185477615,14049.847258956233,485.7104268537205,90.98,11.122931268330305,91.65740559278339,123.0,345.775,11.606221391994898,345.96973133498255,384.0,98.3,11.497825881443848,98.97014701413755,130.0,371.1547167874532,11.636202405655878,371.3370773300183,404.81724271577167,1007.21,450.55557470749375,1103.3912769276365,2498.0,0.2029,0.09076648610583095,0.22227677566493537,0.503,31.24185,0.03940276005561024,31.15,31.27,0.120000000000001,-0.010364484366902526,31.660950000000007,0.009967239570798184
358,1005444,1011243,893.79,55.74330363371012,895.5265936866421,1052.0,316.0,-280.09,54.286203588020406,285.3022958197147,408.0,264.0,-13759.29,84.82791934263153,13759.551485422771,14024.0,536.0,13791.353850445588,84.74273891965652,13791.614204290954,14049.847258956233,528.2793025393439,91.14,11.27077637077411,91.83425286895952,116.0,346.9,11.80084742719776,347.1006626326144,384.0,98.3925,11.505800439343627,99.06294715987406,126.0,372.27727457443694,11.64037522716879,372.45921588812917,406.8439504281709,1079.12,497.85841923181334,1188.4287862551967,2725.0,0.21737750000000003,0.10028494400332486,0.2393951701684894,0.549,31.24425,0.029528587842969443,31.19,31.27,0.0799999999999983,0.0,31.661300000000004,0.01558580422157035
359,1008433,1014227,893.88,56.11831786502514,895.639838327885,1064.0,340.0,-278.49,54.78539860218231,283.8276237437082,424.0,332.0,-13752.64,83.40929444612273,13752.892934942816,13984.0,496.0,13784.696080988857,83.34791401374314,13784.948056485378,14009.894218016067,488.3262615991771,92.09,11.127978253034106,92.75990513147369,130.0,346.7625,11.478505728098932,346.9524282952924,379.0,98.235,11.337097291635104,98.88703150565296,125.0,372.32547772039123,11.522635995400494,372.5037348806049,406.8439504281709,1203.9575,610.1510925121335,1349.73998144087,3568.0,0.24253999999999998,0.12291966238157344,0.2719097184728784,0.719,31.23585,0.02903063037551827,31.19,31.27,0.0799999999999983,0.013807386952019036,31.6576,0.015454355138014197
360,1011318,1017087,894.84,56.74517071963041,896.6374072053876,1076.0,352.0,-276.28,50.46346797436736,280.85085009663044,424.0,332.0,-13754.25,79.8865289019369,13754.481993881122,13992.0,480.0,13786.304873262621,80.05436562345636,13786.537301295057,14031.809006681926,485.0851222883266,92.5375,11.202392322624663,93.21310261974976,131.0,345.655,11.170764297934138,345.8354594312156,373.0,98.2475,11.253277022716539,98.88987561929684,137.0,371.3999704665007,11.494213217197714,371.5777913169731,402.53571270137013,1312.9875,636.2966032784947,1459.0440509114178,3568.0,0.2644975,0.12819210191642075,0.293925402951157,0.719,31.233349999999994,0.029321962758314175,31.19,31.27,0.0799999999999983,-0.010400416016640443,31.6567,0.009451631252506695
361,1014302,1019937,895.47,54.449234154393764,897.1238710456879,1076.0,328.0,-277.45,51.94398425226929,282.27057940919025,416.0,304.0,-13760.9,83.37571588898052,13761.152579635182,14028.0,520.0,13793.002258619932,83.16810509734148,13793.252997027206,14061.57601408889,518.0574166194729,93.01,11.109000855162448,93.6710734431927,131.0,345.3375,11.05660860074191,345.5144533879878,373.0,98.0925,11.421205879853494,98.7551644219177,137.0,371.1921959163162,11.110521626960288,371.35843870848015,402.53571270137013,1205.99,560.2787430377847,1329.7834974160266,3365.0,0.24292750000000002,0.1128687611509491,0.26786774255217816,0.678,31.241399999999995,0.030398026251715105,31.21,31.29,0.0799999999999983,0.0,31.655450000000002,0.008916066430973282
362,1017163,1022926,897.19,53.371002426411295,898.7760343934411,1056.0,288.0,-277.06,53.33213290315699,282.1463450055662,416.0,304.0,-13757.92,85.1389076744587,13758.183432415779,14028.0,520.0,13790.13535715011,84.7532387491559,13790.395798525871,14061.57601408889,518.0574166194729,91.74,11.211931144990144,92.42258923012274,128.0,345.31,11.04734809807313,345.48667123349344,375.0,97.1675,11.160396218324866,97.80632648249293,128.0,370.6060140456633,10.965165442692756,370.768192405983,403.4216156826503,1071.875,487.8224568170268,1177.6615664103163,2801.0,0.21589000000000003,0.09826058670698033,0.23719956787481716,0.564,31.250299999999996,0.031841953457662685,31.19,31.29,0.09999999999999787,0.006940829429116632,31.65535,0.01227820776680934
363,1020013,1025822,901.2,57.299214654303945,903.0197340036374,1056.0,296.0,-276.31,50.47716216270483,280.8828225434941,424.0,328.0,-13759.56,81.80150609860432,13759.80315556876,13968.0,456.0,13792.020111856998,81.87743359482502,13792.2631456915,13997.838690312159,454.5752726568717,91.3375,11.382161207345467,92.04397047063974,120.0,345.3775,11.152129561209374,345.5575024507499,375.0,97.75,11.575728918733368,98.4330229140607,126.0,370.7419897923322,11.023475169936708,370.90583710694017,403.4216156826503,1040.1425,456.51185876573896,1135.9135079309517,2801.0,0.20949250000000003,0.0919390555952692,0.22877914568421656,0.564,31.260249999999996,0.03127199226144632,31.19,31.29,0.09999999999999787,0.0,31.656999999999996,0.015085387708169754
364,1023004,1028717,902.22,56.67408225988313,903.9982743346361,1068.0,316.0,-279.45,50.910681590408906,284.04964354844736,424.0,328.0,-13762.21,77.90016623859027,13762.4304728489,13944.0,432.0,13794.791230777297,78.25918009900782,13795.013214926617,13980.304431592325,437.04101393703786,92.7275,11.40693840388384,93.42648179183459,134.0,345.0175,11.65921068297507,345.2144442227179,375.0,98.7775,11.167273335510329,99.40675278873161,126.0,371.01549515865037,11.433496935822273,371.19162504022097,403.343526042008,992.3875,441.17463927990013,1086.0331544202506,2606.0,0.19990250000000004,0.08886556134830861,0.21876493663290741,0.525,31.282699999999995,0.026883266170611955,31.21,31.33,0.11999999999999744,0.007001575354454603,31.663000000000007,0.020100000623450093
365,1025911,1031712,894.51,53.068068553509654,896.0827863540288,1084.0,332.0,-278.64,54.43005052358485,283.90646346992526,404.0,276.0,-13756.81,76.7548298154585,13757.024121516979,13960.0,404.0,13788.885826903106,76.86073529799243,13789.10004024918,13990.612281097636,394.26100584735286,92.8475,11.281367104655356,93.53035603481898,134.0,345.365,11.568568407542916,345.55869978919645,374.0,98.2725,10.410487200414781,98.82237853846668,125.0,371.1984684523245,11.674845551382122,371.3820202971598,403.343526042008,1017.04,476.09650114236297,1122.9595896558344,2606.0,0.20487250000000004,0.09590373425341685,0.2262084602750304,0.525,31.290449999999996,0.024429439207644017,31.27,31.33,0.05999999999999872,0.0,31.67165000000001,0.018951924403514172
366,1028793,1034602,892.05,53.766509092556866,893.6688648487202,1084.0,336.0,-272.68,54.8825801142767,278.148305765108,424.0,296.0,-13752.89,81.52574991988728,13753.13163610383,14000.0,460.0,13784.701010199577,81.59889339210997,13784.942521461597,14035.544022231557,463.3477371787958,92.855,11.176939429020809,93.52526396648128,127.0,345.935,11.060550393176642,346.1117738534764,377.0,97.95,10.476759995342071,98.5087051990838,128.0,371.6434312549564,11.200893046650483,371.8121837702471,399.80495244556437,1034.07,491.17359975878185,1144.793549073369,2524.0,0.20828,0.09894759522090467,0.23058877899845864,0.508,31.273199999999996,0.030162228034413527,31.21,31.33,0.11999999999999744,-0.02065760027543423,31.669950000000004,0.014681155978061113
367,1031787,1037457,895.95,55.319774945312275,897.6562148172317,1060.0,312.0,-271.09,52.136090187124694,276.05789247909576,424.0,280.0,-13752.64,81.52441597460236,13752.881632588858,14000.0,472.0,13784.668505838217,81.62122366125895,13784.9101498704,14035.544022231557,477.8934883079164,93.4,11.550541112865664,94.11150301636883,123.0,346.025,11.22405341220363,346.20699010851877,378.0,98.5075,11.403944218997214,99.16540475387573,128.0,372.05280166362047,11.258120369346102,372.2230950653116,406.3803636988382,1013.7175,482.0546833023718,1122.4971659206983,2559.0,0.20419249999999997,0.09710715959057807,0.22610700453546326,0.515,31.288649999999997,0.03963808143692086,31.21,31.35,0.14000000000000057,0.010582010582010356,31.6729,0.016255787479124116
368,1034678,1040447,895.24,53.82548095465567,896.8566440630298,1060.0,316.0,-270.59,54.1003872444551,275.94528443153365,440.0,316.0,-13759.69,79.05102086627345,13759.91707678502,13948.0,420.0,13791.64966103801,78.83671219750292,13791.874984932252,13981.595903186446,423.9453692628049,92.1575,11.34824628521958,92.85358097564144,126.0,345.9425,10.950762245159009,346.1157790393267,378.0,97.995,11.673687292368253,98.68786652876837,126.0,371.53561275602056,10.88592917523768,371.6950564643011,406.3803636988382,1036.575,459.6180690257945,1133.9032145646295,2559.0,0.20880749999999998,0.09256487154288068,0.22840496382521988,0.515,31.311999999999998,0.036249137920783915,31.27,31.39,0.120000000000001,-0.006933610677760296,31.678250000000002,0.012936610441855366
369,1037533,1043312,896.2,53.68761495913187,897.8066607015121,1052.0,308.0,-270.13,53.84183410694699,275.44356953829947,480.0,356.0,-13762.16,81.73796180478199,13762.402732081342,13972.0,440.0,13794.164423858938,81.74819597048179,13794.406653422973,14004.343897519797,436.3999117863659,91.78,11.931328509432635,92.55228252182654,130.0,345.1475,11.37896057423524,345.33502211620527,381.0,97.53,10.819616444218344,98.1283088614086,125.0,370.5769086112991,11.141018988086405,370.7443425057219,406.4025098347696,1054.5425,446.6042915084337,1145.214074965899,2419.0,0.21241,0.08995474917979594,0.230672636001759,0.487,31.308450000000004,0.036146887832841396,31.27,31.39,0.120000000000001,-0.006921612735767286,31.675250000000005,0.014490079572419299
370,1040523,1046302,896.02,54.527787411557426,897.6776258769069,1052.0,304.0,-271.14,53.78606139140512,276.42329858389286,480.0,360.0,-13756.17,83.45065068649855,13756.423120855217,13972.0,440.0,13788.198871741415,83.56981098888853,13788.45212632658,14004.343897519797,436.3999117863659,93.4675,12.11915606591482,94.24992042436959,130.0,344.7325,11.596376319781971,344.9274887566951,386.0,97.5225,11.157710058520072,98.15871076985475,127.0,370.61568475210356,11.711819488424062,370.8006910727109,414.86503829558836,1054.7475,458.70518717772313,1150.1750899319634,2723.0,0.212455,0.09240856548502416,0.23168182924001615,0.548,31.28675,0.03685698712591654,31.21,31.35,0.14000000000000057,0.0,31.67115,0.021373337335853906
371,1043388,1049217,893.53,53.92011776693371,895.1554278447961,1032.0,284.0,-272.91,53.63591986719348,278.13068870586716,404.0,284.0,-13750.66,80.50965407949533,13750.895688645158,13972.0,424.0,13782.57333965363,80.4008524146881,13782.80784745982,14001.905013247304,426.6911291127344,93.57,11.10135577305763,94.22624369038596,124.0,344.63,11.779138338605248,344.83124133407637,386.0,97.4275,11.228301017963492,98.07238398244431,127.0,370.50057344868475,11.605497585014147,370.6822932107764,414.86503829558836,1070.47,482.3537489229248,1174.1257002553007,2747.0,0.21563749999999998,0.09716213816991678,0.23651641063571044,0.553,31.275100000000002,0.02979916106201586,31.21,31.33,0.11999999999999744,-0.013724481043060267,31.67105,0.024027918181364988
372,1046382,1052092,894.34,52.274318742571865,895.8664186138467,1044.0,296.0,-274.83,53.22735293061266,279.93692146624744,408.0,280.0,-13754.47,80.56959165839181,13754.705974320206,13980.0,432.0,13786.456017680857,80.67361744286494,13786.692052845743,14013.97873553403,425.7285170548312,92.3175,10.934426996875512,92.96280170046512,129.0,344.0025,11.518137599021815,344.1952752435745,375.0,97.49,11.376726242641158,98.15156646737738,134.0,369.62627886266534,11.073119440301864,369.79210375561024,406.4123521744879,1037.2325,469.1364443781255,1138.393720335807,2747.0,0.2089325,0.09448287116588912,0.22930286195335636,0.553,31.253899999999998,0.04010972450665713,31.19,31.33,0.13999999999999702,-0.007005253940455192,31.670600000000004,0.020993852782103344
373,1049294,1055043,897.21,50.55705588738332,898.6332956217458,1044.0,296.0,-275.61,53.99599892584635,280.84949706203855,440.0,340.0,-13761.96,82.40581532877398,13762.206718400941,13980.0,472.0,13794.127802529498,82.40247255203671,13794.373925626345,14013.97873553403,467.92750279465326,91.6625,10.876285843522135,92.3055117530909,130.0,343.3025,11.206961842979569,343.4853745066884,378.0,97.2825,11.735744277633184,97.98781812041739,134.0,368.75521575187054,11.122650574004451,368.922922166677,402.1243588742169,1018.86,448.3773694110799,1113.1567567059008,2483.0,0.20521999999999999,0.090317061511101,0.22421511991834986,0.5,31.23895,0.024349486647565588,31.19,31.27,0.0799999999999983,0.006957731779439755,31.672500000000003,0.016626518058719147
374,1052168,1057923,895.47,54.164924997640306,897.1066603252926,1092.0,352.0,-274.92,52.78137550310716,279.9408508953275,440.0,340.0,-13757.24,82.07741711335706,13757.484839897154,13980.0,472.0,13789.301829462811,81.92323219711827,13789.545183217611,14010.796408484422,464.74517574504534,93.0125,11.580040749064745,93.73058465623694,133.0,342.7275,11.564741404372171,342.92256050018057,380.0,97.46,11.573175882185495,98.14474005263858,141.0,368.61091587664305,11.8189549699786,368.80034571567313,407.73152931800604,1054.5525,467.42706088089295,1153.5029399615764,2483.0,0.21242,0.09417894456830572,0.23236163624832737,0.5,31.259199999999996,0.030746707140764842,31.21,31.33,0.11999999999999744,-0.00695047784535172,31.673450000000006,0.013695488893797089
375,1055143,1060889,896.63,55.84875200038045,898.3676530240834,1092.0,368.0,-278.95,54.523916770532914,284.2287107243039,408.0,312.0,-13757.31,84.30802986667403,13757.568327288074,14000.0,520.0,13789.541686950162,84.12338476101942,13789.79828278862,14036.884554629634,523.6525208044168,93.425,11.913411560086388,94.18152685107627,133.0,343.11,11.960890435080492,343.3184163426134,380.0,96.6975,11.834525497458696,97.41900481938829,141.0,368.8914372062398,12.13528145181893,369.0909881045594,407.73152931800604,1062.75,492.56185144609,1171.347403633952,2417.0,0.21408250000000004,0.09924888258187092,0.23596961139095857,0.487,31.2461,0.03678029363667373,31.21,31.33,0.11999999999999744,-0.02088409328228288,31.667400000000008,0.013627335053181122
376,1057999,1063767,898.61,59.8867923669318,900.6033311064311,1080.0,356.0,-279.19,54.003924857365696,284.36504707857466,408.0,312.0,-13762.44,82.39591251997881,13762.686650505417,14012.0,532.0,13794.808746617387,82.1299229781142,13795.053232227849,14041.676253211366,528.4442193861487,93.3975,11.42713847601402,94.09395570386017,123.0,344.595,12.469401549392819,344.8205330313147,381.0,97.495,11.777095354967624,98.2037422912182,135.0,370.46896600607784,12.31229980091343,370.6735052576593,406.69767641332794,1050.2575,493.4148266861769,1160.3874385307693,2723.0,0.21157249999999997,0.0994082478658084,0.2337625344232903,0.548,31.2428,0.023667699507978725,31.21,31.29,0.0799999999999983,0.006934812760055331,31.662650000000003,0.014951131758237186
377,1060981,1066637,896.16,61.312106471723844,898.2549304067304,1080.0,364.0,-279.16,56.01441243108777,284.72428768898516,436.0,320.0,-13762.78,81.19132712303698,13763.01948556348,14012.0,516.0,13794.99994239029,81.31291073306849,13795.23958472632,14041.676253211366,511.191561227859,92.715,11.645547432388055,93.44351234837013,128.0,344.7775,11.949183811039147,344.9845032751471,381.0,98.1725,11.085248925937567,98.79636886039891,130.0,370.63453107835,11.69463006390532,370.81898549022543,406.69767641332794,996.9375,461.69475153368376,1098.65664449818,2723.0,0.20080749999999997,0.09299833570419419,0.22129695546934214,0.548,31.253549999999997,0.02793559557267335,31.21,31.33,0.11999999999999744,0.021216407355020766,31.667800000000007,0.014957249019978388
378,1063843,1069637,898.35,56.55755917647083,900.128590813557,1076.0,360.0,-281.51,54.56738861261367,286.74985614643293,436.0,300.0,-13765.24,82.60643074240649,13765.48786204107,13988.0,440.0,13797.618890577627,82.61955201667328,13797.866249532932,14015.487433550072,436.90783183914755,91.8325,11.856198537052254,92.59469477243283,128.0,344.8,11.805083650698965,345.0020289795409,381.0,97.4725,11.666158054389628,98.16815929821644,138.0,370.26206648954974,11.965246294508468,370.4553481865257,404.3340203346733,956.6575,422.56520229871035,1045.8273865700783,2304.0,0.19269499999999998,0.08509545801627721,0.21064804770042375,0.464,31.251799999999992,0.039708437390558855,31.19,31.33,0.13999999999999702,0.013807386952019036,31.670650000000002,0.023790596486911484
379,1066713,1072512,894.08,58.49028637303804,895.9911606706843,1064.0,336.0,-277.48,52.468367613258174,282.3970254800854,448.0,304.0,-13763.51,80.96937630981235,13763.748165379951,14024.0,468.0,13795.535443802428,80.70699344541914,13795.771518838663,14054.09321158786,466.15444222331826,92.5625,11.86680638377487,93.32008090437985,125.0,345.26,12.15986842034074,345.47406559682594,381.0,97.7575,12.004111535219922,98.49176361503535,138.0,370.95683779182104,12.353926318891384,371.1624913700198,404.3340203346733,1001.5875,428.21129404039544,1089.2852851755595,2722.0,0.20176249999999998,0.08622216126814498,0.21941369032036265,0.548,31.258599999999998,0.04079264639613283,31.19,31.33,0.13999999999999702,-0.010346611484738527,31.6677,0.023539227644408398
380,1069713,1075382,891.63,55.74354760866947,893.3708076717081,1064.0,336.0,-275.36,52.752918402681765,280.3676158189458,448.0,304.0,-13761.11,80.96473244567662,13761.348179593451,14024.0,480.0,13792.92921719355,80.77579766553927,13793.165739597274,14054.09321158786,477.0089885302459,92.9775,11.298760717441537,93.66150489929147,132.0,345.175,11.99330542427733,345.38329432675226,381.0,97.7775,11.259795457733679,98.4236887136425,129.0,370.9589592214603,11.78009224628385,371.14595511739043,403.6211094578677,1050.9525,482.26132464023067,1156.3205189306293,3148.0,0.2117025,0.09712517178234487,0.23291897196235434,0.634,31.25425,0.03368883346154852,31.19,31.33,0.13999999999999702,-0.02469571352972253,31.667650000000002,0.011993210276312772
381,1072588,1078357,894.09,52.32658884353154,895.6198970545485,1036.0,340.0,-276.43,51.5023795566768,281.186841797407,432.0,300.0,-13761.31,78.67759465057381,13761.53491003093,13976.0,432.0,13793.290220932202,78.67020488152768,13793.514567360997,14007.055365065136,432.0942969810003,93.3525,11.15563730810571,94.01668734857658,132.0,345.8575,11.657280718503781,346.0539011483616,381.0,97.5775,10.781418911720293,98.17131709414925,127.0,371.61821779142986,11.399460755729994,371.793017013499,401.40876921163544,1056.0275,501.21681111446173,1168.9364279121428,3148.0,0.21273249999999996,0.10094744149184763,0.23546868687789466,0.634,31.2484,0.021666564102320884,31.19,31.27,0.0799999999999983,-0.003466805338880148,31.66955,0.013161708720417992
382,1075458,1081243,896.55,55.05613044884284,898.2388769141536,1032.0,336.0,-274.39,54.212986451587405,279.69433315675167,432.0,300.0,-13755.44,76.58829153336688,13755.653214587812,13980.0,508.0,13787.572477397169,76.82799307623866,13787.786528663693,14012.361970774235,507.7743058360702,94.0375,11.433988532004046,94.73007706108974,122.0,345.4275,10.89149869164019,345.59916449551787,375.0,97.6825,10.393589069710233,98.2338918092936,129.0,371.4043709696209,11.01184474373995,371.5675813361548,400.5820764837089,1021.12,455.2041801214044,1117.9878800774184,2659.0,0.2057,0.09171218566799069,0.2252190378276224,0.536,31.2603,0.016183633708162972,31.19,31.29,0.09999999999999787,0.010371650821088802,31.66745,0.016467405338927005
383,1078433,1084132,895.65,59.363941075369986,897.6151736685382,1032.0,312.0,-272.8,56.17757559738583,278.5242538810579,416.0,292.0,-13746.75,77.28905161793615,13746.967271365711,13980.0,508.0,13778.839239381365,77.37658098115007,13779.056496001458,14012.361970774235,507.7743058360702,94.8775,11.80751852634583,95.60940068842602,137.0,344.735,11.182789231672032,344.9163304339184,385.0,97.4425,11.08317164669031,98.070778012617,129.0,370.9354324099745,11.541879518744459,371.11495523624484,406.6472672968552,974.25,448.78710153033586,1072.647623872817,2909.0,0.19624249999999996,0.09041406800797097,0.21606902253678106,0.586,31.254849999999998,0.025366858299757433,31.21,31.29,0.0799999999999983,-0.007018775223723311,31.665399999999998,0.015408880035873181
384,1081319,1087112,894.29,60.57983080200868,896.3395115691375,1160.0,440.0,-274.69,55.152188533185154,280.17201858858067,436.0,312.0,-13750.25,82.61148527898527,13750.498162612146,14004.0,488.0,13782.28334473971,82.3796413587539,13782.52954286694,14036.378450298353,488.9311630785196,94.7625,11.883227413038934,95.50467266055625,137.0,344.68,11.975708747293414,344.8879818143856,385.0,97.1225,11.19519958509003,97.7655997782451,125.0,370.7835304769862,12.105722903726058,370.9810979012273,408.2976855187891,964.1375,484.20766061035215,1078.89674088858,2909.0,0.19421749999999996,0.09750043689004681,0.21731721629912343,0.586,31.247349999999997,0.02956311045881273,31.21,31.29,0.0799999999999983,0.0,31.6758,0.014521956412451225
385,1084208,1090007,901.54,57.92088051816892,903.3986938223898,1160.0,428.0,-276.41,51.360995901559384,281.1413167785909,436.0,284.0,-13751.94,83.10039951769184,13752.191077788295,14020.0,464.0,13784.450511195746,82.78396218683437,13784.69909283478,14046.554025810032,457.2399886704079,93.78,11.08339298229563,94.43267442998743,124.0,344.9,11.594826432508595,345.09484203621474,383.0,97.4725,11.24607681593897,98.11912402788765,125.0,370.81461572889117,11.48317298636447,370.9923752585759,408.2976855187891,965.25,473.3422783779197,1075.0630097812873,2672.0,0.1944425,0.09533150944860781,0.2165548025327538,0.538,31.235649999999996,0.03528565572580375,31.19,31.29,0.09999999999999787,0.006897740989825684,31.672450000000005,0.019594830784769333
386,1087187,1092967,905.12,55.05075476321827,906.7925892948177,1072.0,340.0,-279.26,52.186707119725426,284.09435052461004,424.0,324.0,-13752.0,82.24110894193974,13752.245911123026,14020.0,492.0,13784.792124755757,82.1953604021551,13785.037178041996,14046.554025810032,484.06103963673013,92.96,11.376220813609413,93.65351034531487,128.0,345.9525,10.305592838357239,346.10596282063676,378.0,97.695,11.217708099250933,98.33692083851314,131.0,371.64911520584224,10.363525785878691,371.793581843474,402.1554425840834,975.6,434.94222604847187,1068.1620195457242,2672.0,0.19649750000000002,0.08760499411420561,0.2151415871002164,0.538,31.2421,0.032520608850388315,31.19,31.29,0.09999999999999787,0.006920415224913347,31.66085000000001,0.015552562667091943
387,1090084,1095842,900.48,53.994162647456626,902.0973339945086,1036.0,288.0,-277.54,52.962141195385975,282.54811979554916,436.0,336.0,-13758.51,81.95059426264095,13758.754061324013,13976.0,452.0,13790.947762054018,81.76909133190952,13791.190171990234,14004.640373818958,448.49106806107375,92.63,11.489912967468467,93.339889650674,128.0,345.57,10.69275923230295,345.73539014685787,372.0,97.805,11.19338979040755,98.44343553533675,131.0,371.23203185386114,11.098807397817547,371.3979065638362,399.22550018755067,1001.6925,427.88203157383225,1089.252448929999,2389.0,0.20176249999999996,0.08617395832703753,0.21939475267198164,0.481,31.264850000000003,0.012824878167062367,31.25,31.29,0.03999999999999915,0.006946856547412148,31.663700000000002,0.012912273891249363
388,1093067,1098707,896.54,54.92493422845402,898.2208637078077,1056.0,324.0,-275.07,53.33193321078845,280.1924338735791,436.0,312.0,-13751.78,77.25510727453558,13751.997001163141,13980.0,456.0,13783.933338344787,76.88799689924382,13784.147780693589,14013.231461729303,457.0821559714186,92.86,10.821986878572714,93.48847522555921,124.0,344.7025,11.434771259190102,344.8921099416454,372.0,97.695,12.051845294393717,98.43556267934876,125.0,370.466555880339,11.608336407928563,370.6483812186423,399.22550018755067,1043.445,450.5024716635858,1136.5429798296236,2388.0,0.21018499999999998,0.09074638160830437,0.2289380702286101,0.481,31.257749999999998,0.0438056788556003,31.15,31.33,0.17999999999999972,-0.007092198581560133,31.668450000000004,0.0178154701718378
389,1095918,1101703,900.91,55.08622241540983,902.5925548108626,1056.0,324.0,-272.96,54.99634896972707,278.4452549425111,432.0,324.0,-13751.61,79.02485621625642,13751.837059825863,13980.0,432.0,13784.012156557266,78.97131049653883,13784.238375768173,14013.231461729303,433.3516389915476,92.9625,10.955185701301462,93.60578240685774,124.0,344.9875,11.301431048765462,345.17256191649994,373.0,97.8725,11.966045451610153,98.60128041764975,127.0,370.8159811466957,11.12926889842351,370.98295446017465,397.29837653833926,1045.3375,472.7647550248961,1147.2737260566896,2889.0,0.2105525,0.09523519435455571,0.23108893850636816,0.582,31.2491,0.04997189209945885,31.15,31.33,0.17999999999999972,0.006914433880725868,31.667150000000003,0.01641801993073904
390,1098782,1104567,903.65,54.57103169264807,905.2962609002645,1088.0,328.0,-272.01,53.5660330806753,277.23412488364414,400.0,292.0,-13753.72,85.25304452041581,13753.98421985426,13988.0,528.0,13786.269790073076,85.2483156344474,13786.533356866765,14023.456349987331,525.6455645303049,93.6275,11.37227961975962,94.31562701906827,121.0,345.09,11.902810592460925,345.29521427323607,376.0,97.84,11.79149693635206,98.54798323659394,127.0,371.07228809150445,11.886316104476347,371.26261258036743,397.29837653833926,1025.0625,487.81161178650717,1135.2150886506047,2889.0,0.20647500000000002,0.09824705784398838,0.22865784482496987,0.582,31.2643,0.035770239026318304,31.19,31.33,0.13999999999999702,0.006914433880725868,31.663200000000007,0.015110619678481214
391,1101779,1107554,896.06,53.20071804026709,897.637922550067,1088.0,352.0,-273.14,53.27795416492642,278.2876209966947,424.0,312.0,-13753.85,84.57740537519462,13754.110046091677,14024.0,564.0,13785.919676048563,84.61492502602904,13786.179347447936,14049.968540890048,552.1577554330215,94.8725,10.919077055777196,95.49878271475507,135.0,344.57,12.350510110922546,344.79127019111144,376.0,97.045,11.262014695426393,97.69628959177518,129.0,370.66366997243153,12.411537478023323,370.8714096556919,398.93232508785246,1066.5175,489.1814844142713,1173.3533579020432,2502.0,0.214815,0.09852012878087402,0.23632964266041617,0.504,31.286900000000006,0.021456700585131452,31.25,31.33,0.0799999999999983,-0.006926406926406778,31.66705,0.01763732371903294
392,1104643,1110452,895.89,52.888825851969905,897.4497868961806,1036.0,300.0,-272.07,54.71046609196453,277.5163418611596,424.0,320.0,-13756.58,82.29643734694717,13756.82616012865,14024.0,484.0,13788.615990051558,82.25885298554658,13788.861354005994,14049.968540890048,479.3060662722364,94.83,11.36732598283343,95.50887393326339,135.0,343.9875,11.559080575461008,344.18165625146264,373.0,96.545,10.844721066030237,97.1521744481306,129.0,369.98126178242245,11.634793933997226,370.1641561523752,398.93232508785246,1112.1125,477.93887668168406,1210.462631600001,2502.0,0.22399749999999996,0.09627394504096111,0.24381048480325862,0.504,31.285050000000002,0.01767759881884377,31.25,31.33,0.0799999999999983,0.0,31.670250000000006,0.011369285449362661
393,1107634,1113302,900.83,55.50343322714371,902.5382651167761,1036.0,308.0,-275.16,52.069323022294036,280.0432823689938,400.0,296.0,-13755.55,81.03281742602807,13755.788676771681,14008.0,468.0,13787.97215499517,80.90446883747636,13788.20951682995,14041.837486596973,468.7547122232754,93.1975,12.468099043158102,94.02780173969825,129.0,343.595,11.38687731557691,343.78363108210954,375.0,97.5625,11.089458677050022,98.19072002994987,125.0,369.51402783488373,11.367199885668807,369.6888286113066,398.4131021941924,1078.835,450.7375209309738,1169.2088222383545,2590.0,0.217315,0.0907839510871828,0.23551546658340722,0.522,31.292199999999998,0.027552858290928756,31.25,31.35,0.10000000000000142,0.007057163020465622,31.66925,0.014033168728460133
394,1110535,1116282,899.81,55.803977456808575,901.5387512469999,1044.0,316.0,-281.4,52.231408175541276,286.206359118731,440.0,300.0,-13752.59,80.2312401748845,13752.824028540464,13968.0,480.0,13785.080244074474,80.11007694208365,13785.313016395385,13995.640464087379,470.6212774096748,93.775,12.476953754823331,94.60140062388082,129.0,343.44,11.951209143848166,343.64787937655024,375.0,98.4025,10.76756675159249,98.98986059188083,129.0,369.73644003146126,11.715264096966244,369.9219951557355,396.3950050139381,1023.1225,433.67512897761384,1111.2397434847262,2590.0,0.206085,0.08734055630118233,0.2238289525508262,0.522,31.287299999999995,0.03344712244722988,31.25,31.35,0.10000000000000142,0.0,31.67160000000001,0.013634689651942358
395,1113378,1119167,897.57,55.013953684497174,899.2543800282542,1052.0,284.0,-282.73,53.11371856686369,287.6757202128814,440.0,300.0,-13754.19,82.26034220692253,13754.435986982528,13972.0,484.0,13786.559946197309,81.79199171091736,13786.80256912385,14000.149713485209,475.1305268075048,94.54,11.760459174709124,95.2686727103931,125.0,344.2075,11.672379523901714,344.40535347174847,376.0,97.315,11.22923750750691,97.96073192866619,129.0,370.3415865772824,11.600937523376732,370.52324151124446,407.77567362460456,1011.4775,437.7201725917484,1102.1277977167622,2289.0,0.2037225,0.08814984681637286,0.22197579259910302,0.461,31.268949999999997,0.01923271951649023,31.25,31.33,0.0799999999999983,-0.010364484366902526,31.676950000000005,0.012927307848912096
396,1116358,1122057,893.85,57.36948230549061,895.6891648334259,1056.0,332.0,-279.23,52.968737005898106,284.20957056369514,432.0,292.0,-13757.65,82.38614871445321,13757.896677908291,13972.0,444.0,13789.7081790606,81.8748822849786,13789.95123849247,14000.149713485209,441.0529884079806,93.6525,11.513546097966515,94.35757786208801,126.0,344.375,11.513008946404932,344.56739543955695,376.0,96.645,10.896282622986613,97.25731334969109,127.0,370.07990049366,11.397137825032631,370.25535445149205,407.77567362460456,1032.1625,463.6064614452111,1131.4991725582481,2900.0,0.20787750000000002,0.09337699124382838,0.22788663299983172,0.584,31.259699999999995,0.024205577869573263,31.19,31.29,0.09999999999999787,0.0,31.673950000000005,0.01855419481851577
397,1119243,1125072,896.0,55.05270202269821,897.689701400211,1056.0,332.0,-271.8,54.62563500775071,277.2349184356112,416.0,308.0,-13753.32,79.81188883869372,13753.55157622932,14000.0,472.0,13785.374007096654,79.68967601880063,13785.604337859113,14030.27811556136,471.18139048413104,93.625,11.53730362779796,94.33318610118074,135.0,343.6825,11.169901241729939,343.86396656236025,376.0,98.08,11.123335830586074,98.70873821501317,127.0,369.8108946547449,11.1577190615813,369.97917846819433,400.3436024217197,1012.3275,468.5342679503282,1115.496000665175,2900.0,0.20389749999999998,0.0943921977376838,0.22468662065196496,0.584,31.24915,0.029364561975278352,31.19,31.29,0.09999999999999787,-0.003431120260765067,31.667849999999998,0.016943884976453275
398,1122133,1127952,897.85,51.22633600014742,899.3101578432215,1040.0,268.0,-267.72,55.16449582838585,273.3443249822465,424.0,316.0,-13757.86,80.08832873771308,13758.09310624114,14000.0,484.0,13789.929392852728,80.30653856557709,13790.163226010054,14030.27811556136,482.4570361405058,94.1375,11.371173807043844,94.82179338105772,135.0,344.5375,11.428192934580691,344.72698255286025,372.0,98.235,11.503033295613815,98.90619293047327,127.0,370.7839787532606,11.381612359485576,370.9586230295772,396.1060464067672,996.2825,441.76874911400193,1089.8341376099393,2447.0,0.2006775,0.08898760303407435,0.21952278355560273,0.493,31.2493,0.03065142737296193,31.21,31.29,0.0799999999999983,-0.003437016669530774,31.670199999999994,0.01614346706324543
399,1125148,1130904,897.28,52.94791402878871,898.8408535441633,1040.0,308.0,-272.0,52.74618469614651,277.0670676930046,424.0,292.0,-13756.44,80.52854400769952,13756.675700182803,14040.0,524.0,13788.55655500648,80.71858142856746,13788.792817357145,14075.811308766539,527.9902293456853,94.545,11.00354374735703,95.18316552836431,134.0,344.1975,12.30501904712057,344.41738123968133,372.0,97.67,11.278789828700594,98.31907241222325,127.0,370.4142006194436,11.963589739646062,370.6073494953925,397.8265953905043,1038.9375,457.441262452077,1135.1844068256046,2255.0,0.2092625,0.09211589761680662,0.22863974392043043,0.454,31.249450000000003,0.03044170658816553,31.19,31.29,0.09999999999999787,0.006949270326615557,31.66875,0.014899412109309531
400,1128028,1133777,896.74,54.29265512019098,898.3820568110207,1060.0,340.0,-274.99,48.68490423118854,279.2663961166828,428.0,296.0,-13750.65,79.34568356249758,13750.8789231816,14040.0,524.0,13782.794750170833,79.49889724600932,13783.024022325433,14075.811308766539,523.8101281290456,94.895,11.000635208932255,95.53049251417058,134.0,343.44,11.807895663495676,343.64292514178146,372.0,97.4375,11.612325079414545,98.12702227215499,133.0,369.73747806399916,11.817140723277937,369.92627305991664,397.8265953905043,988.5775,457.1815602074847,1089.1742066813738,2332.0,0.19912500000000002,0.09206301849820046,0.21937722078648,0.47,31.2421,0.02890657364683619,31.19,31.27,0.0799999999999983,0.0034788658897198775,31.669750000000004,0.02116737215882765
401,1131018,1136647,897.71,56.033524786506156,899.4570584524866,1060.0,340.0,-274.17,50.518621319271965,278.7854372093349,428.0,276.0,-13751.42,84.09413534842962,13751.677128263302,13992.0,484.0,13783.625230319421,83.92657565916363,13783.880736570525,14021.69119614321,481.3833709865012,94.785,11.272700430686518,95.45297271431625,134.0,344.145,11.49430184917727,344.33689898121577,377.0,96.635,11.77335020289467,97.34955058961495,133.0,370.1622499372829,11.662492073674043,370.3459261285319,401.03117085832616,975.8525,461.32044800089886,1079.4001378080327,2427.0,0.19656500000000002,0.09291663346785656,0.2174196403271793,0.489,31.24035,0.02996460411885933,31.19,31.29,0.09999999999999787,-0.0071060579143718515,31.6691,0.021641647401611525
402,1133853,1139532,898.23,55.91803912871051,899.9688661281566,1040.0,300.0,-274.19,50.96473192316427,278.8862850697395,416.0,276.0,-13753.42,86.66339250225552,13753.693040052916,13980.0,472.0,13785.657106952998,86.32432748847857,13785.927381210158,14012.159862062665,471.8520369059552,93.99,11.908396197641395,94.74138483260629,125.0,344.92,12.07056750944213,345.13114174180225,377.0,96.475,11.474291917151142,97.15495355358881,128.0,370.65403240878754,12.0875249371196,370.85107523101505,401.03117085832616,1004.24,463.3418526315101,1105.9763333815058,2427.0,0.20227,0.09334595384910906,0.22277033016090808,0.489,31.2399,0.029257306779674093,31.19,31.29,0.09999999999999787,-0.010565240359217947,31.661199999999997,0.015334531935283323
403,1136722,1142498,898.14,56.98965169221513,899.9462650625314,1048.0,308.0,-275.79,51.76944948519348,280.6068423969736,448.0,316.0,-13756.18,81.84160066860862,13756.423453790596,13960.0,444.0,13788.441720691411,81.88183618164763,13788.684843740537,13990.763238651421,444.31219049862557,94.0725,12.40835378887949,94.88731474754674,130.0,344.4725,11.702745137359868,344.6712310303835,377.0,96.8075,10.79562150827825,97.40758440696494,130.0,370.34372961604845,11.645575729657192,370.5267837822254,400.9900248135856,995.1325,450.4687779899401,1092.3418935937593,2420.0,0.20042000000000001,0.09075620419563613,0.22001105654034753,0.487,31.242299999999997,0.03054030124278345,31.21,31.29,0.0799999999999983,0.006925207756232539,31.6621,0.015562631163201291
404,1139608,1145358,898.46,56.97673560322669,900.2648054878075,1048.0,312.0,-273.57,52.5110950181007,278.5641039330086,448.0,316.0,-13752.43,80.8990426395764,13752.667943348302,13960.0,432.0,13784.681021373668,80.74267137386843,13784.917491229318,13991.682100448108,434.4664571089488,94.875,12.418106739757071,95.6842463522601,130.0,342.9075,11.585937327208361,343.10317325842385,371.0,97.6025,10.934097756559524,98.21304648568845,130.0,369.3068560143123,11.554700377939872,369.48757083290366,395.6475704462243,1015.8375,462.3001255610364,1116.085674354796,2415.0,0.2046,0.0931096933729244,0.2247900687308049,0.486,31.240599999999993,0.03934005592268438,31.19,31.33,0.13999999999999702,0.02086956521739086,31.668250000000008,0.015182680410954668
405,1142574,1148227,901.5,56.90263614280097,903.2940606469191,1060.0,324.0,-272.17,51.23681391343533,276.9507537451379,424.0,296.0,-13753.78,87.93106163353198,13754.061078823228,14032.0,524.0,13786.195842646644,87.41983866595956,13786.473009439362,14063.948236537277,526.3655867434081,95.32,12.255309053630594,96.10460446825635,133.0,342.68,12.303154067148798,342.90078740067077,385.0,97.695,11.028688725319977,98.31553793780513,125.0,369.23708709934647,12.122850753416774,369.4360431793303,411.7535670762307,1038.4175,483.85306984016336,1145.611058562198,3019.0,0.209165,0.0974609038281505,0.23075663587424738,0.608,31.242199999999997,0.04378538568974719,31.19,31.33,0.13999999999999702,0.0035379444542719928,31.666800000000002,0.014222013365217797
406,1145438,1151212,902.8,57.45189291920676,904.6261990457716,1092.0,384.0,-273.7,52.598764244039046,278.7083062988974,484.0,356.0,-13756.19,86.8262857664659,13756.46401223803,14032.0,524.0,13788.720970221635,86.61989015315662,13788.993037927026,14063.948236537277,526.3655867434081,94.73,11.933863582260358,95.47874108931265,133.0,343.595,12.292110274480946,343.8148048004914,385.0,96.7675,11.358188400885064,97.4318094874564,130.0,369.6854046932343,12.266582930857366,369.8888583074651,411.7535670762307,1051.405,492.2557119780328,1160.9341755672456,3510.0,0.21178750000000002,0.09917251304545026,0.23385707707914252,0.707,31.25585,0.03766666297935004,31.19,31.33,0.13999999999999702,-0.024246622791824907,31.666850000000007,0.011892479879918304
407,1148303,1154097,901.28,55.88954821789133,903.0112291660608,1092.0,384.0,-273.46,55.07693165019271,278.9513219183591,484.0,336.0,-13753.76,86.5490750961557,13754.03231347084,13964.0,456.0,13786.194692842288,86.50948530173314,13786.466117174481,13999.26055190059,452.5118644848535,94.18,11.392436087158883,94.86653783078626,132.0,344.895,11.69140603178249,345.0931033793634,379.0,97.3475,11.556242631149624,98.0310282512634,130.0,370.88672062981067,11.91775819794903,371.0781487773162,411.59446060412427,1049.4825,476.86800552537596,1152.7430817402462,3510.0,0.21142000000000002,0.09605653855932973,0.23221816251103186,0.707,31.250950000000003,0.035384989755543904,31.19,31.29,0.09999999999999787,0.0,31.669650000000004,0.012216817366500859
408,1151288,1156982,899.57,54.12739694461577,901.1969596042809,1056.0,324.0,-267.83,53.00350082777552,273.02432126094556,448.0,300.0,-13753.09,86.0649283971119,13753.359288552016,14024.0,516.0,13785.288636273712,86.06494421603149,13785.557295952893,14053.952042041414,507.2033546256771,95.0675,11.344511613551285,95.74198399866174,128.0,344.975,11.425164112606872,345.1641421121261,374.0,97.41,11.40293383300982,98.07514975772405,128.0,371.2061934285455,11.380222330398693,371.3805965583016,398.43945587755235,1050.175,466.1139499896994,1148.9689921838622,2466.0,0.21156000000000003,0.09389444286005429,0.23146014775766474,0.497,31.2484,0.027045147439050295,31.19,31.29,0.09999999999999787,0.010537407797681546,31.663200000000003,0.01312213687592499
409,1154173,1159943,898.88,52.690279938523766,900.4229672770459,1056.0,316.0,-266.19,49.92037559954852,270.8305004980052,420.0,292.0,-13753.61,81.31425397800807,13753.850371441446,14024.0,520.0,13785.713080790667,81.39762967725984,13785.953384514254,14053.952042041414,519.8901240509385,94.77,11.8273877081966,95.50518310542104,128.0,344.8125,11.368480274425426,344.99985869562323,375.0,96.6825,11.667977277574721,97.38402076316216,124.0,370.8160676576284,11.190798315274881,370.98489187566656,401.2704823432693,1048.48,482.2192287746311,1154.0561923060766,2713.0,0.2112,0.09714339915815176,0.23246995504795884,0.546,31.25865,0.009908455984662586,31.25,31.27,0.019999999999999574,-0.0034662045060657844,31.65865,0.009920864826076094
410,1157058,1162812,898.82,55.595391895372046,900.5377504580249,1072.0,364.0,-272.18,51.65314704836482,277.0379035439014,420.0,316.0,-13754.09,81.6063226717146,13754.332092835333,13980.0,476.0,13786.322770262253,81.69476206311315,13786.564820868178,14014.704848836453,480.6429308459774,93.555,11.458271030133647,94.2540715300936,128.0,343.915,11.520971096222748,344.1079191184068,375.0,97.4725,11.5075733215131,98.14943963161481,130.0,369.85884111506226,11.48216656485862,370.03702855254903,403.5913775094805,1059.83,496.98301389484124,1170.5689834435218,2713.0,0.21347000000000002,0.100109011082919,0.23577797819134846,0.546,31.26315,0.019951879610702924,31.21,31.29,0.0799999999999983,0.006951685783802425,31.664900000000003,0.012262378023328016
411,1160022,1165682,899.61,56.24204743783782,901.3663628070442,1072.0,364.0,-274.05,51.64414293993076,278.8736631523314,420.0,316.0,-13755.44,82.05952961113047,13755.684765216161,13980.0,516.0,13787.760285098047,82.22846631819232,13788.00548302763,14014.704848836453,514.0464945190597,93.46,11.759608837031953,94.19692139342983,128.0,343.5075,11.374310693400282,343.69576299395953,375.0,97.2375,10.838177602807587,97.83965198221016,130.0,369.38097521680857,11.407460185308684,369.557079488406,403.5913775094805,1050.42,466.0856183149186,1149.1814391122057,2561.0,0.211585,0.0938714694409329,0.2314736810093104,0.516,31.2573,0.046116266110776884,31.13,31.33,0.1999999999999993,0.014134275618374256,31.6594,0.01806809730854135
412,1162888,1168672,902.5,56.54087017370709,904.2693846415458,1068.0,320.0,-272.78,50.679696131685716,277.44794106282353,420.0,292.0,-13753.05,83.47680815651734,13753.303337016892,13996.0,532.0,13785.538677320024,83.40585179514906,13785.790987825108,14027.097775377486,526.4394210600931,93.2525,11.981182902785518,94.01902732957835,127.0,344.09,11.054496822560491,344.26752678694515,387.0,96.84,10.431893404363372,97.40025667317309,127.0,369.76192115462703,11.074256816568289,369.92771929121506,406.1268274812685,1021.9,457.2877977816596,1119.5497934437753,2363.0,0.205855,0.09210580315593583,0.2255210854886966,0.476,31.259699999999995,0.05283852761006841,31.13,31.33,0.1999999999999993,0.0069156293222681796,31.658050000000003,0.019264612980365085
413,1165757,1171553,901.72,54.092528134669394,903.3409987374646,1060.0,312.0,-273.5,52.3280995259717,278.46091287647533,400.0,272.0,-13750.21,81.82491002133763,13750.453460159051,13996.0,500.0,13782.665021698753,81.7355469896606,13782.907378343656,14027.097775377486,502.2087185312157,93.3675,11.14528796173522,94.03035414162812,125.0,343.895,10.80666345362897,344.0647540798098,387.0,96.79,11.112420978346707,97.42581793344104,130.0,369.5907653127129,10.803642698792027,369.7486342097831,406.1268274812685,1011.1675,459.0284026547268,1110.4804309396902,2363.0,0.2036775,0.09245868533431567,0.22368087200294975,0.476,31.272549999999995,0.037128122764286654,31.21,31.33,0.11999999999999744,-0.010351966873705784,31.66235,0.016527564884233487
414,1168751,1174448,897.48,51.4584259378384,898.9540143967321,1028.0,268.0,-270.31,53.93610942587535,275.6385314138791,396.0,260.0,-13754.92,77.63989696026135,13755.139118162346,14056.0,560.0,13787.020507584855,77.54097906668383,13787.238558899313,14080.177839785973,555.2887829397023,94.4075,10.752043701083064,95.01780096381941,126.0,343.955,11.759165574138327,344.1559530213011,379.0,96.88,11.528902809894792,97.56356902040844,130.0,369.9409143941691,11.578961836282494,370.12207783378716,407.6101078236407,1011.795,426.81638086535526,1098.1353946576896,2155.0,0.20379750000000002,0.08596369288106462,0.22118584380561065,0.434,31.28625,0.030739835718493355,31.25,31.33,0.0799999999999983,-0.007021239248727251,31.660749999999997,0.023383851506504152
415,1171629,1177318,897.5,57.39259534121105,899.333175191486,1064.0,312.0,-267.59,53.31146124427654,272.84889591127177,428.0,292.0,-13753.48,77.28421313567215,13753.697137860787,14056.0,532.0,13785.552820387855,77.23390639141162,13785.769171141666,14080.177839785973,532.154220084094,95.0525,10.550817207685858,95.63627711281949,126.0,343.9775,12.060555283650915,344.1888689368092,379.0,96.255,11.02224908990901,96.88402861153122,123.0,369.93983417583195,11.971177467484608,370.13347592456427,407.6101078236407,985.865,433.64368065844104,1077.0221167645536,2472.0,0.1985625,0.08735279671395758,0.2169275858437557,0.498,31.278000000000006,0.034234485537246645,31.21,31.33,0.11999999999999744,-0.007031112673580444,31.6665,0.024273917229078457
416,1174523,1180283,900.61,58.44850639665653,902.5046260269252,1064.0,312.0,-272.44,52.98118911462822,277.5437983454143,428.0,300.0,-13746.25,82.6424678963546,13746.498421052542,13948.0,424.0,13778.641382325892,82.49640753664539,13778.888344129942,13976.65997296922,428.6363532673422,95.5075,10.46087681554467,96.07867869616025,130.0,344.2825,11.443456372530111,344.4726295368037,377.0,95.4275,10.893105330896235,96.04721495181418,126.0,370.11224359907044,11.597397900493172,370.2939001658007,403.4067426308093,991.3675,436.6872822097639,1083.2844974890022,2472.0,0.19969250000000002,0.08797100626769026,0.2182108899665642,0.498,31.263600000000007,0.026439364591456623,31.21,31.29,0.0799999999999983,0.0,31.669000000000004,0.013909842172836143
417,1177393,1183187,900.2,55.022540835552114,901.8799920166763,1076.0,312.0,-274.28,52.73406489168079,279.3034192415123,440.0,312.0,-13749.11,82.56299352615552,13749.357891916263,13944.0,404.0,13781.491583799072,82.0370993836331,13781.73575279979,13974.702286632084,403.6147841509355,95.5375,11.452230950779851,96.22145031124816,130.0,344.69,11.115030364330995,344.8691635968632,379.0,95.8125,11.594711887321736,96.51151485703662,129.0,370.6464123822934,11.358564527918743,370.8204147562537,405.6537932769765,1052.605,459.32297348924317,1148.4576091436722,2379.0,0.21205250000000003,0.0925119437897075,0.2313541062959549,0.479,31.265,0.025670995305986325,31.21,31.29,0.0799999999999983,-0.003451846738004759,31.66915,0.012274124626154325
418,1180383,1186178,899.58,56.559911598233604,901.3563113441876,1156.0,412.0,-270.42,52.62455320475414,275.4928674212819,440.0,328.0,-13754.94,82.41551067608572,13755.186902401581,13968.0,432.0,13787.196045938512,82.04529759514274,13787.440162698804,13999.694853817351,435.5650992035298,94.165,12.025920962653961,94.92981618016545,142.0,344.1025,11.441240918274556,344.29265530940387,379.0,96.5075,11.345260849799795,97.17207675047395,130.0,369.93584046306466,11.789357102319698,370.1236482582544,405.6537932769765,1042.1575,487.0357150084067,1150.3460533682896,2368.0,0.20993500000000004,0.09810341877325174,0.23172609909114683,0.477,31.27575,0.022670189677194547,31.21,31.29,0.0799999999999983,-0.013805004314063554,31.66535,0.015491205363336345
419,1183262,1189043,897.92,54.08727761682963,899.5475307064102,1156.0,412.0,-268.33,53.05705513878432,273.5252090758729,412.0,300.0,-13754.78,81.23319272317198,13755.019872032173,13968.0,432.0,13786.878367679785,80.98366997836143,13787.116213334824,14000.965109591552,436.8353549777312,93.5775,11.778751790830809,94.31589208611663,142.0,343.6075,11.88521954992839,343.8129905922695,371.0,97.82,11.084114759420348,98.44597503199407,131.0,369.65188885656676,12.326843260642972,369.8573643987639,400.6170241015726,1008.825,469.97356774078264,1112.9254400003622,2368.0,0.20322500000000002,0.0946782148912832,0.22419715653861447,0.477,31.27065,0.02250727660113454,31.21,31.29,0.0799999999999983,0.0,31.657049999999998,0.012637117624469063
420,1186255,1191902,897.56,48.819324042841885,898.8866891883537,1032.0,288.0,-269.41,53.2200328823649,274.6163141548586,412.0,312.0,-13751.38,79.97959489769876,13751.612583257282,13968.0,496.0,13783.465030899411,79.69806756190417,13783.695442079385,14000.965109591552,488.27477790704324,94.8225,11.629531106196845,95.53299168350168,126.0,344.11,11.859085124915833,344.3142895669595,371.0,97.8425,10.962330671440267,98.45469770407098,131.0,370.44257228081113,12.021257919868033,370.6375722994095,399.2818553353007,1029.7225,497.816653491775,1143.743785775468,2926.0,0.20740750000000002,0.10024321145967939,0.23036182952043074,0.589,31.281399999999998,0.04456500869516367,31.21,31.39,0.17999999999999972,0.02479192491588464,31.6591,0.014342393825706509
421,1189118,1194777,898.72,52.008860783524185,900.2236166642153,1032.0,288.0,-271.71,52.82533388441572,276.79747108671353,436.0,336.0,-13750.97,82.57953196767343,13751.217957693783,13964.0,492.0,13783.186068352834,82.44104053442044,13783.432617457815,13994.610391147015,481.9200594625054,95.9075,11.672786460395821,96.6152291308156,130.0,343.49,12.172711283851267,343.7056225900298,374.0,97.5075,10.827739549416583,98.1068422690283,128.0,370.07525369540906,11.7182166850848,370.2607324575481,399.2956298283266,1050.6425,498.1760278192338,1162.7678261372732,2926.0,0.21161500000000003,0.10031755467015732,0.2341890689165487,0.589,31.3053,0.03859935232617272,31.25,31.39,0.14000000000000057,0.007068386640749098,31.66045,0.01722030333989024
422,1191978,1197747,900.74,53.980111152164184,902.3560272974299,1084.0,316.0,-276.36,53.085877594704975,281.41243753608336,436.0,316.0,-13753.61,79.02662779089084,13753.83703698717,13948.0,452.0,13786.052629606207,78.90179800070764,13786.27841732496,13980.849759581855,455.74244022945095,94.65,11.670154240625957,95.36673948500075,130.0,343.59,11.720149316454973,343.7898340556335,376.0,97.625,11.702964368056497,98.32395435497904,130.0,369.89661640583495,11.41745030707995,370.0727833818639,403.56040440063,1045.6125,462.91067425989434,1143.499799956257,2761.0,0.21061750000000004,0.0932456229200599,0.23033557584533051,0.556,31.2988,0.030042636369000317,31.25,31.35,0.10000000000000142,0.0,31.665600000000005,0.015914558836405905
423,1194957,1200587,900.96,55.1278368884541,902.6450022018623,1084.0,328.0,-278.77,52.957030694705686,283.7554580972849,476.0,340.0,-13757.69,77.28689345548831,13757.907086472129,13984.0,448.0,13790.188524244355,77.41463556257148,13790.40581563864,14011.924635823589,448.3015210360063,94.765,11.763068264700328,95.49227717464905,134.0,343.585,11.892761453926502,343.7907648556022,376.0,97.92,11.662701230846993,98.61209357883038,130.0,369.9947952914519,11.79243220190955,370.18267112332524,406.7726637816263,1049.3075,467.4946234383344,1148.737329636327,2981.0,0.2113625,0.09417136557229061,0.23139220492488505,0.6,31.3078,0.03930852324878177,31.25,31.39,0.14000000000000057,0.0,31.676750000000006,0.00946898379633921
424,1197823,1203473,899.92,55.163698208151345,901.609139261576,1064.0,320.0,-274.96,51.39920621955167,279.7228628482127,476.0,340.0,-13755.07,77.49771028875627,13755.288313954019,13984.0,448.0,13787.424712432903,77.590714615647,13787.643037154683,14011.924635823589,448.3015210360063,95.66,12.020998294650909,96.41234360806712,135.0,344.34,11.778344535629785,344.54138358113096,375.0,97.905,11.512209822618766,98.57951105579698,128.0,370.9243246949253,11.711974624869976,371.10918204754785,406.7726637816263,1058.62,481.1337969837496,1162.826743328515,2981.0,0.2132425,0.09691240216685375,0.2342314613795508,0.6,31.31375,0.03514167753537122,31.27,31.39,0.120000000000001,-0.003539823008850111,31.67625,0.01478119444676933
425,1200663,1206442,896.14,53.783830283831584,897.7525271476544,1044.0,300.0,-274.59,52.95480997983092,279.6495664219775,416.0,272.0,-13748.27,86.21210529850201,13748.540305065117,14004.0,536.0,13780.39025377384,85.83969766381794,13780.657604047783,14032.169326230352,530.1582167696579,94.2625,11.796762002770082,94.99780260616558,135.0,345.2325,11.34144804467225,345.41874225351467,375.0,97.045,11.61348246651279,97.73742885916326,131.0,371.15185449667376,11.73012803339826,371.3371715839932,400.9401451588504,1049.0825,486.3624632861278,1156.340147837132,2844.0,0.2113,0.09796404952838567,0.2329047981472258,0.573,31.2978,0.04177511220810741,31.21,31.39,0.17999999999999972,0.020764838207302475,31.66665,0.018292458421102564
426,1203548,1209302,893.17,58.43860966860864,895.0797282924019,1064.0,332.0,-276.15,55.8119834802527,281.73356207594435,428.0,296.0,-13749.82,87.50158627133567,13750.0984200114,14004.0,536.0,13781.804734825022,87.21428297353913,13782.080687617527,14032.169326230352,530.1582167696579,93.985,12.048642039665715,94.75415558169468,130.0,344.1425,11.392418257332373,344.3310144323337,375.0,96.7975,11.49941275674545,97.4781642215322,131.0,370.0089704285307,11.728248054107953,370.1948000715299,400.9401451588504,1061.1675,507.16717603148373,1176.135624619882,2835.0,0.21374749999999998,0.10215152345290794,0.23690278069284032,0.571,31.319249999999997,0.06142831187652821,31.21,31.41,0.1999999999999993,0.0,31.671800000000005,0.019537509711176695
427,1206518,1212167,899.25,58.213722609020635,901.1322877358241,1064.0,332.0,-272.35,52.09911227650621,277.2883697525015,428.0,296.0,-13751.09,81.80129522201955,13751.333304083644,14004.0,516.0,13783.374849662927,81.69231101782611,13783.616937509545,14037.40488836879,513.0641650654907,95.0725,12.049574421945366,95.83304492710226,130.0,343.3675,10.680470202664301,343.5335682287831,379.0,96.715,11.05345081863578,97.34459409746388,131.0,369.53320467692873,10.97568408797781,369.69616579023375,403.78583432309756,1065.7525,511.66851695580215,1182.2153198550593,2835.0,0.21469000000000002,0.10305092867121576,0.2381413235874866,0.571,31.35755,0.0439089683322214,31.27,31.41,0.14000000000000057,-0.007080899274207674,31.68215,0.017091160563974757
428,1209378,1215112,900.31,53.025502354998956,901.870168039724,1060.0,316.0,-275.53,49.134703621778364,279.87675859206314,432.0,296.0,-13749.33,83.4186495934812,13749.58305258745,14004.0,552.0,13781.72082315438,83.10278354507308,13781.971372775377,14037.40488836879,551.2763111973563,95.3325,11.84828864224703,96.06595390667809,133.0,343.5075,11.007722005483242,343.6838263578896,379.0,97.1375,10.500647301476228,97.70341600988166,125.0,369.8273233046419,10.997655992250927,369.99080731823597,403.78583432309756,1095.855,503.3028203527177,1205.907090119301,2796.0,0.220735,0.10137363944832996,0.242900298476556,0.563,31.351900000000004,0.029805871904710533,31.29,31.41,0.120000000000001,0.010463899546564749,31.6871,0.016007203892032935
429,1212243,1217988,898.39,52.18359799783837,899.904283799116,1032.0,268.0,-276.19,49.7272953215837,280.6309320085724,432.0,304.0,-13749.59,83.01175760095674,13749.840585257707,14000.0,548.0,13781.867834095834,82.56248248814899,13782.115133752148,14028.48815803043,542.3595808589962,95.145,11.572120592181884,95.84615276577355,136.0,344.475,11.628601592624971,344.67122015045004,380.0,97.1075,10.698174785915587,97.69502290290943,126.0,370.6742236843922,11.387378801691119,370.8490966687124,406.97174349087186,1187.9625,514.1343609347172,1294.4454575222549,2948.0,0.23928249999999998,0.10357418932219552,0.2607368932468131,0.594,31.323549999999997,0.03869622074570138,31.27,31.39,0.120000000000001,-0.013925152306353671,31.688450000000003,0.013305641670006712
430,1215212,1220853,899.17,53.59618549859682,900.7659185382182,1072.0,340.0,-270.42,51.52769740634643,275.2854518495302,392.0,268.0,-13753.33,87.47680321090843,13753.608191307472,14024.0,536.0,13785.547478630171,87.06500119645503,13785.82241289942,14057.368743829693,534.954166543579,95.505,11.0988726905033,96.14775088373102,136.0,343.7875,11.349552579286991,343.97479195429423,380.0,95.9325,11.239125577641705,96.58862510668634,126.0,369.8148268090375,11.375582279670589,369.9897431010757,406.97174349087186,1282.36,577.0147358603591,1406.1981279321915,3775.0,0.25829250000000004,0.116249352444433,0.2832471138423126,0.76,31.316049999999997,0.04982366405634989,31.27,31.43,0.16000000000000014,-0.017727353306151643,31.69120000000001,0.018693142698858446
431,1218064,1223842,902.16,57.11509782885782,903.9661498087194,1080.0,356.0,-269.8,56.058184059064914,275.56226156714564,456.0,408.0,-13751.31,89.16212144178715,13751.599056109802,14024.0,536.0,13783.744609638708,89.16555532187817,13784.033007795651,14057.368743829693,534.954166543579,96.08,11.436502962007223,96.75825546174342,126.0,342.885,11.396129825515326,343.0743286811183,372.0,97.0725,11.165224751432458,97.71249920046053,125.0,369.4380413223438,11.199157285716874,369.6077481601272,398.9360851063739,1263.37,608.0420734620261,1402.0766455511625,3775.0,0.25447000000000003,0.12247401397847626,0.282409038453092,0.76,31.297749999999997,0.05036802060831834,31.21,31.43,0.21999999999999886,0.0,31.686950000000007,0.022515881334753546
432,1220928,1226722,903.08,54.9075003983973,904.7476554266389,1080.0,356.0,-268.65,55.16681520624514,274.25572008619986,456.0,408.0,-13750.44,85.3189685826077,13750.704691760347,14004.0,576.0,13782.901998022195,85.30271341428009,13783.165965771434,14034.609221492417,572.959396898108,96.1825,11.65715204284477,96.88633804618688,127.0,343.4025,12.090719323100673,343.6152826927231,379.0,97.6275,11.074689329728397,98.2536386094683,128.0,370.09785278313126,11.822938099970207,370.28664909769566,402.622652119823,1255.5175,606.2605501710877,1394.2295533734753,3454.0,0.252905,0.12210307520697421,0.28083820965103734,0.696,31.298149999999996,0.04548161716561997,31.21,31.39,0.17999999999999972,0.01035554021401489,31.677650000000003,0.01988633111998172
433,1223920,1229627,902.33,52.27361762878096,903.8428845767388,1064.0,292.0,-271.71,51.58018902640819,276.5625426553639,432.0,308.0,-13750.64,82.55513551560557,13750.88781715566,13980.0,552.0,13783.087889128969,82.60024543766055,13783.33539314777,14017.558703283536,555.9088786892262,96.7975,11.107047031051952,97.43265622982881,127.0,343.5875,11.904719389805036,343.79367722516366,379.0,96.9225,10.754603374834424,97.51734461109983,128.0,370.21221099948815,11.82228095041145,370.4009280495933,402.622652119823,1263.255,597.5875542336872,1397.4706007641091,3639.0,0.25446749999999996,0.12037750597080005,0.28150391205096953,0.733,31.315700000000003,0.036104154885553505,31.27,31.39,0.120000000000001,0.010513404590853113,31.68395,0.015329219236674404
434,1226798,1232588,904.57,52.392700827500775,906.0860224062613,1040.0,268.0,-274.3,51.11702260499921,279.02229301616745,424.0,328.0,-13751.34,87.48922447936089,13751.618310584394,14000.0,456.0,13783.982009728636,87.70082939936096,13784.261005944425,14033.23882786864,461.53827119557354,97.2325,11.149145426892591,97.86961990321613,129.0,344.22,11.600284479270325,344.41541051468647,382.0,96.9825,10.117173209449367,97.5087816558078,121.0,370.92426307539523,11.117151702435878,371.0908244621524,403.21954317716296,1245.375,588.6911536408544,1377.5035989063695,3639.0,0.25085499999999994,0.11860397959174894,0.2774799722502509,0.733,31.315150000000003,0.025777461085219586,31.27,31.35,0.08000000000000185,0.0,31.68565,0.014442956674232085
435,1229704,1235472,901.21,53.4087623897053,902.7912050967267,1040.0,328.0,-273.03,50.354136870767626,277.6345079416462,424.0,328.0,-13743.09,90.82561257706992,13743.39012180037,14000.0,456.0,13775.508432146486,90.84247828558796,13775.80795888212,14033.23882786864,461.53827119557354,96.73,11.90092853520262,97.45935050060615,135.0,344.965,12.220833645868844,345.181401584732,382.0,96.38,11.041086903018199,97.01036027146792,131.0,371.3788912207252,11.715551871967273,371.563635195911,407.3143748997818,1290.5125,621.100185029557,1432.1968972526088,3317.0,0.2599575,0.12513071442995122,0.28850580150146027,0.668,31.337850000000003,0.036157675533695983,31.27,31.41,0.14000000000000057,-0.006934812760055331,31.685700000000008,0.016619281008910726
436,1232688,1238337,900.84,55.92221740954127,902.5740966812642,1040.0,328.0,-272.88,51.82379376309688,277.7574481449597,436.0,320.0,-13737.73,86.38198365400045,13738.001579560252,13968.0,436.0,13770.150938577315,86.13784765301058,13770.420349430151,13998.42105381889,435.0486118338231,96.6125,12.03172239332341,97.35880802474935,135.0,344.435,12.162885142925589,344.6496844623537,382.0,96.3325,11.433588402159666,97.0086465218436,131.0,370.85007751379885,11.959933445023198,371.0428816188232,407.3143748997818,1321.27,608.9062917231189,1454.8268917641026,3317.0,0.26616,0.12266136066422874,0.2930647624672745,0.668,31.34145,0.03859919040601822,31.29,31.41,0.120000000000001,-0.01062134891131214,31.688700000000008,0.012437714494818976
437,1235547,1241287,898.94,54.87436924466649,900.6133021447107,1036.0,280.0,-269.75,52.14074702188299,274.74300719035597,436.0,320.0,-13747.1,83.4936524533452,13747.35354895625,13932.0,412.0,13779.309170090617,83.40524597768336,13779.561590994104,13958.756964715734,412.19725385187303,95.99,11.33577963794286,96.65702250742054,131.0,343.9,11.339532618234315,344.0869003609408,380.0,96.6675,10.920940607383596,97.28243674990877,125.0,370.23509978754885,11.323355743936636,370.40821737645075,400.95012158621427,1278.205,573.696590520634,1401.04810766797,3586.0,0.25749,0.11556441883209555,0.28223436183427414,0.722,31.332949999999993,0.03280697334409315,31.29,31.39,0.10000000000000142,0.0,31.6903,0.017048067089224055
438,1238413,1244192,898.32,55.587566955210406,900.0382214106244,1064.0,312.0,-269.73,51.37321383756325,274.57873187849054,400.0,280.0,-13748.82,83.84871853522867,13749.075678022868,13968.0,476.0,13780.981888088441,84.15747250397902,13781.238851424063,13995.224899943552,473.69895055455527,96.54,11.583324220619918,97.23242771832862,128.0,343.37,11.433638965788624,343.5603076608239,377.0,96.9075,10.63761927077671,97.48960200965024,127.0,369.9541989595031,11.222440564887139,370.1243743662392,407.99142147844236,1221.38,553.6389758678484,1341.0015734517242,3586.0,0.24604750000000003,0.11152185993674066,0.27014162489331406,0.722,31.326949999999997,0.03890626556224629,31.27,31.39,0.120000000000001,0.006921612735767286,31.691549999999996,0.02148841268449646
439,1241365,1247072,900.66,55.621977670701355,902.37588620264,1100.0,348.0,-274.92,51.73889832611437,279.7461706619056,400.0,280.0,-13755.43,81.5928618201372,13755.671989401317,13984.0,492.0,13787.834873009499,81.61834734355213,13788.076444522636,14012.292317818667,490.76636842966946,97.2125,11.78122844825615,97.9237841384819,130.0,343.1975,11.607260389514833,343.3937281023053,377.0,97.465,10.729108770070326,98.05376076418487,138.0,370.1257678873252,11.391924587965725,370.3010396960829,407.99142147844236,1223.635,545.0335602281754,1339.5313340866649,3544.0,0.2465,0.10979007241094252,0.2698446034294553,0.714,31.329349999999994,0.03383160504617003,31.27,31.39,0.120000000000001,0.007008936393902076,31.698499999999996,0.01745025152241296
440,1244268,1250012,895.87,53.63751578885808,897.4742558981845,1100.0,356.0,-276.24,54.06461319569391,281.48094074022134,400.0,284.0,-13757.52,83.7157667348272,13757.774706688579,13984.0,444.0,13789.635891494574,83.65655984215708,13789.889645678822,14017.475378968924,444.75568098650365,96.615,11.381202704459666,97.28304065971622,130.0,343.5375,11.45855984624595,343.72854478498,369.0,98.2475,11.061701666109062,98.86825830366388,138.0,370.4765699854755,11.633833925110908,370.65918982267254,399.58228188947515,1206.46,529.9374287592829,1317.7175000735172,3544.0,0.24303750000000002,0.10673980557294453,0.2654441796310479,0.714,31.342799999999997,0.029935931587308996,31.29,31.39,0.10000000000000142,0.003481894150418372,31.694899999999997,0.015184413588943447
441,1247148,1252907,895.54,56.43711899096196,897.3165773571778,1052.0,332.0,-274.21,54.77477430350581,279.62725189079833,428.0,312.0,-13751.79,85.88082381998906,13752.058163053267,13984.0,444.0,13783.873057363631,85.53185655037034,13784.13842646685,14017.475378968924,444.75568098650365,96.5025,11.327400131980859,97.16502714454414,128.0,343.6625,11.638668040201162,343.8595243700543,372.0,97.7125,11.33048294425264,98.3672328572884,126.0,370.4261138277684,11.875255553342283,370.6164155835518,399.58228188947515,1140.815,500.78043669356737,1245.8892045442885,2965.0,0.22979,0.10085903975350945,0.25095017433745687,0.597,31.363000000000003,0.04376071297408248,31.29,31.43,0.14000000000000057,0.0034728251432545798,31.6904,0.01563493293300417
442,1250113,1255767,898.38,59.07093701643812,900.3199431313293,1052.0,332.0,-275.09,52.06315299710535,279.9733558751618,428.0,304.0,-13752.04,84.31701133223355,13752.298481344855,13964.0,460.0,13784.325539418349,83.92868007430607,13784.581045501527,13988.434651525524,451.4128224820324,96.8225,10.992770067185068,97.44453550610214,126.0,343.3625,11.577179870331117,343.5576188938327,372.0,96.9225,11.087222093473189,97.55458728322313,126.0,370.0114546859407,11.648858364406662,370.1947764353246,402.2300336871925,1111.915,477.24087500443636,1210.0057107303255,2752.0,0.223965,0.09612649881796383,0.24372243433873705,0.554,31.362149999999996,0.040735457527810215,31.29,31.43,0.14000000000000057,0.0,31.701049999999995,0.01864850978746608
443,1252983,1258747,899.59,58.29812947256541,901.477032430666,1080.0,324.0,-275.49,53.24828541840573,280.5888807490418,440.0,320.0,-13757.87,86.79437251342969,13758.143777414161,14016.0,540.0,13790.22893653794,86.58543683377603,13790.500758130576,14049.800567979604,536.4992688891416,97.0,11.095269262167548,97.63249971192994,130.0,342.9575,11.38686496582795,343.14648111265836,371.0,97.4425,10.938313112633045,98.05451289971309,129.0,369.8143826707012,11.559514258313088,369.99499996621574,402.2300336871925,1137.69,513.0812449310538,1248.0348152195113,2969.0,0.22915750000000001,0.10334051816083564,0.25138103050946387,0.598,31.358600000000003,0.037895118419131936,31.29,31.43,0.14000000000000057,0.0,31.7073,0.019689570792553377
444,1255843,1261628,900.83,56.54017244402426,902.6026146649476,1080.0,348.0,-274.98,54.10877562835811,280.2530285295772,440.0,320.0,-13752.7,87.07646065384147,13752.97566347007,14016.0,540.0,13785.138762368771,86.73028443365006,13785.411594870862,14049.800567979604,536.4992688891416,97.205,11.361028782641123,97.86666950499541,135.0,342.825,11.9573983374311,343.03346775496993,380.0,97.025,11.247638641065954,97.67476644456336,129.0,369.6464129403724,12.318051806828253,369.8515986176077,404.50710747773024,1142.695,523.4878049916731,1256.8975077547095,2969.0,0.23015,0.10544449961946806,0.25315521918380435,0.598,31.351150000000008,0.036928004278596396,31.29,31.43,0.14000000000000057,-0.006914433880725868,31.70245,0.016329854879973404
445,1258824,1264552,900.01,55.240925951689114,901.7036985617837,1080.0,348.0,-271.27,54.5782658207459,276.7059811424393,440.0,372.0,-13743.56,82.92530614957052,13743.810173310749,14008.0,484.0,13775.888395245725,82.78140935089804,13776.137116042364,14041.623837719055,483.32895967484,97.29,11.289415396733348,97.94281494831563,135.0,343.6,11.782189949241184,343.8019488019229,383.0,96.025,11.220934675863683,96.67838434727796,135.0,370.12482647134385,12.120141482573631,370.32321693353225,405.7856577061343,1118.9075,496.54260033128077,1224.135837029535,2587.0,0.22536,0.10004589146986498,0.24656907754217683,0.521,31.353050000000003,0.03523772836038143,31.29,31.43,0.14000000000000057,0.0,31.699949999999998,0.012664852791903849
446,1261703,1267497,900.89,55.37407245272827,902.5902060182128,1080.0,312.0,-269.6,53.97406784743948,274.9497408618528,440.0,372.0,-13742.8,83.67508589777485,13743.05473175451,14008.0,528.0,13775.151578746712,83.7781746753776,13775.406338834438,14041.623837719055,527.9922014785589,96.8525,11.503727385069588,97.53328918887131,126.0,343.15,11.139008034829674,343.330744326808,383.0,95.7725,11.089893766398305,96.41243436403833,135.0,369.53093134785445,11.445120234724339,369.7081281227125,405.7856577061343,1062.0925,491.54407629809765,1170.3230568949755,2587.0,0.21392,0.099045512770645,0.23573667512714266,0.521,31.360300000000002,0.027998392811016886,31.33,31.43,0.10000000000000142,0.0,31.704549999999998,0.014134956401814421
447,1264628,1270382,906.35,54.89150662898587,908.0106827565412,1080.0,336.0,-271.43,52.49795329343802,276.4602683931273,408.0,304.0,-13739.53,81.52336536233032,13739.771856912326,13976.0,496.0,13772.27638957113,81.5316457678822,13772.517720446034,14005.590312443099,491.9586762026029,95.7175,11.552389092737485,96.41212320035277,125.0,342.745,11.902099604691603,342.9515927940852,374.0,96.45,11.479002569909984,97.13068516179632,130.0,369.0511560740886,12.112254141102065,369.2498645903611,403.649600520055,1088.3825,508.030216811707,1201.112470795304,2581.0,0.2192125,0.1023436482823922,0.24192631626179079,0.52,31.339900000000004,0.050059864162820204,31.27,31.47,0.1999999999999993,0.0034758428919018296,31.7009,0.0126328529015053
448,1267597,1273263,905.18,53.78742975826229,906.7766648960481,1080.0,336.0,-271.68,53.43985029919153,276.88596930866686,404.0,300.0,-13742.63,82.35000364298718,13742.876730874072,13988.0,472.0,13775.298153243208,82.04504405689768,13775.54247933634,14018.521462693561,467.80723797462997,96.0075,11.243995897811418,96.66368242520042,131.0,343.405,12.699250962163084,343.6397314048537,374.0,97.615,11.565974883251304,98.29781279357135,128.0,370.04971961037256,12.561748138084452,370.2628694589832,402.67729014683704,1133.8825,525.4603207605213,1249.7191974599734,2847.0,0.228365,0.1058418715584716,0.251700367500725,0.573,31.3332,0.05433010215341046,31.27,31.47,0.1999999999999993,0.010589481115425745,31.70105,0.009957176477722842
449,1270458,1276253,901.33,52.98934892976135,902.8862829836324,1056.0,288.0,-269.96,51.95919937797348,274.91482317256015,416.0,312.0,-13747.44,89.03486058842346,13747.728312706793,14012.0,500.0,13779.801282309594,88.8379426756187,13780.087647036213,14046.051687218014,495.3374624990829,97.2725,11.957769179491633,98.00473202861176,131.0,342.9375,12.426527823571636,343.16256716023094,372.0,96.5025,11.396271045828982,97.17308011995915,128.0,369.6731918261815,12.239842525260721,369.8757663053907,403.6211094578677,1099.5125,513.8708396511229,1213.6683968448713,2847.0,0.2214525,0.10351138943976165,0.24445003068111895,0.573,31.328699999999998,0.029737350251830448,31.29,31.39,0.10000000000000142,-0.010353753235548279,31.7071,0.007050835816715889
450,1273339,1279113,898.7,54.09316038095759,900.3264741192497,1056.0,300.0,-270.1,48.819565749809776,274.4765199429634,420.0,312.0,-13750.86,87.3089938093436,13751.137174793945,14012.0,500.0,13783.036740292884,87.16040234247089,13783.312327593829,14046.051687218014,491.98513876105244,96.575,12.094394362678935,97.3293635035183,131.0,343.3425,12.170669404350773,343.55814282301617,375.0,95.6225,11.044455339671575,96.25820744227477,122.0,369.6311630822389,11.985335976570742,369.82542503186556,403.6211094578677,1073.365,473.7537511988691,1173.266823872558,2444.0,0.2162225,0.0954260079524969,0.23634358992788446,0.492,31.33325,0.028362607425976107,31.29,31.39,0.10000000000000142,-0.006927606511949974,31.710549999999998,0.011090762486471482
451,1276329,1281997,899.25,54.250138248671774,900.8849205087184,1064.0,308.0,-270.12,49.03371901049317,274.53436943304564,420.0,288.0,-13755.47,79.31909669178035,13755.698689634053,13996.0,448.0,13787.673793500178,79.12372607790537,13787.900826449253,14026.62667928394,448.5284324748536,96.4025,11.550995357543869,97.09205683267813,131.0,344.23,11.621191849375863,344.42610963746637,375.0,95.695,10.658891827952848,96.28678517844492,135.0,370.4020453863744,11.387812502416642,370.57706013729455,398.5410894751004,1052.6175,466.450266581283,1151.3381138918314,2441.0,0.21204,0.0939561780831894,0.23192396383297695,0.492,31.3412,0.028610487587597017,31.29,31.39,0.10000000000000142,0.01058574453069906,31.709449999999997,0.016412523490258416
452,1279189,1284992,902.82,51.32453214594362,904.2777007092457,1064.0,300.0,-265.43,50.41740869977354,270.1758686485527,404.0,292.0,-13752.58,77.74717744072771,13752.79976150311,13996.0,448.0,13784.926900812128,77.49051081372454,13785.144701453082,14026.62667928394,448.5284324748536,96.7025,11.825142441002562,97.42282843358635,130.0,344.055,11.160509620980575,344.23596558175035,378.0,95.6775,10.167767392599025,96.2162538243929,135.0,370.296458263584,11.300796319100202,370.46885834034686,403.54181939422335,1071.57,499.419062611751,1182.2358753649798,3147.0,0.21583,0.10059433930395885,0.23812141860823857,0.634,31.335049999999995,0.0257584452170553,31.29,31.39,0.10000000000000142,-0.0034464931931764823,31.712700000000005,0.016228629672668617
453,1282072,1287842,905.3,52.69601502960162,906.832377013525,1064.0,364.0,-267.42,51.528473682033315,272.3392002632012,404.0,292.0,-13749.25,83.81645124914321,13749.505473288847,13956.0,428.0,13781.815694230756,83.48970148979441,13782.068580586878,13986.86755496026,429.828940277479,96.235,11.935441969194104,96.97231563698992,127.0,343.315,11.50003369560281,343.5075545020808,378.0,96.605,10.585082663824595,97.18317755661214,136.0,369.7339013837211,11.936589444762824,369.92653324680566,403.54181939422335,1082.9625,506.25894668020436,1195.4521728199752,3147.0,0.2181225,0.10197179754103583,0.24078137905577332,0.634,31.3222,0.02410726031717477,31.29,31.35,0.060000000000002274,-0.0034662045060664,31.7165,0.016925311383059447
454,1285068,1290697,904.3,57.49426058312255,906.1258632221022,1064.0,364.0,-271.73,52.56431394016286,276.76741137641187,420.0,296.0,-13748.78,81.90355059458655,13749.023953721224,14016.0,488.0,13781.388094262467,81.64652669128985,13781.6299456922,14053.887718350392,496.8491036676114,95.835,11.460705693804375,96.51784809039206,125.0,343.7075,11.503562220025588,343.89995274788856,372.0,96.87,11.510999087828997,97.55152484712886,136.0,370.07694279304997,11.925976393976523,370.26905420248124,401.9626848352966,1090.195,496.855237443463,1198.0777374611382,2615.0,0.21958750000000002,0.10010295871626373,0.2413281427848812,0.527,31.326899999999995,0.03079594129102148,31.29,31.39,0.10000000000000142,0.0,31.7122,0.01760496626218632
455,1287918,1293683,897.49,57.4621605928632,899.3276377383272,1068.0,348.0,-273.83,53.46747703043412,279.0011469510475,424.0,300.0,-13739.94,82.74730448782002,13740.189166092292,14016.0,508.0,13772.16843604533,82.5029041714749,13772.415552836039,14053.887718350392,505.79264930101635,96.0,11.117553687749837,96.64160594692123,125.0,344.545,10.807773822577895,344.714468799904,372.0,96.255,11.64280786580282,96.95658822380251,129.0,370.73178853555856,11.233252833700352,370.90193447864357,401.9626848352966,1048.59,469.9847890091764,1149.0982072912655,2580.0,0.21121250000000003,0.09469082502412786,0.23146721690122773,0.52,31.32794999999999,0.028085538983612726,31.29,31.39,0.10000000000000142,0.0,31.707499999999996,0.012415125385829095
456,1290773,1296562,899.21,55.76715789781653,900.9376227020381,1068.0,348.0,-278.54,52.44528958829382,283.43436630020716,424.0,296.0,-13735.9,82.65875634196294,13736.148706242227,14004.0,496.0,13768.33297664036,82.53462520427567,13768.580352382012,14037.966234465732,489.87116541635623,96.015,11.889271424271547,96.74830747873577,126.0,344.38,10.35666934878197,344.5356948125985,372.0,95.3225,11.220895407675807,95.98066211482394,125.0,370.3531327077751,10.766828388020734,370.5096051386522,408.1090540529578,1031.785,475.73754190204494,1136.1806612506657,2580.0,0.20783250000000003,0.09582045420342152,0.22885783250743244,0.52,31.319799999999997,0.022670685918163472,31.29,31.35,0.060000000000002274,0.0,31.706149999999997,0.013880171031715204
457,1293758,1299448,901.93,53.137511232649956,903.4939512802507,1056.0,328.0,-276.67,53.29156687506945,281.7557097913013,424.0,340.0,-13747.87,80.62817807689815,13748.10643106897,14024.0,464.0,13780.407033043562,80.62284814828314,13780.642874699279,14057.085900000753,465.5538303626872,96.44,11.987134770244305,97.18212284160086,127.0,344.44,10.529311468467442,344.60089959255765,374.0,94.9825,11.077779278808547,95.62631698439505,125.0,370.43525081202444,10.782506936352686,370.5921444121556,408.1090540529578,1065.16,499.82994548146075,1176.6035016096118,2739.0,0.2145375,0.10066855811895788,0.23698206155740986,0.552,31.32665,0.030492253114521393,31.29,31.39,0.10000000000000142,-0.007029876977152749,31.71255,0.013819368196243641
458,1296638,1302447,898.44,52.35844153524817,899.9643548496796,1044.0,316.0,-270.75,56.572762881089695,276.5972523363166,424.0,340.0,-13749.49,82.18454781770112,13749.735617821892,14024.0,508.0,13781.68605139998,82.46830086301566,13781.932790432553,14057.085900000753,513.9028177264827,96.92,11.493415506280106,97.59910347948899,131.0,344.205,10.694997662458837,344.37111522309766,374.0,95.985,10.91442966902073,96.60354548358978,122.0,370.5864580873122,10.722503546317759,370.7415474424198,406.0,1055.2225,477.43072585847466,1158.2031870531182,2739.0,0.2125475,0.09616497670019995,0.23328982511031207,0.552,31.352200000000003,0.038329623008843156,31.29,31.41,0.120000000000001,0.003442933379239038,31.717100000000002,0.014564350337446248
459,1299523,1305282,899.24,54.472583929900004,900.888361563185,1052.0,300.0,-271.42,52.71796278309699,276.4923145405673,424.0,320.0,-13742.87,80.56725823807088,13743.106159817,13968.0,452.0,13775.140023120985,80.82142915347865,13775.37711861276,13995.796511810251,452.6134295359807,96.49,12.13280264407198,97.24980719775232,131.0,343.2925,10.802173103130684,343.46241060704153,373.0,97.15,11.117666121988014,97.78407334530506,128.0,369.9574251761475,10.825019955418995,370.1157622960686,406.0,1067.0,458.8605125743552,1161.482660223561,2627.0,0.21495750000000002,0.09244498739115063,0.23399316763529657,0.529,31.35495,0.03899355716012626,31.29,31.41,0.120000000000001,0.006945650286507926,31.7202,0.015510042021502123
460,1302523,1308152,901.93,55.622972772048065,903.6435359144667,1052.0,292.0,-274.92,50.42175720857019,279.5055634508909,420.0,280.0,-13737.23,86.87397251190947,13737.504691900927,13980.0,460.0,13769.757340456094,86.67724589278129,13770.030143757856,14010.877488580078,462.62239797892653,96.36,11.710055507981165,97.06891881544782,139.0,342.7825,11.27919295650181,342.9680196461472,373.0,97.16,11.567169057293146,97.84612920294803,128.0,369.44687678104333,11.502510018799809,369.6258953320235,399.6561021678513,1083.425,464.0979038683541,1178.6418433943365,2518.0,0.21823750000000003,0.09353099001801489,0.23743557547259003,0.507,31.344099999999997,0.03248368821424138,31.29,31.41,0.120000000000001,-0.0035530289571859257,31.7202,0.014087446196911234
461,1305358,1311152,902.31,55.31929048713477,904.0041814062588,1048.0,288.0,-274.91,56.08183217406507,280.5720584805265,420.0,308.0,-13736.07,89.14502285601816,13736.359265831685,13988.0,476.0,13768.64652665826,88.78594450392045,13768.932787983244,14017.170613215778,468.91552261462675,96.905,11.4854679922065,97.58327213206165,139.0,342.565,11.69597259743712,342.7646058157114,373.0,96.945,11.032315033572962,97.57071794344859,123.0,369.308201359064,11.89821032479266,369.4998173206585,398.69035604087543,1103.8575,489.99010417941093,1207.7216908294727,2488.0,0.22233250000000002,0.09872141076661131,0.24326458332441245,0.501,31.3567,0.024517544738412004,31.33,31.39,0.060000000000002274,0.0034518467380053723,31.7125,0.013792228388109238
462,1308228,1314022,906.32,56.36149039903044,908.0707901920423,1036.0,280.0,-271.92,56.13976843557515,277.6547496442299,400.0,320.0,-13741.31,84.0219251148175,13741.56687572418,14016.0,532.0,13774.081215171533,83.85462335938504,13774.336460243738,14048.014236894836,532.4344861035297,96.435,11.588173928622231,97.12875475367736,131.0,343.5975,12.16266803583819,343.8126997363535,373.0,96.6425,11.161079416884371,97.28485236664545,129.0,370.07620122825426,12.211276938333063,370.27761206964703,399.75367415447226,1038.045,486.39505340309535,1146.349671784312,2488.0,0.20910249999999997,0.09796949522045115,0.2309153037371062,0.501,31.35545,0.01988208993038746,31.33,31.39,0.060000000000002274,-0.01035554021401489,31.715249999999997,0.01207485010310791
463,1311228,1316892,906.38,55.46472392431067,908.0754594195353,1064.0,308.0,-266.94,51.94532125225524,271.9472007577942,400.0,320.0,-13742.96,80.8828683962185,13743.198012107661,14016.0,532.0,13775.61374186395,80.70907612625001,13775.850170497644,14048.014236894836,532.4344861035297,95.9625,11.090585816357944,96.60125516782895,126.0,343.91,12.450377504316887,344.13529316244217,384.0,96.5075,11.710676485583573,97.21541801586824,129.0,370.21384060389164,12.387583513999369,370.4210307204492,411.4863302711282,973.3225,445.88965394338317,1070.5952888463503,2447.0,0.19607999999999998,0.08981321506326337,0.21567053577157919,0.493,31.354149999999994,0.023016895967963014,31.33,31.39,0.060000000000002274,-0.0035310734463282357,31.72485,0.01244446309224021
464,1314098,1319892,901.67,54.38796833859489,903.3088286959228,1064.0,308.0,-269.22,52.58014454145214,274.3065438519468,420.0,280.0,-13743.85,83.73970085926985,13744.105105826278,14020.0,504.0,13776.236179305159,83.38352357388264,13776.48852501972,14044.833925682426,491.5742439674759,96.215,11.795921964814788,96.93539085390846,129.0,343.185,12.147665413568156,343.39992719859447,384.0,96.61,11.731278702681989,97.31965371907157,125.0,369.66555552380936,11.767415148340888,369.8528018009327,411.4863302711282,1001.31,445.270972442624,1095.8503342153983,2465.0,0.2016975,0.08968757435536988,0.22073908240273174,0.497,31.361449999999994,0.030690348645788516,31.33,31.41,0.08000000000000185,0.0034518467380053723,31.728200000000005,0.010537437733384603
465,1316968,1322747,898.89,55.69423578791615,900.613724079308,1080.0,336.0,-274.02,55.66542553506619,279.61688074935677,420.0,308.0,-13745.32,86.45610215594965,13745.591895586018,14020.0,504.0,13777.631591542144,86.34215505700809,13777.902134940574,14044.833925682426,493.2577811891224,96.15,12.060576271472272,96.90345711067279,130.0,343.425,11.527331651340651,343.61840753952634,376.0,96.5425,11.272231090161343,97.1983410352255,125.0,369.84904140806225,11.094776678124152,370.0154152194203,399.1503476135277,1008.8925,436.4416982183875,1099.2476665883808,2465.0,0.2032025,0.0879155645705014,0.22140551596561456,0.497,31.3547,0.04044638426361546,31.29,31.41,0.120000000000001,0.003460806367884258,31.738400000000002,0.017034242382149616
466,1319970,1325602,901.34,54.98331019500372,903.0154815948616,1080.0,336.0,-274.62,52.875094326157,279.6639411865606,436.0,324.0,-13746.81,82.50565980585817,13747.057589171583,13972.0,456.0,13779.274320378434,82.70697527670403,13779.522533092357,14004.508416934883,452.9322724415797,97.0075,11.37310176469023,97.67191254398574,130.0,343.945,11.232184783024183,344.12835541408094,379.0,96.2475,10.787086898231609,96.8501032523972,125.0,370.4355615384469,11.025640466452689,370.59960874237305,401.61424277532785,1000.71,428.8530061687803,1088.731098573013,2295.0,0.2015725,0.0863821726037844,0.2193019664754514,0.462,31.361800000000002,0.04020895422663996,31.27,31.41,0.14000000000000057,-0.014204545454545784,31.737299999999994,0.022089133630846247
467,1322823,1328597,897.88,52.008322410937275,899.3849898680764,1032.0,272.0,-270.77,49.299564906802175,275.2214381184722,436.0,352.0,-13743.46,79.98417593499354,13743.692743946222,13972.0,456.0,13775.60604871633,80.05267372201124,13775.838647429056,14004.508416934883,456.3070602971693,97.6225,11.151008642719278,98.25730252759843,130.0,343.97,11.200406242632452,344.1523063993615,379.0,96.8525,10.901868819152064,97.46413442902984,127.0,370.7676327270924,11.221743266885667,370.93741385845675,403.82793365491693,999.2625,455.8923706246355,1098.3457549879272,2481.0,0.20131,0.09184396496232074,0.22127139444582528,0.5,31.349800000000005,0.03720161286826207,31.27,31.39,0.120000000000001,0.0,31.723599999999998,0.017487267118626127
468,1325679,1331477,896.63,51.502651388059626,898.1079445144665,1064.0,300.0,-269.9,51.095107397871274,274.693865967189,408.0,324.0,-13735.48,80.81812667960078,13735.717760641415,13980.0,464.0,13767.553714542752,80.38480689857899,13767.78838448645,14011.731656008831,463.5302993711175,97.6325,11.66458073614307,98.32684018110213,131.0,343.7875,10.741617371234184,343.9552696209203,371.0,97.95,11.06085439737817,98.5725367432532,132.0,370.89938835224245,11.116821485138436,371.06595101140715,403.82793365491693,1016.465,472.24266937137304,1120.809633702352,2665.0,0.204765,0.09514244465536925,0.2257892601520276,0.537,31.318800000000007,0.02669381950939261,31.27,31.35,0.08000000000000185,0.003449465332873331,31.728099999999998,0.01735346815892559
469,1328673,1334372,901.99,52.740875040143194,903.5306082253107,1064.0,352.0,-273.52,52.01547462053961,278.4219818907983,416.0,308.0,-13740.56,86.84979217016009,13740.834472476554,13996.0,512.0,13773.051200620117,86.48112566779912,13773.322705868763,14028.579970902258,514.3214266831183,98.23,11.666280469798417,98.9203467442366,131.0,343.585,10.973275490937061,343.7601853036503,371.0,97.3875,11.361221050133652,98.04796020315771,132.0,370.7365476230716,11.140680254183685,370.90389927850583,406.81322495710486,995.51,461.75234693502097,1097.3857070328554,2665.0,0.200535,0.09300351485293445,0.22105189435967293,0.537,31.30625,0.024595477226514645,31.27,31.35,0.08000000000000185,-0.01052816283558559,31.729,0.015018785229652446
470,1331553,1337311,902.43,52.052042226986636,903.9299309127892,1040.0,328.0,-275.11,52.532350984893114,280.08063124750345,424.0,316.0,-13750.48,87.96914004354028,13750.761389828565,13996.0,512.0,13783.004253378918,88.13076272606564,13783.286011688215,14028.579970902258,514.3214266831183,97.6725,11.802128780436181,98.3829634642096,130.0,343.385,11.719717360073151,343.5849385523178,373.0,96.675,11.354707173679117,97.3395346198039,126.0,370.22819491376873,11.65702324319648,370.4116662579622,406.81322495710486,993.915,457.09987724238124,1093.9868943456315,2369.0,0.20021999999999998,0.09204733347577213,0.22036506075147214,0.477,31.289700000000003,0.026266137896538394,31.25,31.33,0.0799999999999983,-0.006946856547412148,31.7308,0.02389114830682113
471,1334448,1340212,902.22,53.37069982677761,903.797189639357,1040.0,316.0,-272.98,51.447833773639104,277.7858167725631,424.0,320.0,-13747.93,83.96210514273686,13748.186386574776,13972.0,440.0,13780.404942619989,84.15971372680568,13780.661930400876,14004.640373818958,443.1690672091918,97.43,11.77540232858309,98.13900855419317,126.0,342.975,11.361530486690603,343.1631317609746,373.0,96.4825,11.032891450114063,97.11126350738105,129.0,369.7226264455902,11.312691729846716,369.89565758467614,403.54058036336323,1029.295,476.8831649104422,1134.4010534198212,2816.0,0.20732999999999996,0.09604871732615694,0.22849745075164404,0.567,31.290950000000002,0.027966006150324123,31.25,31.33,0.0799999999999983,0.006939625260235799,31.731550000000002,0.023536831905342042
472,1337415,1343092,899.22,55.241574923240556,900.9152235365989,1044.0,328.0,-271.36,52.152760233759444,276.32618406513706,444.0,340.0,-13750.46,78.92850182285231,13750.686525406649,13964.0,456.0,13782.712456158588,78.87756874368468,13782.938159913509,14000.709124897925,462.51013094012524,97.405,11.37303719329186,98.06671198729974,126.0,342.93,11.278302177189614,343.11541061281406,377.0,96.1875,11.512920730639989,96.8740548340989,129.0,369.5984068173541,11.263444325499327,369.76999269816366,401.4237162899073,1015.41,466.2703956933144,1117.347551122747,2823.0,0.20451999999999998,0.09394152223591014,0.2250631911264034,0.569,31.31115,0.036382378976642274,31.25,31.39,0.14000000000000057,0.017614937466972243,31.724050000000002,0.011829935266984627
473,1340288,1346072,899.73,57.14164068348055,901.5427000425437,1044.0,332.0,-272.82,56.649515443647005,278.63940855521497,444.0,324.0,-13753.72,79.11107128588262,13753.947520621126,13964.0,456.0,13786.051676358113,79.18798383387411,13786.279104965197,13997.96785251345,459.7688585556498,97.12,11.077030287942703,97.74965473084804,124.0,342.9625,11.8834377917335,343.1683151166494,377.0,96.605,11.270491338002971,97.26021797220073,129.0,369.6459745260543,11.869752174479688,369.83650103795867,401.27172838364777,1019.3475,440.9571540906781,1110.6360958927996,2823.0,0.20532250000000002,0.08880762069636816,0.2237054369030847,0.569,31.3358,0.03663823139836375,31.27,31.39,0.120000000000001,0.0,31.718199999999996,0.0143971592853838
474,1343169,1348957,901.02,56.302039039452204,902.777359042638,1052.0,340.0,-271.02,57.05926392795477,276.9613691473957,440.0,320.0,-13749.4,81.0917998320422,13749.639131264501,13996.0,480.0,13781.789489812212,81.05096237288117,13782.027818866134,14035.30975789277,488.3484750072239,97.085,11.702896009108173,97.78780598827238,132.0,343.48,11.782172974455943,343.68201873243237,371.0,96.0725,10.923472147170056,96.69150686590834,123.0,369.99563603561575,11.500513666795534,370.17432717572404,397.4632058442643,1022.61,449.1187458790826,1116.8880248261237,2523.0,0.2060075,0.09043899846719887,0.22498511617438166,0.508,31.351,0.020712315177208708,31.33,31.39,0.060000000000002274,-0.0034554250172776652,31.721549999999997,0.024680362654382806
475,1346149,1351940,904.46,54.723563480460584,906.1139884142613,1052.0,308.0,-267.81,55.63599464375559,273.5279875990755,408.0,276.0,-13751.86,82.0315817231388,13752.104662196256,14000.0,484.0,13784.39484949864,81.86203708320535,13784.63792632944,14035.30975789277,488.3484750072239,97.4025,12.216607292943486,98.16563808176464,132.0,343.8175,11.313672867376004,344.00359373122836,371.0,96.2975,11.466428988573556,96.97776807083157,137.0,370.4834053353788,11.031721130515786,370.64761229502074,404.9617265865998,1026.1475,481.91666887933025,1133.676482732177,2836.0,0.2067125,0.09706366386939039,0.22836683756622808,0.571,31.372049999999998,0.03179304169154012,31.33,31.43,0.10000000000000142,0.010360904852357498,31.7419,0.027536988112095373
476,1349034,1354848,906.81,55.676780618135595,908.5176277871553,1052.0,308.0,-266.53,55.37760467914805,272.22218866212944,416.0,296.0,-13755.86,79.28316593073211,13756.08847601672,14000.0,440.0,13788.517803175175,79.09583757260197,13788.744662223608,14034.218752748584,440.46136194599603,96.6325,11.480089013156649,97.31203676832584,127.0,344.155,10.885585652595822,344.3271119153994,373.0,97.31,10.850755734049127,97.91309922579308,137.0,370.8214392892868,10.451203922120916,370.9686880317529,404.9617265865998,1042.8525,476.7946316222006,1146.6797536801632,2836.0,0.21005500000000002,0.09604606694185869,0.23097175151953106,0.571,31.388599999999997,0.03059477079502312,31.33,31.43,0.10000000000000142,0.010319917440660865,31.74335,0.019383415384805997
477,1352017,1357702,906.77,56.496080395015014,908.5282824436453,1064.0,320.0,-264.71,55.98871225523945,270.5662950184298,416.0,316.0,-13743.9,78.23701170162367,13744.12267989485,13948.0,440.0,13776.555222562658,77.87297144457654,13776.775312096805,13977.212883833457,429.68233395094467,96.0325,11.4337851890789,96.7107672392273,131.0,343.9,11.21427661510095,344.0827952688132,373.0,96.91,10.879425536304755,97.51876742453219,124.0,370.3183256541111,10.963128419193422,370.4805696659408,400.7567840972876,1043.4075,438.63617776438593,1131.8572823019695,2756.0,0.21018250000000002,0.08837414324195737,0.22800586067029066,0.555,31.361900000000002,0.03839778639453094,31.29,31.43,0.14000000000000057,0.0,31.7317,0.01302051591091762
478,1354923,1360703,904.66,57.072273478458875,906.458471194351,1064.0,304.0,-267.08,54.84846032478943,272.65377312628556,420.0,320.0,-13739.55,80.23763144560039,13739.78428797192,13956.0,452.0,13772.118931252486,80.12155413459207,13772.351989402536,13984.634997024414,454.91482253447793,97.46,11.97929046312844,98.19345701216552,131.0,342.765,11.95887850092976,342.9735558319329,371.0,97.2,11.488472483319965,97.8765804470099,125.0,369.7400530800732,12.038818394869725,369.93599446390726,400.7567840972876,1029.9375,445.38598270909915,1122.1140438921527,2508.0,0.2074625,0.08969645251485701,0.22602243804542946,0.505,31.348200000000006,0.026772373820788335,31.29,31.39,0.10000000000000142,-0.006920415224913347,31.7328,0.012104805483338733
479,1357779,1363572,903.71,57.64820812479777,905.5468403125262,1056.0,312.0,-269.82,53.902575077634275,275.15144920570566,420.0,296.0,-13744.98,78.51776614244703,13745.204263305803,14024.0,520.0,13777.52645939039,78.28346439515289,13777.748859664993,14059.379218158958,529.6590436690221,97.9825,11.673782324079887,98.67546554235253,133.0,343.2925,11.794148708151853,343.4950399933018,371.0,97.245,10.798146831748491,97.8426798488267,128.0,370.35533811934226,11.653477013650178,370.5386349626716,396.8500976439341,1096.2575,491.1242573868145,1201.242499456292,2542.0,0.2208175,0.09890366117465015,0.24195516630152786,0.512,31.355499999999996,0.020438933435970103,31.33,31.39,0.060000000000002274,0.0,31.7374,0.009668178950067191
480,1360779,1366452,905.33,55.399919675032024,907.0234616590687,1056.0,324.0,-269.83,54.68574860052662,275.3157460081061,412.0,296.0,-13747.7,80.96709208067188,13747.938425814978,14024.0,500.0,13780.342005427627,80.47045076844356,13780.576957442674,14059.379218158958,500.9804926456836,97.805,11.603748316815562,98.490938669504,133.0,344.23,11.297880332168507,344.4153524452706,382.0,96.2425,10.738886988417375,96.83977746773274,128.0,370.9099276761057,11.232455266147497,371.07996779670015,405.56873646769174,1084.8,493.52475115236115,1191.7876153073582,2542.0,0.21853,0.09939446211937564,0.24007211416572313,0.512,31.352599999999992,0.022742910983425648,31.33,31.41,0.08000000000000185,-0.0035254715318179318,31.73635,0.019790316864668773
481,1363649,1369432,902.9,53.22471230546953,904.4674012920532,1052.0,320.0,-270.84,54.262458477293485,276.2222293733797,412.0,296.0,-13746.35,86.98067314064659,13746.625184386166,13964.0,452.0,13778.845095377681,86.55517076628381,13779.116951386979,13995.831379378647,448.85415196735994,97.7675,11.65175710998131,98.45936979282368,131.0,343.7375,11.074005316505858,343.91583636116553,382.0,95.6975,11.174569063279352,96.34771663096122,128.0,370.31405747434883,11.078417616461703,370.4797329139612,405.56873646769174,1047.33,484.9532205275061,1154.1575953915478,2458.0,0.2109775,0.09765801039213322,0.23248353167482635,0.495,31.3471,0.019636445706899878,31.33,31.41,0.08000000000000185,-0.010375237765865245,31.737250000000003,0.019935673494873924
482,1366633,1372297,902.97,53.306839148462,904.5421162112906,1052.0,320.0,-269.62,54.21674649036033,275.0170903780345,408.0,348.0,-13740.34,85.53621689085857,13740.60623698969,13964.0,452.0,13772.829799225397,85.14647126486166,13773.092993224143,13995.831379378647,448.85415196735994,97.65,11.757869705010343,98.35532522441274,131.0,343.765,11.035840475469007,343.94209541723734,376.0,96.175,11.013826537584473,96.80358980946936,128.0,370.429869166323,11.07167690193733,370.5952913894077,397.7034070761778,1081.615,483.37023261160795,1184.7100024900608,2303.0,0.2178725,0.09734287977941684,0.23862955076855003,0.464,31.347799999999996,0.02356183354495222,31.29,31.39,0.10000000000000142,-0.010593220338983453,31.74445,0.01757754035159689
483,1369508,1375244,902.32,54.66825038356358,903.974557164083,1100.0,344.0,-273.43,53.55366560750067,278.62512449526156,436.0,376.0,-13744.21,85.90550564428337,13744.478465187392,13988.0,472.0,13776.724942722702,85.67434016180981,13776.991334830693,14012.62687721328,463.2705825400899,97.895,12.597776589541505,98.70225428023414,134.0,344.2725,11.673184816064552,344.4703434259617,376.0,96.22,11.320848024772703,96.88369315834322,131.0,371.0127646905384,11.744400226627617,371.1986025027573,398.95488466742705,1082.675,471.29296554796997,1180.8057482075535,2305.0,0.2180825,0.09492902977356295,0.23784763505235865,0.464,31.338999999999995,0.04288356328478368,31.27,31.41,0.14000000000000057,0.006973500697349921,31.749850000000002,0.020297968341609338
484,1372373,1378167,896.67,55.780203477577956,898.4033170018909,1100.0,360.0,-275.01,51.97095246385234,279.87761611104236,436.0,312.0,-13744.58,85.98548482156743,13744.848958064253,13988.0,464.0,13776.755102921683,85.74213737389523,13777.021916219775,14012.62687721328,457.90814165849224,97.4275,12.3777923617259,98.21062824358675,134.0,343.2775,12.077478782842055,343.4898943200513,373.0,96.235,11.22674373983837,96.88764111072165,131.0,369.9636881271994,12.029940453731644,370.15922249756255,398.95488466742705,1131.225,494.17215560470424,1234.4537739421432,3220.0,0.22786,0.09951947246644749,0.24864493761184842,0.649,31.321799999999993,0.042458921324028204,31.27,31.41,0.14000000000000057,0.006903693476009518,31.750550000000004,0.02024158601768302
485,1375348,1381072,895.88,55.111392651610615,897.573529021439,1056.0,316.0,-270.2,48.995918197335584,274.6063364163325,416.0,288.0,-13736.98,85.0039975530563,13737.242998505923,13968.0,548.0,13769.012316985041,84.80503943903994,13769.273476839655,14003.217915893476,542.061947701146,96.6225,11.625833034668956,97.31940967761776,130.0,342.3075,12.399715470525926,342.53200945313125,385.0,96.4125,11.003060653745393,97.0383300557053,140.0,368.8632436317941,12.473571959615263,369.0740880907247,412.1807855783673,1500.245,915.3511621093842,1757.4421213798194,5285.0,0.3021875,0.1843678180804611,0.35398979858182356,1.065,31.33015,0.04533185965742007,31.27,31.43,0.16000000000000014,-0.01747030048916866,31.748900000000003,0.029341819232789355
486,1378246,1384067,902.97,53.88152837475938,904.5761659473458,1068.0,316.0,-270.29,51.39879278737975,275.1336402550586,412.0,304.0,-13739.51,86.76289471888315,13739.78394444396,13980.0,560.0,13772.00420462601,86.71555664095025,13772.277204587483,14013.450681398925,552.2947132065947,97.8225,10.751092677025902,98.41152117511444,134.0,342.19,12.377152338078416,342.4137701670305,385.0,96.765,11.018837279858525,97.39034859779484,140.0,369.13958365707134,12.363869842568908,369.3465818171328,412.1807855783673,1776.195,982.7779718608878,2029.955965039636,5285.0,0.3577825,0.19795355564816208,0.4088935405457024,1.065,31.332549999999998,0.03868458995517499,31.29,31.43,0.14000000000000057,0.0,31.743850000000002,0.03038891599808732
487,1381148,1386947,905.98,57.29292801035744,907.7897553949373,1072.0,340.0,-269.26,55.237780549185715,274.8675317311959,436.0,328.0,-13747.72,86.07950743353496,13747.989485011982,14032.0,516.0,13780.401983444146,85.85135228173444,13780.669406091998,14056.910613644806,507.9794380870826,97.1875,10.577445048309162,97.76140598416126,134.0,342.845,11.974805843937512,343.0540627947729,376.0,96.64,10.988876193678768,97.2627626586866,125.0,369.5475394285767,11.749195814374609,369.7342660614512,402.65866437964553,1368.795,765.3835201877553,1568.2511549493595,4684.0,0.27571999999999997,0.15416674933331118,0.3158938191861309,0.943,31.322849999999995,0.020733487405644353,31.29,31.35,0.060000000000002274,0.0,31.7425,0.024397501823712805
488,1384144,1389923,906.42,57.18866670941018,908.2223075877404,1072.0,340.0,-265.01,53.3049706875447,270.3178129535677,436.0,304.0,-13744.26,79.25611900667354,13744.488512854889,14032.0,512.0,13776.887652065761,79.18700877005662,13777.115226345464,14056.910613644806,508.8397546627057,95.66,11.762202174763022,96.38041813563582,138.0,343.0175,12.03524797210261,343.22857180019264,380.0,96.9475,11.125634532466002,97.58379732312122,125.0,369.42335099087535,12.000947573943014,369.6182287171454,410.8065238040896,1075.655,491.6012113237721,1182.668774425029,2736.0,0.21666249999999998,0.0990266307300718,0.2382203024513234,0.551,31.336349999999992,0.03536491905829912,31.29,31.39,0.10000000000000142,0.006921612735767286,31.734299999999994,0.02277733561116922
489,1387023,1392772,905.14,54.97618029656117,906.8080281956044,1116.0,408.0,-268.43,53.46265144939971,273.7022469765274,440.0,372.0,-13737.03,75.70428719696132,13737.238600242772,13948.0,428.0,13769.6489608309,75.53525990251548,13769.85613868206,13981.768128530812,433.6972695487111,96.1675,11.063880139896671,96.80184657329632,138.0,343.775,11.515180198329508,343.967803725872,380.0,97.58,11.168867444821789,98.21710645300034,128.0,370.39849423389575,11.66203109508309,370.5820388254131,410.8065238040896,1122.305,520.6613505677178,1237.1971366762857,2783.0,0.22606250000000003,0.10487165295612538,0.24920336574773624,0.561,31.370199999999997,0.036877635499039864,31.29,31.41,0.120000000000001,0.01043659766916025,31.72895,0.015115180173560231
490,1390001,1395637,903.05,54.09489347433822,904.6687570597318,1116.0,408.0,-273.45,51.02643922517032,278.17009185029224,440.0,372.0,-13736.91,79.22633337470566,13737.138463304504,13916.0,424.0,13769.479177226951,78.87019661098452,13769.705055664772,13949.533612275358,426.180773574446,97.2175,11.066399312784624,97.84532436452955,133.0,344.3975,11.502803734307562,344.58954206417815,375.0,97.28,11.450179037901547,97.95154414300981,128.0,371.18768778609115,11.395851702060972,371.3625788902269,398.82953752198443,1093.04,479.54234786929925,1193.606846914008,2783.0,0.22018000000000001,0.09657086827817175,0.24042704714736235,0.561,31.396400000000003,0.03642856022408755,31.33,31.47,0.14000000000000057,0.0,31.743200000000005,0.024561518080648832
491,1392850,1398497,900.1,56.550773646343686,901.8747141371688,1064.0,356.0,-270.44,49.06369737392403,274.8545797326288,488.0,352.0,-13735.64,80.29016378112577,13735.87466162967,13948.0,460.0,13767.960298269205,80.28066568582746,13768.194353654368,13973.723340613267,455.0050581724354,97.075,11.891357155514251,97.80061349500829,134.0,342.9075,12.294874694359436,343.1278442505067,375.0,97.375,11.165991895035567,98.01311136781649,133.0,369.8218473285672,11.834218963917776,370.01114510241445,403.41665805962947,1083.6675,462.41984921037937,1178.205146610725,2485.0,0.2183,0.09313267418044004,0.23733643841601737,0.501,31.3855,0.04216337273036854,31.33,31.47,0.14000000000000057,0.0035417035594120017,31.74795,0.022091119117410695
492,1395713,1401477,899.45,58.53390043385115,901.3526058097352,1068.0,384.0,-265.58,50.36172753192646,270.31285578011267,488.0,352.0,-13736.86,84.01464396163325,13737.116914403838,13996.0,568.0,13769.054416409317,83.82814538780372,13769.309593440043,14024.623488707282,568.0158924369662,97.005,11.175194629177605,97.64658212144447,134.0,342.995,12.009578468872254,343.2051864409977,373.0,96.5225,11.222276674097818,97.17269420984476,134.0,369.6284695588497,11.915619647443053,369.8204800981146,403.41665805962947,1205.155,589.4895766466104,1341.6022268168758,4571.0,0.242755,0.11874430502133565,0.2702410035505345,0.921,31.358,0.023958297101422107,31.33,31.41,0.08000000000000185,-0.006939625260235799,31.7419,0.009830136262909293
493,1398573,1404342,901.08,58.272065348672854,902.9622361981702,1068.0,384.0,-266.63,53.549258631656144,271.95418731837907,428.0,316.0,-13745.9,82.31105636547255,13746.146438911524,13996.0,568.0,13778.210713691442,82.16647198450735,13778.455711726188,14024.623488707282,568.0158924369662,98.08,10.573722145015918,98.6483147347181,127.0,343.7475,11.973042376522352,343.95595284861696,372.0,95.705,11.64658640975973,96.4110470848647,134.0,370.3889672469566,12.012095642848884,370.58369837325546,400.442255512577,1208.385,601.9127900078216,1349.9975240718036,4571.0,0.24338249999999997,0.12126015913625547,0.27191739094805983,0.921,31.368900000000004,0.03837694620471985,31.33,31.47,0.14000000000000057,-0.003466805338880148,31.740699999999997,0.009987962679958128
494,1401553,1407237,900.07,57.603082382803095,901.911370368508,1080.0,336.0,-267.7,55.689765666592635,273.43123449964526,428.0,316.0,-13745.56,81.68063662827316,13745.80268445608,13960.0,440.0,13777.83188393648,81.54003914248825,13778.073167173992,13993.692865001718,440.9059929226023,98.54,11.510794933452685,99.2100297349013,138.0,343.4825,11.963055368508499,343.6907658055421,372.0,95.9325,11.140150077534862,96.57715827254393,128.0,370.346090819635,11.700128828977276,370.53086241229624,400.442255512577,1062.4975,501.92054151404284,1175.0851745724647,3371.0,0.214005,0.10110499480737833,0.23668620576620006,0.679,31.385199999999994,0.03359999999999928,31.35,31.47,0.11999999999999744,0.0,31.739549999999998,0.01304695587652932
495,1404418,1410222,898.53,54.20958494583776,900.1637850969122,1080.0,336.0,-271.97,55.109700597989104,277.4973153023286,444.0,332.0,-13738.41,81.60044056253618,13738.652334199305,14032.0,516.0,13770.666069704843,81.38523625147779,13770.906562750326,14062.32811450508,519.6288266969077,98.7975,11.975662559958844,99.52066368347832,138.0,342.5975,12.238484127946565,342.8160257339204,377.0,95.94,10.868596965570118,96.55366383519582,125.0,369.6043353724653,11.93462499947996,369.7969713234547,399.13531540067964,1058.115,498.22593948428664,1169.54539886231,2584.0,0.21312750000000003,0.1003406011729549,0.23556648212341244,0.52,31.370449999999995,0.034825242281999964,31.29,31.43,0.14000000000000057,-0.006891798759476076,31.751099999999997,0.021770965466495467
496,1407313,1413077,901.75,54.44279107466846,903.3919857957563,1048.0,332.0,-276.42,52.16189797160375,281.2985602522701,444.0,332.0,-13739.67,77.00500698006591,13739.885788462727,14032.0,516.0,13772.20911543156,77.22383585314701,13772.425619330823,14062.32811450508,519.6288266969077,98.435,11.336038770223045,99.08559431118128,126.0,342.0575,12.323724832614529,342.27942897580044,377.0,96.235,10.418242414150287,96.79728818515527,126.0,369.04831036840716,12.092233632536042,369.24636423396237,398.40431724568447,1255.105,632.7112524485399,1405.5646872342802,3285.0,0.2527875,0.12745235322955006,0.28310002207700374,0.662,31.346549999999997,0.03735100400257042,31.29,31.43,0.14000000000000057,-0.003469812630118516,31.7502,0.02056739030260356
497,1410299,1415948,908.89,56.01542555403824,910.6144958213657,1056.0,340.0,-274.22,52.72676360255767,279.2431198794341,400.0,276.0,-13736.01,74.4728131602399,13736.211883922,13936.0,388.0,13768.991441222812,74.74684965270137,13769.1943264666,13968.94613061415,381.58612213568085,97.3425,11.462338057743716,98.01503711165955,128.0,343.245,11.305970767696156,343.4311503052686,375.0,96.355,10.556229203650327,96.93152222058622,140.0,369.885663834798,11.498616851206629,370.0643491340391,399.3369504566288,1552.12,803.5605799191496,1747.7946389664892,5075.0,0.31263,0.1618769690227736,0.3520535044563539,1.022,31.347299999999997,0.04607287705364209,31.29,31.47,0.17999999999999972,0.01062134891131151,31.7401,0.010012022847744363
498,1413153,1418962,905.46,59.106246708787054,907.3871059255802,1072.0,332.0,-271.65,53.58504922084144,276.88459689914134,400.0,276.0,-13732.52,73.25441693167723,13732.715381890064,13928.0,420.0,13765.25165589552,73.0414256824484,13765.445441394186,13964.543673174574,420.8230617620666,97.005,11.218956056603485,97.65160008929705,128.0,342.9,11.627768487547385,343.09709267203067,375.0,96.5425,11.330410131588351,97.2051053185994,140.0,369.5363276462457,11.965995559356054,369.7300129824464,399.3369504566288,1924.76,945.029614562422,2144.2439296871053,5314.0,0.38770250000000006,0.19034450082350687,0.4319076955785807,1.07,31.3475,0.0468161296990687,31.29,31.47,0.17999999999999972,0.006885866758478076,31.7519,0.019165288170979226
499,1416023,1421818,903.9,58.154191594415614,905.7688005225175,1080.0,340.0,-272.63,52.87838027020116,277.71071279300696,452.0,312.0,-13730.83,80.26973962833067,13731.06462442006,13924.0,416.0,13763.476201931797,79.99324257130344,13763.708660095941,13961.118006807334,417.39739539482616,97.73,11.748067926259194,98.4335816680466,127.0,342.815,12.520614002516012,343.0435686614748,379.0,96.4175,11.00832383925909,97.04389470749821,128.0,369.63505787759976,12.470023569483276,369.8453426771791,402.67232335982567,1752.1975,920.7859705130992,1979.4046788112832,5314.0,0.3529475,0.18545685412987573,0.39870563389548436,1.07,31.3314,0.03234254164409523,31.27,31.41,0.14000000000000057,-0.02415875754961183,31.747049999999998,0.0232734103446972
500,1419038,1424792,907.23,55.79612083290378,908.9441567005093,1080.0,328.0,-269.73,52.88333480407604,274.8652760899419,452.0,316.0,-13734.93,84.8448884730247,13735.192053990362,13988.0,496.0,13767.717024039068,84.8475455440151,13767.978470349233,14019.445923430783,497.65550943604467,97.75,11.71078562693383,98.44899694765813,127.0,343.5675,12.168830829212805,343.78293660389835,379.0,95.845,11.336047591643219,96.5130561115956,131.0,370.20717861266616,11.845986816196017,370.3966556274503,402.67232335982567,1230.9775,615.238873929265,1376.162954558798,3847.0,0.247975,0.123931470478648,0.27721942572626473,0.775,31.326699999999995,0.03351283336275869,31.27,31.39,0.120000000000001,0.0,31.742250000000002,0.020444619246646124
501,1421894,1427687,907.26,54.54917414590252,908.8984101647444,1056.0,324.0,-267.04,50.81297472102967,271.83141834600355,420.0,304.0,-13744.79,80.93538101473298,13745.028289530728,13988.0,496.0,13777.489697484998,81.04909434851496,13777.728089928325,14019.445923430783,497.65550943604467,97.3925,11.474904956033406,98.06616388948841,131.0,342.1325,11.750742263789126,342.33423360803397,374.0,96.0175,11.916047740337397,96.75408260120086,131.0,368.8306805100399,11.618158825772452,369.013621022314,398.24615503479754,1052.05,491.4097399319635,1161.1600815563718,2630.0,0.2119225,0.09899465386448907,0.23390401343286096,0.53,31.329599999999996,0.021859551687992786,31.27,31.35,0.08000000000000185,0.003452442603141649,31.74715,0.02396483430378761
502,1424870,1430552,906.0,51.71460141971511,907.4747379404013,1040.0,308.0,-271.63,51.28180086541424,276.42843558505336,396.0,280.0,-13738.04,81.47047563381474,13738.281569395787,13920.0,388.0,13770.753789771903,81.50841357059265,13770.995009802306,13948.964119245558,386.66224972503005,97.6725,12.086572870338392,98.41749082353198,131.0,342.295,11.813889071766335,342.4988102169116,374.0,96.495,11.508908506022628,97.17890717640326,131.0,369.192584671574,11.489687703441799,369.37132739290956,402.05845346168263,1042.1,477.60061243679326,1146.330997138261,2563.0,0.20990999999999999,0.09621336653500906,0.23090954939109817,0.516,31.335499999999996,0.01666583331249996,31.29,31.35,0.060000000000002274,0.0,31.7417,0.01954648722679479
503,1427763,1433418,904.49,51.186325322296774,905.9371942910833,1064.0,328.0,-275.69,53.86746606255022,280.9033285669645,424.0,292.0,-13739.87,84.21320027169138,13740.128073638905,14120.0,588.0,13772.569524811306,84.1251700674171,13772.82644775574,14154.90360263891,592.6017331183812,97.755,11.83701714960319,98.46905605315814,136.0,344.1825,12.06976361616084,344.39406571542435,374.0,96.9025,10.969867535663319,97.52144635924962,131.0,371.06008646290405,11.325733271720756,371.2328918616991,402.05845346168263,1051.2175,484.8598923335999,1157.6473329559394,2563.0,0.21173999999999998,0.09767764534426493,0.2331839402703368,0.516,31.3579,0.03440334286083307,31.29,31.41,0.120000000000001,0.01768346595932828,31.752300000000005,0.025343949760715218
504,1430628,1436397,903.69,53.47096314823588,905.2705451962966,1064.0,348.0,-272.16,53.182463275030806,277.30748276957837,424.0,292.0,-13739.55,85.4746599876244,13739.815869217462,14120.0,620.0,13772.1346028701,85.22206538235268,13772.398277714741,14154.90360263891,624.8227455264878,97.0425,11.732463243070484,97.74915600658657,136.0,343.835,11.48728753884049,344.0268376159046,374.0,97.2825,11.099670884760503,97.91367371312344,130.0,370.6262442077569,11.516818330257689,370.80513750486256,400.79670657329507,1027.7225,480.66894063768046,1134.5731212663202,2896.0,0.2070025,0.09682100750224613,0.22852645908078129,0.583,31.3679,0.026713105397912714,31.33,31.41,0.08000000000000185,-0.003466805338880148,31.7454,0.029068064623437608
505,1433494,1439287,901.6,57.55692834055689,903.4353103570836,1040.0,324.0,-269.19,49.520742118833404,273.7070696931301,400.0,272.0,-13737.78,81.94554045218081,13738.02439945424,13940.0,440.0,13770.17756159294,81.456996030605,13770.418487467983,13973.900815448776,443.81995833635483,96.7425,11.3697490627542,97.40832869934685,126.0,342.71,11.29915483565032,342.89621607710984,374.0,97.22,11.187787985120204,97.86161147252788,129.0,369.4727088656889,11.532991955683796,369.65266467320373,396.8702558771569,1066.915,486.26306437462426,1172.5013368862315,2896.0,0.2149025,0.09793415131479928,0.23616558280155894,0.583,31.34705,0.030631642136849817,31.29,31.41,0.120000000000001,-0.01726221301570886,31.734250000000003,0.02624231597762752
506,1436474,1442157,900.47,55.96337284331601,902.207359757168,1040.0,312.0,-269.73,51.38255637859993,274.58048000540754,400.0,300.0,-13744.0,80.14037683964307,13744.233644696236,13928.0,428.0,13776.318981576193,79.78945960198821,13776.550041283921,13965.976943987842,437.12126436733706,97.14,11.45645669480752,97.8132404125331,128.0,342.4025,12.36246309397929,342.6256010574808,378.0,96.18,11.923824889690389,96.91630409791739,128.0,369.0511269906607,12.400329307048938,369.2593973076379,406.4098916119045,1225.505,580.3459097598604,1355.97340681888,3222.0,0.24683,0.11688939686729503,0.27310836677040856,0.649,31.343249999999998,0.040613267536607434,31.29,31.41,0.120000000000001,-0.0175963399612883,31.73965,0.026676893402418127
507,1439362,1445137,902.09,52.372434543374055,903.6090083658971,1032.0,264.0,-269.53,52.48865686984189,274.59329926274603,400.0,300.0,-13736.07,84.4371665796526,13736.329519926348,14044.0,548.0,13768.499416104154,84.16191977127123,13768.756639580786,14076.434775894073,549.7405751663882,98.18,11.983847462313596,98.90866999409101,129.0,343.0125,12.87681419257108,343.25411505180824,378.0,96.3675,11.826133930833018,97.09043464729159,127.0,369.96674998070614,12.54866163037557,370.1795037545974,406.4098916119045,1227.36,599.2108688934138,1365.820718469302,3222.0,0.24722000000000002,0.12069217704557327,0.2751078515782492,0.649,31.335699999999996,0.042608801907587784,31.27,31.39,0.120000000000001,0.010389610389610783,31.734300000000005,0.014071425390887729
508,1442233,1447997,905.34,55.67445015444697,907.0502521911342,1052.0,312.0,-271.18,49.86669830658533,275.7268213286477,416.0,304.0,-13733.84,86.32018535661285,13734.111267934302,14044.0,548.0,13766.52237683305,86.25200377328294,13766.792573435541,14076.434775894073,549.7405751663882,98.2125,11.868333655151426,98.92700591850539,129.0,343.59,12.477455670127624,343.81648447972935,379.0,97.59,10.933293190983218,98.20053462176263,130.0,370.80576343062,11.94815076214974,370.99821091212823,405.1542915976579,1025.705,488.3337516238254,1136.0196301120857,2878.0,0.20663250000000002,0.09836352191615548,0.2288501092418354,0.58,31.333949999999994,0.0396156219186326,31.27,31.41,0.14000000000000057,0.0,31.7441,0.018331123129474516
509,1445214,1450888,907.0,56.496017558762496,908.7578335288231,1068.0,328.0,-272.04,52.28076510534252,277.01812215088023,416.0,292.0,-13740.25,82.04424111416961,13740.494944506183,13952.0,420.0,13773.054740948202,82.12346098555955,13773.299574176117,13984.947908376349,420.51559441643076,98.4525,11.67209251805348,99.14198152145235,135.0,343.135,12.505669714173647,343.3628110322957,380.0,97.3025,11.144325630113292,97.93861597960225,130.0,370.3697444239052,12.057255714761858,370.5659522945949,405.9605892201853,946.7425,441.9311045782476,1044.8083376868697,2339.0,0.19072250000000002,0.08903474318348989,0.21048101458326354,0.471,31.332649999999994,0.038314194497601574,31.29,31.41,0.120000000000001,-0.010574550581600683,31.747149999999998,0.017251711621885497
510,1448073,1453892,905.69,57.8569261195235,907.5361149838611,1068.0,304.0,-272.07,52.49414348286864,277.08792828270236,416.0,292.0,-13742.8,77.47618989083034,13743.018387530448,13952.0,456.0,13775.52057002097,77.37535091466373,13775.737872070591,13977.534546550047,445.23422472744824,98.8075,11.898547968134599,99.52134193227099,135.0,343.6575,12.186270707234433,343.87349781569384,380.0,96.84,10.996335753331653,97.46232605473769,130.0,370.82881832480007,11.763184085628392,371.0153433484928,405.9605892201853,951.105,438.805519535705,1047.4497625184704,2552.0,0.191575,0.08840036411124108,0.21098721525248867,0.514,31.331549999999996,0.035729504614534606,31.29,31.39,0.10000000000000142,0.010311050008592932,31.745500000000003,0.019252965790477777
511,1450964,1456768,906.23,58.02919179171808,908.0860091423058,1060.0,296.0,-270.74,52.241864438398444,275.7342198567309,416.0,316.0,-13738.93,76.56849939759823,13739.14336048649,13952.0,504.0,13771.669538667617,76.34106191587185,13771.881129315632,13977.534546550047,497.5036860512482,97.54,11.431684040420292,98.20761172129176,135.0,344.705,11.137458192963061,344.88487934381817,375.0,95.9875,10.740919129664835,96.58658033080994,126.0,371.20353161724466,11.27921162516405,371.3748544260906,402.55931240004867,958.135,427.1008683847412,1049.0175546672228,2552.0,0.19299500000000003,0.08603595164232218,0.21130370323304795,0.514,31.34415,0.03219902948848061,31.29,31.39,0.10000000000000142,0.017229496898690803,31.749700000000004,0.021047981942685867
512,1453968,1459758,905.69,53.205111596537414,907.2514315227064,1060.0,296.0,-268.09,51.86551744656559,273.0609455780888,416.0,316.0,-13739.19,82.38849373547255,13739.437023400922,14072.0,624.0,13771.819401070068,82.38655418250089,13772.06582760916,14107.25884075287,627.2279802540706,97.05,10.929203996632143,97.66345273437756,129.0,344.035,11.547457512370418,344.22873935800305,375.0,96.0325,10.736919658356394,96.63085687294716,123.0,370.45843770633184,11.386106981047798,370.6333734298626,403.16869918186853,911.225,407.79687881959075,998.3132248948724,2445.0,0.1835725,0.08216209432426853,0.20112054221287293,0.492,31.34245,0.04431701140645706,31.25,31.41,0.16000000000000014,-0.01727115716753047,31.74625,0.019796901101765043
513,1456844,1462627,902.19,54.306204986170776,903.8229693916835,1064.0,332.0,-266.13,53.240427308578205,271.40324242720465,404.0,260.0,-13743.9,84.6119967853259,13744.160447259046,14072.0,600.0,13776.260444755859,84.55908144639267,13776.51995534431,14107.25884075287,603.2155943766193,98.4575,11.83504092726341,99.16626190393586,132.0,342.9625,11.396099935942997,343.1517849290602,373.0,96.75,10.542414334487143,97.32268491980685,123.0,370.0503287787558,11.0251608031254,370.2145323997965,403.16869918186853,882.9375,409.4787706264514,973.2684585971128,2526.0,0.177865,0.08248931309569743,0.19606234977679932,0.509,31.33305,0.04753627562188737,31.25,31.41,0.16000000000000014,-0.006916825177243497,31.743199999999998,0.015110619678479749
514,1459834,1465483,905.01,59.36850932944165,906.9551918369507,1064.0,332.0,-267.41,56.870483556938396,273.3904899589596,444.0,332.0,-13740.73,79.81019421101543,13740.961778565574,14016.0,504.0,13773.343979833468,79.60083658550036,13773.573998058746,14046.888338703344,500.4857166047368,100.065,12.289661305341168,100.81686366873352,132.0,342.9325,11.599911368195878,343.12863112832775,376.0,96.2625,10.073410234374455,96.78813202040837,122.0,370.32294234370215,11.408697292112807,370.49863697455083,403.0620299656121,909.185,430.79308928417134,1006.0815324813392,2526.0,0.18314,0.08677808133394055,0.20265906098667288,0.509,31.3456,0.0393273441767943,31.25,31.41,0.16000000000000014,0.024783147459727487,31.745050000000003,0.016345195426602375
515,1462704,1468342,907.83,58.90000933786004,909.7387097403298,1108.0,364.0,-267.31,55.68019306719401,273.04746840064274,444.0,380.0,-13744.31,81.10107212608227,13744.549274530613,13960.0,456.0,13777.09137621601,81.03956684493868,13777.329719506606,13993.588246050404,456.52150321427325,99.2375,12.001087190334049,99.96052971048123,131.0,342.4925,12.33429948355398,342.71452770491067,378.0,96.43,10.025472557440871,96.94975502805563,120.0,369.72319301773956,12.221724295996106,369.92514107586686,403.0620299656121,955.125,469.16576428273197,1064.1335818401749,3543.0,0.1923975,0.09452980743527409,0.21436576802278856,0.714,31.347550000000002,0.03041377155171708,31.29,31.41,0.120000000000001,-0.003547357218872495,31.750100000000003,0.01987403943864975
516,1465559,1471347,903.11,55.647173333422785,904.8227892797572,1108.0,352.0,-270.04,54.60474704638782,275.505499037678,400.0,336.0,-13747.13,83.60145393472533,13747.384203549416,13972.0,468.0,13779.629871128152,83.55007308649485,13779.883163510494,14001.34964923025,464.282906394119,98.7875,11.160302135247056,99.41590667493809,127.0,342.03,11.98370143152774,342.2398720196114,378.0,96.16,10.517338066259923,96.7334481965778,131.0,369.0958403840118,11.716360835178227,369.2817521893006,399.1102604544263,967.425,445.1345070593831,1064.9205885886515,3543.0,0.19486499999999998,0.08969259598762876,0.2145160366965603,0.714,31.340199999999996,0.026228991593274062,31.29,31.39,0.10000000000000142,0.0,31.749200000000002,0.02103487973375448
517,1468418,1474252,904.15,53.96681850915431,905.7591512096359,1052.0,296.0,-271.52,53.023104397988625,276.648802636122,396.0,292.0,-13737.36,81.36135692083803,13737.600934661044,13972.0,468.0,13769.96638510176,81.48247153580132,13770.207465394267,14001.34964923025,467.38230775938246,99.2775,11.20649337437898,99.9079951755614,127.0,342.8875,11.557242047737859,343.0822168227319,372.0,96.41,11.423961659599527,97.08447352692397,131.0,370.1102358348905,11.437802684158958,370.2869292859255,406.24376918298697,923.6925,428.0142555380019,1018.0393103903208,2299.0,0.18603749999999997,0.08623190299274393,0.20505095098535875,0.463,31.354149999999994,0.024408553828525737,31.33,31.39,0.060000000000002274,0.010284538909839266,31.745700000000003,0.017036302092074407
518,1471423,1477127,906.23,55.154574606282665,907.9068454417556,1064.0,292.0,-268.73,50.9029183839198,273.50853734390085,396.0,308.0,-13737.2,79.54621298339727,13737.43030701157,13980.0,496.0,13769.886966005059,79.41122996150888,13770.115947224263,14011.995432485695,498.0672100923257,99.325,11.501711829114829,99.9887243643002,127.0,344.03,11.741767328643503,344.23031534134236,374.0,96.4975,11.706194674188533,97.20495100559435,130.0,371.22003888566235,11.693597809370484,371.4041700089001,406.24376918298697,905.4225,436.3062674243289,1005.0637106671397,2352.0,0.18236750000000002,0.087887413454658,0.20244036776295385,0.474,31.367699999999996,0.022286991721629908,31.33,31.41,0.08000000000000185,0.003506311360448733,31.750349999999997,0.01467705829177773
519,1474328,1480132,899.86,57.34788923752993,901.6855327662744,1072.0,304.0,-265.95,50.55450029423692,270.7123196310061,452.0,364.0,-13740.36,81.52809577072189,13740.601870369434,13980.0,496.0,13772.57537408506,81.42042216639862,13772.816041754133,14011.995432485695,498.0672100923257,98.71,11.411437245150148,99.36742423953638,133.0,344.0175,11.722294730555106,344.217158927326,374.0,96.065,11.398279475429614,96.73884948664627,128.0,370.9298883357398,11.347265716266463,371.1034121373718,397.63425405767043,908.5575,411.820679050664,997.5334593385828,2352.0,0.1830225,0.08293980946294728,0.20093841718297673,0.474,31.370149999999995,0.027945974665415072,31.33,31.41,0.08000000000000185,-0.006891798759476076,31.751550000000005,0.02013979962219182
520,1477204,1482992,899.53,56.217249132272556,901.2849715822405,1080.0,344.0,-262.28,49.92395817641065,266.9891383558515,452.0,328.0,-13739.82,84.00028333285549,13740.076771255683,14044.0,560.0,13771.935409942462,84.27659445491527,13772.1932704998,14075.955669154404,560.6931855768089,98.4325,11.155287703595995,99.06259384853598,136.0,344.275,11.87621046462212,344.47978169988437,375.0,96.045,10.737223803199782,96.64331327101736,128.0,371.0559892292952,11.708986167431599,371.2406867518699,404.2585806139432,891.02,418.2478387272312,984.3007137049125,2034.0,0.17948250000000002,0.0842341361548274,0.19826587578300003,0.41,31.36825,0.03538272883766906,31.33,31.43,0.10000000000000142,-0.010366275051831153,31.744850000000007,0.022444082563233495
521,1480207,1485877,903.13,55.40616481944947,904.8279615484923,1080.0,364.0,-263.14,51.39475070471692,268.11206612161266,416.0,292.0,-13745.83,82.57730378257696,13746.078037025689,14044.0,552.0,13778.18682503224,82.62526555456093,13778.43456710522,14075.955669154404,551.1772236492798,99.3925,11.146678597232452,100.01558628533854,136.0,344.355,11.376465839618207,344.54287106251377,375.0,95.5675,10.312150297100988,96.1222528866235,130.0,371.24695876222876,11.317712215637592,371.4194327172449,404.2585806139432,897.565,400.6832237254262,982.9394564264882,2034.0,0.1808,0.08069941139810129,0.1979925124846897,0.41,31.360149999999994,0.03340624941534184,31.33,31.43,0.10000000000000142,0.010582010582010984,31.743100000000005,0.02441064725172389
522,1483068,1488867,904.65,56.49086209290844,906.4120696460302,1060.0,344.0,-267.81,55.17176723651328,273.43394083397914,416.0,276.0,-13744.48,80.99981234546165,13744.718674458201,14008.0,496.0,13777.049632282795,80.89394054252823,13777.287120474772,14037.986180360771,496.9823770971452,100.0825,11.599814384290811,100.75248135902163,134.0,343.0375,10.71639369144303,343.20484772217304,375.0,96.19,10.740758818631019,96.78780914970645,130.0,370.404507427684,10.44082742194023,370.5516293311905,399.5172086406291,904.26,387.73469976260833,983.8822820845998,1993.0,0.182145,0.07808891710735909,0.19817840447435234,0.401,31.349299999999992,0.031488251777449516,31.29,31.39,0.10000000000000142,0.0,31.748700000000003,0.025961413433567962
523,1485953,1491738,905.6,56.513361252008366,907.3616258140962,1060.0,316.0,-269.48,53.127484412495946,274.6670711971131,400.0,272.0,-13736.0,84.21781284265224,13736.258174626742,14008.0,488.0,13768.676694656748,84.1298877696832,13768.933719064813,14037.986180360771,486.3610379654874,99.27,11.513995831161308,99.93550420145985,134.0,342.935,11.793251248065564,343.1377201649507,374.0,96.7825,11.027247786732644,97.40868801087508,129.0,370.25563710732985,11.393668866754561,370.43090111382446,403.61987067041184,936.3,422.2984963269464,1027.1288672800506,2434.0,0.18859250000000002,0.08503079703113454,0.2068752462234184,0.49,31.35365,0.035209054233251644,31.29,31.41,0.120000000000001,-0.006914433880725868,31.7524,0.024652776689375475
524,1488943,1494622,909.03,56.63231498005357,910.792380293116,1044.0,300.0,-270.18,50.07801513638495,274.7818043466488,424.0,296.0,-13736.98,87.55752166433219,13737.259036649197,14000.0,496.0,13769.883584919526,87.40536461688963,13770.160988165679,14032.91445138892,495.0085571968648,99.2825,11.487284002321871,99.94484729089339,134.0,343.28,12.717963673481693,343.51550911130636,379.0,95.89,11.504255734292418,96.57763716306172,125.0,370.3672632654,12.13292220768973,370.5659421749387,403.61987067041184,928.8425,419.1122733752258,1019.020847431494,2434.0,0.18711000000000003,0.08439595902648421,0.2052628315112115,0.49,31.356849999999998,0.025963002522821316,31.33,31.41,0.08000000000000185,-0.003521746786406608,31.7491,0.02422099588381917
525,1491814,1497582,909.73,57.16018806827003,911.5239766457051,1044.0,280.0,-269.09,50.19613431331142,273.7317665160549,424.0,320.0,-13738.64,84.04612067192632,13738.897073637316,14000.0,496.0,13771.568299462197,83.69237269831454,13771.822604143577,14032.91445138892,495.0085571968648,100.2375,11.550155572545332,100.90075569588168,130.0,342.9075,12.243730793757269,343.1260154811931,379.0,95.42,11.606403405017423,96.12328021868584,122.0,370.14631311941196,12.15799671435315,370.34593287897735,401.7835238035527,912.16,435.31837705293356,1010.711608224621,2780.0,0.18374750000000004,0.08766478052074277,0.20358845129328926,0.56,31.328449999999997,0.039605523604669644,31.25,31.39,0.14000000000000057,-0.013869625520111277,31.745500000000003,0.01823681588529289
526,1494698,1500477,907.04,59.80868164405566,909.0097029185113,1108.0,352.0,-266.92,50.85541859035279,271.7214750438397,400.0,296.0,-13742.43,80.27586872778144,13742.664462177632,13932.0,436.0,13775.144986117632,79.61363851900565,13775.375048251863,13957.172206432075,433.9394568266762,99.8175,11.62966868616643,100.49269873975919,131.0,342.9875,11.980289802421309,343.1966673789243,376.0,97.14,11.782206924001972,97.85192895390463,128.0,370.55608333513993,12.079904938402567,370.7529298603047,407.28491256121924,920.7925,435.8016916485639,1018.7158301018003,2780.0,0.1854925,0.08777214788160308,0.20521066614579273,0.56,31.31234999999999,0.04557935387870284,31.25,31.39,0.14000000000000057,-0.01038241910365093,31.746400000000005,0.02163817289689149
527,1497683,1503322,907.47,58.7223901080329,909.3679783234068,1108.0,352.0,-267.45,51.766953744642926,272.4138762985469,432.0,288.0,-13744.08,81.88720046502993,13744.323939721444,13936.0,440.0,13776.827325139018,81.41777019103861,13777.067902859448,13964.583774677998,441.35102507259944,99.0175,11.62119588295456,99.6971288453183,134.0,343.1825,11.588537170411112,343.3781042815631,376.0,98.02,11.467763513431901,98.68855050105863,128.0,370.7557317015699,11.298557891764476,370.92785012721816,407.28491256121924,907.5125,406.18846591668506,994.2675733925953,2282.0,0.18280000000000002,0.0818058983203534,0.20026993034402343,0.46,31.338549999999994,0.04604234464055944,31.27,31.39,0.120000000000001,-0.017733640716439337,31.74795,0.02620140806256648
528,1500553,1506307,908.47,54.52759943368129,910.1049390042887,1056.0,288.0,-268.4,53.83010310226054,273.7448447003158,432.0,308.0,-13738.01,80.31039720982582,13738.244739412674,13956.0,432.0,13770.844789147293,80.18449485330632,13771.078235200031,13990.56939513185,435.87957942599496,99.035,10.905905510318709,99.63367904478886,134.0,343.065,10.844850160329555,343.23636899373,376.0,96.4,10.93892133621958,97.0186579993766,123.0,370.1906733050936,10.467110294702994,370.3386220744469,399.3920379777243,920.1225,407.60682954748194,1006.3641202368058,2282.0,0.1853125,0.08208672148252724,0.202679432849019,0.46,31.335050000000003,0.04392604580428406,31.27,31.39,0.120000000000001,0.020855057351407892,31.744600000000002,0.023669402221089902
529,1503412,1509202,909.03,53.161819946273475,910.5831757725375,1068.0,304.0,-270.0,52.69762803011157,275.0946019099611,428.0,304.0,-13739.8,81.30756422375472,13740.040573448101,13976.0,452.0,13772.689810290685,81.05004327642912,13772.928291398312,14006.958841947098,452.2690262412434,99.35,11.17486017809619,99.97649723810092,140.0,343.0675,11.341866854711352,343.25493077303344,379.0,96.0825,11.360928384159457,96.75183460792876,124.0,370.223543615347,10.70947024344687,370.3784078479738,404.788833838089,911.09,422.63493927975236,1004.3432082709576,2143.0,0.18350000000000002,0.08512191257249804,0.20228195668422827,0.432,31.3219,0.039728956694079554,31.29,31.39,0.10000000000000142,0.01727115716753047,31.738450000000004,0.01839683692982416
530,1506384,1512092,906.94,54.77149258510307,908.5923618433076,1080.0,372.0,-267.07,49.65536325514093,271.6469031665923,412.0,292.0,-13734.89,80.70296091222428,13735.127093696658,13976.0,448.0,13767.59177785647,80.40546187224638,13767.826567762975,14006.958841947098,448.1093332313976,99.805,11.455652534884251,100.46029066252994,140.0,343.41,11.566628722320086,343.60473657969266,379.0,96.63,11.464427591467441,97.30770781392397,124.0,370.8129340031303,11.092473844465827,370.978806672295,404.788833838089,902.8075,425.8766082373508,998.2145398159656,2251.0,0.18183999999999997,0.08577496371319546,0.2010550422148124,0.453,31.335099999999997,0.03893571625127819,31.27,31.39,0.120000000000001,-0.021023125437981953,31.736600000000003,0.009416031761593339
531,1509278,1514947,905.24,56.21158599434818,906.9835720673225,1080.0,372.0,-262.74,53.14369576911263,268.06073938568477,408.0,316.0,-13734.05,79.7360489364754,13734.281460637101,13968.0,440.0,13766.575972369592,79.68059347276278,13766.806565068022,13999.25312293481,440.40361421910893,100.19,11.24116986794524,100.81864906851311,138.0,343.5725,11.078571376761538,343.75106908924664,378.0,97.09,10.748111462019734,97.68311010609767,124.0,371.14871418636403,10.94620746234262,371.31009614606495,403.3918690305991,916.145,441.78414296463836,1017.1012191517617,2926.0,0.1845375,0.08899178947380483,0.20487466290393255,0.589,31.343549999999997,0.033457398284983876,31.27,31.39,0.120000000000001,-0.007055918151349295,31.743250000000003,0.022060238786974294
532,1512169,1517947,904.14,57.21730857004723,905.948651966545,1080.0,336.0,-265.23,53.35360437683662,270.54308344513265,408.0,316.0,-13738.52,82.32308060319414,13738.766643334473,13988.0,492.0,13771.015541862087,82.31856286913384,13771.261576195553,14018.585377990177,492.06032533899815,100.22,11.568128629990245,100.88543006797364,138.0,343.27,11.788006616896684,343.4723424091087,378.0,97.495,10.605186231273828,98.07010247776843,132.0,371.0026938180271,11.219009749848917,371.17228479508003,401.55447949188664,929.505,439.0672043947259,1027.9881103398034,2926.0,0.18721249999999998,0.08844963167673453,0.20705520399159252,0.589,31.33645,0.04132066674195914,31.29,31.41,0.120000000000001,-0.006922810661128271,31.745650000000005,0.03128136521195595
533,1515152,1520802,898.89,57.95660359268822,900.7564598713683,1080.0,376.0,-268.29,51.56467686313955,273.20036603196564,428.0,316.0,-13738.05,81.01850097354307,13738.288896365515,13992.0,496.0,13770.259028657943,80.92418466941842,13770.496811662242,14020.469606971088,493.944554319909,99.5675,11.868464254064213,100.27236658222444,138.0,342.105,12.179859399845304,342.32174923600746,378.0,96.455,10.665738371064611,97.04290288320935,132.0,369.4839827547398,11.731964357904477,369.67019422723274,402.6760484558276,919.9675,425.796966221872,1013.7274078863608,3828.0,0.185305,0.08576929505947918,0.2041918583097769,0.771,31.33515,0.04635167203025205,31.29,31.43,0.14000000000000057,0.024778761061947003,31.7418,0.02470396150996209
534,1518023,1523772,901.36,55.34754195084006,903.0576947238753,1048.0,344.0,-268.42,54.02798904271748,273.80343314136877,428.0,316.0,-13736.29,82.79103755842175,13736.53949581189,13992.0,476.0,13768.665462012921,82.76614750289515,13768.914221535408,14020.469606971088,469.2878134890161,99.17,11.821636942488126,99.87211823126613,138.0,342.06,11.394138844160185,342.24971877271133,372.0,96.3625,11.077503949446374,96.9971262460904,128.0,369.3147333522548,11.152588441835357,369.4830882462687,402.6760484558276,910.865,433.22467239874504,1008.6419905000981,3828.0,0.1835025,0.08726909529581478,0.20319710258761073,0.771,31.336599999999997,0.04461434746805162,31.29,31.43,0.14000000000000057,0.017394329448600004,31.735800000000005,0.012277493315219386
535,1520878,1526657,906.38,55.60157911426617,908.0838287294846,1072.0,308.0,-269.38,54.69200672858878,274.8759720310235,444.0,356.0,-13733.89,84.52258810519233,13734.150086554318,14020.0,504.0,13766.622395260734,84.61362954993145,13766.882422683793,14055.636876356759,504.4550828746869,100.1775,11.464553796376029,100.83138152380934,132.0,342.62,11.068902384608874,342.79875291488446,371.0,97.255,11.082868536619932,97.88444718135767,128.0,370.3285107059166,10.775511975674172,370.48524599503287,395.7650818351715,931.84,438.6637771688015,1029.9280047653817,3005.0,0.1876875,0.08836803632394465,0.20745001205109628,0.605,31.3375,0.04342522308520763,31.29,31.43,0.14000000000000057,-0.01730403183941883,31.7342,0.014452757713107058
536,1523850,1529532,900.53,59.05589809663384,902.4643372455224,1088.0,364.0,-269.37,54.6252972531958,274.85290611525284,444.0,356.0,-13743.43,83.25644179281265,13743.68217764075,14020.0,476.0,13775.771048684748,83.17339850591159,13776.022132676762,14055.636876356759,479.02522248671085,100.86,11.72029863100766,101.53868720837393,132.0,342.4625,11.110742268183527,342.6426892551481,380.0,96.3625,10.619138088846947,96.94584828655634,131.0,370.12613510248434,10.920582131807635,370.2872060981853,400.74929819027756,906.0575,414.54439351383104,996.3870972167393,3005.0,0.1824725,0.08352148971222915,0.20067897871974533,0.605,31.337249999999997,0.02933321496188312,31.29,31.39,0.10000000000000142,-0.010559662090813493,31.744249999999997,0.024646625333924546
537,1526734,1532383,901.81,59.72640873181645,903.7856604306133,1104.0,380.0,-267.64,54.908928235761444,273.21449449105,420.0,308.0,-13742.76,81.24470690451162,13743.000149894491,13972.0,452.0,13775.158709786409,80.81039658133122,13775.39574023193,14004.5221267989,449.01549665039784,100.9175,11.919550903872176,101.61898198663476,132.0,342.5975,11.45558788321228,342.7889693382796,380.0,95.825,10.739384293338235,96.42491897844664,131.0,370.1289977900908,11.531912022858569,370.3086010343265,400.74929819027756,915.5825,414.43263408393653,1005.0103096486125,2608.0,0.184405,0.08349533504933075,0.20242696213696434,0.525,31.340199999999996,0.02345122598074648,31.29,31.39,0.10000000000000142,0.0,31.743299999999998,0.023247820389924352
538,1529608,1535372,899.89,58.560292861289554,901.7933909715683,1104.0,420.0,-265.51,56.25015466645404,271.4030950449902,424.0,312.0,-13732.63,79.96876327666948,13732.862837733435,13992.0,472.0,13764.887234947446,79.32269020199085,13765.115788833744,14012.094204650495,456.587574501993,100.44,11.311118423922542,101.07489797175162,132.0,342.9675,11.859656139618888,343.1724894276929,374.0,96.36,11.170290954133648,97.00528336126852,127.0,370.46918520165957,12.087196367167353,370.66631557237565,403.93811407194545,938.345,408.51561289013176,1023.4140633194367,2608.0,0.1889975,0.08228610146160772,0.20613359139160214,0.525,31.346549999999997,0.026778676218215825,31.29,31.39,0.10000000000000142,-0.003469812630118516,31.7406,0.021184001150913054
539,1532460,1538237,901.83,57.676781290221115,903.6724849191769,1048.0,364.0,-264.28,54.267500403095774,269.79414374667215,424.0,348.0,-13732.85,78.67831658087252,13733.075380263519,13992.0,484.0,13765.197786801793,78.1161329500995,13765.419435672857,14012.094204650495,472.042210658743,99.9725,11.472869900334441,100.62866142406943,131.0,342.4625,12.149427712859566,342.6779428267889,374.0,96.4575,10.81980562440934,97.06244124273817,127.0,369.9036878031706,12.111120906610347,370.1019015082198,403.93811407194545,897.795,389.48294953052823,978.6382528799903,2248.0,0.18084250000000002,0.07844939575133769,0.19712513157890346,0.453,31.34665,0.03635625805827719,31.29,31.41,0.120000000000001,0.0034620045006063917,31.7385,0.02500626487918564
540,1535448,1541117,909.11,57.31114987504613,910.9146831619304,1044.0,308.0,-262.34,49.64558792078104,266.9961797479507,404.0,328.0,-13737.66,80.18506344700364,13737.894013275834,13956.0,448.0,13770.417973251357,79.83283757971599,13770.649383380582,13988.489553915391,448.4375599236391,99.5725,11.803166683140589,100.26962401445415,133.0,341.6175,12.360671249976678,341.8410485883754,376.0,96.8325,11.093666830674156,97.46590429478404,125.0,369.13428619520033,12.197592186983652,369.33575849083445,401.19945164469004,907.9925,417.64655804130604,999.439356589483,2329.0,0.18289750000000002,0.0841149332386943,0.20131273556335177,0.469,31.347849999999998,0.03317193844200319,31.29,31.41,0.120000000000001,0.0,31.7293,0.017614928733483453
541,1538314,1544117,909.07,58.08971595730177,910.9240802613575,1076.0,312.0,-266.27,47.78542769506202,270.5238621637655,400.0,268.0,-13736.55,83.63048188310289,13736.80457602859,14024.0,512.0,13769.38075830089,83.18252781213955,13769.632013964643,14058.664516944702,508.6404579254704,99.6525,11.224604391692386,100.2826630081192,133.0,342.3425,12.253374790236363,342.56172071613605,376.0,97.0275,12.009443940083154,97.76790117415838,125.0,369.89292395690944,11.955430005149182,370.08608120273857,402.4748439343756,925.79,408.59618928717384,1011.9476122803986,2329.0,0.1864675,0.08228951296337826,0.2038177924029205,0.469,31.341999999999995,0.018165902124585957,31.33,31.39,0.060000000000002274,-0.0034464931931764823,31.726350000000004,0.022291697994964978
542,1541193,1547022,908.01,60.72989296878433,910.0386145653381,1088.0,364.0,-269.88,50.553591365994954,274.5739973122,424.0,284.0,-13733.25,78.25546306808235,13733.47295770447,14024.0,504.0,13766.110997011634,77.6444328680039,13766.329962629836,14058.664516944702,503.17736229031834,99.775,11.461429884617363,100.43114556749813,133.0,342.6025,11.267852224359352,342.78774409246313,380.0,97.1125,12.042833709306128,97.85636157143796,125.0,370.1909259510568,11.153400535226691,370.35890700778344,410.63122141405665,932.1175,413.0446812316435,1019.5336887518724,2901.0,0.1877525,0.08316863136874383,0.2053485390744234,0.584,31.336849999999995,0.009490916710203929,31.33,31.35,0.020000000000003126,0.0,31.7295,0.028667132944857957
543,1544194,1550003,907.5,59.49445352299658,909.4480963749388,1088.0,364.0,-267.17,53.32308224399636,272.43927763815554,424.0,300.0,-13730.83,78.46139878946845,13731.054172203969,13976.0,468.0,13763.613622414889,78.15198574109802,13763.835500324756,14013.114428991152,470.29227110987813,100.2175,11.590306024864054,100.88549201941774,134.0,342.305,11.286805349610669,342.491029079595,380.0,97.12,11.457992843425938,97.79355807004876,126.0,370.01701762522885,11.35667943243517,370.1912580005098,410.63122141405665,959.2925,436.4291889227278,1053.9034763677364,2901.0,0.19323249999999997,0.08788898363134028,0.2122811166825726,0.584,31.338099999999994,0.023246290026583547,31.29,31.39,0.10000000000000142,0.0034429333792396497,31.734550000000002,0.021574548729514267
544,1547098,1552858,908.5,57.64989158706199,910.3272818058349,1072.0,328.0,-271.33,53.116392008493946,276.48023437490065,452.0,328.0,-13730.82,81.68652030782067,13731.062979973547,13976.0,468.0,13763.740332264297,81.72946837634225,13763.982986040051,14013.114428991152,470.29227110987813,100.155,11.51720343659866,100.81502864156712,134.0,342.22,12.157779402506035,342.4358918104234,373.0,96.73,11.235750976236524,97.38036249675804,128.0,369.8101121709519,12.223990187657748,370.01208764039046,405.56380509113484,950.825,443.2079583840976,1049.047889755277,2363.0,0.1915325,0.08929590664610557,0.2113254776405344,0.476,31.340949999999992,0.03254377820720956,31.29,31.39,0.10000000000000142,0.010416666666667062,31.73325000000001,0.017296978454606895
545,1550084,1555727,904.84,59.28587015470043,906.7801497606793,1072.0,396.0,-274.91,54.13586519120203,280.18957867843693,452.0,368.0,-13737.5,79.33265405871659,13737.729067061993,13948.0,436.0,13770.245717626927,79.3047046353615,13770.47407898508,13988.895024268357,439.9573537349206,99.6425,11.422551980621494,100.29507714738546,129.0,342.1825,11.746454518279121,342.38405701784654,373.0,96.66,11.315891480568379,97.32011611172688,131.0,369.61905613723553,11.785726121843721,369.8069090755336,404.9617265865998,899.8625,407.3708489739417,987.7770636636589,2105.0,0.18128500000000003,0.08207386170395542,0.19899841707913155,0.424,31.352249999999994,0.03095056542294584,31.29,31.39,0.10000000000000142,-0.0035442140705304144,31.726050000000004,0.021413637235395185
546,1552934,1558722,906.81,60.34288607615648,908.8155148323558,1064.0,388.0,-267.09,56.642138907354116,273.030034977839,440.0,356.0,-13740.21,76.70564451199141,13740.424105536189,13948.0,436.0,13772.939279496586,76.74140538228059,13773.153075458065,13979.795134407372,430.85746387393556,99.4825,10.944619397219805,100.0827282801583,129.0,342.1975,11.33748180814417,342.3852618031331,370.0,96.8625,10.84981998698596,97.46826406579733,131.0,369.6121424324902,11.451928504168784,369.7895110735295,395.8206664639935,895.6425,392.9195842583441,978.0395122386416,2555.0,0.1804125,0.07915220997388513,0.19701203643432552,0.515,31.359349999999996,0.022081157125477237,31.33,31.39,0.060000000000002274,0.0,31.728099999999998,0.01803338591387605
547,1555803,1561612,909.61,62.01103047039293,911.7212951335512,1088.0,336.0,-265.53,53.41553238525289,270.8494046513671,428.0,308.0,-13734.63,81.38945324794854,13734.871149013376,13952.0,464.0,13767.522470736098,81.27495171700026,13767.762367211311,13990.52479358798,467.58428495599037,99.975,11.441563485817836,100.62758071224808,137.0,342.8725,11.488526613539266,343.06491732615274,371.0,97.27,10.800097221784625,97.86774238736683,127.0,370.49423433602817,11.47017104320154,370.6717449442296,397.74489311617816,936.3125,427.2719857933001,1029.1950483266037,2555.0,0.1886,0.08606642783338925,0.20730988881382384,0.515,31.36625,0.024226793019299708,31.33,31.41,0.08000000000000185,0.013771733516956765,31.73915,0.013919838532177608
548,1558798,1564507,909.23,60.120271955472724,911.2154739686986,1088.0,344.0,-271.15,48.5439749093541,275.46114063511754,416.0,296.0,-13729.03,84.75198581744264,13729.29159279531,13952.0,504.0,13761.996057185042,84.2890385719006,13762.25418018429,13990.52479358798,510.937262806483,100.5175,11.269414081929904,101.14725651247294,137.0,343.8325,11.150311374576049,344.01325192498035,371.0,97.73,10.888852097443513,98.33473445329479,126.0,371.657512483465,10.784174266166794,371.8139386843909,397.74489311617816,942.38,417.47685037616156,1030.7118826325814,2267.0,0.189835,0.0840598166486223,0.2076135352042347,0.457,31.3662,0.030125736505520046,31.33,31.41,0.08000000000000185,-0.010509721492380851,31.739500000000007,0.027851197874734425
549,1561689,1567357,907.86,57.699050252148865,909.691684033662,1100.0,356.0,-269.81,47.73053425219542,273.99934306490593,416.0,272.0,-13731.64,78.10064276304004,13731.86210242442,13924.0,476.0,13764.467591728135,77.99561696605333,13764.68856894336,13955.512172614805,475.92464183330776,100.73,10.98531292226125,101.32724214148926,132.0,343.2725,11.665900897487514,343.470671964871,375.0,96.7425,11.303370902080495,97.40060318088385,127.0,370.941375572463,11.343980271887492,371.1147935612376,406.0480267160524,941.265,420.1910217686713,1030.7959521651217,2177.0,0.18959,0.08461620353100226,0.20761567859870314,0.439,31.349649999999993,0.02673719319599652,31.33,31.41,0.08000000000000185,-0.003528581510232811,31.733950000000004,0.028450326054925004
550,1564584,1570357,907.48,59.40412106916489,909.4222341684857,1100.0,352.0,-266.87,49.650408860350794,271.4493691280199,408.0,264.0,-13734.25,76.05009861926544,13734.460552930355,13924.0,448.0,13767.00174371718,76.1789241728526,13767.212507984324,13955.512172614805,450.10584773882874,100.42,10.904063462764695,101.0102717549062,132.0,342.485,11.773265264997642,342.68729915186526,375.0,96.245,11.31591688728757,96.90794601063423,127.0,369.99781666211027,11.420405652665922,370.1740266415244,406.0480267160524,1026.8425,472.34230987044765,1130.2711079648104,2327.0,0.20681999999999998,0.09512761218489614,0.22764835821942578,0.469,31.348549999999996,0.024553971165577997,31.33,31.41,0.08000000000000185,0.003464403256539603,31.725650000000005,0.016084909411523938
551,1567433,1573247,910.08,57.49011741160388,911.8940289309937,1072.0,324.0,-267.5,52.09750473871085,272.5259620660021,408.0,256.0,-13732.02,82.11844859713315,13732.265534863503,13956.0,460.0,13764.963721387412,81.92428753670283,13765.207511694112,13985.103503371007,454.77549552138225,100.83,11.51026063996815,101.48485108625819,137.0,342.775,11.212019220461585,342.9583210828978,373.0,97.105,11.067247851204923,97.73364313275137,126.0,370.60504843965407,11.106217674873184,370.7714255440945,406.0677283409752,1024.1625,476.5763906172336,1129.6166971588195,2327.0,0.20629999999999998,0.09598690014788476,0.22753719476164774,0.469,31.361450000000005,0.028980985145436733,31.33,31.41,0.08000000000000185,-0.00687994496044017,31.726050000000004,0.016372772189611657
552,1570434,1576173,913.08,54.05435782617346,914.6786102232849,1060.0,312.0,-265.88,54.39986764689782,271.38813533387935,416.0,332.0,-13735.39,82.84484232588049,13735.639836571137,13984.0,488.0,13768.487672739546,82.68860634455389,13768.735969579779,14013.716708996226,483.3887011466013,101.445,11.699229675495733,102.11738343690558,137.0,341.81,11.174475379184473,341.9926095692713,375.0,96.8775,11.088845465151005,97.5100635832015,125.0,369.81252211830486,11.567885913091379,369.99340196819725,410.19751340055683,939.28,446.6715086055971,1040.0780523595333,2350.0,0.18921,0.08996772143385648,0.20951041740209483,0.473,31.374650000000003,0.031990271958831695,31.33,31.43,0.10000000000000142,0.0,31.733550000000005,0.015588618044307773
553,1573324,1579172,914.14,52.57585377338156,915.6506757492183,1052.0,280.0,-266.37,56.29087936779813,272.2528971379368,424.0,340.0,-13733.43,79.51097471418647,13733.660166175658,14000.0,472.0,13766.613754168116,79.40468216200603,13766.842752061928,14029.614962642418,464.4590107191216,101.0275,11.521360325499764,101.68233622414466,136.0,341.625,11.542069788387177,341.81992335146293,376.0,95.765,11.500642373363325,96.45309741008839,124.0,369.255152567495,11.575396423277093,369.4365405587271,410.19751340055683,930.67,447.7190816795728,1032.762811588411,2708.0,0.18746499999999996,0.09015608007782946,0.2080174151363294,0.545,31.373350000000006,0.03762681889291231,31.33,31.43,0.10000000000000142,0.0,31.735300000000006,0.023818654890693992
554,1576250,1582067,911.55,53.106661540714455,913.0956795429491,1064.0,296.0,-263.87,55.43088579483463,269.6293010783509,424.0,348.0,-13732.29,75.232146719338,13732.49607755269,14000.0,472.0,13765.255002277,75.14600646766092,13765.460115811602,14029.614962642418,464.4590107191216,101.3375,11.799940412985144,102.02219121348061,138.0,342.92,11.199267833211241,343.1028271524442,377.0,95.7825,11.7247683879043,96.49744815278795,131.0,370.56127717435993,11.143377356401707,370.7287890088926,407.14862151307847,909.905,437.9950581627606,1009.8350261305061,2708.0,0.1832675,0.08820414357472102,0.20338866118837598,0.545,31.360300000000002,0.031046900006281023,31.33,31.43,0.10000000000000142,0.006876396768093372,31.730349999999998,0.022228647776121383
555,1579250,1584922,909.25,53.58057017240485,910.8273381931397,1064.0,300.0,-258.68,55.21392577964367,264.5069375271658,452.0,376.0,-13735.55,77.67108535355997,13735.769603484181,14004.0,460.0,13768.258139696463,77.49037799668723,13768.476203269554,14037.241324419838,465.1988841678922,100.775,11.678800238038152,101.44947018097237,138.0,342.65,10.979412552591327,342.82585958471685,377.0,95.8775,11.458948195624238,96.5598389600977,131.0,370.1682182534132,10.993529692206215,370.3314292630319,402.8535714127405,890.1925,404.55413166070866,977.8071039320588,2587.0,0.1793,0.08148450772999737,0.19694723912764048,0.521,31.351399999999995,0.028249601767105142,31.33,31.43,0.10000000000000142,0.0,31.726550000000003,0.007565751879605685
556,1582144,1587907,909.86,57.08292564331299,911.6488797777355,1064.0,312.0,-262.23,54.62624918480126,267.85929141995433,452.0,372.0,-13736.18,83.7078705976923,13736.435054263533,14004.0,504.0,13769.005663766648,83.56620825428328,13769.25924950213,14037.241324419838,500.0959828051582,101.27,11.580246111374317,101.9299514372493,136.0,343.18,11.704597387351688,343.3795421978426,378.0,96.2325,10.96988804637495,96.85573034157555,129.0,370.8711919315497,11.611050567094892,371.0529039099411,403.91211915464976,981.245,469.89952114787263,1087.9555643499416,3143.0,0.1976525,0.0946505242655845,0.21914660047557205,0.633,31.3596,0.03509757826403442,31.33,31.43,0.10000000000000142,0.003470414714558932,31.723200000000006,0.009486040396604433
557,1584998,1590807,906.35,59.34540841547895,908.2908124604146,1052.0,332.0,-264.84,52.322217078407526,269.9589598438992,420.0,308.0,-13735.44,85.90044470199209,13735.708604946452,13972.0,472.0,13768.08569698582,85.89039791784731,13768.353602373814,14003.813194983715,466.6678533690356,101.46,11.19769619162799,102.07605008032002,136.0,343.5325,11.937920411445202,343.73986166867525,378.0,96.8375,10.712427070930286,97.42821716525454,133.0,371.38939131559164,11.780917546368645,371.57619676184856,408.189906783595,1070.885,580.3994372628216,1218.0550849612673,4762.0,0.21571,0.11688682945481924,0.24534330029572848,0.959,31.37255,0.03484964131809669,31.33,31.43,0.10000000000000142,-0.0034429333792396497,31.7299,0.024525369198766696
558,1588005,1593702,904.28,58.659710193624385,906.1806001013264,1052.0,364.0,-267.01,54.270617280440064,272.4695212312746,452.0,324.0,-13728.79,83.86689394510805,13729.046162060931,13972.0,460.0,13761.362200198098,83.79638989242979,13761.617326462758,14003.813194983715,448.4960094657017,101.02,11.736677553720217,101.69950835672708,137.0,342.49,11.741588478566262,342.69120939994946,383.0,96.55,11.327069347364304,97.21216487662437,133.0,370.27211414616266,11.349955318465517,370.4460284575879,413.474303917426,1082.805,562.4535953969892,1220.1724119975834,4762.0,0.2180975,0.11326503429456948,0.24575493382636288,0.959,31.37285,0.03308893319525446,31.33,31.43,0.10000000000000142,0.0,31.730749999999997,0.02746494690092527
559,1590884,1596713,909.15,57.7220711686613,910.9805486397611,1068.0,380.0,-269.14,53.623692524853226,274.430027511568,452.0,316.0,-13727.41,82.98199744522906,13727.660810203608,13988.0,544.0,13760.341301914385,82.92149799193714,13760.591147185502,14020.23566135748,546.7755267075827,100.295,11.777859525397643,100.98418192964678,137.0,343.02,11.855572529405737,343.2248169931772,383.0,95.96,11.53552772958394,96.65086652482739,129.0,370.4197575755864,11.474894232359363,370.59745007217737,413.474303917426,1018.5675,475.29767561366214,1124.0051745877329,2815.0,0.2051625,0.09572905041704947,0.22639722281865562,0.567,31.380000000000006,0.03770941526992908,31.33,31.47,0.14000000000000057,0.0,31.723949999999995,0.01803359438148079
560,1593779,1599617,910.05,56.389338531321684,911.7953498455671,1088.0,344.0,-267.47,51.84900288337279,272.4491145149861,404.0,308.0,-13733.04,84.83559630249557,13733.302032650414,13988.0,544.0,13765.972618080945,84.74596300523051,13766.233471796126,14020.23566135748,546.7755267075827,100.035,11.899318257782669,100.74023525880808,138.0,343.815,11.583642561819662,344.0100797941828,380.0,95.38,11.35564176962271,96.0536048256389,129.0,370.9306511010257,11.32594692593659,371.1035232923557,405.0358008867858,960.17,454.99428688720917,1062.5188139510753,2605.0,0.1934225,0.09165562717995006,0.21403975682101678,0.525,31.376900000000006,0.041885438997340985,31.33,31.47,0.14000000000000057,0.0,31.7229,0.012727725149006979
561,1596789,1602522,909.29,56.80894207781025,911.0628737908269,1088.0,344.0,-266.82,54.425431555477815,272.31423025615095,436.0,340.0,-13730.84,79.83792582476076,13731.072106722038,13932.0,484.0,13763.72576918745,79.9046344424876,13763.957708449994,13963.599535936284,481.61214534731334,102.0425,12.333113708630112,102.78510349267543,138.0,343.5025,11.36067752160935,343.69031481844235,375.0,96.1625,11.064406615359,96.79693951773474,128.0,371.38931365089707,11.288720295746327,371.5608395673581,403.7672596930068,1024.63,503.0101073537191,1141.4402327761186,3834.0,0.20639000000000002,0.10131901549067678,0.22991819197271016,0.772,31.36925,0.03047027239786343,31.33,31.43,0.10000000000000142,0.013954299668585706,31.72465,0.012359587310919165
562,1599694,1605407,911.54,55.50809310361868,913.2285146665099,1076.0,324.0,-268.43,53.04427490314105,273.6208325402143,436.0,340.0,-13730.88,76.71835243277843,13731.094322012357,13960.0,512.0,13763.935834456113,76.65706082849651,13764.149300265528,13990.136525423903,508.14913483493183,102.6275,12.321677797686483,103.36453695537944,136.0,343.275,11.695485240040279,343.47417661303155,375.0,96.68,11.0450260298471,97.30886393335398,128.0,371.47284235474166,11.64817122510016,371.65542172824547,402.7145390968645,1081.855,602.3410777748767,1238.2346364885775,3834.0,0.21791500000000003,0.12131975426532976,0.24941016418742842,0.772,31.378649999999997,0.029328782790971585,31.33,31.43,0.10000000000000142,0.014003150708909206,31.725550000000002,0.014687982914793098
563,1602599,1608407,907.36,58.29777354239182,909.2308837693537,1064.0,324.0,-269.08,49.787886076835996,273.6473643213104,404.0,292.0,-13733.33,80.1695147796218,13733.563996282975,13960.0,428.0,13766.1161951632,80.05386477507899,13766.348961144346,13990.136525423903,427.3745648201548,101.5625,12.567262778743826,102.3370778359437,133.0,342.3075,11.196559460387821,342.4905655634911,377.0,96.5825,11.250697478378841,97.23557733669297,134.0,370.2718804393677,11.231965807222862,370.44219859513845,398.6025589481332,1032.9025,573.6910562260405,1181.5282487101185,3618.0,0.20806249999999998,0.11556402378660063,0.23800220062007832,0.729,31.366849999999996,0.033152337775789215,31.33,31.43,0.10000000000000142,-0.003443526170798825,31.721950000000003,0.017577540351596893
564,1605484,1611277,902.55,54.58147579536486,904.1988940493126,1064.0,324.0,-269.8,50.74918718560919,274.531455392638,452.0,340.0,-13725.39,80.30359830044978,13725.624915463775,13992.0,460.0,13757.880082345424,80.36242780730588,13758.114786554152,14023.220172271418,460.4582116676702,100.8675,11.857695549726346,101.56208692223689,133.0,341.69,10.872621578993725,341.8629403723077,377.0,96.3175,11.237735258938965,96.97085902476063,134.0,369.4203696739342,10.819679753752405,369.5787805055913,398.474591410795,1032.7225,557.9578886383362,1173.811214591171,3315.0,0.20800999999999997,0.11240015524900311,0.23643594269907442,0.668,31.34925,0.026654033465875807,31.29,31.43,0.14000000000000057,-0.013809770412566596,31.719800000000006,0.015510042021502123
565,1608484,1614162,908.88,51.40219450568234,910.3323788595021,1056.0,364.0,-270.17,51.66556977330261,275.0657375973969,452.0,324.0,-13723.37,75.9360461177694,13723.580088300574,13992.0,452.0,13756.28071893034,75.87767778077162,13756.489982550054,14023.220172271418,454.5397648036378,100.96,11.46574899428729,101.60898090228048,134.0,342.415,11.213285646945769,342.5985551633282,367.0,96.13,10.754445592405032,96.72970071286275,127.0,370.0495531947986,10.868218820484497,370.2091165814262,398.474591410795,1049.8825,570.3519603663601,1194.8031731209958,3315.0,0.21146749999999997,0.11488774496764222,0.24066095965070863,0.668,31.364549999999998,0.040290166294022815,31.29,31.43,0.14000000000000057,-0.007044734061289036,31.723000000000003,0.02315903392048777
566,1611354,1617002,909.34,53.1620578984674,910.8926610748381,1056.0,364.0,-265.95,50.37060154494882,270.67803752798267,404.0,276.0,-13730.31,78.57877512407534,13730.534851927656,13936.0,468.0,13763.154911267133,78.39801313401857,13763.378195777374,13965.686520898284,458.86572546311254,101.61,11.773822658762956,102.28985775725764,134.0,343.4075,11.504844360094577,343.60016370776077,387.0,96.1975,11.051854765151413,96.8302767733316,128.0,371.18197313233645,11.150462841759545,371.34941766481876,410.35837995586246,1004.3525,481.03954956297514,1113.608096459432,2524.0,0.202295,0.09690994776079491,0.22430961860785195,0.508,31.362849999999995,0.037945717808469996,31.33,31.43,0.10000000000000142,0.0070821529745040985,31.726550000000007,0.022413241252853752
567,1614240,1619902,908.38,55.03031528166997,910.0453615067768,1080.0,320.0,-262.97,51.504748324790405,267.9663411699313,428.0,304.0,-13740.23,79.8197162360278,13740.461842310831,13940.0,472.0,13772.941011267156,79.85023578697239,13773.172479860985,13968.340202042618,461.5194066074473,101.945,11.979648367126641,102.64645634409402,136.0,343.3975,11.326936644565468,343.5842582249658,387.0,96.5925,11.357219895291276,97.25789171064731,128.0,371.380016193326,11.064292668078597,371.54479541503474,410.35837995586246,987.545,450.49024181995327,1085.4430362759715,2524.0,0.19889750000000003,0.0907370761803024,0.21861709105191204,0.508,31.341599999999993,0.017872884490200126,31.33,31.39,0.060000000000002274,0.0,31.715650000000004,0.011722672589114356
568,1617079,1622893,908.68,56.96049157091255,910.4635302965188,1080.0,320.0,-260.4,52.83407991060316,265.7058524007328,428.0,324.0,-13743.61,82.54966929067615,13743.85791108159,13940.0,452.0,13776.296471752867,82.63923020896091,13776.544331580399,13968.340202042618,446.57877832270424,101.1725,11.692422492794211,101.84590075206758,136.0,343.5425,11.63499865706911,343.739468929595,374.0,96.385,11.049062177397682,97.01623575464058,126.0,371.23639850982744,11.184651154711048,371.4048464950343,397.7109503144212,919.2725,444.07201357859736,1020.9122795323798,2521.0,0.18514000000000003,0.08943246278617178,0.20560881547248894,0.508,31.33545,0.020815799288041573,31.29,31.39,0.10000000000000142,0.0,31.70685,0.007952080795139621
569,1619979,1625758,905.71,54.03328511204922,907.3203403429243,1056.0,288.0,-258.42,52.088228996578486,263.6172983701942,416.0,312.0,-13738.95,83.86404175807412,13739.205955221722,13960.0,488.0,13771.401724366893,83.66066043612824,13771.655839440658,13988.10351691751,476.79506806622885,100.9275,11.656210522721354,101.59836366792528,141.0,344.2925,11.813633808020292,344.4951197041839,378.0,96.535,11.264491777261856,97.18999434098141,128.0,371.9004896908027,11.620489135193012,372.0819936519369,407.8737549781795,866.4625,424.09227603641875,964.682083642067,2464.0,0.174515,0.08542806784072786,0.1943024446578066,0.496,31.34585,0.02614913956519484,31.29,31.39,0.10000000000000142,-0.003460806367884258,31.707650000000005,0.012241410471257312
570,1622969,1628662,905.54,53.2228184146612,907.1027284712576,1048.0,292.0,-261.64,54.28471608104808,267.21212547337745,416.0,332.0,-13734.69,81.4911277379323,13734.931750831527,14004.0,532.0,13767.207226047516,81.19775283250542,13767.44667249523,14038.148026004,526.8395771527194,102.1375,11.707629723816858,102.80631060397023,141.0,344.2925,11.290790218137968,344.4775863535972,378.0,97.6525,11.280369841011419,98.30186925994846,134.0,372.5113965219327,11.509212018180841,372.6891499628075,409.60224608759165,902.8425,417.7971549612922,994.8261368198968,2167.0,0.18186,0.08415488934102403,0.20038738732764597,0.436,31.35745,0.022836319756038257,31.33,31.39,0.060000000000002274,-0.0070261724925345425,31.709600000000002,0.0133523673663402
571,1625834,1631688,913.23,55.117756666976206,914.8917968809208,1044.0,304.0,-265.11,50.4167422588965,269.8613718189397,404.0,320.0,-13729.31,83.59236747454878,13729.564478161716,14004.0,492.0,13762.406206411673,83.47652197730496,13762.659369467807,14038.148026004,489.34025557637506,101.475,11.140214315712242,102.08467073953857,132.0,344.4975,11.16915367205591,344.67851325546826,377.0,96.485,11.307951848146507,97.14538074453155,134.0,372.2041607519031,11.218075546700282,372.3731763970117,409.60224608759165,937.3225,429.7579242943055,1031.1475852175574,2368.0,0.1888025,0.08655971056877443,0.20769922363841423,0.477,31.349699999999995,0.029290100716795785,31.29,31.39,0.10000000000000142,0.0,31.711349999999996,0.012391989489535788
572,1628738,1634563,912.61,59.131615063348306,914.5236792997763,1072.0,344.0,-263.37,48.63623237875237,267.82315060502145,404.0,296.0,-13724.92,79.7051667083132,13725.15143523014,13984.0,448.0,13757.962505703308,79.57645167979412,13758.192640023615,14017.627759360712,452.493628066617,100.6075,11.283769040085852,101.23829561979004,132.0,344.1275,11.714573989266533,344.32683238458196,375.0,96.295,10.881772603762679,96.90789441526422,125.0,371.5635781756867,11.90829010733057,371.7543543793401,402.03731170128975,936.5075,447.40464340879385,1037.8907517171544,2670.0,0.18865250000000003,0.09011493629665396,0.2090704845261521,0.538,31.356999999999992,0.0314165561448106,31.29,31.39,0.10000000000000142,-0.003433476394850322,31.7079,0.014769405483832293
573,1631764,1637462,906.75,61.1195345204788,908.807548384145,1072.0,344.0,-265.79,53.57495590292165,271.1357593531329,412.0,304.0,-13731.4,78.81954072436606,13731.62621396315,13960.0,460.0,13764.112835520129,78.753355928935,13764.33813301606,13988.223618458493,463.2038402844137,101.8975,12.074849636744965,102.61044050192943,142.0,343.5275,12.159121833010804,343.7426181025565,375.0,97.2,10.393507588874893,97.75410477315006,127.0,371.5973703424752,12.615441116239174,371.8114508726164,404.487329838649,971.315,423.5159805426473,1059.631358067512,2670.0,0.19565500000000002,0.08530085565221489,0.21344112771441215,0.538,31.373199999999997,0.03783860462543564,31.29,31.43,0.14000000000000057,0.003510003510003435,31.7084,0.017092993478766395
574,1634640,1640462,907.45,56.714526357891764,909.2205672992665,1068.0,296.0,-266.34,50.25499378171288,271.03977567877376,412.0,272.0,-13740.17,78.09795835999812,13740.391949285871,13964.0,464.0,13772.8878370472,77.94965116897666,13773.108418944505,13993.327552801728,468.30777462764854,102.52,12.615054498495041,103.29322339824621,142.0,343.3375,11.821319458926741,343.54094734107025,374.0,97.1725,10.699894567237566,97.75982047855857,127.0,371.62799214110436,11.81060782395411,371.8156196288693,404.487329838649,1013.4,418.6972056271692,1096.4884449915558,2468.0,0.2041225,0.08434505020302022,0.2208621345998449,0.497,31.3723,0.04266977853235289,31.29,31.43,0.14000000000000057,0.017176228100309415,31.711799999999997,0.015341068115594436
575,1637539,1643348,909.23,53.77626892970542,910.8189062596362,1064.0,284.0,-266.88,50.852980246982575,271.6817255540019,468.0,336.0,-13737.7,80.31432001828813,13737.934767642479,13984.0,496.0,13770.542285871772,80.11786952642296,13770.775349267738,14021.784765143131,503.7038362538533,101.5225,12.011015517016038,102.23053604476502,141.0,343.0,11.463420083029323,343.1915063051532,371.0,96.75,11.048189896992177,97.37877078706632,123.0,370.9294900089264,11.199595605101235,371.09852802187186,399.0902153648972,982.39,463.2941429588766,1086.1544894719166,3590.0,0.19789,0.09332969998880314,0.21879416125664783,0.723,31.367449999999998,0.03456150315018174,31.29,31.43,0.14000000000000057,-0.02065760027543484,31.71035,0.011098894704390282
576,1640539,1646237,907.47,57.135620238166666,909.2668915120577,1064.0,320.0,-268.11,53.31292432421992,273.3591776399688,468.0,336.0,-13732.51,83.85332372661205,13732.766009802977,13984.0,516.0,13765.293889442282,83.89241493099776,13765.54952771592,14021.784765143131,526.5630922694327,102.4225,11.331989840712001,103.04747692204792,131.0,343.1125,10.988168352823868,343.28840280440585,375.0,96.02,11.074953724508287,96.65658280738049,131.0,371.06156838399284,11.023496197278657,371.22527527095997,402.93299691139714,932.105,465.5557044812146,1041.9029921254664,3590.0,0.1877475,0.09377581641206863,0.20986430735120254,0.723,31.375200000000003,0.04243771907159948,31.29,31.43,0.14000000000000057,-0.00702000702000687,31.70465,0.011692702777613403
577,1643425,1649242,906.07,58.535417483776435,907.9588316658416,1076.0,336.0,-262.41,53.448965378199794,267.7980582453876,404.0,316.0,-13737.26,84.09383092712568,13737.517391435762,14012.0,544.0,13769.837207585915,84.0975420719353,13770.094012750966,14044.876076348983,549.6544034752842,103.815,12.304908573410856,104.5416902484363,151.0,342.8125,11.11923305583618,342.9927805362673,375.0,96.0225,11.373081981151811,96.6936786972137,131.0,371.2098152900393,11.22287985923929,371.3794286171489,406.81322495710486,908.995,445.5429608634839,1012.3143978033702,2945.0,0.18307750000000003,0.08975640085113708,0.20389600903401714,0.593,31.378750000000004,0.04273684007972515,31.29,31.43,0.14000000000000057,0.01031459515214067,31.7054,0.014469395582445534
578,1646313,1652097,911.58,57.29697723266036,913.3789137044932,1076.0,336.0,-260.81,55.22050253302663,266.59174780926736,396.0,308.0,-13740.76,82.59093412717887,13741.008210462578,14012.0,496.0,13773.665948282403,82.25074544226906,13773.911530135512,14044.876076348983,500.6126412263475,103.625,12.306273806477735,104.3531743647504,151.0,343.15,11.494020184426336,343.34244567195594,377.0,97.2025,11.90531367709394,97.92886448846428,134.0,371.7917615613218,11.60036788766854,371.9726905298291,406.81322495710486,942.63,443.8142270139613,1041.8840554495496,2253.0,0.18985750000000004,0.0894231077169095,0.20986272298814765,0.454,31.38365,0.03459302675395699,31.33,31.43,0.10000000000000142,0.013831258644536359,31.710150000000002,0.011632531516126593
579,1649320,1654982,908.52,54.11515129794982,910.1302324392922,1056.0,284.0,-262.74,54.50662712001175,268.3342691495069,412.0,308.0,-13736.42,79.59487169409847,13736.65060194806,13964.0,448.0,13769.155897579323,79.09455200304906,13769.383068242383,13995.810230208182,451.5467950855473,103.89,11.510773214688925,104.52573845709007,134.0,343.0425,11.917663099366418,343.24945375047577,385.0,97.2275,11.97500495824532,97.96217382234839,134.0,371.7655569823668,11.522831318326093,371.9440885401998,410.8856288555247,1019.2175,451.04611204814745,1114.5613071966925,2745.0,0.20530250000000003,0.09086033784743484,0.2245099496681606,0.553,31.3897,0.03065795166021305,31.35,31.43,0.0799999999999983,0.007064641469445275,31.71615,0.014411687682385701
580,1652173,1657897,908.11,52.23741858093679,909.611191663779,1052.0,276.0,-263.41,55.618808868942885,269.2179043080159,412.0,308.0,-13739.79,81.88574906538987,13740.034007235936,13972.0,452.0,13772.500057296726,81.53215170561293,13772.741387247494,14007.373486846132,456.91312566282613,103.8925,11.547551417941381,104.53227970344854,141.0,343.145,12.268209934623716,343.3642380912724,385.0,95.7575,11.832949494948416,96.48584093015928,128.0,371.48310977302623,11.653932956805772,371.6658647226027,410.8856288555247,989.3775,450.80069320460234,1087.2392112594173,2745.0,0.19928249999999997,0.09082046957459534,0.21900199200007292,0.553,31.39485,0.04066297455917327,31.33,31.47,0.14000000000000057,0.013976240391334433,31.714049999999997,0.01836957002101241
581,1655060,1660907,909.48,55.36108380441986,911.163388202138,1108.0,348.0,-267.66,56.672783591420675,273.5940057822905,412.0,296.0,-13744.46,83.27369572680199,13744.712263266918,14016.0,492.0,13777.346962500504,83.05585396706873,13777.597308674687,14053.380518579863,496.7071803305407,103.0725,11.599450148606183,103.7231290503714,141.0,344.12,11.617254408852377,344.31603941727724,374.0,95.5575,11.293214500309467,96.22251555639147,128.0,372.06639745175795,11.72138589376024,372.25098388049963,407.3376977398483,918.9225,439.51042819681766,1018.6206249139078,2458.0,0.18508499999999997,0.08855886615692411,0.2051807252156011,0.495,31.399350000000005,0.04016936021397374,31.33,31.47,0.14000000000000057,-0.0068411151017614405,31.70965,0.01859413495262893
582,1657973,1663802,907.02,56.762660261830575,908.7944101940768,1108.0,364.0,-266.74,54.5689692041182,272.26457720386617,408.0,292.0,-13747.43,81.20612723187827,13747.669840376586,14016.0,500.0,13780.125759114751,81.21196329417525,13780.365064830467,14053.380518579863,506.1074350401359,102.76,11.674219459989606,103.42100850407523,140.0,343.5175,11.285596738763973,343.70283312768896,372.0,95.435,10.661180750742387,96.02864156073437,128.0,371.37265582978694,11.462678654248338,371.5495155426797,407.3376977398483,953.145,447.3477439028837,1052.9033170239327,2458.0,0.1919975,0.09012451105970007,0.21209777815903683,0.495,31.395200000000003,0.03889678649965747,31.35,31.47,0.11999999999999744,-0.006862240521530134,31.712649999999993,0.020421068780191096
583,1660984,1666657,907.91,58.717901018343625,909.8067706936457,1096.0,352.0,-262.77,53.558632357445425,268.17270554625804,408.0,340.0,-13744.77,81.1083663995275,13745.009309563962,13980.0,464.0,13777.456740326965,81.43493365300809,13777.697408493192,14004.604385701154,457.3313021614267,102.7175,11.27930377948923,103.33492875112461,140.0,343.4675,11.631377551691802,343.66438933936695,374.0,95.6525,11.344899459669088,96.32293340632853,128.0,371.38374921995984,11.642092394667353,371.56618185728365,404.6245172996812,985.415,451.6217087065236,1083.9764250203968,3170.0,0.19849999999999998,0.09096884081926074,0.21835196358173656,0.639,31.399100000000004,0.0392070146784977,31.35,31.47,0.11999999999999744,0.014101886127269222,31.714949999999998,0.01869146669788866
584,1663878,1669667,908.57,57.746645790037014,910.4032732805831,1096.0,340.0,-264.9,55.7507847478401,270.70308457791907,408.0,356.0,-13738.19,81.53946222535441,13738.43197602987,14020.0,492.0,13770.981152857707,81.88728617925439,13771.224616569145,14052.342153534406,490.2532288886159,102.3775,11.281178739387121,102.99717229128186,134.0,343.5675,11.850124208209802,343.7718029449187,375.0,96.45,11.281511423563776,97.1075434762923,127.0,371.59205491008385,11.691438222102525,371.7759338633957,402.2151165732089,969.07,431.2007016459969,1060.6746485138597,3170.0,0.195195,0.08685123473503413,0.21364509121437825,0.639,31.387650000000004,0.05176366969216933,31.29,31.47,0.17999999999999972,-0.0069096562446016845,31.7139,0.015856183221882373
585,1666734,1672552,908.48,55.20008695645325,910.1554592485835,1044.0,284.0,-264.04,55.638820979600204,269.83847020022927,408.0,356.0,-13732.81,79.87705490314474,13733.042300961575,14020.0,532.0,13765.581104920368,80.1463901830043,13765.814418333555,14052.342153534406,532.5646405721454,102.115,12.16641997466798,102.83722575021169,141.0,343.2675,11.517853261350398,343.46067824424966,378.0,96.7225,10.626405495274495,97.30448345271661,126.0,371.33204465399945,11.018512289782318,371.49548449476475,403.6012884023043,992.185,439.0593590563809,1084.990412400036,2901.0,0.19985000000000003,0.08843357676810319,0.21854180378133609,0.584,31.356849999999994,0.052135184856294745,31.29,31.47,0.17999999999999972,-0.01718803712616044,31.7091,0.013023595321097476
586,1669744,1675467,909.76,52.30853085300714,911.2625527256126,1036.0,260.0,-264.25,53.22684942770894,269.55734083864235,408.0,284.0,-13727.54,82.81417994522437,13727.789794427943,13976.0,488.0,13760.39251656921,82.8916759752479,13760.642181235584,14011.184104136239,491.4065911739781,102.3775,11.459057280160527,103.0168068812075,141.0,343.3375,11.205739321883227,343.52031599310106,378.0,96.9775,11.769961501636274,97.68913706241857,129.0,371.5377995458011,11.022749596364786,371.70127454718255,403.6012884023043,1001.495,461.9580229577142,1102.9040982787217,2901.0,0.20173250000000004,0.09305566046055447,0.22216065695797715,0.584,31.362149999999996,0.034718546916598154,31.29,31.41,0.120000000000001,0.0,31.705050000000007,0.014595549841919655
587,1672629,1678354,913.18,51.51744947102875,914.6320353016288,1108.0,408.0,-262.26,50.551482668661656,267.0875511887441,440.0,304.0,-13730.55,83.40370195620817,13730.803307891349,13976.0,484.0,13763.57082029956,83.45822067672691,13763.823850950723,14008.704722421699,476.0378751221615,103.5125,11.147189948592425,104.11098645195905,133.0,343.64,11.170290954133646,343.82150165456494,376.0,97.6675,11.992370230692512,98.40100355179311,130.0,372.2990393050679,11.336019253846986,372.47158280867546,406.64111941612595,980.4875,449.45002485676866,1078.5921669009097,2655.0,0.197475,0.0905446264280769,0.21724342337571464,0.535,31.35765,0.034270650708733884,31.29,31.41,0.120000000000001,-0.017467248908297192,31.70315,0.012668018658884578
588,1675544,1681347,909.96,54.30062983060141,911.5787184878769,1108.0,408.0,-262.58,49.401858264644254,267.18682602254177,440.0,316.0,-13729.69,83.94703032269814,13729.9466350019,13976.0,484.0,13762.512664649339,83.93041979221755,13762.768586298325,14008.704722421699,479.74023876663887,103.3425,11.542321852642994,103.98508306483194,133.0,343.495,11.53407885355393,343.68859451544216,376.0,97.695,11.382749008916958,98.35588441979462,130.0,372.1153874105117,11.779896108404708,372.3017962621185,406.64111941612595,972.9575,458.28322650272725,1075.485849511745,2324.0,0.19595500000000002,0.09233538311503342,0.21661990905731632,0.468,31.34165,0.03708473405594326,31.29,31.43,0.14000000000000057,-0.00689298638635174,31.703899999999997,0.01277489706367381
589,1678434,1684222,905.21,53.02995285685251,906.7619974392398,1044.0,292.0,-266.79,51.18843521734182,271.6563270015996,400.0,276.0,-13724.98,83.20432440684797,13725.232200585899,13968.0,476.0,13757.584675842674,82.929651023095,13757.834620317253,14000.787406428255,471.8229227731954,102.29,11.391264196743046,102.922325080616,132.0,343.4575,12.169765558547132,343.6730386573844,376.0,96.935,11.2650244118688,97.5873711091758,129.0,371.5995989879822,11.882572615844218,371.7895338763586,408.2903378724508,906.025,432.6639566395611,1004.0315732087313,2324.0,0.1825025,0.08715965232692245,0.20224729293614785,0.468,31.352699999999995,0.03696904110198199,31.29,31.43,0.14000000000000057,0.01727712508638587,31.70315,0.01899947235779645
590,1681424,1687252,910.05,53.26309698093043,911.6073496851591,1072.0,312.0,-265.83,53.511597808325625,271.16246052873913,408.0,292.0,-13728.65,79.84345621276674,13728.882175909297,13956.0,448.0,13761.555719028287,79.66826268881154,13761.786324456574,13999.819998842842,453.0943428032988,102.2175,11.91827142458167,102.90997279175619,135.0,343.6625,11.57210411938987,343.85727780577804,376.0,96.635,11.287017985278485,97.29193183404264,129.0,371.70350545801574,11.424273728463719,371.8790260286267,408.2903378724508,861.245,378.7023303004617,940.8285736519698,2138.0,0.17349249999999997,0.07627050507076769,0.18951738046944402,0.431,31.356399999999994,0.028125433329995973,31.33,31.41,0.08000000000000185,0.01029512697323245,31.702149999999993,0.01924326526723954
591,1684299,1690118,913.66,56.357114901314816,915.3964824053018,1092.0,340.0,-267.95,54.496582461655336,273.4356962797652,448.0,332.0,-13727.31,79.879183145548,13727.542406417837,13952.0,436.0,13760.514248667294,79.91202803362756,13760.746284994866,13991.433379035901,440.4523075414836,102.6025,11.876636466188565,103.28759606070808,135.0,343.4425,11.283248368710138,343.6277964600652,375.0,96.3525,11.82912692255857,97.07591101813055,130.0,371.54517374876195,11.238610412425663,371.7151093243319,398.9824557546359,895.975,402.49240287861335,982.2277409032998,2450.0,0.1804775,0.08107625727517273,0.19785218598741838,0.493,31.35365,0.02935434380121705,31.33,31.41,0.08000000000000185,0.0,31.696749999999998,0.01523212210624768
592,1687328,1693012,910.88,56.62036382786674,912.6380662672361,1092.0,340.0,-268.24,54.806773304036064,273.7818109371037,448.0,380.0,-13721.46,77.7387187957198,13721.680211985702,13952.0,424.0,13754.50223093492,77.72347911859053,13754.721827794265,13991.433379035901,427.8609882533019,102.11,11.74959148226014,102.78377790293563,138.0,343.69,11.60986218695123,343.88603490109915,375.0,96.3375,11.26759041454738,96.99418797020778,130.0,371.6289251369292,11.041942834966152,371.7929295992596,403.63969081347784,909.5125,410.3259495130061,997.7877392010788,2803.0,0.18321,0.08264772168668656,0.20098893004342303,0.565,31.356949999999998,0.026357114788990752,31.33,31.41,0.08000000000000185,-0.010555946516537424,31.701800000000002,0.014876601870320071
593,1690194,1695997,906.7,54.02360595147273,908.3080094329235,1044.0,336.0,-265.76,55.081234554065695,271.4080323056044,412.0,344.0,-13729.08,80.19048322587912,13729.314191175028,13972.0,492.0,13761.77137436869,80.01599594113421,13762.003993605,14004.334186243914,490.6688063405036,101.66,11.733047344999507,102.33484255130313,138.0,343.525,11.373186668651844,343.7132162137499,384.0,96.8925,10.769444913736269,97.48916606474793,127.0,371.469385281695,11.217321357600488,371.6387123269049,416.4432734478971,885.2775,393.2945085985183,968.7088429966973,2803.0,0.1783275,0.07921082781886578,0.19512829753779945,0.565,31.362499999999997,0.04110656881813449,31.27,31.43,0.16000000000000014,0.0,31.7033,0.017024528964589683
594,1693089,1698932,906.98,53.41460100010109,908.5515065201312,1096.0,388.0,-263.75,51.84725161471917,268.79769344248473,404.0,280.0,-13734.82,83.1531574866523,13735.071710042143,13972.0,492.0,13767.462542490985,82.99434382955127,13767.712697467216,14004.334186243914,490.6688063405036,101.98,11.689294247301675,102.64774717449964,141.0,343.2225,11.513600381722478,343.4155609462099,384.0,97.165,11.31427306546912,97.82152114948939,124.0,371.36293431698704,11.376665393567436,371.537154938776,416.4432734478971,877.515,387.54789997495794,959.2840820111632,2301.0,0.1767375,0.07805490755711648,0.1932063987035626,0.463,31.3594,0.046942944091737875,31.27,31.43,0.16000000000000014,-0.010268697586856456,31.7021,0.017730649730046854
595,1696073,1701802,911.22,56.236212532495465,912.9536680467415,1096.0,372.0,-262.63,51.052160581115466,267.54595866878645,416.0,280.0,-13726.81,83.05217576921149,13727.061245583483,13948.0,460.0,13759.740404073083,82.58142962354563,13759.988215111232,13980.431466875405,453.1263398369829,101.76,11.560164358693175,102.41452533698528,141.0,343.4075,11.601139760816608,343.60340146744767,376.0,96.29,11.210972303952945,96.94044563545188,131.0,371.2336446286143,11.62168644198023,371.4155119270061,407.84923685106975,898.8425,402.9516443616405,985.0319119196089,2299.0,0.18103999999999998,0.0811750478903462,0.19840582148717312,0.463,31.370800000000003,0.041944725532538904,31.29,31.43,0.14000000000000057,0.0,31.718100000000003,0.01952801470697863
596,1699009,1704782,914.27,56.093556670976035,915.9891484073379,1068.0,344.0,-261.64,52.16848090561964,266.79025469458213,416.0,304.0,-13726.12,78.95812561098447,13726.347097461872,13964.0,476.0,13759.239087748527,78.4699061620654,13759.4628456201,13989.699639377537,462.39451233911495,101.2975,11.858287977191312,101.98922737230633,144.0,342.45,11.94476872944805,342.6582554090883,376.0,95.51,11.044224735127404,96.14642479052458,131.0,370.0144177774998,12.245331223689602,370.21698704948693,407.84923685106975,915.9475,422.5538010049726,1008.7177690018154,2194.0,0.1844925,0.08511594999616699,0.20318023402880506,0.442,31.38755,0.03699996621620068,31.29,31.43,0.14000000000000057,0.010393209769617578,31.723050000000004,0.01695334893465708
597,1701878,1707667,911.76,55.07760343370071,913.4220492193081,1056.0,340.0,-259.02,52.548640324940855,264.2966515111381,416.0,304.0,-13727.92,75.17016429408677,13728.125803619372,13964.0,424.0,13760.813615464378,75.09514265440845,13761.018517537137,13989.699639377537,420.6536891273863,101.2075,11.530804124171047,101.86224766811304,144.0,342.1425,11.862006312171648,342.3480648404486,374.0,96.88,11.46911504868619,97.5565220782291,127.0,370.0672684690884,12.066764596515213,370.2639463950008,397.8177974902581,909.955,407.3314473190107,996.963896036361,2194.0,0.18329,0.08203100572344582,0.2008091382382784,0.442,31.38595,0.030734304937642506,31.33,31.43,0.10000000000000142,0.0,31.710700000000003,0.017953155418300996
598,1704859,1710558,909.26,56.36676680456313,911.0054665039063,1056.0,340.0,-264.79,55.79440742583436,270.60443455346405,400.0,276.0,-13724.15,78.73663378631322,13724.375857575455,13904.0,400.0,13757.014980793438,78.67158460929176,13757.239926671338,13937.32312892257,398.33055192482607,101.3025,10.912194726543328,101.88852977641791,140.0,342.71,11.46825618827902,342.9018299747028,379.0,97.51,10.93137228347841,98.12081838223732,127.0,370.7514918511058,11.574272771083955,370.9321130611368,404.30310411867976,903.63,408.4183126403614,991.6414145244237,2351.0,0.1820225,0.08226637827053042,0.1997497121399678,0.474,31.400850000000002,0.039284570762577777,31.33,31.47,0.14000000000000057,0.021056325671169933,31.704900000000006,0.020616804591859748
599,1707744,1713442,910.81,55.10121505012389,912.4752051425836,1072.0,316.0,-272.17,54.618047383625864,277.59618152993386,440.0,308.0,-13725.56,82.88912111972233,13725.810282821192,13936.0,432.0,13758.659281799384,82.66394229422423,13758.907607800846,13968.607661467195,429.6150844694512,101.56,11.173916054812654,102.17284375018639,140.0,342.36,11.763519881396045,342.5620381770286,379.0,96.78,10.899155930621415,97.39178610129295,132.0,370.3188716206949,11.710393741256985,370.503981085224,404.30310411867976,942.4075,434.4763704089671,1037.7387014562,2983.0,0.1898225,0.08751803239190195,0.20902628423239028,0.601,31.414299999999997,0.030422195844481057,31.39,31.47,0.0799999999999983,0.0,31.70660000000001,0.02148473841968727
600,1710635,1716463,910.85,57.769174306025874,912.6801192093536,1124.0,364.0,-270.23,53.58308595069904,275.49119768152303,440.0,300.0,-13729.19,79.92436361961227,13729.422637532869,13936.0,432.0,13762.252108526816,79.64459397310722,13762.482565293227,13968.607661467195,429.52290658069614,101.6925,11.41218400438759,102.33084823258332,135.0,342.05,12.016759130481063,342.26101881458834,380.0,96.375,11.25785836649227,97.03030454450816,132.0,369.9851399192198,11.835697653935613,370.1744014650392,409.27374702025537,980.5275,424.4706635843636,1068.4612873192925,2983.0,0.19749000000000003,0.08549184113118631,0.21520026719314267,0.601,31.3999,0.02929146633407012,31.35,31.43,0.0799999999999983,0.0,31.711500000000004,0.020118695404073485
601,1713519,1719317,910.64,58.75364158926662,912.5333966491309,1124.0,364.0,-264.39,54.371756454983135,269.92287787440324,416.0,340.0,-13731.88,84.62851528887884,13732.140777023806,14000.0,580.0,13764.81561143648,84.36268816618745,13765.074132746253,14033.97762574816,578.4847696689012,102.1275,11.906982982687092,102.8192710536308,140.0,342.055,11.42418377828368,342.2457231288654,380.0,96.215,11.226476517590015,96.86774488961741,128.0,370.08348076887864,11.203337091735202,370.253018218623,409.27374702025537,922.89,417.45403088244336,1012.9135303667337,2301.0,0.185895,0.08408414817907119,0.20402719181520879,0.463,31.410550000000004,0.039021756751842114,31.35,31.49,0.13999999999999702,0.017247326664366656,31.71295,0.021152211234294904
602,1716539,1722322,912.23,55.829625648037435,913.9368249501713,1096.0,324.0,-265.26,54.69270883765038,270.83973120648307,412.0,336.0,-13730.41,86.60711229454542,13730.683142509699,14000.0,580.0,13763.460106637356,86.3720614665711,13763.731116234436,14033.97762574816,578.4847696689012,102.7475,11.818364681714641,103.42496072032128,140.0,342.46,10.760501847032971,342.6290121983251,371.0,96.88,11.294272884962538,97.53612151403192,127.0,370.7986488869834,10.631062204108288,370.9510176559703,397.0503746377782,904.495,422.83166269214047,998.4477051904121,2273.0,0.182205,0.08519227062944149,0.20113772644633326,0.458,31.425700000000003,0.030846555723450866,31.39,31.49,0.09999999999999787,0.0,31.708450000000003,0.021812541516717535
603,1719394,1725217,910.09,58.03578120435702,911.9385724926872,1096.0,392.0,-269.0,55.44763295218291,274.65512920752093,412.0,276.0,-13728.77,82.21391062344621,13729.016164314178,13932.0,388.0,13761.766843535263,82.00965902575001,13762.011198949083,13969.561195685425,390.0772585101986,103.45,11.487710825051265,104.08587800465537,135.0,341.8325,10.740318605609426,342.00118786343415,369.0,96.815,11.041321252458875,97.44257283138619,125.0,370.38147741307495,10.549819396929687,370.53169567528226,400.36608247952273,939.525,417.2931096663351,1028.0276090650484,2226.0,0.1892325,0.084070853711319,0.20706725356753058,0.448,31.417600000000004,0.03666387868188526,31.33,31.49,0.16000000000000014,-0.017173278378842152,31.7113,0.021667572759152393
604,1722413,1728112,909.99,57.21188600282287,911.7867075144275,1080.0,376.0,-269.26,54.32874377343912,274.6862937971241,440.0,308.0,-13730.44,81.64389995584483,13730.682733207406,13960.0,432.0,13763.423438905947,81.43169760255242,13763.664333308918,13993.926682672023,430.12957419240774,102.56,12.153452184461829,103.27758711356496,135.0,341.57,11.080618213800166,341.74968178478235,379.0,95.7825,10.913532597193266,96.40224323116138,126.0,369.6453529221698,10.714969110757604,369.80061857709217,406.00615758877353,911.025,401.3430818825709,995.511335947512,2322.0,0.1834775,0.08083424084971665,0.20049480666590844,0.468,31.405150000000003,0.04406220035359068,31.33,31.47,0.14000000000000057,0.0,31.711899999999996,0.019425069712444207
605,1725294,1731142,914.09,54.53211805899345,915.71517405796,1056.0,276.0,-267.94,52.81814460959416,273.09632000449955,440.0,312.0,-13728.42,79.42936232905309,13728.649777745806,13980.0,460.0,13761.638301806166,79.06864271935733,13761.865447678232,14013.800626525268,459.76890161035226,101.5325,12.060014251649953,102.246234649497,137.0,342.3175,11.499204048541795,342.51058742760057,379.0,95.83,11.0413359698906,96.46398291590494,126.0,370.0591470886047,11.372011961584882,370.23383826981564,406.00615758877353,964.4225,437.1400793724479,1058.8683617428562,2997.0,0.1942575,0.0880468976952056,0.21327970484788278,0.604,31.400200000000005,0.036386261143458304,31.35,31.47,0.11999999999999744,-0.006839945280437611,31.7202,0.017627729351940083
606,1728188,1734042,912.15,55.893626649198566,913.8608865686286,1056.0,320.0,-264.41,55.070426727963536,270.08406098842636,420.0,332.0,-13726.41,80.30387226030884,13726.644899610392,13980.0,504.0,13759.450396521665,79.95064514955573,13759.682675120092,14013.800626525268,504.40537729223615,101.8975,11.468521864215981,102.54085771047559,137.0,342.1225,11.59148367336986,342.3188097373558,373.0,96.4875,10.780530773111312,97.08788544406558,130.0,370.1140689878848,11.765561492391571,370.30102956918716,400.1524709407653,1048.1175,487.8037143090958,1156.072124696379,2997.0,0.2111325,0.09824375269578213,0.23287070983702524,0.604,31.404600000000002,0.02967894876844466,31.35,31.43,0.0799999999999983,0.0,31.718249999999998,0.017426897080508156
607,1731220,1736897,907.0,52.97206811141132,908.5455629741417,1052.0,316.0,-262.38,53.36080584099157,267.75107842920073,420.0,332.0,-13725.55,79.16942275904252,13725.778324014998,13916.0,440.0,13758.192900077878,79.1479895306452,13758.420559061276,13948.972722032257,439.5774727992248,101.9525,11.971225657801293,102.65292251075952,137.0,342.3625,11.544526571063882,342.55708648340647,369.0,96.3775,10.675907162859746,96.96699180649053,130.0,370.3353307704239,11.718373742150941,370.52068430790746,401.39382157676516,965.905,470.62319957158934,1074.4573816582954,2469.0,0.19455999999999998,0.09477621748096936,0.21641655435756296,0.497,31.4219,0.03614401748560811,31.35,31.47,0.11999999999999744,0.021137924960365942,31.70495,0.011994046142029665
608,1734119,1739901,908.49,52.091073131583684,909.9821756496113,1060.0,300.0,-265.76,50.19424668226429,270.4585735376122,396.0,296.0,-13729.22,83.54083791775135,13729.474166187138,13992.0,504.0,13761.999931099268,83.86999716103436,13762.2554939225,14029.64974616259,504.71041173302547,102.335,11.72786318985688,103.00482998384105,137.0,342.205,11.392233099792156,342.3945750154345,372.0,96.4225,10.74285780181419,97.0191089425171,127.0,370.3083498080983,11.334617876362486,370.48177755457823,403.84526739829454,937.99,430.7906973229575,1032.1849955313244,2430.0,0.18892249999999997,0.08675100284002485,0.2078880648329769,0.489,31.42755,0.04138837397144187,31.35,31.49,0.13999999999999702,-0.006918021445866335,31.711000000000002,0.016051296217928265
609,1736975,1742788,908.38,56.087927399753326,910.1099274263521,1064.0,320.0,-268.03,51.42488794348511,272.9186692038491,404.0,256.0,-13728.99,85.03893167249927,13729.253367900237,13992.0,616.0,13761.827714903173,85.3268147943196,13762.092236284423,14029.64974616259,616.0918288909761,103.1375,11.36721574309206,103.76202339970054,133.0,342.9,11.285167256181895,343.0856525708996,373.0,97.0875,10.83558229861229,97.69028866780975,127.0,371.3488605019468,10.850751306048144,371.50735524347294,403.84526739829454,1101.0,600.7915487088679,1254.2533575797197,3817.0,0.22175999999999998,0.12101994628985753,0.2526327868666298,0.769,31.393750000000004,0.04763336540703312,31.33,31.49,0.16000000000000014,-0.006881128505074686,31.7166,0.015066768691294852
610,1739980,1745692,906.81,56.743492137865466,908.5836230089116,1064.0,320.0,-265.86,50.88556180293188,270.6859434843265,412.0,272.0,-13727.03,82.97456899556636,13727.280772243277,13936.0,560.0,13759.730639800602,82.7357246452054,13759.979377891523,13979.917596323663,566.3596790520496,102.505,11.65396820829712,103.16535271107253,133.0,343.385,11.79774448782478,343.5876089151063,375.0,96.825,11.168902139422658,97.46704571289725,129.0,371.5713248671284,11.406600566643274,371.746365146991,406.2093056541172,1271.4225,687.5585604104933,1445.424486958762,3817.0,0.2561025,0.13850897802579443,0.2911584233711949,0.769,31.357050000000005,0.036156569250967434,31.29,31.43,0.14000000000000057,-0.01400560224089606,31.70915,0.016521498108505832
611,1742865,1748557,911.91,55.16549555655237,913.5770793972449,1060.0,296.0,-264.83,53.243507585432425,270.12922833340343,412.0,336.0,-13726.81,82.37077090813222,13727.057139824254,13964.0,552.0,13759.832513713121,81.8522728042555,13760.07596636007,13991.272136585721,540.6840453534278,101.49,11.676039568278279,102.15943421926337,127.0,343.35,12.092456326156402,343.5628763414348,377.0,96.3625,11.40443307446714,97.03500656979418,129.0,371.1501655007928,11.633879350160251,371.3324554896865,406.2093056541172,1130.6375,587.7337501741329,1274.2731722436913,3528.0,0.227755,0.11839807842612987,0.2566913418874895,0.711,31.363150000000005,0.03693341982541002,31.29,31.43,0.14000000000000057,0.0,31.70395,0.014931673959005253
612,1745768,1751458,914.03,56.82252282326085,915.7945402763658,1064.0,300.0,-264.9,53.90204077769227,270.3283928853941,408.0,332.0,-13723.22,83.88200999022376,13723.476358415895,14036.0,552.0,13756.401675014167,83.50686000202334,13756.6551326985,14066.037395087502,551.4651118075017,102.315,11.62995163360536,102.97385590527335,133.0,343.415,11.572932860774747,343.6099460143725,380.0,95.9625,11.380733445169517,96.63499624877107,129.0,371.3276934842805,11.201631650980477,371.496611693835,407.7560545227992,929.755,407.8963225808735,1015.294917745578,2159.0,0.18725999999999998,0.08214811257722238,0.20448623425551168,0.435,31.370500000000003,0.026377073378219394,31.35,31.43,0.0799999999999983,0.0,31.710949999999997,0.014374075103731388
613,1748634,1754477,912.81,58.19367577323158,914.6631073788863,1064.0,300.0,-265.04,52.10948474126375,270.11404998629746,392.0,292.0,-13724.66,85.06823378911777,13724.923632574426,14036.0,544.0,13757.75782853582,84.84368781093451,13758.019440311893,14066.037395087502,540.437371428663,102.2975,11.655856628751058,102.95939733700854,133.0,342.805,11.984864413083695,343.01443847161886,380.0,95.865,11.56316457549576,96.55985190543738,133.0,370.7332236708953,11.84163698928025,370.9222930749782,407.7560545227992,938.57,416.03103261655855,1026.642812764011,2593.0,0.189035,0.0837905052795363,0.20677301564759362,0.522,31.37955,0.040444993509703556,31.33,31.47,0.14000000000000057,0.020537395173711698,31.71395,0.017950014137007895
614,1751534,1757347,912.85,58.53509630982083,914.7248110770802,1072.0,308.0,-269.48,55.05097274344932,275.04559621997225,444.0,344.0,-13727.3,82.72792756983581,13727.549278731436,13952.0,432.0,13760.493521286191,82.45490064719507,13760.740560013475,13981.338419479016,426.4803973527796,101.4875,12.329835511879304,102.23373953837353,133.0,342.7775,12.109830459176544,342.9913446429808,374.0,96.1525,11.421875666894646,96.82852110819415,133.0,370.57545585006915,12.016406347716904,370.7702287131479,399.34070666537366,902.01,417.7582732873163,994.0543320161127,2593.0,0.181685,0.08414479053987835,0.20022433668263206,0.522,31.401050000000005,0.03876722197939882,31.33,31.47,0.14000000000000057,0.010321692757612029,31.715600000000006,0.02087413048029192
615,1754554,1760232,913.18,57.53996524156058,914.9910163493411,1100.0,348.0,-270.54,54.29427594139183,275.93434001588133,444.0,312.0,-13726.85,83.46830236682666,13727.103768821738,14020.0,512.0,13760.079656051383,83.27099807755974,13760.331616643547,14050.884100297746,509.63570880887346,102.2875,12.101026557693359,103.00081310358671,136.0,343.435,11.654860574026614,343.6327036240876,382.0,95.8475,10.981085727285803,96.47449144722142,129.0,371.30669497656896,11.457236384797659,371.4834182032894,405.3541661312981,905.435,419.08524285042535,997.719890550449,2411.0,0.18237750000000003,0.08439591218625461,0.20095826059159647,0.486,31.421300000000002,0.03286806961170604,31.35,31.47,0.11999999999999744,0.0,31.718450000000004,0.01806691821630276
616,1757424,1763232,913.16,56.42848925852968,914.9018307993487,1100.0,348.0,-267.01,50.85528389459644,271.8098600124727,416.0,288.0,-13722.1,83.97850915561672,13722.356969558838,14020.0,520.0,13755.252087067696,83.94510837317479,13755.508233431434,14050.884100297746,518.8592702880105,102.8025,11.385890116719027,103.43110025519404,136.0,343.9225,11.517008889030173,344.11528228197017,382.0,96.23,10.807733342380352,96.83501432849587,123.0,371.97646754211206,11.128683430310563,372.14290265971755,410.3912767104096,907.8,423.5891051479016,1001.762731389025,2242.0,0.18286000000000002,0.08529710077136268,0.20177555600220756,0.452,31.440400000000004,0.030196688560170982,31.39,31.47,0.0799999999999983,0.010330578512396474,31.71595,0.01517145122692016
617,1760308,1766112,916.36,54.84624326241497,917.9998692810365,1052.0,288.0,-263.77,52.88919643934855,269.02022228821386,420.0,324.0,-13719.75,81.24615375511631,13719.990561221242,13960.0,460.0,13753.060180093655,81.06986321855024,13753.299118393375,13996.493846674603,464.469016664867,102.1275,10.917703226869651,102.70940804035432,134.0,343.4375,11.569187255377967,343.6323071249268,380.0,96.7425,10.684624174485503,97.33073769370085,129.0,371.45237824598274,11.348488683667831,371.62569542484545,410.3912767104096,914.245,420.0750765934585,1006.134677863754,2547.0,0.184145,0.08460900646503303,0.20265257215244026,0.513,31.437600000000003,0.04099073065950375,31.39,31.53,0.14000000000000057,-0.013783597518952152,31.718499999999995,0.025285339051064573
618,1763309,1768982,912.22,54.93515814121227,913.8726388288469,1048.0,300.0,-265.99,56.08065531000864,271.8376721501271,440.0,344.0,-13728.86,78.89220747323527,13729.086673191337,13932.0,412.0,13761.92950921479,78.58742522295117,13762.153893922274,13969.746740725115,411.6436285637392,102.02,10.806229684769798,102.59071595422267,130.0,342.9125,11.67068308840575,343.11104252122226,371.0,95.8175,10.97493479479491,96.44398633403743,129.0,370.7001003630028,11.529119257760573,370.87934021727335,402.5990561340153,944.6325,419.91647674716216,1033.760324011325,2547.0,0.1902625,0.08459245589146823,0.20822032201492727,0.513,31.42865,0.039283297977639194,31.39,31.53,0.14000000000000057,-0.010576414595451916,31.721549999999997,0.024801922069586427
619,1766189,1771877,906.19,57.80141780268024,908.0315633280596,1052.0,304.0,-267.47,57.18250694049711,273.5142409455127,440.0,344.0,-13729.03,78.63497377121709,13729.255194656409,13936.0,416.0,13761.74659215565,78.16836503545451,13761.968593191892,13963.770837420672,405.6677252592963,102.9175,11.309539944224081,103.53703443695883,135.0,343.185,11.780737455694359,343.38714303246707,372.0,96.1375,11.234704880414082,96.79172227003713,134.0,371.29945240783906,11.832228937900721,371.4879338551927,402.3841448168653,901.1275,400.1744510132425,985.98699915364,2199.0,0.1815025,0.08060024809980426,0.19859395131775792,0.443,31.412650000000003,0.04115795791824445,31.33,31.49,0.16000000000000014,0.014064697609001107,31.71325,0.01403316872845884
620,1769059,1774907,909.24,57.336745634889326,911.046036158437,1052.0,304.0,-262.05,53.66858951006631,267.48928950520616,408.0,288.0,-13727.56,79.34410123002213,13727.789299082355,13936.0,388.0,13760.36157564872,78.76387122484273,13760.58699474699,13969.758194041871,379.76069588168866,104.1475,11.877320562736362,104.8225762896524,138.0,343.215,11.768125381724992,343.4166929547834,372.0,96.84,11.880210435846665,97.56600330032998,134.0,371.88837911919853,11.872488201522991,372.0778446776964,398.382981564223,888.135,393.0872126831398,971.2370127831825,3116.0,0.1788975,0.07918662761950404,0.19563956016102674,0.628,31.423299999999998,0.04403532672752613,31.33,31.49,0.16000000000000014,0.0034199726402188053,31.7185,0.013572417850765635
621,1771954,1777797,910.08,55.04973751072751,911.7434288219466,1052.0,304.0,-261.15,51.46102894424091,266.17204962204426,416.0,328.0,-13728.32,81.9081046051,13728.564344460787,13968.0,488.0,13761.139919389128,81.42922690927143,13761.380839145468,13998.359903931603,480.78319802754595,104.2425,11.640820149370919,104.89045476114592,138.0,342.875,11.362630637312822,343.06322303622113,375.0,96.8175,11.813729036591281,97.53559606625674,133.0,371.587274362035,11.422457362307536,371.7627939963869,413.2190702278877,914.2725,411.091526601741,1002.4422414782808,3116.0,0.184155,0.08282593781539693,0.2019237479842329,0.628,31.436300000000003,0.027501090887453318,31.39,31.47,0.0799999999999983,0.0,31.73375,0.00878238725031714
622,1774984,1780672,912.04,54.05995190526903,913.6407609120774,1068.0,280.0,-263.54,52.61737735767528,268.7413626518999,416.0,328.0,-13720.99,83.23905273367784,13721.242484556564,13968.0,488.0,13754.00309351624,82.79845134850581,13754.252312648623,13998.359903931603,480.78319802754595,104.21,11.24503890611322,104.81495599388477,136.0,343.62,11.321024688604826,343.80644263887785,377.0,97.1925,11.167606894496242,97.83198607817384,122.0,372.3319439987719,11.360720844004963,372.5052247955725,413.2190702278877,906.77,417.8782922095858,998.4258109644402,2242.0,0.18264500000000003,0.08418698815731561,0.2011135127235363,0.452,31.43215,0.02657776326179406,31.39,31.47,0.0799999999999983,0.0,31.733999999999995,0.01159033388643277
623,1777873,1783557,912.67,57.95231746876047,914.5080644805709,1068.0,348.0,-265.2,54.18560694501816,270.67899807705805,440.0,344.0,-13726.89,85.56732962994695,13727.156691755215,13976.0,456.0,13759.982299615142,85.49897237959436,13760.247925092048,14013.140119188132,462.33438668646704,104.035,12.074095204196462,104.73330415870589,137.0,343.0625,11.794006687720675,343.26517082279116,377.0,96.37,11.191429756737964,97.01765303283727,127.0,371.57547062999697,12.005712227779721,371.7693740748423,404.1262179072276,918.175,422.48991629978576,1010.7141336698523,2242.0,0.18495999999999999,0.0851127687247924,0.2036034994787663,0.452,31.4317,0.03366169930351039,31.35,31.47,0.11999999999999744,-0.007037297677691616,31.731000000000005,0.01246549121286194
624,1780750,1786543,908.05,59.503592328530885,909.9975164801275,1056.0,336.0,-266.77,55.13589665544581,272.40814965782505,440.0,344.0,-13734.57,84.50464543443752,13734.829963272206,13992.0,496.0,13767.38103623365,84.11422682294162,13767.637989139605,14017.977029514637,482.5455993754422,103.9425,12.242924231979874,104.66103620736803,137.0,341.7675,12.051491349621424,341.9799153459162,372.0,96.1125,10.733119013129409,96.70994002686591,127.0,370.28588459493454,12.056996713396405,370.48212844886325,404.1262179072276,940.935,431.02091106464894,1034.9578252276756,2608.0,0.18954749999999998,0.08682668221088492,0.20848771546544415,0.525,31.429450000000003,0.036833374811438904,31.35,31.47,0.11999999999999744,-0.003452442603141649,31.729600000000005,0.0133523673663402
625,1783763,1789437,906.23,52.63636670591921,907.7573464313026,1048.0,284.0,-264.11,52.50397984915049,269.2782204338108,424.0,320.0,-13728.3,82.01944891304744,13728.545009577672,13992.0,496.0,13760.917799057997,81.38530314968526,13761.158462862057,14017.977029514637,482.5455993754422,103.6375,11.539761425176865,104.27798185619052,135.0,342.595,11.951191363207268,342.80339117342464,373.0,96.235,10.522821627301301,96.80859982460237,122.0,370.9785097987591,11.615195542564704,371.1602989275658,400.22743534145684,904.445,400.1854344863141,989.0243374154147,2608.0,0.1821875,0.08061114900403045,0.19922460314930987,0.525,31.4269,0.029298293465660475,31.39,31.47,0.0799999999999983,-0.0035248501938666852,31.72555,0.011292311133103427
626,1786619,1792333,909.66,51.60043023076455,911.1223408522042,1064.0,308.0,-262.94,52.960328548829835,268.22050630032,420.0,304.0,-13724.06,80.37310744272614,13724.295345116994,13984.0,464.0,13756.886015298893,80.34949952383596,13757.120660952276,14008.697869538053,458.4305659015681,103.8525,11.49785822446946,104.4870446514782,135.0,342.6,11.460148341099256,342.7916203759946,373.0,96.715,10.924228805732694,97.33000565087829,125.0,371.1679459141232,11.450913757886175,371.344540151057,400.6794229805169,908.335,397.4247385040342,991.473093432192,2269.0,0.182955,0.08007757473225573,0.19971216788167917,0.457,31.4091,0.03609972299062618,31.35,31.47,0.11999999999999744,-0.010500525026251088,31.726549999999996,0.007565751879605685
627,1789514,1795312,912.81,52.66368673004198,914.3279280433252,1064.0,308.0,-265.71,50.71563762785596,270.5067097134561,420.0,308.0,-13723.37,80.21597783484286,13723.604437610406,13996.0,476.0,13756.454259170954,80.3393760073402,13756.688853063442,14028.396914829576,478.1296111930915,104.4975,12.145575068723588,105.20096244806889,140.0,342.9725,11.213685556051587,343.15577002288626,378.0,96.4875,11.180109290610714,97.13306594563974,125.0,371.6612128848428,11.22053193781699,371.8305494442327,402.69591505253686,941.74,440.71816096004034,1039.7628215126756,2845.0,0.18968,0.08879750897406977,0.20943614778733877,0.573,31.39335,0.042068723536613145,31.33,31.47,0.14000000000000057,-0.010348395998620606,31.72925,0.009308820297886418
628,1792413,1798202,917.24,51.71597818856373,918.6967726078067,1076.0,312.0,-264.9,51.20458963803928,269.8034840397729,396.0,288.0,-13720.59,81.88682372640913,13720.834355096631,13996.0,500.0,13753.958356493518,81.9915107926778,13754.202742434765,14028.396914829576,495.9824961088725,103.8825,11.956324424755293,104.56829108290907,140.0,343.5525,11.620337505855844,343.74896727117596,378.0,95.3225,11.608337251734204,96.02672805005906,126.0,371.7370727815546,11.426338862520385,371.9126409521462,402.69591505253686,936.615,452.4187128921614,1040.15880999009,2845.0,0.1886475,0.09113083036903592,0.2095058650730332,0.573,31.40585,0.05192087730383596,31.33,31.49,0.16000000000000014,0.013819312489203369,31.735100000000003,0.020762169182744705
629,1795392,1801087,915.54,55.59378022764777,917.2263406597087,1076.0,308.0,-262.75,53.680513224074154,268.17747854732323,396.0,288.0,-13722.53,81.74618706704308,13722.773482062581,13948.0,452.0,13755.764407324743,81.73695723314582,13756.00724629062,13981.639388855658,449.22497013495376,103.9625,11.847619750397124,104.6354027086435,140.0,342.7275,12.011171622701927,342.93790618711137,373.0,95.8825,11.63738345806307,96.58614031008797,127.0,371.14091358877283,11.759241493017365,371.3271569653908,402.6934317815477,970.2625,474.895813409373,1080.247819946886,2710.0,0.19542749999999998,0.09565654574439744,0.21758235797049355,0.546,31.40755,0.053357262860832325,31.33,31.49,0.16000000000000014,0.010535557506585122,31.727800000000002,0.025549794127347616
630,1798278,1804107,908.32,58.14101478302559,910.1788835168612,1072.0,304.0,-260.93,53.59155810386557,266.37665062839125,416.0,356.0,-13723.6,83.1437309723349,13723.851858716635,13944.0,432.0,13756.33056670431,82.8329617765933,13756.57995142688,13977.919730775391,434.4909182478932,104.7875,11.818728516638327,105.45189661641938,140.0,341.69,11.852590434162483,341.89551035367515,373.0,96.6625,10.853966728804728,97.26997224220844,127.0,370.59176269916003,11.654845324131921,370.77498567190315,402.6934317815477,1005.11,469.5818596368475,1109.3931832312655,2835.0,0.20245249999999998,0.09457263210755001,0.22345245019914192,0.571,31.396049999999995,0.054170079379672345,31.33,31.47,0.14000000000000057,-0.017155601303825943,31.716600000000003,0.01841977797236883
631,1801164,1807012,911.19,56.76569298440741,912.9564940346281,1072.0,300.0,-263.53,53.50793492557903,268.90734463751636,416.0,356.0,-13722.99,84.96434487477673,13723.25302105882,13972.0,456.0,13755.955578533725,84.61868237508777,13756.21583866726,14006.787497495634,462.8577871050784,104.5325,11.753677881837667,105.19121873996897,141.0,341.71,11.746314315562989,341.9118307400316,371.0,96.4975,10.587492325853182,97.0765805949097,123.0,370.47969048804254,11.728339007896922,370.6652870178161,395.80045477487766,987.5225,429.6707919951623,1076.9483170050455,2835.0,0.1989025,0.08653408573359979,0.216910932181852,0.571,31.40495,0.043994289402148695,31.33,31.47,0.14000000000000057,-0.0034199726402188053,31.725500000000007,0.018015587792485653
632,1804184,1809902,914.75,54.392623580776096,916.3657130207349,1052.0,300.0,-267.75,54.12631060768875,273.1661033144486,436.0,336.0,-13720.35,79.68235375539555,13720.581379810405,13972.0,476.0,13753.631888004375,79.43002750377427,13753.861248391304,14006.787497495634,472.39220254432985,104.1325,11.918470696779853,104.81234421574588,141.0,342.1375,11.519921603465885,342.3313855024105,375.0,97.12,10.77639086150832,97.71604269514806,138.0,370.9373074872712,11.416825920262928,371.1129612395665,397.0629672986389,951.3875,420.7261726393427,1040.2637586208605,2152.0,0.19161749999999997,0.08474668839400157,0.20952152037439975,0.433,31.381949999999996,0.03569590312626972,31.33,31.43,0.10000000000000142,-0.006995452955578725,31.724850000000007,0.016405803117794573
633,1807089,1812898,915.41,55.290613127365475,917.0782518411393,1072.0,320.0,-266.95,54.093784300971215,272.37554956346577,436.0,320.0,-13723.13,81.27978284911937,13723.370701106925,13924.0,428.0,13756.437290781168,80.97792788925409,13756.675628944662,13952.744246204758,418.3489512534543,104.56,11.593161777530753,105.20073668943579,136.0,341.875,10.975170841494906,342.05112191016127,378.0,97.6825,11.176390014221946,98.31979709092163,138.0,370.9724282415636,10.60212170076935,371.12389777539255,407.97181275181254,982.81,447.58332620865133,1079.9288541380863,2585.0,0.19796500000000003,0.09014986841365882,0.21752503304217655,0.521,31.378999999999998,0.034190641994557985,31.33,31.43,0.10000000000000142,0.0,31.719850000000005,0.0127429768361482
634,1809978,1815803,909.41,55.05753263632507,911.0751231374941,1072.0,320.0,-268.21,51.092033625605474,273.0329650426849,400.0,284.0,-13725.68,81.50470906640918,13725.921990161534,13952.0,436.0,13758.594487196566,81.3455400390315,13758.834956492501,13982.068516496405,434.02422958916213,104.6225,11.417311143609952,105.24363401175388,135.0,342.09,10.937865422467036,342.2648170642142,378.0,96.5725,11.54706645646417,97.26038504961822,135.0,370.89213257103324,10.956094053590546,371.0539179149036,407.97181275181254,978.6225,450.626669199405,1077.3886914665477,2585.0,0.197135,0.09078657265807538,0.21703550400798483,0.521,31.397399999999998,0.021383170952877416,31.35,31.43,0.0799999999999983,0.0,31.718600000000002,0.013359873335433965
635,1812992,1818683,908.79,51.559440454682985,910.2514158187287,1044.0,292.0,-265.56,50.982804944412386,270.40961521366063,400.0,272.0,-13726.28,75.95684037662441,13726.49015881336,13964.0,448.0,13759.086192264107,75.8830273984957,13759.295442717988,13992.941649274466,444.89736236722274,104.6275,11.828091297838379,105.29395756642448,136.0,342.26,11.073048360772203,342.4390748731809,374.0,95.805,11.943072259682598,96.54654317996062,133.0,370.86381126721847,11.515467526459396,371.04254809927124,405.1283747159658,946.9075,430.64352304864633,1040.2344243005996,2295.0,0.190735,0.08677343934061851,0.20954586610095655,0.462,31.39595,0.024931857130987525,31.35,31.43,0.0799999999999983,0.0,31.7192,0.015937220192639014
636,1815879,1821675,914.13,52.08054435199386,915.6123852373339,1048.0,276.0,-262.73,53.25135772916968,268.07230367943646,412.0,272.0,-13726.16,77.75380633769642,13726.380222039603,13976.0,468.0,13759.27576038195,77.80327606036526,13759.49573203902,14010.510911455014,469.06874305950805,103.97,11.996837083164879,104.65985381224263,138.0,342.8,11.107655018049488,342.97991194820725,374.0,95.9525,11.61745427148306,96.65323326200733,133.0,371.2189230470275,11.281120148507517,371.39029672300273,403.700383948294,979.2525,452.9555262316048,1078.9365910469437,2248.0,0.19724,0.09122180331477776,0.21731321864994774,0.453,31.40490000000001,0.03367476800216969,31.35,31.47,0.11999999999999744,0.0,31.72205,0.015504789461343592
637,1818760,1824573,910.2,53.26950347055996,911.7574677511559,1048.0,292.0,-266.26,53.224922733621696,271.52767814718266,412.0,272.0,-13722.48,79.60408029743199,13722.710889616526,13976.0,468.0,13755.41587702387,79.73186389162187,13755.6469538877,14010.510911455014,470.38033601372626,103.73,11.416746471740536,104.35638456750023,138.0,343.09,10.789898053271866,343.25962477401856,374.0,96.6525,11.130442208196401,97.29127658736934,129.0,371.5714414608626,10.848105396646337,371.72976407600186,403.0,997.7675,462.1110293465738,1099.5847341155659,2382.0,0.2009825,0.09306614418654079,0.22148424887562548,0.48,31.40555,0.03061368158193261,31.35,31.47,0.11999999999999744,0.0,31.72175,0.017369275440365824
638,1821756,1827448,912.49,55.79784852483113,914.1943994577958,1064.0,320.0,-264.51,54.648146354656895,270.09620508255944,456.0,332.0,-13722.72,78.08995838134376,13722.942185989126,13916.0,412.0,13755.789978606883,78.02348658247978,13756.011253266697,13943.43487093478,410.316383313384,104.2325,11.863744929405723,104.90549318315033,138.0,343.3775,10.186019524328431,343.5285468487299,368.0,97.59,11.64611093884993,98.28245011190961,130.0,372.250165501224,10.309184463932173,372.392890641054,403.0,977.4175,430.7396872749828,1068.120614677949,2382.0,0.19688249999999996,0.08678530229105617,0.21516135224523944,0.48,31.41885,0.029608740263644497,31.39,31.47,0.0799999999999983,0.0035137034434292998,31.7213,0.017466329943758865
639,1824651,1830342,910.75,57.66799372268815,912.5739202935837,1064.0,320.0,-263.46,56.10372893132862,269.3674070855641,456.0,344.0,-13724.74,80.53230656078343,13724.976266646147,13920.0,484.0,13757.6846108982,80.23482445196835,13757.918573679668,13955.01343603796,484.57112704157043,104.2125,12.619522326538354,104.97379434887547,141.0,343.2175,10.98295013873777,343.39318208141526,383.0,97.235,11.085340545062204,97.8648557961437,130.0,372.0166738535425,10.931576965239763,372.1772494390274,407.59538760883936,962.83,415.36470853937504,1048.6035714224895,2120.0,0.193945,0.08369335084103156,0.21123266792804563,0.427,31.4284,0.03632409668525762,31.39,31.49,0.09999999999999787,-0.0035143208574942146,31.716400000000004,0.014818534759923748
640,1827525,1833212,908.22,53.91800812344611,909.8190589342477,1064.0,308.0,-265.0,52.74049677430049,270.1972612740551,408.0,296.0,-13730.02,85.38898992258898,13730.285520702037,13996.0,560.0,13762.785916390345,85.09747121757657,13763.048999404165,14027.135416755626,556.6931077592362,103.775,11.941916722201675,104.45984874582196,141.0,344.045,12.497918826748716,344.2719274062293,383.0,95.5725,11.238093421483912,96.23095915556489,128.0,372.21686419012883,12.2484085687554,372.41833668604454,409.61689418284493,981.3,439.96045845052936,1075.4138249994744,2764.0,0.197675,0.08861274950592607,0.21662784908686142,0.557,31.422250000000005,0.03973584653684797,31.35,31.49,0.13999999999999702,-0.01055037805521342,31.716050000000006,0.012031599997350078
641,1830419,1836227,916.64,55.64234358831411,918.3272619279034,1148.0,392.0,-263.75,51.05896101567285,268.64675691323725,408.0,292.0,-13728.49,85.92391925418673,13728.758887823764,14004.0,608.0,13761.794075790907,85.67645841356033,13762.06077010271,14038.07907087006,608.5766229012606,102.7225,11.560514424107605,103.37097029630708,136.0,344.7175,12.790922318191132,344.95472529014586,383.0,95.1125,11.885278446464769,95.8522169800991,133.0,372.4375645058931,12.539060767009168,372.64858445994395,412.6124089263434,1013.99,478.4254329569029,1121.1898211275377,2764.0,0.2042375,0.09635788028879631,0.22582691934311108,0.557,31.4048,0.038038927429673124,31.35,31.47,0.11999999999999744,0.003443526170798825,31.716150000000003,0.012552745857836119
642,1833289,1839142,914.61,57.272226253219806,916.4014185934022,1148.0,392.0,-265.52,50.97773631694526,270.3693769641821,408.0,276.0,-13726.64,86.19275143537304,13726.910609456158,14004.0,608.0,13759.852325110063,86.19762852392712,13760.122311956387,14038.07907087006,608.5766229012606,102.6325,11.628518553538967,103.28916932573328,139.0,343.55,12.188211517692004,343.7661341668199,378.0,96.2025,11.613418693476957,96.90094168789074,133.0,371.61121932009365,11.777167547133127,371.79779450663773,412.6124089263434,996.915,457.02024875819234,1096.680001185396,2298.0,0.20079999999999998,0.09206302189261442,0.22089870981968182,0.463,31.406899999999997,0.041187255310349676,31.35,31.49,0.13999999999999702,0.013668204339654587,31.718450000000004,0.017388311690863887
643,1836304,1842052,912.38,52.87433782091271,913.9108052758759,1048.0,296.0,-269.05,51.34488776889088,273.90545814203847,408.0,260.0,-13725.3,86.29571252385601,13725.571282828267,13952.0,460.0,13758.419793402218,86.30752295178681,13758.690497282072,13981.272045132375,453.31876313143584,102.78,11.203865404403965,103.38885336437386,139.0,342.7475,11.70699550482531,342.94737570070424,373.0,96.56,11.86976832124368,97.28681822323105,127.0,370.99834875081274,11.274206143686648,371.1696141927569,397.86555518164676,927.1,413.45890968752866,1015.1170769916148,2237.0,0.18676500000000001,0.08330408018218556,0.20450118581563287,0.451,31.4251,0.03641414560304749,31.35,31.49,0.13999999999999702,0.0,31.730150000000002,0.020445599927391703
644,1839219,1845043,912.02,54.24094025733699,913.6315230988913,1044.0,320.0,-267.7,54.229788861842344,273.1376209898593,400.0,296.0,-13720.96,83.0761000529033,13721.211497531842,13952.0,456.0,13754.056009458578,83.15629066011701,13754.307386415356,13981.272045132375,452.0580250941075,103.1425,11.16477468424688,103.74501192828501,132.0,343.405,11.773316227809394,343.6067592466714,376.0,95.925,11.658660943693318,96.6308956804189,136.0,371.534413773265,11.328807622883717,371.70709234557256,406.3938975919791,901.865,418.3504712259806,994.1718136217703,2517.0,0.1816625,0.0842932594799252,0.20026636637238915,0.507,31.403499999999994,0.03460852496134369,31.35,31.47,0.11999999999999744,-0.006868131868131722,31.728499999999993,0.017791609072353325
645,1842130,1847963,906.31,58.28879737994257,908.1824706522362,1048.0,324.0,-262.89,55.18195266570403,268.6190611256022,400.0,296.0,-13724.79,83.6854581154934,13725.045129251854,13952.0,460.0,13757.425470390324,84.02277462405853,13757.682050403695,13990.802121393897,466.46967945799224,103.52,11.479965156741548,104.15459663404204,136.0,343.5875,11.810264338701314,343.7904194418454,376.0,95.69,11.50299526210456,96.37891366891412,136.0,371.7487328706689,11.480727723106353,371.92597045648745,406.3938975919791,945.5925,444.88015402324925,1045.018434047936,2517.0,0.1904475,0.08962495324266562,0.21048249927250484,0.507,31.4109,0.052718023483434406,31.35,31.53,0.17999999999999972,-0.006857534716269355,31.719699999999992,0.015764876413115057
646,1845120,1850847,905.19,57.579717783261145,907.019492624056,1080.0,340.0,-259.12,52.91451218711177,264.4676161650042,400.0,288.0,-13723.0,83.71547049381016,13723.255345580363,13952.0,460.0,13755.484443654723,83.74055393261382,13755.739338908686,13990.802121393897,466.46967945799224,103.875,11.357789177476398,104.49409074201277,136.0,343.4,11.793218390244455,343.60244469444626,381.0,95.93,11.655260614846842,96.63544898224461,129.0,371.7334228273937,11.589967775197549,371.9140559322812,408.6477700905757,982.59,446.33621508902905,1079.2122705936956,2323.0,0.19789500000000002,0.08990266389267895,0.21735896576861052,0.468,31.442000000000004,0.05407402333838235,31.35,31.53,0.17999999999999972,0.013968919154880093,31.731000000000005,0.031071104483660458
647,1848039,1853842,907.19,55.22339993155076,908.8692535232997,1080.0,328.0,-260.3,51.74929951216731,265.39419737439624,392.0,280.0,-13718.39,82.51404668297393,13718.638152528114,13984.0,476.0,13751.026278261304,82.37994031977787,13751.273037795447,14014.073497737907,477.63201557576576,103.9475,11.632486567797962,104.59635509901862,137.0,343.125,11.509099660703264,343.3179648663903,381.0,95.9225,11.643302527633644,96.62656208310425,132.0,371.5069216622968,11.265973415736218,371.6777031246292,408.6477700905757,968.8,436.8830049338152,1062.7512408837733,2323.0,0.195125,0.08799928621869611,0.21405055477620236,0.468,31.4223,0.048173748037701,31.35,31.49,0.13999999999999702,0.0,31.735150000000004,0.029027296806621753
648,1850924,1856717,912.08,54.56513172347337,913.7107200859581,1080.0,356.0,-264.34,51.62910419521144,269.33473596994503,400.0,304.0,-13716.91,83.50959166467047,13717.164204018263,13984.0,476.0,13749.94737143486,83.36403763961829,13750.20008145336,14014.073497737907,477.63201557576576,105.295,12.712315878705972,106.05960588272993,147.0,342.345,11.035668307809907,342.52282405702545,371.0,96.475,11.655229512969704,97.17648892607718,132.0,371.33091325025947,11.275986197590907,371.5020794019867,403.3918690305991,947.41,429.35273016483774,1040.1583893811558,2400.0,0.19082749999999998,0.08647405821256454,0.2095063185204685,0.483,31.416499999999996,0.03585735628849323,31.35,31.47,0.11999999999999744,-0.006904885206283298,31.721099999999996,0.017422653993592312
649,1853919,1859613,916.54,53.40363658029292,918.0945049394425,1080.0,356.0,-265.28,54.893730060909505,270.8999815430042,440.0,344.0,-13715.51,84.21567490675355,13715.768547186848,13960.0,500.0,13748.873800896654,84.0259901320371,13749.130560148158,13993.74660339396,496.6980371332611,105.8825,12.42150126796274,106.60861831953362,147.0,342.0575,11.317207860157026,342.24466759907307,374.0,97.2675,10.992312939049725,97.88665639401522,130.0,371.4049015974053,11.704980539140555,371.58929949609694,409.0281163929932,945.4275,435.25173720934185,1040.806049415548,2400.0,0.1904225,0.08766709185178895,0.2096336029838728,0.483,31.429499999999997,0.030128889790365015,31.39,31.47,0.0799999999999983,0.014049877063575394,31.7208,0.013558006817824389
650,1856794,1862518,912.04,54.27705224125569,913.6536324012508,1060.0,352.0,-264.26,54.19826934506304,269.7606346374504,440.0,312.0,-13720.59,85.83199811259203,13720.858467311731,13976.0,516.0,13753.62295074934,85.71212645254266,13753.890025734538,14010.30306595828,513.2544996975812,104.215,11.222244650692659,104.81748422853889,135.0,342.1875,12.36031325452555,342.4106635313801,374.0,97.0875,10.667935308671495,97.67183575627111,133.0,370.96911219138724,12.388413939399086,371.1759084315683,409.0281163929932,953.87,447.2052415837722,1053.4991718079325,2463.0,0.19213999999999998,0.09008240893759446,0.2122089065048873,0.496,31.42105,0.03938143598194375,31.35,31.49,0.13999999999999702,-0.013976240391334433,31.729800000000004,0.011760347121195943
651,1859691,1865507,910.99,58.92011456200675,912.8934001295004,1052.0,344.0,-261.49,51.754612354842344,266.56248798358706,420.0,336.0,-13726.76,80.79196989800408,13726.997757703612,13976.0,444.0,13759.664265625719,80.84959655222112,13759.901793254196,14010.30306595828,452.74989438635384,104.0175,11.157831050432696,104.61423182339963,134.0,342.485,12.043453615969133,342.69668804935947,371.0,96.285,11.138391939593435,96.92711179025196,133.0,370.992926594781,12.011282888994405,371.1873145731141,401.5880974331784,973.33,430.45967418563146,1064.2682086767416,2463.0,0.19607,0.08669319523468956,0.21438086435127554,0.496,31.431449999999998,0.04378238801161853,31.35,31.49,0.13999999999999702,-0.006877579092159414,31.738750000000003,0.0187968295732285
652,1862594,1868382,910.4,56.93575326629129,912.1786228584838,1052.0,308.0,-261.41,55.25551465691004,267.1860026273832,420.0,336.0,-13726.58,80.59617608795097,13726.81660983347,13936.0,436.0,13759.446877790782,81.08056026836472,13759.68576821433,13968.566426086823,437.01810374026354,104.415,12.191504214000831,105.12433115126107,139.0,342.4175,10.799221904841106,342.58775153236286,372.0,96.2475,10.402943994370055,96.80807042803818,121.0,371.04193879906234,10.82472411809648,371.19980468744865,400.9413922258464,967.9525,420.3497177871659,1055.2847613322197,2271.0,0.1949675,0.0846584103544946,0.21255439891942957,0.457,31.432,0.04161730409336874,31.35,31.49,0.13999999999999702,0.020732550103662307,31.737950000000005,0.01909736299029114
653,1865584,1871258,907.87,54.67378805241137,909.5147937224551,1052.0,308.0,-259.78,53.703180538958776,265.2728406754072,436.0,324.0,-13721.59,83.81307714193531,13721.845967653186,13928.0,432.0,13754.254136251844,84.47931935705748,13754.51357191522,13964.9303614447,440.8990098099366,104.4775,11.945270769220762,105.15815470043205,139.0,342.3175,11.249075239769711,342.5022810143021,376.0,96.375,10.641634038060133,96.96073947737817,130.0,370.99140493825644,11.524428920282949,371.1703584609094,402.54316538726624,923.9625,412.11938936884536,1011.7060306729421,2126.0,0.1861,0.08300719848302314,0.20377292509065084,0.428,31.4375,0.041997023704066515,31.35,31.47,0.11999999999999744,0.0070497003877333705,31.727800000000002,0.014618284290195046
654,1868460,1874257,913.98,54.6333195037607,915.6114022881104,1048.0,288.0,-258.88,52.9107323706637,264.2317164914159,436.0,328.0,-13719.83,80.18635233005676,13720.064324922096,13968.0,472.0,13752.883755295927,80.7225700618075,13753.120653873433,14003.577257258232,479.54590562346857,104.7275,11.482083597936395,105.35505445872067,132.0,342.125,11.928720593592592,342.3328935407756,376.0,95.12,12.039958471689177,95.87896015289277,130.0,370.5866497073206,12.239589809453332,370.7887167916521,402.54316538726624,902.7,401.0324488118137,987.7724004040607,2092.0,0.181815,0.08077917909337777,0.19895218018408342,0.421,31.4507,0.030323423289595138,31.39,31.47,0.0799999999999983,0.0,31.72685,0.015021371575525832
655,1871334,1877153,915.96,55.037427265452735,917.6120313073494,1048.0,300.0,-260.88,55.039127900067605,266.62272971372863,436.0,328.0,-13725.11,80.9256936948952,13725.348574080004,13968.0,436.0,13758.3318055821,81.23378304602578,13758.571619176171,14003.577257258232,438.36881801926756,104.4725,11.617841613225755,105.1164948997064,132.0,342.355,11.466428170969373,342.5469675825492,381.0,95.315,11.778190650520138,96.03996563931081,129.0,370.77715281608266,11.656776981622176,370.9603449157336,405.5453118949842,924.6575,409.4792426897241,1011.2688774505028,2224.0,0.18622750000000005,0.08248324523047089,0.20367662482474516,0.448,31.438299999999998,0.02964978920666996,31.39,31.47,0.0799999999999983,-0.013748066678123096,31.735349999999997,0.02194496419760271
656,1874333,1880072,915.04,55.28144715906052,916.7083723845877,1112.0,372.0,-258.08,52.93688317232136,263.4532216542436,420.0,300.0,-13722.32,79.19632314697445,13722.548532980309,13936.0,420.0,13755.428619459797,79.26900369181743,13755.657021022296,13965.893311922442,418.63026730712045,104.285,11.437822126611342,104.91036650398281,134.0,341.985,11.634207106631719,342.1828385527246,382.0,96.5725,11.367706178029056,97.23925390499456,127.0,370.6967730555964,11.604091785555989,370.8783526980242,405.5453118949842,950.355,422.6704436969777,1040.1081338014812,2897.0,0.19142499999999998,0.08513656309130643,0.20950361572058845,0.584,31.423200000000005,0.038128204783335104,31.35,31.49,0.13999999999999702,-0.00696985537550081,31.73885,0.02494460027153653
657,1877229,1883045,914.69,55.65324698523888,916.3815144359908,1112.0,372.0,-260.42,54.36233622647209,266.0335317210971,420.0,316.0,-13720.2,79.33851523692638,13720.42938978223,13960.0,444.0,13753.341843867558,79.37055953998473,13753.570865778822,13992.538011383067,446.3119686802511,105.1825,11.388555384683343,105.79724712864697,142.0,341.6175,12.254027654204148,341.83720906302756,382.0,96.7925,11.30926362545325,97.45094920009758,132.0,370.6739424146739,11.968747418298944,370.86712243066245,403.21706313101384,970.7025,430.12803790702833,1061.7313560877817,2897.0,0.195545,0.0866230221996439,0.21387238017097954,0.584,31.420700000000007,0.03659931693351589,31.35,31.49,0.13999999999999702,0.013755158184318828,31.739099999999997,0.029416889425270813
658,1880150,1885942,915.92,54.49397764891089,917.5396667174668,1092.0,316.0,-263.72,55.3122192648243,269.4581229059536,420.0,316.0,-13718.35,82.47883061731659,13718.597941480753,13960.0,444.0,13751.64043514953,82.47146391609786,13751.887732235164,13992.538011383067,446.3119686802511,104.6925,11.429039493763245,105.31449330457798,142.0,342.155,12.185687301092212,342.3719249588085,381.0,96.1575,11.698405607175706,96.86649317488478,132.0,370.8678662051802,12.240131388861592,371.0697980164918,405.36033353055154,1010.8425,467.5143502543532,1113.71999510649,2424.0,0.2036275,0.09416604347507651,0.22434661241035042,0.488,31.4084,0.03071546841576667,31.35,31.47,0.11999999999999744,-0.0069060773480661515,31.72665,0.030759435253964223
659,1883149,1888812,918.5,53.56855420860264,920.060780600934,1064.0,316.0,-265.72,51.181262196237405,270.6042128275168,420.0,308.0,-13712.78,83.05101805516895,13713.031495624882,13976.0,492.0,13746.276031165884,82.86467881021947,13746.525789449493,14006.419670993726,484.5056053002154,104.2725,11.629627842282831,104.91902830278214,139.0,342.5075,12.010201653178017,342.7180072596128,381.0,95.99,11.538843096255361,96.68104778083449,126.0,371.0232754469482,12.35269511556091,371.22885124946845,406.993857447505,1235.93,611.0760959978717,1378.74470443226,3198.0,0.24896250000000003,0.12308280177892442,0.2777259485536056,0.644,31.3921,0.02374005054754467,31.35,31.43,0.0799999999999983,0.007063393960798013,31.719250000000002,0.017726337964850406
660,1886018,1891717,917.0,55.93174411727208,918.7041743673532,1064.0,316.0,-264.74,47.86828177405159,269.0327861060804,392.0,264.0,-13719.97,81.04294602246391,13720.209355545563,13976.0,492.0,13753.326827165045,80.88229214292707,13753.56465648088,14006.419670993726,484.5056053002154,104.685,11.478491843443546,105.31241617207345,139.0,341.535,11.600593734805127,341.7319563634633,378.0,96.22,11.246181574205531,96.87499677419349,133.0,370.28962324580164,11.907767065336904,370.4810386511029,406.993857447505,1279.425,605.9720491697616,1415.6731455388988,3198.0,0.2577175,0.12205315519784812,0.28515834636215714,0.644,31.4179,0.04675029411672173,31.35,31.53,0.17999999999999972,0.0035093876118616556,31.733800000000002,0.014285313277579453
661,1888889,1894732,916.5,53.73034524363304,918.0736353909745,1056.0,280.0,-261.43,48.58307421314547,265.9059232134553,392.0,272.0,-13722.55,78.11694758501513,13722.772342351234,13932.0,516.0,13755.79726965701,78.02176681363517,13756.018534445204,13968.43183753996,520.8738436140738,104.3575,11.75349708597403,105.01729619448408,137.0,342.4125,11.462431842763559,342.60430163674243,372.0,95.7275,10.929924233497687,96.34945511003163,133.0,370.87707459845814,11.821718880507499,371.0654356040185,402.96029581089005,1124.5775,529.8582017802026,1243.150943168206,3479.0,0.226525,0.10673452756723102,0.2504113316126089,0.701,31.439700000000002,0.04059445774979627,31.39,31.53,0.14000000000000057,0.0,31.737800000000004,0.010929713931139106
662,1891793,1897618,913.72,54.502858640625455,915.3440883077795,1056.0,300.0,-265.77,49.21328174385447,270.2880685490945,392.0,272.0,-13716.29,79.54995851664538,13716.520679822563,13932.0,516.0,13749.455888321341,79.45297417685774,13749.685450947596,13968.43183753996,520.8738436140738,104.4275,11.899148866620672,105.10324685755431,139.0,343.2125,11.804547587688399,343.4154444692318,380.0,94.815,10.703306732033797,95.41721542782518,132.0,371.3987477966542,12.176827792049474,371.59831135246026,403.1401741330179,1262.27,638.7180771670706,1414.668277371059,3480.0,0.254245,0.12866054163961846,0.28494570535454644,0.701,31.4293,0.023356155505561627,31.35,31.47,0.11999999999999744,-0.010300429184549136,31.73215,0.014313969551133194
663,1894810,1900502,914.19,55.82296928684464,915.8927666490221,1064.0,308.0,-267.67,50.272965896195146,272.35014228011704,416.0,292.0,-13714.93,81.21634749236142,13715.170469228591,13948.0,464.0,13748.176417375666,81.11939789974231,13748.415732730808,13980.66893964663,464.31736091059975,104.9275,11.6293698775987,105.5699886331338,139.0,342.795,11.839677993932098,342.9994023318408,380.0,94.7925,10.921283979001737,95.41956036369064,132.0,371.14551871114423,12.227384864952798,371.34687961527294,403.1401741330179,1669.4575,891.050008806324,1892.3684795779072,5498.0,0.33626249999999996,0.179485538675822,0.3811660104206565,1.107,31.416600000000003,0.03447375813571751,31.35,31.47,0.11999999999999744,-0.0070274068868585995,31.724400000000006,0.01634956484670709
664,1897695,1903486,915.04,56.44500332181761,916.7792755074692,1064.0,300.0,-266.46,51.78289679034961,271.44502205787455,420.0,304.0,-13719.65,85.28116732315523,13719.915050757421,13980.0,468.0,13752.927318396129,85.00479347367427,13753.190016865177,14010.15688705876,463.32552323053824,104.7,11.846096403457132,105.36802171437024,133.0,343.335,11.794183948031336,343.5375161463446,377.0,97.3125,11.049201045777021,97.93777361161526,130.0,372.2403788667127,12.221000006800008,372.44093827075454,405.10986164249323,1828.3525,919.0030839141673,2046.3234183530228,5498.0,0.36828000000000005,0.18509922096000297,0.4121794269489927,1.107,31.422200000000004,0.03913003961153036,31.35,31.47,0.11999999999999744,0.013814539803142513,31.727400000000006,0.02126901331322815
665,1900579,1906377,911.96,54.974888812984425,913.615498992875,1064.0,300.0,-265.89,50.906069382736675,270.7192641833972,420.0,304.0,-13722.62,85.13527823411397,13722.884087537868,13980.0,464.0,13755.664849175082,84.93784297388135,13755.927081807318,14010.15688705876,458.6397764176054,105.245,12.283117478881328,105.95935541517795,149.0,343.0725,12.10525686427182,343.28599956887257,379.0,97.49,11.202227457072992,98.13149341572256,130.0,372.21642606465235,12.54530460599456,372.42778158993457,409.18822074932706,1492.335,748.3609141149743,1669.4633299357013,4855.0,0.3006,0.15072262603869402,0.3362702335919729,0.978,31.433750000000003,0.02913653205170381,31.39,31.49,0.09999999999999787,0.006898930665746662,31.736050000000006,0.018089100001025586
666,1903567,1909257,911.34,55.562256973596746,913.0321790605192,1044.0,328.0,-262.72,51.0776037026014,267.63916006444197,408.0,284.0,-13724.77,80.408501416206,13725.005540253891,13956.0,468.0,13757.709751627432,80.36137116487262,13757.94445256994,13987.373734908208,461.6086918505698,106.385,12.032322095090374,107.06327568312115,149.0,342.5,11.883391771712317,342.7060912793935,379.0,95.855,11.540969413355189,96.54726821614375,131.0,371.5873940240386,12.417471659878387,371.7948157250179,409.18822074932706,1131.965,525.6312716867214,1248.0516796190773,3489.0,0.22802250000000002,0.10587127558384285,0.2514020435477803,0.703,31.42585,0.0332832916040459,31.39,31.49,0.09999999999999787,-0.0035149384885763747,31.733050000000002,0.013496402565332216
667,1906454,1912257,906.78,58.6872354094142,908.6771483865983,1112.0,396.0,-263.37,52.469830378990174,268.5457875297991,408.0,284.0,-13719.42,82.88391641325836,13719.670363387015,13936.0,492.0,13752.102465368705,82.72642866673904,13752.351285507508,13967.95704460749,492.93897411867874,105.8575,11.550203190853397,106.48576195905254,144.0,342.4375,11.66259378311703,342.6360423247969,375.0,94.525,11.61827762622326,95.23633760282888,131.0,371.03547586742394,11.887415523749397,371.22585443365875,408.48255776715854,982.5975,440.15664881238587,1076.6780960435667,2810.0,0.19793,0.08865678259445241,0.21687856048950527,0.566,31.421300000000002,0.03550084506036365,31.39,31.49,0.09999999999999787,-0.00689298638635174,31.729749999999996,0.014333566472428979
668,1909334,1915182,910.25,58.698701007773586,912.1406689760083,1112.0,360.0,-261.88,51.92057010472824,266.9773024060285,404.0,284.0,-13717.44,87.85446146895445,13717.72133264122,13964.0,520.0,13750.324839430103,87.87974824440516,13750.605660842724,13996.975101785385,521.9570312965734,105.49,11.821797663638133,106.15034149733104,143.0,343.16,11.357790278042645,343.34790664863533,372.0,94.03,10.958745366144795,94.66644072742992,120.0,371.4692588878388,11.313916268020543,371.64151409658206,399.1916832801004,911.9425,405.562497272307,998.0581458512324,2325.0,0.18366,0.08169981272928353,0.20101207675162208,0.468,31.420200000000005,0.04012430684759465,31.35,31.49,0.13999999999999702,0.0,31.7258,0.017752404616675793
669,1912333,1918047,915.59,56.7573070185681,917.3475023130547,1056.0,300.0,-259.92,53.038793349773705,265.2763087801095,388.0,272.0,-13723.87,86.95345364043915,13724.145462650853,13964.0,516.0,13757.052271953617,87.05990314649236,13757.327743424592,13996.975101785385,516.9121939203033,105.095,11.568966029857638,105.72984441490492,134.0,342.4475,11.098299137705741,342.62729386317136,372.0,95.6175,10.945144756923044,96.24189576270825,126.0,371.09750399572295,11.018508435555855,371.2610469736894,399.1916832801004,894.52,426.775203825152,991.1120547142992,3250.0,0.18016,0.08599863022164946,0.1996331385316576,0.655,31.417650000000002,0.037019960831961206,31.35,31.47,0.11999999999999744,0.014000700035001451,31.72145,0.020759935870405283
670,1915259,1921063,916.74,57.0180006664562,918.5114479417227,1056.0,292.0,-262.9,53.50579407877244,268.28954508142874,388.0,280.0,-13718.23,81.79014060386496,13718.473820363546,13960.0,456.0,13751.562365554308,81.84757950246654,13751.805936676099,13995.67304562378,454.16943634906966,104.3825,11.426556513228297,105.00605934897281,137.0,341.975,11.854508635957881,342.18040563422096,370.0,96.5425,11.007415398266751,97.16798598303868,126.0,370.6957246157848,11.832149068460186,370.88451032632787,402.5456495852365,928.4275,459.66088015378244,1035.9853992697,3250.0,0.18701,0.09261622374076801,0.20868757749324707,0.655,31.425600000000003,0.030309074548721556,31.39,31.49,0.09999999999999787,-0.003445899379738038,31.729499999999998,0.018126539343498928
671,1918123,1923967,916.77,57.16018806827003,918.5502272603279,1072.0,328.0,-261.63,50.00263093078204,266.36538814192807,388.0,280.0,-13711.55,75.37584162050862,13711.757178421736,13940.0,520.0,13744.863353894882,75.50723645841163,13745.070751363923,13972.524467682997,519.4938797448285,104.8775,11.484010351353746,105.50437194732739,137.0,342.76,12.771350750801577,342.9978498474881,377.0,96.345,10.797035472758251,96.94810467461444,132.0,371.51274296986185,12.486565220642,371.7225208404785,406.1502185152681,942.36,461.92452890055534,1049.4839874909956,2754.0,0.189805,0.09303736870204359,0.2113809120994609,0.555,31.44235,0.0407489570418677,31.39,31.53,0.14000000000000057,0.01026694045174516,31.74315,0.023311715728910665
672,1921141,1926862,912.92,56.42298822288661,914.6619484815141,1072.0,328.0,-262.03,50.03278025454912,266.7639405916774,392.0,288.0,-13717.42,77.6988005055419,13717.64005067927,13940.0,520.0,13750.469464088092,77.50843296720836,13750.68791151919,13972.524467682997,519.4938797448285,105.1625,11.100274489849339,105.74671389693394,136.0,343.5675,12.367515666050316,343.79002676052136,377.0,95.9575,10.617000223697842,96.54306034096909,133.0,372.22539254252814,11.948625300043881,372.41712165258997,406.43326635500694,969.785,466.16198769848233,1076.006479999075,2795.0,0.19533999999999999,0.09389366006286047,0.21673424971609817,0.563,31.435800000000004,0.0567482158309842,31.35,31.53,0.17999999999999972,-0.006991784653032538,31.7428,0.0350890024828014
673,1924044,1929834,914.96,55.18657807836974,916.6228013746985,1096.0,348.0,-264.44,52.86252358713118,269.67194885638366,404.0,300.0,-13725.87,80.03488676820878,13726.1033378013,13932.0,424.0,13759.085276379148,80.03447586238808,13759.318048508072,13961.478431742105,424.2148973345702,105.6175,11.105232719308498,106.19972928402407,138.0,343.4775,11.85430275258735,343.6820005470173,376.0,96.055,10.80819018152438,96.66116076273862,133.0,372.29852764677634,11.52763254282854,372.47695230711923,407.1977406617085,984.7025,445.0205152504208,1080.5934816109154,2795.0,0.198345,0.08965657240269671,0.21766726901397002,0.563,31.431350000000005,0.05604620861396352,31.35,31.53,0.17999999999999972,-0.0241796200345418,31.7206,0.03286853894121672
674,1926940,1932747,912.85,55.637734497371476,914.5439737924033,1096.0,316.0,-265.03,53.9927689602969,270.47388043949826,428.0,312.0,-13725.39,82.54373325698323,13725.638204469766,13928.0,424.0,13758.481905256132,82.86484622288799,13758.73144297831,13961.478431742105,427.6009385770376,105.0625,11.103314538911341,105.64758634251896,138.0,342.62,12.0459785820829,342.8316934007123,371.0,96.355,11.161943155203756,96.99935566796307,133.0,371.43902780452447,11.700689023717034,371.62327362532073,407.1977406617085,898.5825,403.6411874347686,985.0770109488902,2692.0,0.180995,0.08130824051103308,0.19841930349640882,0.542,31.4447,0.05077312281118758,31.35,31.53,0.17999999999999972,0.02066471499913853,31.71395,0.017208656095451386
675,1929929,1935602,910.24,55.40417312802349,911.9246021464713,1064.0,284.0,-262.18,51.05102937257974,267.10402467952446,452.0,336.0,-13722.38,85.53371031353662,13722.646569812981,13924.0,420.0,13755.240738564748,85.6279401172052,13755.507257822228,13957.027763818483,423.15027065341565,104.42,10.445027525095375,104.94110252899004,130.0,342.8825,11.994110794469092,343.0922142806508,370.0,96.695,11.115168689678082,97.33175227026378,130.0,371.5696560842674,11.591513163485633,371.75041694663906,400.81042900603273,855.3825,391.4306467226985,940.6897323241069,2221.0,0.1723,0.0788412011577703,0.18948146347334346,0.447,31.450599999999998,0.04491814778015627,31.35,31.53,0.17999999999999972,0.014101886127269222,31.7236,0.012223482884782883
676,1932823,1938618,915.71,55.77128203654637,917.4068018060472,1064.0,288.0,-263.34,51.19105781286415,268.26941681824263,464.0,364.0,-13719.25,87.03997644760712,13719.526104060593,13940.0,476.0,13752.506784475008,86.93320981592807,13752.781545563792,13969.308644310211,469.3898297395099,105.34,10.58935314360608,105.87091196357949,133.0,342.555,11.866632841712091,342.7604775933188,372.0,96.345,11.422389198412038,97.01974025939258,130.0,371.44526321767626,11.603509518728854,371.62645896114554,406.0369441319349,919.3,403.52371057968827,1003.9640805327649,2221.0,0.1851575,0.08127033710862777,0.20220822807195557,0.447,31.452450000000002,0.03318128237425361,31.39,31.49,0.09999999999999787,0.0,31.723600000000005,0.009341206847265764
677,1935679,1941522,917.24,56.887805371626,919.0024156660307,1088.0,328.0,-265.44,52.99062558604116,270.67766808512295,464.0,364.0,-13719.11,83.94836448674864,13719.366841075429,13940.0,476.0,13752.521555729658,83.7210797300328,13752.776387333577,13971.087860292055,471.16904572135354,105.165,11.318470523882633,105.77232624840961,137.0,342.315,11.536714220262198,342.5093502373329,372.0,95.6675,11.21837527229322,96.32301126937425,125.0,370.99706801288403,11.821083953831021,371.1853479058676,406.0369441319349,902.4475,383.9775478380865,980.7396430755718,2083.0,0.18175,0.07732514144830258,0.19751516397481994,0.42,31.451400000000003,0.03162340905089072,31.39,31.49,0.09999999999999787,0.006845798391237232,31.729899999999997,0.02234363657147318
678,1938694,1944407,914.5,53.23448130676206,916.0481210067514,1088.0,328.0,-262.98,50.915612536824106,267.86354735200536,392.0,272.0,-13718.79,82.15945411211057,13719.036017155142,14020.0,524.0,13751.948321854627,82.22914957442909,13752.194162387324,14056.471819059007,533.9507523347984,104.9175,11.303348784762859,105.52462982640593,137.0,342.83,11.483078855428975,343.0222587529853,381.0,95.6675,10.668033734011155,96.26046696333859,125.0,371.39264668298614,11.545431555669351,371.5720589603045,408.49112597460424,905.265,412.2197044962795,994.700862068592,2422.0,0.1823375,0.08301315313701799,0.20034507106490043,0.488,31.449099999999998,0.03041693607186563,31.39,31.49,0.09999999999999787,-0.01750393838613651,31.731199999999994,0.0228881994526752
679,1941599,1947312,908.48,50.48098255779101,909.8814428264817,1084.0,292.0,-265.89,49.70863003543751,270.4966543231173,388.0,268.0,-13715.08,83.81332590942802,13715.336090668723,14020.0,560.0,13747.890236092708,83.73061773805279,13748.14521162764,14056.471819059007,567.5436184939226,105.7925,11.82473863347516,106.45129167840098,136.0,342.24,11.725502121444523,342.4408051035974,381.0,96.2675,10.664939931851467,96.8564530632833,125.0,371.27593361657813,11.529792588693692,371.4549165107389,408.49112597460424,968.945,472.33706923657815,1077.9409631329538,2528.0,0.1951775,0.09513485688090353,0.21712875788342734,0.509,31.429899999999996,0.030951413537994663,31.39,31.49,0.09999999999999787,0.0,31.724849999999996,0.017005896073218858
680,1944484,1950282,906.71,51.43360671778716,908.1676276987636,1084.0,312.0,-265.35,53.12228816607959,270.6152249966731,436.0,304.0,-13712.96,85.79859206304029,13713.228407636183,13972.0,512.0,13745.665727497419,85.48747219865344,13745.93155810111,14004.1125388223,515.184338257217,105.57,12.096077876733432,106.26071710655825,136.0,340.86,11.197562234700907,341.04387547645536,370.0,95.8175,10.839473868689383,96.42866534386961,130.0,369.8390962445436,10.945107994863053,370.0010168904945,396.73668849754745,959.4575,460.201671220075,1064.1166630120965,2528.0,0.19326500000000002,0.09270326194368783,0.2143484429614547,0.509,31.439300000000003,0.030422195844481057,31.39,31.47,0.0799999999999983,0.006898930665746662,31.730349999999998,0.018594134952628925
681,1947389,1953182,910.01,55.051247942258314,911.6736477490177,1056.0,288.0,-261.03,58.230740163594,267.44621889269627,436.0,336.0,-13719.38,83.92291463003414,13719.636680320657,13972.0,484.0,13752.24005905823,83.66790324937625,13752.494572258518,14004.1125388223,480.550286220363,105.3225,11.083703972499446,105.90409576593343,136.0,341.5325,11.49081997726881,341.72574895667435,372.0,95.5025,11.526924730820445,96.19562100220571,130.0,370.3009377644102,11.089544210581387,370.46695196737863,399.58228188947515,917.73,435.3570225688337,1015.757889459885,2712.0,0.1848525,0.08768842993092076,0.2045964503602152,0.546,31.443450000000002,0.03225054263109313,31.39,31.49,0.09999999999999787,-0.006904885206283298,31.73285,0.013905427079224531
682,1950386,1956073,914.08,57.49429189058684,915.886368497752,1072.0,328.0,-264.08,56.185350403819676,269.99081465857313,420.0,320.0,-13721.62,79.17534717322052,13721.84842359075,13960.0,496.0,13754.80685827165,78.45592165787517,13755.030608471941,13986.80349472316,488.0805921667852,105.215,10.753547089216655,105.76310793466689,136.0,342.38,11.612734389453674,342.5768818820091,374.0,95.185,11.805116475494852,95.91425858546789,125.0,370.96363166185546,11.41420099031056,371.1391922176907,406.40620074009695,892.5925,432.126927468944,991.6930233192124,2712.0,0.1797925,0.08704211304736346,0.19975402999689396,0.546,31.440150000000003,0.0369049793388364,31.39,31.49,0.09999999999999787,0.01055037805521342,31.721850000000003,0.015071342455418881
683,1953258,1958962,914.56,55.87706506251022,916.265376405766,1072.0,328.0,-265.04,51.8902534200788,270.07184229386075,416.0,288.0,-13710.76,77.1221265266979,13710.976901738257,13960.0,496.0,13743.998162998145,76.70160039806383,13744.212186953459,13986.80349472316,488.0805921667852,105.745,11.443337581317786,106.3623758666569,143.0,341.8075,10.676162407438357,341.97419127764596,374.0,95.665,11.27997229606527,96.32772186655303,121.0,370.7047846800986,10.784021294568939,370.86160828535486,406.40620074009695,880.025,384.00890533293625,960.1597992001123,2271.0,0.1772475,0.07734268707350425,0.19338709238209256,0.457,31.459100000000003,0.0420141642782524,31.39,31.55,0.16000000000000014,0.021037868162693023,31.722250000000003,0.012622830094673331
684,1956149,1961952,912.73,55.10342185381956,914.3918416083993,1108.0,348.0,-257.48,55.36325134960916,263.3648419968011,416.0,312.0,-13711.52,79.8208594290991,13711.752334402778,13984.0,496.0,13744.498459393726,79.92283605711319,13744.730828939502,14017.13294507832,495.1656325900949,106.375,11.757311554943163,107.02277794936927,143.0,342.2225,10.730936294191668,342.39070153846177,370.0,96.5775,11.459231813258688,97.25496131303534,130.0,371.51353876143025,11.022046858877866,371.67700359317365,398.7944332610474,876.055,383.2989720505392,956.2376613583048,2216.0,0.1764375,0.07718293913650866,0.19258088560394565,0.446,31.4545,0.04832959755677678,31.39,31.55,0.16000000000000014,0.00344649319317587,31.731600000000007,0.0054326590599035034
685,1959039,1964823,910.62,54.30668098862239,912.2379075657841,1108.0,324.0,-258.03,58.52315012027292,264.5835217847098,436.0,336.0,-13718.6,81.14554824511323,13718.839985946333,13984.0,496.0,13751.44265210144,81.10478386179088,13751.681824416968,14017.13294507832,495.1656325900949,106.6475,10.959618777585286,107.20915306073451,139.0,342.645,11.048482927533536,342.82308119495104,373.0,96.0775,11.426788426762789,96.7546252124414,130.0,371.83583729991994,11.001595314657221,371.99855510472077,398.8445812594174,898.515,416.5167701005567,990.3612598441035,2385.0,0.1809875,0.08387369876039807,0.19947749873105988,0.48,31.4461,0.036121877027640685,31.39,31.55,0.16000000000000014,-0.020746887966805152,31.740800000000004,0.022284557517693218
686,1962028,1967807,912.54,55.169089171382915,914.2061474306547,1072.0,368.0,-262.33,53.244071031430344,267.67883741528766,436.0,336.0,-13720.88,76.56700072485535,13721.093632797641,13944.0,448.0,13753.9081722904,76.45461531754098,13754.120666912879,13974.818496137974,442.94323806675493,106.61,10.986714704587536,107.17462386218111,142.0,342.335,11.048881165077304,342.513255217955,373.0,96.18,11.06040686412575,96.81386780828457,129.0,371.5594928561126,10.871902708743956,371.71851581539494,399.1052492764283,930.45,435.9290223190009,1027.5073308740916,2385.0,0.1874275,0.08779088645041694,0.20696933951675064,0.48,31.448050000000002,0.03976427416664276,31.35,31.49,0.13999999999999702,-0.003460806367883643,31.7409,0.02228073332936361
687,1964916,1970718,917.27,60.74559325580746,919.2792176482617,1072.0,368.0,-260.31,50.569001374359765,265.1763941228555,396.0,308.0,-13713.41,83.70407337758421,13713.665454574862,13944.0,496.0,13746.744231188644,83.88111993627535,13747.000145486287,13974.818496137974,495.8321841039706,105.805,11.388457972877626,106.41614069303584,142.0,341.62,11.108132156217804,341.8005485659729,377.0,95.3725,11.239828457320868,96.03253354983403,129.0,370.47647359217774,11.019982518337759,370.64033442139026,410.5727706509529,882.1875,420.99813817135816,977.4938452491658,2380.0,0.1777225,0.08480371745242068,0.19691865706428124,0.479,31.450600000000005,0.04066497264231146,31.35,31.53,0.17999999999999972,0.017235436056532476,31.731000000000005,0.012545655969668007
688,1967911,1973607,916.44,61.84986984626565,918.5247302059972,1056.0,352.0,-257.55,51.623613782841666,262.6728002667958,396.0,308.0,-13717.63,86.83837343018351,13717.904858979013,13944.0,496.0,13750.855611237166,86.99631548160431,13751.130804410232,13973.546436034054,494.56012400005056,105.1775,11.166512156891248,105.76860356457392,145.0,341.56,11.04610338535721,341.73856966985744,377.0,95.5275,11.232953474042347,96.18566681164091,123.0,370.28178324994786,10.73922684547998,370.4374846043526,410.5727706509529,835.4575,389.34177555683647,921.7246077327002,2217.0,0.1683175,0.07844056153387735,0.1856978796324826,0.447,31.463950000000004,0.036309743871308454,31.43,31.53,0.10000000000000142,-0.00702247191011221,31.730600000000003,0.015040130111952208
689,1970794,1976622,917.19,58.48062841659621,919.0524903399153,1056.0,280.0,-259.42,50.54011871770781,264.2972568907971,424.0,308.0,-13726.67,79.38936389718712,13726.899575650723,13944.0,472.0,13759.94151947373,79.32124975707863,13760.17014720385,13973.546436034054,473.19088516058764,105.5525,11.971726849122478,106.22924503167665,147.0,341.9375,11.627923019611027,342.13515238864306,378.0,96.6275,11.564546845856087,97.31707198636835,129.0,371.053397910824,11.45003925022636,371.2300196643585,406.5907032877166,866.9075,420.290344813856,963.4171409623144,3054.0,0.17463,0.08467043817059175,0.19407400650267415,0.615,31.465600000000006,0.034126822295666784,31.43,31.53,0.10000000000000142,-0.017158544955388027,31.738250000000008,0.028442220373053488
690,1973684,1979537,919.74,57.20570251294883,921.5173139990371,1084.0,308.0,-259.93,51.190185582785304,264.92270570866515,428.0,340.0,-13725.64,79.70514663432971,13725.87142297348,13968.0,496.0,13759.09152274943,79.52979696201453,13759.321368439652,14000.883400700115,500.5278498266489,106.35,12.00676892423603,107.02562777204346,147.0,342.1625,11.75249308657529,342.3642760277421,378.0,96.465,12.425126759916777,97.26191443725544,129.0,371.4722750409313,11.66239151780773,371.6553006483293,406.5907032877166,898.7175,441.55704353316577,1001.3319966424722,3054.0,0.1810425,0.0889393652650501,0.20170919042026816,0.615,31.453850000000003,0.022004033721115306,31.43,31.49,0.05999999999999872,-0.006834102169827294,31.742449999999998,0.031757184966436154
691,1976699,1982427,917.11,57.59867967236749,918.9169494573489,1084.0,308.0,-262.25,52.30160131391772,267.4145097035686,428.0,340.0,-13724.35,80.51731180311474,13724.586185382786,13968.0,480.0,13757.678422899891,80.43166089783803,13757.913535125885,14000.883400700115,482.27282120637756,106.0775,11.40072338713645,106.68838971509506,140.0,342.31,11.655423630224686,342.50837216044806,374.0,95.6525,12.01173358637295,96.4037473338044,129.0,371.3000557398354,11.151170682718977,371.46746829298525,404.5998022738024,884.93,405.8669672441944,973.5651493351639,2841.0,0.1782775,0.08173053587093382,0.1961192175693142,0.572,31.45165,0.029770413164751316,31.43,31.53,0.10000000000000142,-0.010474860335195308,31.733199999999997,0.02406674095198809
692,1979615,1985297,911.8,58.387327392166185,913.6675106404955,1076.0,344.0,-263.94,53.390602169295676,269.28587040541134,424.0,308.0,-13713.74,80.83917614622257,13713.978261613222,13912.0,432.0,13746.781338883042,80.65842136400488,13747.017966089956,13952.248277607448,440.57924672899026,106.1025,11.439711261653416,106.71741891556411,140.0,342.725,11.92515723166785,342.93240587614343,374.0,95.4225,11.0029084223218,96.05476302609881,126.0,371.60146188141283,11.406731679006853,371.7764919948544,401.49844333446674,909.2775,412.54377403343517,998.4878254140108,3098.0,0.1831475,0.08309097871459933,0.20111468742983443,0.624,31.433999999999997,0.038858718455450636,31.39,31.53,0.14000000000000057,0.0,31.73335,0.024315748787518743
693,1982505,1988297,912.81,56.64506951182953,914.5658860902258,1056.0,324.0,-265.73,53.29772133965954,271.02228690644614,388.0,256.0,-13714.06,84.30845983648379,13714.319144602112,13948.0,492.0,13747.195376901698,83.98041017111373,13747.451888986556,13981.089514054333,488.09814816366816,106.07,11.438317183921768,106.68495676523472,136.0,342.24,11.625076343835339,342.4373811370482,370.0,95.7725,10.46091505318727,96.34211176842658,126.0,371.2097996444468,11.407328693855797,371.385032681717,400.3161250811663,910.3725,428.61887935991575,1006.2267301657216,3098.0,0.18334,0.08634280166869732,0.20265397849536532,0.624,31.4234,0.03561516530917617,31.39,31.49,0.09999999999999787,0.0069060773480661515,31.73915,0.021032913698453615
694,1985374,1991208,916.74,56.129247278045696,918.4567055664627,1056.0,300.0,-268.73,51.47025451656519,273.61469258795296,412.0,328.0,-13712.71,82.63616581134437,13712.958990677394,13948.0,492.0,13746.158446479742,82.46189588881371,13746.405784786073,13981.089514054333,488.09814816366816,105.405,11.917045565071907,106.0765289779035,140.0,341.2175,11.587501618122864,341.4141949304393,370.0,96.3125,11.129458376309245,96.95340375665003,126.0,370.24401122085214,11.628291151046062,370.4265716710938,399.56601457080905,872.2,405.24223619953534,961.7453457126787,2710.0,0.17567750000000001,0.08161788096826578,0.19371128645486818,0.546,31.4322,0.041583169672355744,31.35,31.49,0.13999999999999702,0.006856359273225771,31.73625,0.011844332845347283
695,1988374,1994087,914.7,57.508868881243004,916.5060610819767,1056.0,300.0,-264.21,53.53051372815322,269.57826321868015,460.0,376.0,-13714.0,87.08892007597751,13714.276520473108,13936.0,460.0,13747.23395159313,87.14906864150777,13747.510184757093,13966.66030230563,461.5791844448413,105.105,12.3781652517649,105.83137530997129,140.0,341.225,11.571705794739167,341.42115488059613,370.0,97.125,12.030560045151681,97.86725703727473,129.0,370.4108732594787,11.936078549941758,370.60313679190574,407.6738892791639,892.395,424.03589939414326,988.0158298327007,2358.0,0.17977,0.08539822656238244,0.1990228881309886,0.475,31.4384,0.03989285650338832,31.35,31.49,0.13999999999999702,-0.007001575354454603,31.734449999999995,0.011727802581193665
696,1991285,1997077,913.52,55.873514297921155,915.2270975009427,1056.0,324.0,-262.25,52.36198525648164,267.4263263031521,460.0,344.0,-13721.02,84.0923278307837,13721.277686862839,13936.0,460.0,13754.110175051246,84.09597226811039,13754.367264254652,13966.66030230563,461.5791844448413,105.855,11.829157831392731,106.51389580707298,143.0,341.485,11.552046355516412,341.6803403767914,372.0,97.2425,11.845619179679886,97.96133165693493,132.0,370.87782230197865,11.693093027165737,371.0621073351468,407.6738892791639,934.43,431.8301982261083,1029.3865867593186,2358.0,0.18822499999999998,0.08696260331314834,0.20734306113299283,0.475,31.439149999999998,0.037964160730877994,31.35,31.49,0.13999999999999702,-0.0069060773480661515,31.72755,0.017770395814908933
697,1994164,1999972,915.76,56.48948928783123,917.5006485011331,1068.0,336.0,-258.83,50.039495401132896,263.6226849115986,424.0,296.0,-13719.3,78.09935979251047,13719.522294890592,13940.0,488.0,13752.472069643703,78.15582940413634,13752.69414914765,13976.960470717515,496.2281463962572,106.375,11.339945987525692,106.9777313275992,146.0,341.6325,11.196537132077935,341.81592634047934,372.0,96.43,11.341300630880042,97.09464454850226,132.0,370.92462715929577,11.164831693199133,371.0926198403843,399.7574264475896,992.0625,444.41299327736806,1087.0560760604762,2601.0,0.1998075,0.08952217850203378,0.21894578666875505,0.524,31.442250000000005,0.04162856591332358,31.35,31.49,0.13999999999999702,0.00688705234159765,31.722550000000002,0.02666975232774064
698,1997156,2002862,913.64,57.29808373759109,915.4349348806828,1068.0,324.0,-259.06,52.196517125187576,264.26607803499866,392.0,260.0,-13724.25,78.13205168175222,13724.472400788309,13940.0,488.0,13757.284801288037,78.2001038945049,13757.50705469563,13976.960470717515,496.2281463962572,106.205,11.085259356460723,106.78195072202044,146.0,342.085,11.066064115122414,342.2639405488109,374.0,96.93,11.434163721059797,97.60207477302929,134.0,371.418282960974,11.027877507562652,371.5819626946389,406.39020657491244,966.1525,453.4915867397652,1067.2887484181588,2601.0,0.19457999999999998,0.09136070599552086,0.21496082201182612,0.524,31.447500000000005,0.03610747844976085,31.39,31.49,0.09999999999999787,-0.014020329477742427,31.728,0.025566268503890134
699,2000050,2005767,912.5,54.50275222408498,914.1262494863606,1040.0,296.0,-263.39,52.85137557339449,268.6402054793735,440.0,320.0,-13724.3,76.86345035190652,13724.515236612184,13912.0,408.0,13757.333845911464,76.67002112233737,13757.547486379975,13947.632917452338,409.32519454989233,106.75,11.298783120318754,107.34628545040579,135.0,342.06,11.487880570409843,342.25285243515503,374.0,97.0425,12.09651576901382,97.79351972395717,134.0,371.6125271178758,11.311153303975402,371.7846318771124,406.39020657491244,878.8725,419.8108815213703,973.9907840939769,3002.0,0.1770325,0.08456445141872558,0.19619289615070165,0.605,31.444100000000006,0.033484175366879684,31.39,31.49,0.09999999999999787,0.01749169144656251,31.7323,0.013899387844654602
700,2002939,2008758,912.33,55.912173093164604,914.041683951011,1052.0,316.0,-259.45,51.56023176829212,264.52364733611245,440.0,348.0,-13717.09,81.69633957528329,13717.333281655003,13912.0,492.0,13750.055402680086,81.57048012719379,13750.297353875661,13952.567649002816,495.1277736030388,106.59,11.585417558292837,107.21776904972421,134.0,342.7225,11.522824903208415,342.9161522879901,377.0,94.9825,11.62141100512326,95.69081721879064,130.0,371.6386721825438,11.338753829046272,371.8116055208605,399.15661086846603,901.8925,430.4612420924211,999.3532721215256,3002.0,0.18168750000000003,0.08671842274713026,0.20132171393071338,0.605,31.438100000000006,0.030990159728532522,31.39,31.49,0.09999999999999787,0.003437016669530774,31.7321,0.013267632614297186
701,2005844,2011633,911.2,59.76554191170695,913.1579052934931,1104.0,368.0,-259.75,50.86902299042119,264.6841891764599,396.0,304.0,-13718.94,78.08762001751622,13719.162233897521,13916.0,496.0,13751.843289725459,78.31739802099715,13752.066298560372,13952.567649002816,495.1277736030388,106.0375,11.37567992473417,106.6459446017522,137.0,343.1475,11.5460271847073,343.34169205035386,377.0,95.07,11.343284356834223,95.74432098041116,127.0,371.86463750872906,11.855014571964535,372.05355797250485,403.04590309293553,986.1325,456.3109739462223,1086.5896246973832,2528.0,0.19862500000000005,0.09192423170742305,0.21886515254832142,0.509,31.437200000000004,0.040424744897153406,31.35,31.49,0.13999999999999702,-0.024183796856105895,31.727400000000003,0.01509336025573875
702,2008835,2014532,911.66,57.301696309969735,913.459052174754,1104.0,364.0,-264.56,52.1828170952853,269.65726394814584,424.0,308.0,-13721.17,77.90732378923049,13721.391172909545,13936.0,496.0,13754.185214412906,78.02107167566457,13754.40650119081,13969.876735318749,496.8073003310401,106.165,11.068097171600908,106.74038598393768,137.0,342.395,11.351166239642515,342.5831067055117,378.0,96.6275,10.867554635243385,97.23670860328419,127.0,371.5806242477806,11.811527573928931,371.7683048620471,403.04590309293553,973.5475,443.3388576966269,1069.740191588593,2528.0,0.19610750000000002,0.08930193695407733,0.21548314899314053,0.509,31.429250000000003,0.049904283383291795,31.35,31.49,0.13999999999999702,0.007021239248727251,31.723050000000004,0.01718825442636777
703,2011710,2017387,912.22,53.91874998551061,913.8121032247275,1064.0,328.0,-261.91,51.79412997628206,266.982171689422,424.0,288.0,-13717.94,82.18075443800696,13718.186159984854,13948.0,508.0,13750.93619186233,81.9597909387582,13751.180442420207,13986.03474899158,512.9653140038718,106.45,11.10506641132776,107.02768333473354,138.0,341.4,11.435689747452928,341.5914738397315,378.0,97.3625,10.892937792441487,97.96995712972421,130.0,370.9586232374041,11.290365176100146,371.1303982429895,402.8163353192122,945.795,426.4518530561217,1037.4918626186907,2508.0,0.19052500000000003,0.0858999090511742,0.20899418652201787,0.505,31.43375,0.04001171703388811,31.35,31.49,0.13999999999999702,0.021137924960365942,31.723399999999998,0.017354912343660153
704,2014610,2020392,913.07,54.876726396533535,914.717595763851,1064.0,328.0,-261.98,51.44083591855793,266.98254624600463,400.0,284.0,-13722.55,82.18185627010381,13722.796083889027,13972.0,476.0,13755.596314846132,81.79451687901705,13755.839498918269,14002.62204017519,475.1678820565976,107.0575,11.644062596448027,107.68886896982436,140.0,341.235,12.169830524703293,341.4519439101204,379.0,97.355,11.372289787021785,98.01696281766743,130.0,371.0148465061452,11.900889547489673,371.20566738669277,408.9572104756193,959.2075,470.18621251983774,1068.2481464996793,3050.0,0.19320500000000002,0.09471928512715877,0.21517415039915921,0.614,31.448700000000002,0.03881120972090393,31.39,31.53,0.14000000000000057,-0.006918021445866335,31.719549999999995,0.013275469680508021
705,2017464,2023278,914.58,55.01475802000768,916.2331580989634,1056.0,304.0,-264.34,52.517086743268614,269.5063635612339,400.0,312.0,-13725.55,82.7707526847497,13725.799568695444,13972.0,456.0,13758.738749760652,82.45420446931769,13758.985815822327,14002.62204017519,451.9904681782609,106.8225,11.473490913841347,107.43690008558512,140.0,342.0775,11.521783444849152,342.27148215999534,379.0,95.8325,10.926776457400418,96.45342140121313,128.0,371.3067397201162,11.270427605813534,371.4777483241762,408.9572104756193,912.5925,445.0471845139007,1015.3285515043887,3050.0,0.18381250000000002,0.08964985969732467,0.20450949244472735,0.614,31.4478,0.04477901294133187,31.39,31.53,0.14000000000000057,0.0,31.721949999999996,0.012907905914117602
706,2020469,2026177,913.32,55.93511955828824,915.0312344395682,1052.0,324.0,-256.8,54.050346899904355,262.4265230497862,396.0,308.0,-13726.05,80.53072395055194,13726.286234812387,13960.0,444.0,13759.018659183052,80.55542348328906,13759.25447253593,13989.429723902258,440.5812119437596,106.9925,11.502714625252596,107.60904934065722,149.0,342.5575,11.002576686849313,342.7341498888023,373.0,95.3525,10.873970928322366,95.97052933062317,134.0,371.6739119750401,10.735485884214539,371.8289223554295,402.12062866756787,888.225,397.55404585414544,973.1355866476162,2477.0,0.1788925,0.08007874839025646,0.19599778697730239,0.499,31.448500000000003,0.0305900310558842,31.39,31.49,0.09999999999999787,0.017519271198317775,31.724300000000003,0.018878585818494206
707,2023355,2029192,911.36,55.25061447622099,913.0332305014972,1052.0,324.0,-254.35,55.40719718592522,260.31496307358134,404.0,288.0,-13727.2,82.17347503909032,13727.445950357991,13960.0,472.0,13759.9929514809,82.21833856243727,13760.23858368742,13989.429723902258,464.9281064673287,107.0775,11.899852677659501,107.736704516149,149.0,341.9725,11.987566214624218,342.1825426581549,373.0,96.275,11.11032740291662,96.91395668323526,134.0,371.41365032087765,11.845056155240652,371.60248249978093,402.38290222125494,911.04,415.65587737935334,1001.380891569237,2477.0,0.1834825,0.08372368060322002,0.20168163649673215,0.499,31.466150000000003,0.026574000451569275,31.43,31.53,0.10000000000000142,0.0034264176803151577,31.720649999999996,0.019404092274375142
708,2026254,2032098,912.9,56.30763713742569,914.6348779704391,1060.0,300.0,-258.06,54.13313587812921,263.67662012396926,408.0,292.0,-13715.33,88.07991314709615,13715.612821890241,13944.0,456.0,13748.323561160783,87.84450825907335,13748.604198244999,13967.344772718972,442.84315528404295,106.61,12.056446408457179,107.2895614680198,137.0,341.6625,11.920721192528578,341.8703957642428,372.0,95.9025,11.037571913695512,96.5355763436465,134.0,370.8963970402986,11.891074910417462,371.08696420111556,402.38290222125494,959.105,449.1396319353259,1059.0603429455755,2609.0,0.19318249999999998,0.090466536320067,0.21331589837609383,0.526,31.484700000000004,0.020196781921881186,31.47,31.53,0.060000000000002274,-0.0034223134839150536,31.723949999999995,0.01513175220561123
709,2029269,2034943,914.79,58.128271090752385,916.6349546029761,1068.0,308.0,-258.16,49.209495018746125,262.8082190495571,408.0,280.0,-13712.98,85.3852422846009,13713.245827301427,14016.0,584.0,13746.096186925783,85.07960851166881,13746.359478785645,14050.997971674467,580.6221788467119,106.1925,11.968518861997921,106.86483284972658,148.0,342.6125,11.503579605931364,342.8055680702984,373.0,95.775,11.500407601472219,96.46299808734953,134.0,371.6314574922883,11.442019146877648,371.8075577499736,399.8112054457704,935.275,454.4227430212973,1039.8265985249657,2609.0,0.18839750000000002,0.09153668386909153,0.2094578298846811,0.526,31.4756,0.03150618986802453,31.41,31.53,0.120000000000001,0.007049700387733997,31.728199999999998,0.012929731043689512
710,2032175,2037962,918.25,55.12837291268444,919.9033644899881,1068.0,296.0,-260.7,50.6089912960138,265.56686540304685,392.0,300.0,-13716.68,83.20491331646227,13716.932356762572,14016.0,584.0,13750.056670904452,83.20328668976639,13750.30840526859,14050.997971674467,580.6221788467119,105.6825,11.48636991176934,106.30487994443153,148.0,342.245,11.92874574295219,342.4528215681687,380.0,96.2575,11.713504759464607,96.96758478996989,134.0,371.2652128579383,11.811719669453753,371.4530589455416,409.0232267243512,920.0775,418.9023531728486,1010.9509322909792,2408.0,0.1853225,0.08438586074544716,0.20363055394512877,0.485,31.485349999999997,0.04090693706451326,31.41,31.55,0.14000000000000057,0.010368066355624456,31.7353,0.02347952769012518
711,2035019,2040848,918.95,52.801302067278606,920.4656864870086,1052.0,280.0,-261.34,51.817800030491455,266.42762619518265,392.0,300.0,-13714.82,85.6273764633718,13715.087301216861,13960.0,452.0,13748.256326177005,85.48935450658685,13748.522118395125,13992.5402983161,453.16187831468596,105.4825,11.53840083157107,106.11169822408837,137.0,342.2,11.715161117116573,342.4004745907926,380.0,95.995,10.708640203125698,96.59044983848041,128.0,371.0654204403608,11.745052295253956,371.2512525231396,409.0232267243512,917.6425,417.2388161398098,1008.0456276875566,2408.0,0.18483,0.08405570236456299,0.2030455367645396,0.485,31.49475,0.03544626214426646,31.43,31.55,0.120000000000001,0.0,31.7376,0.02216909271213364
712,2038039,2043737,916.17,54.00232494995007,917.7601647489391,1156.0,388.0,-260.26,50.20689594069723,265.05848411246905,384.0,248.0,-13709.38,85.03655449275918,13709.643729871319,13976.0,468.0,13742.621461427152,85.00757567361225,13742.884374104295,14013.505485780493,474.1270657790792,105.115,11.76867770822194,105.77175899076275,135.0,342.9625,11.908656252911157,343.1691893221185,380.0,96.0,10.872902096496592,96.61376713491715,126.0,371.6789633345948,11.904860961846929,371.86957054859977,410.3571615069,903.05,425.7683671904243,998.3877027487869,2319.0,0.1819075,0.08577064733199814,0.20111425235422775,0.467,31.471000000000004,0.034044089061098695,31.43,31.53,0.10000000000000142,-0.010530010530010304,31.73365,0.007734795903523919
713,2040925,2046637,915.11,56.605016562138736,916.8590076996571,1156.0,396.0,-258.98,49.382583974514745,263.64612646500234,424.0,288.0,-13714.23,83.3716204712371,13714.48341425954,13976.0,464.0,13747.371258664261,83.53751523598798,13747.625069080113,14013.505485780493,461.28706959489864,104.9025,11.98845251690142,105.5853091106902,138.0,343.415,11.634336036061532,343.61201958022366,380.0,95.93,11.189731900273573,96.58040691568864,126.0,372.03790630364966,11.534676987101971,372.21667412946454,410.3571615069,913.3,428.9831232111585,1009.0309261861105,2319.0,0.1839775,0.08642367727509633,0.20326527617869217,0.467,31.43535,0.038371571508083416,31.39,31.53,0.14000000000000057,-0.024509803921568728,31.729850000000003,0.014194407455315285
714,2043814,2049648,912.38,54.73221720339858,914.0201748320438,1068.0,308.0,-261.21,48.646643255213405,265.70126081748276,440.0,328.0,-13721.56,79.39197944377001,13721.789676277653,13972.0,500.0,13754.535071953667,79.41608399111112,13754.764336767097,14006.464221922677,500.6006064406956,105.395,11.692047511022182,106.04154846096883,139.0,343.1725,10.714837551265067,343.3397333545886,370.0,95.9725,11.252854915531437,96.62995136084878,125.0,371.9505114841772,10.823447078401937,372.1079547658179,402.82626528070386,924.6275,417.6714303657242,1014.5863381201227,2328.0,0.18625,0.08412355496530088,0.20436691268402524,0.469,31.42935,0.039275660401830725,31.39,31.49,0.09999999999999787,-0.0034281796366128856,31.72105,0.015148306108105039
715,2046714,2052542,907.67,54.46917568680473,909.3028758340095,1068.0,316.0,-262.78,51.66925197832846,267.8115755526635,440.0,344.0,-13714.26,81.12565808669906,13714.499944219622,13972.0,520.0,13746.98083471437,81.12588979980359,13747.220209191384,14006.464221922677,525.7675040226713,106.0075,10.998292765243159,106.5765100760951,139.0,341.99,11.341512244846363,342.17800922911454,369.0,96.7925,11.291122342353749,97.4488455549885,128.0,371.2313780376321,11.308579056657207,371.40358102743164,402.82626528070386,922.4375,407.34196456263874,1008.3741455927953,2451.0,0.185805,0.08204630994139833,0.20311350275154036,0.494,31.45585000000001,0.03371613115409227,31.39,31.49,0.09999999999999787,0.013726835964309934,31.714650000000002,0.00845910107383997
716,2049724,2055432,906.68,58.23690925864799,908.5483806600505,1072.0,356.0,-258.16,54.443864668114806,263.8384354107642,392.0,296.0,-13712.71,82.1029591427739,13712.95578786718,13940.0,488.0,13745.307889407748,82.08742525603205,13745.553001607464,13971.401075053282,490.70435715327585,106.445,11.565551219029727,107.07147145715332,138.0,341.9375,11.4640129862976,342.1296209041246,370.0,96.625,11.401507575755058,97.29534932359306,128.0,371.2908628464544,11.245339778563785,371.4611184229111,402.41023843833796,878.7725,414.19563704093986,971.4932488185391,2741.0,0.1770225,0.08343588552745156,0.19570005748593944,0.552,31.446100000000005,0.03468126295278113,31.39,31.49,0.09999999999999787,0.0035038542396635553,31.721900000000005,0.01275919246979197
717,2052619,2058412,915.12,60.298139274773646,917.1043997277518,1076.0,360.0,-257.57,54.12111510307229,263.1946048079253,424.0,312.0,-13716.46,81.35470730080712,13716.701262329803,13924.0,460.0,13749.604285784895,81.40874845915474,13749.845286402317,13957.243280820177,456.39234467544884,106.5175,11.87180246424274,107.17703811917924,138.0,342.595,10.946276764270124,342.769828018745,370.0,96.0675,11.97280016328678,96.81070447011528,128.0,371.7940215611452,10.935745580009986,371.9548158042856,402.41023843833796,862.5875,421.2267944275981,959.9422938385411,2741.0,0.173765,0.08482358030052728,0.1933631686749056,0.552,31.438050000000004,0.0337371827513791,31.39,31.49,0.09999999999999787,-0.010357327809424947,31.734650000000002,0.011476356866065452
718,2055510,2061307,920.81,57.68209340861339,922.614914251878,1104.0,340.0,-260.17,52.68938318105461,265.45169052013966,424.0,312.0,-13716.02,84.94939434745841,13716.283062112709,13948.0,488.0,13749.579258680686,84.7002317462363,13749.840141616192,13976.530041465943,482.7175335051179,106.785,11.445251198641296,107.39660143598586,136.0,343.2075,10.695767562451982,343.37412176807965,371.0,96.96,11.410670444807351,97.62911963138866,129.0,372.6282728704611,10.928529524927708,372.788495664767,403.343526042008,879.28,413.17068700477773,971.5159983242685,2222.0,0.1771275,0.08321992696313786,0.1957031106037919,0.448,31.438200000000005,0.03782538829939409,31.39,31.49,0.09999999999999787,0.006900120752113015,31.73565,0.020448051423485956
719,2058490,2064237,918.77,56.05396596138404,920.4783321730066,1112.0,360.0,-258.46,51.395995952992294,263.52062537873576,432.0,324.0,-13707.65,86.01486790084607,13707.919866996597,13948.0,488.0,13741.048562990283,85.87752641208266,13741.31691505585,13976.530041465943,482.7175335051179,106.905,11.511558321964928,107.52299754006117,141.0,343.995,10.91054421190804,344.16798224123056,371.0,96.8375,10.962941838302346,97.45607985138741,129.0,373.3513851704514,10.919051758519288,373.5110205870772,403.343526042008,873.115,398.8392994365024,959.8971767850971,2084.0,0.17588499999999996,0.0803611023754652,0.19337383483811868,0.42,31.432350000000007,0.03974264082820784,31.35,31.49,0.13999999999999702,-0.010440229685052848,31.719250000000002,0.02551597858023949
720,2061384,2067202,914.92,54.83970824138291,916.5620546367824,1112.0,364.0,-258.28,50.67940015430332,263.20516712253203,432.0,324.0,-13707.96,85.16946870798245,13708.224582344717,13948.0,460.0,13741.089246730986,85.1497115323564,13741.353068748362,13983.721965199395,462.7225938511365,106.3975,11.491496584431465,107.01627212718634,141.0,343.14,12.005432103843658,343.3499526721971,386.0,96.255,11.017711876791841,96.88351252922244,126.0,372.28090823757435,11.61950350947592,372.46219606827214,414.2414754705279,863.0125,404.49669633230627,953.1044814184854,2336.0,0.17381749999999996,0.08148551523890611,0.19196982184708095,0.471,31.434549999999998,0.04585081787711011,31.35,31.53,0.17999999999999972,0.010312822275696507,31.718100000000003,0.016280437081937823
721,2064314,2070102,915.06,53.73040480026184,916.6361110058888,1048.0,300.0,-259.22,50.4225306782593,264.0784731855287,408.0,284.0,-13712.13,80.45683998268886,13712.366040913581,13948.0,452.0,13745.271228271456,80.37724337684902,13745.506234402572,13983.721965199395,457.2779387747105,107.8175,11.752412252384612,108.45613168465857,145.0,343.4575,12.130259426327205,343.67164197821154,386.0,96.8325,11.203546034626715,97.47847198227925,126.0,373.14241665299306,11.820295866184496,373.3295896389677,414.2414754705279,902.485,445.7836299989043,1006.5794653180642,2786.0,0.181755,0.08979774482134839,0.20272768681164394,0.561,31.457900000000006,0.05151300806592415,31.35,31.53,0.17999999999999972,0.013821700069108205,31.73325000000001,0.007783891856332225
722,2067307,2073007,919.2,58.8924443371134,921.0846649467138,1104.0,340.0,-255.97,52.435475586667465,261.2855143325018,412.0,288.0,-13712.74,82.04006582152405,13712.98541091618,13944.0,444.0,13746.124482678633,81.83927359835364,13746.368100702091,13975.735544149367,430.0286227664892,108.7775,11.787620359936945,109.4143157909421,145.0,343.5225,11.457071779036736,343.7135035171007,370.0,96.6425,10.409596233764304,97.20150461798418,121.0,373.40400773966013,11.315675143791738,373.5754241113834,402.65245559911835,892.1875,445.23158282375925,997.1106746495095,2786.0,0.17969249999999998,0.08967445535797806,0.20082555240805391,0.561,31.476800000000008,0.029081953166869953,31.43,31.53,0.10000000000000142,-0.010526315789474083,31.728250000000003,0.012975299456658707
723,2070179,2075897,915.47,61.0855064642997,917.505727502559,1104.0,348.0,-258.28,52.87420543138214,263.6365680249992,412.0,288.0,-13710.07,84.14508363534972,13710.328216348433,13944.0,468.0,13743.266009965595,84.02487324794133,13743.52286715455,13975.735544149367,465.75227250909484,108.0525,11.431305426328176,108.65549917054359,148.0,342.3325,11.269292069602242,342.51793748649135,370.0,96.8075,10.333704260815672,97.35747274862881,129.0,372.1271547129672,11.15406765406258,372.29428212101243,401.69764749124437,889.75,441.6027485195263,993.3116580409193,2623.0,0.17921249999999997,0.08892413813892153,0.2000615467799847,0.528,31.475450000000006,0.016471111073634,31.43,31.49,0.05999999999999872,0.006995452955578725,31.725350000000002,0.012155116912967702
724,2073084,2078777,913.6,57.21048854886663,915.3895345698464,1068.0,316.0,-262.32,51.61683446318652,267.35010753691495,412.0,280.0,-13710.15,78.2757785013985,13710.37344932661,13904.0,428.0,13743.275374478928,78.33378097004658,13743.498615709173,13934.209988370349,424.2267167300761,106.415,11.71527955278917,107.05792824447893,148.0,342.6575,11.166252448785134,342.8393902398031,372.0,96.12,11.363344578072075,96.7893589192531,129.0,371.8215963668909,10.822567864275317,371.9790686315562,399.2931254103932,907.8725,425.5523777912068,1002.6601131490172,2623.0,0.1828675,0.0857109382969875,0.20195763788478016,0.528,31.4857,0.022349720356192822,31.47,31.55,0.08000000000000185,0.0,31.72755,0.01598863945051879
725,2075974,2081767,914.93,52.96201563384838,916.461608579432,1088.0,336.0,-260.17,54.03934770146657,265.7229384151846,416.0,304.0,-13715.67,74.66090744157881,13715.873205888132,13884.0,400.0,13748.824321344537,74.28418946777923,13749.024996704313,13917.483105791795,397.8819282422137,104.9525,11.59203363306025,105.5907311273106,141.0,342.51,11.321214599149686,342.6970528032011,374.0,95.79,11.407931451406954,96.46691142562821,131.0,371.1838397655892,10.913047093885053,371.3442304654806,399.2931254103932,924.0975,409.3555520494989,1010.7067613803719,2149.0,0.18615,0.08246388603503961,0.20359792484207692,0.433,31.4875,0.026186828750347706,31.47,31.55,0.08000000000000185,0.0,31.719949999999997,0.01620660776776975
726,2078855,2084637,912.84,54.1325632129128,914.4436560007401,1092.0,340.0,-256.69,53.84685598992758,262.27702911234906,416.0,304.0,-13716.45,76.76664314661674,13716.664817658846,13972.0,528.0,13749.402130028315,76.36246966145077,13749.614182223442,13998.133589875473,515.8447634187432,106.1625,11.464776218923769,106.7797616592208,138.0,342.415,11.40165667786923,342.6047722960087,374.0,96.375,11.403919282422162,97.04735957253037,131.0,371.5756839094465,11.386335109554985,371.75010087422976,405.09258201058185,933.2,449.24401498517483,1035.7038307354087,2780.0,0.18797750000000002,0.0904908392808355,0.20862438136517028,0.56,31.47065,0.040281230120243455,31.39,31.53,0.14000000000000057,-0.01383604289173267,31.7162,0.012726543610921815
727,2081844,2087562,912.84,53.576248468887776,914.4108923235768,1092.0,348.0,-259.1,52.65424959108239,264.39606653655045,400.0,280.0,-13715.29,77.63823735763197,13715.509741894393,13972.0,528.0,13748.282778377063,77.33489368072009,13748.50028330363,13998.133589875473,515.8447634187432,107.1025,11.203213545675187,107.68684924353578,141.0,343.2525,11.71510750057378,343.45235841379804,372.0,96.4775,11.563282135708702,97.16798598303868,126.0,372.6440745683384,11.575456323906668,372.8238156287766,405.09258201058185,912.4925,441.35183237837583,1013.624191946897,2780.0,0.18377749999999998,0.08889914506759894,0.2041500122458973,0.56,31.46375,0.04237850280507759,31.39,31.53,0.14000000000000057,0.0034977264777893624,31.7232,0.014008948089218107
728,2084714,2090457,913.06,54.33006902259558,914.6749805258696,1056.0,312.0,-259.85,49.42729509087059,264.50913027719855,400.0,280.0,-13722.76,77.5266560609962,13722.978991458087,13952.0,468.0,13755.753464535479,77.42365865904937,13755.971350653504,13984.110411463433,464.0092284101047,106.4775,10.87977452661589,107.03189945058435,141.0,343.11,11.862668333895202,343.3150084106432,373.0,96.8075,11.103397847055646,97.44217516045093,126.0,372.39604277870734,11.712699208942166,372.58019271024057,407.1130064245062,938.07,430.6607076342117,1032.2034537822474,2478.0,0.18894249999999999,0.08676055667035569,0.20791022702118334,0.499,31.4688,0.03745076768238497,31.39,31.53,0.14000000000000057,0.0,31.731400000000004,0.009605762681418138
729,2087639,2093452,913.22,56.56316469222704,914.9700322961403,1072.0,336.0,-257.4,49.32463887348796,262.08334552199227,396.0,304.0,-13722.75,80.08643767829857,13722.98369160293,13936.0,424.0,13755.714933539028,80.28640738898277,13755.949230787384,13968.005154638224,426.8613329368982,106.1225,11.075535822252574,106.69888706073742,137.0,342.34,11.800398298362644,342.5433184284872,374.0,96.3125,10.91832605072774,96.92939440644412,134.0,371.45035217878416,11.854149748387448,371.63945565561255,407.1130064245062,968.0975,435.3050516519995,1061.4627913874326,2367.0,0.19502249999999996,0.08768826599807981,0.21382938876590374,0.477,31.454500000000003,0.03877821553398214,31.39,31.53,0.14000000000000057,-0.017202821262687327,31.73335,0.018618380978905617
730,2090535,2096347,914.17,56.70812199323833,915.9271805116387,1072.0,336.0,-258.0,51.483589618440554,263.08660171129964,396.0,304.0,-13715.94,83.98235767112043,13716.197108528297,13972.0,504.0,13749.005244747601,83.99440399803858,13749.261808548123,14005.245874314382,505.9735976322045,107.1925,11.826894932736995,107.84297612733062,153.0,341.765,12.239884599129192,341.9841078178926,374.0,96.0275,11.121903782626426,96.66942381125482,134.0,371.1917772377739,12.036590508230132,371.38688048987404,403.82669550191946,1005.915,445.1996830356015,1100.030792750821,2351.0,0.2026525,0.0896764001493704,0.2216075190511369,0.474,31.438900000000004,0.04104619348977355,31.35,31.49,0.13999999999999702,0.0172057811424635,31.734950000000005,0.022220077172996358
731,2093528,2099321,916.49,57.35677728045745,918.2830282652511,1100.0,348.0,-257.44,53.909613242908726,263.02395328182564,424.0,312.0,-13717.98,84.71693809386646,13718.24158702565,13972.0,504.0,13751.198508089466,84.36320950500341,13751.45728859309,14005.245874314382,505.9735976322045,108.07,11.38947320994259,108.66850969807214,153.0,341.4375,12.329075137657325,341.660024732189,373.0,95.835,10.796424176550309,96.4412256247296,124.0,371.0779897283543,11.935369251238916,371.26988498934304,401.1795109424209,994.15,453.62982430611856,1092.755343157836,2251.0,0.20027999999999999,0.09136578462422353,0.22013583306676812,0.453,31.456200000000003,0.041298426120131106,31.35,31.49,0.13999999999999702,0.0,31.729650000000003,0.01629543964989737
732,2096426,2102237,918.45,56.86578496776423,920.2087371895575,1100.0,348.0,-261.31,54.999671817202696,267.03535346466765,440.0,328.0,-13717.74,79.2944663895281,13717.969176230132,13956.0,468.0,13751.164464922173,79.03276954319378,13751.391577582248,13989.84374465991,469.5869423650656,107.47,11.421650493689606,108.07522842909007,146.0,342.3,11.949686188348212,342.50851814225,373.0,95.15,10.759530658908872,95.75640970713135,129.0,371.5090896231454,11.942626485899183,371.70099542508626,405.1036904299935,920.1375,412.87653553302107,1008.523699523219,2251.0,0.18533999999999998,0.08314992122666143,0.20313745346439685,0.453,31.474800000000005,0.021376622745419363,31.43,31.49,0.05999999999999872,-0.0034417484081912877,31.72505,0.012118773108451577
733,2099426,2105102,921.06,53.28185807570903,922.5998482549193,1056.0,276.0,-262.74,54.03417807277169,268.2386996687838,440.0,320.0,-13716.31,78.79355240119587,13716.536313515888,13956.0,464.0,13749.920335532906,78.75078728883405,13750.145850862818,13998.09244147216,474.6005847067627,106.6975,11.911800609059908,107.3603627974496,146.0,342.7075,11.04658063610636,342.88548744442363,371.0,95.79,10.949698625989667,96.41379569335501,129.0,371.833716386529,11.489663101342446,372.01118934784745,405.1036904299935,888.13,390.38876533527446,970.1434352713005,2566.0,0.17888,0.078636350373094,0.19540145854112756,0.517,31.46675,0.02573786121650305,31.43,31.49,0.05999999999999872,0.010570824524312671,31.728050000000003,0.012712258011832187
734,2102314,2108007,924.78,53.33396291295069,926.3166629182485,1088.0,304.0,-259.71,54.14901568819142,265.29493021918074,404.0,284.0,-13715.35,79.33181896313737,13715.579432163995,13956.0,464.0,13749.15563938681,79.26111226766373,13749.38409966061,13998.09244147216,474.6005847067627,106.065,11.230128004613304,106.65786422013146,133.0,342.4625,10.66647053856148,342.6285707584818,372.0,96.54,10.971481212671332,97.16143782386096,130.0,371.6084472143238,10.851011886413039,371.76683889233584,401.0511189362274,896.645,379.3655677245893,973.5966772745272,2566.0,0.18062750000000002,0.07641612227632334,0.1961267893481153,0.517,31.458850000000005,0.027178622113712247,31.41,31.49,0.0799999999999983,0.0035130862462672712,31.7315,0.012575586006565043
735,2105179,2110882,919.0,60.668608027545844,921.0003691638783,1088.0,332.0,-262.06,52.230224966009864,267.2142211784395,412.0,292.0,-13712.75,82.65468831227905,13712.99910158241,13988.0,540.0,13746.240415782262,82.8487266911418,13746.490078561872,14021.402497610572,541.3906281795953,105.9925,10.975082858457151,106.55919716289158,135.0,342.5575,11.63880121619061,342.75516407488306,379.0,95.9875,11.432731246294562,96.66595833073814,131.0,371.5448147115143,11.607030670524495,371.72607185937335,405.913783949252,888.0625,374.8731433348487,963.942362125454,2239.0,0.17889499999999997,0.07551088646678702,0.19417856472844783,0.451,31.457300000000004,0.026357351915546643,31.41,31.49,0.0799999999999983,-0.014027704716815411,31.724899999999998,0.017225905769332486
736,2108084,2113912,915.6,59.142539681687666,917.5081471027927,1084.0,328.0,-259.59,52.233628057028554,264.7929757376506,412.0,308.0,-13712.1,82.73469647010255,13712.349595893476,13988.0,540.0,13745.312215584985,82.8254555691943,13745.561754981132,14021.402497610572,541.3906281795953,106.7275,11.232463832570305,107.31694880120288,144.0,342.39,11.855500832946705,342.59519115130615,379.0,96.255,11.639801329919683,96.95622723683096,131.0,371.6882521409773,11.693832578981533,371.8721588126758,405.913783949252,891.06,411.3308053136794,981.4178289597148,2239.0,0.17948749999999997,0.08284769063619093,0.19768536238174034,0.451,31.464400000000005,0.024385241438213703,31.41,31.49,0.0799999999999983,-0.0034317089910774834,31.715799999999998,0.015522963828310215
737,2110959,2116788,916.34,56.41670320038207,918.0750731830159,1072.0,308.0,-257.53,51.42702694109392,262.61462259364004,400.0,296.0,-13713.1,80.35714031746028,13713.33543963685,13956.0,500.0,13746.307773795901,80.12333042505259,13746.541279900192,13985.948376853104,495.38100553769254,107.1575,11.327298607788178,107.75452426696523,144.0,341.95,11.75127652640342,342.1518595594652,368.0,96.1175,11.16439401624647,96.76371995743033,127.0,371.3633291124663,11.464196025280122,371.54024008174406,399.006265614965,908.3725,424.99252198568155,1002.8754870371496,2903.0,0.18297249999999998,0.08560103237549183,0.20200611995679735,0.585,31.476550000000007,0.026685155049202686,31.41,31.53,0.120000000000001,0.02058672156459101,31.72465,0.01479610800278458
738,2113989,2119762,913.36,53.145746772437015,914.90489123187,1052.0,288.0,-257.7,50.300596417935246,262.56321143678906,392.0,268.0,-13708.24,83.0890028824513,13708.4918090941,13932.0,476.0,13741.247387096337,82.81501444837096,13741.49693737913,13958.693921710585,468.12655039517267,107.2625,11.153187604895741,107.84079701114973,139.0,341.5675,12.019585839370674,341.7789161139113,383.0,95.4575,10.600150647514402,96.04424761535695,127.0,370.85336890405864,11.607810840557889,371.0349882423489,408.9241983546584,933.2825,447.2111947321422,1034.8981000562326,2973.0,0.18798,0.09007960146448252,0.20844859078439462,0.599,31.485750000000007,0.02299864126421401,31.43,31.53,0.10000000000000142,0.0034644032565389875,31.7362,0.009261448919592545
739,2116865,2122692,914.04,52.261634111458854,915.5328503117734,1072.0,308.0,-259.25,55.47573794011216,265.1190675903942,396.0,288.0,-13713.63,84.06963244834606,13713.88768657524,13932.0,428.0,13746.714656747086,83.90557773353905,13746.970720853376,13962.185502277212,422.8100366214949,106.58,11.332193079894111,107.18075853435634,138.0,341.38,12.223567400722262,341.5987704895906,383.0,95.9125,10.893109920954622,96.52910182944831,129.0,370.62190661824485,11.606241194158258,370.8035901929753,408.9241983546584,952.275,450.262778136279,1053.3585548140766,2973.0,0.1918175,0.0906803958623362,0.2121718348414794,0.599,31.491450000000004,0.016759997016706885,31.47,31.53,0.060000000000002274,-0.010296893770379659,31.73545,0.012234037730773459
740,2119840,2125572,913.87,55.30698961252547,915.542047095599,1072.0,304.0,-260.11,56.87343756095635,266.2551407954408,436.0,328.0,-13720.77,82.84157832875954,13721.020083069627,13932.0,428.0,13753.859537674405,82.7585519616909,13754.108519275249,13962.185502277212,423.85827916726157,106.1525,11.400405420422555,106.76292661781055,136.0,340.6125,11.944762188926157,340.8218779656024,378.0,95.42,10.971946044344184,96.048737628352,129.0,369.6564682392963,11.71880919078874,369.84217579935364,405.3072908300565,947.8025,476.8769741702256,1061.0095322380473,3862.0,0.19092750000000003,0.09606366245230295,0.21373239693598162,0.778,31.47015,0.035706827078305074,31.39,31.53,0.14000000000000057,-0.017445917655268296,31.730900000000002,0.00934925244622555
741,2122770,2128502,915.02,54.45805358255103,916.6391220104017,1064.0,312.0,-259.02,53.660409987252244,264.51994253742004,436.0,344.0,-13713.18,81.53752265061773,13713.42240580374,13908.0,468.0,13746.327703260484,81.40537189502496,13746.56874132596,13945.353347979391,466.0625654493251,107.0375,11.964994515251563,107.70416658607039,144.0,340.6425,11.552259248735721,340.83833044421516,373.0,95.3475,11.02278294034678,95.98253747427185,123.0,369.9193400232055,11.970145228696078,370.1129591084322,405.28755223914783,966.5,499.6581531407248,1088.0167829587924,3862.0,0.19468249999999998,0.10066877218755577,0.21916997399278945,0.778,31.4555,0.02788816953476809,31.39,31.49,0.09999999999999787,0.0,31.73125,0.009574271077563179
742,2125648,2131373,918.18,55.22940883261381,919.8395512261908,1056.0,324.0,-259.7,53.40102995261421,265.133475819256,412.0,320.0,-13711.29,84.16992277530021,13711.548345828782,14004.0,564.0,13744.665970282438,84.35618151608712,13744.924830642036,14041.04041729102,561.749634760954,107.6275,11.900577454476737,108.28343594474642,144.0,341.38,11.732246161754363,341.5815422413805,376.0,95.625,11.814583149650266,96.35208871633246,125.0,370.87005653151937,11.932253278724739,371.0619591119521,407.2112473888706,918.2575,450.2736181409588,1022.7136292726327,2587.0,0.18497,0.09069034733641723,0.20600640766733447,0.521,31.45065,0.030603553715213533,31.39,31.49,0.09999999999999787,-0.013973799126637258,31.732,0.012015028183721957
743,2128579,2134382,917.99,54.60988829873212,919.6128968212657,1080.0,348.0,-259.71,51.17456301718657,264.7038345018825,412.0,304.0,-13715.35,83.86284934343693,13715.60638834463,14004.0,540.0,13748.691886768527,84.1783980915162,13748.949581695322,14041.04041729102,545.5306455187801,107.3825,11.431587542856853,107.9892703003405,138.0,342.0375,11.354562684225225,342.22591588013904,376.0,95.6125,11.245103100905744,96.2715040912938,128.0,371.3769807200365,11.296047595048938,371.54873502677947,407.2112473888706,917.3025,443.96929059761555,1019.0940130822082,2745.0,0.18477999999999997,0.08941301135740816,0.20527624070992725,0.553,31.441999999999997,0.04042276586281461,31.39,31.49,0.09999999999999787,-0.00689298638635174,31.7344,0.01072041595721614
744,2131579,2137277,918.18,52.40198087858893,919.6741161955141,1080.0,324.0,-260.87,55.58060003274524,266.7252518979034,424.0,308.0,-13714.15,79.92932815931835,13714.382921590019,13932.0,440.0,13747.540966145742,79.74424207810667,13747.772247167903,13965.098209464908,440.6439136347053,106.975,11.72984974328316,107.61616978874504,143.0,342.135,11.19606069115383,342.3181414999795,374.0,96.155,10.446098554005703,96.72075785476456,134.0,371.4808533852495,10.9467149486407,371.6421060644232,400.13622680282276,958.69,433.2642021907649,1052.047710420017,2745.0,0.1930925,0.08727307112592061,0.21189927442065487,0.553,31.446649999999998,0.03926547465649606,31.39,31.49,0.09999999999999787,0.0,31.72945,0.012771267092888151
745,2134459,2140187,915.82,56.677752249008606,917.5721443025611,1060.0,308.0,-261.43,55.144855607753655,267.1827090213736,424.0,308.0,-13714.1,79.960427712713,13714.333103727648,13928.0,416.0,13747.358625960816,79.92827547708313,13747.590978786066,13956.238461705934,411.56629882210837,106.81,11.39907452383745,107.41654900433173,143.0,342.125,11.302848092405737,342.31165624325445,374.0,95.5675,10.961999988596972,96.1941396343873,134.0,371.275086051616,11.122408793297502,371.4416475033461,400.13622680282276,943.0175,385.0961531796312,1018.6172257035515,2187.0,0.1899575,0.07758702013706932,0.20519161167065286,0.441,31.445999999999998,0.04424929377967463,31.39,31.53,0.14000000000000057,0.006983240223463538,31.72495,0.013636803364976326
746,2137354,2143172,916.67,58.570906600461626,918.5392969274641,1060.0,368.0,-261.18,50.76817507060895,266.06841225519423,400.0,304.0,-13715.49,82.25095683334024,13715.736624767917,13928.0,468.0,13748.78651708046,82.50641033618831,13749.034075163245,13956.238461705934,464.1548568656508,105.355,11.143337695681668,105.94267317752559,139.0,342.5025,11.075197233006733,342.68151759323115,371.0,95.2875,11.16354978266322,95.93921252543196,128.0,371.12721822675553,11.108235290548858,371.2934217031053,399.40205307434263,929.9925,407.722267534838,1015.4425131439002,2183.0,0.18734499999999998,0.08215367292458688,0.20456630954289615,0.44,31.4514,0.041012680965769134,31.39,31.53,0.14000000000000057,0.006875214850463931,31.733,0.015607979451433825
747,2140263,2146067,919.04,57.18424957975754,920.8173325909977,1072.0,380.0,-256.43,52.974853468414615,261.8447631708528,400.0,312.0,-13716.35,83.33161164888148,13716.603131971122,13940.0,480.0,13749.71767559641,83.26200448975784,13749.969771603137,13970.24323338717,478.15962854688587,105.8925,11.386875943383242,106.50296944217095,138.0,342.3025,10.999136045617401,342.479170899487,373.0,95.48,11.338853557569212,96.15092303249095,129.0,371.1627234038881,10.867279117097949,371.32178093938955,399.40205307434263,891.2175,424.9132148965833,987.3296675882884,2183.0,0.17951749999999997,0.08560481700085575,0.19888367831473755,0.44,31.4644,0.03403880138900319,31.43,31.55,0.120000000000001,0.0,31.734650000000002,0.015361231023142507
748,2143251,2148942,917.85,54.99215853192162,919.4959271252918,1080.0,344.0,-254.13,50.18907351207034,259.038607161172,392.0,304.0,-13721.89,83.37330448051102,13722.143283029805,13952.0,440.0,13755.1018370579,83.44754140383927,13755.354958706082,13982.22242706788,435.92020099895126,107.6575,11.958896008829578,108.31967734442344,138.0,342.475,11.144701655943958,342.6562855107141,378.0,95.59,11.853982453167374,96.32219370425489,129.0,371.8939914181358,10.922758217939057,372.0543609474293,401.49470731256224,870.6775,415.6100618292945,964.7854852245654,2468.0,0.17537999999999998,0.08371702694195488,0.19433652513102112,0.497,31.486250000000005,0.04092600029321265,31.43,31.55,0.120000000000001,0.02108592514496591,31.7274,0.01612109562997397
749,2146144,2151938,914.26,54.81325022291599,915.9016541092171,1080.0,348.0,-254.2,52.2803978561755,259.52048088734733,384.0,300.0,-13718.47,82.0786153635647,13718.715538999997,13960.0,444.0,13751.457647707266,82.43375105697125,13751.704721960838,13993.61282871582,443.1081886664324,106.965,12.21182930604584,107.65983466455816,154.0,341.9925,11.674221333776398,342.19169700622484,378.0,95.905,11.854997891184967,96.63493157238742,133.0,371.33746963022793,11.514822995580122,371.5159586074332,401.49470731256224,909.4225,416.4713303382959,1000.2487953004493,2468.0,0.18317999999999998,0.08390734532804622,0.2014828900924344,0.497,31.481700000000004,0.03667574130130196,31.43,31.55,0.120000000000001,-0.003451846738004759,31.7246,0.012050021058852585
750,2149019,2154807,912.32,57.693479700915944,914.1423959099589,1060.0,328.0,-254.02,53.50812648560964,259.59445294535857,388.0,304.0,-13712.97,77.55088071711371,13713.189284772525,13960.0,472.0,13745.856853326508,77.62298536309694,13746.076020450346,13993.61282871582,475.7662546493739,106.0225,11.567497298465211,106.65166430956434,154.0,340.7225,11.84611724363726,340.9283685761571,371.0,95.6425,11.17227343695096,96.29282164315262,133.0,369.78434528545944,11.77180877368328,369.9716712128106,401.86813757748945,933.245,449.02201502264893,1035.6481062600367,3404.0,0.187955,0.0904719457898414,0.20859591319103066,0.686,31.459400000000006,0.03126723524713956,31.39,31.55,0.16000000000000014,-0.013821700069108819,31.719300000000004,0.013188815798068495
751,2152018,2157712,910.77,57.97626324626312,912.6134121302404,1076.0,328.0,-260.76,50.54485532672935,265.6135538710327,404.0,292.0,-13715.5,74.2966351862586,13715.701230341816,13948.0,460.0,13748.394994066437,74.22349445418153,13748.595347889179,13980.927007891858,463.0804338254111,106.7175,11.660304187713114,107.35263154669288,146.0,340.5275,12.089426940512938,340.7420321885752,374.0,95.5975,10.478095902882357,96.17001871685375,125.0,369.7749400130025,12.036869957777753,369.9707995234218,401.86813757748945,890.8475,457.0370272130585,1001.2452808877554,3404.0,0.17941749999999998,0.09205432197213773,0.20165474827040397,0.686,31.45175,0.02894715011879346,31.39,31.49,0.09999999999999787,-0.007024938531787697,31.7159,0.015223975287647028
752,2154884,2160597,914.98,55.43356023204716,916.6576678346175,1076.0,312.0,-262.16,51.28015600600295,267.12828378889424,412.0,332.0,-13714.47,80.5313547632225,13714.706437981093,13940.0,520.0,13747.664740301445,80.65772295590224,13747.901348205842,13968.014891171902,510.0114731310223,107.5825,11.006506882294673,108.14405901389128,146.0,341.0525,11.73881355802195,341.2544615092966,374.0,96.425,10.77911754273048,97.02561517455068,130.0,370.7154211503145,11.566828491207113,370.89582769289814,400.9750615686716,843.9425,396.07399459412886,932.2625984667625,2144.0,0.169995,0.0797757167000084,0.18778302638950092,0.432,31.448100000000004,0.026464882391576395,31.39,31.47,0.0799999999999983,0.0,31.72295,0.012872908740786384
753,2157789,2163547,920.29,52.91838905333381,921.8101973833876,1068.0,312.0,-258.51,51.25055999694052,263.5413440050726,412.0,348.0,-13714.25,86.95664149448275,13714.525676085193,13964.0,544.0,13747.721003500721,87.00465450253674,13747.99631219037,13994.368581683133,536.3651636422528,107.1425,10.831536998505797,107.68861360422466,139.0,341.1425,11.275069567412878,341.32877479052365,374.0,96.825,11.218037930048196,97.47268848246671,130.0,370.7875435944954,10.940407449461636,370.948911576783,399.6873778342268,853.105,392.87178439664,939.22115606496,3099.0,0.17186,0.079141774051382,0.18920697661555716,0.624,31.445600000000002,0.031058654188485996,31.39,31.47,0.0799999999999983,-0.006946856547412148,31.723700000000004,0.009301952256890485
754,2160675,2166473,912.78,52.42014498263048,914.2839821412164,1068.0,312.0,-258.57,51.077148510855615,263.5665380885821,428.0,364.0,-13717.51,80.70439826923933,13717.747402543904,13964.0,476.0,13750.471313959113,80.7153268442413,13750.708211579504,13994.368581683133,477.2108922870375,106.9925,11.599243240401504,107.61941042395651,139.0,342.225,12.03741562794938,342.4366364745455,376.0,96.41,11.016664649520743,97.03738970108377,133.0,371.63821806676214,12.086247232360734,371.8346978161129,404.2647647272762,878.345,403.5153602714524,966.5994956547412,3099.0,0.1769325,0.08127882838568726,0.19470839093372425,0.624,31.446100000000005,0.025783521869596704,31.39,31.47,0.0799999999999983,-0.006898930665746662,31.723100000000002,0.01186346722659887
755,2163652,2169337,911.85,55.65049415773412,913.5466052698133,1080.0,320.0,-251.77,57.41765495037219,258.23423475596724,428.0,368.0,-13715.72,76.47484292236238,13715.933199020765,13956.0,444.0,13748.534590652971,76.63190992470489,13748.748155377638,13991.10688973535,445.8358330159608,107.54,11.743653605245687,108.17931872590066,141.0,341.745,11.659115532492162,341.9438257959924,376.0,96.175,11.39799872784692,96.84805109035494,142.0,371.2976057861152,12.08213298629914,371.49413185136586,404.2647647272762,873.605,407.814582837593,964.1049890961046,2676.0,0.1759575,0.08213863703367619,0.1941849569353919,0.539,31.439600000000006,0.032677821224799466,31.35,31.47,0.11999999999999744,-0.021108179419524618,31.72485,0.016159527400717053
756,2166549,2172237,915.34,58.11131043093074,917.1827734971912,1080.0,320.0,-250.67,56.52142160278703,256.9632658572038,400.0,340.0,-13712.62,79.62471726794388,13712.851175448526,13944.0,456.0,13745.660433791418,79.75561987180092,13745.89181246528,13978.067963778112,452.85949958060155,106.56,11.855648442830953,107.21748924499212,141.0,341.5475,11.59602275566929,341.74429402698155,381.0,95.6575,11.266995773053258,96.31875466387633,142.0,370.70569804848606,11.80425492712989,370.8935898610274,407.14862151307847,916.08,431.74246212296515,1012.721146219432,2676.0,0.1845175,0.08696616982338591,0.20398485850670386,0.539,31.435950000000002,0.04685720328828825,31.35,31.53,0.17999999999999972,0.0,31.728900000000003,0.02676903908686404
757,2169415,2175237,912.67,54.98209799562035,914.3246469389305,1080.0,336.0,-255.07,48.94134346337461,259.72285228681744,400.0,316.0,-13713.43,81.55927353771611,13713.672530726406,13904.0,416.0,13746.331414005237,81.43989398811271,13746.572656484233,13939.51390831115,414.30544411363917,106.0675,11.775310770845921,106.71912902568124,137.0,341.935,12.325411757827808,342.1570691948363,381.0,95.56,10.714308190452615,96.15877495059928,130.0,370.8829933277473,12.359116483396944,371.08886065200073,408.54130758100825,909.4375,427.5378884891373,1004.9205005869867,2397.0,0.1831875,0.08611119174503393,0.20241738438187568,0.483,31.44185,0.0393773729443699,31.35,31.53,0.17999999999999972,0.020611473720370567,31.72205,0.027923947915147792
758,2172314,2178147,911.18,53.513807564029676,912.7500862777281,1080.0,336.0,-256.68,51.782020045571805,261.851102728249,420.0,308.0,-13714.47,80.38270398537237,13714.705565924483,13904.0,404.0,13747.305380627387,80.13895290886028,13747.538960846774,13939.977044457426,404.9144291608118,107.0425,11.218988089395584,107.62881816688316,146.0,341.145,12.053172818805844,341.35786207439253,377.0,95.5425,11.048900114943569,96.17924672194101,124.0,370.4260504057278,12.00588109274826,370.6205606816762,408.54130758100825,884.47,416.404225602959,977.5886967431651,2165.0,0.17817,0.08384760640590762,0.19691361049963002,0.436,31.45395,0.028625120087083906,31.41,31.53,0.120000000000001,0.017143836790673998,31.71385,0.01358819700123431
759,2175315,2181028,917.82,53.422538314834874,919.3734388158057,1068.0,296.0,-257.5,54.861917574944464,263.27947128479275,420.0,308.0,-13712.77,77.9728613044308,13712.991680884226,13920.0,444.0,13746.077748366351,77.78801879124396,13746.297844874452,13947.65127180917,436.12552524746025,107.855,11.087784945605682,108.42342920236382,146.0,341.2225,11.40955712330676,341.41319907115485,377.0,95.7275,10.627475887998994,96.31561399897734,122.0,370.7637342161953,11.382591535433809,370.93841806963053,401.8880441117899,899.49,404.42247081486454,986.2250224974015,2033.0,0.1811925,0.08144977252116792,0.19865746273422502,0.41,31.476600000000005,0.027467071194432088,31.41,31.53,0.120000000000001,0.0035007876772273016,31.715349999999997,0.008864193975601469
760,2178224,2184073,917.14,58.352552643393416,918.9944504729068,1088.0,320.0,-260.02,52.884020270777455,265.3434001440398,420.0,304.0,-13709.15,80.41789290947631,13709.385863706659,13948.0,516.0,13742.47979142908,80.42302010816071,13742.71511310629,13981.721782384315,519.8057226252131,108.1425,11.019173914137122,108.70244937442762,131.0,341.305,10.894814133338853,341.47884268282274,367.0,95.3975,10.327850393474918,95.95492431345043,122.0,370.8247577567755,10.97128226912124,370.9870213363265,399.9412456849131,890.3175,393.16952665962043,973.2664216441457,2380.0,0.1793325,0.07919341477515666,0.19604015532538227,0.479,31.470450000000007,0.029030974837231934,31.41,31.53,0.120000000000001,-0.010258163788682214,31.713800000000003,0.010480199734077626
761,2181105,2186962,914.55,58.11933843394985,916.3948712209165,1088.0,320.0,-262.46,51.6328228939693,267.4905605811166,420.0,296.0,-13705.81,78.3288190897833,13706.033823101416,13948.0,516.0,13739.017162834312,78.11094253807782,13739.239204555686,13981.721782384315,519.8057226252131,107.555,10.74951045396952,108.09084142516423,132.0,341.8,10.983396560263133,341.97642462602596,377.0,94.505,11.45905646203037,95.1971900845818,132.0,370.9055073869601,11.09570142089658,371.071435171181,403.4972118862781,913.065,399.98180680500957,996.8315504637682,2478.0,0.183915,0.08056204301654718,0.20078588097772213,0.499,31.460800000000003,0.024522642598218784,31.41,31.49,0.0799999999999983,0.0,31.711649999999995,0.014994652346669602
762,2184149,2189848,917.31,52.53497787189027,918.8131257225269,1072.0,316.0,-261.56,53.31159723737416,266.93774555128016,388.0,272.0,-13704.94,75.23241588570714,13705.146490278752,13960.0,464.0,13738.299273597468,75.14458777151373,13738.504781816688,13985.90719259927,462.1982338853177,108.535,10.647712195584552,109.05604063966379,138.0,342.2075,11.674092844842379,342.4065675479955,377.0,94.9075,11.400392262988149,95.58976148102892,132.0,371.67232600258416,11.51356086659463,371.8506151668974,403.4972118862781,924.275,410.9450077260947,1011.5137542317455,2478.0,0.18619500000000003,0.08278518572184276,0.20376939171524266,0.499,31.463500000000003,0.0222204860432885,31.41,31.49,0.0799999999999983,-0.010528162835584966,31.710849999999997,0.018306154380987205
763,2187038,2192843,918.95,55.863203452720114,920.6464033492989,1048.0,292.0,-261.16,55.44379496390917,266.9804487223737,388.0,272.0,-13714.35,77.56157231516134,13714.5693231687,13960.0,472.0,13747.80815992234,77.787389548348,13748.02822516742,13985.90719259927,466.5906418264458,108.7225,11.204708552657673,109.29834170745684,140.0,341.7275,12.153116627022058,341.943537005746,372.0,96.035,10.609607674179097,96.6192786145705,127.0,371.56596986373245,12.063375946386492,371.76174493887885,403.15753744659173,934.635,428.5972314131299,1028.220876076731,2387.0,0.18826500000000002,0.08633188735919076,0.20711568023691496,0.481,31.460850000000004,0.02394321406996094,31.41,31.49,0.0799999999999983,0.0,31.712,0.017571907404278803
764,2189925,2195732,916.89,59.01430250371515,918.7872223752353,1064.0,336.0,-261.35,53.33795552887268,266.737248992337,400.0,304.0,-13724.65,79.7757952013015,13724.881850128984,13968.0,480.0,13757.95642595393,79.59586391884238,13758.18667266875,13997.255159494664,477.93860872183905,107.5025,11.743721460848771,108.14204778900758,140.0,341.6925,12.175300560971792,341.9093483659083,378.0,96.36,10.954469407506691,96.98066817670417,126.0,371.2887629425001,12.108241516750775,371.4861437523612,409.60102538934154,949.5075,426.75593135157476,1041.0019776638276,2305.0,0.19125,0.08596634515902139,0.2096825576913826,0.464,31.452900000000003,0.037169745761841594,31.35,31.49,0.13999999999999702,0.013776476666092352,31.70935,0.015269590728061324
765,2192920,2198592,915.84,56.895469063889436,917.605579756357,1100.0,372.0,-258.42,53.63863905805217,263.928020490436,440.0,344.0,-13715.67,83.30096698118216,13715.92295837214,13968.0,536.0,13748.866433572082,82.89989019814175,13749.116357060915,13997.255159494664,532.9075703984872,106.745,11.562438107942459,107.3693857670798,136.0,341.6975,12.078534420615773,341.9109131045688,378.0,96.125,11.375164833970539,96.79571271497514,130.0,371.0179401304807,12.097751912442869,371.21512294086295,409.60102538934154,908.9325,426.736016693869,1004.1224614059781,2371.0,0.1830925,0.08598289913552577,0.2022768461786964,0.478,31.456400000000002,0.037696684204316155,31.35,31.49,0.13999999999999702,-0.010578279266572413,31.71405,0.02896021815506466
766,2195810,2201570,920.48,54.392734808979775,922.0856793161902,1100.0,344.0,-256.09,53.533838831154256,261.625610367181,440.0,328.0,-13711.6,81.64508558388557,13711.843073781147,13960.0,528.0,13745.060124691046,81.56352510851636,13745.302122543542,13991.530009259173,527.182420162997,107.2725,11.404527335668059,107.87702489408947,136.0,340.8475,11.578179638872424,341.04409172422265,371.0,95.705,11.42203900361052,96.38417919970061,130.0,370.2742560446614,11.636593598323913,370.4570622892753,401.2094216241687,902.2375,454.3205543377385,1010.1681407072784,2371.0,0.18175,0.0915377381193134,0.20349992628991295,0.478,31.447650000000003,0.029214337233624925,31.39,31.49,0.09999999999999787,-0.01736111111111074,31.722300000000004,0.028011991703518004
767,2198670,2204467,917.96,56.40282262440418,919.6911655550465,1064.0,292.0,-256.56,51.7448200306079,261.7261163888694,384.0,272.0,-13712.43,77.00918841281215,13712.646240605785,13944.0,440.0,13745.728733659604,77.07723817536072,13745.944831840407,13976.838555267068,441.25227317348435,108.235,11.01452563663093,108.79400259205468,135.0,340.5875,11.553455922363664,340.78340261814395,370.0,96.235,11.226966420186711,96.8876669138028,127.0,370.44339115350243,11.330333211924954,370.6166246945757,400.1074855585684,895.3325,443.7035744094812,999.2462897103997,2627.0,0.1803575,0.08937941426161843,0.20128961100861614,0.529,31.44365,0.02754410100184734,31.39,31.49,0.09999999999999787,0.0,31.715700000000002,0.016253320462759346
768,2201650,2207367,914.36,55.92021459186294,916.0683817270411,1060.0,296.0,-258.28,53.597776073266324,263.7826377910419,472.0,356.0,-13710.06,77.77606572718886,13710.280606902252,13944.0,572.0,13743.162593274592,77.7098115942259,13743.382294035191,13976.838555267068,566.2600442556959,107.235,11.397358246541168,107.83897718357682,139.0,342.405,11.685502770527249,342.60434177050354,375.0,96.72,11.209442448221946,97.36739700741722,125.0,371.95984738990074,11.543913100927222,372.1389391074253,403.4860592387301,877.515,424.3162791774551,974.7188722908775,2695.0,0.17676999999999998,0.08545719454791387,0.1963429779747674,0.543,31.459600000000005,0.02353380547212831,31.43,31.49,0.05999999999999872,0.010495014867937507,31.7076,0.013954455096584682
769,2204544,2210262,912.64,56.69982716023039,914.3996062991279,1084.0,320.0,-259.28,51.7938374712668,264.40257184830864,472.0,340.0,-13715.27,81.07716756276085,13715.50963982017,14036.0,664.0,13748.260317318622,81.10664117088405,13748.49955595155,14061.30292682723,650.7244158158574,105.995,11.502172620857332,106.61725939077594,139.0,343.6225,12.33247719438394,343.84373267517907,375.0,96.15,11.425738488167845,96.82649430811797,144.0,372.5855703490584,12.292895007559853,372.7883078906848,407.7376607575023,895.6025,415.4914012272095,987.287669577616,2695.0,0.18041249999999998,0.08368958921962756,0.19887839877673996,0.543,31.454950000000004,0.03197651481947269,31.39,31.49,0.09999999999999787,0.0,31.70895,0.01632678504098173
770,2207444,2213217,913.53,56.76353671151931,915.2918441677496,1092.0,304.0,-257.52,51.63186612935852,262.64500756724846,396.0,268.0,-13716.74,85.25404623828713,13717.00493839672,14036.0,628.0,13749.75202884254,85.3532971854361,13750.016946898648,14061.30292682723,614.0191862348565,106.115,11.654259950764784,106.75305616234132,136.0,342.9575,12.461167431264215,343.18381007850587,374.0,95.9875,11.13136755973856,96.63077925795693,144.0,371.9570324362574,12.52262038125131,372.16777130751126,407.7376607575023,878.1075,403.18657088716384,966.2464450128653,2056.0,0.1768725,0.08120126996389897,0.19462149804171172,0.414,31.464250000000003,0.03768205806481354,31.39,31.53,0.14000000000000057,-0.010393209769616963,31.710050000000003,0.017938840681953713
771,2210339,2216107,916.79,54.379186275633074,918.4013283962519,1092.0,348.0,-257.18,51.01889453918029,262.191685604254,400.0,296.0,-13715.7,85.40673275567916,13715.965908385746,13956.0,548.0,13748.913338578688,85.48852702593966,13749.179112950707,13989.276464492365,541.9927238999917,106.6125,12.229363996136511,107.31161400333143,140.0,342.42,11.585275137000416,342.6159292852567,369.0,95.8625,10.675607418315831,96.45510613751871,124.0,371.567785872314,11.93421559827788,371.75939127344185,399.9874998046814,870.8775,409.76981647474963,962.4650240398349,2067.0,0.1754175,0.08251117011502139,0.19385404948053056,0.416,31.4703,0.031841953457663254,31.43,31.53,0.10000000000000142,0.0,31.712049999999998,0.017821096450463654
772,2213320,2219002,918.62,54.17541508839595,920.2161050535901,1072.0,328.0,-259.89,49.43791965687877,264.5504110750917,456.0,352.0,-13715.39,78.69833479813916,13715.615782020142,13944.0,472.0,13748.770901016973,78.73748376068676,13748.996359007446,13987.019124888619,481.3071480989456,107.2775,12.34080604134106,107.98498738250609,142.0,342.0775,10.914966502468069,342.2515923995095,369.0,96.225,11.067943575931348,96.85943423332597,125.0,371.5535664698316,11.251988426424711,371.72390291720546,399.9874998046814,895.7975,409.8728967542865,985.1136749126975,2329.0,0.180445,0.08256995201040146,0.19843939880981296,0.469,31.468100000000003,0.02638920233731915,31.43,31.49,0.05999999999999872,0.010559662090812869,31.705499999999994,0.016686704746240604
773,2216184,2221902,915.52,54.458879900343156,917.1382883731329,1056.0,288.0,-260.78,52.320087920415425,265.9766907080393,456.0,392.0,-13716.52,77.48631879241651,13716.738863155484,13932.0,444.0,13749.720594753962,77.42639213312601,13749.938591862874,13972.570844336413,450.7904881850827,107.9575,12.267261053307703,108.65223191448945,142.0,342.6,10.817347179415108,342.77073241453974,370.0,96.1975,11.104886030482259,96.83634390041789,127.0,372.2314513888676,10.867685905337183,372.39006431428857,399.5560035839782,900.7625,403.28761584475916,986.9214672404285,2329.0,0.18143,0.08126161516977126,0.19879712020046972,0.469,31.467950000000005,0.026206821631017577,31.41,31.49,0.0799999999999983,0.0034977264777893624,31.696899999999996,0.009519272102076903
774,2219079,2224892,915.18,55.18521178721706,916.8423201401646,1064.0,296.0,-257.9,52.43577023368685,263.17659470401236,408.0,344.0,-13712.73,78.3437751196609,13712.953795590503,13956.0,468.0,13745.866715636053,78.17797623977897,13746.089027792596,13984.715656744687,462.93530059335717,107.57,11.883816726961081,108.22444271050787,140.0,342.7525,11.61728211545196,342.94932205793907,383.0,95.84,11.063652199884087,96.47647381615893,127.0,372.14985767967283,11.788169026580906,372.336511102524,409.56318193900194,894.995,423.19862355045535,990.0066287656866,2242.0,0.18029250000000002,0.08523586066762041,0.19942551867802677,0.452,31.468550000000004,0.027256146095880254,31.41,31.49,0.0799999999999983,-0.013762257010149373,31.7008,0.009980431982453802
775,2221979,2227757,919.47,55.429226045471715,921.1392294327715,1076.0,324.0,-256.0,50.57667446560717,260.9482707357916,408.0,292.0,-13702.34,86.54134503230233,13702.613286523121,14044.0,632.0,13735.746812220794,86.38211948284872,13736.018431845525,14073.417779629794,629.564760498708,107.0225,11.799660747241846,107.67101513406475,140.0,342.6475,12.132734388834201,342.8622354532502,383.0,95.6575,11.71495598583281,96.37218218967546,131.0,371.8666151545608,12.26287215499848,372.06875372704974,409.56318193900194,899.0,435.09586874618793,998.7539311562183,2242.0,0.18111750000000001,0.08760527206595503,0.20119202891764873,0.452,31.469050000000006,0.028637344499795454,31.41,31.49,0.0799999999999983,0.0,31.70135,0.015452327853440573
776,2224970,2230627,917.91,59.280957313457755,919.8222654404491,1080.0,328.0,-254.21,51.7845140944665,259.4308385678156,400.0,272.0,-13698.11,88.14435829932621,13698.393591950846,14044.0,632.0,13731.410330804674,87.9470697100383,13731.691970037778,14073.417779629794,629.564760498708,107.63,11.778501602495965,108.27257270426338,138.0,341.5425,11.924688413120068,341.7506071684438,378.0,96.1275,11.372829188464936,96.79792094874766,137.0,371.139952945004,11.891186987859802,371.3303987017492,404.9802464318476,910.06,417.7817269819254,1001.3744429532841,2218.0,0.18331250000000002,0.08411634706613216,0.20169043730430058,0.447,31.478700000000003,0.03063184617354946,31.41,31.53,0.120000000000001,0.014141771256849619,31.700550000000003,0.01784639275416256
777,2227835,2233532,916.99,56.94014313294269,918.7561373944666,1088.0,332.0,-257.14,53.354478724845585,262.6169834568968,400.0,272.0,-13712.59,79.05094496588895,13712.817856297808,13944.0,500.0,13745.844186681374,78.8775980738,13746.070495963566,13979.444338027173,505.57214032543015,107.92,11.100837806219854,108.48942344763383,138.0,340.395,11.635032230294852,340.5937903133291,372.0,96.235,11.174738251968142,96.88162880546548,137.0,370.16898086087997,11.621557916969554,370.3513669476596,404.9802464318476,918.8825,410.64281765757215,1006.4653856442357,2015.0,0.18508500000000003,0.08270869225782741,0.20272440652274706,0.406,31.484150000000003,0.03409952345708096,31.41,31.53,0.120000000000001,-0.010531858873090875,31.7029,0.01536816355742642
778,2230704,2236552,917.67,56.702478781795776,919.420143351232,1108.0,364.0,-262.69,51.74634189969374,267.73815566706213,400.0,272.0,-13720.51,77.83225488189328,13720.730757507052,13944.0,500.0,13753.887904557792,77.69909175055302,13754.107373435761,13979.444338027173,505.57214032543015,107.55,11.654720073858488,108.17964226230367,141.0,341.6725,11.9163855153314,341.8802385339053,377.0,95.52,11.318992888062084,96.18830490241524,123.0,371.072326731123,11.935276886220455,371.26422194981296,400.9713206701946,909.51,399.9509343657044,993.5638832002701,2113.0,0.18318,0.08056846529505202,0.20011544168304454,0.426,31.476050000000008,0.03980449095265518,31.41,31.53,0.120000000000001,-0.0034199726402188053,31.703899999999997,0.01837482204575103
779,2233713,2239442,918.98,59.04641902774461,920.874975227365,1108.0,364.0,-258.47,52.61804918466667,263.7714920153427,400.0,284.0,-13716.14,80.74193705875528,13716.377647177844,14024.0,520.0,13749.549988173781,80.47982797162469,13749.785521236323,14064.685421295422,530.7068488282712,107.35,11.815561772510014,107.99828702345236,141.0,341.48,11.6367779045576,341.6782185039017,379.0,96.18,11.37113011094324,96.8498580277741,129.0,371.02099977056537,11.443239456119606,371.19742725401534,400.9713206701946,910.2025,421.44432786994537,1003.0373435221642,2138.0,0.18334250000000002,0.0849037407523956,0.20204731500319423,0.431,31.485100000000006,0.03432185892401576,31.41,31.53,0.120000000000001,-0.0034910106475824006,31.7035,0.020464530106532743
780,2236629,2242347,914.99,56.22935087656624,916.7161174540349,1072.0,320.0,-255.43,55.739708467124224,261.4410067300078,400.0,284.0,-13716.1,80.28343540232942,13716.334956539957,14024.0,532.0,13749.187540456667,80.0403482698528,13749.420514334413,14064.685421295422,541.8963598628652,107.6075,11.730449426599137,108.2449883366431,137.0,340.9325,11.030772581736965,341.11090205386284,379.0,95.97,11.491044338962407,96.65549648105896,129.0,370.53652099617307,10.890206979327498,370.6965200807798,400.14497372827265,911.7725,432.89545590563773,1009.3203492945141,2553.0,0.18369,0.08719013074884106,0.20333257240294778,0.514,31.473150000000004,0.03401584189756334,31.43,31.53,0.10000000000000142,0.0,31.7027,0.01747780547467311
781,2239519,2245302,913.04,52.65091072336736,914.556810701227,1072.0,320.0,-259.63,54.237100770597976,265.23461312581355,400.0,296.0,-13713.25,81.47488876948529,13713.49203230162,13940.0,448.0,13746.27247650863,81.3651128023127,13746.51327719142,13973.89909796117,451.1100365286129,107.7275,11.500141031743915,108.33959340887338,134.0,342.235,10.850335248276894,342.4069581652803,377.0,95.275,11.500190215818172,95.9665566747083,127.0,371.581275970213,10.81331810076729,371.7385808602599,405.5453118949842,893.6,412.4692655216871,984.2011252787714,2553.0,0.1800075,0.08307076768484808,0.19825098360411733,0.514,31.464350000000003,0.02692726313608513,31.43,31.49,0.05999999999999872,0.0034584125886217487,31.702149999999996,0.012797928247124196
782,2242423,2248237,916.37,51.292719756316295,917.8044018199084,1072.0,300.0,-257.88,53.867853122247226,263.4460855659085,388.0,284.0,-13711.61,86.52518650658895,13711.882999792553,13920.0,424.0,13744.817300764405,86.61136534820295,13745.090183771075,13952.381875507852,424.3836496061358,107.8975,11.055179498768892,108.46237827007114,142.0,342.61,11.17823331300613,342.7923059229889,377.0,96.1125,12.006866525034747,96.85957619151552,131.0,372.19010604313286,11.267429325338771,372.3606182184147,405.5453118949842,868.6275,418.9952968038544,964.4017796022569,2584.0,0.17496750000000003,0.08439737225619054,0.19425895732243598,0.52,31.464850000000006,0.036884651279359804,31.39,31.53,0.14000000000000057,-0.01375988992088034,31.702899999999996,0.009582251764182391
783,2245404,2251142,916.86,53.75630567663668,918.434537678108,1072.0,280.0,-253.33,54.694342486220634,259.1670503748499,404.0,300.0,-13709.56,86.03793581903275,13709.829974146287,13960.0,444.0,13742.732694216895,86.17177787462518,13743.002855271478,13984.958777200596,435.8150404178177,107.7275,11.238249140769215,108.31210689484348,142.0,341.94,11.000745429287962,342.1169098422351,372.0,95.985,11.16377064436564,96.63203402598954,131.0,371.46559934809267,11.249488920050366,371.63590044558396,402.94664659232495,884.065,430.7493943988778,983.4205433078973,2584.0,0.17806,0.08675477739006654,0.19807007598322368,0.52,31.456400000000002,0.04184542985799008,31.39,31.53,0.14000000000000057,-0.0034855350296269733,31.701749999999997,0.013318444067568285
784,2248314,2254147,911.67,54.36626803450831,913.2895926265667,1056.0,284.0,-254.23,57.23938416859496,260.5940137455195,448.0,344.0,-13711.56,80.0972309134342,13711.793945359594,13960.0,444.0,13744.413869317146,79.92314384721375,13744.64624208277,13984.958777200596,435.8150404178177,108.66,11.124046026513914,109.22792683192334,140.0,341.3225,10.792056974923733,341.4930709399533,370.0,95.4425,10.626932471320217,96.03229925394892,120.0,371.0183045527691,10.76464986837442,371.1744333867838,401.80592330128735,903.305,414.6207085698928,993.9166237668027,2098.0,0.181925,0.08351583307972207,0.20017891996911163,0.423,31.481500000000004,0.040764567948158366,31.39,31.53,0.14000000000000057,0.01371506943253871,31.7021,0.01721426231552362
785,2251219,2257032,913.59,54.98647015402971,915.2432463558526,1056.0,312.0,-254.5,54.8115863663879,260.33547587680016,448.0,344.0,-13710.8,79.92296290804039,13711.032941394313,13968.0,444.0,13743.780599906002,79.7740662584297,13744.012117282202,13997.997571081372,437.69904929358745,110.185,10.846002719896395,110.71752345496174,146.0,341.405,10.812306645670017,341.5761701290065,368.0,95.6575,11.828998002789586,96.38611155140558,128.0,371.6253103787707,10.842563621320533,371.78344839435766,401.80592330128735,900.745,389.75185692309407,981.45201869475,2098.0,0.18142,0.07850833458939248,0.1976784636727026,0.423,31.489600000000006,0.028597902020953237,31.43,31.53,0.10000000000000142,0.003440564252537343,31.70145,0.014779837922742829
786,2254226,2259932,921.59,58.949401184405595,923.473421382554,1116.0,372.0,-255.07,51.242707773887204,260.1663314112724,420.0,316.0,-13706.8,81.03233922330023,13707.039522814544,13968.0,612.0,13740.336077721038,81.15806354071488,13740.57575795134,13997.997571081372,608.9447293005178,109.785,11.537060934224106,110.38953754772234,146.0,342.0825,11.487849831452358,342.2753387260029,383.0,96.135,11.539140999225204,96.82504841207155,128.0,372.26843145118494,11.382550016335525,372.442408299592,406.86484242313196,914.9775,390.52456003912226,994.8332812587242,2402.0,0.18429,0.07865145198914003,0.20037179192690774,0.484,31.477700000000006,0.026470927448807045,31.43,31.53,0.10000000000000142,0.0,31.6969,0.009519272102076903
787,2257109,2262792,918.38,58.32885735208603,920.2304493984102,1116.0,348.0,-257.33,53.465793737678666,262.825645628428,420.0,328.0,-13710.35,83.77420545728859,13710.605939928402,13968.0,612.0,13743.711109833188,83.79480561322328,13743.966554092016,13998.976534018479,609.923692237624,109.1625,12.378856722250243,109.86212950785179,156.0,341.3875,11.876545952001365,341.59402439152825,383.0,96.615,11.203203782847119,97.26237710440763,132.0,371.58737675810136,11.787978369203316,371.7743065355647,406.86484242313196,912.58,417.19226215259556,1003.4199718961149,2578.0,0.18381500000000003,0.08402806540079333,0.20211053906216767,0.519,31.48035,0.0301641757719322,31.43,31.53,0.10000000000000142,-0.0035192679922575357,31.695500000000003,0.012415125385829097
788,2260009,2265683,913.3,53.052332653710906,914.8395706352015,1092.0,324.0,-258.46,52.49712754046644,263.73759686476257,420.0,328.0,-13711.39,85.72787119717835,13711.657996026594,13968.0,496.0,13744.407619705415,85.51691869871196,13744.673657821055,13998.976534018479,490.86696976042185,108.8675,12.512990999357427,109.5842484118954,156.0,340.4725,11.14245232208781,340.6547775974968,377.0,96.565,11.32456511306284,97.22677100469808,132.0,370.6503809396978,11.212720867699588,370.8199428294007,405.0987533923056,907.5625,423.88799357112015,1001.6739601786602,2578.0,0.18282000000000004,0.08538760214457365,0.20177758795267625,0.519,31.469049999999996,0.0418580637392605,31.39,31.53,0.14000000000000057,0.0035248501938666852,31.6921,0.016069710295223746
789,2262869,2268572,916.03,55.038523781075384,917.6819710553324,1068.0,296.0,-260.63,52.773886534914226,265.9193110701064,420.0,284.0,-13708.09,84.18142253490375,13708.348476749488,13912.0,440.0,13741.346005166373,84.14990373263198,13741.603663328382,13943.796326682343,435.6867624242859,108.96,12.336668918310162,109.6561671772272,140.0,340.85,10.9159287282393,341.0247498349643,377.0,95.755,11.849471507202336,96.4853874946875,125.0,370.82803790371077,10.878938573410053,370.9875806546629,403.78954914658203,936.3125,433.7525502446643,1031.9023076338187,2934.0,0.1886025,0.08737854138030687,0.20786031968608149,0.591,31.4617,0.040038856127516606,31.39,31.53,0.14000000000000057,0.0,31.690549999999998,0.021161688084992747
790,2265760,2271558,919.64,57.98094859520669,921.4659624750119,1068.0,336.0,-258.88,54.447273577287596,264.5436825932534,408.0,316.0,-13705.1,86.94452254167597,13705.375783246514,13968.0,560.0,13738.589180482375,87.03775004386699,13738.864881786996,13999.82228458633,554.4608539664732,108.4425,11.916026760208288,109.09522216852578,140.0,341.505,11.543828437741094,341.7000512145118,373.0,95.5875,12.121977716115468,96.35306170537602,125.0,371.23523754281297,11.357966654785049,371.40894577271564,404.149724730823,911.09,420.6427307109918,1003.5064997298224,2934.0,0.1835025,0.08472948125505077,0.2021194015922272,0.591,31.47595,0.02737877827807522,31.41,31.53,0.120000000000001,-0.003449465332873331,31.69585,0.01933162640464159
791,2268649,2274467,918.99,57.762789925695245,920.8035403928462,1076.0,344.0,-260.74,54.27497029018072,266.32896950951465,404.0,312.0,-13712.88,86.73284037779462,13713.15428630481,13968.0,560.0,13746.34003316983,86.8703198591836,13746.614519946355,13999.82228458633,554.4608539664732,107.7675,11.911693571864582,108.42380965452192,141.0,342.185,11.979598282079412,342.39463342756994,373.0,95.62,11.35321980761405,96.29164034328214,126.0,371.6427878824528,11.98022182424602,371.83583407197324,404.149724730823,891.985,409.9863531570289,981.6954975958686,2583.0,0.179645,0.08257671569516434,0.19771504747995283,0.52,31.499399999999994,0.024241287094542922,31.47,31.53,0.060000000000002274,0.0,31.699849999999998,0.017798017405286568
792,2271634,2277333,917.24,57.78981225094956,919.0586923586545,1092.0,340.0,-259.77,50.2878424671411,264.59274366467423,388.0,256.0,-13720.55,80.51818117667587,13720.786255896563,13960.0,484.0,13753.841270708535,80.64725757670593,13754.077710991749,13997.065406720081,492.41968756106326,108.2925,11.825055760967896,108.93620839739191,141.0,341.3725,11.975338982676023,341.5824827183033,384.0,94.5575,11.89313641349497,95.30250521366162,135.0,370.7963354069078,11.76159635457369,370.9828264219248,408.81536174659584,933.025,435.1725685001296,1029.51970112281,2583.0,0.187925,0.08764981103801651,0.2073603023724647,0.52,31.492749999999997,0.03503480412390005,31.43,31.53,0.10000000000000142,-0.007018775223723934,31.699049999999996,0.022680023338757717
793,2274545,2280243,912.54,55.24299412595229,914.21061030815,1092.0,336.0,-254.5,48.41311805698947,259.06385313277497,404.0,272.0,-13713.01,76.74464085524149,13713.22474839525,13960.0,484.0,13745.89111439995,76.84784356409529,13746.105925679462,13997.065406720081,494.95949689993904,108.7725,11.38093773596886,109.36627679499746,141.0,340.0025,11.479873420469408,340.1962485095919,384.0,94.275,11.45139183680307,94.96794195937912,135.0,369.5847828875756,10.975803293772756,369.74772480706355,408.81536174659584,921.5575,423.16546018519756,1014.0696388808808,2357.0,0.18564250000000002,0.08523244507668427,0.20427360940659955,0.475,31.4873,0.03917537491843625,31.43,31.53,0.10000000000000142,0.0,31.694899999999997,0.018570194676572453
794,2277414,2283222,914.2,53.33854141237835,915.7546833077078,1064.0,296.0,-252.72,49.572992647206604,257.5361722166422,404.0,292.0,-13710.53,76.4635802196052,13710.743216908411,13920.0,444.0,13743.489680165336,76.8276720256002,13743.704416204535,13955.089680829715,452.9837710095726,108.8375,11.25193733318845,109.4175831390915,140.0,341.7875,11.326621020851716,341.9751270194954,368.0,95.41,10.85872460282514,96.02593399701978,125.0,371.501708909587,11.254122678221112,371.67213374155455,400.33111295526356,953.1375,429.0547151515177,1045.2554914947827,2421.0,0.191995,0.0864440858300902,0.21055797301455959,0.488,31.49645,0.029654637074158333,31.43,31.53,0.10000000000000142,-0.003443526170798825,31.6989,0.013085031337859864
795,2280319,2286122,915.94,56.136230724907065,917.658629338819,1056.0,312.0,-256.61,51.87126275694472,261.8001527883435,396.0,284.0,-13706.98,78.97391721321667,13707.207505542476,13920.0,416.0,13740.157585330297,79.0177846456585,13740.384793738493,13955.089680829715,412.9179199931241,108.72,11.070302615556631,109.28215773858055,140.0,342.5225,11.209571523925435,342.7058760803497,368.0,96.62,11.089661852374038,97.25433152307409,127.0,372.4475287557821,11.45211001129553,372.6235533349979,402.08829876035935,1066.715,485.4252298500769,1171.9720751792681,2431.0,0.2148575,0.09778533731470174,0.23606295240888606,0.49,31.48565,0.017890709879711857,31.47,31.53,0.060000000000002274,0.006892986386352352,31.699849999999998,0.01297684461803386
796,2283299,2289022,916.57,56.81439166267646,918.3291566753176,1068.0,324.0,-258.27,52.36417764082617,263.52495138032,424.0,308.0,-13700.43,80.48313550055067,13700.666396931209,13916.0,432.0,13733.703401220786,80.15264996618895,13733.937292706705,13952.993657276564,429.0190935619448,108.205,11.090896041348508,108.77191733163482,137.0,340.5175,11.486500500587635,340.711179006501,366.0,95.975,11.588329258352992,96.67207456137476,135.0,370.2984349857136,11.832013654961763,370.4874188147284,402.08829876035935,1305.2025,659.1858815946758,1462.2173547390278,4328.0,0.2629075,0.13276723595733247,0.29452927273872115,0.872,31.462200000000003,0.035059378203271,31.41,31.53,0.120000000000001,-0.006989341254586607,31.6983,0.015417660673773401
797,2286198,2291882,914.94,57.69572254508994,916.7573288498979,1068.0,308.0,-254.96,51.44587835774602,260.0985966897938,424.0,328.0,-13706.99,80.86024919575749,13707.22850323872,13916.0,432.0,13740.076210980806,80.71081984063133,13740.313261348883,13948.571826534788,431.51356669141387,109.1325,11.533427233480948,109.74025013640164,138.0,339.47,12.047369007380823,339.68370582057656,365.0,95.635,11.791809657554687,96.35922374116554,135.0,369.54478256206414,12.235039074589688,369.7472684145212,408.52172524848663,2034.7975,1172.6368455296595,2348.5054902000975,6764.0,0.40987750000000006,0.23620022754804873,0.4730645965404725,1.362,31.460650000000005,0.03369833081919622,31.41,31.53,0.120000000000001,-0.007037297677692241,31.7097,0.029429155407009015
798,2289099,2294878,913.76,58.244505320244585,915.6144166623852,1068.0,308.0,-254.09,52.761272729152395,259.51007687563884,404.0,308.0,-13709.04,83.35969289770686,13709.293437664832,13964.0,560.0,13742.032353975645,83.47803475520462,13742.285901552188,13993.87637504348,559.2286312431224,109.18,11.994273633697041,109.83685629150172,148.0,340.3325,11.94746599702213,340.54214496887164,383.0,96.4975,11.008632692119399,97.12341375796055,125.0,370.57525654137237,11.83318381907618,370.76413661518023,413.3896467015109,2476.205,1175.5801133801983,2741.09098809215,6764.0,0.498795,0.23680378581222047,0.5521525921337326,1.362,31.470550000000003,0.02739885946531293,31.39,31.49,0.09999999999999787,0.0,31.707849999999997,0.028921768128507674
799,2291959,2297757,918.97,58.61483685893871,920.8374232186701,1128.0,364.0,-252.31,53.94612034243056,258.0126353495115,420.0,312.0,-13711.24,82.80134298427774,13711.490013853345,13964.0,560.0,13744.54928066161,82.67739391386033,13744.797942494462,13993.87637504348,559.2286312431224,107.8975,12.067186654311767,108.57019618661467,148.0,341.715,11.540744126788358,341.90982729368864,383.0,96.3875,10.931026655808685,97.0053477907275,125.0,371.436563428192,11.607512595500726,371.6178884284232,413.3896467015109,2049.1725,1026.6900982008883,2291.9861457914617,5546.0,0.4127825,0.2068133946187964,0.46169380816727446,1.117,31.47035,0.03553698777330436,31.39,31.53,0.14000000000000057,0.0,31.710099999999997,0.014782974695646373
800,2294954,2300648,917.92,56.336787270841064,919.6471932214005,1128.0,364.0,-254.19,55.45271769715169,260.16833012494044,420.0,312.0,-13710.7,81.28609967269928,13710.940956768794,13924.0,476.0,13743.973258934244,80.86716082779293,13744.211161067047,13962.65533485662,480.7314365400289,108.1625,12.110577762848475,108.83837788206878,141.0,341.565,12.081422722510789,341.77859792561617,378.0,95.575,11.648578239424758,96.28224135322152,125.0,371.1854985771586,12.247373025515872,371.38749642388336,407.49110419737997,1444.51,790.8946231325638,1646.8525875135272,4162.0,0.290985,0.1593061981688095,0.33173895610856435,0.838,31.469300000000004,0.031040457470855622,31.43,31.53,0.10000000000000142,0.007024938531787697,31.710149999999995,0.018970429435899463
801,2297834,2303537,913.99,55.471793733392104,915.6717970976282,1048.0,268.0,-256.54,51.75739947099352,261.7089986989366,412.0,296.0,-13709.52,82.87297267505251,13709.770478020411,13924.0,476.0,13742.558834761372,82.64183639145983,13742.807318739502,13962.65533485662,480.7314365400289,108.7475,12.050466536611768,109.41312764015112,141.0,341.9675,12.298432572893182,342.18857739556415,379.0,95.2325,11.317616522483874,95.90264594889966,125.0,371.6391930604628,12.07819031842301,371.83541049770935,411.9101843848972,1049.155,503.5800095069303,1163.7521385587224,3276.0,0.211345,0.10144548277276814,0.23443100264256858,0.66,31.468800000000005,0.03238147618623948,31.43,31.53,0.10000000000000142,0.0,31.706500000000002,0.018563715383027195
802,2300725,2306527,912.15,53.822091189399174,913.7365265764524,1048.0,276.0,-257.09,50.153882202676996,261.93640449544233,404.0,272.0,-13715.53,83.32622096315181,13715.78311435406,13968.0,488.0,13748.43004646272,83.08319638212332,13748.681084380421,13997.043116315674,481.6231820332032,109.3025,11.938843903410413,109.95259205675872,140.0,341.2025,11.952049771901052,341.4117711796124,379.0,95.4325,10.556772411584896,96.01462128238595,130.0,371.1188909482633,11.880500045496028,371.3090054119345,411.9101843848972,943.325,411.3966144428026,1029.130327023745,2270.0,0.19002,0.08286923192596876,0.20730390734378354,0.457,31.461800000000004,0.031792451934382175,31.43,31.53,0.10000000000000142,0.0,31.711600000000004,0.013033213788399549
803,2303719,2309407,914.83,54.84552032755274,916.4725636918979,1084.0,312.0,-257.97,56.01070522676893,263.9805295850434,424.0,332.0,-13717.08,86.8637645972128,13717.355030763038,13968.0,524.0,13750.196999169053,86.71334408458983,13750.470418134792,13997.043116315674,524.0199960208083,109.6175,11.782028422559504,110.24886620732207,140.0,340.0375,12.409314797763814,340.26385717557486,372.0,95.1125,10.782385809736173,95.72171906103651,130.0,370.04575363756044,12.770775810808496,370.26605637028086,403.87250463481666,916.925,397.919783844684,999.5457018065757,2633.0,0.184685,0.08013719969527261,0.20132193124446227,0.53,31.465600000000006,0.038634699429399115,31.39,31.53,0.14000000000000057,-0.007032348804500554,31.706549999999996,0.015482142676471704
804,2306604,2312394,915.81,56.89783739299764,917.575784336095,1084.0,336.0,-260.43,56.91058864569932,266.5756928153803,448.0,356.0,-13717.36,84.28042714652081,13717.61891000038,13964.0,520.0,13750.599225523834,84.24618106040033,13750.857299819527,13995.60731086722,522.5841905723555,109.3625,11.237486095653244,109.9383349883015,143.0,341.145,12.295892606883,341.36651856911806,377.0,94.3825,11.402245118835149,95.06875143810399,127.0,370.8075842722142,12.543542011918273,371.0196827662921,410.035364328493,869.9075,388.0425736227276,952.5314154924235,2633.0,0.1752175,0.07815033713139055,0.19185579871351296,0.53,31.466000000000005,0.042895221179054394,31.39,31.53,0.14000000000000057,0.0,31.7042,0.016644898064540243
805,2309484,2315312,917.45,55.203781573366875,919.109329731779,1100.0,352.0,-264.49,54.80036404988565,270.1074600969029,448.0,348.0,-13712.79,76.05508464264568,13713.000910085291,13964.0,476.0,13746.21151737759,76.04524650298895,13746.421860251488,13995.60731086722,476.0238853322462,109.125,10.846629660867011,109.66273295883155,149.0,341.9225,11.579788156525144,342.1185284371485,377.0,95.0075,11.623572761849086,95.71589470929058,127.0,371.60696079675074,11.865988682035491,371.7963622737587,410.035364328493,903.12,392.03138343760185,984.5376275186236,2233.0,0.18191499999999997,0.078956176294195,0.19831072840368472,0.45,31.45790000000001,0.027849416510942682,31.39,31.49,0.09999999999999787,0.013726835964309934,31.71035,0.01494777877229772
806,2312493,2318207,916.62,53.71494764029841,918.1925288304191,1100.0,336.0,-263.09,51.42306778090938,268.06842410101194,396.0,300.0,-13710.93,76.90315403154801,13711.145669126268,13892.0,400.0,13744.255407898694,76.79220303844443,13744.469933758814,13925.321971143074,395.92228009986866,109.085,11.497729123613933,109.68926565530467,149.0,342.0875,11.760945699645076,342.28961056392,373.0,95.5225,10.830950731584,96.13458014679213,134.0,371.876356742958,11.989382618976855,372.0695768267005,402.61520090528126,920.2275,393.7396674755415,1000.9243615278829,2344.0,0.185345,0.079289759584703,0.20159274540518565,0.472,31.466600000000003,0.03181886233038475,31.39,31.55,0.16000000000000014,0.014000700035002072,31.708099999999998,0.023145827341191496
807,2315389,2321118,915.59,56.850258574609846,917.3532580200498,1100.0,336.0,-260.41,48.49610190520471,264.88722128483283,404.0,308.0,-13712.99,85.04269457160915,13713.253698521004,13952.0,464.0,13746.194342218254,84.67789538512577,13746.455151783677,13988.15498913277,467.61713000897,109.765,12.371126666557092,110.45994749229243,144.0,342.5125,12.115066807492232,342.72669505015216,373.0,95.4725,10.99223561201269,96.10321274546445,134.0,372.4886543258508,12.288913642663244,372.6913132875517,402.697156682289,889.5775,409.9971329091827,979.5130307964259,2344.0,0.179175,0.08257462912420498,0.19728722715877983,0.472,31.473100000000002,0.03470432249734891,31.39,31.55,0.16000000000000014,0.0,31.7079,0.029997326530833635
808,2318283,2324122,917.9,59.82499477643103,919.8475091013727,1100.0,336.0,-258.63,52.47478537354869,263.89975369446637,416.0,360.0,-13708.62,86.22537677505387,13708.891170331757,13972.0,512.0,13741.981533545777,86.04168575071604,13742.250894231265,14001.560484460295,504.3293610039,109.2825,12.026956961343132,109.94231441988111,145.0,342.3625,12.60063862468883,342.5943045352622,382.0,95.59,11.421554184960995,96.26993300091155,126.0,372.2460656198564,12.607007199870827,372.4594877298738,411.80213695414454,891.0625,415.20973446410187,983.052136206417,2185.0,0.17947749999999998,0.08365102804957032,0.19801431135147782,0.44,31.466550000000005,0.029446519318927927,31.41,31.55,0.14000000000000057,-0.02055146429183096,31.708999999999996,0.0229852300837949
809,2321194,2326998,918.23,56.93177583740033,919.9932391055926,1064.0,288.0,-258.72,54.50395948919675,264.3987897097867,416.0,360.0,-13707.19,87.7465891074975,13707.470852057282,14032.0,576.0,13740.575531994798,87.3812883053948,13740.853373790145,14060.079089393488,570.2357989768061,108.725,11.28580413617036,109.30917161885365,145.0,342.3175,11.91938311113457,342.52495164586185,382.0,95.6875,11.17250391586416,96.33754460229926,129.0,372.0393507337277,11.8102288557988,372.2267588446591,411.80213695414454,917.2675,437.67823905667274,1016.3374968483648,3112.0,0.1847575,0.0881809145663051,0.20472226918437572,0.627,31.461100000000002,0.043689701303625345,31.39,31.53,0.14000000000000057,-0.006891798759476076,31.708050000000004,0.009871226000699614
810,2324199,2330027,919.13,56.70276095570655,920.8773859749191,1084.0,344.0,-258.23,52.45900399359485,263.5046109653491,392.0,296.0,-13720.18,86.60373894930865,13720.453324872324,14032.0,576.0,13753.575756816945,86.2738749401654,13753.846344932024,14060.079089393488,570.2357989768061,108.125,11.714280814458906,108.75771237020389,145.0,342.3425,11.67840715808453,342.5416361553731,378.0,96.5925,11.575899263124226,97.28367026382176,129.0,372.13929132533434,11.809862483445979,372.3266375106675,409.20532743355136,935.9125,441.34114338428725,1034.7532133315653,3112.0,0.18852,0.08891026150000911,0.20843422223809602,0.627,31.4685,0.05182422213598613,31.39,31.53,0.14000000000000057,0.0,31.7165,0.016865976191202017
811,2327075,2332938,915.74,55.001203623193554,917.3902550169148,1084.0,348.0,-255.99,51.015682882815554,261.02390695106834,364.0,268.0,-13720.08,82.37228660174488,13720.327270149208,14000.0,492.0,13753.194593644865,82.202368199748,13753.44025180609,14031.403065980252,490.31359725581024,108.0175,11.91185097917196,108.67231708213458,145.0,341.845,12.145409626686126,342.0606890597047,384.0,95.6725,11.1467593384804,96.31966310157028,127.0,371.4208592099261,11.798743312752793,371.6082143871419,409.20532743355136,997.77,439.8240410664247,1090.4082538205587,2213.0,0.20097500000000004,0.0885818794957524,0.2196308266159375,0.446,31.476750000000003,0.04127272101521808,31.41,31.53,0.120000000000001,0.0,31.711949999999998,0.01876373348338688
812,2330103,2335862,914.89,54.93421429309789,916.5377679070295,1080.0,344.0,-256.88,51.755826725113764,262.0419813693981,392.0,288.0,-13710.15,83.73181892208002,13710.405684734496,14000.0,492.0,13743.251431155402,83.49622772910726,13743.505066757898,14031.403065980252,490.31359725581024,107.7475,12.239025441186076,108.44038684918087,147.0,341.0775,11.613849221941878,341.27517123283377,384.0,94.565,10.072525750773735,95.099921135614,123.0,370.33160276518987,11.24984414850247,370.5024358894284,408.7664369783801,1187.385,572.2636077674345,1318.0928552268235,4195.0,0.23917000000000002,0.11525739065240026,0.2654930413400698,0.845,31.475150000000003,0.03256497351449879,31.43,31.53,0.10000000000000142,0.017364125716270433,31.707749999999997,0.012741403313449544
813,2333016,2338743,918.96,59.37843379544462,920.876365208707,1076.0,328.0,-256.54,54.81996351695248,262.3318509064425,408.0,304.0,-13707.75,81.27076657691866,13707.990917709276,13952.0,452.0,13741.151993438662,81.1675625892733,13741.391715543226,13980.434328017138,444.48811062989444,106.8925,12.056987341371807,107.57033745415137,147.0,341.28,11.449305655802887,341.47199738777994,372.0,95.3275,10.966323164579823,95.95620094605664,126.0,370.47096008837934,11.548278278358353,370.6509071889613,398.55865314906913,1322.1725,639.6727505090006,1468.782266879608,4724.0,0.266305,0.12884710697179041,0.2958376750855104,0.952,31.468900000000005,0.028996379084292482,31.43,31.53,0.10000000000000142,0.0069844595774400465,31.7137,0.01584100196825899
814,2335939,2341747,919.62,57.0537956668967,921.3881266871198,1076.0,328.0,-253.91,53.939891546053374,259.5761930532151,408.0,320.0,-13705.74,77.78182564069836,13705.960709122144,13952.0,476.0,13739.128608009334,77.71700315552734,13739.348413953261,13983.228239573293,475.33958145947145,107.3125,11.177425631602297,107.89303731010634,145.0,341.3675,11.966095593383832,341.5771618536579,372.0,96.7225,12.126231638476975,97.47967736918297,132.0,371.05480721021996,11.682574467406932,371.2386732278845,399.0451102319135,1197.475,587.4792203771976,1333.8209062689039,4724.0,0.24119,0.11834423898103362,0.2686595894435931,0.952,31.466150000000003,0.02345586280655618,31.43,31.53,0.10000000000000142,-0.010330578512397087,31.70835,0.01571288442145791
815,2338820,2344612,916.45,51.95919071733123,917.9217613718503,1064.0,308.0,-255.73,54.23695326988786,261.4182090061823,408.0,320.0,-13705.41,75.56170921836008,13705.618294699441,13948.0,472.0,13738.602173479108,75.5182022766386,13738.809725736797,13983.228239573293,475.33958145947145,107.8925,11.2485974125666,108.47729025007953,145.0,341.34,11.7881041732757,341.54348917817185,371.0,97.1075,11.886797034945957,97.83231827979955,132.0,371.29125287100857,11.543203258921997,371.4706448698201,399.0451102319135,1044.0325,488.35232818504096,1152.6022113027548,2517.0,0.21030000000000001,0.09836531400854674,0.2321676657073504,0.507,31.474050000000002,0.025545987943315206,31.43,31.53,0.10000000000000142,0.0,31.7054,0.012297074656713095
816,2341828,2347527,913.64,53.86158556893773,915.2262671055721,1052.0,296.0,-255.08,53.193548480995325,260.5673809209434,408.0,292.0,-13707.71,77.4025574512884,13707.928530598632,13944.0,436.0,13740.700787429358,77.3366041293109,13740.918421997854,13976.00515168766,443.81301589532086,108.76,11.549562762286719,109.37152280187014,141.0,342.4275,11.431742813324659,342.6182679017568,371.0,96.235,10.625195292322866,96.81978103672823,130.0,372.2754393653408,11.596324648028782,372.4560074693386,401.81338952304714,930.725,435.6936072230117,1027.656530656036,2256.0,0.1874575,0.08776399144153597,0.20698510212090143,0.454,31.474950000000007,0.022638407629513416,31.43,31.53,0.10000000000000142,0.0,31.708050000000004,0.019854041336550776
817,2344689,2350427,911.7,52.41822202249901,913.2056504424401,1080.0,308.0,-251.72,51.41596639177367,256.91741863875245,396.0,256.0,-13708.63,84.60001832151102,13708.89104340683,13944.0,476.0,13741.41536983411,84.54817376427637,13741.675471353557,13976.00515168766,474.9805979732264,108.4525,11.63111102818643,109.07441267318382,144.0,341.5775,11.692903563700506,341.77757752667156,368.0,96.0175,10.249253326462373,96.56297168169587,126.0,371.33794155562896,11.902968588898169,371.52866309344154,404.63810992045717,857.385,402.54526052979435,947.180935724532,2144.0,0.17268999999999998,0.08109080650727307,0.1907814325347202,0.432,31.458350000000006,0.02057370895098844,31.41,31.47,0.05999999999999872,-0.010456605088880919,31.700200000000006,0.021049172648180577
818,2347604,2353423,909.51,52.177388780965266,911.005444550141,1080.0,316.0,-256.65,53.08500259018549,262.0825060930241,396.0,268.0,-13706.75,80.76978085893263,13706.987974022593,13904.0,436.0,13739.49115986377,80.74743355244998,13739.728435453155,13940.715620082063,439.6910663676299,108.4575,11.540935566495465,109.06980562923911,144.0,340.5175,11.127429790836697,340.6992625468978,370.0,96.4925,10.182089360735349,97.02823042805636,126.0,370.48584135565477,11.26627067811612,370.6571023196507,404.63810992045717,889.3625,426.9816636505015,986.5490345137438,2269.0,0.17913,0.08599019188256299,0.19870045294362065,0.457,31.4732,0.031364948589149844,31.41,31.53,0.120000000000001,0.010311050008592932,31.7036,0.014750727436290731
819,2350504,2356334,915.88,59.72792981512083,917.8254736059574,1120.0,388.0,-258.0,50.42539042982216,262.88157029354494,384.0,268.0,-13705.68,74.67193314760239,13705.883414067113,13904.0,376.0,13738.892787295412,74.66899759645837,13739.095693676494,13940.715620082063,382.9140283784873,108.26,11.65943394852426,108.88604134598704,143.0,341.5625,11.351259566673647,341.75106803051835,382.0,96.0525,10.3210824892547,96.60542169050348,126.0,371.28900597116694,11.27138167851505,371.4600516879305,407.1203753191432,862.865,399.0798501240071,950.6843508757257,2269.0,0.17379,0.08038333720367674,0.19147962032550617,0.457,31.4828,0.025964591273502247,31.41,31.53,0.120000000000001,0.0034305317324184515,31.7121,0.012806248474865424
820,2353503,2359212,917.74,57.90623800593508,919.5650276081622,1120.0,388.0,-255.88,51.77244054513946,261.065049365096,384.0,268.0,-13716.26,78.46382860911135,13716.484424224744,13924.0,416.0,13749.52971685458,78.30916506290757,13749.752716321846,13954.784699163223,411.2471996766144,107.6925,11.445214884396012,108.2989727559777,148.0,341.7075,11.521585991086472,341.90168543018325,382.0,95.685,11.261473038639306,96.3454202336572,128.0,371.18013567242446,11.540228862573876,371.3594889052924,407.1203753191432,835.9175,358.2232204837509,909.4404557198893,1935.0,0.1683925,0.0721589803402875,0.18320194458574943,0.39,31.47660000000001,0.028852036323282704,31.43,31.53,0.10000000000000142,0.0,31.70755,0.017600338912207008
821,2356414,2362192,914.47,51.768900896194424,915.9341679400327,1044.0,296.0,-253.43,56.03423150182395,259.55076574728116,392.0,304.0,-13719.92,80.54758593527183,13720.156439341354,13924.0,476.0,13752.910605663015,80.27822022092865,13753.144902894028,13954.784699163223,472.11137374292593,108.0875,11.171832604814664,108.66332177878606,148.0,341.24,11.35484037756586,341.42886521206725,370.0,95.5325,11.187445809924622,96.1853289228664,128.0,370.8132290894018,11.426028719149233,370.98922491091304,399.7711845543648,858.83,384.92958589851213,941.1481047104116,2013.0,0.17301250000000004,0.07752923541316527,0.18958931272621882,0.405,31.478900000000003,0.0315085702627082,31.43,31.53,0.10000000000000142,0.0,31.7013,0.014861431808155691
822,2359288,2365068,916.9,51.67968653155706,918.355268945521,1044.0,296.0,-248.99,54.76659474533724,254.94195417780887,392.0,308.0,-13705.85,79.1518635282834,13706.078550774471,13904.0,496.0,13738.949186366553,78.97021234501902,13739.176141239328,13930.09518991166,486.79261948649037,107.6825,11.312678451631161,108.27510101588453,143.0,340.6725,11.885926289103429,340.87978452821164,370.0,95.4475,10.6944959558644,96.04476820733132,126.0,370.14551575417585,11.807610557396426,370.33379875458303,402.7716474629266,907.285,431.50711903165626,1004.6713218759655,2299.0,0.18275249999999998,0.08689082945714122,0.20235733863638353,0.463,31.47735,0.032264182927822765,31.43,31.53,0.10000000000000142,0.0,31.6975,0.015438454089112806
823,2362271,2367983,915.62,51.78277319727092,917.0831150991713,1044.0,280.0,-250.54,51.26664022539414,255.7314216125973,364.0,300.0,-13705.44,75.94791899716543,13705.650428928939,13944.0,536.0,13738.469211872974,75.87749612587338,13738.678745789204,13975.068085701765,531.7655152765947,107.9275,11.814704556187598,108.57224553264062,143.0,340.2525,12.056688755624407,340.4660445624497,374.0,96.4325,10.833302532007496,97.03910294309196,126.0,370.10193018743695,12.091681915000208,370.29940251099515,402.7716474629266,943.72,448.94484806042715,1045.0640721984466,3107.0,0.1900875,0.09041645228469208,0.21049558783974548,0.626,31.479400000000005,0.03319096262538972,31.43,31.53,0.10000000000000142,0.010504201680672046,31.7014,0.021146108264567812
824,2365144,2370892,914.11,53.84782168296133,915.6946434265083,1068.0,352.0,-257.33,52.08407722135432,262.5480527446357,392.0,328.0,-13708.44,74.89597051911403,13708.644595290958,13944.0,460.0,13741.499050733182,74.6233120346559,13741.701670462797,13975.068085701765,456.3190311479375,108.0725,11.927792911934715,108.72873355281942,143.0,341.195,11.975473894589724,341.4050966227657,379.0,96.725,11.009967075336784,97.34960195090682,131.0,371.10010365438757,11.875839663063587,371.29007864471686,402.0659149940467,919.02,435.5272719359834,1016.9964429632977,3107.0,0.1851275,0.08774571923319108,0.20486947674067996,0.626,31.469100000000005,0.030678820055536613,31.43,31.53,0.10000000000000142,-0.01739735560194875,31.70595,0.017588943325802225
825,2368060,2373877,913.03,51.409912468316854,914.4762216700881,1068.0,352.0,-258.24,51.396715848388595,263.304994255711,392.0,320.0,-13707.05,76.37707443991293,13707.262788755455,13916.0,472.0,13740.044794910653,76.27892139175057,13740.256527445184,13952.213874507515,474.458571787407,108.215,11.282897455884282,108.80160844399315,150.0,340.955,11.87573050384691,341.1617578217113,379.0,95.6525,11.253965689924595,96.3122655740171,132.0,370.6331503462477,11.67284731399132,370.8169191123835,407.16090185576513,919.5775,415.3351044563293,1009.02231268689,2322.0,0.1852525,0.08365550635642582,0.20326517778507955,0.468,31.475350000000002,0.029603673758505047,31.43,31.53,0.10000000000000142,-0.003438198384046686,31.713900000000002,0.017764541856417453
826,2370969,2376757,915.14,48.11216478189274,916.4038411093659,1048.0,300.0,-259.0,51.642230780631465,264.09831502680964,400.0,304.0,-13709.53,76.4399051543106,13709.743100437732,13956.0,512.0,13742.66201301651,76.42379206075846,13742.874510087036,13993.384722789551,515.6294200694429,108.66,11.168231731120194,109.2324356590111,150.0,341.075,11.434350659307244,341.2666113173101,373.0,95.5125,11.089176874322098,96.15408207663364,132.0,370.8198622502241,11.526589292796292,370.99896563198126,407.16090185576513,958.1125,417.11866997744175,1044.972510403982,2322.0,0.19299,0.08398943326395292,0.21047414330506253,0.468,31.485850000000006,0.027600317027165196,31.43,31.53,0.10000000000000142,0.010366275051831153,31.71375,0.018703262551629143
827,2373954,2379657,917.1,51.96604660737624,918.5711077537765,1052.0,292.0,-256.8,52.68472264328626,262.1486601148287,400.0,296.0,-13707.86,77.61482074964808,13708.079728393763,13956.0,480.0,13741.103859742172,77.52003469262658,13741.322521504253,13993.384722789551,480.75359484115324,107.7725,11.721379771596858,108.408037063679,139.0,341.6475,11.58137486441053,341.84373988710104,372.0,96.405,10.63653961587132,96.98999948448294,131.0,371.3146950035724,11.912274107155262,371.50572673917156,401.3178291578883,946.8475,418.8861351772698,1035.3674625465105,2529.0,0.19068250000000003,0.08434101430354037,0.20850233212124988,0.509,31.480900000000002,0.027878127627228317,31.43,31.53,0.10000000000000142,0.0035069261792038528,31.709399999999995,0.012571200727030473
828,2376834,2382652,915.29,54.5022559166132,916.9112716070188,1052.0,280.0,-251.46,52.528358055435156,256.8878354457447,456.0,356.0,-13709.92,83.08642247684035,13710.171762600205,13984.0,520.0,13742.949522205969,82.86030472245804,13743.199314570098,14025.637097829103,524.5355131435044,108.1425,11.979240115716856,108.80396362265485,144.0,341.7425,11.601775456799704,341.93937693690674,379.0,96.8875,10.654099856393312,97.47152148191799,134.0,371.63909323133754,12.079813003072186,371.83536343387243,409.23709509280803,918.3975,426.4583092094114,1012.5811856340212,2529.0,0.18497000000000002,0.08587819339040616,0.2039337269801148,0.509,31.47505000000001,0.023054229546875242,31.43,31.53,0.10000000000000142,0.0,31.706599999999998,0.011522670255828538
829,2379735,2385572,914.05,53.50810686241852,915.6148316841532,1052.0,300.0,-252.23,55.626496384367044,258.29107611375196,456.0,368.0,-13710.36,83.50347537677698,13710.614288207513,13984.0,520.0,13743.328721001652,83.21434065756051,13743.580645523203,14025.637097829103,524.5355131435044,108.415,11.925090146409795,109.0688773207096,144.0,341.6475,11.810302441089306,341.8515723234281,381.0,96.4475,10.612833917008219,97.02964753105104,134.0,371.52870999205857,11.818953068562601,371.71665284191937,409.23709509280803,885.1775,414.0088537625132,977.2116134696722,2396.0,0.17830000000000001,0.08339148637600843,0.19683757263286905,0.483,31.482500000000005,0.026678643143908675,31.43,31.53,0.10000000000000142,0.0,31.709649999999996,0.014331468084031037
830,2382731,2388477,918.14,54.476971281450666,919.7547499197816,1052.0,300.0,-256.37,53.47506989242744,261.88768585025144,400.0,312.0,-13709.95,84.28474061180944,13710.209076451021,13976.0,476.0,13743.261149194215,84.49772215212782,13743.520905503072,14004.042844835916,474.9512271403655,108.485,12.080553588308774,109.15555414178428,147.0,341.2725,12.814376447958756,341.512997556462,381.0,95.8325,11.033106713432984,96.465524929894,129.0,371.0800028698523,12.300059760442025,371.2837998081791,402.92182864669917,901.515,410.34475112397865,990.5110347694265,2201.0,0.18158250000000004,0.08264229058871735,0.19950426687166367,0.443,31.49935,0.02641169248647383,31.47,31.53,0.060000000000002274,0.006961364427428245,31.7202,0.013053197497635336
831,2385648,2391497,918.64,54.62810998011921,920.2628320213743,1064.0,284.0,-254.84,51.70081624113879,260.03153654893475,400.0,300.0,-13711.92,83.21005708446545,13712.17247557804,14012.0,516.0,13745.225368517415,83.38854037200763,13745.478313976564,14051.37431000968,524.2022478231411,109.43,12.001254101134597,110.08612537463566,147.0,341.0675,12.580260082764584,341.299432317137,380.0,96.2325,11.321812741341379,96.89622025651981,132.0,371.2745839456686,12.178600739438224,371.4742723258234,402.92182864669917,914.16,415.57513087286634,1004.1868327159045,2201.0,0.1841225,0.08370291209838521,0.20225546346143536,0.443,31.493299999999998,0.0269649772853614,31.47,31.53,0.060000000000002274,0.0034193879295605356,31.71375,0.01788118682037771
832,2388555,2394368,913.83,58.46478512745942,915.6983127646354,1084.0,336.0,-255.15,52.289554406210044,260.45291321081436,400.0,300.0,-13707.51,79.41863698150453,13707.740066108636,14012.0,536.0,13740.531350902842,79.21511759848833,13740.759689333046,14051.37431000968,541.945306532145,109.6575,11.884872475125679,110.29967135037167,143.0,340.595,11.680581107119629,340.79523177415496,373.0,96.525,11.024716549644259,97.15256043975373,132.0,370.9661217480812,11.408944525580827,371.14151950435297,400.53713935164615,879.015,397.18674420856496,964.5852372911376,2160.0,0.17704999999999999,0.08002638627352857,0.19429597268085616,0.435,31.48545,0.050421200898034896,31.35,31.55,0.1999999999999993,-0.006881128505075297,31.706950000000003,0.01867000059736875
833,2391574,2397238,917.14,59.84029077469461,919.0901152770604,1084.0,336.0,-259.32,52.2977781554819,264.5409609115382,428.0,336.0,-13712.81,80.89365797143802,13713.048599053385,13924.0,448.0,13746.123277363351,80.65533788564588,13746.359897805673,13959.588532618001,450.1595291404665,109.25,11.5428549328145,109.85809028014278,148.0,340.5975,11.224771434198558,340.78241225157143,370.0,97.1575,11.013069224789247,97.77968858612714,132.0,370.992126980108,11.276600497288097,371.1634680299234,405.76347790307597,917.9125,422.4401849300679,1010.4548814766546,2616.0,0.18489750000000002,0.08512383328862722,0.20355135101492203,0.527,31.501100000000005,0.05457829238809156,31.35,31.55,0.1999999999999993,0.0,31.71665,0.01974213462873839
834,2394445,2400137,919.44,54.551318957473434,921.0568712082876,1072.0,328.0,-256.94,53.34488166637921,262.4192066141501,428.0,348.0,-13717.34,83.19978605741724,13717.592313522078,13980.0,508.0,13750.734168447403,82.81490622548786,13750.983545914089,14013.15324971507,501.75421038535205,108.715,11.765788328879625,109.3498285321015,148.0,340.9325,10.859233110583821,341.10539793442143,369.0,96.915,11.067419527604436,97.54488710332285,135.0,371.07238475575207,11.426625559591848,371.2482760902736,405.76347790307597,943.6375,419.6305709713605,1032.7349841561484,2616.0,0.19008000000000003,0.08455186928743799,0.20803707602252056,0.527,31.501350000000002,0.028216617444336803,31.43,31.55,0.120000000000001,-0.010541110330287899,31.728900000000003,0.013829973623476547
835,2397315,2403127,917.94,53.34563149874599,919.4887710026698,1072.0,328.0,-253.49,52.156494322375615,258.8000772797412,396.0,316.0,-13712.33,82.45732896474394,13712.577921018354,13980.0,508.0,13745.56220356374,82.15855378460894,13745.807736179057,14013.15324971507,504.9661026549584,108.355,12.293045798336554,109.05010316363759,148.0,340.45,10.945204429337991,340.62589449423837,367.0,95.505,11.05486205250884,96.1426804286213,135.0,370.1820662466144,11.250681285468332,370.3529937775581,399.1039964720975,932.84,395.6397659487732,1013.2725645155898,2497.0,0.18789999999999998,0.07969984316170264,0.20410407884214368,0.503,31.49795,0.029390432116592743,31.43,31.53,0.10000000000000142,0.006882312456986011,31.72485,0.014934359300595683
836,2400215,2406022,919.38,51.9832242170491,920.848434868627,1064.0,288.0,-252.84,53.01409623864203,258.3380730747986,400.0,296.0,-13708.85,81.4279896595759,13709.091831335874,13940.0,460.0,13742.170915105999,81.47257216216188,13742.412424316191,13972.552522713951,464.3653756538406,108.165,11.980099123129158,108.82642142421113,147.0,340.1375,11.280451841570887,340.32450323184196,371.0,95.4025,10.78172035205885,96.00980418686416,122.0,369.80373711307834,11.271025561202599,369.97545864557014,408.1703075923088,950.705,411.349587303792,1035.8805336524092,2497.0,0.19149000000000002,0.08286280770043941,0.20864962257334663,0.503,31.510949999999998,0.027278150597136366,31.43,31.53,0.10000000000000142,0.010332357499569265,31.72425,0.01415763385920188
837,2403204,2408887,919.66,51.58414872807343,921.1055531262418,1064.0,268.0,-254.34,55.93392888042105,260.4178181307877,408.0,304.0,-13712.57,82.4991824201913,13712.818168414544,13976.0,468.0,13745.93944691081,82.36335265977338,13746.18619836062,14004.936843841888,466.43766557253366,108.365,11.4724354432701,108.97059236326102,144.0,340.565,11.40704935555203,340.75598307293154,371.0,95.9225,10.965012254895113,96.54717758691861,124.0,370.3778623953975,11.437943321067342,370.55443257367733,408.1703075923088,925.75,436.46324873922663,1023.4809377804747,2433.0,0.18646000000000001,0.0879248451804153,0.2061506973066063,0.49,31.508049999999997,0.022521045712845043,31.47,31.53,0.060000000000002274,0.0,31.725200000000005,0.014679875573967197
838,2406098,2411773,919.03,52.6351508024818,920.5360394900354,1076.0,304.0,-255.14,53.76820993858732,260.7440123952993,408.0,296.0,-13713.24,82.65338710542962,13713.489084839059,13976.0,512.0,13746.577265017617,82.28254311076417,13746.823521090244,14004.936843841888,504.4580375180176,109.595,11.56680487429437,110.2036977601024,144.0,340.09,11.848286795988692,340.2963267506718,381.0,95.4625,11.165285206836412,96.11322749757184,124.0,370.1972420997856,11.75582586263996,370.3838515648327,406.11574704756276,908.8875,462.31873187634307,1019.7132427795572,2764.0,0.18307,0.09313868745048967,0.20540068159575323,0.557,31.495050000000003,0.03078144733439364,31.43,31.53,0.10000000000000142,-0.003524229074889793,31.710150000000002,0.01886444189261332
839,2408964,2414747,919.69,51.67691844527884,921.1407058642018,1076.0,304.0,-254.76,49.09971894013244,259.4483378247007,388.0,276.0,-13708.51,85.44717607972775,13708.776299874471,13964.0,500.0,13741.872863862796,85.39012490510541,13742.138162600462,13990.183415523901,489.704609200031,109.6675,11.37659631656147,110.25600890654441,144.0,340.71,12.427224147008857,340.9365630142945,381.0,95.4225,11.18051849200206,96.07526997099723,128.0,370.76935605843755,12.436623658033252,370.9778766988673,412.59907901012093,900.445,439.5054174580786,1001.9811425371238,2764.0,0.18137500000000004,0.08853041497135321,0.20182795891550803,0.557,31.486650000000004,0.02595722442789337,31.43,31.53,0.10000000000000142,-0.0069168251772441115,31.70335,0.013160947014397639
840,2411850,2417643,915.33,50.66508758504222,916.7311274305024,1072.0,300.0,-251.08,53.03917043091831,256.6209656282978,416.0,308.0,-13705.88,83.56832892908653,13706.134766592659,13944.0,464.0,13738.902911586847,83.23043908606942,13739.15501477438,13981.705761458436,469.2552065072723,109.265,10.91992559498461,109.80931199128787,140.0,341.675,12.23210427522591,341.8938870468438,377.0,96.0725,10.915687965034545,96.69062777746352,128.0,371.6847875525501,12.207014459551331,371.8851872554216,412.59907901012093,847.655,381.64484927088955,929.608406803639,1973.0,0.1707425,0.07687770283866448,0.18725165553340242,0.397,31.494500000000002,0.02087462574514903,31.47,31.53,0.060000000000002274,0.0,31.7067,0.011376888149221394
841,2414827,2420548,916.24,51.16739586885383,917.6676086688469,1036.0,260.0,-249.98,54.15828283836185,255.7794362336425,416.0,308.0,-13703.5,79.9364122287209,13703.733143928337,13936.0,440.0,13736.577054083073,79.30874629210602,13736.80599848451,13969.155736836783,436.4274088165985,109.8025,11.493628397942924,110.4024116584416,140.0,341.4825,11.734977364699091,341.6840755727431,372.0,96.545,11.010811732111307,97.170854683902,135.0,371.81294606284473,11.576188494842787,371.9931114953609,403.248062611589,873.555,379.0609277873413,952.252868202559,2040.0,0.17597250000000003,0.0763723231527626,0.19183079132402076,0.411,31.494750000000003,0.02196445992962363,31.47,31.53,0.060000000000002274,0.006991784653033159,31.711750000000002,0.01305233345119929
842,2417719,2423392,923.78,53.312208733084766,925.3170699819603,1108.0,344.0,-253.4,54.21475813835196,259.1347140002667,428.0,320.0,-13705.38,88.00417944620585,13705.66254071652,14012.0,576.0,13739.027310712905,87.61686758218534,13739.306684108918,14041.876797636418,576.0646795352604,110.415,11.668880623264599,111.02988336479508,141.0,341.465,11.487331065134319,341.65816981304573,377.0,96.4125,11.91836162188411,97.14637152256383,135.0,371.9655881777282,11.702936024634543,372.1496439605982,410.52405532441094,878.26,374.97684915205093,954.9598237622356,2040.0,0.17692750000000002,0.07553030678972514,0.19237506985053962,0.411,31.486700000000006,0.04058460299177533,31.39,31.55,0.16000000000000014,0.014101886127269848,31.719049999999996,0.012549550911095135
843,2420625,2426397,923.06,54.054013727011984,924.641335870293,1108.0,344.0,-253.11,55.63387367422837,259.15207890348864,428.0,320.0,-13704.89,89.31140968543717,13705.181007195783,14012.0,576.0,13738.493483185286,88.9081125399491,13738.78116282518,14041.876797636418,576.0646795352604,109.2475,12.26483769766237,109.93380963106846,145.0,342.66,11.621721042943683,342.85702559521803,377.0,95.5325,11.801650043532048,96.25870090542465,140.0,372.51238554737574,11.68942315956156,372.6957472255352,410.52405532441094,842.535,381.15139875776396,924.7386738965771,2249.0,0.16973,0.07676250451880788,0.18628138661712823,0.453,31.4846,0.041675412415476176,31.39,31.55,0.16000000000000014,-0.010395010395010788,31.7225,0.012734024833930983
844,2423470,2429282,919.77,55.68902135968992,921.4543504699514,1064.0,312.0,-252.79,54.295265907811896,258.5551391869827,400.0,284.0,-13708.04,84.82545844261615,13708.30244778689,13928.0,476.0,13741.409851860186,84.4994863880804,13741.669654012208,13965.32276748375,475.48540745601713,108.42,12.141812055867113,109.09775433069188,145.0,342.0,12.357386455072124,342.22318010327706,372.0,96.0375,11.232813260710783,96.69217910462045,140.0,371.78671010085395,11.960129279551257,371.97903502751336,413.25294917277967,843.7825,386.9262593747677,928.2676540201107,2249.0,0.169985,0.07792611741258511,0.18699566839903004,0.453,31.481900000000007,0.023246290026583016,31.43,31.55,0.120000000000001,-0.013764624913971412,31.7218,0.01034541294112039
845,2426474,2432177,920.07,58.87711864553156,921.9519076394386,1104.0,400.0,-258.55,54.8818503696805,264.3106505610396,388.0,268.0,-13708.89,82.01736340556188,13709.135343995988,13928.0,468.0,13742.399006785867,81.9564414235261,13742.643389100947,13965.32276748375,468.6073151968503,109.61,11.18069318065745,110.17876383405289,141.0,341.275,12.159949629829887,341.4915665137281,378.0,96.365,11.28236566505447,97.02321887053634,124.0,371.5152279324056,12.074370142275411,371.711386696722,413.25294917277967,840.2625,361.7841740509803,914.8381591844538,1912.0,0.16926249999999998,0.072878313603911,0.18428522051428867,0.385,31.473150000000004,0.022429389202561618,31.43,31.53,0.10000000000000142,0.010520778537612182,31.715150000000005,0.014247279122906464
846,2429360,2435082,918.31,58.46557876220845,920.1692670373207,1104.0,400.0,-259.27,50.271135853489525,264.09869367340684,428.0,312.0,-13703.09,82.24361312588351,13703.336803859125,13892.0,432.0,13736.489274582746,82.22876183650861,13736.735389458443,13929.498483434356,432.7830311474554,109.2275,11.142968354527442,109.79441014915103,143.0,341.74,12.039202631403793,341.95199955549316,378.0,95.645,11.853226354035428,96.37668286468465,131.0,371.66449801270045,11.829979584401718,371.85272286215684,412.5699940616137,878.6275,381.8832331272872,958.0297946828167,2295.0,0.176995,0.07694569497379304,0.19299707251665763,0.462,31.488450000000004,0.02926768696019619,31.43,31.53,0.10000000000000142,0.0034952813701502224,31.71525,0.014281014264436682
847,2432255,2438063,921.98,55.063595959581136,923.6228234512181,1068.0,280.0,-252.46,50.48988413533943,257.45927833348713,428.0,376.0,-13707.28,86.571367090973,13707.553377609003,13932.0,456.0,13740.776382065536,86.30421814725133,13741.047412770251,13962.415263843144,454.46975018341436,109.6425,12.100400561551671,110.30819325870586,150.0,341.385,12.233428587276748,341.6041202913103,377.0,95.3025,12.108715611079486,96.0686603424863,131.0,371.4267625911169,11.51607706999385,371.60524754098935,412.5699940616137,891.025,393.954939523545,974.2310018676269,2295.0,0.17951,0.07938393981152611,0.19627952007277782,0.462,31.5101,0.037040383367347156,31.41,31.55,0.14000000000000057,0.003443526170798825,31.722550000000002,0.015365146250466854
848,2435158,2440947,925.37,51.38718809197483,926.7957056439137,1052.0,292.0,-253.34,53.25452469039603,258.87680467743724,424.0,372.0,-13708.33,84.57665812740535,13708.59090497634,13972.0,488.0,13742.063978211247,84.31902957771024,13742.322659579784,14002.17925895823,487.73720610232886,110.275,12.384642707805503,110.96826122815479,150.0,341.0175,11.595999040617416,341.21459889635435,374.0,96.24,11.942671392950574,96.97816764612539,132.0,371.5120142523136,11.17791421459067,371.68013465882194,404.4762044916858,887.26,408.37696115231574,976.7302851862432,2610.0,0.178745,0.08229693174717999,0.19678048683749108,0.526,31.506100000000007,0.038194109493481454,31.41,31.55,0.14000000000000057,-0.006909656244602298,31.7238,0.01721338873899287
849,2438164,2443867,921.92,50.35547239377266,923.2941893026297,1036.0,276.0,-260.82,52.4858800059597,266.0485669948252,432.0,304.0,-13710.67,80.47279726715108,13710.906159696375,13972.0,488.0,13744.297649705508,80.52227207212474,13744.533521367686,14004.439296166056,489.9972433101557,110.4725,11.477553909696962,111.06713060127194,150.0,341.2975,11.489516689138842,341.49083809086295,371.0,96.595,11.557939911593241,97.28401718679179,132.0,371.8622869416025,11.598256358663905,372.04311578095354,401.83827592702016,892.9525,412.270427321376,983.5299042225406,2610.0,0.1798825,0.08304946534295088,0.19812856305944382,0.526,31.5096,0.024816123790794915,31.47,31.55,0.08000000000000185,0.007013852358408328,31.719950000000004,0.014850887925657566
850,2441024,2446861,918.49,52.42670979567572,919.9850216172,1052.0,272.0,-256.21,52.88852332973572,261.6118498845188,432.0,352.0,-13710.3,79.40018891665181,13710.52991244321,13968.0,488.0,13743.62090101344,79.55004227819846,13743.851122592969,14004.439296166056,489.3034847877625,109.9475,11.219168585505791,110.51842606552086,150.0,341.9025,11.523150339642365,342.09662743149045,392.0,96.28,11.183541478440539,96.92734392316753,124.0,372.17299004171355,11.251688024939378,372.3430340425345,421.60763750197884,878.5425,395.12931199007494,963.3089314960181,2512.0,0.17698250000000001,0.07957629793946185,0.19404945890159037,0.506,31.52405,0.022882252948519866,31.49,31.55,0.060000000000002274,0.006852835360630923,31.718300000000003,0.01222635306512848
851,2443944,2449772,918.95,54.44315843152379,920.5613287554502,1056.0,276.0,-249.17,53.246136949078284,254.7956828519667,392.0,312.0,-13705.61,84.64944122674409,13705.87140607995,13948.0,468.0,13738.85459738771,84.4946852680376,13739.114418331335,13978.201887224264,463.0660758459708,108.845,11.07637011840973,109.4071295665872,136.0,341.905,11.29406813331671,342.09148630154476,392.0,96.485,10.803692655754329,97.08797556855329,122.0,371.89809253474573,10.695268534154344,372.0518512250678,421.60763750197884,872.6775,415.36024544213427,966.4833948392492,2512.0,0.17577750000000003,0.08367142877798849,0.19467572396166916,0.506,31.524649999999998,0.01980852089379814,31.49,31.55,0.060000000000002274,-0.006863417982155577,31.717900000000004,0.015237139694350546
852,2446955,2452662,921.63,52.285591705554985,923.1119325412276,1088.0,300.0,-252.61,54.59439440089065,258.44217922003367,432.0,352.0,-13705.74,84.52651891566339,13706.00064497299,13948.0,460.0,13739.224731135158,84.17521822971618,13739.482584144136,13978.201887224264,455.9476372850186,109.3075,11.574236205901451,109.91857213410299,140.0,341.7525,11.590782706530218,341.9489983901108,374.0,96.2125,11.406460614493875,96.88628643930987,134.0,371.8370777707738,11.634005969204445,372.01903513126854,405.8509578650764,882.6975,406.65558645338933,971.8660620167781,2885.0,0.1777575,0.0819245304762255,0.1957277637434199,0.581,31.5187,0.021361413810889233,31.49,31.55,0.060000000000002274,0.003504468196951038,31.7273,0.01864346929539688
853,2449850,2455528,916.76,51.76004636783085,918.220017207205,1096.0,292.0,-253.2,53.44005988020597,258.7780516195297,444.0,336.0,-13706.46,81.75884294680301,13706.703843010544,13924.0,432.0,13739.62279095672,81.1780895478215,13739.862601933106,13957.958016844728,432.77262070320285,109.95,11.793112396649155,110.58064930176528,140.0,342.04,12.117070603078947,342.2545616934857,382.0,96.0975,11.94981145248744,96.83763472947902,139.0,372.28998050218155,11.998454804068981,372.48327814816065,410.0024390171356,864.535,379.9831888057681,944.3558598325104,2885.0,0.1741225,0.07655463731055095,0.19020845801383282,0.581,31.506000000000004,0.03009983388658585,31.47,31.55,0.08000000000000185,-0.003522367030644518,31.733800000000002,0.011219388874479153
854,2452739,2458417,913.24,53.55055928746216,914.8087013141053,1096.0,328.0,-250.38,53.28429036779978,255.98703092149023,444.0,332.0,-13710.23,83.0779579672009,13710.481705614868,13936.0,476.0,13743.103782127975,82.53092547515148,13743.351589768778,13972.710545917711,481.5756789022598,110.725,11.08013425008921,111.27800771041868,137.0,341.7975,12.14399002593464,342.0131686061225,382.0,96.165,11.196551924588212,96.81461666504701,139.0,372.2804997088635,11.66627774909052,372.46324986500343,410.0024390171356,882.5625,395.61274131876746,967.1742384389692,2481.0,0.1777775,0.07968765898023357,0.19482033389767095,0.5,31.501500000000007,0.030753048629364555,31.47,31.55,0.08000000000000185,-0.01056710109193418,31.727649999999997,0.012564719672603966
855,2455604,2461428,911.92,55.95635442020861,913.6351569417631,1072.0,316.0,-254.93,51.71320044244023,260.12220205126664,404.0,284.0,-13709.34,77.93615592265249,13709.561527634645,13936.0,476.0,13742.213668886472,77.6757276750692,13742.433192124312,13972.710545917711,481.5756789022598,110.345,10.614894017370121,110.85438647162322,137.0,341.7625,11.560756625325178,341.957976219301,382.0,96.82,11.289933569335119,97.47602269276275,125.0,372.2832455502826,11.43296035801941,372.4587594620376,411.7389949956161,876.9025,416.0018545556618,970.5748489941412,2481.0,0.17663,0.08380353870809991,0.19550240407729005,0.5,31.513600000000007,0.026889403117214383,31.47,31.55,0.08000000000000185,0.010302197802198192,31.727349999999998,0.01394502273744512
856,2458494,2464297,915.35,57.13788147980287,917.1315936112985,1052.0,304.0,-256.94,50.79208993534328,261.91219902860576,400.0,284.0,-13701.74,78.59219045172364,13701.965397708462,13916.0,444.0,13734.899640561312,78.20475502642535,13735.122282673716,13947.872095771456,441.6163600021973,108.8975,10.616590495540457,109.41379026429895,146.0,342.0925,10.959878820041762,342.26801997849583,382.0,96.005,11.654611748145024,96.70982369956012,127.0,371.9565020670494,10.95105337604824,372.1176762799639,411.7389949956161,835.5125,415.2835776234716,933.0281815143635,2291.0,0.16829750000000002,0.08366247064096302,0.18794535775059729,0.461,31.508200000000002,0.024387701818745788,31.47,31.55,0.08000000000000185,0.0,31.730750000000004,0.02600245795206375
857,2461504,2467187,916.54,58.787995373205234,918.423431756834,1060.0,324.0,-254.88,52.807817603078426,260.29306560106437,424.0,312.0,-13694.07,82.4344290936742,13694.318113728774,13900.0,428.0,13727.303694290307,82.07292320657665,13727.549041252776,13927.860424343718,421.60468857445994,109.0625,10.951191430616124,109.61093695430215,146.0,341.855,11.070184054477144,342.034194197013,367.0,95.4225,11.818375258469331,96.15158605036113,127.0,371.6520238116916,11.038487064530361,371.81591547431105,397.5550276376844,853.325,409.2778388515557,946.3994426245189,2291.0,0.1718925,0.08243479813616335,0.1906371619071161,0.461,31.486850000000004,0.034800538788932966,31.43,31.55,0.120000000000001,-0.007038535984515696,31.729400000000005,0.024883487897093236
858,2464375,2470042,909.92,58.06129175276761,911.7705413095995,1060.0,324.0,-253.49,49.79618358870487,258.3347440821695,424.0,312.0,-13697.36,82.18023119948009,13697.606526689253,14016.0,540.0,13730.104664746836,81.93177098780545,13730.349118649532,14047.736330099593,537.566531018605,110.0575,10.873784702209255,110.59336553338089,138.0,341.72,11.227715707124045,341.90440184355623,367.0,96.1025,11.792454950094148,96.82330556224571,127.0,371.99973124612353,10.97565272828217,372.1616114002088,397.5550276376844,895.0475,411.7832988888087,985.2286600074117,2382.0,0.180285,0.08292860649377873,0.1984435310107135,0.48,31.48335,0.033745777513638976,31.43,31.55,0.120000000000001,0.0,31.726550000000007,0.011287871371531711
859,2467264,2472942,911.86,55.423283915697375,913.5427740396177,1064.0,312.0,-252.16,46.72359575203946,256.45225676527,408.0,264.0,-13707.56,82.32354705672005,13707.807203196286,14016.0,532.0,13740.363120736876,82.0231082924855,13740.607937060135,14047.736330099593,530.5312935545007,110.3925,10.958715424263923,110.93510490372287,143.0,340.535,11.012891309733336,340.7130317437242,372.0,96.675,11.123820162156523,97.3128717077037,131.0,371.1488602555034,10.501715623689494,371.2974043809087,397.12592461333975,908.0075,404.93682525024815,994.2089581672457,2382.0,0.18289249999999999,0.08154367506894694,0.20024744068277128,0.48,31.492650000000005,0.01944164344905112,31.47,31.53,0.060000000000002274,0.0,31.730600000000003,0.014147096906333272
860,2470119,2475848,917.84,55.164249292453896,919.4962533909531,1064.0,340.0,-251.91,52.73966154612675,257.37156020042306,436.0,344.0,-13708.05,78.92906625572104,13708.277229469792,13956.0,472.0,13741.265811144565,78.68918267145243,13741.491115595862,13990.930776756777,473.72574021168475,109.81,11.887762615395715,110.45159573315362,145.0,340.865,12.021720966650324,341.0769268068422,381.0,97.265,11.583815217794179,97.95236086996577,131.0,371.4662775223919,11.853044488962452,371.6553376449745,414.93493465843534,826.955,375.1877836164179,908.0861440414119,2357.0,0.1665775,0.07557108569916142,0.18291815792862118,0.475,31.4978,0.03248322644073473,31.43,31.55,0.120000000000001,0.010473031942747821,31.7251,0.016633751959814716
861,2473020,2478823,916.81,54.511135559626716,918.4291153921461,1100.0,376.0,-252.99,55.31816970941826,258.9672566175114,448.0,356.0,-13704.34,76.60942761827685,13704.554127734327,13952.0,448.0,13737.52303157461,76.42563023667935,13737.735618361565,13985.22935099743,443.2631717456152,109.0775,12.018381494610662,109.73760750080166,145.0,342.0325,12.359265502043396,342.25572675997694,381.0,97.3925,11.702924581060925,98.09310628173623,128.0,372.34855625865123,12.654451868730076,372.5635281398328,414.93493465843534,838.3025,398.09796657826575,928.0264395479259,2357.0,0.168865,0.08018669948937915,0.18693660690191208,0.475,31.509149999999998,0.03558479310042504,31.43,31.55,0.120000000000001,0.0,31.72315,0.01512114819737601
862,2475925,2481702,915.29,56.89583376663004,917.0566612810792,1100.0,372.0,-257.21,52.3932810577845,262.49198082989125,448.0,328.0,-13706.98,78.5101241879033,13707.20484125046,13944.0,484.0,13740.132113999647,78.28799292072168,13740.355145337402,13984.918162077316,495.97691378062154,109.815,11.229682764886993,110.38768047205268,140.0,341.1525,11.678152411661701,341.352321656086,371.0,97.015,10.977922162230884,97.63413849673688,128.0,371.6132826587028,11.951596195614549,371.8054229028942,402.9317560083841,878.0575,409.08026619937317,968.6751971120144,2203.0,0.17686749999999996,0.08238300761534505,0.1951129736844785,0.444,31.521099999999997,0.02065889638872427,31.49,31.55,0.060000000000002274,-0.010386013501817946,31.726850000000002,0.014268372933358758
863,2478916,2484592,914.6,57.18776092836648,916.3861631430278,1052.0,308.0,-257.48,52.6570944887771,262.8092844630874,404.0,284.0,-13705.05,80.78698843254402,13705.28810496153,13944.0,484.0,13738.167608001428,80.65441376859386,13738.404360041235,13984.918162077316,495.97691378062154,110.755,10.854491006030639,111.28562350995747,136.0,341.4975,11.080387797816464,341.67721243887485,371.0,96.985,11.129904536877214,97.62153963137439,127.0,372.2044290187212,11.028849389111958,372.36779197454763,399.0150373106257,899.19,410.3237793499178,988.3866955802268,2269.0,0.18112499999999998,0.08266153503897687,0.19909594420781151,0.457,31.518399999999996,0.01815048208726271,31.49,31.53,0.0400000000000027,0.0070472163495424065,31.726599999999998,0.014316158037419544
864,2481779,2487507,918.24,55.64910062166324,919.9247360518142,1080.0,316.0,-250.44,51.54460592535363,255.6893427579648,404.0,288.0,-13702.28,82.67866472071256,13702.529436567542,13908.0,420.0,13735.5055596217,82.69547509602168,13735.754494020342,13940.148062341375,417.7506417653931,109.7675,11.097226849533174,110.32702524766994,151.0,342.3275,10.991143878141164,342.50390143763326,374.0,97.575,11.02199505534275,98.19554470544985,127.0,372.83414847641353,10.864517010321878,372.99241279146685,404.0074256743309,927.2075,416.41088415620214,1016.42106063383,2269.0,0.18677749999999999,0.08389402835571791,0.20475361413171683,0.457,31.513599999999997,0.023938253904578276,31.49,31.55,0.060000000000002274,0.006983240223464159,31.734699999999997,0.012340612902811438
865,2484669,2490492,922.44,55.58098955578247,924.1129801057878,1080.0,312.0,-255.17,52.82036633723776,260.5795847720999,444.0,328.0,-13702.51,83.55872126833918,13702.764770658512,13896.0,432.0,13736.108747184891,83.45876533203253,13736.362287010343,13932.531141181777,437.67819644762494,108.7675,11.294398777712782,109.35233193672644,151.0,342.01,11.305967450864168,342.1968220191415,374.0,96.58,11.14287216116204,97.2206768131142,125.0,371.9944549190672,11.33944484823038,372.1672439911927,404.0074256743309,900.2825,405.09325184918845,987.2229345492334,2187.0,0.18135500000000002,0.08161089985412488,0.1988717551589466,0.441,31.5207,0.02777606883632127,31.49,31.57,0.08000000000000185,0.003434655675768431,31.736600000000003,0.009416031761593339
866,2487584,2493397,920.79,56.18661673388067,922.5026612427739,1092.0,340.0,-264.51,54.378119680621545,270.04170048346236,444.0,372.0,-13699.78,83.09242805454657,13700.031985364121,13888.0,424.0,13733.460748677733,82.86099521524783,13733.710717792188,13915.935038652631,421.0820939184796,108.7725,10.908975375808675,109.3181709506704,143.0,341.9375,11.721714625002607,342.1383528632825,376.0,96.2475,11.088789102061595,96.88417053368418,123.0,371.8342809257885,11.615723326671908,372.01566835282625,404.8431795152291,875.1575,393.8524504097315,959.6980788247937,2168.0,0.176275,0.07934780636539362,0.19331050152539567,0.437,31.5317,0.021286380622361,31.49,31.57,0.08000000000000185,0.0,31.7367,0.009451631252505015
867,2490569,2496272,919.78,56.30374410285696,921.5016874645428,1092.0,340.0,-260.93,54.294521823108454,266.5189674300874,408.0,336.0,-13703.93,84.0163978042382,13704.187542499554,13952.0,476.0,13737.463396525833,83.98421942831571,13737.720113614194,13992.978810817945,489.4278704171211,109.545,10.724177124609607,110.06868310286991,138.0,341.2375,11.769498449381773,341.4404084170472,376.0,96.44,11.098035862259591,97.0764647069515,123.0,371.4666229104499,11.534971326602573,371.645674668763,405.0246906054,895.7675,388.6063798289344,976.4293791667681,2231.0,0.18041000000000004,0.078284812703359,0.1966628587201966,0.449,31.514750000000003,0.0285383513889653,31.47,31.57,0.10000000000000142,-0.014027704716816034,31.739,0.009962335082737764
868,2493475,2499127,917.14,55.94122272528551,918.8444917394891,1064.0,308.0,-254.66,51.813168210407675,259.877509607892,408.0,304.0,-13706.87,83.09297864440774,13707.121858362534,13952.0,456.0,13740.091469078674,82.9914534844258,13740.342104911362,13992.978810817945,464.80731574885067,109.5825,11.277330967476303,110.16125680110953,141.0,340.64,11.13958706595536,340.82209435422465,370.0,95.91,11.413890660068548,96.58677445696175,130.0,370.8032310947949,11.365355676798405,370.9773679080706,405.0246906054,925.805,416.77669317633394,1015.2919333866491,2393.0,0.186475,0.08397016955443165,0.2045089606838781,0.482,31.500250000000005,0.03585997071945338,31.43,31.55,0.120000000000001,-0.007077140835103096,31.741450000000004,0.009906707684334538
869,2496349,2502017,918.52,53.13200165625232,920.0554331125924,1060.0,328.0,-255.16,48.164036375702565,259.66593923732086,364.0,260.0,-13708.91,80.58989949118934,13709.146877906007,13960.0,460.0,13742.203973831642,80.41431219555265,13742.43924927449,13992.503707342728,460.2554092955779,109.155,11.318391007559335,109.7402387458675,141.0,341.2075,10.625885551331711,341.3729155923182,368.0,95.47,11.23361473435866,96.12863777251813,131.0,371.07311139336673,11.128724133793396,371.2399527259964,398.96115099092043,900.6975,422.48436183337014,994.8613081731544,2393.0,0.18142499999999998,0.08510910277402764,0.2003960827960467,0.482,31.504750000000005,0.038307146852774865,31.43,31.55,0.120000000000001,-0.003528581510232811,31.743950000000005,0.009198316289212248
870,2499204,2505028,921.32,54.11485563133288,922.9078827271983,1068.0,336.0,-253.76,53.01039897982282,259.23780588486704,400.0,316.0,-13711.06,77.5561499818035,13711.279345123125,13960.0,460.0,13744.530955544964,77.5454193761424,13744.749705978644,13992.503707342728,460.2554092955779,110.28,11.439256968876956,110.87170513706371,145.0,341.945,10.79962846583159,342.11549950272644,369.0,95.0575,10.663685748839375,95.65376364785654,131.0,371.97062962635965,11.092483733122792,372.135986569426,400.7156098781279,896.82,402.09958666977013,982.8378248724456,2172.0,0.18063500000000002,0.08099735659266913,0.1979635698809253,0.438,31.504850000000005,0.032007460067928865,31.47,31.55,0.08000000000000185,0.010302197802198192,31.74330000000001,0.01696554077932162
871,2502094,2507922,917.45,54.78628934322893,919.0843486862345,1080.0,308.0,-252.55,56.335934358098655,258.7571061826129,404.0,320.0,-13710.86,80.57084087931563,13711.09673220928,13960.0,512.0,13744.06741957239,80.34703634098138,13744.302269667965,13988.455239946976,507.7514007551963,109.205,11.70269092986737,109.83025539440396,146.0,341.895,11.598231546231519,342.09166900116116,375.0,95.6225,10.837204148210922,96.23464812633753,135.0,371.7736788326342,11.61181412396023,371.95497375354455,406.85255314425643,902.6325,390.7510939763957,983.5811341724688,2163.0,0.181815,0.07871884002575241,0.19812458201848654,0.436,31.50875,0.030780472705922865,31.47,31.55,0.08000000000000185,0.01029512697323306,31.74295,0.018605453696917892
872,2505104,2510807,916.06,55.57478205085469,917.744234522887,1080.0,320.0,-257.33,51.22451659117927,262.3788863456814,404.0,296.0,-13703.32,81.56137321060748,13703.562722153682,13960.0,512.0,13736.525262834615,81.25357534528402,13736.765574180845,13988.455239946976,507.7514007551963,107.1575,11.695413363793516,107.79384258852636,146.0,342.2875,12.191178931916305,342.5045364663073,378.0,95.45,11.999062463376045,96.20124739316014,135.0,371.53680957605843,11.997880231262506,371.73048032142856,406.85255314425643,876.515,404.6127096063592,965.3962865062202,2698.0,0.17658000000000001,0.08148894771685299,0.19447607822043306,0.543,31.504949999999997,0.027376951985202052,31.47,31.55,0.08000000000000185,-0.014027704716816034,31.743150000000004,0.02095651303524688
873,2508000,2513697,916.71,57.5403849483126,918.5140826356447,1068.0,308.0,-261.57,50.16826785927535,266.3376053057472,404.0,268.0,-13696.93,79.64254579055091,13697.161543911207,13948.0,472.0,13730.275897976757,79.76192975725606,13730.507572555356,13982.675566571657,471.3392892081192,107.2225,11.982194863629951,107.8899323384717,137.0,342.2175,12.04990430459927,342.42958035193163,378.0,94.71,12.425614672924636,95.52162058926764,126.0,371.3251824473225,11.84246091243911,371.51397685686067,402.85605369660266,856.5775,386.6796400041641,939.811767057638,2698.0,0.1725625,0.07786402310277835,0.18931619714118492,0.543,31.490150000000003,0.027766481592020845,31.43,31.53,0.10000000000000142,0.0,31.743700000000004,0.02378495975983391
874,2510884,2516702,917.88,55.97629498278713,919.585254340238,1064.0,300.0,-259.68,53.665422759911245,265.1672679649583,444.0,328.0,-13701.36,80.10686861936372,13701.594175861435,13908.0,432.0,13734.745146922109,80.05891018242421,13734.978473954738,13943.824439514434,432.48816215089573,108.56,11.703050884277996,109.18898753995295,143.0,341.77,11.959602836214922,341.9791879632443,384.0,95.5025,11.876868010969897,96.23818109253729,136.0,371.4713097616179,11.952134704233659,371.6635407192909,412.22566635278787,881.65,385.8828157614692,962.399225893288,2273.0,0.17759250000000001,0.07773304602130293,0.19385954322653295,0.458,31.490750000000002,0.03527658571914301,31.43,31.53,0.10000000000000142,0.0034376074252319656,31.75335,0.022739177105572106
875,2513903,2519593,915.53,53.27944350309976,917.0789933260929,1064.0,288.0,-259.0,54.08105028565921,264.5860162593632,444.0,356.0,-13703.64,78.66606892428273,13703.865790352735,13924.0,436.0,13736.84201581921,78.41347093443437,13737.065816250573,13962.714922249183,445.17135842073003,109.5575,11.568780996716985,110.1666124558616,143.0,341.7275,12.291185612055495,341.9484719954163,384.0,96.4375,11.151282157222997,97.08008292126661,136.0,371.93197970610447,12.513391702408896,372.1424223331707,412.22566635278787,925.8125,432.4688570796168,1021.8405440674196,2333.0,0.18647249999999999,0.08713724372362257,0.20582733661979888,0.47,31.494850000000007,0.05832218703032334,31.35,31.55,0.1999999999999993,-0.031634446397187994,31.74655,0.021593127561673805
876,2516779,2522487,917.34,55.06109697417951,918.9909683995812,1084.0,380.0,-257.88,53.63492891763724,263.39855732330807,400.0,312.0,-13699.32,79.91556544253442,13699.553093440676,13924.0,436.0,13732.637942579826,79.5820206885857,13732.868533558456,13962.714922249183,445.17135842073003,109.545,11.526837163766997,110.14978438471861,141.0,341.3075,11.9022243194287,341.5149667291318,367.0,96.845,11.731196656778028,97.5529343484859,129.0,371.6620692310405,12.220016157976728,371.8629082067745,396.7782756149837,943.8975,427.5442631982682,1036.212616937277,2333.0,0.19011250000000002,0.08611762214407687,0.20870794786016175,0.47,31.48785000000001,0.054077513811195146,31.35,31.55,0.1999999999999993,-0.0035038542396635553,31.741100000000007,0.016169217947153328
877,2519671,2525497,923.15,55.97104161975191,924.8452194826981,1084.0,380.0,-253.15,53.27285894336815,258.694646253068,396.0,292.0,-13694.77,80.49873974168788,13695.006586343798,14028.0,540.0,13728.40323095853,80.07326774564585,13728.636749510128,14061.985635037465,538.2175210834248,110.1725,11.737876458286653,110.79601752770719,149.0,340.94,11.435313725473385,341.13171942814114,370.0,96.4475,12.23569547471659,97.22053538219177,137.0,371.42848593351374,11.803382444772893,371.6159845862392,403.1513363490192,927.305,412.4636007879968,1014.8993964920858,3101.0,0.18679,0.08309546257167114,0.20443913519676218,0.625,31.501300000000004,0.030402467005163487,31.47,31.55,0.08000000000000185,-0.0034328870580157184,31.749250000000004,0.0132996127480507
878,2522564,2528387,922.15,54.22893600283893,923.7431461180105,1136.0,368.0,-253.24,52.43340919680886,258.6112139873289,396.0,300.0,-13697.93,81.66807883132797,13698.173453420715,14028.0,540.0,13731.477565744832,81.61483594578243,13731.720107837911,14061.985635037465,538.2175210834248,109.6,12.166141541178945,110.27318350351548,149.0,341.065,11.56895738603959,341.2611536638766,379.0,96.4575,11.063371717067088,97.08989391280639,137.0,371.357755947031,11.798923594351288,371.54514866971414,411.51063169740826,915.2625,444.6558035084553,1017.5579725499673,3101.0,0.18438000000000002,0.08959841293237286,0.2049972194933385,0.625,31.511550000000003,0.03256681593278756,31.47,31.55,0.08000000000000185,0.010303967027305903,31.739700000000003,0.010008016836641612
879,2525574,2531262,918.1,54.56583179976275,919.7200878528206,1136.0,368.0,-250.97,52.15380235419082,256.33173818315987,408.0,312.0,-13706.44,80.255382374019,13706.674957844445,13944.0,428.0,13739.65398647242,80.23547851490483,13739.88826009877,13972.524467682997,423.4887824395628,108.725,11.820295047078986,109.36564817162655,145.0,341.47,11.902062846414482,341.67736243421217,379.0,96.645,10.951665398467942,97.26353376265948,128.0,371.51467555266606,11.887213676772186,371.70480222886545,411.51063169740826,913.875,473.1911287999808,1029.1148429597156,2367.0,0.1840925,0.09532724659692003,0.207309750132501,0.477,31.509900000000002,0.031048188352946832,31.47,31.55,0.08000000000000185,0.0,31.735750000000003,0.009063269671749464
880,2528463,2534147,918.08,50.904553823798516,919.4901630795188,1048.0,268.0,-257.34,52.49118402170025,262.63891562371333,408.0,308.0,-13710.24,79.2026666217748,13710.468770979349,14032.0,520.0,13743.54866665005,79.15382127003667,13743.776601793264,14065.440199297,516.4045140535654,109.81,11.70401213259795,110.43197000868906,140.0,341.73,11.71482394233904,341.9307386006704,376.0,96.52,11.48780222670986,97.20123456006101,133.0,372.055099838456,11.616052866465916,372.23638994595893,406.37544217139896,923.195,450.8055201248095,1027.3824141963887,3059.0,0.185955,0.09080643135263053,0.20694218999517716,0.616,31.51755,0.02144755230789858,31.47,31.53,0.060000000000002274,0.0,31.73485,0.013782321319442991
881,2531339,2537177,920.65,53.097057357258514,922.1798739942225,1092.0,336.0,-262.5,52.00836471184227,267.6025410940636,416.0,316.0,-13701.05,80.57479444590597,13701.286924957087,14032.0,616.0,13734.656550635298,80.62056865922584,13734.89316449167,14065.440199297,618.6764250649267,109.795,11.206380994772577,110.36541577867588,140.0,342.1425,11.518775705342994,342.3363441120443,374.0,96.575,11.051215996441297,97.20524677197214,133.0,372.42001273396846,11.264617846638,372.59033468408705,400.1812089541437,943.6475,424.92655041047976,1034.9073279767615,3059.0,0.19008000000000003,0.08558827957144599,0.20846045188476398,0.616,31.515900000000002,0.024355492193754838,31.47,31.55,0.08000000000000185,-0.010277492291881171,31.742150000000002,0.020699000496494185
882,2534330,2540062,915.49,57.52581942050022,917.2955685055936,1092.0,336.0,-257.87,51.400224707680024,262.94280746960925,416.0,316.0,-13699.77,76.34649369813914,13699.982731375978,13916.0,500.0,13732.963048835478,76.30740016119499,13733.175048764215,13953.58821235599,506.8244381239165,109.0325,10.940815497484637,109.58005064791675,136.0,342.0825,11.65550057912572,342.28100663051697,374.0,95.9925,11.348455566728012,96.66099264956883,125.0,371.98444595103285,11.618712084527592,372.1658534847065,402.24122115964195,942.3575,424.66107037701255,1033.6221178457822,2801.0,0.18982750000000004,0.08553193990404988,0.2082070904172094,0.564,31.5013,0.028988101007138427,31.47,31.55,0.08000000000000185,0.0,31.745,0.017080085576725263
883,2537256,2542942,916.66,60.91538721866586,918.6817947472346,1092.0,336.0,-256.96,49.65358395926723,261.71343106535437,404.0,288.0,-13707.27,80.96163968201238,13707.509096841773,13948.0,480.0,13740.513864260829,80.9601510370877,13740.752373869489,13989.444020403384,489.2899472085155,108.8325,11.397782404924214,109.4277044445327,141.0,341.3425,12.0216552000962,341.5541282139626,383.0,95.895,11.477324383322099,96.57939738888413,127.0,371.23562249884077,12.05560400387288,371.4313193579669,410.3084205813963,911.6125,431.5060223725157,1008.5805855260154,2801.0,0.1836325,0.08690711963786396,0.2031594017022102,0.564,31.49714999999999,0.04751712849068271,31.39,31.55,0.16000000000000014,-0.014069644741469978,31.743400000000005,0.022037561919103603
884,2540139,2545962,920.9,58.432097343840056,922.7519276598667,1076.0,320.0,-255.12,49.84160511059009,259.9430706904879,428.0,324.0,-13702.34,90.39272315844899,13702.638151830472,13952.0,484.0,13735.836423502495,90.17531137808194,13736.13241928018,13989.444020403384,489.2899472085155,108.31,11.561094238868568,108.9252725495787,141.0,340.59,11.15333582386902,340.7725707858542,383.0,95.91,11.23418443857853,96.56570302131082,132.0,370.39194834304044,11.198196401496253,370.56118927917964,410.3084205813963,918.3875,452.2444221256355,1023.699476164758,2579.0,0.18497749999999996,0.09110890183593479,0.20619773883338294,0.519,31.49325,0.04710029193115521,31.39,31.55,0.16000000000000014,-0.013738622703074334,31.743350000000007,0.02204523715460976
885,2543019,2548822,919.28,56.32585196870084,921.0039739327947,1052.0,312.0,-251.79,50.1381680957731,256.73340257940725,428.0,324.0,-13697.45,83.81275260961186,13697.706416769197,13952.0,480.0,13730.780736569073,83.5571915734868,13731.034973373275,13977.940907014881,468.4295909087359,109.315,11.931922519024333,109.96426692339652,149.0,339.995,10.793052163313213,340.1662681689647,371.0,96.7875,11.171720715717878,97.43011598063507,132.0,370.3754871675641,10.94787675257672,370.53725521194224,401.47851748256716,951.2925,464.03268952063064,1058.4345787529808,2579.0,0.191605,0.09348576883675933,0.21319489909470163,0.519,31.489950000000004,0.022158463394378956,31.39,31.53,0.14000000000000057,0.01723246596587935,31.734850000000005,0.008582636782209488
886,2546039,2551822,918.3,57.70606553907483,920.111341088675,1064.0,324.0,-250.02,51.344323931667454,255.23761478277453,380.0,264.0,-13702.02,76.17610911565383,13702.231748149641,13968.0,436.0,13735.252115158946,75.86391119415548,13735.461623112637,13994.884208166926,428.3978539188229,110.27,11.724423226751925,110.89154611601373,149.0,341.0175,12.10773280800332,341.2323731711281,378.0,96.8775,11.215056564725833,97.52449692256813,131.0,371.6260261016611,11.899232071335815,371.8164802695007,401.47851748256716,938.845,453.2722592162463,1042.5380928292261,2299.0,0.1891225,0.09131326570520847,0.21001293412549618,0.463,31.5021,0.036682284552629105,31.43,31.57,0.14000000000000057,0.0,31.728150000000007,0.012727232854801705
887,2548912,2554732,921.09,54.13438740763582,922.6794242855966,1064.0,320.0,-252.61,50.18194794943695,257.54619003200185,404.0,304.0,-13706.06,79.45713561411587,13706.290313575004,13968.0,544.0,13739.497726836185,79.1437569446243,13739.725671206104,13994.884208166926,533.5529218490683,108.97,11.32228333862035,109.55662919239529,145.0,341.4225,12.312351268137212,341.64443139029794,378.0,95.9325,10.870277997825077,96.54640076149913,128.0,371.345534200894,12.135659399168913,371.5437793854178,403.70905365126504,930.5825,436.18942352348483,1027.737808246831,3446.0,0.18746000000000002,0.08786747634932962,0.2070312657547164,0.694,31.5095,0.03799671038392737,31.43,31.57,0.14000000000000057,0.00687285223367744,31.726750000000003,0.011258525035052633
888,2551917,2557607,920.01,53.66674855066216,921.5739362633907,1068.0,300.0,-255.69,47.19262548322566,260.00869216239676,416.0,316.0,-13705.92,79.3644353599268,13706.149778840154,13928.0,504.0,13739.327995124533,79.44206937915463,13739.557663913349,13960.436096340258,499.10481002239976,108.7225,11.597003653961657,109.33925415878782,141.0,340.82,11.193417708635732,341.00376097632704,378.0,95.9775,10.448300998248472,96.54453635499007,124.0,370.7160170275675,11.363085813998433,370.8901252392681,403.70905365126504,877.33,410.2623929877073,968.515957535032,3446.0,0.1767225,0.08262103541925626,0.19508223266099864,0.694,31.51085,0.025812351694490338,31.47,31.55,0.08000000000000185,0.010544815465729749,31.730050000000002,0.012056570916128386
889,2554809,2560533,917.52,56.34331903606673,919.2483451168134,1088.0,336.0,-253.55,49.76542474449505,258.38769320538466,416.0,280.0,-13696.45,79.33219712071511,13696.679750946942,13932.0,460.0,13729.695442408396,79.25262588789205,13729.924177503675,13969.824050430985,457.85957445636814,109.0375,12.347108720263218,109.73434968140104,151.0,341.25,11.489669272872913,341.44337012160594,372.0,96.67,10.431735234370167,97.23121926624185,122.0,371.42079524466504,11.211840162104593,371.5899790091224,402.61892652978946,860.6275,391.8718715903835,945.6443610047066,2353.0,0.1733475,0.07891876673992061,0.1904666046843908,0.474,31.501300000000004,0.025225185826868685,31.47,31.53,0.060000000000002274,-0.0069881201956678365,31.729650000000003,0.01666047504038876
890,2557685,2563392,916.6,55.614746245937326,918.2856636145422,1088.0,336.0,-253.37,53.27140978048169,258.9096367461049,412.0,300.0,-13693.2,81.11867849022198,13693.440271896614,13932.0,496.0,13726.400099995628,80.80553718670588,13726.637943793812,13969.824050430985,498.95295758773136,109.055,12.0011239057015,109.71335379068493,151.0,341.675,12.523552810604505,341.9044384034814,376.0,96.9475,10.55413396494473,97.52029276001996,133.0,371.89562684685006,11.811656623371542,372.08315266886245,405.32949559586706,893.1975,392.8448847748307,975.7709144568719,2232.0,0.17989249999999998,0.0791256023278812,0.19652524646976022,0.45,31.499750000000002,0.02420614591379736,31.47,31.55,0.08000000000000185,0.003504468196951038,31.733800000000002,0.02233398794536789
891,2560610,2566388,919.71,56.20494551193872,921.4257864852709,1088.0,328.0,-252.45,54.12206112113618,258.18636679731947,408.0,328.0,-13702.66,78.88551451312212,13702.887068059781,13920.0,484.0,13736.031814567437,78.92825344063522,13736.2585764829,13947.444783902176,476.5736910589221,109.82,11.491196630464557,110.4195634840131,143.0,342.16,12.019750413382136,342.3710560196349,376.0,96.6625,11.018556790705397,97.28847567929103,133.0,372.4769211631726,11.67949916750273,372.65998913218465,405.32949559586706,849.2225,398.2976499977749,937.9871387711028,2232.0,0.17104,0.08024003614156713,0.1889262951523689,0.45,31.514650000000003,0.021572609948730212,31.49,31.55,0.060000000000002274,0.0,31.736250000000005,0.019872715265661568
892,2563469,2569257,925.58,57.708782693798,927.3772910741345,1088.0,336.0,-251.17,51.33333322510823,256.36200966601893,388.0,308.0,-13705.46,80.87885014019425,13705.698639617025,13920.0,456.0,13739.190572180372,81.04160234095033,13739.429584957303,13955.772999013705,457.0625420848646,110.655,11.564210954492312,111.25762895190604,143.0,341.595,12.239933619101045,341.81421854568896,376.0,96.485,10.694614298795445,97.07589814160876,127.0,372.14479553294007,12.132648422591625,372.34251704579754,402.256137305573,840.03,391.611011208827,926.8276997371194,2054.0,0.16921,0.07889259090687795,0.18669779056003852,0.414,31.512199999999996,0.02002897900543244,31.49,31.55,0.060000000000002274,-0.003455425017277051,31.734200000000005,0.011605892548814625
893,2566465,2572152,921.55,58.657288549676416,923.414901330924,1100.0,376.0,-249.78,50.4526669265362,254.8244886191278,412.0,300.0,-13703.19,83.44401656200401,13703.444059067779,13920.0,464.0,13736.630818828573,83.56690259360118,13736.885006434319,13955.772999013705,470.067381583076,110.71,11.771189404643865,111.3340244489527,144.0,341.225,12.424144839786761,341.45110923820414,376.0,96.15,10.91844769186536,96.76794407240448,124.0,371.7484048787404,12.299734554536514,371.9518248375722,408.86305775895187,949.625,437.575969832668,1045.5909190500845,2572.0,0.19127,0.08813817050517897,0.21060045109163467,0.518,31.51235,0.022214353467973257,31.49,31.55,0.060000000000002274,0.0,31.733550000000005,0.014314669903147661
894,2569334,2575052,917.6,56.16546981909793,919.3173119222763,1100.0,376.0,-251.74,50.83554268422832,256.8214944275498,440.0,344.0,-13703.79,78.73090816191566,13704.016160235655,13984.0,528.0,13736.991413628975,78.91401576258298,13737.218077907914,14015.632986062385,529.9273686317556,109.875,11.584229581633817,110.48398073929089,144.0,341.435,11.403980664662669,341.6253942551695,374.0,96.1325,11.155937600668087,96.77764462932542,124.0,371.69150347471106,11.223134353150408,371.8609047748903,408.86305775895187,1053.065,475.643843411223,1155.5011726519363,2572.0,0.21209,0.09581545752121627,0.23272896252937664,0.518,31.5233,0.020666639784929757,31.49,31.55,0.060000000000002274,0.0,31.723100000000002,0.01539423450972281
895,2572229,2578042,920.08,53.844160314745366,921.6541650749483,1104.0,368.0,-253.23,49.80569344964489,258.08146000826946,440.0,380.0,-13705.03,77.1109531778722,13705.2469295522,13984.0,508.0,13738.40885411954,77.25281256931324,13738.6260535761,14015.632986062385,501.4081840250874,109.575,11.369229305454262,110.1632425085609,151.0,339.9825,11.589745197803099,340.1799854488797,369.0,95.4325,10.816212079559092,96.0434927519819,121.0,370.0654274346823,11.588546828050267,370.2468298311276,402.3468652792016,1232.4275,647.5677954807127,1392.2002702556842,4813.0,0.2482125,0.13042376065636968,0.28039222974255185,0.969,31.5168,0.023361506800719314,31.49,31.55,0.060000000000002274,0.0,31.719150000000003,0.01542310540880525
896,2575129,2580902,924.18,54.37910995961593,925.7784616202733,1104.0,324.0,-252.08,52.94897166140245,257.5808999130176,440.0,380.0,-13704.73,78.43460397044151,13704.954445746984,13908.0,432.0,13738.378063088148,78.47442677970983,13738.60218653994,13939.798563824372,425.57376178707455,109.0375,10.781516301058957,109.56923610211034,151.0,340.0725,11.917937898395008,340.28126968729856,377.0,95.3125,11.726032737034295,96.0311017327199,134.0,369.9667467100486,11.972419504123867,370.16041455023253,407.0356249764878,1288.4475,658.9978013952323,1447.1955854341181,4813.0,0.2595325,0.13272292169685687,0.2915004159516758,0.969,31.4932,0.030062601351181134,31.43,31.55,0.120000000000001,0.0,31.72585,0.016137799460538612
897,2578119,2583767,926.71,53.68999813745573,928.2639926227884,1072.0,280.0,-250.23,54.03949574154074,255.99867187155482,440.0,316.0,-13704.8,79.68638528632103,13705.031665778813,13908.0,416.0,13738.587661235471,79.44428581386096,13738.817355216568,13940.129698105395,409.60420941871234,109.3425,10.750357842881325,109.86970692597664,140.0,341.555,11.724204663856735,341.7561630753716,377.0,94.9925,11.466579426751467,95.68206467253934,134.0,371.3428894286572,11.320047295661702,371.51538999077815,407.0356249764878,1056.0975,474.0927208824767,1157.6294042136283,2748.0,0.2127675,0.09550119603308642,0.2332176826486362,0.554,31.49295,0.03105313993785564,31.43,31.55,0.120000000000001,0.014164305949008827,31.7231,0.016094644885332243
898,2580979,2586772,919.03,56.237879583071056,920.7490646207575,1072.0,324.0,-248.61,52.19183748441896,254.02936838090199,420.0,296.0,-13705.56,77.69508607370223,13705.78022003855,13908.0,416.0,13738.802811538966,77.57902840965224,13739.021842911525,13940.129698105395,409.60420941871234,110.4175,11.183389188881874,110.98239725289773,140.0,341.275,12.017253221930542,341.4865151071122,369.0,95.27,10.716907203106688,95.87087670403353,127.0,371.4667968164069,11.566173220139918,371.6468182293507,401.04239177423625,940.7675,403.4640299255313,1023.6340715802694,2439.0,0.189525,0.08127360810865973,0.20621620935319318,0.491,31.493700000000004,0.027754459101197563,31.47,31.55,0.08000000000000185,0.0,31.7229,0.015626915922635612
899,2583844,2589677,911.71,56.299519536138135,913.4466377408152,1056.0,308.0,-248.94,52.78784329748659,254.47530332038116,420.0,296.0,-13707.63,80.63289093167873,13707.86715284329,13956.0,476.0,13740.388162570414,80.6068352861883,13740.624597157146,13980.115593227403,463.49234627700207,110.9675,10.78454652500512,111.49032469232476,142.0,341.5875,11.856109975451476,341.79319405160777,373.0,95.5175,11.17316847407216,96.16877091863034,127.0,371.9777084007251,11.562739854597819,372.15737598494536,401.373890531011,938.07,431.0623911918088,1032.3711105992845,2439.0,0.18896500000000002,0.0868185393507631,0.2079548749128041,0.491,31.493100000000005,0.024380114847966598,31.47,31.55,0.08000000000000185,-0.010286302074404641,31.7229,0.011485634483943028
900,2586852,2592597,918.96,55.802136159828144,920.6526815254491,1056.0,292.0,-253.35,53.526605534070626,258.9426963635005,408.0,292.0,-13702.26,86.13902948141452,13702.530753112726,13976.0,508.0,13735.59750354793,85.80757849929246,13735.86552496784,14008.645330652069,511.99448683159244,111.655,11.294068133316712,112.2247521717023,147.0,342.1625,11.918728696887097,342.3700227823692,373.0,94.835,11.40801363077727,95.51868927073905,128.0,372.55286999443297,11.82398236260303,372.74045594756683,407.481287913936,915.6625,405.35713709487095,1001.3751657096356,2239.0,0.18444250000000004,0.08163780799206946,0.201702175248558,0.451,31.504850000000005,0.026238854776839148,31.47,31.55,0.08000000000000185,-0.0034812880765882634,31.726250000000004,0.011101604119904586
901,2589754,2595567,920.8,51.34043240955417,922.2301664985807,1052.0,284.0,-258.78,53.52337433308927,264.2571474908484,416.0,300.0,-13699.22,83.58918351078684,13699.475017678596,13976.0,508.0,13732.769915140112,83.58551203801397,13733.02428746123,14008.645330652069,512.370881753217,111.14,11.313505203958675,111.71434554254883,154.0,341.385,11.955407772217558,341.5942768841422,378.0,95.7975,11.298296055158051,96.46145603296686,128.0,371.91865938833655,12.168331799490025,372.1176662025064,409.9573148511928,907.4425,395.69540266946495,989.9630005712335,2099.0,0.18278,0.07970879248865836,0.19940416244401724,0.423,31.495150000000002,0.03216329429644974,31.43,31.55,0.120000000000001,0.0,31.731800000000003,0.010050499058669499
902,2592674,2598463,918.9,50.9469331756093,920.3112516969463,1060.0,292.0,-258.14,53.96054484528488,263.719548005073,416.0,308.0,-13699.39,81.84416839335593,13699.634478335545,13952.0,484.0,13732.801590412464,81.64630037474348,13733.044296149343,13983.309479518788,487.03503061993615,109.2375,11.633834009044481,109.85525704307464,154.0,340.6975,11.754828529161964,340.9002236725579,378.0,96.7225,10.920645299157005,97.33705615026582,127.0,370.96948375520384,11.716852068602865,371.1544725582597,409.9573148511928,918.49,415.7000900889968,1008.1817519673722,3303.0,0.1849875,0.08373626659787264,0.2030569809191499,0.665,31.480000000000004,0.025179356624028298,31.43,31.53,0.10000000000000142,-0.010364484366902526,31.730100000000004,0.011930878620690434
903,2595668,2601342,917.27,55.61966468795007,918.9547322909873,1060.0,296.0,-254.94,50.28316219173173,259.85149605110996,400.0,292.0,-13691.96,84.36633451798176,13692.219919355663,13952.0,492.0,13725.22582958656,84.04074517742337,13725.483121551677,13983.309479518788,484.67014068170647,109.6225,11.948221363449875,110.27172121627558,149.0,340.835,11.468555924788438,341.02789475349374,376.0,95.735,10.810863749025792,96.34347409139863,122.0,370.9599383127294,11.43095214826819,371.13601617196895,409.654732671307,917.9675,429.67653117636064,1013.5513072854279,3303.0,0.18489750000000002,0.08656198353636543,0.20415695555136004,0.665,31.468400000000006,0.01916872452720797,31.43,31.49,0.05999999999999872,-0.0035248501938666852,31.727000000000004,0.010830200048138621
904,2598540,2604362,917.83,55.70754975764057,919.5190264480665,1108.0,368.0,-256.56,51.75873259653872,261.72886734175887,408.0,300.0,-13693.23,84.19054044249864,13693.488813301014,13964.0,528.0,13726.564282982246,84.179006623264,13726.822397044409,13994.267397759699,522.6254785280271,110.775,11.569329064383984,111.37751119503434,140.0,340.735,11.507379154264449,340.9292595246116,376.0,95.5275,11.20732991171403,96.1826777543649,124.0,371.16074426879,11.336640324093537,371.33383565196425,409.654732671307,901.545,428.0820458451861,998.0168460502057,2346.0,0.18161250000000004,0.08623553411297456,0.2010464312043365,0.473,31.485150000000004,0.030421661690316005,31.43,31.53,0.10000000000000142,0.010305736860185283,31.7205,0.009999999999999787
905,2601420,2607242,918.89,57.200069055902375,920.6686048736537,1108.0,368.0,-256.72,53.15826934729911,262.1659016729674,408.0,300.0,-13696.77,83.94383300755334,13697.027232213566,13964.0,528.0,13730.181877739167,83.79883175177802,13730.437598270493,13994.267397759699,522.6254785280271,109.94,11.829471670366347,110.57459020950519,151.0,340.6075,11.406070478039315,340.7984264928464,367.0,95.9425,11.482124966660134,96.62713128309254,124.0,370.9230239825358,11.100463037694396,371.08908633911614,397.7775760396757,882.71,392.00847044419845,965.8403517145057,2250.0,0.17780500000000005,0.07896972188756902,0.1945529105410659,0.453,31.498450000000002,0.020337096646277794,31.47,31.53,0.060000000000002274,0.010305736860185894,31.71715,0.009597279271937176
906,2604440,2610143,917.46,55.355834380849146,919.1284567458457,1092.0,344.0,-250.89,50.11275187015776,255.84581294209215,396.0,296.0,-13703.36,81.7943176510447,13703.604109868324,13948.0,508.0,13736.533594747307,81.63700373393934,13736.776179293307,13984.597813308754,510.01136325396874,109.8975,11.574627153822277,110.50535054919287,151.0,341.43,11.070686518911101,341.6094334177556,371.0,96.0625,10.901311561000355,96.67906960661134,121.0,371.66398144986374,11.007492577120413,371.8269489964384,398.3076700240657,916.06,373.8936297932876,989.4252725698894,2482.0,0.18451,0.07533468590231195,0.19929690163171127,0.5,31.504500000000004,0.022666053913287475,31.47,31.53,0.060000000000002274,-0.0035069261792038528,31.722399999999997,0.013216531002094153
907,2607318,2613023,916.67,52.467047753804486,918.1702892165483,1044.0,296.0,-249.77,50.022665862586734,254.72989616454524,396.0,296.0,-13702.07,78.28764334171773,13702.293648874995,14016.0,516.0,13735.161778054891,78.14199037648685,13735.384058700361,14048.492588174719,511.5434488745341,110.4275,11.125185110819505,110.98649692642795,148.0,341.3425,11.133741228805347,341.5240291692519,371.0,96.1075,11.004360215387354,96.73545110247845,127.0,371.7418069503095,11.065327167272592,371.9064566527449,401.33028791757044,934.2875,414.3241784445484,1022.0360353236083,2814.0,0.1881825,0.08347657871373262,0.2058664433558806,0.567,31.514649999999996,0.022121878310849902,31.47,31.53,0.060000000000002274,0.0,31.722649999999994,0.014951131758235588
908,2610219,2616072,918.38,54.958307834211936,920.0229562353322,1072.0,312.0,-252.68,51.08754838510065,257.79278500377,412.0,284.0,-13689.66,81.84842332018376,13689.904677535194,14016.0,576.0,13722.962945548434,81.71557443162287,13723.2062376108,14048.492588174719,579.9318632865543,110.53,11.276706079347816,111.10375781223604,148.0,341.725,12.183159483483749,341.9421076732142,376.0,94.5625,11.303366478620429,95.23566821312276,127.0,371.7453091570255,11.987811299295858,371.93854667135537,401.33028791757044,911.75,423.4648834319087,1005.2912861454633,2814.0,0.1836425,0.0853222110223944,0.20249554933380637,0.567,31.50455,0.027190025744748,31.47,31.55,0.08000000000000185,0.003417051084913647,31.712349999999997,0.012644255335228302
909,2613100,2618982,919.56,54.242846532976124,921.1584445685769,1084.0,324.0,-251.52,52.27857687427996,256.8956208268253,412.0,284.0,-13691.39,81.75174554711356,13691.634069021857,13928.0,488.0,13724.747215338484,81.7654881873731,13724.990773038793,13960.55471677254,491.99399188437565,111.1825,11.486478735887687,111.77427029509072,142.0,342.555,12.109169046635694,342.7689600882787,376.0,94.8625,10.788354543210007,95.47398860422665,126.0,372.779202483249,11.618786337344318,372.9602257614074,402.26608109558526,939.7475,427.3353527895276,1032.3472610996746,2554.0,0.18926500000000002,0.08608582795675489,0.20792308674122745,0.514,31.501550000000005,0.028906703374823987,31.47,31.55,0.08000000000000185,-0.01020061203672259,31.707849999999997,0.01003140432251138
910,2616149,2621877,918.98,54.95161144133992,920.6214857366734,1084.0,332.0,-249.13,53.61830937282525,254.83461303363012,408.0,336.0,-13698.79,82.01131568265443,13699.035488675836,13960.0,476.0,13732.055777411651,81.8660250364076,13732.299804475577,13993.509924247026,478.9536237242446,110.8975,11.448886135777578,111.48691627271785,142.0,341.26,11.296344541487747,341.4469138826708,373.0,97.06,11.395016454573463,97.72660845440201,132.0,372.0859551050506,10.856312152949444,372.24429814303403,407.9877449139864,892.945,420.39120706194603,986.9546798105778,2554.0,0.17984499999999998,0.08467157713778574,0.19878002917798357,0.514,31.513550000000006,0.02650278287274859,31.47,31.55,0.08000000000000185,0.0,31.714250000000003,0.01213695861453854
911,2619060,2624872,921.61,54.024512029263164,923.192092687107,1072.0,320.0,-250.62,53.393029507605206,256.2444145732742,412.0,340.0,-13700.32,82.84333165680869,13700.570466955016,13960.0,520.0,13733.781870484072,82.53177547488184,13734.02985143108,13993.509924247026,514.003108343115,110.43,11.49783023009124,111.02695618632441,140.0,340.195,11.790758033307274,340.3992655691255,374.0,97.075,12.003931647589468,97.8143649981944,132.0,370.9863166259433,11.638207607503036,371.1688227747584,410.0060975156345,876.1725,404.6289630559706,965.0921445644452,2233.0,0.17649749999999997,0.08150634940757684,0.19440846817975804,0.45,31.520599999999998,0.019739300899475714,31.47,31.55,0.08000000000000185,0.01032346868547871,31.71965,0.010006388936517905
912,2621954,2627753,922.85,50.30782742277786,924.2202118542962,1064.0,272.0,-253.77,53.36541108246051,259.3204195585068,440.0,340.0,-13703.5,80.82468682277711,13703.738354186422,13924.0,484.0,13737.08024824336,80.63010183647732,13737.316876304485,13959.187368897947,479.6805529940357,111.175,11.445932683709092,111.76265029069415,140.0,341.32,11.988227558734446,341.5304671621552,374.0,96.195,11.820828016683095,96.91857407122744,128.0,372.00377693205604,11.846938350690534,372.1923696154987,410.0060975156345,908.22,415.2239415062672,998.6363151818584,2233.0,0.1829475,0.0836361748512568,0.20115863764700734,0.45,31.514799999999994,0.026018454988719988,31.43,31.53,0.10000000000000142,-0.017244352474564822,31.71855,0.011144865187615326
913,2624949,2630638,919.15,51.75285016305865,920.6058222713997,1056.0,272.0,-254.18,52.590945988829674,259.56363381644974,440.0,340.0,-13709.86,81.32441453831684,13710.101198751234,13952.0,480.0,13743.18579545918,81.28610883217166,13743.426182724597,13983.71452797861,478.13345939810824,111.4425,11.299411212536697,112.0138719087953,140.0,341.965,11.616530247883832,342.16224952498777,373.0,96.43,11.908824459198312,97.16256995366065,132.0,372.7272781359749,11.706990789590385,372.91108524687223,402.4649053023133,868.84,393.25073985944385,953.6923455706248,2205.0,0.17500999999999997,0.07920100946326379,0.19209711085802408,0.444,31.507849999999998,0.031786435786354754,31.43,31.53,0.10000000000000142,-0.0070311126735810685,31.718700000000002,0.015521349190767666
914,2627830,2633532,919.07,57.46351103091422,920.8646588940201,1072.0,344.0,-254.65,50.36246121864975,259.5823568734979,440.0,324.0,-13712.14,83.72849216365955,13712.395627314725,13952.0,544.0,13745.479315871242,83.46817930086875,13745.7327400179,13983.71452797861,539.0332004052398,110.69,11.509079024839476,111.28672427562957,139.0,340.925,11.224944320574602,341.10974040622176,374.0,95.9825,11.659210682975068,96.6880421768897,132.0,371.42551578458506,11.500161918639902,371.6035084602943,402.9640182448056,911.3875,429.4878139642032,1007.5152393388399,2867.0,0.183585,0.08650533379509034,0.20294488167973093,0.577,31.50025,0.024898544134146567,31.43,31.53,0.10000000000000142,0.010522623640827556,31.7152,0.01617448716614249
915,2630715,2636537,924.47,57.92736054749948,926.2830884778152,1080.0,352.0,-253.24,51.632377438967495,258.4499951634745,440.0,340.0,-13702.88,84.79024472190183,13703.142328677755,13912.0,504.0,13736.584901583297,84.50847054454559,13736.844850255826,13944.600101831533,499.91877425816347,110.6375,11.617706045084804,111.24579767344024,144.0,340.6425,11.226517436409209,340.82744534441474,374.0,96.25,10.956619004054124,96.87161606993041,133.0,371.2051573428239,11.393689573152388,371.3799738811989,402.9640182448056,998.325,461.2515955256957,1099.7298941103675,2867.0,0.20109000000000002,0.09291155417923004,0.22151691808979285,0.577,31.472550000000002,0.04221963405810102,31.39,31.53,0.14000000000000057,0.0,31.710099999999997,0.011846554441284598
916,2633609,2639428,920.63,58.18009195592596,922.4665413986569,1080.0,316.0,-250.78,51.829254287516044,256.07983130266234,396.0,308.0,-13700.38,83.47464046044163,13700.634297725052,13968.0,548.0,13733.788611561831,83.37825216783905,13734.041705193704,14004.04512989015,553.8620828085968,111.37,11.7199872013582,111.98497667098029,145.0,341.8675,11.15638578348741,342.04948837850935,377.0,97.055,10.79314481511297,97.65328975513319,135.0,372.7596415898341,11.175960890161733,372.92714100746275,406.82551542399597,999.57,466.59995724389,1103.1118279666844,3228.0,0.20132750000000002,0.09397999916870611,0.22218236316143547,0.65,31.47535,0.04587349452570618,31.39,31.53,0.14000000000000057,0.0068740333390621584,31.714499999999997,0.01183639517026026
917,2636614,2642297,916.85,61.3576197387089,918.900799869061,1068.0,304.0,-252.56,50.786675417869205,257.6156827524287,396.0,308.0,-13707.75,82.67416464652062,13707.999309892017,13968.0,480.0,13740.932176638255,82.29530379982877,13741.178610293951,14004.04512989015,487.3538187741051,111.1575,12.7521642770943,111.88658319923798,147.0,341.74,10.650464778590651,341.90592273314013,377.0,97.1325,10.838585874088926,97.73534416985495,135.0,372.62139594457636,11.124759966634219,372.78742602185497,406.82551542399597,1005.375,471.51259195805153,1110.4517166450778,3228.0,0.20249499999999998,0.09497481231884589,0.22366144057481166,0.65,31.49825,0.02325806311798226,31.47,31.55,0.08000000000000185,0.014077071969030767,31.7196,0.01888734575248517
918,2639505,2645183,917.44,57.6895692478285,919.2520002697845,1052.0,288.0,-250.68,50.98958324991488,255.813213106751,388.0,284.0,-13700.48,81.95809661040208,13700.725139933287,13900.0,412.0,13733.669003055516,81.6683201251206,13733.91182438565,13932.359455598324,415.6681444822789,111.2575,12.95728342477697,112.00947504564067,147.0,341.85,10.689597747342976,342.0170902162639,374.0,96.9475,10.584882793399274,97.52362534278554,124.0,372.70094883593526,11.254898346654922,372.87084895443354,399.98249961717073,1000.0675,454.4499894859169,1098.4806768896758,2707.0,0.20145,0.09155204803826072,0.22127783440733506,0.545,31.499850000000002,0.024738178995230196,31.47,31.55,0.08000000000000185,-0.007044734061289662,31.726000000000003,0.025250623456904566
919,2642374,2648202,918.02,55.87915174731985,919.7190875479316,1112.0,376.0,-249.4,49.46635220025831,254.25829386668983,424.0,320.0,-13698.98,80.44824174585793,13699.216216995774,13932.0,424.0,13732.173918009401,80.34255125566413,13732.408945265212,13967.533783742927,424.82799797027656,111.6375,11.928792635887339,112.27300432428092,145.0,342.1625,10.446822184281688,342.3219427673312,374.0,96.66,10.200705857929636,97.19675920523277,124.0,372.99120182149966,10.691742783724504,373.1444090429334,404.1423016710822,1004.6825,464.24257850153083,1106.7556629626974,2520.0,0.20238,0.09352310195882085,0.22294446617936045,0.508,31.5125,0.02344674817538789,31.47,31.55,0.08000000000000185,-0.0034317089910774834,31.722900000000003,0.021835337297307716
920,2645260,2651107,918.29,55.90702907506354,919.9902825573757,1112.0,376.0,-252.63,51.09249553505876,257.74475746365823,424.0,300.0,-13705.03,79.96261063772242,13705.263270729241,13932.0,428.0,13738.29331616566,79.70294221590994,13738.524513207378,13967.533783742927,427.86170499596847,110.9575,11.900239230788598,111.5938282343607,155.0,341.975,10.734261735210298,342.1434275271118,370.0,97.84,10.645628210678785,98.41745272054139,135.0,372.93294043860004,11.060037785632785,373.09690765269016,404.1423016710822,1064.0475,476.50001074895056,1165.8684927983945,2689.0,0.214325,0.09599220997039291,0.23483975387484973,0.542,31.518099999999993,0.0234603921535862,31.47,31.55,0.08000000000000185,0.0068411151017620485,31.718500000000002,0.012890516418430547
921,2648282,2653982,915.3,52.65880743047643,916.813525205644,1052.0,304.0,-250.11,51.65953832546319,255.3893498170979,420.0,300.0,-13705.09,77.47755739567427,13705.30899615182,13896.0,408.0,13738.097927147237,77.01158427649641,13738.313777170762,13931.188606863378,407.92036283301604,110.6975,12.081431775663015,111.35482701706289,155.0,342.3625,11.375240382075448,342.5514231469488,375.0,97.5775,11.664432851622063,98.27221122982834,135.0,373.1814364031993,11.59387873168138,373.3614903816407,406.6325122269492,1025.795,476.5992162970896,1131.1066240633552,2689.0,0.2066275,0.09600106115949969,0.22784013584090052,0.542,31.513999999999996,0.024494897427832913,31.47,31.55,0.08000000000000185,-0.0070175438596495965,31.7133,0.015992166001938982
922,2651184,2656986,917.97,53.232312555439485,919.5121532638924,1060.0,312.0,-249.84,48.64210521759929,254.53109829645572,388.0,288.0,-13703.59,76.71943625965977,13703.80475488468,13944.0,464.0,13736.765864394538,76.26943558866314,13736.977594798645,13971.145121284797,459.68864909054355,110.55,11.984677717819533,111.19772929336281,149.0,340.715,11.36744364402129,340.9045760913162,375.0,95.9575,11.393669020556986,96.63155540505389,135.0,371.1968851504657,11.46276382867379,371.37383119977636,406.6325122269492,974.5225,476.3855785954797,1084.7291470685204,2283.0,0.1962975,0.09596342529187878,0.2184987128108539,0.46,31.512499999999996,0.01984313483298577,31.49,31.53,0.0400000000000027,0.0,31.70385,0.012552745857836119
923,2654059,2659908,919.19,54.272865227478086,920.7908557321798,1060.0,308.0,-255.36,50.37370742758567,260.28107883593844,388.0,288.0,-13706.72,83.80955554111954,13706.97622380662,13944.0,464.0,13740.079848802905,83.69580945540783,13740.33475720297,13971.145121284797,459.68864909054355,110.1325,12.54212676343211,110.84436160671412,149.0,340.835,11.841992019926378,341.04065740025777,378.0,95.9775,11.187582122603615,96.62733826407515,131.0,371.20407456157744,11.814399218024706,371.39203680208334,405.1135643248693,1020.4875,483.61908031399054,1129.2839113792422,2895.0,0.20555750000000003,0.0974198218729125,0.22747419084370868,0.583,31.515599999999996,0.025468411807571624,31.49,31.57,0.08000000000000185,0.006838775859121678,31.7122,0.01737569529450277
924,2657067,2662777,913.63,52.37273240914589,915.1298705648287,1052.0,300.0,-254.77,51.902669488187215,260.0031538270257,388.0,260.0,-13708.95,79.64381645802767,13709.181348278971,13928.0,452.0,13741.920885282485,79.54836665228348,13742.151125642593,13957.594062015129,450.31187794863945,109.6025,12.04987525869044,110.26290173943364,146.0,342.1625,12.078745537099454,342.3756307040558,378.0,96.9475,11.172051904193786,97.58910031350837,131.0,372.5173812461112,11.550461875591102,372.69640795156585,405.1135643248693,1041.68,485.64828075470416,1149.3265310606903,2895.0,0.209835,0.09781693501127502,0.23151431921157709,0.583,31.509800000000006,0.02607604264454356,31.49,31.57,0.08000000000000185,0.0,31.710250000000002,0.018595752337900086
925,2659985,2665653,915.02,53.15937922888114,916.5628838219449,1052.0,292.0,-253.82,54.1978560461574,259.5419041311056,440.0,352.0,-13705.63,75.49160946754282,13705.837905068045,13904.0,488.0,13738.695878096238,75.35097332785641,13738.902510753906,13931.712313997874,479.76167477829586,109.505,11.449016333292567,110.1018846341878,151.0,342.16,11.511055555421494,342.35357453953947,374.0,96.585,10.976464594759097,97.20671273116893,130.0,372.3620040146688,11.13902896036051,372.52857608511056,403.80936096133286,1046.37,482.95586558193907,1152.4480660749966,2942.0,0.21079499999999998,0.09728256768301297,0.2321603540658913,0.593,31.51425,0.02439134067656097,31.49,31.55,0.060000000000002274,0.0,31.705850000000005,0.020019476731961222
926,2662854,2668673,919.03,54.96452583257678,920.6721674950319,1080.0,328.0,-248.71,55.28052007714834,254.77951252013966,440.0,352.0,-13703.02,79.85737035490212,13703.252691240865,13904.0,488.0,13736.276425962405,79.96317620934231,13736.509169363226,13931.712313997874,479.76167477829586,110.21,11.608871607524996,110.8197184620138,151.0,342.495,11.382880786514457,342.68410380407204,374.0,95.5575,11.251963995232122,96.21768288625537,130.0,372.60733705837714,11.61980508721641,372.78847554611986,403.80936096133286,998.75,456.73240250720113,1098.2285964224388,2942.0,0.2011975,0.09200031790026597,0.22123402202193046,0.593,31.511850000000003,0.026787637073845457,31.47,31.55,0.08000000000000185,-0.0068740333390621584,31.70735,0.019517423614847
927,2665729,2671562,915.21,56.339470178552446,916.9424627532526,1080.0,336.0,-245.42,51.7430536400781,250.81531053745502,400.0,308.0,-13697.61,79.06963955906213,13697.83821338243,13924.0,436.0,13730.557098901441,79.15348259677904,13730.785247756226,13961.387896624032,440.87548029897516,109.915,11.350893136665501,110.49954751038575,146.0,341.915,11.954822248783124,342.1239322233977,375.0,95.6125,11.042071533457841,96.24799997922035,128.0,372.0034831833094,11.662804100440306,372.18626049331806,402.9342378105886,971.1,437.9328601509597,1065.2794938418742,2283.0,0.19560499999999997,0.08821685765770622,0.21457756173467907,0.46,31.501949999999997,0.03159426371985987,31.43,31.53,0.10000000000000142,0.0,31.7064,0.011196132522377595
928,2668750,2674487,914.29,58.31359961449816,916.1477391774757,1080.0,336.0,-249.54,57.2736274388134,256.0282796880063,456.0,364.0,-13699.78,78.19841174857709,13700.003176641967,13924.0,404.0,13732.766911440098,77.95611621881531,13732.988174465163,13961.387896624032,412.89897719098735,110.3275,11.624123354042661,110.93816971628836,143.0,341.0775,11.998395465644561,341.2884740216112,376.0,95.2725,11.158774294249346,95.92375878790405,129.0,371.29172453401145,11.354417314851608,371.4652978408616,407.0749316772036,1068.7425,487.5999243168009,1174.7187823049396,2456.0,0.21527249999999998,0.09821312663666705,0.23661797797293427,0.495,31.505499999999994,0.038206674809515354,31.43,31.53,0.10000000000000142,0.0069722851664637785,31.710049999999995,0.014335664553674516
929,2671639,2677362,915.71,56.103795771765746,917.4270761210397,1060.0,296.0,-251.12,58.10908362726089,257.7555431023744,456.0,340.0,-13707.25,78.44767364300868,13707.474479275896,13904.0,448.0,13740.337676441059,78.02241584468192,13740.55919386107,13940.876873425143,448.3764379980603,111.6125,11.53764896978583,112.2072524394034,143.0,341.0575,11.837195349828436,341.2628569006595,385.0,95.405,11.890373206926686,96.1430964760341,129.0,371.6965617745281,11.660444459556356,371.87941594016735,410.7030557470933,1122.7975,509.0865117971109,1232.819249728037,2677.0,0.226175,0.10254469452390017,0.24833554920711615,0.539,31.499899999999997,0.030364288234701872,31.43,31.53,0.10000000000000142,0.0034946706272933033,31.706149999999997,0.015581542322660869
930,2674565,2680382,915.01,58.41660637181862,916.8728374207625,1156.0,392.0,-256.01,52.469037536436666,261.33143706795016,400.0,284.0,-13701.93,79.84682272952381,13702.162648282934,13904.0,448.0,13735.060091145002,79.59555663399728,13735.290719893774,13940.876873425143,448.3764379980603,110.7425,10.864906522837645,111.27419961518483,139.0,341.2925,11.579807586916115,341.48889074170484,385.0,96.0575,11.571914005470314,96.75201548288284,125.0,371.7812187879595,11.674239013286833,371.96446402848755,410.7030557470933,1101.315,510.8745107900765,1214.037682693581,3107.0,0.22185749999999999,0.10291193902434256,0.24456413780438047,0.626,31.50775,0.022224704722449196,31.47,31.53,0.060000000000002274,0.0,31.704900000000002,0.015381204557318492
931,2677569,2683272,920.34,60.715437905033674,922.3405444845196,1156.0,400.0,-256.93,53.15237624039023,262.3703489344785,388.0,300.0,-13695.46,77.326505158322,13695.678296455419,13904.0,420.0,13728.991210745675,77.16615364228853,13729.208071844494,13934.321368477189,421.6215642189745,110.5825,10.482041487706486,111.07818192606503,137.0,341.3325,11.957923889622313,341.5418971370862,375.0,96.075,10.837175600681203,96.68428000455917,123.0,371.75664687263605,11.579097806571966,371.9369301373554,410.0060975156345,1071.1575,498.9539985747684,1181.6655544188466,3107.0,0.2157725,0.1004950533297535,0.2380273671240347,0.626,31.516849999999994,0.02140274515103255,31.47,31.53,0.060000000000002274,0.007013852358408328,31.7144,0.01906695760157964
932,2680460,2686261,922.86,56.846991125300555,924.609193118909,1072.0,316.0,-252.76,53.83662693742988,258.42987443405224,400.0,312.0,-13702.38,80.31447939195024,13702.615373716071,13924.0,504.0,13735.971975670253,80.1880514879999,13736.206035146677,13953.835888385674,500.6786381339698,111.945,10.622239641431557,112.44783234904975,140.0,340.6675,11.842801347231996,340.87328657435154,377.0,95.71,11.3347209934784,96.37883585103111,128.0,371.4724336324965,11.671484530702704,371.65574460782926,409.0794543850864,999.92,477.4322397995343,1108.0530447591398,2514.0,0.20141,0.09616138466141178,0.22318826134006242,0.506,31.504699999999993,0.032586960582417904,31.43,31.53,0.10000000000000142,0.0,31.718649999999997,0.015256454322555773
933,2683349,2689173,916.02,55.62301322294577,917.7072300031203,1072.0,304.0,-248.69,51.910344826440905,254.04999507970868,400.0,288.0,-13700.47,82.80228921956204,13700.720216105428,13924.0,504.0,13733.522300058445,82.6294971386886,13733.770873288953,13958.87731875311,505.72006850140497,110.9375,11.21778025056651,111.50321744236801,151.0,340.3125,10.850799221716343,340.48544388857505,377.0,96.11,11.768300641978858,96.82781108751762,128.0,370.9541613504854,11.486521525600052,371.131957664656,411.1459594839769,1028.6225,484.84359333062247,1137.1620629883853,2514.0,0.207195,0.09765918786780893,0.2290569470677543,0.506,31.507849999999998,0.03299056683356707,31.43,31.55,0.120000000000001,-0.006868131868132332,31.71525,0.008810878443569922
934,2686342,2692077,917.27,55.979523935096125,918.9765829443098,1080.0,316.0,-249.91,51.03481066879743,255.0677557042442,412.0,300.0,-13697.31,82.00929154675097,13697.555503081563,13924.0,500.0,13730.472838796186,81.97501497511843,13730.71754425092,13958.87731875311,497.0093948727099,109.295,12.134989699212769,109.96660856823766,151.0,340.735,11.335553581541573,340.92350314990017,372.0,96.5275,11.718116049519223,97.23616868223469,130.0,371.00518229502745,11.4680953184662,371.18238441499346,411.1459594839769,1053.5225,465.943987506814,1151.9607013696257,2414.0,0.212225,0.09384422931113026,0.2320478183478569,0.486,31.513550000000006,0.026046064961910427,31.47,31.55,0.08000000000000185,-0.006974716652136477,31.71305,0.0110454744699202
935,2689249,2694942,921.3,56.83300097654531,923.0512878491639,1084.0,332.0,-255.08,54.1039148306294,260.75475067580265,412.0,316.0,-13701.78,83.23527857825671,13702.032815608054,13908.0,468.0,13735.310439943389,83.46926609299433,13735.564058312277,13941.811073171233,460.03967620710864,109.9025,12.542646999337899,110.61590075572319,145.0,341.08,12.325729187354394,341.3026369660803,378.0,96.21,11.204726681182366,96.86026016896713,130.0,371.42664370973523,12.146021674664397,371.6251841573711,414.2632013587497,979.6275,455.1225315711693,1080.1882046662054,2396.0,0.19734000000000002,0.09166067531935382,0.21758849923651755,0.483,31.512949999999996,0.02396450500219138,31.47,31.55,0.08000000000000185,0.007026172492535166,31.71125,0.014764228938225715
936,2692155,2697950,923.28,53.924777236442985,924.8534154124101,1104.0,352.0,-250.08,53.369594339848604,255.71139982409858,392.0,348.0,-13702.85,79.98748339584138,13703.08345300429,13964.0,524.0,13736.405687698121,79.98164148533708,13736.638536410574,14002.227822743065,520.4564257789407,110.23,11.79775826163598,110.85955078386345,145.0,341.37,11.914197413170557,341.57784617858346,378.0,95.085,11.6016281185013,95.79016129018679,127.0,371.4718052935005,12.23592546510673,371.67327049439535,414.2632013587497,981.8925,467.17247986557385,1087.3651675035394,2396.0,0.19778749999999998,0.09409395487357304,0.2190286910429773,0.483,31.511249999999997,0.02682233211337259,31.47,31.55,0.08000000000000185,0.00690250215703239,31.709750000000003,0.016541510024320635
937,2695019,2700842,925.23,51.52055026880051,926.6633261330676,1104.0,332.0,-250.91,51.78775820596987,256.19875097275553,388.0,344.0,-13699.47,81.82517399920393,13699.714363445684,13984.0,608.0,13733.166669661514,81.54497714788995,13733.408766944936,14014.603811738669,600.3272378790116,109.91,11.330132391106469,110.49244318051801,142.0,341.63,11.568193463112552,341.82580359007426,375.0,94.8725,12.053059518230215,95.63507463268903,128.0,371.56993072070895,11.632458218604121,371.751970405,405.15799387399477,1010.51,468.0696688528322,1113.6515051846336,2223.0,0.20354250000000002,0.09427973373822181,0.22431722515223837,0.448,31.511899999999997,0.028781765060538932,31.47,31.55,0.08000000000000185,0.0,31.7082,0.015143755588800406
938,2698030,2703737,918.45,54.618289061449005,920.0725840932334,1052.0,296.0,-256.76,51.31298471147434,261.83720132937566,416.0,324.0,-13700.83,82.47806435653057,13701.078253918558,13984.0,608.0,13734.186238946484,82.25541886718142,13734.432554714447,14014.603811738669,600.3272378790116,110.36,11.290943273261098,110.93608520224608,142.0,341.4075,12.341452254495822,341.63049117430955,375.0,95.8,11.363318177363512,96.47157612478402,133.0,371.7238280051411,12.098272323115783,371.92065350017873,410.43513494826436,1037.885,475.74367759855727,1141.7255887471385,2588.0,0.20905250000000003,0.09583203923401609,0.22997114492909757,0.521,31.50685,0.02539837593233196,31.47,31.53,0.060000000000002274,-0.010513404590853736,31.708199999999998,0.015664400198665426
939,2700919,2706632,918.82,55.08945089579311,920.4700103751344,1076.0,320.0,-256.55,51.24897559951808,261.6187302163207,416.0,324.0,-13703.3,77.92400143729787,13703.521556154827,13924.0,428.0,13736.67125255269,77.94446287283299,13736.892386562544,13950.460350827138,421.1499471147599,110.09,11.395696556156626,110.67822730781334,142.0,340.22,12.40187888991019,340.44596487548506,378.0,96.0675,11.500780136582039,96.75346247034263,148.0,370.6250776792924,12.304848443539417,370.8292834984853,410.43513494826436,1006.225,460.10272154704757,1106.4281562758604,2588.0,0.20268,0.09266729520170533,0.22285961949173297,0.521,31.50125,0.028292004170791054,31.43,31.53,0.10000000000000142,-0.01750393838613713,31.70895,0.016870359289486957
940,2703814,2709647,921.85,55.95049150811814,923.5463605039002,1076.0,308.0,-252.16,53.109456785020875,257.69221951778053,380.0,264.0,-13700.52,83.40773105653935,13700.773887631312,13952.0,480.0,13734.030254435529,83.4341072318938,13734.283682813604,13987.282223505752,483.6963293811841,110.3975,11.71705994479844,111.01755491812995,150.0,340.2525,11.773433813038574,340.4561315353272,378.0,96.7325,11.22946765211958,97.38212104898928,148.0,370.9162095216502,11.820237480324934,371.10450347577296,404.3636976782164,961.3275,443.95717163229835,1058.8902362851402,2945.0,0.1936325,0.08942003379416717,0.21328264697344695,0.593,31.5023,0.03238379224241744,31.43,31.53,0.10000000000000142,0.0034287673581346774,31.71305,0.013717431239101973
941,2706709,2712552,920.67,57.003781453514115,922.4330219587762,1064.0,300.0,-249.29,54.13590213527433,255.1003724027074,380.0,296.0,-13698.64,85.45917387852518,13698.906566584064,13952.0,480.0,13732.032279936471,85.37835078509258,13732.297695578844,13987.282223505752,483.6963293811841,111.975,11.474074036714248,112.56133883354444,150.0,340.6525,12.055568993208077,340.86575436673013,371.0,96.24,10.820462097341315,96.84637318970701,126.0,371.60182565495865,12.280906721479761,371.80470343985695,404.3636976782164,959.7025,449.42963185992755,1059.7244370589933,2945.0,0.1933025,0.09053066327907909,0.21345176855673975,0.593,31.502800000000008,0.02856851413707148,31.43,31.53,0.10000000000000142,0.010268697586855849,31.714049999999997,0.010529704968173955
942,2709724,2715453,917.46,56.07876960133844,919.1722798257136,1108.0,344.0,-252.83,53.5588564104948,258.44063148042335,404.0,372.0,-13698.25,83.57426338293386,13698.504944701082,13916.0,500.0,13731.487687332321,83.3837672505422,13731.740856861523,13953.03092521478,508.1193226790456,112.395,10.938417390098076,112.92601560313726,148.0,340.3575,12.944485070870915,340.6035635456564,374.0,95.4925,11.157282095116175,96.14209535890093,126.0,371.2720038004749,12.785702717494232,371.49209278260554,404.5219400724762,1052.5925,487.4851038172859,1159.996852366419,2690.0,0.2120225,0.09819733699927916,0.233658420563009,0.542,31.508650000000003,0.02216252467567844,31.47,31.53,0.060000000000002274,0.0,31.710500000000003,0.013719349524610782
943,2712629,2718352,913.61,54.2461786672573,915.2190338929802,1108.0,360.0,-255.46,54.48181715031172,261.20505354988825,404.0,372.0,-13697.4,80.86309417775206,13697.638687014634,13916.0,500.0,13730.426771487433,80.87170593725389,13730.664935100558,13953.03092521478,508.1193226790456,111.665,11.084122653597802,112.21376920859579,143.0,341.62,12.22070374405664,341.8385145064845,374.0,94.59,11.406879503177018,95.27531159749623,133.0,371.9983339311951,11.837421696258389,372.18662657328247,404.5219400724762,1077.3025,489.66051606572285,1183.3630455189987,3033.0,0.2169925,0.09864510856474334,0.23836233448261074,0.611,31.509699999999995,0.01999774987342461,31.49,31.53,0.0400000000000027,0.0,31.711550000000003,0.013380773997865266
944,2715531,2721337,915.7,53.24124341147566,917.2464881371855,1104.0,356.0,-253.64,53.92393160740415,259.3087734728619,412.0,288.0,-13696.88,78.84735632854155,13697.106944168903,13944.0,468.0,13730.007276009896,78.87332068126827,13730.233821752636,13973.152543359713,470.16502207391386,111.46,12.059369801113158,112.11048122276526,142.0,341.41,11.954158272333524,341.6192178434931,382.0,94.3275,10.730575182626511,94.93588626014927,133.0,371.67545264185077,11.94279713782939,371.86727807108815,418.3025221057124,1040.33,469.88341756227146,1141.5239528805341,3033.0,0.2095525,0.09463576091388498,0.2299308102451692,0.611,31.50705,0.02433716294065637,31.47,31.53,0.060000000000002274,0.0,31.7131,0.008400381898467311
945,2718428,2724208,918.4,53.40037453052179,919.9511726173298,1104.0,332.0,-254.44,50.15701745518766,259.3365381121604,412.0,288.0,-13702.21,79.25929535392046,13702.439232487039,13944.0,468.0,13735.507781886576,78.94614451200377,13735.734655270537,13973.152543359713,470.16502207391386,110.7,12.109500402576483,111.3603609907942,141.0,340.8775,12.329942974320684,341.10042143040516,382.0,95.585,10.437086518756084,96.15313307427897,125.0,371.2749054068128,12.288088344499485,371.4781992257419,418.3025221057124,1065.1375,492.0858294990316,1173.314262037243,2557.0,0.21454250000000002,0.09910382532349597,0.23632615703726068,0.515,31.512249999999995,0.024411831148032616,31.47,31.53,0.060000000000002274,-0.006920415224913962,31.713900000000002,0.01153788572562314
946,2721417,2727072,917.34,53.225223343824496,918.8827999260841,1072.0,296.0,-257.56,51.367367072880036,262.63236662681163,400.0,276.0,-13697.63,79.29150711141767,13697.859495556231,13948.0,512.0,13730.929836685631,79.00594924628882,13731.157129681387,13982.188669875686,506.9598406498171,110.4025,11.602176250600575,111.01046121875181,146.0,341.7425,11.761428218970687,341.9448310765934,374.0,95.945,10.809577928855502,96.55200671140916,125.0,372.07170490153374,11.59855213662534,372.25244122772386,401.49470731256224,1034.0825,483.42875451688843,1141.5033847956825,2497.0,0.20829,0.09736118785224429,0.22992156271215625,0.503,31.5209,0.01957523946213795,31.49,31.55,0.060000000000002274,-0.007073386383731689,31.716800000000003,0.012655449458731188
947,2724284,2729957,917.16,52.45583285012259,918.6588485395436,1072.0,344.0,-253.41,50.723287551183034,258.4366073140568,400.0,300.0,-13694.28,84.24821422439766,13694.539148142225,13960.0,524.0,13727.493557919157,83.94437019898767,13727.750217715939,13987.138091832796,511.90926260692686,112.145,11.77684062047203,112.76167345335027,146.0,341.9575,11.93862193680661,342.16584063871716,376.0,95.955,11.000135226441538,96.58346131714269,129.0,372.803526966887,11.770844534251259,372.9893061469725,407.15721779185003,1000.835,437.100575125451,1092.120693879573,2400.0,0.20160999999999998,0.0880275973771862,0.21998965884786492,0.483,31.52665,0.017486494788837147,31.49,31.55,0.060000000000002274,0.007050943063635237,31.71615,0.01214686650600807
948,2727149,2732962,918.48,54.62389220844666,920.1028638146933,1084.0,356.0,-248.1,49.393825525059306,252.96908902077345,396.0,296.0,-13701.71,84.68433090011399,13701.971696073526,13960.0,472.0,13734.90075075852,84.33484933911886,13735.15966416117,13987.138091832796,467.0144237593413,112.1275,11.938435565433187,112.76126329551298,142.0,341.175,11.831499271013797,341.3800887573849,376.0,95.765,11.584031034143512,96.46307583733788,129.0,372.0500451291242,11.804931995425068,372.23727983639685,407.15721779185003,968.5675,420.70458215207265,1055.9902213088906,2045.0,0.19511,0.08474076881879229,0.21271791179870114,0.412,31.51885,0.021787094804035942,31.49,31.55,0.060000000000002274,0.0,31.710149999999995,0.018270523530407493
949,2730139,2735837,917.96,54.30062983060141,919.5646361186363,1084.0,328.0,-247.24,53.77343582104457,253.0201572997693,408.0,328.0,-13708.79,82.75153110365996,13709.039757765677,13988.0,468.0,13741.927626761193,82.54999005120479,13742.175570119893,14017.622622969988,468.1328908804426,110.9225,11.993810643411042,111.56904812715756,142.0,340.6275,11.0376058885068,340.80628295264745,370.0,95.5725,11.41795707427559,96.25212984656496,127.0,371.1290120238965,11.149167420326728,371.2964415396409,400.85159348566896,982.68,437.50448866268783,1075.6719574294013,2256.0,0.1979375,0.08812436435940971,0.21666831217323868,0.454,31.50285,0.023703955366141977,31.47,31.55,0.08000000000000185,0.007020007020007493,31.712049999999998,0.019071097685169507
950,2733040,2738727,916.7,51.194433291130395,918.128400606364,1092.0,336.0,-251.48,54.35632069962057,257.2873879536267,408.0,328.0,-13706.32,86.54049687862904,13706.593201813497,13988.0,504.0,13739.446235608128,86.4343614172019,13739.718110645501,14017.622622969988,497.15517542957423,111.1075,11.563561032398281,111.70762059949178,140.0,342.03,11.148950623264954,342.21165964940474,374.0,95.75,10.722056705688512,96.34845613708607,122.0,372.4859394456526,11.16523243330005,372.6532402918295,406.1957656106228,977.215,437.88078717271895,1070.8355335904762,2466.0,0.19682249999999996,0.0882034069282474,0.2156824923353771,0.497,31.50245,0.024453987404921412,31.47,31.55,0.08000000000000185,-0.00351679268507114,31.70925,0.01682692376545723
951,2735917,2741718,914.08,51.55883629408251,915.532937692577,1092.0,324.0,-252.99,52.50695096841941,258.3813460759116,392.0,284.0,-13696.6,88.64287901461685,13696.886840446628,13940.0,508.0,13729.597672826467,88.42139061369343,13729.882395709003,13976.050944383396,508.50001631930354,111.49,11.066837850081656,112.03791768861112,139.0,341.3375,11.830621021315828,341.5424607570778,374.0,96.51,11.284055122162423,97.16743281573306,127.0,372.1725275337734,11.526805677318869,372.3509869733126,406.53782111877365,936.74,413.83812946609936,1024.0819425221791,2466.0,0.18869,0.08336776295427388,0.20628645132436593,0.497,31.5137,0.022367610511631608,31.47,31.53,0.060000000000002274,0.0,31.707299999999996,0.01591676343971912
952,2738804,2744607,917.06,52.093727069581035,918.5384042052897,1060.0,328.0,-246.36,54.77691484558071,252.37622708963696,392.0,312.0,-13698.3,83.60998744169264,13698.555161767974,13920.0,488.0,13731.383399372171,83.24673835270247,13731.635739415753,13949.564007523675,482.0130794595825,111.1625,11.515037722474034,111.75731519681385,145.0,340.575,11.9801659003538,340.78564377039123,374.0,97.055,11.424840261465365,97.72512471212303,127.0,371.53735135217534,11.608145855830218,371.71864696299536,406.53782111877365,991.56,445.5712080015943,1087.0717248645556,2801.0,0.19973749999999998,0.08975919782256302,0.21897895446823193,0.564,31.522599999999997,0.015531902652284187,31.49,31.53,0.0400000000000027,-0.006892986386352352,31.717100000000002,0.012884293249197694
953,2741796,2747622,924.53,52.58363909050039,926.0241681511342,1048.0,316.0,-246.56,55.22396581195523,252.66879506579357,400.0,320.0,-13706.96,77.79330562458443,13707.180754626386,13932.0,472.0,13740.529043743587,77.64095593819076,13740.748397376325,13969.408290976393,473.40414159943793,110.7925,11.777709613927488,111.41675143352546,146.0,340.5925,12.195755152921038,340.8107796123826,375.0,97.3475,11.11335879696143,97.9798065929914,129.0,371.5183856862123,11.824195410715745,371.70650048122644,405.69076893614425,1051.1925,463.4189470055686,1148.809293355516,2801.0,0.2117475,0.09334858726167204,0.231410808952391,0.564,31.518199999999997,0.020994284936621303,31.47,31.53,0.060000000000002274,0.0,31.725550000000002,0.008328921137716024
954,2744684,2750507,922.2,53.00150941246862,923.7218195972205,1052.0,288.0,-251.72,54.2483326932727,257.49920388226445,400.0,288.0,-13708.32,79.37894935056775,13708.54982264718,13932.0,456.0,13741.820093470196,79.28807412680376,13742.048831233282,13969.408290976393,465.33127697799137,111.765,11.880647078337105,112.39468403799177,146.0,339.9475,11.646876995572674,340.14695721114424,375.0,97.4325,11.183489784052204,98.07223103406999,129.0,371.22708893037156,11.879749335824087,371.4171239994193,405.28261744121227,1037.1275,458.74698499690436,1134.0556633164001,2727.0,0.20891500000000002,0.09239587531378228,0.22843483753578395,0.549,31.519499999999994,0.020438933435970686,31.47,31.53,0.060000000000002274,0.006869311351537471,31.723900000000004,0.011795670587614885
955,2747699,2753392,919.11,50.83589184818144,920.5147907556944,1052.0,288.0,-249.48,52.44091532381943,254.93199093091474,396.0,276.0,-13701.86,81.22696842797963,13702.100761562075,13932.0,508.0,13735.114414799711,80.83991811723801,13735.352310006469,13954.666602968342,498.15947816065636,111.995,11.834482455942043,112.6185375504406,146.0,340.3175,11.71630034396524,340.51912207686667,379.0,96.2625,10.626080827379397,96.84721214366472,127.0,371.3016975372235,12.273524594677626,371.5044952621704,410.8308654422158,1022.5125,466.0333140921902,1123.707641025903,2689.0,0.2059675,0.0938628597675886,0.2263467417481418,0.542,31.525399999999994,0.016638509548635334,31.49,31.55,0.060000000000002274,0.0,31.72040000000001,0.017510183216937328
956,2750585,2756277,919.99,51.25192581747539,921.4164964878803,1108.0,320.0,-245.6,49.912723828699235,250.62050993484152,416.0,296.0,-13695.79,78.75783072177649,13696.016447127975,13924.0,500.0,13729.039440035116,78.49569389615293,13729.263837511464,13951.44838359086,494.9412587831739,111.1225,11.975913065399231,111.76597201295213,142.0,340.3375,12.070981474180133,340.55149757415546,379.0,95.7475,10.693397203414825,96.34278644506811,122.0,370.9498473734969,12.045672815553665,371.14537246205833,410.8308654422158,1049.11,467.4994576467442,1148.5588948765317,2943.0,0.2113225,0.09415664338616793,0.23134967581563629,0.593,31.5175,0.02139509289533586,31.49,31.55,0.060000000000002274,0.0,31.719350000000006,0.01801078763346931
957,2753469,2759182,921.49,55.50477366857737,923.1601161228749,1108.0,348.0,-242.8,50.58221031153146,248.01290289015208,416.0,304.0,-13699.88,76.87539008031113,13700.095687257079,13920.0,428.0,13733.186963068136,77.02387561955783,13733.402959208617,13952.645053895694,435.894556827252,111.1525,11.837831040777697,111.78109187156834,142.0,341.0875,11.953235702101754,341.29688322631955,371.0,96.415,11.464413417179268,97.09420683027386,124.0,371.84785536591255,11.620346800823725,372.0293805601918,407.92646396133705,1067.975,466.07394732488535,1165.2448347879513,2943.0,0.21514499999999998,0.09387911895091475,0.23473529772916557,0.593,31.51,0.020000000000001347,31.49,31.53,0.0400000000000027,0.0,31.71585,0.017073554570274697
958,2756353,2762197,920.7,54.39476077711897,922.3054157924045,1068.0,308.0,-247.78,52.616647555692865,253.30503350703475,396.0,300.0,-13706.13,77.65039021151149,13706.349957592649,13920.0,436.0,13739.460798210777,77.82579539795094,13739.6812146425,13952.645053895694,437.8644045473666,111.03,10.90064676980224,111.56381581857086,142.0,341.1425,12.252028148433222,341.3624430132876,370.0,97.0325,11.759738251763938,97.74250610660646,126.0,371.99792152399243,12.080827034172682,372.194035417012,407.92646396133705,1042.835,454.65884218279535,1137.6376839749992,2799.0,0.21010500000000001,0.09158585575840845,0.22919877835625566,0.564,31.508000000000003,0.022315913604422647,31.47,31.53,0.060000000000002274,-0.006844626967830715,31.717599999999994,0.01921361255121365
959,2759388,2765102,919.31,54.08922166199103,920.8998425453226,1060.0,300.0,-253.6,50.97921144937415,258.67323015727777,396.0,300.0,-13699.44,77.60519570234972,13699.659808914965,13924.0,440.0,13732.79344188584,77.66287721452959,13733.013043028832,13950.289459362482,435.50881001415473,110.895,10.754021340875235,111.41521440090666,143.0,342.36,12.19735217168054,342.57721027528964,370.0,97.0125,11.98967654901499,97.7505882335242,142.0,373.06450079845075,12.269912143236551,373.26622201854804,402.6934317815477,1013.575,445.1609140243559,1107.0241731778037,2799.0,0.20419250000000003,0.08966565922219052,0.22301234831282324,0.564,31.511300000000002,0.026651641600472918,31.47,31.55,0.08000000000000185,0.0,31.71305,0.018180313790575657
960,2762274,2768002,917.5,54.69469809771328,919.1288049016852,1064.0,304.0,-252.77,50.76068458955218,257.81644633343313,416.0,308.0,-13692.18,78.51450566615063,13692.405109402804,13924.0,480.0,13725.41665632274,78.50076648212354,13725.641142037774,13950.289459362482,471.5921929349879,111.47,10.726560492534407,111.98490969769097,143.0,342.26,11.781655231757547,342.46272059889964,370.0,96.875,11.70787662217193,97.57991596635037,142.0,373.0993483513454,11.83432548992123,373.2869874506745,399.5472437647393,997.75,439.23423420767193,1090.1521797437274,2306.0,0.20099499999999998,0.08847067296567829,0.21960430323652583,0.464,31.523899999999994,0.02041543533701966,31.47,31.55,0.08000000000000185,0.006983240223464159,31.7174,0.01755021438793964
961,2765179,2770882,914.92,54.16745886600183,916.5220782938073,1072.0,340.0,-255.01,51.99634506386001,260.2570268023517,416.0,320.0,-13697.04,81.60121567721893,13697.283070740708,13936.0,492.0,13730.137693376404,81.4179398198735,13730.379090178101,13969.826341082411,491.1290746549166,111.925,11.097043525191744,112.47377472104331,140.0,340.9175,11.251697371952375,341.1031259018305,373.0,97.4975,11.85558913550904,98.21566830195678,139.0,372.1809138320443,11.37441774968509,372.35468306441373,403.77468964758054,995.8725,451.5895107769333,1093.4784508622015,2368.0,0.2006075,0.09095286385678023,0.22026300756141506,0.477,31.52669999999999,0.011004998864153341,31.49,31.53,0.0400000000000027,0.0,31.722600000000003,0.014413861331934332
962,2768080,2773907,917.13,53.783669454584455,918.7056764818643,1072.0,340.0,-255.64,52.95611768247367,261.06734763275165,388.0,292.0,-13697.29,80.47146015824492,13697.526382526154,13936.0,436.0,13730.548011747389,80.35282882261747,13730.783126974222,13969.826341082411,441.6187731893169,112.3975,11.489756035268982,112.98323990751902,140.0,341.24,10.839621764618911,341.41211899989725,373.0,96.665,12.134157366706598,97.42361110121098,139.0,372.4230610827245,10.948564918440225,372.5839603364589,403.77468964758054,964.6925,461.17246550910863,1069.2575286150666,2368.0,0.1943225,0.09287676509089882,0.21537717497450837,0.477,31.510599999999997,0.02239732126840296,31.47,31.53,0.060000000000002274,0.0,31.719499999999996,0.014842531855437935
963,2770959,2776767,918.2,56.95296304846658,919.9646080148954,1052.0,308.0,-255.44,52.83035491078969,260.84600821174166,392.0,288.0,-13700.01,80.20897643032231,13700.244796353092,13960.0,536.0,13733.340793635807,80.21001096229652,13733.575026190376,13991.516286664573,532.2051601618496,112.4375,11.143432763291571,112.98835116949003,145.0,339.62,11.17164267240946,339.8036933289572,368.0,95.435,11.91116178212688,96.17543865249588,128.0,370.6152899225142,11.266737577966571,370.7865052830267,400.9413922258464,954.365,439.9068387454326,1050.871343219521,2369.0,0.19223999999999997,0.08859044756631496,0.2116706994366485,0.477,31.499000000000002,0.03034798181098785,31.43,31.53,0.10000000000000142,0.0,31.71645,0.019243786224926243
964,2773984,2779667,920.8,60.30787676580896,922.772821446319,1056.0,312.0,-252.42,52.840738072059516,257.8914500327609,392.0,292.0,-13702.91,83.01163713600641,13703.161438149957,13960.0,536.0,13736.365327221883,83.17858556397746,13736.617162897131,13991.516286664573,532.2051601618496,111.9625,11.179717963794973,112.51927612635978,145.0,339.92,12.277768526894453,340.14166166466583,380.0,95.1175,11.218676113962823,95.77681086776694,123.0,370.65458669079743,12.05455785477628,370.85055615436255,410.48751503547584,1024.7825,464.1786026883941,1125.0070877554506,2566.0,0.20641750000000003,0.09351381285002767,0.22661204182478917,0.517,31.50305,0.03166539909743843,31.43,31.53,0.10000000000000142,0.0,31.713949999999997,0.016311427179790023
965,2776844,2782582,922.17,58.36343975469575,924.0150431675883,1064.0,300.0,-251.07,53.95975444718035,256.803037365215,396.0,296.0,-13694.56,84.60689333618154,13694.821354073954,13924.0,452.0,13728.100076423718,84.5683847255758,13728.360554705723,13959.001683501581,454.5881827234007,111.8975,11.344690112559269,112.47111851493254,153.0,341.4125,11.928845030010239,341.6208314784097,380.0,94.91,10.779698511554022,95.52020728620725,128.0,371.95317871697216,11.3792724872962,372.1272027143407,410.48751503547584,1042.6225,476.8192791758215,1146.4808338999828,2566.0,0.21000500000000002,0.0960617508428823,0.2309328040794551,0.517,31.510450000000002,0.02260082963079133,31.47,31.53,0.060000000000002274,0.0,31.714549999999996,0.014588679650154363
966,2779745,2785558,923.99,58.05824575372563,925.8122271821646,1116.0,336.0,-249.3,52.816569369848324,254.8334357967965,396.0,284.0,-13690.18,86.57879417039717,13690.45376603712,13924.0,452.0,13723.816010414945,86.41060281274677,13724.088045476828,13957.023178314206,452.60967753602563,111.6325,11.080047100531658,112.181025579195,153.0,341.19,10.838768380217376,341.3621171131911,367.0,95.865,11.403586058779933,96.54087217339607,129.0,371.9155147786468,10.567278123249643,372.06560913365803,398.4231418981583,1067.7125,515.4670405018637,1185.6290534986058,3192.0,0.21504500000000001,0.10383175321162597,0.23879988484084327,0.643,31.519199999999998,0.01775837830433969,31.49,31.53,0.0400000000000027,0.0,31.71595,0.015038713617466117
967,2782660,2788452,923.55,57.38499368301786,925.3310974997004,1116.0,340.0,-247.59,52.48573044171149,253.09199908333727,396.0,308.0,-13688.71,81.38953188217758,13688.951958422529,13924.0,452.0,13722.282528928905,81.6156618092286,13722.525238453743,13957.023178314206,448.2343354904351,111.055,11.079800314085087,111.60633942567958,140.0,340.5525,11.091539286771695,340.7330736808506,368.0,96.205,10.856011007732075,96.81557209457577,129.0,371.21996299455634,11.135374907033913,371.38693770783055,400.33111295526356,1157.3675,544.1990880585431,1278.9261814115778,3192.0,0.2331125,0.10962419825818569,0.2576022175758586,0.643,31.52205,0.01896832886682535,31.49,31.55,0.060000000000002274,-0.006906077348066765,31.7258,0.014997409968537947
968,2785635,2791302,920.09,56.23692648073861,921.8070296976477,1052.0,296.0,-253.15,52.553187343870974,258.5474037773344,404.0,316.0,-13691.62,73.08143129413928,13691.81504111124,13920.0,484.0,13725.049082518397,73.49668333254208,13725.245865921674,13957.505794374581,493.7517859265663,111.22,11.666044745328213,111.83016140558861,142.0,341.345,12.294143931156816,341.56632591635844,384.0,96.0825,10.736186182718702,96.68046596908809,123.0,371.98887866734395,12.038548409673433,372.18362739379063,411.71349261349206,1158.055,507.063666589315,1264.2013071500915,2549.0,0.233245,0.10212952548112617,0.2546245667644817,0.513,31.514350000000004,0.023368301179162655,31.47,31.55,0.08000000000000185,-0.010587612493383143,31.72255,0.018008561038480503
969,2788529,2794208,920.56,55.888517604244974,922.2549755897227,1088.0,332.0,-252.27,53.20645731487861,257.81985959192514,420.0,300.0,-13700.14,77.97474206433773,13700.361895950049,13932.0,496.0,13733.56515085348,78.2920638559236,13733.788312042676,13967.30525190883,503.5512434608154,111.9225,12.063228993515791,112.57072221497026,149.0,342.1725,11.71783869789988,342.37308232394673,384.0,96.18,11.24400284596193,96.83501432849587,126.0,373.017516052954,11.244897406565244,373.1869705656938,411.71349261349206,1062.5675,488.94779419049433,1169.6664642110588,3229.0,0.214005,0.09848591257129113,0.23557931785282002,0.65,31.5125,0.02266605391328747,31.47,31.53,0.060000000000002274,0.0070434935728125895,31.712949999999996,0.0110726695076236
970,2791380,2797207,916.8,54.170840864804745,918.3989982572933,1088.0,328.0,-249.45,54.47510899484277,255.32888594908331,420.0,320.0,-13705.72,86.21972860082546,13705.991192175778,13932.0,428.0,13738.828867268572,86.17120115070317,13739.0991014695,13967.30525190883,427.1404080082957,112.7575,12.397729378801587,113.43701997143613,149.0,341.57,11.048986378849419,341.7486576418406,373.0,97.0025,11.206805688955262,97.64772142758888,132.0,372.94501310619194,10.353608029203006,373.08870258961207,400.2711580916117,985.675,445.53999189186146,1081.6936211330822,3229.0,0.19853,0.08977064720720242,0.21788283548733253,0.65,31.526899999999998,0.021127943581901766,31.47,31.57,0.10000000000000142,0.010296893770379659,31.71675,0.012642669525532287
971,2794285,2800107,917.18,51.30348526172467,918.6137381946777,1052.0,268.0,-249.15,56.816172873575354,255.54608195000762,396.0,300.0,-13704.97,83.02420791552305,13705.221476503033,13920.0,416.0,13738.10010862457,82.80172346972023,13738.349635964285,13958.89795076961,418.7331068690746,113.035,11.904149486628603,113.66010733762309,144.0,341.605,12.081969003436484,341.81859223863177,377.0,96.9575,10.969078983670416,97.57600883413915,132.0,373.0277629451385,11.398928552525762,373.2018857133495,403.1910217254348,962.9225,417.79196556869067,1049.6522602748016,2183.0,0.19396000000000002,0.0841658386757953,0.21143407956145577,0.44,31.528899999999993,0.01774232228317414,31.49,31.57,0.08000000000000185,-0.006870491240124133,31.71385,0.01717308321086828
972,2797284,2803022,922.28,51.281981240977814,923.7046281144205,1052.0,260.0,-243.84,56.39126173442123,250.27568799226185,380.0,328.0,-13704.58,77.05156455257739,13704.796602649745,13920.0,416.0,13737.956409800434,76.62742605044954,13738.170113956226,13958.89795076961,418.2291342007611,112.305,11.496824561590907,112.89193948196656,144.0,342.4575,12.524503732683383,342.6864492506233,377.0,96.3575,10.721226317450817,96.95211446894801,127.0,373.4006702490222,12.257424590058587,373.60180004919675,404.80736159314097,992.3,447.6582681019083,1088.6033322565204,2183.0,0.19989250000000003,0.09016490971409,0.2192868498109269,0.44,31.51385,0.022275042087503506,31.47,31.53,0.060000000000002274,-0.006971070059254566,31.71175,0.016080546007512877
973,2800184,2805972,922.34,51.70342735254598,923.7880276340454,1084.0,292.0,-248.31,55.90871041260029,254.52630512385159,364.0,312.0,-13699.96,79.19796967094548,13700.1889154858,13968.0,480.0,13733.432098648836,78.65794175898849,13733.657352650094,14002.326663808411,469.90988039533113,111.7475,11.811381957671168,112.36998042181906,140.0,342.68,11.921937761957995,342.8873211420918,375.0,96.4425,10.502937386750434,97.01271823838357,128.0,373.4640081558269,11.611615399438687,373.64447674226363,404.80736159314097,1016.795,442.2163135559338,1108.7954455173417,2444.0,0.20483250000000003,0.08908209384466667,0.22336511030149717,0.492,31.507749999999998,0.02664465237153716,31.47,31.53,0.060000000000002274,0.006910850034554716,31.723899999999993,0.019070900558712096
974,2803099,2808847,921.4,51.564716619021574,922.8417415786956,1084.0,304.0,-257.44,53.59782085122491,262.96022512920086,416.0,312.0,-13697.21,81.7685508004147,13697.4540656284,13968.0,480.0,13730.781942869648,81.60929704856885,13731.024464328946,14002.326663808411,477.34592445059207,111.995,11.851581118146221,112.62033564148173,146.0,342.3225,11.52425675477599,342.51642661338155,374.0,95.5775,10.42540137117032,96.14440961387199,128.0,372.9847283290503,11.268648246551516,373.15491421124284,401.7598785344301,1009.855,454.89416788413547,1107.581069267618,2444.0,0.20343250000000002,0.09164974328251006,0.22312430952274118,0.492,31.511599999999994,0.027630418020725966,31.47,31.55,0.08000000000000185,0.010438413361169498,31.724499999999992,0.01716060067535034
975,2806075,2811748,919.04,50.84995968533309,920.4456746598356,1052.0,272.0,-250.85,48.38261567960129,255.47328627471015,416.0,312.0,-13700.69,81.13176874689717,13700.93021805454,13940.0,448.0,13733.95119929301,80.9946630224906,13734.19002635394,13972.506718552688,447.52597919486834,112.7,11.348568191626642,113.26994305639957,146.0,341.88,11.46366433563021,342.0721415140379,374.0,95.58,11.00334494596984,96.21127792519961,124.0,372.7931609491033,11.19371026853816,372.9611776043185,402.94664659232495,993.71,461.01821645136755,1095.443910020043,2293.0,0.2001775,0.09289376186671525,0.2206814049710578,0.462,31.515699999999995,0.024031437743090887,31.47,31.55,0.08000000000000185,0.0,31.710499999999996,0.01443158607678728
976,2808924,2814663,918.66,54.42025725775284,920.2704819779889,1100.0,328.0,-248.34,50.68455780610106,253.4594247606508,392.0,288.0,-13696.88,82.6318679445164,13697.129252511271,13880.0,416.0,13730.103055782223,82.21482591172317,13730.349201677282,13913.56000454233,409.00018202312276,112.6125,11.060621309402109,113.15437463925113,145.0,341.4025,11.361579720707855,341.59149945512405,370.0,95.68,11.064926570022957,96.31767750522226,122.0,372.3529760826492,10.909683881492876,372.5127648819568,404.22889555300225,1020.7975,465.2867626461664,1121.8374692886666,2456.0,0.205625,0.0937455032254881,0.2259864155209335,0.495,31.519299999999994,0.019013416315855614,31.49,31.55,0.060000000000002274,-0.010454783063251835,31.708599999999997,0.019723400602540738
977,2811825,2817672,919.21,56.752584963153886,920.9603031618681,1100.0,328.0,-251.05,53.093290536564034,256.6028059082753,392.0,292.0,-13692.53,81.75523897586012,13692.774069559462,13880.0,416.0,13725.866948510944,81.55434859563803,13726.109230222524,13913.56000454233,409.00018202312276,111.2175,11.730950249233862,111.83446472353681,145.0,341.075,11.564357958831955,341.2709920283293,372.0,94.9375,10.664829757197252,95.53464031439067,122.0,371.44274904179093,11.40127994030254,371.61768660815915,404.22889555300225,1027.29,469.21170158042736,1129.373439124544,2456.0,0.20695500000000003,0.09452488019034988,0.2275199441807245,0.495,31.5205,0.01702204453055035,31.49,31.53,0.0400000000000027,0.0,31.709399999999995,0.021419312953933112
978,2814741,2820568,915.64,55.445382134132686,917.3171752452911,1080.0,312.0,-250.7,50.84240356238088,255.80351834953328,400.0,300.0,-13699.36,78.17052129799315,13699.58302431136,13928.0,440.0,13732.419959639516,78.25172262760147,13732.642909505803,13966.42201854147,442.14518020368087,111.3575,12.13217596929751,112.01643852578067,143.0,339.6475,11.391586533490408,339.8384800166103,372.0,94.175,10.576831992614801,94.76708289274288,125.0,369.9866020117489,11.339723620958564,370.1603368811953,403.84526739829454,1008.4975,439.8924982239979,1100.260249895451,2331.0,0.20317,0.08861806305714429,0.22165561125313296,0.47,31.512649999999997,0.022315409474173986,31.47,31.53,0.060000000000002274,0.006864595846919976,31.7087,0.01711848727301213
979,2817749,2823539,922.39,53.42441295887115,923.9358635749561,1080.0,312.0,-253.38,48.70744912228518,258.0190690627342,400.0,292.0,-13701.32,81.3393975881307,13701.56143802596,13928.0,440.0,13734.859952150153,81.48162260212132,13735.101643599148,13966.42201854147,442.14518020368087,111.95,12.00676892423603,112.59202902514902,144.0,340.2375,11.054912652300786,340.41704936738995,371.0,95.68,10.708062383083131,96.27733378111382,125.0,371.08666523850366,11.168902460257579,371.254707040867,405.59215968753637,994.86,438.8006670459834,1087.3327204678428,2515.0,0.2004025,0.08839935233784238,0.21903334791761733,0.507,31.51115,0.026602208554931273,31.47,31.55,0.08000000000000185,0.0034542314335059715,31.714149999999997,0.01166695309351202
980,2820644,2826452,927.72,54.19374133606205,929.3015441717505,1072.0,272.0,-248.62,48.756698001402846,253.35571830925784,400.0,272.0,-13691.74,80.42345677723632,13691.976196298327,13924.0,500.0,13725.578911565177,80.53683875907596,13725.815190363011,13956.953822378291,507.4000751344811,111.4,11.433284742365162,111.98517759060795,144.0,341.4425,11.406651294310702,341.6329792335629,375.0,97.625,10.823094520514916,98.22311336951196,126.0,372.5183195387761,11.47406240205399,372.6949858798747,409.89144904474404,966.9875,450.73031553663,1066.8751766256444,2515.0,0.19479499999999997,0.09079685002796077,0.21491663500064392,0.507,31.516099999999998,0.0238073518056934,31.47,31.55,0.08000000000000185,0.010330578512397087,31.710049999999995,0.016113553814765456
981,2823644,2829387,922.21,62.277731975401935,924.3104456837,1136.0,380.0,-247.74,52.781174674309774,253.3001381760381,384.0,284.0,-13692.2,75.78575063954965,13692.409733863502,13908.0,484.0,13725.700818340172,75.71080118375843,13725.909626687771,13935.675082320196,486.12133507638646,111.645,11.969084133717166,112.28474963235212,139.0,341.325,12.089845946082193,341.5390460840459,382.0,96.7575,11.046659845853858,97.38604879550253,126.0,372.2890784311248,11.902503136054525,372.4792980824572,409.89144904474404,959.025,449.80073296405374,1059.26845039395,2432.0,0.193195,0.09060679872393683,0.21338673810712794,0.49,31.519699999999993,0.017490283016579275,31.49,31.53,0.0400000000000027,0.006965000870625578,31.70475,0.019860099669871407
982,2826530,2832302,925.81,60.09296048623332,927.7582228145434,1136.0,380.0,-254.93,53.13995765899706,260.4096004374647,408.0,308.0,-13697.18,76.69868056231475,13697.394739146564,13944.0,420.0,13731.033265520558,76.78919955191239,13731.247981155973,13986.84524830385,434.3842171848173,111.8675,12.38547309350757,112.55104397561135,140.0,341.23,11.620976723150253,341.4278254624248,382.0,95.7575,11.259382476406067,96.4171794858157,122.0,372.0339755942252,11.300044405019474,372.20554805107355,405.62790831006686,969.2125,426.82605630836315,1059.0341602139188,2494.0,0.19523500000000002,0.08597735036042922,0.21332794003599245,0.502,31.513399999999994,0.01970888124678954,31.49,31.53,0.0400000000000027,0.0,31.70885,0.017505530812361655
983,2829464,2835282,926.75,55.68911473528736,928.4216929822353,1080.0,312.0,-252.41,51.183121241284226,257.5471219019929,408.0,300.0,-13700.45,78.47188987146926,13700.674729370083,13944.0,456.0,13734.28584101758,78.59921897862223,13734.510744835434,13986.84524830385,467.1186238487535,112.185,12.195317749037947,112.84591264197388,147.0,341.12,11.304450451039184,341.3072589324757,371.0,96.0675,11.177340638541889,96.71554942200349,127.0,372.1050103030818,10.79832428404288,372.2616586488595,398.7543103215312,982.835,447.0396545889414,1079.7263958985166,2532.0,0.19797,0.0900311007374674,0.2174803899205627,0.51,31.504450000000002,0.024498928548000922,31.47,31.55,0.08000000000000185,-0.010312822275696507,31.7111,0.013536916942226692
984,2832380,2838192,920.74,56.22537149721645,922.4551154392283,1096.0,356.0,-252.46,50.8915356419906,257.5383466592888,384.0,288.0,-13702.47,78.66294616908267,13702.695791704638,13940.0,452.0,13735.900432179658,78.49023663276768,13736.124686388079,13973.95863740837,454.2320129532727,112.545,12.5701223144407,113.24480120517674,148.0,341.0275,11.30427988639701,341.21480404577994,381.0,96.6125,10.49868295311369,97.18126105376489,128.0,372.24816096370944,11.28856320070227,372.4192865575036,409.4325341249764,971.6625,449.485076052309,1070.590887080588,2532.0,0.1957325,0.09052439419156584,0.21565221422466313,0.51,31.505300000000005,0.02781923794786731,31.47,31.55,0.08000000000000185,-0.006882312456986011,31.713599999999996,0.016904271234362635
985,2835360,2841057,920.06,51.66813718337444,921.5096309860251,1096.0,356.0,-254.96,51.266737754610446,260.06322308238816,384.0,288.0,-13708.9,78.5823771592588,13709.125223733277,13940.0,444.0,13742.299844110152,78.24496514213862,13742.522595215189,13973.95863740837,444.92496903426763,111.7725,11.784343161585205,112.39200371912585,150.0,340.73,11.381656294230643,340.9200419453218,381.0,97.4275,10.626134939384123,98.0052677155672,131.0,371.92180023456757,11.732199720360649,372.1067991853952,409.4325341249764,999.3125,444.6352717045174,1093.7668844411044,2331.0,0.20130000000000003,0.08954872975090156,0.22031946123754026,0.47,31.5066,0.02554290508145186,31.47,31.53,0.060000000000002274,0.0105318588730915,31.7141,0.01574196696126355
986,2838269,2843952,916.22,52.32543931970376,917.712939867364,1048.0,300.0,-249.07,52.162966748450955,254.47365286017333,388.0,276.0,-13714.58,79.82971627157396,13714.812334115259,13920.0,460.0,13747.605918845646,79.76678582073045,13747.83732955842,13956.102607819992,462.8823843151531,111.9875,11.236874287363012,112.54984451344214,150.0,341.3425,11.640025504697142,341.5409089699212,380.0,96.505,10.779609222972788,97.1051749393409,132.0,372.3062007065288,11.626173724400223,372.4876843601678,409.6461888019953,1040.8475,470.52032819395805,1142.2578069332685,2240.0,0.20965,0.09475992032499816,0.23007078258657704,0.451,31.502850000000002,0.02529580004664921,31.47,31.53,0.060000000000002274,0.0,31.7154,0.011626605044558348
987,2841135,2846862,915.49,56.12361267773129,917.2087003512341,1076.0,328.0,-249.42,53.72284058014803,255.14011836635964,396.0,308.0,-13710.14,78.73436606717553,13710.366075346055,13920.0,460.0,13743.154329356481,78.83704389561807,13743.38045023858,13948.048178867179,454.8279553623397,112.4275,11.572369841566593,113.02151343881394,143.0,341.38,11.325219644669147,341.5678043961404,380.0,95.5,10.711909260257949,96.0988813670586,132.0,372.22838672297587,11.110833344565583,372.3941762433994,409.6461888019953,1054.6125,464.6568544030638,1152.4380753428793,2558.0,0.21241249999999998,0.09358016533299138,0.23211272584673162,0.515,31.506600000000006,0.025306916050756915,31.47,31.55,0.08000000000000185,0.013968919154880712,31.7152,0.012055011749088861
988,2844029,2849857,916.9,54.75098172635811,918.533222044799,1084.0,308.0,-249.17,54.44658942486664,255.04925014592772,396.0,308.0,-13702.29,80.3681273889096,13702.52568981354,13944.0,520.0,13735.410695576615,80.35361746378894,13735.64573218165,13975.617624992465,513.737815693914,112.22,11.532198402733107,112.81099237219749,143.0,341.775,11.690995466597359,341.97489673951213,376.0,96.7,11.384419177103414,97.36783349751602,130.0,372.8579594092803,11.42747151155685,373.0330347301697,404.9814810580849,1035.3925,471.7808902909803,1137.8114244021283,2919.0,0.208555,0.09500879946089205,0.22917648221403522,0.588,31.5148,0.02360000000000114,31.47,31.55,0.08000000000000185,0.006863417982155577,31.7122,0.01332681544950087
989,2847044,2852757,914.88,52.21978169238167,916.3690959433322,1084.0,308.0,-249.68,51.52608659698503,254.9412481337612,388.0,280.0,-13700.25,85.46097062402228,13700.516546466413,13944.0,520.0,13733.229553452069,85.36411535686632,13733.494857464359,13975.617624992465,513.737815693914,112.31,11.690333613716934,112.91678351777472,161.0,340.7475,11.546373619019956,340.94307076108765,366.0,96.555,11.49791176692533,97.23718424553438,130.0,371.89758701102966,11.816610147312568,372.08526912523695,403.69666830430987,1014.715,492.6878512557418,1128.0017065589927,2919.0,0.20439,0.09923687772194367,0.22720746026484254,0.588,31.519399999999997,0.023358938332039985,31.47,31.55,0.08000000000000185,-0.010502363031682527,31.712049999999998,0.013313173983079761
990,2849934,2855627,922.8,53.9370002873723,924.3749455713304,1084.0,324.0,-251.01,50.12723710718555,255.966325910265,404.0,312.0,-13699.95,80.65257280459191,13700.187401637979,13944.0,460.0,13733.485905723832,80.54512576752529,13733.722097086425,13973.165138936847,457.742836988602,111.5675,11.838515267971742,112.19383895740444,161.0,339.4625,11.054347278333534,339.6424406637074,370.0,96.88,11.317490888001632,97.53881278752577,133.0,370.579178262449,11.372670677022388,370.75364462133075,403.69666830430987,998.0525,458.5422932988297,1098.3486821132894,2877.0,0.2010125,0.09237422445547243,0.221221659201806,0.58,31.5112,0.022639787984874243,31.49,31.55,0.060000000000002274,-0.007026172492535166,31.709600000000002,0.012579172825445413
991,2852834,2858537,927.81,55.43504216648527,929.4645985727482,1084.0,324.0,-251.08,50.656032217298666,256.13902475023207,404.0,312.0,-13702.24,80.52144062297941,13702.476590748112,13964.0,548.0,13736.117887312254,80.26048754157539,13736.35236734993,13993.242940791102,548.5021102655846,110.1825,12.387662965628342,110.87667698844514,148.0,340.5725,12.063363699648619,340.7860802615036,374.0,97.715,11.02196783700624,98.33465818316552,133.0,371.43281764294136,11.668632217420194,371.61605858735436,398.006281357468,958.575,428.81464454353704,1050.1181028817664,2832.0,0.19307499999999997,0.08635892759292464,0.21150843954792917,0.57,31.50080000000001,0.017758378304339687,31.49,31.53,0.0400000000000027,0.0,31.706849999999996,0.014197938358581384
992,2855704,2861533,921.94,56.35030079777747,923.6605004004448,1072.0,320.0,-252.28,51.68676426320379,257.52032929460154,400.0,288.0,-13701.89,81.92330498704261,13702.134906648671,13964.0,548.0,13735.40286258243,81.69848567957858,13735.64583265017,13993.242940791102,548.5021102655846,110.2,12.244590642402056,110.87817639193025,151.0,341.24,12.272220662944422,341.46060534123114,374.0,97.0425,10.891542303549116,97.65179209825081,127.0,371.86235860213804,11.982226623415796,372.0553554244314,400.8016966031955,942.24,423.6821006367864,1033.1131303008399,2345.0,0.18980249999999999,0.08530605777874159,0.20809159641850028,0.472,31.488400000000002,0.038800000000000424,31.41,31.53,0.120000000000001,0.006862240521530743,31.70955,0.019228151354492257
993,2858614,2864408,921.26,55.26529109667296,922.9161608726981,1072.0,320.0,-248.85,53.8675922981527,254.61351103191677,408.0,308.0,-13694.14,77.76824801935555,13694.360818964864,13900.0,488.0,13727.567775001142,77.48227378050953,13727.786439189678,13934.326535573939,488.5224316908243,111.145,11.485380925332864,111.73685605027555,151.0,341.72,11.741235028735264,341.9216503820722,371.0,95.8575,11.087704620434295,96.49661911175956,127.0,372.241971438965,11.960443103529977,372.4340713468627,403.1947420292085,929.2825,436.13134225110446,1026.5361720368162,2813.0,0.187185,0.08785639290911049,0.20677758582593037,0.567,31.489500000000003,0.04175823272122577,31.41,31.53,0.120000000000001,0.0,31.70965,0.019230236738337767
994,2861610,2867312,922.12,51.42436776470859,923.5527922106023,1068.0,272.0,-248.87,52.58443781196106,254.36469880862006,408.0,308.0,-13691.21,79.89728343316811,13691.443124813395,13944.0,532.0,13724.68270855506,79.690334983233,13724.914061661733,13972.065845822513,526.2617419393991,111.625,11.22872989255686,112.188346097088,142.0,341.75,11.305861311726764,341.9369605643707,371.0,95.7375,11.220231448147583,96.39275128348604,126.0,372.3860950729564,11.2813428418381,372.55693860133647,403.1947420292085,971.015,500.4902644158026,1092.4104700157354,2926.0,0.195575,0.100837167626823,0.22004025768027086,0.589,31.50465,0.029939564125084635,31.47,31.57,0.10000000000000142,-0.010522623640828179,31.713100000000004,0.018901936620887155
995,2864485,2870352,922.9,54.19732465721901,924.4899999459161,1100.0,352.0,-252.91,53.34502694722349,258.4746796109824,396.0,288.0,-13690.08,85.85845095271635,13690.349231484199,13944.0,564.0,13723.69337817729,85.98291558692334,13723.962729474311,13972.065845822513,553.1329523320619,112.3,11.599137898999217,112.89743132596064,147.0,341.105,10.841769920082237,341.27725532182774,371.0,96.87,11.351127697281887,97.53278935824608,126.0,372.30891999644314,10.710186323407255,372.4629377535435,409.1564492953765,977.1875,478.4639248091229,1088.036367728579,2926.0,0.1968075,0.09637933099866382,0.21913960732829654,0.589,31.49135,0.03297237480073318,31.43,31.57,0.14000000000000057,0.0,31.7051,0.02390436249653796
996,2867390,2873217,921.46,58.14351554558772,923.2925863451953,1100.0,368.0,-250.56,53.465562748371035,256.2008587026983,396.0,308.0,-13690.4,86.2911351182727,13690.671945525537,13944.0,564.0,13723.890950442377,86.16020175117563,13724.161409718265,13971.75207338006,552.8191798896078,111.8825,11.973666679426147,112.52138685601062,147.0,340.9725,10.76112186298436,341.14226870911205,381.0,96.9825,11.129339322259879,97.6189914924345,126.0,372.0835927952458,11.062435201244156,372.24800536738945,409.1564492953765,963.205,411.15629993349245,1047.2885824833575,2521.0,0.19399999999999998,0.08279921497212397,0.21093058099763531,0.508,31.5002,0.03171687248137896,31.43,31.53,0.10000000000000142,0.010296893770379659,31.69875,0.01546075961003495
997,2870430,2876102,918.12,58.06880057311327,919.9545206150138,1096.0,364.0,-246.58,50.900526519870105,251.77879179946828,388.0,300.0,-13685.58,80.58674580847648,13685.817263137777,13944.0,480.0,13718.777015004367,80.3756964998768,13719.012465917509,13971.75207338006,474.08057048742194,111.42,11.739190772791794,112.03671273292518,140.0,341.2425,10.865481754160742,341.41543975046005,381.0,96.1225,10.629087155066516,96.70838898461705,126.0,371.95198029314133,10.998379699329014,372.1145522550818,408.93642537685486,1000.73,460.27243791041843,1101.5040853305993,2946.0,0.20156500000000002,0.09271575257204138,0.22186631109747149,0.593,31.5071,0.025131454394842708,31.47,31.53,0.060000000000002274,-0.003526093088857471,31.704449999999998,0.008966520854857702
998,2873296,2879122,920.04,56.74925902599963,921.7885223846085,1096.0,308.0,-248.34,51.26055403524234,253.57523538389944,396.0,300.0,-13685.56,81.4481823001594,13685.802363033014,13932.0,468.0,13718.90976388289,81.8271986489395,13719.153793146283,13967.25828500354,469.5867821109023,112.225,11.749867020524103,112.8384243066164,143.0,341.0475,10.935732428603034,341.22278279739766,372.0,96.94,11.395016454573463,97.60742799602907,128.0,372.2536552826004,10.950964740281572,372.4146982867352,401.7088497904919,1023.225,490.26226081047685,1134.612922982988,2946.0,0.2061025,0.09876042726593481,0.22854291172556632,0.593,31.497200000000003,0.023540603220819325,31.47,31.53,0.060000000000002274,-0.006865774116032047,31.7067,0.0161791350518981
999,2876181,2882012,920.16,54.93172489554647,921.7981991737671,1072.0,308.0,-248.2,50.83660098787094,253.35271855656097,408.0,300.0,-13692.9,87.31317197307632,13693.178374650643,13932.0,540.0,13726.229992167357,87.42838283608289,13726.508424213349,13967.25828500354,540.8532561061911,111.8325,11.981838078942646,112.47254109337088,150.0,340.6525,11.433798308086425,340.8443303034393,375.0,97.1075,11.685501433400281,97.80806459592173,128.0,371.8237094930507,11.767606333807382,372.0098755409593,401.7088497904919,989.5925,447.9490444724154,1086.2557997543672,2415.0,0.19933,0.09022073542152047,0.21879723490026104,0.486,31.511899999999997,0.021780495862125233,31.47,31.53,0.060000000000002274,0.010289830217801796,31.711599999999997,0.013109907481956397
1000,2879199,2884912,919.85,53.55462164930306,921.4076839271528,1072.0,308.0,-247.82,53.286091994065394,253.4840428902774,408.0,312.0,-13688.05,89.58413643050872,13688.343147364476,13888.0,496.0,13721.369840546797,89.409725045791,13721.661138506519,13914.156244630862,487.75121573351316,112.0025,11.821272932725984,112.624608767356,150.0,341.045,11.799278579642062,341.2490512807325,376.0,96.705,10.85716238250124,97.31256342322918,132.0,372.0963790413101,12.216268020376395,372.2968607173582,402.63755413522966,949.105,433.04435566694553,1043.229464211973,2365.0,0.19117499999999998,0.08721496072922352,0.21012931732625983,0.476,31.528299999999998,0.013157127346043906,31.49,31.55,0.060000000000002274,0.0,31.71175,0.01312891545606964
1001,2882089,2887874,918.46,51.751989333744454,919.9168658090796,1052.0,272.0,-247.15,54.604372535539675,253.11017363985985,396.0,316.0,-13691.52,87.58909521167575,13691.8001650623,13888.0,448.0,13724.725755776775,87.21518627880292,13725.002861930485,13917.35377146101,438.2618139143142,113.3,11.765415419780128,113.9092401870893,150.0,341.6125,11.905349375385839,341.819890439395,377.0,97.165,10.266828867766327,97.70591077309498,132.0,373.1244816038899,11.862492479594883,373.3130020505581,402.63755413522966,962.3825,455.14005667898533,1064.5809257637486,2365.0,0.19385249999999998,0.091658446112456,0.21442962132130905,0.476,31.5246,0.017170905625505946,31.49,31.55,0.060000000000002274,0.0,31.712699999999995,0.014942160835235835
1002,2884989,2890797,915.4,52.43700983084371,916.9006489254983,1056.0,272.0,-247.07,51.843370839481494,252.45062883661035,388.0,308.0,-13696.45,83.18700319160439,13696.702620704007,13912.0,472.0,13729.43136618679,82.55398940295923,13729.679559261389,13946.744996593292,467.65303904659595,112.545,11.984071720412892,113.18124844690485,150.0,341.635,12.079394645428222,341.8484825182057,377.0,97.305,10.356252942063554,97.8545604455919,121.0,372.96949384380014,11.817430427107217,373.15666281067524,402.5543441574069,984.755,456.8648268087619,1085.5726046653904,2465.0,0.19835500000000003,0.09203506926710057,0.21866677845525598,0.497,31.5083,0.02247465238885923,31.47,31.53,0.060000000000002274,0.0,31.70825,0.017570124449842246
1003,2888001,2893712,917.1,55.53368347228554,918.7798430527305,1072.0,292.0,-250.33,51.5011757147349,255.5728467580232,396.0,296.0,-13688.22,83.2583425249386,13688.473206314866,13940.0,524.0,13721.402942413797,82.90893750360453,13721.653420779872,13974.59809797763,526.569543576059,111.3675,11.359905094233843,111.94537730518398,149.0,340.925,11.951751963624414,341.1344309799291,370.0,97.17,11.157782037663221,97.80851189952743,124.0,371.9227304799928,12.018945557186813,372.11688015998413,402.46987464902264,1004.0025,453.3666424581213,1101.6180520035064,2580.0,0.20223500000000003,0.09134650937501664,0.22190804401823744,0.52,31.506,0.026720778431775873,31.47,31.55,0.08000000000000185,0.0,31.7133,0.02102892148558977
1004,2890874,2896617,918.86,55.327935078041726,920.5242419404282,1080.0,300.0,-249.42,54.200955711131144,255.24121924172044,400.0,324.0,-13690.91,84.48557214104666,13691.170674562492,13940.0,524.0,13724.196744786832,84.20873103503777,13724.455085721984,13974.59809797763,526.569543576059,111.42,11.164837661157462,111.97798890853505,147.0,340.6475,11.970515600841928,340.8577599234026,370.0,96.8325,10.71608341466228,97.42364959289915,124.0,371.59108590035225,11.598054983359562,371.772040368826,400.64947273146385,992.1975,454.0069971858914,1091.1362117077776,2580.0,0.19985750000000002,0.09144081251689533,0.21978271656342774,0.52,31.513149999999996,0.035370573928055676,31.43,31.55,0.120000000000001,0.0,31.718599999999995,0.015705306160785262
1005,2893789,2899627,918.62,54.81400915824348,920.2539214803705,1100.0,320.0,-253.42,52.38610121014924,258.77789704686916,400.0,324.0,-13697.5,83.18791979608578,13697.752606905995,13932.0,480.0,13730.817262804583,83.16883711879441,13731.069141184891,13963.50042073978,478.75466859450535,112.2,11.704059124936101,112.80879841572643,147.0,341.2575,12.264631822847353,341.477821388154,380.0,96.105,10.314745513099195,96.65694491344117,126.0,372.21308742954045,11.52866194184164,372.391584894181,411.5580153514204,978.01,466.7000695307426,1083.6570098513644,2954.0,0.19699750000000002,0.09398479926961593,0.21826854445842628,0.595,31.518849999999993,0.03099479795062448,31.43,31.55,0.120000000000001,0.0,31.71455,0.01445058991433123
1006,2896694,2902527,920.07,56.63316254633852,921.8113255975976,1100.0,328.0,-256.51,52.87513498800736,261.90295912799456,408.0,348.0,-13697.03,82.34621484925704,13697.277529494684,13912.0,484.0,13730.509326786305,82.79267500369517,13730.758937509609,13941.166091830339,487.2815970087777,111.975,11.750718063165332,112.5898752108732,146.0,340.815,12.111183881025008,341.03012330291295,393.0,95.2825,10.8516217106016,95.89844889256553,126.0,371.5288702390935,11.867437754747245,371.7183577656611,416.28595940771294,998.68,463.4704819079636,1100.9843913516668,2954.0,0.201165,0.09333848496199196,0.22176435691968177,0.595,31.519499999999997,0.017599715906799228,31.49,31.53,0.0400000000000027,-0.006857534716269964,31.711849999999995,0.01738773514099293
1007,2899704,2905402,921.08,56.13157400251662,922.7887732303639,1072.0,300.0,-250.43,55.85960168135824,256.58425516777135,408.0,348.0,-13696.5,77.31953181441284,13696.718240512944,13912.0,484.0,13729.946833249396,77.62162163282949,13730.16624662644,13940.966394048872,487.0818992273107,111.5975,11.263236379922068,112.16444400967714,147.0,340.6,11.283173312503889,340.7868395346276,393.0,96.1525,10.869417820196258,96.76490841208914,125.0,371.4206340304889,11.255781465081487,371.5911462884981,416.28595940771294,1000.35,463.08949728967076,1102.3393329642192,2566.0,0.20148749999999999,0.09325934185779997,0.22202368679940437,0.517,31.521900000000002,0.018825249002338316,31.49,31.55,0.060000000000002274,-0.007020007020007493,31.70925,0.016404580936104755
1008,2902605,2908410,917.77,56.040941284029124,919.4793961802516,1052.0,316.0,-251.55,51.5728368426636,256.7823202636817,372.0,292.0,-13697.11,75.50210526866121,13697.318092239808,13888.0,440.0,13730.338007651077,75.63488383203872,13730.54632707672,13919.453437545599,436.76587163352633,112.4275,11.298661148560921,112.99381620248074,147.0,341.99,11.364193768147391,342.1787617605745,379.0,96.97,10.62751617265295,97.55062788111617,125.0,373.1516421716423,11.308600470729454,373.3229600493385,410.4655893007354,967.455,465.122745063064,1073.4562613353187,2566.0,0.1948425,0.09367450396852924,0.21619091678421645,0.517,31.50665,0.03361216297711374,31.43,31.55,0.120000000000001,0.006890611541774798,31.705250000000007,0.015845035907414585
1009,2905479,2911298,915.69,54.442115131578056,917.3069933233911,1084.0,352.0,-251.76,48.21309365722137,256.3349371427937,372.0,256.0,-13688.9,83.61812004583695,13689.155386655526,13908.0,460.0,13721.993994624827,83.75996346835335,13722.249630435965,13943.298318547158,460.6107526350861,113.445,10.811659215865065,113.95902772488014,143.0,341.6375,12.434673045560949,341.8637191923121,379.0,96.44,11.00188165724391,97.06551910951696,122.0,372.99932518616174,12.27521530026886,373.20125602682526,410.4655893007354,960.6525,437.4773385488098,1055.575505352412,2360.0,0.193505,0.08810232672863981,0.21261750868637325,0.475,31.50425,0.031810965090673604,31.43,31.53,0.10000000000000142,0.0068740333390621584,31.7052,0.016961108395236887
1010,2908490,2914183,919.45,53.34470451694338,920.9961780593881,1084.0,352.0,-249.21,50.340598923731534,254.2435839898423,412.0,328.0,-13683.74,82.38648190085556,13683.98801227186,13908.0,440.0,13717.055959746474,82.32543460981309,13717.30300314169,13943.298318547158,439.3237925048343,112.65,10.648356680727783,113.15215419955557,143.0,341.0975,12.301950810745424,341.3192676952182,372.0,95.7025,11.116833800592685,96.34600406866909,124.0,372.07649018586164,11.995434588643816,372.2698013538031,401.3788733852344,938.925,424.30163136028597,1030.3455876549383,2571.0,0.18915749999999998,0.08546597389458568,0.2075692474814128,0.518,31.5107,0.02226005390829176,31.47,31.53,0.060000000000002274,0.0,31.714299999999998,0.014283558734618786
1011,2911375,2917072,921.03,54.533834451650286,922.6430512392102,1060.0,272.0,-248.24,53.70607414436471,253.98314904733346,412.0,328.0,-13687.84,72.53450489249927,13688.032185818383,13896.0,468.0,13721.253332907443,72.17848832136829,13721.44317336919,13925.351844747047,458.3848513962421,112.1825,11.398868090736025,112.76013258239811,145.0,341.94,11.906569615132648,342.14723438893964,376.0,95.405,10.573125129307796,95.98908792149241,124.0,372.63838556853824,11.580850610962866,372.818296895418,406.3569859126332,943.9025,429.9003407695207,1037.1915119687394,2571.0,0.190135,0.08658722062175227,0.2089226292195271,0.518,31.502600000000008,0.023435869943316687,31.47,31.53,0.060000000000002274,-0.0070212392487278745,31.715349999999997,0.014931002548145332
1012,2914260,2919957,919.53,56.02337994087825,921.2350622940922,1076.0,292.0,-247.98,51.33107830544767,253.23696412648766,408.0,300.0,-13700.12,71.55631069304789,13700.306869555878,13904.0,476.0,13733.395562406919,71.11713198634206,13733.579697952024,13935.030965161146,468.0639718103412,112.2075,11.676876455199823,112.8134411318084,145.0,341.1375,12.127802511172417,341.35301009365656,376.0,95.7925,10.687583625403827,96.38686373152723,124.0,372.02482214698233,11.692271229582493,372.2085134706083,406.3569859126332,963.89,443.48173908290744,1061.0183716599822,2241.0,0.1941525,0.08929607630657688,0.21370302407780756,0.451,31.516000000000005,0.023706539182260494,31.47,31.55,0.08000000000000185,0.0,31.710049999999995,0.014335664553674517
1013,2917151,2922942,920.88,57.72855099515317,922.6876828049674,1076.0,316.0,-250.94,48.13726622898313,255.51532243683548,392.0,280.0,-13704.18,76.9293676043161,13704.395922476846,13932.0,444.0,13737.583933768929,76.78478139454768,13737.798522325184,13961.71565388724,445.21669890633166,112.4075,11.440561338937876,112.9881962861608,148.0,340.8675,12.0716586992012,341.0811890151669,376.0,95.9925,11.178212905021983,96.64115324229115,124.0,371.8911019738898,11.799609003941313,372.07824781892316,413.11015480135563,986.2675,451.988767497324,1084.9043402530936,2198.0,0.19865499999999997,0.09102382092067988,0.21851577746240658,0.443,31.526099999999996,0.018406248938880286,31.49,31.55,0.060000000000002274,0.0,31.706149999999997,0.01124694333300538
1014,2920035,2925840,918.88,56.93457297635594,920.6421671854923,1096.0,392.0,-254.75,49.7376869184726,259.56001232855573,392.0,296.0,-13692.59,79.96906839522393,13692.823520370077,13932.0,444.0,13725.961911674924,79.61758128227473,13726.192821026521,13961.71565388724,445.21669890633166,112.725,11.163304842205108,113.27640972417868,148.0,341.345,11.574583145841581,341.54118346108714,376.0,95.1425,10.840304135493616,95.75806754524655,120.0,372.1832280002025,11.45326570674457,372.35941306753614,413.11015480135563,972.16,445.585574721624,1069.4117869183974,2198.0,0.195805,0.08975459305795999,0.2153961118497732,0.443,31.521399999999993,0.019443250757011855,31.49,31.55,0.060000000000002274,0.0,31.709899999999998,0.011846554441284598
1015,2923021,2928727,918.83,56.44281265139079,920.5619805314577,1096.0,392.0,-253.08,50.99601553062749,258.1667678071676,372.0,276.0,-13693.52,82.77010088190059,13693.770148501835,13936.0,528.0,13726.8591419488,82.23999693983734,13727.105496789918,13968.607661467195,525.2693855775342,112.735,11.652457895225368,113.33560782031391,141.0,341.745,11.623466565530268,341.94261214420175,377.0,95.78,10.559905302605701,96.36036529611124,125.0,372.7325663926045,11.201069162481831,372.9008313211436,403.16125805935275,926.1925,427.2513200023494,1019.9883516491745,2061.0,0.186545,0.08607225438548709,0.20544456673273206,0.415,31.5137,0.021961557321830635,31.47,31.53,0.060000000000002274,-0.007010164738871836,31.713949999999997,0.014279610224737135
1016,2925921,2931617,922.3,57.07249775504836,924.0641536170527,1104.0,304.0,-249.18,51.38061502162075,254.42216884540545,408.0,300.0,-13692.17,85.92887233055023,13692.43963214737,13936.0,528.0,13725.676280921607,85.66744624431962,13725.943620749722,13968.607661467195,525.2693855775342,114.045,11.567107460380923,114.63010075891934,145.0,341.885,11.689173409612845,342.08477019592675,377.0,95.7525,11.16271668322725,96.400972505468,125.0,373.2619390480841,11.433387864685363,373.43700606661895,403.4327701117003,930.7075,457.1178370439618,1036.90557308754,2444.0,0.1874475,0.09207411277742512,0.20884014819952607,0.492,31.509999999999994,0.02420743687382159,31.47,31.53,0.060000000000002274,-0.01053370786516894,31.71305,0.016320643630730127
1017,2928804,2934482,922.03,59.50192517893854,923.9479422564889,1104.0,372.0,-247.02,52.523514733878955,252.54227368898063,408.0,312.0,-13689.69,82.80135204210134,13689.940407467084,13924.0,500.0,13723.161147984894,82.30350197822213,13723.407949922643,13955.07420259742,498.6526872018803,113.6625,11.357314548342844,114.22851001391903,145.0,340.9625,11.200048828018563,341.14640185703263,377.0,95.5775,11.051424964682157,96.21430506946459,125.0,372.23353782358623,11.33162915634014,372.4059780669478,403.4327701117003,958.31,457.928470287664,1062.1000611995087,2444.0,0.19301500000000002,0.09222759768637585,0.21391755421189726,0.492,31.507199999999997,0.025615620234537742,31.47,31.53,0.060000000000002274,-0.003522367030644518,31.715599999999995,0.017010685127921536
1018,2931695,2937487,921.33,57.098083155216344,923.0975896404453,1120.0,388.0,-244.43,52.2372960632535,249.94951490250986,400.0,304.0,-13691.95,83.27519138374886,13692.20323980038,13932.0,560.0,13725.310452799913,82.86407099242848,13725.560588915849,13967.51488275563,564.4782119112206,113.4725,11.961782632617933,114.10123794245179,149.0,341.105,11.923463213345357,341.31333111966194,372.0,96.3875,11.417195091177167,97.06133370194333,130.0,372.542669067941,12.11382366284959,372.73956725842777,407.0307113720045,946.755,428.0864456800752,1039.0394771133579,2209.0,0.19070499999999999,0.08620822452063376,0.2092851045822421,0.445,31.508100000000002,0.02761141068471623,31.47,31.53,0.060000000000002274,0.0,31.714799999999997,0.020248085400995267
1019,2934560,2940367,920.59,54.933522552263106,922.2275424210665,1120.0,344.0,-245.77,54.94967788804589,251.83796377829933,424.0,328.0,-13691.34,84.05833926506043,13691.59803675232,13932.0,560.0,13724.67478991503,84.17072573542875,13724.932888724812,13967.51488275563,564.4782119112206,113.925,12.371312581937294,114.59474246229624,158.0,341.24,12.742150524931027,341.47781772759413,371.0,96.1625,11.511346304842018,96.8490449101074,130.0,372.77332659783497,12.603153461886466,372.9863167731492,407.0307113720045,898.2975,406.6480222425162,986.0532503369176,2089.0,0.18094249999999998,0.08188405946061786,0.19860812546318443,0.421,31.503600000000006,0.023854559312635727,31.47,31.53,0.060000000000002274,0.003444119166523088,31.705699999999997,0.019505413425051757
1020,2937564,2943263,919.7,55.150611963966455,921.3520933931827,1092.0,316.0,-244.94,54.327860256041745,250.89264636493434,424.0,368.0,-13692.51,83.78412677828659,13692.76633409042,13972.0,524.0,13725.76678599651,83.74256047587926,13726.022245355718,14005.175614750427,524.5560444190996,113.9225,12.13492866686904,114.56697822671244,158.0,340.9725,12.492467480445967,341.20127124616636,370.0,95.3825,10.81462869219281,95.99363260133455,123.0,372.303773083953,12.189259512062804,372.5032583750107,406.30776512392674,902.0675,413.519265504946,992.3325841168373,2377.0,0.1817025,0.08328612725868577,0.19988090829291327,0.479,31.493750000000006,0.022736259586837122,31.47,31.53,0.060000000000002274,0.0,31.701999999999998,0.012743861857285927
1021,2940445,2946262,919.47,53.8018503399279,921.0427351648782,1056.0,292.0,-247.12,48.07104741941869,251.7521002891535,380.0,324.0,-13695.99,87.88105541013945,13696.271943853919,13972.0,524.0,13729.234385295073,87.67664245093826,13729.51433955331,14005.175614750427,524.5560444190996,113.9175,11.985019555678663,114.54622429395043,154.0,341.46,11.828076766744458,341.6647991818882,374.0,95.85,11.035510862665125,96.4831850635125,124.0,372.8533230198081,12.044791948665395,373.0478220014158,406.1625290447163,972.005,443.4372221352195,1068.377409907192,2377.0,0.19582,0.08931510286620063,0.21522699644793633,0.479,31.508900000000004,0.033982201223582656,31.47,31.57,0.10000000000000142,-0.003438198384046686,31.704099999999997,0.013477540958041326
1022,2943339,2949197,922.56,57.120980383743415,924.3266522177104,1076.0,312.0,-254.1,47.72745541090578,258.5434586292989,408.0,316.0,-13697.34,85.87505109168785,13697.609192848218,13968.0,508.0,13730.927043681317,85.8172540989459,13731.195216731863,14002.530628425706,510.5691698385963,113.8075,11.950123168821316,114.43317919205076,154.0,341.4775,11.56371453080713,341.6732393676742,376.0,96.25,11.432519407374736,96.92659593733806,131.0,372.9419856991783,12.024778698747427,373.13579297623005,406.1625290447163,1011.6575,452.1045898835246,1108.0836870471471,3788.0,0.20380750000000003,0.09107420295423946,0.2232308390433544,0.763,31.52975,0.029375797861505473,31.47,31.57,0.10000000000000142,0.003414134516899893,31.7089,0.017249169098436407
1023,2946340,2952067,923.07,56.82794295062949,924.8176252645708,1076.0,312.0,-250.04,49.88866003411998,254.96839019768706,408.0,312.0,-13692.71,81.24983630752742,13692.951058117458,13968.0,480.0,13726.276003639261,80.94610501473707,13726.514677805142,13999.669138947535,471.8583774089184,113.4625,11.573832284511472,114.05127136511894,147.0,341.6525,11.493334753238505,341.84576566048025,376.0,95.5825,11.573166971490561,96.28059254076078,131.0,372.8215900537431,11.842064423012115,373.009614487348,405.49845869004236,979.19,442.99424251337626,1074.73576054768,3788.0,0.1972575,0.08923172750625194,0.21650132216686346,0.763,31.51665,0.03034431577742455,31.47,31.57,0.10000000000000142,0.01047668936616069,31.711399999999998,0.017630004044426734
1024,2949274,2955047,923.87,57.91669103116993,925.6835960521283,1092.0,360.0,-246.29,51.72770920889499,251.66350549891018,408.0,312.0,-13690.73,81.69031215511421,13690.97371409353,13956.0,468.0,13724.2968696895,81.6168648685735,13724.53955074632,13989.767117432655,461.956355894039,112.6725,11.917014884189749,113.30095983706404,145.0,341.595,12.124189663643506,341.8100934729693,379.0,95.4625,11.090923935813464,96.10461747491637,131.0,372.499067698164,12.320290743266767,372.7027568988456,411.51063169740826,958.4375,458.56431511157734,1062.489375240995,2539.0,0.193075,0.09236186645472254,0.21402960075653088,0.511,31.508949999999995,0.022447661348123905,31.47,31.53,0.060000000000002274,0.0,31.707200000000004,0.01921152536283628
1025,2952145,2957972,920.58,58.56606184472369,922.441065868167,1092.0,360.0,-252.29,52.42552717903751,257.6794132250382,412.0,300.0,-13694.11,82.02528817383087,13694.355656254878,13920.0,424.0,13727.55985269714,82.30146181916558,13727.806563322489,13955.19745471199,425.8515725194593,112.1725,12.002822324353552,112.81284279726312,145.0,341.9375,11.983471690207308,342.14742071218365,379.0,95.475,10.79209780348566,96.08301098529334,131.0,372.66774377961775,11.928652321580529,372.85860590845965,411.51063169740826,954.9075,442.20385451028125,1052.3272221604836,2434.0,0.19236250000000002,0.08906175438284382,0.21197954500375737,0.49,31.5179,0.01837362239734031,31.49,31.53,0.0400000000000027,0.0,31.710650000000005,0.017416539254369236
1026,2955128,2960872,916.89,55.923232202725906,918.5938602015583,1072.0,292.0,-253.21,54.49271419189908,259.0072585855462,420.0,312.0,-13694.29,77.56130414066025,13694.509642918947,13908.0,432.0,13727.50876940426,77.4389174067609,13727.727189888354,13937.677281383723,422.93570042850297,112.085,11.374435150810788,112.66066305503443,145.0,342.03,11.273823663691037,342.2157506603108,384.0,95.56,11.01913789731302,96.19321701658595,128.0,372.73305533753404,11.280490182025643,372.90371411397876,415.0951698104906,962.985,417.7523426325698,1049.6938267895073,2569.0,0.19401500000000002,0.08411694107015542,0.21146507985953614,0.517,31.519499999999997,0.01759971590679923,31.49,31.53,0.0400000000000027,0.0,31.709400000000006,0.017504457004933943
1027,2958049,2963762,921.67,53.719001293769416,923.2341631460569,1072.0,292.0,-250.54,56.158600409910505,256.7568499573088,420.0,364.0,-13695.2,82.77197593388719,13695.450129148732,13896.0,448.0,13728.686144411908,82.56142096948122,13728.934395647755,13933.715656636603,449.7987182985453,112.1875,11.32110170213129,112.75727249273103,146.0,341.565,11.033846790670967,341.74317110953365,384.0,95.49,11.287820870300875,96.15484907169268,123.0,372.3194313346723,11.251379943198971,372.48939917801687,415.0951698104906,1004.105,456.4247736210207,1102.973447096529,2569.0,0.20229000000000003,0.09190501020075022,0.2221886023179407,0.517,31.520199999999996,0.017203488018423474,31.49,31.53,0.0400000000000027,0.0,31.702749999999995,0.015971073475816017
1028,2960949,2966757,926.57,51.99995288459404,928.0279952673841,1056.0,280.0,-250.38,52.83649874849771,255.89419688613495,420.0,364.0,-13693.03,87.7930469912054,13693.311440261628,13952.0,504.0,13726.828154196532,87.66313454019027,13727.108071258126,13980.727878046979,496.81093970892107,112.625,11.646217197012943,113.22554923691031,146.0,341.7575,10.543656564494121,341.9201039716735,369.0,94.965,11.269816990528284,95.63137560445317,126.0,372.50732407370793,10.631839513721957,372.65901639434406,401.63416189363176,993.1275,462.7505064759519,1095.6460480009043,2581.0,0.2000625,0.09319199855003647,0.22070286019895619,0.52,31.510600000000004,0.022127810555950974,31.47,31.53,0.060000000000002274,-0.006887052341598261,31.6989,0.013085031337859864
1029,2963840,2969617,925.6,53.23682935712832,927.1297212364622,1052.0,280.0,-246.29,51.67432534634584,251.65253823476527,380.0,280.0,-13690.39,82.85606736986738,13690.640725692863,13952.0,480.0,13724.055821742713,82.66681129640558,13724.304791136052,13980.727878046979,474.42771849180826,113.5175,12.004153187543052,114.15043801930854,156.0,341.6675,10.607636105655208,341.8321261964709,373.0,94.8975,11.023021080901552,95.53555620814691,127.0,372.6840690696764,10.63730048784402,372.83584524559865,401.63416189363176,929.1775,439.0328131173683,1027.6773022208868,2581.0,0.1871775,0.08843498173093044,0.20701730000171484,0.52,31.51,0.022135943621179908,31.47,31.53,0.060000000000002274,0.0069240090012121685,31.7104,0.01992064457291692
1030,2966833,2972552,919.94,53.6230957703861,921.5015138348933,1116.0,352.0,-244.66,52.239107955630324,250.17481887672068,380.0,284.0,-13691.19,80.19142036402647,13691.42484477054,13932.0,456.0,13724.447893627772,79.97984181151298,13724.680934724858,13961.44061334646,455.1404537912895,113.1525,11.755392113834398,113.76149392478986,158.0,341.0425,11.12455364273102,341.2238891109472,377.0,96.415,10.920062957693972,97.03143820432634,127.0,372.38009214692676,11.116967781113248,372.5459971600822,412.3699795086931,1039.4325,587.3049254380129,1193.8789710435476,3051.0,0.20937749999999997,0.11831145334983423,0.24049228158092725,0.615,31.512699999999995,0.02210678628837882,31.47,31.53,0.060000000000002274,-0.0034971148802237406,31.710700000000003,0.019402348512990192
1031,2969694,2975432,916.88,54.238967541796,918.482879535596,1116.0,372.0,-246.53,50.36783795240769,251.62265398807,384.0,288.0,-13691.9,80.16476782227963,13692.134676521408,13932.0,444.0,13724.98153158599,79.74156772645239,13725.213177215135,13961.44061334646,431.51230607151047,112.94,11.536741307665697,113.52770586953653,158.0,341.2375,11.443386463368263,341.4293228473501,387.0,95.7725,11.160902461270773,96.42062797970152,128.0,372.3309638641287,11.362805463832183,372.5043086999129,412.7141868169787,1068.5575,587.1910010326708,1219.2655176375654,3051.0,0.21524,0.11830252490965694,0.24560892695502742,0.615,31.51755,0.024939877706196812,31.47,31.55,0.08000000000000185,0.0034855350296269733,31.704350000000005,0.0146154551356448
1032,2972630,2978438,922.2,54.78138369920935,923.8256545474368,1092.0,348.0,-249.5,51.89209959136362,254.8392434457456,388.0,280.0,-13695.76,83.1361678212317,13696.01232476081,13936.0,476.0,13729.249736635084,82.77770898895214,13729.49928001746,13966.263924185308,475.9829782598317,114.745,11.497172478483568,115.3195560171821,150.0,341.12,11.04335094072447,341.29871080916786,387.0,94.745,11.083996346083845,95.39114214642782,128.0,372.50741889910466,11.004674694281558,372.6699343923521,412.7141868169787,917.585,444.67983738303224,1019.6579769707096,3137.0,0.18480749999999996,0.08959916541882519,0.20538213773354294,0.632,31.50955,0.04186642449505398,31.43,31.55,0.120000000000001,-0.00688705234159765,31.709400000000002,0.009265777711097706
1033,2975509,2981336,905.89,556.9983015234427,1063.430204573859,4356.0,5560.0,-266.18,248.49492469666257,364.1449162078196,1336.0,2560.0,-13693.53,163.53745473132446,13694.506502974104,14872.0,2236.0,13739.617949928317,160.91075168416748,13740.560166164989,15066.372622499419,2103.830896433501,116.75,54.15627849104848,128.69912587115735,541.0,340.12,58.344327916259346,345.08792357890474,885.0,80.03,81.61316744251506,114.30446185516995,476.0,381.1012398627652,58.9618094622537,385.63538478723655,1025.8484293500674,918.6625,563.7656060755658,1077.8554854432018,4206.0,0.18504499999999996,0.11357313931999942,0.21711865419627122,0.847,31.536550000000002,0.10953582747211105,31.43,31.77,0.33999999999999986,0.027458383387678077,31.709449999999997,0.011876452555930882
1034,2978516,2984222,902.28,564.0509211055328,1064.0783053892228,4356.0,5560.0,-261.2,262.5546800192295,370.3517247158436,1336.0,2560.0,-13694.25,168.7730354647922,13695.28997137337,14872.0,2236.0,13740.56058032627,165.48528147185596,13741.557060246121,15066.372622499419,2103.830896433501,113.8525,55.36682891181325,126.60125394323707,541.0,340.1,58.876480873095666,345.158586739487,885.0,82.7825,82.97572050756776,117.20884139005896,476.0,381.2381396431317,59.64663344602108,385.87593861239907,1025.8484293500674,926.39,556.4749930589874,1080.6770331602315,4206.0,0.18662499999999999,0.11208474193662579,0.2176967615744433,0.847,31.58375,0.11456848388627715,31.43,31.77,0.33999999999999986,0.01051524710830682,31.71455,0.013369531065158867
1035,2981418,2987230,921.0,108.42084670394343,927.3597360248071,1304.0,836.0,-245.59,101.71642885984544,265.82076668311674,796.0,952.0,-13701.09,93.36922351610299,13701.408139311812,14100.0,760.0,13735.020654280073,91.92054449252554,13735.32823634004,14154.613099622327,755.7653879718964,111.96,16.164727031410088,113.12090876579802,161.0,341.12,13.692355531463532,341.3946909370443,396.0,98.8675,17.673424788365157,100.43471760302809,157.0,373.11866811298046,14.7060193660809,373.40836559991527,431.8078276270591,872.295,412.0164413891756,964.7051959018361,2956.0,0.1757025,0.08296781902490868,0.19430652974102544,0.595,31.537450000000003,0.08348351633706001,31.43,31.71,0.28000000000000114,-0.048176187198899025,31.715500000000002,0.012495613265349816
1036,2984299,2990113,918.71,61.074838518001826,920.7378562870107,1112.0,348.0,-246.08,55.79815050698365,252.3267722616845,432.0,336.0,-13693.49,82.92490518535429,13693.7410856201,13936.0,520.0,13726.730931024817,82.64301087515264,13726.979708588484,13970.351463009081,520.0078242762775,114.12,11.908635522174656,114.73966184367113,153.0,341.5875,11.830990818608559,341.7923236411257,373.0,96.72,13.592152147470982,97.67038957637058,152.0,373.32807326866225,12.362734709938,373.53271275753076,410.15119163547485,839.0575,392.6400886228379,926.38206345978,1863.0,0.16901249999999998,0.07907393593182269,0.18659558542473614,0.375,31.489350000000005,0.026049520149131856,31.43,31.55,0.120000000000001,0.010319917440660865,31.711199999999998,0.015464730671331845
1037,2987311,2992988,917.25,59.67375888948173,919.1890556354552,1056.0,320.0,-244.67,52.92627986170953,250.32898353966127,408.0,312.0,-13689.89,82.8906985131625,13690.140944489944,13948.0,532.0,13722.999588478524,82.54995226072614,13723.247873590275,13974.750945902399,524.4073071695948,113.745,11.973302593687341,114.37344534462534,153.0,341.4125,12.40976807801016,341.6379626153979,375.0,96.0225,11.510299463958356,96.7099141763656,129.0,372.8125221352007,12.704854945666126,373.028939896089,410.15119163547485,802.0075,403.35419601604497,897.7252572474498,2351.0,0.1615775,0.08124514750894357,0.1808537046897298,0.474,31.515500000000003,0.034550687402713935,31.43,31.57,0.14000000000000057,0.02466091245376089,31.707949999999997,0.015276810936217754
1038,2990190,2995918,918.82,64.74787718527921,921.0985180750212,1116.0,380.0,-243.93,55.54201202693327,250.17345982337935,432.0,368.0,-13698.0,86.75344373568117,13698.274714722289,14108.0,704.0,13731.214486549776,86.53394920836236,13731.487151798236,14143.648185669777,708.36270303116,113.84,11.977245092257235,114.46833623321342,150.0,341.365,11.999448945680799,341.57583345430044,376.0,95.91,12.372829102513297,96.70478271523079,138.0,372.8004811180579,12.1928781731174,372.99981903480864,407.2026522506945,797.5275,391.5099414366766,888.4425403479956,2351.0,0.16066750000000002,0.07885323039514613,0.17897451634241116,0.474,31.546000000000003,0.02336664289109611,31.49,31.57,0.08000000000000185,0.0,31.709600000000002,0.014224832676050903
1039,2993065,2998877,922.23,71.20636979933748,924.9748753344601,1356.0,776.0,-248.66,71.40171146408187,258.7083299779889,900.0,884.0,-13692.87,105.29844775684018,13693.274867612934,14180.0,1004.0,13726.518692168775,104.73640026875603,13726.918267404379,14215.148539498277,969.5467034169887,113.3475,29.430710894404164,117.10603101463221,324.0,341.8275,31.60233763109938,343.28522761691914,687.0,97.575,16.613078432367676,98.97916447414578,309.0,374.67677205660164,31.18912440652043,375.972665229801,759.6407045439311,921.85,494.9790071306055,1046.332471062616,4342.0,0.18570500000000004,0.09971799223309703,0.21078430918832647,0.875,31.576949999999997,0.07120883021086666,31.49,31.77,0.28000000000000114,0.03441156228492761,31.7078,0.016056291952944318
1040,2995995,3001812,959.0,577.3822650549635,1119.3977309249826,3164.0,4376.0,203.34,1510.8357569239615,1524.4578839705607,10596.0,14464.0,-13683.73,1236.663400889668,13739.497919502008,19452.0,16096.0,13811.309131093158,1264.344211590649,13869.060033037567,19522.943220733905,15531.500373842571,39.4,1140.2485584292576,1140.9290665944136,5600.0,170.175,1549.6342276082444,1558.9502140863897,7654.0,418.755,1614.5443939313031,1667.9656321399432,7192.0,1599.5202346072454,1988.8914686533255,2552.2841250534784,8370.118816360971,1160.4525,1385.9502237612107,1807.624968708941,12186.0,0.2337525,0.2791827112192838,0.364119784548986,2.455,31.071400000000004,0.6199693863409709,30.19,31.77,1.5799999999999983,-0.21660649819494612,31.715,0.02068985682498983
1041,2998995,3004692,1096.13,584.6562948433892,1242.305904356894,3164.0,4376.0,333.57,1475.8936733721707,1513.1196515807994,10596.0,14464.0,-13681.95,1235.224804438447,13737.595718319855,19452.0,16096.0,13818.846313518015,1262.4887022740186,13876.396908419707,19522.943220733905,15531.500373842571,40.455,1139.996196473918,1140.7137831200253,5600.0,169.415,1549.2758849782049,1558.5112158723787,7654.0,417.79,1614.7001380751783,1667.8744017461268,7192.0,1597.7246123200346,1989.7904985668204,2551.8601382129077,8370.118816360971,1234.4425,1443.8587228997683,1899.6253045008639,12186.0,0.2486625,0.29084742322006224,0.3826555402708812,2.455,30.392450000000004,0.3447767357290799,30.17,31.77,1.5999999999999979,-0.28084956994909566,31.7296,0.01531097858279794
1042,3001888,3007682,1204.22,62.028635322728164,1205.8164702806146,1396.0,372.0,1.93,53.74751250057997,53.78215317370624,164.0,320.0,-13678.3,82.06869074135398,13678.546200528768,13932.0,448.0,13731.452105912655,82.06767345828713,13731.697347378436,13980.545912087982,441.4670660216816,114.6775,11.794850306383715,115.28246831153469,155.0,341.05,12.731948004920536,341.2875693605028,378.0,96.9075,12.125549214365508,97.66315835564608,126.0,373.02398844264303,12.587654521115166,373.23631254206765,409.82191254250915,1146.075,816.6054888224791,1407.242846846272,6132.0,0.2308725,0.1644976025471192,0.28348116780484733,1.235,30.225600000000004,0.040132779619657305,30.15,30.29,0.14000000000000057,-0.017259233690023797,31.7388,0.020435361754200604
1043,3004768,3010543,1205.67,56.34439723699242,1206.9858491299722,1384.0,360.0,4.2,51.98730614294224,52.15668701135071,168.0,332.0,-13674.37,79.52473263079858,13674.6012402556,13932.0,456.0,13727.633621870775,79.55742380861908,13727.864154339524,13980.545912087982,452.28216539823916,115.5075,12.583916073702971,116.19095274590015,161.0,340.4925,12.112388028378218,340.7078697359367,371.0,95.9225,12.087451913037752,96.68108656815976,126.0,372.54599378810593,11.785797063948038,372.7323738287298,408.56456038183245,1010.3075,662.7500908666478,1208.2876013184941,6132.0,0.203505,0.13348271414306798,0.24337608756819146,1.235,30.223200000000006,0.05536930557628403,30.15,30.31,0.16000000000000014,0.0,31.74885,0.025204477065798727
1044,3007757,3013442,1205.48,59.47679883786618,1206.9463616913554,1376.0,352.0,3.72,59.179063865525954,59.295868321494375,196.0,380.0,-13676.75,80.98072301480148,13676.989743360928,13908.0,484.0,13730.028239672516,81.29266753665345,13730.268896128728,13959.709452563831,480.0174679523134,116.125,12.9843896660567,116.84866280792434,161.0,340.15,11.855273088377173,340.35653365258025,373.0,95.0575,11.772178802158926,95.7836755402506,126.0,372.1979512769673,11.805827596077469,372.3851400096411,409.9987804859912,1074.89,551.765799864399,1208.2359082563305,3542.0,0.21651,0.11112571664560819,0.24336290802010072,0.713,30.213350000000002,0.060759999177089484,30.11,30.31,0.1999999999999993,0.0,31.75305,0.022515881334753036
1045,3010618,3016472,1209.17,67.01545418782149,1211.0256644679334,1376.0,364.0,1.16,60.161236689416555,60.17241893093546,196.0,380.0,-13676.18,82.35464528488966,13676.427957621097,13892.0,468.0,13729.826516123996,82.1547146451129,13730.072307165756,13952.900773674268,473.20878906274993,115.7225,12.41311780939825,116.38635014467977,150.0,339.765,11.7375370073964,339.9676822875963,373.0,94.875,12.230673530104546,95.66010140074073,126.0,371.66420042738696,11.848401608282705,371.8530119549928,409.9987804859912,1307.8225,602.9238558837674,1440.1100192346416,3542.0,0.26342499999999996,0.12146371629009217,0.29007958390758903,0.713,30.1896,0.031872244978978365,30.11,30.23,0.120000000000001,0.0034164673727365173,31.74845,0.022932777431042495
1046,3013519,3019347,1209.71,63.296728983415875,1211.364833565842,1356.0,344.0,6.92,55.65566997171088,56.08422238027376,172.0,332.0,-13678.11,80.79249903301668,13678.34860646562,13892.0,452.0,13731.762314630347,80.46449215524557,13731.998062918594,13945.838662482798,455.0963552559642,115.9575,12.408291330799742,116.61949879844279,150.0,339.4025,12.685050009755578,339.6394669351605,381.0,95.3125,12.493191895988792,96.1277925472129,132.0,371.5359397994747,12.516906060247404,371.74672493513646,409.210214926265,1343.765,623.3091686915892,1481.2895378689475,4171.0,0.27068,0.12558255292834272,0.2983934315630959,0.84,30.18775,0.03187377448624482,30.09,30.25,0.16000000000000014,-0.017158544955388027,31.746349999999996,0.02682305333991937
1047,3016548,3022322,1207.09,69.61445180420515,1209.0957116787736,1448.0,448.0,8.71,73.85293426804382,74.36477660828412,444.0,704.0,-13678.62,88.47110036616478,13678.906105387228,13984.0,544.0,13732.157987992869,88.04426616008793,13732.440234714295,14045.882528342603,555.1402211157692,117.2425,14.317600837780052,118.11349414863655,174.0,339.7525,16.35943898029514,340.14613403653436,428.0,96.445,14.298495550231848,97.49915384248213,142.0,372.7009101719497,15.821079514377338,373.03655987047705,460.35638368550946,1318.9925,829.7784809476262,1558.291866917106,6026.0,0.26569499999999996,0.16715871791504025,0.31390423698956343,1.214,30.193550000000005,0.04062508461529624,30.09,30.25,0.16000000000000014,-0.003463803255974987,31.73835,0.026095592537335833
1048,3019424,3025247,1211.32,91.45850206514427,1214.7677967414184,1476.0,644.0,11.23,115.95070978652956,116.49326160769986,476.0,848.0,-13677.75,97.47049553582869,13678.097293117928,14016.0,604.0,13732.09092062884,96.20804323428567,13732.42793682166,14051.719325406411,582.8277600250931,117.165,14.567696283215135,118.06716308948903,176.0,339.62,16.320098038921213,340.01189685068374,428.0,96.3425,20.350189034748546,98.46830708405624,160.0,372.78216192388993,16.65569726401918,373.1540600073916,460.35638368550946,1365.4225,830.1286249694984,1597.9649988344552,6026.0,0.2750275,0.16723053472302837,0.3218791349248969,1.214,30.232850000000003,0.04611808213705257,30.09,30.29,0.1999999999999993,0.024042589730379624,31.72955,0.014945095841924242
1049,3022422,3028118,1213.5,88.26545190503474,1216.7058148952851,1476.0,644.0,12.14,107.33862492132084,108.02296052228895,476.0,848.0,-13681.81,89.769281494284,13682.104494557845,14016.0,604.0,13736.233143059371,89.01932103357719,13736.52159027168,14051.719325406411,582.8277600250931,116.9375,12.153336733177436,117.56735303646161,176.0,339.395,13.227772866208431,339.6526755378205,378.0,96.7875,20.009181486257752,98.83414136825391,160.0,372.493025223297,14.253285936802211,372.7656234150354,418.1937350080702,1455.03,730.983959536733,1628.3273166043737,5293.0,0.29308,0.14725036027120614,0.32799169959009633,1.066,30.25465,0.030973819590098327,30.17,30.29,0.11999999999999744,0.003511235955056105,31.730050000000002,0.012221739946435179
1050,3025324,3031113,1210.28,64.65045707495037,1212.0055115386233,1388.0,372.0,7.56,59.00412188991545,59.486469049692296,192.0,336.0,-13682.78,76.75175307444124,13682.99526273396,13876.0,420.0,13736.480263767811,77.23550425450945,13736.697396390444,13927.79207196891,420.7485760738891,116.705,11.662245709982276,117.28625239131823,147.0,339.7375,12.081953225782659,339.95226503143056,369.0,96.4875,13.574971224647218,97.4377621869468,135.0,372.3709086951574,12.55513271705129,372.5825076409251,403.54058036336323,1495.0275,741.153817870319,1668.6570071467654,5293.0,0.30115499999999995,0.14928777905441556,0.336126724614393,1.066,30.260200000000005,0.03847024824458424,30.19,30.33,0.13999999999999702,0.0,31.74105,0.020880312944773133
1051,3028193,3034002,1211.19,55.295785553692966,1212.4515825384533,1360.0,312.0,4.35,55.72788799156128,55.89740602210446,176.0,328.0,-13679.85,82.68408250685255,13680.099878290363,13876.0,492.0,13733.587985134849,82.8075754973041,13733.837629737727,13927.79207196891,490.9775685235345,116.4625,11.499286662658688,117.02883191760908,147.0,339.34,11.408303993144644,339.5317142771791,372.0,96.22,11.69451153319368,96.92806611090515,135.0,371.797919603639,11.78513803083961,371.9846535813003,403.54058036336323,1478.69,667.9307029176006,1622.5460055110918,3809.0,0.29786250000000003,0.1345112210700282,0.32682615791885444,0.767,30.2713,0.04130750537129938,30.19,30.33,0.13999999999999702,0.010328800137717115,31.7473,0.016228629672668617
1052,3031192,3036837,1207.22,56.455571912788194,1208.5393497937914,1364.0,316.0,4.33,55.69857359035328,55.86662688940509,160.0,312.0,-13672.4,85.25115834990162,13672.665779576419,13908.0,524.0,13725.823155965192,85.18597988946111,13726.087496442677,13950.456910080042,513.6424066346663,116.43,11.484341513556622,116.99502126159044,155.0,339.67,12.312030701716107,339.89306406574406,372.0,96.9225,10.945386870732346,97.53856929440784,129.0,372.2663476329402,12.11069444874661,372.4632901374309,402.06467141493545,1396.4925,630.9340337497653,1532.4062964827572,3698.0,0.2812825,0.12705621863470518,0.3086472541591776,0.745,30.27735,0.028477666688125368,30.23,30.31,0.0799999999999983,0.0,31.75185,0.01903900494440735
1053,3034078,3039712,1208.11,54.1637138682347,1209.3235629888306,1364.0,292.0,9.9,55.031536413224,55.914935392969916,160.0,300.0,-13672.3,84.28374695040556,13672.559783742034,13912.0,464.0,13725.793055625081,84.17834730068498,13726.051180146458,13964.460032525425,464.5755885755443,116.355,11.64126174432995,116.93590124508384,155.0,340.7075,12.326473289225918,340.93040712145347,370.0,96.9,10.775899034419355,97.4973332968651,127.0,373.1841279214565,12.119577859893402,373.38087457715346,404.63440288734716,1199.3175,559.5828818805575,1323.4407684139098,3486.0,0.24158250000000003,0.11272075316351467,0.2665859570570063,0.702,30.274900000000006,0.023832540779362484,30.23,30.31,0.0799999999999983,0.007099751508697044,31.75445,0.019445895637456273
1054,3036913,3042723,1211.13,52.18661801649922,1212.2538183070408,1344.0,308.0,11.7,53.00481110238957,54.28075165286494,148.0,272.0,-13678.25,85.92751305606372,13678.51989800066,13956.0,508.0,13731.970231809171,86.05738031528627,13732.23988721432,14003.522414021409,503.6379700715279,117.5025,11.876236514569756,118.10115367768428,147.0,339.825,12.026818989242335,340.03775525667737,370.0,96.695,11.539582964734903,97.3811326695269,127.0,372.7019708220466,12.242689466058565,372.90299341785925,404.63440288734716,1081.35,491.33786491578275,1187.7418574757733,2999.0,0.2178275,0.09897761233607325,0.23926008338208027,0.604,30.264150000000004,0.03118938120578795,30.23,30.33,0.09999999999999787,0.0,31.752399999999998,0.02248341075990195
1055,3039788,3045582,1211.04,53.31602385774844,1212.2130505814562,1352.0,316.0,8.73,54.05910746581005,54.759474066137635,176.0,324.0,-13674.7,80.33573302086687,13674.935974987231,13956.0,504.0,13728.434117340768,80.18532181112575,13728.668289386265,14003.522414021409,496.9172150826307,117.1725,12.089364902673756,117.79451387904277,150.0,339.6925,12.867709343546737,339.9361300303338,374.0,97.6625,12.214687623922275,98.42338390850011,138.0,372.7528270007795,13.214100912544405,372.9869736331284,412.394228863596,1082.5025,467.81107297043536,1179.2619990909568,2857.0,0.21804250000000003,0.09424760311938972,0.2375397703543556,0.575,30.258249999999997,0.030280975875951573,30.23,30.33,0.09999999999999787,-0.006903693476009518,31.752599999999997,0.020402958161854085
1056,3042798,3048482,1207.98,209.97275918556673,1226.0930796640196,2304.0,2576.0,16.03,223.80518112858783,224.37851947100464,2480.0,4380.0,-13670.81,112.39174302412077,13671.271994953506,14876.0,1868.0,13727.544002213364,108.92009592308045,13727.976104291556,14998.971164716599,1737.204163294804,115.3425,15.503231719548024,116.37973406053135,201.0,342.1275,21.70371497578237,342.8152235534472,547.0,97.035,55.280003391823335,111.6766313961878,330.0,377.86080569243705,27.557240817294133,378.86434247630115,598.480576125909,1040.935,499.77274913204303,1154.6941045142648,3557.0,0.209685,0.10068791275520614,0.23260665295730473,0.716,30.266099999999998,0.04092419822061257,30.23,30.37,0.14000000000000057,-0.003518648838845808,31.746349999999996,0.01607243940012423
1057,3045658,3051477,1209.13,217.00903921265584,1228.4495431233634,2304.0,2576.0,17.94,226.4943186925447,227.2036971530173,2480.0,4380.0,-13673.74,118.02005083882993,13674.249314679033,14876.0,1868.0,13730.719045105961,114.711047264297,13731.198204089838,14998.971164716599,1737.204163294804,116.4975,16.19737613781936,117.61812147794232,201.0,341.5775,21.865474926239308,342.2766242383491,547.0,94.52,56.227347438768625,109.97974813573633,330.0,377.2424677076243,27.76644661929317,378.2629442596777,598.480576125909,1101.1525,532.5698867226254,1223.1792642536088,3557.0,0.2218125,0.10726939145790844,0.24638893542527432,0.716,30.274549999999998,0.05130592071096614,30.17,30.37,0.1999999999999993,0.0,31.7451,0.016512773213424307
1058,3048558,3054347,1213.51,83.24325738460743,1216.3617718425714,1472.0,504.0,8.78,66.00448166602023,66.58588439001167,312.0,532.0,-13678.22,88.54124236761082,13678.50656760452,13992.0,604.0,13732.359259385406,88.4348979303942,13732.644011988368,14037.490943897346,603.6191267330923,116.5,12.718883598806933,117.19223523766411,151.0,339.55,12.776443167016398,339.79028826615985,373.0,96.1525,16.571036290769506,97.56998770113687,141.0,372.2171142332125,12.875650348611169,372.4397434485208,414.1400729221938,1111.23,503.25763988239663,1219.8771925894837,3370.0,0.2238275,0.10136418373247032,0.24571008831547803,0.679,30.2714,0.041593749530427354,30.17,30.31,0.13999999999999702,0.0034548281223008423,31.744000000000007,0.019671487451292276
1059,3051554,3057232,1215.47,62.86874501690009,1217.0948196422496,1432.0,424.0,5.59,53.227736190824416,53.520463376170426,160.0,308.0,-13671.72,82.21922889446239,13671.96722348324,13936.0,520.0,13725.892008626999,82.22267028966859,13726.138277024605,13978.73241749766,511.6228538236501,115.6725,11.3441722373208,116.22743867090936,150.0,340.0725,12.394847467798868,340.2983066369858,377.0,96.925,12.187467948675804,97.68822856414175,132.0,372.43981324951443,11.972071945442375,372.63218460031067,403.6644646237764,1105.1925,516.5462955474078,1219.9469404445424,2867.0,0.22258250000000002,0.10402227258500941,0.2456900537262345,0.577,30.260249999999996,0.025138367090962233,30.23,30.31,0.0799999999999983,-0.010567101091933555,31.742950000000004,0.019856565866736203
1060,3054424,3060247,1218.34,52.39278958024663,1219.4660142865812,1372.0,300.0,6.28,50.30866326985841,50.69911241826626,160.0,308.0,-13667.23,79.08278636972777,13667.458796718576,13864.0,424.0,13721.620298338228,78.95636916919547,13721.847460163664,13922.983588297446,424.0526676652498,116.54,10.85902389720181,117.04482047489329,150.0,340.9775,12.4630250641648,341.20519119732046,377.0,96.55,11.309619799091392,97.21013321665596,131.0,373.40288546642813,11.856121850990748,373.5910631961102,413.77530134119894,1429.145,712.1530095246385,1596.75212227822,3758.0,0.28784250000000006,0.14345761636716958,0.32161062249247924,0.757,30.25775,0.02696177850216801,30.23,30.31,0.0799999999999983,-0.013738622703073723,31.738300000000002,0.011199265998146385
1061,3057413,3063133,1232.35,91.05820940475384,1235.7095613452216,1628.0,696.0,2.79,88.61566396523811,88.65957365112918,396.0,768.0,-13668.16,86.11605192993929,13668.43128380137,14140.0,716.0,13724.196438837713,85.3493303681324,13724.461825514325,14196.295291377959,702.1507834812091,116.7575,14.999289774852675,117.71700174571215,215.0,340.7475,15.447612881930981,341.0974750712764,443.0,97.48,15.992485735494654,98.78314633579961,167.0,373.8320965531379,14.575787686617852,374.1161450672772,459.93695220105985,1708.0375,938.4314125676686,1948.857515956464,6678.0,0.34406000000000003,0.18902341495169322,0.3925648163042633,1.345,30.27145,0.031826050650370634,30.23,30.31,0.0799999999999983,0.010489510489510266,31.7444,0.027505114584759863
1062,3060324,3066152,1228.1,93.6482247562654,1231.6653766344168,1628.0,696.0,3.68,88.44013568510624,88.51666509759617,396.0,768.0,-13666.1,87.24809453506707,13666.378504929533,14140.0,716.0,13721.780837161643,86.41120820559347,13722.052916382447,14196.295291377959,702.1507834812091,116.8975,15.516507137561597,117.92280313832435,215.0,339.8175,15.764332962418676,340.18296180144,443.0,97.6375,16.088694594341707,98.95416868429545,167.0,373.0993441311801,14.800064489156249,373.39277242603396,459.93695220105985,2009.15,1048.9872365763083,2266.5078744623856,6678.0,0.40470999999999996,0.21128667941921941,0.4565438040319899,1.345,30.260699999999996,0.03543317654402363,30.19,30.31,0.11999999999999744,0.0034317089910774834,31.7483,0.02605392518496648
1063,3063208,3069022,1211.95,55.76771019147191,1213.2323932371737,1368.0,324.0,9.26,52.42606603589478,53.237580711373425,144.0,268.0,-13672.79,79.89578149063942,13673.023430097675,13920.0,488.0,13726.616348157613,79.62682018118986,13726.847300090432,13977.761766463185,496.4508509772586,116.745,12.59285412446281,117.42220829127683,146.0,340.8425,12.751576128071385,341.0809471371862,380.0,96.7875,11.474857025253081,97.46533999325094,128.0,373.47169660767497,11.94034475987953,373.66252153514137,407.73152931800604,2033.1475,925.2352920980425,2233.774631089717,4914.0,0.40953249999999997,0.1863862627549305,0.4499518946509727,0.99,30.24885,0.03035914195098341,30.19,30.31,0.11999999999999744,0.0,31.736450000000005,0.0093603707914473
