window_id,start_timestamp_ms,reconstruction_error,fingerprint_distance,anomaly_score,similarity_score,status,vibration_pct,acoustic_pct,thermal_pct,top_contributing_features
0,5944,0.30221782155936217,11.551845340479021,2.816679398512572,52.3997857620899,HEALTHY,12.0,13.2,74.8,"ir_object_range (29.8%), temperature_slope (20.2%), ir_object_std (17.2%)"
1,8651,0.2246602882006929,10.471924049221448,2.1031600357211704,64.45784055870726,HEALTHY,42.8,43.1,14.1,"sound_peak_peak (15.8%), sound_volts_peak (13.5%), ay_peak (9.8%)"
2,11269,0.3776672582222775,8.931741303102575,3.150276046630218,46.76219991265522,ANOMALY,33.9,17.7,48.3,"temperature_slope (40.0%), sound_peak_peak (10.0%), sound_volts_peak (6.1%)"
3,14000,0.21114346382099344,15.100452996652749,2.451900658011679,58.56433051164387,HEALTHY,24.3,36.2,39.5,"temperature_slope (28.3%), sound_peak_peak (9.5%), sound_volts_peak (9.2%)"
4,16789,0.18219775166181934,15.592454302630886,2.273513962960198,61.57896004531649,HEALTHY,39.1,44.4,16.5,"sound_peak_peak (17.2%), sound_volts_peak (15.8%), ir_ambient_std (9.2%)"
5,19504,0.13235700540654682,14.011334350270051,1.7278526800434544,70.80031267135053,HEALTHY,44.1,20.8,35.1,"temperature_slope (27.8%), gx_peak (18.8%), sound_volts_peak (5.4%)"
6,22205,0.30108805479805256,14.954349751183926,3.1420202102925914,46.90171865894621,ANOMALY,63.0,2.3,34.7,"ir_object_std (16.5%), az_std (10.2%), acc_mag_peak (8.8%)"
7,25013,0.17988633983241945,28.0709868128021,3.4810351852072743,41.1725662945272,ANOMALY,56.7,23.5,19.8,"gx_peak (19.6%), gyro_mag_peak (8.4%), temperature_slope (8.3%)"
8,27711,0.12477847506827416,27.85272722953792,3.027978775392468,48.82895139125901,ANOMALY,71.8,8.2,20.1,"gx_peak (20.8%), gyro_mag_peak (8.7%), ir_object_range (6.6%)"
9,30445,0.15553610677293944,11.418205838840157,1.6547038581394107,72.03648445423853,HEALTHY,42.9,30.0,27.1,"az_peak (13.2%), sound_peak_std (12.2%), ir_ambient_std (12.1%)"
10,33254,0.22439771148294044,12.433200165893084,2.2937373881199385,61.23719613326589,HEALTHY,25.3,32.4,42.3,"temperature_slope (30.4%), sound_peak_peak (10.5%), sound_volts_peak (9.9%)"
11,35939,0.1967218169517013,12.505359305385173,2.0840599004989384,64.78062153585056,HEALTHY,72.3,12.9,14.8,"gx_peak (16.2%), ax_peak (15.4%), ax_ptp (14.1%)"
12,38664,0.3405300151557779,30.53056671588007,4.980815222381301,15.827171601427281,ANOMALY,63.6,12.1,24.3,"gx_peak (23.4%), temperature_slope (16.9%), gyro_mag_peak (13.8%)"
13,41470,0.31018051730689655,30.541104168369795,4.74414497277746,19.826758700630542,ANOMALY,81.0,4.9,14.1,"gx_peak (24.5%), gyro_mag_peak (14.8%), ir_ambient_std (10.0%)"
14,44150,0.17537789338261847,11.94405182257232,1.8617578235212935,68.53739502425546,HEALTHY,61.0,18.8,20.1,"gx_peak (29.1%), sound_peak_peak (8.4%), sound_volts_peak (8.1%)"
15,46829,0.0478123738851218,9.272801960750343,0.6002646343459548,89.85588306237591,HEALTHY,38.2,9.3,52.5,"ir_object_std (23.0%), ax_mean (8.4%), ir_object_mean (8.4%)"
16,49641,0.09903094344643472,9.17457736531191,0.9917744108838054,83.23959962973561,HEALTHY,21.2,12.6,66.1,"temperature_slope (55.5%), sound_volts_std (4.1%), sound_peak_std (3.9%)"
17,52299,0.03376615485770019,6.767684978582158,0.24420171837848298,95.87313553746301,HEALTHY,25.6,4.6,69.8,"temperature_slope (49.5%), ir_object_std (8.2%), ir_object_max (5.2%)"
18,55019,0.007423017731810852,7.100548413437435,0.21063920828659027,96.4403220875474,HEALTHY,45.7,20.8,33.5,"temperature_slope (21.8%), sound_peak_std (9.2%), ax_ptp (7.4%)"
19,57799,0.012187282233974799,7.654384387610834,0.26503623836047957,95.52104448471106,HEALTHY,31.1,45.3,23.6,"sound_peak_peak (18.7%), sound_volts_peak (17.9%), ir_ambient_mean (11.6%)"
20,60519,0.05219867879876382,9.852616332578021,0.6915679180351764,88.31291162355093,HEALTHY,21.1,55.8,23.1,"sound_volts_std (15.6%), sound_peak_std (12.4%), ir_object_std (9.1%)"
21,63229,0.08403315265959478,9.73068671537238,0.9289280993702997,84.30166508655864,HEALTHY,18.6,55.3,26.1,"sound_volts_std (14.8%), ir_object_std (13.9%), sound_peak_std (11.2%)"
22,66040,0.03186203923872676,6.882469028323414,0.24056212177523317,95.93464256525814,HEALTHY,8.7,60.7,30.6,"sound_volts_peak (24.0%), sound_peak_peak (20.6%), temperature_slope (16.4%)"
23,68713,0.026505268006292885,8.15172812106748,0.32327141882521543,94.5369044126217,HEALTHY,17.3,46.6,36.1,"sound_volts_peak (19.8%), sound_peak_peak (15.0%), ir_ambient_mean (9.8%)"
24,71504,0.027487555702557138,7.551012854459381,0.27196350199833036,95.40397783047332,HEALTHY,21.0,26.2,52.8,"ir_object_range (16.9%), ir_ambient_mean (11.3%), ir_object_min (9.8%)"
25,74209,0.027160931542289088,7.598332599665077,0.2740529781489708,95.36866692058845,HEALTHY,25.5,34.7,39.8,"ir_ambient_mean (16.6%), sound_volts_peak (11.1%), sound_peak_peak (8.4%)"
26,76889,0.048355223178203594,7.215430267039546,0.40244407093857065,93.19893346556631,HEALTHY,8.9,51.9,39.2,"sound_volts_peak (21.4%), sound_peak_peak (19.8%), ir_ambient_mean (15.6%)"
27,79599,0.0442278693754273,5.553146690101664,0.20685027989097718,96.50435273422254,HEALTHY,15.9,44.0,40.0,"sound_volts_peak (14.9%), sound_peak_peak (13.3%), ir_object_std (11.9%)"
28,82408,0.041617527268988735,5.361491794845311,0.1675813081651406,97.16797510744661,HEALTHY,31.7,41.7,26.6,"sound_peak_peak (18.3%), ir_ambient_mean (17.5%), sound_volts_peak (12.8%)"
29,85094,0.02622597474092468,6.1865167055664845,0.12806347885446062,97.83580302652,HEALTHY,36.7,7.1,56.2,"temperature_slope (21.5%), ir_object_std (16.6%), ir_object_range (7.8%)"
30,87909,0.02020899333798087,6.804242235479837,0.18153641102338416,96.93214213117133,HEALTHY,19.8,32.8,47.4,"temperature_slope (18.0%), ir_object_range (14.1%), sound_volts_peak (10.4%)"
31,90619,0.02901105865798,5.593379464257236,0.09161983821123029,98.45167897716715,HEALTHY,28.4,37.5,34.1,"sound_peak_peak (18.5%), ir_ambient_mean (14.5%), sound_volts_peak (13.9%)"
32,93418,0.04493923359749736,6.114035589406955,0.26751162994770444,95.47921183242664,HEALTHY,18.7,10.4,70.9,"temperature_slope (40.2%), ir_object_std (26.5%), ax_peak (5.8%)"
33,96129,0.008930643246584883,7.011268800678075,0.2018702838997183,96.58851171810015,HEALTHY,58.1,32.1,9.8,"ax_peak (26.7%), sound_volts_std (14.6%), sound_peak_std (12.8%)"
34,98830,0.05138855333665355,6.474562494204511,0.35343486433999427,94.02716004149617,HEALTHY,13.5,36.2,50.3,"ir_object_std (20.4%), sound_volts_peak (17.4%), temperature_slope (17.0%)"
35,101674,0.01920160907378817,6.087104516286466,0.11110010154329866,98.12247406002001,HEALTHY,27.7,6.1,66.1,"ir_object_std (49.2%), temperature_slope (6.6%), ir_object_range (5.9%)"
36,104466,0.013100482787915885,6.425186893595251,0.14430610134019897,97.56131232285136,HEALTHY,16.9,13.2,69.9,"ir_object_std (33.5%), temperature_slope (22.5%), ir_object_range (7.2%)"
37,107246,0.02957461656613719,5.482631959284192,0.08515629939751318,98.56090895642231,HEALTHY,28.1,41.6,30.2,"sound_peak_peak (21.6%), sound_volts_peak (16.6%), ir_object_std (16.2%)"
38,110011,0.011013722229129606,6.01187369927112,0.10371103112082407,98.24734497550813,HEALTHY,28.4,10.5,61.1,"temperature_slope (39.8%), ir_object_range (14.6%), az_std (6.6%)"
39,112796,0.006875467709327434,7.051774091018152,0.2058486594468635,96.5212795267251,HEALTHY,44.9,14.2,40.9,"ir_object_range (25.2%), gy_mean (14.1%), sound_volts_peak (7.5%)"
40,115676,0.012927476507088144,6.10350763726868,0.11271119418982974,98.09524754813069,HEALTHY,30.2,16.0,53.8,"ir_object_std (27.5%), ir_object_range (21.2%), sound_peak_peak (8.8%)"
41,118447,0.023229152386958385,6.0470084630674945,0.10716192071990241,98.18902698436074,HEALTHY,16.7,60.1,23.2,"sound_peak_peak (28.9%), sound_volts_peak (26.2%), ir_ambient_mean (8.8%)"
42,121215,0.04261723149902963,7.019730320555138,0.338281228226444,94.28324752020221,HEALTHY,16.5,39.3,44.2,"temperature_slope (26.1%), sound_volts_peak (15.5%), sound_peak_peak (11.2%)"
43,123986,0.007039124897800583,6.751257229494225,0.17633229446456683,97.02008861995155,HEALTHY,44.2,20.7,35.1,"ax_peak (15.2%), ir_ambient_mean (9.6%), ir_object_range (9.6%)"
44,126746,0.0214130149069991,6.800198973868952,0.18113928726526754,96.93885328756893,HEALTHY,16.8,7.3,75.9,"ir_object_std (34.8%), ir_object_range (33.1%), ir_object_min (5.6%)"
45,129531,0.005330319721870593,6.397781680865272,0.1416143979287711,97.60680051689877,HEALTHY,34.1,5.8,60.1,"ir_object_range (35.2%), ir_object_std (10.9%), temperature_slope (8.6%)"
46,132410,0.017234902733815345,5.680734037823093,0.07118693560801403,98.79698293399271,HEALTHY,27.8,20.1,52.1,"temperature_slope (27.0%), ir_object_range (8.3%), ir_ambient_std (8.3%)"
47,135210,0.02706694860690501,6.196327445139277,0.13561380440220208,97.70820699488493,HEALTHY,22.7,33.4,43.9,"ir_object_range (27.3%), sound_volts_peak (16.5%), sound_peak_peak (16.1%)"
48,137987,0.02038060719644242,5.883042921877315,0.09105744413996242,98.46118310400978,HEALTHY,40.8,42.6,16.6,"sound_peak_peak (21.0%), sound_volts_peak (15.9%), acc_mag_peak (6.0%)"
49,140780,0.008507136909070723,6.542240787691257,0.15580297856438002,97.36702190441504,HEALTHY,41.1,6.2,52.8,"temperature_slope (32.5%), gy_mean (9.8%), ir_object_std (9.4%)"
50,143540,0.03438170213500233,7.351359945220204,0.30635062211925723,94.82285585910334,HEALTHY,21.1,1.2,77.7,"ir_object_range (42.9%), ir_object_std (31.6%), gy_mean (3.2%)"
51,146321,0.03643332734447862,6.36311180226666,0.2253550752511826,96.19163264828035,HEALTHY,41.3,4.0,54.7,"ir_object_range (31.2%), ir_object_std (17.1%), acc_mag_peak (4.6%)"
52,149095,0.021912927138673283,7.276836159674008,0.2279539553974138,96.14771311245933,HEALTHY,17.8,22.5,59.8,"ir_object_range (32.6%), ir_object_std (20.8%), sound_peak_peak (9.6%)"
53,151976,0.024580271435125447,6.988244197777665,0.19960883813812388,96.62672881259667,HEALTHY,18.2,22.4,59.4,"ir_object_range (27.7%), ir_object_std (20.9%), sound_peak_peak (9.7%)"
54,154756,0.04548334125832206,5.77873203349557,0.23884015613164022,95.96374276515616,HEALTHY,39.8,6.9,53.3,"temperature_slope (25.7%), ir_object_range (12.7%), ir_object_std (10.8%)"
55,157530,0.018863518551236115,6.050774502383354,0.10753181607426254,98.18277597186622,HEALTHY,40.3,34.7,25.0,"sound_volts_peak (14.5%), sound_peak_peak (10.9%), ir_object_range (10.6%)"
56,160291,0.013995051354042267,6.321171113885854,0.13408981030663816,97.73396159282903,HEALTHY,27.5,35.1,37.4,"ir_object_range (17.7%), sound_peak_peak (15.9%), sound_volts_peak (15.4%)"
57,163081,0.016146636352199442,6.636682189143138,0.16507888694621764,97.21026454450399,HEALTHY,21.9,59.2,18.9,"sound_volts_peak (28.6%), sound_peak_peak (24.5%), ir_ambient_mean (12.3%)"
58,165957,0.02162838138740443,6.738479832947822,0.17507731563218223,97.04129701921669,HEALTHY,24.0,38.8,37.2,"sound_volts_peak (17.4%), temperature_slope (14.8%), sound_peak_peak (13.4%)"
59,168756,0.030143676643127434,6.506002161200251,0.19012738226230153,96.78695980346299,HEALTHY,10.1,23.8,66.2,"ir_object_std (27.5%), ir_object_range (26.9%), sound_peak_peak (11.0%)"
60,171526,0.026610034456557345,6.250722373772772,0.13737773026307426,97.67839769215716,HEALTHY,14.1,14.8,71.1,"ir_object_range (34.4%), ir_object_std (25.8%), sound_peak_peak (7.0%)"
61,174301,0.02668790225833194,5.938810231560161,0.10735201706168518,98.18581446872993,HEALTHY,37.4,7.5,55.2,"ir_object_range (27.8%), temperature_slope (17.1%), az_rms (7.7%)"
62,177086,0.017023458805531588,6.411451979271727,0.14295707638992533,97.58411004582943,HEALTHY,26.1,6.9,67.0,"temperature_slope (32.0%), ir_object_range (21.1%), ir_object_std (4.1%)"
63,179821,0.02612866278918432,6.6918835937481544,0.17693776728400398,97.00985648776937,HEALTHY,8.7,3.3,88.0,"ir_object_range (38.1%), ir_object_std (32.7%), ir_object_min (7.5%)"
64,182735,0.016701521072494004,6.909062045665431,0.19183167285702582,96.75815830142646,HEALTHY,12.0,14.0,74.0,"temperature_slope (20.9%), ir_object_std (15.2%), ir_object_range (14.9%)"
65,185501,0.011459483692418036,7.469483656888239,0.24687553541081517,95.8279496126328,HEALTHY,20.9,8.4,70.7,"ir_object_std (25.7%), ir_object_range (15.8%), ir_object_mean (14.0%)"
66,188250,0.04918887954890208,7.360520995971974,0.4232241039159439,92.8477632109338,HEALTHY,11.6,1.4,87.0,"ir_object_range (42.9%), ir_object_std (32.3%), ir_object_min (7.4%)"
67,191026,0.023863252881168355,6.784558873363184,0.17960313747138557,96.96481330961791,HEALTHY,16.3,6.2,77.5,"ir_object_std (33.8%), ir_object_range (25.1%), temperature_slope (5.6%)"
68,193819,0.008983455661244883,6.078656860853883,0.1102703841033907,98.13649579352557,HEALTHY,24.5,2.3,73.2,"ir_object_std (34.6%), temperature_slope (9.5%), ir_object_mean (8.8%)"
69,196581,0.011433931858472694,6.3577226332664205,0.13767985174798467,97.67329201793127,HEALTHY,29.0,29.9,41.1,"ir_object_std (18.5%), sound_volts_peak (16.6%), sound_peak_peak (12.6%)"
70,199347,0.008558682806940181,6.38824099055284,0.14067732406204442,97.6226365104579,HEALTHY,34.8,6.7,58.6,"ir_object_range (29.4%), ir_object_std (10.6%), ir_object_mean (5.3%)"
71,202140,0.01524520359885424,5.506223505536016,0.05404674407892698,99.08664202309394,HEALTHY,18.5,18.2,63.3,"ir_object_range (43.8%), ir_object_std (14.8%), sound_volts_peak (7.4%)"
72,204931,0.01535650490052609,6.215288076156522,0.1236901196829411,97.90971020729945,HEALTHY,16.9,19.4,63.7,"ir_object_range (49.1%), sound_volts_peak (5.6%), ir_object_std (5.6%)"
73,207793,0.010786548133695605,6.486825926594852,0.15036020488016688,97.45900155731904,HEALTHY,30.2,14.0,55.9,"ir_object_std (38.3%), ir_object_range (15.3%), sound_peak_rms (3.8%)"
74,210570,0.01644965761146052,6.354310533764345,0.13734471988966407,97.67895554792422,HEALTHY,23.7,21.1,55.2,"ir_object_std (46.7%), sound_volts_std (7.2%), sound_peak_std (7.0%)"
75,213331,0.019396238607123542,6.12570362993367,0.11489125496020373,98.05840581180234,HEALTHY,32.3,5.7,62.0,"temperature_slope (36.7%), ir_object_std (11.6%), ir_object_range (10.1%)"
76,216112,0.014458641424493063,6.099474797616956,0.1123150940626298,98.10194140577183,HEALTHY,42.4,4.6,53.0,"ir_object_std (20.6%), temperature_slope (15.7%), ir_object_range (14.8%)"
77,218872,0.012943486650627457,6.28399626902745,0.13043854666892862,97.79566578659913,HEALTHY,22.7,29.1,48.2,"ir_object_std (26.2%), sound_volts_peak (15.4%), sound_peak_peak (12.9%)"
78,221646,0.011916479394247552,5.851914329217956,0.08800003532216893,98.51285150291122,HEALTHY,27.0,9.8,63.2,"ir_object_range (30.1%), ir_object_std (20.4%), temperature_slope (5.2%)"
79,224410,0.02875744252709063,6.3801609049509,0.16691007302077443,97.17931858398595,HEALTHY,16.8,39.0,44.2,"sound_volts_peak (19.4%), temperature_slope (18.6%), sound_peak_peak (17.2%)"
80,227176,0.03500919613793904,6.533378020760143,0.2309242269597555,96.09751728158597,HEALTHY,12.7,22.3,64.9,"temperature_slope (50.4%), sound_volts_peak (6.0%), sound_peak_std (5.7%)"
81,229927,0.013727023710389351,5.527013135831958,0.05608867381475043,99.05213461946991,HEALTHY,40.1,4.3,55.6,"ir_object_range (22.5%), temperature_slope (16.5%), ir_object_std (10.5%)"
82,232687,0.015305968346404254,5.789089140173634,0.08182942911887495,98.6171310944791,HEALTHY,23.5,16.4,60.0,"ir_object_std (35.5%), ir_object_range (19.8%), sound_volts_peak (6.0%)"
83,235567,0.01903929506644795,5.885804681982187,0.09132870053082047,98.45659903159988,HEALTHY,21.7,6.2,72.1,"ir_object_range (37.8%), ir_object_std (30.5%), gx_mean (7.4%)"
84,238331,0.025821555319877097,5.693682370228938,0.0764904293811336,98.70735702912641,HEALTHY,20.9,25.2,53.9,"ir_object_range (32.5%), sound_volts_peak (12.6%), ir_object_std (11.4%)"
85,241111,0.02017200798319098,6.976194880231386,0.198425370253227,96.64672871918685,HEALTHY,22.1,24.1,53.8,"temperature_slope (32.0%), sound_volts_peak (12.6%), sound_peak_peak (9.9%)"
86,243895,0.02543707906929094,6.237092339932568,0.126852112417779,97.85627440211819,HEALTHY,31.0,17.4,51.6,"ir_object_std (24.7%), temperature_slope (21.1%), sound_volts_mean (6.0%)"
87,246655,0.010833214893454422,6.099197856048399,0.11228789323145223,98.10240108371467,HEALTHY,28.1,24.5,47.4,"ir_object_std (39.0%), sound_volts_peak (9.8%), sound_peak_peak (8.9%)"
88,249524,0.009083957446578776,6.055059281696016,0.1079526613786484,98.17566393538087,HEALTHY,54.5,21.1,24.4,"sound_volts_peak (11.6%), ir_object_std (10.4%), ir_object_range (9.6%)"
89,252290,0.01192734444054335,6.47331319597718,0.1490330025168915,97.48143049149675,HEALTHY,22.1,12.1,65.9,"ir_object_std (47.5%), ir_object_range (11.9%), ax_peak (8.4%)"
90,255054,0.014131269031460862,6.107503385436375,0.11310365124098135,98.08861525631791,HEALTHY,11.3,6.8,81.9,"ir_object_std (62.1%), ir_object_range (7.1%), temperature_slope (4.4%)"
91,257830,0.014654229562863993,5.291913970896254,0.03299754766600051,99.4423609804308,HEALTHY,38.1,16.1,45.8,"ir_object_range (16.6%), ir_object_std (14.9%), acc_mag_rms (8.1%)"
92,260630,0.01752988554321816,6.0393067588012475,0.10640546960779014,98.20181056030341,HEALTHY,34.1,35.4,30.6,"ir_object_std (19.2%), sound_volts_peak (17.1%), sound_peak_peak (14.7%)"
93,263370,0.031330257812958395,6.091634470376435,0.1587223556218777,97.31768616054178,HEALTHY,22.2,35.0,42.8,"ir_object_std (18.4%), sound_volts_peak (16.8%), sound_peak_peak (15.0%)"
94,266146,0.005305308384131453,6.207495390418951,0.12292473249216554,97.92264479768099,HEALTHY,33.5,25.5,41.0,"ir_object_min (13.2%), sound_volts_peak (12.5%), ir_object_range (10.8%)"
95,268890,0.0074962044094202965,6.86063531618667,0.18707526413191922,96.83853879287952,HEALTHY,29.4,40.2,30.4,"sound_peak_peak (10.7%), sound_volts_peak (10.2%), temperature_slope (10.0%)"
96,271666,0.021238760211692537,7.001845540661623,0.20094474387990638,96.60415279647496,HEALTHY,22.9,21.2,55.9,"ir_object_range (23.3%), temperature_slope (18.6%), ir_object_std (7.7%)"
97,274558,0.018264124251767624,7.51169908520771,0.2510218784274525,95.7578788704674,HEALTHY,10.5,26.4,63.1,"ir_object_range (34.5%), ir_object_std (14.3%), sound_peak_peak (7.1%)"
98,277330,0.014314252040817968,6.9294861778537475,0.19383770385661758,96.72425756519112,HEALTHY,17.5,38.3,44.3,"sound_peak_peak (17.4%), sound_volts_peak (16.9%), ir_object_range (14.7%)"
99,280096,0.01765442744189153,6.26627734061353,0.1286982171729119,97.82507632473092,HEALTHY,28.4,19.3,52.4,"ir_object_range (30.9%), sound_volts_peak (8.0%), ir_object_max (7.5%)"
100,282989,0.011907525879660421,6.659216388433192,0.1672921659198372,97.17286144020743,HEALTHY,35.6,12.7,51.7,"ir_object_range (39.1%), temperature_slope (6.1%), az_std (5.3%)"
101,285775,0.018919024821207497,6.145432238241656,0.11682897253271646,98.02565953204014,HEALTHY,31.1,5.7,63.2,"ir_object_range (39.7%), ir_object_std (18.3%), ir_object_max (2.9%)"
102,288530,0.01633578277186701,6.5782959236115595,0.15934426588487613,97.30717624529508,HEALTHY,28.0,20.9,51.2,"ir_object_std (25.7%), temperature_slope (14.3%), sound_peak_peak (4.8%)"
103,291305,0.015177459008616705,7.43692287345082,0.243677458726616,95.881995215195,HEALTHY,28.3,58.8,12.8,"sound_peak_peak (23.6%), sound_volts_peak (19.3%), sound_volts_mean (6.0%)"
104,294106,0.03473649792746172,6.334193266613108,0.2092247224170135,96.46422606130598,HEALTHY,12.7,40.5,46.8,"ir_object_range (23.8%), temperature_slope (14.8%), sound_volts_peak (14.4%)"
105,296999,0.020387921415848224,6.025175286835322,0.10501749529524014,98.22526650444424,HEALTHY,41.4,48.2,10.4,"sound_peak_peak (20.9%), sound_volts_peak (20.6%), acc_mag_mean (4.8%)"
106,299756,0.015241092219634298,7.465411665601967,0.24647558986233292,95.83470845561696,HEALTHY,28.9,12.6,58.6,"ir_object_std (29.0%), ir_object_range (24.1%), sound_peak_peak (6.7%)"
107,302531,0.048079604084683064,8.051532394870614,0.4824061848291008,91.84762108187246,HEALTHY,31.5,36.1,32.4,"sound_peak_peak (14.4%), temperature_slope (13.4%), sound_volts_peak (12.9%)"
108,305281,0.036978699006441844,9.12965367199124,0.5013526185107703,91.52743756976666,HEALTHY,20.6,44.5,35.0,"ir_object_range (19.7%), sound_peak_peak (19.0%), sound_volts_peak (18.1%)"
109,308056,0.049554162124569236,9.714823078439341,0.6573215006261353,88.8916558023922,HEALTHY,10.7,22.2,67.1,"temperature_slope (54.0%), ir_object_range (10.9%), sound_volts_mean (7.8%)"
110,310821,0.01142626454402754,9.398375426145861,0.4363287101313389,92.6263031243916,HEALTHY,26.7,28.9,44.4,"ir_object_range (21.8%), sound_peak_std (14.6%), ir_object_std (8.0%)"
111,313576,0.01179537697944154,7.992869705721431,0.2982818144650527,94.95921393137363,HEALTHY,28.7,44.4,26.9,"sound_peak_peak (19.3%), sound_volts_peak (15.6%), ir_object_range (15.5%)"
112,316465,0.016767956819505388,7.536063629914758,0.2534149314846216,95.71743769059293,HEALTHY,11.5,30.9,57.6,"ir_object_std (22.6%), ir_object_range (22.6%), sound_peak_peak (14.8%)"
113,319251,0.03309207692262688,7.984858644739321,0.35847133596112846,93.94204665290968,HEALTHY,9.5,32.1,58.4,"temperature_slope (24.6%), ir_object_range (15.4%), ir_object_std (12.5%)"
114,322016,0.009692795880130731,7.6122358898012985,0.26089646916918335,95.5910041331202,HEALTHY,40.3,31.9,27.8,"ir_object_range (13.9%), sound_volts_mean (6.7%), sound_peak_mean (5.6%)"
115,324791,0.012916742975047487,7.089977968903983,0.20960099333488227,96.45786730556277,HEALTHY,22.4,24.1,53.5,"ir_object_range (21.7%), ir_object_max (10.5%), sound_peak_peak (10.3%)"
116,327586,0.008296825626403732,6.113018735081477,0.11364536152074499,98.079460673306,HEALTHY,32.0,0.6,67.4,"ir_object_range (26.5%), ir_object_max (15.3%), ir_object_min (7.1%)"
117,330464,0.021784738346065965,6.281441262824757,0.13018759737034916,97.7999066811722,HEALTHY,21.1,3.0,75.9,"ir_object_range (40.0%), ir_object_std (29.5%), ay_mean (2.4%)"
118,333207,0.0060143351607374745,6.409270984577295,0.14274286200242348,97.58773014215396,HEALTHY,58.2,4.2,37.6,"ir_object_std (20.6%), ir_object_range (10.4%), acc_mag_std (8.3%)"
119,336008,0.007811493238242548,6.268080739120903,0.12887534456696964,97.82208297663847,HEALTHY,33.2,47.9,18.9,"sound_volts_peak (20.9%), sound_peak_peak (20.5%), temperature_slope (7.1%)"
120,338805,0.01648885110634182,6.740815920333339,0.1753067630167709,97.03741949425999,HEALTHY,20.6,19.2,60.2,"temperature_slope (33.5%), ir_object_std (10.5%), ir_object_mean (5.5%)"
121,341571,0.017948092811327906,7.027784734034328,0.2034924568270355,96.56109795602556,HEALTHY,8.3,17.6,74.0,"ir_object_std (36.7%), ir_object_range (14.5%), temperature_slope (10.4%)"
122,344448,0.016729460347194556,6.342439930199628,0.13617880505347302,97.69865881838345,HEALTHY,28.6,8.4,63.0,"ir_object_std (42.7%), ir_object_range (9.3%), temperature_slope (7.7%)"
123,347225,0.039942312125408067,5.924090781210076,0.20971830538985173,96.45588480128764,HEALTHY,12.9,2.4,84.7,"ir_object_range (47.8%), ir_object_std (32.1%), ir_object_min (2.3%)"
124,350001,0.01202931170178109,6.50566183669786,0.15221024282663947,97.42773701132673,HEALTHY,23.7,12.4,63.9,"ir_object_std (36.6%), ir_object_range (10.4%), ir_ambient_mean (7.4%)"
125,352771,0.008805150336799308,5.984710203587422,0.10104306883501663,98.29243195858834,HEALTHY,24.5,11.2,64.3,"ir_object_std (37.6%), ir_object_range (15.3%), ir_ambient_mean (7.7%)"
126,355560,0.01212396702472776,5.56836093020884,0.0601497989837414,98.98350400847704,HEALTHY,23.6,9.6,66.8,"ir_object_range (23.6%), ir_object_std (20.8%), ir_ambient_mean (12.3%)"
127,358311,0.009310644539437854,6.6842944142812195,0.1697552961422554,97.131235997729,HEALTHY,35.1,12.9,52.0,"ir_ambient_mean (19.5%), gy_mean (7.9%), ir_object_std (6.8%)"
128,361188,0.010836054494932947,7.301635026802815,0.23038966702307606,96.10655102803307,HEALTHY,33.5,18.3,48.2,"ir_object_range (12.4%), ir_ambient_mean (9.0%), ir_object_max (7.8%)"
129,363971,0.04039445285034467,8.320746892297128,0.4486559540505197,92.41798000042306,HEALTHY,32.8,47.4,19.9,"sound_peak_peak (13.6%), sound_volts_peak (12.4%), sound_volts_rms (8.0%)"
130,366732,0.031330498810689715,7.590349206826914,0.3059260039759897,94.83003165433212,HEALTHY,17.1,49.8,33.2,"sound_peak_peak (16.7%), sound_volts_peak (16.6%), ir_object_range (11.6%)"
131,369517,0.01240970803655245,6.767397484241663,0.17791756874041534,96.99329842324117,HEALTHY,11.0,32.1,56.9,"ir_object_range (22.8%), temperature_slope (15.8%), sound_peak_peak (8.0%)"
132,372293,0.018160621517956395,6.381446767229168,0.1400100045167257,97.63391381569151,HEALTHY,18.2,28.1,53.7,"ir_object_std (15.5%), temperature_slope (15.2%), ir_object_range (13.2%)"
133,375076,0.02989143749274527,7.077388646029472,0.2442725969074939,95.8719377322859,HEALTHY,9.2,29.4,61.4,"temperature_slope (22.8%), ir_object_std (21.0%), ir_object_range (10.6%)"
134,377948,0.010413190250755508,7.092096481807945,0.20980907084433037,96.45435091884406,HEALTHY,60.0,17.4,22.6,"ax_ptp (17.9%), temperature_slope (7.6%), ax_peak (6.5%)"
135,380736,0.08020759239067678,6.929043184830248,0.623791620679286,89.4582909223438,HEALTHY,15.4,75.7,8.9,"sound_volts_peak (28.7%), sound_peak_peak (26.9%), sound_volts_rms (5.2%)"
136,383516,0.15508895670717,6.068774636202048,1.125787669763944,80.9748548963507,HEALTHY,3.6,60.2,36.1,"sound_peak_peak (22.0%), sound_volts_peak (21.8%), ir_object_range (14.8%)"
137,386409,0.010913279979204445,5.872986235499092,0.09006968982845112,98.4778755670807,HEALTHY,34.7,33.1,32.3,"ir_object_range (11.1%), temperature_slope (11.0%), sound_peak_mean (7.1%)"
138,389206,0.014549497216039237,6.6582629823106325,0.16719852364317053,97.17444393924278,HEALTHY,29.7,34.7,35.7,"ir_object_range (13.4%), temperature_slope (9.5%), sound_peak_mean (6.6%)"
139,391971,0.005582679318601398,6.3515741357990905,0.13707595453430374,97.683497523309,HEALTHY,51.8,39.7,8.5,"sound_peak_rms (10.1%), sound_peak_mean (8.7%), ax_mean (8.1%)"
140,394751,0.03151366025136653,5.843361209890153,0.13577374337578696,97.70550412092219,HEALTHY,17.8,7.9,74.3,"ir_object_range (43.1%), ir_object_std (20.8%), ir_ambient_mean (6.4%)"
141,397526,0.009599311390755346,5.267398479462204,0.030589668822802306,99.48305270731166,HEALTHY,33.8,14.5,51.7,"ir_object_std (24.2%), ir_object_range (20.2%), ax_std (9.9%)"
142,400270,0.008722824153251003,5.223822406479818,0.026309685103682767,99.55538189822789,HEALTHY,24.9,8.2,66.9,"ir_object_std (41.0%), ir_object_range (21.9%), ax_std (6.3%)"
143,403061,0.013945074385038015,5.378215836189569,0.041474001671719156,99.29911392616434,HEALTHY,24.3,10.2,65.5,"ir_object_std (41.7%), temperature_slope (11.4%), ir_ambient_mean (6.0%)"
144,405841,0.00800506771252039,5.94763097910218,0.09740119690271647,98.35397743809732,HEALTHY,41.1,26.8,32.2,"ir_object_std (15.7%), sound_peak_std (9.6%), ir_ambient_std (6.9%)"
145,408706,0.005546482235132157,5.296553882217367,0.0334532735621947,99.43465948259472,HEALTHY,42.4,20.8,36.8,"ir_object_range (30.2%), az_std (6.1%), gy_mean (5.4%)"
146,411516,0.011375075488390203,4.783639020646337,0.0,100.0,HEALTHY,21.1,33.1,45.8,"temperature_slope (21.5%), ir_object_range (10.6%), sound_peak_peak (9.3%)"
147,414291,0.025936041378231352,5.529875986088444,0.0612982698189055,98.96409553130755,HEALTHY,25.4,9.7,64.8,"ir_object_range (42.1%), ir_object_std (12.9%), temperature_slope (5.2%)"
148,417066,0.028757049023698196,5.863095964361168,0.11612156275849568,98.03761433840705,HEALTHY,19.1,8.8,72.1,"ir_object_range (51.2%), ir_object_std (16.6%), sound_volts_peak (4.4%)"
149,419943,0.03966878198249079,6.686443495343812,0.2824532115230954,95.22670794986998,HEALTHY,17.1,6.3,76.6,"ir_object_range (35.5%), ir_object_std (32.7%), gx_mean (7.7%)"
150,422741,0.01477848702663247,5.4976080567422505,0.053200546199069165,99.10094226627751,HEALTHY,24.0,17.7,58.2,"ir_object_std (22.9%), ir_object_range (21.6%), temperature_slope (7.9%)"
151,425535,0.011597488950997596,5.143006723920979,0.01837207664270062,99.68952278180836,HEALTHY,32.6,24.0,43.4,"ir_object_range (23.2%), temperature_slope (11.6%), ax_std (9.7%)"
152,428280,0.013301808093042572,5.718491907157668,0.07489546313150028,98.7343110144557,HEALTHY,31.2,8.0,60.8,"ir_object_std (25.2%), ir_object_range (21.1%), gx_mean (8.5%)"
153,431091,0.01883511287924598,4.947339004767993,0.0,100.0,HEALTHY,9.1,12.4,78.5,"ir_object_std (40.4%), temperature_slope (21.2%), ir_object_range (14.8%)"
154,433972,0.007190536670891219,4.746515476317258,0.0,100.0,HEALTHY,45.7,12.4,41.9,"ir_object_range (36.5%), az_peak (8.9%), ax_peak (6.6%)"
155,436741,0.017176975860782234,5.453338115730538,0.0488524116883458,99.17442316522363,HEALTHY,25.0,4.1,70.8,"temperature_slope (32.7%), ir_object_std (12.8%), ir_object_range (12.7%)"
156,439535,0.014746417562897704,5.333925503499301,0.03712386431754869,99.37262867197893,HEALTHY,29.8,17.5,52.7,"ir_object_std (27.0%), ir_object_range (13.5%), ir_ambient_mean (5.2%)"
157,442316,0.01821386049163646,5.5582080348390255,0.059152595153504225,99.00035616281993,HEALTHY,30.2,46.7,23.1,"temperature_slope (15.1%), sound_peak_peak (12.1%), sound_volts_peak (11.5%)"
158,445232,0.012835858766814244,5.235369533845332,0.027443828539392902,99.53621554562673,HEALTHY,40.4,43.8,15.8,"gy_mean (10.6%), sound_peak_peak (10.5%), temperature_slope (8.7%)"
159,447987,0.0074352662805148425,5.4444126035090115,0.04797575979251353,99.18923806324706,HEALTHY,56.7,9.7,33.6,"ir_object_std (15.9%), ax_mean (11.0%), ir_ambient_std (7.5%)"
160,450761,0.014824066364375868,5.440546368208595,0.047596023322300667,99.19565538477312,HEALTHY,24.0,5.7,70.4,"ir_object_std (26.5%), ir_object_range (19.9%), ir_object_min (6.8%)"
161,453554,0.014173044589899843,5.297215740478745,0.033518280397120126,99.43356090557135,HEALTHY,22.6,9.9,67.5,"ir_object_std (22.1%), ir_object_range (14.5%), temperature_slope (13.0%)"
162,456301,0.010457592287705245,5.6025269033765355,0.06350553526049858,98.92679405214196,HEALTHY,21.7,30.6,47.7,"ir_object_range (29.6%), sound_peak_peak (6.3%), sound_volts_rms (5.9%)"
163,459201,0.012354731140604296,5.57457930961071,0.060760559907748285,98.97318251045841,HEALTHY,37.6,25.8,36.6,"temperature_slope (25.1%), sound_volts_peak (13.3%), sound_peak_peak (9.3%)"
164,462001,0.009151410438544678,5.284301963147313,0.03224990642608318,99.45499567474923,HEALTHY,17.8,27.1,55.2,"ir_object_range (33.7%), temperature_slope (16.5%), sound_volts_peak (14.6%)"
165,464771,0.028032976887980995,5.320786971723892,0.057185574621173074,99.03359764525445,HEALTHY,9.9,8.0,82.1,"ir_object_range (46.9%), ir_object_std (23.1%), temperature_slope (6.7%)"
166,467571,0.0271098365725912,5.3309831870232935,0.05095675629991435,99.13886098715183,HEALTHY,15.9,3.2,80.9,"ir_object_range (48.6%), ir_object_std (25.6%), ir_object_min (2.1%)"
167,470445,0.013002562046468798,5.049861111667199,0.009223438946166057,99.84412934248759,HEALTHY,35.8,5.6,58.7,"ir_object_range (18.5%), temperature_slope (15.8%), ir_ambient_std (8.2%)"
168,473201,0.022306640394965327,5.239743321470602,0.02787341612142695,99.52895576982492,HEALTHY,32.5,18.7,48.8,"ir_object_range (23.0%), ir_object_std (17.6%), sound_peak_peak (6.3%)"
169,476006,0.015281899721335621,4.955776548974074,0.0,100.0,HEALTHY,36.2,36.9,27.0,"sound_peak_peak (10.4%), gy_mean (9.8%), sound_volts_peak (8.9%)"
170,478771,0.012984306939303393,4.9646890033460505,0.0008579481621537015,99.9855011840023,HEALTHY,26.4,22.5,51.2,"ir_object_range (21.8%), ir_object_min (10.0%), temperature_slope (7.2%)"
171,481531,0.014086356761578942,5.675760719639587,0.07069846293485668,98.80523783297195,HEALTHY,43.3,20.8,35.9,"temperature_slope (12.5%), az_peak (6.7%), ir_object_range (6.5%)"
172,484321,0.008361111735634695,5.059725084040842,0.010192265145399343,99.82775675330788,HEALTHY,41.4,34.4,24.2,"sound_peak_mean (8.0%), sound_volts_mean (8.0%), az_peak (7.9%)"
173,487206,0.008740512896150195,4.8703107662145815,0.0,100.0,HEALTHY,44.3,20.2,35.6,"ir_ambient_std (22.6%), ir_object_std (8.2%), ax_std (8.0%)"
174,489980,0.008602162603235155,4.547763477925857,0.0,100.0,HEALTHY,43.0,24.1,32.9,"ir_ambient_std (26.8%), sound_volts_peak (6.8%), ax_std (5.9%)"
175,492731,0.006022449916486338,4.697624608985987,0.0,100.0,HEALTHY,47.1,29.9,23.0,"ir_object_std (14.5%), sound_peak_mean (7.1%), sound_volts_mean (6.8%)"
176,495541,0.009719303174447516,5.4351818377394485,0.04706912630067261,99.20455963249265,HEALTHY,52.8,18.6,28.6,"ir_object_std (12.2%), ax_ptp (9.7%), temperature_slope (7.7%)"
177,498334,0.017916871901164387,4.847760620752267,0.0,100.0,HEALTHY,44.6,15.5,39.9,"temperature_slope (33.4%), ax_ptp (8.7%), sound_peak_std (5.8%)"
178,501106,0.00956825429644516,4.9272398757536795,0.0,100.0,HEALTHY,60.3,14.9,24.7,"az_peak (15.2%), temperature_slope (13.1%), acc_mag_peak (10.8%)"
179,503861,0.015749631290156725,6.090652012096056,0.11144853184620428,98.11658579418683,HEALTHY,27.0,21.6,51.4,"temperature_slope (33.2%), ir_object_std (12.8%), sound_volts_peak (8.4%)"
180,506754,0.009036419052326465,5.217864060553619,0.025724464320540524,99.5652717829868,HEALTHY,21.3,13.4,65.3,"ir_object_std (56.7%), sound_peak_peak (6.7%), sound_volts_peak (6.3%)"
181,509515,0.004649172674023943,4.731448831052964,0.0,100.0,HEALTHY,55.1,11.4,33.5,"ax_std (20.6%), temperature_slope (8.9%), ir_object_max (8.6%)"
182,512296,0.018528417849572217,5.990483498194941,0.10161011412466095,98.28284922890887,HEALTHY,18.9,56.7,24.4,"sound_volts_std (13.0%), ir_object_std (11.5%), sound_peak_mean (11.3%)"
183,515095,0.012346011520396187,6.964941085388676,0.1973200375463404,96.66540818752812,HEALTHY,33.5,53.3,13.2,"sound_volts_std (25.9%), sound_peak_std (15.6%), temperature_slope (11.2%)"
184,517969,0.005048719166654657,6.129258546306671,0.11524041410094195,98.05250522904132,HEALTHY,54.3,6.7,39.0,"ir_object_std (26.6%), gx_mean (15.0%), ay_rms (7.7%)"
185,520746,0.007942781400717008,6.077992158305094,0.11020509790635266,98.13759909160325,HEALTHY,25.3,8.7,65.9,"ir_object_range (46.5%), ir_object_min (10.5%), ir_object_mean (8.3%)"
186,523522,0.006790437702059838,6.144556120024474,0.11674292137094515,98.02711374572803,HEALTHY,46.2,14.9,38.9,"ir_object_min (12.9%), ax_std (12.1%), ir_object_mean (9.2%)"
187,526296,0.014219633113630368,7.030773123823487,0.2037859724829588,96.55613771521452,HEALTHY,19.7,27.2,53.1,"temperature_slope (23.2%), ir_object_range (15.2%), sound_volts_peak (10.9%)"
188,529081,0.01902408652902313,7.10133713643011,0.2107166756060733,96.43901293571217,HEALTHY,18.5,43.1,38.4,"sound_volts_std (18.6%), temperature_slope (17.7%), sound_volts_peak (9.5%)"
189,531968,0.012660107420505062,5.428456180903932,0.04640854126429191,99.21572312851234,HEALTHY,22.1,1.6,76.3,"ir_object_std (45.9%), ir_object_range (14.5%), temperature_slope (13.5%)"
190,534760,0.02662613796367454,5.300229541449833,0.0441477199642484,99.25392966997833,HEALTHY,21.3,31.3,47.4,"temperature_slope (24.8%), sound_volts_peak (10.8%), sound_peak_peak (8.0%)"
191,537531,0.013525604973655016,5.891761991645394,0.09191381953359487,98.44671086686894,HEALTHY,20.8,35.0,44.2,"temperature_slope (25.9%), sound_volts_peak (13.5%), ir_object_range (13.5%)"
192,540321,0.014027121901194838,5.523622248703877,0.055755625407487394,99.05776294037348,HEALTHY,27.8,3.3,68.9,"ir_object_std (56.8%), ir_object_range (6.4%), temperature_slope (4.8%)"
193,543126,0.013747769672452951,6.209395936217761,0.12311140156350739,97.91949020089153,HEALTHY,28.3,24.3,47.4,"ir_object_std (35.0%), sound_peak_peak (14.8%), sound_volts_peak (7.0%)"
194,545985,0.012855945926625263,7.918415880001661,0.2909690590904327,95.08279516773484,HEALTHY,16.0,11.3,72.7,"ir_object_std (37.9%), ir_object_range (17.8%), ir_ambient_std (9.3%)"
195,548776,0.020501405435501573,9.362624292830283,0.4328172815408692,92.68564418865178,HEALTHY,38.5,30.8,30.7,"temperature_slope (23.9%), sound_volts_std (12.1%), ay_ptp (8.6%)"
196,551570,0.043636122275697097,11.358261310050496,0.7723861702519226,86.94713100901521,HEALTHY,16.3,58.3,25.4,"sound_volts_peak (19.6%), sound_peak_peak (19.5%), ir_ambient_std (7.4%)"
197,554320,0.034710860597144025,10.800729510798572,0.6477211516992495,89.0538960154316,HEALTHY,12.6,47.9,39.5,"ir_ambient_std (18.7%), temperature_slope (9.7%), sound_peak_peak (8.2%)"
198,557106,0.05889130260350062,13.013993515154647,1.0544925491179307,82.17970022544992,HEALTHY,13.8,18.1,68.0,"ir_object_range (30.3%), temperature_slope (13.8%), ir_ambient_std (9.3%)"
199,559989,0.10295526901076321,16.38215578998068,1.7304294891306649,70.75676612335995,HEALTHY,18.3,28.5,53.2,"ir_object_range (23.2%), temperature_slope (11.6%), sound_volts_peak (9.5%)"
200,562746,0.05411509332488543,16.96956397090223,1.40559487574809,76.24627877327833,HEALTHY,24.9,51.6,23.5,"sound_volts_peak (24.7%), sound_peak_peak (23.0%), ir_object_range (12.1%)"
201,565536,0.025417695926644335,16.212089228884242,1.1064311774842515,81.30196815599054,HEALTHY,51.4,14.3,34.3,"temperature_slope (12.8%), ir_object_range (11.8%), sound_volts_peak (6.8%)"
202,568318,0.027870412461814667,15.28281401942588,1.0343693258418973,82.51977078498976,HEALTHY,36.2,22.5,41.4,"temperature_slope (19.9%), ir_ambient_std (16.0%), sound_peak_mean (7.7%)"
203,571072,0.06412268715647332,15.171391304740443,1.3073628554974384,77.90634175787748,HEALTHY,36.8,45.8,17.4,"sound_peak_peak (15.8%), sound_volts_peak (14.9%), ir_ambient_mean (6.0%)"
204,573949,0.03164128802750222,15.626801648067937,1.0976898176127248,81.44969196255335,HEALTHY,16.7,9.8,73.5,"temperature_slope (58.4%), sound_volts_std (5.3%), ir_object_min (4.0%)"
205,576741,0.026110473556792538,14.322640698875395,0.9262780811007333,84.34644882638803,HEALTHY,7.8,13.4,78.8,"ir_object_std (23.0%), ir_object_range (21.0%), ir_ambient_std (14.6%)"
206,579501,0.030166982451688005,13.222514151503262,0.8499967613563538,85.63555796820246,HEALTHY,24.6,43.7,31.7,"ir_ambient_std (22.2%), sound_peak_peak (20.7%), sound_volts_peak (18.3%)"
207,582271,0.02857025843466339,13.424686473307904,0.8573478957993048,85.51132814830854,HEALTHY,30.0,24.9,45.1,"temperature_slope (32.8%), sound_peak_peak (7.1%), sound_volts_peak (5.6%)"
208,585056,0.0725683110036074,11.294661925785517,0.9927440111259529,83.2232139596889,HEALTHY,9.6,22.0,68.4,"temperature_slope (55.3%), sound_volts_std (5.5%), ir_ambient_std (4.7%)"
209,587927,0.01309078608739258,7.422895891819237,0.2422997473152221,95.90527772238237,HEALTHY,44.6,8.8,46.7,"ir_object_std (12.3%), ir_object_min (10.3%), ir_object_mean (9.4%)"
210,590701,0.06092559045895208,5.876606086572893,0.36940095933023204,93.75734248878518,HEALTHY,29.3,18.3,52.4,"temperature_slope (34.5%), ir_object_std (11.6%), sound_volts_peak (5.2%)"
211,593510,0.017699551747549263,5.588267759101481,0.062105021144174315,98.95046191154245,HEALTHY,21.8,34.0,44.2,"sound_volts_peak (17.8%), ir_object_std (16.6%), sound_peak_peak (12.3%)"
212,596271,0.01772896886988611,5.407902215434743,0.04438975821316587,99.24983936686883,HEALTHY,24.9,2.5,72.6,"ir_object_range (54.9%), ir_object_std (15.3%), acc_mag_ptp (3.3%)"
213,599061,0.006253303975947028,5.77725909401285,0.08066749777675847,98.63676704624689,HEALTHY,29.5,25.9,44.6,"temperature_slope (22.9%), sound_volts_peak (14.1%), ir_object_std (12.4%)"
214,601948,0.007908044789261166,5.7517781665082754,0.07816479509146312,98.67906123991932,HEALTHY,54.4,9.1,36.5,"ir_object_std (16.8%), ir_object_range (13.3%), ax_ptp (13.3%)"
215,604705,0.006734113974328572,5.306207047693589,0.03440139458936706,99.41863679856448,HEALTHY,76.2,9.9,13.9,"ax_peak (18.4%), ay_mean (14.6%), ax_ptp (11.2%)"
216,607496,0.025071896489231752,4.952420871491842,0.0,100.0,HEALTHY,10.4,4.1,85.5,"ir_object_range (52.3%), ir_object_std (28.9%), gy_mean (2.9%)"
217,610286,0.02494527908135458,5.3804675523610435,0.041695162228290734,99.29537644369496,HEALTHY,7.4,9.4,83.2,"ir_object_range (51.0%), ir_object_std (29.3%), sound_peak_peak (2.2%)"
218,613141,0.01711960981446575,5.620932464876133,0.06531330494161171,98.89624381480958,HEALTHY,29.5,12.0,58.4,"ir_object_std (25.7%), ir_object_range (16.7%), ir_object_max (9.3%)"
219,615925,0.041140842325041005,5.831338602464731,0.20999551295902133,96.45120015748763,HEALTHY,14.9,4.6,80.5,"ir_object_range (39.1%), ir_object_std (37.0%), gy_mean (4.0%)"
220,618706,0.0436766007867917,4.978458874533686,0.14608752967354807,97.53120723870097,HEALTHY,11.3,8.3,80.4,"ir_object_range (45.3%), ir_object_std (32.0%), sound_volts_std (3.2%)"
221,621484,0.10088636855858729,4.679608081558925,0.591959023471959,89.99624296886284,HEALTHY,3.2,18.4,78.4,"ir_object_std (48.8%), ir_object_range (22.0%), sound_peak_peak (7.8%)"
222,624256,0.05924956057042016,4.997746128706478,0.2699534019438463,95.4379473313273,HEALTHY,5.9,20.1,74.0,"ir_object_std (34.4%), ir_object_range (22.7%), temperature_slope (11.3%)"
223,627045,0.011382892544633906,4.457260975695583,0.0,100.0,HEALTHY,54.5,22.4,23.0,"ax_peak (13.2%), ir_object_mean (8.9%), sound_peak_peak (7.9%)"
224,629909,0.014667290400310774,4.677170952569434,0.0,100.0,HEALTHY,21.2,16.8,62.0,"ir_object_std (31.3%), ir_object_range (17.3%), sound_peak_peak (8.6%)"
225,632686,0.015110169459413516,5.339394678442502,0.03766103937972968,99.36355073145911,HEALTHY,20.4,5.9,73.6,"ir_object_std (42.3%), ir_object_range (15.2%), ir_object_mean (5.8%)"
226,635488,0.011176480936775628,5.894286742874877,0.09216179722909265,98.44252019062863,HEALTHY,53.4,8.8,37.7,"ir_object_std (18.0%), ax_peak (11.7%), temperature_slope (7.0%)"
227,638246,0.007366039630307009,4.908457750826454,0.0,100.0,HEALTHY,41.5,32.2,26.2,"sound_peak_peak (13.9%), sound_volts_peak (10.4%), ir_object_min (10.3%)"
228,641015,0.016547983645324803,4.97349515912752,0.0017228770277711702,99.97088439824896,HEALTHY,17.7,25.8,56.5,"ir_object_std (25.7%), temperature_slope (18.5%), sound_peak_peak (12.0%)"
229,643891,0.025632326024368244,4.868328018819856,0.002549632394630092,99.95691272202424,HEALTHY,12.7,13.1,74.2,"ir_object_std (39.3%), ir_object_range (28.6%), sound_peak_peak (5.5%)"
230,646665,0.02322428097562275,4.858143908233331,0.0,100.0,HEALTHY,18.9,28.3,52.7,"temperature_slope (32.0%), ir_object_range (11.9%), sound_peak_peak (7.4%)"
231,649446,0.021029377334701675,4.655681236709683,0.0,100.0,HEALTHY,11.2,12.9,75.9,"ir_object_std (46.9%), temperature_slope (22.2%), sound_volts_peak (5.8%)"
232,652216,0.006244682476516284,4.912223876657895,0.0,100.0,HEALTHY,31.4,16.7,51.9,"ir_object_mean (20.7%), ir_object_std (12.2%), ir_object_range (5.9%)"
233,654975,0.06356930329917615,6.234776377024364,0.42528621922868026,92.81291468301069,HEALTHY,8.9,51.0,40.1,"ir_object_range (19.3%), sound_volts_peak (17.7%), sound_peak_peak (15.3%)"
234,657706,0.03479055891532182,6.3318779498909565,0.2094207349297724,96.46091356588829,HEALTHY,9.4,70.2,20.4,"sound_volts_peak (36.4%), sound_peak_peak (31.3%), ir_object_std (5.4%)"
235,660466,0.022831874237067225,4.950143573382289,0.0,100.0,HEALTHY,18.5,9.7,71.8,"ir_object_std (57.4%), ir_object_range (6.9%), sound_peak_std (6.1%)"
236,663325,0.011946540876845595,4.36534888973163,0.0,100.0,HEALTHY,40.1,2.3,57.6,"ir_object_range (18.8%), ir_object_mean (12.2%), temperature_slope (8.5%)"
237,666076,0.017080801621777688,5.023358198691624,0.00662035821214597,99.88811986575531,HEALTHY,17.0,14.3,68.7,"ir_object_range (19.3%), ir_object_min (18.9%), ir_object_mean (10.9%)"
238,668846,0.012969556661837243,5.472542131881465,0.05073860451946437,99.14254762308607,HEALTHY,17.8,13.6,68.5,"ir_object_min (23.7%), ir_object_range (23.5%), ir_object_mean (12.3%)"
239,671636,0.020973904261591753,6.195675260551116,0.12176377511510542,97.94226429001594,HEALTHY,29.1,33.1,37.8,"sound_volts_peak (16.5%), sound_peak_peak (14.0%), ir_object_range (10.8%)"
240,674386,0.026864937648344054,5.89372815924145,0.10431070368744087,98.23721086416461,HEALTHY,11.0,52.7,36.3,"sound_volts_peak (20.9%), sound_peak_peak (18.6%), temperature_slope (14.5%)"
241,677262,0.011277421829405377,4.894569490133871,0.0,100.0,HEALTHY,43.0,2.7,54.4,"ir_object_range (41.9%), ir_object_std (8.1%), ax_ptp (4.4%)"
242,680046,0.007283943497045919,5.161642187690788,0.020202427017899958,99.65859094411469,HEALTHY,42.5,5.9,51.6,"ir_object_std (22.2%), ir_object_range (20.5%), ir_object_max (4.7%)"
243,682786,0.015131223882842344,5.034508177817628,0.007715494277920161,99.869612714612,HEALTHY,29.2,2.1,68.7,"ir_object_range (42.3%), ir_object_std (19.5%), az_ptp (4.4%)"
244,685566,0.011933360245145377,5.49197316669042,0.05264709482012986,99.11029526691425,HEALTHY,28.3,8.5,63.3,"ir_object_std (32.1%), ir_object_range (21.2%), ir_object_max (4.3%)"
245,688335,0.009060763625920133,6.124426541280085,0.11476582101741993,98.06052557117305,HEALTHY,27.9,13.2,58.8,"ir_object_range (42.9%), ir_ambient_mean (6.3%), sound_peak_peak (5.2%)"
246,691115,0.009685872169169588,6.031877138675342,0.10567574223674019,98.21414252084375,HEALTHY,21.8,17.3,60.9,"ir_object_range (25.5%), ir_object_std (24.7%), sound_volts_peak (7.8%)"
247,693891,0.02064716179495285,5.894919547195248,0.09222395042471608,98.44146983841999,HEALTHY,14.9,21.8,63.3,"ir_object_range (35.6%), temperature_slope (11.7%), ir_object_std (10.5%)"
248,696810,0.017100499042425964,5.715725223013127,0.07462372310803903,98.73890325997026,HEALTHY,23.2,25.1,51.7,"ir_object_range (17.7%), ir_object_std (14.6%), temperature_slope (8.6%)"
249,699566,0.02106873443628935,5.232723361643051,0.027183925038030392,99.54060776092555,HEALTHY,24.1,8.9,66.9,"ir_object_range (43.1%), ir_object_std (15.3%), ir_ambient_mean (4.5%)"
250,702341,0.011111135928628276,4.948043002149665,0.0,100.0,HEALTHY,48.8,11.8,39.3,"ir_object_std (16.4%), temperature_slope (12.8%), ax_peak (10.6%)"
251,705222,0.008393722066535336,4.785186327141591,0.0,100.0,HEALTHY,17.9,17.9,64.2,"ir_object_range (44.5%), ir_object_std (13.2%), sound_peak_peak (4.2%)"
252,708001,0.009684408945245273,5.3771410781438105,0.04136844037114719,99.30089784964711,HEALTHY,25.6,11.9,62.5,"ir_object_range (32.0%), ir_object_std (18.7%), gx_mean (8.0%)"
253,710786,0.005075724941014626,5.423171633162131,0.04588950003937566,99.2244946179184,HEALTHY,38.7,26.5,34.8,"ir_ambient_mean (14.0%), sound_peak_peak (13.4%), temperature_slope (12.6%)"
254,713566,0.012579282845317261,5.574397423335475,0.06074269528059265,98.97348441208071,HEALTHY,32.0,2.9,65.1,"temperature_slope (34.4%), ir_object_range (15.3%), ir_object_std (7.5%)"
255,716341,0.007317504077163701,5.037074933220846,0.007967597567291276,99.86535231827776,HEALTHY,39.8,4.7,55.4,"ir_object_range (35.8%), ir_object_std (11.3%), ir_object_max (5.3%)"
256,719106,0.008944308630005202,4.160934018528226,0.0,100.0,HEALTHY,29.7,23.3,47.0,"ir_object_range (32.4%), sound_volts_std (6.2%), sound_peak_std (6.1%)"
257,722011,0.008589537358874197,4.023563068217201,0.0,100.0,HEALTHY,59.0,2.7,38.3,"gx_mean (15.7%), ir_object_range (14.7%), ir_object_std (8.1%)"
258,724761,0.009100092726019922,4.543208426683759,0.0,100.0,HEALTHY,43.9,11.3,44.9,"ir_object_range (20.3%), temperature_slope (10.1%), ir_object_std (6.5%)"
259,727556,0.009333915631175535,4.541978449465555,0.0,100.0,HEALTHY,34.7,36.9,28.3,"sound_peak_peak (15.5%), sound_volts_peak (14.6%), ir_ambient_mean (8.1%)"
260,730341,0.00932618479152325,3.8515564120772554,0.0,100.0,HEALTHY,38.6,39.6,21.8,"sound_peak_peak (18.7%), sound_volts_peak (17.2%), ir_object_max (7.2%)"
261,733251,0.015680650690093,4.636220768361504,0.0,100.0,HEALTHY,17.4,24.1,58.4,"ir_object_range (15.2%), ir_object_max (14.5%), temperature_slope (11.6%)"
262,736016,0.014543141727203269,5.957314768854638,0.0983523258054207,98.33790392275138,HEALTHY,27.6,30.9,41.5,"temperature_slope (10.1%), ir_object_max (9.3%), sound_peak_peak (9.0%)"
263,738807,0.013158220574023575,5.573905578562969,0.060694386943595136,98.97430079437532,HEALTHY,32.1,4.2,63.7,"ir_object_range (33.9%), ir_object_std (11.8%), temperature_slope (5.7%)"
264,741585,0.009373033647361011,4.5650698503293725,0.0,100.0,HEALTHY,53.5,4.0,42.4,"ir_object_range (24.6%), ax_peak (10.0%), az_std (9.4%)"
265,744351,0.024060688951018615,6.177403842099806,0.11996918078512898,97.9725918717145,HEALTHY,16.5,22.8,60.6,"ir_object_range (31.0%), ir_object_std (21.0%), sound_peak_std (7.2%)"
266,747232,0.02633254267267963,5.2778329098432755,0.039648437411585614,99.329964881347,HEALTHY,12.6,31.7,55.7,"ir_object_range (30.1%), ir_object_std (18.2%), sound_peak_std (15.3%)"
267,750035,0.009662220313477292,4.457570617497447,0.0,100.0,HEALTHY,51.9,7.7,40.4,"ir_object_std (19.4%), ir_object_range (11.2%), ax_peak (7.0%)"
268,752781,0.008637257443870939,5.567690798001768,0.06008397949291471,98.984616318904,HEALTHY,56.4,10.0,33.6,"ir_object_range (22.2%), ax_ptp (12.7%), gy_mean (10.9%)"
269,755576,0.010650489486397022,4.925785811045607,0.0,100.0,HEALTHY,48.4,4.9,46.8,"ir_object_std (27.1%), ir_object_range (10.0%), az_std (4.9%)"
270,758471,0.010526392824244425,4.647718911261865,0.0,100.0,HEALTHY,45.5,5.4,49.1,"ir_object_std (22.2%), ir_object_range (11.1%), az_std (7.8%)"
271,761231,0.019568567855702806,5.322954536141213,0.036046310548658464,99.39083869271438,HEALTHY,10.7,31.8,57.5,"ir_object_std (19.7%), ir_object_range (19.6%), temperature_slope (11.5%)"
272,764036,0.021086725648665518,5.037891529712592,0.008047802584645096,99.86399690096934,HEALTHY,16.4,17.7,65.8,"temperature_slope (26.2%), ir_object_range (21.0%), ir_object_std (12.1%)"
273,766802,0.007145150242238227,4.227718256826026,0.0,100.0,HEALTHY,37.1,21.4,41.6,"ir_object_range (13.6%), ir_object_std (11.6%), ay_mean (9.5%)"
274,769611,0.009442868094901778,3.76755783753037,0.0,100.0,HEALTHY,59.6,15.0,25.3,"ay_mean (14.6%), ir_object_mean (9.8%), ax_peak (8.4%)"
275,772506,0.029031321503784686,4.4255623333830885,0.029171456131028912,99.50701966215891,HEALTHY,6.9,13.1,80.0,"ir_object_std (39.4%), ir_object_range (28.8%), temperature_slope (8.2%)"
276,775276,0.05529852976786546,4.899924350100983,0.2349031179376792,96.03027637973591,HEALTHY,12.8,4.6,82.6,"temperature_slope (46.6%), ir_object_std (18.2%), ir_object_range (16.0%)"
277,778036,0.013018462773414815,4.083103255328914,0.0,100.0,HEALTHY,28.0,1.0,71.0,"ir_object_range (27.5%), ir_object_std (26.4%), ir_ambient_mean (9.0%)"
278,780822,0.013948646924942198,3.59434830297711,0.0,100.0,HEALTHY,39.9,2.4,57.7,"ir_object_range (20.2%), temperature_slope (15.5%), ir_object_std (8.3%)"
279,783704,0.006041121825791413,3.621254621709307,0.0,100.0,HEALTHY,39.1,13.8,47.1,"ir_object_std (19.4%), ir_object_min (10.6%), ir_object_range (8.0%)"
280,786496,0.006992492327403681,3.8592068726933824,0.0,100.0,HEALTHY,28.7,18.3,53.0,"temperature_slope (26.8%), ir_object_min (11.7%), sound_volts_std (5.8%)"
281,789281,0.020021456835786607,4.836588628447835,0.0,100.0,HEALTHY,40.2,18.9,41.0,"temperature_slope (17.6%), ir_ambient_std (11.5%), acc_mag_peak (10.9%)"
282,792081,0.015203285637806012,4.766597637717897,0.0,100.0,HEALTHY,36.0,12.2,51.8,"ir_object_min (14.8%), ir_object_std (12.8%), ir_object_range (12.5%)"
283,794846,0.01734966205306236,4.701666502629448,0.0,100.0,HEALTHY,23.7,12.3,64.1,"temperature_slope (27.6%), ir_object_std (12.8%), ir_object_min (7.9%)"
284,797611,0.009615055827689093,4.611253283015984,0.0,100.0,HEALTHY,19.4,14.4,66.3,"ir_object_std (23.7%), ir_object_range (23.2%), ir_ambient_mean (5.3%)"
285,800391,0.012385781786397447,4.069309028441913,0.0,100.0,HEALTHY,24.4,15.0,60.6,"ir_object_range (27.7%), ir_object_std (12.5%), temperature_slope (12.4%)"
286,803258,0.0066054947863301025,3.8764571620412336,0.0,100.0,HEALTHY,59.5,22.4,18.1,"ax_std (15.0%), ir_object_range (11.9%), sound_peak_std (9.3%)"
287,806047,0.0044117667191415685,3.7554943268094956,0.0,100.0,HEALTHY,55.0,21.7,23.3,"ir_object_range (15.5%), ax_std (10.6%), sound_volts_peak (9.9%)"
288,808822,0.003901185555483175,4.363193527797183,0.0,100.0,HEALTHY,28.5,49.6,21.9,"sound_peak_mean (10.5%), ir_object_range (9.1%), sound_volts_peak (8.3%)"
289,811600,0.007914893242956102,3.9798540211451714,0.0,100.0,HEALTHY,19.2,65.3,15.5,"sound_volts_std (17.3%), sound_peak_std (16.3%), sound_peak_mean (13.0%)"
290,814341,0.007327485265894472,3.4352387019094603,0.0,100.0,HEALTHY,35.0,54.3,10.7,"sound_volts_mean (16.5%), sound_peak_mean (14.1%), sound_peak_std (11.5%)"
291,817126,0.004306224332136934,4.129471509526188,0.0,100.0,HEALTHY,52.0,4.4,43.5,"temperature_slope (35.7%), ax_std (6.8%), gz_mean (5.4%)"
292,820020,0.016257748279974383,4.939932964163613,0.0,100.0,HEALTHY,20.3,7.2,72.5,"temperature_slope (54.3%), ir_object_std (14.4%), ax_peak (2.7%)"
293,822771,0.005065812697695039,3.7041829616195243,0.0,100.0,HEALTHY,35.0,14.8,50.2,"ir_object_std (22.3%), sound_volts_std (9.7%), temperature_slope (8.6%)"
294,825561,0.013179229839070309,3.409289973136245,0.0,100.0,HEALTHY,28.1,13.1,58.8,"temperature_slope (45.8%), ay_peak (6.8%), sound_volts_std (6.2%)"
295,828315,0.005506749711344697,4.008701519469436,0.0,100.0,HEALTHY,32.5,41.9,25.7,"ir_object_std (21.2%), sound_volts_std (14.4%), sound_peak_std (11.9%)"
296,831097,0.011118843254539794,4.671585258814806,0.0,100.0,HEALTHY,32.8,43.1,24.1,"temperature_slope (14.4%), sound_peak_peak (10.9%), sound_volts_peak (10.6%)"
297,833987,0.02273846388287034,3.462136340273607,0.0,100.0,HEALTHY,28.1,3.1,68.8,"ir_object_std (31.2%), ir_object_range (29.2%), ax_peak (5.3%)"
298,836760,0.025999615919236115,3.727409535657468,0.0054263431465407215,99.90829801345508,HEALTHY,12.2,14.5,73.3,"ir_object_range (38.7%), ir_object_std (29.1%), sound_volts_peak (5.4%)"
299,839551,0.01613377152642758,4.252930758474785,0.0,100.0,HEALTHY,20.1,13.1,66.8,"ir_object_range (22.2%), temperature_slope (21.8%), ir_object_std (17.9%)"
300,842352,0.008752228428333939,3.1573898935978657,0.0,100.0,HEALTHY,22.8,16.8,60.4,"ir_object_range (32.4%), ir_object_std (9.5%), ir_object_max (8.5%)"
301,845275,0.015468957923605253,3.6171631975604863,0.0,100.0,HEALTHY,36.0,14.2,49.8,"temperature_slope (21.4%), ir_object_range (15.4%), ir_object_max (6.7%)"
302,848051,0.008669934814998304,3.6119899071960013,0.0,100.0,HEALTHY,53.2,35.1,11.6,"ax_ptp (10.5%), gx_mean (10.5%), sound_volts_peak (9.3%)"
303,850946,0.016465792876037465,3.419857335927168,0.0,100.0,HEALTHY,24.3,36.0,39.8,"temperature_slope (30.4%), sound_peak_peak (13.8%), sound_volts_peak (13.5%)"
304,853716,0.01643059538932396,3.404763286598273,0.0,100.0,HEALTHY,23.8,14.4,61.8,"temperature_slope (57.6%), gz_mean (5.5%), sound_peak_peak (5.3%)"
305,856506,0.006298852776528204,3.249568548839631,0.0,100.0,HEALTHY,31.3,60.9,7.8,"sound_peak_std (19.1%), sound_volts_mean (12.0%), sound_peak_mean (11.3%)"
306,859287,0.005542674246076209,3.6644699105742236,0.0,100.0,HEALTHY,44.9,22.4,32.7,"ir_object_std (26.9%), sound_peak_peak (10.4%), ay_rms (7.8%)"
307,862082,0.01791278618693271,3.543195198597706,0.0,100.0,HEALTHY,28.4,43.9,27.7,"temperature_slope (13.5%), sound_peak_peak (12.2%), sound_volts_peak (9.5%)"
308,864970,0.01400111929577753,3.285144199005111,0.0,100.0,HEALTHY,26.6,35.4,38.0,"ir_object_range (21.2%), sound_peak_peak (12.2%), sound_volts_peak (9.2%)"
309,867731,0.010101061071809258,3.136814114233702,0.0,100.0,HEALTHY,48.2,23.0,28.8,"ir_object_max (10.4%), ay_mean (8.6%), sound_peak_std (7.4%)"
310,870536,0.01305717130239002,3.840365702419802,0.0,100.0,HEALTHY,26.4,18.1,55.5,"ir_object_range (29.1%), ir_object_std (11.1%), ay_mean (7.6%)"
311,873302,0.006805617717196992,3.569048021857101,0.0,100.0,HEALTHY,32.3,12.0,55.6,"ir_object_range (35.6%), ir_object_max (8.1%), gy_mean (6.4%)"
312,876097,0.008977184621102403,3.7611842252936154,0.0,100.0,HEALTHY,47.6,8.7,43.7,"ir_object_range (26.1%), gy_mean (20.9%), ax_std (13.3%)"
313,878966,0.017262719160213498,3.9859586238484566,0.0,100.0,HEALTHY,42.9,4.4,52.7,"temperature_slope (28.1%), ir_object_std (16.1%), gy_mean (15.9%)"
314,881750,0.022566058626015448,2.950139288705953,0.0,100.0,HEALTHY,40.5,9.5,50.0,"ir_object_std (24.7%), ir_object_range (23.5%), ay_ptp (6.4%)"
315,884556,0.01753909522331523,3.0058382291355112,0.0,100.0,HEALTHY,31.8,31.0,37.2,"ir_object_range (10.9%), ir_object_std (10.7%), sound_peak_std (8.8%)"
316,887342,0.025699638969695317,4.107732962926186,0.003076845030400605,99.94800314061257,HEALTHY,18.0,11.9,70.0,"ir_object_range (35.6%), ir_object_std (23.3%), temperature_slope (6.0%)"
317,890231,0.01979769756724437,4.517989483244041,0.0,100.0,HEALTHY,18.5,16.7,64.7,"ir_object_range (25.8%), temperature_slope (22.5%), sound_volts_peak (9.6%)"
318,892981,0.020885590734494922,3.994171547180025,0.0,100.0,HEALTHY,21.2,38.3,40.5,"ir_object_range (20.4%), sound_volts_peak (18.3%), sound_peak_peak (14.4%)"
319,895775,0.01315189146813493,3.635432834659443,0.0,100.0,HEALTHY,50.3,9.5,40.2,"ir_object_range (20.5%), temperature_slope (13.3%), ax_peak (11.7%)"
320,898551,0.01577190917735616,3.7016448920998672,0.0,100.0,HEALTHY,13.8,19.2,67.0,"ir_object_range (52.2%), ir_object_std (8.8%), sound_volts_peak (5.1%)"
321,901316,0.015728937604499945,3.2765659302891756,0.0,100.0,HEALTHY,12.8,29.2,58.0,"ir_object_range (21.9%), ir_object_std (18.4%), temperature_slope (10.1%)"
322,904215,0.02505272045918045,3.3047240918091867,0.0,100.0,HEALTHY,13.2,23.8,62.9,"temperature_slope (45.1%), ir_object_range (13.5%), sound_peak_peak (4.9%)"
323,907011,0.011374679623317991,4.291548722987106,0.0,100.0,HEALTHY,17.1,11.4,71.6,"ir_object_range (27.5%), ir_object_max (11.8%), ir_object_min (7.5%)"
324,909762,0.027653282650341483,3.3231408403880414,0.018378294539483486,99.68941770303401,HEALTHY,12.8,5.9,81.2,"temperature_slope (60.4%), ir_object_range (10.4%), ir_object_max (3.9%)"
325,912561,0.01571224974353364,2.907217611224915,0.0,100.0,HEALTHY,31.2,2.0,66.9,"temperature_slope (44.3%), ir_object_std (8.7%), ir_ambient_std (5.6%)"
326,915456,0.007637658597552212,3.4111689009340678,0.0,100.0,HEALTHY,25.4,18.4,56.1,"temperature_slope (38.7%), ir_ambient_mean (10.7%), ax_peak (7.6%)"
327,918216,0.004631336095741758,3.866525484372321,0.0,100.0,HEALTHY,42.4,15.8,41.8,"temperature_slope (23.5%), ir_object_std (7.8%), ax_peak (7.1%)"
328,921011,0.005592860700703546,3.5571016706635072,0.0,100.0,HEALTHY,33.8,19.5,46.6,"temperature_slope (24.1%), ir_object_std (8.6%), sound_peak_peak (7.1%)"
329,923776,0.011844695131502924,3.4932625423527024,0.0,100.0,HEALTHY,29.2,21.9,48.9,"temperature_slope (39.0%), sound_peak_peak (9.4%), sound_volts_peak (8.2%)"
330,926571,0.006447343616519692,3.82689232488774,0.0,100.0,HEALTHY,34.7,7.3,58.0,"temperature_slope (34.3%), ir_ambient_std (9.9%), ir_object_range (7.5%)"
331,929351,0.007311849328377719,3.124499576800879,0.0,100.0,HEALTHY,26.8,48.5,24.7,"sound_volts_peak (17.6%), sound_peak_peak (13.4%), temperature_slope (10.4%)"
332,932247,0.007725237319939636,2.908538363411556,0.0,100.0,HEALTHY,49.3,31.8,18.9,"gy_mean (18.2%), sound_volts_peak (7.6%), temperature_slope (7.0%)"
333,935030,0.007755592370557178,2.9337468237000723,0.0,100.0,HEALTHY,63.3,1.6,35.1,"ir_object_max (14.9%), gy_mean (11.5%), acc_mag_mean (7.3%)"
334,937781,0.008287391329180339,2.8794302276068127,0.0,100.0,HEALTHY,47.2,4.0,48.9,"ir_object_std (16.6%), temperature_slope (13.3%), ir_object_max (7.5%)"
335,940582,0.012138772919275627,2.82994196753821,0.0,100.0,HEALTHY,31.0,2.2,66.8,"ir_object_range (32.3%), ir_object_std (29.0%), az_ptp (4.3%)"
336,943481,0.012756674016264626,2.600965675183831,0.0,100.0,HEALTHY,23.9,20.5,55.6,"ir_object_range (27.2%), ir_object_std (14.4%), sound_peak_peak (9.5%)"
337,946252,0.011539781587994959,2.797733187313206,0.0,100.0,HEALTHY,27.1,13.1,59.8,"ir_object_range (33.7%), ir_object_std (14.5%), ir_object_min (8.5%)"
338,949016,0.011883400268384574,2.801133179384365,0.0,100.0,HEALTHY,31.4,8.8,59.8,"ir_object_range (26.2%), temperature_slope (22.2%), ax_peak (4.3%)"
339,951796,0.008022570120887614,2.299739637950871,0.0,100.0,HEALTHY,61.1,6.9,32.0,"ir_object_range (11.9%), ay_mean (7.9%), ir_object_max (6.4%)"
340,954557,0.022280379566128238,2.1886526445481542,0.0,100.0,HEALTHY,16.5,5.3,78.2,"ir_object_range (26.9%), ir_object_std (21.3%), ir_object_min (8.6%)"
341,957447,0.019701245333731517,2.3465029930554864,0.0,100.0,HEALTHY,11.6,3.6,84.9,"ir_object_std (39.2%), ir_object_range (35.4%), ir_object_min (4.4%)"
342,960232,0.017458427746931706,3.584099751126586,0.0,100.0,HEALTHY,13.5,9.6,77.0,"temperature_slope (70.6%), ir_object_std (5.3%), acc_mag_rms (3.5%)"
343,962986,0.006845816802744211,3.7819126357066275,0.0,100.0,HEALTHY,62.3,5.5,32.2,"ir_object_std (13.1%), acc_mag_rms (10.3%), temperature_slope (9.8%)"
344,965786,0.004645014020620785,2.836315968206693,0.0,100.0,HEALTHY,70.3,9.1,20.6,"ax_std (12.8%), ax_peak (10.8%), ir_object_range (9.9%)"
345,968592,0.008960095242898772,2.3809331081343723,0.0,100.0,HEALTHY,54.1,24.8,21.1,"ax_std (10.1%), ir_object_max (7.8%), ir_object_min (7.4%)"
346,971511,0.005300685838437704,2.612927284004725,0.0,100.0,HEALTHY,59.1,8.2,32.7,"ay_mean (15.5%), gy_mean (11.8%), ir_object_max (8.5%)"
347,974281,0.00973704039178844,3.0008791710018223,0.0,100.0,HEALTHY,24.3,6.0,69.7,"temperature_slope (50.5%), ir_object_range (6.0%), ir_object_std (5.0%)"
348,977199,0.008356256555962534,2.5916863629282823,0.0,100.0,HEALTHY,21.8,3.1,75.0,"ir_object_range (36.4%), ir_object_std (28.2%), ir_object_min (6.8%)"
349,979991,0.010732380758962391,2.902247663156071,0.0,100.0,HEALTHY,23.8,3.9,72.3,"ir_object_std (33.8%), ir_object_range (29.1%), gx_mean (5.5%)"
350,982766,0.0180777290704189,3.917130296884638,0.0,100.0,HEALTHY,30.3,8.5,61.2,"temperature_slope (36.8%), ir_object_range (16.6%), gx_mean (5.7%)"
351,985557,0.008526593472118628,3.1552618128903953,0.0,100.0,HEALTHY,28.4,15.4,56.3,"ir_object_range (30.2%), ir_object_std (18.4%), gx_mean (10.6%)"
352,988346,0.00834192898256096,2.7624845850939272,0.0,100.0,HEALTHY,38.6,16.4,45.1,"ir_object_range (33.5%), ir_object_std (4.5%), ax_rms (4.3%)"
353,991201,0.028330945911411706,3.2561147605997682,0.023685930868538565,99.59972179142498,HEALTHY,17.9,1.4,80.7,"ir_object_range (47.8%), temperature_slope (25.9%), ir_object_std (3.7%)"
354,994022,0.010857242610398696,2.7761854743828835,0.0,100.0,HEALTHY,22.8,18.7,58.4,"ir_object_range (19.9%), ir_object_std (17.2%), temperature_slope (8.9%)"
355,996800,0.02003135890106865,2.5686700363448445,0.0,100.0,HEALTHY,19.7,22.8,57.5,"temperature_slope (31.0%), sound_volts_peak (10.7%), sound_peak_peak (9.6%)"
356,999705,0.011647033298970672,2.6448575231523903,0.0,100.0,HEALTHY,34.3,38.6,27.1,"sound_volts_peak (16.6%), sound_peak_peak (14.0%), ax_peak (8.7%)"
357,1002568,0.007303882954863652,2.8179018288079942,0.0,100.0,HEALTHY,33.8,2.9,63.3,"temperature_slope (18.5%), ir_object_std (17.3%), ir_object_min (7.9%)"
358,1005444,0.00916557057133232,3.0611286712758266,0.0,100.0,HEALTHY,50.5,1.2,48.3,"ir_object_range (33.6%), acc_mag_mean (10.4%), az_mean (6.6%)"
359,1008433,0.03127636155954018,3.532946996116597,0.04675519844766738,99.20986482734946,HEALTHY,20.1,27.9,52.0,"temperature_slope (29.1%), ir_object_range (11.8%), sound_volts_std (8.9%)"
360,1011318,0.01754977710616494,3.939698258806796,0.0,100.0,HEALTHY,19.2,21.7,59.1,"ir_object_range (19.6%), temperature_slope (17.5%), ir_ambient_std (6.3%)"
361,1014302,0.010245061116001665,3.6048185894326847,0.0,100.0,HEALTHY,16.0,21.9,62.1,"ir_object_range (45.5%), ir_object_std (6.4%), gx_mean (5.4%)"
362,1017163,0.006204069611254252,2.779717288828722,0.0,100.0,HEALTHY,48.5,6.9,44.7,"temperature_slope (16.9%), ir_object_range (13.3%), ir_object_max (9.7%)"
363,1020013,0.003944512723406907,2.5640141096508398,0.0,100.0,HEALTHY,38.2,38.9,22.9,"sound_volts_peak (11.8%), sound_peak_peak (9.4%), ir_object_range (9.2%)"
364,1023004,0.008491014701903278,2.4880591862221832,0.0,100.0,HEALTHY,56.0,6.8,37.2,"acc_mag_rms (10.3%), ir_object_std (9.6%), ir_ambient_std (8.5%)"
365,1025911,0.015589975665937785,2.147621236645199,0.0,100.0,HEALTHY,15.6,6.8,77.6,"ir_object_range (45.9%), ir_object_std (10.9%), ir_object_min (7.9%)"
366,1028793,0.019467477792787773,2.5230127633473627,0.0,100.0,HEALTHY,17.0,13.6,69.4,"temperature_slope (63.9%), sound_peak_std (8.6%), ax_peak (5.8%)"
367,1031787,0.011953396119537567,1.7885371953733937,0.0,100.0,HEALTHY,24.5,15.4,60.1,"temperature_slope (24.7%), ir_object_range (16.3%), ir_object_std (13.1%)"
368,1034678,0.008690635139223354,2.3037153684784273,0.0,100.0,HEALTHY,36.7,3.5,59.8,"ir_object_max (22.3%), ir_object_min (15.3%), ir_object_mean (9.0%)"
369,1037533,0.010417357888611757,2.369381901541897,0.0,100.0,HEALTHY,36.3,10.5,53.2,"ir_object_max (20.6%), ir_object_min (15.2%), ir_object_mean (7.8%)"
370,1040523,0.00685529406477458,2.0115592192087703,0.0,100.0,HEALTHY,24.2,14.3,61.5,"ir_object_range (42.7%), ir_object_std (10.4%), sound_volts_std (6.1%)"
371,1043388,0.008180803032977206,2.0104204336818383,0.0,100.0,HEALTHY,44.6,20.8,34.6,"ir_object_range (19.1%), sound_peak_peak (6.1%), sound_volts_peak (5.3%)"
372,1046382,0.008514151426719978,2.0317625719557753,0.0,100.0,HEALTHY,31.2,6.7,62.1,"ir_object_range (35.8%), ir_object_std (22.9%), ax_ptp (4.6%)"
373,1049294,0.011350483490468894,2.662750106107359,0.0,100.0,HEALTHY,24.1,6.8,69.1,"ir_object_range (25.2%), ir_object_std (16.4%), temperature_slope (15.8%)"
374,1052168,0.005230419573660203,2.173620989918966,0.0,100.0,HEALTHY,66.0,23.0,11.0,"gy_mean (26.0%), ax_peak (17.9%), sound_peak_peak (10.3%)"
375,1055143,0.02397898737744874,2.641392241189726,0.0,100.0,HEALTHY,16.1,19.5,64.4,"temperature_slope (59.9%), sound_peak_std (6.4%), ax_peak (4.0%)"
376,1057999,0.01317289725326673,2.8896192908664404,0.0,100.0,HEALTHY,23.8,4.0,72.1,"ir_object_range (32.9%), ir_object_std (25.0%), ax_std (5.6%)"
377,1060981,0.02118336691747673,2.54691678653586,0.0,100.0,HEALTHY,21.5,3.7,74.8,"temperature_slope (68.2%), ir_object_std (5.8%), ax_std (4.9%)"
378,1063843,0.01832417427108484,2.928809931882745,0.0,100.0,HEALTHY,32.7,13.7,53.6,"temperature_slope (25.2%), ir_object_range (14.5%), ir_object_std (11.7%)"
379,1066713,0.01553203458410608,2.6124242919750738,0.0,100.0,HEALTHY,30.3,17.3,52.4,"temperature_slope (19.5%), ir_object_range (13.2%), ir_object_std (10.8%)"
380,1069713,0.0397689374312351,2.913756113874413,0.11327127924077031,98.08578244236456,HEALTHY,6.5,18.4,75.1,"temperature_slope (68.3%), sound_volts_peak (8.9%), sound_peak_peak (8.5%)"
381,1072588,0.016153879854515312,2.9944006551178055,0.0,100.0,HEALTHY,11.5,30.7,57.8,"ir_object_std (29.3%), ir_object_range (21.2%), sound_volts_peak (13.6%)"
382,1075458,0.016936277938443167,2.2051541745034746,0.0,100.0,HEALTHY,19.2,5.8,75.0,"ir_object_std (54.7%), temperature_slope (8.5%), ir_object_max (5.3%)"
383,1078433,0.01502855957212179,1.5618630917273748,0.0,100.0,HEALTHY,14.3,28.7,57.0,"ir_object_range (25.4%), ir_object_std (15.5%), sound_volts_peak (8.6%)"
384,1081319,0.020387420031532818,1.62160964539991,0.0,100.0,HEALTHY,39.7,19.9,40.5,"ir_object_range (27.7%), ax_peak (21.0%), ax_ptp (11.2%)"
385,1084208,0.013683594666433839,1.668834986778444,0.0,100.0,HEALTHY,59.1,13.2,27.7,"ax_peak (31.1%), ax_ptp (17.0%), ir_object_max (7.4%)"
386,1087187,0.008207733569556779,1.8086551118757712,0.0,100.0,HEALTHY,59.1,9.9,31.0,"ir_object_max (11.2%), ir_object_range (9.3%), ax_rms (8.9%)"
387,1090084,0.035548010412689526,2.3071990966546023,0.08021187219760009,98.64446684878446,HEALTHY,11.8,3.8,84.4,"ir_object_range (43.9%), ir_object_std (33.4%), temperature_slope (3.9%)"
388,1093067,0.02627776780319968,1.7182876064845913,0.007604901627029385,99.87148166493638,HEALTHY,6.0,9.3,84.7,"ir_object_range (60.8%), ir_object_std (16.3%), ir_object_min (6.4%)"
389,1095918,0.028072592536663513,1.8267256054120506,0.021662439502956925,99.63391759750824,HEALTHY,6.5,2.3,91.2,"ir_object_range (46.6%), ir_object_std (33.5%), ir_object_min (7.2%)"
390,1098782,0.00537475606133728,1.8722270772304594,0.0,100.0,HEALTHY,37.6,3.7,58.7,"ir_object_range (32.4%), ir_object_min (8.8%), temperature_slope (5.5%)"
391,1101779,0.01235318421336198,2.0708637042995712,0.0,100.0,HEALTHY,30.2,10.7,59.1,"ir_object_std (33.4%), ir_object_range (21.4%), ax_peak (8.5%)"
392,1104643,0.01722668272829734,2.39397376837348,0.0,100.0,HEALTHY,15.4,15.7,68.9,"ir_object_std (43.2%), ir_object_range (16.9%), sound_peak_peak (3.7%)"
393,1107634,0.010056431394231475,2.0641798706600483,0.0,100.0,HEALTHY,20.7,34.5,44.8,"temperature_slope (21.5%), sound_peak_std (9.2%), ir_object_std (8.4%)"
394,1110535,0.004740759441227146,1.7375389792238687,0.0,100.0,HEALTHY,46.7,29.1,24.2,"ir_object_range (16.1%), sound_volts_std (13.8%), ay_mean (13.5%)"
395,1113378,0.015431550126212315,2.2007544556029117,0.0,100.0,HEALTHY,20.2,6.6,73.3,"ir_object_std (39.1%), ir_object_range (19.4%), temperature_slope (12.4%)"
396,1116358,0.007445971227115595,2.4277554077558996,0.0,100.0,HEALTHY,27.2,25.2,47.6,"ir_object_std (35.2%), sound_volts_peak (9.9%), sound_peak_peak (8.6%)"
397,1119243,0.0051786992651518555,1.9331068194099494,0.0,100.0,HEALTHY,20.7,37.8,41.5,"sound_volts_peak (13.3%), ir_object_range (11.9%), sound_peak_peak (11.3%)"
398,1122133,0.006478211797427611,2.035236320882391,0.0,100.0,HEALTHY,36.9,7.9,55.2,"ir_object_range (43.7%), ax_ptp (8.2%), gx_mean (7.9%)"
399,1125148,0.013608220131511684,2.06447717264095,0.0,100.0,HEALTHY,18.4,44.7,37.0,"sound_peak_peak (19.5%), sound_volts_peak (18.7%), temperature_slope (14.9%)"
400,1128028,0.011812282387921315,1.502844573183772,0.0,100.0,HEALTHY,19.6,19.2,61.2,"ir_object_range (26.5%), ir_object_max (16.9%), sound_volts_peak (8.9%)"
401,1131018,0.004692951081055556,1.5335273857192513,0.0,100.0,HEALTHY,28.6,27.3,44.1,"sound_peak_std (16.7%), ir_object_max (11.6%), ir_object_mean (8.7%)"
402,1133853,0.006321190369163043,2.108837608867051,0.0,100.0,HEALTHY,46.1,18.3,35.6,"az_std (10.4%), acc_mag_rms (8.1%), temperature_slope (7.8%)"
403,1136722,0.009871558368899351,2.0014340819064667,0.0,100.0,HEALTHY,16.6,15.2,68.1,"ir_object_range (35.3%), temperature_slope (18.4%), ir_object_max (7.5%)"
404,1139608,0.03041882412289474,1.713521171925957,0.040038740416467634,99.32336899164088,HEALTHY,11.1,25.3,63.7,"temperature_slope (49.1%), sound_volts_peak (10.2%), sound_peak_peak (10.2%)"
405,1142574,0.008642980436193643,1.949238845526695,0.0,100.0,HEALTHY,35.7,4.1,60.2,"ir_object_std (29.8%), gy_mean (13.1%), ir_object_range (9.8%)"
406,1145438,0.05315137061483588,2.424874232909227,0.21808600451340288,96.31447564014216,HEALTHY,9.6,20.6,69.8,"temperature_slope (66.6%), sound_volts_peak (10.5%), sound_peak_peak (9.8%)"
407,1148303,0.015021069286648488,2.213080192103558,0.0,100.0,HEALTHY,11.2,63.3,25.5,"sound_volts_peak (22.2%), sound_peak_peak (18.9%), ir_object_range (13.9%)"
408,1151288,0.016718280436432382,2.0046319999740794,0.0,100.0,HEALTHY,27.4,25.4,47.2,"temperature_slope (13.2%), ir_object_max (10.6%), sound_peak_peak (9.3%)"
409,1154173,0.055208889137306406,2.236638335469545,0.2342010290173455,96.04214126682231,HEALTHY,9.3,3.8,86.9,"ir_object_range (50.0%), ir_object_std (32.8%), ir_object_max (2.4%)"
410,1157058,0.01715314721915717,2.148693180764648,0.0,100.0,HEALTHY,15.2,6.2,78.6,"ir_object_std (36.5%), ir_object_range (24.2%), ir_object_max (7.4%)"
411,1160022,0.04481439474605813,1.9721228773028563,0.1527886237380344,97.41796271635087,HEALTHY,6.2,16.6,77.2,"ir_object_range (48.2%), ir_object_std (11.5%), temperature_slope (8.2%)"
412,1162888,0.05038700025018391,1.6371323653769267,0.19643473106054027,96.6803693429981,HEALTHY,3.3,13.3,83.4,"ir_object_range (45.8%), ir_object_std (26.6%), ir_object_min (6.8%)"
413,1165757,0.004941371911938903,1.8642453097307523,0.0,100.0,HEALTHY,39.6,24.5,35.9,"ir_object_std (13.9%), acc_mag_rms (9.4%), temperature_slope (7.1%)"
414,1168751,0.0068670612369582055,1.7018256734412496,0.0,100.0,HEALTHY,39.7,22.0,38.3,"ir_object_range (26.5%), ax_ptp (10.1%), sound_volts_peak (5.3%)"
415,1171629,0.004493253451160291,1.5616809807921244,0.0,100.0,HEALTHY,53.8,6.0,40.3,"ir_object_range (12.1%), ir_ambient_std (10.1%), temperature_slope (9.0%)"
416,1174523,0.011655183907111615,1.5487440505871661,0.0,100.0,HEALTHY,22.5,7.3,70.2,"ir_object_range (32.1%), ir_object_max (15.4%), ir_object_std (12.1%)"
417,1177393,0.012926998839812449,1.9252325829212809,0.0,100.0,HEALTHY,23.5,22.1,54.4,"ir_object_range (24.6%), ir_object_std (12.8%), ir_object_max (10.4%)"
418,1180383,0.023137996746258296,2.2093545003594355,0.0,100.0,HEALTHY,52.7,12.0,35.3,"ax_peak (34.7%), ir_object_std (13.9%), ir_object_range (10.5%)"
419,1183262,0.02210256421360816,1.812174638097465,0.0,100.0,HEALTHY,44.9,13.3,41.8,"ax_peak (29.7%), ir_object_std (17.0%), ir_object_range (15.9%)"
420,1186255,0.04762389944392783,1.6551254118729717,0.17479340112188443,97.04609500635097,HEALTHY,11.4,12.0,76.6,"temperature_slope (44.2%), ir_object_range (22.9%), ir_object_std (7.1%)"
421,1189118,0.006938829816816992,1.5942521281227573,0.0,100.0,HEALTHY,31.6,1.7,66.7,"ir_object_range (28.3%), ir_object_std (13.8%), temperature_slope (13.1%)"
422,1191978,0.004590625449621669,1.7203228633019199,0.0,100.0,HEALTHY,40.5,18.9,40.6,"ax_peak (12.3%), temperature_slope (11.6%), ir_object_range (9.3%)"
423,1194957,0.007920902644085405,2.1477281901562106,0.0,100.0,HEALTHY,36.7,14.8,48.5,"ir_object_range (14.8%), ir_object_max (9.3%), ir_object_std (8.5%)"
424,1197823,0.00602025894725803,1.9436249869335591,0.0,100.0,HEALTHY,28.7,37.3,34.0,"ir_object_max (14.3%), ir_object_min (10.0%), sound_volts_peak (7.0%)"
425,1200663,0.03929831992280995,1.5024051281525401,0.10958527952925892,98.14807365521663,HEALTHY,8.7,14.8,76.5,"temperature_slope (33.5%), ir_object_range (31.3%), ir_object_std (5.4%)"
426,1203548,0.05333744029707433,1.4929914033650806,0.2195433510480591,96.28984734651912,HEALTHY,10.2,3.7,86.1,"ir_object_std (45.1%), ir_object_range (37.6%), sound_peak_peak (2.0%)"
427,1206518,0.013618725280072252,1.874184026018574,0.0,100.0,HEALTHY,14.8,26.7,58.5,"ir_object_std (24.4%), ir_object_range (14.1%), sound_volts_mean (8.2%)"
428,1209378,0.009122386719489643,1.6904680817769344,0.0,100.0,HEALTHY,22.8,8.6,68.6,"temperature_slope (39.6%), ir_ambient_mean (13.3%), ir_object_mean (5.7%)"
429,1212243,0.016115763634341255,2.619624070864289,0.0,100.0,HEALTHY,18.8,13.9,67.2,"temperature_slope (47.3%), ir_object_std (9.1%), ir_ambient_std (5.9%)"
430,1215212,0.045887865506253164,2.770654447434437,0.16119632817222698,97.27587748914044,HEALTHY,12.1,18.5,69.4,"temperature_slope (31.0%), ir_object_std (16.5%), ir_object_range (14.0%)"
431,1218064,0.06654596648525851,2.7038771440452196,0.32299599113801225,94.54155897747023,HEALTHY,9.2,2.5,88.3,"ir_object_range (54.0%), ir_ambient_std (15.2%), ir_object_std (11.9%)"
432,1220928,0.03507818067362988,2.5400902345044063,0.07653204250229508,98.70665379201557,HEALTHY,13.1,9.8,77.1,"ir_object_range (41.3%), ir_object_std (12.0%), ir_ambient_std (9.3%)"
433,1223920,0.007245334652420206,2.766941846831655,0.0,100.0,HEALTHY,28.5,12.7,58.8,"temperature_slope (45.2%), ir_ambient_mean (6.8%), sound_peak_std (6.7%)"
434,1226798,0.016811941140927458,2.7470378393397423,0.0,100.0,HEALTHY,28.7,31.9,39.5,"ir_object_range (21.7%), ir_object_std (13.0%), sound_volts_peak (12.8%)"
435,1229704,0.012480953884988624,2.553549471938627,0.0,100.0,HEALTHY,31.8,15.9,52.3,"ir_object_range (24.8%), temperature_slope (15.5%), ir_ambient_mean (7.1%)"
436,1232688,0.024097599834734848,2.7771351355382197,0.0,100.0,HEALTHY,17.1,30.8,52.1,"temperature_slope (32.0%), ir_ambient_std (16.4%), sound_volts_rms (6.8%)"
437,1235547,0.008822787753806209,2.513341291193996,0.0,100.0,HEALTHY,39.7,41.9,18.4,"sound_peak_peak (11.0%), sound_volts_peak (10.8%), sound_volts_mean (5.6%)"
438,1238413,0.010612774826909387,2.217639109793889,0.0,100.0,HEALTHY,12.4,43.3,44.3,"temperature_slope (13.9%), sound_peak_peak (13.4%), sound_volts_peak (12.6%)"
439,1241365,0.010354018552175447,2.499135338212197,0.0,100.0,HEALTHY,24.9,49.2,25.9,"sound_volts_mean (11.6%), sound_peak_mean (8.9%), temperature_slope (8.4%)"
440,1244268,0.01537054330402767,2.5573496136172182,0.0,100.0,HEALTHY,21.6,43.6,34.8,"sound_volts_peak (13.3%), sound_peak_peak (11.3%), ir_object_mean (8.9%)"
441,1247148,0.013931995577320182,1.9019200982133364,0.0,100.0,HEALTHY,16.7,18.0,65.3,"ir_object_std (23.8%), ir_object_range (12.4%), temperature_slope (7.9%)"
442,1250113,0.013672172490104325,1.6064519539252258,0.0,100.0,HEALTHY,22.2,23.4,54.4,"ir_object_range (15.7%), ir_object_std (13.8%), sound_volts_std (9.0%)"
443,1252983,0.011817767951882276,1.9051857054688253,0.0,100.0,HEALTHY,28.1,9.1,62.8,"ir_object_range (14.9%), ir_object_max (13.9%), ir_object_mean (13.5%)"
444,1255843,0.00797384570163307,2.036942691210106,0.0,100.0,HEALTHY,27.0,4.5,68.4,"ir_object_range (23.5%), ir_object_max (14.4%), temperature_slope (12.3%)"
445,1258824,0.016399345672213492,2.0566150158141805,0.0,100.0,HEALTHY,8.2,66.1,25.7,"sound_peak_peak (30.1%), sound_volts_peak (29.3%), ir_ambient_std (12.2%)"
446,1261703,0.007165679943693389,2.071682245811393,0.0,100.0,HEALTHY,38.2,24.4,37.4,"sound_volts_peak (12.9%), ir_object_std (10.0%), sound_peak_peak (9.5%)"
447,1264628,0.0595591810315821,2.2241812760135016,0.2682736556838497,95.46633404863823,HEALTHY,13.5,26.5,60.0,"ir_object_range (33.1%), sound_peak_peak (13.1%), ir_object_std (12.4%)"
448,1267597,0.06499468057781767,2.0936027276513194,0.3108459131980028,94.74688810128076,HEALTHY,9.3,14.7,76.0,"ir_object_range (26.6%), ir_ambient_std (22.2%), ir_object_std (17.9%)"
449,1270458,0.024627338710979864,2.4539077785393233,0.0,100.0,HEALTHY,24.0,11.7,64.3,"temperature_slope (26.6%), ir_ambient_std (21.2%), ir_ambient_mean (5.9%)"
450,1273339,0.012363632265988687,2.3081665339559234,0.0,100.0,HEALTHY,27.0,38.0,35.0,"temperature_slope (19.8%), sound_volts_rms (8.0%), sound_volts_peak (6.8%)"
451,1276329,0.011305674799756702,1.641347176268303,0.0,100.0,HEALTHY,12.1,21.6,66.3,"temperature_slope (40.7%), sound_peak_peak (8.8%), sound_volts_peak (8.5%)"
452,1279189,0.011710164453368041,1.7666667551740332,0.0,100.0,HEALTHY,22.7,47.1,30.1,"ir_object_std (16.8%), sound_volts_peak (14.9%), sound_peak_peak (14.4%)"
453,1282072,0.018076753254604335,1.6641022291411616,0.0,100.0,HEALTHY,11.2,23.7,65.1,"ir_object_range (48.1%), ir_object_std (14.4%), sound_peak_peak (9.3%)"
454,1285068,0.004622166721026752,1.660286768872865,0.0,100.0,HEALTHY,22.3,27.2,50.5,"ir_ambient_mean (14.0%), ir_object_range (13.4%), sound_peak_peak (12.9%)"
455,1287918,0.012849455103756183,2.1023733887421487,0.0,100.0,HEALTHY,52.0,19.2,28.8,"ir_ambient_std (13.4%), az_rms (9.3%), acc_mag_mean (8.1%)"
456,1290773,0.02803735496282356,1.998611860310551,0.021386449586128148,99.6385816637046,HEALTHY,42.2,3.4,54.4,"ir_object_range (28.3%), ir_ambient_std (12.2%), ir_object_std (11.2%)"
457,1293758,0.005233599364263047,2.034037140552589,0.0,100.0,HEALTHY,40.5,15.9,43.5,"temperature_slope (12.8%), gz_mean (11.2%), ir_object_range (9.5%)"
458,1296638,0.005147262227403351,1.8019465179696554,0.0,100.0,HEALTHY,30.8,5.4,63.8,"temperature_slope (17.8%), ir_object_std (14.9%), ir_object_mean (9.5%)"
459,1299523,0.01019193300864536,1.7150782082315914,0.0,100.0,HEALTHY,25.6,33.5,40.9,"temperature_slope (21.6%), ir_object_std (11.9%), sound_peak_std (9.0%)"
460,1302523,0.010345664939220019,2.2838513494588373,0.0,100.0,HEALTHY,32.8,56.8,10.4,"sound_volts_peak (23.7%), sound_peak_peak (16.5%), gx_mean (8.2%)"
461,1305358,0.025624179715559227,2.2087834641921047,0.0024858283682554646,99.9579909722952,HEALTHY,28.7,27.2,44.1,"ir_object_range (31.4%), sound_volts_peak (12.1%), sound_peak_peak (8.9%)"
462,1308228,0.03200064836121703,2.483988525390088,0.05242800257041705,99.11399779622224,HEALTHY,18.3,14.3,67.5,"ir_object_range (24.0%), ir_object_std (21.3%), temperature_slope (16.8%)"
463,1311228,0.022807045373123138,2.311459730729795,0.0,100.0,HEALTHY,14.7,4.5,80.8,"ir_object_range (38.4%), ir_ambient_std (14.7%), ir_object_std (12.6%)"
464,1314098,0.01368306945723774,2.2525768373088826,0.0,100.0,HEALTHY,27.2,25.7,47.1,"ir_object_range (19.0%), sound_volts_peak (10.2%), ir_object_min (7.0%)"
465,1316968,0.008544704631225848,1.4808085207982382,0.0,100.0,HEALTHY,25.7,22.2,52.1,"ir_object_std (24.2%), temperature_slope (8.7%), ir_ambient_std (8.5%)"
466,1319970,0.011625129980387734,1.8343952726523736,0.0,100.0,HEALTHY,28.6,9.6,61.9,"ir_object_range (23.8%), ir_object_std (10.9%), temperature_slope (10.8%)"
467,1322823,0.00689804434210905,1.6819497628976863,0.0,100.0,HEALTHY,42.2,9.0,48.8,"ir_ambient_std (19.8%), ir_object_std (15.2%), ax_ptp (5.8%)"
468,1325679,0.014029384622887029,1.8195005055265607,0.0,100.0,HEALTHY,38.8,7.0,54.2,"ir_object_range (24.0%), ir_object_max (9.6%), ir_object_std (7.5%)"
469,1328673,0.015337468321632715,2.270359488214037,0.0,100.0,HEALTHY,21.6,2.4,76.0,"ir_object_range (24.5%), temperature_slope (21.0%), ir_object_std (20.6%)"
470,1331553,0.008692604442270341,1.3491034631298633,0.0,100.0,HEALTHY,45.5,11.4,43.1,"ir_object_range (19.9%), gx_mean (8.6%), ir_object_std (8.4%)"
471,1334448,0.008620172113340563,1.2977750378535364,0.0,100.0,HEALTHY,31.4,6.5,62.2,"ir_object_range (28.4%), temperature_slope (13.6%), ir_object_max (10.0%)"
472,1337415,0.016640538073457792,1.6859154698113386,0.0,100.0,HEALTHY,21.1,7.6,71.3,"temperature_slope (56.9%), ir_ambient_std (7.3%), ir_object_range (6.3%)"
473,1340288,0.005809369154931558,1.5890845978975818,0.0,100.0,HEALTHY,42.7,35.6,21.7,"sound_volts_std (13.2%), sound_peak_std (9.2%), ir_object_mean (8.4%)"
474,1343169,0.01613060790052364,1.2886636859936038,0.0,100.0,HEALTHY,30.1,3.3,66.6,"ir_object_range (34.4%), ir_object_std (21.8%), ir_object_min (5.9%)"
475,1346149,0.015487371097454137,1.5279565488032552,0.0,100.0,HEALTHY,48.8,6.2,45.0,"temperature_slope (27.0%), acc_mag_rms (14.9%), acc_mag_mean (9.1%)"
476,1349034,0.013842053151630293,1.4135675683352031,0.0,100.0,HEALTHY,33.0,5.7,61.3,"temperature_slope (25.4%), ir_object_mean (14.6%), ir_object_min (10.1%)"
477,1352017,0.009069726677306135,2.188000264149185,0.0,100.0,HEALTHY,29.9,32.2,37.9,"ir_object_range (23.0%), sound_peak_std (15.3%), sound_volts_std (13.5%)"
478,1354923,0.01252668518277767,2.5020691044173398,0.0,100.0,HEALTHY,16.6,37.5,45.9,"ir_object_std (19.3%), sound_volts_mean (13.4%), temperature_slope (12.9%)"
479,1357779,0.029020763412295633,2.179677086554635,0.029088762390388042,99.50841713741744,HEALTHY,13.7,27.6,58.7,"ir_object_range (32.1%), ir_object_std (17.3%), sound_volts_mean (5.3%)"
480,1360779,0.009368531889054012,1.7508022653867281,0.0,100.0,HEALTHY,20.7,9.3,70.0,"ir_object_std (34.0%), ir_object_range (23.5%), temperature_slope (4.6%)"
481,1363649,0.016375330873056086,1.947271348876311,0.0,100.0,HEALTHY,23.9,10.2,65.9,"ir_object_std (43.2%), ir_object_range (17.2%), sound_volts_peak (3.3%)"
482,1366633,0.021091692364424895,2.350975383242939,0.0,100.0,HEALTHY,15.7,49.7,34.6,"sound_volts_peak (24.4%), sound_peak_peak (21.9%), ir_object_std (19.5%)"
483,1369508,0.02119246838495528,1.514279244989705,0.0,100.0,HEALTHY,10.2,50.3,39.4,"sound_volts_peak (21.5%), sound_peak_peak (20.3%), ir_object_std (19.5%)"
484,1372373,0.01596815861696551,1.4092522424421166,0.0,100.0,HEALTHY,22.2,41.8,36.0,"ir_object_std (15.7%), sound_volts_mean (10.9%), ir_object_range (8.9%)"
485,1375348,0.1427115843039419,4.972798169802352,0.9211994985048462,84.4322738655163,HEALTHY,8.3,30.7,60.9,"temperature_slope (23.2%), ir_ambient_std (22.0%), ir_object_range (9.0%)"
486,1378246,0.05913141457371894,6.758735768383104,0.44199010320615467,92.53062893321862,HEALTHY,16.3,11.2,72.5,"ir_ambient_std (43.7%), ir_object_range (16.5%), ir_object_std (4.7%)"
487,1381148,0.05816384249933538,4.3493674586703985,0.2573449984723211,95.65102188527173,HEALTHY,8.1,33.1,58.8,"ir_ambient_std (34.4%), ir_object_range (10.5%), ir_object_std (9.8%)"
488,1384144,0.006689650423907411,1.3331562602265,0.0,100.0,HEALTHY,52.4,4.7,42.9,"temperature_slope (18.3%), gx_mean (14.2%), ir_ambient_mean (9.1%)"
489,1387023,0.019033209202900574,1.950349678759807,0.0,100.0,HEALTHY,41.3,37.6,21.1,"sound_volts_peak (19.8%), sound_peak_peak (16.5%), temperature_slope (16.0%)"
490,1390001,0.01839817951439528,1.4832698490360035,0.0,100.0,HEALTHY,33.9,32.7,33.4,"ir_object_range (19.7%), sound_volts_mean (12.2%), gx_mean (9.0%)"
491,1392850,0.0206287370139282,1.783923154271982,0.0,100.0,HEALTHY,24.6,40.2,35.1,"ir_object_std (14.3%), ir_object_range (12.5%), gx_mean (11.6%)"
492,1395713,0.0878134872874372,2.54716497126985,0.48956878993532077,91.7265772961517,HEALTHY,12.0,27.8,60.2,"ir_ambient_std (21.8%), sound_volts_peak (13.9%), ir_object_range (13.4%)"
493,1398573,0.062156795765843646,2.631074454826678,0.28861885531984804,95.12251222003468,HEALTHY,17.5,34.1,48.4,"ir_ambient_std (28.5%), sound_volts_peak (17.1%), sound_peak_peak (15.7%)"
494,1401553,0.013120468635909691,1.9576220581026993,0.0,100.0,HEALTHY,28.7,35.4,35.9,"sound_peak_peak (14.5%), sound_volts_peak (14.3%), ir_object_max (13.2%)"
495,1404418,0.008798781902076445,1.9030168048753797,0.0,100.0,HEALTHY,40.1,24.1,35.8,"ir_object_range (29.4%), sound_volts_peak (10.2%), ax_rms (9.0%)"
496,1407313,0.014490944902800276,2.033578948261491,0.0,100.0,HEALTHY,31.0,33.1,35.9,"ir_object_range (20.4%), sound_peak_std (14.5%), sound_volts_std (14.1%)"
497,1410299,0.0757113388407136,5.044502406018649,0.4034787044149578,93.18144877236347,HEALTHY,39.7,3.2,57.0,"ir_ambient_std (31.0%), temperature_slope (6.7%), ir_object_max (6.4%)"
498,1413153,0.05669564079125849,7.03660778659235,0.4502047030360645,92.39180705949424,HEALTHY,31.0,26.1,42.9,"ir_object_range (21.9%), ir_object_std (7.2%), temperature_slope (6.4%)"
499,1416023,0.06980155742289129,5.913865681615777,0.4425794473621734,92.52066936589934,HEALTHY,23.6,10.6,65.8,"temperature_slope (54.3%), ir_object_range (6.7%), az_peak (5.6%)"
500,1419038,0.014169401410931816,2.1385330307310153,0.0,100.0,HEALTHY,26.4,36.5,37.1,"temperature_slope (13.2%), gx_mean (9.6%), sound_peak_mean (9.5%)"
501,1421894,0.01311413077199781,1.2309134212241186,0.0,100.0,HEALTHY,22.6,8.1,69.3,"ir_object_std (25.7%), ir_object_range (18.5%), ir_object_max (8.6%)"
502,1424870,0.027132778157219387,1.753010404154773,0.014301566884559073,99.7583119868018,HEALTHY,11.6,7.1,81.3,"ir_object_std (33.1%), ir_object_range (30.4%), ir_object_max (8.0%)"
503,1427763,0.02933927412951947,1.266282284305664,0.03158342183416663,99.46625886976469,HEALTHY,26.5,21.8,51.7,"temperature_slope (43.4%), acc_mag_peak (7.6%), az_peak (6.1%)"
504,1430628,0.0160968723547009,1.3504682118363944,0.0,100.0,HEALTHY,54.3,24.6,21.1,"az_peak (17.0%), acc_mag_peak (12.6%), ir_object_range (12.0%)"
505,1433494,0.015530333665534088,1.7849217846148353,0.0,100.0,HEALTHY,31.8,21.3,46.9,"temperature_slope (26.8%), sound_peak_peak (9.7%), ir_object_range (9.5%)"
506,1436474,0.03856755887362718,1.8036351868760605,0.10386176740263803,98.24479762158792,HEALTHY,14.5,58.8,26.7,"temperature_slope (13.2%), sound_peak_peak (10.2%), sound_volts_std (9.6%)"
507,1439362,0.02350096034385174,2.328194988880846,0.0,100.0,HEALTHY,42.8,27.3,29.9,"temperature_slope (18.5%), sound_peak_peak (8.2%), sound_volts_peak (6.9%)"
508,1442233,0.008875186469547915,2.1750512818559433,0.0,100.0,HEALTHY,43.5,3.9,52.6,"ir_object_range (18.1%), ir_ambient_std (15.4%), ir_object_std (10.3%)"
509,1445214,0.006221277694690687,2.3948820579355496,0.0,100.0,HEALTHY,23.6,41.7,34.7,"sound_volts_peak (16.4%), sound_peak_peak (15.4%), ir_ambient_mean (13.6%)"
510,1448073,0.008359798820968567,1.2633940394882197,0.0,100.0,HEALTHY,35.0,11.4,53.6,"temperature_slope (22.4%), ir_ambient_std (17.4%), ir_object_range (7.1%)"
511,1450964,0.014593338726943574,1.2233900296911748,0.0,100.0,HEALTHY,34.7,5.4,59.9,"temperature_slope (44.1%), ir_ambient_std (9.3%), acc_mag_ptp (4.3%)"
512,1453968,0.02025237885902393,2.2387131382231775,0.0,100.0,HEALTHY,31.4,5.2,63.4,"ir_object_range (22.5%), ir_ambient_mean (20.8%), temperature_slope (10.1%)"
513,1456844,0.018218302610828716,1.9035386066126267,0.0,100.0,HEALTHY,15.9,10.5,73.6,"ir_object_std (27.8%), ir_object_range (23.5%), ir_ambient_mean (8.7%)"
514,1459834,0.033454771607792574,1.8066897467947225,0.06381707707662392,98.92152917989577,HEALTHY,14.3,10.4,75.3,"temperature_slope (57.8%), ir_object_range (8.8%), ir_object_std (3.7%)"
515,1462704,0.03131641034183648,1.23911475225382,0.047068871010518945,99.20456394674508,HEALTHY,6.4,77.6,16.0,"sound_peak_peak (27.0%), sound_volts_peak (26.9%), temperature_slope (12.6%)"
516,1465559,0.034266974477772896,1.0269032954972936,0.07017846289597947,98.8140255257663,HEALTHY,10.1,73.1,16.8,"sound_peak_peak (24.5%), sound_volts_peak (24.0%), ir_object_std (7.2%)"
517,1468418,0.02151001064087463,1.9926902602856624,0.0,100.0,HEALTHY,16.5,22.5,61.1,"ir_object_range (46.7%), sound_volts_peak (10.4%), sound_peak_peak (8.3%)"
518,1471423,0.015758232261972177,2.3780278997047515,0.0,100.0,HEALTHY,11.3,17.2,71.5,"ir_object_range (35.8%), ir_object_std (26.8%), sound_volts_std (6.0%)"
519,1474328,0.015040679294668773,1.8526706483586703,0.0,100.0,HEALTHY,15.6,18.6,65.8,"ir_object_range (32.8%), ir_object_std (11.5%), ir_ambient_mean (7.9%)"
520,1477204,0.01738849724762425,1.8051644366759283,0.0,100.0,HEALTHY,23.4,33.0,43.6,"sound_peak_peak (15.4%), sound_volts_peak (11.6%), ir_ambient_mean (11.5%)"
521,1480207,0.01940364254887294,1.2704645068688,0.0,100.0,HEALTHY,49.3,15.7,35.0,"temperature_slope (8.1%), acc_mag_peak (8.1%), ir_object_min (5.2%)"
522,1483068,0.012040831460136108,1.3041646233434172,0.0,100.0,HEALTHY,52.8,27.7,19.5,"ir_ambient_mean (13.3%), sound_volts_peak (12.5%), sound_peak_peak (11.4%)"
523,1485953,0.0034545814226942116,1.5777382149079582,0.0,100.0,HEALTHY,38.3,1.5,60.2,"ir_ambient_mean (39.1%), temperature_slope (11.3%), ay_rms (4.7%)"
524,1488943,0.0118617056370674,1.5539377935758996,0.0,100.0,HEALTHY,28.2,21.5,50.3,"ir_object_range (25.1%), ir_object_std (11.5%), sound_peak_rms (6.7%)"
525,1491814,0.015490408672261254,2.3444674033964095,0.0,100.0,HEALTHY,22.6,28.4,49.0,"ir_ambient_std (19.4%), temperature_slope (11.6%), ir_object_range (8.8%)"
526,1494698,0.027574585550877002,1.5287065432213935,0.017761918223834796,99.69983409784683,HEALTHY,14.3,30.6,55.1,"ir_object_std (19.1%), ir_ambient_std (14.3%), ir_object_range (9.7%)"
527,1497683,0.031264658328871514,1.659017359710465,0.04666353567674156,99.21141387390975,HEALTHY,16.5,29.7,53.8,"ir_object_std (17.6%), ir_ambient_std (14.9%), temperature_slope (11.5%)"
528,1500553,0.03450033336889348,1.2298218784324624,0.07200619091278761,98.78313800437688,HEALTHY,16.2,7.1,76.7,"temperature_slope (38.4%), ir_object_std (22.1%), ir_ambient_std (8.2%)"
529,1503412,0.025170170261343106,1.5403013285591267,0.0,100.0,HEALTHY,22.5,21.7,55.8,"temperature_slope (20.0%), ir_ambient_std (17.5%), ir_object_std (11.8%)"
530,1506384,0.018733500660556512,3.436565770437111,0.0,100.0,HEALTHY,51.8,10.8,37.4,"temperature_slope (24.0%), ax_ptp (7.4%), gyro_mag_rms (6.7%)"
531,1509278,0.012399655877401685,1.705194301611408,0.0,100.0,HEALTHY,19.7,62.7,17.6,"sound_peak_peak (23.9%), sound_volts_peak (22.6%), ir_ambient_mean (7.4%)"
532,1512169,0.040297583537686026,1.426137112715952,0.11741177414583746,98.01581052982235,HEALTHY,27.1,43.9,29.0,"sound_peak_peak (13.1%), ir_object_std (12.3%), sound_volts_peak (11.0%)"
533,1515152,0.08604154923149854,1.0772844281155731,0.4756905065181522,91.96111206935326,HEALTHY,8.2,51.1,40.8,"temperature_slope (28.3%), sound_peak_peak (25.8%), sound_volts_peak (24.4%)"
534,1518023,0.06246600449788476,1.9483464207658026,0.2910406591769003,95.08158516866392,HEALTHY,17.0,49.5,33.5,"sound_peak_peak (21.8%), sound_volts_peak (19.2%), ir_ambient_std (18.3%)"
535,1520878,0.016233951792257183,2.9307599508093753,0.0,100.0,HEALTHY,23.5,38.4,38.1,"temperature_slope (18.4%), ir_object_range (10.5%), sound_peak_peak (10.3%)"
536,1523850,0.03996058521635622,1.131655443008123,0.11477231493965907,98.06041582773189,HEALTHY,17.5,61.5,21.0,"sound_peak_peak (14.7%), temperature_slope (14.0%), sound_volts_peak (13.4%)"
537,1526734,0.01120218128588072,1.2390297546093232,0.0,100.0,HEALTHY,51.3,11.9,36.8,"ir_object_std (20.2%), gx_mean (9.4%), ax_peak (8.5%)"
538,1529608,0.01728476431178931,2.0209422367608134,0.0,100.0,HEALTHY,22.6,3.6,73.7,"ir_ambient_std (38.9%), ir_object_std (16.8%), ir_object_range (10.0%)"
539,1532460,0.009530703025843194,1.7468651478279278,0.0,100.0,HEALTHY,26.2,18.9,54.9,"ir_ambient_std (25.7%), ir_ambient_mean (16.5%), temperature_slope (8.4%)"
540,1535448,0.0052011423616297675,2.2201616930123325,0.0,100.0,HEALTHY,66.7,19.1,14.2,"gy_mean (18.6%), sound_volts_peak (7.8%), az_peak (7.3%)"
541,1538314,0.03189124042055406,1.9302024929902653,0.051571090894796924,99.12847909621117,HEALTHY,9.8,22.9,67.3,"ir_object_range (30.8%), ir_object_std (24.1%), sound_peak_rms (4.3%)"
542,1541193,0.07421419082881434,1.7790816386608894,0.38305553463595005,93.52658825022218,HEALTHY,12.2,8.5,79.3,"ir_object_range (33.2%), ir_object_std (30.1%), ir_object_max (5.2%)"
543,1544194,0.010685589339422385,1.9900681353099299,0.0,100.0,HEALTHY,12.3,12.6,75.1,"ir_object_std (27.4%), ir_object_max (10.9%), ir_object_mean (10.0%)"
544,1547098,0.013475706245824464,2.4341414960974945,0.0,100.0,HEALTHY,16.1,42.3,41.6,"sound_volts_peak (18.8%), sound_peak_peak (13.3%), ir_object_range (11.5%)"
545,1550084,0.011991696013285704,1.8034516717845666,0.0,100.0,HEALTHY,24.8,33.3,41.9,"sound_peak_peak (17.4%), sound_volts_peak (14.9%), ir_object_range (14.4%)"
546,1552934,0.024769628292360683,1.9672582566075816,0.0,100.0,HEALTHY,11.7,13.3,75.0,"ir_object_range (48.8%), ir_object_std (16.9%), temperature_slope (5.3%)"
547,1555803,0.013717736863635645,2.4259459698420542,0.0,100.0,HEALTHY,27.7,10.9,61.3,"ir_object_range (39.4%), ir_object_std (12.6%), ax_std (8.1%)"
548,1558798,0.020145656157772442,2.189168647069227,0.0,100.0,HEALTHY,23.5,9.5,67.0,"ir_ambient_std (24.3%), ir_object_range (24.2%), ir_object_std (9.4%)"
549,1561689,0.015115530185344127,1.988553442823538,0.0,100.0,HEALTHY,23.9,18.0,58.0,"ir_ambient_std (25.8%), ir_object_range (16.3%), sound_peak_peak (7.9%)"
550,1564584,0.025737612687986185,2.559086499628329,0.0033742651479256544,99.94297691671207,HEALTHY,17.3,47.5,35.2,"sound_volts_peak (20.6%), sound_peak_peak (18.1%), ir_object_range (14.9%)"
551,1567433,0.023211401386747873,2.759124328649251,0.0,100.0,HEALTHY,18.3,45.0,36.7,"sound_volts_peak (19.7%), sound_peak_peak (19.0%), ir_object_range (17.8%)"
552,1570434,0.007024762668954901,2.5939683591484464,0.0,100.0,HEALTHY,20.1,49.5,30.4,"sound_volts_peak (20.3%), sound_peak_peak (19.8%), ir_object_range (16.5%)"
553,1573324,0.00936063800816369,1.8046169735461177,0.0,100.0,HEALTHY,47.3,30.0,22.7,"ir_object_std (11.0%), sound_peak_rms (7.4%), gy_mean (7.0%)"
554,1576250,0.006132732586111288,1.944646063368727,0.0,100.0,HEALTHY,44.8,32.8,22.4,"ir_object_range (15.6%), sound_peak_rms (10.2%), acc_mag_peak (6.8%)"
555,1579250,0.017449309870469075,3.084464290527098,0.0,100.0,HEALTHY,27.0,17.0,56.0,"ir_ambient_std (39.1%), sound_peak_rms (7.1%), ir_object_std (6.9%)"
556,1582144,0.01513377739116272,2.512723956963763,0.0,100.0,HEALTHY,9.6,21.4,69.1,"ir_ambient_std (54.7%), sound_peak_peak (10.3%), sound_volts_peak (7.8%)"
557,1584998,0.08861843027271889,1.6607358605097846,0.4958733144343351,91.62003456467161,HEALTHY,10.4,70.9,18.6,"sound_peak_peak (32.3%), sound_volts_peak (27.0%), temperature_slope (10.5%)"
558,1588005,0.08345784961186882,1.816181779938792,0.45545429370818635,92.30309208512183,HEALTHY,12.9,72.0,15.1,"sound_peak_peak (35.5%), sound_volts_peak (29.5%), ir_ambient_std (6.3%)"
559,1590884,0.009259712956859536,2.5176348567024696,0.0,100.0,HEALTHY,26.9,48.1,24.9,"ir_object_range (16.8%), gx_mean (10.5%), sound_peak_std (9.2%)"
560,1593779,0.008996895664128757,2.914493728895061,0.0,100.0,HEALTHY,21.6,36.3,42.1,"ir_object_std (18.2%), ir_object_range (17.0%), sound_volts_std (9.6%)"
561,1596789,0.0375603991668429,1.8538193479006682,0.09597342852405338,98.37810587839563,HEALTHY,8.6,49.2,42.2,"ir_ambient_std (26.4%), sound_peak_peak (25.2%), sound_volts_peak (23.5%)"
562,1599694,0.029493337475825374,2.0352326510288186,0.03279008635444416,99.44586695376998,HEALTHY,10.3,34.8,55.0,"temperature_slope (20.6%), ir_ambient_std (13.7%), ir_object_range (10.9%)"
563,1602599,0.027923350190327878,2.0192203290006616,0.020493534318406347,99.65367140308435,HEALTHY,7.9,78.5,13.6,"sound_peak_mean (23.4%), sound_volts_mean (22.0%), sound_peak_rms (13.7%)"
564,1605484,0.024070576784690156,2.6507562431671463,0.0,100.0,HEALTHY,28.2,25.7,46.1,"temperature_slope (16.4%), ir_object_std (16.2%), ir_object_range (9.7%)"
565,1608484,0.028004300370232063,2.0864523875783396,0.02112755735076677,99.64295678920672,HEALTHY,24.0,31.6,44.4,"ir_ambient_std (13.0%), sound_peak_std (11.0%), sound_volts_std (9.8%)"
566,1611354,0.012129872571537307,2.1938351353820487,0.0,100.0,HEALTHY,13.8,39.1,47.1,"temperature_slope (15.0%), ir_object_std (12.5%), sound_volts_peak (11.8%)"
567,1614240,0.023627200486950547,2.544546990997828,0.0,100.0,HEALTHY,17.8,7.0,75.2,"ir_object_range (35.6%), ir_object_std (34.0%), gx_mean (4.8%)"
568,1617079,0.023683431436819963,2.5157096925869014,0.0,100.0,HEALTHY,36.9,20.9,42.2,"ir_ambient_std (20.9%), ir_object_std (15.2%), az_peak (6.8%)"
569,1619979,0.01300064794337107,2.5352482445328843,0.0,100.0,HEALTHY,40.2,17.9,41.8,"ir_object_std (19.1%), ir_object_range (14.1%), az_peak (10.7%)"
570,1622969,0.02809403688385019,3.022119604278373,0.021830397252357605,99.63107921098168,HEALTHY,9.9,13.5,76.6,"ir_object_range (39.4%), ir_object_std (27.4%), sound_peak_peak (6.8%)"
571,1625834,0.009293902307067713,2.9800926944410855,0.0,100.0,HEALTHY,24.4,28.5,47.1,"sound_volts_peak (11.6%), sound_peak_peak (10.8%), ir_object_range (10.6%)"
572,1628738,0.010211608957192487,3.06907502260181,0.0,100.0,HEALTHY,42.4,6.8,50.8,"ir_object_max (14.8%), gx_mean (12.5%), ir_object_min (11.4%)"
573,1631764,0.007314679897552037,2.474467318617904,0.0,100.0,HEALTHY,23.4,36.7,39.9,"ir_object_range (16.6%), sound_peak_mean (12.5%), sound_volts_mean (11.3%)"
574,1634640,0.024045649055305325,1.9484424282424504,0.0,100.0,HEALTHY,18.9,34.3,46.8,"temperature_slope (22.6%), ir_object_std (14.1%), sound_volts_peak (8.9%)"
575,1637539,0.043545156357597974,2.7584235922897786,0.14284761591331718,97.58595986307873,HEALTHY,13.8,46.3,39.9,"temperature_slope (30.0%), sound_peak_peak (21.4%), sound_volts_peak (16.0%)"
576,1640539,0.028348045022707546,2.493008403979417,0.02381985559121724,99.59745854290098,HEALTHY,13.1,71.4,15.6,"sound_volts_peak (30.1%), sound_peak_peak (29.8%), ir_ambient_std (7.8%)"
577,1643425,0.010137395521746868,2.3331882276262554,0.0,100.0,HEALTHY,39.9,20.6,39.5,"ir_object_std (28.0%), gx_mean (10.8%), sound_peak_peak (6.2%)"
578,1646313,0.028820256372262893,2.484497977475108,0.027518338684330304,99.53495636829054,HEALTHY,31.8,43.9,24.3,"sound_volts_peak (24.4%), sound_peak_peak (17.3%), ir_ambient_std (15.0%)"
579,1649320,0.009809823010487781,2.4733919988742863,0.0,100.0,HEALTHY,29.8,15.6,54.7,"ir_object_range (41.0%), gx_mean (10.9%), temperature_slope (6.9%)"
580,1652173,0.014459152226667592,1.9150863654785641,0.0,100.0,HEALTHY,38.1,2.0,59.9,"temperature_slope (20.6%), ir_object_std (17.6%), ir_object_range (14.1%)"
581,1655060,0.01763012093034664,1.947557135680498,0.0,100.0,HEALTHY,44.2,7.1,48.8,"gx_mean (15.1%), ir_object_max (10.3%), temperature_slope (9.2%)"
582,1657973,0.017025883819926785,1.6098300547949118,0.0,100.0,HEALTHY,45.0,9.1,45.9,"gx_mean (17.2%), ir_object_max (11.9%), ir_object_min (9.3%)"
583,1660984,0.01923252726226856,1.5480285033400671,0.0,100.0,HEALTHY,34.6,24.0,41.4,"temperature_slope (19.8%), sound_peak_peak (11.7%), sound_volts_peak (10.5%)"
584,1663878,0.029627065728945128,2.40882325249963,0.033837481093475064,99.42816660278369,HEALTHY,26.5,23.8,49.7,"ir_object_range (28.5%), ir_object_std (16.7%), sound_volts_std (6.7%)"
585,1666734,0.031465184545039826,3.1925171571072575,0.04823410957532065,99.18487210487194,HEALTHY,30.4,8.2,61.4,"ir_object_range (39.5%), ir_object_std (8.4%), temperature_slope (5.4%)"
586,1669744,0.007592249117980002,2.7987164614101716,0.0,100.0,HEALTHY,26.6,6.8,66.7,"temperature_slope (27.1%), ir_object_max (10.5%), ir_object_min (10.3%)"
587,1672629,0.016581757053790714,3.101432351672319,0.0,100.0,HEALTHY,56.0,2.8,41.1,"ax_ptp (28.8%), temperature_slope (17.6%), ax_peak (7.2%)"
588,1675544,0.017442705162229802,3.04216347039231,0.0,100.0,HEALTHY,27.9,40.5,31.6,"ax_ptp (14.1%), ir_object_range (10.9%), sound_peak_peak (10.2%)"
589,1678434,0.019754633771714974,2.5937260893733805,0.0,100.0,HEALTHY,38.9,23.4,37.7,"sound_volts_peak (11.3%), temperature_slope (9.9%), ir_object_std (9.0%)"
590,1681424,0.017222738878240964,2.7939839998172524,0.0,100.0,HEALTHY,10.3,40.5,49.2,"ir_object_range (34.5%), sound_volts_peak (16.3%), sound_peak_peak (11.4%)"
591,1684299,0.009570858735727848,3.0377581888272625,0.0,100.0,HEALTHY,15.3,4.6,80.2,"ir_object_range (45.8%), ir_ambient_mean (9.2%), ir_object_max (7.8%)"
592,1687328,0.018385745568992355,3.3228385760606893,0.0,100.0,HEALTHY,23.0,22.3,54.7,"ir_object_range (19.9%), ir_object_std (15.0%), sound_volts_peak (8.2%)"
593,1690194,0.020052236758815588,2.2211294192511057,0.0,100.0,HEALTHY,41.3,24.5,34.2,"ir_ambient_std (16.4%), ir_object_range (13.5%), sound_peak_peak (11.9%)"
594,1693089,0.01811594792400813,2.463180676677402,0.0,100.0,HEALTHY,64.5,3.3,32.2,"ir_object_range (15.6%), gx_mean (7.6%), acc_mag_mean (7.4%)"
595,1696073,0.009407798509983438,2.7208165105085707,0.0,100.0,HEALTHY,57.8,9.2,33.0,"ir_object_std (13.7%), acc_mag_rms (9.8%), acc_mag_mean (8.4%)"
596,1699009,0.012174484582999957,2.9157480035441417,0.0,100.0,HEALTHY,18.3,47.3,34.4,"sound_volts_peak (19.9%), sound_peak_peak (14.4%), ir_object_range (10.8%)"
597,1701878,0.00936406044021048,3.0720324718470637,0.0,100.0,HEALTHY,34.2,25.8,40.0,"sound_peak_peak (13.6%), sound_volts_peak (10.1%), gx_mean (8.7%)"
598,1704859,0.01853400572810753,2.739091672825799,0.0,100.0,HEALTHY,38.2,12.4,49.3,"ir_object_std (18.9%), temperature_slope (18.6%), ir_object_range (8.4%)"
599,1707744,0.01216524137004012,2.455368767233006,0.0,100.0,HEALTHY,19.4,25.1,55.5,"ir_object_range (32.5%), ir_ambient_std (11.1%), sound_peak_peak (9.4%)"
600,1710635,0.012988800470314964,2.382172681147971,0.0,100.0,HEALTHY,29.1,22.2,48.7,"ir_object_range (32.9%), ir_ambient_std (8.3%), ax_peak (8.2%)"
601,1713519,0.016762762554012923,2.3897317258710897,0.0,100.0,HEALTHY,37.2,30.0,32.8,"sound_volts_peak (15.4%), ir_object_std (15.1%), sound_peak_peak (6.8%)"
602,1716539,0.010256510665631777,2.597837976183785,0.0,100.0,HEALTHY,29.8,23.0,47.2,"sound_volts_peak (11.2%), ir_object_range (11.1%), sound_peak_peak (9.9%)"
603,1719394,0.019451248298441817,3.0225906329971712,0.0,100.0,HEALTHY,42.1,14.9,42.9,"ir_object_range (24.2%), temperature_slope (6.5%), ax_ptp (4.8%)"
604,1722413,0.010127928663654402,2.5862193862020306,0.0,100.0,HEALTHY,44.9,14.2,40.9,"ir_object_std (20.4%), ir_object_range (7.3%), ax_ptp (6.9%)"
605,1725294,0.006401578984241759,2.7561200684423843,0.0,100.0,HEALTHY,28.5,59.7,11.8,"sound_volts_peak (20.7%), sound_peak_peak (17.7%), sound_volts_rms (6.7%)"
606,1728188,0.007887403722252993,2.6516955605302903,0.0,100.0,HEALTHY,38.1,6.1,55.9,"ir_object_range (39.9%), temperature_slope (9.9%), ax_peak (6.3%)"
607,1731220,0.02338199025205147,3.2128268693580666,0.0,100.0,HEALTHY,21.5,31.3,47.2,"temperature_slope (15.7%), ir_ambient_std (14.9%), sound_volts_peak (14.1%)"
608,1734119,0.0057938020483381475,2.9566237353712035,0.0,100.0,HEALTHY,33.9,12.2,53.9,"ir_object_range (27.4%), ir_ambient_mean (8.0%), az_std (5.1%)"
609,1736975,0.027195874889137883,2.4857952035169903,0.014795757031515496,99.74996046590033,HEALTHY,12.3,36.5,51.2,"ir_ambient_std (16.3%), sound_volts_mean (12.2%), ir_object_std (10.4%)"
610,1739980,0.026679484120894152,2.7665482040090823,0.01075124914836633,99.81831025460065,HEALTHY,14.7,30.2,55.1,"temperature_slope (30.8%), ir_ambient_std (18.0%), sound_volts_mean (7.7%)"
611,1742865,0.017385581694163363,2.4649912194206496,0.0,100.0,HEALTHY,8.7,49.2,42.1,"ir_ambient_std (38.3%), sound_volts_mean (13.5%), sound_volts_rms (9.3%)"
612,1745768,0.01605498423660845,3.507915738208072,0.0,100.0,HEALTHY,19.7,36.2,44.1,"ir_object_range (21.6%), sound_peak_peak (17.1%), sound_volts_peak (14.0%)"
613,1748634,0.018459030458157884,2.82411183515246,0.0,100.0,HEALTHY,34.6,7.4,58.0,"ir_object_std (23.1%), temperature_slope (18.6%), ir_object_range (9.7%)"
614,1751534,0.00719795713197799,2.469194191718065,0.0,100.0,HEALTHY,49.3,5.6,45.1,"ir_object_std (22.7%), ir_object_range (9.0%), ay_mean (5.5%)"
615,1754554,0.005110935670513859,2.900656831974202,0.0,100.0,HEALTHY,56.0,21.8,22.2,"ax_peak (8.1%), ay_mean (7.7%), temperature_slope (6.1%)"
616,1757424,0.012605412065300073,3.516911530080109,0.0,100.0,HEALTHY,30.5,34.3,35.3,"ir_object_range (30.8%), sound_volts_peak (16.7%), sound_peak_peak (10.6%)"
617,1760308,0.011410635566299183,3.254421501156047,0.0,100.0,HEALTHY,61.4,11.6,27.0,"gx_mean (12.0%), ir_object_range (11.6%), sound_volts_peak (9.3%)"
618,1763309,0.016867008019478928,2.465899107682257,0.0,100.0,HEALTHY,39.8,3.1,57.0,"ir_ambient_std (15.6%), ir_object_min (13.7%), ir_object_max (10.5%)"
619,1766189,0.017405110086402102,3.074965412343256,0.0,100.0,HEALTHY,21.6,24.2,54.2,"ir_object_range (26.8%), ir_object_std (15.1%), sound_volts_peak (12.5%)"
620,1769059,0.025421062312652894,3.0408969058878332,0.0008949596157922079,99.98487571234821,HEALTHY,10.0,57.5,32.5,"sound_peak_peak (25.1%), sound_volts_peak (22.9%), ir_object_range (19.7%)"
621,1771954,0.018092955010434293,3.4603171745228107,0.0,100.0,HEALTHY,16.0,61.4,22.6,"sound_peak_peak (20.0%), sound_volts_peak (15.6%), ir_object_range (12.5%)"
622,1774984,0.00807591698942725,3.916040300793007,0.0,100.0,HEALTHY,22.8,26.8,50.5,"ir_object_range (25.9%), ir_object_std (20.9%), sound_peak_peak (13.9%)"
623,1777873,0.005385574851923002,3.4145534231226478,0.0,100.0,HEALTHY,29.0,43.1,27.9,"sound_peak_peak (18.4%), sound_volts_peak (10.0%), ir_object_std (9.9%)"
624,1780750,0.005195345558673037,2.7657364253221677,0.0,100.0,HEALTHY,47.6,1.6,50.8,"ir_ambient_std (24.3%), ir_object_mean (9.5%), ax_std (9.1%)"
625,1783763,0.009353164236651595,3.4032141459360528,0.0,100.0,HEALTHY,21.2,24.2,54.7,"ir_object_range (31.0%), ir_object_std (14.9%), sound_peak_std (6.8%)"
626,1786619,0.006437843012143871,4.0299266845907455,0.0,100.0,HEALTHY,44.7,21.1,34.2,"ir_ambient_std (18.6%), sound_peak_std (8.1%), ir_object_range (6.6%)"
627,1789514,0.011326770844335997,3.6648903852728476,0.0,100.0,HEALTHY,21.4,26.5,52.1,"ir_object_range (35.2%), sound_volts_peak (10.3%), sound_peak_peak (9.3%)"
628,1792413,0.03141706188164159,2.8518767669773677,0.047857200258885235,99.19124164917297,HEALTHY,9.5,2.9,87.5,"ir_object_std (51.1%), ir_object_range (19.8%), temperature_slope (11.1%)"
629,1795392,0.03550758837807785,2.6055991511059795,0.07989527622475598,98.64981713328692,HEALTHY,3.9,10.6,85.5,"ir_object_std (47.2%), ir_object_range (18.8%), ir_ambient_std (11.5%)"
630,1798278,0.02388997615541508,3.057919055147508,0.0,100.0,HEALTHY,34.8,4.0,61.2,"ir_object_std (28.1%), ir_ambient_std (23.9%), ir_object_range (6.2%)"
631,1801164,0.010126103788432417,2.9450515687128878,0.0,100.0,HEALTHY,12.1,17.6,70.3,"ir_object_std (34.1%), ir_object_range (26.1%), sound_volts_std (7.7%)"
632,1804184,0.010866783028776457,3.4918810207001263,0.0,100.0,HEALTHY,16.2,57.1,26.7,"sound_peak_peak (30.5%), sound_volts_peak (20.9%), ir_object_max (7.3%)"
633,1807089,0.006309442135328356,3.2996411780214108,0.0,100.0,HEALTHY,33.1,21.9,45.0,"ir_object_mean (11.4%), ir_object_max (11.4%), sound_volts_peak (9.9%)"
634,1809978,0.01230227696500187,3.236700409395222,0.0,100.0,HEALTHY,18.7,12.1,69.2,"ir_object_std (33.6%), ir_object_range (16.3%), ir_object_max (6.9%)"
635,1812992,0.014410374760427459,3.219618158659766,0.0,100.0,HEALTHY,12.1,30.5,57.5,"ir_object_std (20.8%), ir_object_range (18.6%), sound_peak_peak (14.9%)"
636,1815879,0.01158441726264306,3.1189581680362726,0.0,100.0,HEALTHY,12.5,71.4,16.1,"sound_peak_peak (30.5%), sound_volts_peak (27.6%), temperature_slope (9.3%)"
637,1818760,0.010138069079705457,3.0859916784409647,0.0,100.0,HEALTHY,14.5,65.0,20.5,"sound_peak_peak (19.7%), sound_volts_peak (17.5%), temperature_slope (7.9%)"
638,1821756,0.009494841716308476,3.270016256511743,0.0,100.0,HEALTHY,18.9,44.7,36.4,"ir_object_range (22.2%), sound_peak_peak (15.7%), sound_volts_peak (15.4%)"
639,1824651,0.011083000744431628,3.4005627443823414,0.0,100.0,HEALTHY,11.3,81.3,7.5,"sound_peak_peak (22.9%), sound_volts_peak (18.6%), sound_volts_mean (13.7%)"
640,1827525,0.007779564589091645,3.143087356603061,0.0,100.0,HEALTHY,54.2,14.0,31.8,"ir_object_range (24.9%), gy_mean (10.4%), gz_mean (8.3%)"
641,1830419,0.013393079731662568,3.0712960019356434,0.0,100.0,HEALTHY,52.1,35.4,12.5,"ax_peak (12.2%), gy_mean (9.4%), ir_object_std (8.8%)"
642,1833289,0.030176067979999735,2.8597810603823604,0.038137410660010175,99.35550033885492,HEALTHY,24.6,51.1,24.3,"sound_volts_peak (21.1%), sound_peak_peak (14.6%), ir_object_std (14.1%)"
643,1836304,0.007014159208843587,2.934424308152985,0.0,100.0,HEALTHY,32.4,32.1,35.5,"ir_object_range (22.8%), sound_peak_peak (11.6%), temperature_slope (8.6%)"
644,1839219,0.004444939806765122,3.3727692446972783,0.0,100.0,HEALTHY,70.8,11.4,17.7,"gy_mean (12.5%), ax_peak (10.2%), gx_mean (10.0%)"
645,1842130,0.026609567891722443,3.2185014134605483,0.010203646911001053,99.82756440820772,HEALTHY,15.9,7.5,76.6,"ir_object_range (48.3%), ir_object_std (23.7%), gy_mean (2.8%)"
646,1845120,0.053176139527963816,2.599327978452883,0.21828000113488333,96.3111972120936,HEALTHY,7.2,22.3,70.5,"ir_object_std (30.6%), ir_object_range (24.9%), temperature_slope (9.3%)"
647,1848039,0.016716724505144342,2.9923090337855345,0.0,100.0,HEALTHY,18.1,23.8,58.2,"ir_object_std (37.4%), ir_object_range (10.4%), sound_peak_peak (6.2%)"
648,1850924,0.0038343742642132934,3.624909819137325,0.0,100.0,HEALTHY,38.6,26.8,34.6,"ir_object_min (13.3%), ir_object_range (12.6%), sound_peak_peak (10.6%)"
649,1853919,0.010635058430641773,3.9115244224946144,0.0,100.0,HEALTHY,33.9,35.4,30.7,"sound_volts_peak (17.3%), ir_object_range (15.3%), sound_peak_peak (9.7%)"
650,1856794,0.00811882935651771,3.7392372791258945,0.0,100.0,HEALTHY,38.5,8.0,53.4,"ir_object_range (43.2%), az_std (8.4%), ax_ptp (8.0%)"
651,1859691,0.008012889711295804,2.920642933344143,0.0,100.0,HEALTHY,29.4,24.6,46.1,"ir_object_range (22.4%), ir_object_std (18.2%), sound_peak_peak (6.6%)"
652,1862594,0.02594530796580693,2.8247909289650317,0.005000989016936356,99.91548624641722,HEALTHY,10.3,38.0,51.7,"temperature_slope (20.9%), ir_object_std (20.5%), sound_volts_peak (19.1%)"
653,1865584,0.012180960148427344,3.543236844313646,0.0,100.0,HEALTHY,10.2,47.3,42.5,"sound_volts_peak (21.5%), sound_peak_peak (19.5%), ir_object_std (18.9%)"
654,1868460,0.009385487980414829,3.902234405327391,0.0,100.0,HEALTHY,16.3,46.1,37.6,"ir_object_range (24.6%), sound_peak_peak (23.5%), sound_volts_peak (19.5%)"
655,1871334,0.01608145616114334,3.239200089822183,0.0,100.0,HEALTHY,20.5,34.3,45.2,"ir_object_range (25.3%), sound_peak_peak (14.9%), ir_object_std (14.0%)"
656,1874333,0.011385645800215715,2.9517982153899753,0.0,100.0,HEALTHY,26.2,37.8,36.0,"sound_volts_peak (21.5%), ir_object_range (18.0%), sound_peak_peak (11.9%)"
657,1877229,0.015533112516279228,2.7833351222385767,0.0,100.0,HEALTHY,17.1,27.4,55.4,"ir_ambient_std (15.7%), ir_object_range (11.8%), temperature_slope (11.3%)"
658,1880150,0.013564997151925171,3.0261895284804625,0.0,100.0,HEALTHY,16.7,37.2,46.1,"ir_ambient_std (20.1%), sound_peak_peak (13.9%), sound_volts_peak (8.5%)"
659,1883149,0.03294031260911089,2.719745899112788,0.05978769931915207,98.98962327842983,HEALTHY,32.0,32.8,35.2,"sound_volts_peak (14.3%), temperature_slope (13.1%), sound_peak_peak (12.7%)"
660,1886018,0.05192232198647329,2.683731442358927,0.2084597734266381,96.47715324636017,HEALTHY,6.8,36.1,57.1,"ir_ambient_std (22.9%), ir_object_range (17.6%), sound_peak_peak (17.2%)"
661,1888889,0.028957248206426388,2.900570670568201,0.028591294645734722,99.5168240477795,HEALTHY,7.3,9.3,83.4,"ir_ambient_std (41.6%), ir_object_min (10.9%), ir_object_range (10.1%)"
662,1891793,0.029987445925484073,2.8098653860715865,0.03666007327650313,99.38046646598809,HEALTHY,32.4,22.1,45.5,"ir_object_std (17.8%), ir_ambient_std (16.2%), ax_ptp (6.7%)"
663,1894810,0.031231409250690165,5.1984211887011424,0.07021793158051223,98.81335852836489,HEALTHY,25.1,6.3,68.6,"ir_ambient_std (50.3%), ir_ambient_mean (6.8%), sound_volts_mean (4.2%)"
664,1897695,0.03560796441593133,6.058162077717236,0.18893886153157158,96.80704510015626,HEALTHY,20.3,11.7,68.0,"temperature_slope (58.4%), sound_volts_std (4.6%), ir_ambient_std (4.2%)"
665,1900579,0.03112903378221575,3.8329255618904856,0.045601288669570306,99.22936521943441,HEALTHY,19.6,18.8,61.7,"ir_ambient_std (26.2%), temperature_slope (13.7%), ir_object_range (7.9%)"
666,1903567,0.014252886540622685,2.6667195790206843,0.0,100.0,HEALTHY,33.0,11.8,55.2,"ir_ambient_std (38.1%), ir_object_min (9.8%), ax_ptp (8.5%)"
667,1906454,0.008076469355011898,3.575224284616375,0.0,100.0,HEALTHY,55.0,27.0,18.0,"ax_ptp (17.5%), temperature_slope (12.4%), ax_peak (11.1%)"
668,1909334,0.007713431999940127,3.730631622558554,0.0,100.0,HEALTHY,42.0,14.1,43.8,"ir_object_range (22.0%), ir_object_std (12.8%), ax_peak (8.0%)"
669,1912333,0.019595674697470863,2.606301556459966,0.0,100.0,HEALTHY,21.2,65.7,13.1,"sound_peak_peak (26.9%), sound_volts_peak (17.6%), ir_object_std (7.1%)"
670,1915259,0.016756950781918432,3.2529868812005334,0.0,100.0,HEALTHY,11.1,77.1,11.8,"sound_volts_peak (26.1%), sound_peak_peak (25.4%), sound_peak_mean (8.0%)"
671,1918123,0.015099223202650567,3.549488280066888,0.0,100.0,HEALTHY,19.9,14.4,65.7,"ir_object_std (31.8%), ir_object_range (22.0%), sound_peak_std (6.7%)"
672,1921141,0.048248068779196844,2.7321457484651077,0.17968205899913756,96.96347958252389,HEALTHY,16.4,25.5,58.1,"ir_object_range (27.4%), ir_object_std (25.1%), sound_volts_peak (5.7%)"
673,1924044,0.051888833644274615,2.2399854999945945,0.20819748395063373,96.48158578321787,HEALTHY,30.7,11.1,58.3,"ir_object_range (26.0%), temperature_slope (15.0%), ir_object_std (12.1%)"
674,1926940,0.03405198581688774,3.1203252003729522,0.06849461533864416,98.84248155257413,HEALTHY,8.5,1.8,89.7,"ir_object_std (41.0%), ir_object_range (34.0%), temperature_slope (11.9%)"
675,1929929,0.023757219873994397,3.8118457220790614,0.0,100.0,HEALTHY,18.7,5.9,75.5,"ir_object_range (48.9%), ir_object_std (17.5%), ax_ptp (6.9%)"
676,1932823,0.0047341595619894645,4.154920336819284,0.0,100.0,HEALTHY,37.0,55.0,8.0,"sound_peak_peak (20.7%), sound_volts_peak (17.9%), sound_peak_mean (5.2%)"
677,1935679,0.01024652268281259,3.6331378627398365,0.0,100.0,HEALTHY,21.3,56.4,22.4,"sound_volts_peak (22.7%), sound_peak_peak (21.6%), ir_object_range (8.6%)"
678,1938694,0.009006422745824735,3.628997802886402,0.0,100.0,HEALTHY,43.4,11.3,45.2,"ir_object_std (23.8%), temperature_slope (11.1%), ir_object_range (6.3%)"
679,1941599,0.0065816221613903235,3.603308132243069,0.0,100.0,HEALTHY,50.6,43.2,6.2,"sound_peak_std (15.0%), sound_volts_std (13.5%), az_peak (6.3%)"
680,1944484,0.00899386337124915,3.6777323043179613,0.0,100.0,HEALTHY,43.6,21.4,35.0,"ir_object_range (13.3%), temperature_slope (8.9%), ax_mean (8.1%)"
681,1947389,0.003528011719691542,3.6945146581624284,0.0,100.0,HEALTHY,37.9,51.0,11.1,"sound_volts_peak (18.1%), sound_peak_peak (9.6%), sound_volts_rms (8.5%)"
682,1950386,0.0051511904297335065,3.5343722655792957,0.0,100.0,HEALTHY,24.3,29.4,46.3,"ir_object_std (25.9%), sound_peak_peak (8.6%), ir_object_range (8.6%)"
683,1953258,0.025446414342904455,4.59514158589114,0.0010935233634653235,99.98152010257093,HEALTHY,29.1,6.2,64.7,"ir_object_range (31.4%), ir_object_std (18.2%), temperature_slope (13.4%)"
684,1956149,0.022101559024713516,5.1453622058400414,0.01860342893248458,99.68561306508165,HEALTHY,20.7,6.4,72.9,"ir_object_range (40.7%), ir_object_std (24.2%), sound_peak_mean (2.7%)"
685,1959039,0.017766596265733008,3.7791196691595066,0.0,100.0,HEALTHY,34.9,4.8,60.3,"ir_object_range (32.0%), temperature_slope (16.0%), ir_object_max (6.0%)"
686,1962028,0.00584412695946422,3.1753451401565904,0.0,100.0,HEALTHY,23.7,17.7,58.7,"ir_object_range (34.3%), ir_object_std (12.9%), sound_peak_peak (6.8%)"
687,1964916,0.02808088097717162,4.239187264666142,0.021727356742062623,99.6328205346012,HEALTHY,20.1,8.0,71.9,"ir_object_range (53.8%), ir_object_std (10.9%), temperature_slope (4.2%)"
688,1967911,0.006720994007203537,4.317240187050874,0.0,100.0,HEALTHY,48.1,18.9,33.0,"temperature_slope (12.7%), ax_std (9.3%), ir_object_range (8.5%)"
689,1970794,0.03840119361354734,2.644742383359264,0.10255875106839268,98.26681782619421,HEALTHY,11.0,51.7,37.3,"sound_volts_peak (18.8%), temperature_slope (17.2%), sound_peak_peak (11.1%)"
690,1973684,0.03749397401396632,2.646889237244463,0.09545316931151472,98.38689795107139,HEALTHY,19.1,36.2,44.6,"ir_object_range (20.4%), ir_object_std (14.9%), sound_peak_peak (9.6%)"
691,1976699,0.017504607437067398,3.075202025707233,0.0,100.0,HEALTHY,11.6,51.3,37.1,"temperature_slope (15.0%), sound_volts_peak (14.8%), sound_peak_peak (9.3%)"
692,1979615,0.020276319791840483,3.4260004052290434,0.0,100.0,HEALTHY,13.1,67.0,19.9,"sound_volts_peak (31.6%), sound_peak_peak (29.1%), ir_object_range (10.5%)"
693,1982505,0.014074860540876023,3.4490084923505613,0.0,100.0,HEALTHY,18.2,63.1,18.7,"sound_peak_peak (24.2%), sound_volts_peak (21.5%), ir_object_std (12.4%)"
694,1985374,0.015266688675276838,4.154499015738005,0.0,100.0,HEALTHY,28.7,20.9,50.5,"ir_object_std (21.5%), ir_object_range (19.7%), sound_peak_peak (9.4%)"
695,1988374,0.008774531087323675,4.185145541664929,0.0,100.0,HEALTHY,44.3,5.4,50.3,"ir_object_range (37.0%), ir_object_std (6.4%), ir_object_min (5.9%)"
696,1991285,0.005976477088297712,3.3306252869111304,0.0,100.0,HEALTHY,25.9,18.8,55.4,"ir_object_range (42.2%), sound_peak_peak (9.2%), ir_ambient_std (5.5%)"
697,1994164,0.014463321998522568,2.995402746850936,0.0,100.0,HEALTHY,10.0,12.2,77.8,"ir_object_std (29.0%), ir_object_range (24.5%), ir_ambient_std (11.6%)"
698,1997156,0.00831365438016578,3.0460484325132384,0.0,100.0,HEALTHY,53.1,11.2,35.7,"ir_ambient_std (13.6%), az_peak (9.5%), temperature_slope (7.3%)"
699,2000050,0.014842492654048918,3.396335415270306,0.0,100.0,HEALTHY,33.3,50.9,15.8,"sound_peak_peak (20.0%), sound_volts_peak (9.4%), temperature_slope (9.2%)"
700,2002939,0.009048585296873152,3.8116020835020348,0.0,100.0,HEALTHY,15.0,81.7,3.3,"sound_peak_peak (36.0%), sound_volts_peak (33.1%), ax_peak (4.3%)"
701,2005844,0.020202332819390503,3.8196304570367454,0.0,100.0,HEALTHY,52.0,14.1,33.8,"ir_object_range (15.7%), temperature_slope (14.2%), az_peak (6.1%)"
702,2008835,0.019200321349319267,3.1978869515622623,0.0,100.0,HEALTHY,7.1,13.7,79.3,"ir_object_std (60.6%), ir_object_range (14.1%), sound_volts_peak (2.9%)"
703,2011710,0.02077306071755508,3.3736814089182263,0.0,100.0,HEALTHY,24.6,10.3,65.1,"ir_object_std (23.0%), temperature_slope (20.5%), ir_object_range (15.7%)"
704,2014610,0.013076256032553798,3.3907790044419155,0.0,100.0,HEALTHY,15.6,38.3,46.1,"ir_object_range (31.0%), sound_volts_peak (15.4%), sound_peak_peak (14.1%)"
705,2017464,0.018545770529956422,3.3168651445060275,0.0,100.0,HEALTHY,13.4,42.6,44.0,"ir_object_std (20.6%), sound_volts_peak (19.2%), sound_peak_peak (18.3%)"
706,2020469,0.010464586388750361,3.3273254911743337,0.0,100.0,HEALTHY,49.4,26.2,24.4,"temperature_slope (12.0%), sound_volts_peak (7.1%), gx_mean (6.9%)"
707,2023355,0.009171630252281003,3.205815146734582,0.0,100.0,HEALTHY,56.5,8.9,34.5,"ir_object_std (14.5%), ay_mean (12.0%), ir_object_min (9.2%)"
708,2026254,0.011340207491545755,4.073292381407938,0.0,100.0,HEALTHY,18.1,1.9,80.0,"ir_object_std (33.1%), ir_object_range (32.7%), ir_object_min (9.8%)"
709,2029269,0.006007755260972265,4.133980352606534,0.0,100.0,HEALTHY,32.0,36.0,32.1,"ir_object_range (19.4%), sound_peak_std (17.3%), sound_volts_std (13.6%)"
710,2032175,0.011061385100539035,3.445782229995997,0.0,100.0,HEALTHY,22.2,7.8,70.0,"ir_object_std (26.2%), ir_object_range (16.5%), temperature_slope (15.8%)"
711,2035019,0.0042316789167886485,3.7621839551151837,0.0,100.0,HEALTHY,51.3,6.5,42.2,"ir_object_range (10.8%), temperature_slope (10.5%), gx_mean (8.0%)"
712,2038039,0.013821423283655656,5.1376313353832535,0.017844113156071012,99.69844505215502,HEALTHY,67.9,9.2,22.9,"ax_peak (28.5%), temperature_slope (18.5%), gx_mean (10.7%)"
713,2040925,0.02395733133578584,4.494640998331832,0.0,100.0,HEALTHY,52.1,8.1,39.7,"temperature_slope (24.1%), ax_peak (14.6%), ir_object_range (12.3%)"
714,2043814,0.003442392369525412,3.6442658235063714,0.0,100.0,HEALTHY,37.6,27.5,34.9,"sound_peak_peak (14.7%), ir_object_std (14.4%), gy_mean (10.5%)"
715,2046714,0.00749314892544115,4.29475549648253,0.0,100.0,HEALTHY,49.6,15.6,34.9,"ir_ambient_std (13.3%), temperature_slope (11.3%), ax_mean (8.3%)"
716,2049724,0.006977331428865582,4.281597808456442,0.0,100.0,HEALTHY,30.8,56.0,13.2,"sound_peak_peak (24.5%), sound_volts_peak (21.3%), ax_mean (10.8%)"
717,2052619,0.011668059492646543,4.264608597142797,0.0,100.0,HEALTHY,19.7,57.4,22.9,"sound_volts_peak (20.6%), temperature_slope (20.3%), sound_peak_peak (14.3%)"
718,2055510,0.008882812042487571,3.869428499319194,0.0,100.0,HEALTHY,24.7,37.2,38.1,"ir_object_std (19.0%), sound_volts_peak (16.6%), sound_peak_peak (13.3%)"
719,2058490,0.013405191970822485,4.45045484786255,0.0,100.0,HEALTHY,67.6,8.5,23.9,"gy_mean (21.5%), ir_object_range (10.9%), az_std (7.4%)"
720,2061384,0.027273889447997565,4.569777092005212,0.015406787510200316,99.73963441256724,HEALTHY,18.1,4.3,77.6,"ir_object_range (45.4%), ir_object_std (24.9%), acc_mag_rms (3.1%)"
721,2064314,0.04714358177698944,4.360563727617547,0.17103142722572987,97.10967013794348,HEALTHY,10.4,6.5,83.2,"ir_object_range (42.1%), ir_object_std (31.6%), temperature_slope (6.4%)"
722,2067307,0.013015996855316899,4.3972105401142745,0.0,100.0,HEALTHY,22.8,46.2,31.0,"temperature_slope (23.2%), sound_volts_peak (17.8%), sound_peak_peak (12.3%)"
723,2070179,0.014172018375332747,4.6496372234067875,0.0,100.0,HEALTHY,23.0,17.5,59.6,"ir_object_range (27.0%), ir_object_std (22.5%), temperature_slope (7.9%)"
724,2073084,0.008083697840411783,4.498581575333172,0.0,100.0,HEALTHY,23.4,17.7,58.9,"ir_object_std (27.6%), ir_object_range (10.9%), ir_object_min (10.5%)"
725,2075974,0.01076925063700837,4.362237176281077,0.0,100.0,HEALTHY,33.3,27.2,39.6,"ir_object_std (13.9%), ir_object_range (12.7%), gx_mean (9.3%)"
726,2078855,0.01404225619185005,4.0074081047943135,0.0,100.0,HEALTHY,21.5,30.5,48.0,"ir_object_range (32.5%), sound_volts_peak (17.6%), sound_peak_peak (9.4%)"
727,2081844,0.012050030572254036,3.9149199211559074,0.0,100.0,HEALTHY,12.4,27.5,60.1,"ir_object_std (29.2%), ir_object_range (29.1%), sound_peak_peak (11.1%)"
728,2084714,0.008547602154882209,3.8518789057840364,0.0,100.0,HEALTHY,24.3,14.9,60.8,"ir_object_range (47.4%), ir_ambient_std (6.2%), sound_volts_mean (4.5%)"
729,2087639,0.011517606660505778,3.4972067812476677,0.0,100.0,HEALTHY,49.4,16.4,34.2,"ir_object_range (22.8%), ay_rms (7.1%), sound_peak_peak (5.7%)"
730,2090535,0.02940759926348193,3.292119914000044,0.03211856219670302,99.45721531446424,HEALTHY,8.1,36.4,55.5,"ir_object_std (22.6%), sound_volts_peak (16.7%), ir_object_range (14.9%)"
731,2093528,0.020182400988514905,3.561327711396309,0.0,100.0,HEALTHY,9.2,48.0,42.8,"ir_object_range (22.1%), sound_peak_peak (18.5%), sound_volts_peak (16.9%)"
732,2096426,0.015607406327247718,4.301744954411351,0.0,100.0,HEALTHY,20.7,14.0,65.3,"ir_object_range (30.4%), ir_object_std (22.9%), temperature_slope (8.9%)"
733,2099426,0.013586677919590994,4.2524736752744685,0.0,100.0,HEALTHY,24.7,23.1,52.2,"ir_object_range (37.8%), ir_ambient_std (8.8%), sound_volts_std (6.5%)"
734,2102314,0.009910898811934164,4.344081599099102,0.0,100.0,HEALTHY,30.2,42.4,27.4,"sound_peak_std (16.0%), sound_volts_std (15.5%), ir_object_range (13.4%)"
735,2105179,0.012658829495843458,4.535748885361221,0.0,100.0,HEALTHY,26.6,18.4,55.0,"ir_object_std (22.7%), ir_object_range (20.1%), temperature_slope (9.2%)"
736,2108084,0.006817968606607961,4.459933639529226,0.0,100.0,HEALTHY,18.1,13.3,68.6,"ir_object_std (29.9%), ir_object_range (27.9%), sound_peak_peak (7.5%)"
737,2110959,0.011063991164083041,4.076987271965771,0.0,100.0,HEALTHY,42.5,30.5,27.0,"sound_peak_peak (19.7%), temperature_slope (17.1%), ir_object_range (9.1%)"
738,2113989,0.010421691310098144,4.644312626304745,0.0,100.0,HEALTHY,23.6,58.3,18.1,"sound_peak_peak (27.0%), sound_volts_peak (25.5%), ir_object_std (8.2%)"
739,2116865,0.021913559589676265,4.339883295635968,0.0,100.0,HEALTHY,13.5,30.9,55.6,"ir_object_std (32.7%), ir_object_range (13.0%), sound_volts_peak (8.1%)"
740,2119840,0.06956948240119751,3.5911892547339384,0.3466769604907999,94.14136461557398,HEALTHY,9.1,75.6,15.2,"sound_peak_peak (34.5%), sound_volts_peak (33.6%), ir_object_range (7.2%)"
741,2122770,0.0439828935044616,3.7376972806402207,0.1462760880125735,97.5280207144062,HEALTHY,6.3,89.8,4.0,"sound_peak_peak (40.2%), sound_volts_peak (34.6%), sound_peak_mean (4.8%)"
742,2125648,0.005432879634659353,4.416137730847486,0.0,100.0,HEALTHY,43.5,38.8,17.7,"sound_volts_rms (11.1%), sound_peak_mean (7.8%), az_std (7.2%)"
743,2128579,0.0057784549313069904,4.137806593203818,0.0,100.0,HEALTHY,22.4,39.5,38.1,"ir_object_std (32.5%), sound_volts_peak (14.4%), sound_peak_peak (8.5%)"
744,2131579,0.004713086910250177,4.012824531558595,0.0,100.0,HEALTHY,20.2,12.6,67.2,"ir_object_std (56.4%), ir_ambient_std (4.8%), sound_peak_std (3.2%)"
745,2134459,0.019254535794851476,4.289974217266318,0.0,100.0,HEALTHY,6.8,34.6,58.6,"ir_object_std (26.7%), ir_object_range (19.8%), temperature_slope (9.3%)"
746,2137354,0.012469441816014016,4.0799086284695,0.0,100.0,HEALTHY,12.7,35.5,51.7,"ir_object_range (23.1%), ir_object_std (18.4%), sound_volts_peak (9.3%)"
747,2140263,0.00570427770997604,4.271109021143861,0.0,100.0,HEALTHY,38.4,38.5,23.2,"ax_ptp (12.1%), sound_peak_peak (10.8%), sound_volts_peak (10.3%)"
748,2143251,0.015610983683624728,3.881412255184267,0.0,100.0,HEALTHY,32.5,8.6,58.8,"ir_object_std (27.6%), temperature_slope (21.7%), ay_mean (6.8%)"
749,2146144,0.0047264223109243,4.183083218375239,0.0,100.0,HEALTHY,50.6,4.0,45.5,"ir_object_range (17.0%), ay_mean (11.0%), ir_object_max (9.1%)"
750,2149019,0.04583078699593942,4.013059333560633,0.16074927431472388,97.28343243465687,HEALTHY,6.6,59.3,34.1,"sound_volts_peak (29.8%), ir_object_range (27.1%), sound_peak_peak (25.1%)"
751,2152018,0.03438826423575958,3.660422314634311,0.07112843608002922,98.79797154138139,HEALTHY,6.9,83.7,9.4,"sound_volts_peak (32.0%), sound_peak_peak (30.4%), temperature_slope (8.6%)"
752,2154884,0.008263179495024432,4.534343650290399,0.0,100.0,HEALTHY,15.5,31.6,52.9,"ir_object_range (24.5%), ir_object_std (13.0%), sound_volts_peak (8.5%)"
753,2157789,0.029846770762232536,4.400933285092835,0.03555826851599356,99.39908631412428,HEALTHY,6.7,84.4,8.9,"sound_volts_peak (22.4%), sound_peak_peak (19.7%), sound_volts_rms (9.1%)"
754,2160675,0.02508039573662539,4.016047343916221,0.0,100.0,HEALTHY,5.2,79.0,15.9,"sound_volts_peak (23.4%), sound_peak_peak (21.0%), sound_volts_rms (8.2%)"
755,2163652,0.01783961625006014,4.17245038247803,0.0,100.0,HEALTHY,27.7,44.5,27.8,"sound_volts_peak (16.4%), temperature_slope (14.2%), ay_rms (6.7%)"
756,2166549,0.0273320407663526,3.618756761898496,0.015862243881549408,99.73193746954145,HEALTHY,12.3,5.7,82.0,"ir_object_range (47.5%), ir_object_std (24.2%), ir_ambient_std (6.0%)"
757,2169415,0.027392031120732664,3.62565740737628,0.016332104065201174,99.72399711061544,HEALTHY,8.4,7.6,84.0,"ir_object_range (49.1%), temperature_slope (15.4%), ir_object_std (15.2%)"
758,2172314,0.00924942346516507,4.442379855047795,0.0,100.0,HEALTHY,35.1,47.7,17.2,"sound_volts_peak (25.5%), sound_peak_peak (11.4%), gy_mean (9.2%)"
759,2175315,0.008747313234713922,4.8620882497621984,0.0,100.0,HEALTHY,17.0,48.4,34.6,"sound_volts_peak (19.9%), sound_peak_peak (18.2%), ir_object_range (14.5%)"
760,2178224,0.006153939279368357,5.011930554514933,0.0054979502557452545,99.90708789570405,HEALTHY,30.7,16.4,52.9,"ir_object_range (20.7%), ir_object_std (17.3%), temperature_slope (10.0%)"
761,2181105,0.005275612322113548,4.828913332582755,0.0,100.0,HEALTHY,47.1,10.6,42.3,"ir_object_range (18.3%), ir_object_std (17.1%), ay_mean (11.8%)"
762,2184149,0.00843012362105134,4.8172062360352355,0.0,100.0,HEALTHY,33.6,11.5,54.9,"ir_object_std (35.9%), ay_mean (7.0%), ir_object_range (5.8%)"
763,2187038,0.0058800896520774405,3.9994040297995657,0.0,100.0,HEALTHY,32.1,20.4,47.5,"ir_object_std (23.3%), ir_object_range (14.8%), sound_peak_peak (10.7%)"
764,2189925,0.01573088337958101,3.225231968090042,0.0,100.0,HEALTHY,26.7,39.4,33.9,"sound_volts_peak (16.4%), ir_object_range (14.6%), sound_peak_peak (10.0%)"
765,2192920,0.007278140542371617,3.5600452854537203,0.0,100.0,HEALTHY,41.5,4.7,53.8,"ir_object_range (20.2%), temperature_slope (15.3%), ir_object_min (8.9%)"
766,2195810,0.010471687188180338,4.000038089307676,0.0,100.0,HEALTHY,23.2,36.2,40.6,"temperature_slope (26.3%), sound_volts_mean (10.1%), ir_object_std (8.9%)"
767,2198670,0.005562169802597707,4.140459359218244,0.0,100.0,HEALTHY,34.4,49.1,16.5,"sound_peak_mean (13.5%), gy_mean (11.6%), sound_volts_mean (8.5%)"
768,2201650,0.01349517084309301,4.453990594795592,0.0,100.0,HEALTHY,32.2,17.7,50.1,"ir_object_range (41.6%), ay_peak (4.7%), sound_peak_peak (4.3%)"
769,2204544,0.0066159648865676875,3.8433311146517926,0.0,100.0,HEALTHY,56.4,29.8,13.8,"sound_volts_peak (14.5%), sound_peak_peak (12.1%), gy_mean (11.6%)"
770,2207444,0.008531927069448737,4.1383503649346975,0.0,100.0,HEALTHY,54.5,18.2,27.4,"ir_object_range (17.8%), sound_peak_peak (9.7%), gy_mean (7.8%)"
771,2210339,0.005477621635651659,4.276879005286561,0.0,100.0,HEALTHY,34.5,47.1,18.4,"sound_volts_peak (21.8%), sound_peak_peak (21.8%), ir_object_range (6.3%)"
772,2213320,0.011460782770730244,4.1581975577550985,0.0,100.0,HEALTHY,17.1,19.8,63.1,"ir_object_range (50.7%), sound_volts_peak (9.7%), sound_peak_peak (5.3%)"
773,2216184,0.005313794536459828,4.429606056691028,0.0,100.0,HEALTHY,33.1,13.3,53.6,"ir_object_range (24.8%), ir_object_std (19.1%), ir_ambient_mean (6.6%)"
774,2219079,0.007563069271602827,4.802747522502031,0.0,100.0,HEALTHY,32.2,7.8,60.0,"ir_object_std (30.3%), temperature_slope (11.6%), ir_object_range (8.8%)"
775,2221979,0.008556254954236182,5.0042334786526155,0.004741953739288545,99.91986378924929,HEALTHY,52.1,28.4,19.6,"ir_object_range (12.1%), gx_mean (9.9%), sound_peak_peak (8.6%)"
776,2224970,0.013729866524295862,5.249601649000174,0.02884168789161079,99.5125925501679,HEALTHY,51.7,24.9,23.5,"sound_volts_peak (10.2%), temperature_slope (8.9%), ir_object_range (7.1%)"
777,2227835,0.007985111652817992,4.5593900463681125,0.0,100.0,HEALTHY,24.6,50.4,25.0,"sound_peak_peak (25.0%), sound_volts_peak (13.8%), ir_object_range (12.2%)"
778,2230704,0.007751792859191705,3.7637254716493636,0.0,100.0,HEALTHY,37.7,38.7,23.7,"sound_peak_peak (14.3%), ax_peak (12.3%), sound_volts_peak (11.4%)"
779,2233713,0.0068061900429631245,3.9366921701321904,0.0,100.0,HEALTHY,39.1,45.8,15.1,"sound_peak_peak (21.6%), sound_volts_peak (15.9%), acc_mag_peak (7.7%)"
780,2236629,0.003397924233266255,3.8720878911600165,0.0,100.0,HEALTHY,58.4,10.9,30.7,"acc_mag_peak (14.1%), az_peak (13.3%), gy_mean (10.0%)"
781,2239519,0.007591986691111918,4.456907184968535,0.0,100.0,HEALTHY,12.9,17.2,69.9,"ir_object_range (53.5%), ir_object_max (5.0%), sound_peak_mean (4.7%)"
782,2242423,0.015515262696603657,4.733333332755472,0.0,100.0,HEALTHY,26.8,28.1,45.1,"ir_object_range (34.2%), sound_volts_peak (14.8%), sound_peak_peak (8.0%)"
783,2245404,0.013063989416873463,4.528534467574774,0.0,100.0,HEALTHY,19.3,16.8,63.9,"ir_object_range (38.8%), ir_object_std (20.8%), ax_ptp (5.0%)"
784,2248314,0.01838195840873003,4.337400637571407,0.0,100.0,HEALTHY,18.2,26.0,55.9,"ir_object_std (19.9%), ir_object_range (17.9%), temperature_slope (15.2%)"
785,2251219,0.006075035033879512,4.7522953954268985,0.0,100.0,HEALTHY,34.5,50.5,15.0,"sound_volts_peak (19.2%), sound_peak_peak (19.0%), gx_mean (7.0%)"
786,2254226,0.0045114809903562285,5.197903719464895,0.023763986263641235,99.59840270145995,HEALTHY,43.4,27.3,29.3,"temperature_slope (16.0%), ax_peak (10.3%), sound_peak_mean (9.9%)"
787,2257109,0.004855434121574271,4.57207686770159,0.0,100.0,HEALTHY,35.1,11.2,53.8,"temperature_slope (41.6%), ax_peak (13.4%), acc_mag_ptp (5.7%)"
788,2260009,0.010870173651565136,4.129396684263946,0.0,100.0,HEALTHY,20.1,3.6,76.3,"ir_object_std (36.0%), ir_object_range (35.3%), gy_mean (6.8%)"
789,2262869,0.01695747965096878,3.9104744127490827,0.0,100.0,HEALTHY,17.5,30.5,52.0,"ir_object_range (29.4%), ir_object_std (18.7%), sound_volts_peak (15.1%)"
790,2265760,0.012648686672451306,4.383865310555365,0.0,100.0,HEALTHY,16.6,65.7,17.8,"sound_volts_peak (34.3%), sound_peak_peak (27.9%), ir_object_range (7.9%)"
791,2268649,0.013288423312429874,4.2810380997251505,0.0,100.0,HEALTHY,13.2,11.3,75.6,"ir_object_range (43.9%), ir_object_std (9.4%), ir_object_min (8.8%)"
792,2271634,0.006120624390202696,3.3602612536117102,0.0,100.0,HEALTHY,48.8,3.8,47.4,"temperature_slope (16.2%), ir_object_mean (10.5%), gx_mean (9.5%)"
793,2274545,0.006050414461466309,4.198139038873828,0.0,100.0,HEALTHY,52.0,6.6,41.3,"ir_object_std (30.6%), gy_mean (15.1%), ir_ambient_mean (7.8%)"
794,2277414,0.0036090809977874444,4.606691363594312,0.0,100.0,HEALTHY,54.5,16.1,29.4,"ir_ambient_mean (10.4%), ir_object_range (9.9%), ay_mean (7.9%)"
795,2280319,0.01839674615785523,4.779381608580269,0.0,100.0,HEALTHY,14.1,60.0,25.9,"sound_volts_peak (23.0%), sound_peak_peak (17.9%), ir_object_std (8.7%)"
796,2283299,0.05134579735039961,3.146503289649603,0.20394428132487158,96.55346238951194,HEALTHY,46.6,22.8,30.6,"ir_object_min (10.0%), acc_mag_mean (9.8%), sound_volts_peak (9.4%)"
797,2286198,0.034492276225866966,8.193247098637721,0.38990569977195816,93.41082451501993,HEALTHY,41.4,41.4,17.2,"sound_peak_std (13.4%), temperature_slope (11.1%), sound_volts_mean (8.0%)"
798,2289099,0.06322459982864116,9.987752861809998,0.7911987518032909,86.6292095186652,HEALTHY,36.2,59.8,4.0,"sound_peak_mean (16.3%), sound_volts_rms (8.7%), sound_volts_mean (8.1%)"
799,2291959,0.11335894114495201,7.137107221958555,0.9038774476592597,84.72500626939772,HEALTHY,16.8,31.4,51.8,"ir_ambient_std (40.1%), sound_peak_peak (15.7%), sound_volts_peak (7.4%)"
800,2294954,0.040862338934507636,3.525731900836532,0.12183508648014693,97.94105917016618,HEALTHY,24.9,31.3,43.8,"sound_volts_std (10.5%), temperature_slope (10.3%), ir_object_min (9.6%)"
801,2297834,0.007287153635317156,3.7099456731317746,0.0,100.0,HEALTHY,39.4,33.9,26.6,"sound_peak_peak (16.0%), ir_object_std (15.1%), ax_peak (11.9%)"
802,2300725,0.005749448953582045,4.2530209497488665,0.0,100.0,HEALTHY,41.6,46.2,12.2,"sound_peak_peak (16.6%), sound_volts_peak (13.0%), gx_mean (9.0%)"
803,2303719,0.012046116123420087,3.8744212600231163,0.0,100.0,HEALTHY,30.4,23.3,46.3,"ir_object_range (29.0%), gx_mean (10.2%), gy_mean (7.8%)"
804,2306604,0.012260084600901099,3.8709518612121854,0.0,100.0,HEALTHY,26.7,29.3,44.0,"ir_object_std (22.9%), ir_object_range (14.4%), gx_mean (11.5%)"
805,2309484,0.007863249524609615,4.404292802843568,0.0,100.0,HEALTHY,55.3,36.3,8.4,"sound_volts_peak (18.8%), ay_rms (11.3%), sound_peak_peak (8.6%)"
806,2312493,0.015072211538102539,4.186926399099344,0.0,100.0,HEALTHY,18.3,13.2,68.6,"ir_object_range (55.8%), temperature_slope (6.6%), ay_rms (4.1%)"
807,2315389,0.011474222042420927,3.942658054223428,0.0,100.0,HEALTHY,31.9,5.7,62.4,"ir_object_range (56.4%), gx_mean (6.1%), gy_mean (4.7%)"
808,2318283,0.015232954982627797,4.638757602707815,0.0,100.0,HEALTHY,35.4,3.9,60.7,"temperature_slope (25.2%), ir_object_range (17.6%), ir_object_std (14.6%)"
809,2321194,0.028361276829149833,4.544064154393315,0.023923490568360895,99.59570717314368,HEALTHY,13.6,44.2,42.2,"sound_volts_peak (22.6%), ir_object_range (20.6%), sound_peak_peak (17.5%)"
810,2324199,0.029000576126441066,3.2481304577484176,0.028930650274914194,99.51108913855968,HEALTHY,14.4,22.9,62.7,"ir_object_std (47.4%), ir_object_range (9.7%), sound_volts_peak (9.1%)"
811,2327075,0.017022524921682932,3.5141535711299126,0.0,100.0,HEALTHY,20.2,57.6,22.2,"sound_peak_peak (22.0%), sound_volts_peak (19.8%), ir_object_std (15.1%)"
812,2330103,0.07921147326004618,3.162639711499294,0.4221955608145366,92.86514498040526,HEALTHY,12.2,22.1,65.7,"temperature_slope (30.1%), ir_ambient_std (25.3%), sound_peak_peak (11.1%)"
813,2333016,0.05343409875183676,3.195417977511981,0.22030040540747234,96.27705357605421,HEALTHY,17.9,31.4,50.7,"ir_ambient_std (19.6%), sound_volts_peak (11.8%), sound_peak_peak (10.1%)"
814,2335939,0.07914318618273303,2.8787223000694326,0.42166071852165515,92.874183498505,HEALTHY,13.6,52.1,34.3,"sound_volts_peak (24.5%), sound_peak_peak (22.4%), temperature_slope (12.0%)"
815,2338820,0.008808888798382502,4.70673029242583,0.0,100.0,HEALTHY,13.6,60.7,25.8,"sound_volts_peak (22.1%), sound_peak_peak (19.2%), ir_object_range (16.1%)"
816,2341828,0.0059195486894643165,4.531031960803675,0.0,100.0,HEALTHY,23.7,33.1,43.2,"ir_object_std (36.8%), sound_peak_peak (12.2%), sound_volts_peak (8.6%)"
817,2344689,0.020245397307007054,4.8110693640439965,0.0,100.0,HEALTHY,14.4,23.0,62.6,"ir_object_std (25.7%), ir_object_range (22.5%), ir_object_max (7.1%)"
818,2347604,0.008589510140103377,4.806731458277482,0.0,100.0,HEALTHY,44.2,18.8,37.1,"ir_object_range (17.5%), gy_mean (9.8%), sound_peak_std (6.9%)"
819,2350504,0.006948712942873228,5.276477481913805,0.0314813963241401,99.46798304048059,HEALTHY,60.6,5.9,33.5,"ax_peak (15.7%), ir_object_range (15.1%), ax_ptp (10.8%)"
820,2353503,0.009859638713506983,4.610895627300148,0.0,100.0,HEALTHY,40.1,32.2,27.7,"ax_peak (14.2%), ax_ptp (13.2%), sound_volts_peak (10.6%)"
821,2356414,0.008083372356961719,4.235077895242989,0.0,100.0,HEALTHY,35.9,45.9,18.1,"sound_volts_peak (17.8%), sound_peak_peak (17.7%), ay_mean (11.1%)"
822,2359288,0.004823949323302415,4.895814847586785,0.0,100.0,HEALTHY,58.1,17.2,24.7,"ay_mean (10.6%), gx_mean (7.9%), ir_ambient_mean (7.4%)"
823,2362271,0.014404959367978958,4.1421600970673005,0.0,100.0,HEALTHY,36.5,41.7,21.9,"sound_peak_peak (17.4%), ir_object_std (17.4%), sound_volts_peak (13.9%)"
824,2365144,0.02320336889449896,4.329716172936386,0.0,100.0,HEALTHY,11.6,76.2,12.2,"sound_volts_peak (37.9%), sound_peak_peak (26.6%), temperature_slope (8.4%)"
825,2368060,0.002846768634375056,4.699175185495966,0.0,100.0,HEALTHY,76.9,8.9,14.2,"ax_ptp (13.2%), ax_rms (6.9%), ax_std (6.5%)"
826,2370969,0.007807100012328026,4.309664878083587,0.0,100.0,HEALTHY,33.5,38.7,27.8,"temperature_slope (24.4%), sound_volts_peak (13.2%), sound_peak_peak (10.6%)"
827,2373954,0.002826354312605648,4.690734698243312,0.0,100.0,HEALTHY,46.3,14.9,38.7,"temperature_slope (20.0%), ir_object_range (10.7%), ax_peak (10.5%)"
828,2376834,0.004683784929478862,4.6338353922207345,0.0,100.0,HEALTHY,48.0,3.0,49.0,"ir_object_std (34.8%), ax_ptp (10.6%), ax_peak (10.4%)"
829,2379735,0.0037322534158294816,4.592755278549396,0.0,100.0,HEALTHY,60.1,6.7,33.2,"ir_object_std (19.8%), ax_peak (10.8%), ay_peak (9.9%)"
830,2382731,0.009544948001926184,4.833640194468936,0.0,100.0,HEALTHY,19.4,31.0,49.6,"ir_object_range (37.7%), sound_volts_peak (16.4%), sound_peak_peak (12.5%)"
831,2385648,0.012905658999425317,4.435400253515112,0.0,100.0,HEALTHY,22.9,32.8,44.2,"ir_object_range (33.3%), sound_peak_peak (14.6%), sound_volts_peak (14.6%)"
832,2388555,0.037370875606278456,4.677025593164687,0.09448903030881728,98.40319132940468,HEALTHY,12.2,2.1,85.7,"ir_object_range (61.3%), ir_object_std (18.2%), ir_object_min (3.3%)"
833,2391574,0.046825466254836634,3.743334966990008,0.168539863053359,97.15177609734198,HEALTHY,8.7,1.6,89.8,"ir_object_range (51.2%), ir_object_std (33.3%), gx_mean (1.8%)"
834,2394445,0.009715323624745214,4.039005659487122,0.0,100.0,HEALTHY,26.4,12.0,61.6,"ir_object_range (14.9%), ir_object_std (13.0%), ir_object_mean (9.8%)"
835,2397315,0.004803445479721855,4.373773476519993,0.0,100.0,HEALTHY,38.4,38.2,23.3,"sound_volts_std (19.8%), gy_mean (16.9%), sound_peak_std (16.0%)"
836,2400215,0.005956112516606311,4.586247639053067,0.0,100.0,HEALTHY,41.5,23.5,35.0,"temperature_slope (22.9%), gy_mean (20.8%), sound_volts_std (8.5%)"
837,2403204,0.009824615822917966,4.427368040766819,0.0,100.0,HEALTHY,27.5,16.7,55.8,"ir_object_range (28.1%), ir_object_std (15.2%), ir_object_min (6.9%)"
838,2406098,0.008476007417907428,3.8871859455641404,0.0,100.0,HEALTHY,29.4,54.2,16.4,"sound_peak_mean (11.2%), gy_mean (11.0%), sound_volts_mean (8.8%)"
839,2408964,0.00909056788234679,4.613272130152408,0.0,100.0,HEALTHY,19.7,53.4,26.8,"sound_volts_peak (19.0%), sound_peak_peak (12.6%), temperature_slope (9.6%)"
840,2411850,0.013309743131763837,5.646474432387001,0.06782200289484362,98.85384830465847,HEALTHY,15.6,31.0,53.4,"ir_object_range (25.7%), ir_object_std (22.6%), sound_volts_peak (10.5%)"
841,2414827,0.012887602392280918,5.602763446301305,0.06352876819081092,98.9264014293746,HEALTHY,21.2,38.4,40.5,"ir_object_range (21.1%), sound_volts_peak (13.0%), sound_peak_peak (11.4%)"
842,2417719,0.025080111870278275,5.222508684106755,0.026180653045873734,99.55756246361227,HEALTHY,20.7,20.0,59.3,"ir_object_range (34.5%), ir_object_std (18.1%), sound_volts_peak (9.3%)"
843,2420625,0.01858462715797465,5.337953739627185,0.03751951229278232,99.36594245543833,HEALTHY,34.2,7.0,58.7,"ir_object_range (42.4%), ir_object_std (7.1%), az_std (5.2%)"
844,2423470,0.01296291708688273,5.400726726513807,0.04368499126983112,99.26174951095844,HEALTHY,19.3,8.5,72.2,"ir_object_std (36.9%), temperature_slope (19.5%), ir_object_range (11.1%)"
845,2426474,0.010767319182130195,5.330531079758909,0.036790468548945576,99.3782628630835,HEALTHY,35.9,44.3,19.9,"sound_volts_peak (24.8%), sound_peak_peak (14.0%), ir_object_std (13.0%)"
846,2429360,0.003976389958031641,5.352470426048217,0.03894532185489445,99.34184711798002,HEALTHY,80.4,14.1,5.5,"ax_ptp (20.7%), ay_peak (8.9%), ax_peak (8.5%)"
847,2432255,0.010190601398733509,4.815425244178186,0.0,100.0,HEALTHY,26.3,8.2,65.5,"ir_object_range (45.8%), ir_object_std (11.6%), ax_ptp (6.6%)"
848,2435158,0.014689480357858824,4.495284453259977,0.0,100.0,HEALTHY,27.3,25.7,47.0,"ir_object_range (32.6%), sound_volts_peak (7.7%), ir_object_std (6.1%)"
849,2438164,0.009018694984871008,4.4985282923484435,0.0,100.0,HEALTHY,48.6,20.1,31.3,"ir_object_min (10.9%), ax_peak (9.1%), gx_mean (8.2%)"
850,2441024,0.011829706852631164,4.882499911304997,0.0,100.0,HEALTHY,23.3,16.8,59.9,"ir_object_range (32.1%), ir_object_min (13.2%), ir_object_std (7.8%)"
851,2443944,0.014611386666800443,5.15068899033828,0.01912661859523681,99.67677146953223,HEALTHY,13.1,25.1,61.7,"ir_object_std (26.5%), ir_object_range (19.4%), temperature_slope (5.8%)"
852,2446955,0.01972723498592631,4.794002091331731,0.0,100.0,HEALTHY,10.3,47.8,41.8,"ir_object_range (20.4%), sound_peak_peak (10.3%), sound_volts_peak (8.9%)"
853,2449850,0.020930842781063906,5.13657946829464,0.01774080017475294,99.7001909803735,HEALTHY,10.8,76.6,12.6,"sound_volts_peak (22.2%), sound_peak_peak (20.2%), sound_peak_std (8.3%)"
854,2452739,0.010257823537825766,4.956316419099873,3.560411396285078e-05,99.99939831155321,HEALTHY,32.9,25.1,41.9,"temperature_slope (21.2%), ir_object_range (8.8%), sound_volts_peak (6.8%)"
855,2455604,0.005270925655858997,4.831013913207534,0.0,100.0,HEALTHY,47.9,14.7,37.3,"ir_object_range (18.0%), ir_object_min (13.0%), gx_mean (8.4%)"
856,2458494,0.01009425582521312,5.215710348905911,0.025512929637468162,99.56884659389297,HEALTHY,26.2,41.2,32.6,"sound_volts_mean (15.3%), ir_object_range (14.2%), sound_peak_mean (13.2%)"
857,2461504,0.012392754782961073,5.675577849611736,0.07068050168483228,98.80554136746352,HEALTHY,70.5,15.9,13.6,"ir_object_range (8.3%), acc_mag_rms (7.4%), sound_volts_mean (7.3%)"
858,2464375,0.0092970629347384,5.729658027381429,0.0759921845543496,98.71577707171643,HEALTHY,54.6,4.4,41.0,"ir_object_range (24.8%), ax_rms (12.8%), ax_mean (10.6%)"
859,2467264,0.011644321891817789,4.986868005585682,0.003036340155629352,99.94868764901555,HEALTHY,34.2,9.9,55.9,"ir_object_range (24.9%), ir_object_std (24.8%), az_peak (6.1%)"
860,2470119,0.006490133996202673,4.957146875842943,0.00011717046669977668,99.99801988848279,HEALTHY,47.9,35.8,16.3,"sound_volts_mean (11.1%), ay_peak (9.9%), sound_peak_rms (8.9%)"
861,2473020,0.006349672395809275,5.221343515853102,0.026066211775369944,99.55949645332957,HEALTHY,48.8,24.4,26.7,"ay_peak (10.6%), sound_volts_mean (9.6%), ir_object_range (8.2%)"
862,2475925,0.016810699477934257,5.254357831342655,0.029308833772314892,99.50469806135473,HEALTHY,16.6,1.9,81.5,"ir_object_std (28.2%), ir_object_range (24.8%), temperature_slope (19.7%)"
863,2478916,0.015066818419337767,5.217348453857734,0.02567382211914832,99.56612760620793,HEALTHY,17.3,9.9,72.8,"ir_object_range (50.3%), ir_object_std (16.3%), ir_object_min (4.9%)"
864,2481779,0.005912528163784695,5.492008656744241,0.05265058060584089,99.11023635919948,HEALTHY,23.5,33.4,43.1,"ir_object_range (29.4%), sound_volts_peak (17.9%), sound_peak_peak (13.4%)"
865,2484669,0.004576719817976378,5.689299737514418,0.0720282471974396,98.78276526622454,HEALTHY,38.6,30.0,31.4,"sound_volts_peak (15.2%), ir_object_min (13.0%), sound_peak_peak (12.4%)"
866,2487584,0.01032293280760512,5.949307197808945,0.09756583286652944,98.35119518778055,HEALTHY,51.5,3.1,45.4,"ir_object_std (23.4%), ay_mean (12.3%), ay_rms (9.5%)"
867,2490569,0.008610546434061351,5.6027173741312986,0.06352424304377415,98.92647790168043,HEALTHY,32.6,12.2,55.2,"temperature_slope (23.0%), ir_object_std (13.4%), ir_object_max (8.0%)"
868,2493475,0.00591118449036498,5.072137542969717,0.011411400292141398,99.80715409110908,HEALTHY,30.8,5.0,64.2,"ir_object_range (46.7%), ir_object_std (6.5%), az_ptp (4.3%)"
869,2496349,0.006382843515610538,5.026271253835091,0.006906474599732711,99.88328466819846,HEALTHY,37.4,2.1,60.5,"ir_object_range (38.3%), ir_object_std (15.5%), ay_peak (5.0%)"
870,2499204,0.009489650631541823,4.747721694899096,0.0,100.0,HEALTHY,27.9,37.7,34.3,"sound_volts_peak (19.1%), sound_peak_peak (13.6%), ir_object_range (11.6%)"
871,2502094,0.0090638577610262,4.650347467524853,0.0,100.0,HEALTHY,19.5,43.8,36.7,"sound_volts_peak (19.1%), ir_object_range (18.0%), sound_peak_peak (13.6%)"
872,2505104,0.017728335757418324,4.984327565666058,0.0027868215379285954,99.9529043659288,HEALTHY,22.8,49.8,27.4,"sound_volts_peak (20.6%), sound_peak_peak (11.1%), temperature_slope (8.5%)"
873,2508000,0.01785223183198539,5.27664364579202,0.031497716718448095,99.46770723547917,HEALTHY,43.4,52.5,4.1,"sound_volts_peak (18.4%), sound_peak_peak (15.0%), gx_mean (8.8%)"
874,2510884,0.007664479642566709,5.021607280778619,0.006448385392011312,99.89102610460017,HEALTHY,51.2,20.6,28.2,"ir_object_std (13.7%), sound_volts_std (8.7%), ay_peak (8.1%)"
875,2513903,0.06358918451559753,4.773903931878115,0.29983769954864214,94.93292039461275,HEALTHY,27.7,4.7,67.6,"ir_object_range (45.0%), ir_object_std (12.3%), az_peak (3.7%)"
876,2516779,0.06162499005464369,5.032245522872919,0.2919468728916514,95.06627069340263,HEALTHY,8.8,2.4,88.8,"ir_object_range (53.3%), ir_object_std (28.4%), ir_object_min (4.7%)"
877,2519671,0.020174105923873545,5.587900119659105,0.06206891208890189,98.95107213319842,HEALTHY,13.1,70.7,16.2,"sound_volts_peak (28.8%), sound_peak_peak (22.4%), ir_ambient_mean (5.4%)"
878,2522564,0.01729782806282802,5.442197679006199,0.047758212864525126,99.1929144775328,HEALTHY,22.3,46.6,31.1,"ir_object_std (19.0%), sound_peak_peak (17.8%), sound_volts_peak (13.4%)"
879,2525574,0.012931846008150786,5.273499574026725,0.031188910186646924,99.4729258830397,HEALTHY,35.4,45.7,18.9,"sound_volts_std (20.3%), ax_peak (18.9%), sound_peak_std (18.2%)"
880,2528463,0.019370647103540736,4.329307301839856,0.0,100.0,HEALTHY,19.3,45.2,35.5,"ir_object_range (14.9%), sound_peak_peak (11.5%), sound_volts_peak (10.9%)"
881,2531339,0.02019416815542085,4.720532017449249,0.0,100.0,HEALTHY,19.3,57.3,23.4,"sound_volts_peak (30.0%), sound_peak_peak (19.5%), ay_mean (7.0%)"
882,2534330,0.006275333168315371,5.103924604022218,0.014533482996527269,99.75439274181397,HEALTHY,33.2,51.5,15.3,"sound_volts_peak (26.3%), sound_peak_peak (21.8%), ir_ambient_mean (5.4%)"
883,2537256,0.027256415204766557,4.200638024686565,0.015269924655854087,99.74194731377692,HEALTHY,15.5,24.6,59.9,"ir_object_range (33.4%), ir_object_std (18.8%), sound_volts_peak (14.1%)"
884,2540139,0.027388962705022134,4.551083307564299,0.016308071428885414,99.72440324794081,HEALTHY,23.1,8.4,68.5,"ir_object_range (41.0%), ir_object_std (21.5%), az_std (4.3%)"
885,2543019,0.031212601406458745,5.281946039521986,0.07827432296472797,98.67721028370642,HEALTHY,28.5,7.2,64.4,"ir_object_range (40.2%), ir_ambient_std (12.0%), gy_mean (5.6%)"
886,2546039,0.016225190833539602,5.245345589634652,0.02842366342209506,99.51965691621402,HEALTHY,11.1,17.3,71.6,"ir_object_range (55.8%), ir_object_std (11.7%), sound_peak_peak (4.5%)"
887,2548912,0.03838782212052277,4.529104158664488,0.10245402202931385,98.26858768495049,HEALTHY,7.1,56.7,36.2,"sound_peak_peak (27.2%), sound_volts_peak (24.5%), ir_object_range (19.3%)"
888,2551917,0.0375633263909633,4.746528836856391,0.09599635531081789,98.37771842927296,HEALTHY,10.3,82.3,7.4,"sound_peak_peak (36.0%), sound_volts_peak (30.0%), sound_peak_rms (4.6%)"
889,2554809,0.010020276535055021,5.888069849269239,0.09155118223800827,98.45283922246728,HEALTHY,26.7,32.4,40.9,"ir_object_range (29.2%), gx_mean (10.2%), sound_volts_mean (7.4%)"
890,2557685,0.006731157982150133,5.872961015484487,0.09006721275228247,98.47791742820142,HEALTHY,68.8,10.9,20.3,"gx_mean (17.8%), ir_object_range (11.2%), ax_rms (6.4%)"
891,2560610,0.011727033442646199,5.454332880904055,0.04895011619578786,99.17277201689318,HEALTHY,10.9,20.8,68.3,"ir_object_range (38.1%), ir_object_std (14.5%), sound_volts_mean (6.5%)"
892,2563469,0.0153700590414442,5.760535121138667,0.0790248914856998,98.66452612007127,HEALTHY,15.9,21.5,62.5,"ir_object_std (20.4%), ir_object_range (20.2%), temperature_slope (11.2%)"
893,2566465,0.005799574577495413,5.1885956119892915,0.0228497563726756,99.61385264535333,HEALTHY,38.8,1.6,59.6,"ir_object_range (27.3%), temperature_slope (12.3%), ax_ptp (8.5%)"
894,2569334,0.009662686521218267,4.8870919832585935,0.0,100.0,HEALTHY,32.5,44.7,22.8,"sound_volts_peak (12.4%), sound_peak_peak (11.4%), ir_object_range (10.2%)"
895,2572229,0.09778994026141272,3.0962256116150946,0.567706985233317,90.40608805683237,HEALTHY,16.4,32.9,50.7,"sound_volts_peak (15.9%), sound_peak_peak (14.6%), ir_ambient_std (13.5%)"
896,2575129,0.058995393290909935,3.235735046254375,0.2638579222862008,95.5409573287519,HEALTHY,18.2,36.0,45.8,"sound_volts_peak (17.2%), sound_peak_peak (16.0%), ir_ambient_std (13.8%)"
897,2578119,0.02145392536702797,4.542426595157147,0.0,100.0,HEALTHY,24.1,17.1,58.8,"ir_object_range (27.4%), temperature_slope (18.2%), ir_object_std (9.8%)"
898,2580979,0.0041789739245396635,5.0707952293598195,0.011279560041216646,99.80938211329453,HEALTHY,43.9,44.2,11.9,"sound_peak_std (21.6%), sound_volts_std (17.9%), acc_mag_rms (6.3%)"
899,2583844,0.006277261654691201,5.081428687350609,0.012323964090588353,99.79173230319287,HEALTHY,52.2,3.4,44.4,"ir_object_std (27.6%), temperature_slope (7.4%), ax_rms (7.2%)"
900,2586852,0.0040010144732244785,5.5425912610286145,0.057618736476501634,99.02627746635008,HEALTHY,49.7,29.5,20.8,"sound_peak_peak (12.8%), ir_object_std (8.8%), gz_mean (8.4%)"
901,2589754,0.009509640795008472,5.709560907402746,0.07401827225746303,98.7491350208917,HEALTHY,32.1,26.4,41.6,"ir_object_range (31.9%), sound_peak_peak (11.4%), sound_volts_peak (8.4%)"
902,2592674,0.033424223110647126,5.061527621488292,0.07394712120513978,98.75033743155144,HEALTHY,10.6,82.5,6.8,"sound_volts_peak (34.4%), sound_peak_peak (29.0%), sound_volts_rms (4.6%)"
903,2595668,0.03207377872397679,5.609497171123882,0.11719092439882972,98.01954275979409,HEALTHY,19.7,72.5,7.8,"sound_volts_peak (26.7%), sound_peak_peak (24.9%), sound_volts_rms (5.4%)"
904,2598540,0.007918518801572504,6.073421761616599,0.10975619964457985,98.14518520645987,HEALTHY,46.1,16.4,37.5,"ir_object_std (17.2%), ir_object_range (8.1%), ay_mean (7.5%)"
905,2601420,0.008121374390616685,6.110209036027205,0.11336939663027015,98.08412431657177,HEALTHY,50.6,8.6,40.8,"ir_object_range (31.2%), ay_rms (7.8%), ir_object_std (6.8%)"
906,2604440,0.01066078776631124,5.404831001408385,0.04408810767122612,99.25493708243735,HEALTHY,11.8,47.3,41.0,"ir_object_range (24.3%), sound_peak_std (23.0%), sound_volts_std (18.4%)"
907,2607318,0.011507057921833156,5.073469295314681,0.011542203229722565,99.804943598905,HEALTHY,25.9,42.6,31.5,"ir_object_range (15.8%), sound_volts_peak (12.7%), sound_peak_peak (8.7%)"
908,2610219,0.010745914306620735,6.093472744530037,0.11172558042050583,98.11190383730597,HEALTHY,44.6,46.8,8.6,"sound_volts_peak (20.3%), sound_peak_peak (18.2%), ay_mean (4.8%)"
909,2613100,0.005906238824429929,6.264076131683944,0.12848201737021706,97.82872997339676,HEALTHY,66.1,17.5,16.3,"gy_mean (15.6%), sound_volts_peak (10.5%), gz_mean (9.4%)"
910,2616149,0.0026305636397866397,5.65372324696558,0.06853397178639044,98.84181645190795,HEALTHY,21.7,59.8,18.5,"sound_volts_mean (14.3%), sound_volts_peak (12.0%), sound_peak_rms (10.7%)"
911,2619060,0.005870326074099595,5.813201987045413,0.08419776075065256,98.5771076920576,HEALTHY,48.5,18.4,33.1,"ir_object_std (18.8%), gy_mean (17.6%), sound_volts_peak (10.1%)"
912,2621954,0.00818416269443827,5.448685992432162,0.04839548634804645,99.18214493295497,HEALTHY,35.6,10.3,54.0,"ir_object_std (25.8%), temperature_slope (10.1%), ir_object_range (8.8%)"
913,2624949,0.005680889540662689,4.820075853313807,0.0,100.0,HEALTHY,49.7,38.0,12.3,"gx_mean (16.4%), sound_peak_std (7.4%), ir_object_mean (6.1%)"
914,2627830,0.00870011802537482,4.137844681334566,0.0,100.0,HEALTHY,51.6,32.0,16.4,"sound_peak_peak (16.8%), gx_mean (16.6%), sound_volts_peak (9.2%)"
915,2630715,0.024411190050198022,4.743687070725211,0.0,100.0,HEALTHY,14.2,1.5,84.2,"ir_object_range (40.5%), ir_object_std (38.3%), az_peak (3.4%)"
916,2633609,0.04009217631516488,4.663383117149346,0.11580297092581082,98.04299835175918,HEALTHY,10.9,14.9,74.2,"ir_object_std (42.5%), ir_object_range (26.7%), sound_peak_rms (3.8%)"
917,2636614,0.011989632756884666,4.161977531889561,0.0,100.0,HEALTHY,45.8,37.0,17.2,"sound_peak_peak (22.7%), sound_volts_peak (13.6%), temperature_slope (10.7%)"
918,2639505,0.00536934911104841,4.8068996821166525,0.0,100.0,HEALTHY,72.1,13.3,14.5,"ax_peak (12.5%), az_peak (8.9%), gy_mean (7.9%)"
919,2642374,0.0038056185355053226,5.114157690683765,0.015538563108391933,99.73740748297469,HEALTHY,56.2,32.4,11.4,"sound_peak_peak (17.0%), ax_peak (12.6%), gy_mean (11.8%)"
920,2645260,0.008787551261623724,4.853385974457487,0.0,100.0,HEALTHY,48.0,48.0,4.0,"sound_volts_mean (12.9%), sound_volts_peak (11.9%), ax_peak (9.3%)"
921,2648282,0.0044990742954202695,4.708103612197748,0.0,100.0,HEALTHY,67.7,8.9,23.4,"ir_object_std (13.3%), acc_mag_peak (11.0%), az_peak (9.2%)"
922,2651184,0.015185166484439076,5.243272437129643,0.028220041150481087,99.52309801205104,HEALTHY,16.1,44.5,39.4,"ir_object_range (25.8%), sound_volts_peak (17.3%), sound_peak_peak (16.6%)"
923,2654059,0.005107240204654856,4.481566078036867,0.0,100.0,HEALTHY,46.1,9.4,44.6,"ir_object_min (13.5%), ir_object_max (11.3%), ir_ambient_std (9.9%)"
924,2657067,0.005145810594262553,4.259114216474316,0.0,100.0,HEALTHY,45.1,6.3,48.5,"ir_object_min (17.6%), ir_object_max (14.4%), ax_peak (8.8%)"
925,2659985,0.006513086850901662,4.387403880377997,0.0,100.0,HEALTHY,38.7,2.4,58.9,"ir_object_range (28.2%), ir_object_min (10.6%), ax_peak (9.1%)"
926,2662854,0.005370585251007658,4.660279226836413,0.0,100.0,HEALTHY,35.5,39.9,24.6,"sound_volts_peak (20.0%), temperature_slope (15.2%), sound_peak_peak (12.9%)"
927,2665729,0.008529860440328876,5.69845878098628,0.07292783622094162,98.76756274432326,HEALTHY,27.7,34.5,37.9,"ir_object_range (17.7%), sound_peak_peak (13.7%), sound_volts_peak (10.6%)"
928,2668750,0.02357008349389125,5.004905713276917,0.004807979726728949,99.9187479891518,HEALTHY,8.8,43.9,47.3,"ir_object_std (29.3%), sound_volts_peak (17.4%), sound_peak_peak (15.3%)"
929,2671639,0.01705009989708578,4.195648060561392,0.0,100.0,HEALTHY,21.8,62.8,15.4,"sound_volts_peak (22.4%), sound_peak_peak (16.3%), sound_volts_mean (8.7%)"
930,2674565,0.008614074443911417,4.757017947153759,0.0,100.0,HEALTHY,73.7,13.5,12.8,"ax_peak (33.1%), ax_ptp (14.0%), ir_object_range (8.8%)"
931,2677569,0.007907816909639159,5.136170298576737,0.01770061207125655,99.70087013552948,HEALTHY,74.0,7.4,18.6,"ax_peak (25.3%), ir_object_range (6.3%), ay_mean (5.8%)"
932,2680460,0.00750372698662213,4.844730258212127,0.0,100.0,HEALTHY,23.1,35.1,41.8,"ir_object_std (19.4%), ir_object_range (18.2%), sound_peak_peak (12.6%)"
933,2683349,0.013828275223713469,5.338030616810812,0.03752706306713567,99.36581485182214,HEALTHY,16.3,18.6,65.1,"ir_object_range (51.7%), sound_peak_peak (6.7%), sound_volts_peak (5.8%)"
934,2686342,0.008581677103426414,5.563743816269913,0.0596963122159935,98.99116766636806,HEALTHY,27.4,66.8,5.7,"sound_peak_peak (22.5%), sound_volts_peak (19.7%), sound_volts_mean (11.2%)"
935,2689249,0.005419155327033325,5.117305629864993,0.0158477494926235,99.732182416133,HEALTHY,28.8,68.2,2.9,"sound_volts_peak (27.4%), sound_peak_peak (20.5%), sound_peak_std (4.6%)"
936,2692155,0.00753756435404191,5.0426900536291965,0.008519107198238295,99.8560321320325,HEALTHY,27.0,63.9,9.2,"sound_volts_peak (25.8%), sound_peak_peak (21.4%), sound_peak_std (6.9%)"
937,2695019,0.013779377959125467,5.347891848471728,0.03849562007722346,99.34944681177961,HEALTHY,20.7,70.8,8.5,"sound_peak_peak (29.0%), sound_volts_peak (25.6%), ir_ambient_std (5.8%)"
938,2698030,0.005644213521107967,4.9438752961743955,0.0,100.0,HEALTHY,39.6,26.8,33.6,"ir_object_range (22.6%), sound_peak_peak (14.1%), sound_volts_peak (9.4%)"
939,2700919,0.006147909620442398,4.813086284306106,0.0,100.0,HEALTHY,49.1,7.2,43.7,"temperature_slope (18.6%), ir_object_range (11.3%), acc_mag_peak (6.9%)"
940,2703814,0.008670638892202582,4.953056035459478,0.0,100.0,HEALTHY,27.3,32.7,40.0,"ir_object_std (23.3%), ir_object_range (13.2%), sound_volts_peak (11.2%)"
941,2706709,0.009763277317042147,5.271321778661577,0.0309750100329967,99.47654066899815,HEALTHY,36.1,22.6,41.3,"ir_object_range (20.2%), ir_object_std (12.0%), sound_peak_peak (8.0%)"
942,2709724,0.005381766756216639,5.301141698567685,0.0339038827598984,99.42704445393382,HEALTHY,53.6,34.4,12.0,"sound_volts_peak (15.5%), sound_peak_peak (11.3%), ax_peak (10.4%)"
943,2712629,0.007207042453636859,5.274100272971936,0.031247910035179315,99.47192882052997,HEALTHY,46.5,8.2,45.3,"ir_object_range (37.5%), ax_ptp (11.7%), ax_peak (6.6%)"
944,2715531,0.005623937544438195,5.575577752318102,0.06085862561765834,98.97152525802011,HEALTHY,61.4,29.8,8.8,"ax_ptp (18.9%), sound_peak_peak (13.1%), ax_peak (8.4%)"
945,2718428,0.007884088513121142,5.16190516534398,0.0202282563319506,99.65815444399931,HEALTHY,34.0,54.4,11.5,"sound_volts_peak (24.5%), sound_peak_peak (22.0%), ax_ptp (8.7%)"
946,2721417,0.0067970590173111,5.445173846157179,0.048050528029242236,99.1879745243124,HEALTHY,24.7,41.9,33.4,"ir_object_std (24.6%), sound_peak_peak (16.3%), sound_volts_peak (14.5%)"
947,2724284,0.007134452643489938,5.885048964633452,0.09125447498162624,98.4578533994365,HEALTHY,25.8,50.1,24.1,"sound_volts_peak (15.7%), sound_peak_peak (13.1%), ir_object_std (12.5%)"
948,2727149,0.013957267780148821,5.399441701120066,0.043558777791023885,99.26388244402641,HEALTHY,14.8,64.7,20.6,"sound_peak_peak (30.7%), sound_volts_peak (27.0%), ir_object_range (11.7%)"
949,2730139,0.011950462965669097,4.610273050465259,0.0,100.0,HEALTHY,32.4,59.1,8.5,"sound_volts_peak (28.8%), sound_peak_peak (26.2%), ay_mean (5.7%)"
950,2733040,0.0044952992111956195,4.766863373849153,0.0,100.0,HEALTHY,50.4,22.8,26.8,"ir_object_std (12.3%), sound_peak_peak (11.0%), acc_mag_rms (5.4%)"
951,2735917,0.005456385850786385,5.5832655658819546,0.061613712403523944,98.95876473838327,HEALTHY,37.1,15.0,48.0,"ir_object_range (27.8%), ir_object_std (9.7%), ax_mean (8.2%)"
952,2738804,0.01300609086642069,5.470680960816559,0.05055580278192573,99.14563686422389,HEALTHY,19.6,25.7,54.7,"ir_object_std (25.3%), ir_object_range (23.8%), sound_volts_rms (6.6%)"
953,2741796,0.011871142170439079,5.033784339294408,0.007644399824413451,99.87081416878524,HEALTHY,51.2,26.8,22.0,"temperature_slope (9.8%), ax_ptp (9.0%), sound_peak_std (8.2%)"
954,2744684,0.012067807417395448,4.735013136731987,0.0,100.0,HEALTHY,47.3,23.4,29.3,"temperature_slope (14.5%), gy_mean (8.5%), sound_volts_peak (8.4%)"
955,2747699,0.006789252733589763,4.959587928843475,0.000356927433877804,99.99396813768406,HEALTHY,30.5,17.1,52.5,"ir_object_std (29.5%), ir_object_range (12.1%), ax_peak (6.3%)"
956,2750585,0.0036842132463828126,5.351767690470849,0.03887630010455916,99.34301354469682,HEALTHY,47.5,44.2,8.2,"sound_volts_std (17.0%), sound_peak_std (16.1%), ax_peak (8.4%)"
957,2753469,0.009570634011887355,5.133378721234657,0.017426427071162768,99.70550369970161,HEALTHY,39.5,18.1,42.3,"ir_object_range (33.7%), sound_volts_std (8.1%), sound_peak_std (7.8%)"
958,2756353,0.007504187800955541,4.472626198383164,0.0,100.0,HEALTHY,29.5,22.3,48.2,"ir_object_range (26.1%), ir_object_std (10.5%), sound_peak_std (9.3%)"
959,2759388,0.002959542396241411,4.978582701209043,0.0022225686197156,99.96243990618429,HEALTHY,45.1,38.5,16.4,"sound_peak_std (15.6%), gy_mean (13.6%), sound_volts_std (13.5%)"
960,2762274,0.008552445273334935,5.804568239253476,0.08334976556762153,98.59143830860071,HEALTHY,26.7,53.9,19.4,"sound_volts_peak (18.7%), sound_peak_peak (18.4%), temperature_slope (13.1%)"
961,2765179,0.015883837484831693,5.558565727582879,0.0591877272573255,98.99976245106508,HEALTHY,16.6,20.2,63.2,"ir_object_std (36.9%), ir_object_range (21.2%), sound_peak_peak (8.2%)"
962,2768080,0.005254131223604878,5.491394964076529,0.05259030453122966,99.11125498917434,HEALTHY,28.6,48.9,22.5,"sound_peak_peak (18.6%), sound_volts_peak (14.9%), ir_object_range (13.7%)"
963,2770959,0.005322196965810895,5.006249331248509,0.004939948090318218,99.91651780193817,HEALTHY,51.0,21.2,27.8,"gy_mean (15.0%), sound_peak_peak (13.1%), ir_object_range (11.0%)"
964,2773984,0.008131112392954968,4.705935999972857,0.0,100.0,HEALTHY,37.9,26.6,35.4,"ir_object_range (15.5%), ir_object_std (13.8%), sound_peak_peak (12.0%)"
965,2776844,0.005965426780293895,5.533558154955088,0.056731516856151715,99.04127095266132,HEALTHY,32.6,54.1,13.3,"sound_volts_peak (26.8%), sound_peak_peak (24.0%), ax_std (14.9%)"
966,2779745,0.007968573823292793,5.641473464170756,0.06733081447238028,98.86214909819316,HEALTHY,38.5,25.1,36.5,"ir_object_range (21.9%), ir_ambient_std (8.2%), ax_std (7.0%)"
967,2782660,0.009872017556255865,5.332398893199284,0.03697392269173597,99.37516259668318,HEALTHY,50.0,8.9,41.0,"temperature_slope (20.7%), ir_ambient_std (16.1%), ax_ptp (15.4%)"
968,2785635,0.023556552912952246,5.16622898574557,0.020652936199975436,99.65097760565868,HEALTHY,20.9,74.3,4.7,"sound_volts_mean (17.8%), sound_peak_mean (14.5%), sound_peak_rms (12.0%)"
969,2788529,0.0060690581059554645,5.000340734252874,0.0043596135807267246,99.92632511156695,HEALTHY,45.8,27.3,26.9,"sound_peak_peak (15.4%), ir_ambient_std (8.6%), ax_rms (7.3%)"
970,2791380,0.01428672322248131,4.7359163889656575,0.0,100.0,HEALTHY,30.0,49.4,20.6,"sound_peak_peak (26.2%), sound_volts_peak (18.3%), gx_mean (11.0%)"
971,2794285,0.01377627826619567,5.126832475933359,0.01678346359617856,99.71636940176644,HEALTHY,21.9,31.0,47.1,"ir_object_std (36.4%), sound_peak_peak (14.4%), sound_volts_peak (9.0%)"
972,2797284,0.015688887677201384,5.089303597990596,0.013097427301518073,99.77866123285209,HEALTHY,28.0,49.4,22.6,"sound_peak_peak (26.1%), sound_volts_peak (21.4%), ir_object_std (9.0%)"
973,2800184,0.011517245789343695,5.124580498358721,0.01656227736493724,99.72010731812253,HEALTHY,25.0,46.3,28.7,"sound_volts_peak (18.6%), sound_peak_peak (18.5%), temperature_slope (11.6%)"
974,2803099,0.00882469636596217,5.291336776506174,0.03294085640349717,99.44331902920342,HEALTHY,25.4,48.5,26.1,"sound_volts_peak (22.1%), sound_peak_peak (18.0%), temperature_slope (12.4%)"
975,2806075,0.007347362741565551,5.28339360941652,0.03216068913519588,99.45650339414469,HEALTHY,21.2,69.1,9.8,"sound_peak_peak (34.0%), sound_volts_peak (30.2%), gx_mean (5.0%)"
976,2808924,0.00849458762652435,5.473662087698642,0.0508486050848111,99.14068867865684,HEALTHY,32.4,26.1,41.5,"ir_object_std (23.7%), sound_peak_peak (15.4%), sound_volts_peak (9.1%)"
977,2811825,0.01008272370668172,5.689937235262945,0.07209086137531134,98.78170712368883,HEALTHY,21.1,34.6,44.3,"ir_object_range (27.2%), sound_peak_peak (17.7%), sound_volts_peak (15.0%)"
978,2814741,0.010433806397615632,5.330281617552757,0.03676596670406156,99.37867692975588,HEALTHY,27.1,56.1,16.8,"sound_volts_peak (22.7%), sound_peak_peak (22.3%), gy_mean (10.2%)"
979,2817749,0.004581069019675214,5.3301929857328645,0.03675726140502537,99.37882404415568,HEALTHY,50.0,38.8,11.2,"gy_mean (13.9%), sound_volts_peak (12.5%), sound_peak_peak (11.3%)"
980,2820644,0.006780952378986456,5.810525549929801,0.08393488466990305,98.58155014218816,HEALTHY,51.4,20.9,27.8,"ax_ptp (16.9%), temperature_slope (13.8%), sound_volts_peak (10.2%)"
981,2823644,0.012031200430448651,5.931190779239144,0.09578646241800727,98.38126549489571,HEALTHY,36.9,14.8,48.3,"ir_object_range (38.5%), ax_peak (9.6%), ax_std (9.2%)"
982,2826530,0.01168298547755041,5.574686638031586,0.06077110156197515,98.9730043627431,HEALTHY,32.4,8.6,59.1,"ir_object_range (42.4%), ax_peak (9.9%), temperature_slope (5.7%)"
983,2829464,0.004313880068488484,5.3574733264744925,0.039436700056447595,99.33354311729109,HEALTHY,39.2,16.4,44.5,"ir_ambient_std (15.0%), temperature_slope (14.6%), ax_mean (8.6%)"
984,2832380,0.003440677866012225,5.025877474888098,0.0068677981572101525,99.88393827717896,HEALTHY,57.6,5.2,37.2,"temperature_slope (31.3%), gx_mean (15.2%), ax_ptp (6.9%)"
985,2835360,0.015285432034450977,4.6739003256596074,0.0,100.0,HEALTHY,36.8,45.6,17.6,"sound_volts_peak (21.2%), sound_peak_peak (16.8%), ir_object_range (11.2%)"
986,2838269,0.024683232640320296,4.5666060588951725,0.0,100.0,HEALTHY,29.0,51.9,19.1,"sound_volts_peak (23.7%), sound_peak_peak (22.1%), ir_object_range (7.8%)"
987,2841135,0.01614420109189038,4.69230565061698,0.0,100.0,HEALTHY,39.0,46.2,14.8,"sound_volts_peak (14.9%), temperature_slope (12.2%), sound_volts_mean (10.5%)"
988,2844029,0.0031453433233187256,4.937024785085597,0.0,100.0,HEALTHY,74.8,7.0,18.3,"gx_mean (15.6%), ir_ambient_std (8.9%), ay_peak (7.0%)"
989,2847044,0.005820189873488046,5.1320034740172185,0.01729135212526799,99.70778638631698,HEALTHY,34.6,34.4,31.0,"ir_ambient_std (11.6%), sound_peak_mean (10.0%), sound_volts_rms (9.5%)"
990,2849934,0.007536391013569004,5.306876344956715,0.03446713207311384,99.41752587400862,HEALTHY,36.8,41.9,21.3,"sound_volts_rms (12.0%), gy_mean (10.6%), ax_ptp (8.2%)"
991,2852834,0.015100164023658009,5.085279076377716,0.012702144160989677,99.78534128390216,HEALTHY,21.0,17.4,61.7,"ir_object_range (35.7%), ir_object_std (7.1%), ir_ambient_std (5.6%)"
992,2855704,0.010895344278726809,4.818193685696788,0.0,100.0,HEALTHY,11.7,16.1,72.2,"ir_object_std (41.3%), ir_object_range (17.7%), temperature_slope (10.3%)"
993,2858614,0.019991581835559772,5.295237190026553,0.033323949812850556,99.43684497739335,HEALTHY,15.4,20.2,64.4,"ir_object_std (38.9%), ir_object_range (17.7%), sound_volts_peak (8.0%)"
994,2861610,0.013003596000569486,5.5099343172591535,0.05441121505285265,99.08048267941729,HEALTHY,20.0,48.7,31.3,"ir_object_range (17.3%), sound_volts_peak (9.4%), sound_volts_mean (8.7%)"
995,2864485,0.021256184710811057,5.267562647629501,0.030605793201047955,99.48278021486564,HEALTHY,18.8,12.3,68.9,"ir_object_range (47.3%), ir_object_std (15.8%), sound_volts_mean (4.7%)"
996,2867390,0.008851056412942973,5.911487324461926,0.09385121539170937,98.41397002388958,HEALTHY,19.3,17.7,63.0,"ir_object_std (33.2%), ir_object_range (10.5%), temperature_slope (8.7%)"
997,2870430,0.00694058676803006,6.451592749510782,0.14689964925934193,97.51748289851125,HEALTHY,46.7,35.8,17.4,"sound_volts_peak (14.5%), gx_mean (12.8%), sound_peak_peak (12.5%)"
998,2873296,0.006315819682539149,6.037653477402956,0.10624308651579673,98.20455473842024,HEALTHY,33.8,40.1,26.1,"sound_volts_rms (11.8%), sound_peak_mean (10.9%), ir_object_min (7.8%)"
999,2876181,0.007351701740500523,5.851535239506175,0.08796280163672043,98.51348073015134,HEALTHY,29.2,49.4,21.4,"sound_volts_peak (26.6%), sound_peak_peak (21.6%), temperature_slope (12.5%)"
1000,2879199,0.007079857357511391,6.442405613891992,0.14599730106266853,97.53273204880557,HEALTHY,35.3,9.9,54.8,"ir_object_std (48.4%), gx_mean (5.5%), sound_peak_peak (5.5%)"
1001,2882089,0.006286682972597508,6.020034862583584,0.10451260968712907,98.23379877230703,HEALTHY,39.1,33.2,27.7,"ir_object_std (22.9%), sound_peak_peak (15.7%), sound_volts_peak (12.0%)"
1002,2884989,0.005420766459488934,5.395235395282908,0.04314564004664863,99.2708642273108,HEALTHY,40.5,33.4,26.1,"sound_peak_peak (16.8%), sound_volts_peak (12.4%), ir_object_range (10.7%)"
1003,2888001,0.005502984394311013,5.798473127129532,0.08275111179110446,98.60155520299475,HEALTHY,60.4,10.7,28.9,"ax_ptp (12.2%), temperature_slope (10.9%), gx_mean (9.7%)"
1004,2890874,0.01454173993972994,5.687101266730925,0.07181231633179888,98.78641437001339,HEALTHY,14.7,2.5,82.8,"ir_object_range (44.9%), ir_object_std (24.6%), ir_object_min (7.6%)"
1005,2893789,0.011562894851223129,5.120825950928908,0.016193510728284177,99.72633925595605,HEALTHY,11.8,23.1,65.0,"ir_object_range (48.0%), sound_volts_peak (10.9%), sound_peak_peak (9.4%)"
1006,2896694,0.012757370492026068,5.179404204888094,0.021946988636702084,99.62910888561343,HEALTHY,18.6,17.8,63.6,"ir_object_range (30.9%), temperature_slope (18.3%), ir_object_std (10.5%)"
1007,2899704,0.004687020751843762,5.457344031396803,0.04924586737763459,99.16777399701755,HEALTHY,25.3,10.7,64.1,"ir_object_std (30.7%), temperature_slope (14.7%), ir_object_range (11.4%)"
1008,2902605,0.013491252166972108,5.260079268808176,0.029870785722695747,99.49520140609334,HEALTHY,25.6,9.8,64.6,"ir_object_range (38.2%), ir_object_std (17.2%), temperature_slope (4.3%)"
1009,2905479,0.01178704894347319,6.009648635071573,0.10349248828535784,98.25103822004063,HEALTHY,25.4,10.4,64.2,"ir_object_std (18.5%), ir_object_range (14.4%), ir_object_min (10.9%)"
1010,2908490,0.005361429320981824,6.6700874172350755,0.16835990385714392,97.15481730121432,HEALTHY,55.1,21.0,24.0,"ax_rms (8.3%), gx_mean (8.0%), ir_object_min (7.8%)"
1011,2911375,0.007735696654683364,6.32358279979046,0.1343266828768561,97.72995858663124,HEALTHY,60.7,18.3,21.0,"ir_ambient_std (11.2%), ax_ptp (7.4%), gy_mean (6.9%)"
1012,2914260,0.006293496780241965,5.501327823800433,0.05356589675404859,99.09476805820181,HEALTHY,37.4,56.5,6.2,"sound_peak_peak (25.6%), sound_volts_peak (22.7%), az_std (12.3%)"
1013,2917151,0.014552969967560893,5.362159812911584,0.039897000498360646,99.32576431234068,HEALTHY,28.3,48.1,23.6,"sound_peak_peak (19.6%), sound_volts_peak (19.2%), ir_object_std (15.0%)"
1014,2920035,0.009455907354444272,6.2258060100185295,0.12472317710659567,97.8922521484547,HEALTHY,31.5,52.1,16.4,"sound_peak_peak (18.2%), sound_volts_peak (17.2%), ax_ptp (11.7%)"
1015,2923021,0.009246298563010376,6.179477906898239,0.12017289266098526,97.96914926161884,HEALTHY,27.6,34.1,38.2,"sound_peak_peak (18.1%), ir_object_range (14.0%), ir_object_std (13.3%)"
1016,2925921,0.006380153172334062,5.939086835298719,0.09656200250382212,98.36815932659898,HEALTHY,28.6,32.2,39.2,"temperature_slope (21.6%), ir_object_range (10.5%), sound_volts_mean (7.4%)"
1017,2928804,0.003905775913773985,6.09956731151524,0.11232418065422342,98.10178784775357,HEALTHY,22.4,35.2,42.4,"sound_peak_peak (13.3%), ir_object_range (13.1%), temperature_slope (9.8%)"
1018,2931695,0.007945778440733745,6.015114333503847,0.10402932188927633,98.2419660499633,HEALTHY,20.4,48.2,31.4,"sound_peak_peak (25.2%), sound_volts_peak (20.8%), ir_object_range (18.3%)"
1019,2934560,0.009478924658303077,6.236753996529885,0.12579847372739672,97.87408027218562,HEALTHY,26.5,44.0,29.6,"ir_object_range (23.3%), sound_volts_peak (19.3%), sound_peak_peak (19.0%)"
1020,2937564,0.0051603368977457455,6.234149333597121,0.12554264721107597,97.878403588851,HEALTHY,37.8,29.0,33.2,"ir_object_range (21.2%), sound_volts_mean (7.0%), sound_peak_rms (7.0%)"
1021,2940445,0.00835655749308354,5.704714735268691,0.07354228769955698,98.75717887811672,HEALTHY,32.4,17.3,50.3,"ir_object_range (25.2%), ir_object_std (20.5%), sound_peak_peak (10.6%)"
1022,2943339,0.038638971733466566,4.682605129943864,0.1044210916437761,98.23534537305702,HEALTHY,14.9,76.8,8.3,"sound_peak_peak (29.1%), sound_volts_peak (26.8%), sound_peak_std (5.6%)"
1023,2946340,0.04574560624280339,5.124721999487638,0.17665829174057981,97.01457945899152,HEALTHY,13.7,75.8,10.5,"sound_peak_peak (30.4%), sound_volts_peak (26.6%), ir_object_std (5.0%)"
1024,2949274,0.003149469227240211,5.88414736513061,0.09116592108199217,98.45934990791254,HEALTHY,21.4,35.2,43.5,"ir_object_range (23.0%), ir_ambient_std (11.4%), sound_peak_peak (7.1%)"
1025,2952145,0.008047069411988102,5.783984641977596,0.08132807211999737,98.62560373093494,HEALTHY,18.5,8.3,73.1,"ir_object_range (52.8%), ir_object_std (12.3%), sound_peak_peak (4.2%)"
1026,2955128,0.009398062178166697,5.706418061571483,0.07370958613526606,98.7543516336012,HEALTHY,24.0,11.6,64.4,"ir_object_range (44.1%), ir_object_std (16.7%), sound_peak_std (5.8%)"
1027,2958049,0.006771785360106585,5.570967259294221,0.06040578914734812,98.97917792626943,HEALTHY,16.3,18.2,65.6,"ir_object_range (41.4%), ir_object_std (15.4%), sound_volts_peak (7.4%)"
1028,2960949,0.005629270188007945,5.801741777902293,0.08307215430671977,98.596129774552,HEALTHY,39.5,35.3,25.1,"ir_ambient_std (10.5%), sound_volts_rms (9.6%), sound_peak_peak (7.4%)"
1029,2963840,0.007461920469729423,5.8859404045072345,0.09134203101605613,98.45637375429162,HEALTHY,41.8,29.9,28.2,"ax_peak (12.5%), ax_ptp (11.8%), ir_object_range (10.9%)"
1030,2966833,0.021327487290922813,5.272732730463262,0.031113591835494437,99.47419871858241,HEALTHY,6.7,79.2,14.1,"sound_peak_std (30.6%), sound_volts_std (29.6%), sound_peak_mean (8.2%)"
1031,2969694,0.018186586335633748,5.446289938954064,0.04816014917389258,99.1861219918683,HEALTHY,17.1,68.6,14.3,"sound_volts_std (27.1%), sound_peak_std (23.6%), sound_peak_mean (6.4%)"
1032,2972630,0.03471283885126374,5.625341816904373,0.1394169751767906,97.64393566043721,HEALTHY,12.1,45.0,42.9,"ir_object_std (21.6%), sound_volts_peak (19.9%), ir_object_range (16.7%)"
1033,2975509,0.053388484487646166,30.87722726418012,2.765896008316247,53.25799499042769,HEALTHY,65.1,7.2,27.7,"ay_ptp (15.5%), temperature_slope (13.7%), ay_peak (11.0%)"
1034,2978516,0.0956789735161476,30.803517081122603,3.089886490235457,47.782747662477576,ANOMALY,37.6,4.3,58.1,"temperature_slope (54.7%), ay_ptp (9.2%), ay_peak (6.6%)"
1035,2981418,0.30767360932615573,5.937056019176811,2.3079334466701624,60.997291148452426,HEALTHY,33.6,8.4,58.0,"temperature_slope (29.2%), ir_object_range (11.6%), ir_object_std (7.3%)"
1036,2984299,0.013647068468052987,6.419469838302332,0.14374457980096134,97.57080170441927,HEALTHY,45.3,41.1,13.6,"sound_volts_peak (20.2%), sound_peak_peak (13.1%), ir_object_range (9.4%)"
1037,2987311,0.029889499790111726,6.431558283086241,0.18082482417585927,96.94416752760408,HEALTHY,40.8,14.0,45.1,"ir_object_range (18.4%), ir_object_std (13.6%), temperature_slope (11.1%)"
1038,2990190,0.02618343045836177,6.144604928861958,0.1236137421188973,97.91100094291295,HEALTHY,45.4,17.9,36.7,"temperature_slope (12.3%), acc_mag_peak (9.3%), ir_object_range (9.2%)"
1039,2993065,0.3196821606625982,6.390082432116028,2.4464832186533676,58.65588202943914,HEALTHY,42.8,20.8,36.4,"ir_object_range (23.4%), sound_peak_peak (10.7%), ax_std (10.5%)"
1040,2995995,0.7384499258279847,89.29717231540066,13.869405843688813,0.0,ANOMALY,12.3,0.2,87.5,"ir_object_std (69.0%), temperature_slope (14.4%), ay_mean (3.7%)"
1041,2998995,1.3259092146754705,89.38920016404886,18.479579865251708,0.0,ANOMALY,18.8,1.0,80.2,"ir_object_std (66.7%), temperature_slope (8.2%), ir_object_mean (4.2%)"
1042,3001888,0.19837054020915307,10.368111496932443,1.8870555065520258,68.10987915836688,HEALTHY,9.2,80.4,10.4,"sound_peak_peak (20.4%), sound_volts_peak (18.3%), sound_peak_mean (10.6%)"
1043,3004768,0.2700153029425759,10.059464581713666,2.417881183952513,59.13923948223258,HEALTHY,5.7,84.4,9.9,"sound_peak_peak (27.7%), sound_volts_peak (24.8%), sound_peak_mean (10.4%)"
1044,3007757,0.06378170661431994,9.801679396781534,0.7772862708621155,86.86432220977606,HEALTHY,13.8,7.5,78.6,"ir_object_range (38.0%), ir_object_std (28.6%), temperature_slope (8.9%)"
1045,3010618,0.038733432271114095,9.979896849276367,0.5986058993849004,89.88391470117435,HEALTHY,21.6,46.6,31.8,"temperature_slope (19.7%), sound_volts_peak (12.9%), sound_volts_mean (9.9%)"
1046,3013519,0.058082867021952596,10.568436272516136,0.80796130186422,86.34593234679564,HEALTHY,26.7,8.9,64.5,"ir_ambient_std (33.6%), temperature_slope (21.9%), ax_mean (7.1%)"
1047,3016548,0.10218407340370317,10.843559953703485,1.180395793315934,80.052009938711,HEALTHY,9.7,60.1,30.2,"ir_ambient_std (25.6%), sound_peak_peak (16.1%), sound_volts_peak (12.8%)"
1048,3019424,0.13520289482367073,10.754437629527347,1.430254383771281,75.82954768718979,HEALTHY,18.9,29.5,51.6,"temperature_slope (26.9%), ir_ambient_std (11.1%), ir_object_range (9.6%)"
1049,3022422,0.07144026010718335,10.54043760123203,0.9098299144030442,84.62441310554748,HEALTHY,24.0,5.5,70.5,"ir_ambient_std (64.2%), ay_rms (6.4%), ay_std (4.2%)"
1050,3025324,0.026514619725175506,10.485833476818243,0.5525973762101328,90.6614315037772,HEALTHY,68.0,25.7,6.3,"ay_ptp (13.3%), sound_volts_mean (9.4%), az_rms (8.7%)"
1051,3028193,0.0987089919728186,9.816339489370977,1.0522858216779016,82.2169926127076,HEALTHY,19.0,50.3,30.7,"ir_ambient_std (16.0%), sound_volts_peak (15.8%), sound_peak_peak (13.4%)"
1052,3031192,0.06183030546300388,9.94992796699292,0.7765631621014989,86.87654231971858,HEALTHY,12.5,51.5,35.9,"ir_object_range (12.8%), sound_volts_mean (12.3%), sound_peak_mean (10.7%)"
1053,3034078,0.05737741379044959,9.777429067856621,0.7247443354657948,87.7522498108584,HEALTHY,17.8,6.6,75.6,"temperature_slope (34.1%), ir_object_std (13.8%), ir_ambient_std (10.9%)"
1054,3036913,0.035978154407648205,9.738221458247994,0.5532888064881388,90.64974674143575,HEALTHY,36.0,22.6,41.4,"temperature_slope (29.5%), sound_volts_peak (10.1%), ir_ambient_std (6.5%)"
1055,3039788,0.03009783346106002,9.877821614949376,0.5209439321845971,91.19635596759045,HEALTHY,35.3,47.4,17.3,"sound_volts_peak (18.7%), sound_peak_peak (10.3%), temperature_slope (8.9%)"
1056,3042798,0.3686582809025411,13.181406640725186,3.497111830937751,40.90088049975703,ANOMALY,82.1,9.5,8.4,"ay_ptp (28.2%), ay_peak (18.5%), ay_rms (7.1%)"
1057,3045658,0.3714638457589742,13.180815695112113,3.5190277085612602,40.53051514307435,ANOMALY,82.0,12.0,6.1,"ay_ptp (26.5%), ay_peak (14.9%), ay_rms (8.7%)"
1058,3048558,0.04037214018392503,9.646865039261337,0.5787307495718359,90.21979296606031,HEALTHY,37.5,16.0,46.4,"temperature_slope (27.3%), ax_std (16.7%), ir_ambient_std (10.0%)"
1059,3051554,0.031131632637895208,10.009286108105247,0.5419531854041958,90.8413120265727,HEALTHY,47.1,30.6,22.4,"sound_volts_peak (18.8%), ax_peak (14.5%), ir_object_std (11.6%)"
1060,3054424,0.17892621516204155,10.328148388318525,1.7308373317283436,70.74987382491977,HEALTHY,6.5,27.6,65.9,"ir_ambient_std (49.2%), ir_object_range (5.0%), sound_volts_rms (4.6%)"
1061,3057413,0.12577463215364448,12.075623293112361,1.4861748508986319,74.88452490009107,HEALTHY,28.4,7.6,63.9,"ir_ambient_std (41.7%), ir_object_range (14.0%), ax_peak (6.2%)"
1062,3060324,0.10572601678823877,13.127913595060779,1.432503387819105,75.79154085028998,HEALTHY,31.8,21.3,46.9,"ir_ambient_std (34.2%), sound_volts_mean (8.0%), ax_peak (5.5%)"
1063,3063208,0.3089055763022181,11.758824283551057,2.889388842535004,51.17103920527028,HEALTHY,12.2,59.8,28.1,"ir_ambient_std (25.1%), sound_peak_peak (14.0%), sound_volts_peak (12.4%)"
