timestamp_ms,ir_ambient_c,ir_object_c,sound_peak,sound_volts,ax,ay,az,gx,gy,gz,mx,my,mz
5683,26.73,26.21,0,0.0,1088,-4,-13192,138,287,114,0,0,0
5685,26.73,26.21,802,0.162,1088,-4,-13192,138,287,114,0,0,0
5690,26.73,26.21,2089,0.421,852,-32,-13920,162,268,91,0,0,0
5695,26.73,26.21,1530,0.308,768,-112,-13824,102,191,121,0,0,0
5701,26.73,26.21,1806,0.364,596,-148,-13612,156,225,126,0,0,0
5706,26.73,26.21,1520,0.306,916,-244,-12984,111,328,103,0,0,0
5711,26.73,26.21,1114,0.224,772,-372,-13432,96,415,75,0,0,0
5797,26.73,26.21,2458,0.495,752,-344,-13796,70,364,113,0,0,0
5801,26.73,26.21,2276,0.458,696,-68,-13736,56,270,92,0,0,0
5806,26.73,26.21,1397,0.281,760,12,-13264,76,336,100,0,0,0
5811,26.73,26.21,2350,0.473,928,12,-13276,86,319,92,0,0,0
5815,26.73,26.21,5028,1.013,880,76,-13416,66,419,75,0,0,0
5820,26.73,26.21,3498,0.705,884,100,-13696,76,421,92,0,0,0
5825,26.73,26.21,3852,0.776,944,4,-13776,121,381,81,0,0,0
5835,26.73,26.21,1521,0.306,924,16,-13600,102,279,111,0,0,0
5836,26.73,26.21,223,0.045,924,16,-13600,102,279,111,0,0,0
5840,26.73,26.21,1720,0.346,764,-160,-13684,160,247,89,0,0,0
5845,26.73,26.21,1722,0.347,560,-192,-13784,160,231,107,0,0,0
5851,26.73,26.21,1546,0.311,832,-316,-13580,84,289,113,0,0,0
5856,26.73,26.21,3105,0.625,772,-396,-13288,70,368,80,0,0,0
5925,26.73,26.21,2787,0.561,712,-288,-13632,102,272,103,0,0,0
5930,26.73,26.21,1538,0.31,736,-380,-13580,98,362,120,0,0,0
5935,26.73,26.21,3307,0.666,824,-360,-13480,96,429,125,0,0,0
5941,26.73,26.21,2700,0.544,896,-244,-13736,74,415,100,0,0,0
5946,26.73,26.21,2342,0.472,728,-208,-13820,56,319,118,0,0,0
5950,26.73,26.21,1178,0.237,896,-24,-13344,103,337,98,0,0,0
6033,26.73,26.21,1261,0.254,952,0,-13348,87,358,103,0,0,0
6035,26.73,26.21,803,0.162,952,0,-13348,87,358,103,0,0,0
6041,26.73,26.21,1561,0.314,864,8,-13484,85,393,70,0,0,0
6046,26.73,26.21,1462,0.294,1052,56,-13636,136,386,98,0,0,0
6051,26.73,26.21,1295,0.261,952,36,-13560,115,311,75,0,0,0
6055,26.73,26.21,3581,0.721,864,4,-13384,132,300,118,0,0,0
6060,26.73,26.21,2620,0.528,812,-48,-13404,135,255,86,0,0,0
6065,26.73,26.21,1011,0.204,704,-140,-13676,139,284,111,0,0,0
6071,26.73,26.21,1449,0.292,628,-256,-13776,110,247,103,0,0,0
6076,26.73,26.21,2373,0.478,664,-320,-13608,123,361,117,0,0,0
6081,26.73,26.27,1856,0.374,860,-356,-13440,91,365,89,0,0,0
6085,26.73,26.27,1076,0.217,844,-264,-13668,94,411,83,0,0,0
6090,26.73,26.27,1011,0.204,740,-184,-13840,90,377,96,0,0,0
6095,26.73,26.27,1158,0.233,724,-136,-13764,70,320,126,0,0,0
6164,26.73,26.27,666,0.134,884,-264,-13656,94,373,82,0,0,0
6166,26.73,26.27,581,0.117,884,-264,-13656,94,373,82,0,0,0
6171,26.73,26.27,1584,0.319,784,-160,-13616,88,302,116,0,0,0
6175,26.73,26.27,987,0.199,920,-84,-13472,73,338,105,0,0,0
6261,26.73,26.27,846,0.17,956,96,-13332,101,365,99,0,0,0
6266,26.73,26.27,1051,0.212,956,84,-13484,100,358,86,0,0,0
6270,26.73,26.27,1245,0.251,904,76,-13632,113,353,82,0,0,0
6275,26.73,26.27,1589,0.32,908,-100,-13692,127,309,105,0,0,0
6280,26.73,26.27,1387,0.279,928,-64,-13672,116,253,102,0,0,0
6286,26.73,26.27,1579,0.318,644,-76,-13440,152,253,124,0,0,0
6291,26.73,26.27,1383,0.279,752,-292,-13400,148,291,119,0,0,0
6296,26.73,26.27,1551,0.312,660,-292,-13644,103,309,96,0,0,0
6300,26.73,26.27,2376,0.479,704,-340,-13532,110,344,88,0,0,0
6305,26.73,26.27,5746,1.157,756,-328,-13468,93,355,83,0,0,0
6310,26.73,26.27,4675,0.942,820,-228,-13380,91,352,72,0,0,0
6316,26.73,26.27,4216,0.849,804,-216,-13768,99,371,106,0,0,0
6321,26.73,26.27,2114,0.426,828,-128,-13660,67,324,98,0,0,0
6326,26.73,26.27,4241,0.854,700,-28,-13708,74,324,106,0,0,0
6342,26.73,26.27,2684,0.541,844,84,-13504,114,374,112,0,0,0
6345,26.73,26.27,4418,0.89,872,-132,-13816,120,321,102,0,0,0
6415,26.73,26.27,1130,0.228,992,-36,-13572,87,357,112,0,0,0
6439,26.73,26.27,1331,0.268,664,-232,-13720,135,310,94,0,0,0
6441,26.73,26.27,1711,0.345,664,-232,-13720,135,310,94,0,0,0
6533,26.73,26.27,1568,0.316,724,-212,-13496,98,359,84,0,0,0
6536,26.73,26.27,2941,0.592,864,-248,-13480,81,344,83,0,0,0
6540,26.73,26.27,5935,1.195,900,-92,-13684,83,351,84,0,0,0
6545,26.73,26.27,4014,0.809,848,-52,-13768,88,323,97,0,0,0
6550,26.73,26.27,4535,0.913,796,-44,-13484,72,325,100,0,0,0
6556,26.73,26.27,6268,1.263,880,-64,-13364,67,342,118,0,0,0
6561,26.73,26.27,4366,0.879,972,12,-13476,118,373,71,0,0,0
6565,26.73,26.27,6350,1.279,848,-24,-13632,108,347,99,0,0,0
6570,26.73,26.27,6083,1.225,1008,-44,-13616,133,346,111,0,0,0
6575,26.73,26.27,5845,1.177,848,-44,-13708,104,295,83,0,0,0
6580,26.73,26.27,6109,1.231,788,-96,-13576,123,271,98,0,0,0
6586,26.73,26.29,5820,1.172,724,-200,-13484,129,281,100,0,0,0
6591,26.73,26.29,2495,0.503,712,-232,-13660,118,284,95,0,0,0
6595,26.73,26.29,3111,0.627,748,-296,-13700,105,328,104,0,0,0
6600,26.73,26.29,5394,1.087,768,-260,-13456,109,379,120,0,0,0
6605,26.73,26.29,4982,1.004,876,-160,-13448,81,378,85,0,0,0
6693,26.73,26.29,2452,0.494,860,-132,-13768,84,322,91,0,0,0
6769,26.73,26.29,254,0.051,776,-12,-13564,102,328,71,0,0,0
6770,26.73,26.29,665,0.134,776,-12,-13564,102,328,71,0,0,0
6775,26.73,26.29,2048,0.413,896,36,-13496,93,331,99,0,0,0
6780,26.73,26.29,2359,0.475,804,-40,-13348,88,342,96,0,0,0
6785,26.73,26.29,805,0.162,884,12,-13560,107,369,82,0,0,0
6791,26.73,26.29,1134,0.228,860,-84,-13716,108,340,50,0,0,0
6796,26.73,26.29,1416,0.285,928,-160,-13704,114,316,96,0,0,0
6801,26.73,26.29,974,0.196,856,-56,-13556,112,287,116,0,0,0
6805,26.73,26.29,1013,0.204,784,-296,-13792,143,277,123,0,0,0
6810,26.73,26.29,633,0.128,792,-204,-13628,115,295,85,0,0,0
6815,26.73,26.29,2294,0.462,792,-176,-13668,85,336,109,0,0,0
6821,26.73,26.29,2455,0.495,812,-232,-13612,106,326,95,0,0,0
6826,26.73,26.29,1869,0.376,784,-264,-13532,95,395,99,0,0,0
6843,26.73,26.29,1573,0.317,684,-96,-13828,78,336,108,0,0,0
6845,26.73,26.29,1110,0.224,772,4,-13568,103,305,86,0,0,0
6850,26.73,26.29,2183,0.44,852,-16,-13436,82,321,114,0,0,0
6856,26.73,26.29,3146,0.634,884,48,-13468,129,349,114,0,0,0
6943,26.73,26.29,1515,0.305,880,-32,-13592,117,335,118,0,0,0
6945,26.73,26.29,2203,0.444,936,-160,-13528,108,321,104,0,0,0
6950,26.73,26.29,3728,0.751,796,-144,-13544,111,277,106,0,0,0
7020,26.73,26.29,304,0.061,812,-152,-13696,122,301,104,0,0,0
7025,26.73,26.29,2337,0.471,836,-108,-13620,120,253,107,0,0,0
7031,26.73,26.29,2255,0.454,848,-160,-13464,108,314,120,0,0,0
7036,26.73,26.29,3417,0.688,732,-236,-13504,104,301,83,0,0,0
7041,26.73,26.29,3514,0.708,648,-176,-13580,101,349,100,0,0,0
7045,26.73,26.29,3048,0.614,600,-220,-13624,99,355,107,0,0,0
7050,26.73,26.29,3665,0.738,796,-124,-13424,96,394,88,0,0,0
7055,26.73,26.29,3603,0.726,868,-84,-13548,65,372,99,0,0,0
7061,26.73,26.29,3759,0.757,912,-240,-13468,85,348,94,0,0,0
7066,26.73,26.29,2563,0.516,756,-84,-13696,89,334,114,0,0,0
7071,26.73,26.29,2498,0.503,880,-28,-13604,102,299,94,0,0,0
7075,26.73,26.29,1325,0.267,920,36,-13532,76,310,99,0,0,0
7080,26.73,26.29,2522,0.508,896,-56,-13364,105,325,86,0,0,0
7085,26.73,26.29,2831,0.57,924,-40,-13336,109,362,85,0,0,0
7170,26.73,26.21,2287,0.461,848,-72,-13736,109,304,103,0,0,0
7175,26.73,26.21,2151,0.433,796,-180,-13584,111,294,106,0,0,0
7180,26.73,26.21,2176,0.438,800,-160,-13540,115,312,114,0,0,0
7185,26.73,26.21,5145,1.036,752,-280,-13524,115,341,82,0,0,0
7190,26.73,26.21,3009,0.606,680,-268,-13476,93,342,92,0,0,0
7196,26.73,26.21,3300,0.665,672,-216,-13552,103,349,83,0,0,0
7266,26.73,26.21,570,0.115,752,-200,-13660,89,341,98,0,0,0
7270,26.73,26.21,2257,0.455,796,-252,-13604,86,314,88,0,0,0
7275,26.73,26.21,2275,0.458,792,-188,-13428,99,343,125,0,0,0
7280,26.73,26.21,1442,0.29,896,-144,-13596,118,346,93,0,0,0
7286,26.73,26.21,1621,0.327,872,-188,-13700,90,322,96,0,0,0
7291,26.73,26.21,1865,0.376,760,-84,-13712,84,341,76,0,0,0
7295,26.73,26.21,1191,0.24,744,-12,-13508,103,340,83,0,0,0
7300,26.73,26.21,2485,0.501,884,-84,-13388,108,357,94,0,0,0
7305,26.73,26.21,1196,0.241,900,-112,-13424,104,359,106,0,0,0
7311,26.73,26.21,2104,0.424,868,-16,-13640,116,358,121,0,0,0
7316,26.73,26.21,1160,0.234,840,-100,-13616,110,280,92,0,0,0
7399,26.73,26.21,106,0.021,884,-60,-13352,109,287,90,0,0,0
7411,26.73,26.21,863,0.174,780,-216,-13540,101,323,110,0,0,0
7435,26.73,26.21,2530,0.51,808,-144,-13576,107,354,90,0,0,0
7440,26.73,26.21,3009,0.606,824,-176,-13692,82,319,100,0,0,0
7445,26.73,26.21,1456,0.293,916,-56,-13444,100,346,83,0,0,0
7451,26.73,26.21,5502,1.108,960,-24,-13412,95,355,123,0,0,0
7456,26.73,26.21,1777,0.358,772,-28,-13616,77,372,109,0,0,0
7461,26.73,26.21,2678,0.539,896,-112,-13712,101,354,108,0,0,0
7465,26.73,26.21,1158,0.233,856,4,-13708,108,326,95,0,0,0
7535,26.73,26.21,2579,0.519,880,-152,-13708,107,340,98,0,0,0
7540,26.73,26.21,2820,0.568,920,-168,-13540,139,332,95,0,0,0
7545,26.73,26.21,3476,0.7,836,-84,-13468,83,275,91,0,0,0
7550,26.73,26.21,3670,0.739,868,-72,-13508,122,292,109,0,0,0
7556,26.73,26.21,2400,0.483,748,-116,-13640,118,320,98,0,0,0
7561,26.73,26.21,2922,0.589,792,-124,-13640,143,353,94,0,0,0
7566,26.73,26.21,4267,0.859,748,-220,-13660,59,345,77,0,0,0
7570,26.73,26.21,2770,0.558,856,-164,-13456,95,366,121,0,0,0
7657,26.77,26.23,1920,0.387,932,-72,-13588,93,355,98,0,0,0
7661,26.77,26.23,1583,0.319,928,-84,-13604,94,341,98,0,0,0
7666,26.77,26.23,2210,0.445,816,-108,-13560,84,321,91,0,0,0
7671,26.77,26.23,2655,0.535,856,-100,-13544,96,303,92,0,0,0
7675,26.77,26.23,2849,0.574,900,-184,-13444,127,314,103,0,0,0
7680,26.77,26.23,1694,0.341,772,-100,-13456,119,350,119,0,0,0
7685,26.77,26.23,1609,0.324,892,-160,-13744,89,323,104,0,0,0
7691,26.77,26.23,2535,0.511,716,-144,-13596,119,322,115,0,0,0
7696,26.77,26.23,2429,0.489,784,-168,-13552,108,324,120,0,0,0
7701,26.77,26.23,2910,0.586,732,-104,-13408,81,320,110,0,0,0
7705,26.77,26.23,2508,0.505,604,-196,-13584,117,315,120,0,0,0
7710,26.77,26.23,2690,0.542,752,-156,-13564,77,331,133,0,0,0
7781,26.77,26.23,1217,0.245,912,-20,-13520,108,340,280,0,0,0
7786,26.77,26.23,4618,0.93,776,16,-13780,143,302,295,0,0,0
7790,26.77,26.23,2754,0.555,896,-108,-13596,153,312,281,0,0,0
7795,26.77,26.23,3647,0.735,668,-200,-13432,88,251,299,0,0,0
7800,26.77,26.23,2908,0.586,572,-308,-13496,112,307,317,0,0,0
7886,26.77,26.23,4909,0.989,732,-192,-13496,66,362,297,0,0,0
7910,26.77,26.23,3528,0.711,1096,-216,-13660,111,308,209,0,0,0
7911,26.77,26.23,594,0.12,1096,-216,-13660,111,308,209,0,0,0
7915,26.77,26.23,2044,0.412,884,-140,-13548,143,286,205,0,0,0
7921,26.77,26.23,3869,0.779,860,-440,-13688,151,233,183,0,0,0
7926,26.77,26.23,3717,0.749,664,-400,-13600,135,157,163,0,0,0
7931,26.77,26.23,2754,0.555,580,-400,-13584,148,248,169,0,0,0
7935,26.77,26.23,2605,0.525,776,-284,-13396,65,331,160,0,0,0
7940,26.77,26.23,1856,0.374,752,-248,-13288,85,447,112,0,0,0
7945,26.77,26.23,2759,0.556,1000,-352,-13344,40,479,103,0,0,0
7951,26.77,26.23,2403,0.484,720,-228,-13768,72,428,79,0,0,0
7956,26.77,26.23,3068,0.618,864,-80,-13588,82,343,101,0,0,0
7961,26.77,26.23,3911,0.788,652,-48,-13732,42,248,103,0,0,0
7965,26.77,26.23,4392,0.885,1028,-80,-13392,68,252,83,0,0,0
7970,26.77,26.23,6247,1.258,700,12,-13196,102,281,117,0,0,0
8041,26.77,26.23,171,0.034,860,-128,-13768,88,266,100,0,0,0
8045,26.77,26.23,2091,0.421,984,20,-13144,133,338,91,0,0,0
8050,26.77,26.23,2287,0.461,892,64,-13408,57,303,85,0,0,0
8055,26.77,26.23,2595,0.523,980,-28,-13452,147,383,83,0,0,0
8139,26.77,26.23,2412,0.486,788,-80,-13684,96,310,91,0,0,0
8141,26.73,26.29,1644,0.331,788,-80,-13684,96,310,91,0,0,0
8146,26.73,26.29,3054,0.615,936,-152,-13688,142,305,101,0,0,0
8151,26.73,26.29,2132,0.429,836,-108,-13512,131,300,104,0,0,0
8155,26.73,26.29,1873,0.377,692,-328,-13744,108,255,90,0,0,0
8160,26.73,26.29,2534,0.51,700,-272,-13516,119,310,118,0,0,0
8165,26.73,26.29,2367,0.477,716,-296,-13584,71,290,99,0,0,0
8170,26.73,26.29,1409,0.284,864,-208,-13232,130,426,87,0,0,0
8176,26.73,26.29,3627,0.731,832,-260,-13436,47,362,100,0,0,0
8181,26.73,26.29,2304,0.464,832,-184,-13652,73,414,95,0,0,0
8185,26.73,26.29,2683,0.54,848,-96,-13808,65,353,106,0,0,0
8190,26.73,26.29,992,0.2,952,-12,-13620,100,324,105,0,0,0
8195,26.73,26.29,2087,0.42,944,-28,-13132,99,303,109,0,0,0
8201,26.73,26.29,1822,0.367,936,-96,-13504,111,271,124,0,0,0
8206,26.73,26.29,1504,0.303,856,28,-13492,131,369,90,0,0,0
8211,26.73,26.29,2503,0.504,852,-28,-13572,88,317,109,0,0,0
8280,26.73,26.29,909,0.183,804,-24,-13424,99,345,89,0,0,0
8367,26.73,26.29,2898,0.584,852,-56,-13640,101,327,98,0,0,0
8388,26.73,26.29,440,0.089,664,-216,-13696,137,322,93,0,0,0
8391,26.73,26.29,2640,0.532,760,-192,-13500,94,379,107,0,0,0
8395,26.73,26.29,4334,0.873,748,-192,-13584,104,381,61,0,0,0
8400,26.73,26.29,4097,0.825,1012,-144,-13268,95,377,116,0,0,0
8405,26.73,26.29,2283,0.46,816,-20,-13708,87,351,107,0,0,0
8411,26.73,26.29,3288,0.662,856,-88,-13488,121,338,105,0,0,0
8435,26.73,26.29,1371,0.276,840,-112,-13616,132,347,117,0,0,0
8440,26.73,26.29,2554,0.514,880,-200,-13772,100,297,101,0,0,0
8446,26.73,26.29,3215,0.648,880,-192,-13472,102,297,102,0,0,0
8451,26.73,26.29,3713,0.748,768,-220,-13348,140,276,83,0,0,0
8456,26.73,26.29,1279,0.258,728,-164,-13556,124,302,86,0,0,0
8460,26.73,26.29,2497,0.503,688,-280,-13684,101,329,94,0,0,0
8465,26.73,26.29,2874,0.579,780,-264,-13708,86,386,73,0,0,0
8470,26.73,26.29,1293,0.26,896,-164,-13492,93,385,95,0,0,0
8476,26.73,26.29,2987,0.602,672,-136,-13548,116,355,111,0,0,0
8481,26.73,26.29,2541,0.512,776,-60,-13384,82,322,85,0,0,0
8565,26.73,26.29,844,0.17,844,44,-13676,108,325,86,0,0,0
8570,26.73,26.29,2484,0.5,904,-68,-13328,92,366,96,0,0,0
8641,26.77,26.29,1853,0.373,848,-32,-13640,86,298,105,0,0,0
8645,26.77,26.29,2014,0.406,860,-80,-13460,97,314,95,0,0,0
8650,26.77,26.29,2530,0.51,832,-128,-13372,110,382,96,0,0,0
8655,26.77,26.29,529,0.107,936,-112,-13520,96,343,97,0,0,0
8661,26.77,26.29,2540,0.512,852,-192,-13748,122,362,95,0,0,0
8666,26.77,26.29,1682,0.339,748,-96,-13616,115,283,97,0,0,0
8671,26.77,26.29,2108,0.425,884,-208,-13592,117,257,101,0,0,0
8675,26.77,26.29,1275,0.257,756,-228,-13416,113,294,100,0,0,0
8680,26.77,26.29,1451,0.292,564,-204,-13576,104,313,108,0,0,0
8685,26.77,26.29,1573,0.317,760,-300,-13488,99,355,98,0,0,0
8691,26.77,26.29,2784,0.561,732,-180,-13684,86,358,91,0,0,0
8696,26.77,26.29,2584,0.52,860,-256,-13588,102,374,115,0,0,0
8701,26.77,26.29,1490,0.3,916,-136,-13536,76,330,89,0,0,0
8705,26.77,26.29,2542,0.512,848,-136,-13612,90,331,95,0,0,0
8710,26.77,26.29,2732,0.55,880,-128,-13628,92,335,115,0,0,0
8793,26.77,26.29,17,0.003,880,-128,-13628,92,335,115,0,0,0
8795,26.77,26.29,441,0.089,924,88,-13252,116,372,88,0,0,0
8800,26.77,26.29,1922,0.387,960,-92,-13352,116,354,108,0,0,0
8806,26.77,26.29,2328,0.469,836,-104,-13684,103,339,113,0,0,0
8811,26.77,26.29,2454,0.494,888,-164,-13796,104,305,94,0,0,0
8881,26.77,26.29,594,0.12,824,-100,-13824,82,336,90,0,0,0
8905,26.77,26.29,3189,0.642,624,-216,-13548,94,369,102,0,0,0
8910,26.77,26.29,3820,0.769,908,-312,-13788,101,369,97,0,0,0
8915,26.77,26.29,1753,0.353,764,-112,-13576,88,355,91,0,0,0
8920,26.77,26.29,3123,0.629,784,-84,-13404,99,346,98,0,0,0
8926,26.77,26.29,2915,0.587,860,-84,-13428,85,310,106,0,0,0
8931,26.77,26.29,3478,0.701,832,-60,-13508,96,322,109,0,0,0
8936,26.77,26.29,4218,0.85,784,-160,-13688,58,328,102,0,0,0
8940,26.77,26.29,2894,0.583,832,-104,-13592,101,331,118,0,0,0
8945,26.77,26.29,2849,0.574,868,-40,-13344,123,350,113,0,0,0
8950,26.77,26.29,3802,0.766,928,-48,-13364,110,364,66,0,0,0
8956,26.77,26.29,4101,0.826,844,-192,-13656,107,330,113,0,0,0
8961,26.77,26.29,1409,0.284,824,-236,-13916,113,289,113,0,0,0
9045,26.77,26.29,1406,0.283,796,-176,-13392,116,305,82,0,0,0
9050,26.77,26.29,2001,0.403,792,-160,-13336,118,353,102,0,0,0
9055,26.77,26.29,2725,0.549,900,-196,-13516,104,389,97,0,0,0
9061,26.77,26.29,1367,0.275,860,-144,-13812,73,381,104,0,0,0
9066,26.77,26.29,1132,0.228,780,-208,-13620,92,347,110,0,0,0
9071,26.77,26.29,758,0.153,908,-92,-13468,100,305,120,0,0,0
9075,26.77,26.29,2521,0.508,892,-20,-13188,114,324,101,0,0,0
9146,26.77,26.29,20,0.004,948,-32,-13348,108,307,94,0,0,0
9151,26.71,26.21,1164,0.234,900,-48,-13316,103,336,95,0,0,0
9156,26.71,26.21,1242,0.25,816,-16,-13372,105,323,75,0,0,0
9160,26.71,26.21,902,0.182,856,-124,-13792,113,328,77,0,0,0
9165,26.71,26.21,1621,0.327,924,36,-13528,123,331,105,0,0,0
9170,26.71,26.21,2226,0.448,904,48,-13296,111,322,110,0,0,0
9176,26.71,26.21,1365,0.275,928,-48,-13128,104,321,70,0,0,0
9181,26.71,26.21,2501,0.504,876,-184,-13692,126,340,79,0,0,0
9185,26.71,26.21,2648,0.533,740,-192,-13708,114,292,91,0,0,0
9190,26.71,26.21,2208,0.445,700,-156,-13376,117,324,103,0,0,0
9274,26.71,26.21,1155,0.233,700,-156,-13376,117,324,103,0,0,0
9275,26.71,26.21,598,0.12,860,-192,-13244,108,351,77,0,0,0
9280,26.71,26.21,905,0.182,804,-136,-13680,90,385,100,0,0,0
9286,26.71,26.21,2499,0.503,780,-140,-13872,118,348,82,0,0,0
9291,26.71,26.21,1159,0.233,760,-172,-13780,78,298,87,0,0,0
9296,26.71,26.21,1393,0.281,908,-28,-13328,80,267,90,0,0,0
9300,26.71,26.21,2538,0.511,956,-152,-13308,95,334,87,0,0,0
9305,26.71,26.21,3264,0.657,872,44,-13368,89,371,87,0,0,0
9310,26.71,26.21,2172,0.438,748,-48,-13988,125,333,98,0,0,0
9316,26.71,26.21,2386,0.481,788,-108,-13732,100,315,128,0,0,0
9386,26.71,26.21,22,0.004,756,-176,-13956,69,339,72,0,0,0
9407,26.71,26.21,1229,0.248,880,-132,-13492,96,333,87,0,0,0
9410,26.71,26.21,2654,0.535,720,-112,-13864,105,308,86,0,0,0
9415,26.71,26.21,3174,0.639,764,-152,-13620,97,292,119,0,0,0
9436,26.71,26.21,1186,0.239,704,-132,-13936,118,351,99,0,0,0
9441,26.71,26.21,2691,0.542,816,-136,-13796,98,321,122,0,0,0
9446,26.71,26.21,1032,0.208,888,-108,-13396,86,298,106,0,0,0
9450,26.71,26.21,1776,0.358,868,-28,-13364,131,342,76,0,0,0
9455,26.71,26.21,1556,0.313,856,-96,-13516,91,364,77,0,0,0
9541,26.71,26.21,1503,0.303,788,-176,-13868,96,332,110,0,0,0
9546,26.71,26.21,3635,0.732,860,-172,-13368,86,325,108,0,0,0
9551,26.71,26.21,2525,0.509,840,-156,-13228,90,316,105,0,0,0
9555,26.71,26.21,3704,0.746,784,-80,-13380,100,360,79,0,0,0
9560,26.71,26.21,4634,0.933,744,-220,-13764,117,329,89,0,0,0
9565,26.71,26.21,5041,1.015,816,-16,-13832,109,323,83,0,0,0
9571,26.71,26.21,6702,1.35,896,-144,-13372,99,309,103,0,0,0
9576,26.71,26.21,4729,0.953,956,-112,-13376,96,342,100,0,0,0
9581,26.71,26.21,3696,0.744,840,-136,-13516,102,341,68,0,0,0
9585,26.71,26.21,3402,0.685,792,-144,-13916,95,320,111,0,0,0
9590,26.71,26.21,3604,0.726,720,-124,-13768,67,309,91,0,0,0
9661,26.77,26.27,2841,0.572,796,-116,-13856,91,328,96,0,0,0
9666,26.77,26.27,3913,0.788,804,-168,-13788,97,329,126,0,0,0
9670,26.77,26.27,1920,0.387,868,-148,-13512,100,321,116,0,0,0
9675,26.77,26.27,3394,0.684,916,-140,-13200,104,331,82,0,0,0
9680,26.77,26.27,2403,0.484,808,-72,-13620,91,356,118,0,0,0
9686,26.77,26.27,2425,0.488,840,-232,-13772,98,327,89,0,0,0
9770,26.77,26.27,1494,0.301,940,-36,-13496,116,333,95,0,0,0
9775,26.77,26.27,1776,0.358,932,-88,-13256,100,355,101,0,0,0
9780,26.77,26.27,2278,0.459,840,-136,-13644,93,338,96,0,0,0
9786,26.77,26.27,2806,0.565,752,-260,-13888,108,328,86,0,0,0
9791,26.77,26.27,1849,0.372,828,-80,-13896,123,332,106,0,0,0
9795,26.77,26.27,1961,0.395,856,-176,-13268,87,330,94,0,0,0
9800,26.77,26.27,1666,0.336,976,-148,-13240,89,338,103,0,0,0
9805,26.77,26.27,1783,0.359,920,-140,-13344,86,379,106,0,0,0
9811,26.77,26.27,1198,0.241,728,-176,-13712,93,338,94,0,0,0
9816,26.77,26.27,987,0.199,804,-108,-13624,72,329,77,0,0,0
9821,26.77,26.27,523,0.105,832,-168,-13384,93,333,109,0,0,0
9825,26.77,26.27,1624,0.327,916,-136,-13296,108,336,102,0,0,0
9846,26.77,26.27,100,0.02,796,-44,-13428,116,318,122,0,0,0
9850,26.77,26.27,2273,0.458,912,-164,-13272,100,354,107,0,0,0
9921,26.77,26.27,123,0.025,892,-132,-13480,95,315,105,0,0,0
9926,26.77,26.27,2293,0.462,904,-132,-13336,95,336,89,0,0,0
9930,26.77,26.27,2664,0.537,840,-128,-13428,92,349,96,0,0,0
9935,26.77,26.27,1430,0.288,804,8,-13416,105,328,95,0,0,0
10024,26.77,26.27,1659,0.334,804,8,-13416,105,328,95,0,0,0
10025,26.77,26.27,288,0.058,912,-188,-13104,106,364,85,0,0,0
10030,26.77,26.27,3047,0.614,832,-112,-13648,94,367,97,0,0,0
10035,26.77,26.27,1828,0.368,860,-92,-13944,114,371,91,0,0,0
10040,26.77,26.27,1475,0.297,816,-152,-13700,98,336,85,0,0,0
10046,26.77,26.27,1073,0.216,872,-24,-13468,67,309,91,0,0,0
10051,26.77,26.27,1348,0.272,844,-84,-13136,132,340,88,0,0,0
10056,26.77,26.27,3103,0.625,768,-168,-13376,106,357,89,0,0,0
10060,26.77,26.27,2949,0.594,800,-240,-13688,94,325,94,0,0,0
10065,26.77,26.27,757,0.152,808,-80,-13684,77,321,95,0,0,0
10070,26.77,26.27,2416,0.487,864,-96,-13280,69,316,99,0,0,0
10076,26.77,26.27,1498,0.302,896,-136,-13260,109,352,75,0,0,0
10081,26.77,26.27,1229,0.248,736,-80,-13628,99,354,84,0,0,0
10086,26.73,26.11,2311,0.466,636,-120,-13656,92,340,96,0,0,0
10090,26.73,26.11,1848,0.372,808,-20,-13700,90,325,108,0,0,0
10095,26.73,26.11,1172,0.236,708,-116,-13392,108,348,129,0,0,0
10166,26.73,26.11,228,0.046,808,-228,-13724,98,297,103,0,0,0
10259,26.73,26.11,999,0.201,916,-96,-13464,110,356,89,0,0,0
10261,26.73,26.11,672,0.135,764,-44,-13816,92,327,109,0,0,0
10266,26.73,26.11,595,0.12,812,-132,-13644,72,302,81,0,0,0
10270,26.73,26.11,802,0.162,904,-184,-13556,78,312,122,0,0,0
10275,26.73,26.11,1449,0.292,900,-40,-13392,107,331,108,0,0,0
10280,26.73,26.11,1665,0.335,776,-144,-13464,86,360,91,0,0,0
10286,26.73,26.11,1572,0.317,828,-132,-13724,115,359,107,0,0,0
10291,26.73,26.11,1408,0.284,684,-148,-13864,85,320,78,0,0,0
10296,26.73,26.11,863,0.174,836,-164,-13520,112,341,76,0,0,0
10300,26.73,26.11,997,0.201,896,-128,-13392,109,321,98,0,0,0
10305,26.73,26.11,1360,0.274,840,-164,-13500,98,315,77,0,0,0
10310,26.73,26.11,1736,0.35,800,-176,-13676,94,352,121,0,0,0
10316,26.73,26.11,2210,0.445,804,-200,-13644,114,334,105,0,0,0
10321,26.73,26.11,2107,0.424,844,-184,-13540,103,319,100,0,0,0
10325,26.73,26.11,1312,0.264,904,-96,-13328,81,323,79,0,0,0
10336,26.73,26.11,1954,0.394,860,-48,-13780,129,317,92,0,0,0
10340,26.73,26.11,2610,0.526,760,-152,-13672,106,327,99,0,0,0
10345,26.73,26.11,2854,0.575,956,-156,-13348,88,344,87,0,0,0
10459,26.73,26.11,3687,0.743,876,-148,-13560,108,334,100,0,0,0
10536,26.73,26.11,1227,0.247,836,-148,-13568,104,331,95,0,0,0
10541,26.73,26.11,1961,0.395,824,-148,-13588,69,351,112,0,0,0
10546,26.73,26.11,3964,0.798,840,-128,-13440,117,371,91,0,0,0
10551,26.73,26.11,1680,0.338,860,-228,-13620,73,327,91,0,0,0
10556,26.73,26.11,962,0.194,816,-56,-13460,95,319,84,0,0,0
10560,26.73,26.11,1734,0.349,848,-224,-13520,98,345,94,0,0,0
10565,26.73,26.11,2706,0.545,896,-80,-13640,128,309,96,0,0,0
10570,26.73,26.11,3148,0.634,832,-80,-13456,100,340,104,0,0,0
10576,26.73,26.11,1986,0.4,776,-128,-13548,133,337,110,0,0,0
10581,26.73,26.05,2717,0.547,900,-112,-13492,94,350,114,0,0,0
10585,26.73,26.05,3839,0.773,788,-180,-13772,122,301,102,0,0,0
10590,26.73,26.05,2814,0.567,812,-280,-13612,111,338,81,0,0,0
10595,26.73,26.05,1322,0.266,932,-180,-13700,90,277,104,0,0,0
10600,26.73,26.05,2721,0.548,820,-100,-13372,104,325,89,0,0,0
10606,26.73,26.05,4392,0.885,764,-104,-13668,85,353,100,0,0,0
10611,26.73,26.05,4929,0.993,896,-152,-13480,99,349,114,0,0,0
10701,26.73,26.05,1197,0.241,792,-164,-13620,109,332,95,0,0,0
10705,26.73,26.05,2678,0.539,764,-56,-13872,83,291,103,0,0,0
10710,26.73,26.05,2560,0.516,780,-100,-13584,112,303,108,0,0,0
10715,26.73,26.05,1739,0.35,804,-112,-13444,95,339,104,0,0,0
10788,26.73,26.05,11,0.002,772,-28,-13620,109,327,92,0,0,0
10790,26.73,26.05,1185,0.239,860,-128,-13440,88,357,103,0,0,0
10795,26.73,26.05,1326,0.267,956,-176,-13564,105,382,97,0,0,0
10800,26.73,26.05,2945,0.593,864,-136,-13552,106,342,103,0,0,0
10806,26.73,26.05,2017,0.406,804,-64,-13720,84,349,81,0,0,0
10811,26.73,26.05,981,0.198,764,-172,-13616,105,309,71,0,0,0
10816,26.73,26.05,702,0.141,788,-188,-13436,85,312,121,0,0,0
10820,26.73,26.05,751,0.151,772,-144,-13364,94,314,88,0,0,0
10825,26.73,26.05,1417,0.285,884,-164,-13680,102,356,92,0,0,0
10835,26.73,26.05,95,0.019,784,-156,-13644,67,349,99,0,0,0
10840,26.73,26.05,2068,0.417,900,-120,-13472,112,345,106,0,0,0
10845,26.73,26.05,2181,0.439,764,-176,-13488,101,332,97,0,0,0
10851,26.73,26.05,777,0.157,732,-156,-13512,116,330,81,0,0,0
10856,26.73,26.05,492,0.099,816,-184,-13556,106,325,94,0,0,0
10947,26.73,26.05,1678,0.338,796,-224,-13352,98,334,101,0,0,0
10950,26.73,26.05,909,0.183,928,-88,-13632,94,343,83,0,0,0
10955,26.73,26.05,1336,0.269,812,-148,-13692,92,332,106,0,0,0
10960,26.73,26.05,3130,0.63,804,-132,-13660,102,315,109,0,0,0
10966,26.73,26.05,2354,0.474,816,-116,-13364,110,298,119,0,0,0
10971,26.73,26.05,1300,0.262,864,-100,-13352,100,323,103,0,0,0
11044,26.73,26.05,1900,0.383,1000,-64,-13488,90,319,109,0,0,0
11045,26.73,26.05,1412,0.284,856,-92,-13216,103,349,105,0,0,0
11050,26.73,26.05,3994,0.805,832,-192,-13400,97,357,86,0,0,0
11056,26.73,26.05,3356,0.676,816,-100,-13784,97,349,120,0,0,0
11061,26.73,26.05,2802,0.564,828,-60,-13756,93,319,110,0,0,0
11065,26.73,26.05,2558,0.515,836,-76,-13528,98,325,86,0,0,0
11070,26.73,26.05,3310,0.667,824,-192,-13320,126,335,93,0,0,0
11075,26.73,26.05,5507,1.109,824,-168,-13620,110,337,108,0,0,0
11080,26.79,26.21,2526,0.509,764,-124,-13736,108,355,121,0,0,0
11086,26.79,26.21,3889,0.783,684,-212,-13544,108,305,102,0,0,0
11091,26.79,26.21,2098,0.423,812,-132,-13580,103,351,94,0,0,0
11184,26.79,26.21,4254,0.857,720,-196,-13808,113,311,84,0,0,0
11185,26.79,26.21,107,0.022,800,-100,-13616,121,320,98,0,0,0
11190,26.79,26.21,1739,0.35,840,-144,-13244,87,325,94,0,0,0
11195,26.79,26.21,2054,0.414,836,-52,-13576,92,356,78,0,0,0
11200,26.79,26.21,1907,0.384,812,-148,-13556,80,358,74,0,0,0
11206,26.79,26.21,1320,0.266,812,-52,-13716,117,343,114,0,0,0
11211,26.79,26.21,2024,0.408,812,-108,-13668,100,331,102,0,0,0
11216,26.79,26.21,1101,0.222,756,-184,-13344,89,319,110,0,0,0
11220,26.79,26.21,3135,0.631,840,4,-13480,92,328,103,0,0,0
11293,26.79,26.21,2784,0.561,848,-164,-13348,135,330,97,0,0,0
11295,26.79,26.21,498,0.1,796,-108,-13496,113,325,95,0,0,0
11300,26.79,26.21,2783,0.561,756,-180,-13732,87,318,103,0,0,0
11306,26.79,26.21,3869,0.779,736,-32,-13744,98,325,94,0,0,0
11311,26.79,26.21,882,0.178,772,-184,-13488,91,337,86,0,0,0
11315,26.79,26.21,2146,0.432,852,-316,-13560,92,348,92,0,0,0
11320,26.79,26.21,1134,0.228,828,-80,-13376,85,331,85,0,0,0
11325,26.79,26.21,2280,0.459,800,-48,-13664,101,318,87,0,0,0
11339,26.79,26.21,2188,0.441,888,-136,-13564,94,335,85,0,0,0
11340,26.79,26.21,3249,0.654,932,-100,-13612,117,329,95,0,0,0
11434,26.79,26.21,4397,0.886,900,-212,-13708,96,343,108,0,0,0
11458,26.79,26.21,2521,0.508,656,-160,-13720,107,326,113,0,0,0
11460,26.79,26.21,3020,0.608,780,-200,-13692,73,307,84,0,0,0
11465,26.79,26.21,4457,0.898,888,-96,-13480,126,308,91,0,0,0
11470,26.79,26.21,4138,0.834,936,-204,-13416,93,330,102,0,0,0
11475,26.79,26.21,1067,0.215,856,-152,-13644,97,324,95,0,0,0
11481,26.79,26.21,3169,0.638,812,-76,-13720,92,347,94,0,0,0
11486,26.79,26.21,3338,0.672,820,-144,-13672,95,335,101,0,0,0
11490,26.79,26.21,1900,0.383,952,-148,-13284,89,332,93,0,0,0
11495,26.79,26.21,3031,0.611,892,-92,-13392,91,360,88,0,0,0
11567,26.79,26.21,1957,0.394,940,-100,-13448,97,336,110,0,0,0
11571,26.79,26.21,3048,0.614,908,-84,-13532,139,338,101,0,0,0
11575,26.79,26.21,3412,0.687,896,-108,-13564,104,333,109,0,0,0
11580,26.73,26.29,1389,0.28,776,-184,-13772,74,338,84,0,0,0
11585,26.73,26.29,1968,0.396,728,-156,-13520,84,314,79,0,0,0
11590,26.73,26.29,3188,0.642,808,-156,-13432,100,322,88,0,0,0
11596,26.73,26.29,2907,0.586,888,-76,-13224,83,320,83,0,0,0
11601,26.73,26.29,3923,0.79,824,-148,-13536,105,361,81,0,0,0
11693,26.73,26.29,3714,0.748,748,-228,-13684,78,295,83,0,0,0
11695,26.73,26.29,2642,0.532,816,-204,-13408,89,333,93,0,0,0
11700,26.73,26.29,2154,0.434,828,-120,-13512,122,351,85,0,0,0
11705,26.73,26.29,3797,0.765,908,-88,-13620,83,347,90,0,0,0
11710,26.73,26.29,3692,0.744,760,-148,-13788,85,371,80,0,0,0
11716,26.73,26.29,2485,0.501,844,-56,-13468,88,346,121,0,0,0
11721,26.73,26.29,3240,0.653,780,-68,-13428,114,324,103,0,0,0
11725,26.73,26.29,3801,0.766,920,-84,-13560,117,323,90,0,0,0
11730,26.73,26.29,1686,0.34,776,-84,-13904,98,305,83,0,0,0
11735,26.73,26.29,3786,0.763,696,-116,-13632,110,331,117,0,0,0
11741,26.73,26.29,4870,0.981,856,-80,-13516,98,325,109,0,0,0
11746,26.73,26.29,3349,0.675,848,-192,-13408,82,348,106,0,0,0
11818,26.73,26.29,1519,0.306,880,-64,-13436,76,318,115,0,0,0
11820,26.73,26.29,1892,0.381,880,-112,-13548,112,347,81,0,0,0
11825,26.73,26.29,2241,0.451,788,-192,-13592,124,334,99,0,0,0
11835,26.73,26.29,597,0.12,780,-152,-13712,89,311,117,0,0,0
11841,26.73,26.29,2523,0.508,816,-80,-13360,70,338,106,0,0,0
11846,26.73,26.29,950,0.191,796,-96,-13420,101,324,83,0,0,0
11938,26.73,26.29,891,0.179,736,-216,-13660,85,326,103,0,0,0
11941,26.73,26.29,1493,0.301,748,-80,-13524,103,307,122,0,0,0
11946,26.73,26.29,3113,0.627,852,-48,-13356,83,353,99,0,0,0
11950,26.73,26.29,1888,0.38,860,-80,-13636,98,336,97,0,0,0
11955,26.73,26.29,3584,0.722,812,-160,-13696,109,327,80,0,0,0
11960,26.73,26.29,2952,0.595,788,-192,-13624,129,343,114,0,0,0
11966,26.73,26.29,2025,0.408,892,-124,-13408,84,315,90,0,0,0
11971,26.73,26.29,2888,0.582,868,-144,-13372,108,346,81,0,0,0
11976,26.73,26.29,710,0.143,792,-128,-13572,70,341,110,0,0,0
11980,26.73,26.29,2739,0.552,836,-120,-13724,113,348,105,0,0,0
11985,26.73,26.29,2974,0.599,792,-104,-13600,76,327,92,0,0,0
11990,26.73,26.29,1603,0.323,844,-140,-13300,90,340,120,0,0,0
11996,26.73,26.29,825,0.166,916,-144,-13544,73,355,83,0,0,0
12001,26.73,26.29,1603,0.323,692,-32,-13500,101,335,98,0,0,0
12073,26.73,26.29,373,0.075,700,-124,-13200,116,338,102,0,0,0
12075,26.73,26.29,1369,0.276,860,-44,-13472,101,366,111,0,0,0
12080,26.73,26.29,1372,0.276,932,-68,-13748,128,334,100,0,0,0
12175,26.73,26.29,1298,0.261,756,-64,-13352,89,363,120,0,0,0
12176,26.73,26.29,755,0.152,800,-184,-13540,87,321,101,0,0,0
12181,26.73,26.29,2229,0.449,836,-144,-13864,107,364,96,0,0,0
12186,26.73,26.29,2009,0.405,800,-116,-13680,122,338,96,0,0,0
12191,26.73,26.29,1333,0.269,772,-104,-13372,110,332,98,0,0,0
12195,26.73,26.29,2969,0.598,828,-76,-13456,87,337,88,0,0,0
12200,26.73,26.29,2408,0.485,824,-144,-13460,116,346,97,0,0,0
12205,26.73,26.29,2252,0.454,824,-144,-13460,116,346,97,0,0,0
12211,26.73,26.29,1450,0.292,880,-72,-13520,85,322,92,0,0,0
12216,26.73,26.29,1570,0.316,856,-64,-13524,81,341,111,0,0,0
12221,26.73,26.29,1344,0.271,956,-80,-13416,107,347,95,0,0,0
12225,26.73,26.29,3616,0.728,824,-100,-13660,98,322,90,0,0,0
12230,26.73,26.29,5382,1.084,792,-80,-13636,104,318,86,0,0,0
12235,26.73,26.29,4971,1.001,792,-80,-13636,104,318,86,0,0,0
12241,26.73,26.29,1425,0.287,860,-172,-13416,109,314,101,0,0,0
12246,26.73,26.29,652,0.131,824,-128,-13492,95,323,104,0,0,0
12251,26.73,26.29,2823,0.569,792,-96,-13724,104,339,128,0,0,0
12416,26.73,26.29,42,0.008,824,-108,-13592,109,320,103,0,0,0
12428,26.73,26.29,2661,0.536,800,-96,-13612,108,348,99,0,0,0
12431,26.73,26.29,2104,0.424,808,-124,-13668,115,342,88,0,0,0
12454,26.73,26.29,2580,0.52,820,-160,-13644,85,316,97,0,0,0
12455,26.73,26.29,376,0.076,696,-180,-13844,62,312,99,0,0,0
12460,26.73,26.29,2653,0.534,868,-112,-13592,121,313,115,0,0,0
12465,26.73,26.29,1140,0.23,868,-112,-13592,121,313,115,0,0,0
12470,26.73,26.29,2279,0.459,844,-152,-13492,105,322,89,0,0,0
12476,26.73,26.29,3784,0.762,956,-156,-13692,105,350,74,0,0,0
12481,26.73,26.29,1953,0.393,840,-220,-13716,84,336,106,0,0,0
12485,26.73,26.29,3388,0.682,904,-64,-13564,93,315,92,0,0,0
12490,26.73,26.29,947,0.191,844,-156,-13220,103,313,81,0,0,0
12495,26.73,26.29,2661,0.536,844,-156,-13220,103,313,81,0,0,0
12500,26.73,26.29,2091,0.421,832,-96,-13516,93,355,110,0,0,0
12506,26.73,26.29,4453,0.897,832,-112,-13708,90,326,93,0,0,0
12511,26.73,26.29,915,0.184,892,-196,-13580,97,328,107,0,0,0
12515,26.73,26.29,2316,0.467,868,-72,-13348,106,290,89,0,0,0
12520,26.73,26.29,2206,0.444,952,-120,-13604,105,319,97,0,0,0
12612,26.73,26.29,2144,0.432,884,-100,-13540,99,339,86,0,0,0
12615,26.73,26.29,706,0.142,884,-100,-13540,99,339,86,0,0,0
12688,26.79,26.31,3279,0.66,808,-220,-13472,96,319,99,0,0,0
12691,26.79,26.31,782,0.158,952,-160,-13424,97,345,115,0,0,0
12696,26.79,26.31,2702,0.544,804,-156,-13556,93,345,103,0,0,0
12700,26.79,26.31,951,0.192,832,-188,-13688,101,352,102,0,0,0
12705,26.79,26.31,1238,0.249,832,-188,-13688,101,352,102,0,0,0
12710,26.79,26.31,1580,0.318,748,-148,-13732,100,316,91,0,0,0
12716,26.79,26.31,3303,0.665,852,-148,-13420,126,335,108,0,0,0
12721,26.79,26.31,1828,0.368,856,-84,-13360,98,351,120,0,0,0
12725,26.79,26.31,1490,0.3,836,-176,-13784,106,359,106,0,0,0
12730,26.79,26.31,2001,0.403,880,-120,-13916,91,352,100,0,0,0
12735,26.79,26.31,2899,0.584,880,-120,-13916,91,352,100,0,0,0
12740,26.79,26.31,4108,0.827,920,-160,-13664,109,346,103,0,0,0
12746,26.79,26.31,5117,1.031,792,-76,-13524,103,339,104,0,0,0
12751,26.79,26.31,2725,0.549,776,-144,-13600,118,318,83,0,0,0
12755,26.79,26.31,2333,0.47,748,-252,-13684,108,321,90,0,0,0
12760,26.79,26.31,2915,0.587,856,-116,-13520,124,353,106,0,0,0
12850,26.79,26.31,717,0.144,856,-116,-13520,124,353,106,0,0,0
12867,26.79,26.31,2790,0.562,768,-128,-13284,80,338,126,0,0,0
12871,26.79,26.31,2832,0.57,820,-36,-13420,81,362,98,0,0,0
12876,26.79,26.31,4808,0.968,812,-116,-13692,122,375,94,0,0,0
12949,26.79,26.31,1954,0.394,884,-124,-13600,96,363,71,0,0,0
12950,26.79,26.31,2404,0.484,884,-124,-13600,96,363,71,0,0,0
12955,26.79,26.31,4156,0.837,788,-192,-13776,106,365,114,0,0,0
12960,26.79,26.31,3045,0.613,824,-212,-13844,118,338,82,0,0,0
12966,26.79,26.31,3551,0.715,864,-92,-13280,119,305,96,0,0,0
12971,26.79,26.31,1697,0.342,832,-144,-13424,95,336,141,0,0,0
12976,26.79,26.31,2367,0.477,900,-136,-13684,83,334,83,0,0,0
12980,26.79,26.31,3324,0.67,772,-188,-13768,100,354,82,0,0,0
12985,26.79,26.31,2870,0.578,772,-188,-13768,100,354,82,0,0,0
12990,26.79,26.31,2677,0.539,908,-128,-13600,79,339,123,0,0,0
12996,26.79,26.31,1695,0.341,832,-152,-13504,98,324,112,0,0,0
13001,26.79,26.31,1873,0.377,724,-160,-13544,99,325,86,0,0,0
13006,26.79,26.31,2505,0.505,844,-108,-13772,100,298,99,0,0,0
13010,26.79,26.31,2228,0.449,800,-84,-13516,112,306,108,0,0,0
13103,26.79,26.31,2985,0.601,780,-164,-13724,116,337,110,0,0,0
13105,26.79,26.21,2119,0.427,792,-56,-13812,111,301,111,0,0,0
13110,26.79,26.21,1920,0.387,792,-56,-13812,111,301,111,0,0,0
13115,26.79,26.21,2127,0.428,756,-180,-13548,138,293,108,0,0,0
13120,26.79,26.21,1928,0.388,840,-120,-13328,102,306,122,0,0,0
13126,26.79,26.21,3556,0.716,784,-164,-13524,106,360,83,0,0,0
13199,26.79,26.21,4272,0.861,764,-64,-13388,86,341,101,0,0,0
13200,26.79,26.21,658,0.133,764,-64,-13388,86,341,101,0,0,0
13205,26.79,26.21,2576,0.519,804,-184,-13672,94,359,88,0,0,0
13211,26.79,26.21,2742,0.552,872,-200,-13380,104,339,102,0,0,0
13216,26.79,26.21,3718,0.749,896,-100,-13404,86,342,106,0,0,0
13220,26.79,26.21,2131,0.429,896,-100,-13404,86,342,106,0,0,0
13225,26.79,26.21,3000,0.604,748,-84,-13560,94,331,126,0,0,0
13230,26.79,26.21,1355,0.273,792,-144,-13660,111,305,103,0,0,0
13235,26.79,26.21,2274,0.458,764,-32,-13692,115,340,89,0,0,0
13241,26.79,26.21,2422,0.488,956,-180,-13568,85,356,82,0,0,0
13246,26.79,26.21,2464,0.496,844,-184,-13332,97,365,77,0,0,0
13250,26.79,26.21,3330,0.671,840,-68,-13544,106,289,104,0,0,0
13340,26.79,26.21,679,0.137,840,-68,-13544,106,289,104,0,0,0
13357,26.79,26.21,1022,0.206,836,-204,-13652,92,346,120,0,0,0
13360,26.79,26.21,1907,0.384,836,-204,-13652,92,346,120,0,0,0
13366,26.79,26.21,3220,0.649,976,-96,-13324,99,331,95,0,0,0
13371,26.79,26.21,3857,0.777,792,-140,-13572,96,330,114,0,0,0
13375,26.79,26.21,3904,0.786,792,-140,-13572,96,330,114,0,0,0
13380,26.79,26.21,1154,0.232,772,-160,-13656,120,347,106,0,0,0
13385,26.79,26.21,3046,0.614,732,-96,-13728,90,328,104,0,0,0
13481,26.79,26.21,395,0.08,748,-112,-13796,95,308,110,0,0,0
13486,26.79,26.21,3239,0.652,796,-136,-13484,102,299,99,0,0,0
13491,26.79,26.21,1400,0.282,880,-96,-13292,98,349,113,0,0,0
13496,26.79,26.21,2539,0.511,944,-60,-13508,106,392,73,0,0,0
13500,26.79,26.21,3067,0.618,944,-60,-13508,106,392,73,0,0,0
13505,26.79,26.21,2048,0.413,772,-160,-13840,97,339,101,0,0,0
13510,26.79,26.21,3310,0.667,720,-172,-13780,96,317,92,0,0,0
13516,26.79,26.21,5074,1.022,848,-32,-13352,125,353,86,0,0,0
13521,26.79,26.21,3142,0.633,832,-196,-13688,102,324,95,0,0,0
13526,26.79,26.21,3098,0.624,832,-196,-13688,102,324,95,0,0,0
13617,26.73,26.21,3614,0.728,848,-132,-13308,91,315,106,0,0,0
13621,26.73,26.21,2800,0.564,848,-132,-13308,91,315,106,0,0,0
13625,26.73,26.21,2700,0.544,820,-40,-13480,95,362,101,0,0,0
13630,26.73,26.21,2834,0.571,788,-124,-13592,113,338,97,0,0,0
13635,26.73,26.21,2867,0.577,712,-64,-13612,110,300,115,0,0,0
13641,26.73,26.21,3579,0.721,876,-216,-13244,102,353,83,0,0,0
13646,26.73,26.21,2977,0.6,816,-264,-13360,113,364,95,0,0,0
13651,26.73,26.21,2086,0.42,816,-264,-13360,113,364,95,0,0,0
13655,26.73,26.21,2810,0.566,640,-64,-13660,130,356,91,0,0,0
13660,26.73,26.21,1503,0.303,812,-212,-13860,81,287,112,0,0,0
13732,26.73,26.21,720,0.145,848,-288,-13876,89,321,94,0,0,0
13735,26.73,26.21,542,0.109,848,-288,-13876,89,321,94,0,0,0
13741,26.73,26.21,1431,0.288,900,-60,-13268,110,322,103,0,0,0
13746,26.73,26.21,2232,0.45,900,-60,-13268,110,322,103,0,0,0
13750,26.73,26.21,1755,0.354,868,-96,-13448,94,342,92,0,0,0
13755,26.73,26.21,4195,0.845,772,-204,-13772,84,358,105,0,0,0
13760,26.73,26.21,3378,0.68,780,-96,-13796,100,333,104,0,0,0
13853,26.73,26.21,1114,0.224,696,-100,-13824,111,352,87,0,0,0
13866,26.73,26.21,1718,0.346,916,-212,-13248,80,353,105,0,0,0
13870,26.73,26.21,3885,0.783,916,-212,-13248,80,353,105,0,0,0
13875,26.73,26.21,2653,0.534,852,-132,-13476,136,336,108,0,0,0
13881,26.73,26.21,1317,0.265,712,-124,-13888,106,311,102,0,0,0
13886,26.73,26.21,1734,0.349,852,-124,-13520,94,328,104,0,0,0
13891,26.73,26.21,2512,0.506,852,-124,-13520,94,328,104,0,0,0
13895,26.73,26.21,3560,0.717,936,-100,-13184,114,364,87,0,0,0
13900,26.73,26.21,1179,0.237,872,-164,-13404,86,352,115,0,0,0
13905,26.73,26.21,1505,0.303,696,-116,-13832,101,349,105,0,0,0
13911,26.73,26.21,2702,0.544,804,-72,-13572,87,308,109,0,0,0
13916,26.73,26.21,2111,0.425,804,-72,-13572,87,308,109,0,0,0
13921,26.73,26.21,1559,0.314,1000,-192,-13316,105,353,91,0,0,0
13993,26.73,26.21,740,0.149,908,-120,-13220,74,343,97,0,0,0
13996,26.73,26.21,2195,0.442,824,-64,-13412,122,341,90,0,0,0
14001,26.73,26.21,1482,0.299,824,-64,-13412,122,341,90,0,0,0
14006,26.73,26.21,3346,0.674,820,-120,-13608,117,317,99,0,0,0
14010,26.73,26.21,3407,0.686,820,-244,-13784,115,301,109,0,0,0
14103,26.77,26.17,1217,0.245,772,-84,-13788,107,364,101,0,0,0
14105,26.77,26.17,690,0.139,772,-84,-13788,107,364,101,0,0,0
14110,26.77,26.17,1882,0.379,820,-160,-13820,79,321,91,0,0,0
14115,26.77,26.17,4067,0.819,848,-76,-13384,99,331,121,0,0,0
14121,26.77,26.17,4522,0.911,868,-56,-13284,76,348,96,0,0,0
14126,26.77,26.17,1436,0.289,776,-96,-13440,96,356,96,0,0,0
14130,26.77,26.17,1270,0.256,704,-84,-13800,102,339,78,0,0,0
14135,26.77,26.17,611,0.123,800,-132,-13656,87,335,89,0,0,0
14140,26.77,26.17,3548,0.715,880,-132,-13584,89,314,90,0,0,0
14145,26.77,26.17,4187,0.843,812,-192,-13512,99,350,84,0,0,0
14151,26.77,26.17,3021,0.609,744,-56,-13372,98,351,77,0,0,0
14156,26.77,26.17,1164,0.234,628,-64,-13756,107,322,99,0,0,0
14160,26.77,26.17,2118,0.427,952,-100,-13768,83,317,107,0,0,0
14165,26.77,26.17,1134,0.228,788,-156,-13440,108,311,99,0,0,0
14170,26.77,26.17,1234,0.249,868,-152,-13408,115,310,110,0,0,0
14242,26.77,26.17,686,0.138,812,-24,-13344,104,329,83,0,0,0
14245,26.77,26.17,3486,0.702,812,-24,-13344,104,329,83,0,0,0
14339,26.77,26.17,4107,0.827,968,-168,-13560,79,354,94,0,0,0
14352,26.77,26.17,1099,0.221,864,-220,-13500,120,351,106,0,0,0
14356,26.77,26.17,1764,0.355,864,-220,-13500,120,351,106,0,0,0
14361,26.77,26.17,3831,0.772,896,-116,-13688,131,324,89,0,0,0
14365,26.77,26.17,3913,0.788,860,-228,-13384,102,332,97,0,0,0
14370,26.77,26.17,3054,0.615,844,-196,-13628,105,340,91,0,0,0
14375,26.77,26.17,2463,0.496,932,-212,-13496,101,343,99,0,0,0
14381,26.77,26.17,1534,0.309,752,-148,-13696,95,334,115,0,0,0
14386,26.77,26.17,2000,0.403,772,-208,-13616,118,338,118,0,0,0
14391,26.77,26.17,3228,0.65,772,-152,-13580,97,327,98,0,0,0
14395,26.77,26.17,3629,0.731,784,-168,-13420,97,348,113,0,0,0
14400,26.77,26.17,3450,0.695,844,-108,-13456,94,358,100,0,0,0
14405,26.77,26.17,4743,0.955,800,-124,-13408,93,354,96,0,0,0
14411,26.77,26.17,2012,0.405,900,-144,-13768,63,334,91,0,0,0
14416,26.77,26.17,2156,0.434,872,-248,-13584,85,347,93,0,0,0
14421,26.77,26.17,1463,0.295,804,20,-13312,107,333,104,0,0,0
14425,26.77,26.17,3607,0.727,824,-128,-13440,103,321,106,0,0,0
14541,26.77,26.17,1665,0.335,864,-192,-13532,87,352,110,0,0,0
14618,26.73,26.21,1096,0.221,868,-16,-13472,101,353,95,0,0,0
14621,26.73,26.21,2057,0.414,868,-16,-13472,101,353,95,0,0,0
14626,26.73,26.21,2141,0.431,796,-140,-13776,78,360,104,0,0,0
14631,26.73,26.21,6030,1.215,864,-72,-13748,106,319,73,0,0,0
14635,26.73,26.21,5363,1.08,800,-164,-13488,96,309,118,0,0,0
14640,26.73,26.21,4136,0.833,888,-88,-13512,118,327,106,0,0,0
14645,26.73,26.21,2392,0.482,800,-92,-13340,134,310,103,0,0,0
14651,26.73,26.21,2201,0.443,828,-152,-13544,92,342,102,0,0,0
14656,26.73,26.21,2621,0.528,804,-132,-13728,104,334,94,0,0,0
14661,26.73,26.21,4793,0.965,784,-76,-13636,97,331,109,0,0,0
14665,26.73,26.21,4040,0.814,904,-112,-13336,106,345,110,0,0,0
14670,26.73,26.21,3304,0.666,880,-96,-13368,98,349,86,0,0,0
14675,26.73,26.21,2220,0.447,808,-116,-13636,96,337,96,0,0,0
14681,26.73,26.21,3349,0.675,816,-116,-13620,104,319,98,0,0,0
14686,26.73,26.21,2449,0.493,836,-120,-13544,105,312,111,0,0,0
14690,26.73,26.21,1028,0.207,916,-208,-13184,103,340,110,0,0,0
14783,26.73,26.21,1972,0.397,784,-76,-13688,88,325,113,0,0,0
14785,26.73,26.21,1578,0.318,784,-76,-13688,88,325,113,0,0,0
14790,26.73,26.21,2282,0.46,848,-156,-13496,102,345,97,0,0,0
14795,26.73,26.21,904,0.182,804,-104,-13432,94,324,57,0,0,0
14867,26.73,26.21,863,0.174,872,-200,-13452,110,328,87,0,0,0
14880,26.73,26.21,49,0.01,852,-52,-13780,89,342,76,0,0,0
14885,26.73,26.21,5310,1.07,864,-136,-13696,104,341,94,0,0,0
14890,26.73,26.21,3520,0.709,948,-164,-13476,98,338,105,0,0,0
14896,26.73,26.21,5414,1.091,896,-156,-13228,111,316,123,0,0,0
14901,26.73,26.21,4404,0.887,728,-196,-13620,109,365,88,0,0,0
14906,26.73,26.21,2152,0.433,820,-136,-13728,77,342,93,0,0,0
14910,26.73,26.21,1481,0.298,728,-100,-13564,116,334,122,0,0,0
14915,26.73,26.21,1804,0.363,916,-56,-13312,100,343,102,0,0,0
14920,26.73,26.21,653,0.132,952,-80,-13216,97,370,90,0,0,0
14926,26.73,26.21,1921,0.387,908,-60,-13600,96,343,109,0,0,0
14931,26.73,26.21,2807,0.565,776,-124,-13696,88,351,86,0,0,0
14936,26.73,26.21,1540,0.31,812,-144,-13656,83,306,124,0,0,0
14940,26.73,26.21,3290,0.663,840,-76,-13160,66,318,87,0,0,0
15031,26.73,26.21,2244,0.452,812,-204,-13808,86,324,119,0,0,0
15035,26.73,26.21,2751,0.554,812,-204,-13808,86,324,119,0,0,0
15040,26.73,26.21,2758,0.556,964,-132,-13412,131,313,128,0,0,0
15046,26.73,26.21,2677,0.539,892,-168,-13364,89,309,97,0,0,0
15051,26.73,26.21,1150,0.232,816,-116,-13660,102,326,77,0,0,0
15056,26.73,26.21,1549,0.312,772,-124,-13632,97,368,109,0,0,0
15128,26.73,26.21,316,0.064,784,-80,-13436,86,364,93,0,0,0
15130,26.79,26.27,1911,0.385,784,-80,-13436,86,364,93,0,0,0
15135,26.79,26.27,2527,0.509,832,-112,-13760,77,346,91,0,0,0
15140,26.79,26.27,1276,0.257,864,-88,-13564,100,358,94,0,0,0
15146,26.79,26.27,4470,0.9,864,-156,-13432,119,337,98,0,0,0
15151,26.79,26.27,4114,0.829,768,-100,-13548,81,349,88,0,0,0
15156,26.79,26.27,3835,0.772,792,-152,-13428,129,319,64,0,0,0
15160,26.79,26.27,6616,1.333,796,-116,-13624,111,342,93,0,0,0
15165,26.79,26.27,3205,0.646,724,-228,-13604,99,320,94,0,0,0
15170,26.79,26.27,3712,0.748,820,-160,-13432,72,327,108,0,0,0
15176,26.79,26.27,5769,1.162,836,-160,-13520,94,380,83,0,0,0
15268,26.79,26.27,3603,0.726,856,-124,-13392,92,334,95,0,0,0
15271,26.79,26.27,1485,0.299,856,-124,-13392,92,334,95,0,0,0
15276,26.79,26.27,4033,0.812,952,-164,-13240,118,355,100,0,0,0
15280,26.79,26.27,2460,0.496,840,-48,-13460,94,323,109,0,0,0
15285,26.79,26.27,3352,0.675,824,-180,-13652,117,354,119,0,0,0
15290,26.79,26.27,3095,0.623,860,-164,-13540,100,360,111,0,0,0
15296,26.79,26.27,1868,0.376,864,-104,-13688,77,319,92,0,0,0
15301,26.79,26.27,2500,0.504,872,-8,-13436,112,325,81,0,0,0
15306,26.79,26.27,1749,0.352,804,-196,-13428,129,322,77,0,0,0
15377,26.79,26.27,76,0.015,764,-224,-13504,97,332,89,0,0,0
15398,26.79,26.27,76,0.015,840,-136,-13604,71,325,104,0,0,0
15400,26.79,26.27,889,0.179,840,-136,-13604,71,325,104,0,0,0
15405,26.79,26.27,2026,0.408,900,-144,-13480,119,329,95,0,0,0
15410,26.79,26.27,956,0.193,812,-100,-13476,84,330,118,0,0,0
15415,26.79,26.27,3110,0.626,824,-120,-13688,107,327,86,0,0,0
15421,26.79,26.27,4124,0.831,884,-64,-13736,102,353,105,0,0,0
15426,26.79,26.27,2373,0.478,832,-56,-13576,109,323,116,0,0,0
15430,26.79,26.27,2003,0.403,872,-184,-13448,82,351,106,0,0,0
15548,26.79,26.27,1091,0.22,928,-128,-13632,112,344,107,0,0,0
15551,26.79,26.27,3571,0.719,928,-128,-13632,112,344,107,0,0,0
15556,26.79,26.27,2420,0.487,856,-180,-13372,75,289,97,0,0,0
15560,26.79,26.27,3575,0.72,796,-152,-13604,109,307,88,0,0,0
15565,26.79,26.27,4452,0.897,864,-52,-13596,138,328,82,0,0,0
15570,26.79,26.27,3993,0.804,848,-160,-13584,124,336,93,0,0,0
15576,26.79,26.27,5522,1.112,756,-156,-13432,99,328,90,0,0,0
15581,26.79,26.27,3246,0.654,948,-132,-13624,80,345,116,0,0,0
15585,26.79,26.27,4848,0.977,776,-248,-13544,122,356,95,0,0,0
15590,26.79,26.27,4660,0.939,844,-96,-13640,101,320,99,0,0,0
15595,26.79,26.27,4894,0.986,872,-132,-13724,112,321,102,0,0,0
15668,26.79,26.03,1792,0.361,736,-104,-13636,119,325,99,0,0,0
15671,26.79,26.03,764,0.154,736,-104,-13636,119,325,99,0,0,0
15675,26.79,26.03,2327,0.469,768,-156,-13508,108,328,98,0,0,0
15680,26.79,26.03,1445,0.291,876,-76,-13528,86,339,105,0,0,0
15685,26.79,26.03,1815,0.366,820,-124,-13580,101,347,88,0,0,0
15690,26.79,26.03,3372,0.679,936,-124,-13524,143,381,98,0,0,0
15696,26.79,26.03,1492,0.301,868,-156,-13620,105,337,81,0,0,0
15786,26.79,26.03,0,0.0,868,-156,-13620,105,337,81,0,0,0
15790,26.79,26.03,2306,0.464,792,-104,-13708,87,311,94,0,0,0
15795,26.79,26.03,1393,0.281,872,-132,-13588,98,307,103,0,0,0
15801,26.79,26.03,2024,0.408,868,-184,-13464,111,352,75,0,0,0
15806,26.79,26.03,3600,0.725,856,-284,-13376,93,332,102,0,0,0
15811,26.79,26.03,1132,0.228,756,-136,-13680,64,311,116,0,0,0
15815,26.79,26.03,1538,0.31,812,-116,-13700,120,299,120,0,0,0
15820,26.79,26.03,2155,0.434,740,-192,-13692,140,303,97,0,0,0
15825,26.79,26.03,2092,0.421,864,-92,-13384,82,325,94,0,0,0
15835,26.79,26.03,290,0.058,752,-192,-13656,116,336,77,0,0,0
15836,26.79,26.03,2135,0.43,752,-192,-13656,116,336,77,0,0,0
15840,26.79,26.03,1940,0.391,816,-64,-13872,78,330,87,0,0,0
15845,26.79,26.03,3448,0.695,816,-104,-13612,85,303,99,0,0,0
15917,26.79,26.03,1102,0.222,860,-136,-13536,110,331,95,0,0,0
15920,26.79,26.03,2664,0.537,860,-136,-13536,110,331,95,0,0,0
15926,26.79,26.03,4453,0.897,920,-28,-13416,90,338,101,0,0,0
15931,26.79,26.03,3382,0.681,840,-56,-13508,103,314,105,0,0,0
15936,26.79,26.03,3754,0.756,832,-84,-13796,94,321,110,0,0,0
15940,26.79,26.03,2775,0.559,688,-132,-13560,108,343,112,0,0,0
16033,26.79,26.03,1730,0.348,912,-116,-13452,81,308,116,0,0,0
16035,26.79,26.03,1673,0.337,912,-116,-13452,81,308,116,0,0,0
16040,26.79,26.03,1095,0.221,848,-100,-13388,80,334,93,0,0,0
16045,26.79,26.03,1829,0.368,748,-204,-13672,105,356,84,0,0,0
16051,26.79,26.03,2321,0.468,696,-148,-13816,109,354,90,0,0,0
16056,26.79,26.03,1549,0.312,816,-64,-13780,74,340,101,0,0,0
16061,26.79,26.03,2302,0.464,900,-120,-13120,99,327,108,0,0,0
16065,26.79,26.03,2684,0.541,976,-116,-13384,111,361,88,0,0,0
16070,26.79,26.03,3854,0.776,840,-124,-13804,113,340,82,0,0,0
16075,26.79,26.03,1254,0.253,696,-88,-13940,79,305,90,0,0,0
16081,26.79,25.97,2521,0.508,816,-224,-13500,108,305,111,0,0,0
16086,26.79,25.97,2756,0.555,988,-152,-13080,98,326,101,0,0,0
16090,26.79,25.97,1584,0.319,936,-124,-13232,111,372,98,0,0,0
16095,26.79,25.97,2495,0.503,776,-160,-13832,97,357,86,0,0,0
16168,26.79,25.97,1414,0.285,784,-116,-14044,104,377,105,0,0,0
16170,26.79,25.97,662,0.133,784,-116,-14044,104,377,105,0,0,0
16175,26.79,25.97,2010,0.405,660,-132,-14324,136,319,98,0,0,0
16180,26.79,25.97,2451,0.494,824,-156,-14076,97,381,111,0,0,0
16269,26.79,25.97,1080,0.218,824,-156,-14076,97,381,111,0,0,0
16270,26.79,25.97,282,0.057,824,-156,-14076,97,381,111,0,0,0
16275,26.79,25.97,933,0.188,676,-252,-14524,88,335,101,0,0,0
16280,26.79,25.97,2713,0.546,816,-8,-13848,85,266,91,0,0,0
16286,26.79,25.97,2805,0.565,1100,-16,-12768,91,293,115,0,0,0
16291,26.79,25.97,2573,0.518,936,-136,-12912,104,341,95,0,0,0
16296,26.79,25.97,1420,0.286,812,-192,-13968,109,393,104,0,0,0
16300,26.79,25.97,2631,0.53,696,-96,-14628,114,321,83,0,0,0
16305,26.79,25.97,989,0.199,868,-60,-13720,87,299,132,0,0,0
16310,26.79,25.97,1969,0.397,1088,-12,-12752,102,305,85,0,0,0
16316,26.79,25.97,3232,0.651,960,-116,-12772,107,338,69,0,0,0
16321,26.79,25.97,2883,0.581,708,-152,-13940,99,354,92,0,0,0
16326,26.79,25.97,2622,0.528,596,-240,-14560,90,337,98,0,0,0
16341,26.79,25.97,3204,0.645,1000,-92,-12740,94,371,80,0,0,0
16346,26.79,25.97,1874,0.377,820,-152,-13828,104,381,88,0,0,0
16351,26.79,25.97,3993,0.804,640,-164,-14660,101,349,110,0,0,0
16423,26.79,25.97,2197,0.443,644,-356,-14400,81,320,84,0,0,0
16426,26.79,25.97,1274,0.257,644,-356,-14400,81,320,84,0,0,0
16431,26.79,25.97,1974,0.398,808,-208,-13464,81,382,90,0,0,0
16521,26.79,25.97,4696,0.946,808,-208,-13464,81,382,90,0,0,0
16545,26.79,25.97,1181,0.238,852,-68,-13376,126,367,70,0,0,0
16546,26.79,25.97,716,0.144,852,-68,-13376,126,367,70,0,0,0
16550,26.79,25.97,3316,0.668,756,-128,-14084,108,349,73,0,0,0
16556,26.79,25.97,2606,0.525,752,-184,-14008,83,313,114,0,0,0
16561,26.79,25.97,2521,0.508,924,-88,-13376,109,319,82,0,0,0
16566,26.79,25.97,1394,0.281,1028,-44,-13068,111,363,100,0,0,0
16570,26.79,25.97,2481,0.5,916,-108,-13368,115,377,73,0,0,0
16575,26.79,25.97,2098,0.423,772,-224,-13900,116,348,65,0,0,0
16580,26.77,25.99,2990,0.602,824,-164,-13828,99,328,101,0,0,0
16586,26.77,25.99,2975,0.599,900,-104,-13452,89,292,96,0,0,0
16591,26.77,25.99,1947,0.392,968,-100,-13080,80,350,88,0,0,0
16596,26.77,25.99,2886,0.581,904,-124,-13496,114,369,76,0,0,0
16600,26.77,25.99,2328,0.469,744,-136,-13956,89,339,96,0,0,0
16605,26.77,25.99,1799,0.362,692,-164,-13932,110,331,106,0,0,0
16610,26.77,25.99,2517,0.507,808,-108,-13420,117,314,90,0,0,0
16616,26.77,25.99,2142,0.431,932,-64,-13124,108,319,107,0,0,0
16688,26.77,25.99,1945,0.392,752,-184,-13744,93,324,90,0,0,0
16780,26.77,25.99,2099,0.423,752,-184,-13744,93,324,90,0,0,0
16785,26.77,25.99,1406,0.283,864,-96,-13296,97,348,87,0,0,0
16790,26.77,25.99,1065,0.215,880,-108,-13440,109,338,81,0,0,0
16795,26.77,25.99,2146,0.432,860,-84,-13496,101,345,113,0,0,0
16801,26.77,25.99,1374,0.277,788,-120,-13988,131,340,91,0,0,0
16806,26.77,25.99,1997,0.402,800,-64,-13588,84,355,110,0,0,0
16810,26.77,25.99,2855,0.575,776,-36,-13432,72,324,111,0,0,0
16815,26.77,25.99,1822,0.367,908,-180,-13368,95,326,98,0,0,0
16820,26.77,25.99,1897,0.382,772,-108,-13720,85,350,116,0,0,0
16826,26.77,25.99,4145,0.835,840,-176,-13952,110,350,93,0,0,0
16836,26.77,25.99,1154,0.232,868,-180,-13392,94,315,104,0,0,0
16841,26.77,25.99,2877,0.58,896,-132,-13344,113,353,122,0,0,0
16845,26.77,25.99,2338,0.471,840,-200,-13516,114,343,105,0,0,0
16850,26.77,25.99,2209,0.445,776,-152,-13860,112,332,103,0,0,0
16855,26.77,25.99,3319,0.669,848,-76,-13692,98,336,88,0,0,0
16861,26.77,25.99,482,0.097,996,-140,-13384,99,308,110,0,0,0
16954,26.77,25.99,2356,0.475,840,-52,-13536,71,337,108,0,0,0
16956,26.77,25.99,2049,0.413,840,-52,-13536,71,337,108,0,0,0
16961,26.77,25.99,1614,0.325,936,-52,-13336,103,339,91,0,0,0
17033,26.77,25.99,2654,0.535,888,-80,-13288,89,313,76,0,0,0
17035,26.77,25.99,3420,0.689,888,-80,-13288,89,313,76,0,0,0
17040,26.77,25.99,4648,0.936,768,-56,-13536,108,329,89,0,0,0
17045,26.77,25.99,2452,0.494,808,-40,-13664,94,323,87,0,0,0
17051,26.77,25.99,3870,0.78,772,-108,-13816,111,320,108,0,0,0
17056,26.77,25.99,3775,0.76,792,-96,-13524,84,329,113,0,0,0
17061,26.77,25.99,2237,0.451,888,-80,-13464,104,343,96,0,0,0
17065,26.77,25.99,3387,0.682,780,-132,-13448,101,339,82,0,0,0
17070,26.77,25.99,4733,0.953,860,-200,-13752,108,376,96,0,0,0
17075,26.77,25.99,4254,0.857,816,-192,-13836,130,334,99,0,0,0
17081,26.77,25.99,3469,0.699,804,-136,-13712,94,287,109,0,0,0
17086,26.77,25.93,1285,0.259,868,-140,-13232,121,323,107,0,0,0
17091,26.77,25.93,3008,0.606,948,-160,-13300,105,342,74,0,0,0
17095,26.77,25.93,1246,0.251,744,-108,-13656,106,347,101,0,0,0
17100,26.77,25.93,3048,0.614,952,-72,-13860,110,343,110,0,0,0
17191,26.77,25.93,1382,0.278,880,-60,-13248,108,332,95,0,0,0
17195,26.77,25.93,1660,0.334,836,-44,-13592,124,342,81,0,0,0
17200,26.77,25.93,2069,0.417,748,-228,-13680,91,347,108,0,0,0
17206,26.77,25.93,2103,0.424,852,-72,-13636,106,303,78,0,0,0
17211,26.77,25.93,2270,0.457,860,-88,-13428,112,321,101,0,0,0
17283,26.77,25.93,360,0.073,928,-100,-13240,104,345,119,0,0,0
17285,26.77,25.93,1370,0.276,928,-100,-13240,104,345,119,0,0,0
17290,26.77,25.93,1935,0.39,776,-156,-13388,90,372,105,0,0,0
17295,26.77,25.93,1023,0.206,880,-148,-13780,121,333,93,0,0,0
17301,26.77,25.93,1142,0.23,712,-172,-13768,117,301,100,0,0,0
17306,26.77,25.93,2481,0.5,792,-160,-13560,86,320,110,0,0,0
17310,26.77,25.93,3170,0.639,956,-148,-13360,92,348,101,0,0,0
17315,26.77,25.93,1274,0.257,812,-112,-13308,82,361,73,0,0,0
17320,26.77,25.93,2250,0.453,904,-100,-13600,104,348,123,0,0,0
17326,26.77,25.93,1320,0.266,780,-128,-13680,103,353,88,0,0,0
17347,26.77,25.93,1145,0.231,796,-124,-13620,91,345,91,0,0,0
17350,26.77,25.93,806,0.162,772,-104,-13784,111,340,117,0,0,0
17355,26.77,25.93,3271,0.659,756,-196,-13580,96,326,98,0,0,0
17447,26.77,25.93,3208,0.646,784,-44,-13548,95,333,99,0,0,0
17450,26.77,25.93,815,0.164,784,-44,-13548,95,333,99,0,0,0
17456,26.77,25.93,2777,0.559,912,-56,-13504,82,332,82,0,0,0
17461,26.77,25.93,4021,0.81,872,-112,-13408,98,357,70,0,0,0
17465,26.77,25.93,3460,0.697,956,-116,-13684,111,368,92,0,0,0
17470,26.77,25.93,1816,0.366,812,-152,-13780,93,351,70,0,0,0
17475,26.77,25.93,3048,0.614,788,-96,-13760,100,342,110,0,0,0
17571,26.77,25.93,2331,0.47,784,-100,-13792,85,332,90,0,0,0
17575,26.77,25.93,1606,0.323,716,-136,-13744,106,321,96,0,0,0
17580,26.77,25.93,3579,0.721,932,-164,-13660,80,325,82,0,0,0
17586,26.77,26.03,4487,0.904,864,8,-13508,110,330,91,0,0,0
17591,26.77,26.03,3738,0.753,824,-60,-13656,105,326,112,0,0,0
17595,26.77,26.03,3006,0.605,784,-204,-13520,102,318,99,0,0,0
17600,26.77,26.03,2246,0.452,836,-152,-13724,85,332,94,0,0,0
17605,26.77,26.03,5095,1.026,804,-212,-13416,98,324,67,0,0,0
17610,26.77,26.03,6622,1.334,932,-108,-13532,119,378,101,0,0,0
17616,26.77,26.03,3760,0.757,832,-4,-13504,84,324,93,0,0,0
17708,26.77,26.03,1785,0.36,792,-172,-13420,102,348,105,0,0,0
17711,26.77,26.03,916,0.185,792,-172,-13420,102,348,105,0,0,0
17716,26.77,26.03,2801,0.564,792,-220,-13520,79,351,93,0,0,0
17721,26.77,26.03,1504,0.303,796,-156,-13668,109,369,93,0,0,0
17726,26.77,26.03,3001,0.604,800,-204,-13672,102,345,113,0,0,0
17730,26.77,26.03,1612,0.325,872,-80,-13548,86,346,85,0,0,0
17735,26.77,26.03,2399,0.483,908,-172,-13384,101,333,101,0,0,0
17740,26.77,26.03,3603,0.726,820,-120,-13356,85,343,115,0,0,0
17746,26.77,26.03,1817,0.366,768,-68,-13496,98,335,102,0,0,0
17751,26.77,26.03,3220,0.649,844,-60,-13648,99,321,88,0,0,0
17823,26.77,26.03,711,0.143,940,-100,-13488,120,314,124,0,0,0
17825,26.77,26.03,1267,0.255,940,-100,-13488,120,314,124,0,0,0
17835,26.77,26.03,2065,0.416,848,-232,-13608,93,328,94,0,0,0
17840,26.77,26.03,2164,0.436,860,-60,-13648,95,353,116,0,0,0
17846,26.77,26.03,2845,0.573,776,-132,-13764,117,302,85,0,0,0
17851,26.77,26.03,1847,0.372,772,-112,-13556,87,324,80,0,0,0
17856,26.77,26.03,3159,0.636,760,-204,-13436,90,317,96,0,0,0
17860,26.77,26.03,1373,0.277,828,-180,-13516,126,323,106,0,0,0
17954,26.77,26.03,3701,0.745,904,-212,-13644,111,331,104,0,0,0
17955,26.77,26.03,1604,0.323,904,-212,-13644,111,331,104,0,0,0
17960,26.77,26.03,1440,0.29,864,-136,-13540,108,301,101,0,0,0
17965,26.77,26.03,3211,0.647,848,-80,-13524,134,321,99,0,0,0
17971,26.77,26.03,2942,0.593,868,-44,-13568,103,339,111,0,0,0
17976,26.77,26.03,1786,0.36,824,-60,-13584,109,340,104,0,0,0
17981,26.77,26.03,3907,0.787,904,-80,-13652,95,330,87,0,0,0
17985,26.77,26.03,1694,0.341,788,-228,-13440,102,345,103,0,0,0
17990,26.77,26.03,3273,0.659,756,-44,-13484,117,334,80,0,0,0
17995,26.77,26.03,1899,0.383,772,-88,-13588,91,331,108,0,0,0
18001,26.77,26.03,4282,0.863,844,-188,-13536,111,310,94,0,0,0
18006,26.77,26.03,3157,0.636,808,-152,-13460,74,322,83,0,0,0
18078,26.77,26.03,1171,0.236,868,-124,-13560,91,346,99,0,0,0
18081,26.77,26.03,1349,0.272,868,-124,-13560,91,346,99,0,0,0
18086,26.77,26.09,1635,0.329,800,-200,-13496,125,352,99,0,0,0
18091,26.77,26.09,3641,0.733,828,-244,-13520,98,353,92,0,0,0
18095,26.77,26.09,2691,0.542,752,0,-13776,102,349,100,0,0,0
18100,26.77,26.09,1686,0.34,896,-212,-13556,127,357,99,0,0,0
18192,26.77,26.09,2303,0.464,820,-32,-13736,124,331,109,0,0,0
18196,26.77,26.09,1876,0.378,820,-164,-13544,97,331,53,0,0,0
18200,26.77,26.09,1870,0.377,816,-60,-13688,103,350,74,0,0,0
18205,26.77,26.09,1093,0.22,860,-184,-13464,111,343,115,0,0,0
18210,26.77,26.09,2287,0.461,860,-136,-13604,123,314,100,0,0,0
18216,26.77,26.09,2449,0.493,812,-244,-13684,103,329,104,0,0,0
18221,26.77,26.09,1698,0.342,772,-160,-13584,93,337,85,0,0,0
18226,26.77,26.09,2007,0.404,832,-108,-13540,99,331,95,0,0,0
18230,26.77,26.09,2699,0.544,760,-176,-13656,84,327,101,0,0,0
18235,26.77,26.09,1456,0.293,768,-180,-13580,102,354,88,0,0,0
18240,26.77,26.09,3642,0.734,908,-228,-13648,90,357,112,0,0,0
18246,26.77,26.09,2792,0.562,836,-112,-13572,93,333,101,0,0,0
18251,26.77,26.09,3575,0.72,796,-40,-13404,65,353,107,0,0,0
18256,26.77,26.09,3530,0.711,804,-68,-13460,96,326,64,0,0,0
18327,26.77,26.09,1953,0.393,864,-96,-13676,111,312,104,0,0,0
18345,26.77,26.09,2133,0.43,756,-136,-13592,109,335,90,0,0,0
18346,26.77,26.09,610,0.123,756,-136,-13592,109,335,90,0,0,0
18350,26.77,26.09,2153,0.434,896,-64,-13640,104,334,99,0,0,0
18444,26.77,26.09,3583,0.722,772,-132,-13872,55,331,108,0,0,0
18446,26.77,26.09,206,0.041,772,-132,-13872,55,331,108,0,0,0
18451,26.77,26.09,1472,0.297,916,-212,-13576,72,337,100,0,0,0
18456,26.77,26.09,1376,0.277,820,-248,-13556,101,336,89,0,0,0
18460,26.77,26.09,795,0.16,848,-84,-13428,73,355,72,0,0,0
18465,26.77,26.09,1546,0.311,864,-108,-13472,79,344,97,0,0,0
18470,26.77,26.09,993,0.2,832,-48,-13760,86,343,92,0,0,0
18476,26.77,26.09,3674,0.74,912,-92,-13680,122,332,92,0,0,0
18481,26.77,26.09,2480,0.5,928,-68,-13468,87,312,85,0,0,0
18486,26.77,26.09,1133,0.228,812,-132,-13508,118,363,121,0,0,0
18490,26.77,26.09,1052,0.212,856,-124,-13604,140,345,98,0,0,0
18495,26.77,26.09,2812,0.566,928,-76,-13708,120,318,108,0,0,0
18500,26.77,26.09,1689,0.34,716,-96,-13796,92,314,97,0,0,0
18506,26.77,26.09,1449,0.292,920,-240,-13660,114,328,96,0,0,0
18511,26.77,26.09,1983,0.399,860,-112,-13528,144,301,92,0,0,0
18516,26.77,26.09,1536,0.309,856,-156,-13592,110,354,109,0,0,0
18612,26.73,26.05,200,0.04,712,-112,-13580,94,357,102,0,0,0
18615,26.73,26.05,656,0.132,844,-112,-13468,108,328,90,0,0,0
18708,26.73,26.05,2196,0.442,844,-112,-13468,108,328,90,0,0,0
18710,26.73,26.05,2230,0.449,860,-92,-13544,117,326,97,0,0,0
18715,26.73,26.05,1182,0.238,912,-124,-13636,87,309,95,0,0,0
18721,26.73,26.05,2936,0.591,804,-72,-13680,92,323,70,0,0,0
18726,26.73,26.05,2902,0.585,880,-128,-13604,114,303,111,0,0,0
18731,26.73,26.05,2572,0.518,788,-184,-13524,96,329,90,0,0,0
18735,26.73,26.05,946,0.191,744,-164,-13436,88,309,100,0,0,0
18740,26.73,26.05,2552,0.514,900,-112,-13548,111,364,94,0,0,0
18745,26.73,26.05,1195,0.241,780,-160,-13572,87,351,89,0,0,0
18751,26.73,26.05,2598,0.523,784,-112,-13544,102,334,106,0,0,0
18756,26.73,26.05,2079,0.419,860,-156,-13676,102,298,99,0,0,0
18761,26.73,26.05,1342,0.27,880,-112,-13476,91,327,109,0,0,0
18765,26.73,26.05,1461,0.294,820,-136,-13480,103,322,106,0,0,0
18770,26.73,26.05,1626,0.328,880,-52,-13456,83,336,126,0,0,0
18775,26.73,26.05,797,0.161,876,-132,-13592,104,348,105,0,0,0
18781,26.73,26.05,987,0.199,884,0,-13700,98,306,88,0,0,0
18873,26.73,26.05,540,0.109,748,-116,-13648,100,338,93,0,0,0
18888,26.73,26.05,37,0.007,812,-100,-13576,117,362,96,0,0,0
18963,26.73,26.05,1326,0.267,896,-112,-13536,95,337,105,0,0,0
18966,26.73,26.05,1765,0.356,896,-112,-13536,95,337,105,0,0,0
18971,26.73,26.05,3361,0.677,848,-76,-13508,115,333,78,0,0,0
18975,26.73,26.05,4287,0.864,832,-88,-13484,73,324,115,0,0,0
18980,26.73,26.05,1755,0.354,856,-124,-13420,90,331,106,0,0,0
18985,26.73,26.05,3072,0.619,876,-40,-13512,110,344,89,0,0,0
18991,26.73,26.05,2764,0.557,896,-120,-13556,106,326,96,0,0,0
18996,26.73,26.05,3179,0.64,844,-60,-13528,98,344,90,0,0,0
19001,26.73,26.05,2785,0.561,908,-52,-13456,106,339,85,0,0,0
19005,26.73,26.05,2444,0.492,892,-16,-13616,104,325,107,0,0,0
19010,26.73,26.05,1982,0.399,836,-88,-13512,90,327,118,0,0,0
19015,26.73,26.05,1914,0.386,800,-224,-13700,71,309,65,0,0,0
19021,26.73,26.05,3519,0.709,780,-124,-13496,97,346,96,0,0,0
19026,26.73,26.05,2160,0.435,836,-188,-13668,88,356,98,0,0,0
19031,26.73,26.05,2294,0.462,824,-192,-13476,97,332,92,0,0,0
19035,26.73,26.05,1663,0.335,912,-84,-13448,78,349,104,0,0,0
19127,26.77,25.99,794,0.16,768,-112,-13588,88,319,84,0,0,0
19130,26.77,25.99,400,0.081,836,-40,-13508,120,348,83,0,0,0
19135,26.77,25.99,1227,0.247,960,-128,-13436,105,331,93,0,0,0
19140,26.77,25.99,2350,0.473,892,-80,-13480,84,362,113,0,0,0
19211,26.77,25.99,1195,0.241,908,-168,-13628,90,340,99,0,0,0
19215,26.77,25.99,1554,0.313,788,-212,-13600,105,351,98,0,0,0
19220,26.77,25.99,2257,0.455,904,-60,-13656,105,318,90,0,0,0
19226,26.77,25.99,1983,0.399,804,-188,-13556,96,298,98,0,0,0
19231,26.77,25.99,3636,0.732,848,-104,-13552,85,304,90,0,0,0
19236,26.77,25.99,5168,1.041,672,-148,-13540,129,329,110,0,0,0
19240,26.77,25.99,1951,0.393,880,-160,-13544,96,322,103,0,0,0
19245,26.77,25.99,2004,0.404,844,-84,-13576,77,377,98,0,0,0
19250,26.77,25.99,1897,0.382,756,-96,-13668,96,378,90,0,0,0
19256,26.77,25.99,2204,0.444,820,-252,-13744,92,368,87,0,0,0
19261,26.77,25.99,2901,0.584,800,-164,-13480,89,335,98,0,0,0
19266,26.77,25.99,2744,0.553,832,-96,-13532,86,338,107,0,0,0
19270,26.77,25.99,1748,0.352,880,-40,-13548,100,326,117,0,0,0
19361,26.77,25.99,2040,0.411,868,-96,-13544,94,350,90,0,0,0
19374,26.77,25.99,2359,0.475,856,-104,-13540,81,337,85,0,0,0
19375,26.77,25.99,2142,0.431,856,-104,-13540,81,337,85,0,0,0
19380,26.77,25.99,1808,0.364,840,-108,-13404,87,309,103,0,0,0
19386,26.77,25.99,1582,0.319,824,-148,-13536,112,353,77,0,0,0
19391,26.77,25.99,1646,0.332,768,-272,-13676,89,358,115,0,0,0
19396,26.77,25.99,515,0.104,792,-200,-13644,78,370,103,0,0,0
19467,26.77,25.99,817,0.165,860,-192,-13576,83,355,136,0,0,0
19470,26.77,25.99,1155,0.233,880,-108,-13472,76,359,102,0,0,0
19476,26.77,25.99,808,0.163,872,-152,-13620,73,340,98,0,0,0
19481,26.77,25.99,1570,0.316,840,-120,-13560,108,315,81,0,0,0
19485,26.77,25.99,1732,0.349,816,-36,-13460,109,332,93,0,0,0
19490,26.77,25.99,2522,0.508,868,-92,-13552,114,316,102,0,0,0
19495,26.77,25.99,2347,0.473,804,-188,-13644,85,333,123,0,0,0
19500,26.77,25.99,1559,0.314,792,-164,-13540,102,344,115,0,0,0
19506,26.77,25.99,1621,0.327,828,-128,-13604,79,325,89,0,0,0
19511,26.77,25.99,1363,0.275,852,-156,-13616,105,360,87,0,0,0
19515,26.77,25.99,2436,0.491,808,-224,-13748,109,322,108,0,0,0
19633,26.77,25.91,2979,0.6,868,-144,-13776,121,314,99,0,0,0
19636,26.77,25.91,1153,0.232,844,-100,-13632,107,336,124,0,0,0
19640,26.77,25.91,4381,0.882,888,-116,-13500,73,354,116,0,0,0
19645,26.77,25.91,3060,0.616,760,-204,-13692,110,375,92,0,0,0
19650,26.77,25.91,2653,0.534,972,-240,-13620,103,337,79,0,0,0
19656,26.77,25.91,4788,0.964,772,-104,-13576,103,327,106,0,0,0
19661,26.77,25.91,2789,0.562,732,-168,-13592,99,334,103,0,0,0
19666,26.77,25.91,1029,0.207,768,-188,-13408,117,328,75,0,0,0
19670,26.77,25.91,1692,0.341,848,-112,-13596,89,321,113,0,0,0
19743,26.77,25.91,3079,0.62,728,-100,-13724,102,333,91,0,0,0
19746,26.77,25.91,1544,0.311,728,-100,-13724,102,333,91,0,0,0
19751,26.77,25.91,1514,0.305,812,-96,-13540,91,323,109,0,0,0
19756,26.77,25.91,1594,0.321,888,-156,-13404,114,334,110,0,0,0
19760,26.77,25.91,685,0.138,800,-60,-13544,112,341,83,0,0,0
19765,26.77,25.91,1140,0.23,796,-164,-13684,79,335,97,0,0,0
19770,26.77,25.91,1752,0.353,772,-76,-13536,108,333,103,0,0,0
19776,26.77,25.91,2587,0.521,800,-56,-13636,135,336,80,0,0,0
19781,26.77,25.91,2451,0.494,912,-140,-13584,106,362,91,0,0,0
19870,26.77,25.91,903,0.182,912,-140,-13584,106,362,91,0,0,0
19883,26.77,25.91,2028,0.408,852,-236,-13596,113,331,95,0,0,0
19886,26.77,25.91,3199,0.644,916,-136,-13516,101,308,98,0,0,0
19890,26.77,25.91,4170,0.84,852,-108,-13532,101,335,104,0,0,0
19895,26.77,25.91,4265,0.859,720,-192,-13460,90,327,90,0,0,0
19900,26.77,25.91,3977,0.801,912,-76,-13488,111,311,118,0,0,0
19906,26.77,25.91,3068,0.618,800,-72,-13724,85,359,91,0,0,0
19911,26.77,25.91,2809,0.566,800,-180,-13688,105,369,108,0,0,0
19915,26.77,25.91,1929,0.389,852,-40,-13576,112,331,120,0,0,0
19920,26.77,25.91,2825,0.569,896,-60,-13360,107,308,114,0,0,0
19925,26.77,25.91,2606,0.525,816,-120,-13464,107,320,73,0,0,0
19998,26.77,25.91,2644,0.533,900,-80,-13584,93,321,95,0,0,0
20000,26.77,25.91,1642,0.331,648,-284,-13552,106,341,99,0,0,0
20005,26.77,25.91,3118,0.628,824,-132,-13716,121,333,120,0,0,0
20010,26.77,25.91,2303,0.464,856,-120,-13480,100,342,102,0,0,0
20016,26.77,25.91,3307,0.666,800,-104,-13492,98,348,117,0,0,0
20021,26.77,25.91,2693,0.542,780,-172,-13444,115,344,98,0,0,0
20026,26.77,25.91,2637,0.531,956,-176,-13744,109,333,104,0,0,0
20119,26.77,25.91,3384,0.682,800,-48,-13380,107,358,99,0,0,0
20121,26.77,25.99,662,0.133,800,-48,-13380,107,358,99,0,0,0
20125,26.77,25.99,1255,0.253,840,-128,-13564,83,370,80,0,0,0
20130,26.77,25.99,1670,0.336,744,-144,-13640,119,359,100,0,0,0
20135,26.77,25.99,1926,0.388,908,-116,-13800,118,346,109,0,0,0
20140,26.77,25.99,2680,0.54,808,-152,-13700,84,287,127,0,0,0
20146,26.77,25.99,2736,0.551,772,-92,-13524,110,310,93,0,0,0
20151,26.77,25.99,1419,0.286,784,-68,-13428,113,291,101,0,0,0
20155,26.77,25.99,1821,0.367,772,-180,-13584,116,349,93,0,0,0
20160,26.77,25.99,3388,0.682,868,-220,-13460,66,340,119,0,0,0
20165,26.77,25.99,2257,0.455,804,-24,-13680,109,336,114,0,0,0
20170,26.77,25.99,962,0.194,864,-104,-13400,108,357,106,0,0,0
20176,26.77,25.99,1635,0.329,816,-32,-13588,94,303,99,0,0,0
20249,26.77,25.99,45,0.009,772,-176,-13460,69,304,96,0,0,0
20250,26.77,25.99,736,0.148,772,-176,-13460,69,304,96,0,0,0
20256,26.77,25.99,2190,0.441,880,-116,-13644,122,342,122,0,0,0
20261,26.77,25.99,4900,0.987,772,-60,-13476,97,335,89,0,0,0
20266,26.77,25.99,3608,0.727,932,-96,-13632,79,343,89,0,0,0
20357,26.77,25.99,1951,0.393,808,-120,-13652,81,342,92,0,0,0
20378,26.77,25.99,349,0.07,780,-104,-13500,81,325,104,0,0,0
20380,26.77,25.99,565,0.114,820,-204,-13604,111,367,106,0,0,0
20385,26.77,25.99,1938,0.39,852,-164,-13496,96,341,112,0,0,0
20390,26.77,25.99,1947,0.392,736,-112,-13756,82,329,98,0,0,0
20396,26.77,25.99,2224,0.448,744,-80,-13516,87,297,112,0,0,0
20401,26.77,25.99,1254,0.253,872,-124,-13552,131,319,83,0,0,0
20406,26.77,25.99,1470,0.296,852,-68,-13340,114,335,92,0,0,0
20410,26.77,25.99,2339,0.471,880,-72,-13492,81,320,108,0,0,0
20415,26.77,25.99,2215,0.446,732,-112,-13464,106,372,95,0,0,0
20420,26.77,25.99,1641,0.331,908,-196,-13368,97,343,93,0,0,0
20426,26.77,25.99,1670,0.336,848,-148,-13548,102,351,113,0,0,0
20431,26.77,25.99,1072,0.216,948,-48,-13572,108,302,119,0,0,0
20436,26.77,25.99,2618,0.527,812,-132,-13516,110,308,106,0,0,0
20440,26.77,25.99,2546,0.513,900,-160,-13416,115,303,108,0,0,0
20512,26.77,25.99,729,0.147,896,-88,-13760,114,312,93,0,0,0
20515,26.77,25.99,2646,0.533,788,-160,-13520,115,312,90,0,0,0
20521,26.77,25.99,2766,0.557,820,-56,-13552,106,357,92,0,0,0
20637,26.77,25.99,2982,0.601,980,-112,-13664,80,366,82,0,0,0
20640,26.77,25.99,950,0.191,732,-136,-13628,94,316,77,0,0,0
20646,26.77,25.99,1837,0.37,964,-68,-13516,125,342,91,0,0,0
20651,26.77,25.99,3781,0.762,752,-112,-13524,99,322,106,0,0,0
20656,26.77,25.99,3763,0.758,736,-88,-13576,102,312,117,0,0,0
20660,26.77,25.99,4595,0.926,856,-88,-13712,103,316,118,0,0,0
20665,26.77,25.99,3495,0.704,832,-132,-13604,77,309,101,0,0,0
20670,26.77,25.99,1369,0.276,792,-160,-13584,89,328,105,0,0,0
20676,26.77,25.99,1513,0.305,808,-92,-13520,110,354,118,0,0,0
20681,26.77,25.99,1283,0.258,828,-116,-13704,105,344,103,0,0,0
20686,26.77,25.99,2557,0.515,856,-132,-13816,78,325,93,0,0,0
20690,26.77,25.99,2013,0.405,792,-92,-13648,133,338,102,0,0,0
20695,26.77,25.99,2966,0.597,712,-56,-13476,81,318,94,0,0,0
20700,26.77,25.99,2388,0.481,820,-128,-13436,102,351,107,0,0,0
20706,26.77,25.99,4320,0.87,836,-108,-13440,107,364,97,0,0,0
20711,26.77,25.99,2666,0.537,788,-200,-13780,97,345,112,0,0,0
20803,26.77,25.99,3491,0.703,856,-176,-13416,98,307,104,0,0,0
20879,26.77,25.99,10,0.002,840,-100,-13464,109,345,102,0,0,0
20891,26.77,25.99,293,0.059,696,-48,-13520,90,348,114,0,0,0
20895,26.77,25.99,2967,0.598,752,-52,-13536,113,331,94,0,0,0
20900,26.77,25.99,5316,1.071,876,-84,-13572,101,324,110,0,0,0
20906,26.77,25.99,4995,1.006,776,-128,-13452,102,315,119,0,0,0
20911,26.77,25.99,2703,0.544,780,-84,-13664,101,328,81,0,0,0
20915,26.77,25.99,1520,0.306,824,-88,-13740,112,324,102,0,0,0
20920,26.77,25.99,3959,0.797,812,-108,-13480,88,322,120,0,0,0
20925,26.77,25.99,2520,0.508,836,-160,-13584,88,345,106,0,0,0
20930,26.77,25.99,2154,0.434,772,-72,-13480,89,337,109,0,0,0
20936,26.77,25.99,2551,0.514,776,-116,-13528,120,346,110,0,0,0
20941,26.77,25.99,1769,0.356,856,-124,-13684,86,349,97,0,0,0
20945,26.77,25.99,1136,0.229,736,-136,-13608,118,320,105,0,0,0
20950,26.77,25.99,3476,0.7,876,-132,-13472,118,329,107,0,0,0
20955,26.77,25.99,6959,1.402,820,-28,-13648,84,324,111,0,0,0
20961,26.77,25.99,4410,0.888,828,-180,-13644,108,314,84,0,0,0
21055,26.77,25.99,1416,0.285,796,-76,-13496,114,329,113,0,0,0
21056,26.77,25.99,864,0.174,796,-76,-13496,114,329,113,0,0,0
21060,26.77,25.99,2818,0.568,752,-88,-13620,106,329,98,0,0,0
21066,26.77,25.99,5382,1.084,816,-100,-13588,102,321,97,0,0,0
21138,26.77,25.99,1731,0.349,848,-124,-13480,89,354,87,0,0,0
21140,26.77,25.99,2254,0.454,944,-100,-13644,102,326,83,0,0,0
21146,26.77,25.99,3907,0.787,800,-148,-13536,102,327,90,0,0,0
21151,26.77,25.99,2129,0.429,916,-156,-13668,124,329,103,0,0,0
21156,26.77,25.99,899,0.181,732,-144,-13568,88,349,107,0,0,0
21160,26.77,25.99,1143,0.23,772,-160,-13616,114,321,112,0,0,0
21165,26.77,25.99,3342,0.673,832,-72,-13536,129,323,90,0,0,0
21170,26.77,25.99,1772,0.357,720,32,-13636,120,333,97,0,0,0
21176,26.77,25.99,4031,0.812,760,-196,-13544,94,341,84,0,0,0
21181,26.77,25.99,2752,0.554,876,-196,-13508,92,333,107,0,0,0
21186,26.77,25.99,3958,0.797,824,-144,-13636,94,305,97,0,0,0
21190,26.77,25.99,2466,0.497,832,-152,-13604,102,322,89,0,0,0
21195,26.77,25.99,3713,0.748,832,-160,-13472,110,301,100,0,0,0
21200,26.77,25.99,3668,0.739,976,-84,-13540,117,311,96,0,0,0
21292,26.77,25.99,3464,0.698,912,-88,-13688,117,344,104,0,0,0
21295,26.77,25.99,2043,0.412,648,-236,-13496,103,348,99,0,0,0
21300,26.77,25.99,1296,0.261,840,-96,-13612,112,341,66,0,0,0
21306,26.77,25.99,1375,0.277,800,-104,-13608,124,333,103,0,0,0
21311,26.77,25.99,506,0.102,844,-4,-13676,117,323,69,0,0,0
21316,26.77,25.99,1446,0.291,792,-140,-13640,94,330,82,0,0,0
21388,26.77,25.99,37,0.007,748,-152,-13504,86,324,98,0,0,0
21401,26.77,25.99,638,0.129,912,-128,-13340,91,361,113,0,0,0
21406,26.77,25.99,1524,0.307,828,-148,-13572,90,324,107,0,0,0
21410,26.77,25.99,2575,0.519,744,-128,-13596,103,325,102,0,0,0
21415,26.77,25.99,2100,0.423,840,-68,-13432,88,330,94,0,0,0
21420,26.77,25.99,2242,0.452,780,-104,-13456,105,348,100,0,0,0
21426,26.77,25.99,1547,0.312,892,-216,-13496,125,326,80,0,0,0
21431,26.77,25.99,1811,0.365,760,-232,-13732,84,329,92,0,0,0
21436,26.77,25.99,2367,0.477,880,-244,-13748,84,352,105,0,0,0
21440,26.77,25.99,3081,0.621,880,-132,-13568,86,333,95,0,0,0
21445,26.77,25.99,1208,0.243,800,-136,-13584,108,331,112,0,0,0
21450,26.77,25.99,2504,0.504,812,-16,-13316,104,350,100,0,0,0
21541,26.77,25.99,781,0.157,868,-48,-13352,109,345,89,0,0,0
21546,26.77,25.99,1452,0.292,812,-80,-13636,83,325,117,0,0,0
21550,26.77,25.99,2059,0.415,772,-148,-13620,111,332,68,0,0,0
21555,26.77,25.99,4209,0.848,852,-60,-13688,111,300,102,0,0,0
21560,26.77,25.99,3425,0.69,876,-44,-13492,108,313,107,0,0,0
21566,26.77,25.99,1471,0.296,788,-124,-13496,107,357,86,0,0,0
21571,26.77,25.99,1677,0.338,808,-84,-13504,98,334,81,0,0,0
21576,26.77,25.99,788,0.159,916,-144,-13568,122,353,89,0,0,0
21672,26.73,26.03,2003,0.403,764,-220,-13552,128,320,97,0,0,0
21676,26.73,26.03,1911,0.385,788,-156,-13372,88,357,104,0,0,0
21681,26.73,26.03,1941,0.391,832,-132,-13496,92,355,90,0,0,0
21685,26.73,26.03,961,0.194,924,-64,-13564,84,353,117,0,0,0
21690,26.73,26.03,1320,0.266,800,-164,-13652,94,349,82,0,0,0
21695,26.73,26.03,2532,0.51,880,-92,-13540,115,325,78,0,0,0
21701,26.73,26.03,2176,0.438,832,-68,-13376,111,336,94,0,0,0
21706,26.73,26.03,1119,0.225,716,-96,-13520,90,317,92,0,0,0
21710,26.73,26.03,880,0.177,740,-132,-13716,102,335,127,0,0,0
21803,26.73,26.03,2549,0.513,856,-176,-13660,79,342,113,0,0,0
21805,26.73,26.03,1247,0.251,768,-116,-13708,108,341,85,0,0,0
21810,26.73,26.03,1541,0.31,848,-56,-13536,87,327,75,0,0,0
21815,26.73,26.03,1903,0.383,820,-144,-13548,120,338,77,0,0,0
21821,26.73,26.03,2986,0.601,780,-124,-13420,96,343,76,0,0,0
21826,26.73,26.03,1870,0.377,828,-120,-13608,87,356,92,0,0,0
21836,26.73,26.03,1280,0.258,860,-56,-13636,90,337,90,0,0,0
21840,26.73,26.03,2347,0.473,776,-200,-13656,114,333,113,0,0,0
21845,26.73,26.03,2329,0.469,844,-148,-13604,121,319,106,0,0,0
21850,26.73,26.03,1498,0.302,776,-144,-13484,108,339,88,0,0,0
21856,26.73,26.03,2828,0.57,800,-120,-13492,119,313,104,0,0,0
21928,26.73,26.03,2032,0.409,780,-156,-13568,98,335,115,0,0,0
21930,26.73,26.03,2398,0.483,904,-160,-13584,131,310,67,0,0,0
21935,26.73,26.03,2719,0.548,860,-144,-13556,78,338,85,0,0,0
21940,26.73,26.03,1683,0.339,844,-132,-13640,110,343,91,0,0,0
21945,26.73,26.03,1848,0.372,820,-184,-13544,123,337,86,0,0,0
21951,26.73,26.03,4297,0.866,800,-112,-13640,106,323,111,0,0,0
21956,26.73,26.03,3893,0.784,896,-84,-13616,110,318,116,0,0,0
22048,26.73,26.03,2686,0.541,796,-32,-13548,89,359,114,0,0,0
22050,26.73,26.03,3117,0.628,848,-84,-13384,92,346,89,0,0,0
22055,26.73,26.03,2874,0.579,844,-100,-13760,94,335,112,0,0,0
22061,26.73,26.03,1943,0.391,832,-148,-13676,106,312,101,0,0,0
22066,26.73,26.03,5221,1.052,884,-132,-13768,103,320,99,0,0,0
22070,26.73,26.03,4538,0.914,808,-104,-13620,124,328,123,0,0,0
22075,26.73,26.03,3874,0.78,828,-172,-13572,130,318,91,0,0,0
22080,26.71,25.97,1909,0.385,836,-112,-13468,124,340,97,0,0,0
22085,26.71,25.97,718,0.145,808,-180,-13504,86,342,118,0,0,0
22091,26.71,25.97,4077,0.821,788,-252,-13552,71,364,92,0,0,0
22096,26.71,25.97,2633,0.53,912,-72,-13476,84,339,98,0,0,0
22100,26.71,25.97,2414,0.486,896,-160,-13564,90,318,77,0,0,0
22105,26.71,25.97,1822,0.367,896,-276,-13744,81,322,105,0,0,0
22177,26.71,25.97,429,0.086,872,-148,-13760,97,345,100,0,0,0
22180,26.71,25.97,2147,0.432,948,-96,-13700,98,327,103,0,0,0
22185,26.71,25.97,5458,1.099,752,-72,-13500,105,297,99,0,0,0
22190,26.71,25.97,2843,0.573,800,-104,-13460,98,341,100,0,0,0
22196,26.71,25.97,3136,0.632,780,-56,-13656,105,340,73,0,0,0
22286,26.71,25.97,3684,0.742,780,-56,-13656,105,340,73,0,0,0
22291,26.71,25.97,1464,0.295,772,-152,-13492,105,295,96,0,0,0
22296,26.71,25.97,2180,0.439,860,-44,-13644,103,314,78,0,0,0
22300,26.71,25.97,2397,0.483,864,-172,-13676,112,363,93,0,0,0
22305,26.71,25.97,1614,0.325,780,-192,-13464,115,341,83,0,0,0
22310,26.71,25.97,5327,1.073,904,-168,-13460,86,361,77,0,0,0
22316,26.71,25.97,5598,1.128,916,-120,-13676,111,365,86,0,0,0
22321,26.71,25.97,2465,0.497,824,-108,-13440,112,315,89,0,0,0
22326,26.71,25.97,436,0.088,840,-128,-13648,85,299,80,0,0,0
22339,26.71,25.97,866,0.174,832,-56,-13448,100,328,78,0,0,0
22341,26.71,25.97,2255,0.454,800,-224,-13524,92,349,97,0,0,0
22345,26.71,25.97,1582,0.319,868,-80,-13508,114,353,96,0,0,0
22350,26.71,25.97,4473,0.901,876,-160,-13624,118,364,112,0,0,0
22355,26.71,25.97,4071,0.82,820,-164,-13496,86,316,103,0,0,0
22360,26.71,25.97,1638,0.33,816,-76,-13564,116,321,116,0,0,0
22432,26.71,25.97,3351,0.675,896,-44,-13548,117,341,89,0,0,0
22435,26.71,25.97,3112,0.627,948,-108,-13556,84,310,84,0,0,0
22440,26.71,25.97,3845,0.774,924,-184,-13640,123,316,89,0,0,0
22445,26.71,25.97,5640,1.136,924,-152,-13652,93,362,87,0,0,0
22534,26.71,25.97,4849,0.977,924,-152,-13652,93,362,87,0,0,0
22535,26.71,25.97,296,0.06,940,-148,-13568,120,344,108,0,0,0
22540,26.71,25.97,3115,0.627,780,-104,-13824,117,327,113,0,0,0
22545,26.71,25.97,1772,0.357,716,-64,-13516,105,330,83,0,0,0
22550,26.71,25.97,2775,0.559,808,-180,-13532,89,315,112,0,0,0
22555,26.71,25.97,2567,0.517,856,52,-13480,90,325,100,0,0,0
22561,26.71,25.97,3095,0.623,852,-216,-13744,71,340,98,0,0,0
22566,26.71,25.97,2034,0.41,848,-236,-13592,120,378,104,0,0,0
22570,26.71,25.97,3253,0.655,796,-204,-13420,108,346,106,0,0,0
22575,26.71,25.97,1184,0.238,880,-92,-13752,110,302,99,0,0,0
22580,26.71,25.97,3201,0.645,780,-148,-13516,103,340,134,0,0,0
22586,26.71,25.97,3871,0.78,732,-192,-13700,80,316,70,0,0,0
22591,26.77,26.03,2842,0.572,884,-108,-13548,96,355,104,0,0,0
22596,26.77,26.03,1564,0.315,848,-168,-13736,92,332,93,0,0,0
22600,26.77,26.03,1532,0.309,856,-124,-13508,116,356,115,0,0,0
22605,26.77,26.03,3870,0.78,956,-124,-13536,88,316,96,0,0,0
22701,26.77,26.03,3877,0.781,764,-100,-13448,104,299,95,0,0,0
22705,26.77,26.03,1566,0.315,888,-140,-13684,143,383,87,0,0,0
22798,26.77,26.03,5727,1.154,888,-140,-13684,143,383,87,0,0,0
22800,26.77,26.03,4537,0.914,812,-204,-13548,66,281,101,0,0,0
22805,26.77,26.03,4201,0.846,776,-68,-13436,115,359,87,0,0,0
22810,26.77,26.03,4951,0.997,812,-144,-13512,103,310,98,0,0,0
22815,26.77,26.03,5677,1.144,760,-4,-13652,82,324,87,0,0,0
22821,26.77,26.03,4863,0.98,800,-160,-13632,71,336,99,0,0,0
22826,26.77,26.03,3836,0.773,776,-152,-13496,111,321,85,0,0,0
22854,26.77,26.03,2445,0.492,896,-124,-13452,91,343,100,0,0,0
22855,26.77,26.03,1959,0.395,864,-100,-13384,123,372,89,0,0,0
22860,26.77,26.03,2519,0.507,928,-160,-13568,99,355,93,0,0,0
22866,26.77,26.03,5938,1.196,920,-96,-13712,88,362,100,0,0,0
22871,26.77,26.03,4388,0.884,760,-32,-13564,96,324,95,0,0,0
22876,26.77,26.03,1429,0.288,820,-104,-13320,115,315,79,0,0,0
22880,26.77,26.03,2202,0.444,752,-164,-13492,98,289,86,0,0,0
22885,26.77,26.03,6142,1.237,896,-104,-13628,120,358,93,0,0,0
22890,26.77,26.03,6107,1.23,800,-228,-13584,78,321,105,0,0,0
22896,26.77,26.03,3086,0.622,764,-108,-13804,88,362,101,0,0,0
22901,26.77,26.03,934,0.188,692,-116,-13600,88,293,102,0,0,0
23068,26.77,26.03,105,0.021,768,-92,-13820,101,322,73,0,0,0
23071,26.77,26.03,186,0.037,816,-96,-13288,106,334,93,0,0,0
23075,26.77,26.03,2410,0.485,848,-100,-13608,92,332,108,0,0,0
23080,26.77,26.03,1945,0.392,848,-72,-13648,110,332,93,0,0,0
23085,26.77,26.03,3651,0.735,796,-148,-13684,110,343,115,0,0,0
23091,26.77,26.03,3826,0.771,868,-140,-13708,89,341,85,0,0,0
23096,26.77,26.03,1936,0.39,848,-208,-13648,111,330,96,0,0,0
23101,26.77,26.03,3625,0.73,860,-76,-13668,86,327,90,0,0,0
23105,26.77,26.03,2438,0.491,816,-176,-13424,100,326,88,0,0,0
23110,26.77,26.03,2559,0.515,772,-92,-13404,88,345,89,0,0,0
23115,26.77,26.03,2101,0.423,936,-172,-13480,136,347,113,0,0,0
23121,26.77,26.03,2714,0.547,784,-132,-13548,91,310,98,0,0,0
23126,26.77,26.03,1028,0.207,884,-120,-13588,99,348,104,0,0,0
23130,26.77,26.03,2776,0.559,828,-136,-13544,79,319,81,0,0,0
23135,26.77,26.03,1888,0.38,812,-116,-13524,104,341,89,0,0,0
23140,26.77,26.03,1232,0.248,872,-112,-13520,94,354,111,0,0,0
23234,26.77,26.03,2089,0.421,832,-132,-13344,106,336,123,0,0,0
23235,26.77,26.03,749,0.151,780,-176,-13576,93,327,87,0,0,0
23240,26.77,26.03,2314,0.466,864,-140,-13732,110,332,97,0,0,0
23246,26.77,26.03,1854,0.373,888,-112,-13620,93,316,112,0,0,0
23318,26.77,26.03,3049,0.614,752,-144,-13636,97,333,110,0,0,0
23321,26.77,26.03,2988,0.602,736,-120,-13692,113,355,127,0,0,0
23325,26.77,26.03,2154,0.434,1008,-36,-13388,85,356,92,0,0,0
23360,26.77,26.03,1670,0.336,812,-112,-13448,74,344,104,0,0,0
23366,26.77,26.03,2438,0.491,780,-164,-13740,119,365,110,0,0,0
23371,26.77,26.03,2224,0.448,820,-164,-13372,126,332,112,0,0,0
23376,26.77,26.03,1645,0.331,816,-100,-13512,98,333,108,0,0,0
23380,26.77,26.03,3191,0.643,856,-128,-13520,102,319,100,0,0,0
23385,26.77,26.03,2896,0.583,796,-224,-13628,91,319,89,0,0,0
23390,26.77,26.03,1794,0.361,812,-164,-13728,114,309,90,0,0,0
23396,26.77,26.03,1928,0.388,804,-196,-13576,122,319,89,0,0,0
23401,26.77,26.03,2092,0.421,836,-112,-13404,106,323,95,0,0,0
23405,26.77,26.03,1943,0.391,848,-108,-13448,109,373,106,0,0,0
23410,26.77,26.03,1921,0.387,780,-140,-13576,92,348,117,0,0,0
23504,26.77,26.03,970,0.195,824,-136,-13408,72,326,101,0,0,0
23505,26.77,26.03,583,0.117,764,-32,-13508,93,341,86,0,0,0
23510,26.77,26.03,1185,0.239,812,-128,-13608,89,384,97,0,0,0
23516,26.77,26.03,1476,0.297,868,-140,-13720,100,366,80,0,0,0
23521,26.77,26.03,1634,0.329,892,-128,-13392,95,334,104,0,0,0
23526,26.77,26.03,1939,0.391,840,-20,-13412,93,324,109,0,0,0
23598,26.77,26.03,159,0.032,980,-144,-13620,79,319,113,0,0,0
23601,26.77,26.03,1772,0.357,812,-100,-13448,109,311,100,0,0,0
23606,26.77,26.03,4679,0.942,768,-100,-13564,128,335,102,0,0,0
23611,26.77,26.03,2511,0.506,780,-148,-13560,109,319,78,0,0,0
23616,26.77,26.03,1461,0.294,852,-236,-13596,88,323,97,0,0,0
23620,26.73,26.03,3065,0.617,776,-168,-13588,107,333,108,0,0,0
23625,26.73,26.03,3023,0.609,924,-200,-13372,111,333,110,0,0,0
23630,26.73,26.03,1910,0.385,800,-124,-13656,120,349,102,0,0,0
23636,26.73,26.03,1426,0.287,868,-144,-13536,114,312,107,0,0,0
23641,26.73,26.03,1315,0.265,696,-96,-13672,119,325,103,0,0,0
23645,26.73,26.03,2276,0.458,808,-188,-13388,118,338,81,0,0,0
23650,26.73,26.03,1503,0.303,760,-72,-13492,88,332,107,0,0,0
23766,26.73,26.03,1190,0.24,840,-252,-13528,94,346,106,0,0,0
23771,26.73,26.03,1909,0.385,828,-116,-13456,83,330,89,0,0,0
23775,26.73,26.03,2217,0.447,804,-60,-13552,103,315,100,0,0,0
23780,26.73,26.03,2566,0.517,888,-40,-13492,106,348,113,0,0,0
23785,26.73,26.03,2264,0.456,876,-112,-13616,114,369,102,0,0,0
23790,26.73,26.03,1232,0.248,840,-144,-13536,69,350,72,0,0,0
23796,26.73,26.03,2453,0.494,816,-40,-13496,108,348,124,0,0,0
23801,26.73,26.03,1187,0.239,780,-40,-13556,121,336,77,0,0,0
23874,26.73,26.03,1254,0.253,824,-216,-13636,94,352,97,0,0,0
23891,26.73,26.03,1815,0.366,672,-120,-13576,95,306,105,0,0,0
23896,26.73,26.03,1363,0.275,896,-40,-13480,110,327,110,0,0,0
23900,26.73,26.03,698,0.141,872,-188,-13400,105,331,91,0,0,0
23905,26.73,26.03,1101,0.222,832,-132,-13556,91,369,106,0,0,0
23910,26.73,26.03,2149,0.433,764,-164,-13544,100,358,88,0,0,0
23916,26.73,26.03,2564,0.516,808,-160,-13784,114,343,113,0,0,0
23921,26.73,26.03,1228,0.247,868,-92,-13392,105,335,93,0,0,0
23926,26.73,26.03,1335,0.269,792,-148,-13624,99,321,110,0,0,0
24019,26.73,26.03,2408,0.485,868,-84,-13584,110,337,100,0,0,0
24020,26.73,26.03,374,0.075,804,-96,-13372,67,356,102,0,0,0
24025,26.73,26.03,1183,0.238,852,-40,-13452,114,345,101,0,0,0
24030,26.73,26.03,1882,0.379,816,-84,-13560,117,313,83,0,0,0
24035,26.73,26.03,2024,0.408,760,-56,-13640,96,328,93,0,0,0
24041,26.73,26.03,2212,0.446,936,-212,-13632,82,330,92,0,0,0
24046,26.73,26.03,2927,0.59,788,16,-13556,109,311,118,0,0,0
24051,26.73,26.03,1634,0.329,924,-28,-13480,104,321,110,0,0,0
24055,26.73,26.03,1211,0.244,932,-184,-13608,120,351,107,0,0,0
24060,26.73,26.03,2848,0.574,796,-188,-13588,91,339,98,0,0,0
24065,26.73,26.03,4281,0.862,728,-72,-13556,122,322,111,0,0,0
24137,26.73,26.05,2231,0.449,848,-100,-13588,89,347,97,0,0,0
24141,26.73,26.05,1392,0.28,736,-180,-13564,100,309,88,0,0,0
24146,26.73,26.05,3604,0.726,896,-112,-13588,96,331,105,0,0,0
24150,26.73,26.05,1435,0.289,804,-160,-13572,101,349,71,0,0,0
24155,26.73,26.05,2480,0.5,856,-64,-13572,90,305,101,0,0,0
24160,26.73,26.05,2181,0.439,800,-172,-13620,116,335,105,0,0,0
24165,26.73,26.05,2787,0.561,768,-152,-13528,89,349,97,0,0,0
24256,26.73,26.05,773,0.156,720,-144,-13548,111,292,123,0,0,0
24260,26.73,26.05,2578,0.519,904,-112,-13496,86,344,74,0,0,0
24266,26.73,26.05,1963,0.395,828,-24,-13560,75,344,94,0,0,0
24271,26.73,26.05,1777,0.358,848,-128,-13644,87,349,122,0,0,0
24276,26.73,26.05,4594,0.925,880,-220,-13576,108,329,130,0,0,0
24280,26.73,26.05,1758,0.354,896,-132,-13596,100,334,95,0,0,0
24285,26.73,26.05,1782,0.359,932,-128,-13700,89,321,91,0,0,0
24290,26.73,26.05,1129,0.227,872,-100,-13636,117,294,92,0,0,0
24296,26.73,26.05,1399,0.282,928,-132,-13588,95,328,112,0,0,0
24301,26.73,26.05,3041,0.613,848,-124,-13548,110,353,116,0,0,0
24306,26.73,26.05,3131,0.631,852,-160,-13624,94,303,101,0,0,0
24310,26.73,26.05,1250,0.252,844,-132,-13588,98,330,89,0,0,0
24315,26.73,26.05,1075,0.217,836,-112,-13472,109,334,115,0,0,0
24387,26.73,26.05,2230,0.449,856,-264,-13556,105,319,105,0,0,0
24401,26.73,26.05,761,0.153,920,-160,-13696,117,344,73,0,0,0
24406,26.73,26.05,3557,0.716,816,-160,-13660,91,338,75,0,0,0
24410,26.73,26.05,3080,0.62,840,-160,-13644,86,350,83,0,0,0
24415,26.73,26.05,4692,0.945,792,-176,-13640,112,319,116,0,0,0
24505,26.73,26.05,5728,1.154,840,-44,-13596,97,311,96,0,0,0
24510,26.73,26.05,5747,1.158,888,-156,-13604,118,316,101,0,0,0
24515,26.73,26.05,3854,0.776,864,-108,-13668,102,324,125,0,0,0
24521,26.73,26.05,2931,0.59,768,-164,-13568,72,309,101,0,0,0
24526,26.73,26.05,3858,0.777,848,-148,-13476,109,338,100,0,0,0
24531,26.73,26.05,5814,1.171,788,-112,-13564,89,329,104,0,0,0
24535,26.73,26.05,1693,0.341,872,-128,-13648,73,314,98,0,0,0
24540,26.73,26.05,2926,0.589,820,-148,-13456,126,321,91,0,0,0
24545,26.73,26.05,2265,0.456,828,-68,-13516,103,329,95,0,0,0
24551,26.73,26.05,3467,0.698,916,-80,-13388,87,335,108,0,0,0
24556,26.73,26.05,1964,0.396,804,-124,-13584,85,360,72,0,0,0
24561,26.73,26.05,253,0.051,872,-184,-13480,85,349,92,0,0,0
24565,26.73,26.05,2144,0.432,888,-176,-13464,105,366,91,0,0,0
24570,26.73,26.05,2454,0.494,824,-56,-13564,132,315,114,0,0,0
24575,26.73,26.05,1182,0.238,824,-56,-13564,132,315,114,0,0,0
24647,26.73,26.11,1351,0.272,760,-156,-13480,102,322,109,0,0,0
24650,26.73,26.11,2123,0.428,764,-148,-13816,113,325,110,0,0,0
24767,26.73,26.11,1803,0.363,848,-116,-13624,79,315,112,0,0,0
24770,26.73,26.11,1589,0.32,816,-196,-13544,116,315,101,0,0,0
24775,26.73,26.11,2614,0.527,900,-176,-13484,122,365,102,0,0,0
24780,26.73,26.11,920,0.185,900,-176,-13484,122,365,102,0,0,0
24786,26.73,26.11,2419,0.487,864,-100,-13584,90,359,110,0,0,0
24791,26.73,26.11,1034,0.208,908,-116,-13548,90,331,111,0,0,0
24796,26.73,26.11,2673,0.538,916,-56,-13564,94,324,103,0,0,0
24800,26.73,26.11,2028,0.408,796,-88,-13508,81,337,111,0,0,0
24805,26.73,26.11,3061,0.617,836,-80,-13468,88,326,97,0,0,0
24810,26.73,26.11,3910,0.788,836,-80,-13468,88,326,97,0,0,0
24816,26.73,26.11,2967,0.598,880,-188,-13392,101,328,115,0,0,0
24821,26.73,26.11,1599,0.322,820,-188,-13464,102,355,88,0,0,0
24826,26.73,26.11,3449,0.695,864,-192,-13612,90,334,103,0,0,0
24836,26.73,26.11,607,0.122,792,-124,-13608,75,328,99,0,0,0
24840,26.73,26.11,6222,1.253,772,-100,-13632,109,311,105,0,0,0
24845,26.73,26.11,4685,0.944,752,-128,-13592,105,348,115,0,0,0
24850,26.73,26.11,3936,0.793,744,-248,-13544,76,352,112,0,0,0
24941,26.73,26.11,2755,0.555,856,-108,-13472,93,318,96,0,0,0
25017,26.73,26.11,1848,0.372,860,-104,-13552,93,316,75,0,0,0
25020,26.73,26.11,2487,0.501,832,-60,-13676,94,306,96,0,0,0
25025,26.73,26.11,3888,0.783,832,-60,-13676,94,306,96,0,0,0
25031,26.73,26.11,4212,0.848,908,-100,-13636,99,331,112,0,0,0
25036,26.73,26.11,3014,0.607,812,-68,-13384,110,344,83,0,0,0
25041,26.73,26.11,365,0.074,776,-60,-13644,99,340,85,0,0,0
25045,26.73,26.11,1818,0.366,824,-168,-13616,90,354,95,0,0,0
25050,26.73,26.11,1931,0.389,788,-40,-13512,91,328,101,0,0,0
25055,26.73,26.11,3383,0.681,788,-40,-13512,91,328,101,0,0,0
25061,26.73,26.11,1951,0.393,800,-168,-13384,109,319,118,0,0,0
25066,26.73,26.11,2378,0.479,840,-100,-13560,99,331,116,0,0,0
25071,26.73,26.11,1372,0.276,796,-208,-13536,86,384,109,0,0,0
25075,26.73,26.11,1569,0.316,820,-192,-13552,95,355,95,0,0,0
25080,26.77,26.03,1278,0.257,820,-192,-13552,95,355,95,0,0,0
25085,26.77,26.03,2310,0.465,944,-104,-13492,119,341,106,0,0,0
25091,26.77,26.03,3296,0.664,820,-96,-13440,105,334,100,0,0,0
25181,26.77,26.03,417,0.084,912,-168,-13536,108,354,88,0,0,0
25185,26.77,26.03,2663,0.536,912,-168,-13536,108,354,88,0,0,0
25191,26.77,26.03,1641,0.331,944,-152,-13572,84,362,86,0,0,0
25196,26.77,26.03,1377,0.277,728,-160,-13512,120,327,97,0,0,0
25268,26.77,26.03,2257,0.455,868,-92,-13588,107,364,111,0,0,0
25270,26.77,26.03,3547,0.714,676,-164,-13424,105,294,105,0,0,0
25275,26.77,26.03,2695,0.543,676,-164,-13424,105,294,105,0,0,0
25280,26.77,26.03,2476,0.499,780,-192,-13580,126,306,75,0,0,0
25286,26.77,26.03,3619,0.729,780,-128,-13592,92,368,104,0,0,0
25291,26.77,26.03,4773,0.961,788,-220,-13532,88,361,103,0,0,0
25296,26.77,26.03,4682,0.943,816,-252,-13556,84,352,77,0,0,0
25300,26.77,26.03,934,0.188,836,-212,-13624,87,338,121,0,0,0
25305,26.77,26.03,1586,0.319,836,-212,-13624,87,338,121,0,0,0
25310,26.77,26.03,1622,0.327,824,-132,-13572,90,318,96,0,0,0
25316,26.77,26.03,3512,0.707,820,-80,-13472,103,295,106,0,0,0
25321,26.77,26.03,3113,0.627,804,-136,-13496,121,330,105,0,0,0
25326,26.77,26.03,4748,0.956,724,-200,-13612,80,369,128,0,0,0
25335,26.77,26.03,0,0.0,884,-132,-13528,98,338,86,0,0,0
25428,26.77,26.03,1644,0.331,764,0,-13580,105,324,115,0,0,0
25430,26.77,26.03,1717,0.346,764,0,-13580,105,324,115,0,0,0
25435,26.77,26.03,2626,0.529,812,-136,-13484,101,345,97,0,0,0
25441,26.77,26.03,4469,0.9,844,-96,-13512,101,354,87,0,0,0
25446,26.77,26.03,1352,0.272,868,-64,-13556,110,339,90,0,0,0
25451,26.77,26.03,2901,0.584,792,-252,-13500,80,331,124,0,0,0
25523,26.77,26.03,4481,0.903,868,-128,-13664,92,343,111,0,0,0
25526,26.77,26.03,2576,0.519,780,-112,-13708,106,352,115,0,0,0
25530,26.77,26.03,4065,0.819,804,-208,-13672,109,330,114,0,0,0
25535,26.77,26.03,3807,0.767,804,-208,-13672,109,330,114,0,0,0
25540,26.77,26.03,3913,0.788,824,-192,-13540,104,322,112,0,0,0
25546,26.77,26.03,3923,0.79,836,-108,-13592,110,339,92,0,0,0
25551,26.77,26.03,5025,1.012,800,-108,-13556,132,349,85,0,0,0
25556,26.77,26.03,3534,0.712,820,0,-13640,81,327,80,0,0,0
25560,26.77,26.03,2376,0.479,784,-212,-13464,93,346,90,0,0,0
25565,26.77,26.03,1545,0.311,784,-212,-13464,93,346,90,0,0,0
25570,26.77,26.03,1812,0.365,844,-128,-13620,91,296,129,0,0,0
25664,26.73,25.99,2686,0.541,956,-128,-13584,71,362,102,0,0,0
25666,26.73,25.99,2443,0.492,776,-148,-13680,85,351,90,0,0,0
25671,26.73,25.99,2066,0.416,928,-164,-13604,111,343,84,0,0,0
25676,26.73,25.99,2171,0.437,816,-136,-13336,84,334,83,0,0,0
25681,26.73,25.99,3483,0.702,792,-116,-13676,76,342,87,0,0,0
25685,26.73,25.99,1723,0.347,792,-116,-13676,76,342,87,0,0,0
25690,26.73,25.99,1105,0.223,712,-184,-13564,101,326,101,0,0,0
25695,26.73,25.99,1664,0.335,872,-156,-13616,113,361,94,0,0,0
25701,26.73,25.99,2481,0.5,732,-48,-13452,89,343,109,0,0,0
25797,26.73,25.99,375,0.076,884,-152,-13296,103,363,95,0,0,0
25801,26.73,25.99,5782,1.165,860,-20,-13588,134,339,106,0,0,0
25806,26.73,25.99,4600,0.927,824,-148,-13680,103,343,99,0,0,0
25810,26.73,25.99,5103,1.028,824,-148,-13680,103,343,99,0,0,0
25815,26.73,25.99,2034,0.41,736,-132,-13636,111,312,127,0,0,0
25820,26.73,25.99,2755,0.555,988,-32,-13588,121,336,89,0,0,0
25826,26.73,25.99,5158,1.039,868,-264,-13628,90,365,97,0,0,0
25850,26.73,25.99,2040,0.411,756,-76,-13396,86,339,127,0,0,0
25855,26.73,25.99,5063,1.02,796,-184,-13740,129,334,103,0,0,0
25949,26.73,25.99,3830,0.771,780,-204,-13500,113,338,104,0,0,0
25950,26.73,25.99,43,0.009,780,-204,-13500,113,338,104,0,0,0
25955,26.73,25.99,1561,0.314,800,-112,-13564,99,364,83,0,0,0
25961,26.73,25.99,1413,0.285,816,-144,-13568,79,327,88,0,0,0
25966,26.73,25.99,1741,0.351,748,-156,-13472,96,328,102,0,0,0
25971,26.73,25.99,1761,0.355,748,-156,-13472,96,328,102,0,0,0
25975,26.73,25.99,977,0.197,764,-116,-13536,67,314,97,0,0,0
25980,26.73,25.99,3475,0.7,748,-108,-13588,123,338,90,0,0,0
25985,26.73,25.99,2808,0.566,820,-208,-13672,120,339,97,0,0,0
25991,26.73,25.99,2378,0.479,772,-112,-13488,104,346,95,0,0,0
25996,26.73,25.99,2296,0.462,820,-224,-13536,108,355,92,0,0,0
26068,26.73,25.99,338,0.068,880,-212,-13512,106,321,104,0,0,0
26070,26.73,25.99,249,0.05,880,-212,-13512,106,321,104,0,0,0
26076,26.73,25.99,2072,0.417,788,-188,-13736,77,318,94,0,0,0
26081,26.73,25.99,1546,0.311,832,-60,-13620,87,342,102,0,0,0
26085,26.73,25.99,1854,0.373,832,-60,-13620,87,342,102,0,0,0
26090,26.71,26.09,2371,0.478,768,-80,-13488,100,348,94,0,0,0
26095,26.71,26.09,1503,0.303,860,-88,-13252,106,346,107,0,0,0
26187,26.71,26.09,1032,0.208,884,-32,-13512,118,321,87,0,0,0
26191,26.71,26.09,1382,0.278,884,-32,-13512,118,321,87,0,0,0
26195,26.71,26.09,2417,0.487,752,-64,-13548,102,297,105,0,0,0
26200,26.71,26.09,4172,0.84,936,-112,-13420,122,346,84,0,0,0
26205,26.71,26.09,3743,0.754,800,-212,-13484,114,324,81,0,0,0
26211,26.71,26.09,2776,0.559,848,-96,-13684,103,353,120,0,0,0
26216,26.71,26.09,4116,0.829,744,-120,-13452,83,325,103,0,0,0
26221,26.71,26.09,2336,0.471,744,-120,-13452,83,325,103,0,0,0
26225,26.71,26.09,4625,0.932,852,-108,-13480,106,344,86,0,0,0
26230,26.71,26.09,3718,0.749,868,-96,-13740,109,333,103,0,0,0
26235,26.71,26.09,2144,0.432,880,-160,-13644,95,337,91,0,0,0
26241,26.71,26.09,2545,0.513,828,-200,-13596,112,355,74,0,0,0
26246,26.71,26.09,4991,1.005,828,-200,-13596,112,355,74,0,0,0
26319,26.71,26.09,1642,0.331,940,-116,-13576,110,329,90,0,0,0
26320,26.71,26.09,405,0.082,940,-116,-13576,110,329,90,0,0,0
26325,26.71,26.09,2729,0.55,780,-68,-13528,113,353,95,0,0,0
26346,26.71,26.09,1043,0.21,800,-80,-13548,118,333,84,0,0,0
26351,26.71,26.09,1156,0.233,836,-168,-13648,114,330,107,0,0,0
26444,26.71,26.09,1371,0.276,840,-100,-13488,109,303,103,0,0,0
26446,26.71,26.09,571,0.115,876,-124,-13588,126,335,116,0,0,0
26451,26.71,26.09,2746,0.553,876,-124,-13588,126,335,116,0,0,0
26456,26.71,26.09,3547,0.714,796,-92,-13420,81,322,98,0,0,0
26460,26.71,26.09,3795,0.764,832,-128,-13644,100,363,109,0,0,0
26465,26.71,26.09,4050,0.816,928,-136,-13472,96,340,91,0,0,0
26470,26.71,26.09,3170,0.639,928,-100,-13592,115,339,91,0,0,0
26476,26.71,26.09,5057,1.019,800,-172,-13700,73,325,116,0,0,0
26481,26.71,26.09,2874,0.579,800,-172,-13700,73,325,116,0,0,0
26486,26.71,26.09,737,0.148,872,-144,-13636,99,314,107,0,0,0
26490,26.71,26.09,1003,0.202,848,-156,-13456,86,330,119,0,0,0
26495,26.71,26.09,892,0.18,852,-176,-13540,111,341,121,0,0,0
26500,26.71,26.09,1916,0.386,856,-204,-13496,83,343,89,0,0,0
26506,26.71,26.09,2723,0.548,808,-92,-13620,67,308,94,0,0,0
26511,26.71,26.09,1494,0.301,808,-92,-13620,67,308,94,0,0,0
26583,26.71,26.09,824,0.166,820,-80,-13516,92,342,97,0,0,0
26586,26.71,26.09,815,0.164,820,-80,-13516,92,342,97,0,0,0
26590,26.71,26.09,1916,0.386,896,-44,-13416,83,327,80,0,0,0
26682,26.77,26.03,875,0.176,772,-152,-13616,111,309,95,0,0,0
26685,26.77,26.03,1717,0.346,772,-152,-13616,111,309,95,0,0,0
26690,26.77,26.03,1663,0.335,836,-132,-13540,113,348,100,0,0,0
26695,26.77,26.03,1653,0.333,880,-36,-13696,114,346,89,0,0,0
26701,26.77,26.03,864,0.174,852,-92,-13556,115,328,95,0,0,0
26706,26.77,26.03,1387,0.279,852,-92,-13556,115,328,95,0,0,0
26711,26.77,26.03,2204,0.444,800,-88,-13668,94,336,97,0,0,0
26715,26.77,26.03,2347,0.473,880,-144,-13532,77,344,106,0,0,0
26720,26.77,26.03,1631,0.329,884,-172,-13684,105,359,106,0,0,0
26725,26.77,26.03,2898,0.584,748,-204,-13444,131,377,120,0,0,0
26731,26.77,26.03,3388,0.682,872,-212,-13596,90,309,78,0,0,0
26736,26.77,26.03,554,0.112,872,-212,-13596,90,309,78,0,0,0
26741,26.77,26.03,3163,0.637,840,-136,-13520,101,308,107,0,0,0
26745,26.77,26.03,1511,0.304,880,-176,-13488,129,321,94,0,0,0
26750,26.77,26.03,3144,0.633,860,-168,-13480,91,369,95,0,0,0
26755,26.77,26.03,1414,0.285,704,-96,-13680,104,357,96,0,0,0
26871,26.77,26.03,1422,0.286,780,-108,-13608,113,323,111,0,0,0
26961,26.77,26.03,1811,0.365,840,-176,-13520,96,322,98,0,0,0
26965,26.77,26.03,2002,0.403,840,-176,-13520,96,322,98,0,0,0
26970,26.77,26.03,2275,0.458,868,-176,-13556,89,348,84,0,0,0
26976,26.77,26.03,1970,0.397,848,-104,-13748,99,312,104,0,0,0
26981,26.77,26.03,1230,0.248,864,-176,-13660,105,342,116,0,0,0
26985,26.77,26.03,1407,0.283,764,-48,-13688,97,341,96,0,0,0
26990,26.77,26.03,1899,0.383,844,-44,-13504,114,329,105,0,0,0
26995,26.77,26.03,1917,0.386,760,-204,-13436,102,334,107,0,0,0
27000,26.77,26.03,1487,0.3,856,-120,-13756,110,337,84,0,0,0
27006,26.77,26.03,1352,0.272,824,-56,-13520,95,337,103,0,0,0
27011,26.77,26.03,864,0.174,852,-256,-13612,95,345,99,0,0,0
27015,26.77,26.03,2526,0.509,944,-116,-13764,105,345,99,0,0,0
27020,26.77,26.03,1302,0.262,856,-88,-13588,103,320,88,0,0,0
27025,26.77,26.03,1843,0.371,720,-64,-13708,88,342,106,0,0,0
27031,26.77,26.03,1962,0.395,852,-116,-13608,87,337,106,0,0,0
27036,26.77,26.03,1998,0.402,760,-184,-13668,134,334,109,0,0,0
27126,26.77,26.03,472,0.095,848,-76,-13580,98,328,103,0,0,0
27131,26.77,26.03,1528,0.308,848,-76,-13580,98,328,103,0,0,0
27136,26.77,26.03,1380,0.278,820,-12,-13508,81,322,82,0,0,0
27141,26.77,26.03,680,0.137,876,-108,-13568,103,355,107,0,0,0
27213,26.73,25.91,1408,0.284,988,-224,-13632,115,358,96,0,0,0
27215,26.73,25.91,1631,0.329,988,-224,-13632,115,358,96,0,0,0
27220,26.73,25.91,1697,0.342,868,-76,-13280,104,344,82,0,0,0
27225,26.73,25.91,2906,0.585,804,-176,-13696,120,364,101,0,0,0
27231,26.73,25.91,1497,0.302,844,-136,-13604,93,338,98,0,0,0
27236,26.73,25.91,1918,0.386,832,-132,-13584,112,331,119,0,0,0
27241,26.73,25.91,910,0.183,768,-36,-13376,115,300,93,0,0,0
27245,26.73,25.91,1264,0.255,888,-216,-13456,117,321,111,0,0,0
27250,26.73,25.91,1614,0.325,736,-196,-13444,109,341,111,0,0,0
27255,26.73,25.91,1696,0.342,816,-108,-13668,107,333,110,0,0,0
27261,26.73,25.91,2469,0.497,788,-144,-13516,128,359,100,0,0,0
27266,26.73,25.91,890,0.179,792,-120,-13632,110,319,73,0,0,0
27271,26.73,25.91,1842,0.371,888,-72,-13440,89,354,92,0,0,0
27363,26.73,25.91,851,0.171,896,-116,-13424,93,337,88,0,0,0
27375,26.73,25.91,305,0.061,836,-144,-13744,111,391,97,0,0,0
27380,26.73,25.91,1810,0.365,720,-104,-13704,117,344,88,0,0,0
27386,26.73,25.91,5035,1.014,780,-216,-13464,133,303,126,0,0,0
27391,26.73,25.91,3125,0.629,820,-144,-13548,120,305,111,0,0,0
27396,26.73,25.91,2821,0.568,888,-168,-13324,68,339,116,0,0,0
27400,26.73,25.91,1797,0.362,752,-148,-13552,94,332,98,0,0,0
27473,26.73,25.91,1243,0.25,772,-180,-13580,106,347,112,0,0,0
27476,26.73,25.91,1080,0.218,772,-180,-13580,106,347,112,0,0,0
27481,26.73,25.91,1783,0.359,848,-96,-13796,91,329,94,0,0,0
27486,26.73,25.91,1583,0.319,796,-152,-13592,104,327,93,0,0,0
27490,26.73,25.91,1626,0.328,812,-216,-13488,133,324,109,0,0,0
27495,26.73,25.91,2602,0.524,812,-120,-13548,119,348,107,0,0,0
27500,26.73,25.91,2458,0.495,848,-132,-13684,125,324,101,0,0,0
27505,26.73,25.91,3011,0.607,800,-56,-13572,119,349,112,0,0,0
27511,26.73,25.91,2207,0.445,796,-88,-13556,128,329,104,0,0,0
27516,26.73,25.91,2766,0.557,876,-148,-13616,120,362,84,0,0,0
27520,26.73,25.91,2334,0.47,860,-144,-13616,84,353,100,0,0,0
27612,26.73,25.91,368,0.074,908,-80,-13524,107,351,91,0,0,0
27615,26.73,25.91,2927,0.59,908,-80,-13524,107,351,91,0,0,0
27620,26.73,25.91,4000,0.806,756,-84,-13508,119,350,100,0,0,0
27625,26.73,25.91,3152,0.635,852,-208,-13604,106,346,79,0,0,0
27631,26.73,25.79,4372,0.881,792,-92,-13708,80,347,94,0,0,0
27636,26.73,25.79,2011,0.405,900,-80,-13476,91,340,106,0,0,0
27640,26.73,25.79,2622,0.528,876,-76,-13656,113,334,126,0,0,0
27645,26.73,25.79,3505,0.706,780,-64,-13432,88,320,119,0,0,0
27650,26.73,25.79,3369,0.679,840,-36,-13696,113,325,106,0,0,0
27722,26.73,25.79,2615,0.527,872,-64,-13724,99,321,93,0,0,0
27725,26.73,25.79,1767,0.356,872,-64,-13724,99,321,93,0,0,0
27730,26.73,25.79,2304,0.464,820,-4,-13488,112,335,91,0,0,0
27736,26.73,25.79,2546,0.513,816,-48,-13636,106,303,90,0,0,0
27741,26.73,25.79,2464,0.496,792,-88,-13588,113,323,88,0,0,0
27745,26.73,25.79,3567,0.718,928,-232,-13536,121,321,93,0,0,0
27750,26.73,25.79,1721,0.347,928,-216,-13492,96,320,101,0,0,0
27755,26.73,25.79,1904,0.384,836,-76,-13416,106,320,117,0,0,0
27873,26.73,25.79,4280,0.862,840,-220,-13592,111,345,105,0,0,0
27901,26.73,25.79,1427,0.287,928,-200,-13512,104,334,109,0,0,0
27905,26.73,25.79,4753,0.957,784,-68,-13516,85,334,103,0,0,0
27910,26.73,25.79,6133,1.235,840,-244,-13548,126,341,92,0,0,0
27915,26.73,25.79,4473,0.901,800,-156,-13616,103,331,95,0,0,0
27921,26.73,25.79,2634,0.531,852,-132,-13560,96,309,92,0,0,0
27926,26.73,25.79,2451,0.494,808,-112,-13424,99,309,122,0,0,0
27931,26.73,25.79,1453,0.293,812,-80,-13452,116,328,114,0,0,0
27935,26.73,25.79,2285,0.46,820,-80,-13520,114,357,90,0,0,0
27940,26.73,25.79,1478,0.298,704,-72,-13492,103,333,102,0,0,0
27945,26.73,25.79,1793,0.361,808,-120,-13572,88,348,98,0,0,0
27951,26.73,25.79,740,0.149,796,-120,-13584,102,354,104,0,0,0
28023,26.73,25.79,214,0.043,908,-76,-13348,91,371,112,0,0,0
28026,26.73,25.79,3900,0.786,908,-76,-13348,91,371,112,0,0,0
28030,26.73,25.79,4375,0.881,716,-224,-13740,95,329,102,0,0,0
28035,26.73,25.79,4115,0.829,816,-204,-13716,114,329,104,0,0,0
28040,26.73,25.79,4716,0.95,856,-112,-13604,121,320,123,0,0,0
28046,26.73,25.79,2774,0.559,916,-104,-13612,115,365,102,0,0,0
28136,26.73,25.79,1054,0.212,916,-104,-13612,115,365,102,0,0,0
28141,26.73,25.79,1944,0.392,868,-160,-13492,130,355,85,0,0,0
28146,26.73,25.79,2051,0.413,852,-212,-13464,84,304,92,0,0,0
28150,26.73,25.79,966,0.195,788,-128,-13536,107,336,100,0,0,0
28155,26.73,25.79,1181,0.238,800,-128,-13720,100,314,107,0,0,0
28160,26.73,25.79,1737,0.35,824,-192,-13544,94,335,108,0,0,0
28166,26.73,25.79,1560,0.314,748,-108,-13404,80,338,91,0,0,0
28171,26.73,25.79,1959,0.395,832,-132,-13564,99,309,82,0,0,0
28176,26.73,25.79,1445,0.291,772,-132,-13576,109,350,94,0,0,0
28180,26.73,25.79,1696,0.342,800,-24,-13636,103,326,103,0,0,0
28185,26.73,25.79,1322,0.266,956,-140,-13576,108,330,126,0,0,0
28190,26.73,25.79,1485,0.299,768,-116,-13668,117,296,116,0,0,0
28196,26.73,25.79,1666,0.336,752,-128,-13624,104,322,88,0,0,0
28201,26.73,25.79,1261,0.254,692,-180,-13536,110,351,92,0,0,0
28274,26.73,25.79,992,0.2,852,-252,-13512,68,355,111,0,0,0
28275,26.73,25.79,133,0.027,852,-252,-13512,68,355,111,0,0,0
28280,26.73,25.79,2276,0.458,868,-156,-13456,104,345,74,0,0,0
28373,26.73,25.79,3460,0.697,864,-72,-13656,106,320,90,0,0,0
28404,26.73,25.79,1417,0.285,820,-124,-13728,100,316,107,0,0,0
28406,26.73,25.79,159,0.032,820,-124,-13728,100,316,107,0,0,0
28411,26.73,25.79,2595,0.523,748,-92,-13708,107,315,85,0,0,0
28415,26.73,25.79,1234,0.249,888,-80,-13544,90,339,102,0,0,0
28420,26.73,25.79,2307,0.465,804,-56,-13376,98,344,70,0,0,0
28425,26.73,25.79,1013,0.204,784,-196,-13452,97,340,96,0,0,0
28430,26.73,25.79,2071,0.417,804,-156,-13532,111,345,86,0,0,0
28436,26.73,25.79,2130,0.429,900,-120,-13604,102,344,69,0,0,0
28441,26.73,25.79,3951,0.796,872,-124,-13740,62,354,126,0,0,0
28445,26.73,25.79,3304,0.666,872,-140,-13284,131,355,106,0,0,0
28450,26.73,25.79,2295,0.462,832,-208,-13504,86,312,91,0,0,0
28455,26.73,25.79,2040,0.411,876,-240,-13732,105,340,110,0,0,0
28461,26.73,25.79,2727,0.549,920,-144,-13428,111,323,92,0,0,0
28466,26.73,25.79,1721,0.347,856,-72,-13656,100,341,74,0,0,0
28471,26.73,25.79,658,0.133,764,-220,-13576,82,352,106,0,0,0
28475,26.73,25.79,1794,0.361,848,-132,-13720,72,302,90,0,0,0
28548,26.73,25.79,131,0.026,808,-120,-13564,107,312,106,0,0,0
28550,26.73,25.79,2046,0.412,728,-28,-13424,94,343,116,0,0,0
28640,26.73,25.79,129,0.026,728,-28,-13424,94,343,116,0,0,0
28645,26.73,25.79,3543,0.714,812,-260,-13628,107,337,90,0,0,0
28650,26.73,25.79,1858,0.374,836,-80,-13604,76,329,89,0,0,0
28655,26.71,26.11,1685,0.339,880,-176,-13628,103,326,94,0,0,0
28661,26.71,26.11,2368,0.477,784,-96,-13620,113,321,84,0,0,0
28666,26.71,26.11,1114,0.224,916,-232,-13672,106,354,90,0,0,0
28670,26.71,26.11,2111,0.425,876,-200,-13440,145,335,89,0,0,0
28675,26.71,26.11,1392,0.28,916,-168,-13636,101,357,95,0,0,0
28680,26.71,26.11,2593,0.522,820,-220,-13632,84,341,96,0,0,0
28685,26.71,26.11,1549,0.312,940,-84,-13604,86,344,105,0,0,0
28691,26.71,26.11,4134,0.833,956,-96,-13548,103,357,93,0,0,0
28696,26.71,26.11,6805,1.371,800,-116,-13616,108,330,81,0,0,0
28700,26.71,26.11,3728,0.751,808,-128,-13568,112,334,112,0,0,0
28705,26.71,26.11,1929,0.389,800,-108,-13520,104,303,63,0,0,0
28710,26.71,26.11,1024,0.206,872,-140,-13444,87,331,104,0,0,0
28716,26.71,26.11,1634,0.329,928,-148,-13536,121,324,86,0,0,0
28806,26.71,26.11,167,0.034,928,-148,-13536,121,324,86,0,0,0
28811,26.71,26.11,2398,0.483,844,-116,-13684,100,323,89,0,0,0
28907,26.71,26.11,3306,0.666,784,-164,-13468,95,352,97,0,0,0
28922,26.71,26.11,1677,0.338,856,-88,-13644,81,338,112,0,0,0
28926,26.71,26.11,393,0.079,856,-88,-13644,81,338,112,0,0,0
28931,26.71,26.11,954,0.192,884,-180,-13484,94,338,118,0,0,0
28935,26.71,26.11,1944,0.392,884,-168,-13436,86,323,92,0,0,0
28940,26.71,26.11,1919,0.387,860,-60,-13520,80,343,86,0,0,0
28945,26.71,26.11,2135,0.43,896,-72,-13472,118,328,90,0,0,0
28951,26.71,26.11,2771,0.558,760,-8,-13584,80,316,90,0,0,0
28956,26.71,26.11,2093,0.422,868,-108,-13640,100,343,105,0,0,0
28961,26.71,26.11,2822,0.568,744,-228,-13548,94,341,101,0,0,0
28965,26.71,26.11,3209,0.646,848,-164,-13600,112,335,97,0,0,0
28970,26.71,26.11,3372,0.679,800,-140,-13596,106,327,93,0,0,0
28975,26.71,26.11,1710,0.344,884,-72,-13452,93,379,95,0,0,0
28981,26.71,26.11,3596,0.724,840,-220,-13612,89,341,79,0,0,0
28986,26.71,26.11,1578,0.318,928,-152,-13640,78,344,93,0,0,0
28991,26.71,26.11,1190,0.24,844,-52,-13468,108,349,79,0,0,0
29080,26.71,26.11,1303,0.262,844,-52,-13468,108,349,79,0,0,0
29081,26.71,26.11,3629,0.731,844,-52,-13468,108,349,79,0,0,0
29086,26.71,26.11,3384,0.682,820,-140,-13640,78,331,89,0,0,0
29091,26.71,26.11,2893,0.583,1004,-184,-13600,101,349,69,0,0,0
29162,26.71,26.11,857,0.173,832,-100,-13624,115,339,109,0,0,0
29166,26.71,26.11,4644,0.935,832,-100,-13624,115,339,109,0,0,0
29171,26.71,26.11,2787,0.561,848,-112,-13604,115,323,83,0,0,0
29176,26.71,26.11,1652,0.333,800,-152,-13760,113,313,99,0,0,0
29180,26.71,26.11,5056,1.018,848,-100,-13476,118,328,91,0,0,0
29185,26.71,26.11,3228,0.65,904,-172,-13520,113,354,85,0,0,0
29190,26.71,26.11,4816,0.97,772,-156,-13604,103,370,86,0,0,0
29196,26.71,26.11,2479,0.499,844,-60,-13568,112,347,63,0,0,0
29201,26.71,26.11,5909,1.19,896,-124,-13588,102,348,117,0,0,0
29206,26.71,26.11,3837,0.773,676,-188,-13520,108,309,115,0,0,0
29210,26.71,26.11,1668,0.336,864,-116,-13516,100,318,99,0,0,0
29215,26.71,26.11,2970,0.598,816,-60,-13452,109,341,84,0,0,0
29220,26.71,26.11,3547,0.714,784,-164,-13576,119,339,104,0,0,0
29226,26.71,26.11,3543,0.714,720,-68,-13476,85,327,120,0,0,0
29316,26.71,26.11,1519,0.306,720,-68,-13476,85,327,120,0,0,0
29321,26.71,26.11,3718,0.749,792,-64,-13408,98,325,92,0,0,0
29326,26.71,26.11,1969,0.397,824,-100,-13516,102,324,93,0,0,0
29343,26.71,26.11,410,0.083,868,-116,-13536,81,338,108,0,0,0
29345,26.71,26.11,1905,0.384,868,-116,-13536,81,338,108,0,0,0
29350,26.71,26.11,2148,0.433,908,-68,-13504,89,330,103,0,0,0
29422,26.71,26.11,1044,0.21,920,-164,-13572,107,313,102,0,0,0
29425,26.71,26.11,2636,0.531,920,-164,-13572,107,313,102,0,0,0
29430,26.71,26.11,1691,0.341,880,-12,-13540,91,347,94,0,0,0
29436,26.71,26.11,2018,0.406,788,-156,-13544,96,336,91,0,0,0
29441,26.71,26.11,4629,0.932,900,-68,-13464,117,337,74,0,0,0
29445,26.71,26.11,1813,0.365,908,-124,-13452,109,349,109,0,0,0
29450,26.71,26.11,2945,0.593,876,-104,-13596,83,325,92,0,0,0
29455,26.71,26.11,2367,0.477,808,-212,-13684,105,344,73,0,0,0
29461,26.71,26.11,2353,0.474,808,-160,-13656,112,335,94,0,0,0
29466,26.71,26.11,5586,1.125,848,-192,-13692,119,328,92,0,0,0
29471,26.71,26.11,2837,0.571,804,-180,-13532,102,337,92,0,0,0
29475,26.71,26.11,2424,0.488,772,-168,-13652,118,326,79,0,0,0
29569,26.71,26.11,3814,0.768,832,-168,-13588,134,324,96,0,0,0
29570,26.71,26.11,888,0.179,832,-168,-13588,134,324,96,0,0,0
29575,26.71,26.11,1901,0.383,848,-116,-13504,104,319,119,0,0,0
29580,26.71,26.11,741,0.149,860,-152,-13544,109,302,115,0,0,0
29586,26.69,26.05,1040,0.209,840,-100,-13568,117,333,92,0,0,0
29591,26.69,26.05,475,0.096,872,-72,-13604,84,343,84,0,0,0
29596,26.69,26.05,2224,0.448,772,-120,-13704,111,363,100,0,0,0
29600,26.69,26.05,2117,0.426,824,-100,-13556,85,332,87,0,0,0
29673,26.69,26.05,353,0.071,848,-124,-13496,117,354,102,0,0,0
29676,26.69,26.05,1538,0.31,848,-124,-13496,117,354,102,0,0,0
29680,26.69,26.05,3227,0.65,768,-40,-13668,106,334,100,0,0,0
29685,26.69,26.05,1277,0.257,812,-64,-13656,103,329,124,0,0,0
29690,26.69,26.05,1330,0.268,760,-160,-13504,109,342,92,0,0,0
29696,26.69,26.05,1601,0.322,780,-184,-13656,112,354,85,0,0,0
29701,26.69,26.05,1208,0.243,852,-124,-13580,110,338,98,0,0,0
29705,26.69,26.05,1095,0.221,904,-192,-13524,110,340,90,0,0,0
29710,26.69,26.05,1944,0.392,880,-144,-13472,103,337,112,0,0,0
29715,26.69,26.05,2920,0.588,812,-196,-13752,111,317,101,0,0,0
29806,26.69,26.05,502,0.101,856,-160,-13672,115,341,96,0,0,0
29810,26.69,26.05,2035,0.41,796,-148,-13664,92,356,94,0,0,0
29815,26.69,26.05,4876,0.982,872,-180,-13548,91,353,100,0,0,0
29820,26.69,26.05,1529,0.308,740,-108,-13600,94,354,84,0,0,0
29826,26.69,26.05,2065,0.416,880,-136,-13520,99,315,65,0,0,0
29836,26.69,26.05,917,0.185,760,-204,-13516,113,328,96,0,0,0
29841,26.69,26.05,1154,0.232,800,-96,-13508,111,367,93,0,0,0
29846,26.69,26.05,2989,0.602,856,-152,-13656,99,361,119,0,0,0
29850,26.69,26.05,2721,0.548,764,-176,-13768,101,327,83,0,0,0
29855,26.69,26.05,5532,1.114,964,-80,-13372,109,347,113,0,0,0
29952,26.69,26.05,774,0.156,788,-64,-13392,90,354,108,0,0,0
29955,26.69,26.05,2498,0.503,788,-64,-13392,90,354,108,0,0,0
29961,26.69,26.05,3146,0.634,900,-52,-13388,140,368,104,0,0,0
29966,26.69,26.05,3715,0.748,856,-196,-13480,100,341,108,0,0,0
29971,26.69,26.05,2599,0.524,868,-156,-13768,116,321,97,0,0,0
29975,26.69,26.05,1071,0.216,732,-120,-13640,99,312,103,0,0,0
29980,26.69,26.05,3104,0.625,880,-188,-13516,95,325,122,0,0,0
29985,26.69,26.05,1876,0.378,724,-164,-13416,96,345,116,0,0,0
30077,26.69,26.05,2362,0.476,704,-108,-13504,98,325,105,0,0,0
30080,26.69,26.05,1408,0.284,704,-108,-13504,98,325,105,0,0,0
30085,26.73,25.97,1085,0.219,864,-36,-13488,127,339,91,0,0,0
30091,26.73,25.97,2252,0.454,864,-216,-13640,124,348,114,0,0,0
30096,26.73,25.97,1606,0.323,760,-112,-13680,77,340,81,0,0,0
30100,26.73,25.97,3779,0.761,812,-136,-13560,98,356,95,0,0,0
30105,26.73,25.97,4160,0.838,956,-52,-13460,124,316,106,0,0,0
30110,26.73,25.97,2668,0.537,952,-92,-13628,112,368,94,0,0,0
30115,26.73,25.97,1166,0.235,768,-76,-13676,97,342,76,0,0,0
30121,26.73,25.97,3839,0.773,752,-148,-13896,89,318,88,0,0,0
30126,26.73,25.97,4028,0.811,768,-84,-13532,117,326,110,0,0,0
30130,26.73,25.97,3145,0.633,776,-184,-13496,102,307,115,0,0,0
30203,26.73,25.97,1454,0.293,844,-56,-13560,101,358,111,0,0,0
30205,26.73,25.97,492,0.099,844,-56,-13560,101,358,111,0,0,0
30210,26.73,25.97,2993,0.603,896,-128,-13456,99,360,82,0,0,0
30215,26.73,25.97,3531,0.711,844,-20,-13640,93,345,81,0,0,0
30221,26.73,25.97,3905,0.787,868,-220,-13772,94,342,88,0,0,0
30314,26.73,25.97,630,0.127,852,-136,-13608,90,369,86,0,0,0
30316,26.73,25.97,0,0.0,852,-136,-13608,90,369,86,0,0,0
30321,26.73,25.97,0,0.0,768,-264,-13488,93,336,87,0,0,0
30326,26.73,25.97,0,0.0,928,-140,-13564,112,344,119,0,0,0
30343,26.73,25.97,0,0.0,752,-164,-13676,111,329,74,0,0,0
30345,26.73,25.97,0,0.0,752,-164,-13676,111,329,74,0,0,0
30350,26.73,25.97,0,0.0,752,-76,-13640,79,313,97,0,0,0
30355,26.73,25.97,0,0.0,840,-164,-13476,116,323,82,0,0,0
30361,26.73,25.97,0,0.0,800,-112,-13396,83,344,76,0,0,0
30366,26.73,25.97,0,0.0,892,-156,-13584,72,364,107,0,0,0
30370,26.73,25.97,0,0.0,792,-96,-13720,88,336,90,0,0,0
30375,26.73,25.97,0,0.0,872,-104,-13736,110,318,59,0,0,0
30380,26.73,25.97,0,0.0,836,-152,-13372,80,284,88,0,0,0
30386,26.73,25.97,0,0.0,880,-80,-13504,118,345,107,0,0,0
30391,26.73,25.97,0,0.0,732,-112,-13432,89,318,97,0,0,0
