timestamp_us,ax,ay,az,gx,gy,gz
6048013,1408,-40,-13832,76,345,86
6049612,1408,-40,-13832,76,345,86
6136410,1296,-24,-13672,71,355,126
6140312,1348,-44,-13712,83,337,110
6145112,1324,0,-13732,107,354,108
6149912,1336,-44,-13684,82,329,108
6154712,1312,-188,-13668,81,339,104
6159512,1376,-80,-13636,76,366,103
6164412,1368,-116,-13624,95,341,87
6170312,1364,-72,-13656,85,355,78
6175112,1364,-32,-13524,99,346,105
6179912,1332,-92,-13468,92,360,90
6184712,1352,-40,-13756,80,348,75
6189512,1464,48,-13780,77,339,86
6195412,1296,-120,-13648,79,336,96
6200212,1344,-76,-13684,97,332,93
6205112,1368,-88,-13636,92,359,85
6209912,1296,-140,-13620,84,359,126
6295213,1364,-28,-13724,95,347,87
6300412,1428,4,-13692,95,333,87
6370313,1356,-108,-13744,82,338,126
6375572,1340,-80,-13788,91,323,94
6379412,1296,-32,-13616,77,357,89
6384512,1336,-72,-13688,86,365,99
6389512,1436,-60,-13744,86,366,83
6394412,1316,-40,-13652,90,353,87
6400512,1376,4,-13760,54,351,73
6405412,1412,-36,-13680,81,356,49
6410312,1396,-40,-13752,92,365,78
6415412,1288,-108,-13740,90,335,80
6420412,1376,-132,-13584,107,337,86
6425312,1368,-88,-13716,92,327,95
6442112,1248,-96,-13584,86,348,97
6444712,1404,-220,-13588,74,356,94
6449512,1308,-144,-13672,87,335,108
6455412,1332,-92,-13604,93,335,113
6565012,1296,-168,-13736,77,343,98
6570112,1324,12,-13776,67,313,102
6574912,1416,-104,-13704,84,327,70
6579712,1404,-96,-13604,98,329,119
6649913,1420,-172,-13792,81,358,102
6655012,1296,-16,-13732,88,334,94
6660212,1380,-160,-13516,70,349,81
6665412,1472,-172,-13572,95,310,113
6670571,1440,-72,-13672,84,349,99
6674512,1344,-84,-13700,77,340,109
6679712,1448,-24,-13680,88,337,109
6684871,1292,-108,-13724,84,324,80
6690012,1420,-60,-13752,76,340,105
6695112,1256,-80,-13736,87,322,87
6700272,1452,-72,-13736,91,345,85
6705412,1420,-60,-13684,106,331,97
6710512,1412,-48,-13744,108,358,105
6714412,1352,-100,-13640,79,338,104
6799212,1380,-128,-13764,106,334,96
6800812,1380,-128,-13764,106,334,96
6804612,1256,-96,-13648,83,354,99
6809512,1316,-132,-13768,85,345,107
6815412,1312,0,-13772,75,351,103
6820212,1404,-172,-13688,82,342,97
6891311,1352,52,-13692,83,323,82
6895211,1316,-8,-13660,88,352,74
6900011,1328,-40,-13656,80,324,94
6904811,1440,-100,-13772,87,343,93
6909611,1372,-44,-13748,84,355,92
6914511,1308,-56,-13916,93,339,59
6920411,1444,-96,-13764,89,341,83
6925211,1416,-124,-13620,92,338,121
6935012,1440,-28,-13736,98,348,76
6940012,1436,-28,-13640,99,351,99
6944812,1388,-116,-13784,83,338,84
6949612,1308,-124,-13800,85,362,109
6954412,1324,-56,-13708,80,338,100
7038410,1316,-80,-13792,84,333,92
7040012,1316,-80,-13792,84,333,92
7044912,1360,-84,-13524,70,357,92
7049712,1344,-64,-13748,78,360,101
7054512,1408,-124,-13792,107,342,99
7060412,1440,-92,-13588,80,334,98
7065212,1416,-56,-13668,80,334,110
7135112,1384,-88,-13616,96,314,91
7140112,1340,-40,-13640,71,350,91
7144912,1472,-40,-13816,72,333,93
7149712,1348,-84,-13836,97,333,86
7154612,1336,-160,-13684,94,332,110
7159412,1280,-112,-13676,72,348,98
7165312,1292,-28,-13660,101,350,101
7170112,1416,-96,-13728,53,332,89
7174912,1388,-192,-13784,101,334,104
7179712,1420,-16,-13808,86,336,93
7267112,1316,-56,-13800,82,354,115
7270012,1420,-56,-13696,95,313,93
7274812,1388,-116,-13784,95,350,86
7279612,1380,-40,-13680,81,363,103
7284412,1408,-128,-13700,95,351,112
7290312,1456,-32,-13728,101,351,81
7295112,1252,-56,-13688,99,350,96
7300012,1364,-16,-13756,96,350,90
7304812,1256,-172,-13624,84,345,93
7309612,1352,-72,-13776,83,333,87
7380110,1320,0,-13756,98,343,95
7385010,1424,-20,-13600,109,338,125
7389810,1428,-64,-13744,78,344,92
7394712,1368,-76,-13644,99,352,78
7399512,1428,80,-13676,85,345,109
7405412,1316,-56,-13656,90,340,95
7410212,1356,-80,-13608,76,352,90
7496812,1324,-80,-13844,97,347,95
7513812,1332,-44,-13676,75,351,135
7515312,1332,-44,-13676,75,351,135
7520212,1424,-88,-13660,76,333,90
7525012,1332,-76,-13700,87,352,97
7529812,1264,-72,-13716,90,333,103
7534712,1376,-112,-13628,90,323,95
7539512,1384,-40,-13644,93,350,104
7559910,1368,-72,-13684,92,359,119
7564810,1404,-12,-13668,105,333,86
7569612,1416,-80,-13792,82,331,97
7574412,1344,-52,-13800,73,353,102
7580312,1380,-64,-13648,66,348,88
7650312,1228,-100,-13680,88,322,125
7655310,1396,4,-13660,78,336,111
7660112,1268,-56,-13616,83,359,102
7664912,1396,-132,-13684,97,329,108
7669712,1412,-148,-13700,95,338,97
7674612,1256,-60,-13688,84,325,110
7761370,1364,-72,-13772,90,352,112
7765210,1412,-40,-13644,100,339,99
7770010,1240,-56,-13796,106,336,119
7774912,1352,-60,-13600,64,351,115
7779712,1276,-28,-13704,70,335,111
7784512,1360,-124,-13728,69,346,112
7790412,1344,-52,-13560,95,356,94
7795212,1348,-148,-13576,72,344,103
7800012,1420,-132,-13752,90,327,109
7804812,1272,-12,-13600,94,329,88
7809612,1264,-4,-13676,88,349,114
7814512,1296,-76,-13748,77,339,115
7820412,1372,-80,-13740,107,348,92
7825212,1336,-88,-13712,83,343,102
7896210,1380,-44,-13616,73,349,98
7900010,1424,-80,-13708,76,343,110
7904912,1400,-36,-13476,78,371,90
7990510,1408,-124,-13548,85,348,96
8003870,1408,-104,-13688,76,346,80
8005410,1408,-104,-13688,76,346,80
8010210,1412,-156,-13820,95,343,96
8015012,1336,-24,-13664,87,351,98
8019812,1416,-104,-13576,107,358,104
8024612,1316,-92,-13592,77,341,124
8029512,1280,-60,-13780,67,343,95
8035412,1364,-68,-13800,82,346,90
8040212,1364,-148,-13588,105,349,92
8045012,1268,-44,-13652,98,344,90
8049812,1440,-160,-13676,94,345,94
8054612,1356,-88,-13516,68,330,71
8059412,1492,-32,-13624,77,346,107
8065312,1420,-64,-13724,90,330,105
8070212,1368,-80,-13644,90,332,106
8075012,1296,-36,-13704,77,337,92
8146510,1320,-160,-13724,79,348,87
8233311,1364,-56,-13612,76,361,100
8234811,1428,-132,-13748,74,343,101
8239711,1372,-100,-13612,97,323,104
8244511,1244,-168,-13788,67,315,111
8250411,1368,-64,-13556,112,352,93
8255311,1320,-60,-13788,68,366,103
8260111,1404,-52,-13592,95,350,106
8264911,1420,-80,-13772,63,343,98
8269711,1316,-64,-13752,65,337,91
8274511,1344,32,-13672,102,345,86
8280411,1396,-100,-13596,93,312,102
8285211,1392,-100,-13812,83,334,72
8290011,1420,-112,-13704,92,337,68
8294911,1332,-132,-13860,62,340,89
8299711,1320,-96,-13772,105,334,96
8304511,1404,-168,-13604,102,366,86
8393212,1356,-64,-13704,78,359,102
8394812,1352,-112,-13716,81,353,81
8399612,1376,-88,-13756,93,326,94
8470610,1388,-40,-13660,78,334,122
8484210,1276,-140,-13620,71,338,102
8485710,1276,-140,-13620,71,338,102
8489610,1344,-100,-13640,57,349,94
8494410,1464,-20,-13696,91,341,111
8500310,1388,-72,-13596,69,345,113
8505112,1280,-88,-13760,87,323,93
8509912,1356,-16,-13788,79,307,84
8514712,1392,-172,-13704,88,351,88
8519612,1356,-84,-13716,69,349,93
8524412,1416,-80,-13596,83,358,91
8530312,1320,-8,-13780,91,337,83
8535112,1256,-128,-13780,68,356,78
8539912,1320,-108,-13748,80,330,114
8560513,1436,-92,-13752,87,346,110
8564512,1320,-60,-13700,65,336,88
8570412,1400,8,-13736,74,349,105
8655969,1476,-172,-13616,105,318,78
8659810,1432,-128,-13652,100,344,100
8664610,1532,-84,-13780,67,322,101
8735412,1332,-88,-13652,76,334,100
8739413,1424,36,-13688,74,358,84
8745312,1384,-92,-13776,93,338,85
8750112,1396,-52,-13644,68,334,100
8754912,1332,-128,-13584,80,345,93
8759812,1460,-104,-13772,65,344,86
8764612,1480,-60,-13796,96,332,90
8769412,1448,-192,-13684,80,339,94
8775312,1344,-116,-13736,90,341,99
8780112,1440,-220,-13704,103,366,93
8784912,1388,-32,-13536,82,344,102
8789712,1296,-216,-13660,47,342,92
8794512,1440,-52,-13740,87,345,105
8799412,1324,-100,-13636,71,368,105
8885810,1372,48,-13648,113,352,71
8889612,1336,-128,-13616,83,334,97
8894412,1296,-24,-13816,87,351,105
8900412,1272,28,-13776,88,347,94
8905212,1392,-148,-13644,82,330,108
8910012,1392,-92,-13824,102,334,91
8980610,1364,-116,-13696,81,347,106
9001112,1312,-248,-13756,84,358,80
9004812,1332,24,-13856,57,346,96
9009612,1264,-104,-13912,75,318,88
9014412,1416,-84,-13764,95,327,89
9020312,1316,-60,-13692,73,354,88
9025112,1324,-52,-13680,89,344,76
9029912,1460,-72,-13576,102,328,104
9034712,1360,88,-13680,99,345,111
9039612,1376,-60,-13396,103,364,135
9044412,1440,-36,-13640,62,320,108
9050312,1428,-124,-13824,91,341,98
9134712,1396,-80,-13680,70,347,102
9139612,1364,-128,-13640,78,360,96
9144412,1264,-164,-13584,74,342,101
9150312,1348,-84,-13692,108,346,117
9155212,1360,-120,-13572,63,355,116
9160012,1320,-120,-13744,91,352,103
9164812,1320,-16,-13560,62,360,118
9169612,1272,-172,-13588,22,272,85
9240610,1348,-32,-13680,71,345,87
9244512,1336,-92,-13780,89,339,107
9250412,1352,-176,-13680,81,339,114
9255212,1396,-24,-13696,70,359,111
9260012,1300,-8,-13496,81,348,111
9264812,1320,0,-13764,91,345,110
9269712,1312,-136,-13792,76,336,87
9274512,1380,-80,-13684,95,322,128
9280412,1412,-24,-13640,88,358,97
9364715,1364,24,-13608,77,335,104
9369612,1332,-180,-13588,61,355,93
9374412,1404,-68,-13716,83,318,101
9380312,1400,-4,-13616,84,319,94
9385112,1416,-28,-13728,112,345,99
9389912,1452,-160,-13688,79,339,108
9394712,1356,4,-13680,94,345,99
9399612,1356,0,-13680,94,345,100
9404412,1412,-116,-13744,88,337,71
9410312,1488,-44,-13816,87,342,120
9415112,1344,44,-13572,81,356,102
9485012,1364,-168,-13644,85,337,89
9498312,1348,-120,-13664,75,354,89
9499912,1372,-132,-13712,87,351,127
9504712,1368,-132,-13580,94,354,97
9509512,1320,4,-13688,97,342,114
9515412,1404,-80,-13876,93,357,107
9520212,1380,-108,-13656,76,343,98
9629712,1316,-12,-13812,71,341,103
9634812,1232,48,-13852,88,346,117
9639712,1368,-152,-13504,90,356,84
9644512,1348,-152,-13860,97,338,79
9650412,1432,-140,-13688,62,335,96
9655212,1388,-96,-13660,60,343,113
9660012,1368,-20,-13764,81,351,101
9664812,1380,-12,-13792,81,343,88
9669612,1388,-112,-13664,84,346,97
9674412,1352,-200,-13868,93,349,114
9680412,1388,-28,-13692,95,339,98
9685212,1396,0,-13704,64,358,97
9690012,1412,-112,-13660,97,317,94
9760511,1396,-148,-13560,76,360,110
9765411,1404,-8,-13692,95,347,91
9770211,1336,-28,-13668,114,358,102
9775111,1360,-164,-13552,95,351,100
9859312,1344,-152,-13604,91,354,106
9860912,1344,-152,-13604,91,354,106
9864712,1352,-72,-13820,76,345,114
9869612,1340,-128,-13732,73,346,94
9874412,1396,-136,-13588,79,355,108
9880312,1292,-64,-13556,82,340,124
9885112,1416,-96,-13684,88,325,99
9889912,1316,-128,-13788,86,341,87
9894712,1240,-76,-13804,84,343,76
9899612,1388,-72,-13748,84,340,93
9904412,1428,-36,-13704,89,357,77
9910312,1392,-44,-13732,65,326,92
9915112,1384,-76,-13804,91,323,93
9919912,1588,-112,-13668,61,324,93
9924712,1344,-132,-13752,93,329,88
9934612,1384,48,-13664,73,367,96
10008621,1472,-16,-13580,72,353,79
10010222,1400,-128,-13560,98,348,87
10015012,1376,-68,-13736,77,351,89
10102410,1352,-4,-13700,73,343,105
10105210,1396,-160,-13624,43,340,98
10110112,1372,-56,-13792,102,339,99
10114912,1408,-72,-13652,76,338,90
10119712,1384,28,-13720,86,326,98
10124512,1456,-128,-13668,59,335,74
10130412,1344,-176,-13600,96,341,74
10135212,1416,-164,-13584,87,321,99
10140012,1440,-64,-13644,95,333,96
10144812,1380,-92,-13792,98,335,81
10149712,1464,-60,-13644,104,349,99
10154512,1452,-96,-13604,96,354,97
10160412,1424,-108,-13756,96,352,100
10165212,1400,-180,-13716,88,338,102
10170012,1428,-40,-13680,91,325,114
10174812,1416,-76,-13748,91,347,106
10268110,1336,-84,-13756,54,356,103
10343912,1276,0,-13668,91,318,86
10345512,1440,-88,-13712,104,336,92
10350312,1380,-36,-13728,79,342,63
10355112,1416,-68,-13664,86,328,74
10359912,1460,-160,-13544,78,340,92
10364712,1416,-28,-13764,91,357,75
10369512,1340,-48,-13724,62,368,74
10374412,1340,-48,-13724,62,368,74
10380312,1388,-72,-13728,87,318,107
10385112,1300,-116,-13768,86,365,108
10389912,1328,-80,-13692,89,337,112
10394712,1200,-72,-13700,88,342,113
10399512,1200,-72,-13700,88,342,113
10405412,1372,-204,-13764,82,347,132
10410212,1328,-120,-13576,74,334,124
10415112,1332,-56,-13540,96,350,105
10508512,1420,-32,-13640,82,333,105
10525412,1276,0,-13608,100,345,109
10530212,1356,-8,-13688,88,334,118
10535012,1416,-176,-13548,82,316,129
10631012,1356,-24,-13688,53,331,91
10634912,1388,-96,-13796,100,356,90
10639712,1468,-96,-13728,75,355,116
10644512,1468,-96,-13728,75,355,116
10650412,1408,-164,-13580,91,338,112
10655212,1264,-64,-13752,90,370,106
10660012,1360,-44,-13804,66,346,102
10664812,1284,32,-13728,84,330,108
10669712,1256,-112,-13716,71,336,104
10674512,1256,-112,-13716,71,336,104
10680412,1384,-128,-13684,86,321,79
10685212,1368,-12,-13620,87,351,92
10690012,1432,-176,-13764,77,338,71
10694812,1300,-64,-13788,84,325,88
10785012,1348,-84,-13688,90,353,103
10789912,1236,4,-13768,85,330,94
10794712,1396,-112,-13728,91,335,96
10799612,1396,-112,-13728,91,335,96
10804412,1384,-80,-13604,72,346,104
10810312,1304,-180,-13680,95,329,95
10882712,1384,-40,-13752,87,342,103
10885512,1396,-80,-13584,99,346,105
10890312,1388,-64,-13576,100,349,106
10895112,1344,-128,-13724,77,355,127
10899912,1360,0,-13716,77,356,94
10904712,1360,0,-13716,77,356,94
10909512,1448,-24,-13680,112,351,91
10915412,1280,-112,-13708,80,357,127
10920212,1420,-92,-13660,86,345,121
10925112,1380,-76,-13756,66,333,102
10935110,1400,-72,-13636,75,347,112
10939910,1412,-16,-13708,78,323,94
11031110,1272,-168,-13576,106,354,96
11035113,1380,-56,-13720,76,336,87
11039910,1348,-124,-13716,100,340,93
11044710,1348,-124,-13716,100,340,93
11049512,1412,-156,-13840,89,352,86
11055412,1388,-32,-13728,73,328,105
11060212,1216,-108,-13612,74,365,79
11065112,1240,-204,-13700,85,326,109
11137813,1276,-112,-13788,65,336,112
11139412,1276,-112,-13788,65,336,112
11145312,1412,-104,-13720,81,332,122
11150112,1352,-4,-13632,88,333,83
11154912,1400,-40,-13772,105,337,92
11159712,1400,-40,-13772,105,337,92
11164512,1404,-160,-13648,62,348,100
11170412,1336,-128,-13744,71,346,100
11175312,1364,-40,-13736,78,327,93
11267910,1224,4,-13776,73,376,98
11269510,1224,4,-13776,73,376,98
11275412,1400,-80,-13712,84,340,99
11280212,1304,-128,-13744,89,357,94
11285012,1404,-60,-13836,82,342,89
11289912,1404,-60,-13836,82,342,89
11294712,1404,-64,-13692,85,344,90
11299512,1356,-68,-13648,81,341,88
11305412,1264,-80,-13796,77,357,79
11310212,1332,-32,-13600,102,353,99
11315012,1384,-112,-13684,88,330,93
11386912,1356,-144,-13704,86,349,82
11389512,1356,-144,-13704,86,349,82
11395412,1416,-76,-13600,87,329,101
11400212,1432,-132,-13732,88,341,102
11405012,1396,-60,-13576,75,333,108
11409812,1396,-60,-13576,75,333,108
11414612,1376,-100,-13584,96,345,99
11503512,1376,-100,-13584,96,345,99
11518212,1352,-108,-13832,61,356,87
11519712,1352,-108,-13832,61,356,87
11524512,1372,-132,-13752,82,330,109
11530412,1336,-44,-13556,95,333,90
11535212,1260,8,-13624,97,333,77
11540112,1328,0,-13708,89,320,100
11544912,1328,0,-13708,89,320,100
11549712,1304,-36,-13708,87,349,75
11554512,1328,16,-13716,74,363,108
11560412,1380,-32,-13740,98,347,98
11565212,1344,-164,-13656,77,350,90
11570012,1344,-164,-13656,77,350,90
11665810,1304,-92,-13724,97,346,81
11669910,1304,-92,-13724,97,346,81
11674710,1408,-24,-13768,82,349,87
11679510,1348,-64,-13636,78,327,94
11684412,1440,-128,-13716,97,369,90
11777918,1248,-228,-13620,89,329,92
11779518,1248,-228,-13620,89,329,92
11784412,1372,-132,-13696,89,350,75
11790312,1332,-224,-13672,69,348,123
11795112,1332,-224,-13672,69,348,123
11800012,1320,-256,-13732,85,329,101
11804812,1356,-152,-13644,93,321,117
11809612,1392,-64,-13576,78,322,102
11814412,1264,-116,-13700,86,352,130
11820312,1316,-76,-13724,96,336,113
11825112,1316,-76,-13724,96,336,113
11829912,1324,-44,-13672,74,343,117
11834712,1328,-76,-13584,80,361,100
11839612,1436,-40,-13828,95,314,87
11844412,1400,-32,-13736,83,347,106
11917210,1416,4,-13716,95,347,90
11919812,1416,4,-13716,95,347,90
11924612,1408,-100,-13752,97,340,103
11934512,1420,-56,-13768,95,333,88
12026712,1300,-68,-13692,49,325,95
12029412,1300,-68,-13692,49,325,95
12035312,1468,-108,-13788,91,302,84
12040212,1468,-108,-13788,91,302,84
12045012,1400,56,-13768,83,373,107
12049812,1432,-16,-13744,89,338,98
12054612,1372,-32,-13648,80,338,97
12059412,1424,-8,-13708,89,328,107
12065312,1388,-68,-13564,101,352,118
12070112,1268,-20,-13708,93,317,102
12074912,1364,124,-13716,71,355,94
12079812,1364,36,-13732,107,348,99
12084612,1304,-44,-13768,70,308,90
12089412,1340,-28,-13696,102,348,98
12095312,1388,-80,-13632,64,359,73
12100112,1404,-52,-13828,60,358,87
12171312,1356,-132,-13652,66,349,106
12263312,1384,-88,-13804,76,344,89
12264912,1384,-88,-13804,76,344,89
12269712,1392,-12,-13720,65,328,116
12274512,1332,-124,-13720,63,377,112
12280412,1372,-68,-13716,95,352,109
12285212,1372,-68,-13716,95,352,109
12290012,1276,-108,-13788,105,339,117
12294812,1316,-112,-13832,100,333,118
12299612,1468,-128,-13668,97,337,94
12304512,1364,-128,-13744,104,334,99
12310412,1352,-120,-13740,87,332,105
12315212,1300,-188,-13652,70,372,100
12320012,1472,40,-13788,59,352,76
12324812,1360,-132,-13668,76,342,107
12329612,1336,-84,-13644,75,349,76
12334412,1348,36,-13652,80,348,84
12429112,1340,-48,-13664,79,332,75
12442512,1380,-64,-13756,89,332,94
12445112,1380,-64,-13756,89,332,94
12519010,1432,8,-13752,75,359,94
12520612,1364,-16,-13752,100,348,92
12525412,1364,-16,-13752,100,348,92
12530212,1416,-116,-13552,96,338,117
12535012,1364,-56,-13640,99,346,106
12539812,1428,-48,-13656,101,357,102
12544612,1360,-76,-13728,83,348,93
12549412,1392,-20,-13680,75,329,120
12555312,1440,0,-13648,81,342,111
12560212,1372,72,-13764,67,344,125
12565012,1360,-92,-13788,114,336,98
12569812,1448,-84,-13744,94,340,89
12574612,1424,-136,-13692,75,357,103
12579412,1400,-84,-13672,73,344,110
12585312,1328,-92,-13768,71,354,86
12590112,1644,0,-14084,199,285,120
12703610,1288,16,-13704,20,249,95
12705212,1288,16,-13704,20,249,95
12710112,1248,32,-13728,56,366,101
12714912,1344,-64,-13820,108,386,91
12786712,1436,-192,-13772,61,410,108
12789412,1436,-192,-13772,61,410,108
12795312,1372,0,-13532,79,337,86
12800212,1436,12,-13644,102,323,101
12805012,1276,-40,-13684,107,307,105
12809812,1292,-92,-13708,65,369,109
12814612,1312,-28,-13892,68,333,118
12819412,1324,-112,-13664,83,301,99
12825312,1304,-200,-13480,53,332,98
12830112,1340,-16,-13840,44,347,102
12834912,1428,44,-13852,37,343,93
12839812,1380,-60,-12924,39,110,69
12844612,1332,4,-14444,316,351,108
12849412,1296,-120,-13928,-106,228,81
12940410,1408,-192,-14272,55,417,118
12961110,1356,-120,-13448,-23,367,96
12964810,1356,-120,-13448,-23,367,96
12969612,1296,88,-13796,114,339,109
12974412,1180,12,-13632,94,277,88
12980312,1304,84,-13848,152,294,86
13052912,1184,-228,-13540,175,438,112
13054512,1184,-228,-13540,175,438,112
13060412,1452,-72,-13504,46,478,127
13065212,1188,28,-14116,-19,269,130
13070112,1132,-80,-13436,132,327,124
13074912,1160,-176,-14108,42,385,97
13079712,1236,-56,-13488,62,349,85
13084512,1332,20,-13740,41,392,96
13090412,1404,-104,-13892,21,308,114
13095212,1364,-156,-13556,79,366,102
13100012,1456,-188,-13792,73,357,68
13104812,1416,-104,-13776,38,323,81
13196910,1424,-268,-14868,51,635,116
13199510,1424,-268,-14868,51,635,116
13205412,1508,-372,-12752,23,333,107
13210212,1428,-104,-13964,104,367,125
13215012,1324,-152,-13720,98,245,118
13219912,1336,-44,-13792,143,376,103
13224712,1292,-128,-13752,15,466,92
13229512,1332,64,-13844,111,271,122
13303310,1296,64,-13800,64,337,77
13304810,1296,64,-13800,64,337,77
13309610,1328,-64,-13768,68,360,83
13314412,1504,-88,-13644,110,331,81
13320312,1352,-44,-13496,109,369,88
13325112,1212,-8,-13800,90,326,88
13330012,1292,-40,-13684,107,350,88
13334812,1408,-124,-13612,87,352,86
13339612,1424,-80,-13712,82,335,89
13344412,1412,-104,-13672,106,330,84
13435712,1508,-44,-13616,84,279,59
13449220,1488,-64,-13520,86,336,68
13450710,1488,-64,-13520,86,336,68
13454412,1504,-32,-13768,103,371,109
13460312,1344,-84,-13700,80,353,88
13465112,1420,-124,-13716,84,326,100
13470012,1352,8,-13736,105,341,117
13474812,1280,-96,-13664,77,328,114
13479612,1296,24,-13704,106,347,118
13484412,1236,-132,-13832,88,339,91
13556312,1376,-232,-13576,94,380,96
13560212,1376,-232,-13576,94,380,96
13565012,1316,-316,-13796,93,341,126
13569912,1396,-212,-13672,118,374,131
13574712,1380,-208,-13728,64,339,129
13579512,1204,-256,-13784,105,321,154
13585412,1248,-284,-13688,53,372,183
13590212,1208,-64,-13716,62,324,158
13595012,1312,64,-13856,77,297,76
13709112,1452,-108,-13604,53,304,114
13710712,1452,-108,-13604,53,304,114
13714612,1352,-132,-13816,149,370,111
13719412,1408,-100,-13800,42,309,96
13725312,1320,-272,-13568,117,389,103
13730112,1528,-184,-13888,55,333,104
13734912,1264,-172,-13464,93,384,103
13739812,1420,-160,-13800,74,335,112
13744612,1372,-220,-13728,121,334,123
13749412,1264,-332,-13768,48,349,133
13755312,1336,-216,-13588,60,340,107
13829810,1412,28,-13748,121,347,80
13834910,1392,-40,-13720,77,333,84
13839712,1416,-128,-13680,81,337,86
13844512,1388,-44,-13740,83,331,75
13850412,1484,4,-13392,75,338,118
13855312,1316,-180,-13576,88,370,109
13948821,1416,-20,-13760,83,355,92
13963512,1340,-16,-13752,81,344,89
13965012,1340,-16,-13752,81,344,89
13969812,1400,-64,-13560,69,352,106
13974612,1484,8,-13544,61,340,107
13979412,1332,60,-13744,74,377,99
13985412,1328,120,-13528,59,342,122
13990212,1520,32,-13892,81,367,99
13995012,1504,48,-13776,89,358,121
13999812,1288,-24,-13864,93,293,125
14004612,1264,-176,-13560,105,384,139
14009412,1280,-144,-13872,90,381,113
14015312,1216,-152,-13712,130,342,109
14020112,1256,-160,-13720,107,304,119
14092312,1220,-100,-13828,93,336,107
14095112,1220,-100,-13828,93,336,107
14100012,1160,-24,-13628,91,333,118
14104812,1208,-36,-13648,62,350,94
14109612,1400,168,-13880,90,320,96
14199610,1400,168,-13880,90,320,96
14204612,1420,-76,-13716,69,368,83
14209412,1364,-120,-13768,57,347,78
14215412,1452,0,-13756,72,333,82
14220212,1364,4,-13700,101,339,86
14225012,1444,-60,-13672,87,337,78
14229812,1420,-84,-13880,78,347,94
14234612,1540,-216,-13696,63,336,84
14239412,1408,-80,-13800,65,354,85
14245412,1380,32,-13764,82,351,101
14250212,1416,4,-13520,86,334,116
14255012,1448,-112,-13512,91,333,92
14259812,1352,-44,-13676,93,324,110
14264612,1348,-120,-13664,97,342,123
14269412,1276,12,-13612,46,366,106
14341012,1432,-136,-13800,100,350,101
14345012,1380,-60,-13760,72,340,117
14435210,1392,-52,-13760,96,318,85
14449710,1376,-160,-13772,55,362,97
14454612,1360,-92,-13856,71,326,90
14459412,1368,-116,-13648,70,325,105
14465412,1304,-180,-13644,88,332,114
14470212,1264,-172,-13804,82,341,112
14475012,1428,-108,-13728,91,327,102
14479812,1324,-76,-13724,82,343,102
14484612,1400,-16,-13592,82,366,114
14489412,1332,-136,-13840,69,323,119
14495412,1340,-80,-13648,104,344,112
14500212,1364,-108,-13564,91,338,118
14505012,1312,-96,-13696,87,333,116
14509812,1376,-188,-13680,74,332,90
14514612,1380,-72,-13796,90,344,109
14519412,1400,-112,-13584,77,332,101
14613710,1320,-44,-13592,106,327,86
14615212,1320,-44,-13592,106,327,86
14714711,1524,-140,-13764,75,350,87
14719710,1384,-24,-13672,75,356,101
14724510,1516,-96,-13656,76,351,100
14730410,1364,0,-13708,64,306,90
14735212,1388,84,-13696,89,354,103
14740012,1352,-100,-13708,46,352,106
14744812,1424,-72,-13668,76,337,99
14749712,1492,0,-13812,77,341,115
14754512,1356,-24,-13664,74,330,80
14760412,1372,32,-13580,73,353,85
14765212,1432,-8,-13752,129,351,113
14770012,1408,-16,-13732,101,314,81
14774812,1216,-140,-13760,83,348,83
14779612,1364,64,-13852,66,352,100
14784412,1308,-12,-13692,58,338,78
14877710,1316,-68,-13584,103,337,112
14880416,1316,-68,-13584,103,337,112
14885212,1236,-44,-13672,87,334,74
14890012,1364,-40,-13692,107,331,90
14894812,1364,-84,-13676,104,346,86
14966712,1400,4,-13612,70,348,123
14981210,1460,-12,-13768,89,330,85
14985010,1344,24,-13792,91,351,90
14989912,1320,-108,-13520,77,346,83
14994712,1372,-80,-13592,65,339,89
14999512,1352,-36,-13676,108,338,103
15005412,1284,-92,-13808,75,334,84
15010212,1320,-72,-13716,80,348,97
15015012,1412,-140,-13716,107,341,104
15019812,1404,-96,-13760,65,333,87
15024612,1372,-136,-13696,89,333,101
15029512,1472,-112,-13688,92,355,84
15035412,1352,-124,-13624,71,336,77
15127710,1344,-44,-13700,94,350,76
15130310,1344,-44,-13700,94,350,76
15135112,1324,-20,-13668,80,324,105
15139912,1468,-204,-13788,89,330,92
15144712,1308,-136,-13784,95,327,102
15149512,1400,-52,-13688,84,377,93
15155412,1360,-60,-13648,84,332,96
15227412,1264,-76,-13712,73,346,109
15230212,1264,-76,-13712,73,346,109
15235012,1456,-28,-13692,104,335,99
15239812,1404,-64,-13704,79,328,110
15244612,1336,-8,-13660,101,334,116
15249412,1416,-72,-13668,86,346,89
15255412,1332,-104,-13808,115,321,93
15260212,1300,-56,-13732,94,330,80
15265012,1340,36,-13728,94,353,89
15269812,1352,-88,-13616,95,339,116
15274612,1336,-128,-13676,86,349,78
15365014,1336,-128,-13676,86,349,78
15369912,1372,-180,-13684,114,325,96
15374712,1304,16,-13668,63,359,94
15379612,1352,-32,-13584,78,344,85
15384412,1304,0,-13748,65,341,100
15390312,1408,-16,-13716,87,360,85
15395112,1400,-24,-13832,99,322,86
15399912,1352,-128,-13720,93,352,109
15404712,1368,8,-13612,77,323,107
15476710,1392,-92,-13792,95,349,99
15490210,1304,-48,-13676,67,339,103
15495010,1364,-56,-13588,96,343,92
15499812,1380,-120,-13620,73,353,105
15504612,1396,16,-13736,72,353,85
15509412,1368,-28,-13640,79,323,127
15515312,1488,-72,-13692,68,347,104
15520112,1360,-116,-13700,92,354,108
15613712,1312,-48,-13808,79,328,94
15615212,1312,-48,-13808,79,328,94
15620112,1480,-116,-13684,61,352,86
15624912,1460,-76,-13796,60,326,117
15629812,1416,-200,-13712,100,334,102
15634612,1324,-116,-13580,64,339,126
15639412,1424,-80,-13792,80,341,104
15645312,1420,-96,-13488,81,321,97
15650112,1316,-232,-13772,78,317,104
15654912,1432,-48,-13864,79,338,77
15659812,1352,-92,-13776,91,328,99
15664612,1332,-72,-13736,82,353,102
15761112,1292,-104,-13712,79,323,81
15765012,1392,-136,-13660,93,354,109
15769812,1348,-96,-13668,66,362,98
15774612,1372,-12,-13824,80,341,91
15779412,1364,-36,-13716,98,328,113
15785412,1424,-40,-13640,89,324,90
15875310,1424,-40,-13640,89,324,90
15880312,1380,-40,-13652,92,341,91
15885112,1332,-132,-13728,98,357,83
15889912,1448,-48,-13700,85,353,92
15894712,1356,-52,-13636,97,323,99
15899512,1432,-16,-13808,89,337,106
15904412,1308,-112,-13600,67,352,103
15910312,1316,-160,-13704,87,394,76
15915112,1356,-136,-13696,63,337,99
15919912,1408,-32,-13792,99,321,97
15924712,1424,0,-13740,69,325,113
15941712,1344,-180,-13700,78,331,109
15945412,1376,-100,-13864,91,351,110
15950212,1468,-72,-13672,91,346,122
16022412,1524,-60,-13768,87,353,80
16025012,1524,-60,-13768,87,353,80
16029812,1320,-128,-13620,99,346,87
16034612,1364,-196,-13788,84,351,121
16128012,1380,-56,-13656,101,347,96
16129612,1380,-56,-13656,101,347,96
16134412,1336,-52,-13520,74,337,99
16140312,1288,-120,-13644,99,347,102
16145112,1280,-16,-13700,77,346,82
16149912,1320,-8,-13760,63,324,86
16154712,1332,-12,-13916,94,344,98
16159512,1292,-152,-13696,107,348,98
16164412,1408,-100,-13592,79,316,112
16170312,1336,-76,-13664,89,322,107
16175112,1372,-36,-13668,83,341,106
16179912,1416,8,-13668,68,335,88
16184712,1444,60,-13684,117,349,105
16189512,1476,-60,-13700,79,346,97
16195412,1412,16,-13556,117,347,95
16200212,1280,-4,-13640,90,369,88
16272212,1264,-108,-13672,63,338,115
16275012,1532,72,-13688,101,342,99
16365313,1532,72,-13688,101,342,99
16370212,1340,-132,-13712,84,370,128
16375012,1432,0,-13848,93,350,120
16379812,1484,-92,-13612,83,345,85
16384712,1376,-84,-13756,57,349,108
16389512,1444,28,-13776,77,338,109
16395412,1348,-60,-13736,99,336,132
16400212,1348,-116,-13780,81,319,120
16405012,1336,-32,-13656,65,340,113
16409812,1412,-156,-13696,88,332,79
16414612,1360,-104,-13792,91,342,107
16419412,1416,-92,-13632,78,374,110
16425412,1292,-140,-13648,105,339,84
16435410,1320,-184,-13640,78,351,93
16440210,1312,-24,-13808,73,355,79
16445012,1356,-148,-13572,70,331,100
16449812,1344,48,-13816,87,351,109
16539712,1344,48,-13816,87,351,109
16615512,1272,-136,-13572,97,349,108
16620412,1288,-60,-13892,80,350,105
16625212,1292,-188,-13740,91,315,127
16630012,1328,-188,-13708,95,339,105
16634812,1360,-196,-13744,92,361,87
16639612,1404,-76,-13636,73,335,96
16644412,1388,-88,-13548,96,351,94
16650312,1396,-40,-13792,83,319,102
16655112,1376,-112,-13840,80,350,104
16660012,1452,-24,-13524,75,347,82
16664812,1316,-32,-13748,110,350,90
16669612,1288,36,-13700,96,335,89
16674412,1436,-48,-13772,81,327,94
16680312,1264,-4,-13576,75,339,101
16685112,1432,-56,-13572,49,339,94
16689912,1344,-124,-13680,89,344,120
16803712,1292,-28,-13820,74,327,88
16805312,1292,-28,-13820,74,327,88
16810212,1464,-104,-13648,90,341,92
16815012,1248,-204,-13608,75,358,82
16887212,1296,-24,-13856,70,332,111
16890012,1388,-12,-13696,73,337,97
16894812,1404,-40,-13628,66,341,87
16899712,1392,-56,-13680,72,350,94
16904512,1380,-24,-13720,89,324,88
16910412,1356,-108,-13756,84,343,93
16915212,1376,-68,-13604,96,338,109
16920012,1480,-72,-13732,64,348,103
16924812,1208,-144,-13684,73,349,93
16934712,1352,-148,-13736,92,342,87
16939612,1456,-48,-13696,75,323,84
16944412,1340,-84,-13636,84,357,116
16950412,1340,-80,-13724,79,339,114
16955212,1344,-76,-13748,92,368,83
16960012,1364,-36,-13660,76,341,89
17050213,1364,-36,-13660,76,341,89
17055111,1380,-180,-13612,80,366,103
17059911,1336,-76,-13780,94,335,61
17064711,1352,-112,-13648,88,332,94
17069611,1348,-148,-13788,84,319,97
17141712,1432,44,-13608,85,342,101
17144513,1328,-16,-13752,116,339,106
17150412,1360,-92,-13636,85,345,75
17155212,1268,4,-13744,72,366,86
17160012,1308,-28,-13848,82,339,91
17164812,1388,-44,-13624,63,344,90
17169612,1320,-32,-13600,74,339,86
17174412,1388,-184,-13856,95,346,114
17180312,1468,-132,-13724,94,324,78
17185212,1368,-68,-13652,87,349,106
17190012,1412,-76,-13668,59,357,88
17194812,1340,-276,-13744,89,364,105
17287010,1340,-12,-13744,101,329,80
17289612,1400,100,-13664,67,312,81
17294412,1460,24,-13636,85,310,75
17300312,1432,-68,-13632,66,344,111
17305212,1472,92,-13656,72,344,84
17310012,1432,-36,-13740,99,335,105
17314812,1280,-24,-13680,75,353,106
17319612,1400,60,-13696,73,348,107
17391212,1384,-128,-13656,74,346,85
17394912,1376,-72,-13732,91,330,110
17399712,1368,-72,-13768,102,349,79
17404512,1368,-80,-13676,79,335,97
17410412,1308,-48,-13712,78,325,94
17415212,1328,-12,-13768,78,347,103
17420012,1320,60,-13836,91,336,125
17424812,1324,44,-13836,79,353,97
17438412,1292,24,-13780,97,335,106
17439912,1292,24,-13780,97,335,106
17444912,1428,44,-13708,80,344,109
17536010,1336,-236,-13744,76,325,102
17539712,1252,-236,-13648,79,344,95
17544512,1432,-212,-13796,76,340,135
17550412,1328,-128,-13680,58,368,94
17555312,1372,-64,-13740,84,338,105
17560112,1400,-64,-13572,93,337,101
17564912,1484,-8,-13588,107,322,113
17569712,1328,-64,-13692,94,360,117
17574512,1360,-8,-13668,80,344,104
17646612,1392,-136,-13772,64,338,98
17650312,1352,-256,-13668,82,356,126
17655212,1296,-164,-13808,61,354,122
17660012,1316,-76,-13752,72,334,124
17664812,1276,-268,-13600,81,329,150
17669612,1276,-208,-13724,82,335,122
17674412,1376,-64,-13656,84,331,103
17680312,1436,-108,-13872,70,327,104
17772610,1364,-68,-13604,89,336,100
17775212,1344,-100,-13864,65,320,107
17799212,1424,-188,-13648,69,355,126
17800812,1424,-188,-13648,69,355,126
17804712,1412,-116,-13672,120,288,125
17809612,1356,-144,-13672,121,322,133
17814412,1344,-112,-13684,108,334,165
17820312,1252,-100,-13708,84,338,126
17825112,1340,-148,-13644,96,345,137
17829912,1340,-100,-13632,92,346,128
17834712,1312,-40,-13744,86,332,119
17839512,1424,-36,-13708,93,331,135
17913712,1280,52,-13696,61,349,138
17915312,1280,52,-13696,61,349,138
17920112,1460,-16,-13768,95,337,124
17924912,1416,-32,-13744,82,350,110
17941912,1264,-180,-13780,76,360,118
17944512,1344,-88,-13772,92,340,123
17950412,1376,-92,-13696,55,355,118
17955212,1296,-156,-13724,75,345,116
18047910,1372,128,-13784,81,315,119
18049519,1292,-8,-13720,86,331,118
18054512,1372,88,-13652,89,378,119
18060412,1332,124,-13620,66,339,119
18065212,1400,64,-13776,92,319,125
18070012,1448,124,-13612,69,338,111
18074812,1436,-28,-13752,77,336,112
18079712,1284,76,-13584,83,320,105
18084512,1328,40,-13544,78,320,109
18090412,1352,-72,-13672,104,346,92
18095212,1424,44,-13772,78,319,107
18100012,1352,-24,-13596,77,336,114
18172312,1272,-172,-13788,89,357,143
18175112,1400,-112,-13812,92,333,114
18180012,1400,-80,-13488,76,347,119
18184812,1388,-4,-13724,81,347,115
18189612,1296,-80,-13784,78,358,133
18194412,1304,-88,-13728,45,346,118
18285712,1324,-244,-13664,73,308,121
18289771,1316,-164,-13772,94,363,129
18294612,1332,-136,-13540,99,332,143
18299412,1396,-148,-13748,75,333,121
18305312,1224,-44,-13756,61,350,114
18310112,1316,-76,-13784,97,346,129
18314912,1236,-168,-13704,63,341,127
18319812,1440,-236,-13804,81,334,125
18324612,1340,-120,-13624,85,354,124
18329412,1212,-48,-13500,25,333,108
18335312,1372,32,-13912,117,353,110
18340112,1260,-24,-13480,69,315,109
18344912,1312,-80,-13984,32,316,132
18349712,1404,-76,-13424,77,363,126
18423312,1256,-68,-13804,86,344,122
18424913,1256,-68,-13804,86,344,122
18438511,1412,-24,-13760,85,344,111
18440011,1412,-24,-13760,85,344,111
18444811,1316,-200,-13792,90,343,114
18537010,1264,-68,-13864,91,328,176
18539880,1372,-92,-13788,69,355,145
18544710,1364,-172,-13752,54,333,198
18549510,1352,-96,-13660,80,348,167
18555412,1460,-268,-13776,66,346,178
18560212,1424,-304,-13716,61,338,206
18565012,1388,-368,-13636,62,339,254
18569912,1404,-344,-13740,66,348,234
18574712,1376,-348,-13676,62,330,245
18579512,1304,-368,-13904,76,362,295
18585412,1360,-280,-13512,62,336,302
18590212,1348,-268,-13728,66,362,317
18595012,1376,-256,-13764,70,357,277
18599812,1316,-44,-13700,60,336,300
18604612,1400,-112,-13748,76,327,332
18678610,1360,-68,-13708,83,334,278
18680110,1360,-68,-13708,83,334,278
18684910,1416,-24,-13772,80,336,251
18775910,1412,-80,-13708,80,344,252
18800112,1256,0,-13792,78,326,238
18805212,1300,-48,-13788,54,341,262
18810012,1320,-36,-14016,59,353,232
18814812,1268,-112,-13708,82,324,242
18819612,1344,-176,-13624,67,321,248
18824412,1328,-244,-13672,59,309,265
18830312,1448,-132,-13692,72,347,259
18835212,1408,-348,-13600,85,325,274
18840012,1460,-256,-13716,79,363,303
18844812,1420,-228,-13568,83,337,327
18849612,1460,-212,-13720,76,353,329
18854412,1424,-312,-13660,78,335,343
18860312,1284,-176,-13560,58,319,352
18865112,1424,-224,-13704,75,353,345
18869912,1364,-180,-13772,75,330,357
18962410,1352,-236,-13820,64,338,348
19053112,1384,-168,-13716,68,352,449
19054712,1460,-276,-13736,89,335,452
19059612,1344,-20,-13620,50,313,456
19064412,1356,-8,-13672,86,336,477
19070312,1480,-236,-13728,79,338,477
19075112,1340,-108,-13636,29,320,483
19079912,1332,0,-13736,59,338,494
19084712,1420,-112,-13740,72,336,483
19089612,1364,0,-13828,31,334,515
19094412,1428,-140,-13672,76,345,487
19100312,1372,-92,-13712,91,329,507
19105112,1312,-64,-13732,78,330,516
19109912,1440,-136,-13628,60,333,494
19114712,1364,-160,-13616,58,343,523
19119512,1428,-112,-13704,71,362,518
19125412,1356,-128,-13664,75,353,509
19217710,1392,-132,-13632,60,343,589
19220312,1348,-116,-13700,63,323,614
19225112,1388,-212,-13640,59,315,597
19229912,1316,-240,-13588,51,333,619
19303312,1272,-408,-13924,25,326,788
19304912,1204,-152,-13652,59,324,795
19309712,1308,-244,-13820,63,335,805
19314512,1248,-344,-13716,77,329,818
19320412,1400,-372,-13744,46,328,833
19325312,1316,-212,-13836,25,330,849
19330112,1404,-212,-13864,67,334,865
19334912,1468,-236,-13760,71,293,878
19339712,1380,-252,-13648,35,332,865
19344512,1340,-304,-13608,61,312,878
19350412,1332,-324,-13568,68,342,915
19355212,1392,-408,-13720,36,309,934
19360012,1384,-196,-13564,47,337,930
19364912,1416,-316,-13668,77,323,944
19456112,1392,-4,-13776,24,305,1013
19473012,1360,-48,-13980,8,341,1030
19474512,1328,-332,-13564,64,334,993
19479412,1244,-48,-13652,45,323,1002
19485312,1248,-164,-13620,56,340,1019
19490112,1296,-36,-13588,30,347,1004
19564512,1364,-116,-13792,33,342,942
19569712,1300,-144,-13740,57,357,956
19574512,1512,-180,-13676,19,314,969
19580412,1400,-280,-13784,47,311,968
19585212,1412,-396,-13740,51,297,1010
19590012,1332,-628,-13732,45,313,1027
19594812,1292,-356,-13532,70,294,1071
19599712,1228,-320,-13728,62,327,1097
19604512,1256,-384,-13528,83,336,1125
19610412,1364,88,-13668,-21,349,1121
19615212,1440,476,-13680,48,334,1136
19620012,1396,600,-13740,54,338,1073
19711010,1368,-32,-13820,58,321,669
19714710,1364,-136,-13852,55,322,669
19719512,1512,-176,-13788,66,314,678
19725412,1304,-108,-13556,39,294,689
19730212,1392,-108,-13800,53,314,722
19735112,1412,-144,-13632,55,338,721
19739912,1480,-28,-13676,83,316,714
19744712,1468,-56,-13648,74,331,747
19843510,1436,-332,-13716,58,338,985
19845112,1380,-100,-13716,35,339,987
19850112,1420,-56,-13620,16,316,993
19854912,1316,-348,-13784,87,312,962
19859712,1380,-412,-13712,58,277,1020
19864512,1272,-648,-13780,32,285,1057
19869412,1244,-776,-13820,81,298,1119
19875312,1276,-180,-13632,20,307,1160
19880112,1260,-28,-13840,16,315,1152
19884912,1300,380,-13752,44,317,772
19974812,1320,508,-13908,85,271,746
19987112,1540,548,-13660,60,342,641
19989712,1448,468,-13712,64,321,598
19994512,1564,468,-13668,67,286,568
19999412,1460,612,-13680,64,339,508
20005312,1552,680,-13584,85,356,460
20010112,1648,616,-13620,93,335,413
20014912,1564,400,-13688,94,302,359
20019712,1496,476,-13540,68,324,330
20024512,1464,304,-13608,71,372,297
20098412,1332,-96,-13760,38,335,97
20100013,1372,-80,-13940,49,323,88
20104812,1344,-60,-13816,122,354,90
20109612,1372,-180,-13548,47,377,65
20114412,1272,-36,-13680,67,313,76
20120312,1300,-28,-13604,82,358,65
20125112,1344,112,-13824,55,345,59
20129912,1368,208,-13712,45,321,38
20134812,1284,-136,-13572,70,333,56
20224869,1212,-244,-13728,72,330,41
20229710,1304,-260,-13680,112,313,43
20234510,1424,-276,-13740,83,315,18
20240412,1320,-272,-13692,57,342,19
20245212,1472,-168,-13792,86,362,22
20250012,1500,-172,-13620,75,336,23
20254912,1404,-180,-13728,107,344,18
20259712,1392,-180,-13772,96,359,45
20264512,1388,-140,-13744,79,344,36
20270412,1376,-104,-13568,98,323,53
20275212,1308,-64,-13580,102,338,49
20347510,1344,-312,-13536,110,328,-64
20350110,1412,-404,-13584,32,383,-13
20354912,1496,-244,-13828,81,365,-17
20359712,1508,-216,-13824,113,316,-2
20364512,1304,-288,-13676,107,306,12
20370412,1288,-412,-13680,68,366,-8
20461510,1432,160,-13724,96,324,38
20475210,1356,92,-13760,64,346,44
20480010,1344,60,-13612,79,356,53
20484912,1372,84,-13700,83,341,73
20489712,1344,0,-13684,60,318,66
20494512,1412,-28,-13652,82,313,96
20500412,1472,-88,-13760,75,341,87
20505212,1468,-100,-13692,92,318,74
20510012,1448,-108,-13552,89,320,108
20514912,1296,-96,-13740,95,350,127
20519712,1368,-144,-13700,76,349,125
20524512,1416,-232,-13540,68,341,115
20530412,1376,-164,-13540,71,357,113
20535212,1352,-172,-13664,69,367,116
20607810,1384,-120,-13784,65,309,83
20609412,1424,-8,-13712,99,363,81
20615312,1492,16,-13756,96,358,89
20620112,1428,-28,-13820,62,303,75
20711210,1352,-168,-13636,82,340,91
20715012,1432,-208,-13560,72,348,115
20719812,1328,-152,-13664,56,355,113
20724612,1244,-184,-13736,88,361,102
20729412,1352,-212,-13740,91,358,107
20735312,1340,-176,-13752,80,336,121
20740112,1320,-256,-13480,82,318,119
20745012,1152,-236,-13044,23,439,105
20749812,1404,-232,-13380,-13,450,127
20754612,1632,-224,-14456,83,421,133
20759412,1784,-196,-15316,247,179,171
20765312,988,-268,-13600,148,-5,139
20770112,784,-404,-12784,100,586,145
20774912,1232,-336,-13528,-146,654,102
20779712,1392,464,-14072,104,125,121
20784612,1164,184,-13744,334,-6,137
20882612,1376,4,-13672,41,373,109
20975410,1664,-436,-13848,66,333,161
20987810,1704,-292,-13532,108,341,180
20990410,1672,-300,-13640,99,323,182
20995212,1576,-212,-13548,103,384,186
21000012,1476,-88,-13700,110,386,160
21004812,1332,60,-13724,60,384,177
21009612,1320,248,-13732,102,339,133
21014412,1320,248,-13732,102,339,133
21020312,1168,232,-13916,62,389,101
21025212,1112,492,-13748,56,337,93
21030012,1200,300,-13732,62,337,61
21034812,1088,168,-13708,79,321,62
21039612,1220,268,-13576,92,343,50
21044412,1220,268,-13576,92,343,50
21050312,1424,136,-13556,94,334,44
21055112,1492,108,-13616,76,311,50
21059912,1532,0,-13628,67,320,69
21152210,1356,-104,-13612,65,353,72
21154812,1564,-48,-13548,79,328,47
21228110,1352,-96,-13724,55,331,130
21229712,1500,-92,-13772,72,322,96
21234512,1500,-92,-13772,72,322,96
21240412,1440,44,-13604,65,326,106
21245212,1564,-68,-13676,69,355,124
21250012,1380,36,-13640,85,359,113
21254812,1416,-84,-13708,78,381,106
21259712,1420,16,-13664,99,335,95
21264512,1420,16,-13664,99,335,95
21270412,1352,-16,-13760,83,362,75
21275212,1256,-40,-13680,90,334,66
21280012,1264,-52,-13820,55,338,78
21284812,1268,-56,-13636,77,357,91
21289612,1268,-56,-13636,77,357,91
21294412,1268,80,-13752,82,363,80
21300412,1296,-40,-13744,109,338,101
21390210,1312,4,-13644,75,351,96
21395212,1340,-80,-13728,76,343,107
21400012,1344,-128,-13776,96,333,114
21404812,1412,-80,-13756,82,343,94
21475912,1296,28,-13572,58,330,107
21493010,1328,4,-13464,88,330,83
21494510,1328,4,-13464,88,330,83
21499610,1408,-48,-13720,75,337,88
21504410,1364,-52,-13712,70,334,100
21510310,1364,-40,-13796,76,335,97
21515112,1408,-112,-13592,48,344,102
21519912,1428,-4,-13572,99,339,112
21524712,1400,-20,-13564,98,355,88
21529612,1400,-20,-13564,98,355,88
21534412,1432,-108,-13548,72,333,126
21540312,1364,-140,-13772,95,349,81
21545112,1456,-104,-13776,62,342,111
21549912,1304,-32,-13728,76,334,93
21642110,1276,-96,-13748,67,344,124
21644710,1276,-96,-13748,67,344,124
21649512,1436,24,-13712,78,333,107
21655412,1368,-24,-13688,89,347,101
21660212,1436,-4,-13744,77,344,77
21665112,1460,-8,-13740,54,348,88
21736513,1428,-84,-13684,85,327,111
21740512,1488,-144,-13856,72,334,92
21745412,1404,-92,-13692,84,352,118
21750212,1412,-128,-13764,64,330,96
21755012,1296,-148,-13588,70,345,114
21759812,1296,-148,-13588,70,345,114
21764612,1296,-48,-13820,68,358,118
21769412,1324,-116,-13716,85,356,82
21775312,1492,-76,-14276,114,362,127
21780112,1320,-368,-13376,93,454,111
21785012,1304,-72,-13836,78,336,120
21902612,1300,16,-13704,76,360,95
21905312,1348,-88,-13696,78,329,101
21910212,1308,-84,-13744,101,329,107
21915012,1344,-76,-13716,96,347,108
21919812,1344,-76,-13716,96,347,108
21924612,1400,36,-13624,60,338,104
21948912,1420,8,-13792,97,336,76
21950413,1356,-24,-13828,66,348,94
21955412,1388,-124,-13576,83,359,93
22028111,1396,-132,-13908,83,329,116
22029611,1396,-132,-13908,83,329,116
22034511,1408,-92,-13904,63,320,113
22039411,1340,-132,-13724,73,336,101
22045311,1248,-248,-13588,72,350,89
22050111,1240,-68,-13616,73,337,101
22054911,1240,-68,-13616,73,337,101
22059711,1304,-44,-13644,90,336,122
22064511,1208,-156,-13684,87,344,105
22070411,1292,-144,-13644,78,353,86
22163812,1320,-104,-13852,31,343,103
22165413,1296,-32,-13772,83,323,112
22170212,1360,-116,-13740,111,325,88
22175012,1360,-116,-13740,111,325,88
22179812,1392,-28,-13556,32,343,103
22184712,1428,4,-13752,83,356,120
22189512,1544,-76,-13788,85,293,99
22195412,1356,-12,-13788,29,329,98
22200212,1428,-52,-13620,137,364,111
22205012,1428,-52,-13620,137,364,111
22278211,1276,28,-13524,108,329,93
22279811,1276,28,-13524,108,329,93
22284611,1384,12,-13644,86,307,115
22289411,1320,-60,-13644,77,356,101
22295311,1324,-60,-13688,69,334,113
22300111,1312,-88,-13736,86,335,128
22304911,1312,-88,-13736,86,335,128
22309711,1304,-60,-13572,75,318,99
22402010,1340,-16,-13768,92,338,95
22404714,1340,-16,-13768,92,338,95
22409512,1352,-64,-13708,79,363,96
22415412,1376,-92,-13672,72,342,100
22420212,1356,-108,-13812,72,336,95
22425012,1356,-108,-13812,72,336,95
22445612,1380,-96,-13800,72,346,108
22449412,1380,-96,-13800,72,346,108
22455412,1324,-40,-13648,82,314,86
22460212,1352,-32,-13784,110,370,91
22465012,1352,-32,-13784,110,370,91
22469812,1404,-80,-13704,81,326,118
22541812,1368,-160,-13660,72,347,101
22544412,1368,-160,-13660,72,347,101
22550312,1380,-44,-13776,91,348,116
22555112,1380,-44,-13776,91,348,116
22559912,1352,-48,-13672,68,343,89
22564812,1304,-56,-13676,82,368,89
22658112,1352,-88,-13784,74,337,85
22659612,1352,-88,-13784,74,337,85
22664512,1300,-136,-13676,72,337,82
22669412,1376,-96,-13820,78,320,114
22675312,1360,-188,-13652,51,354,98
22680112,1360,-188,-13652,51,354,98
22684912,1380,-56,-13784,88,330,103
22689712,1352,-92,-13736,91,335,108
22694512,1368,-180,-13768,111,352,74
22700412,1396,-156,-13648,89,367,95
22705212,1396,-156,-13648,89,367,95
22710112,1284,-164,-13728,76,332,93
22714912,1444,-196,-13668,92,335,117
22719712,1360,-176,-13768,103,325,89
22792610,1356,-28,-13552,79,340,100
22795210,1356,-28,-13552,79,340,100
22800112,1396,-16,-13772,75,341,102
22804912,1372,-20,-13780,83,333,115
22920313,1280,-48,-13668,83,336,133
22925313,1348,-20,-13892,84,343,109
22952512,1368,16,-13724,62,334,119
22955112,1368,16,-13724,62,334,119
22959912,1328,48,-13572,83,334,111
22964712,1356,4,-13708,71,369,122
22969512,1392,132,-13576,84,360,113
22975412,1404,60,-13716,94,326,74
22980212,1452,-8,-13704,93,339,88
22985012,1272,60,-13704,73,362,98
22989912,1352,-112,-13748,72,350,74
22994712,1364,-60,-13792,72,323,90
22999512,1356,-48,-13784,91,329,93
23005412,1404,-20,-13708,68,337,89
23010212,1356,-52,-13572,76,332,91
23015012,1332,-196,-13844,71,326,113
23086612,1336,-84,-13736,73,368,93
23089412,1336,-84,-13736,73,368,93
23182810,1356,-52,-13688,102,326,83
23184410,1356,-52,-13688,102,326,83
23189412,1252,-48,-13772,91,347,75
23195312,1316,8,-13744,82,340,110
23200112,1400,-128,-13788,75,339,88
23204912,1344,-48,-13672,83,340,102
23209712,1400,-32,-13704,71,356,96
23214612,1332,-144,-13880,58,373,85
23219412,1344,-180,-13692,96,326,102
23225312,1344,-124,-13656,103,338,105
23230112,1348,-132,-13752,80,318,89
23234912,1312,-148,-13696,88,351,104
23239712,1328,-268,-13704,90,369,95
23244512,1376,-64,-13700,84,367,101
23250412,1344,-212,-13600,74,342,110
23255312,1268,-60,-13796,92,321,113
23348812,1428,-104,-13880,66,317,101
23350413,1428,-104,-13880,66,317,101
23424211,1500,-172,-13208,123,352,65
23425811,1460,-116,-13972,200,268,83
23460312,1220,-60,-13672,108,335,102
23465112,1192,-88,-13768,61,359,119
23469912,1400,52,-15348,90,851,123
23474712,788,-1312,-8452,125,259,60
23479512,2124,492,-17648,303,-519,98
23485412,820,-388,-12904,-605,358,68
23490212,1376,352,-12368,603,826,79
23495012,1780,-656,-15448,-282,299,59
23499912,1204,8,-12348,264,110,92
23504712,1264,-276,-13384,22,287,88
23509512,1404,-168,-14856,42,346,77
23515412,1392,-96,-13120,100,403,65
23520212,1632,-120,-13576,104,388,87
23525012,1448,-164,-14056,49,268,87
23529812,1332,36,-13268,72,355,83
23621310,1652,128,-13056,-141,612,110
23625313,1652,128,-13056,-141,612,110
23630110,1460,-68,-14804,-54,270,111
23703710,1280,4,-13760,102,277,51
23705210,1280,4,-13760,102,277,51
23710112,1388,104,-13524,56,360,36
23714912,1464,188,-13864,73,370,63
23719712,1420,52,-13600,71,327,31
23724512,1452,76,-13644,72,325,34
23730412,1372,-48,-13736,63,353,44
23735212,1444,-32,-13692,60,338,41
23740112,1460,-96,-13676,107,361,62
23744912,1392,-128,-13728,50,352,26
23749712,1380,-12,-13212,65,148,62
23754512,1352,-32,-14300,183,387,73
23760412,1284,-208,-14472,92,254,76
23765212,1180,-212,-13208,-2,477,77
23770012,1224,72,-13276,46,414,22
23859912,1224,72,-13276,46,414,22
23864912,1308,-8,-14004,80,294,43
23869712,1340,-24,-13652,55,234,44
23874512,1452,-44,-13532,52,430,52
23880412,1592,-164,-13720,62,357,52
23975412,1448,-168,-13424,7,384,76
23991310,1404,-176,-13468,65,351,88
23995010,1404,-176,-13468,65,351,88
23999812,1320,-236,-13668,39,381,90
24004612,1280,-52,-13772,106,339,124
24009412,1332,-20,-13872,130,316,135
24015312,1176,-16,-13700,61,368,133
24020112,1252,-48,-13816,61,341,120
24024912,1148,-100,-13692,56,336,130
24029812,1148,12,-13752,85,337,102
24034612,1140,-72,-13632,95,336,99
24039412,1372,88,-13668,83,362,119
24133810,1384,-84,-13692,49,331,130
24135312,1384,-84,-13692,49,331,130
24140212,1372,-112,-13644,54,320,123
24145112,1508,-36,-13652,60,336,117
24149912,1452,-88,-13604,80,350,108
24154712,1480,-36,-13356,81,350,130
24159512,1420,-108,-13616,55,343,129
24165412,1416,-112,-13672,75,340,115
24238212,1520,-168,-13564,67,350,130
24239812,1520,-168,-13564,67,350,130
24244612,1484,-216,-13684,69,344,120
24249412,1512,-136,-13536,84,353,131
24255312,1512,-148,-13688,83,318,133
24260112,1416,-64,-13632,72,364,113
24264912,1364,-64,-13604,75,377,110
24269812,1352,-80,-13760,87,350,126
24274612,1252,36,-13728,68,330,113
24279412,1268,-48,-13708,106,344,100
24371310,776,-592,-12952,-149,-89,147
24375010,776,-592,-12952,-149,-89,147
24379912,660,-164,-13100,248,980,68
24384712,1792,112,-14968,-282,652,52
24389512,1432,4,-13256,-10,388,115
24395412,1404,-12,-13372,313,-10,136
24400212,1220,-64,-14016,55,220,74
24405012,1220,-72,-13644,-125,643,53
24409812,1380,-44,-13552,-3,488,82
24414612,1600,-8,-13876,125,279,93
24488112,1424,-88,-14704,105,395,104
24500312,1288,-184,-13476,122,346,124
24505312,1456,-108,-14216,116,263,87
24510112,1256,-100,-13628,121,274,97
24514912,1352,-96,-13796,94,380,101
24519812,1188,-360,-13052,34,278,100
24524612,1728,1096,-15124,-81,-307,52
24529412,1588,-824,-11400,460,2230,195
24620869,1332,-220,-13472,143,236,96
24624710,1348,-324,-13640,102,435,74
24629510,1380,-204,-13712,-1,379,84
24634412,1376,-208,-13704,114,390,90
24640312,1296,-84,-13832,127,296,99
24645112,1140,-8,-13792,46,377,98
24649912,1260,-148,-13516,28,419,113
24654712,1356,-124,-14000,82,358,87
24659512,1252,20,-13544,69,350,108
24665412,1256,-64,-13592,88,302,93
24670212,1408,364,-13892,111,372,122
24675112,1556,-532,-14632,226,1208,136
24749012,2108,-1064,-14588,656,441,165
24750612,2108,-1064,-14588,656,441,165
24755412,792,-612,-12324,-11,-346,110
24760212,932,428,-14768,-556,543,35
24765012,1564,148,-12556,-91,1039,71
24769912,1424,124,-14072,-17,382,131
24859912,1424,124,-14072,-17,382,131
24864812,1304,56,-13172,183,297,110
24869612,1492,328,-13732,149,448,118
24874512,1340,124,-14092,59,307,137
24880412,1148,340,-13644,104,305,128
24885212,1132,348,-13392,42,350,133
24890012,1324,1292,-15640,-108,400,112
24894812,920,-1068,-12996,444,1501,143
24899612,1440,-248,-12284,286,-196,89
24904412,844,52,-15340,-601,71,53
24910312,1188,132,-13016,597,765,74
24915212,1752,-260,-14236,-63,65,44
24920012,1288,-48,-13424,62,413,68
24924812,1356,-180,-13036,131,368,85
25036412,1404,-36,-14020,133,419,79
25040312,1404,-36,-14020,133,419,79
25045112,1488,60,-13512,218,284,71
25136512,1308,40,-13480,43,363,71
25140312,1308,40,-13480,43,363,71
25145212,1228,-248,-13760,237,285,104
25150012,1264,-244,-13876,131,155,74
25154812,1192,-128,-13800,16,376,51
25159612,1004,-204,-13696,-28,514,66
25164412,1036,756,-15260,-465,193,24
25170312,1212,-316,-12036,704,1097,135
25175212,1532,-1120,-14540,258,-149,119
25180012,1332,0,-15016,27,223,74
25184812,640,-352,-12844,-249,1060,50
25189612,1668,-244,-12772,230,751,51
25194412,2032,-384,-13880,-76,-182,148
25200312,1164,60,-15152,249,77,146
25205112,1336,-24,-11748,72,495,159
25209912,1640,124,-15044,-130,679,129
25302210,1612,-84,-13600,167,364,112
25379769,1480,40,-13808,85,310,87
25384710,1508,108,-13568,123,341,94
25389510,1424,36,-13752,128,334,79
25394412,1380,72,-13724,91,349,62
25400312,1280,8,-13696,75,356,60
25405112,1264,8,-13756,90,338,83
25409912,1268,-48,-13756,71,369,59
25414712,1100,60,-12228,274,-164,58
25419512,1944,1180,-16896,346,-416,77
25425412,1328,-300,-11300,1185,837,217
25435310,796,-292,-12452,155,1119,23
25440110,1736,80,-10736,-804,550,36
25444912,1972,-184,-16112,746,422,200
25449712,1668,-588,-14956,482,-603,159
25454512,824,-180,-11144,-204,326,135
25460412,956,-372,-14804,4,1312,108
25552610,1160,32,-13564,-9,344,93
25555312,1160,32,-13564,-9,344,93
25560112,1588,0,-15108,292,409,118
25564912,1400,-156,-13080,58,259,109
25637312,1704,-864,-11572,498,-1077,82
25640112,1704,-864,-11572,498,-1077,82
25644912,1348,552,-17288,748,-278,208
25649712,1268,-716,-14104,-653,879,104
25654512,484,-588,-12300,-738,1232,-8
25660412,2060,180,-12980,1033,710,218
25665212,1860,-564,-14884,294,-864,167
25670012,476,-76,-14276,-841,423,46
25674812,820,-420,-11892,575,2012,40
25679712,2028,40,-13580,-448,92,72
25684512,1420,32,-15140,-165,80,150
25690412,1104,196,-12304,622,269,120
25695212,1904,-264,-14676,-83,620,81
25700012,1284,-192,-13716,38,337,74
25790212,1284,-192,-13716,38,337,74
25795112,1296,-104,-13756,46,355,70
25799912,1276,-76,-13776,195,240,100
25804712,1380,-176,-13792,102,278,92
25809612,1364,-184,-13660,-17,411,78
25814412,1544,-64,-13836,72,363,80
25889010,852,-40,-14700,142,732,122
25890510,852,-40,-14700,142,732,122
25895412,1612,-204,-14128,136,64,87
25900212,1404,160,-13436,136,279,82
25905012,1288,-324,-13372,351,457,110
25909912,1248,-332,-14208,-155,243,73
25914712,1096,-232,-13132,-10,431,79
25919512,1644,-52,-13888,255,374,96
25925412,1576,-380,-13784,31,197,100
25938812,1444,-152,-13820,21,431,97
25940313,1444,-152,-13820,21,431,97
25945212,1460,-124,-13716,179,310,100
25950012,1248,-220,-13532,68,253,107
26066612,364,-176,-11652,335,43,100
26069512,576,-412,-11920,-721,311,24
26074412,1248,64,-14316,193,1828,66
26080312,1864,-476,-13176,-256,239,129
26085212,2160,280,-16492,641,-558,189
26090012,964,-480,-10552,112,-151,85
26094812,1188,-372,-14300,-35,1047,96
26169112,1500,-120,-13840,149,274,52
26170612,1500,-120,-13840,149,274,52
26174412,1452,-144,-13948,93,229,64
26180312,1484,-132,-13644,18,422,79
26185212,1640,-64,-13496,24,462,66
26190012,1636,-132,-13716,114,302,95
26194812,1504,-84,-13592,188,215,101
26199612,1420,-52,-13924,90,328,107
26204412,1208,-80,-13704,40,440,90
26210312,1384,-48,-13764,65,398,105
26215212,1284,-60,-13536,118,312,144
26306412,1336,-128,-13820,107,361,84
26310112,1300,-104,-13624,54,366,94
26314912,1324,-88,-13728,112,335,109
26319812,1388,-156,-13764,97,332,106
26324612,1288,-108,-13704,72,327,113
26329412,1272,-52,-13740,85,360,97
26335312,1512,-116,-13808,80,351,108
26340112,1468,-116,-13588,90,336,120
26344912,1420,-116,-13624,96,342,104
26418410,1296,-124,-13620,86,330,89
26420012,1296,-124,-13620,86,330,89
26424812,1404,-100,-13628,72,345,86
26434612,1420,-164,-13736,78,351,101
26439512,1348,-168,-13620,80,334,100
26444412,1488,-144,-13664,68,349,111
26450312,1484,-132,-13632,75,385,134
26455112,1460,-28,-13772,82,366,103
26459912,1356,-68,-13712,86,359,119
26553412,844,-276,-15468,392,1093,66
26555013,844,-276,-15468,392,1093,66
26559812,1204,164,-8300,-343,483,64
26564612,1684,-144,-18416,-333,788,166
26569412,1484,264,-13400,486,-286,84
26575412,1380,76,-12072,364,224,128
26580212,1080,-304,-14108,-314,651,122
26585012,1432,208,-13956,23,573,93
26589812,1716,-232,-13896,275,139,105
26594612,1432,36,-14156,216,84,136
26599412,1104,-384,-12192,-55,424,90
26673512,1452,-84,-13816,98,318,108
26675112,1452,-84,-13816,98,318,108
26679912,1408,-76,-13416,140,272,141
26684712,1316,4,-13588,94,343,115
26689512,1392,-52,-13896,47,384,127
26694412,1504,16,-13776,69,404,109
26700312,1344,-72,-13640,106,315,128
26792412,1288,-100,-13632,101,333,111
26795212,1288,-100,-13632,101,333,111
26800112,1352,-44,-13748,102,337,122
26804912,1348,-36,-13700,87,331,117
26809712,1504,-60,-13768,99,362,102
26814512,1304,-64,-13720,95,340,109
26820412,1300,-116,-13724,76,324,117
26825212,1304,-156,-13764,84,348,114
26830012,1356,-64,-13672,68,332,100
26834812,1372,-56,-13620,92,315,103
26839712,1408,-120,-13636,87,343,85
26844512,1404,-100,-13672,93,322,87
26850412,1424,-20,-13716,81,359,90
26923510,1400,16,-13680,62,317,90
26925010,1400,16,-13680,62,317,90
26942110,1436,76,-13808,70,345,100
26944710,1316,-60,-13744,64,354,93
26949510,1464,-44,-13720,74,349,113
26954412,1416,-56,-13800,85,359,91
27070812,1464,-80,-13776,77,318,110
27074612,1372,-44,-13668,72,339,82
27079412,1368,64,-13744,76,350,65
27085412,1352,-40,-13636,65,348,70
27090212,1352,-8,-13656,96,294,90
27095012,1376,-40,-13664,106,357,96
27099812,1340,0,-13644,74,352,95
27104612,1400,-96,-13628,83,350,83
27109412,1432,-20,-13608,101,347,90
27115312,1448,-76,-13800,104,329,102
27120112,1392,-120,-13556,68,344,94
27125012,1436,-112,-13556,70,378,108
27129812,1384,-28,-13560,106,372,112
27134612,1316,-196,-13804,86,357,113
27206210,1380,-116,-13656,66,354,70
27210010,1392,-44,-13528,75,357,98
27214810,1488,-80,-13552,68,356,92
27306810,1340,-184,-13828,100,360,91
27309410,1360,-116,-13920,130,304,91
27315312,1288,-92,-13852,132,308,93
27320112,1376,-152,-13504,117,378,100
27324912,1508,-256,-13832,113,338,88
27329812,1452,-156,-13840,172,280,97
27334612,1460,-192,-13596,159,352,115
27339412,1516,-260,-13556,138,386,101
27345312,1372,-84,-13792,79,377,108
27350112,1508,-112,-13684,161,334,129
27354912,1336,0,-13660,123,363,180
27359712,1788,-328,-13732,72,381,182
27364512,1244,268,-13552,60,319,148
27369412,1424,-16,-13840,103,423,140
27375312,1304,92,-13772,107,335,161
27380112,1280,160,-13716,76,287,152
27471110,1216,-196,-13736,85,354,106
27561010,1324,0,-13656,88,337,56
27564710,1304,-40,-13600,81,332,54
27569612,1352,-56,-13708,84,323,76
27574412,1424,-140,-13888,93,322,62
27580312,1364,-168,-13808,71,332,86
27585112,1372,-232,-13676,75,337,96
27589912,1440,-284,-13736,88,320,97
27594712,1412,-228,-13588,87,332,128
27599612,1520,-284,-13680,78,346,131
27604412,1468,-300,-13664,74,335,149
27610312,1456,-268,-13744,72,369,142
27615112,1404,-148,-13628,88,349,151
27619912,1308,-164,-13976,85,360,134
27624712,1324,-140,-13720,96,359,127
27629512,1304,-92,-13552,82,360,124
27635412,1100,-152,-13516,23,537,144
27725521,1100,-152,-13516,23,537,144
27729512,1200,-60,-13544,14,411,145
27735412,1148,-132,-14064,181,197,146
27740212,1040,-276,-13992,147,231,117
27813710,1236,392,-13660,79,323,59
27815212,1236,392,-13660,79,323,59
27820112,1260,412,-13492,100,316,75
27825012,1304,300,-13700,76,345,64
27829812,1468,212,-13860,66,354,64
27834612,1584,200,-13676,76,337,63
27839412,1564,152,-13640,65,329,73
27845312,1680,180,-13528,77,326,76
27850112,1672,24,-13776,80,348,102
27855012,1660,88,-13608,119,357,86
27859812,1664,-108,-13724,92,349,116
27864612,1568,-68,-13708,70,375,125
27869412,1532,-80,-13668,90,341,118
27964012,1464,-112,-13548,94,379,127
27976412,1188,-60,-13728,102,355,125
27980113,1240,-4,-13724,93,348,146
27985012,1084,100,-13836,68,366,145
27989812,1232,140,-13772,96,360,145
27994612,1232,176,-13784,98,317,148
27999412,1252,140,-13844,78,308,123
28095611,1256,-232,-13800,70,320,104
28099511,1364,-176,-13828,73,334,109
28105411,1420,-340,-13692,84,345,129
28110211,1464,-348,-13768,94,320,120
28115011,1492,-232,-13444,94,333,98
28119811,1644,-200,-13720,89,346,111
28124611,1508,-172,-13496,93,348,103
28129411,1608,-56,-13840,99,347,110
28135311,1456,72,-13576,112,352,128
28140211,1432,-64,-13640,110,369,112
28145011,1392,12,-13488,64,346,101
28236110,1220,-328,-13680,82,341,103
28239810,1208,-240,-13740,94,344,87
28244612,1248,-240,-13756,80,353,97
28249412,1232,-288,-13744,88,351,71
28255312,1200,-228,-13920,85,339,78
28260112,1104,-164,-13892,74,307,98
28264912,1180,-280,-13860,73,335,91
28269712,1268,-240,-13780,49,335,90
28274612,1304,-276,-13628,89,315,78
28347910,1216,120,-13696,94,319,85
28349512,1216,120,-13696,94,319,85
28355412,1288,60,-13584,63,359,75
28360212,1296,-40,-13716,100,332,91
28365012,1360,-32,-13572,74,361,83
28369812,1428,-48,-13656,110,332,74
28374612,1480,-188,-13756,71,317,74
28379412,1352,-240,-13820,103,326,77
28473912,1468,-132,-13772,87,331,121
28487310,1400,-96,-13740,76,372,105
28490010,1360,-152,-13832,72,339,114
28494812,1392,-120,-13700,93,355,128
28499612,1432,-52,-13736,97,331,117
28504412,1336,36,-13712,96,353,102
28510412,1316,44,-13604,94,357,97
28515212,1304,48,-13632,94,339,99
28520012,1320,0,-13520,80,346,112
28524812,1352,8,-13556,88,321,108
28529612,1336,-8,-13784,58,330,97
28534412,1380,48,-13680,66,339,109
28606012,1316,12,-13744,85,337,83
28610013,1192,-76,-13680,103,342,60
28614812,1300,32,-13640,94,346,91
28619612,1372,-120,-13692,63,332,63
28624412,1372,-148,-13724,84,353,77
28630412,1336,-20,-13756,66,329,73
28722712,1264,-76,-13792,51,343,81
28725412,1352,-76,-13724,87,342,115
28730312,1376,-76,-13612,77,339,70
28735112,1280,-236,-13796,96,339,78
28739912,1280,-44,-13612,64,347,65
28744712,1440,-164,-13540,62,361,65
28749512,1432,-184,-13692,78,345,66
28755412,1448,-132,-13800,63,337,68
28760312,1476,-68,-13720,66,339,66
28765112,1380,-136,-13576,76,347,64
28769912,1384,-44,-13764,77,339,73
28774712,1360,-180,-13740,78,324,102
28779512,1392,-68,-13664,72,333,89
28785412,1472,-32,-13800,93,345,84
28857210,1348,-176,-13704,86,337,113
28860010,1352,-76,-13812,88,332,112
28864811,1328,-204,-13592,97,349,93
28869611,1232,48,-13748,89,333,115
28959412,1308,8,-13560,94,346,105
28973013,1332,16,-13684,74,370,96
28974512,1352,-108,-13716,86,346,99
28979412,1452,-48,-13656,66,346,72
28985312,1324,-76,-13832,62,353,81
28990112,1356,-100,-13808,95,351,92
28995012,1268,-200,-13772,75,350,98
28999812,1312,-240,-13772,86,339,93
29004612,1380,-236,-13604,107,315,87
29009412,1312,-184,-13728,88,343,94
29015312,1296,-284,-13716,97,339,80
29020112,1412,-176,-13744,83,342,113
29024912,1396,-132,-13696,64,361,108
29029712,1320,-84,-13464,66,353,114
29034612,1420,-116,-13744,80,330,115
29039412,1336,-132,-13784,101,344,93
29135912,1316,-64,-13612,73,333,108
29139712,1408,-36,-13612,101,335,79
29233110,1348,-144,-13720,77,359,90
29234710,1508,0,-13848,93,349,63
29239712,1388,-80,-13548,89,329,79
29244512,1272,-56,-13716,84,344,104
29250412,1408,-88,-13536,81,340,102
29255212,1468,-116,-13684,71,335,94
29260012,1424,-24,-13632,77,338,99
29264912,1344,-12,-13712,96,323,116
29269712,1392,-44,-13680,83,353,78
29274512,1412,12,-13720,60,355,111
29280412,1404,-16,-13576,73,348,107
29285212,1336,-32,-13620,84,355,91
29290012,1376,-40,-13708,82,328,90
29294812,1400,-104,-13792,74,347,114
29299612,1344,-48,-13844,103,328,99
29304512,1296,36,-13784,99,360,101
29399011,1232,-20,-13776,90,360,113
29400611,1232,-20,-13776,90,360,113
29474610,1388,-128,-13752,78,375,111
29491712,1312,-116,-13676,61,330,120
29495412,1292,-144,-13576,72,350,109
29500212,1388,-152,-13896,87,337,113
29505112,1372,-120,-13716,81,351,98
29509912,1336,-164,-13656,75,347,77
29514712,1316,-92,-13480,89,365,75
29519512,1372,-196,-13792,92,335,88
29525412,1492,-76,-13584,83,330,86
29530212,1324,-60,-13536,92,352,74
29535012,1368,-140,-13652,57,360,100
29539812,1360,-60,-13860,70,350,70
29544712,1420,-68,-13688,80,321,84
29549512,1460,-40,-13604,97,338,82
29555412,1348,-72,-13576,62,345,106
29560212,1420,-48,-13712,86,359,78
29654012,1296,-76,-13624,83,355,66
29655612,1296,-76,-13624,83,355,66
29660412,1348,-112,-13776,68,352,113
29665212,1276,-52,-13688,82,325,78
29737510,1280,-48,-13500,73,349,125
29740110,1452,-4,-13756,95,358,99
29744912,1416,96,-13544,68,338,114
29749712,1284,4,-13716,67,356,98
29754512,1432,32,-13652,89,352,110
29760412,1448,-20,-13860,87,340,106
29765212,1380,8,-13720,73,331,89
29770012,1368,40,-13728,75,339,88
29774912,1388,-68,-13680,108,336,119
29779712,1352,96,-13656,76,321,98
29784512,1472,144,-13612,83,358,82
29790412,1420,44,-13704,55,353,66
29795212,1480,-88,-13808,80,318,75
29800012,1368,36,-13648,91,304,90
29891110,1352,28,-13652,70,348,87
29895012,1260,-84,-13772,70,337,85
29899812,1400,72,-13808,87,352,71
29904612,1424,-48,-13612,72,337,87
29909412,1412,0,-13884,49,356,97
29915312,1316,-28,-13584,84,338,94
29985512,1420,-108,-13708,84,322,80
30006310,1340,-84,-13648,102,344,49
30010010,1288,-144,-13748,51,363,63
30014812,1328,-84,-13500,100,324,99
30019612,1380,-248,-13600,75,347,98
30024412,1284,-216,-13460,62,362,71
30030312,1324,-140,-13912,82,303,80
30035112,1352,-276,-13688,99,321,93
30039912,1324,-296,-13588,47,376,114
30044812,1348,-192,-13880,68,312,128
30049612,1308,-348,-13524,89,351,112
30054412,1392,-216,-13844,50,357,121
30169410,1448,-16,-13588,78,352,87
30174470,1420,8,-13532,79,340,87
30180410,1484,-100,-13596,85,327,89
30185210,1420,-68,-13720,75,350,98
30190012,1308,-20,-13824,86,329,72
30194812,1312,-220,-13560,91,344,80
30199612,1380,-176,-13752,81,319,98
30204512,1288,-136,-13660,64,337,97
30277212,1332,-104,-13604,119,351,110
30280010,1448,-96,-13752,80,336,102
30284812,1408,-40,-13748,99,336,119
30289612,1360,-36,-13692,88,368,87
30294412,1340,-56,-13848,86,338,135
30300412,1336,-56,-13732,78,322,117
30305212,1404,-172,-13724,84,357,128
30310012,1360,-60,-13772,77,339,110
30314812,1348,-116,-13780,62,349,101
30407510,1388,16,-13740,84,327,115
30410381,1440,-16,-13708,109,320,89
30415210,1412,-16,-13700,80,348,83
30420010,1444,80,-13676,79,334,74
30424812,1352,-64,-13580,89,343,104
30449112,1304,-28,-13824,71,334,113
30450612,1304,-28,-13824,71,334,113
30454512,1352,-80,-13596,57,343,97
30460412,1284,-68,-13516,91,331,97
30465212,1528,-72,-13892,85,331,110
30470012,1412,-16,-13696,70,340,101
30542312,1352,-156,-13712,79,340,93
30544912,1152,-156,-13804,100,346,99
30549712,1336,-280,-13760,115,355,79
30554512,1388,-128,-13752,89,337,114
30559412,1368,-160,-13752,82,343,116
30565312,1428,-84,-13676,62,315,111
30570112,1320,-164,-13728,92,346,117
30574912,1348,-120,-13800,93,336,96
30668612,1368,-92,-13676,83,353,94
30670112,1376,-92,-13852,76,380,89
30675012,1388,-184,-13796,94,313,103
30679812,1344,-116,-13668,73,311,112
30684712,1380,-164,-13612,65,359,102
30689512,1416,-172,-13564,83,363,90
30695412,1332,-144,-13740,79,342,89
30700212,1452,-120,-13664,87,321,89
30705012,1304,-144,-13648,78,333,122
30709812,1408,-24,-13756,86,334,100
30714712,1412,-32,-13756,85,344,114
30719512,1460,-48,-13628,89,357,91
30792912,1412,-40,-13688,85,336,77
30794512,1288,-204,-13652,88,343,75
30800412,1456,-68,-13724,83,349,82
30805212,1364,-56,-13692,97,347,89
30810012,1376,-144,-13748,102,343,89
30814812,1420,-200,-13724,64,362,86
30906710,1392,-48,-13768,82,349,99
30909412,1404,-120,-13672,71,350,96
30915312,1404,-144,-13716,99,352,101
30920112,1364,-104,-13756,83,351,110
30924912,1304,-32,-13672,83,340,98
30934912,1352,-128,-13832,80,339,88
30939812,1324,-92,-13800,121,335,105
30944712,1352,-140,-13760,100,334,112
30949512,1420,-64,-13812,87,347,93
30955412,1400,-112,-13660,107,331,105
30960212,1392,-68,-13608,78,326,97
30965012,1380,-132,-13644,72,339,98
30969812,1420,-8,-13624,78,298,113
30974712,1396,-56,-13736,76,323,98
31047410,1412,-60,-13716,63,358,67
31050210,1400,-76,-13596,78,338,87
31055012,1444,-136,-13812,84,349,99
31059812,1344,-124,-13764,91,354,106
31177612,1344,-120,-13768,82,362,81
31180312,1244,-156,-13812,81,341,79
31185312,1416,-140,-13624,95,343,100
31190112,1372,-176,-13636,82,341,78
31194912,1344,-84,-13776,92,353,94
31199712,1428,-148,-13632,80,342,104
31204512,1300,-24,-13620,101,332,99
31209412,1376,-144,-13944,80,330,97
31215312,1308,-84,-13772,78,370,123
31220112,1416,-104,-13668,84,357,108
31224912,1464,-128,-13788,102,308,113
31229712,1364,-188,-13560,95,312,113
31234512,1312,-228,-13824,89,353,118
31240412,1356,-52,-13756,62,326,108
31245212,1328,-140,-13760,74,349,136
31250112,1428,-96,-13724,81,335,121
31323410,1400,-24,-13572,61,317,85
31325012,1452,-68,-13684,65,347,98
31416612,1348,-176,-13568,91,352,82
31420574,1388,-60,-13596,90,353,94
31425412,1396,-248,-13680,92,347,84
31438712,1412,-52,-13672,91,328,101
31440212,1336,-140,-13820,75,339,108
31445112,1356,-116,-13992,59,335,103
31449912,1268,-4,-13760,99,327,95
31454712,1396,-80,-13832,98,328,111
31459612,1428,-8,-13592,55,328,108
31464412,1428,-8,-13592,55,328,108
31470312,1400,56,-13772,99,326,90
31475112,1312,-44,-13688,106,345,116
31479912,1392,8,-13696,77,325,119
31484712,1392,0,-13716,71,324,92
31489512,1372,52,-13708,81,343,101
31495412,1336,-96,-13688,86,360,102
31500312,1356,-72,-13676,65,335,98
31505112,1360,-112,-13864,80,344,109
31669010,1408,-28,-13736,90,366,93
31670769,1460,-104,-13732,84,364,80
31674510,1372,-64,-13804,89,335,100
31680410,1408,-96,-13696,61,359,101
31685212,1404,-56,-13632,86,351,81
31690012,1436,-108,-13600,84,355,100
31694812,1428,-200,-13684,78,344,110
31699712,1388,-92,-13800,74,350,115
31704512,1388,-92,-13800,74,350,115
31710412,1280,-148,-13724,101,346,109
31715212,1348,-136,-13748,90,313,118
31720012,1268,-96,-13708,89,339,91
31724812,1500,-148,-13792,85,366,105
31729612,1328,-124,-13684,73,332,91
31734412,1328,-124,-13684,73,332,91
31740412,1396,-136,-13724,93,339,101
31745212,1324,-192,-13696,61,355,114
31834812,1352,12,-13712,62,348,112
31839812,1296,-92,-13784,96,341,89
31844712,1368,-116,-13644,64,335,103
31917810,1396,-104,-13640,64,320,74
31920410,1260,-132,-13588,108,326,121
31925212,1324,-40,-13644,67,365,113
31935212,1436,-32,-13828,79,319,91
31940112,1468,4,-13800,60,340,111
31944912,1352,-32,-13756,93,341,102
31949812,1408,-136,-13692,90,350,94
31954612,1408,-136,-13692,90,350,94
31959412,1456,-112,-13740,80,366,89
31965312,1412,-68,-13796,84,355,109
31970112,1324,-92,-13592,100,366,95
31974912,1380,-140,-13752,76,365,106
31979712,1376,-136,-13660,78,337,96
31984512,1376,-136,-13660,78,337,96
31989412,1364,-156,-13868,77,344,101
32081670,1236,-8,-13708,61,358,83
32085510,1316,-92,-13760,56,332,84
32090310,1364,4,-13896,96,351,88
32095212,1396,-100,-13692,94,350,102
32100012,1372,-124,-13776,94,325,115
32196410,1388,-68,-13812,112,339,78
32200210,1352,-48,-13772,93,343,115
32205112,1404,8,-13796,97,336,99
32209912,1304,-136,-13788,80,358,106
32214712,1304,-136,-13788,80,358,106
32219512,1316,-120,-13580,101,337,88
32225412,1316,-144,-13764,68,342,98
32230212,1364,-28,-13560,90,339,116
32235112,1440,-56,-13600,71,372,111
32239912,1568,-56,-13768,102,345,104
32244712,1568,-56,-13768,102,345,104
32249512,1452,-92,-13652,76,329,116
32342911,1388,-84,-13824,62,375,109
32344511,1388,-84,-13824,62,375,109
32350411,1408,24,-13584,80,313,99
32355211,1264,-20,-13596,74,364,116
32360011,1296,-20,-13672,76,369,113
32364811,1296,-20,-13672,76,369,113
32369611,1512,40,-13796,78,350,112
32374411,1424,-124,-13580,104,331,105
32447410,1348,-32,-13740,91,339,96
32459711,1420,-160,-13736,80,351,102
32464711,1468,-112,-13796,71,343,101
32469511,1360,-92,-13572,64,314,84
32475411,1420,-196,-13544,71,385,86
32480211,1352,-204,-13788,47,361,73
32485111,1400,-68,-13768,100,309,97
32489911,1384,-76,-13768,78,328,98
32494711,1384,-76,-13768,78,328,98
32499511,1448,-148,-13716,65,355,101
32591912,1412,-12,-13804,98,322,102
32594712,1412,-12,-13804,98,322,102
32599612,1452,-68,-13712,82,329,84
32604412,1384,-40,-13608,77,349,100
32610312,1404,-52,-13828,71,351,95
32615112,1372,-80,-13572,82,335,84
32619912,1372,-80,-13572,82,335,84
32624712,1376,-12,-13676,84,343,107
32629512,1412,-56,-13792,105,341,112
32635412,1448,-8,-13792,85,349,107
32707711,1360,-88,-13708,78,322,87
32709468,1360,-88,-13708,78,322,87
32715411,1468,-80,-13816,76,347,93
32720211,1392,-128,-13648,86,341,92
32725011,1480,-188,-13608,85,336,94
32729811,1480,-188,-13608,85,336,94
32734611,1372,-88,-13628,94,321,115
32739511,1348,-92,-13560,66,362,81
32829512,1348,-92,-13560,66,362,81
32834412,1260,-192,-13788,42,356,83
32840312,1276,-4,-13812,124,352,92
32845212,1304,-108,-13764,96,333,59
32850012,1304,-108,-13764,96,333,59
32854812,1412,-92,-13660,92,368,85
32859612,1364,-208,-13824,86,334,96
32864412,1360,-60,-13588,83,351,98
32870312,1332,-52,-13784,93,350,99
32875112,1408,-80,-13796,83,344,112
32879912,1408,-80,-13796,83,344,112
32884812,1248,-196,-13764,68,343,88
32956712,1432,-84,-13700,88,314,97
32973910,1216,-96,-13656,74,338,97
32975410,1420,-116,-13672,66,362,99
32979410,1420,-116,-13672,66,362,99
32985310,1340,-80,-13736,78,335,108
32990110,1340,-80,-13736,78,335,108
33082012,1316,-132,-13776,87,324,98
33084812,1316,-132,-13776,87,324,98
33089612,1440,44,-13724,70,323,80
33094412,1316,-36,-13908,94,336,108
33100312,1344,-156,-13796,81,358,83
33105212,1332,-128,-13764,71,332,84
33110012,1332,-128,-13764,71,332,84
33114812,1348,-100,-13692,70,346,79
33119612,1380,-180,-13720,88,348,92
33124412,1308,-128,-13688,74,331,97
33130312,1280,-72,-13756,79,339,75
33135112,1280,-72,-13756,79,339,75
33139912,1308,-140,-13716,87,334,116
33144812,1288,-80,-13812,79,349,94
33241113,1324,-136,-13672,58,346,121
33245121,1324,-136,-13672,58,346,121
33250212,1464,-148,-13660,96,338,85
33343810,1308,-112,-13764,76,317,110
33345410,1400,-60,-13740,96,304,116
33350410,1352,-24,-13616,89,339,116
33355212,1352,-24,-13616,89,339,116
33360010,1340,-76,-13716,100,362,107
33364810,1380,-108,-13696,100,348,89
33369610,1380,-60,-13564,73,336,104
33374412,1324,-160,-13744,69,354,91
33380410,1416,-4,-13684,91,341,109
33385212,1416,-4,-13684,91,341,109
33390010,1424,-132,-13520,99,351,98
33394810,1340,-40,-13592,94,351,111
33399612,1312,-116,-13668,85,350,81
33404410,1392,-28,-13652,97,357,129
33410312,1380,4,-13752,85,343,104
33415110,1268,-28,-13652,112,342,116
33420010,1268,-64,-13804,75,362,85
33586112,1336,-136,-13728,92,345,103
33603012,1376,24,-13856,89,337,94
33604512,1376,24,-13856,89,337,94
33609412,1380,-44,-13784,98,338,106
33615312,1392,-84,-13676,73,363,115
33620112,1396,-20,-13532,94,354,104
33625012,1360,-32,-13756,67,351,124
33629812,1368,-124,-13612,91,336,90
33634612,1396,-44,-13572,81,336,78
33639412,1184,0,-13788,60,340,86
33645312,1392,12,-13644,79,310,98
33650112,1316,-72,-13656,87,359,94
33654912,1380,-124,-13672,78,350,95
33659712,1460,-44,-13708,104,337,104
33664612,1292,-60,-13772,102,328,94
33669412,1368,-84,-13640,72,358,96
33675312,1348,-16,-13724,91,338,81
33767510,1416,24,-13836,71,356,82
33770112,1416,24,-13836,71,356,82
33774912,1300,-108,-13676,83,340,87
33847411,1304,-8,-13640,69,312,105
33850211,1304,-8,-13640,69,312,105
33855011,1432,-172,-13644,96,347,89
33859811,1500,76,-13644,86,335,103
33864611,1320,-116,-13620,80,343,90
33869511,1464,-116,-13708,75,341,103
33875411,1388,-52,-13716,81,360,114
33880211,1456,-104,-13724,90,343,91
33885011,1316,-32,-13636,73,361,90
33889811,1352,-124,-13780,67,346,104
33894611,1320,-136,-13556,86,333,96
33899411,1364,-40,-13788,73,347,94
33905311,1324,-76,-13784,90,321,109
33910211,1208,-168,-13888,108,330,98
33915011,1316,-108,-13672,78,349,113
34005118,1316,-108,-13672,78,349,113
34017210,1416,-60,-13576,82,339,89
34019810,1416,-60,-13576,82,339,89
34024612,1408,-136,-13588,91,324,105
34029412,1340,36,-13688,85,327,101
34102110,1428,-180,-13748,110,352,96
34104710,1428,-180,-13748,110,352,96
34109512,1444,20,-13784,87,344,92
34115412,1380,-32,-13804,65,342,103
34120212,1376,-64,-13584,86,340,105
34125012,1316,-104,-13704,64,352,79
34129812,1440,-60,-13600,85,357,103
34134612,1368,-96,-13464,92,359,104
34139512,1276,-48,-13640,90,361,106
34145412,1368,-60,-13620,83,344,72
34150212,1352,-160,-13576,92,364,103
34155012,1276,-96,-13684,95,353,92
34159812,1260,-36,-13712,73,343,82
34277610,1304,-196,-13588,97,350,105
34280312,1304,-196,-13588,97,350,105
34285112,1332,-48,-13588,70,345,98
34290012,1376,-112,-13796,77,335,79
34294812,1440,0,-13688,78,353,119
34299612,1376,-12,-13660,91,336,89
34304412,1324,-96,-13648,80,343,101
34376812,1324,-64,-13688,85,338,99
34379612,1324,-64,-13688,85,338,99
34384412,1312,-24,-13736,77,341,104
34390312,1392,-96,-13788,79,344,92
34395112,1308,-120,-13748,72,341,94
34399912,1340,-160,-13656,74,356,72
34404812,1336,-120,-13592,93,327,91
34409612,1388,-200,-13736,105,354,86
34414412,1396,-172,-13612,95,329,103
34420312,1348,-140,-13668,84,354,83
34425112,1376,-8,-13572,69,343,86
34527710,1408,-12,-13668,89,362,82
34530512,1408,-12,-13668,89,362,82
34535312,1352,-192,-13580,84,324,97
34540112,1316,-136,-13712,77,329,84
34544912,1348,-268,-13760,80,351,103
34549712,1440,-52,-13564,98,361,95
34554512,1412,-108,-13692,94,337,78
34560412,1392,-132,-13988,84,343,82
34565212,1396,-212,-13604,81,361,108
34637612,1392,-48,-13684,73,338,91
34640212,1392,-48,-13684,73,338,91
34645112,1368,-192,-13776,70,358,103
34649912,1352,-88,-13672,77,335,87
34654712,1332,-124,-13904,104,305,114
34659512,1368,-136,-13608,66,353,98
34665412,1388,-96,-13668,83,387,114
34670212,1404,8,-13688,71,353,106
34675012,1472,-80,-13752,101,360,118
34764912,1472,-80,-13752,101,360,118
34769912,1428,-68,-13664,99,332,104
34774712,1320,-88,-13716,86,347,93
34779512,1324,-72,-13776,84,362,108
34785412,1364,-180,-13812,79,340,77
34790212,1440,-112,-13652,73,347,104
34795012,1216,-140,-13856,55,318,121
34799812,1224,-128,-13704,93,346,89
34804712,1308,-128,-13828,64,320,100
34809512,1324,-172,-13760,67,360,96
34815412,1396,-96,-13664,111,331,94
34888412,1288,-48,-13668,105,357,93
34890012,1288,-48,-13668,105,357,93
34894812,1428,0,-13740,53,353,106
34899612,1340,20,-13684,97,344,97
34904412,1496,-8,-13664,68,328,93
34910312,1372,-28,-13696,91,367,99
35002913,1316,-176,-13744,95,343,97
35016412,1400,-180,-13656,67,363,94
35020112,1400,-180,-13656,67,363,94
35024912,1444,-104,-13376,93,354,99
35029712,1588,-92,-13932,87,351,113
35034512,1520,-48,-13720,81,342,96
35040412,1292,12,-13528,119,316,92
35045212,1432,-60,-13716,70,370,103
35050012,1428,-96,-13612,62,352,92
35054912,1308,-8,-13744,112,326,91
35059712,1156,36,-13724,92,319,96
35064512,1328,24,-13648,67,379,80
35070412,1408,12,-13728,59,374,89
35075212,1360,44,-13784,115,313,83
35146412,1304,-168,-13792,96,357,105
35150512,1304,-168,-13792,96,357,105
35155312,1296,-248,-13832,92,337,104
35160112,1308,-220,-13840,100,323,105
35251210,1380,-40,-13720,87,323,106
35275410,1340,4,-13728,107,342,79
35280470,1508,-124,-13648,87,331,90
35285310,1448,-216,-13712,85,353,85
35290110,1364,-124,-13576,80,324,93
35294912,1344,-124,-13632,87,357,85
35299712,1364,-260,-13656,73,333,83
35304512,1376,-176,-13768,103,349,100
35309412,1264,-40,-13596,89,360,91
35315312,1300,-248,-13596,73,334,107
35320112,1340,-184,-13896,85,362,99
35324912,1400,-296,-13644,86,342,96
35329712,1292,-108,-13648,109,344,94
35334512,1420,-180,-13728,95,345,96
35340412,1392,-152,-13516,76,343,104
35345212,1352,-100,-13716,69,346,111
35418712,1412,-76,-13760,80,356,96
35420312,1412,-76,-13760,80,356,96
35512312,1380,-52,-13752,104,351,105
35525612,1424,-16,-13708,88,354,82
35530412,1380,16,-13680,85,330,104
35535212,1484,40,-13716,88,326,81
35540012,1424,0,-13624,93,354,95
35544812,1408,-116,-13648,72,339,114
35549712,1312,-84,-13664,87,342,127
35554512,1428,-4,-13628,76,331,116
35560412,1432,76,-13832,83,354,117
35565212,1392,16,-13772,92,347,102
35570012,1448,36,-13764,91,332,129
35574812,1468,32,-13652,83,332,114
35579612,1376,40,-13760,80,371,110
35584412,1364,20,-13748,91,381,77
35590412,1296,0,-13772,109,360,120
35595212,1364,-80,-13732,102,314,81
35600012,1324,-76,-13824,77,333,112
35690010,1324,-76,-13824,77,333,112
35764712,1468,-68,-13688,64,376,90
35769812,1376,-64,-13764,76,342,104
35774612,1420,-64,-13848,81,336,93
35779412,1344,-168,-13772,85,336,94
35785312,1404,-140,-13672,88,357,91
35790112,1432,-136,-13756,87,346,115
35794912,1360,-108,-13688,109,320,137
35799812,1460,-132,-13772,100,341,118
35804612,1388,-244,-13564,74,356,88
35809412,1320,8,-13592,93,329,109
35815312,1424,-160,-13800,95,315,117
35820112,1416,-116,-13704,73,351,120
35824912,1316,-68,-13704,57,363,123
35829712,1320,-156,-13696,89,331,97
35834512,1272,-20,-13800,79,358,105
35839412,1296,-88,-13772,88,343,129
35929210,1296,-88,-13772,88,343,129
35942812,1308,-92,-13744,90,332,78
35945512,1308,-92,-13744,90,332,78
35950312,1280,-104,-13736,78,345,96
36023310,1400,-76,-13628,66,348,117
36024910,1400,-76,-13628,66,348,117
36029912,1380,-64,-13752,84,363,114
36034712,1420,-88,-13764,81,331,127
36039512,1284,-108,-13692,70,336,123
36044412,1372,60,-13668,95,344,118
36050312,1336,-112,-13736,85,369,116
36055112,1324,-136,-13644,86,357,90
36059912,1312,-164,-13600,93,339,101
36064712,1328,4,-13688,66,342,90
36069512,1520,-64,-13560,98,348,96
36075412,1392,52,-13600,78,340,107
36080212,1432,-80,-13652,76,316,93
36085112,1384,-44,-13744,86,330,95
36089912,1304,-140,-13892,80,336,110
36180213,1304,-140,-13892,80,336,110
36185111,1344,-64,-13844,106,343,108
36189911,1476,-64,-13820,82,348,115
36194711,1320,-144,-13644,88,340,81
36199611,1348,-136,-13704,87,347,78
36296412,1336,60,-13784,83,358,112
36300312,1328,-44,-13716,84,347,105
36305112,1324,-116,-13644,85,328,78
36309912,1368,-180,-13936,102,344,92
36314712,1396,44,-13776,68,350,95
36319512,1368,-28,-13604,82,341,74
36325412,1324,-44,-13784,76,343,97
36330212,1384,-100,-13744,96,339,96
36335112,1384,-104,-13756,63,353,92
36339912,1388,-96,-13736,76,303,84
36344712,1452,-24,-13676,73,342,94
36349512,1384,-120,-13816,103,348,82
36442110,1420,-8,-13716,100,354,121
36455512,1348,-68,-13764,82,327,91
36460412,1416,36,-13648,90,314,86
36465312,1388,-24,-13780,60,337,94
36470112,1464,52,-13832,107,343,89
36474912,1304,-8,-13668,95,332,91
36479712,1460,-52,-13740,78,352,84
36484512,1404,-40,-13632,63,333,88
36556012,1300,-176,-13640,98,357,105
36559712,1352,-56,-13728,72,329,86
36564512,1300,-132,-13580,97,336,96
36570412,1468,-56,-13680,96,350,101
36575212,1448,-28,-13688,69,325,89
36580012,1392,24,-13548,95,342,92
36584812,1396,32,-13776,98,341,87
36589712,1284,76,-13760,105,346,91
36594512,1452,84,-13664,89,342,89
36600412,1364,-80,-13660,83,353,101
36690410,1364,-80,-13660,83,353,101
36695412,1324,-148,-13660,100,342,65
36700212,1364,-44,-13580,79,353,85
36705112,1420,-180,-13796,73,339,99
36709912,1328,-164,-13772,65,350,103
36714712,1320,-112,-13688,106,343,92
36719512,1292,-156,-13844,92,343,89
36725412,1444,-52,-13608,77,351,104
36730212,1260,-56,-13612,82,347,103
36735112,1460,-40,-13588,93,339,117
36807312,1448,-164,-13796,86,331,90
36810112,1448,-164,-13796,86,331,90
36814912,1368,-124,-13748,92,334,87
36819712,1352,-128,-13672,92,329,96
36824512,1336,-68,-13696,76,353,120
36830412,1412,-172,-13652,67,356,106
36835312,1420,-212,-13852,85,345,104
36927612,1416,-32,-13664,71,338,101
36941110,1412,-96,-13520,82,351,118
36944910,1344,-28,-13612,73,345,95
36949712,1364,-60,-13804,121,303,113
36954512,1448,60,-13732,132,359,116
36960412,1384,-40,-13656,77,287,122
36965312,1196,36,-13512,114,276,102
36970112,1372,-12,-13792,76,340,113
36974912,1296,-92,-13664,88,368,107
36979712,1460,40,-13660,85,317,115
36984512,1364,-8,-13668,91,334,113
36990412,1444,-4,-13660,64,357,101
36995212,1344,168,-13588,115,329,91
37067810,1368,-100,-13724,81,324,114
37070410,1368,-100,-13724,81,324,114
37075212,1372,-224,-13764,100,348,106
37080012,1296,-152,-13728,69,357,107
37084812,1268,-128,-13672,79,337,101
37177010,1328,-92,-13744,113,316,91
37179610,1396,-72,-13844,68,327,91
37184412,1468,40,-13736,64,358,110
37190312,1324,-136,-13624,68,341,111
37195112,1412,-48,-13696,96,292,111
37200012,1388,-120,-13620,73,332,122
37204812,1520,-36,-13824,93,330,122
37209612,1396,-72,-13808,84,330,113
37214412,1364,-12,-13636,62,351,103
37220312,1312,8,-13712,109,348,122
37225112,1332,-4,-13572,85,342,108
37229912,1344,-192,-13772,76,341,100
37234712,1304,-160,-13720,70,313,80
37239612,1288,-76,-13608,74,328,104
37244412,1216,-120,-13732,68,342,85
37341612,1392,4,-13692,71,335,115
37345412,1416,-56,-13756,78,363,101
37439110,1300,-40,-13840,87,338,100
37452512,1432,84,-13756,80,347,114
37455112,1432,84,-13756,80,347,114
37459912,1336,-88,-13552,69,336,110
37464712,1364,-60,-13768,94,331,97
37469512,1384,-84,-13768,72,345,112
37474412,1428,-112,-13604,84,335,100
37480312,1332,-88,-13748,97,350,99
37485112,1300,-12,-13772,75,337,92
37489912,1324,8,-13644,109,327,95
37494712,1332,-56,-13752,73,345,100
37499512,1272,-84,-13680,58,318,100
37505412,1372,-60,-13700,87,351,95
37510212,1392,-144,-13716,80,368,127
37515112,1364,-92,-13760,80,344,100
37519912,1328,-68,-13760,70,367,111
37524712,1396,-48,-13624,75,338,102
37616610,1400,-156,-13708,83,347,118
37691410,1348,-120,-13632,81,343,104
37695110,1356,-180,-13696,85,347,92
37699912,1288,-208,-13860,64,324,82
37704712,1356,-164,-13700,104,330,87
37709512,1444,-136,-13696,90,339,105
37715412,1420,-220,-13724,79,360,99
37720212,1400,-156,-13676,67,339,111
37725012,1296,-56,-13644,100,343,106
37729912,1372,-92,-13756,73,339,116
37734712,1384,-148,-13676,84,337,101
37739512,1304,-180,-13748,81,339,106
37745412,1328,-132,-13724,91,317,110
37750212,1388,-104,-13572,81,329,116
37755012,1376,28,-13824,52,340,98
37759812,1380,-4,-13792,97,343,105
37764612,1280,-80,-13704,86,336,113
37855510,1296,-44,-13828,80,336,107
37860410,1300,-112,-13856,81,327,122
37865312,1260,-152,-13724,85,344,110
37870112,1312,-48,-13792,76,348,85
37943511,1388,-108,-13556,80,342,95
37956821,1288,-60,-13608,83,344,120
37959513,1356,-136,-13712,54,352,96
37964612,1328,-140,-13844,84,331,120
37969772,1336,-80,-13672,76,367,120
37974912,1440,-60,-13680,69,339,118
37980012,1368,40,-13616,66,342,126
37985171,1452,-108,-13696,89,363,110
37990312,1420,8,-13600,63,352,87
37995412,1372,-116,-13748,83,352,100
38000572,1288,12,-13768,59,338,85
38004512,1448,60,-13748,82,327,80
38009712,1316,60,-13688,85,344,81
38014872,1304,-16,-13720,90,339,56
38020012,1316,8,-13748,97,330,138
38110110,1316,8,-13748,97,330,138
38115110,1180,-20,-13748,91,351,98
38119910,1268,52,-13672,51,332,96
38124710,1204,36,-13660,73,348,105
38129510,1324,-32,-13820,68,345,97
38200712,1300,-144,-13616,98,336,114
38204612,1400,-40,-13668,100,326,104
38209412,1288,-160,-13732,131,333,122
38215312,1336,-148,-13620,89,330,99
38220112,1348,-16,-13676,59,316,112
38224912,1284,-96,-13716,96,325,95
38229712,1336,-164,-13620,93,321,88
38234512,1432,-160,-13748,94,336,78
38240412,1332,-148,-13736,84,329,114
38245312,1328,-32,-13620,99,338,107
38250112,1380,-156,-13840,76,357,99
38254912,1400,-32,-13728,81,370,104
38370010,1388,-152,-13644,84,314,102
38375012,1380,-68,-13792,97,358,87
38379812,1348,-96,-13508,100,358,88
38384612,1312,-144,-13860,103,378,82
38389512,1384,-116,-13820,69,345,93
38395412,1316,-164,-13620,87,365,129
38400212,1316,-152,-13860,68,353,88
38405012,1344,-136,-13712,97,353,96
38478410,1440,20,-13640,69,344,113
38495412,1320,-108,-13648,87,327,100
38500212,1224,4,-13684,77,321,111
38505012,1308,40,-13732,95,341,111
38509812,1280,-72,-13672,65,346,100
38514612,1344,-164,-13772,68,361,96
38519412,1448,-124,-13652,79,346,119
38525312,1372,-104,-13620,89,349,105
38530112,1360,-160,-13640,97,346,89
38623410,1428,-16,-13544,94,313,106
38625012,1428,-16,-13544,94,313,106
38629812,1304,-68,-13804,93,349,112
38634612,1444,-60,-13660,87,358,129
38639412,1356,-64,-13584,100,316,81
38645312,1372,-48,-13592,101,328,109
38650112,1324,-144,-13672,103,325,88
38655012,1400,-88,-13720,62,345,98
38659812,1320,-56,-13656,103,322,101
38664612,1432,-4,-13780,89,357,106
38669412,1388,-80,-13752,106,337,83
38742110,1428,-112,-13728,55,359,99
38744710,1384,-40,-13680,90,366,111
38749512,1396,52,-13752,103,348,119
38755412,1368,-68,-13596,73,336,111
38760212,1476,-60,-13684,98,356,99
38765012,1444,-76,-13648,76,365,99
38769812,1364,-24,-13784,64,344,110
38861011,1388,-116,-13660,80,360,105
38864911,1344,-44,-13736,85,357,102
38869811,1508,-128,-13736,101,354,97
38874611,1304,-36,-13640,71,352,109
38879411,1424,-168,-13632,87,343,77
38885311,1364,-200,-13740,67,335,94
38890111,1308,-136,-13776,90,367,97
38894911,1356,4,-13620,87,347,97
38899711,1364,-168,-13768,90,352,120
38904511,1320,-252,-13656,87,358,110
38909411,1316,-152,-13684,95,346,73
38915311,1372,-56,-13616,82,326,82
38920111,1336,-32,-13668,93,314,114
38992812,1344,-68,-13580,82,339,97
39005110,1324,-76,-13756,92,337,109
39009910,1368,-72,-13728,103,323,114
39014812,1380,-12,-13828,99,334,111
39019612,1356,12,-13700,124,321,127
39109512,1356,12,-13700,124,321,127
39114512,1440,-24,-13584,87,331,100
39119412,1332,-80,-13788,68,366,108
39125312,1384,-72,-13644,96,324,123
39130112,1396,-32,-13660,94,340,123
39134912,1360,-20,-13684,87,341,117
39139712,1336,-16,-13500,93,359,106
39144512,1452,-160,-13812,87,361,115
39149412,1348,-92,-13708,87,364,110
39155312,1388,-100,-13704,98,343,111
39160112,1304,-68,-13804,71,338,88
39164912,1368,28,-13624,53,344,63
39169712,1372,-84,-13796,91,335,79
39174512,1428,-16,-13700,87,351,84
39180412,1380,40,-13516,69,319,91
39252710,1172,-60,-13620,61,328,110
39255310,1408,-180,-13684,72,318,104
39370812,1320,-116,-13708,103,343,94
39374612,1460,-88,-13576,94,355,102
39379512,1356,-116,-13616,112,320,98
39385412,1316,-208,-13752,48,347,61
39390212,1356,-188,-13668,90,340,91
39395012,1356,-148,-13732,108,366,75
39399812,1352,-172,-13740,100,337,61
39404612,1340,-136,-13692,124,317,70
39409412,1356,-88,-13832,93,339,70
39415312,1360,-112,-13832,67,344,84
39420212,1416,-156,-13792,115,342,97
39425012,1316,-196,-13692,78,339,97
39434812,1372,12,-13820,84,319,93
39439612,1352,-160,-13852,89,337,95
39444412,1324,-72,-13652,94,317,122
39450312,1380,8,-13660,55,329,116
39455112,1420,-132,-13696,93,340,85
39544512,1432,-112,-13688,84,329,92
39619612,1244,-16,-13836,92,341,75
39624612,1432,-132,-13736,81,363,85
39629412,1356,-40,-13636,102,316,77
39635312,1324,-156,-13696,68,336,108
39640112,1312,-112,-13700,73,362,78
39645012,1396,-164,-13872,76,370,75
39649812,1432,-84,-13756,76,339,98
39654612,1368,-36,-13684,92,329,93
39659412,1336,-64,-13632,69,342,100
39665312,1524,-96,-13712,99,361,93
39670112,1396,-104,-13692,108,336,91
39674912,1352,-56,-13756,96,353,107
39679712,1324,-80,-13708,75,376,124
39684612,1296,92,-13760,72,344,122
39689412,1316,-32,-13636,77,350,110
39783910,1424,-136,-13608,113,373,92
39785410,1424,-136,-13608,113,373,92
39790312,1420,-248,-13820,42,346,100
39795112,1284,-228,-13652,81,312,112
39800012,1400,-68,-13564,91,341,122
39872912,1332,-96,-13844,74,324,87
39874512,1280,-72,-13796,80,345,109
39880412,1372,-132,-13708,79,323,83
39885212,1300,-116,-13504,80,345,118
39890012,1416,-64,-13596,61,338,90
39894912,1324,-180,-13852,91,343,108
39899712,1324,-260,-13776,73,343,102
39904512,1468,-132,-13652,82,350,97
39910412,1432,-96,-13672,62,345,98
39915212,1364,-92,-13684,82,347,114
39920012,1308,-140,-13792,76,355,111
39924812,1356,-144,-13572,77,350,113
39934712,1336,-176,-13740,87,347,109
39939612,1332,-124,-13636,78,356,92
40030910,1428,-108,-13760,91,345,90
40034712,1328,-60,-13576,70,356,85
40039512,1380,-92,-13732,84,340,99
40045412,1428,-156,-13676,78,315,97
40050312,1408,-72,-13664,100,329,113
40055112,1272,12,-13704,95,354,113
40127812,1380,-64,-13728,81,349,96
40129412,1340,-68,-13852,104,329,99
40135312,1432,-108,-13676,80,323,94
40140112,1344,-112,-13612,84,340,90
40145012,1296,20,-13660,77,366,93
40149812,1404,-100,-13780,59,360,88
40154612,1344,32,-13788,77,323,118
40159412,1400,-44,-13760,82,365,100
40165312,1384,-132,-13764,75,357,135
40170112,1296,-116,-13740,64,362,108
40174912,1308,-84,-13684,66,342,97
40267712,1480,-160,-13660,84,330,90
40270513,1328,-156,-13564,86,336,104
40275312,1292,-88,-13548,106,359,123
40280112,1396,-92,-13612,97,343,105
40284912,1332,-104,-13524,77,338,94
40289712,1420,-8,-13760,67,336,89
40294512,1432,-172,-13608,93,349,102
40300412,1364,16,-13792,82,352,66
40305212,1460,4,-13636,76,334,80
40404812,1308,-144,-13708,83,327,104
40409812,1292,-96,-13660,99,340,101
40414612,1276,-72,-13740,73,339,112
40419412,1424,-172,-13576,81,350,95
40425312,1340,-100,-13704,83,354,112
40435212,1440,-116,-13516,71,339,105
40440112,1372,-48,-13616,92,339,115
40444912,1384,-84,-13696,67,341,82
40449812,1384,-100,-13672,75,338,85
40540610,1384,-140,-13712,81,361,92
40545410,1320,-172,-13724,84,342,117
40550312,1420,-52,-13744,66,357,100
40555112,1364,-16,-13728,86,343,79
40559912,1372,-92,-13676,81,328,89
40564712,1304,-216,-13648,94,337,90
40569512,1372,-44,-13644,80,357,105
40575412,1432,-80,-13740,84,387,101
40580212,1364,-80,-13612,94,361,89
40585012,1408,72,-13704,99,318,99
40589912,1320,-84,-13564,77,355,111
40662610,1436,-128,-13692,81,324,103
40665410,1404,-148,-13840,84,337,108
40670212,1364,-104,-13796,83,333,85
40675012,1272,-128,-13640,91,338,86
40679812,1468,-124,-13668,90,335,100
40684712,1360,-228,-13764,79,329,109
40778216,1328,-124,-13680,88,321,108
40779815,1264,36,-13776,70,316,85
40784712,1364,0,-13772,88,307,96
40789512,1392,-52,-13756,59,348,98
40795412,1424,-108,-13696,89,348,99
40800312,1316,-200,-13548,97,323,100
40805112,1400,-112,-13696,86,342,99
40809912,1336,-156,-13620,77,327,93
40814712,1372,-96,-13636,72,338,97
40819512,1460,-152,-13720,91,355,119
40825412,1292,-56,-13648,74,326,93
40830212,1348,-192,-13708,72,332,98
40835012,1380,-180,-13688,73,336,104
40839912,1324,-88,-13756,92,336,94
40912613,1452,-100,-13620,76,345,108
40915412,1380,-12,-13728,94,346,82
40920212,1336,-76,-13848,79,313,81
40925012,1364,-196,-13572,97,398,100
40945612,1412,-128,-13744,92,336,75
41038619,1412,-128,-13744,92,336,75
41040222,1448,-96,-13572,91,337,98
41045012,1368,-48,-13712,74,344,78
41049812,1424,-104,-13736,85,340,99
41054612,1452,-100,-13688,94,332,97
41059412,1336,-104,-13644,70,340,95
41065312,1300,-56,-13620,91,306,95
41070212,1404,-116,-13688,79,347,123
41075012,1424,-140,-13764,72,353,118
41079812,1372,-76,-13856,85,331,98
41084612,1320,-168,-13708,116,352,93
41089412,1432,-112,-13632,87,350,99
41095312,1412,-84,-13796,73,337,110
41100112,1384,-108,-13700,59,328,110
41104912,1264,-36,-13612,76,348,105
41182270,1312,-108,-13616,59,362,97
41184910,1372,-192,-13712,83,337,97
41189710,1364,-4,-13716,92,327,110
41280710,1388,-48,-13620,71,344,85
41284510,1380,-180,-13756,62,353,74
41289412,1304,-88,-13688,74,340,86
41295312,1360,-84,-13588,78,341,98
41300112,1380,-60,-13752,65,363,110
41304912,1372,-164,-13768,106,338,92
41309712,1388,-92,-13696,102,346,101
41314512,1328,40,-13628,91,343,89
41320412,1344,-88,-13832,80,347,110
41325212,1460,-88,-13736,110,342,92
41330112,1460,-56,-13856,84,338,110
41334912,1300,-100,-13664,57,347,117
41339712,1380,-68,-13768,76,355,94
41344512,1420,-112,-13800,83,334,105
41350412,1288,-144,-13684,81,316,100
41355212,1432,-124,-13532,83,349,101
41470212,1384,-172,-13624,99,337,139
41560612,1380,-152,-13648,75,344,108
41564612,1372,-112,-13852,73,353,82
41569412,1316,-136,-13572,94,358,115
41575312,1412,-180,-13660,90,339,89
41580112,1396,-216,-13800,86,356,93
41584912,1340,-124,-13840,58,357,87
41589712,1408,-8,-13880,85,328,88
41594612,1392,-8,-13948,91,332,108
41599412,1360,-68,-13768,100,350,118
41605312,1352,-124,-13628,56,344,95
41610112,1380,-124,-13660,65,317,86
41614912,1380,-128,-13644,70,322,113
41619712,1412,-92,-13772,80,339,120
41624512,1412,-120,-13768,62,357,88
41630412,1416,-128,-13752,79,330,86
41635312,1316,-68,-13724,72,330,92
41725312,1324,-4,-13688,89,359,105
41730212,1384,-188,-13752,90,341,88
41735012,1364,-68,-13692,90,358,94
41739912,1340,-84,-13684,70,329,91
41812412,1460,-100,-13624,84,341,114
41815212,1372,-56,-13580,77,320,111
41820012,1336,-128,-13700,68,323,106
41824812,1368,-40,-13720,79,322,98
41829612,1400,-88,-13672,94,358,97
41834412,1316,-136,-13676,85,343,96
41840312,1424,-24,-13584,95,320,94
41845112,1248,-132,-13708,105,324,103
41850012,1320,-128,-13488,102,355,127
41854812,1252,-96,-13716,98,349,77
41859612,1344,-48,-13680,68,359,108
41864412,1348,-92,-13844,65,326,98
41870312,1268,64,-13724,85,327,95
41963610,1304,-104,-13656,99,339,86
41987912,1440,-68,-13740,73,357,103
41989412,1380,-40,-13716,87,334,102
41995412,1352,-96,-13748,95,335,115
42000212,1376,-92,-13608,91,356,105
42005012,1368,-148,-13804,81,330,103
42009912,1276,-116,-13620,92,340,85
42082712,1440,16,-13764,90,345,103
42085512,1404,-88,-13792,90,361,85
42090412,1332,-16,-13732,74,362,103
42095212,1360,0,-13704,85,328,90
42100012,1324,-68,-13656,89,317,93
42104812,1344,-80,-13680,82,355,105
42109612,1428,-100,-13784,90,363,110
42114412,1428,-100,-13784,90,363,110
42120312,1476,-76,-13776,91,329,117
42125112,1332,-124,-13492,77,366,95
42130012,1332,-108,-13764,64,333,103
42134812,1400,-76,-13688,82,349,94
42224912,1360,-80,-13724,66,351,93
42230012,1316,-32,-13660,73,336,98
42234812,1356,-88,-13672,77,325,98
42239612,1336,-108,-13588,82,337,88
42244412,1336,-108,-13588,82,337,88
42250312,1396,-148,-13880,91,331,93
42255112,1332,-112,-13676,77,346,106
42260012,1376,8,-13820,84,347,89
42331812,1336,-60,-13720,75,345,94
42334412,1336,-60,-13720,75,345,94
42340312,1364,-28,-13680,98,336,115
42345112,1400,-92,-13720,68,373,106
42349912,1408,-128,-13520,78,332,118
42354812,1484,4,-13768,87,340,110
42359612,1332,-136,-13516,112,351,70
42364412,1332,-136,-13516,112,351,70
42370312,1400,-84,-13644,83,353,69
42485712,1364,-92,-13768,66,335,89
42500210,1420,-76,-13668,79,316,98
42505010,1348,-72,-13644,91,349,82
42509912,1400,-140,-13692,73,345,83
42514712,1400,-104,-13612,101,340,85
42519512,1400,-104,-13612,101,340,85
42525412,1376,-56,-13740,94,327,100
42530212,1292,-124,-13820,102,343,95
42535012,1416,28,-13680,90,338,116
42539912,1416,-16,-13772,79,319,85
42544712,1324,-64,-13664,114,323,102
42617210,1320,-136,-13760,104,359,98
42619810,1328,-96,-13796,85,334,97
42624712,1260,-96,-13840,90,358,75
42629512,1260,-96,-13840,90,358,75
42635412,1352,-32,-13704,56,345,88
42640212,1316,-164,-13812,93,338,90
42645012,1324,-100,-13608,100,318,71
42736110,1332,-80,-13704,73,341,87
42739810,1360,8,-13584,76,343,95
42744612,1360,8,-13584,76,343,95
42749412,1412,-32,-13736,73,323,99
42755312,1388,-88,-13712,92,345,103
42760212,1420,72,-13708,89,372,80
42765012,1324,-4,-13704,96,323,112
42769812,1308,-112,-13620,87,349,91
42774612,1308,-112,-13620,87,349,91
42779412,1400,-104,-13776,98,329,67
42785312,1288,-116,-13784,74,364,110
42790112,1352,-152,-13800,97,312,99
42794912,1304,-60,-13604,91,323,104
42866710,1372,-80,-13628,77,359,99
42869410,1372,-80,-13628,77,359,99
42875310,1316,-120,-13692,65,344,63
42880212,1452,-36,-13684,79,346,88
42972512,1340,-56,-13688,82,353,97
42996810,1288,-128,-13636,57,348,106
42999410,1288,-128,-13636,57,348,106
43005310,1424,-84,-13652,75,347,101
43010212,1492,-80,-13668,55,354,84
43015012,1472,-148,-13524,77,371,86
43019812,1472,-148,-13524,77,371,86
43024612,1312,-108,-13732,73,341,105
43029412,1376,-56,-13624,92,339,106
43035312,1276,-88,-13852,86,354,121
43040112,1468,-8,-13616,62,351,119
43044912,1364,-204,-13764,69,351,116
43049812,1364,-204,-13764,69,351,116
43054612,1208,-136,-13712,76,348,113
43059412,1328,-96,-13652,75,364,111
43065312,1300,-160,-13584,88,323,114
43138010,1336,-56,-13648,86,342,81
43139510,1336,-56,-13648,86,342,81
43232910,1260,-100,-13508,91,339,79
43234410,1260,-100,-13508,91,339,79
43240412,1404,-180,-13680,60,362,100
43245212,1368,-144,-13672,82,332,84
43250112,1380,-144,-13688,82,341,84
43254912,1380,-144,-13688,82,341,84
43259712,1432,-164,-13772,82,339,72
43264512,1368,-196,-13768,82,343,96
43270412,1380,-132,-13636,87,343,101
43275212,1360,-144,-13800,71,344,96
43280112,1384,-116,-13680,94,340,105
43284912,1384,-116,-13680,94,340,105
43289712,1348,-156,-13704,85,347,116
43294512,1432,-136,-13824,81,332,105
43300412,1364,-344,-13780,93,328,111
43305212,1320,-84,-13780,78,347,98
43398812,1384,-92,-13728,97,355,99
43400412,1328,-136,-13752,82,366,92
43498412,1448,-164,-13628,63,346,95
43513112,1348,-64,-13688,82,348,122
43514712,1348,-64,-13688,82,348,122
43519612,1444,28,-13728,57,346,106
43524412,1268,-144,-13772,66,344,110
43530312,1376,-112,-13632,85,331,84
43535112,1468,-72,-13656,96,340,98
43540012,1468,-72,-13656,96,340,98
43544812,1368,96,-13736,63,344,99
43549612,1324,8,-13736,78,357,103
43554412,1436,40,-13748,74,349,80
43560312,1344,-68,-13776,68,344,87
43565112,1344,-68,-13776,68,344,87
43569912,1412,-12,-13824,68,328,91
43574712,1388,-44,-13560,72,338,80
43579612,1296,-92,-13748,81,371,106
43584412,1360,-12,-13812,88,348,93
43674410,1396,-132,-13708,75,352,100
43679410,1380,-48,-13620,99,327,96
43685412,1284,-20,-13804,70,362,91
43757010,1392,-148,-13580,73,323,87
43759810,1392,-148,-13580,73,323,87
43764611,1316,-92,-13704,89,332,107
43769411,1396,-116,-13704,86,336,94
43775311,1332,-64,-13692,81,351,87
43780211,1332,-64,-13692,81,351,87
43785011,1300,-132,-13572,102,365,83
43789811,1276,-52,-13828,68,341,65
43794611,1356,24,-13628,105,342,107
43799411,1312,-144,-13796,79,333,86
43805311,1400,-108,-13772,81,339,84
43810111,1400,-108,-13772,81,339,84
43814911,1448,-68,-13672,81,346,101
43819811,1468,-72,-13552,67,333,108
43911113,1432,-112,-13676,80,329,97
43915012,1432,-112,-13676,80,329,97
43919812,1420,-148,-13708,85,340,96
43924612,1344,-136,-13524,92,316,82
43945211,1308,-92,-13768,73,357,98
43950111,1448,-92,-13712,64,351,115
44022610,1344,-96,-13760,90,344,94
44025210,1344,-96,-13760,90,344,94
44030012,1392,-68,-13700,86,341,103
44034812,1412,-16,-13728,77,349,102
44039612,1484,-40,-13700,67,359,83
44044412,1512,-92,-13680,102,336,89
44050312,1348,-44,-13652,71,323,83
44055112,1380,-40,-13744,92,330,87
44060012,1416,-96,-13772,72,333,102
44064812,1352,-76,-13660,74,327,91
44069612,1312,-52,-13720,89,343,115
44074412,1396,-16,-13508,87,357,94
44168112,1420,-140,-13772,89,347,105
44169612,1420,-140,-13772,89,347,105
44174512,1292,-32,-13740,91,340,94
44180412,1484,-76,-13472,84,334,90
44185312,1484,-76,-13472,84,334,90
44190112,1380,-44,-13744,73,352,94
44194912,1388,-112,-13728,86,344,93
44199712,1328,-56,-13716,87,351,87
44271612,1336,-108,-13720,105,352,82
44274412,1336,-108,-13720,105,352,82
44280412,1352,-44,-13736,95,343,72
44285212,1368,-68,-13612,72,357,86
44290012,1468,-120,-13808,83,339,87
44294812,1464,-52,-13820,85,338,87
44299612,1468,-120,-13608,71,333,97
44304412,1348,-96,-13676,79,350,110
44310312,1396,-92,-13720,72,358,97
44315112,1384,20,-13536,93,338,105
44405412,1384,20,-13536,93,338,105
44410312,1416,12,-13584,74,351,91
44415112,1440,-92,-13748,74,332,115
44420012,1412,-100,-13768,69,329,110
44424812,1384,-76,-13728,98,344,98
44445512,1360,-68,-13752,76,348,100
44450412,1344,12,-13688,59,360,94
44455312,1404,-68,-13828,70,338,98
44460112,1380,-80,-13756,71,356,118
44464912,1348,-108,-13744,100,339,89
44561212,1472,28,-13748,89,337,94
44565112,1472,28,-13748,89,337,94
44569912,1296,-80,-13772,73,329,113
44574712,1424,16,-13816,91,329,100
44579512,1452,-124,-13772,68,339,87
44584412,1296,-76,-13768,78,349,116
44590312,1352,-48,-13716,88,340,97
44595112,1336,-60,-13652,85,344,110
44686210,1360,8,-13692,69,344,82
44690012,1360,8,-13692,69,344,82
44694812,1312,28,-13700,84,355,82
44699712,1336,-120,-13704,79,361,97
44704512,1412,-88,-13828,93,336,105
44710412,1376,20,-13676,69,321,91
44715212,1352,-132,-13784,98,351,82
44720012,1384,-108,-13708,75,321,95
44724812,1368,-160,-13720,77,324,100
44729712,1376,-84,-13872,74,337,91
44734512,1320,-96,-13848,68,346,113
44740412,1476,28,-13712,74,348,94
44811610,1432,-40,-13784,88,330,69
44815312,1432,-40,-13784,88,330,69
44820112,1388,-72,-13524,85,336,62
44824912,1404,12,-13768,87,356,80
44829712,1360,-124,-13768,97,337,88
44921910,1280,44,-13588,77,342,111
44924618,1280,44,-13588,77,342,111
44941312,1332,-32,-13796,109,346,88
44945012,1332,-32,-13796,109,346,88
44949812,1308,-28,-13652,102,350,82
44954612,1324,-68,-13868,95,341,81
44959412,1396,-148,-13680,79,328,75
44965312,1372,-136,-13772,92,346,81
44970112,1404,-132,-13768,82,334,85
44974912,1444,-236,-13800,81,352,95
44979812,1384,-164,-13576,81,310,97
44984612,1460,-152,-13752,114,342,93
44989412,1352,-168,-13832,81,340,116
44995312,1400,-152,-13828,93,348,100
45000112,1428,-164,-13748,112,356,117
45072412,1460,-128,-13708,71,332,86
45075212,1460,-128,-13708,71,332,86
45080112,1452,-12,-13752,73,333,89
45084912,1436,-188,-13756,99,366,88
45174912,1436,-188,-13756,99,366,88
45180012,1460,-104,-13776,85,330,107
45184812,1324,-128,-13900,76,349,107
45189612,1376,-100,-13736,91,336,86
45194412,1328,-112,-13596,68,355,95
45200312,1380,-92,-13504,91,352,83
45205112,1392,-76,-13676,92,336,108
45210012,1384,-152,-13696,99,365,111
45214812,1444,-40,-13616,85,328,96
45219612,1396,-88,-13772,83,335,118
45224412,1240,-48,-13664,81,345,118
45230312,1340,20,-13876,72,333,99
45235112,1512,-12,-13692,79,345,120
45239912,1392,-112,-13636,77,345,97
45244712,1368,-36,-13664,62,343,116
45249612,1396,-192,-13732,83,361,105
45322310,1344,-176,-13688,94,331,85
45414712,1344,-176,-13688,94,331,85
45419612,1304,-68,-13676,58,349,89
45424512,1400,-84,-13700,62,373,92
45441512,1380,-116,-13736,75,358,100
45445212,1380,-116,-13736,75,358,100
45450012,1324,-48,-13732,90,324,93
45454812,1348,-64,-13612,109,316,84
45459612,1352,-160,-13736,71,349,113
45464412,1428,-124,-13880,78,363,116
45470312,1452,24,-13584,79,332,108
45475112,1248,-140,-13696,104,308,112
45480012,1420,-16,-13740,80,338,106
45484812,1288,-28,-13792,81,364,98
45489612,1368,-112,-13820,99,344,106
45494412,1432,12,-13788,87,330,99
45500312,1224,-40,-13636,72,332,84
45505112,1260,-96,-13772,81,337,90
45620212,1336,-204,-13664,98,354,112
45625212,1468,-192,-13772,33,324,119
45698113,1312,-4,-13820,85,322,94
45699712,1312,-4,-13820,85,322,94
45704512,1372,-48,-13648,111,418,107
45710412,1340,-40,-13640,39,337,86
45715212,1400,80,-13724,90,295,103
45720012,1384,-172,-13808,73,341,95
45724812,1388,-68,-13540,70,397,68
45729612,1440,40,-13608,88,314,87
45734512,1408,-112,-13696,99,339,101
45740412,1324,-112,-13616,68,348,114
45745212,1304,-80,-13672,82,318,91
45750012,1364,-20,-13664,77,345,108
45754812,1380,-32,-13676,66,334,102
45759612,1268,-96,-13824,113,326,101
45764412,1448,-92,-13716,96,366,98
45858010,1444,-16,-13896,100,360,92
45859610,1444,-16,-13896,100,360,92
45864612,1360,-192,-13504,72,364,94
45869412,1496,-84,-13708,65,319,86
45875312,1356,-44,-13772,86,329,107
45947212,1420,-100,-13808,70,347,67
45960610,1340,-36,-13548,95,337,105
45964510,1376,-148,-13844,82,336,101
45969412,1408,-164,-13652,71,334,72
45975312,1388,-60,-13696,115,339,95
45980112,1356,-172,-13760,76,351,103
45984912,1408,-76,-13688,102,335,96
45989712,1336,-128,-13712,91,332,88
45994512,1368,-144,-13564,79,381,100
46000412,1336,-92,-13716,73,339,108
46005212,1392,-60,-13836,78,336,92
46010112,1496,-72,-13728,73,339,110
46014912,1344,-80,-13700,88,330,104
46107210,1500,-124,-13796,83,342,88
46109810,1500,-124,-13796,83,342,88
46114612,1276,-148,-13672,83,359,81
46119412,1392,-104,-13616,67,340,89
46125312,1364,-76,-13768,72,334,102
46130112,1432,-188,-13680,77,345,114
46134912,1408,-84,-13688,100,322,126
46208012,1488,-68,-13660,73,353,82
46209612,1488,-68,-13660,73,353,82
46214412,1372,-96,-13572,77,336,94
46220312,1352,-136,-13668,106,324,80
46225112,1412,-108,-13692,105,357,93
46229912,1372,-164,-13672,71,349,99
46234712,1380,-32,-13644,79,336,107
46239512,1400,-56,-13684,84,335,105
46245412,1344,-108,-13696,63,364,121
46250312,1344,-196,-13500,95,349,98
46255112,1324,-160,-13732,81,354,89
46345322,1324,-160,-13732,81,354,89
46350412,1372,-128,-13704,81,338,96
46355212,1488,-124,-13744,90,343,81
46360112,1376,-104,-13812,79,347,104
46364912,1356,-20,-13640,79,325,94
46369712,1392,-56,-13596,79,334,96
46374512,1392,-220,-13544,80,337,119
46380412,1448,-108,-13764,81,351,106
46385212,1376,-112,-13780,80,334,106
46458310,1452,-32,-13796,80,356,101
46471621,1316,-104,-13568,87,345,96
46475413,1316,-104,-13568,87,345,96
46480212,1356,-136,-13640,80,355,105
46485012,1348,-52,-13616,66,328,85
46489812,1396,-84,-13620,97,347,103
46494612,1412,44,-13700,65,339,110
46499412,1456,-36,-13756,100,340,89
46505312,1356,-188,-13716,79,347,101
46619512,1352,-204,-13724,72,352,92
46624612,1440,-64,-13700,83,335,100
46629412,1344,-52,-13844,72,338,110
46635312,1344,-128,-13612,103,343,98
46640112,1376,-64,-13644,69,342,117
46644912,1384,-116,-13692,104,334,122
46649712,1384,-92,-13688,91,363,90
46654612,1372,-164,-13824,55,335,104
46659412,1408,-96,-13728,81,338,105
46665312,1352,-72,-13768,101,323,92
46670112,1352,-108,-13756,95,302,96
46742910,1344,-152,-13616,75,346,102
46744410,1344,-152,-13616,75,346,102
46750412,1332,-176,-13680,88,355,108
46755212,1344,-8,-13744,69,357,106
46760112,1484,-100,-13732,111,329,97
46764912,1392,-40,-13676,66,351,122
46855212,1332,-44,-13552,83,353,82
46860368,1304,-84,-13744,83,345,97
46865212,1352,-80,-13684,76,346,94
46870012,1356,-76,-13760,107,321,97
46874812,1292,-212,-13712,83,331,83
46879612,1376,-32,-13768,103,352,104
46884412,1480,-88,-13700,81,356,100
46890412,1440,-156,-13604,64,331,105
46895212,1448,-148,-13792,90,344,109
46900012,1444,-124,-13648,77,323,71
46904812,1340,-76,-13672,65,328,96
46909612,1388,-36,-13740,86,348,105
46914412,1180,-148,-13688,86,355,100
46920312,1400,-108,-13668,71,347,89
46993210,1408,-132,-13720,97,352,103
47010310,1424,-144,-13572,70,352,89
47015110,1432,-144,-13668,78,335,87
47108710,1388,-44,-13720,90,363,99
47110210,1388,-44,-13720,90,363,99
47115112,1320,-96,-13716,67,362,102
47119912,1396,-76,-13792,106,315,88
47124812,1416,-104,-13796,86,324,108
47129612,1356,-56,-13812,91,362,133
47134412,1272,-84,-13572,85,348,95
47140312,1364,-184,-13688,78,339,100
47145112,1376,-184,-13736,76,325,95
47149912,1452,-140,-13600,87,334,104
47154812,1336,-164,-13696,90,331,112
47159612,1272,-112,-13624,94,361,82
47164412,1308,-68,-13712,78,354,99
47170312,1380,-204,-13640,86,325,100
47175112,1420,-116,-13600,102,342,101
47179912,1424,-184,-13764,87,358,99
47184712,1412,-60,-13656,84,341,96
47350910,1404,-88,-13684,112,335,95
47354810,1320,-40,-13740,85,335,97
47359712,1396,-24,-13620,109,322,90
47364512,1292,-56,-13688,91,334,88
47370412,1404,-144,-13688,95,324,97
47375212,1340,-76,-13724,82,362,77
47380012,1368,-16,-13636,94,352,78
47384812,1320,-80,-13772,113,334,76
47389612,1344,-40,-13620,73,337,96
47394412,1352,104,-13672,86,363,88
47400412,1364,28,-13620,72,366,95
47405212,1260,-112,-13616,77,339,100
47410012,1424,-96,-13700,81,328,78
47414812,1308,0,-13732,72,342,113
47419612,1364,-172,-13808,86,354,104
47424412,1468,-100,-13704,68,330,81
47441312,1460,-128,-13760,70,358,122
47533212,1340,-60,-13632,92,348,83
47534712,1340,-60,-13632,92,348,83
47539612,1404,-32,-13616,94,387,118
47635610,1332,-100,-13700,105,321,80
47639512,1244,-100,-13616,96,353,100
47645412,1296,-24,-13732,84,373,95
47650212,1392,0,-13940,95,340,66
47655012,1288,64,-13856,93,299,71
47659812,1228,36,-13792,94,332,116
47664612,1276,80,-13832,91,330,74
47669412,1228,-4,-13572,99,339,80
47675312,1328,-100,-13484,106,332,43
47680212,1296,48,-14116,106,317,70
47685012,1436,-144,-13476,67,345,58
47689812,1452,-136,-13576,102,335,71
47694612,1600,-116,-13680,82,340,80
47699412,1548,-60,-13472,75,356,71
47793810,1516,-112,-13680,20,355,64
47795310,1516,-112,-13680,20,355,64
47800212,1440,20,-13472,78,346,78
47805012,1592,-92,-13752,125,351,80
47809912,1504,-8,-13676,68,300,90
47814712,1400,-20,-13648,95,335,87
47886312,1432,-132,-13820,68,345,91
47890368,1516,-164,-13612,95,337,87
47895212,1356,-108,-13648,107,365,96
47900012,1352,-80,-13876,98,327,81
47904812,1392,-124,-13648,84,342,87
47909612,1392,-12,-13684,78,349,80
47914412,1256,-148,-13724,104,346,95
47920412,1272,-108,-13704,88,330,122
47925212,1288,-132,-13772,99,320,85
47935012,1328,-60,-13728,83,368,88
47939969,1352,-128,-13836,80,368,103
47944812,1340,-44,-13804,53,319,96
47949612,1372,-92,-13680,91,334,83
48040010,1372,-92,-13680,91,334,83
48045012,1384,-200,-13820,86,339,85
48049812,1828,-332,-13828,95,275,104
48054712,1444,60,-12424,-233,229,80
48059512,1040,8,-12300,-315,218,87
48065412,1508,1040,-15940,309,174,89
48070212,1292,348,-18140,923,-204,144
48143112,1180,276,-13836,90,-260,114
48144712,1180,276,-13836,90,-260,114
48149512,768,-232,-12528,22,381,101
48155412,1356,76,-14268,-91,456,108
48160212,1624,140,-14120,-68,500,69
48165012,1692,16,-13948,387,96,69
48169812,1392,-268,-12952,-12,55,93
48174612,1120,-280,-13604,-70,498,54
48179512,1584,-116,-14408,118,446,80
48185412,1732,-68,-14136,82,327,34
48277710,1548,64,-13500,79,326,129
48280310,1548,64,-13500,79,326,129
48285212,1584,76,-13820,98,325,93
48290012,1396,128,-13696,94,315,99
48294812,1416,24,-13680,90,351,88
48299612,1416,-72,-13772,86,362,75
48304412,1320,0,-13700,79,353,48
48310312,1268,-36,-13896,90,377,64
48315112,1236,-56,-13808,79,347,37
48319912,1200,-160,-13792,95,317,33
48391812,1376,-12,-13624,103,359,142
48394412,1340,140,-13752,89,348,122
48400312,1264,-12,-13692,68,375,112
48405212,1200,132,-13676,58,375,104
48410012,1300,160,-13684,85,355,80
48414812,1136,96,-13788,62,320,81
48419612,1204,196,-13712,70,316,43
48424412,1172,-60,-13960,165,228,110
48527912,1288,-28,-13872,86,320,69
48529668,1288,-28,-13872,86,320,69
48534512,1276,-132,-13488,94,324,82
48540412,1540,-44,-13776,67,347,84
48545212,1528,-188,-13664,55,350,54
48550012,1324,-32,-13764,32,355,69
48554812,1424,-176,-13584,94,407,41
48559712,1524,-32,-13684,77,388,75
48564512,1448,-100,-13716,57,371,67
48570412,1456,-92,-13780,60,349,86
48575212,1284,4,-13660,74,390,87
48580012,1352,-140,-13736,95,356,84
48675810,1244,-152,-13576,74,352,71
48679712,1216,-196,-13648,92,327,56
48684512,1256,-184,-13672,81,307,76
48690412,1216,-152,-13792,46,349,77
48695212,1352,-188,-13668,82,351,90
48788912,2140,140,-11268,610,611,141
48790512,2140,140,-11268,610,611,141
48794412,2680,-804,-18112,759,-912,212
48800312,576,-4,-12272,-398,-121,42
48805112,884,132,-11864,268,1254,24
48809912,1360,-656,-15472,-290,1322,59
48814712,1916,-248,-13140,-376,528,124
48819612,1660,-16,-14352,591,-123,165
48824412,1480,-456,-14456,347,4,105
48830312,892,-672,-12280,-455,884,87
48835112,1140,-276,-12332,81,838,129
48839912,1860,-192,-16940,256,119,173
48844712,972,-196,-13480,-40,-124,133
48849512,808,-76,-11364,77,823,120
48855412,1232,-680,-13852,-84,415,118
48930012,1140,264,-12608,229,374,110
48947210,1088,-16,-12936,-84,443,75
48949810,948,100,-14308,50,354,98
48954610,1884,416,-13356,-59,84,68
49043813,-440,1756,-10820,-469,-1303,131
49045416,-440,1756,-10820,-469,-1303,131
49050311,2164,1424,-28136,1307,-32,248
49055111,308,-288,-1304,-1474,111,-14
49059911,904,88,-21168,1182,1694,248
49064711,2212,-588,-13436,284,216,172
49069611,1480,208,-11768,-265,-600,117
49074411,816,-440,-15056,188,1101,107
49080311,2016,-200,-13080,230,203,73
49085111,1744,360,-13068,-367,514,133
49089911,1652,-136,-14664,655,446,158
49094711,1632,36,-13792,-104,-129,150
49099511,1092,-20,-12704,113,615,124
49105411,1556,20,-14888,264,421,139
49110311,1352,-80,-12876,-177,337,137
49115111,1216,40,-14532,468,231,161
49190612,996,-696,-7476,820,-485,116
49194513,1060,460,-13728,77,339,86
49284812,1060,460,-13728,77,339,86
49289812,1376,32,-12772,145,448,78
49294612,1328,88,-15220,25,285,124
49299512,720,-84,-12624,24,305,79
49305412,872,-92,-14628,115,268,46
49310212,1072,-364,-13576,91,429,39
49315012,1220,-260,-13324,-64,339,31
49319812,1132,-388,-14020,73,332,49
49324612,1200,-240,-13936,186,228,49
49329512,1300,-468,-13468,57,316,41
49335412,1364,-332,-13792,30,395,55
49340212,1492,-420,-13644,85,426,77
49345012,1584,-404,-13772,135,279,106
49349812,1544,-268,-13640,115,306,104
49354612,1456,-324,-13528,86,342,116
49359412,1564,-252,-14032,83,422,140
49450612,2052,-44,-13232,239,468,134
49463010,832,-160,-10044,-563,348,76
49538410,1860,356,-14796,281,85,91
49540012,1860,356,-14796,281,85,91
49544812,1092,-168,-12808,-116,301,97
49549712,1052,280,-14140,180,440,47
49554512,1524,76,-13648,-30,662,53
49560412,1456,140,-13612,149,180,66
49565212,1200,104,-13724,152,238,93
49570012,1032,-60,-13488,-49,503,80
49574812,1324,224,-14276,117,356,81
49579712,1452,132,-13452,-48,398,66
49584512,1228,-28,-13800,111,331,68
49590412,1440,-76,-13956,37,303,95
49595212,1400,-56,-13256,29,404,99
49600012,1724,68,-14232,150,334,108
49604812,1208,-896,-12012,57,356,133
49609612,1384,340,-15904,-320,-302,56
49726912,1380,-68,-13772,75,371,126
49729612,1440,40,-13836,77,357,111
49734412,960,-52,-11684,509,267,120
49740412,1392,1064,-14192,-689,-1420,48
49813310,1424,-236,-10644,467,-130,85
49814810,1424,-236,-10644,467,-130,85
49819712,1284,56,-15288,-384,265,67
49824512,820,-408,-12060,-116,726,68
49829412,1888,660,-16732,433,119,72
49835312,1212,-248,-10988,212,391,157
49840112,1092,-80,-14964,-281,137,100
49844912,1236,-296,-13304,200,590,91
49849712,1736,-16,-13736,158,226,118
49854512,1528,-100,-13620,5,334,130
49859412,1228,-144,-13960,128,143,77
49865312,1336,-184,-13476,86,554,92
49870112,1608,-120,-13952,17,291,100
49874912,920,808,-16296,464,-1295,204
49963812,1460,-1208,-15272,2575,2424,390
49988110,1984,-444,-20888,565,1526,253
49989610,2332,-176,-11612,550,-1021,314
49994710,1164,860,-12544,-35,-43,68
49999510,532,-632,-14960,-316,697,64
50005410,1476,172,-13616,-162,1046,38
50081010,1004,-192,-13456,87,96,140
50084710,1140,-112,-14300,25,339,104
50089512,1236,-132,-13452,72,556,72
50095412,1392,-12,-13696,36,348,119
50100212,1180,-92,-13916,143,110,97
50105012,1124,-252,-13620,64,375,93
50109812,1292,-96,-13824,-29,418,76
50114612,1576,-60,-13568,64,456,65
50119512,1408,-164,-13712,116,226,68
50125412,1264,-168,-13556,78,191,100
50130212,1292,-68,-13616,64,448,91
50135012,1612,-76,-13984,41,411,71
50226912,1860,-88,-13548,299,35,86
50229713,1884,484,-14928,358,969,170
50234512,276,-1628,-6812,724,500,192
50240412,1508,-52,-20848,-634,-1349,178
50245212,1332,168,-10764,457,1107,87
50250012,1060,-372,-12176,-995,1663,10
50254912,1644,-544,-14276,580,935,233
50259712,1916,-364,-15812,767,-1182,245
50333712,1108,-160,-13168,-65,396,65
50335312,1108,-160,-13168,-65,396,65
50340112,1552,112,-14232,132,614,39
50344912,1432,32,-13928,120,236,73
50349712,1176,72,-13744,106,218,94
50354512,1116,-12,-13464,20,546,69
50360412,1364,-24,-13956,108,360,56
50365212,1452,12,-13456,119,258,87
50370012,1160,-100,-13760,60,307,87
50374912,1208,-120,-13740,109,327,78
50466112,1448,-124,-12692,243,-14,120
50479521,1324,-216,-13184,-17,406,64
50484412,1372,-304,-13284,91,424,88
50490312,1608,-340,-13988,73,315,117
50495112,1380,-232,-13992,91,280,91
50499912,1144,-284,-13620,88,452,96
50504712,1272,-300,-13836,10,462,111
50509512,1324,-140,-13744,85,310,111
50515412,1224,-180,-13680,80,318,120
50520312,1288,-264,-13848,77,416,109
50593610,1268,12,-13752,-88,370,71
50595212,1268,12,-13752,-88,370,71
50600012,1144,-164,-12968,-117,766,73
50604812,1828,360,-13652,-3,564,114
50609612,1584,160,-16572,402,730,158
50614412,972,-572,-10156,418,133,134
50620312,1160,-480,-14540,-539,697,63
50625112,1300,-452,-13272,272,850,113
50740612,1316,68,-13768,2,421,97
50744513,1448,-16,-13580,81,413,113
50749412,1576,56,-13580,69,283,115
50755312,1524,24,-13632,103,311,126
50760112,1488,-24,-13928,37,394,114
50764912,1624,-704,-12220,263,174,141
50769712,1556,268,-15008,-188,-420,98
50774512,1264,592,-14164,-97,712,120
50780412,1652,-192,-12588,605,435,132
50785212,1484,204,-14176,-368,-132,117
50790112,1076,0,-13412,209,526,118
50794912,1776,52,-14192,98,275,81
50868412,760,-344,-11876,-354,396,130
50869912,1244,-144,-12876,-75,739,145
50874812,2088,116,-16632,258,-60,173
50879612,1568,28,-12096,383,-76,157
50884412,1072,-328,-13092,54,623,150
50978910,1568,-56,-13496,59,433,151
50992112,1304,-128,-13580,159,255,165
50994712,948,-136,-13896,101,344,158
50999612,1716,608,-16196,32,697,162
51004412,600,-1108,-7500,318,470,160
51010312,1844,768,-20932,164,-636,183
51015112,252,-504,-9404,-417,680,72
51019912,1688,1056,-14152,759,650,150
51024712,1452,-708,-15596,-619,220,99
51029512,1232,620,-11988,478,-33,59
51035412,1332,-8,-13268,176,768,54
51040312,1712,-140,-15144,-145,-33,51
51045112,1164,44,-12964,173,494,25
51049912,1568,-220,-13468,84,367,28
51054712,1840,-76,-14176,181,333,72
51128912,1524,-320,-14072,53,339,96
51130512,1524,-320,-14072,53,339,96
51135312,1076,68,-12776,31,99,61
51140212,1632,124,-13188,123,442,222
51230210,1632,124,-13188,123,442,222
51235212,1664,40,-13660,-74,368,191
51240012,1256,68,-13920,165,309,154
51244812,1312,-128,-13144,94,475,153
51249612,1152,8,-14100,66,356,127
51254412,1080,-148,-13448,119,324,68
51260312,1016,-268,-14048,42,378,66
51265112,800,-244,-13628,98,345,36
51269912,928,-308,-13688,86,371,3
51274812,980,-432,-13992,72,329,8
51279612,1008,-460,-13892,38,239,-27
51284412,952,-476,-13848,114,351,-49
51290312,1252,-372,-13580,87,54,-16
51295112,1696,-1204,-16452,358,791,85
51299912,1140,-1528,-7568,852,231,122
51304712,1256,-976,-21472,-318,-332,115
51377810,1668,-528,-16360,251,-214,302
51470312,1232,-192,-13320,430,-86,236
51483912,1072,0,-12996,-10,214,132
51485412,1072,0,-12996,-10,214,132
51490212,1244,-36,-13336,375,327,154
51495012,1320,108,-14136,134,202,122
51499812,840,264,-13948,-6,374,45
51504612,1016,76,-13604,111,407,28
51509512,1188,188,-13648,82,460,47
51515412,1256,120,-13752,99,194,15
51520212,1160,88,-13904,133,285,5
51525012,1196,144,-13520,27,393,4
51529812,1396,180,-14076,37,377,3
51534612,1484,132,-13396,67,332,7
51539412,1584,-4,-13784,78,315,48
51545312,1636,40,-13444,69,315,48
51550212,1668,40,-13640,53,351,69
51555012,1752,-8,-13660,56,354,100
51648410,1420,-340,-13668,73,351,33
51649910,1468,-180,-13816,39,428,80
51747510,1400,-284,-13732,70,383,39
51750210,1340,-180,-13656,97,354,33
51755112,1304,-228,-13796,110,344,52
51759912,1304,-248,-13732,109,336,63
51764812,1300,-376,-13748,86,337,35
51769612,1296,-316,-13604,58,360,63
51774412,1308,-368,-13860,67,342,86
51780312,1196,-384,-13728,90,309,112
51785112,1236,-412,-13764,96,341,115
51789912,1360,-308,-13736,63,347,126
51794812,1356,-264,-13652,72,340,133
51799612,1372,-160,-13904,69,311,151
51804412,1352,-192,-13604,78,323,167
51810312,1496,-144,-13600,80,330,153
51815112,1436,-80,-13708,46,340,159
51819912,1440,16,-13624,84,339,130
51911010,1504,-340,-13616,82,358,112
51914912,1372,-360,-13628,80,360,124
51919712,1360,-424,-13708,100,352,130
51924512,1328,-280,-13876,81,332,153
52010810,1464,8,-13648,85,336,81
52014510,1364,-8,-13808,96,352,83
52020412,1388,32,-13820,91,331,108
52025212,1312,12,-13712,109,310,112
52030012,1412,-116,-13776,93,359,114
52034812,1332,-216,-13624,71,343,121
52039612,1196,80,-12832,116,349,143
52044412,1908,-1252,-15708,306,470,162
52050412,996,100,-10476,153,86,154
52055212,1264,4,-15520,-292,619,104
52060012,1448,-564,-14304,309,539,115
52064812,1648,292,-12460,250,64,106
52069612,1152,-576,-13916,-158,461,123
52161810,1340,80,-13824,50,362,124
52164410,1328,120,-13840,102,344,124
52170312,1400,12,-13564,102,309,105
52175112,1304,0,-13652,61,387,103
52179912,1392,84,-13840,83,320,103
52184712,1312,76,-13704,100,300,98
52189512,1276,12,-13660,101,332,107
52262112,1252,-168,-13636,99,367,118
52264912,1356,-248,-13660,59,344,104
52269812,1372,-120,-13672,109,321,129
52274612,1392,-196,-13768,104,323,132
52279412,1304,-20,-13596,69,350,108
52285312,1324,-40,-13520,80,355,103
52290112,1296,-96,-13716,93,341,106
52294912,1292,48,-13544,78,344,111
52299712,1372,8,-13880,73,344,111
52304512,1420,120,-13592,97,350,81
52309412,1352,-148,-13712,85,334,130
52399110,1352,-148,-13712,85,334,130
52400712,1216,-120,-13572,79,338,118
52404512,1364,-236,-13800,75,346,152
52410412,1388,-212,-13752,96,331,121
52415312,1320,-196,-13788,91,344,126
52420112,1388,-120,-13700,84,349,109
52424912,1284,-20,-13672,77,341,107
52434912,1360,84,-13760,75,339,79
52439812,1376,-96,-13812,100,355,82
52513212,1276,-44,-13612,84,329,89
52514813,1348,-60,-13656,82,349,109
52519812,1368,-128,-13672,80,341,119
52524612,1276,-104,-13688,90,332,78
52529412,1284,-16,-13680,70,329,97
52535412,1244,-92,-13572,81,356,97
52540212,1440,-60,-13620,86,326,117
52545012,1352,-56,-13740,95,344,87
52549812,1220,48,-13848,88,333,120
52554612,1228,-164,-13624,66,324,93
52647910,1440,-40,-13696,74,330,101
52649510,1284,-28,-13660,87,314,95
52654512,1380,16,-13668,60,352,93
52660412,1292,20,-13796,67,341,109
52665212,1340,20,-13692,66,326,104
52670012,1360,-8,-13664,95,316,106
52674812,1324,-44,-13660,67,352,106
52679712,1348,-84,-13608,88,355,98
52684512,1440,64,-13744,81,343,99
52690412,1324,4,-13668,80,357,87
52785813,1524,-108,-13800,50,376,95
52789713,1432,36,-13856,79,322,92
52794512,1384,-116,-13700,97,344,107
52799412,1384,-116,-13700,97,344,107
52805312,1408,8,-13756,81,355,94
52810112,1428,12,-13716,76,351,111
52814912,1224,-176,-13732,90,331,97
52908511,1324,-116,-12784,118,340,107
52910111,1676,-336,-16404,304,587,111
52915111,1348,188,-9392,903,440,128
52919911,2264,-576,-17440,-526,245,105
52924711,552,-432,-11844,152,575,75
52934612,1492,-388,-13332,-221,402,90
52939512,1492,-388,-13332,-221,402,90
52945412,1168,-396,-13148,110,267,92
52950312,1152,-88,-14324,14,325,67
52955112,1384,-228,-12712,21,689,100
52959912,1400,16,-14200,-19,111,108
52964712,1296,-100,-13572,249,223,110
52969512,1296,-100,-13572,249,223,110
53043212,1536,-40,-14020,102,353,102
53044812,1476,112,-13280,-23,325,110
53049612,1216,-144,-13928,197,220,111
53054412,1216,-144,-13928,197,220,111
53060312,1280,52,-13324,50,402,80
53065212,1540,-20,-14080,61,439,85
53155612,1136,-112,-14476,-423,551,90
53159712,1272,-240,-13552,-57,627,84
53164512,1272,-240,-13552,-57,627,84
53170412,1536,-272,-14084,129,129,119
53175212,1304,4,-13600,-7,407,99
53180012,1192,-168,-13320,-110,646,86
53184812,1480,116,-14472,147,208,102
53189712,1416,-124,-13240,227,283,125
53194512,1416,-124,-13240,227,283,125
53200412,1524,-396,-14088,352,816,111
53205212,1528,44,-12160,-186,-56,66
53210012,1268,-112,-15024,50,777,104
53214812,1372,-284,-12668,239,237,65
53219612,1372,-284,-12668,239,237,65
53295212,1236,-132,-13732,87,340,94
53300112,1308,-76,-13556,89,358,104
53305012,1352,-80,-13828,84,359,112
53396010,1264,-104,-13712,64,352,92
53399712,1264,-104,-13712,64,352,92
53404512,1468,12,-13772,83,325,101
53410412,1416,-68,-13848,92,350,93
53415212,1292,-128,-13572,86,365,102
53420012,1300,-60,-13652,69,340,105
53424812,1452,-44,-13708,60,338,117
53434712,1384,-144,-13624,72,358,96
53439512,1340,-8,-13752,101,362,91
53445412,1344,-200,-13788,67,337,85
53450212,1368,-144,-13588,81,359,87
53455112,1348,-136,-13720,83,345,89
53459912,1348,-16,-13740,67,359,98
53464712,1348,-16,-13740,67,359,98
53469512,1324,-172,-13724,55,341,88
53475412,1348,-148,-13684,78,325,100
53480212,1372,-64,-13724,77,342,120
53645821,1456,-96,-13608,68,342,101
53649912,1344,-52,-13740,72,356,96
53654712,1344,-52,-13740,72,356,96
53659512,1416,-44,-13668,73,345,81
53665412,1368,-76,-13756,95,344,113
53670212,1372,-48,-13668,50,351,103
53675012,1444,-64,-13796,86,349,87
53679912,1256,-100,-13772,91,329,100
53684712,1256,-100,-13772,91,329,100
53689512,1328,32,-13664,75,355,102
53695412,1416,8,-13656,77,320,69
53700212,1292,-132,-13884,99,333,109
53705012,1332,8,-13640,71,348,96
53709812,1332,8,-13640,71,348,96
53714612,1616,180,-13640,152,190,111
53719512,1572,420,-13952,315,714,133
53836113,1652,140,-13492,394,71,134
53839912,1652,140,-13492,394,71,134
53844712,1124,-248,-13024,1,194,112
53849512,1432,-152,-14364,39,488,89
53921411,1260,-88,-13572,94,428,122
53925311,1420,-176,-14204,9,286,99
53938810,1636,-236,-13648,89,506,122
53940310,1244,72,-13996,-6,143,128
53945212,1304,-228,-13388,109,415,121
53950012,1228,-52,-14064,60,372,114
53954812,1228,-52,-14064,60,372,114
53959712,1488,20,-13524,112,378,110
53964512,1416,-20,-13916,66,343,131
53970412,1196,36,-13420,135,391,96
53975212,1544,-76,-13932,134,369,88
53980012,1544,-76,-13932,134,369,88
53984812,1380,52,-13712,33,195,75
53989612,1200,-68,-13736,76,352,85
53994412,1420,-116,-13880,31,404,68
54085610,972,436,-11712,21,27,67
54089412,972,436,-11712,21,27,67
54095312,352,-484,-14144,309,805,57
54100112,1456,-312,-9948,761,778,85
54104912,1456,-312,-9948,761,778,85
54176812,1388,-20,-13948,132,316,115
54179612,1388,-20,-13948,132,316,115
54184512,1144,-212,-13612,190,206,113
54190412,1356,-136,-13756,6,405,78
54195212,1456,-172,-13908,99,315,76
54200012,1456,-172,-13908,99,315,76
54204812,1260,-232,-13440,71,325,88
54209612,1372,-204,-13656,86,369,65
54214412,1484,-264,-13672,78,342,85
54220312,1304,-104,-13648,84,346,51
54225212,1332,-160,-13792,54,366,61
54230012,1332,-160,-13792,54,366,61
54322310,1316,596,-13696,222,533,50
54325179,1712,-176,-13688,230,394,118
54330010,1712,-176,-13688,230,394,118
54334810,1284,-168,-14176,249,-181,79
54339612,928,-12,-12548,-23,361,79
54344412,1548,-32,-14792,-27,653,68
54350312,1228,-156,-12928,166,288,90
54355212,956,-268,-13784,-32,307,77
54428810,1564,260,-18744,172,-504,109
54442312,1660,-60,-15244,-58,-55,100
54444912,1660,-60,-15244,-58,-55,100
54449712,1052,364,-12156,245,264,68
54454512,1512,80,-14088,205,631,96
54460412,1240,128,-12800,190,446,109
54465212,1240,128,-12800,190,446,109
54470012,1452,44,-14240,45,300,96
54474812,1432,-60,-13932,120,289,96
54479712,1512,-80,-12940,116,521,121
54572710,1528,-60,-12504,469,570,152
54575312,1204,-296,-12892,-248,204,94
54580112,1204,-296,-12892,-248,204,94
54584912,1332,112,-15208,54,279,89
54589812,1336,68,-13324,209,348,104
54594612,1624,120,-13240,135,372,132
54599412,1236,4,-14032,-37,246,107
54605312,1224,52,-13540,128,295,107
54610112,1596,140,-13872,112,387,81
54614912,840,-324,-12024,553,188,101
54688412,1616,-232,-15264,366,38,126
54690012,1616,-232,-15264,366,38,126
54694812,1432,-1264,-12140,447,218,117
54699612,1024,128,-13448,-538,-202,37
54704412,1304,280,-15032,83,1022,103
54710312,1672,264,-12760,156,-225,92
54715112,1416,-176,-14500,394,144,149
54719912,1056,-232,-12040,-144,283,90
54811012,984,-380,-12780,21,305,126
54835213,1208,-452,-13772,15,304,96
54840213,1284,-388,-13984,91,331,90
54845012,1236,-300,-13552,85,346,82
54849812,1376,-168,-13988,55,340,102
54854612,1324,-260,-13596,72,399,88
54859512,1300,-196,-13592,54,266,84
54865412,1300,-232,-13740,15,342,91
54870212,1432,-128,-13836,127,404,91
54875012,1440,76,-13528,57,319,86
54879812,1228,-52,-13572,119,350,89
54884612,1460,136,-13948,42,210,87
54958510,1420,-248,-14232,31,320,83
54971910,1500,-316,-14148,85,560,74
54974610,1500,-316,-14148,85,560,74
54979412,1236,-380,-13684,-26,302,74
54985312,1288,-176,-13572,56,215,96
54990112,1340,-268,-13636,14,499,96
54995012,1380,-68,-13388,81,443,77
55085112,1380,-68,-13388,81,443,77
55090112,1568,-32,-13888,78,370,76
55094912,1484,-104,-13536,62,289,74
55099712,1416,-188,-13760,42,292,85
55104512,1392,-224,-13684,81,403,96
55110412,1384,-72,-13660,117,337,114
55115212,1276,-44,-13668,66,321,125
55120012,1264,-132,-13880,65,327,126
55124912,1132,-228,-13568,100,328,116
55129712,1324,-104,-13724,94,371,118
55134512,1324,-164,-13648,49,356,118
55140412,1216,-204,-13752,50,344,117
55145212,1344,-108,-13704,91,344,120
55218612,1312,-72,-13944,80,364,97
55220112,1312,-72,-13944,80,364,97
55225012,1376,272,-12968,248,284,100
55229812,2076,-540,-12896,370,-69,110
55323410,1340,440,-16528,-123,637,65
55325010,1340,440,-16528,-123,637,65
55330012,1392,-544,-11348,460,783,84
55334812,1780,-252,-14716,-86,146,119
55339612,1220,-412,-12648,224,563,149
55344412,1264,204,-14844,-44,-80,104
55350312,1428,84,-13500,227,828,141
55355212,1464,4,-13292,40,266,118
55360012,1228,-108,-14204,-67,341,127
55364812,1104,-8,-13148,211,297,105
55369612,1512,212,-14052,123,458,100
55374412,1344,8,-13632,22,285,109
55380312,1180,80,-13608,123,375,136
55385112,1252,-96,-13768,-19,351,111
55389912,1356,8,-13948,179,289,87
55394812,1464,-4,-13384,128,376,100
55468110,1304,-80,-13720,79,354,120
55488612,1436,-100,-13716,78,312,113
55490112,1436,-100,-13716,78,312,113
55581310,1176,-364,-10748,-246,854,63
55585010,1176,-364,-10748,-246,854,63
55589812,2264,0,-15940,404,-213,266
55594612,1420,-28,-14720,423,-473,161
55599412,836,-380,-11692,-312,194,68
55605312,988,-480,-11828,-185,1420,104
55610112,1984,-624,-16768,85,659,158
55614912,1720,-8,-12948,149,-438,99
55619812,936,204,-12536,-38,383,71
55624612,1364,-428,-12776,7,1020,113
55629412,1736,152,-16248,-203,-100,91
55635312,1232,232,-12168,683,432,146
55640112,1340,-240,-14044,-101,146,67
55644912,1384,-100,-13588,-39,564,65
55649712,1320,80,-13136,67,391,93
55654512,1520,96,-14500,190,270,96
55747010,1228,-132,-13776,56,348,88
55848810,1516,-404,-14452,85,-50,112
55850410,1516,-404,-14452,85,-50,112
55855312,1160,-68,-12112,196,229,79
55860112,1352,-208,-14332,-218,674,66
55864912,1636,-76,-13984,66,282,77
55869712,1448,36,-13600,259,130,124
55874512,1240,-60,-13212,144,412,88
55880412,1456,-196,-14020,-50,429,101
55885312,1304,-144,-13632,69,344,77
55890112,1384,-28,-13828,194,281,95
55894912,1292,-204,-13600,51,362,99
55899712,1356,-12,-13488,44,456,104
55904512,1348,-124,-13672,116,349,113
55910412,1308,-128,-13860,116,259,95
55915212,1164,-128,-13488,107,390,116
55920012,1276,-160,-13876,74,346,97
56013110,1344,-68,-13672,62,344,84
56025412,1440,-100,-13584,76,352,102
56030212,1308,-152,-13728,71,298,105
56035112,1420,-56,-13652,100,361,88
56108910,1348,-8,-13716,77,352,101
56110510,1348,-8,-13716,77,352,101
56115311,1324,-96,-13664,79,346,93
56120111,1448,-40,-13736,77,318,97
56124911,1488,-92,-13752,98,330,103
56129711,1316,-32,-13600,93,331,95
56134511,1428,-32,-13784,61,347,110
56140411,1336,-152,-13832,102,364,115
56145311,1432,-92,-12288,381,217,138
56150111,1988,284,-15820,214,158,125
56154911,1200,-1440,-11596,1321,885,172
56159711,1700,-140,-13788,-1050,-1132,15
56164511,840,-680,-13416,-6,2252,104
56170411,1756,372,-13940,382,-237,55
56262912,1244,-184,-13816,215,317,85
56264512,1244,-184,-13816,215,317,85
56269412,1380,28,-13380,172,177,113
56275312,1276,-140,-13664,-21,481,97
56280112,1552,20,-14028,97,260,117
56284912,1384,76,-13672,110,345,97
56358721,1212,-580,-14028,306,231,72
56360321,1212,-580,-14028,306,231,72
56365312,1456,-376,-8796,399,-927,98
56370112,1576,252,-25276,-870,553,117
56374912,348,996,-7700,879,798,98
56379812,1828,-1124,-15572,-76,1449,144
56384612,648,-1168,-9144,-536,445,84
56389412,2292,592,-19408,383,-770,125
56395312,636,-236,-11612,326,651,150
56400112,1468,416,-13708,-136,694,76
56404912,1732,-488,-14212,-244,836,110
56409712,1284,-364,-13156,459,-160,107
56500910,1280,-20,-13648,72,268,90
56515512,1512,-176,-13416,135,389,102
56520412,1352,-148,-13504,15,313,96
56525312,1432,-288,-13824,54,352,104
56530112,1268,-52,-13268,126,123,126
56534912,1380,-272,-14220,358,191,124
56539712,1320,-252,-14328,164,235,76
56544512,1032,-52,-13464,-237,573,75
56619410,1392,56,-14192,30,409,76
56625412,1380,20,-13544,35,328,84
56630212,1268,28,-13568,64,328,108
56635112,1364,100,-12660,170,355,92
56639912,1324,-212,-15220,-281,84,51
56644712,1228,-96,-12776,240,597,65
56649512,1540,60,-13088,145,232,110
56655412,1392,-348,-15268,24,113,90
56660212,888,-296,-12476,64,376,79
56753610,1344,-100,-13908,-72,532,116
56755112,1344,-100,-13908,-72,532,116
56760012,1488,148,-14612,142,341,106
56764812,1480,-96,-13288,93,322,94
56769712,1360,32,-13500,103,383,118
56774512,1404,-76,-14048,20,426,95
56780412,1268,-88,-13912,33,254,96
56785212,1188,-164,-13544,130,390,83
56790012,1356,-248,-13600,13,438,76
56794812,1288,-124,-14036,42,309,83
56799612,1256,-300,-13456,3,375,74
56896212,976,292,-16416,101,845,97
56900112,1672,-276,-11032,475,639,133
56904912,1216,104,-14624,-391,49,73
56909712,1412,20,-14636,546,808,136
56914512,1272,172,-12276,37,141,81
56920412,1392,160,-14644,16,589,109
56925212,1180,-144,-13764,78,327,87
57027412,1344,-140,-13616,69,343,93
57030212,1344,-140,-13616,69,343,93
57035112,1348,-68,-13756,75,325,83
57039912,1416,-12,-13672,75,318,90
57044712,1352,-100,-13780,100,318,89
57049512,1412,-80,-13572,90,342,101
57055412,1596,-12,-13848,88,354,90
57060212,1564,24,-13720,75,315,91
57065012,1508,-12,-13592,79,330,117
57069812,1516,56,-13744,69,346,100
57074712,1476,8,-13612,96,337,106
57079512,1280,24,-13648,95,348,114
57085412,1204,44,-13644,70,363,125
57157412,1436,-152,-15440,158,234,119
57160212,1436,-152,-15440,158,234,119
57165112,1152,0,-13516,49,133,43
57169912,1392,160,-12696,-135,814,124
57174712,1332,-236,-14088,79,392,73
57264710,1332,-236,-14088,79,392,73
57269712,1268,-168,-13344,163,301,93
57274512,1352,-248,-13636,106,308,121
57280412,1392,-228,-14088,49,344,93
57285312,1296,-204,-13628,60,386,97
57290112,1388,-128,-13468,96,355,114
57294912,1376,-140,-13908,94,316,120
57299712,1420,-132,-13724,87,286,128
57304512,1392,-124,-13672,100,356,122
57310412,1344,-264,-13820,45,381,108
57315212,1428,-240,-12748,98,294,134
57320012,1328,16,-14332,263,244,142
57324912,1248,-56,-14316,-114,337,104
57329712,1324,292,-12516,-1,512,89
57334512,1068,52,-14472,309,241,116
57408612,1500,-380,-13364,-25,515,127
57410212,1500,-380,-13364,-25,515,127
57503610,1548,428,-17400,518,554,171
57518112,1020,-164,-14748,168,1597,174
57519612,1020,-164,-14748,168,1597,174
57524512,1680,-128,-14092,1,154,121
57530412,1568,480,-12560,41,294,148
57535212,1412,156,-14336,249,471,170
57540012,1572,-24,-13864,-9,318,123
57544812,1296,80,-13400,15,502,137
57549612,1572,-4,-14296,273,387,151
57554412,1396,-68,-12756,-59,222,123
57560312,1384,-96,-14428,174,365,128
57565212,1348,68,-13804,58,366,101
57570012,1300,-308,-13412,-10,454,85
57574812,1184,-196,-14236,182,199,81
57579612,1040,-248,-13380,24,340,76
57584412,1140,-324,-13704,98,457,43
57590312,1248,-300,-14400,89,292,22
57682410,2056,628,-19188,28,-1100,340
57759210,1428,-256,-13492,-29,751,127
57760710,1428,-256,-13492,-29,751,127
57764512,1784,-556,-10636,476,-134,204
57770412,1720,1452,-18616,-542,-1139,213
57775212,-20,-996,-13036,227,1634,191
57780012,2000,-328,-11356,464,601,135
57784812,1424,-176,-14960,-1111,-33,165
57789612,1044,-16,-13364,818,374,187
57794412,1296,-44,-13312,81,63,122
57800312,1292,-76,-14664,153,610,131
57805212,1216,-28,-13100,6,493,105
57810012,1224,-232,-13896,-107,203,74
57814812,1396,-32,-13844,308,298,86
57819612,1580,-40,-13416,78,466,51
57824412,1360,-116,-13924,-3,268,31
57830312,1308,-160,-13784,142,389,60
57947812,1488,-48,-13396,213,601,65
57962212,1224,-88,-13988,10,866,42
57965012,1224,-88,-13988,10,866,42
57969812,1144,-568,-13232,-388,711,37
58044510,1224,-8,-13804,69,379,62
58049612,1196,120,-13836,78,309,70
58054412,1228,-28,-13656,126,374,54
58060412,1400,-4,-14040,106,329,31
58065212,1272,100,-13648,10,362,72
58070012,1280,28,-13728,74,386,32
58074812,1508,76,-13864,112,305,49
58079612,1520,-8,-13584,95,333,91
58084412,1548,-24,-13736,100,342,64
58090412,1436,-212,-13716,66,321,82
58095212,1512,-116,-13468,93,341,102
58100012,1576,-52,-13840,123,340,102
58104812,1640,-24,-13768,74,350,112
58109612,1452,-64,-13668,111,325,124
58200810,1436,-144,-13624,94,333,102
58204612,1380,-196,-13740,97,338,80
58209412,1248,-132,-13692,103,355,99
58215312,1360,-100,-13604,99,374,104
58220112,1332,-48,-13524,88,345,119
58224912,1172,-100,-13744,117,331,120
58297510,1436,-32,-13684,84,364,85
58300110,1436,-32,-13684,84,364,85
58304912,1312,-104,-13772,95,350,95
58309712,1196,-96,-13756,78,342,115
58314512,1316,-116,-13740,84,344,130
58320412,1372,-232,-13572,83,340,113
58325212,1240,-268,-13736,88,361,100
58330012,1320,60,-12408,213,123,112
58334912,1796,1216,-18752,-256,854,131
58339712,236,-2028,-6180,2908,1504,229
58344512,2976,-116,-19648,-2443,-3019,27
58438169,1216,-256,-13516,-158,575,101
58450410,1460,-208,-12972,193,464,102
58455210,1348,132,-13700,-133,280,95
58460010,1352,-264,-13776,98,506,140
58464912,1404,-80,-13756,121,141,97
58469712,1424,-84,-13656,142,471,110
58474512,1428,-56,-13548,62,244,120
58480412,1244,-148,-13904,60,400,108
58485212,1236,-272,-13372,34,392,97
58559710,1752,-12,-11288,1130,739,243
58564510,1160,-200,-13772,455,184,84
58570412,896,-904,-11024,-983,1358,102
58575212,1224,92,-14268,26,193,94
58580012,2060,420,-15384,178,79,187
58584812,1272,272,-13600,403,-162,114
58589612,900,-128,-11280,-109,718,122
58594412,1496,12,-14280,-553,955,107
58687810,1220,-124,-13460,193,229,108
58690412,1220,-124,-13460,193,229,108
58695212,1324,-420,-13836,35,428,124
58700012,1488,-132,-13952,-20,425,123
58704812,1208,-380,-12108,101,329,103
58709612,1456,36,-16236,-198,-256,83
58714412,956,-72,-10984,225,943,133
58720412,1740,52,-16100,-44,-182,107
58725212,1060,28,-12492,358,604,128
58730012,1296,-68,-13384,-100,97,65
58734812,1228,300,-14608,116,417,85
58739612,1328,116,-13316,151,310,66
58814112,1392,-452,-15044,-6,98,105
58815712,1392,-452,-15044,-6,98,105
58819412,1272,-332,-14068,203,429,103
58825312,1740,-48,-14636,-132,865,81
58830112,1256,-704,-10100,707,640,138
58835012,2168,-280,-15320,-323,-464,136
58951610,836,-120,-12280,91,-35,128
58966111,1664,452,-12628,-89,-112,135
58969811,1064,-116,-15484,-27,163,190
58974611,1132,68,-12456,311,393,182
58979411,1344,80,-14572,-181,289,123
58985311,1300,-40,-13944,194,446,152
58990111,1280,-20,-13100,-10,293,118
58994911,1216,4,-13808,4,354,100
58999711,1372,184,-14040,213,303,93
59004611,1240,56,-13532,50,349,68
59009411,1224,-8,-13964,59,311,55
59015311,1336,-100,-13684,75,382,62
59020111,1304,-144,-13420,62,326,27
59024911,1380,-68,-13784,129,320,45
59098312,1372,-176,-13488,74,346,146
59099912,1372,-176,-13488,74,346,146
59104712,1408,-204,-13744,71,362,146
59109512,1280,-96,-13768,76,334,134
59203210,1336,28,-13728,87,363,154
59204819,1336,28,-13728,87,363,154
59209812,1276,-120,-13700,72,356,132
59214612,1228,-96,-13640,75,362,149
59219412,1196,-80,-13868,87,341,120
59225312,1336,-192,-13816,80,347,119
59230112,1308,-120,-13856,72,341,105
59235012,1340,-104,-13840,89,338,99
59239812,936,-748,-12612,336,50,91
59244612,1948,1136,-14432,398,-1542,38
59249412,1164,-268,-15900,1214,1129,235
59255312,432,-1264,-13804,-1608,779,-84
59260112,580,304,-12256,35,1687,-65
59264912,2032,-360,-10720,387,319,127
59269712,2132,-724,-18388,579,-764,122
59274612,644,68,-12664,-403,-129,6
59349012,1612,164,-13436,67,124,67
59350612,1612,164,-13436,67,124,67
59443212,1192,-132,-13548,66,391,149
59455612,1200,4,-13580,97,309,99
59460412,1188,-60,-13652,60,393,87
59465312,1412,-84,-13976,56,346,90
59470112,1364,-60,-13696,98,314,93
59474912,1316,-132,-13632,74,352,81
59479712,1324,-8,-13764,58,367,50
59484512,1452,20,-13724,85,327,72
59490412,1488,20,-13684,87,298,47
59495212,1304,12,-13588,42,353,61
59500012,1400,-4,-13488,79,394,79
59504912,1420,-120,-13796,96,320,67
59509712,1504,-12,-13636,84,318,99
59514512,1436,-52,-13568,91,364,94
59520412,1452,-76,-13736,80,386,103
59525212,1472,-136,-13660,90,343,118
59530012,1204,-180,-14240,-198,468,63
59620010,1204,-180,-14240,-198,468,63
59694810,1180,-144,-12892,-7,403,100
59699712,1288,76,-14648,94,319,80
59704512,1240,-248,-13640,76,300,70
59709412,1320,68,-13768,155,325,34
59715312,1228,-216,-13328,27,414,19
59720112,1404,-108,-13972,-3,311,52
59724912,1136,-128,-13660,83,292,48
59729712,1444,-180,-13556,41,407,65
59734512,1572,-192,-14068,110,405,66
59739412,1432,-112,-13480,14,251,62
59745312,1296,-252,-13676,83,390,115
59750112,1020,-792,-12196,211,-55,100
59754912,1856,716,-16508,-324,-293,104
59759712,1132,-316,-13072,67,1158,151
59764512,1884,-136,-13116,724,223,163
59858910,1328,24,-11504,123,984,78
59860512,1328,24,-11504,123,984,78
59865312,1568,-36,-15932,-921,734,75
59870112,1156,-440,-12620,632,281,156
59874912,1796,196,-17300,519,66,131
59972810,1344,128,-13480,98,336,80
59988719,1388,-144,-13712,60,395,92
59990210,1388,-144,-13712,60,395,92
59995012,1644,324,-14072,40,281,110
59999812,1352,92,-15904,65,1360,131
60004612,1140,-1248,-10312,446,634,97
60009512,1480,-216,-13248,-365,-20,87
60015412,1192,-160,-16212,31,385,106
60020212,1464,-12,-12016,522,425,117
60025012,1468,-360,-14168,-211,551,124
60029812,1128,-400,-13544,130,367,131
60034612,1212,-280,-13488,-3,183,100
60039412,1352,-228,-14016,180,427,108
60045312,1412,-112,-13608,177,384,101
60136710,1760,44,-15524,29,334,126
60139412,1388,0,-13516,335,-136,106
60145312,1140,-56,-12436,-31,389,79
60150112,1176,-288,-14288,-31,898,80
60154912,1356,112,-14248,-228,264,60
60159712,1368,324,-12980,112,392,99
60234010,1044,-840,-10652,-25,-100,112
60235510,1044,-840,-10652,-25,-100,112
60240412,1716,628,-15736,80,88,145
60245212,1288,-528,-12992,110,804,149
60250012,1500,84,-14088,-44,130,116
60254912,1156,-120,-13468,168,396,154
60259712,1492,72,-13860,260,285,146
60264512,1356,-40,-13668,-80,381,125
60270412,1316,32,-14128,100,336,127
60275212,1392,-60,-13672,194,383,98
60280012,1132,-36,-13436,-34,272,84
60284812,1496,236,-14048,208,357,89
60376012,2016,296,-16160,898,-127,239
60379913,1632,-668,-14604,291,-373,169
60384812,628,292,-10256,-271,331,100
60389612,1308,348,-18156,-135,1184,137
60394412,1796,-536,-12176,207,574,148
60400312,1416,244,-13680,220,-89,145
60405112,1112,-316,-13572,-40,498,126
60409912,1448,148,-14528,108,232,86
60484911,1308,-244,-13292,172,259,88
60498221,1360,-80,-13780,144,292,111
60499712,1360,-80,-13780,144,292,111
60504612,1384,-200,-13728,83,363,118
60509412,1436,-236,-13536,119,332,122
60515312,1404,-44,-13768,40,298,129
60520112,1284,-168,-13628,130,348,123
60524912,1340,-68,-13908,115,351,129
60529712,1304,-140,-13536,63,354,109
60534612,1324,-8,-13752,65,350,108
60628212,476,-1288,-9484,359,1135,87
60629812,476,-1288,-9484,359,1135,87
60634612,1872,-312,-13768,357,26,86
60639412,1048,-428,-16116,-828,-68,42
60645312,1040,340,-11548,984,660,78
60650212,2036,-356,-14708,-74,230,103
60655012,1240,-232,-13524,-69,262,113
60659812,1072,-172,-12956,96,370,78
60664612,1692,-120,-14436,40,396,49
60669412,1628,12,-13372,279,300,115
60743712,936,-1324,-10872,356,659,49
60745313,936,-1324,-10872,356,659,49
60750112,1652,-268,-12788,50,119,44
60754912,1224,-568,-16012,-227,214,48
60759712,1224,-156,-12368,496,515,65
60764512,1824,-484,-14024,-34,589,55
60770412,1468,-540,-14028,119,265,92
60775212,1160,-384,-13116,-73,156,85
60867310,1280,16,-14324,137,352,67
60869910,1224,-100,-13324,55,392,41
60874712,1380,-20,-13696,132,370,58
60879512,1256,-240,-13716,25,262,86
60885412,1100,-308,-13580,40,340,57
60890212,1068,-296,-14080,116,354,47
60895012,1504,-388,-13520,83,365,72
60899812,1012,-348,-13084,73,-127,79
60904712,1456,568,-17408,-87,458,109
60909512,1012,-644,-11908,194,1171,96
60915412,1880,-724,-13344,503,340,91
60920212,1340,-360,-13976,-415,-76,133
61018512,1468,-128,-14492,0,85,135
61034210,1532,-72,-13576,120,331,125
61035812,1532,-72,-13576,120,331,125
61039512,1296,-244,-13124,29,296,164
61045412,1224,-260,-14040,288,113,144
61050212,912,-124,-14128,162,140,105
61055012,1628,48,-13864,178,424,126
61144512,1256,-48,-14120,-329,260,103
61149412,1432,496,-13412,525,112,122
61155312,1424,140,-14716,7,486,146
61160212,1312,88,-13148,-105,696,177
61165012,1244,44,-13192,-74,530,158
61169812,1700,8,-14072,468,113,125
61174612,1124,112,-13484,-91,147,132
61179412,1136,-36,-13228,69,747,135
61185312,1440,-28,-14676,64,336,134
61190112,1116,-308,-13356,79,128,107
61194912,1116,-236,-13304,174,454,82
61199812,1352,-280,-13848,78,431,77
61204612,1316,-204,-13916,16,223,78
61278212,1504,-100,-13504,76,369,134
61279712,1424,56,-13716,91,326,145
61284612,1512,328,-13704,107,317,161
61289412,1440,176,-13620,94,313,164
61382910,968,-1220,-13152,503,245,157
61384510,1644,12,-12648,85,-1500,82
61389512,1332,-208,-19800,698,1289,258
61395412,328,-564,-10440,-518,624,107
61400212,956,-824,-15836,47,1543,128
61405012,1380,-372,-7980,351,382,175
61409812,1684,-136,-19904,-157,-609,129
61414712,416,428,-11200,27,413,86
61419512,1348,-56,-13812,266,1582,82
61425412,1564,-128,-13892,-481,360,84
61435412,1096,-4,-13092,171,134,92
61440312,1508,524,-14848,151,297,46
61445112,1312,28,-13048,-152,659,73
61450012,1384,172,-12488,245,88,63
61454812,1616,500,-15880,-24,-180,83
61459612,1128,240,-13268,111,720,38
61533710,1264,-352,-13648,69,398,131
61535310,1264,-352,-13648,69,398,131
61540111,1220,-336,-13700,70,346,112
61631210,1840,316,-16780,17,751,133
61635012,1088,-672,-8880,-55,589,163
61639812,1952,344,-17872,53,-610,122
61644612,1048,-32,-12272,231,534,101
61649412,1472,312,-13780,-21,839,63
61655312,1616,-120,-14184,-223,601,128
61660112,1140,-252,-13444,216,-50,120
61664912,1216,-64,-13124,137,468,109
61669712,1472,-88,-14084,-2,401,80
61674612,1516,-76,-14044,73,394,69
61679412,1004,-180,-13256,-21,251,85
61685312,1364,-100,-13972,220,322,82
61690112,1500,-200,-13624,3,411,89
61694912,1440,-840,-14100,326,783,107
61699712,1204,-204,-11960,-3,-109,54
61704512,1432,-252,-14808,-254,573,51
61797012,1392,80,-13492,104,333,74
61874710,1836,-184,-14736,222,452,221
61879712,2012,-784,-15140,997,-510,142
61884512,904,-508,-12908,-485,411,69
61890412,344,-256,-12048,-295,1225,67
61895212,2252,132,-15644,233,839,131
61900012,2024,-132,-13372,315,-423,119
61904912,972,80,-13612,47,130,97
61909712,1024,-580,-11812,50,1174,116
61914512,1692,72,-14368,-593,33,56
61920412,1380,572,-13868,109,287,107
61925212,1368,64,-12860,421,-177,130
61938612,936,-148,-12132,66,791,104
61940212,1488,112,-15008,-110,162,94
61945012,1252,80,-13896,223,51,81
61949812,1244,72,-12796,109,383,83
61954612,1444,-96,-13904,-87,466,91
61959412,1448,84,-14212,136,168,82
62075812,2080,536,-15176,-440,-613,91
62079612,1384,320,-14492,644,613,135
62084512,1664,28,-10920,-354,198,95
62158412,1488,-140,-15936,-604,313,70
62160012,1280,-604,-13956,339,879,74
62164812,1860,-564,-12492,528,124,84
62169612,1560,-644,-14072,-406,162,99
62174412,1212,-596,-13712,269,485,124
62180412,1588,-472,-14172,23,272,104
62185212,1372,-264,-13548,80,410,131
62190012,1324,-320,-12964,140,467,139
62194812,1168,-164,-14336,-60,256,138
62199612,1008,216,-13688,131,283,150
62204412,1188,64,-13576,44,495,120
62210312,988,256,-14096,63,278,155
62215112,1140,300,-13296,4,351,122
62220012,1260,260,-13948,88,359,102
62224812,904,-540,-13948,72,274,95
62314911,1148,-524,-13772,70,331,96
62320111,1248,-552,-13832,46,350,75
62324911,1328,-648,-13556,14,334,103
62329711,1340,-596,-13872,39,275,89
62334611,1476,-640,-13624,79,313,81
62408512,1692,368,-13856,131,369,143
62410112,1832,268,-13744,12,396,127
62414912,1632,228,-13344,-19,267,110
62419712,1692,164,-13988,230,345,130
62424512,1596,-140,-13308,8,358,100
62438012,1380,-272,-13600,37,346,87
62439512,1308,-336,-13684,69,370,97
62445412,1064,-328,-13808,105,364,96
62450212,1080,-492,-13632,44,344,102
62455012,972,-492,-13928,73,377,59
62459812,1004,-408,-13864,36,303,37
62464712,1000,-492,-13480,25,412,-4
62469512,1112,-744,-14040,84,314,56
62475412,1188,-708,-13336,29,332,62
62566210,2028,-168,-12620,693,448,65
62570010,772,292,-13300,-962,-404,25
62574912,864,252,-14620,85,1030,34
62579712,2184,128,-13500,493,-8,7
62584512,2016,188,-13772,-5,186,59
62590412,1140,-384,-13132,-71,255,13
62663310,1252,-276,-13944,65,327,130
62664912,1272,-160,-13632,108,378,96
62669712,1448,-232,-13676,55,342,91
62674512,1432,-92,-13556,115,334,102
62680412,1592,52,-13700,98,311,100
62685212,1528,88,-13560,106,353,93
62690012,1700,148,-13716,50,393,102
62694912,1756,312,-13604,101,348,94
62699712,1560,280,-13720,96,329,113
62704512,1508,380,-13588,100,342,99
62710412,1476,396,-13700,77,376,111
62804112,1240,-416,-13860,81,332,116
62805712,1172,-404,-13816,103,340,86
62809512,1192,-368,-13664,59,374,84
62815412,1248,-284,-13728,66,332,80
62820212,1272,-204,-13672,63,360,103
62825012,1236,-164,-13696,88,337,91
62829812,1340,-156,-13768,98,338,84
62834612,1384,-68,-13680,104,325,96
62839412,1468,16,-13788,91,324,117
62912210,1208,-80,-13788,95,356,63
62914810,1268,-40,-13756,81,341,96
62919712,1156,-200,-13924,86,313,78
62924512,1312,-340,-13572,82,347,73
62941610,1452,-496,-13736,83,338,92
62945310,1364,-408,-13716,83,331,104
62950212,1424,-524,-13476,67,343,108
62955012,1444,-540,-13772,93,376,112
62959812,1424,-432,-13792,96,320,125
62964612,1356,-352,-13544,110,328,125
63081272,1476,100,-13772,56,290,149
63085012,1304,-104,-13592,64,419,163
63089812,1408,-104,-13676,39,301,153
63094612,1276,-304,-13812,101,346,151
63099412,1268,-284,-13636,97,294,141
63105312,1240,-284,-13824,19,378,141
63110212,1164,-468,-13724,83,338,108
63115012,1300,-608,-13756,99,340,93
63119812,1204,-476,-13660,62,338,91
63124612,1276,-472,-13700,98,357,62
63198412,1632,336,-13608,81,358,169
63200012,1604,272,-13764,105,352,180
63204812,1488,332,-13704,82,325,171
63209612,1492,360,-13492,90,364,165
63214412,1480,332,-13780,83,381,164
63220412,1304,272,-13700,72,329,136
63225212,1444,392,-13708,91,328,107
63230012,1284,-180,-13748,102,347,147
63320010,1292,-248,-13768,79,364,165
63325012,1376,-76,-13680,80,341,164
63329812,1236,28,-13812,92,345,152
63334712,1368,196,-13692,90,369,132
63339512,1244,148,-13884,76,358,99
63345412,1408,320,-13768,112,333,101
63350212,1268,188,-13692,88,359,93
63355012,1384,136,-13676,72,340,76
63359812,1400,360,-13768,105,345,63
63364712,1412,276,-13716,75,334,36
63369512,1576,320,-13652,75,338,42
63375412,1572,228,-13688,102,336,33
63448110,1196,-416,-13876,64,351,140
63460412,1180,-440,-13816,60,354,95
63465312,1244,-324,-13684,96,358,91
63470112,1204,-268,-13700,109,356,100
63474912,1332,-232,-13560,70,359,64
63568610,1364,-120,-13660,74,349,106
63570110,1168,-132,-13640,82,311,120
63575012,1292,-92,-13872,92,331,92
63579812,1220,-108,-13728,73,359,83
63584612,1188,-268,-13636,106,356,66
63589512,1188,-268,-13636,106,356,66
63595412,1220,-168,-13724,102,324,50
63600212,1232,-340,-13824,83,349,48
63605012,1100,-340,-13608,68,374,52
63609812,1336,-396,-13704,108,334,35
63614612,1332,-464,-13696,78,339,47
63619412,1332,-464,-13696,78,339,47
63625312,1264,-292,-13680,77,366,64
63630212,1460,-368,-13668,80,333,107
63635012,1380,-316,-13624,77,350,99
63708612,1316,128,-13576,103,332,42
63710370,1348,100,-13664,92,330,36
63715212,1488,88,-13764,97,317,48
63807511,1304,-92,-13760,91,338,98
63810212,1276,-132,-13652,90,345,95
63815011,1484,-32,-13768,54,331,97
63819811,1272,88,-13792,101,330,48
63824611,1272,88,-13792,101,330,48
63829411,1468,52,-13680,82,328,81
63835311,1384,200,-13608,109,338,48
63840111,1452,92,-13604,102,347,73
63845011,1488,132,-13676,69,351,66
63849811,1536,252,-13668,99,325,82
63854611,1536,252,-13668,99,325,82
63859411,1432,212,-13712,117,316,72
63865311,1492,108,-13836,90,341,112
63870111,1560,108,-13692,87,342,116
63874911,1496,-20,-13652,81,331,128
63879711,1320,-96,-13704,86,333,131
63973110,1304,-136,-13700,81,313,103
64085016,1456,-404,-13748,85,321,74
64089912,1464,-324,-13804,84,320,93
64094712,1464,-324,-13804,84,320,93
64099512,1400,-336,-13840,85,333,114
64105412,1440,-248,-13808,76,342,129
64110212,1460,-260,-13804,68,345,132
64115012,1268,-128,-13816,85,346,161
64119812,1284,-184,-13668,88,324,141
64124712,1284,-184,-13668,88,324,141
64129512,1376,-132,-13772,74,352,136
64135412,1288,-4,-13760,111,367,135
64140212,1308,32,-13812,99,346,103
64145012,1308,108,-13568,80,335,91
64149812,1308,108,-13568,80,335,91
64154612,1432,12,-13768,88,360,104
64159412,1228,-216,-13740,79,344,131
64249517,1228,-216,-13740,79,344,131
64254412,1308,-140,-13852,69,333,99
64260312,1212,-172,-13720,70,369,92
64265112,1264,-156,-13684,61,319,92
64338410,1404,68,-13756,86,348,129
64339910,1452,152,-13768,74,343,139
64344812,1452,152,-13768,74,343,139
64349612,1344,60,-13584,59,340,143
64354412,1256,28,-13616,98,339,151
64360412,1352,40,-13732,91,342,123
64365212,1380,44,-13572,67,356,106
64370012,1400,-64,-13748,77,372,110
64374812,1400,-64,-13748,77,372,110
64379612,1340,-28,-13736,53,351,95
64384412,1268,-96,-13808,81,348,84
64390312,1364,-220,-13628,69,340,72
64395112,1256,-216,-13576,84,342,52
64487410,1356,232,-13484,90,347,109
64511412,1464,88,-13816,100,360,55
64515112,1448,-92,-13728,83,339,75
64519912,1448,-92,-13728,83,339,75
64524712,1324,-16,-13692,64,347,61
64529512,1300,72,-13564,72,332,59
64535412,1368,-136,-13740,89,348,86
64607012,1192,-48,-13724,84,338,92
64609612,1192,-48,-13724,84,338,92
64614412,1256,-88,-13624,72,339,77
64620412,1460,-84,-13764,93,342,63
64625212,1484,144,-13852,75,337,95
64630012,1484,144,-13852,75,337,95
64634812,1460,12,-13736,70,343,74
64639612,1392,156,-13544,111,331,77
64644412,1468,40,-13740,73,328,83
64650312,1420,48,-13720,80,348,90
64655112,1472,8,-13556,78,342,89
64746112,1280,-228,-13660,108,344,60
64749912,1280,-228,-13660,108,344,60
64754812,1316,-216,-13644,84,341,78
64759612,1400,-148,-13832,103,337,73
64764412,1480,-284,-13788,98,358,71
64770312,1432,-52,-13632,65,358,92
64775112,1248,-48,-13820,92,372,78
64779912,1248,-48,-13820,92,372,78
64784712,1456,-44,-13776,80,344,116
64857310,1328,-44,-13744,94,331,72
64860010,1328,-44,-13744,94,331,72
64864812,1308,-96,-13588,69,326,75
64869612,1380,-172,-13740,79,321,65
64874412,1320,-128,-13816,77,340,56
64880412,1360,-188,-13692,84,348,97
64885212,1416,-236,-13648,76,373,98
64890012,1416,-236,-13648,76,373,98
64983310,1428,52,-13672,66,342,65
64998069,1436,-64,-13676,70,320,67
64999610,1436,-64,-13676,70,320,67
65004410,1548,28,-13576,86,334,100
65010312,1508,-108,-13744,93,353,123
65015112,1508,-108,-13744,93,353,123
65019912,1412,-44,-13624,90,357,93
65024812,1340,-128,-13760,88,344,90
65029612,1316,-96,-13764,88,345,108
65034412,1368,-180,-13728,77,353,111
65040312,1368,-180,-13720,94,359,99
65045112,1368,-180,-13720,94,359,99
65141512,1352,-64,-13668,66,356,141
65145412,1472,-8,-13596,74,343,98
65150212,1472,-8,-13596,74,343,98
65155012,1324,40,-13728,120,328,122
65159812,1468,-4,-13728,100,344,125
65164712,1412,92,-13628,74,368,105
65258512,1436,-124,-13700,87,360,126
65260012,1436,-124,-13700,87,360,126
65264912,1520,-92,-13624,75,344,117
65269712,1420,-12,-13824,78,369,126
65274612,1304,24,-13772,90,359,111
65279412,1400,108,-13648,79,348,113
65285312,1308,-16,-13708,60,352,124
65290112,1340,152,-13696,77,351,119
65294912,1360,64,-13724,99,351,99
65299712,1348,32,-13564,75,331,90
65304612,1328,52,-13732,84,329,90
65309412,1388,60,-13804,92,343,79
65315312,1400,124,-13652,94,346,77
65320112,1460,-124,-13608,100,340,98
65391712,1184,-176,-13588,91,336,103
65394512,1184,-176,-13588,91,336,103
65399412,1304,-68,-13624,70,355,100
65405312,1288,-72,-13680,105,346,108
65495710,1356,-20,-13752,68,315,111
65512812,1380,-84,-13660,104,332,94
65515412,1380,-84,-13660,104,332,94
65520212,1336,-152,-13644,67,330,90
65525112,1280,-104,-13660,55,364,86
65529912,1288,-68,-13736,74,349,102
65534712,1344,-132,-13844,86,340,79
65539512,1320,-212,-13644,71,351,79
65545412,1324,-260,-13688,64,344,96
65550212,1340,-244,-13852,95,338,59
65555012,1324,-132,-13808,101,349,76
65559812,1308,-176,-13588,75,343,88
65564712,1396,-148,-13656,70,360,93
65569512,1416,-132,-13612,57,373,88
65575412,1396,-140,-13672,97,339,104
65580212,1432,-164,-13696,95,326,95
65653310,1448,-68,-13600,95,371,59
65654912,1448,-68,-13600,95,371,59
65659712,1328,-28,-13668,81,333,97
65749712,1328,-28,-13668,81,333,97
65754612,1216,44,-13736,80,349,85
65759412,1368,20,-13780,95,342,95
65765312,1380,-8,-13496,100,331,82
65770112,1312,8,-13520,87,360,63
65775012,1412,12,-13796,75,330,81
65779812,1552,32,-13680,91,361,76
65784612,1472,8,-13668,89,324,92
65789412,1332,-40,-13692,69,349,80
65795312,1504,-100,-13812,89,355,76
65800112,1468,-88,-13780,104,352,88
65804912,1436,52,-13672,74,334,86
65809712,1316,-108,-13528,93,350,117
65814612,1484,-108,-13736,72,342,113
65819412,1412,-48,-13568,92,363,98
65825312,1424,-72,-13832,80,319,98
65913810,1424,-72,-13832,80,319,98
65986710,1296,12,-13848,83,368,89
66000112,1372,-192,-13680,94,346,78
66005112,1364,-196,-13792,90,342,103
66009912,1284,-180,-13740,80,365,69
66014712,1332,-192,-13700,54,339,66
66019612,1448,-148,-13600,67,343,65
66024412,1340,-48,-13612,81,333,88
66030312,1476,-64,-13672,88,357,84
66035112,1340,-196,-13608,75,358,96
66039912,1392,-196,-13632,78,335,115
66044712,1324,-120,-13676,62,346,99
66049512,1392,-176,-13688,97,339,110
66055412,1396,-120,-13696,91,343,135
66060312,1348,-24,-13572,98,353,106
66065112,1360,-56,-13708,80,329,118
66069912,1392,52,-13772,91,340,97
66186410,1344,-252,-13904,74,342,120
66190312,1344,-252,-13904,74,342,120
66195112,1396,-128,-13808,87,328,110
66199912,1316,-96,-13872,64,332,86
66272810,1392,-52,-13688,102,352,99
66274410,1392,-52,-13688,102,352,99
66280312,1332,-128,-13628,89,362,104
66285112,1448,-132,-13768,61,347,128
66289912,1444,-204,-13736,95,354,113
66294812,1280,-32,-13680,108,356,119
66299612,1352,-108,-13664,65,350,131
66304412,1368,-60,-13780,93,357,103
66310312,1368,-152,-13628,92,359,116
66315112,1288,-68,-13764,97,338,116
66319912,1388,-88,-13740,93,345,96
66324712,1388,-108,-13712,88,349,107
66329512,1272,-240,-13876,76,344,93
66334412,1284,-108,-13764,102,308,107
66424712,1284,-108,-13764,102,308,107
66437012,1288,-36,-13688,103,332,107
66439612,1288,-36,-13688,103,332,107
66444412,1316,-168,-13728,90,340,101
66450312,1360,-128,-13800,90,352,103
66455112,1364,-56,-13680,84,344,105
66529212,1396,-96,-13488,74,332,119
66530712,1396,-96,-13488,74,332,119
66534412,1340,-128,-13784,82,338,112
66540312,1364,-76,-13624,82,336,107
66545112,1272,-108,-13764,86,349,110
66549912,1416,-76,-13704,89,351,85
66554812,1392,20,-13748,69,339,101
66559612,1360,-60,-13588,79,334,113
66564412,1436,-68,-13724,84,347,89
66570312,1376,-60,-13728,74,333,73
66575112,1372,52,-13608,75,350,71
66579912,1360,-112,-13736,67,343,83
66584712,1236,-124,-13636,101,333,78
66674512,1236,-124,-13636,101,333,78
66679512,1440,-116,-13668,89,331,93
66684412,1328,-180,-13888,71,337,98
66690312,1344,-108,-13896,72,325,104
66695112,1264,-84,-13644,75,343,95
66699912,1376,-124,-13852,90,372,104
66704712,1300,-164,-13768,92,330,85
66777310,1392,-128,-13604,84,354,108
66779910,1392,-128,-13604,84,354,108
66784712,1320,-76,-13812,72,355,82
66789512,1324,-84,-13768,92,353,88
66795412,1452,-56,-13744,74,341,80
66800212,1344,-132,-13764,66,371,82
66805012,1284,-180,-13856,89,336,71
66809812,1404,-204,-13676,93,343,84
66814712,1500,-204,-13676,73,321,102
66819512,1372,-164,-13648,80,368,108
66911810,1348,-72,-13716,81,337,88
66914680,1348,-72,-13716,81,337,88
66919510,1400,-156,-13580,90,374,80
66925410,1420,-140,-13660,61,353,79
66935212,1432,-44,-13880,86,330,86
66940212,1300,-4,-13688,105,339,114
66945012,1392,-164,-13772,104,340,110
66949812,1428,-96,-13616,97,373,84
66954612,1356,-52,-13708,93,326,101
66959412,1328,-36,-13860,88,346,112
67032012,1376,-136,-13548,88,337,87
67034812,1376,-136,-13548,88,337,87
67039712,1404,-24,-13676,91,341,72
67044512,1356,-128,-13756,94,341,88
67050412,1436,-112,-13708,77,329,108
67055212,1376,-60,-13792,76,345,86
67060012,1316,-200,-13792,118,346,78
67064812,1420,-76,-13776,88,358,90
67158010,1368,-144,-13656,85,333,73
67159512,1368,-144,-13656,85,333,73
67182210,1440,-112,-13660,95,340,89
67184912,1440,-112,-13660,95,340,89
67189712,1280,-124,-13676,106,306,95
67194512,1368,-124,-13692,92,343,133
67199412,1472,-196,-13692,87,350,106
67205312,1324,-12,-13628,70,361,122
67210112,1432,-12,-13560,74,325,100
67214912,1400,-96,-13652,73,336,123
67219712,1368,-80,-13704,61,353,97
67224512,1408,28,-13744,102,354,103
67297412,1364,-108,-13712,104,360,114
67300210,1364,-108,-13712,104,360,114
67305012,1344,-116,-13648,72,341,117
67309812,1328,-148,-13636,90,341,125
67314612,1316,-64,-13836,93,347,121
67319512,1360,-156,-13632,64,346,116
67325412,1448,-124,-13964,85,334,123
67417312,1372,-172,-13768,75,351,113
67420113,1372,-172,-13768,75,351,113
67424912,1448,-156,-13644,100,334,122
67434912,1360,-252,-13640,85,322,93
67439812,1404,-232,-13776,91,350,111
67444612,1308,-112,-13708,73,343,107
67449512,1320,-64,-13668,98,326,109
67455412,1432,-84,-13760,95,344,123
67460212,1408,-84,-13688,76,324,122
67465012,1384,-92,-13640,79,334,102
67469812,1300,-24,-13792,82,346,103
67474612,1336,-144,-13672,90,338,97
67479412,1348,-60,-13820,103,343,80
67553412,1264,-80,-13728,96,363,98
67555012,1264,-80,-13728,96,363,98
67559812,1300,-96,-13708,83,333,118
67564612,1360,-124,-13844,102,347,130
67569512,1376,-104,-13644,93,345,114
67575412,1352,-128,-13672,85,351,87
67665912,1352,-128,-13672,85,351,87
67669712,1296,-144,-13684,81,348,105
67674512,1340,-40,-13804,78,333,105
67680412,1336,-68,-13640,90,333,105
67685312,1412,-124,-13712,101,327,77
67690112,1388,-120,-13808,83,338,98
67694912,1384,-120,-13720,82,354,127
67699712,1400,-36,-13704,102,337,89
67704512,1400,-64,-13748,80,342,101
67710412,1324,-128,-13784,80,343,80
67715212,1428,-136,-13608,82,352,104
67720012,1360,-52,-13644,79,315,91
67724912,1500,-20,-13620,76,341,101
67729712,1280,-160,-13640,99,357,95
67802912,1320,-108,-13624,86,354,120
67804412,1320,-108,-13624,86,354,120
67809412,1372,-148,-13644,65,335,106
67904170,1400,-72,-13620,74,333,96
67905710,1400,-72,-13620,74,333,96
67909410,1268,-196,-13656,65,330,95
67915312,1408,-148,-13796,99,341,106
67920112,1328,-116,-13756,90,337,102
67924912,1320,-24,-13696,68,348,91
67934812,1276,-192,-13696,73,344,84
67939612,1364,-100,-13720,86,334,91
67944412,1364,-100,-13948,94,331,110
67950312,1352,-76,-13672,77,346,107
67955212,1300,-148,-13828,75,344,83
67960012,1460,-168,-13892,89,361,96
67964812,1404,-92,-13620,81,345,106
67969612,1372,-112,-13736,100,349,92
67974412,1316,-184,-13836,97,342,111
67980312,1316,-196,-13664,76,339,114
67985112,1412,-88,-13780,93,352,114
68058512,1420,-112,-13744,74,331,90
68060013,1420,-112,-13744,74,331,90
68151310,1408,-64,-13760,102,355,118
68155010,1396,-60,-13752,100,323,115
68159812,1344,-64,-13656,83,333,85
68181518,1324,-48,-13684,100,337,90
68185312,1364,-8,-13604,77,332,84
68190112,1376,-148,-13696,81,336,87
68195012,1404,36,-13608,91,329,80
68199812,1388,-36,-13664,111,347,83
68204612,1400,-64,-13660,79,323,107
68209412,1388,-56,-13712,97,350,100
68215312,1364,-56,-13692,84,333,121
68220112,1356,-56,-13668,105,342,98
68225012,1444,-112,-13612,71,354,100
68229812,1324,-48,-13552,78,363,86
68234612,1404,-76,-13804,76,344,94
68239412,1392,-116,-13732,88,338,74
68245312,1344,-196,-13700,80,348,115
68336610,1328,-20,-13688,76,357,108
68412710,1344,-192,-13788,103,361,86
68415312,1344,-192,-13788,103,361,86
68420112,1384,-192,-13696,82,343,79
68424912,1408,-148,-13716,92,358,98
68434812,1352,-240,-13820,106,351,104
68439612,1372,-104,-13636,64,358,111
68444412,1368,-256,-13640,95,344,86
68450312,1352,36,-13736,88,362,104
68455212,1316,-68,-13708,103,352,126
68460012,1376,-104,-13664,72,357,121
68464812,1272,-24,-13800,72,361,121
68469612,1372,-60,-13720,92,359,103
68474412,1400,-84,-13764,76,349,80
68480312,1320,-4,-13700,99,332,93
68485112,1248,-28,-13680,85,348,110
68489912,1348,-124,-13704,77,353,99
68494812,1296,-4,-13812,125,327,94
68586212,1268,-16,-13660,77,325,110
68590113,1292,-80,-13768,79,312,118
68595012,1356,-64,-13616,76,351,103
68667810,1376,-32,-13752,79,360,124
68670410,1376,-32,-13752,79,360,124
68675212,1368,28,-13648,76,347,107
68680012,1404,-108,-13640,87,360,111
68684812,1412,-28,-13696,85,345,119
68689612,1304,-128,-13644,103,377,108
68694412,1432,8,-13700,83,322,103
68700312,1432,-48,-13804,53,347,109
68705212,1296,20,-13632,83,327,108
68710012,1340,8,-13768,72,326,96
68714812,1436,-64,-13680,91,322,82
68719612,1292,-88,-13712,71,352,73
68724412,1344,-108,-13692,71,326,80
68730312,1352,-64,-13620,72,332,93
68823610,1288,52,-13628,76,358,72
68825212,1288,52,-13628,76,358,72
68830012,1360,-56,-13572,72,313,105
68834812,1404,32,-13740,95,324,86
68839612,1364,4,-13640,92,358,76
68844412,1348,-76,-13780,84,360,74
68915612,1348,-176,-13704,85,330,116
68919668,1288,-108,-13704,59,349,113
68924512,1364,-56,-13728,88,338,131
68937812,1324,-100,-13588,91,342,96
68940412,1324,-100,-13588,91,342,96
68945212,1440,-8,-13752,74,337,94
68950012,1348,-12,-13808,109,344,92
68954812,1352,-80,-13768,87,343,90
68959612,1400,-144,-13728,76,358,91
68964412,1316,-60,-13628,83,334,100
68970312,1276,-104,-13604,100,326,101
68975212,1448,-12,-13908,69,342,78
68980012,1328,-56,-13820,84,338,92
69072310,1404,-136,-13648,102,352,85
69075179,1404,-136,-13648,102,352,85
69080010,1248,-184,-13684,93,356,88
69084810,1364,-192,-13596,95,337,94
69089612,1380,-64,-13512,112,351,103
69094412,1416,-176,-13796,92,356,84
69100312,1360,-148,-13752,78,317,91
69199712,1324,-84,-13716,108,343,85
69204812,1352,-160,-13732,88,353,97
69209612,1416,-164,-13620,85,333,105
69214412,1384,-116,-13596,82,334,82
69220312,1376,-132,-13696,74,343,79
69225212,1488,-220,-13796,102,331,101
69230012,1404,-196,-13588,96,333,106
69234812,1392,-124,-13792,81,343,88
69239612,1232,-120,-13744,77,371,117
69244412,1296,-236,-13724,84,358,100
69335510,1420,-56,-13576,91,348,95
69339410,1312,-96,-13744,76,355,94
69345310,1464,-128,-13776,88,369,101
69350110,1340,-136,-13624,84,345,82
69354912,1432,-88,-13724,76,355,104
69359712,1428,-192,-13712,75,348,98
69364512,1324,-28,-13784,83,354,98
69369412,1324,-184,-13764,91,351,107
69375312,1364,-196,-13572,68,312,89
69380112,1312,-164,-13640,88,327,119
69453310,1352,-60,-13808,88,333,119
69474010,1344,-88,-13704,70,300,91
69475510,1344,-88,-13704,70,300,91
69479510,1408,-88,-13724,84,364,96
69485410,1384,-52,-13776,84,328,106
69490210,1392,12,-13688,79,325,100
69495012,1468,-40,-13680,79,343,89
69499812,1380,-76,-13840,79,335,86
69593410,1368,0,-13656,86,334,109
69594910,1368,0,-13656,86,334,109
69599812,1332,-64,-13576,77,340,101
69604612,1372,-80,-13812,80,368,96
69609512,1352,16,-13656,79,326,118
69615412,1260,-36,-13748,88,349,110
69620212,1320,-60,-13528,91,313,101
69625012,1344,-20,-13752,95,351,96
69629812,1328,-48,-13616,78,326,107
69634612,1288,-116,-13816,99,335,92
69639512,1380,-80,-13628,101,322,87
69645412,1364,-100,-13704,78,336,96
69716912,1380,-76,-13564,86,339,124
69719713,1344,-92,-13776,87,340,114
69724512,1316,-64,-13720,75,346,110
69730412,1376,-32,-13796,73,359,111
69735312,1404,-44,-13716,92,333,100
69740112,1464,-40,-13560,84,352,102
69830768,1464,-40,-13560,84,352,102
69834512,1432,-148,-13792,84,351,108
69840412,1372,-184,-13628,95,332,95
69845212,1304,-164,-13668,103,356,110
69850012,1324,-116,-13656,85,308,108
69854812,1312,-68,-13652,72,349,104
69859712,1360,-84,-13760,71,340,115
69864512,1304,-12,-13612,85,338,117
69870412,1300,-40,-13676,100,352,99
69875212,1360,-60,-13756,84,349,95
69880012,1368,-12,-13752,76,346,84
69884812,1444,0,-13812,64,354,89
69889612,1368,-32,-13728,74,355,104
69894412,1344,16,-13656,106,339,111
69967112,1396,-144,-13868,81,345,119
69980412,1380,-56,-13736,93,355,69
69985212,1400,-60,-13736,83,344,92
69990012,1320,-116,-13764,72,337,92
70079912,1320,-116,-13764,72,337,92
70084912,1492,-60,-13716,79,323,105
70089712,1288,-76,-13680,67,332,95
70094512,1308,-96,-13724,90,327,85
70100412,1436,-60,-13716,82,328,94
70105212,1292,-88,-13612,86,327,76
70110012,1256,4,-13568,91,348,92
70114812,1308,-136,-13680,57,362,96
70119712,1436,-116,-13716,68,323,101
70124512,1332,-56,-13624,57,347,78
70130412,1328,100,-13600,82,329,95
70135212,1376,-156,-13644,78,353,90
70140012,1308,-136,-13748,97,345,86
70144812,1388,-172,-13748,69,365,116
70149612,1408,16,-13760,82,350,99
70154412,1356,-48,-13608,87,365,104
70250412,1340,-104,-13644,75,337,82
70345112,1340,-104,-13644,75,337,82
70350112,1404,-148,-13696,107,351,102
70355012,1276,-28,-13600,77,339,78
70359812,1360,-136,-13760,108,344,116
70364612,1304,-76,-13708,82,326,87
70369412,1384,-76,-13692,78,357,94
70375312,1396,-68,-13792,90,356,118
70380112,1468,-116,-13596,92,344,101
70385012,1408,-56,-13592,83,331,95
70389812,1340,-108,-13772,85,351,101
70394612,1376,-88,-13744,76,352,115
70399412,1380,-96,-13472,81,336,124
70405312,1352,-52,-13792,85,358,108
70410112,1408,-72,-13820,80,359,98
70414912,1368,-144,-13596,95,342,88
70419712,1388,-96,-13764,93,345,92
70510910,1260,-92,-13656,81,335,114
70524112,1408,-48,-13736,77,348,87
70525612,1408,-48,-13736,77,348,87
70599010,1212,-20,-13708,82,316,81
70600510,1212,-20,-13708,82,316,81
70605412,1384,-92,-13744,88,330,82
70610212,1332,-140,-13844,74,337,115
70615012,1296,-52,-13828,91,343,117
70619812,1432,-116,-13708,92,337,113
70624612,1416,-100,-13660,100,341,111
70629412,1312,-124,-13816,77,341,119
70635312,1364,-160,-13720,90,319,94
70640112,1380,24,-13524,73,365,108
70645012,1332,-72,-13720,101,349,94
70649812,1416,-28,-13616,72,353,105
70654612,1368,-76,-13580,74,363,106
70659412,1404,-72,-13636,91,342,91
70665312,1392,-112,-13716,92,344,73
70670112,1432,-96,-13660,85,352,111
70761210,1396,-132,-13692,67,352,100
70765112,1400,-84,-13736,91,333,96
70769912,1296,-136,-13688,88,324,81
70774712,1396,-148,-13708,88,343,105
70847613,1420,-112,-13728,84,349,105
70850412,1364,-68,-13796,71,343,83
70855212,1364,-96,-13760,96,324,101
70860012,1380,-168,-13776,96,325,105
70864812,1392,-100,-13764,80,351,94
70869712,1276,-64,-13720,82,366,65
70874512,1420,-136,-13568,74,339,92
70880412,1344,-92,-13668,75,343,106
70885212,1384,-44,-13596,75,364,102
70890012,1344,-32,-13680,79,337,90
70894812,1312,-116,-13772,89,342,90
70899612,1352,-112,-13848,97,344,98
70904412,1372,-44,-13780,65,342,88
70998910,1380,-68,-13548,70,350,107
71016012,1396,-60,-13684,62,345,98
71019812,1308,-236,-13724,70,332,99
71024712,1360,-32,-13832,77,350,103
71029512,1344,-60,-13660,75,322,104
71035412,1372,-24,-13772,73,343,96
71040212,1396,28,-13724,79,338,95
71112412,1400,-72,-13644,88,344,97
71115213,1280,40,-13796,100,328,88
71120012,1420,-92,-13736,69,335,95
71124912,1332,-76,-13744,75,326,103
71129712,1408,-80,-13696,72,373,114
71134512,1304,20,-13712,102,315,99
71140412,1316,8,-13672,91,321,107
71145212,1368,-80,-13760,68,325,96
71150012,1388,-72,-13672,83,339,59
71154912,1368,-64,-13816,101,340,98
71159712,1380,-92,-13604,96,344,79
71276212,1396,-136,-13768,98,330,101
71280012,1376,-48,-13764,91,336,116
71284812,1440,-64,-13840,81,321,94
71289612,1368,-24,-13784,112,334,100
71294412,1304,-168,-13796,83,355,89
71300412,1440,-56,-13696,86,320,87
71305212,1284,12,-13752,81,331,90
71310012,1324,8,-13736,67,346,100
71314812,1344,-48,-13780,77,338,116
71386412,1320,-196,-13612,98,345,113
71390469,1312,-188,-13636,82,323,82
71395312,1248,-104,-13696,82,309,82
71400112,1392,-112,-13784,76,332,88
71404912,1348,-132,-13680,88,337,80
71409712,1204,-128,-13856,83,346,98
71414512,1296,-204,-13756,58,355,105
71419412,1296,-52,-13784,91,339,140
71513012,1236,-36,-13816,70,351,81
71525512,1276,-120,-13600,71,330,108
71530469,1360,-92,-13736,80,349,95
71535312,1380,-192,-13764,88,334,111
71540112,1432,-136,-13808,73,339,96
71544912,1448,-136,-13760,92,322,104
71549712,1372,-28,-13676,83,363,123
71554512,1316,-40,-13752,69,344,112
71559412,1384,-80,-13560,78,319,77
71565312,1380,-52,-13684,72,342,104
71570112,1376,-84,-13712,80,378,82
71574912,1348,12,-13656,77,333,106
71647610,1360,-92,-13836,87,328,101
71650210,1308,-108,-13668,73,319,103
71655012,1348,-40,-13776,93,332,109
71659812,1372,-180,-13672,84,346,96
71664612,1372,-200,-13648,56,355,93
71669412,1280,-236,-13764,97,337,105
71761610,1320,-112,-13640,113,344,101
71765512,1420,-64,-13736,86,330,88
71770312,1328,-148,-13788,81,344,98
71775112,1336,-92,-13800,102,341,96
71779912,1360,-116,-13836,95,342,105
71784712,1316,-92,-13768,75,370,119
71789612,1288,-144,-13784,59,336,89
71794412,1356,-112,-13692,96,353,102
71800312,1344,-44,-13656,76,333,87
71805112,1448,-68,-13736,74,345,120
71809912,1408,-76,-13636,79,320,77
71814712,1428,-28,-13560,84,322,107
71819512,1448,-112,-13688,89,356,107
71825412,1344,-84,-13772,85,331,109
71898710,1264,-88,-13732,101,345,101
71900210,1264,-88,-13732,101,345,101
71905112,1340,-172,-13692,93,347,95
71909912,1560,-144,-13732,87,360,111
72000510,1560,-144,-13732,87,360,111
72031912,1292,-88,-13616,67,346,88
72034512,1432,-108,-13676,66,354,112
72040412,1356,-144,-13640,68,351,88
72045312,1440,-84,-13724,74,356,74
72050112,1448,-100,-13688,88,347,91
72054912,1380,-116,-13692,86,330,122
72059712,1268,-148,-13736,105,330,82
72064512,1372,-36,-13608,77,349,107
72070412,1452,-132,-13728,55,338,92
72075212,1320,-84,-13724,87,333,100
72080012,1384,-112,-13776,79,343,111
72084912,1344,-60,-13656,80,329,98
72089712,1432,-8,-13552,92,331,92
72094512,1340,-80,-13616,73,337,101
72100412,1392,-40,-13636,103,340,114
72173510,1380,-80,-13644,94,354,96
72175112,1304,-56,-13584,67,357,97
72293011,1332,-92,-13792,106,317,102
72294611,1408,-52,-13656,73,336,100
72299511,1316,-84,-13792,73,368,94
72305411,1376,-192,-13756,70,353,112
72310311,1352,-120,-13692,87,324,105
72315111,1308,-72,-13740,91,347,96
72319911,1360,-60,-13728,93,325,103
72324711,1336,-136,-13808,77,358,89
72329511,1324,-136,-13676,105,336,89
72335411,1400,-172,-13704,92,330,82
72340311,1396,-16,-13756,87,344,109
72345111,1396,-56,-13748,86,325,97
72349911,1292,-112,-13716,74,321,80
72354711,1360,-96,-13756,82,318,108
72359511,1392,-28,-13652,91,335,112
72365411,1332,-76,-13768,74,326,99
72458610,1400,-8,-13680,112,363,113
72471812,1336,-160,-13648,89,338,105
72547710,1364,-64,-13640,97,329,92
72550310,1332,-92,-13720,100,362,91
72555112,1412,-16,-13724,66,376,104
72559912,1380,-48,-13868,89,345,98
72564712,1364,-92,-13684,76,335,106
72569612,1312,-68,-13656,79,332,110
72574412,1264,-76,-13680,97,343,114
72580312,1296,-56,-13680,95,353,123
72585112,1372,-52,-13688,77,363,110
72589912,1412,-172,-13656,118,342,78
72594712,1384,-200,-13580,85,337,97
72599512,1360,-140,-13776,72,360,118
72605412,1436,-84,-13552,97,349,113
72610312,1324,-76,-13632,93,328,94
72615112,1292,-124,-13688,53,364,102
72619912,1320,-292,-13740,47,366,85
72711312,1432,-120,-13612,89,345,102
72715112,1432,-128,-13612,85,361,98
72719912,1476,-144,-13732,76,363,112
72724812,1344,-100,-13616,105,327,104
72797910,1376,-24,-13784,73,344,115
72799512,1284,-16,-13680,85,352,93
72805412,1332,-40,-13836,77,328,94
72810212,1468,-48,-13764,100,343,104
72815112,1360,-180,-13704,80,353,107
72819912,1400,-64,-13712,79,347,118
72824712,1328,-124,-13720,82,315,93
72829512,1364,-64,-13664,68,311,98
72835412,1288,-48,-13692,94,354,113
72840212,1400,-60,-13700,78,355,90
72845012,1308,24,-13636,54,356,103
72849812,1468,-80,-13752,89,373,92
72854712,1236,28,-13812,81,338,92
72859512,1424,-180,-13792,83,340,113
72949910,1384,-240,-13644,74,343,97
72963512,1284,-72,-13704,83,337,86
72965013,1328,-132,-13700,77,340,79
72969812,1392,-12,-13620,78,341,78
72974612,1468,-44,-13680,77,346,85
72979412,1280,-168,-13664,96,357,119
73051412,1296,-64,-13800,84,322,90
73055312,1372,-92,-13692,91,329,65
73060112,1288,-80,-13672,80,336,95
73064912,1316,-132,-13768,90,341,92
73069712,1420,-8,-13756,93,354,110
73074512,1428,-204,-13624,87,320,73
73079412,1344,-140,-13840,91,348,103
73085312,1408,-136,-13584,96,336,101
73090112,1412,-164,-13776,84,330,90
73094912,1428,-48,-13768,81,367,91
73099712,1368,-56,-13508,88,357,111
73104512,1316,-144,-13812,93,345,103
73198810,1256,-80,-13600,76,337,99
73200312,1348,-92,-13648,81,345,111
73205212,1312,-180,-13544,83,353,85
73210112,1476,-96,-13684,86,320,89
73214912,1392,-80,-13652,91,321,94
73219712,1404,-116,-13780,97,331,114
73224512,1304,-160,-13752,63,379,95
73230412,1364,-164,-13768,66,356,95
73327012,1352,-60,-13756,66,356,99
73329812,1356,0,-13708,69,333,76
73334712,1440,-28,-13628,84,326,100
73339512,1356,-84,-13488,88,352,106
73345412,1344,12,-13588,88,337,93
73350312,1348,-132,-13628,74,331,124
73355112,1428,-116,-13612,101,340,91
73359912,1320,-52,-13744,65,346,88
73364712,1468,-124,-13864,109,342,109
73369512,1416,-112,-13816,107,329,91
73460212,1348,16,-13672,65,351,107
73473412,1308,-80,-13764,88,321,101
73474912,1388,-28,-13644,65,350,117
73479812,1376,-84,-13564,65,346,96
73484712,1448,-60,-13592,104,325,108
73489512,1436,-20,-13748,89,325,86
73495412,1400,16,-13728,76,341,102
73500212,1360,-124,-13868,63,326,92
73505012,1340,-32,-13756,80,344,94
73509812,1396,-36,-13676,88,339,93
73581912,1352,-176,-13956,72,328,104
73584713,1304,-64,-13724,89,345,94
73589512,1320,-152,-13748,91,359,99
73595412,1404,-128,-13732,96,344,112
73600312,1448,-84,-13716,90,329,116
73605112,1288,-12,-13816,93,340,93
73609912,1296,-120,-13636,90,336,93
73614712,1424,-120,-13652,69,361,93
73619512,1364,-116,-13680,97,343,91
73709615,1360,-64,-13580,83,327,86
73714512,1352,-148,-13632,101,335,87
73720412,1412,-172,-13600,71,361,99
73725212,1340,-100,-13588,94,364,95
73730012,1380,-56,-13688,104,348,104
73734812,1332,-8,-13772,68,328,91
73739612,1428,-108,-13812,88,331,91
73744512,1400,-64,-13808,80,339,98
73750412,1376,-120,-13536,97,366,118
73755212,1352,-84,-13540,85,339,107
73760012,1256,-48,-13524,68,330,114
73832710,1408,-44,-13652,109,347,113
73835310,1308,-40,-13736,98,322,90
73840112,1416,-68,-13624,81,322,107
73844912,1380,-112,-13840,81,333,124
73849712,1388,-88,-13712,85,345,109
73854512,1476,-76,-13728,90,335,97
73946710,1400,4,-13620,109,333,88
73960012,1316,-28,-13648,77,340,89
73965012,1420,-104,-13732,72,334,102
73969812,1388,-100,-13664,83,349,101
73974612,1440,-36,-13660,93,335,103
73979412,1440,-36,-13660,93,335,103
73985312,1472,-84,-13612,86,339,88
73990212,1352,-92,-13756,83,360,85
73995012,1312,-160,-13864,94,329,100
73999812,1432,-76,-13796,84,340,107
74004612,1284,-96,-13688,78,347,102
74009412,1284,-96,-13688,78,347,102
74015312,1352,-76,-13720,96,320,89
74020112,1404,-44,-13576,67,373,107
74092613,1408,48,-13648,81,356,115
74095412,1388,-112,-13700,73,322,101
74100212,1364,-52,-13760,92,333,105
74105012,1420,-12,-13844,96,346,99
74196510,1304,-32,-13676,51,369,96
74200513,1312,-48,-13648,84,354,101
74205310,1364,-128,-13868,83,339,90
74210110,1412,-56,-13780,80,342,116
74214912,1332,-124,-13732,65,340,96
74219712,1372,-172,-13684,61,359,105
74224512,1372,-172,-13684,61,359,105
74229412,1340,-44,-13792,75,349,111
74235312,1412,-8,-13820,90,341,80
74240112,1356,-128,-13692,89,342,91
74244912,1356,-152,-13828,82,346,89
74249712,1288,-56,-13616,90,339,93
74254512,1288,-56,-13616,90,339,93
74260412,1340,-76,-13812,101,343,100
74265212,1324,-88,-13664,85,326,109
74270112,1252,-88,-13800,105,348,92
74366712,1432,-116,-13696,89,320,86
74460710,1300,-40,-13780,70,336,104
74488410,1408,-24,-13540,87,354,92
74489910,1408,-168,-13732,70,340,103
74494812,1316,-28,-13804,76,346,96
74499612,1316,-28,-13804,76,346,96
74504412,1416,-36,-13768,66,372,97
74510412,1324,-88,-13732,72,326,113
74515212,1336,-44,-13800,92,328,103
74520012,1468,-172,-13748,91,351,95
74524812,1344,-220,-13784,86,337,105
74529612,1344,-220,-13784,86,337,105
74534412,1304,-164,-13684,92,338,86
74540312,1380,-100,-13648,84,347,81
74545112,1456,-76,-13820,72,360,89
74550012,1272,-96,-13744,74,328,98
74554812,1364,-140,-13700,66,350,108
74559612,1364,-140,-13700,66,350,108
74652910,1296,0,-13668,83,329,91
74654412,1296,0,-13668,83,329,91
74728710,1420,-104,-13772,95,351,83
74730210,1392,-164,-13708,102,342,83
74735112,1396,-116,-13660,89,343,88
74739912,1428,-116,-13668,116,367,75
74744712,1428,-116,-13668,116,367,75
74749512,1360,-128,-13808,95,368,92
74755412,1260,64,-13644,63,346,90
74760212,1432,-128,-13696,73,331,72
74765012,1416,-168,-13544,70,326,85
74769812,1376,-36,-13788,85,361,95
74774712,1376,-36,-13788,85,361,95
74779512,1468,-84,-13660,94,352,108
74785412,1420,-152,-13672,92,368,104
74790212,1304,-88,-13700,84,354,80
74795012,1380,-124,-13640,105,337,91
74799812,1380,-124,-13640,105,337,91
74891910,1356,-52,-13628,84,370,96
74894512,1356,-52,-13628,84,370,96
74900412,1316,-168,-13720,96,349,115
74905212,1372,-152,-13616,71,359,113
74978110,1280,-96,-13828,96,330,104
74991612,1316,-84,-13800,79,350,86
74995313,1424,-64,-13628,81,351,118
75000212,1440,-12,-13664,75,348,78
75005012,1332,-48,-13532,81,338,107
75009812,1332,-48,-13532,81,338,107
75014612,1464,-176,-13716,84,356,101
75019412,1480,-56,-13744,74,330,71
75025312,1368,-52,-13688,82,332,103
75030212,1436,-164,-13712,60,332,101
75035012,1388,-60,-13728,91,331,104
75039812,1388,-60,-13728,91,331,104
75044612,1324,-116,-13592,70,335,115
75049412,1372,-104,-13652,111,344,99
75141610,1468,96,-13812,69,328,108
75145310,1308,120,-13676,87,348,87
75150112,1400,188,-13500,78,390,72
75154912,1400,188,-13500,78,390,72
75159712,1456,284,-13592,54,352,67
75164612,1508,256,-13936,104,331,54
75237110,1300,-188,-13620,46,336,154
75239910,1300,-188,-13620,46,336,154
75244712,1324,68,-13688,72,363,153
75249512,1344,116,-13660,105,332,137
75255412,1344,256,-13652,83,359,56
75260212,1372,344,-13660,81,360,90
75265012,1372,344,-13660,81,360,90
75269812,1300,312,-13576,90,324,71
75274712,1352,292,-13724,72,328,25
75279512,1368,320,-13496,84,327,6
75285412,1600,292,-13704,83,338,26
75402910,1120,-332,-13844,139,291,44
75404512,1120,-332,-13844,139,291,44
75409412,1228,-220,-13840,10,444,62
75415312,1440,-236,-13776,140,295,119
75420112,1440,-236,-13776,140,295,119
75424912,1480,-200,-13504,147,240,125
75441910,1596,-60,-13620,92,340,176
75444510,1596,-60,-13620,92,340,176
75450410,1496,-16,-13756,66,309,186
75523510,1380,-56,-13572,85,345,51
75525010,1380,-56,-13572,85,345,51
75529912,1488,-264,-13760,74,341,68
75534712,1340,-160,-13752,81,354,68
75539512,1556,-176,-13552,112,315,84
75545412,1408,-236,-13576,79,372,104
75550212,1408,-236,-13576,79,372,104
75555012,1472,-200,-13788,70,392,116
75559912,1516,-192,-13760,75,338,133
75564712,1396,-8,-13816,105,304,104
75657210,1392,-172,-13736,86,334,149
75659812,1392,-172,-13736,86,334,149
75664612,1280,-236,-13672,67,348,128
75669412,1296,-140,-13828,65,343,140
75675312,1312,-172,-13756,74,333,120
75680112,1312,-172,-13756,74,333,120
75684912,1280,-20,-13716,116,365,116
75689812,1360,12,-13744,87,343,121
75694612,1256,-212,-13816,92,356,107
75699412,1428,-48,-13764,77,339,94
75772810,1372,28,-13684,50,351,141
75775412,1468,92,-13860,50,371,134
75780212,1468,92,-13860,50,371,134
75785012,1376,36,-13596,79,326,125
75789812,1312,32,-13516,87,332,141
75794612,1332,-68,-13756,83,374,138
75799412,1340,92,-13636,56,369,115
75805412,1424,-32,-13860,91,337,111
75895412,1400,68,-13784,97,371,119
75900412,1340,44,-13624,74,342,109
75905312,1340,44,-13624,74,342,109
75910112,1324,120,-13616,110,330,90
75914912,1332,68,-13728,79,346,84
75919712,1508,140,-13640,99,338,74
75924512,1312,56,-13704,92,366,58
75945112,1340,-136,-13892,91,311,57
75950012,1300,-140,-13628,87,341,44
75954912,1332,-192,-13724,83,349,37
75959712,1392,-200,-13724,94,346,71
75964512,1512,-80,-13856,98,324,69
76035712,1352,-12,-13736,77,349,62
76039812,1352,-12,-13736,77,349,62
76044612,1268,40,-13880,53,354,63
76049412,1404,16,-13656,79,335,48
76055312,1364,-28,-13728,106,341,46
76060112,1424,-52,-13696,72,354,62
76151512,1332,-48,-13544,83,370,69
76155212,1332,-48,-13544,83,370,69
76160012,1304,0,-13708,71,359,39
76164812,1408,-4,-13756,82,357,35
76169612,1344,-132,-13596,99,340,57
76174512,1540,-24,-13604,78,347,39
76180412,1424,-92,-13708,69,348,46
76185212,1284,-196,-13288,9,344,47
76190012,1288,108,-14120,67,235,40
76194812,1488,-44,-13676,96,388,57
76199612,1392,-268,-13708,-3,385,86
76204412,1284,32,-13780,123,296,71
76210312,1308,-200,-13756,73,339,100
76215212,1364,-228,-13572,53,375,102
76286312,1240,-48,-13680,90,329,85
76290212,1240,-48,-13680,90,329,85
76295012,1284,-136,-13748,75,372,58
76411412,1468,-112,-13696,90,350,58
76415212,1468,-112,-13696,90,350,58
76420112,1528,-244,-13804,68,351,90
76424912,1336,-220,-13668,100,360,88
76442012,1328,-284,-13800,97,326,130
76444612,1328,-284,-13800,97,326,130
76449412,1340,-148,-13796,68,345,131
76455412,1280,-312,-13716,62,338,123
76460212,1328,-180,-13904,88,328,141
76465012,1244,-200,-13688,82,358,163
76469812,1260,-160,-13660,72,307,128
76474612,1336,-124,-13700,88,354,113
76479412,1232,-164,-13768,87,330,119
76485312,1320,-4,-13660,111,344,122
76490112,1264,-48,-13868,82,349,100
76495012,1444,44,-13768,97,350,96
76499812,1488,20,-13688,92,334,89
76573012,1404,-232,-13720,75,367,130
76574613,1404,-232,-13720,75,367,130
76665910,1508,-68,-13656,107,349,122
76669710,1508,-68,-13656,107,349,122
76674612,1412,56,-13736,80,347,108
76679412,1372,-112,-13508,106,340,125
76685312,1376,-12,-13576,82,338,126
76690112,1508,16,-13592,87,358,121
76694912,1416,-112,-13988,76,337,125
76699712,1388,-172,-13696,90,343,129
76704512,1276,-32,-13684,97,348,109
76710412,1372,-100,-13884,94,365,88
76715312,1284,-68,-13620,93,357,110
76720112,1244,-44,-13796,91,333,94
76724912,1236,-92,-13620,91,361,102
76729712,1324,-120,-13824,84,329,106
76734512,1320,-88,-13632,80,325,79
76740412,1352,72,-13656,70,326,81
76831510,1316,-92,-13760,71,325,87
76835412,1316,-92,-13760,71,325,87
76909310,1388,-164,-13744,68,342,111
76910810,1388,-164,-13744,68,342,111
76914612,1480,-60,-13776,63,330,109
76919412,1400,-204,-13724,100,347,85
76925412,1360,-84,-13692,83,360,102
76935412,1368,-172,-13728,109,353,91
76940312,1312,-196,-13740,96,344,102
76945112,1420,-240,-13724,105,363,99
76950012,1376,-260,-13688,92,362,79
76954812,1388,-80,-13592,93,360,78
76959612,1296,-60,-13644,104,343,92
76964412,1276,-184,-13656,82,348,73
76970312,1252,-176,-13736,74,345,57
76975112,1364,-88,-13760,86,356,85
76979912,1284,-168,-13764,91,333,105
76984712,1380,-132,-13792,92,319,91
76989612,1296,-276,-13720,94,332,86
77079612,1296,-276,-13720,94,332,86
77084512,1352,-120,-13836,53,339,85
77090412,1424,-228,-13724,68,317,72
77163710,1332,-52,-13700,85,344,115
77165210,1332,-52,-13700,85,344,115
77170112,1328,28,-13828,56,344,103
77174912,1432,4,-13744,92,345,92
77179712,1472,4,-13716,84,363,90
77184612,1364,-8,-13568,93,337,95
77189412,1240,24,-13764,72,356,100
77195312,1368,-148,-13792,78,319,84
77200112,1400,-136,-13708,72,333,62
77204912,1336,-164,-13588,87,317,84
77209712,1312,-164,-13640,73,356,85
77214512,1500,-96,-13660,64,339,85
77220412,1296,-164,-13568,95,331,101
77225312,1308,-172,-13700,75,334,89
77317720,1352,-40,-13684,77,353,75
77320511,1352,-40,-13684,77,353,75
77325311,1288,-124,-13676,70,313,83
77330111,1316,-32,-13832,107,336,83
77334911,1388,-184,-13756,97,347,110
77339811,1284,-60,-13756,81,347,84
77435512,1440,-76,-13736,103,323,107
77463410,1280,-144,-13752,100,343,113
77464910,1280,-144,-13752,100,343,113
77469812,1380,-64,-13740,86,326,126
77474612,1380,-116,-13604,77,345,88
77479412,1332,-60,-13712,93,341,104
77485412,1216,-108,-13668,85,345,106
77490212,1428,-148,-13712,90,340,102
77495012,1352,-60,-13656,71,349,92
77499812,1248,-72,-13748,80,345,98
77504612,1380,-28,-13760,87,357,107
77509412,1352,-48,-13704,92,344,93
77515312,1344,-64,-13816,72,335,110
77605112,1344,-64,-13816,72,335,110
77610112,1432,-80,-13516,103,332,105
77615012,1224,-72,-13692,65,351,100
77619812,1328,-156,-13768,93,324,88
77624612,1284,-28,-13848,105,324,84
77629412,1304,-8,-13648,61,344,97
77635312,1400,-148,-13652,52,381,99
77708210,1360,-12,-13796,103,359,109
77709712,1360,-12,-13796,103,359,109
77714612,1184,-112,-13628,28,350,103
77719412,1244,-28,-13840,121,321,82
77725412,1344,-112,-13820,92,330,121
77730212,1288,-16,-13744,72,343,72
77735012,1384,-140,-13752,94,335,82
77739812,1364,-84,-13792,85,337,81
77744612,1352,-140,-13716,82,335,79
77749412,1416,-140,-13712,110,336,71
77842610,1380,-48,-13744,87,329,84
77845212,1380,-48,-13744,87,329,84
77850012,1296,-104,-13600,108,303,95
77854812,1324,-8,-13752,48,351,70
77859712,1392,-184,-13668,51,350,87
77864512,1416,-92,-13820,122,333,95
77870412,1340,-52,-13568,129,310,101
77875212,1348,-60,-13572,53,333,65
77880012,1400,-128,-13504,79,357,83
77884812,1492,-128,-13844,76,352,86
77957713,1268,-152,-13728,88,311,101
77971212,1416,-36,-13608,77,337,78
77975112,1260,-128,-13672,75,304,104
77980012,1352,-132,-13740,105,323,94
77984812,1372,-128,-13632,56,348,83
77989612,1368,-96,-13660,73,341,85
77994412,1344,-52,-13676,71,331,75
78000312,1392,-32,-13556,72,341,80
78092610,1540,-176,-13732,95,363,73
78095312,1540,-176,-13732,95,363,73
78100112,1460,-156,-13728,111,321,74
78104912,1448,-4,-13736,108,315,91
78109712,1412,-96,-13520,88,349,66
78114512,1300,-96,-13672,87,345,97
78120412,1412,-52,-13648,92,367,75
78125312,1288,-84,-13712,118,348,83
78130112,1308,0,-13964,94,294,100
78134912,1180,-104,-13856,85,355,82
78139712,1368,-124,-13796,76,342,89
78144512,1300,-92,-13772,89,332,126
78216812,1372,-80,-13836,81,324,89
78219612,1372,-80,-13836,81,324,89
78224512,1316,0,-13728,91,316,74
78230412,1356,-68,-13780,87,353,72
78235212,1300,-32,-13628,57,347,90
78240012,1336,-84,-13548,89,317,84
78330212,1336,-84,-13548,89,317,84
78335112,1440,-80,-13820,108,328,87
78339912,1436,-64,-13644,83,336,90
78344712,1464,36,-13756,92,337,86
78349512,1432,-124,-13764,85,332,77
78354412,1316,-80,-13640,70,354,76
78360312,1324,-148,-13680,49,333,109
78365112,1356,4,-13792,90,367,105
78369912,1444,-48,-13688,66,341,111
78374712,1352,-88,-13604,78,336,93
78379512,1236,-128,-13632,85,371,104
78385412,1468,-124,-13844,90,341,102
78390212,1404,-96,-13620,84,360,104
78395112,1256,-76,-13768,90,344,99
78490812,1228,-88,-13668,85,340,117
78515112,1308,-48,-13732,59,348,91
78520012,1520,-148,-13604,81,355,100
78613510,1384,-140,-13624,75,354,102
78615119,1384,-140,-13624,75,354,102
78620112,1464,-68,-13828,78,332,131
78624912,1244,-164,-13796,81,339,83
78629712,1256,-144,-13584,100,361,106
78634512,1260,-112,-13768,83,364,113
78640412,1292,-80,-13644,97,344,105
78645312,1324,-192,-13572,84,370,72
78650112,1324,-68,-13588,79,326,93
78654912,1396,-104,-13700,92,340,90
78659712,1344,-12,-13688,96,342,100
78664512,1388,-84,-13568,94,351,106
78670412,1444,-92,-13748,78,352,90
78675212,1336,-84,-13724,63,362,88
78680012,1436,-80,-13600,59,345,104
78684912,1440,4,-13688,97,325,96
78689712,1424,-164,-13880,78,321,96
78855812,1440,-56,-13736,84,333,106
78859612,1408,-176,-13780,55,353,103
78864412,1400,-16,-13764,91,361,71
78870312,1264,-44,-13628,89,372,85
78875112,1368,-96,-13708,86,366,110
78880012,1428,-68,-13700,76,357,80
78884812,1320,-68,-13788,65,319,90
78889612,1348,-56,-13516,88,345,105
78894412,1296,-164,-13964,95,356,104
78900312,1384,-44,-13800,76,353,75
78905112,1340,-72,-13596,75,345,80
78909912,1344,-96,-13728,96,306,93
78914712,1376,-128,-13748,78,335,80
78919612,1376,-112,-13664,89,354,83
78924412,1412,-204,-13764,72,350,107
78934212,1376,-176,-13640,93,332,95
78935712,1376,-176,-13640,93,332,95
78939512,1364,16,-13720,92,331,95
79030710,1356,-64,-13588,104,351,109
79034510,1436,-96,-13628,94,357,103
79107912,1364,-84,-13700,66,337,114
79109512,1364,-84,-13700,66,337,114
79114412,1392,-148,-13524,87,350,103
79120312,1372,4,-13564,94,325,88
79125112,1228,4,-13780,68,346,97
79129912,1272,-128,-13532,88,356,105
79134712,1360,-12,-13696,77,337,95
79139512,1400,-60,-13688,89,358,88
79144412,1356,-108,-13688,76,355,113
79150312,1312,36,-13772,87,355,101
79155112,1388,-92,-13752,90,342,95
79159912,1308,-76,-13772,98,355,92
79164712,1300,-64,-13632,93,357,92
79169512,1252,-32,-13672,51,332,106
79175412,1332,-144,-13696,75,339,99
79268812,1376,-52,-13704,60,339,84
79270412,1376,-52,-13704,60,339,84
79275212,1432,-52,-13724,80,343,93
79280012,1448,-140,-13692,83,328,96
79284812,1372,-52,-13704,87,337,88
79356410,1288,-128,-13744,94,349,94
79360312,1504,-116,-13724,64,341,112
79365112,1368,-88,-13680,67,331,83
79369912,1360,-64,-13776,101,347,80
79374712,1384,-64,-13728,85,330,120
79379512,1468,40,-13624,87,343,98
79384412,1460,-128,-13456,83,344,98
79390312,1400,-124,-13768,87,331,88
79395112,1332,-152,-13668,71,348,96
79399912,1400,-156,-13536,94,334,88
79404712,1448,-84,-13708,87,363,98
79409512,1376,-8,-13808,74,338,88
79415412,1168,-116,-13760,51,336,92
79529212,1388,-48,-13684,90,354,117
79543612,1356,-8,-13716,86,334,90
79545212,1356,-8,-13716,86,334,90
79550012,1384,-136,-13636,69,352,80
79554812,1380,28,-13752,87,327,105
79559612,1468,-92,-13676,97,340,110
79564412,1440,-24,-13668,48,318,106
79636412,1384,-144,-13700,79,345,111
79640212,1328,-72,-13668,84,333,116
79645112,1372,-144,-13704,93,341,95
79649912,1376,-256,-13780,106,340,108
79654712,1420,-188,-13800,72,343,109
79659512,1476,-116,-13732,97,332,98
79665412,1324,-120,-13700,108,361,101
79670212,1304,-64,-13688,80,358,108
79675112,1276,-132,-13576,52,315,120
79679912,1276,-92,-13720,128,412,81
79684712,1348,24,-13668,54,301,90
79689512,1516,-136,-13672,66,333,110
79780310,1516,-136,-13672,66,333,110
79785312,1340,48,-13720,98,352,104
79790112,1404,-180,-13644,89,350,96
79795012,1356,-24,-13572,74,347,89
79799812,1424,-180,-13848,76,365,106
79804612,1328,-108,-13504,63,362,112
79809412,1372,-248,-13684,78,331,112
79815312,1336,-84,-13964,70,301,94
79888712,1364,-4,-13844,79,352,115
79890212,1364,-4,-13844,79,352,115
79895112,1384,-104,-13596,82,343,126
79899912,1432,-144,-13824,90,337,95
79904712,1356,12,-13712,77,342,130
79909512,1324,68,-13632,99,371,116
79915412,1396,-32,-13880,89,331,117
79920212,1440,-68,-13640,64,327,107
79925112,1276,16,-13592,79,339,109
79945810,1392,-24,-13808,79,332,94
80038411,1292,-44,-13648,51,351,109
80040011,1292,-44,-13648,51,351,109
80044911,1392,-116,-13444,84,340,92
80049711,1368,-164,-13704,72,338,80
80054511,1336,-40,-13820,69,346,119
80060411,1400,-68,-13668,65,343,95
80065211,1380,-64,-13736,64,374,110
80070011,1408,-80,-13672,83,347,82
80074911,1396,-64,-13692,83,345,105
80079711,1304,-40,-13732,82,357,91
80151810,1312,-92,-13852,67,328,93
80154610,1332,-72,-13508,68,329,110
80159412,1292,-32,-13840,87,326,91
80165312,1460,20,-13884,87,349,117
80170112,1352,-28,-13888,77,344,87
80174912,1220,-96,-13660,91,360,92
80179712,1308,-64,-13744,81,322,98
80184512,1380,48,-13640,108,353,87
80275610,1332,-84,-13688,70,348,102
80279412,1312,-28,-13796,99,352,90
80285312,1380,-32,-13716,79,321,96
80290112,1388,-96,-13756,90,344,75
80294912,1344,-92,-13756,66,349,78
80299712,1352,-132,-13764,92,320,93
80304512,1388,36,-13716,96,330,91
80309412,1408,-48,-13640,81,348,86
80315312,1392,-104,-13640,110,352,109
80320112,1420,-60,-13704,88,346,87
80324912,1324,-144,-13660,102,335,91
80329712,1348,-156,-13676,78,342,87
80401412,1324,-104,-13600,97,354,87
80405312,1364,-88,-13864,95,321,104
80410112,1356,-48,-13816,69,349,97
80414912,1284,-108,-13628,97,335,68
80419712,1352,-16,-13732,89,351,94
80536412,1292,-108,-13656,75,326,81
80552010,1324,-68,-13792,72,327,90
80554610,1500,-8,-13728,101,328,114
80559412,1396,-124,-13740,94,325,90
80565312,1348,-140,-13612,74,325,92
80570112,1296,-76,-13588,92,335,86
80575012,1412,-36,-13676,39,324,104
80579812,1288,-68,-13736,87,360,105
80584612,1384,-32,-13628,101,344,102
80589412,1332,-100,-13740,84,352,87
80595312,1280,-152,-13592,116,335,105
80600112,1324,-108,-13632,81,360,101
80604912,1312,-68,-13768,54,339,112
80609712,1372,-216,-13448,105,348,99
80614612,1252,-20,-13724,70,316,87
80687410,1380,-48,-13596,80,342,100
80690010,1348,-68,-13844,86,342,96
80694812,1448,-96,-13776,94,354,83
80788711,1428,-12,-13644,75,332,115
80790311,1428,-12,-13644,75,332,115
80795111,1392,-68,-13692,102,330,102
80799911,1352,-12,-13648,76,353,93
80804711,1264,-160,-13780,83,339,90
80809611,1448,-16,-13648,87,324,109
80814411,1392,-128,-13632,65,359,114
80820311,1328,-68,-13692,89,359,103
80825111,1420,-160,-13692,73,352,88
80829911,1352,-52,-13788,99,360,118
80834711,1416,-100,-13660,102,320,115
80839511,1252,-100,-13616,69,322,96
80845411,1400,-60,-13636,69,337,100
80850311,1424,-124,-13776,91,344,123
80855111,1288,-100,-13604,77,331,90
80859911,1236,-44,-13712,97,344,113
80864711,1296,-96,-13548,69,344,87
81031112,1420,-104,-13692,65,338,106
81051812,1328,-76,-13688,70,345,122
81054412,1376,-112,-13660,85,328,100
81060312,1380,-32,-13860,86,336,101
81065212,1332,16,-13596,84,334,106
81070012,1396,-96,-13624,65,349,72
81074812,1372,-68,-13752,75,356,89
81079612,1364,-112,-13780,80,348,92
81084412,1348,-48,-13648,107,367,110
81090312,1328,-76,-13760,74,355,111
81095112,1476,-12,-13800,91,333,99
81099912,1392,-120,-13784,102,356,108
81104812,1300,-60,-13700,98,345,109
81109612,1376,-40,-13852,101,360,88
81114412,1356,-156,-13692,78,350,100
81120312,1420,-24,-13668,94,332,101
81125112,1316,52,-13608,94,325,93
81216310,1248,-68,-13780,105,326,80
81220212,1252,0,-13724,89,368,88
81225012,1452,-76,-13868,89,352,102
81297513,1276,-88,-13700,61,391,93
81300312,1440,-4,-13856,40,372,78
81305112,1308,28,-13816,116,302,103
81309912,1312,-80,-13700,78,340,104
81314712,1368,56,-13808,63,391,63
81319612,1364,48,-13652,74,346,61
81324412,1388,44,-13700,101,304,78
81330312,1240,-28,-13724,63,314,81
81335112,1320,28,-13676,67,353,90
81339912,1360,-180,-13624,54,364,84
81344712,1488,-64,-13676,67,325,71
81349512,1340,-156,-13792,107,320,76
81355412,1444,-212,-13648,110,337,97
81360312,1384,-140,-13740,62,370,110
81454110,1376,-60,-13704,120,324,83
81467512,1412,-64,-13808,66,349,94
81470112,1348,-148,-13672,83,334,74
81474912,1440,-88,-13676,78,365,90
81479712,1456,-68,-13628,90,356,93
81484512,1432,-44,-13752,92,341,103
81580310,1320,-224,-13700,73,334,78
81585312,1504,-108,-13884,106,327,96
81590112,1288,-296,-13404,46,355,83
81594912,1316,-168,-14056,218,255,94
81599712,1260,-312,-13612,-32,469,107
81604512,1376,-132,-13432,72,337,99
81609412,1512,-124,-14116,150,316,92
81615312,1228,-244,-13276,4,311,111
81620112,1384,-160,-14036,219,281,136
81624912,1500,-180,-13632,-20,457,103
81629712,1448,-132,-13800,56,335,106
81634512,1344,-100,-13988,118,337,123
81726610,1452,-212,-13848,58,343,106
81730412,1360,-76,-13660,77,346,98
81735212,1332,-52,-13564,93,317,129
81740112,1312,-120,-13836,98,322,107
81744912,1308,-152,-13756,96,324,102
81749712,1272,-72,-13708,67,332,100
81754512,1176,-88,-13676,63,357,77
81760412,1352,-100,-13724,103,332,91
81834312,1312,48,-13680,134,340,136
81835912,1312,48,-13680,134,340,136
81839612,1312,-220,-13712,49,395,108
81844412,1376,20,-13852,34,396,128
81850312,1316,-56,-13484,127,295,124
81855112,1152,-164,-13748,76,301,132
81859912,1240,-128,-13800,45,416,116
81864812,1412,-132,-13572,88,299,122
81869612,1400,-160,-13692,95,329,102
81874412,1260,-124,-13820,56,372,98
81965510,1484,124,-14048,39,283,96
81980269,1492,-108,-13956,54,453,105
81985210,1496,-12,-13728,124,353,88
81990010,1368,-176,-13564,65,299,89
81994912,1320,-68,-13812,89,338,90
81999712,1424,-192,-13820,139,371,92
82004512,1388,-128,-13884,71,283,77
82010412,1300,-92,-13588,84,351,70
82015212,1328,-68,-13824,21,368,80
82020012,1392,-4,-13948,136,372,84
82093012,1388,32,-13744,89,340,118
82094612,1260,-188,-13696,115,323,98
82099412,1320,-36,-13752,113,352,70
82105312,1520,-60,-13772,67,412,83
82110112,1192,-204,-13352,5,319,35
82115012,1272,-96,-14156,171,346,82
82119812,1272,-188,-13864,113,240,58
82124612,1252,-60,-13548,-4,430,36
82217910,1180,-8,-13612,60,369,63
82219512,1284,-236,-13972,92,346,79
82225412,1184,-204,-13692,67,289,56
82230312,1240,-88,-13752,136,368,36
82235112,1340,-192,-13736,62,323,54
82239912,1496,-124,-13592,62,379,67
82244712,1460,-184,-13772,109,347,58
82249512,1480,-140,-13588,61,309,61
82255412,1468,-28,-13724,94,344,83
82260312,1496,-136,-13588,88,317,91
82265112,1488,16,-13828,94,319,105
82269912,1488,36,-13408,81,353,104
82342112,1336,-156,-13696,100,351,61
82344913,1432,-184,-13820,63,344,45
82349712,1388,-216,-13736,76,320,61
82354512,1412,-232,-13648,89,329,76
82359412,1332,-188,-13816,94,340,72
82365312,1444,-20,-13724,70,345,96
82455620,1444,-20,-13724,70,345,96
82472710,1404,-180,-13704,75,346,73
82475310,1428,-120,-13684,105,330,75
82480110,1420,-24,-13856,65,326,71
82485012,1344,-152,-13536,91,329,75
82489812,1400,-148,-13620,86,340,82
82494612,1452,-192,-13768,84,336,102
82499412,1540,-8,-13656,71,358,130
82505312,1476,-80,-13732,60,342,114
82510112,1416,-172,-13680,54,336,114
82514912,1320,-44,-13628,48,365,123
82519712,1320,-64,-13688,74,363,128
82524612,1468,16,-13560,92,347,105
82529412,1428,-40,-13700,62,340,105
82627112,1432,-160,-13624,92,346,132
82629812,1380,-108,-13560,98,334,138
82634712,1264,-160,-13732,69,351,129
82639512,1364,-112,-13728,49,375,118
82644412,1268,-108,-13616,66,338,123
82734510,1380,-52,-13740,105,368,106
82739512,1368,0,-13828,67,324,130
82745412,1376,-56,-13588,98,324,157
82750212,1404,-104,-13584,88,338,155
82755012,1420,12,-13656,80,360,126
82759812,1360,-152,-13684,107,327,142
82764712,1408,-68,-13796,91,341,120
82769512,1308,-108,-13668,80,368,107
82775412,1292,-48,-13672,81,340,108
82780212,1352,-120,-13784,96,328,106
82785012,1336,-132,-13700,66,358,87
82789812,1316,-68,-13752,77,363,108
82794612,1248,-80,-13840,90,328,114
82799412,1368,-92,-13636,104,326,74
82805412,1344,-52,-13680,73,351,96
82878710,1324,-164,-13788,87,367,123
82880312,1324,-164,-13788,87,367,123
82972621,1324,-52,-13772,77,341,99
82989512,1336,0,-13712,59,354,97
82995412,1424,-132,-13736,75,357,86
83000212,1448,-156,-13636,80,343,91
83005012,1400,28,-13720,111,336,84
83009812,1316,-100,-13588,102,349,107
83014612,1248,-64,-13720,87,339,79
83019412,1420,-244,-13784,73,340,93
83025312,1400,-132,-13772,85,341,106
83030212,1340,-72,-13684,71,326,92
83035012,1288,-172,-13644,97,360,73
83039812,1336,-104,-13800,90,341,83
83044612,1264,-132,-13708,89,360,93
83049412,1424,-224,-13816,107,333,86
83055312,1352,-64,-13820,86,315,102
83060112,1380,-68,-13792,71,354,112
83153512,1316,-28,-13680,91,328,84
83155113,1364,-96,-13696,93,316,73
83229812,1320,-316,-13728,66,384,106
83235012,1420,-372,-13660,94,322,123
83239812,1256,-292,-13816,76,362,100
83244612,1352,-392,-13748,86,342,103
83249412,1276,-340,-13700,99,355,136
83255312,1276,-436,-13688,91,338,131
83260112,1332,-344,-13728,77,344,116
83265012,1316,-236,-13712,89,324,138
83269812,1268,-232,-13768,103,308,121
83274612,1292,-264,-13700,102,329,126
83279412,1348,12,-13908,72,336,119
83285312,1380,-4,-13692,92,305,108
83290112,1416,88,-13604,81,330,111
83294912,1344,140,-13588,63,352,112
83299712,1452,184,-13756,86,328,92
83393110,1352,-308,-13624,80,296,97
83394612,1284,-400,-13716,72,340,140
83399512,1372,-372,-13756,52,356,120
83405412,1328,-372,-13772,81,316,108
83410312,1288,-396,-13600,105,319,89
83484212,1440,428,-13660,65,329,98
83496510,1488,292,-13648,104,291,87
83500210,1484,176,-13616,91,336,83
83505012,1372,264,-13768,77,311,69
83509812,1300,188,-13764,128,266,71
83514612,1280,164,-13536,87,288,52
83519412,1412,68,-13652,90,363,41
83525312,1392,-4,-13712,98,334,45
83530112,1336,-72,-13708,111,270,51
83535012,1436,-284,-13688,106,341,38
83539812,1472,-328,-13524,47,346,60
83544612,1464,-284,-13688,103,362,53
83549412,1448,-476,-13528,79,305,71
83667310,1320,280,-13728,115,360,87
83670010,1408,148,-13604,52,343,111
83675012,1368,92,-13792,75,320,90
83679812,1252,56,-13696,95,345,88
83684612,1284,-8,-13640,64,359,103
83689412,1288,-148,-13764,88,350,105
83695312,1240,-180,-13664,72,335,126
83767310,1244,-44,-13696,103,357,81
83769910,1388,-24,-13708,65,351,78
83774712,1380,36,-13572,82,355,87
83779512,1476,112,-13724,70,335,77
83785412,1440,120,-13796,68,330,104
83790212,1476,208,-13808,84,353,125
83795012,1524,316,-13656,65,337,125
83799812,1496,280,-13744,86,332,130
83804712,1624,356,-13612,112,329,143
83809512,1652,244,-13644,70,330,123
83903910,1428,-424,-13708,94,339,98
83905410,1412,-536,-13756,91,351,118
83910312,1384,-396,-13660,94,360,126
83915112,1468,-300,-13684,78,359,126
83919912,1248,-200,-13680,69,366,131
83924812,1392,-108,-13564,87,338,130
83934813,1352,120,-13884,72,350,144
83939712,1340,84,-13708,83,360,123
83944512,1256,268,-13684,83,351,145
83950412,1332,192,-13772,98,347,113
84023210,1332,-264,-13728,94,359,114
84024881,1320,-188,-13776,107,340,109
84029810,1272,-348,-13756,109,329,121
84034610,1228,-308,-13768,86,347,121
84039512,1260,-384,-13740,99,353,128
84045412,1168,-404,-13772,84,333,113
84050212,1228,-272,-13532,70,337,116
84055012,1256,-320,-13636,62,352,113
84059812,1316,-284,-13664,60,335,109
84151110,1368,124,-13536,79,343,91
84154812,1484,36,-13780,65,335,109
84159612,1456,-64,-13612,85,330,103
84164412,1412,-140,-13628,88,345,105
84170312,1384,-164,-13764,84,342,85
84175112,1436,-200,-13820,72,342,84
84179912,1364,-188,-13780,71,351,94
84184812,1364,-396,-13760,102,350,89
84189612,1352,-276,-13724,85,347,71
84194412,1304,-300,-13680,90,342,69
84200312,1152,-312,-13552,78,348,73
84274112,1524,92,-13576,110,342,129
84275712,1400,96,-13560,93,335,94
84279412,1344,104,-13704,86,368,110
84285312,1380,228,-13852,115,332,99
84290112,1400,152,-13740,91,326,102
84295012,1400,148,-13728,82,348,86
84299812,1284,-236,-13696,91,335,132
84390310,1312,-160,-13584,90,341,128
84395312,1344,-196,-13740,74,357,119
84400112,1300,-132,-13696,85,329,117
84405012,1296,-40,-13792,81,330,91
84409812,1412,-96,-13744,81,334,76
84414612,1400,0,-13612,89,360,91
84419412,1400,0,-13612,89,360,91
84425312,1504,44,-13668,113,360,77
84436419,1500,88,-13616,83,347,96
84440210,1500,100,-13708,77,357,90
84445112,1420,120,-13768,90,332,69
84449912,1424,124,-13768,86,339,83
84454712,1448,148,-13592,89,361,104
84526310,1340,-316,-13720,94,334,73
84530110,1404,-296,-13832,74,341,91
84534910,1336,-308,-13704,89,355,76
84539812,1260,-260,-13728,93,356,82
84544612,1312,-316,-13692,92,337,106
84635710,1328,-4,-13600,89,342,92
84639610,1356,48,-13912,66,359,64
84661612,1372,-284,-13656,82,342,72
84665412,1360,-212,-13808,72,344,61
84670212,1308,-264,-13748,80,346,61
84675012,1352,-320,-13616,75,345,85
84679812,1336,-280,-13840,94,338,67
84684612,1312,-376,-13860,70,319,95
84689412,1312,-376,-13860,70,319,95
84695312,1460,-408,-13736,73,334,105
84700112,1324,-348,-13792,83,347,112
84705012,1264,-348,-13824,92,318,117
84709812,1368,-188,-13596,100,327,140
84714612,1360,-180,-13616,80,350,124
84719412,1360,-180,-13616,80,350,124
84792510,1476,-8,-13544,94,357,77
84795112,1412,12,-13716,67,357,71
84799912,1460,-28,-13836,90,350,92
84893510,1460,60,-13796,107,352,78
84895110,1352,8,-13576,84,331,85
84900112,1372,-24,-13660,78,356,90
84904912,1392,100,-13624,61,343,106
84909712,1408,108,-13588,90,322,110
84914512,1408,108,-13588,90,322,110
84920412,1388,36,-13652,100,340,120
84925312,1468,144,-13856,62,346,112
84935312,1456,100,-13684,92,359,109
84940112,1432,8,-13712,83,331,103
84944912,1348,-72,-13576,79,343,124
84949712,1380,52,-13712,79,334,115
84954512,1380,52,-13712,79,334,115
84960412,1428,-116,-13812,63,333,117
84965212,1368,-132,-13676,85,318,102
84970012,1340,-172,-13712,100,342,89
84974912,1368,-300,-13756,76,340,71
85046712,1516,-156,-13732,80,338,107
85139412,1336,-148,-13660,61,344,90
85145412,1448,-192,-13644,64,363,104
85150312,1452,-124,-13676,82,366,108
85155112,1316,-296,-13644,74,365,80
85159912,1308,-280,-13668,56,338,100
85164712,1308,-280,-13668,56,338,100
85169512,1260,-176,-13704,72,342,119
85175412,1288,-160,-13604,83,327,109
85180212,1280,-204,-13808,101,334,124
85185012,1408,-160,-13900,79,334,104
85189912,1268,-148,-13540,93,362,85
85194712,1268,-148,-13540,93,362,85
85199512,1332,-160,-13716,75,323,102
85205412,1288,36,-13508,85,335,94
85210212,1444,-20,-13700,77,328,88
85215012,1292,-76,-13980,70,342,117
85305010,1412,-120,-13676,84,322,106
85309912,1400,-264,-13800,78,347,76
85314712,1400,-264,-13800,78,347,76
85388312,1428,-100,-13636,72,325,123
85389812,1428,-100,-13636,72,325,123
85394712,1508,44,-13796,75,331,129
85399512,1376,-112,-13604,76,327,117
85405412,1476,-48,-13640,88,349,99
85410312,1372,72,-13728,82,349,97
85415112,1428,-4,-13608,89,368,91
85419912,1408,20,-13716,72,351,88
85424712,1408,20,-13716,72,351,88
85449012,1324,-92,-13684,88,331,95
85450512,1392,-12,-13772,92,327,80
85455412,1364,-168,-13520,78,328,68
85460212,1332,-12,-13792,85,357,99
85465012,1312,-220,-13616,83,354,83
85469912,1312,-220,-13616,83,354,83
85474712,1404,-108,-13684,91,329,91
85567010,1384,44,-13640,80,368,97
85569610,1384,44,-13640,80,368,97
85574512,1500,72,-13568,82,372,84
85580412,1396,32,-13560,66,336,89
85675712,1380,-84,-13576,73,361,100
85679612,1380,-84,-13576,73,361,100
85684412,1396,-136,-13800,101,341,108
85690312,1392,36,-13712,83,336,93
85695112,1404,-80,-13800,110,329,101
85699912,1404,-80,-13800,110,329,101
85704712,1396,-44,-13660,80,335,88
85709512,1436,-44,-13656,101,337,101
85714412,1480,-84,-13808,79,360,103
85720312,1324,172,-13660,101,348,113
85725112,1468,76,-13848,86,348,99
85729912,1468,76,-13848,86,348,99
85734712,1320,-12,-13768,73,355,91
85827310,1392,-156,-13696,65,341,103
85830013,1392,-156,-13696,65,341,103
85834812,1296,-172,-13772,79,355,103
85839612,1388,-188,-13628,68,343,87
85844412,1392,-28,-13656,87,334,117
85850312,1352,-96,-13680,74,353,109
85855112,1408,-16,-13628,77,326,112
85928013,1488,-156,-13792,112,334,100
85945110,1344,-148,-13820,95,353,103
85950012,1312,-124,-13464,87,336,109
85954812,1372,-80,-13828,79,352,111
85959612,1212,-140,-13780,74,344,94
85964512,1400,-224,-13680,102,315,97
85970412,1316,-164,-13660,83,336,107
85975212,1284,-68,-13732,70,374,108
85980012,1284,-68,-13732,70,374,108
85984812,1372,-124,-13656,82,337,100
85989612,1320,-240,-13796,109,329,108
86081012,1304,-12,-13664,63,379,101
86084912,1304,-12,-13664,63,379,101
86089712,1264,-20,-13768,83,349,92
86094512,1320,-44,-13804,90,330,91
86100412,1308,-160,-13676,89,332,86
86105212,1308,-160,-13676,89,332,86
86110012,1324,-148,-13648,88,347,84
86114812,1292,-100,-13688,68,341,99
86119712,1288,-204,-13700,70,325,90
86193010,1392,-28,-13560,87,348,104
86194612,1392,-28,-13560,87,348,104
86199412,1292,88,-13624,55,353,102
86205312,1468,52,-13700,80,332,102
86210112,1468,52,-13700,80,332,102
86214912,1356,-4,-13684,76,342,80
86219712,1372,24,-13560,83,314,77
86224512,1372,-32,-13684,92,347,128
86319011,1376,-16,-13560,73,361,103
86320611,1320,-92,-13708,62,371,113
86325411,1312,-72,-13820,63,354,106
86330211,1312,-72,-13820,63,354,106
86335011,1412,-100,-13568,88,322,89
86339811,1388,24,-13660,75,329,106
86344611,1444,-28,-13680,96,347,95
86349411,1384,88,-13640,74,359,72
86355411,1440,-24,-13828,94,342,98
86360211,1440,-24,-13828,94,342,98
86365011,1192,-48,-13696,75,339,97
86369811,1492,32,-13768,92,355,97
86441212,1376,-144,-13644,82,337,98
86454612,1340,-164,-13680,78,335,77
86459612,1264,-140,-13936,86,339,101
86464512,1264,-72,-13844,93,330,84
86470412,1344,-108,-13680,81,350,90
86475212,1344,-108,-13680,81,350,90
86567410,1348,-40,-13756,104,368,88
86570012,1348,-40,-13756,104,368,88
86574812,1316,-12,-13728,88,323,83
86579612,1384,-132,-13604,89,336,80
86584512,1376,-68,-13676,78,370,95
86590412,1352,-108,-13612,97,348,96
86595212,1396,-192,-13724,79,339,96
86600012,1412,-216,-13776,78,349,84
86604812,1372,-176,-13560,81,340,108
86609612,1420,-92,-13676,70,361,96
86614412,1296,-228,-13676,102,340,118
86620312,1300,-76,-13684,83,348,84
86625212,1352,-172,-13792,70,347,117
86630012,1464,-112,-13652,74,339,94
86726912,1392,-88,-13792,76,331,106
86729712,1392,-88,-13792,76,331,106
86734612,1424,-60,-13584,87,334,102
86739412,1304,52,-13756,91,357,110
86829510,1304,52,-13756,91,357,110
86834512,1332,-168,-13680,75,327,114
86840412,1404,-12,-13704,52,371,95
86845212,1380,-60,-13656,80,333,96
86850012,1360,4,-13724,72,341,95
86854812,1332,-8,-13624,74,350,107
86859712,1476,-100,-13752,84,318,88
86864512,1336,-80,-13544,75,361,105
86870412,1408,-48,-13732,72,361,109
86875212,1336,-152,-13532,99,351,104
86880012,1360,-200,-13720,93,349,97
86884812,1452,-52,-13824,82,335,92
86889612,1344,-64,-13616,85,352,93
86894412,1356,-96,-13604,81,330,95
86900412,1460,-192,-13696,84,341,96
86905212,1296,-100,-13744,105,347,94
87070870,1328,-100,-13524,104,320,105
87095212,1328,-160,-13736,80,349,109
87100112,1352,-56,-13772,75,328,83
87104912,1412,-152,-13812,136,355,102
87109812,1440,-100,-13792,44,374,101
87114612,1264,-156,-13708,95,326,99
87119412,1276,-32,-13700,96,343,70
87125312,1456,-12,-13824,68,378,99
87130112,1448,-28,-13680,92,333,88
87134912,1384,-124,-13876,80,321,95
87139712,1384,-44,-13668,78,340,76
87144512,1340,-24,-13616,104,345,88
87149412,1352,28,-13748,96,346,105
87155312,1408,-184,-13872,87,356,86
87160112,1348,-68,-13796,75,326,99
87164912,1444,-8,-13572,73,347,120
87169712,1420,-88,-13704,78,353,86
87260012,1420,-88,-13704,78,353,86
87265012,1360,-148,-13820,87,337,79
87269812,1412,-100,-13640,98,328,86
87342310,1356,-52,-13748,92,358,91
87344910,1356,-52,-13748,92,358,91
87349712,1352,28,-13788,96,352,95
87354512,1372,-156,-13708,97,325,88
87360412,1420,-100,-13784,86,353,87
87365212,1416,-116,-13744,86,327,82
87370012,1316,-128,-13660,77,334,83
87374812,1296,-124,-13732,84,346,105
87379712,1356,-180,-13732,102,345,80
87384512,1276,-196,-13644,97,338,88
87390412,1412,-148,-13596,70,343,72
87395212,1452,-152,-13596,83,349,95
87400012,1340,-216,-13684,98,321,94
87404812,1372,-128,-13668,100,359,110
87497312,1352,-8,-13652,83,344,66
87509612,1392,-200,-13856,94,343,89
87514412,1384,-156,-13728,91,340,94
87520412,1344,-128,-13792,75,349,111
87525212,1392,-68,-13720,63,343,86
87530012,1336,-136,-13732,88,326,100
87602610,1444,4,-13644,85,322,95
87605413,1444,4,-13644,85,322,95
87610212,1420,-84,-13600,96,340,93
87615112,1344,0,-13836,93,324,90
87619912,1360,-24,-13712,65,345,97
87624712,1308,-152,-13628,57,342,96
87629512,1332,-60,-13808,90,325,106
87635412,1344,-44,-13576,71,332,105
87640212,1368,56,-13576,84,349,91
87645112,1416,-84,-13668,77,341,115
87649912,1376,-100,-13732,79,340,85
87654712,1408,-88,-13792,83,334,118
87770012,1364,-104,-13756,78,355,112
87775012,1340,-28,-13792,95,349,87
87779812,1248,-108,-13532,70,328,117
87784612,1496,-64,-13580,67,336,113
87789412,1392,-48,-13860,81,339,86
87795312,1412,-88,-13636,73,325,75
87800112,1456,-48,-13708,111,328,96
87804912,1368,-128,-13752,88,335,86
87876412,1440,-136,-13656,70,331,102
87880112,1440,-136,-13656,70,331,102
87884912,1440,-64,-13672,77,346,106
87889712,1356,8,-13692,92,331,84
87894512,1272,-68,-13824,102,336,88
87900412,1328,-120,-13712,65,356,117
87905212,1384,-148,-13652,98,352,80
87910012,1324,-112,-13820,106,329,106
87914912,1372,-168,-13672,90,332,101
88006610,1344,-100,-13764,63,342,109
88027312,1368,-140,-13692,79,347,100
88029912,1368,-140,-13692,79,347,100
88034712,1384,-180,-13752,77,337,110
88039612,1288,-180,-13672,65,346,114
88044412,1424,-216,-13804,72,343,108
88050312,1432,-72,-13756,82,339,80
88055112,1356,-64,-13676,104,349,107
88059912,1316,-176,-13552,72,339,93
88064712,1208,-112,-13800,60,340,94
88069512,1448,-68,-13776,60,337,98
88143110,1380,-64,-13728,72,338,102
88144710,1380,-64,-13728,72,338,102
88149511,1344,-32,-13808,84,352,86
88155411,1312,-48,-13696,99,341,74
88160211,1304,-144,-13760,95,320,97
88165011,1424,-16,-13744,79,347,107
88169811,1336,-112,-13592,82,347,97
88174611,1304,-140,-13600,73,349,83
88264719,1304,-140,-13600,73,349,83
88269812,1292,-88,-13664,94,349,72
88274612,1364,44,-13792,70,357,82
88279412,1388,-144,-13724,78,324,96
88285312,1368,-64,-13752,81,331,77
88290112,1392,-92,-13608,79,352,107
88294912,1344,-64,-13732,86,339,82
88299712,1384,-140,-13788,73,346,97
88304512,1364,-60,-13848,77,328,87
88309412,1384,12,-13588,96,363,119
88315312,1372,-108,-13712,62,348,98
88320112,1464,-72,-13704,66,325,100
88392112,1296,-172,-13652,48,357,108
88394912,1296,-172,-13652,48,357,108
88399812,1364,-120,-13592,81,359,83
88404612,1400,-56,-13712,75,315,101
88409412,1404,-64,-13644,114,324,94
88500510,1376,-140,-13608,77,344,95
88513812,1364,-204,-13696,107,332,80
88515312,1364,-204,-13696,107,332,80
88520212,1396,-232,-13740,92,358,99
88525012,1300,-100,-13736,91,317,95
88529912,1400,-68,-13772,103,322,110
88534712,1424,-168,-13768,90,365,113
88539512,1296,-56,-13668,98,318,119
88545412,1416,-80,-13616,74,360,92
88550212,1296,-52,-13696,90,350,108
88555012,1336,-16,-13800,89,347,92
88559812,1404,-124,-13648,95,349,103
88564612,1340,-84,-13608,69,358,102
88569512,1336,8,-13740,52,348,97
88575412,1304,28,-13776,101,342,77
88648210,1380,-36,-13732,100,340,102
88649712,1380,-36,-13732,100,340,102
88654612,1380,-132,-13884,78,334,115
88659512,1400,-144,-13852,84,353,127
88775312,1420,40,-13876,78,339,84
88780312,1484,12,-13628,83,341,105
88785112,1384,-68,-13704,90,331,107
88789912,1384,-72,-13608,63,349,115
88794712,1424,-8,-13632,89,351,100
88799612,1372,-96,-13612,101,339,83
88804412,1296,-60,-13740,83,343,92
88810312,1276,-72,-13796,55,338,97
88815112,1372,-136,-13632,62,357,102
88819912,1352,-168,-13648,97,328,74
88824712,1352,-148,-13744,91,356,79
88829512,1360,-148,-13636,72,344,107
88835412,1348,-92,-13828,110,342,95
88840312,1452,-88,-13740,74,343,106
88845112,1336,-120,-13708,65,347,119
88849912,1432,-72,-13932,90,358,107
88922812,1316,-152,-13672,70,354,86
89015413,1316,-152,-13672,70,354,86
89036110,1424,-144,-13764,73,360,91
89039910,1344,-132,-13772,101,313,92
89044812,1328,-40,-13788,89,352,102
89049612,1348,-172,-13640,71,350,110
89054412,1304,-84,-13716,94,331,106
89060312,1352,-72,-13804,82,321,101
89065112,1368,-24,-13628,68,360,105
89069912,1348,28,-13660,107,353,86
89074812,1412,-36,-13656,93,350,82
89079612,1336,-28,-13816,77,353,115
89084412,1380,-160,-13784,72,365,94
89090312,1384,-108,-13764,76,347,91
89095112,1320,-100,-13544,90,352,93
89099912,1368,-108,-13644,106,328,87
89104712,1280,-128,-13684,76,341,100
89109512,1348,-112,-13772,83,346,112
89200710,1364,-44,-13640,89,326,83
89204412,1320,-60,-13728,83,341,73
89278421,1428,-120,-13692,79,342,77
89280021,1428,-120,-13692,79,342,77
89284812,1412,-36,-13732,62,330,95
89289612,1428,-40,-13716,69,334,94
89294412,1304,8,-13724,83,336,98
89300312,1364,-92,-13540,89,338,87
89305112,1372,-92,-13756,63,333,119
89309912,1372,-100,-13760,63,327,87
89314812,1316,-168,-13668,90,356,100
89319612,1364,-100,-13648,94,350,111
89324412,1320,-84,-13616,87,345,97
89330312,1356,-168,-13692,94,334,86
89335112,1352,-184,-13616,99,322,89
89339912,1344,-148,-13728,87,356,107
89344712,1396,-92,-13608,79,348,95
89349512,1336,20,-13656,91,342,86
89439814,1336,20,-13656,91,342,86
89452010,1404,-120,-13696,84,364,81
89454612,1404,-120,-13696,84,364,81
89459412,1312,-80,-13700,82,351,81
89531310,1396,92,-13648,73,356,103
89535312,1428,4,-13732,86,336,107
89540112,1400,76,-13788,90,319,98
89544912,1416,8,-13700,71,340,104
89549712,1336,0,-13616,109,330,110
89554512,1316,60,-13540,77,337,96
89559412,1380,-92,-13736,58,339,101
89565312,1416,-24,-13764,102,333,94
89570112,1336,-8,-13668,76,330,85
89574912,1432,-80,-13588,77,334,89
89579712,1248,-112,-13524,79,354,74
89584512,1444,-80,-13636,83,356,94
89590412,1432,-88,-13580,84,341,115
89595212,1336,-100,-13784,85,340,85
89687510,1356,-16,-13644,74,340,88
89690112,1356,-16,-13644,74,340,88
89694912,1412,-32,-13752,72,348,87
89699712,1408,-32,-13684,84,347,85
89704512,1288,-88,-13576,85,350,85
89710412,1428,-60,-13668,88,339,90
89805512,1448,-96,-13680,92,360,93
89809412,1316,-108,-13736,56,361,102
89815312,1412,-88,-13604,77,346,91
89820112,1440,-148,-13772,83,350,112
89824912,1168,-168,-13784,102,318,92
89829712,1332,-96,-13708,83,323,73
89834612,1296,-72,-13564,68,352,93
89839412,1440,-96,-13712,87,350,88
89845312,1348,-76,-13660,99,323,95
89850112,1428,-16,-13680,89,328,92
89854912,1388,-116,-13540,93,339,106
89947110,1308,-188,-13536,71,332,77
89967810,1368,-160,-13628,91,344,96
89970410,1368,-160,-13628,91,344,96
89975210,1320,-232,-13700,75,330,96
89980112,1356,-48,-13744,87,348,102
89984912,1328,-68,-13696,73,342,87
89989712,1392,-180,-13660,93,356,73
89994512,1352,-180,-13620,75,339,100
90000412,1344,-100,-13636,86,332,81
90072710,1360,-48,-13724,105,342,98
90075310,1360,-48,-13724,105,342,98
90080112,1396,-24,-13780,98,339,80
90084912,1432,-84,-13676,76,333,80
90089712,1436,-168,-13736,83,328,87
90094512,1348,-196,-13740,79,355,91
90100412,1448,-192,-13584,109,310,87
90105212,1460,-164,-13772,77,319,87
90110112,1420,-96,-13696,95,337,85
90203010,1372,0,-13536,83,355,102
90204512,1372,0,-13536,83,355,102
90209412,1420,-40,-13664,56,341,81
90215312,1256,-28,-13880,92,332,112
90220212,1296,40,-13696,82,367,104
90225012,1324,-24,-13628,78,343,77
90229812,1404,-92,-13712,100,330,95
90234612,1264,-132,-13748,87,316,93
90239412,1332,-84,-13608,87,338,106
90245312,1396,-16,-13628,76,345,89
90250112,1412,-168,-13652,76,342,102
90322012,1328,-76,-13792,100,338,112
90324812,1276,-76,-13916,75,342,112
90329612,1448,0,-13664,96,352,92
90334412,1400,-28,-13576,92,366,98
90340312,1420,-40,-13696,80,317,94
90345112,1224,-32,-13684,105,336,107
90349912,1288,-92,-13720,111,337,102
90439810,1288,-92,-13720,111,337,102
90452012,1388,-136,-13720,72,326,117
90454612,1360,-104,-13748,76,362,95
90459412,1496,-48,-13548,87,337,103
90465312,1364,-56,-13708,79,327,104
90470112,1412,-96,-13816,86,339,103
90474912,1292,-136,-13708,87,354,99
90479712,1420,12,-13664,97,311,101
90484612,1332,-100,-13628,85,342,106
90489412,1288,-156,-13784,72,361,95
90495312,1400,-56,-13724,92,361,65
90500112,1300,-56,-13640,103,334,97
90504912,1396,-156,-13676,99,320,100
90577710,1440,-88,-13656,90,345,103
90580513,1440,-88,-13656,90,345,103
90585312,1432,4,-13584,71,324,90
90590112,1368,-128,-13660,84,322,94
90594912,1348,-176,-13800,95,345,103
90688512,1344,-148,-13592,100,348,118
90690012,1344,-148,-13592,100,348,118
90694912,1356,-88,-13756,76,362,117
90699712,1332,-24,-13604,95,352,96
90704512,1332,-160,-13704,114,356,99
90709412,1332,-32,-13600,64,329,100
90715312,1416,-72,-13860,85,350,79
90720112,1424,-132,-13760,104,329,91
90724912,1272,-108,-13876,100,334,87
90729712,1380,16,-13768,96,357,98
90734512,1288,-116,-13764,96,342,119
90740412,1320,-136,-13736,68,343,88
90745212,1304,-148,-13792,83,310,71
90750112,1360,-40,-13616,102,317,100
90754912,1312,-40,-13632,81,346,89
90851913,1448,-44,-13612,64,365,92
90854712,1412,-100,-13708,92,342,95
90859612,1352,-148,-13692,99,329,113
90951010,1328,-76,-13700,84,347,89
90968210,1344,-92,-13620,97,341,93
90969710,1344,-92,-13620,97,341,93
90974612,1400,-60,-13672,78,336,84
90979412,1408,-156,-13744,70,326,89
90985312,1456,-116,-13700,103,367,80
90990112,1368,-120,-13636,64,349,106
90994912,1380,-192,-13760,78,346,90
90999712,1380,-128,-13828,59,357,92
91004612,1328,-124,-13616,75,348,104
91009412,1380,-80,-13740,80,350,83
91015312,1324,-120,-13712,76,342,96
91020112,1360,-128,-13572,76,340,85
91024912,1344,-72,-13692,65,332,89
91029712,1240,-128,-13640,97,346,105
91034512,1420,-36,-13724,78,359,120
91040412,1484,-68,-13764,85,316,82
91112910,1328,-164,-13776,73,343,93
91114512,1364,-148,-13772,87,350,96
91205412,1364,-148,-13772,87,350,96
91209412,1448,-96,-13688,102,340,99
91215312,1376,-44,-13768,80,351,93
91220212,1368,-20,-13808,86,349,118
91225012,1348,-56,-13964,86,341,120
91229812,1448,-224,-13772,74,357,85
91234612,1324,-92,-13656,112,318,92
91239412,1432,-80,-13664,78,339,98
91245312,1404,-56,-13700,95,373,92
91250212,1468,-64,-13620,95,334,83
91255012,1392,-64,-13780,82,348,84
91259812,1384,-116,-13752,78,323,96
91264612,1340,20,-13612,85,355,106
91269412,1272,8,-13620,57,357,82
91275312,1400,-136,-13676,79,359,103
91280112,1360,-180,-13684,85,327,109
91370212,1320,-156,-13660,55,354,104
91375312,1296,-60,-13768,86,342,97
91447612,1284,-156,-13708,92,335,105
91461012,1400,8,-13668,66,337,90
91464712,1276,-40,-13760,94,346,100
91469512,1372,-180,-13508,95,355,99
91475412,1376,-168,-13576,80,342,110
91480212,1308,-132,-13612,99,333,98
91485112,1348,-148,-13812,77,352,96
91489912,1416,-96,-13588,87,355,103
91494712,1328,-72,-13708,76,353,99
91499512,1348,-108,-13816,100,345,111
91505412,1364,-84,-13792,73,338,93
91510212,1444,-92,-13816,89,338,88
91515012,1412,-4,-13724,80,357,102
91519812,1280,-120,-13684,101,336,81
91524712,1372,-40,-13544,53,355,86
91529512,1352,-100,-13704,99,341,103
91620012,1352,-100,-13704,99,341,103
91624912,1284,-124,-13596,86,340,115
91629712,1352,-112,-13692,78,329,123
91634612,1304,-64,-13812,109,342,94
91707510,1344,-68,-13728,80,323,102
91710110,1316,-92,-13720,76,358,106
91715012,1348,-24,-13852,70,348,110
91719812,1308,-52,-13652,82,351,114
91724612,1260,24,-13568,86,334,78
91729412,1308,-48,-13756,88,342,88
91735312,1452,-124,-13780,73,312,99
91740112,1404,-92,-13932,77,352,108
91745012,1352,-96,-13752,68,320,86
91749812,1432,-148,-13628,78,335,108
91754612,1296,-100,-13748,86,343,98
91759412,1376,-100,-13788,106,327,100
91765312,1364,-12,-13872,84,356,91
91880512,1372,-40,-13548,84,339,96
91885612,1364,-84,-13712,86,335,100
91890412,1312,-28,-13652,88,340,103
91895212,1332,12,-13604,70,359,105
91900012,1424,-160,-13628,88,322,87
91904812,1316,-80,-13740,66,322,94
91909612,1264,-112,-13696,112,331,103
91982112,1388,-48,-13612,71,316,99
91999210,1340,-116,-13780,80,344,89
92000710,1340,-116,-13780,80,344,89
92004610,1320,-184,-13712,95,340,116
92009410,1384,-164,-13728,91,356,97
92015310,1444,-132,-13764,91,348,97
92020112,1392,-104,-13632,95,351,105
92024912,1364,-4,-13688,92,325,100
92029712,1284,-132,-13568,94,328,89
92034612,1436,-36,-13544,77,336,96
92039412,1412,-108,-13716,88,315,101
92133910,1364,-152,-13552,70,325,93
92135510,1364,-152,-13552,70,325,93
92139412,1384,-32,-13676,88,329,102
92145312,1412,-76,-13684,69,353,120
92150112,1460,-96,-13768,106,366,100
92154912,1468,-56,-13728,80,347,109
92159712,1412,-144,-13652,75,335,97
92164612,1376,-8,-13604,81,347,119
92169412,1320,-116,-13556,106,350,99
92242210,1352,-44,-13716,78,342,90
92245013,1236,-56,-13800,82,337,107
92249812,1340,-160,-13796,87,327,95
92254612,1364,-140,-13744,88,337,106
92259412,1384,-132,-13696,83,350,103
92265312,1440,-92,-13620,74,331,120
92270112,1424,-100,-13560,85,334,111
92274912,1428,-144,-13716,87,351,95
92279712,1372,-96,-13736,81,354,73
92372010,1300,-152,-13776,65,345,99
92374612,1316,-64,-13620,62,357,112
92379412,1292,0,-13664,116,335,100
92385312,1392,-36,-13720,109,360,82
92390112,1328,-116,-13644,65,353,106
92394912,1280,-116,-13700,59,327,83
92399712,1412,-32,-13724,88,337,108
92404612,1496,-120,-13628,69,360,88
92409412,1420,-76,-13680,78,330,101
92415312,1400,-112,-13852,111,307,99
92420112,1376,-204,-13544,81,310,97
92493010,1240,-140,-13688,129,331,98
92510211,1404,-60,-13780,84,328,108
92515111,1500,-56,-13456,74,349,118
92520011,1436,-60,-13692,105,333,85
92524811,1376,-108,-13632,96,322,116
92529611,1336,-84,-13752,86,352,112
92534411,1348,-124,-13876,80,330,106
92625410,1332,-48,-13696,64,361,88
92630312,1324,-12,-13736,91,320,99
92635112,1460,-80,-13520,117,351,121
92640012,1260,-56,-13580,55,362,92
92644812,1336,24,-13720,89,324,70
92649612,1420,-56,-13716,120,356,106
92654412,1440,-116,-13588,77,386,116
92660312,1364,-96,-13616,70,336,104
92665112,1316,12,-13528,80,364,100
92670012,1388,-96,-13744,76,360,88
92674812,1400,-120,-13636,83,314,108
92679612,1268,-132,-13792,75,365,95
92684412,1320,28,-13656,69,326,108
92757110,1388,-128,-13616,61,346,96
92759710,1416,-56,-13744,84,330,106
92764512,1336,-128,-13688,87,322,105
92770412,1336,-56,-13724,68,365,96
92887011,1356,-152,-13704,56,344,93
92889711,1388,-72,-13792,76,318,111
92894611,1392,-96,-13856,94,328,95
92899411,1356,-48,-13744,112,353,94
92905411,1380,-148,-13756,68,332,108
92910211,1396,-124,-13556,91,336,94
92915011,1460,-84,-13688,76,335,84
92919811,1352,-112,-13816,78,352,107
92924611,1376,-104,-13732,86,359,121
92934512,1356,-56,-13696,74,326,128
92939412,1348,-164,-13720,68,340,88
92945312,1356,-100,-13496,99,333,85
92950112,1388,4,-13728,67,321,91
92954912,1372,-80,-13768,79,354,108
92959812,1380,-88,-13692,107,336,106
92964612,1480,-124,-13724,85,340,96
93037210,1408,-64,-13648,84,345,103
93040012,1416,-64,-13664,74,346,106
93133210,1388,-84,-13900,86,331,114
93134712,1380,-88,-13712,68,343,114
93139612,1388,-80,-13784,95,349,108
93144512,1324,-128,-13976,86,317,90
93150412,1256,-16,-13788,71,350,86
93155212,1440,-28,-13560,77,336,111
93160012,1440,-64,-13824,90,353,83
93164812,1372,8,-13588,63,344,105
93169612,1392,-84,-13632,90,338,119
93174512,1340,52,-13708,83,323,107
93180412,1340,-56,-13604,84,340,101
93185212,1352,-92,-13696,90,320,116
93190012,1356,-44,-13760,69,355,92
93194812,1340,-48,-13592,88,324,101
93199612,1368,-128,-13656,93,347,109
93204412,1452,-76,-13644,96,363,85
93299210,1400,-88,-13712,84,317,110
93300810,1400,-88,-13712,84,317,110
93375419,1396,-188,-13700,91,334,95
93379410,1328,-128,-13800,68,331,100
93385310,1284,-128,-13720,89,348,98
93390110,1428,-60,-13796,63,332,103
93394912,1372,-188,-13776,93,350,115
93399712,1352,-160,-13552,81,334,104
93404512,1332,-220,-13680,104,338,108
93409412,1312,-104,-13636,91,338,104
93415312,1356,-132,-13576,83,329,126
93420112,1312,-44,-13592,82,348,124
93424912,1420,-108,-13748,75,342,98
93445612,1364,-64,-13676,95,353,111
93449412,1336,-24,-13780,68,332,88
93455412,1316,8,-13760,83,315,93
93460212,1324,-16,-13512,66,348,114
93465012,1352,-76,-13528,84,364,90
93558310,1232,-60,-13792,96,333,87
93559910,1364,-188,-13860,71,367,99
93564912,1248,-148,-13588,89,365,104
93569712,1352,-164,-13620,88,341,112
93642710,1400,20,-13564,75,327,96
93645410,1324,-92,-13588,97,339,96
93650210,1420,-116,-13740,88,312,100
93655112,1360,-100,-13924,80,336,106
93659912,1332,-68,-13640,85,339,84
93664712,1408,-24,-13732,106,346,88
93669512,1340,-120,-13820,90,317,103
93675412,1384,16,-13728,101,356,99
93680212,1492,-100,-13668,93,339,88
93685012,1456,-80,-13740,99,336,102
93689812,1324,-64,-13564,95,336,98
93694712,1428,-84,-13652,80,334,114
93699512,1332,-88,-13728,97,331,74
93705412,1468,-128,-13700,58,331,96
93797112,1332,-100,-13572,89,330,100
93799912,1352,-8,-13668,105,341,105
93804812,1396,-68,-13612,78,317,93
93809612,1420,-48,-13616,56,340,89
93814412,1304,72,-13660,67,334,99
93820312,1348,40,-13572,70,341,107
93916510,1212,-328,-13740,63,345,109
93920411,1348,-224,-13672,79,354,113
93925211,1372,-108,-13660,75,321,114
93945910,1416,-56,-13688,86,372,101
93949610,1436,-44,-13740,82,374,103
93954412,1328,-4,-13688,96,338,113
93960312,1416,-60,-13712,78,349,103
93965112,1284,-80,-13716,79,335,102
93969912,1388,28,-13692,95,363,90
93974712,1404,72,-13588,90,346,109
93979512,1380,80,-13680,77,320,108
93984412,1392,0,-13572,90,341,108
94078310,1304,-144,-13720,88,347,93
94079910,1288,-16,-13740,94,326,122
94084912,1292,-72,-13756,99,322,89
94089712,1432,-136,-13460,92,344,115
94094512,1364,-24,-13668,77,324,94
94100412,1316,-80,-13544,74,332,84
94105212,1312,-80,-13716,87,347,99
94110112,1388,-36,-13776,91,383,94
94182112,1304,44,-13784,79,333,96
94184912,1276,-60,-13744,86,346,93
94189712,1416,-60,-13780,65,337,117
94194612,1356,-88,-13684,89,333,103
94199412,1400,-184,-13680,92,317,97
94205312,1276,-36,-13640,81,338,96
94210112,1360,-128,-13640,80,336,91
94214912,1392,-112,-13700,74,360,101
94219712,1284,-176,-13752,72,352,83
94224612,1320,-184,-13880,81,358,94
94315310,1408,72,-13704,60,329,102
94320212,1280,0,-13768,95,334,100
94325012,1348,52,-13628,79,356,109
94329812,1404,24,-13684,95,353,86
94334712,1424,-52,-13656,69,337,74
94339512,1376,-116,-13696,93,357,62
94345412,1392,-84,-13620,89,337,59
94350212,1348,-92,-13788,96,350,81
94355012,1360,-48,-13904,99,336,78
94359812,1356,-144,-13636,97,349,90
94431412,1420,52,-13764,73,354,114
94448512,1424,-4,-13796,65,333,106
94450012,1380,96,-13756,77,324,107
94454912,1360,0,-13496,70,364,86
94459712,1316,-52,-13644,86,330,110
94464612,1400,36,-13552,84,358,99
94469412,1388,68,-13748,70,339,70
94475312,1436,-20,-13880,99,352,74
94566410,1336,-120,-13640,78,350,105
94570311,1384,-56,-13800,78,357,105
94575111,1292,4,-13716,76,336,96
94579911,1408,-100,-13604,104,344,101
94584711,1448,-84,-13824,81,333,94
94589511,1400,-12,-13812,104,331,80
94595411,1492,-48,-13708,116,341,88
94600211,1348,-48,-13736,112,349,79
94605011,1400,-76,-13616,78,343,102
94609911,1432,-32,-13640,90,329,93
94614711,1408,-20,-13808,88,351,101
94619511,1488,-24,-13828,85,308,106
94691110,1360,-108,-13744,69,344,95
94694910,1324,-88,-13780,92,361,100
94699710,1272,-148,-13808,93,328,94
94704612,1400,-72,-13552,50,337,88
94709412,1368,-96,-13720,83,332,83
94803110,1328,28,-13780,92,335,92
94804612,1320,28,-13812,84,364,104
94809512,1324,4,-13576,77,353,93
94815412,1344,-56,-13848,100,338,111
94820312,1300,-12,-13680,99,333,90
94825112,1564,-48,-13680,72,350,93
94829912,1368,-68,-13732,81,331,94
94834712,1404,-84,-13720,59,320,94
94839512,1248,-68,-13700,81,334,95
94845412,1392,-152,-13608,72,346,100
94850212,1376,-160,-13728,97,350,99
94855012,1392,-124,-13716,80,334,79
94859912,1320,-192,-13720,75,336,87
94864712,1296,-132,-13664,75,358,80
94869512,1260,-216,-13740,88,327,113
94965612,1372,12,-13492,80,358,117
94980113,1404,-44,-13668,95,326,98
94985012,1408,-72,-13824,97,333,82
95079510,1420,-32,-13820,78,357,85
95084410,1420,-32,-13820,78,357,85
95090312,1272,4,-13616,81,352,78
95095112,1436,48,-13576,85,346,113
95099912,1356,-104,-13692,85,356,103
95104812,1376,-228,-13732,85,339,84
95109612,1380,-4,-13736,79,342,95
95114412,1380,-4,-13736,79,342,95
95120312,1376,-72,-13488,77,348,101
95125112,1408,-76,-13772,98,347,97
95129912,1292,-168,-13780,85,333,103
95134712,1316,-144,-13636,86,326,82
95139512,1360,-120,-13824,69,330,103
95144412,1360,-120,-13824,69,330,103
95150312,1332,-132,-13924,76,321,100
95155112,1280,4,-13620,63,349,101
95245110,1388,-76,-13628,78,336,107
95320210,1360,-176,-13684,74,326,83
95325212,1316,-96,-13824,87,344,112
95330012,1416,0,-13572,71,308,108
95334812,1328,-68,-13696,76,311,111
95339612,1376,-116,-13864,93,338,102
95344412,1376,-116,-13864,93,338,102
95350412,1316,-208,-13696,84,351,102
95355212,1244,-56,-13700,80,342,111
95360012,1352,-44,-13668,70,344,91
95364812,1424,-176,-13608,93,346,74
95369612,1424,-176,-13608,93,346,74
95374412,1436,-140,-13628,110,347,99
95380312,1320,-112,-13648,88,343,117
95385112,1320,-64,-13820,72,336,82
95390012,1284,-128,-13784,79,328,106
95394812,1360,-116,-13880,89,347,65
95484912,1376,-68,-13680,89,341,105
95505510,1376,-92,-13772,86,338,88
95510310,1380,-248,-13568,94,345,82
95515212,1396,-92,-13632,93,339,96
95588112,1264,-44,-13548,72,338,108
95589713,1332,-56,-13724,87,319,99
95594512,1332,-56,-13724,87,319,99
95600412,1356,-44,-13664,69,314,98
95605212,1388,-88,-13700,106,333,97
95610012,1376,-152,-13680,46,369,91
95614812,1316,-80,-13676,100,310,93
95619612,1316,-80,-13676,100,310,93
95624512,1316,-52,-13728,99,331,96
95630412,1320,-108,-13684,89,347,94
95635212,1280,-124,-13536,110,345,86
95640012,1316,-176,-13748,86,347,76
95644812,1384,-100,-13676,66,345,107
95649612,1384,-100,-13676,66,345,107
95742610,1376,16,-13660,98,330,100
95745210,1340,-112,-13756,117,336,84
95750012,1424,-124,-13660,87,332,107
95754812,1364,-156,-13700,88,361,94
95759612,1364,-156,-13700,88,361,94
95764512,1380,-52,-13716,94,320,89
95837210,1296,-120,-13772,94,330,118
95840010,1308,-164,-13820,97,343,102
95844812,1308,-164,-13820,97,343,102
95849612,1416,-92,-13588,81,360,76
95854412,1260,-96,-13776,84,318,101
95860412,1332,-40,-13620,86,350,97
95865212,1304,-88,-13676,78,350,110
95870012,1352,-8,-13580,74,349,87
95874812,1352,-8,-13580,74,349,87
95879612,1456,-104,-13652,91,349,94
95884412,1464,-52,-13672,79,321,101
95890312,1404,-160,-13780,65,354,99
96004112,1392,76,-13680,100,347,100
96018712,1392,-68,-13720,86,325,98
96020212,1280,-116,-13704,94,320,94
96025012,1396,-76,-13588,84,327,100
96029812,1396,-76,-13588,84,327,100
96034612,1312,-136,-13864,83,324,98
96039412,1276,-108,-13844,103,355,76
96045412,1384,-112,-13772,90,339,113
96118110,1392,-144,-13696,94,322,83
96119710,1392,-144,-13696,94,322,83
96124512,1384,-24,-13536,70,335,86
96130412,1364,-76,-13572,87,342,106
96135212,1400,-136,-13640,65,347,119
96140112,1404,-76,-13764,95,351,111
96144912,1404,-76,-13764,95,351,111
96149712,1484,-100,-13724,98,349,107
96154512,1224,-52,-13864,84,368,102
96160412,1412,-88,-13588,66,337,111
96165212,1340,-20,-13612,107,350,86
96255110,1320,-232,-13620,66,355,94
96260112,1356,-128,-13768,92,338,91
96264912,1356,-128,-13768,92,338,91
96269812,1352,-120,-13776,73,354,88
96274612,1308,-88,-13636,84,343,82
96279412,1356,-88,-13808,79,331,94
96285312,1324,-132,-13616,71,342,103
96290112,1308,-80,-13560,108,323,78
96294912,1308,-80,-13560,108,323,78
96367810,1356,-132,-13768,87,338,87
96370510,1352,-68,-13804,137,342,119
96375310,1420,-68,-13712,61,365,84
96380212,1340,-72,-13632,74,345,109
96385012,1340,-72,-13632,74,345,109
96389812,1352,-148,-13728,127,349,102
96394612,1356,-104,-13772,67,365,105
96399412,1288,-48,-13600,85,330,119
96492910,1412,-136,-13800,57,357,86
96506112,1316,-16,-13748,83,358,102
96509968,1316,-16,-13748,83,358,102
96514812,1384,-104,-13656,100,354,111
96519612,1268,-176,-13800,75,355,83
96524412,1340,-80,-13712,76,348,86
96530312,1360,-76,-13720,67,343,101
96535112,1360,-76,-13720,67,343,101
96540012,1292,-200,-13612,96,345,89
96544812,1428,-144,-13604,97,338,130
96549612,1380,-76,-13668,93,330,98
96554412,1328,-40,-13740,91,351,123
96627512,1468,-96,-13792,109,356,105
96630312,1384,-180,-13748,56,363,93
96635112,1384,-180,-13748,56,363,93
96639912,1380,-80,-13800,97,345,109
96644712,1300,-84,-13824,95,364,100
96649512,1256,-92,-13720,81,349,102
96743010,1380,-92,-13640,77,332,84
96744512,1380,-92,-13640,77,332,84
96749412,1432,8,-13696,82,353,105
96755312,1328,-76,-13744,90,337,95
96760212,1328,-76,-13744,90,337,95
96765012,1424,-76,-13656,97,340,133
96769812,1516,-44,-13588,80,329,88
96774612,1252,-76,-13696,81,339,98
96779412,1344,-140,-13512,85,347,102
96785312,1464,-64,-13592,105,350,93
96790112,1464,-64,-13592,105,350,93
96794912,1392,-16,-13744,100,352,111
96799812,1368,-44,-13724,98,343,108
96804612,1416,-36,-13712,70,351,107
96876913,1432,-164,-13768,57,348,103
96879712,1432,-164,-13768,57,348,103
96884512,1396,-216,-13612,86,347,92
96890412,1468,-72,-13672,86,327,83
97004110,1388,-140,-13768,92,349,97
97019712,1348,-144,-13704,79,336,106
97024612,1320,-92,-13864,96,326,104
97029412,1416,-64,-13916,92,338,116
97035312,1388,-8,-13652,100,335,89
97040112,1380,-200,-13692,92,356,96
97044912,1448,-64,-13648,92,374,96
97049712,1380,0,-13824,77,301,112
97054512,1396,-104,-13660,102,334,91
97060412,1368,-88,-13784,70,354,86
97065312,1368,-88,-13784,70,354,86
97070112,1372,-96,-13796,90,329,93
97074912,1320,-76,-13648,83,332,92
97079712,1392,-72,-13700,91,328,80
97084512,1488,-68,-13668,104,350,97
97090412,1336,-60,-13768,101,342,73
97162612,1360,-96,-13572,82,328,96
97165412,1264,-144,-13620,70,335,73
97255310,1264,-144,-13620,70,335,73
97260312,1448,-176,-13716,87,317,97
97265112,1384,-60,-13732,82,343,118
97269912,1348,-112,-13816,99,332,90
97274712,1328,-72,-13756,76,343,81
97279512,1340,-116,-13760,94,325,117
97284412,1480,-124,-13532,76,351,91
97290312,1348,-80,-13844,84,342,91
97295112,1324,-76,-13712,87,339,109
97299912,1480,-32,-13804,46,359,88
97304712,1388,4,-13572,61,350,110
97309512,1400,-16,-13504,85,348,83
97315412,1344,44,-13692,82,344,107
97320212,1448,-60,-13888,68,343,99
97325112,1344,4,-13780,76,339,87
97329912,1400,-32,-13772,80,328,103
97419910,1384,-112,-13708,79,338,112
97424810,1368,-80,-13708,82,348,103
97512412,1272,-28,-13744,97,346,88
97515212,1272,-28,-13744,97,346,88
97520012,1400,-136,-13672,77,315,103
97524812,1324,-92,-13728,68,344,100
97529612,1292,-68,-13640,83,361,96
97534512,1312,-208,-13724,79,345,112
97540412,1396,-128,-13644,102,331,103
97545212,1348,-16,-13716,86,333,91
97550012,1364,-220,-13716,66,319,97
97554812,1328,-116,-13728,83,330,118
97559612,1248,-92,-13744,72,354,88
97564412,1296,-128,-13660,71,313,90
97570312,1408,-104,-13744,85,355,99
97575212,1408,-116,-13700,85,348,84
97580012,1380,-92,-13696,106,339,95
97672310,1324,-220,-13772,88,351,80
97675179,1324,-220,-13772,88,351,80
97680010,1392,-76,-13708,95,344,99
97684810,1356,-100,-13780,90,348,108
97689612,1404,-176,-13768,75,342,111
97762512,1372,12,-13764,79,333,91
97765312,1372,12,-13764,79,333,91
97770212,1372,-16,-13880,90,338,108
97775012,1368,-56,-13648,96,335,96
97779812,1436,24,-13688,67,340,93
97784612,1368,-40,-13584,97,359,94
97789412,1388,-100,-13668,88,344,112
97795312,1352,-76,-13584,86,355,108
97800112,1288,8,-13680,90,327,97
97804912,1264,44,-13720,83,336,111
97809812,1316,-12,-13488,73,336,111
97814612,1268,-56,-13836,74,338,106
97819412,1288,-44,-13708,103,341,124
97910410,1328,-84,-13732,92,358,93
97915312,1332,-20,-13616,98,325,90
97920112,1324,-28,-13788,74,366,106
97924912,1384,-44,-13784,75,348,76
97934812,1352,-36,-13760,100,340,92
97939712,1440,-52,-13640,74,329,96
97944512,1404,-20,-13620,87,353,125
98039912,1376,-140,-13644,85,341,95
98044812,1420,-48,-13764,96,342,92
98049712,1384,-44,-13672,67,327,93
98054512,1360,-124,-13700,88,334,100
98060412,1332,-128,-13600,82,344,99
98065212,1284,-40,-13684,85,325,95
98070012,1416,0,-13584,79,335,119
98074812,1400,0,-13652,90,344,91
98079712,1320,-128,-13820,78,350,119
98084512,1388,-28,-13708,90,334,105
98178910,1396,-56,-13640,79,364,92
98180410,1396,-56,-13640,79,364,92
98185312,1296,-140,-13636,95,321,112
98190112,1380,-108,-13656,81,339,105
98194912,1344,-40,-13616,87,347,87
98199812,1384,-16,-13736,106,362,106
98204612,1368,-96,-13548,79,334,116
98209412,1300,-80,-13568,96,332,98
98215312,1428,-112,-13736,85,327,108
98220112,1368,-180,-13736,78,347,72
98292410,1344,-12,-13620,80,323,96
98295010,1344,-12,-13620,80,323,96
98299812,1384,-108,-13592,74,377,102
98304612,1316,68,-13680,87,362,102
98309412,1372,-60,-13736,89,351,104
98315312,1472,-128,-13712,91,325,106
98320112,1272,-116,-13752,78,328,106
98324912,1404,-52,-13496,60,359,82
98416110,1384,-12,-13548,103,340,114
98419812,1384,-12,-13548,103,340,114
98424612,1332,-76,-13628,78,360,87
98437912,1400,-88,-13780,78,331,93
98439412,1400,-88,-13780,78,331,93
98445412,1440,-44,-13708,92,351,100
98450212,1344,-68,-13708,83,339,84
98455012,1460,4,-13796,75,332,106
98459912,1404,-116,-13652,82,335,101
98464712,1404,-132,-13604,85,342,116
98469512,1352,-28,-13652,90,353,78
98475412,1412,-76,-13692,74,345,98
98547710,1388,-136,-13776,111,354,99
98550410,1388,-136,-13776,111,354,99
98555210,1352,-132,-13640,97,358,110
98560112,1364,-116,-13656,76,352,90
98564912,1364,-96,-13612,72,353,92
98569712,1380,-84,-13512,106,353,88
98574512,1416,-56,-13508,91,331,101
98666010,1420,-112,-13712,87,351,84
98670010,1312,-28,-13876,73,360,117
98674810,1284,-116,-13716,76,325,88
98679610,1356,-148,-13720,65,342,114
98684412,1352,-64,-13572,94,337,93
98690312,1416,-180,-13628,83,348,89
98695112,1328,-140,-13764,81,343,94
98700012,1376,-160,-13668,54,363,109
98704812,1252,-108,-13744,72,352,107
98709612,1404,-128,-13860,81,330,115
98714412,1348,-104,-13740,80,354,114
98720312,1312,-160,-13800,73,361,120
98725112,1344,-116,-13728,77,355,101
98798610,1396,-12,-13640,86,323,82
98800212,1396,-12,-13640,86,323,82
98805012,1380,-64,-13536,77,373,87
98809812,1304,-68,-13624,99,346,90
98814612,1364,-60,-13604,93,352,95
98904512,1364,-60,-13604,93,352,95
98909512,1460,-96,-13712,87,309,110
98914412,1320,-64,-13724,60,321,119
98920312,1272,-72,-13740,102,334,95
98925112,1352,-124,-13604,75,327,103
98942210,1264,-124,-13532,86,338,97
98944810,1264,-124,-13532,86,338,97
98949712,1432,-88,-13736,85,327,109
98954512,1280,-156,-13552,70,356,112
98960412,1324,-92,-13812,88,342,92
98965212,1396,-108,-13540,78,347,120
98970012,1416,-84,-13600,107,351,82
98974812,1344,-136,-13684,80,352,98
98979712,1436,4,-13560,80,327,107
98984512,1416,-40,-13668,108,346,114
99080912,1312,-64,-13612,82,342,87
99084812,1304,-32,-13748,80,343,97
99089612,1348,-96,-13664,83,341,108
99182412,1420,-68,-13640,66,331,88
99185212,1420,-68,-13640,66,331,88
99190112,1268,-96,-13664,89,349,96
99194912,1332,-144,-13608,89,349,89
99199712,1392,-80,-13700,71,343,92
99204512,1308,-108,-13716,110,343,94
99210412,1420,-132,-13768,66,346,93
99215212,1284,-160,-13700,80,328,91
99220012,1316,-172,-13616,90,336,77
99224812,1432,-52,-13824,85,351,109
99229712,1296,-200,-13748,80,326,110
99234512,1500,-84,-13716,75,361,76
99240412,1380,-88,-13616,76,325,101
99245212,1448,-124,-13748,89,355,71
99250012,1404,-68,-13872,83,334,84
99254812,1472,-32,-13544,70,363,81
99348110,1376,-16,-13576,89,327,118
99423912,1296,-132,-13604,101,336,102
99425512,1296,-132,-13604,101,336,102
99439113,1368,-200,-13652,106,348,95
99440612,1368,-200,-13652,106,348,95
99444412,1428,-48,-13636,69,342,93
99450312,1380,-124,-13660,92,337,108
99455112,1368,-68,-13584,64,352,90
99459912,1376,44,-13664,95,327,95
99464712,1364,-52,-13560,92,350,91
99469512,1340,-76,-13688,69,350,102
99474412,1376,-96,-13648,106,327,101
99480312,1376,-20,-13820,90,322,103
99485112,1204,-116,-13564,109,342,116
99489912,1380,-20,-13796,86,335,111
99494712,1424,-84,-13648,97,329,88
99499512,1392,4,-13620,95,355,91
99505412,1348,-44,-13636,104,336,74
99510212,1504,-172,-13744,77,341,97
99601410,1404,12,-13664,73,323,86
99605212,1284,-24,-13676,72,332,106
99679010,1264,-180,-13556,98,344,112
99680510,1264,-180,-13556,98,344,112
99685310,1408,-132,-13820,76,355,89
99690212,1280,-156,-13808,75,324,92
99695012,1364,-140,-13760,102,357,90
99699812,1344,-100,-13732,83,335,90
99704612,1320,-160,-13764,94,369,96
99709412,1332,-136,-13588,50,343,105
99715312,1388,-84,-13628,93,342,124
99720112,1416,-92,-13776,102,357,87
99724912,1456,-168,-13752,76,331,100
99729812,1412,-80,-13772,84,339,107
99734612,1288,-36,-13684,86,338,106
99739412,1372,-12,-13668,84,340,92
99745312,1312,-100,-13640,66,367,97
99750112,1272,-148,-13736,74,321,96
99840410,1272,-148,-13736,74,321,96
99845312,1308,-192,-13784,96,349,91
99850112,1360,-136,-13784,99,347,102
99855012,1332,-136,-13600,76,332,105
99928310,1284,-16,-13708,90,347,94
99945510,1388,-48,-13772,90,340,93
99950410,1228,-24,-13616,88,353,103
99955312,1420,-24,-13796,75,368,118
99960112,1392,-64,-13684,82,359,74
99964912,1356,-92,-13816,86,324,89
99969712,1356,-152,-13652,102,319,118
99974512,1348,-16,-13680,59,361,111
99980412,1376,-44,-13696,83,349,111
99985312,1468,-120,-13704,78,322,92
99990112,1248,-192,-13720,89,338,115
99994912,1344,-140,-13696,83,348,92
99999712,1364,-132,-13496,61,331,97
100004512,1300,-96,-13728,82,316,78
100118612,1432,-44,-13672,76,342,78
100120212,1432,-44,-13672,76,342,78
100125112,1448,-8,-13740,101,331,93
100129912,1380,-52,-13776,81,337,98
100134712,1412,-136,-13692,88,349,114
100139512,1364,-76,-13760,82,348,97
100212210,1372,-112,-13808,71,338,87
100214810,1372,-112,-13808,71,338,87
100219612,1416,-44,-13880,87,328,111
100224412,1404,-92,-13668,99,357,101
100230312,1352,-84,-13824,77,326,89
100235112,1472,60,-13600,98,328,87
100239912,1356,-72,-13696,93,349,115
100244712,1332,-132,-13772,91,330,111
100249612,1348,-52,-13672,79,328,106
100254412,1420,-84,-13644,97,342,107
100260312,1312,-76,-13616,77,346,114
100265112,1384,-100,-13548,81,338,88
100362110,1416,-128,-13636,82,355,111
100364980,1416,-128,-13636,82,355,111
100369810,1332,-84,-13632,83,357,114
100374610,1424,-84,-13612,93,349,107
100379412,1456,-40,-13644,78,349,120
100385312,1400,-184,-13812,86,323,101
100390112,1492,-32,-13720,83,342,83
100395012,1392,-116,-13716,85,347,114
100469612,1364,-76,-13728,94,360,107
100483210,1456,-32,-13656,72,328,126
100484710,1456,-32,-13656,72,328,126
100489612,1364,-88,-13676,85,327,123
100494412,1384,-104,-13688,84,338,100
100500312,1420,-104,-13620,62,335,105
100505212,1320,-64,-13740,83,338,100
100510012,1376,-132,-13596,75,336,91
100514812,1424,-68,-13600,92,348,102
100519612,1320,-44,-13600,83,330,91
100524412,1352,-124,-13828,88,338,113
100620210,1352,-124,-13828,88,338,113
100625212,1400,-124,-13520,82,339,94
100630012,1348,-76,-13708,82,307,102
100634812,1332,-96,-13792,106,347,97
100639712,1372,-116,-13648,95,347,105
100644512,1384,-116,-13816,94,334,104
100650412,1352,-72,-13752,73,345,96
100655212,1304,-48,-13676,104,343,89
100660012,1368,-52,-13808,83,344,130
100734912,1324,-116,-13832,83,361,85
100739912,1420,-4,-13596,89,339,105
100744712,1316,-136,-13748,94,338,87
100749512,1276,-104,-13612,89,331,92
100755412,1388,-100,-13684,68,348,100
100760212,1316,-52,-13572,84,326,94
100765012,1472,-80,-13812,101,343,91
100769812,1508,24,-13772,78,345,77
100865517,1508,24,-13772,78,345,77
100870412,1360,-136,-13724,91,355,83
100875312,1360,-100,-13764,71,370,89
100880112,1392,-136,-13612,82,356,113
100884912,1420,-96,-13708,65,331,89
100889712,1352,20,-13756,71,337,95
100894512,1392,-112,-13744,91,348,89
100900412,1304,-168,-13592,82,337,93
100905212,1312,-68,-13732,93,347,117
100910012,1432,-176,-13612,63,351,113
100914912,1400,-140,-13628,83,319,96
100919712,1312,-72,-13656,99,348,92
100993412,1372,-152,-13620,79,327,86
101006712,1488,-8,-13816,108,343,75
101010412,1324,-56,-13768,100,324,109
101015212,1416,-20,-13692,81,336,110
101020012,1496,-72,-13748,83,335,98
101024812,1524,4,-13604,65,348,105
101145910,1376,-84,-13772,81,341,106
101149712,1312,-72,-13644,92,347,80
101154512,1356,-72,-13640,100,341,95
101160412,1432,-144,-13700,101,331,91
101165212,1404,-28,-13736,98,322,97
101170012,1448,-8,-13572,102,298,90
101174812,1248,-248,-13736,100,342,102
101179612,1312,-128,-13680,76,327,68
101184412,1344,-52,-13696,92,327,77
101190412,1304,-108,-13680,83,332,88
101195212,1364,-156,-13712,72,357,80
101200012,1416,-196,-13692,74,342,85
101204812,1272,12,-13900,80,355,90
101209612,1316,-84,-13612,74,333,92
101283412,1372,-144,-13720,78,342,88
101285012,1372,-144,-13720,78,342,88
101289812,1420,-200,-13680,88,350,105
101294712,1304,-92,-13836,51,346,96
101390715,1304,-92,-13836,51,346,96
101394512,1344,-72,-13760,91,343,88
101400412,1420,-80,-13752,80,332,94
101405212,1372,-64,-13764,98,342,112
101410012,1316,-212,-13640,82,352,90
101414812,1176,-88,-13716,94,326,95
101419612,1424,-136,-13812,68,353,96
101424412,1364,-68,-13648,96,329,79
101442412,1332,-108,-13684,98,330,93
101445012,1392,-28,-13724,83,341,107
101449812,1292,-48,-13680,66,332,91
101454712,1316,-124,-13660,96,333,101
101459512,1336,-144,-13804,70,343,105
101465412,1324,-24,-13768,100,341,112
101470212,1324,-104,-13836,83,327,101
101475012,1364,-124,-13780,104,364,105
101549510,1340,-92,-13720,70,319,95
101555410,1460,-160,-13604,83,369,110
101652212,1364,-112,-13672,83,324,87
101654921,1320,-96,-13648,91,338,102
101659712,1460,-108,-13792,75,347,89
101664512,1412,-36,-13804,76,345,109
101669412,1332,56,-13596,97,357,91
101675312,1296,-16,-13668,77,337,92
101680112,1460,-76,-13720,63,355,106
101684912,1460,-84,-13732,69,356,103
101689712,1416,-60,-13744,92,356,76
101694512,1292,-112,-13572,83,353,103
101700412,1420,-24,-13664,76,335,93
101705212,1352,-116,-13712,109,342,111
101710112,1324,-76,-13696,80,330,77
101714912,1352,-76,-13832,77,360,92
101719712,1376,-44,-13608,85,319,108
101724512,1408,4,-13832,83,347,103
101823710,1312,-60,-13744,93,353,103
101825319,1312,-60,-13744,93,353,103
101901212,1372,-128,-13680,81,342,93
101904912,1464,-76,-13716,106,338,84
101909712,1356,-204,-13684,86,352,80
101914512,1340,-100,-13696,84,341,102
101919412,1360,-132,-13760,69,354,99
101925312,1428,4,-13592,74,333,102
101942412,1488,-28,-13700,100,334,81
101945012,1372,-144,-13740,77,330,116
101949812,1388,-68,-13656,70,344,94
101954712,1380,-84,-13856,69,347,103
101959512,1372,-120,-13660,83,341,94
101965412,1364,8,-13552,79,333,97
101970212,1416,-84,-13768,80,338,100
101975012,1376,-168,-13776,89,353,102
101979812,1344,-52,-13960,98,329,93
101984612,1276,-96,-13764,93,336,103
101989412,1340,-104,-13600,82,344,97
102086312,1480,-104,-13784,96,337,83
102090212,1468,-68,-13676,98,327,91
102095012,1408,-108,-13768,83,344,125
102193412,1268,-140,-13824,95,355,107
102195012,1268,-140,-13824,95,355,107
102200012,1412,-188,-13620,86,354,100
102204812,1284,44,-13636,77,321,89
102209612,1256,-48,-13728,95,322,108
102214512,1364,-100,-13816,79,351,81
102220412,1444,-72,-13788,88,339,85
102225212,1400,-84,-13720,83,338,85
102230012,1316,-84,-13660,78,342,83
102234812,1364,-144,-13728,97,357,82
102239612,1428,-108,-13608,76,334,94
102244412,1448,-96,-13592,87,349,96
102250312,1316,-64,-13800,86,314,94
102255212,1332,-140,-13732,76,356,113
102260012,1408,-100,-13628,76,370,85
102355910,1408,-100,-13628,76,370,85
102359812,1380,-128,-13556,83,344,89
102364612,1428,-72,-13896,83,341,91
102369512,1300,-128,-13784,119,331,99
102375412,1216,-64,-13708,86,361,123
102449612,1404,-84,-13796,105,350,113
102463212,1432,-76,-13644,103,338,111
102464713,1432,-76,-13644,103,338,111
102469512,1404,-152,-13696,83,340,94
102475412,1480,-136,-13856,78,360,99
102480212,1416,-176,-13608,85,343,106
102485012,1368,-188,-13720,80,340,95
102489912,1372,-108,-13612,83,349,108
102494712,1344,-48,-13680,73,352,97
102499512,1436,-88,-13664,90,338,96
102505412,1332,-80,-13572,52,336,95
102510212,1328,-100,-13712,77,334,110
102515012,1352,-96,-13672,97,347,102
102613011,1412,4,-13700,105,313,81
102614611,1324,-104,-13816,66,336,101
102619611,1408,-80,-13692,76,317,88
102624411,1320,-204,-13736,61,336,97
102630311,1412,-124,-13852,69,337,106
102635211,1368,-164,-13732,107,339,82
102640011,1404,-116,-13920,66,343,115
102714910,1284,-32,-13684,92,331,115
102720012,1392,-72,-13704,79,344,103
102724812,1400,-88,-13796,93,337,72
102729612,1368,-216,-13504,90,345,81
102734412,1372,-116,-13732,86,349,111
102740312,1384,-28,-13836,84,347,101
102745112,1328,-160,-13680,70,339,94
102749912,1432,-124,-13744,80,339,92
102754712,1312,-204,-13804,84,347,92
102759612,1372,4,-13760,86,337,109
102858910,1356,-52,-13780,124,356,126
102860510,1356,-52,-13780,124,356,126
102864412,1336,-140,-13580,83,349,90
102870312,1388,-184,-13632,62,343,81
102875112,1324,-92,-13828,84,344,100
102879912,1332,-188,-13624,112,337,81
102884712,1300,-12,-13588,94,325,111
102889612,1380,-92,-13540,75,333,99
102894412,1364,-124,-13692,96,331,74
102900312,1364,-60,-13628,98,326,97
102974712,1432,-128,-13684,82,360,90
102991911,1260,-84,-13744,86,349,92
102994511,1460,-128,-13628,78,344,87
103000411,1360,-68,-13672,95,334,114
103005311,1436,-112,-13788,107,336,94
103010111,1296,-124,-13692,91,334,101
103014911,1388,-56,-13864,99,357,95
103019711,1352,-124,-13724,60,340,102
103024511,1332,-80,-13592,80,353,103
103120310,1332,-80,-13592,80,353,103
103125312,1344,-24,-13724,87,354,100
103130112,1396,-84,-13720,97,334,95
103135012,1376,-44,-13748,89,342,104
103139812,1372,-16,-13736,83,334,117
103144612,1432,-96,-13648,77,343,101
103149412,1332,-40,-13644,66,349,101
103155312,1336,-84,-13712,58,342,107
103160112,1412,-68,-13508,85,333,87
103165012,1352,-96,-13688,72,322,97
103189112,1332,-140,-13632,74,346,119
103268910,1356,-172,-13772,62,341,96
103270512,1356,-172,-13772,62,341,96
103275312,1384,4,-13820,98,318,85
103280112,1352,-20,-13712,73,336,97
103284912,1316,-64,-13660,109,344,85
103289712,1312,-8,-13772,101,334,89
103294512,1372,-76,-13764,76,363,86
103390011,1372,-76,-13764,76,363,86
103394911,1388,-80,-13716,83,354,90
103399711,1440,-48,-13668,68,321,107
103404511,1372,-40,-13724,71,330,110
103410411,1348,12,-13596,65,354,92
103415211,1396,28,-13616,80,344,125
103420011,1304,-32,-13556,64,358,118
103424911,1396,16,-13656,89,330,56
103434910,1356,-12,-13552,71,348,86
103439710,1444,8,-13624,74,357,98
103444612,1324,-48,-13568,76,353,91
103449412,1384,-108,-13796,81,333,95
103455312,1376,-100,-13796,102,329,88
103528310,1244,-148,-13828,75,318,98
103529810,1276,-68,-13756,76,329,119
103534610,1424,-76,-13752,72,338,99
103539412,1376,-136,-13608,113,334,88
103545312,1480,-80,-13856,93,338,81
103642310,1412,-60,-13548,62,349,89
103645012,1316,-36,-13636,82,349,103
103649812,1360,-136,-13680,94,370,111
103654612,1344,-140,-13644,80,347,86
103659412,1408,-52,-13604,89,341,110
103665312,1356,-120,-13708,63,354,94
103670112,1344,-132,-13628,98,346,110
103675012,1392,-32,-13768,98,313,89
103679812,1432,-68,-13688,65,320,104
103684612,1448,-156,-13592,82,357,82
103689412,1452,-168,-13720,83,333,114
103695312,1340,-176,-13788,67,345,82
103700112,1420,-128,-13596,105,345,94
103704912,1380,-44,-13832,73,367,111
103709712,1312,-124,-13708,79,339,110
103784512,1372,36,-13724,91,319,105
103789512,1392,-56,-13696,83,341,96
103887710,1400,-104,-13580,86,336,89
103890310,1400,-88,-13788,84,322,99
103895112,1396,-120,-13732,68,340,96
103899912,1396,-16,-13692,93,336,107
103904712,1220,-104,-13736,97,341,80
103909612,1384,-124,-13688,82,350,78
103914412,1324,-104,-13628,90,349,106
103920312,1500,-124,-13636,98,310,93
103925112,1356,-24,-13848,86,331,86
103939612,1332,-164,-13744,68,353,103
103944512,1340,-120,-13784,83,349,95
103949412,1384,-28,-13656,84,348,89
103955312,1320,12,-13688,89,343,103
103960112,1376,-4,-13656,87,328,89
103964912,1360,-112,-13712,94,334,105
103969712,1392,0,-13620,92,354,93
103974512,1364,-92,-13656,90,353,99
104071412,1344,-24,-13676,81,333,102
104147712,1376,-168,-13804,111,345,96
104150512,1332,-28,-13660,77,324,94
104155412,1448,-132,-13608,96,333,99
104160212,1380,-84,-13772,76,336,101
104165012,1348,-164,-13780,87,329,96
104189212,1380,-124,-13752,70,338,89
104190712,1380,-124,-13752,70,338,89
104194512,1460,-124,-13756,96,352,115
104199412,1412,-4,-13672,68,335,87
104205312,1320,60,-13768,94,313,124
104210112,1360,-52,-13640,77,353,109
104214912,1316,-52,-13660,67,333,89
104219712,1308,20,-13592,74,327,117
104224512,1388,-16,-13748,72,356,90
104230412,1296,-80,-13736,74,339,103
104235212,1348,-128,-13776,87,339,110
104240112,1488,-120,-13644,89,351,108
104338310,1436,-68,-13816,53,351,98
104339810,1352,-76,-13652,79,340,117
104344712,1308,-104,-13908,74,323,80
104418812,1308,-120,-13764,87,340,112
104420312,1416,-96,-13784,88,354,105
104425212,1332,-196,-13700,74,357,109
104442012,1324,-144,-13736,82,340,106
104444612,1484,-40,-13764,80,337,113
104449412,1400,-60,-13768,73,338,75
104455312,1420,-68,-13732,84,339,109
104460112,1312,-120,-13676,73,364,92
104464912,1416,-16,-13680,94,334,87
104469712,1404,-64,-14008,79,338,109
104474512,1392,-64,-13820,86,335,84
104479412,1288,-56,-13628,102,361,99
104485312,1304,-96,-13532,67,323,85
104490112,1392,-140,-13732,76,346,79
104494912,1432,4,-13864,110,347,86
104499712,1264,-96,-13680,71,348,100
104598610,1436,4,-13744,113,333,98
104600212,1416,24,-13748,83,336,83
104605012,1436,4,-13636,66,350,96
104609812,1336,-32,-13724,85,345,80
104684312,1448,-292,-13780,74,349,108
104685812,1448,-292,-13780,74,349,108
104689612,1404,-44,-13772,83,323,113
104694412,1316,-96,-13848,80,335,96
104700312,1348,-136,-13740,99,356,96
104705212,1400,-48,-13696,50,356,84
104710012,1396,-20,-13636,97,346,75
104714812,1372,-68,-13660,90,352,97
104719612,1332,-44,-13624,96,343,84
104724412,1408,120,-13752,74,374,84
104730312,1360,-12,-13736,72,343,92
104735112,1404,-40,-13724,91,319,92
104739912,1412,8,-13816,70,347,100
104744812,1404,-32,-13620,81,360,74
104844110,1420,-112,-13748,81,353,93
104845719,1420,-112,-13748,81,353,93
104849612,1400,-112,-13696,66,335,99
104854412,1324,-156,-13664,73,352,105
104860312,1412,-52,-13788,88,338,89
104865112,1344,-12,-13680,102,339,121
104938812,1448,-92,-13676,90,332,94
104951110,1392,20,-13752,74,329,85
104954810,1352,-212,-13904,93,335,103
104959612,1248,-100,-13588,92,353,94
104964412,1348,-148,-13820,90,351,69
104970312,1368,-60,-13724,88,324,97
104975112,1292,-140,-13752,84,352,113
104979912,1388,-276,-13748,99,347,113
104984712,1344,-88,-13820,87,345,115
104989612,1324,-60,-13628,91,340,112
104994412,1356,-88,-13728,69,327,123
105000312,1428,20,-13576,88,345,96
105099212,1404,-120,-13520,87,341,109
105100812,1404,-120,-13520,87,341,109
105104512,1428,-124,-13648,85,353,114
105110412,1248,-20,-13700,87,357,107
105115212,1360,-96,-13796,86,335,108
105120012,1364,-56,-13672,94,343,111
105124812,1380,-224,-13728,90,353,98
105129612,1428,-152,-13620,101,344,93
105228412,1324,-148,-13696,77,317,105
105230012,1340,-40,-13764,89,324,101
105235012,1272,-20,-13776,73,312,105
105239812,1476,-112,-13632,65,349,112
105244612,1264,-72,-13620,82,360,96
105249512,1536,-24,-13748,104,348,90
105255412,1548,-96,-13704,87,313,95
105260212,1372,-4,-13716,76,345,102
105265012,1352,0,-13684,81,343,103
105269812,1408,-64,-13752,72,350,100
105368810,1368,-32,-13656,63,323,118
105370412,1316,20,-13612,100,355,98
105375212,1324,-52,-13620,81,341,116
105380012,1392,-24,-13640,62,341,100
105384912,1332,36,-13792,75,357,93
105389712,1340,-64,-13704,68,331,85
105394512,1352,-136,-13824,94,344,84
105400412,1460,-44,-13844,83,333,90
105405212,1456,-76,-13644,65,328,104
105410012,1404,-124,-13572,90,347,89
105483910,1360,-152,-13576,66,352,113
105497412,1336,-104,-13700,92,324,107
105500012,1376,-4,-13684,80,349,88
105504812,1392,-64,-13612,93,362,114
105509612,1316,-92,-13788,103,335,91
105514412,1316,-92,-13788,103,335,91
105520312,1400,-56,-13676,72,327,79
105525112,1352,-116,-13800,87,369,103
105529912,1424,-108,-13848,88,356,116
105625610,1424,-96,-13600,75,346,104
105629512,1348,-8,-13728,101,337,95
105635412,1392,-120,-13656,81,347,114
105640212,1284,-88,-13920,63,346,66
105645112,1484,-100,-13860,81,358,94
105649912,1396,-52,-13832,68,338,97
105654712,1340,-88,-13788,110,323,112
105659512,1316,-128,-13708,103,325,104
105665412,1336,-16,-13852,87,353,109
105670212,1248,-52,-13732,80,352,103
105675012,1344,-80,-13604,84,341,120
105749812,1320,-28,-13776,93,325,93
105755012,1448,-80,-13668,81,331,106
105759812,1384,-184,-13716,97,342,82
105764612,1344,-152,-13568,81,357,115
105769412,1344,-152,-13568,81,357,115
105775312,1316,-4,-13796,97,334,90
105871512,1316,-4,-13796,97,334,90
105875412,1364,-44,-13708,95,332,100
105880212,1304,8,-13808,88,350,89
105885112,1388,-112,-13748,88,313,82
105889912,1448,-140,-13672,89,340,95
105894712,1356,-160,-13736,102,325,88
105899512,1356,-160,-13736,102,325,88
105905412,1348,-48,-13852,74,332,99
105910212,1432,-160,-13632,80,346,111
105915112,1480,-160,-13708,94,339,115
105919912,1436,-96,-13604,91,331,106
105924712,1448,-100,-13704,63,352,91
105934712,1392,-100,-13696,80,325,112
105939612,1392,-100,-13696,80,325,112
106014110,1460,-96,-13724,72,349,79
106015710,1400,12,-13600,71,340,102
106019612,1400,12,-13600,71,340,102
106024412,1464,40,-13664,76,339,105
106030312,1392,-100,-13572,83,319,107
106126012,1320,-172,-13772,64,362,112
106129912,1236,-164,-13688,91,363,102
106134712,1324,-120,-13580,70,355,88
106139512,1324,-120,-13580,70,355,88
106144412,1484,-132,-13768,71,344,114
106150312,1400,-92,-13776,101,343,109
106155112,1404,-72,-13564,87,337,93
106159912,1364,-16,-13660,94,353,85
106164712,1364,-16,-13660,94,353,85
106169512,1392,-52,-13756,82,312,121
106175412,1352,-36,-13708,88,362,104
106180212,1360,36,-13656,82,328,101
106185112,1360,-60,-13744,87,327,96
106189912,1392,-8,-13668,102,350,101
106194712,1392,-8,-13668,102,350,101
106292914,1388,-48,-13652,86,331,113
106294514,1388,-48,-13652,86,331,113
106299412,1284,-144,-13676,96,323,99
106395015,1380,-92,-13612,75,351,78
106399912,1268,-68,-13624,84,334,111
106404712,1268,-68,-13624,84,334,111
106409612,1396,-84,-13924,76,324,105
106414412,1336,-56,-13616,57,332,113
106420312,1312,-92,-13844,67,344,80
106425112,1380,-148,-13656,84,353,84
106435112,1388,-84,-13640,82,344,109
106439912,1312,-152,-13756,98,348,118
106444712,1312,-152,-13756,98,348,118
106449612,1368,-88,-13784,78,346,92
106454412,1376,-44,-13660,59,352,109
106460312,1388,-192,-13520,87,344,109
106465112,1372,-32,-13808,62,349,115
106469912,1364,24,-13660,87,334,77
106474712,1364,24,-13660,87,334,77
106479512,1364,-176,-13700,75,320,78
106652710,1404,-108,-13716,88,348,82
106655414,1368,-32,-13780,80,338,87
106660212,1360,-56,-13704,77,339,92
106665112,1320,-168,-13636,98,356,87
106669912,1320,-168,-13636,98,356,87
106674712,1364,-116,-13800,90,335,101
106679512,1424,-132,-13864,71,351,97
106685412,1316,-132,-13584,87,334,102
106690212,1336,-124,-13612,79,341,85
106695112,1396,-112,-13676,84,351,102
106699912,1396,-112,-13676,84,351,102
106704712,1344,-68,-13548,58,354,107
106709512,1436,-20,-13888,81,335,110
106715412,1440,-68,-13724,70,351,111
106720212,1440,-80,-13800,76,347,97
106725012,1460,-124,-13604,59,344,104
106824110,1396,-44,-13844,98,329,89
106825710,1392,-60,-13688,77,342,105
106829612,1392,-60,-13688,77,342,105
106834412,1352,-68,-13892,78,338,94
106908910,1412,-212,-13556,99,349,91
106910410,1412,-136,-13632,80,354,98
106915312,1380,-92,-13788,46,360,94
106920112,1372,-100,-13832,83,348,116
106924912,1372,-100,-13832,83,348,116
106934812,1284,-96,-13708,98,343,99
106939612,1392,-60,-13696,81,338,97
106944412,1364,-116,-13732,74,333,110
106950312,1388,-144,-13744,73,330,101
106955212,1444,-32,-13744,81,344,74
106960012,1444,-32,-13744,81,344,74
106964812,1380,-32,-13736,67,306,112
106969612,1484,-32,-13684,100,336,99
106974412,1376,-56,-13708,62,333,101
106980312,1324,-96,-13600,76,326,91
107078312,1296,-80,-13572,77,351,104
107079912,1296,-80,-13572,77,351,104
107084812,1276,-176,-13656,88,343,111
107089612,1388,104,-13836,93,361,123
107094412,1256,-116,-13820,83,326,123
107168910,1456,-104,-13644,89,327,92
107170410,1436,-44,-13600,99,339,92
107175312,1392,20,-13588,87,335,88
107180112,1392,20,-13588,87,335,88
107184912,1396,-88,-13680,105,333,101
107189812,1428,-96,-13728,105,337,120
107194612,1380,-76,-13804,68,345,114
107199412,1428,-148,-13708,84,345,104
107205312,1280,-8,-13596,87,321,105
107210112,1280,-8,-13596,87,321,105
107214912,1276,-24,-13764,80,327,108
107219712,1416,-128,-13676,104,322,99
107224512,1400,-96,-13592,62,335,103
107347012,1316,-8,-13524,99,339,126
107349712,1316,-8,-13524,99,339,126
107354612,1320,-100,-13660,89,340,89
107359412,1356,68,-13784,78,354,118
107365312,1384,-104,-13796,85,348,73
107370112,1384,-104,-13796,85,348,73
107374912,1328,-52,-13688,67,347,110
107448912,1356,-44,-13668,75,339,92
107462212,1480,-44,-13620,72,340,110
107464812,1480,-44,-13620,72,340,110
107469612,1456,-76,-13672,77,337,87
107474412,1420,-132,-13840,76,346,105
107480312,1452,-124,-13740,88,350,91
107485112,1376,-84,-13704,72,340,66
107489912,1320,-116,-13520,71,335,105
107494812,1412,-176,-13792,76,331,87
107499612,1376,-92,-13688,81,342,97
107504412,1448,-48,-13672,93,352,83
107603512,1388,-124,-13684,89,335,108
107605112,1388,-124,-13684,89,335,108
107610112,1376,12,-13688,70,350,103
107614912,1292,24,-13740,65,308,83
107619712,1340,-24,-13700,92,342,113
107624512,1332,-128,-13844,85,343,74
107630412,1372,-32,-13616,100,348,91
107635212,1372,-32,-13616,100,348,91
107640112,1340,-112,-13652,95,316,110
107714312,1360,-64,-13712,80,339,100
107715912,1372,-104,-13684,74,328,88
107719612,1372,-104,-13684,74,328,88
107724412,1360,20,-13672,74,317,102
107730412,1336,-40,-13608,104,328,93
107735212,1432,-28,-13716,92,329,96
107740012,1376,-196,-13888,70,353,89
107744812,1400,-76,-13712,77,341,117
107749612,1272,-104,-13696,75,337,99
107848612,1368,-184,-13576,113,281,93
107850212,1368,-184,-13576,113,281,93
107855012,1500,-240,-14004,-11,443,99
107859812,1540,40,-13616,27,382,95
107864712,1572,-204,-14012,218,369,103
107869512,1412,-412,-13556,30,179,97
107875412,1052,-348,-12252,-24,388,91
107880212,1384,-36,-14884,-17,215,86
107885012,1380,-88,-13832,135,287,105
107889812,1080,-268,-13408,105,353,98
107894612,1280,-24,-13968,132,368,96
107970610,1012,-40,-13656,49,369,160
107992412,1300,28,-13824,76,343,103
107995112,1300,28,-13824,76,343,103
108000012,1436,64,-13636,39,348,110
108004812,1528,152,-13716,65,326,95
108009612,1568,60,-13660,92,328,106
108014412,1732,40,-13492,90,314,99
108020312,1312,-144,-13600,81,347,164
108116012,1332,-120,-13596,110,374,135
108120012,1332,-120,-13596,110,374,135
108124812,1308,64,-13752,76,368,131
108129612,1248,124,-13676,58,340,94
108134412,1056,184,-13800,100,333,112
108140312,1220,292,-13860,72,358,81
108145112,1260,320,-13716,82,308,82
108150012,1236,316,-13676,120,347,47
108154812,1268,268,-13776,99,280,63
108159612,1412,260,-13612,100,364,37
108164412,1384,456,-13764,51,230,55
108170312,1636,28,-13672,156,490,79
108244112,1028,172,-13644,18,207,-5
108245712,1336,-68,-13668,106,347,-21
108249412,1336,-68,-13668,106,347,-21
108255412,1492,-144,-13552,39,329,-47
108260212,1528,-292,-13752,118,290,-57
108265012,1596,52,-13600,54,346,62
108384412,1372,232,-13624,81,337,12
108389412,1292,112,-13740,108,333,54
108395312,1320,88,-13640,100,356,54
108400112,1396,48,-13728,75,340,68
108404912,1376,36,-13948,80,371,90
108409812,1268,72,-13664,81,345,92
108414612,1324,8,-13640,93,336,111
108419412,1360,-112,-13756,67,321,115
108425312,1384,-20,-13632,68,358,148
108452612,1428,-288,-13608,68,393,110
108455212,1428,-288,-13608,68,393,110
108460112,1364,-360,-13840,105,355,115
108464912,1232,-228,-13772,99,327,83
108469712,1204,-200,-13808,89,345,58
108544011,1380,36,-13468,84,354,149
108545611,1380,36,-13468,84,354,149
108549411,1396,52,-13620,106,363,165
108555311,1416,104,-13720,75,348,129
108560111,1256,-100,-13648,71,349,131
108656112,1344,-168,-13680,95,364,129
108660012,1344,-168,-13680,95,364,129
108664912,1188,-80,-13748,110,358,119
108669712,1332,-104,-13732,80,347,121
108674512,1168,-124,-13660,82,365,95
108680412,1188,-236,-13816,85,332,96
108685212,1184,-152,-13828,80,322,106
108690012,1284,-224,-13660,97,333,91
108694912,1368,-304,-13756,59,338,89
108699712,1384,-216,-13660,89,361,63
108704512,1388,-212,-13784,104,325,66
108710412,1392,-156,-13756,80,309,72
108715212,1452,-212,-13740,73,342,72
108720012,1476,-268,-13748,95,338,84
108724812,1508,-28,-13656,70,329,86
108799610,1316,40,-13780,96,360,94
108804410,1360,-180,-13500,88,344,70
108901210,1304,20,-13696,71,353,91
108905112,1304,20,-13696,71,353,91
108909912,1356,-32,-13704,92,375,96
108914712,1320,-56,-13672,86,348,84
108919612,1256,-84,-13864,55,360,51
108924412,1328,-12,-13768,116,333,59
108934212,1380,0,-13620,85,341,47
108935712,1380,0,-13620,85,341,47
108939512,1232,-20,-13620,105,326,79
108945412,1416,-72,-13688,58,351,51
108950312,1356,-80,-13744,97,342,47
108955112,1476,-24,-13600,82,346,61
108959912,1376,-68,-13868,66,371,82
108964712,1412,-108,-13632,86,307,97
108969512,1388,-64,-13676,76,341,93
108975412,1396,-192,-13564,108,323,102
108980312,1508,-132,-13776,84,341,106
108985112,1352,-68,-13600,67,347,132
109058012,1288,-160,-13748,66,329,93
109156421,1340,-92,-13796,79,322,72
109160412,1340,-92,-13796,79,322,72
109165312,1452,-80,-13688,83,334,71
109170112,1352,-148,-13764,96,351,80
109174912,1384,-176,-13840,77,379,59
109179712,1492,-192,-13648,77,354,73
109184512,1424,-96,-13852,74,280,72
109190412,1424,-176,-13432,82,377,100
109195212,1328,-356,-13840,56,399,95
109200012,1412,-72,-13672,80,328,82
109204912,1460,-88,-13628,91,323,102
109209712,1400,-164,-13624,60,372,104
109214512,1412,-144,-13684,54,341,88
109220412,1336,-164,-13716,111,338,140
109225212,1448,-152,-13648,53,344,124
109230012,1340,36,-13760,49,356,132
109328210,1340,-136,-13724,82,361,108
109329810,1340,-136,-13724,82,361,108
109334612,1416,-216,-13740,85,343,95
109433310,1412,72,-13864,94,349,101
109450512,1348,-96,-13720,69,338,96
109455310,1372,-8,-13780,104,341,120
109460112,1332,-36,-13428,82,342,92
109464912,1352,-40,-13632,93,359,122
109469712,1340,-128,-13752,77,344,118
109474512,1432,-96,-13760,80,336,118
109480412,1276,-144,-13656,100,330,104
109485212,1332,-112,-13616,102,353,100
109490112,1284,-128,-13620,91,333,83
109494912,1360,-144,-13904,105,333,87
109499712,1468,-104,-13688,105,342,87
109504512,1348,-48,-13764,97,338,103
109510412,1324,-148,-13816,96,350,87
109515212,1428,-124,-13768,91,336,100
109613212,1348,-48,-13700,88,346,82
109614812,1348,-48,-13700,88,346,82
109619712,1344,-28,-13748,101,351,109
109624512,1408,28,-13708,93,316,98
109630412,1336,-16,-13664,96,342,70
109704910,1404,-128,-13780,87,341,113
109709710,1268,-148,-13684,72,332,98
109714512,1344,-100,-13864,84,350,109
109720412,1340,-124,-13728,93,355,88
109725212,1456,-132,-13796,105,338,76
109730012,1348,-68,-13888,86,328,92
109734812,1380,-160,-13568,82,318,84
109739612,1352,-64,-13636,87,318,82
109744512,1272,-96,-13640,96,333,98
109750412,1368,-32,-13724,82,347,87
109755212,1392,-48,-13684,99,344,98
109760012,1280,-12,-13784,86,329,107
109858110,1428,-16,-13664,90,338,96
109859710,1428,-16,-13664,90,338,96
109864712,1364,-100,-13668,76,346,93
109869512,1452,-68,-13692,91,338,88
109875412,1404,-88,-13616,71,336,93
109880212,1328,-4,-13580,92,345,100
109885012,1416,-12,-13784,90,336,86
109889912,1344,-112,-13872,59,331,101
109963812,1324,-248,-13776,96,352,72
109976210,1360,-232,-13652,92,329,84
109979910,1288,-148,-13624,80,330,98
109984811,1300,-200,-13792,65,327,83
109989611,1332,-196,-13652,98,336,101
109994411,1384,-56,-13712,69,340,108
110000311,1444,-48,-13772,86,355,113
110005111,1352,-200,-13688,60,337,118
110009911,1440,-172,-13708,80,344,115
110014711,1428,40,-13664,54,355,109
110114212,1368,-92,-13764,67,335,78
110115812,1368,-92,-13764,67,335,78
110119512,1464,-188,-13656,70,330,107
110125412,1452,-144,-13728,72,355,109
110130212,1320,-168,-13756,79,350,117
110135012,1364,-100,-13668,100,349,101
110139812,1432,-76,-13792,74,359,113
110144612,1256,-188,-13632,65,356,120
110149412,1296,-140,-13780,72,363,110
110155412,1320,-132,-13684,83,356,115
110230710,1516,-68,-13644,91,364,91
110234412,1252,-4,-13688,64,369,84
110240312,1352,24,-13772,84,335,108
110245112,1336,-76,-13584,80,339,119
110249912,1464,-64,-13848,81,326,106
110254712,1392,-8,-13836,95,330,110
110259512,1408,-136,-13772,93,343,120
110264412,1360,-60,-13576,85,335,100
110360115,1360,-60,-13576,85,335,100
110365212,1408,-12,-13672,73,342,82
110370112,1428,20,-13624,77,330,111
110374912,1392,4,-13564,56,334,104
110379712,1420,4,-13496,79,347,122
110384512,1448,-40,-13756,71,343,128
110390412,1408,-164,-13576,73,363,113
110395212,1312,76,-13616,89,344,105
110400012,1428,-20,-13792,93,348,95
110404812,1420,-84,-13688,103,329,100
110429012,1304,-124,-13752,89,359,79
110443810,1372,-108,-13636,79,346,105
110521012,1416,-100,-13684,94,322,106
110524813,1364,-28,-13684,99,333,95
110529612,1396,-120,-13820,87,352,83
110534412,1440,72,-13700,62,355,113
110540312,1424,-8,-13660,88,343,97
110545212,1384,-152,-13568,96,329,88
110641610,1384,-152,-13568,96,329,88
110644412,1200,-28,-13728,70,337,90
110650312,1432,-104,-13604,95,345,102
110655212,1404,-44,-13660,86,343,109
110660012,1408,-108,-13688,92,347,96
110664812,1428,-72,-13660,74,326,88
110669612,1380,-136,-13708,84,342,106
110674412,1412,-132,-13664,79,325,114
110680312,1256,-96,-13588,82,360,90
110685212,1328,-4,-13628,67,330,95
110690012,1468,-84,-13616,70,363,95
110694812,1472,-120,-13688,72,356,83
110699612,1320,-12,-13664,94,357,83
110704412,1424,-80,-13716,84,358,85
110778212,1388,-112,-13696,83,336,104
110779812,1388,-112,-13696,83,336,104
110784612,1400,-40,-13816,86,350,100
110789512,1456,-96,-13712,90,344,101
110886410,1348,-168,-13860,101,342,87
110890310,1356,-116,-13616,86,357,84
110895212,1528,-44,-13824,98,344,88
110900012,1376,-80,-13684,84,345,108
110904812,1316,-84,-13692,65,321,98
110909612,1420,-24,-13740,58,339,86
110914412,1488,-128,-13684,79,319,84
110920312,1420,-100,-13592,85,329,87
110925212,1296,-196,-13676,77,348,101
110935210,1372,-128,-13596,94,344,98
110940010,1332,-52,-13564,71,353,120
110944912,1340,-152,-13756,90,341,134
110949712,1324,-140,-13648,93,342,106
110954512,1356,-100,-13724,79,349,96
110960412,1452,-140,-13864,71,345,103
110965212,1316,-40,-13800,96,358,118
111040010,1424,-48,-13776,94,345,105
111044810,1360,-144,-13712,92,365,99
111139610,1360,-144,-13712,92,365,99
111144612,1412,-40,-13712,93,342,89
111149412,1408,-56,-13672,99,335,114
111155312,1432,-100,-13708,88,336,99
111160212,1308,24,-13660,41,350,114
111165012,1384,-56,-13660,90,337,94
111169812,1352,-104,-13836,77,341,107
111174612,1348,-32,-13636,106,343,106
111179412,1364,-144,-13748,68,337,114
111185312,1432,-56,-13812,69,342,97
111190112,1420,-144,-13768,69,341,97
111194912,1248,-80,-13836,106,334,115
111199812,1360,-104,-13748,78,344,92
111204612,1232,-40,-13744,69,328,82
111209412,1456,-20,-13892,64,347,107
111215312,1420,-12,-13700,90,335,96
111311110,1420,-12,-13700,90,335,96
111315110,1296,-144,-13632,88,347,97
111389312,1392,-176,-13772,97,352,71
111390912,1392,-176,-13772,97,352,71
111394612,1320,-60,-13856,77,349,110
111399412,1416,-60,-13656,68,335,75
111405312,1344,-72,-13728,86,354,109
111428412,1304,-28,-13756,62,353,101
111443012,1376,-28,-13612,83,343,107
111444512,1376,-28,-13612,83,343,107
111450412,1332,8,-13708,87,346,108
111455212,1360,-220,-13580,73,355,86
111460012,1428,-36,-13668,102,328,77
111464812,1436,-60,-13700,91,350,120
111469712,1324,-28,-13812,74,340,89
111474512,1256,-32,-13832,84,355,108
111480412,1292,-44,-13824,90,360,110
111485212,1324,-52,-13488,79,341,105
111490012,1456,-92,-13768,68,353,90
111589112,1356,-168,-13816,76,341,112
111590712,1356,-168,-13816,76,341,112
111594412,1412,-84,-13840,102,335,100
111668912,1432,-56,-13744,78,350,98
111670512,1432,-56,-13744,78,350,98
111675312,1296,-36,-13708,87,340,106
111680112,1316,-32,-13696,72,329,87
111684912,1360,-116,-13796,97,346,103
111689712,1380,-128,-13700,79,345,85
111694512,1372,-92,-13724,95,327,105
111700412,1316,-60,-13764,73,356,117
111705312,1372,-92,-13676,86,347,97
111710112,1320,-92,-13716,113,347,92
111714912,1336,-104,-13704,78,331,88
111719712,1448,24,-13688,82,331,100
111724512,1476,-108,-13792,89,364,90
111730412,1352,-56,-13744,68,344,88
111735212,1432,-60,-13712,73,329,88
111834310,1440,-76,-13832,62,342,81
111835910,1440,-76,-13832,62,342,81
111839812,1324,-80,-13700,91,326,120
111844612,1424,-116,-13808,103,343,97
111849412,1308,-84,-13588,85,331,95
111923310,1452,-36,-13732,95,336,103
111924810,1452,-36,-13732,95,336,103
111935812,1416,-184,-13648,63,316,108
111939812,1360,-108,-13640,69,337,101
111944612,1336,-8,-13744,93,329,107
111949512,1372,-104,-13656,60,366,103
111955412,1508,-8,-13680,81,331,101
111960212,1420,-8,-13760,99,339,102
111965012,1300,-124,-13860,58,354,98
111969812,1372,88,-13648,110,323,120
111974612,1412,-28,-13748,90,339,80
111979512,1308,12,-13772,70,328,89
111985412,1336,-96,-13880,83,333,103
111990212,1320,-128,-13624,90,365,96
112089311,1316,-76,-13468,89,346,103
112090911,1316,-76,-13468,89,346,103
112094811,1348,-88,-13648,85,334,91
112099611,1400,0,-13612,103,337,98
112104411,1408,-64,-13656,93,356,107
112110311,1384,-60,-13764,72,355,97
112184212,1308,-220,-13780,63,345,103
112185813,1308,-220,-13780,63,345,103
112189512,1356,-104,-13740,101,321,89
112195412,1376,-148,-13732,82,330,99
112200212,1320,-132,-13660,78,347,87
112205012,1496,-200,-13684,73,340,107
112209812,1448,-144,-13752,89,336,90
112214612,1408,-12,-13816,85,322,128
112219512,1328,-132,-13716,98,344,97
112225412,1404,-28,-13740,50,372,101
112230212,1428,8,-13584,97,310,100
112235012,1336,-60,-13628,91,340,113
112334210,1300,-164,-13632,78,330,113
112335810,1300,-164,-13632,78,330,113
112339712,1316,-152,-13512,55,341,113
112344512,1384,-32,-13680,84,343,98
112350412,1352,-64,-13768,90,335,88
112355212,1404,-100,-13668,97,336,93
112360012,1332,-156,-13760,88,338,93
112364912,1396,-88,-13728,67,327,91
112463812,1464,-116,-13788,75,358,89
112479510,1360,-60,-13704,76,358,109
112484510,1416,-20,-13604,81,363,96
112489412,1392,-68,-13824,78,349,90
112495312,1320,8,-13808,86,352,79
112500112,1444,-80,-13584,98,325,97
112504912,1368,-44,-13720,84,337,72
112509712,1416,-52,-13708,68,357,99
112514512,1352,-80,-13480,84,330,83
112520412,1444,-108,-13660,103,339,75
112618410,1364,-108,-13588,80,334,87
112620010,1364,-108,-13588,80,334,87
112624912,1328,-164,-13648,75,330,107
112629712,1264,-124,-13684,90,311,99
112634512,1332,-176,-13780,79,331,86
112640412,1364,-232,-13760,86,340,87
112645212,1384,-12,-13732,92,340,98
112650012,1380,-56,-13736,75,336,102
112654812,1340,-148,-13696,77,329,88
112659612,1396,-208,-13664,86,351,92
112733610,1360,-72,-13808,68,320,84
112735210,1360,-72,-13808,68,320,84
112740210,1280,-40,-13620,78,345,104
112745010,1392,24,-13676,92,329,78
112749810,1408,12,-13744,90,310,71
112754612,1372,-176,-13696,102,332,70
112759412,1504,-188,-13648,81,343,72
112765312,1616,-40,-13716,67,342,69
112863312,1432,-20,-13744,92,330,103
112864912,1432,-20,-13744,92,330,103
112869712,1536,-20,-13768,98,330,89
112874512,1560,-32,-13624,88,343,89
112880412,1336,-80,-13744,90,359,103
112885212,1360,-4,-13620,104,333,93
112890012,1332,28,-13564,87,346,78
112894812,1248,100,-13704,54,352,74
112899612,1340,-56,-13592,92,343,112
112904512,1284,-92,-13808,109,338,96
112910412,1320,-116,-13760,107,345,106
112915212,1244,-132,-13744,54,381,107
112989010,1400,-80,-13864,95,368,84
113006012,1448,-64,-13716,93,346,81
113009712,1244,36,-13672,83,339,100
113014512,1296,-8,-13692,88,336,104
113020412,1332,36,-13640,72,330,94
113025212,1436,-16,-13620,80,327,99
113123012,1372,-144,-13620,86,346,93
113124612,1372,-144,-13620,86,346,93
113129412,1468,-24,-13604,86,347,106
113135312,1408,-52,-13780,75,339,94
113140112,1440,-104,-13676,85,335,99
113144912,1372,-120,-13712,66,353,113
113149712,1416,-92,-13596,83,343,97
113154612,1376,-104,-13704,64,350,117
113159412,1384,-136,-13588,69,344,116
113165312,1268,-24,-13696,94,326,117
113170112,1320,-60,-13684,83,353,116
113174912,1476,-52,-13820,85,344,101
113179712,1296,-132,-13848,70,341,117
113184512,1368,-16,-13644,80,332,100
113258512,1312,-24,-13724,88,345,87
113260112,1312,-24,-13724,88,345,87
113264912,1416,-44,-13708,84,342,104
113269712,1412,-60,-13716,77,339,104
113367712,1420,-40,-13612,85,345,108
113370512,1452,-88,-13748,109,333,113
113375312,1448,-32,-13676,74,344,114
113380112,1320,-92,-13708,93,361,117
113384912,1380,24,-13696,96,346,97
113389712,1408,-68,-13744,85,360,112
113394612,1384,-92,-13648,99,350,119
113399412,1340,-44,-13772,83,335,87
113405312,1320,-128,-13728,79,342,105
113410112,1380,-84,-13804,98,352,88
113414912,1284,-92,-13752,78,331,59
113419712,1208,-16,-13588,72,357,67
113424512,1332,-168,-13776,88,343,95
113434412,1228,-184,-13720,101,350,92
113458510,1428,-176,-13608,77,327,95
113460010,1428,-176,-13608,77,327,95
113537010,1324,4,-13604,80,324,80
113539610,1392,-48,-13700,80,326,90
113544511,1384,-72,-13756,63,345,90
113642710,1348,-152,-13728,103,371,108
113645310,1468,-28,-13744,65,347,116
113650112,1396,-44,-13892,71,330,83
113654912,1360,-64,-13560,93,346,83
113659712,1376,-32,-13712,58,348,85
113664512,1368,-84,-13712,91,345,88
113670412,1332,-32,-13528,125,315,83
113675212,1352,-4,-13668,68,355,75
113680112,1268,-28,-13664,85,327,88
113684912,1464,-24,-13784,65,326,107
113689712,1300,-84,-13616,90,320,118
113694512,1372,-80,-13688,71,369,95
113700412,1460,20,-13636,62,363,83
113705212,1452,-56,-13780,89,358,106
113710012,1380,-44,-13708,89,345,98
113714812,1324,-200,-13712,70,339,107
113812812,1400,-4,-13656,79,333,99
113888610,1276,-120,-13740,101,325,85
113890212,1276,-120,-13740,101,325,85
113895012,1384,-268,-13728,94,365,91
113899812,1316,-180,-13764,81,334,82
113904712,1332,-88,-13804,104,333,92
113909512,1332,-176,-13856,82,345,76
113915412,1372,-188,-13664,77,338,82
113920212,1296,-96,-13712,88,349,72
113925012,1368,-164,-13752,81,355,103
113942012,1520,-152,-13660,100,352,110
113944612,1468,-152,-13836,105,329,117
113949412,1500,-80,-13696,67,336,117
113955412,1388,-92,-13736,68,332,103
113960212,1396,-136,-13832,93,314,99
113965012,1500,-16,-13588,67,357,120
113969812,1396,-132,-13660,83,338,86
113974612,1432,116,-13476,114,348,102
113979412,1292,-156,-13592,97,343,119
114075316,1292,-156,-13592,97,343,119
114080312,1340,-96,-13628,95,340,99
114155712,1384,-104,-13780,88,349,82
114159713,1372,-40,-13756,74,364,95
114164612,1432,-116,-13692,97,333,74
114169412,1440,-108,-13744,94,329,91
114175312,1340,-60,-13704,53,364,88
114180112,1400,-40,-13644,86,346,106
114184912,1432,-132,-13656,108,328,98
114189712,1332,-176,-13616,76,316,108
114194512,1480,-72,-13708,109,334,113
114200412,1268,-148,-13564,112,364,105
114205312,1360,-112,-13756,87,330,107
114210112,1252,-108,-13628,73,317,122
114214912,1456,-112,-13800,104,330,120
114219712,1380,-116,-13644,96,355,118
114224512,1396,4,-13772,58,351,89
114321310,1348,-92,-13652,78,343,102
114325112,1340,-16,-13728,83,331,123
114329912,1364,-68,-13768,74,339,114
114334712,1360,-128,-13580,84,350,101
114339612,1416,-172,-13720,91,318,82
114416910,1252,-56,-13784,70,353,119
114419710,1312,-44,-13744,111,337,105
114424510,1388,-104,-13596,97,355,106
114472812,1264,-64,-13440,115,339,117
114475512,1392,-144,-13780,82,335,98
114480412,1356,-52,-13616,75,347,99
114485212,1312,-80,-13724,80,337,104
114490012,1416,-112,-13544,89,351,107
114494812,1296,-60,-13732,68,323,79
114499612,1392,8,-13680,117,333,83
114504412,1284,-4,-13548,90,339,78
114510412,1424,-32,-13684,100,338,100
114515212,1400,-88,-13884,92,326,92
114520012,1332,-156,-13592,74,338,86
114616712,1564,-68,-13668,78,342,102
114619512,1416,-180,-13752,73,363,129
114625412,1340,-76,-13876,95,330,103
114630212,1352,-76,-13688,79,340,100
114635012,1372,-132,-13628,82,358,88
114639812,1384,-156,-13676,73,359,83
114714212,1324,-84,-13744,93,312,94
114715812,1324,-84,-13744,93,312,94
114719512,1352,-24,-13520,99,339,87
114725412,1348,-16,-13856,74,336,115
114730212,1276,16,-13864,89,354,110
114735112,1324,-76,-13592,80,350,89
114739912,1376,-136,-13724,88,349,81
114744712,1412,-48,-13696,81,345,100
114749512,1440,-116,-13548,80,341,104
114755412,1296,-108,-13612,75,329,95
114760212,1420,-92,-13760,76,350,99
114765012,1344,-124,-13564,84,352,111
114861910,1316,-100,-13740,85,355,98
114864780,1360,-100,-13708,107,339,94
114869610,1376,-76,-13668,100,346,89
114874410,1364,-128,-13632,84,346,119
114880312,1352,-72,-13628,115,338,93
114885112,1276,-68,-13860,99,367,130
114889912,1340,-44,-13584,87,333,108
114894812,1316,-56,-13800,73,343,76
114969012,1412,32,-13752,86,349,95
114986110,1348,-112,-13696,85,338,103
114989810,1340,-148,-13676,80,347,121
114994610,1376,-164,-13652,86,333,105
114999512,1336,-172,-13688,102,322,86
115005412,1280,-172,-13776,83,338,102
115010212,1324,-152,-13672,105,320,121
115015012,1312,-12,-13728,105,338,113
115019812,1340,-96,-13688,83,346,88
115024612,1376,-32,-13584,67,329,103
115122612,1484,40,-13796,68,338,91
115125316,1368,-212,-13692,92,334,93
115130212,1252,-80,-13696,75,332,103
115135012,1380,-52,-13684,93,348,92
115139812,1444,-88,-13728,73,339,82
115144612,1436,-168,-13700,74,349,108
115149412,1280,-240,-13748,88,347,76
115155312,1352,-124,-13724,97,338,103
115160212,1352,-84,-13772,70,343,85
115165012,1328,-184,-13620,87,349,75
115239710,1340,-68,-13516,82,337,89
115244810,1364,-112,-13728,77,331,93
115249610,1348,-148,-13744,90,326,95
115254410,1352,-64,-13708,62,341,101
115259612,1356,-24,-13780,98,330,84
115264812,1372,-84,-13692,99,339,78
115269972,1408,-112,-13784,101,346,84
115369310,1312,-92,-13784,66,324,97
115370910,1312,-92,-13784,66,324,97
115374610,1324,-132,-13692,67,371,76
115379410,1448,120,-13712,73,371,94
115385310,1296,-64,-13628,92,343,91
115390110,1344,-108,-13756,83,338,114
115394910,1380,-84,-13708,66,348,78
115399710,1316,-76,-13636,92,360,91
115404610,1380,-20,-13772,110,351,95
115409410,1296,32,-13756,93,346,86
115415310,1348,-64,-13884,87,334,81
115420110,1360,-140,-13684,54,341,113
115424910,1344,-100,-13552,77,343,99
115535411,1336,-4,-13788,88,365,84
115540511,1520,-140,-13712,74,310,86
115545311,1368,-240,-13724,86,331,99
115550111,1320,-36,-13620,75,330,89
115554911,1360,-112,-13668,132,320,110
115650710,1360,-112,-13668,132,320,110
115654612,1368,-48,-13632,81,352,105
115659412,1460,-100,-13760,91,353,110
115665412,1360,-168,-13616,101,311,97
115670212,1344,-144,-13636,70,330,101
115675012,1396,-152,-13712,68,377,89
115679812,1444,-200,-13848,84,355,93
115684612,1428,-4,-13808,89,342,102
115689412,1268,-124,-13556,90,335,118
115695412,1348,-168,-13720,94,342,96
115700212,1344,36,-13684,103,336,96
115705012,1392,-52,-13648,67,320,128
115709812,1348,-12,-13520,87,334,104
115714612,1384,-56,-13796,87,350,100
115719412,1392,-72,-13696,79,369,100
115794210,1412,-76,-13700,86,346,106
115795710,1412,-76,-13700,86,346,106
115799410,1376,-72,-13616,64,342,111
115896412,1480,-16,-13628,64,353,77
115900412,1384,-16,-13632,86,324,78
115905212,1360,12,-13768,98,335,104
115910112,1464,-136,-13660,91,340,95
115914912,1228,-180,-13632,77,312,98
115919712,1376,-92,-13720,85,360,108
115924512,1316,-32,-13688,80,325,127
115945212,1384,-16,-13696,85,330,105
115950012,1352,-56,-13612,80,343,108
115954812,1440,-32,-13548,70,327,115
115959712,1444,-108,-13660,75,354,85
115964512,1356,-128,-13784,101,340,85
115970412,1412,-176,-13652,101,323,99
115975212,1300,-120,-13668,66,327,99
115980012,1364,-112,-13596,92,350,91
115984812,1392,-100,-13760,87,352,105
115989612,1332,-108,-13752,94,349,104
116064310,1376,-180,-13728,104,333,89
116065910,1392,-136,-13600,68,364,94
116163010,1392,-136,-13600,68,364,94
116164612,1448,-152,-13724,89,313,82
116169412,1308,-44,-13728,76,325,81
116175312,1404,-148,-13940,75,355,116
116180212,1424,-48,-13784,90,359,118
116185012,1292,-148,-13600,84,346,92
116189812,1344,-184,-13684,60,329,81
116194612,1312,-40,-13772,90,327,83
116199412,1312,-40,-13772,90,327,83
116205312,1304,-140,-13852,119,327,93
116210112,1360,-48,-13760,84,315,94
116214912,1332,-32,-13576,66,320,98
116219812,1348,-36,-13784,112,338,96
116224612,1264,4,-13816,67,329,84
116229412,1264,4,-13816,67,329,84
116235312,1368,-104,-13648,74,329,100
116335212,1348,-128,-13604,94,308,77
116340112,1316,-128,-13784,84,322,83
116415012,1284,-100,-13560,87,344,107
116419968,1268,-160,-13768,77,319,103
116424812,1348,20,-13668,88,318,94
116438112,1376,-100,-13668,71,342,96
116439612,1272,-204,-13792,68,337,79
116444512,1272,-204,-13792,68,337,79
116450412,1392,-80,-13672,98,352,86
116455212,1328,-12,-13608,68,330,98
116460112,1392,4,-13676,78,341,94
116464912,1448,-132,-13612,100,339,97
116469712,1416,-36,-13716,86,366,109
116474512,1416,-36,-13716,86,366,109
116480412,1444,-164,-13708,75,352,93
116485212,1384,-48,-13704,83,346,110
116490012,1324,-60,-13772,79,340,108
116494812,1316,-28,-13648,84,349,100
116617012,1276,-36,-13676,73,333,101
116619712,1392,24,-13764,103,328,104
116624612,1392,24,-13764,103,328,104
116629412,1364,-108,-13728,57,357,76
116703512,1320,-128,-13716,75,330,88
116705012,1332,-156,-13720,98,324,101
116709912,1352,-68,-13584,54,359,94
116714712,1348,-32,-13684,67,336,108
116719512,1348,-32,-13684,67,336,108
116724412,1440,-204,-13724,76,332,107
116730312,1372,-120,-13732,52,353,100
116735112,1420,-176,-13648,73,356,101
116739912,1348,-144,-13760,82,363,90
116744712,1352,-80,-13676,78,372,92
116749512,1352,-80,-13676,78,372,92
116755412,1316,-192,-13512,82,343,98
116760212,1304,-112,-13796,54,342,107
116765112,1256,-64,-13648,55,344,95
116861012,1372,-24,-13664,75,356,112
116865112,1440,-92,-13760,85,344,103
116869912,1296,-76,-13708,89,339,104
116874712,1296,-76,-13708,89,339,104
116879512,1412,-124,-13744,60,344,116
116885412,1440,-108,-13640,82,340,95
116960210,1288,-144,-13744,98,336,107
116973812,1448,-88,-13704,112,316,115
116975312,1264,-76,-13716,92,352,116
116980112,1308,-176,-13524,91,377,100
116984912,1392,-100,-13708,80,343,104
116989712,1392,-100,-13708,80,343,104
116994612,1476,-44,-13792,104,357,89
116999412,1320,-124,-13544,94,346,112
117005312,1308,-108,-13772,74,323,75
117010112,1384,-56,-13796,96,322,103
117014912,1388,-168,-13544,87,348,79
117019712,1388,-168,-13544,87,348,79
117118812,1380,8,-13672,75,331,98
117120412,1348,-72,-13772,92,333,96
117125412,1340,-16,-13604,90,333,72
117130212,1264,-200,-13776,64,336,87
117135012,1428,-92,-13756,97,336,75
117139912,1396,-56,-13792,84,336,97
117144712,1396,-56,-13792,84,336,97
117149512,1352,-64,-13656,69,332,100
117223812,1364,-108,-13740,53,333,101
117225312,1352,-140,-13656,83,354,121
117230212,1328,-84,-13688,84,324,92
117235012,1300,0,-13660,95,348,93
117239912,1360,-48,-13664,94,352,95
117244712,1360,-48,-13664,94,352,95
117249512,1280,-28,-13776,60,348,88
117255412,1332,-140,-13684,81,327,110
117260212,1312,-96,-13620,72,362,86
117265012,1404,-48,-13676,63,338,96
117364012,1348,-116,-13664,78,352,80
117365612,1364,-120,-13748,81,337,84
117370412,1416,-112,-13656,102,343,102
117375312,1368,-104,-13780,77,313,116
117380112,1300,-24,-13660,84,364,97
117384912,1300,-24,-13660,84,364,97
117389712,1304,-124,-13688,78,335,72
117394512,1416,-48,-13628,78,327,68
117400412,1300,-96,-13636,78,356,97
117405312,1480,-112,-13796,82,305,113
117479212,1356,-16,-13672,85,345,88
117500012,1368,-176,-13796,94,348,82
117504812,1368,-176,-13796,94,348,82
117509612,1412,-152,-13748,90,364,80
117514512,1372,-64,-13760,85,350,87
117520412,1436,-96,-13812,108,350,97
117525212,1360,-112,-13748,94,351,96
117530012,1360,-112,-13748,94,351,96
117651212,1440,-60,-13776,93,326,106
117655312,1348,-148,-13656,76,347,103
117660112,1324,-68,-13768,53,365,101
117664912,1324,-68,-13768,53,365,101
117669812,1324,-76,-13732,77,337,97
117674612,1356,-108,-13632,71,310,100
117679412,1368,-128,-13812,94,347,84
117685312,1300,-140,-13756,87,359,78
117690112,1360,-116,-13612,114,338,92
117694912,1360,-116,-13612,114,338,92
117699712,1496,-28,-13784,94,341,90
117704512,1364,8,-13688,73,350,93
117778912,1392,-24,-13600,75,366,89
117780512,1320,36,-13624,89,349,109
117785312,1380,-16,-13640,95,343,112
117790112,1380,-16,-13640,95,343,112
117794912,1280,-60,-13704,79,356,127
117799812,1440,-112,-13648,84,349,104
117896910,1396,-92,-13876,94,318,95
117899780,1396,-92,-13876,94,318,95
117904610,1392,-60,-13744,73,360,115
117909410,1376,-28,-13612,79,328,115
117915312,1340,-8,-13752,75,363,125
117920112,1340,-8,-13752,75,363,125
117924912,1392,-32,-13544,91,341,110
117938512,1392,-32,-13680,107,340,92
117940012,1392,-32,-13680,107,340,92
117945012,1296,-88,-13724,101,343,109
117949812,1388,-136,-13632,99,338,103
117954612,1284,-48,-13748,90,332,84
117959412,1340,-44,-13692,85,334,92
117965312,1296,-128,-13708,66,356,73
118039312,1408,-108,-13820,82,327,86
118040912,1352,-212,-13724,87,327,111
118044612,1352,-212,-13724,87,327,111
118049412,1348,-16,-13728,90,344,125
118055412,1324,-64,-13684,72,325,82
118154719,1400,8,-13780,60,324,97
118159810,1224,-32,-13664,97,322,97
118164610,1368,-68,-13668,81,357,105
118169410,1416,-76,-13612,101,332,81
118175312,1312,-116,-13660,89,364,93
118180112,1312,-116,-13660,89,364,93
118184912,1356,-28,-13716,69,340,98
118189812,1404,-8,-13692,92,341,87
118194612,1364,-220,-13812,85,360,69
118199412,1316,-52,-13744,60,362,81
118205312,1340,-56,-13656,96,350,92
118210112,1344,-108,-13720,115,326,90
118214912,1340,-144,-13584,100,319,94
118219712,1428,-96,-13692,83,372,123
118224512,1344,-100,-13632,97,354,102
118298712,1372,-104,-13672,86,339,89
118300313,1372,-104,-13672,86,339,89
118399112,1332,-72,-13676,88,296,105
118400712,1396,-24,-13664,80,333,119
118404512,1396,-24,-13664,80,333,119
118410412,1284,-88,-13604,73,351,78
118415212,1340,-32,-13660,81,353,111
118420012,1336,-12,-13736,86,316,96
118424812,1492,-152,-13656,81,342,86
118441810,1344,-64,-13520,87,343,86
118444410,1344,-64,-13520,87,343,86
118450310,1372,-104,-13764,59,346,111
118455212,1428,-16,-13624,93,337,113
118460012,1384,4,-13780,66,353,113
118464812,1164,-40,-13612,85,329,103
118469612,1224,-80,-13620,81,349,108
118474412,1412,-28,-13776,80,332,102
118480312,1328,-8,-13716,82,326,89
118485112,1328,-12,-13724,98,322,104
118489912,1344,-124,-13740,81,359,91
118563912,1360,-220,-13704,87,335,128
118685613,1380,-160,-13676,86,329,102
118689413,1380,-160,-13676,86,329,102
118695312,1352,-120,-13684,104,365,83
118700112,1444,-108,-13680,95,356,83
118705012,1344,-92,-13616,76,347,83
118709812,1332,-124,-13800,100,355,112
118714612,1452,-160,-13656,83,352,97
118719412,1340,-56,-13776,79,352,114
118725312,1364,4,-13712,78,340,109
118730112,1392,-36,-13604,85,338,97
118734912,1316,-92,-13692,100,327,112
118739712,1412,-12,-13724,98,336,103
118744612,1288,-16,-13784,82,343,97
118749412,1284,8,-13572,97,334,86
118755312,1312,-44,-13616,96,330,77
118760112,1444,-12,-13588,60,346,90
118857110,1396,-140,-13744,83,344,103
118859810,1396,-140,-13744,83,344,103
118864712,1316,-132,-13712,77,326,103
118939412,1376,-4,-13816,91,342,90
118970310,1384,-116,-13640,82,346,107
118975210,1432,-28,-13512,84,342,90
118980112,1408,-32,-13680,96,338,104
118984912,1416,-60,-13764,96,345,89
118989712,1280,-136,-13748,92,319,100
118994512,1432,-88,-13696,77,341,112
119000412,1344,-96,-13704,93,331,106
119005212,1376,-96,-13732,72,345,76
119010112,1344,-108,-13652,76,352,109
119014912,1392,-200,-13708,93,320,91
119019712,1308,-196,-13784,84,326,95
119024512,1300,-88,-13720,63,361,91
119030412,1424,-144,-13624,91,333,97
119035212,1320,-84,-13736,90,329,96
119132111,1292,8,-13608,88,328,85
119134818,1292,8,-13608,88,328,85
119139711,1368,-96,-13604,75,343,94
119144511,1356,-104,-13660,75,342,89
119150411,1420,-28,-13716,105,359,83
119223812,1264,-116,-13736,65,362,101
119225412,1264,-116,-13736,65,362,101
119230212,1356,-140,-13688,76,354,95
119235012,1404,-80,-13592,111,320,77
119239812,1392,-92,-13648,125,318,84
119244712,1456,-160,-13748,91,338,77
119249512,1488,-52,-13660,86,354,99
119255412,1412,-136,-13808,104,334,92
119260212,1400,-116,-13460,76,324,122
119265012,1436,-64,-13720,88,354,91
119269812,1500,-68,-13632,92,350,97
119274612,1324,-36,-13832,102,341,98
119279412,1380,-52,-13784,106,323,84
119376312,1372,-56,-13732,85,336,111
119380212,1372,-56,-13732,85,336,111
119385012,1372,-72,-13812,92,347,81
119389812,1420,-80,-13644,86,335,66
119394612,1460,8,-13676,104,331,82
119399412,1376,-80,-13652,81,348,89
119405412,1452,-124,-13652,70,344,122
119479612,1512,-112,-13628,78,353,92
119492812,1424,-108,-13740,89,351,79
119495412,1424,-108,-13740,89,351,79
119500312,1412,-112,-13624,93,339,91
119505112,1420,-156,-13740,63,334,112
119509912,1324,-48,-13648,77,369,109
119514712,1384,36,-13812,69,339,95
119519512,1424,-136,-13708,88,341,111
119525412,1444,-28,-13668,104,329,84
119530212,1396,-68,-13828,88,360,99
119535012,1448,-48,-13664,102,335,105
119632912,1444,-88,-13720,93,347,88
119634512,1444,-88,-13720,93,347,88
119640412,1492,-188,-13792,66,340,105
119645312,1356,-132,-13864,73,330,84
119650112,1376,-124,-13724,95,356,95
119654912,1396,-84,-13708,78,348,82
119659712,1352,-100,-13716,83,323,105
119680510,1324,-36,-13584,53,345,114
119684410,1304,-88,-13908,104,330,123
119760210,1404,-136,-13704,78,356,112
119765010,1284,-140,-13720,86,346,120
119769812,1404,-100,-13736,75,363,96
119774612,1324,-136,-13740,98,353,93
119779412,1424,-156,-13656,112,333,98
119785312,1388,-128,-13484,119,339,119
119790112,1344,-120,-13784,65,331,95
119794912,1408,-120,-13876,92,344,111
119799812,1268,-152,-13756,82,351,110
119898412,1432,28,-13612,100,344,129
119900012,1432,28,-13612,100,344,129
119904812,1392,40,-13840,91,333,103
119909612,1432,-16,-13808,66,358,107
119914412,1420,64,-13744,91,356,88
119920312,1364,-116,-13596,89,360,105
119925112,1452,-92,-13576,81,364,98
119953012,1296,-48,-13772,61,326,92
119954512,1296,-48,-13772,61,326,92
119959412,1292,-140,-13808,70,359,107
119965312,1376,-128,-13784,88,324,111
120040110,1528,-52,-13704,44,252,68
120044910,1524,-32,-13520,147,343,88
120049712,1488,-268,-13688,18,373,101
120054512,1408,-96,-13704,96,341,101
120060412,1404,-212,-13608,96,282,91
120065212,1316,-216,-13712,141,351,118
120070012,1320,-304,-13792,65,360,118
120074812,1448,-88,-13708,71,352,96
120169512,1448,-88,-13708,71,352,96
120174612,1432,-20,-13756,90,351,96
120179412,1404,8,-13800,88,336,102
120185412,1424,-100,-13756,96,333,109
120190212,1428,88,-13836,96,298,102
120195012,1392,76,-13584,84,351,119
120199812,1344,-88,-13604,99,370,115
120204612,1364,32,-13644,87,324,120
120209412,1380,-44,-13628,86,325,121
120215312,1424,20,-13728,89,327,109
120220112,1276,-44,-13704,84,351,106
120225012,1412,-92,-13800,106,325,83
120298912,1328,-176,-13524,68,334,85
120300512,1328,-176,-13524,68,334,85
120305312,1484,8,-13732,63,356,104
120310112,1436,52,-13672,94,344,117
120314912,1440,-68,-13756,106,349,127
120413912,1400,-120,-13836,117,347,79
120415512,1400,-120,-13836,117,347,79
120420312,1308,-236,-13688,70,332,91
120425212,1460,-116,-13624,80,367,132
120435212,1248,-196,-13584,77,335,108
120440112,1284,-80,-13708,82,362,100
120444912,1408,-100,-13700,55,343,117
120449812,1328,-140,-13776,56,343,97
120454612,1188,-60,-13584,93,346,108
120459412,1464,-56,-13688,101,353,108
120465312,1384,-24,-13672,86,350,83
120470112,1320,-84,-13596,60,344,99
120474912,1420,12,-13616,55,343,87
120479712,1296,0,-13664,81,360,86
120484512,1336,44,-13644,88,361,93
120558712,1368,-132,-13708,99,315,112
120560313,1368,-132,-13708,99,315,112
120565112,1380,-196,-13560,97,332,88
120569912,1276,-184,-13600,90,332,90
120692412,1324,-148,-13720,74,354,78
120695112,1324,-148,-13720,74,354,78
120700012,1316,-108,-13508,80,358,94
120704812,1312,-108,-13504,101,346,97
120709612,1356,-116,-13796,104,358,62
120714412,1296,-36,-13676,96,351,66
120720312,1368,-196,-13688,65,334,93
120725112,1332,-164,-13740,97,352,99
120729912,1332,-116,-13756,75,334,72
120734812,1488,-20,-13744,101,356,110
120739612,1244,-80,-13740,90,347,86
120744412,1320,-128,-13700,81,333,74
120750312,1284,-104,-13792,83,344,108
120755112,1464,-88,-13668,78,326,102
120759912,1416,-64,-13712,64,349,118
120764712,1300,-108,-13680,97,329,133
120839510,1316,-44,-13680,103,359,104
120937610,1448,20,-13772,65,351,97
120949912,1488,4,-13556,83,352,80
120954712,1324,-4,-13752,92,351,81
120959612,1424,40,-13504,94,370,105
120964412,1296,-12,-13852,80,351,97
120970312,1440,76,-13840,92,339,72
120975112,1356,-84,-13636,82,346,104
120979912,1344,-112,-13692,59,337,94
120984712,1444,-124,-13692,69,353,113
120989512,1400,8,-13780,70,334,120
120995412,1348,-8,-13672,107,305,89
121000312,1448,-156,-13716,86,333,124
121005112,1376,-76,-13752,64,348,101
121009912,1372,-108,-13668,98,340,95
121014712,1300,-60,-13732,93,325,119
121019512,1380,-156,-13720,111,331,114
121119612,1320,-80,-13720,105,333,104
121124712,1272,-24,-13732,78,362,114
121129512,1392,-108,-13836,85,348,100
121203312,1348,-96,-13648,85,343,85
121204912,1348,-96,-13648,85,343,85
121209712,1368,-108,-13724,91,340,101
121214512,1380,-96,-13820,118,348,101
121219412,1308,-68,-13912,113,340,107
121225312,1448,-96,-13680,74,330,110
121230112,1380,-168,-13836,98,342,114
121234912,1404,-104,-13656,107,366,121
121239712,1300,-96,-13772,99,328,127
121244512,1428,-104,-13584,98,362,92
121250412,1388,-36,-13800,93,343,132
121255212,1344,-152,-13764,83,331,77
121260112,1304,4,-13732,91,340,104
121264912,1328,-20,-13708,63,346,78
121363712,1304,-140,-13656,101,335,104
121365312,1304,-140,-13656,101,335,104
121370112,1388,-100,-13916,91,338,97
121374912,1360,-192,-13748,111,343,100
121379712,1316,-136,-13640,87,331,93
121384612,1404,-24,-13784,77,344,93
121459710,1292,-8,-13596,90,324,102
121473012,1360,-48,-13708,81,312,94
121474512,1360,-48,-13708,81,312,94
121479412,1300,-8,-13844,90,343,98
121485312,1432,-40,-13716,84,345,107
121490212,1424,36,-13564,82,314,78
121495012,1308,-28,-13684,78,339,101
121499812,1440,-48,-13848,99,348,103
121504612,1388,-88,-13704,81,338,97
121509412,1420,-116,-13632,74,332,94
121515312,1432,-108,-13576,94,330,86
121520212,1412,-40,-13688,95,318,100
121525012,1320,-80,-13576,71,340,79
121621912,1456,-76,-13572,78,339,89
121624621,1456,-76,-13572,78,339,89
121629412,1364,-68,-13716,86,328,82
121635312,1460,-16,-13684,79,337,87
121640212,1324,-56,-13696,69,338,87
121645012,1400,-76,-13756,69,351,114
121649812,1460,-144,-13864,88,354,108
121747212,1412,-8,-13880,116,329,79
121750112,1412,-8,-13880,116,329,79
121754912,1316,-172,-13708,76,345,89
121759712,1256,-36,-13564,59,338,106
121764512,1420,-156,-13656,122,313,84
121770412,1476,-48,-13580,80,343,89
121775212,1396,-8,-13672,65,315,85
121780112,1324,64,-13820,98,340,105
121784912,1388,8,-13648,79,326,104
121789712,1380,0,-13760,76,338,114
121794512,1324,4,-13800,90,347,91
121890215,1324,4,-13800,90,347,91
121895112,1372,-40,-13576,101,372,96
121899912,1360,-4,-13716,66,321,110
121904712,1316,-140,-13712,103,331,83
121909512,1396,-112,-13700,71,371,120
121914412,1452,-92,-13740,80,352,116
121920312,1424,-136,-13696,61,360,102
121925112,1376,-32,-13624,71,350,120
121935112,1392,-60,-13584,54,351,97
122011710,1392,-116,-13716,92,339,97
122015610,1332,-60,-13700,86,341,93
122020410,1320,-228,-13480,63,356,97
122025210,1440,-44,-13716,61,354,106
122030012,1288,-28,-13600,73,359,125
122034812,1328,-40,-13704,80,350,113
122039612,1296,-80,-13844,71,346,109
122044512,1316,-60,-13620,82,324,109
122050412,1344,-24,-13876,97,330,105
122146310,1344,-24,-13876,97,330,105
122150212,1352,48,-13776,82,360,104
122155012,1280,52,-13640,93,354,106
122159912,1428,-4,-13616,79,361,93
122164712,1452,48,-13644,77,352,81
122169512,1428,-48,-13828,65,335,77
122175412,1452,-96,-13688,87,341,91
122180212,1408,-32,-13740,89,358,73
122185012,1404,-128,-13600,77,363,67
122189912,1352,16,-13644,90,324,63
122194712,1376,-144,-13644,106,361,73
122268212,1384,-212,-13764,70,356,93
122269812,1384,-212,-13764,70,356,93
122274612,1356,-144,-13640,79,325,103
122279412,1380,-168,-13620,87,341,101
122285312,1384,-28,-13744,100,340,63
122290212,1316,-76,-13660,82,343,95
122295012,1396,-32,-13732,76,336,114
122390910,1396,-32,-13732,76,336,114
122394812,1260,-52,-13712,101,323,111
122399612,1364,-52,-13652,86,346,84
122404512,1324,-28,-13720,84,345,79
122410412,1228,-128,-13680,81,336,78
122415212,1296,-136,-13772,90,354,79
122420012,1316,-76,-13784,68,357,95
122424812,1412,-128,-13744,87,344,102
122434710,1376,-140,-13764,78,338,84
122439510,1228,-120,-13560,73,355,80
122445412,1408,-100,-13716,77,335,95
122450212,1372,-76,-13560,65,310,86
122455012,1404,-124,-13824,93,380,104
122529610,1300,-48,-13612,68,354,76
122534410,1460,4,-13780,84,327,87
122540412,1428,-52,-13544,72,317,68
122545212,1356,-128,-13620,65,351,69
122644112,1468,8,-13396,78,330,96
122645869,1468,8,-13396,78,330,96
122649612,1320,-28,-13708,81,349,101
122654412,1304,-112,-13728,82,348,79
122660312,1516,-52,-13760,80,320,105
122665112,1328,36,-13752,88,324,93
122669912,1300,-12,-13688,80,351,79
122674812,1344,-80,-13704,98,342,71
122679612,1476,-84,-13804,81,338,85
122684412,1300,-140,-13604,77,362,81
122690312,1352,-168,-13644,92,348,99
122695112,1368,-52,-13868,91,338,103
122699912,1440,-128,-13640,66,354,96
122704712,1344,-148,-13560,80,335,94
122709512,1360,-152,-13772,68,327,91
122714412,1348,-76,-13684,107,353,100
122811610,1332,-92,-13672,82,347,108
122814412,1364,-116,-13664,88,338,79
122912612,1476,-200,-13664,96,321,118
122915412,1476,-200,-13664,96,321,118
122920312,1432,-120,-13588,80,344,106
122925112,1284,-148,-13684,79,336,86
122936010,1360,-116,-13680,88,338,85
122939870,1336,-116,-13816,79,356,104
122944710,1304,-288,-13748,87,382,101
122949510,1272,-176,-13624,77,367,92
122955412,1488,-124,-13780,107,319,84
122960212,1376,-176,-13820,116,355,106
122965012,1384,-148,-13764,92,348,78
122969912,1360,-172,-13768,78,376,81
122974712,1296,-108,-13928,89,328,121
122979512,1448,-204,-13488,86,338,108
122985412,1284,-172,-13696,98,332,101
122990212,1388,-136,-13764,69,343,107
122995012,1328,-28,-13684,87,335,100
123094110,1372,-192,-13724,75,329,109
123173521,1420,-60,-13652,86,334,98
123175122,1420,-60,-13652,86,334,98
123179912,1432,-64,-13680,91,334,125
123184712,1252,-44,-13556,96,335,88
123189512,1352,-112,-13764,84,354,89
123195412,1352,-216,-13616,99,350,107
123200212,1396,-172,-13544,89,327,103
123205012,1452,-136,-13676,78,345,117
123209912,1316,-248,-13728,85,353,104
123214712,1420,-192,-13716,117,352,118
123219512,1436,-132,-13740,96,338,103
123225412,1372,-72,-13832,89,338,108
123230212,1448,-160,-13764,62,324,105
123235012,1324,-132,-13752,115,322,120
123239812,1472,-28,-13688,69,322,126
123244612,1352,-56,-13656,89,353,101
123342612,1408,-28,-13576,66,341,96
123345413,1300,-96,-13816,77,349,117
123350212,1376,8,-13764,88,354,99
123355012,1272,32,-13704,69,358,89
123430710,1460,-192,-13732,94,346,88
123444412,1256,-184,-13724,111,323,96
123450412,1440,-108,-13784,83,333,86
123455212,1352,-112,-13880,92,344,77
123460012,1280,-136,-13660,98,317,93
123464812,1336,-180,-13688,77,309,79
123469612,1316,-140,-13632,85,328,102
123474412,1264,-128,-13684,87,338,92
123480312,1396,-108,-13628,72,334,91
123485212,1432,-116,-13768,82,322,71
123490012,1464,-164,-13648,87,311,94
123494812,1392,-120,-13624,66,333,103
123499612,1408,-84,-13756,67,337,80
123504412,1316,-116,-13620,85,333,90
123601110,1400,4,-13612,84,337,87
123604912,1396,56,-13624,96,344,79
123609712,1356,20,-13724,77,328,91
123614512,1468,-8,-13780,77,345,80
123620412,1400,-68,-13796,92,318,79
123625212,1364,-52,-13792,107,354,77
123698912,1260,-168,-13620,87,334,88
123700512,1260,-168,-13620,87,334,88
123705312,1344,-152,-13680,95,348,71
123710112,1304,-284,-13680,90,359,71
123714912,1268,-180,-13808,91,332,78
123719812,1240,-140,-13824,89,344,95
123724612,1328,-220,-13728,76,346,62
123729412,1288,-216,-13708,94,339,65
123735312,1372,-156,-13664,93,359,85
123740112,1400,-92,-13632,88,338,84
123744912,1504,-48,-13716,70,325,85
123749712,1408,-280,-13656,101,364,79
123869210,1384,-204,-13740,99,345,89
123870810,1384,-204,-13740,99,345,89
123874710,1324,-284,-13752,86,338,101
123879510,1428,-252,-13640,83,361,106
123885410,1436,-228,-13620,111,345,100
123890212,1344,-88,-13868,122,363,124
123895012,1384,-200,-13756,91,336,113
123899812,1328,-140,-13788,84,335,135
123975110,1444,-56,-13860,88,354,103
123989712,1328,-128,-13720,69,328,85
123994612,1332,-120,-13708,63,350,115
123999512,1364,-76,-13676,75,323,116
124005412,1440,-164,-13664,76,329,126
124010212,1404,-124,-13752,75,344,120
124015012,1420,-136,-13904,94,332,78
124019812,1404,-144,-13652,87,367,112
124024612,1328,-84,-13560,106,361,94
124029412,1284,-108,-13688,69,344,87
124127412,1432,-204,-13688,109,359,115
124130120,1432,-96,-13788,81,331,107
124134912,1276,-100,-13776,81,324,120
124139712,1384,-104,-13736,70,357,127
124144512,1264,-168,-13816,71,328,125
124149412,1400,-96,-13548,107,325,93
124155312,1292,-36,-13732,76,339,107
124160112,1364,-80,-13724,62,350,106
124164912,1472,-44,-13712,65,340,86
124169712,1316,20,-13640,90,336,115
124244910,1384,0,-13712,70,357,111
124249810,1324,-140,-13728,96,323,105
124254610,1376,-68,-13768,74,359,123
124259512,1328,-96,-13700,63,324,106
124265412,1332,-140,-13676,90,347,100
124270212,1392,-100,-13684,89,334,94
124275012,1336,-48,-13648,72,331,101
124373210,1392,-4,-13716,72,344,109
124374812,1392,-4,-13716,72,344,109
124379612,1376,-32,-13740,93,340,88
124384412,1380,20,-13728,73,351,111
124390312,1212,-64,-13712,68,352,105
124395112,1400,-8,-13660,96,315,110
124399912,1380,80,-13600,81,357,89
124404812,1344,-4,-13784,99,346,102
124409612,1372,4,-13696,75,336,84
124414412,1280,-48,-13776,66,338,114
124420312,1380,40,-13676,82,357,89
124425112,1344,-60,-13772,63,343,82
124442112,1400,48,-13680,80,348,84
124517510,1472,-96,-13744,86,343,104
124520313,1468,-172,-13628,72,323,82
124525112,1468,-104,-13740,83,338,108
124529912,1296,-176,-13680,76,365,114
124534812,1344,-32,-13720,80,354,96
124539612,1356,-120,-13604,76,366,105
124635510,1356,-120,-13604,76,366,105
124639412,1520,-32,-13648,71,337,91
124645312,1364,-120,-13688,103,324,112
124650212,1392,-152,-13588,90,315,78
124655012,1372,-116,-13704,78,353,107
124659812,1344,-116,-13644,92,320,102
124664612,1408,-64,-13692,92,333,115
124669412,1432,-84,-13632,69,330,92
124675312,1304,-96,-13796,68,366,96
124680212,1388,-8,-13784,84,322,95
124685012,1292,-104,-13716,113,360,99
124689812,1336,-28,-13836,82,364,103
124694612,1444,-112,-13716,76,370,106
124699412,1372,-72,-13752,90,335,75
124774110,1400,48,-13596,96,356,89
124775712,1400,48,-13596,96,356,89
124779412,1376,-120,-13696,74,345,64
124785312,1392,-28,-13640,76,328,88
124905012,1228,-132,-13704,75,357,94
124910012,1404,-12,-13744,73,344,116
124914912,1384,-136,-13700,72,338,122
124919712,1324,-112,-13700,67,361,113
124924512,1388,-84,-13672,84,353,119
124938012,1316,-76,-13724,91,352,102
124939513,1220,-40,-13532,84,329,105
124944412,1332,-124,-13588,73,356,113
124950312,1348,-56,-13944,78,330,110
124955112,1264,-12,-13708,109,345,96
124960012,1424,-24,-13752,106,317,106
124964812,1360,-60,-13648,83,338,108
124969612,1356,-92,-13676,75,323,81
124974412,1428,-116,-13724,115,332,72
124980312,1380,-12,-13620,79,350,77
124985112,1480,-84,-13624,65,338,85
125059212,1340,-88,-13612,85,329,98
125060712,1340,-88,-13612,85,329,98
125064512,1308,-160,-13608,73,336,89
125162712,1328,-56,-13704,82,347,106
125165512,1248,-12,-13708,72,337,98
125170412,1420,-112,-13488,82,347,70
125175212,1444,-40,-13656,80,310,109
125180012,1260,-48,-13720,80,317,98
125184812,1324,-28,-13592,91,349,97
125189612,1368,-88,-13656,82,314,99
125194412,1424,-96,-13712,79,341,89
125200312,1504,-24,-13600,59,325,90
125205112,1404,-76,-13836,69,346,109
125210012,1420,-236,-13752,93,363,112
125214812,1436,-4,-13924,88,347,104
125219612,1436,-76,-13548,72,338,101
125224412,1424,-32,-13636,84,358,97
125230312,1388,-120,-13768,76,341,100
125235112,1236,-120,-13720,89,326,112
125334311,1296,-120,-13616,99,327,103
125411812,1268,-156,-13776,83,360,112
125414412,1312,-48,-13680,88,330,97
125420412,1392,-112,-13748,94,319,108
125425212,1256,-36,-13628,81,333,97
125442312,1364,-68,-13592,72,339,85
125444912,1420,-112,-13652,77,322,73
125449712,1344,-68,-13664,76,352,83
125454612,1384,-68,-13612,116,357,80
125459412,1336,-32,-13620,70,322,82
125465312,1352,-192,-13664,70,358,103
125470112,1356,-156,-13760,83,345,110
125474912,1544,-108,-13756,97,340,81
125479712,1480,16,-13816,85,341,94
125484512,1416,-28,-13672,91,339,92
125490412,1396,-144,-13712,91,347,96
125495312,1368,-92,-13696,87,339,99
125500112,1300,-60,-13748,93,350,111
125598312,1412,-112,-13740,79,344,95
125599912,1412,-52,-13700,91,352,84
125604712,1284,-60,-13608,77,337,106
125678712,1348,-112,-13508,106,331,107
125680312,1304,-32,-13632,80,346,102
125685112,1388,-124,-13636,95,358,80
125689912,1332,-136,-13700,72,344,97
125694712,1408,-36,-13772,78,323,95
125699512,1332,-196,-13652,90,319,91
125705412,1408,-56,-13632,111,340,88
125710212,1328,-136,-13744,59,359,71
125715012,1392,-96,-13456,99,338,102
125719912,1388,-92,-13776,74,341,95
125724712,1332,-96,-13756,81,326,94
125729512,1396,-44,-13644,90,340,89
125735412,1340,-96,-13708,87,361,87
125740212,1464,-56,-13724,70,341,90
125745012,1300,-168,-13604,83,337,100
125843010,1288,-96,-13792,88,342,117
125844610,1340,-112,-13596,87,336,92
125849612,1380,-60,-13668,96,360,108
125854412,1344,-132,-13664,105,344,106
125860312,1448,-116,-13688,81,341,91
125958712,1312,-76,-13636,88,343,123
125974712,1364,-44,-13768,83,345,92
125979612,1304,8,-13752,91,353,111
125984512,1300,-136,-13536,94,334,87
125990412,1408,-24,-13676,99,340,99
125995212,1380,-124,-13744,81,335,109
126000012,1296,-112,-13672,75,333,88
126004812,1448,-132,-13756,84,348,91
126009612,1428,-96,-13724,93,351,96
126014412,1348,-144,-13584,72,324,84
126020312,1348,-92,-13736,58,353,80
126025212,1344,-36,-13660,84,357,87
126030012,1368,-96,-13820,84,354,116
126126712,1308,-168,-13624,90,344,112
126129512,1388,-72,-13668,85,346,107
126135412,1364,-84,-13816,69,338,91
126140212,1364,-4,-13604,102,328,110
126145012,1460,-8,-13708,82,339,91
126149812,1372,-48,-13520,59,350,102
126154612,1376,-84,-13868,79,332,99
126228312,1248,-100,-13604,78,356,60
126229912,1360,20,-13768,85,365,96
126234712,1412,-108,-13616,89,330,97
126239612,1412,-152,-13652,62,316,84
126244412,1336,-76,-13808,77,360,115
126250312,1356,-92,-13668,84,353,118
126255112,1392,-104,-13780,73,343,93
126259912,1304,-236,-13644,75,331,87
126264712,1280,-148,-13632,81,343,104
126269612,1508,-176,-13900,98,352,98
126274412,1296,-144,-13740,91,334,115
126371212,1392,-100,-13776,104,350,104
126375212,1380,-128,-13620,91,357,97
126380012,1248,-60,-13640,80,343,109
126384812,1380,-48,-13540,86,350,101
126389612,1376,-108,-13824,85,347,126
126394412,1304,-52,-13792,87,337,118
126400312,1340,-16,-13660,63,340,85
126405212,1336,8,-13688,82,340,93
126410012,1348,-96,-13936,87,348,94
126484513,1288,-112,-13556,102,355,76
126498010,1368,-80,-13580,68,344,121
126499510,1368,-52,-13708,67,360,113
126504412,1328,-56,-13656,83,324,82
126510312,1452,28,-13700,67,320,109
126515112,1480,44,-13688,68,355,81
126520012,1332,32,-13648,86,331,118
126524812,1408,-8,-13780,78,348,109
126529612,1440,-96,-13584,82,346,90
126628712,1340,-52,-13640,77,337,105
126630312,1404,-124,-13608,94,334,99
126635112,1308,-120,-13784,88,335,110
126640012,1332,-60,-13844,101,326,81
126644812,1404,-108,-13756,79,364,100
126649612,1380,-192,-13648,69,358,100
126654412,1460,24,-13700,78,333,117
126660312,1420,-56,-13812,79,329,122
126665112,1308,-80,-13744,80,342,91
126669912,1336,16,-13716,73,353,107
126674712,1408,60,-13772,95,350,92
126748710,1460,-92,-13696,69,368,81
126750210,1380,-200,-13688,101,355,118
126755010,1392,-216,-13676,102,336,119
126759812,1284,-200,-13748,71,341,111
126764612,1364,-136,-13800,86,360,124
126769412,1352,-8,-13900,109,344,117
126775412,1328,-16,-13748,104,350,95
126873610,1376,32,-13736,81,346,96
126875210,1524,-64,-13684,96,360,121
126880212,1304,-144,-13684,101,352,109
126885012,1400,-132,-13548,117,321,99
126889812,1396,-96,-13732,80,348,101
126894612,1376,-152,-13732,78,337,117
126899412,1388,-140,-13792,96,343,104
126905412,1408,-140,-13752,102,346,123
126910212,1592,-52,-13656,83,345,111
126915012,1360,-124,-13764,87,351,72
126919812,1372,-16,-13620,105,337,98
126924612,1364,-176,-13656,67,345,85
126965712,1388,-124,-13736,74,327,116
127046612,1420,-72,-13648,88,347,80
127049512,1448,44,-13904,96,373,95
127055412,1400,-88,-13560,93,338,82
127060212,1276,-68,-13640,87,320,81
127065012,1368,-44,-13624,83,343,77
127069812,1360,-108,-13756,89,324,89
127165512,1332,-68,-13760,92,321,84
127169512,1332,-68,-13760,92,321,84
127175412,1456,-132,-13656,74,339,102
127180212,1424,-176,-13640,90,344,97
127185012,1412,-136,-13752,84,338,120
127189812,1408,-80,-13716,60,341,93
127194612,1284,-44,-13600,84,336,98
127199512,1284,-44,-13600,84,336,98
127205412,1344,-100,-13808,70,334,93
127210212,1400,-24,-13724,93,359,79
127215012,1288,-28,-13740,102,335,99
127219812,1308,-120,-13604,73,329,91
127224612,1452,-108,-13584,101,346,110
127229412,1452,-108,-13584,101,346,110
127303312,1344,-60,-13720,80,366,100
127304912,1344,-80,-13720,70,346,100
127309712,1464,-40,-13808,81,347,89
127314512,1320,-116,-13616,88,342,102
127410310,1364,-108,-13748,99,342,87
127415312,1460,-24,-13624,89,348,106
127420112,1440,-44,-13756,93,335,88
127425012,1348,-72,-13724,82,338,96
127435010,1420,12,-13652,93,324,100
127439910,1332,-68,-13540,85,360,99
127444710,1332,-28,-13760,84,332,75
127449612,1332,-28,-13760,84,332,75
127454412,1448,-72,-13708,79,347,104
127460312,1336,0,-13604,66,352,74
127465112,1396,-28,-13664,76,366,108
127469912,1400,-40,-13724,76,361,113
127474712,1420,-8,-13800,84,340,79
127479512,1420,-8,-13800,84,340,79
127485412,1364,-68,-13800,93,346,90
127490312,1340,-136,-13736,96,323,90
127563610,1352,-60,-13684,99,327,112
127565212,1356,-8,-13704,67,340,92
127662710,1304,-60,-13624,93,357,136
127665412,1396,-204,-13668,80,329,119
127670212,1344,-136,-13796,83,339,136
127675012,1172,-192,-13764,72,366,94
127679812,1344,-92,-13600,75,324,99
127684612,1344,-92,-13600,75,324,99
127689412,1276,-48,-13672,104,345,113
127695312,1380,-92,-13740,72,309,76
127700112,1304,-92,-13660,82,321,93
127705012,1384,-120,-13568,72,368,88
127709812,1436,16,-13820,80,364,90
127714612,1436,16,-13820,80,364,90
127719412,1508,48,-13796,61,307,83
127725312,1380,-100,-13660,68,343,90
127730112,1428,-52,-13556,78,344,81
127734912,1440,-44,-13792,88,340,94
127834412,1332,-272,-13712,72,357,102
127839512,1416,-224,-13568,106,316,82
127913212,1488,-4,-13556,66,376,133
127914812,1488,-4,-13556,66,376,133
127919612,1468,12,-13768,117,321,129
127924412,1264,92,-13584,97,348,128
127934310,1372,104,-13820,52,370,97
127935810,1316,40,-13768,89,324,95
127939612,1316,40,-13768,89,324,95
127960412,1352,-56,-13700,108,322,78
127965412,1472,-136,-13748,89,343,66
127970312,1440,-112,-13740,73,375,98
127975112,1512,-104,-13608,67,356,106
127979912,1512,-104,-13608,67,356,106
127984712,1388,-172,-13600,76,344,120
127989512,1388,-216,-13668,103,337,98
127995412,1308,-180,-13936,66,348,106
128000312,1400,-88,-13732,73,354,105
128005112,1352,-68,-13580,78,336,116
128009912,1352,-68,-13580,78,336,116
128107712,1260,-208,-13612,86,333,121
128110421,1256,-116,-13784,79,340,115
128185910,1312,40,-13768,101,329,89
128189912,1312,40,-13768,101,329,89
128194712,1360,-52,-13680,73,334,98
128199612,1360,52,-13660,86,365,98
128204412,1300,16,-13672,107,342,117
128210312,1548,32,-13656,85,342,106
128215112,1420,52,-13816,65,358,125
128219912,1420,52,-13816,65,358,125
128224712,1420,0,-13632,75,364,75
128229512,1432,92,-13716,109,335,118
128235412,1380,72,-13704,40,348,113
128240312,1492,96,-13744,97,336,108
128245112,1380,0,-13688,71,325,120
128249912,1380,0,-13688,71,325,120
128254712,1308,8,-13616,77,321,100
128353910,1328,-92,-13696,82,341,143
128355510,1340,-128,-13640,85,371,118
128359412,1340,-128,-13640,85,371,118
128365312,1420,-152,-13792,106,335,103
128370112,1404,16,-13748,83,342,124
128443112,1376,-56,-13656,81,345,68
128456512,1344,-156,-13504,100,362,119
128460212,1296,-152,-13576,70,354,103
128465012,1296,-152,-13576,70,354,103
128469812,1380,-212,-13852,82,338,93
128474612,1376,-204,-13592,85,349,116
128479412,1396,-264,-13516,90,351,126
128485312,1352,-164,-13612,74,348,103
128490112,1400,-268,-13608,95,309,105
128495012,1400,-268,-13608,95,309,105
128499812,1264,-212,-13688,90,354,97
128504612,1308,-168,-13700,65,348,93
128509412,1244,-76,-13940,69,334,93
128609810,1432,-92,-13632,77,330,104
128614812,1412,28,-13748,72,348,106
128619612,1320,-164,-13684,85,355,99
128624412,1336,-128,-13592,92,332,77
128630412,1216,-60,-13740,95,346,84
128635212,1216,-60,-13740,95,346,84
128640012,1304,-116,-13736,82,348,112
128715012,1368,92,-13712,79,356,72
128720012,1368,64,-13752,83,307,95
128724812,1352,-92,-13520,103,339,76
128729612,1332,-112,-13612,78,358,99
128734412,1432,-232,-13612,86,369,64
128740312,1392,-304,-13868,107,325,81
128745112,1392,-304,-13868,107,325,81
128749912,1396,-300,-13732,98,340,89
128754812,1412,-252,-13804,69,360,123
128759612,1452,164,-13796,112,344,82
128855510,1576,92,-13756,107,345,76
128859412,1576,92,-13756,107,345,76
128865312,1376,180,-13632,101,334,82
128870212,1380,164,-13724,76,350,91
128875012,1424,56,-13784,104,367,88
128879812,1352,52,-13792,62,338,84
128884612,1356,36,-13780,80,350,93
128889412,1404,-36,-13856,91,343,107
128895312,1376,-168,-13816,87,325,80
128900212,1376,-168,-13816,87,325,80
128998111,1476,24,-13832,92,350,93
129014010,1324,-24,-13712,95,346,118
129015510,1400,-64,-13788,92,334,122
129019412,1400,-64,-13788,92,334,122
129024512,1428,48,-13668,75,351,118
129029712,1552,44,-13704,105,321,113
129034912,1276,-64,-13796,75,338,119
129040071,1380,20,-13680,81,337,102
129045212,1276,-56,-13684,74,337,113
129141214,1368,-144,-13800,91,334,101
129145012,1368,-144,-13800,91,334,101
129149812,1432,-56,-13744,86,338,109
129154712,1340,-48,-13688,83,335,96
129159512,1348,-16,-13756,91,335,118
129165412,1384,-48,-13752,100,325,121
129170212,1428,-44,-13504,77,321,79
129175012,1356,-16,-13692,103,319,115
129179812,1344,12,-13624,69,349,96
129184712,1280,8,-13632,77,343,86
129189512,1456,24,-13720,76,346,82
129263212,1292,-144,-13688,87,338,95
129264812,1292,-144,-13688,87,338,95
129269612,1480,-124,-13828,114,316,94
129274412,1288,-76,-13752,97,323,70
129280312,1324,28,-13808,127,335,92
129285112,1376,-160,-13680,85,328,80
129289912,1412,-32,-13652,69,336,106
129385714,1332,-16,-13792,63,354,96
129389512,1332,-16,-13792,63,354,96
129395412,1388,-60,-13736,62,356,112
129400312,1404,-52,-13632,87,349,100
129405112,1296,12,-13740,99,360,69
129409912,1336,0,-13820,82,346,88
129414712,1388,-4,-13604,80,333,115
129419512,1272,36,-13552,74,328,86
129425412,1468,-72,-13792,91,343,78
129446011,1396,-108,-13580,62,359,80
129449711,1396,-108,-13580,62,359,80
129454611,1324,-100,-13664,75,342,100
129459411,1444,-88,-13680,72,348,74
129532912,1412,-132,-13584,88,339,84
129534512,1412,-132,-13584,88,339,84
129540412,1356,-128,-13828,101,324,84
129545212,1400,-124,-13660,62,332,80
129550012,1384,-92,-13672,81,345,107
129648012,1320,-112,-13644,76,335,109
129649612,1320,-112,-13644,76,335,109
129654412,1464,-116,-13672,64,356,98
129660312,1336,-200,-13704,74,333,104
129665112,1288,-256,-13772,71,350,80
129669912,1348,-156,-13712,83,342,89
129674712,1272,-152,-13688,70,355,120
129679512,1376,-76,-13784,74,341,104
129685412,1340,-120,-13712,88,328,116
129690312,1376,-84,-13768,83,351,121
129695112,1344,-16,-13824,86,349,120
129699912,1392,24,-13688,83,346,128
129704712,1316,-68,-13640,86,328,100
129709512,1280,-124,-13808,66,355,105
129715412,1376,0,-13780,95,363,85
129790212,1388,-88,-13924,90,289,82
129795112,1384,-152,-13644,94,383,101
129893010,1432,-116,-13480,32,281,113
129894510,1432,-116,-13480,32,281,113
129899412,1488,24,-13644,49,341,90
129905312,1484,-180,-13820,114,387,94
129910212,1344,-16,-13620,34,184,117
129915012,1536,-164,-13936,145,419,102
129919812,1420,-68,-13300,44,354,104
129924612,1476,24,-14132,53,308,117
129934610,1396,-72,-13684,64,354,127
129939510,1520,-16,-13680,102,376,114
129944412,1324,-120,-14084,247,404,116
129950312,1392,-40,-12576,216,16,97
129955112,1452,284,-15120,-155,200,103
129959912,1204,-76,-12800,350,600,89
129964712,1320,-228,-14212,-142,186,82
129969512,1292,-36,-13500,241,518,103
129992612,1248,-240,-13568,30,293,105
129995313,1248,-240,-13568,30,293,105
130073712,1348,40,-13732,88,350,100
130075212,1456,-44,-13460,92,348,108
130172016,1364,-128,-13792,101,352,108
130174813,1364,-128,-13792,101,352,108
130179612,1332,-152,-13580,97,338,124
130184412,1424,-20,-13704,59,335,116
130190412,1360,-108,-13704,102,338,111
130195212,1292,4,-13592,102,324,115
130200012,1344,-4,-13652,79,333,113
130204812,1284,-32,-13588,86,353,107
130209612,1376,-8,-13684,86,303,111
130214412,1336,-44,-13628,91,348,92
130220312,1432,20,-13520,93,346,114
130225112,1440,-8,-13756,108,335,92
130230012,1292,-84,-13688,76,358,77
130234812,1436,-32,-13548,89,338,90
130239612,1388,-32,-13664,100,334,101
130244412,1376,-60,-13652,101,339,100
130343610,1388,-100,-13576,73,329,74
130345110,1388,-100,-13576,73,329,74
130420712,1260,-68,-13788,63,321,95
130424812,1488,-16,-13764,91,365,102
130435969,1424,-124,-13700,59,322,101
130439810,1260,-184,-13688,69,327,100
130444610,1356,-84,-13648,107,334,102
130449512,1376,-132,-13724,84,326,109
130455412,1296,-24,-13732,78,336,106
130460212,1340,-192,-13624,71,346,90
130465012,1352,-176,-13632,85,321,97
130469812,1312,-56,-13660,82,324,96
130474612,1340,0,-13576,69,333,101
130479412,1268,-84,-13808,102,321,84
130485312,1376,-112,-13520,72,344,93
130490212,1484,-48,-13624,95,354,105
130495012,1324,-112,-13696,85,346,118
130499812,1372,-76,-13724,79,366,126
130504612,1460,8,-13644,80,338,101
130600112,1460,8,-13644,80,338,101
130605112,1420,-176,-13784,88,342,80
130609912,1320,-176,-13720,89,340,96
130684112,1372,-20,-13748,100,342,63
130685712,1372,-20,-13748,100,342,63
130689412,1372,-12,-13768,102,334,106
130695312,1280,-48,-13640,73,353,83
130700112,1336,-8,-13772,97,333,91
130705012,1448,-120,-13624,87,350,64
130709812,1352,-4,-13708,65,341,99
130714612,1400,-72,-13820,66,326,93
130719412,1364,-44,-13764,67,348,88
130725312,1412,-56,-13696,81,367,106
130730112,1448,-152,-13808,70,330,101
130734912,1416,-152,-13536,79,338,120
130739712,1300,-80,-13616,79,351,87
130744612,1348,-144,-13668,96,363,107
130749412,1468,-40,-13644,88,361,103
130845310,1468,-40,-13644,88,361,103
130850312,1352,-28,-13604,101,334,111
130855112,1380,-96,-13708,99,365,106
130860012,1308,32,-13712,73,373,89
130864812,1352,20,-13948,66,350,98
130938612,1268,-212,-13432,-57,-41,94
130951010,1384,-356,-12856,131,312,109
130954710,1448,-112,-14264,-93,302,87
130959611,1276,-96,-13380,218,378,85
130964411,1496,-96,-13872,153,287,120
130970311,1304,-184,-13420,-50,355,116
130993411,1384,16,-13788,29,326,114
130994911,1384,16,-13788,29,326,114
130999811,1308,-100,-13832,135,347,115
131004711,1392,-244,-13812,53,343,105
131009511,1368,-88,-13644,85,353,98
131015411,1464,-96,-13588,112,348,111
131020211,1356,-60,-13724,57,329,104
131025011,1476,-80,-13780,80,352,92
131120810,1476,-80,-13780,80,352,92
131124712,1400,-68,-13672,93,357,93
131129512,1432,-60,-13872,73,333,94
131134412,1348,-72,-13620,93,365,94
131140312,1336,24,-13568,98,344,97
131145112,1344,4,-13796,65,343,103
131219610,1352,-20,-13656,86,356,101
131224410,1380,-112,-13792,117,322,86
131230312,1416,-108,-13604,64,317,115
131235112,1276,-124,-13704,90,375,89
131239912,1304,-104,-13556,116,353,85
131244712,1464,44,-13744,93,327,79
131249512,1356,-52,-13752,107,348,97
131255412,1380,-140,-13520,72,327,95
131260312,1428,-112,-13632,69,348,104
131265112,1388,-148,-13644,105,329,80
131269912,1260,-144,-13656,108,364,87
131365510,1260,-144,-13656,108,364,87
131370412,1404,-44,-13840,127,343,87
131375212,1436,-212,-13560,20,336,91
131380012,1372,-92,-13820,127,345,73
131384812,1412,-116,-13552,53,349,77
131389612,1380,-92,-13812,96,354,80
131394412,1400,-84,-13704,95,329,95
131400312,1352,-68,-13604,57,329,99
131405112,1400,-160,-13704,95,350,93
131479912,1412,-140,-13692,99,369,119
131493510,1296,-108,-13800,70,350,109
131495010,1296,-108,-13800,70,350,109
131499810,1396,-100,-13788,53,335,106
131504612,1420,-72,-13768,97,349,101
131509412,1320,-136,-13752,115,332,109
131515312,1316,-24,-13816,90,340,106
131520212,1276,-64,-13632,83,349,94
131525012,1372,-8,-13772,109,311,103
131622710,1508,-92,-14020,-106,307,107
131625310,1508,-92,-14020,-106,307,107
131630112,1328,-176,-13496,101,331,92
131634912,1476,-100,-13896,187,335,88
131639712,1420,-64,-13368,-36,363,86
131644512,1468,-84,-13976,151,369,88
131650412,1412,-132,-13628,22,293,85
131655212,1356,-120,-13760,67,343,105
131660112,1356,-144,-13712,137,377,87
131664912,1444,-96,-13828,37,310,95
131669712,1352,-112,-13628,109,306,109
131745510,1344,-144,-13696,92,361,76
131749412,1448,-152,-13672,106,350,105
131755312,1364,-128,-13828,84,342,98
131760112,1344,-80,-13708,73,368,83
131764912,1424,-140,-13708,74,326,102
131769712,1396,-100,-13864,101,314,107
131868710,1436,-28,-13948,72,323,96
131870212,1436,-28,-13948,72,323,96
131875112,1436,-72,-13624,91,351,109
131880012,1372,4,-13748,65,335,108
131884812,1360,-16,-13752,45,338,117
131889612,1448,-28,-13752,123,359,115
131894412,1356,-80,-13580,102,333,96
131900312,1288,-68,-13524,79,334,97
131905112,1412,-40,-13764,98,346,111
131910012,1324,-112,-13656,83,353,92
131914812,1344,-196,-13592,113,356,104
131919612,1404,-132,-13704,102,345,105
131924412,1400,-76,-13624,71,328,104
131937812,1328,-12,-13700,82,338,97
132040212,1184,-108,-13128,421,490,104
132045268,1312,-272,-13608,-294,217,70
132050112,1404,280,-14088,254,573,125
132054912,1448,-180,-13612,123,123,98
132153812,1696,-16,-13312,-163,18,81
132155412,1696,-16,-13312,-163,18,81
132160212,1488,40,-14500,296,551,114
132165012,1156,-256,-12768,-28,119,97
132169812,1304,132,-14640,49,423,93
132174612,1360,-112,-12996,220,430,109
132179412,1556,-56,-14056,-51,268,101
132185412,1304,-176,-13520,64,358,118
132190212,1412,-128,-13728,197,282,100
132195012,1388,-116,-13432,18,408,101
132199812,1388,-44,-13876,142,325,112
132204612,1316,-24,-13372,75,310,101
132209412,1292,-64,-13696,33,353,95
132215312,1284,-196,-13612,144,385,91
132220112,1432,-112,-13812,49,346,97
132225012,1352,-144,-13728,117,298,81
132300910,1448,32,-13736,83,328,83
132304610,1344,-100,-13652,87,349,115
132400517,1344,-100,-13652,87,349,115
132404512,1364,4,-13752,101,343,91
132410412,1356,-60,-13844,73,353,115
132415212,1428,-104,-13632,94,363,86
132420012,1400,-52,-13620,89,335,110
132424812,1364,-56,-13680,64,353,111
132441811,1340,-4,-13616,89,352,119
132444411,1416,12,-13700,88,345,111
132450411,1392,-4,-13608,79,351,98
132455211,1444,-60,-13552,69,309,83
132460011,1308,-76,-13600,96,355,84
132464811,1404,-24,-13596,100,302,116
132469611,1372,-60,-13764,92,332,91
132474411,1332,0,-13788,58,340,93
132480411,1352,-24,-13648,60,339,105
132485211,1300,-64,-13768,88,353,96
132490011,1392,-124,-13660,91,357,104
132587812,1268,-116,-13676,89,369,93
132664010,1488,944,-12244,-249,-107,109
132665510,1488,944,-12244,-249,-107,109
132670310,1344,-956,-17072,22,1440,115
132675112,1184,400,-9476,592,-338,57
132679912,1692,-196,-18300,-313,312,95
132684712,952,-356,-8684,323,885,127
132689612,1760,216,-18132,-232,-318,72
132694412,1104,-152,-11192,483,713,119
132700312,1624,28,-14124,70,65,99
132705112,1332,-200,-13816,-237,568,82
132709912,1260,-136,-13832,253,164,94
132714712,1588,-92,-13316,185,520,110
132719512,1372,-252,-13964,-119,215,89
132725412,1392,-120,-13144,276,479,99
132730312,1324,-228,-14348,-94,235,94
132735112,1260,-88,-13484,193,362,94
132833510,1400,-248,-13328,-41,42,93
132835110,1400,-248,-13328,-41,42,93
132840210,1232,-56,-14400,-164,465,98
132845010,1120,-176,-13188,351,347,97
132921311,1564,-4,-13756,71,330,123
132925211,1496,-16,-13792,94,352,100
132942012,1420,152,-13760,84,359,114
132944612,1348,-68,-13704,69,356,109
132949412,1352,-8,-13652,87,347,80
132955312,1468,4,-13736,80,360,119
132960112,1356,-20,-13592,93,343,94
132964912,1284,-84,-13936,81,338,101
132969712,1372,-48,-13740,77,353,84
132974512,1288,-108,-13752,66,370,93
132979412,1384,-176,-13764,110,343,68
132985312,1348,-264,-13528,92,318,82
132990112,1308,-196,-13816,79,344,89
132994912,1380,-120,-13656,60,360,73
132999712,1464,-148,-13560,81,350,75
133121110,1380,-92,-13716,89,331,94
133125010,1504,-64,-13772,90,322,78
133129912,1324,-160,-13668,79,344,96
133134712,1456,-12,-13772,94,342,84
133139512,1444,-56,-13532,106,338,93
133213212,1352,-76,-13780,92,359,87
133214812,1352,-76,-13780,92,359,87
133219612,1396,-28,-13636,71,329,81
133224412,1368,-84,-13804,81,359,95
133230412,1332,-84,-13716,102,339,90
133235212,1332,-72,-13652,109,343,95
133240012,1352,-76,-13656,94,360,90
133244812,1364,-180,-13676,82,340,80
133249612,1388,-96,-13712,101,330,118
133254412,1392,-44,-13676,95,341,97
133260312,1336,-60,-13732,87,365,103
133265112,1432,-164,-13796,92,339,110
133270012,1444,-84,-13704,80,363,109
133365713,1444,-84,-13704,80,363,109
133369712,1400,-144,-13560,80,353,97
133374612,1404,-92,-13680,83,331,82
133379412,1412,-116,-13876,93,349,99
133385312,1468,-52,-13660,93,364,103
133390112,1436,-44,-13680,75,346,89
133394912,1364,-192,-13692,103,353,111
133469211,1344,-136,-13776,76,343,82
133490010,1432,-144,-13676,104,348,109
133494910,1452,-116,-13672,66,354,86
133499710,1440,-56,-13676,87,366,118
133504612,1448,-48,-13736,73,341,118
133509412,1396,-68,-13736,99,320,78
133515312,1304,-100,-13616,68,351,108
133520112,1296,-16,-13748,94,360,100
133524912,1404,32,-13680,95,340,117
133529712,1300,-136,-13796,93,363,119
133534512,1352,-148,-13684,76,359,121
133629220,1352,-148,-13684,76,359,121
133630819,1352,-148,-13684,76,359,121
133634511,1372,-44,-13692,67,339,104
133640411,1364,-176,-13804,73,333,118
133645211,1304,-236,-13692,107,323,117
133650011,1396,-156,-13684,93,341,77
133654811,1340,-120,-13796,65,347,99
133659711,1476,-152,-13696,94,346,112
133664511,1296,-220,-13540,87,327,100
133740013,1428,24,-13616,83,337,104
133745112,1336,-48,-13648,93,344,85
133750012,1360,4,-13556,78,329,91
133754812,1380,108,-13604,78,315,95
133759612,1376,72,-13784,61,346,87
133764412,1356,-36,-13796,82,343,101
133770312,1300,-24,-13644,92,340,108
133775112,1408,-64,-13704,88,333,103
133779912,1316,-152,-13684,99,317,93
133875612,1316,-152,-13684,99,317,93
133879412,1332,-164,-13884,96,352,98
133885412,1372,-56,-13632,60,340,97
133890212,1448,-44,-13612,105,339,110
133895012,1440,-88,-13732,93,338,99
133899812,1316,-104,-13736,78,343,122
133904612,1388,-56,-13704,97,345,84
133909412,1400,4,-13616,81,340,94
133915312,1400,24,-13740,89,357,100
133920112,1440,116,-13844,80,353,77
133925012,1348,-60,-13772,75,362,85
134017411,1396,-228,-13604,92,365,120
134020111,1368,-172,-13676,78,370,110
134025011,1384,-156,-13628,98,335,99
134029811,1448,-80,-13816,86,336,86
134034611,1364,-248,-13804,75,351,85
134039411,1324,-64,-13772,79,338,97
134163412,1384,-64,-13656,72,346,77
134165012,1384,-64,-13656,72,346,77
134169912,1260,-28,-13588,74,349,108
134174712,1296,-92,-13668,90,361,100
134179612,1328,-164,-13616,85,355,97
134184412,1304,-220,-13748,87,342,102
134190312,1432,-148,-13728,70,345,112
134195112,1452,-76,-13660,94,340,98
134199912,1340,-124,-13600,88,356,103
134204712,1332,-132,-13768,57,369,112
134209512,1420,-136,-13732,97,349,116
134215412,1352,-148,-13860,78,335,90
134220312,1460,-164,-13744,80,347,107
134225112,1396,-124,-13580,85,359,99
134299710,1392,-100,-13736,79,321,104
134304510,1432,-176,-13740,85,352,110
134310412,1352,-144,-13520,81,337,96
134408410,1380,20,-13716,85,342,86
134410010,1380,20,-13716,85,342,86
134415010,1348,12,-13644,100,337,120
134419810,1392,-64,-13792,67,361,109
134424610,1316,-100,-13692,90,338,125
134434412,1328,-100,-13836,82,339,106
134439412,1376,20,-13736,77,355,108
134445312,1364,-84,-13828,59,349,89
134450112,1416,-132,-13676,81,342,128
134455012,1384,-60,-13828,89,319,112
134459812,1324,-48,-13744,79,349,88
134464612,1392,-128,-13764,108,321,92
134469412,1368,-124,-13744,82,320,81
134475312,1452,-160,-13668,91,339,97
134480112,1280,-36,-13772,84,359,95
134484912,1292,-60,-13744,94,324,76
134489712,1328,-116,-13800,89,367,104
134564112,1432,-136,-13624,85,347,94
134565612,1432,-136,-13624,85,347,94
134662412,1424,-80,-13724,102,339,100
134665212,1356,-60,-13824,113,327,85
134670012,1340,20,-13652,62,336,103
134674812,1316,-104,-13680,81,367,117
134679712,1412,-12,-13776,95,319,85
134684512,1296,-80,-13628,88,312,92
134690412,1268,48,-13748,74,349,102
134695212,1380,-64,-13620,86,336,82
134700012,1420,-16,-13724,93,344,71
134704812,1380,-56,-13572,64,339,107
134709612,1408,-68,-13628,86,338,75
134714412,1396,4,-13800,84,361,105
134720412,1436,-104,-13684,110,349,112
134725212,1340,-60,-13684,101,318,107
134730012,1420,-112,-13776,92,327,104
134734812,1320,16,-13764,66,330,91
134834210,1380,-104,-13712,83,348,101
134835712,1380,-104,-13712,83,348,101
134911112,1408,100,-13696,77,355,79
134915112,1364,12,-13848,75,340,76
134919912,1380,52,-13780,104,347,89
134924712,1312,-56,-13820,76,356,106
134934612,1396,-64,-13780,83,346,74
134939612,1272,-16,-13796,92,333,81
134944412,1264,-172,-13672,76,359,92
134950312,1320,-172,-13716,84,341,81
134955112,1424,-168,-13576,83,317,93
134959912,1436,-92,-13864,93,349,83
134964712,1376,-188,-13700,84,345,112
134969512,1336,-164,-13708,75,360,90
134975412,1496,-184,-13772,86,345,91
134980312,1332,-76,-13484,74,343,111
134985112,1336,-276,-13780,62,368,115
134989912,1352,-144,-13768,91,352,114
135089069,1352,-76,-13672,70,339,85
135090610,1352,-76,-13672,70,339,85
135095410,1300,-28,-13636,99,361,97
135100212,1400,-40,-13588,93,343,119
135198312,1336,-44,-13644,74,346,95
135199913,1336,-44,-13644,74,346,95
135204812,1380,-76,-13660,58,356,115
135209612,1332,-68,-13816,95,330,118
135214412,1420,-100,-13756,87,341,130
135220412,1416,-48,-13784,103,314,119
135225212,1372,-132,-13644,85,316,104
135230012,1364,40,-13832,67,340,100
135234812,1376,-128,-13744,86,338,108
135239612,1376,-100,-13728,85,309,107
135244412,1296,-88,-13648,84,339,106
135250312,1432,-44,-13688,73,342,101
135255112,1404,-56,-13740,95,341,106
135260012,1456,-44,-13564,83,327,109
135358210,1412,-12,-13676,93,330,112
135359710,1352,-100,-13688,86,338,94
135364612,1288,-68,-13768,96,332,99
135369412,1228,-176,-13656,94,334,104
135375312,1408,-4,-13612,87,357,84
135380112,1436,-36,-13524,94,331,100
135454812,1296,-96,-13680,113,354,86
135471911,1320,-132,-13704,79,338,102
135474511,1400,-32,-13724,72,361,98
135480411,1376,-128,-13584,104,341,75
135485211,1324,-128,-13508,68,341,97
135490011,1348,-168,-13908,87,326,89
135494811,1432,88,-13756,86,331,84
135499611,1400,-128,-13552,90,344,91
135504511,1364,-132,-13748,62,347,62
135510411,1324,-160,-13700,92,319,92
135515211,1420,-64,-13728,105,354,72
135520011,1444,44,-13736,99,334,104
135619210,1488,-84,-13672,103,349,89
135620810,1488,-84,-13672,103,349,89
135624512,1396,-68,-13596,118,324,88
135630412,1436,-68,-13516,92,316,58
135635212,1496,-48,-13548,76,322,83
135640112,1412,128,-13636,72,353,98
135644912,1372,-28,-13596,96,332,88
135649712,1324,-144,-13712,75,348,90
135723811,1356,-104,-13756,75,327,83
135725411,1356,-104,-13756,75,327,83
135730211,1384,-188,-13688,76,352,87
135735011,1364,-144,-13620,71,311,97
135739811,1440,-92,-13712,91,324,86
135744611,1368,-204,-13764,79,348,72
135749411,1384,-76,-13888,100,330,85
135755311,1440,-164,-13640,86,366,87
135760211,1472,-172,-13772,76,364,114
135765011,1324,-132,-13736,78,350,97
135863913,1464,68,-13656,66,352,80
135865513,1464,68,-13656,66,352,80
135869512,1440,-24,-13584,95,350,84
135874612,1396,-52,-13716,78,334,92
135879712,1468,-88,-13636,98,344,107
135884812,1392,-112,-13688,74,360,84
135889912,1440,-104,-13732,75,347,106
135895012,1320,-196,-13752,61,321,114
135900112,1440,-188,-13864,84,330,84
135905272,1384,-168,-13768,66,328,83
135979610,1328,-128,-13596,90,342,121
136000312,1352,4,-13532,93,368,103
136005212,1360,40,-13620,79,349,124
136010112,1264,-92,-13712,74,349,117
136014912,1436,28,-13628,111,348,124
136019712,1444,-76,-13600,91,332,122
136024512,1292,-40,-13524,80,330,115
136030412,1488,16,-13696,88,346,94
136035212,1356,-148,-13772,92,339,112
136130912,1356,-148,-13772,92,339,112
136134812,1380,-132,-13620,84,332,118
136139612,1340,-168,-13584,100,343,126
136144412,1388,-140,-13732,78,337,106
136150412,1332,-224,-13736,80,351,108
136155212,1468,-48,-13672,86,347,116
136160012,1420,-176,-13684,84,340,88
136164812,1340,-76,-13764,85,348,90
136169612,1372,-132,-13792,93,358,114
136193712,1388,-64,-13532,76,336,89
136195212,1364,-124,-13744,81,349,91
136273812,1384,-116,-13656,104,345,97
136275412,1384,-116,-13656,104,345,97
136280312,1368,-72,-13676,77,326,85
136285112,1296,-124,-13708,97,352,96
136289912,1228,-124,-13652,93,329,93
136294712,1328,-76,-13744,107,316,87
136299512,1312,-76,-13704,68,330,90
136400010,1384,-20,-13708,82,344,93
136405010,1328,-80,-13672,86,336,95
136409912,1284,-176,-13780,76,329,82
136414712,1380,-76,-13660,82,338,98
136419512,1248,-116,-13624,70,332,94
136425412,1312,56,-13564,78,346,87
136435412,1264,20,-13800,85,335,98
136440312,1352,-100,-13780,73,352,67
136445212,1304,-112,-13556,101,359,99
136450012,1356,-24,-13756,87,324,88
136454812,1332,-44,-13604,89,334,83
136459612,1444,-36,-13704,103,347,103
136464412,1460,-88,-13764,104,344,97
136538112,1456,-12,-13648,91,330,94
136539712,1356,-60,-13768,85,334,74
136544512,1300,-36,-13696,59,367,73
136550412,1392,-56,-13972,98,332,88
136555212,1312,-72,-13752,83,366,66
136652612,1420,-8,-13764,94,342,104
136655412,1400,-128,-13816,85,324,87
136660212,1324,-68,-13688,98,352,85
136665012,1420,-96,-13560,80,341,85
136669812,1324,-32,-13664,81,355,87
136674712,1508,-108,-13628,89,331,93
136679512,1420,8,-13592,79,334,96
136685412,1436,-40,-13724,63,354,81
136690212,1524,32,-13572,83,331,98
136695012,1440,-108,-13796,70,367,64
136699812,1412,-100,-13784,86,337,98
136704612,1364,-160,-13824,85,344,90
136709412,1312,-104,-13684,68,350,114
136715412,1352,-168,-13764,92,329,112
136720212,1288,-92,-13596,92,348,105
136793610,1424,8,-13672,84,344,97
136795210,1356,96,-13716,75,337,97
136800011,1332,72,-13648,81,337,85
136895312,1352,-128,-13644,96,305,81
136900412,1396,-112,-13780,88,343,81
136905212,1316,-136,-13604,86,380,88
136910012,1400,-128,-13688,98,331,95
136914812,1364,-232,-13644,86,325,93
136919612,1384,-184,-13740,92,329,91
136924412,1328,-128,-13724,102,337,90
136934312,1416,-236,-13760,79,338,110
136935812,1416,-236,-13760,79,338,110
136939612,1236,-132,-13652,103,354,116
136944512,1436,8,-13672,78,320,97
136950412,1320,-44,-13764,102,331,102
136955212,1360,-176,-13764,100,357,128
136960012,1316,-176,-13712,93,358,124
136964812,1372,-36,-13616,98,351,107
136969612,1320,-68,-13716,78,348,110
136974512,1380,-56,-13688,82,339,117
137050012,1500,-52,-13768,74,318,98
137055012,1316,-52,-13724,75,338,94
137150412,1392,-28,-13620,84,324,105
137155312,1452,-32,-13648,94,330,85
137160112,1456,40,-13828,82,355,95
137165012,1432,12,-13608,87,341,106
137169812,1364,-128,-13732,89,344,113
137193910,1452,-188,-13740,114,338,101
137195512,1324,-16,-13700,110,328,97
137200412,1360,-52,-13856,65,347,110
137205212,1284,-92,-13672,83,349,88
137210112,1308,-80,-13756,116,337,106
137214912,1344,-184,-13692,68,332,89
137219712,1288,-128,-13744,71,367,101
137224512,1304,-200,-13608,87,346,95
137230412,1308,-164,-13788,87,339,81
137235212,1288,-236,-13748,82,345,110
137240012,1280,-196,-13728,68,350,102
137244812,1372,-212,-13820,93,355,103
137342120,1316,0,-13744,95,335,88
137420170,1312,-136,-13792,77,348,100
137425110,1428,-112,-13716,85,338,117
137452312,1328,-36,-13780,67,324,88
137454912,1348,-32,-13684,104,338,81
137459712,1380,-24,-13800,100,349,81
137464612,1420,-40,-13792,90,357,85
137469412,1328,0,-13628,105,352,92
137475312,1396,-68,-13708,106,346,100
137480112,1436,-4,-13792,102,338,100
137484912,1412,-160,-13640,86,332,77
137489712,1372,-72,-13776,88,347,119
137494512,1444,-48,-13736,89,349,101
137500412,1436,-96,-13776,94,346,95
137505312,1352,-88,-13584,89,330,105
137510112,1436,-68,-13784,96,351,98
137514912,1336,-68,-13600,95,342,118
137519712,1440,-20,-13560,73,344,112
137616810,1432,-16,-13652,102,335,100
137619517,1324,-172,-13884,77,332,108
137625412,1272,-128,-13660,69,311,105
137700110,1272,-100,-13572,98,325,100
137705010,1344,-128,-13636,92,337,84
137709812,1372,-168,-13556,87,327,94
137714612,1240,-96,-13656,81,340,98
137719412,1240,-96,-13656,81,340,98
137725312,1372,-148,-13660,86,347,90
137730112,1380,-212,-13796,56,344,110
137734912,1412,-96,-13564,83,360,107
137739812,1356,-160,-13716,72,343,110
137744612,1340,-184,-13716,98,303,94
137749412,1340,-184,-13716,98,303,94
137755312,1368,-108,-13696,85,350,108
137760112,1400,-168,-13892,95,334,109
137764912,1312,-128,-13688,78,325,117
137862312,1432,-68,-13508,88,351,108
137865012,1416,-76,-13684,73,340,108
137869912,1412,-160,-13644,87,324,102
137874712,1384,-148,-13804,93,336,100
137879512,1384,-148,-13804,93,336,100
137885412,1348,-132,-13664,72,320,130
137960710,1380,-40,-13600,108,356,102
137974112,1436,-76,-13712,84,332,89
137975712,1384,-92,-13732,98,353,108
137979412,1384,-92,-13732,98,353,108
137985312,1388,-148,-13788,80,365,118
137990112,1248,-76,-13668,104,351,113
137994912,1376,-68,-13656,69,350,103
137999712,1416,24,-13676,87,341,105
138004512,1416,24,-13676,87,341,105
138010412,1336,-52,-13668,80,348,108
138015312,1416,-48,-13740,88,340,95
138020112,1368,-100,-13828,81,356,90
138024912,1420,-172,-13516,74,317,82
138121012,1464,-156,-13844,68,341,91
138124812,1392,-84,-13804,84,341,91
138129612,1392,-84,-13804,84,341,91
138134412,1460,-68,-13672,93,332,89
138140312,1364,-44,-13756,87,341,108
138145212,1368,-36,-13688,68,345,89
138150012,1428,-120,-13724,84,371,94
138248413,1472,-128,-13684,84,337,109
138250012,1260,-56,-13772,97,375,109
138255112,1364,-144,-13632,101,356,82
138259912,1304,8,-13552,106,344,96
138264712,1304,8,-13552,106,344,96
138269512,1264,12,-13660,98,318,73
138275412,1364,-144,-13688,91,346,97
138280212,1304,-44,-13648,92,359,107
138285112,1440,-52,-13820,70,312,85
138289912,1436,52,-13684,99,357,118
138294712,1332,-92,-13872,82,347,97
138390210,1408,-36,-13812,101,350,106
138395212,1380,-112,-13572,81,346,105
138400012,1268,-108,-13612,91,360,109
138404812,1380,-164,-13732,99,329,123
138409612,1380,-164,-13732,99,329,123
138414412,1352,-44,-13696,94,340,118
138420312,1268,40,-13780,70,327,105
138425112,1340,-44,-13916,77,340,107
138435012,1392,-84,-13616,91,334,121
138512612,1484,-140,-13864,92,361,69
138515212,1392,-68,-13652,87,354,75
138520012,1288,-32,-13648,74,346,92
138524812,1412,-124,-13788,81,334,78
138529712,1412,-124,-13788,81,334,78
138534512,1368,-80,-13688,85,331,99
138540412,1436,-164,-13592,78,328,104
138545212,1432,-116,-13668,86,344,93
138550012,1412,-92,-13796,74,357,92
138646710,1404,-64,-13692,62,332,86
138649416,1404,-64,-13692,62,332,86
138655312,1388,-136,-13680,89,345,106
138660112,1276,-76,-13752,77,360,102
138664912,1276,-76,-13752,77,360,102
138669712,1416,-96,-13688,82,359,104
138674512,1352,-16,-13724,93,329,115
138679412,1380,-148,-13636,100,349,113
138685312,1292,-76,-13676,95,362,121
138690112,1372,-104,-13728,84,325,102
138694912,1372,-104,-13728,84,325,102
138769610,1380,60,-13700,99,335,83
138774410,1420,-172,-13644,91,342,82
138780412,1412,-56,-13636,95,350,120
138785212,1388,-84,-13648,78,346,119
138790012,1308,-40,-13704,94,336,117
138794812,1308,-40,-13704,94,336,117
138891712,1512,-56,-13812,99,352,124
138894412,1512,-56,-13812,99,352,124
138900412,1360,-160,-13716,70,356,101
138905212,1440,-128,-13724,91,361,131
138910012,1440,-128,-13724,91,361,131
138914812,1440,8,-13588,100,333,111
138919612,1264,-40,-13516,72,341,96
138924412,1324,-36,-13712,84,337,106
138937912,1372,4,-13592,88,341,138
138939412,1372,4,-13592,88,341,138
138945312,1392,72,-13648,62,326,100
138950112,1432,-32,-13664,86,344,73
138954912,1432,-32,-13664,86,344,73
138959712,1264,-32,-13560,88,355,91
139033412,1428,-152,-13596,92,321,100
139035012,1428,-152,-13596,92,321,100
139039812,1404,-160,-13648,86,349,120
139044712,1332,-64,-13724,85,356,113
139049512,1316,-144,-13712,116,342,83
139148710,1388,-56,-13676,83,334,116
139150310,1380,-140,-13644,66,346,96
139155312,1364,-156,-13724,94,356,112
139160112,1364,-156,-13724,94,356,112
139164912,1484,-96,-13772,104,310,93
139169712,1412,-116,-13716,91,351,101
139174512,1440,-40,-13628,84,327,112
139179412,1488,-92,-13744,100,352,102
139185312,1272,-72,-13688,75,362,95
139190112,1272,-72,-13688,75,362,95
139194912,1276,-108,-13796,99,347,103
139199712,1296,-72,-13836,101,348,104
139204512,1312,-20,-13724,91,332,84
139210412,1400,-40,-13572,85,351,64
139215212,1324,-8,-13856,69,326,72
139314512,1248,-84,-13692,83,334,85
139319612,1508,-32,-13660,92,327,83
139418510,1276,-36,-13696,73,365,98
139420010,1276,-36,-13696,73,365,98
139424912,1432,-32,-13732,88,343,80
139434910,1412,16,-13724,87,337,92
139439710,1376,-36,-13776,93,347,99
139444612,1356,-24,-13740,72,343,94
139449412,1444,-80,-13824,66,334,78
139455312,1380,-24,-13688,91,336,69
139460112,1380,-24,-13688,91,336,69
139464912,1364,36,-13692,80,341,96
139469712,1376,36,-13712,99,320,101
139474612,1508,64,-13680,99,359,96
139479412,1468,-124,-13688,76,346,102
139485312,1248,-112,-13700,92,337,90
139490112,1428,-92,-13704,91,335,108
139494912,1348,12,-13836,96,337,106
139499712,1384,0,-13816,92,341,97
139598912,1484,-76,-13672,69,338,120
139675210,1344,-52,-13720,84,333,69
139680110,1368,28,-13684,81,352,96
139685012,1368,-16,-13736,72,347,87
139689812,1408,-60,-13716,86,317,91
139694612,1372,-80,-13832,89,347,85
139699412,1304,-96,-13784,75,350,83
139705312,1332,-80,-13768,71,367,95
139710112,1468,-100,-13628,78,348,88
139714912,1432,-176,-13628,92,340,104
139719712,1344,-128,-13752,104,341,104
139724612,1392,-164,-13668,78,358,125
139729412,1388,-156,-13568,80,344,121
139735312,1340,-248,-13672,74,349,117
139740112,1388,-52,-13584,118,327,103
139744912,1316,-28,-13712,75,334,115
139749712,1376,-128,-13556,103,326,116
139845217,1376,-128,-13556,103,326,116
139850312,1424,-244,-13796,61,339,125
139855112,1348,-44,-13636,87,360,130
139860012,1472,-40,-13788,82,327,114
139935010,1412,-128,-13632,83,347,93
139948412,1416,-164,-13604,88,359,109
139949912,1416,-164,-13604,88,359,109
139954812,1380,-92,-13636,78,319,117
139959612,1360,-116,-13740,62,354,106
139964412,1328,-52,-13848,90,299,119
139970412,1360,-124,-13776,93,328,133
139975212,1384,-116,-13736,70,323,115
139980012,1280,-188,-13840,77,358,108
139984812,1308,-36,-13640,81,324,94
139989612,1276,-52,-13392,89,347,92
139994412,1252,-28,-13724,86,331,111
140000312,1324,0,-13628,84,343,84
140005112,1320,-84,-13668,93,353,98
140103112,1356,-32,-13864,91,341,79
140104712,1356,-32,-13864,91,341,79
140109512,1320,-24,-13612,80,355,86
140115412,1484,-40,-13692,75,359,107
140120212,1412,40,-13712,89,341,69
140125012,1336,-20,-13600,99,354,88
140199112,1348,-148,-13796,71,343,118
140200712,1244,-168,-13760,86,323,103
140204612,1244,-168,-13760,86,323,103
140209412,1408,-92,-13620,84,355,77
140215312,1344,-180,-13644,69,376,109
140220112,1292,-104,-13752,112,322,109
140224912,1284,-48,-13772,49,339,102
140229712,1408,-148,-13640,100,339,85
140234612,1336,-60,-13748,81,360,91
140239412,1412,-144,-13568,84,350,82
140245312,1364,-76,-13592,97,327,76
140250112,1360,76,-13780,49,351,77
140371910,1388,-152,-13592,83,338,76
140374710,1388,-152,-13592,83,338,76
140379712,1352,-100,-13732,78,348,76
140384512,1296,-92,-13676,103,355,97
140390412,1396,-24,-13664,80,343,90
140395312,1460,-4,-13692,80,333,72
140400112,1380,-40,-13736,99,336,94
140404912,1456,-8,-13680,87,352,93
140479112,1368,-116,-13664,110,332,105
140503210,1364,-188,-13688,101,349,104
140504710,1364,-188,-13688,101,349,104
140509810,1392,-184,-13784,75,367,111
140514610,1412,-140,-13764,67,347,104
140519410,1248,-172,-13752,114,337,110
140525312,1392,-124,-13736,78,336,108
140530112,1296,-76,-13708,80,312,94
140534912,1428,-24,-13728,86,336,118
140539812,1412,-152,-13628,64,353,128
140544612,1352,-160,-13876,82,336,88
140640510,1352,-160,-13876,82,336,88
140644412,1300,-116,-13684,78,356,93
140650312,1404,-184,-13756,74,353,103
140655112,1364,-112,-13588,66,343,107
140659912,1316,-124,-13576,74,337,111
140664712,1352,-176,-13728,78,324,75
140669512,1324,-264,-13680,83,360,103
140675412,1328,-216,-13552,91,336,111
140680212,1404,-192,-13756,77,346,106
140756210,1344,124,-13628,91,318,120
140760112,1344,124,-13628,91,318,120
140764912,1328,-112,-13692,93,294,94
140769712,1416,-152,-13632,96,322,82
140774512,1332,-116,-13660,89,346,106
140780412,1396,-80,-13440,84,332,96
140785312,1328,-68,-13620,72,325,102
140790112,1412,-92,-13712,82,317,111
140886812,1380,-96,-13788,70,362,105
140889612,1380,-96,-13788,70,362,105
140894412,1448,-68,-13672,76,356,96
140900312,1292,-112,-13824,96,343,99
140905112,1284,8,-13684,91,349,113
140909912,1316,-12,-13708,83,345,103
140914712,1392,-220,-13620,80,355,85
140919612,1396,-96,-13760,80,351,100
140924412,1256,-160,-13660,72,349,104
140941510,1332,-152,-13668,95,339,93
140945310,1332,-152,-13668,95,339,93
140950212,1344,-136,-13664,102,359,111
141024811,1412,-40,-13828,90,363,117
141029811,1344,-72,-13744,103,324,98
141034611,1344,-116,-13724,114,342,97
141039411,1396,-68,-13628,101,344,100
141045311,1264,-124,-13716,95,320,94
141050111,1284,-152,-13736,88,324,100
141148112,1284,-140,-13668,80,335,87
141149712,1284,-140,-13668,80,335,87
141154512,1268,-152,-13656,79,329,89
141159412,1304,-148,-13672,91,341,96
141165312,1304,-140,-13744,98,339,120
141170112,1420,-192,-13612,76,352,112
141174912,1368,-168,-13720,92,341,90
141179712,1316,-84,-13724,87,336,87
141184512,1376,-196,-13768,93,327,79
141189412,1352,-208,-13552,67,349,94
141195312,1352,-52,-13800,79,351,75
141200112,1316,-136,-13812,83,329,108
141204912,1272,-112,-13684,99,307,90
141209712,1356,-172,-13792,123,338,95
141284610,1344,-108,-13776,91,337,111
141289512,1396,-32,-13676,80,343,112
141295412,1352,0,-13672,92,329,87
141417812,1360,-100,-13888,80,349,117
141419412,1360,-100,-13888,80,349,117
141424412,1376,-96,-13668,85,343,92
141441512,1336,-112,-13756,79,331,100
141445212,1336,-112,-13756,79,331,100
141450012,1356,-68,-13716,85,324,110
141454912,1344,-168,-13652,99,343,87
141459712,1356,-136,-13648,89,345,97
141464512,1352,20,-13688,95,325,78
141470412,1344,-68,-13640,92,348,111
141475212,1268,-52,-13712,91,361,81
141480012,1372,-180,-13760,88,337,112
141484812,1328,-64,-13624,86,334,110
141489612,1348,-144,-13628,75,339,121
141494512,1364,-60,-13856,104,340,108
141500412,1372,-184,-13624,63,337,94
141505212,1356,12,-13776,91,333,95
141579512,1292,-104,-13716,89,358,85
141678710,1312,-112,-13748,82,369,94
141680310,1312,-112,-13748,82,369,94
141685312,1432,-172,-13612,74,348,102
141690112,1416,-12,-13680,82,345,109
141694912,1312,4,-13696,107,350,105
141699712,1344,-128,-13812,79,345,103
141704512,1392,-276,-13680,92,355,102
141709412,1372,-112,-13724,90,348,110
141715312,1492,-144,-13684,83,346,108
141720112,1348,-96,-13684,95,350,96
141724912,1444,-128,-13868,92,364,115
141729712,1348,-132,-13704,81,304,76
141734512,1440,-44,-13688,122,342,90
141740412,1352,-80,-13772,103,332,106
141745212,1444,-64,-13696,100,337,96
141750112,1372,-112,-13524,96,345,131
141754912,1376,-204,-13596,93,318,77
141850810,1376,-204,-13596,93,318,77
141854712,1396,-212,-13816,105,361,85
141929810,1328,-92,-13788,86,350,100
141943412,1280,-132,-13508,63,334,103
141944912,1280,-132,-13508,63,334,103
141949712,1380,-132,-13636,104,349,88
141954512,1396,-152,-13768,81,335,88
141960412,1304,-60,-13652,55,355,106
141965312,1408,-140,-13720,91,344,98
141970112,1360,-160,-13628,67,361,109
141974912,1372,-136,-13812,73,344,78
141979712,1440,-128,-13624,87,352,73
141984512,1396,-144,-13884,62,315,93
141990412,1392,-12,-13612,95,337,78
141995212,1412,-24,-13752,98,326,102
142000012,1420,-48,-13680,92,347,86
142004912,1328,-104,-13552,87,336,90
142009712,1404,-44,-13620,86,324,110
142108712,1372,-160,-13660,99,316,92
142110378,1372,-160,-13660,99,316,92
142115212,1400,-116,-13616,78,349,89
142120012,1348,-132,-13764,80,331,86
142194612,1368,-72,-13640,84,345,109
142199512,1300,-28,-13596,95,345,105
142204412,1380,-108,-13604,86,329,94
142210312,1380,-168,-13580,76,349,83
142215112,1456,-72,-13512,74,334,118
142219912,1360,-56,-13688,87,346,116
142224712,1392,-124,-13752,78,336,92
142229512,1304,-80,-13648,81,352,99
142235412,1320,-68,-13744,124,337,100
142240212,1348,-96,-13684,89,339,73
142245112,1400,12,-13856,82,325,110
142249912,1440,-8,-13724,89,358,95
142254712,1360,8,-13672,89,364,79
142352712,1440,-84,-13708,77,324,73
142355412,1440,-84,-13708,77,324,73
142360212,1280,-132,-13600,77,333,87
142365112,1456,-204,-13740,104,337,86
142369912,1472,-232,-13660,97,329,69
142374712,1432,-44,-13604,79,349,118
142379512,1500,-180,-13656,76,345,88
142478712,1380,-124,-13668,100,362,95
142499512,1248,-28,-13672,80,320,110
142504412,1384,52,-13712,83,343,92
142510412,1476,-56,-13616,101,343,116
142515212,1292,-56,-13696,82,350,108
142520012,1340,-64,-13836,100,351,93
142524812,1376,-172,-13680,90,348,112
142529612,1500,-196,-13676,96,342,97
142534412,1400,-100,-13628,73,364,83
142540412,1392,-52,-13588,94,352,92
142545212,1228,-132,-13696,67,361,94
142642012,1336,-88,-13624,92,337,113
142644721,1336,-88,-13624,92,337,113
142649512,1312,-76,-13652,73,358,84
142655412,1364,68,-13716,89,352,89
142660212,1300,-56,-13608,78,335,105
142665012,1344,-60,-13544,82,331,109
142669812,1356,-24,-13736,74,386,79
142674712,1280,-20,-13752,92,335,71
142679512,1420,-84,-13896,107,337,68
142753512,1396,-68,-13584,104,320,115
142755112,1396,-68,-13584,104,320,115
142759912,1364,-168,-13816,81,333,106
142764712,1324,-72,-13672,85,341,109
142769512,1392,-136,-13760,89,336,108
142775412,1476,-112,-13828,78,322,99
142780212,1440,-128,-13616,72,363,84
142785012,1348,-72,-13748,82,351,90
142789812,1448,-68,-13596,83,329,96
142887412,1412,-24,-13736,84,345,105
142890112,1412,-24,-13736,84,345,105
142895012,1340,-28,-13624,114,363,89
142899812,1348,-68,-13736,68,351,96
142904612,1336,-52,-13800,90,337,77
142909412,1292,-8,-13784,91,326,92
142915312,1392,-48,-13660,101,342,83
142920112,1384,-32,-13616,62,341,71
142924912,1412,-32,-13732,82,341,95
142934812,1336,-24,-13764,89,332,96
142939612,1388,-68,-13556,81,343,84
143013612,1328,-60,-13632,79,357,80
143015212,1328,-60,-13632,79,357,80
143020012,1336,-132,-13656,90,342,66
143024812,1344,-44,-13772,77,340,83
143029612,1480,-176,-13856,96,338,79
143034412,1404,-64,-13724,71,337,86
143040312,1328,-84,-13676,89,365,85
143045112,1344,8,-13704,67,356,94
143140810,1344,8,-13704,67,356,94
143144910,1416,80,-13644,100,359,66
143149710,1376,-32,-13620,79,331,68
143154510,1276,-12,-13700,75,336,75
143160412,1280,68,-13500,100,321,71
143165212,1256,20,-13672,79,351,78
143170012,1356,-32,-13748,84,332,79
143174912,1364,-12,-13664,84,330,89
143179712,1328,-44,-13652,61,340,72
143184512,1500,-104,-13724,101,328,68
143190412,1420,-156,-13828,76,338,110
143195212,1456,-112,-13652,105,358,87
143268212,1392,-180,-13676,83,351,87
143269712,1392,-180,-13676,83,351,87
143274712,1360,-84,-13656,114,345,95
143279512,1252,-148,-13716,78,349,95
143285412,1308,-116,-13724,85,342,101
143384312,1376,-108,-13632,102,328,93
143386012,1376,-108,-13632,102,328,93
143389812,1344,-136,-13596,65,331,100
143394612,1256,-24,-13848,110,320,87
143399512,1340,-96,-13764,71,357,96
143405412,1468,-124,-13672,67,360,80
143410212,1320,12,-13572,105,330,86
143415012,1444,-132,-13544,71,335,68
143419812,1400,-132,-13520,90,331,96
143424612,1296,-60,-13648,82,352,120
143435712,1376,-100,-13608,90,332,87
143439412,1376,-40,-13728,85,344,99
143445312,1428,-64,-13636,55,372,97
143450212,1384,-52,-13628,102,339,100
143474312,1400,-8,-13760,76,324,90
143554110,1268,-192,-13560,77,348,88
143555712,1268,-192,-13560,77,348,88
143559412,1312,-128,-13740,79,344,98
143565312,1352,-148,-13644,105,333,90
143663412,1376,-140,-13760,98,348,82
143665012,1376,-140,-13760,98,348,82
143670012,1424,-80,-13520,90,345,95
143674812,1332,-60,-13784,106,346,121
143679612,1352,-28,-13772,85,353,98
143684412,1372,-76,-13708,63,336,87
143690312,1308,-64,-13776,120,325,92
143695112,1288,-116,-13620,90,366,87
143700012,1188,-16,-13716,77,349,78
143704812,1248,-136,-13724,113,335,100
143709612,1276,-108,-13700,65,354,88
143714412,1412,-132,-13788,91,326,88
143720312,1248,-80,-13696,113,350,107
143725112,1372,-216,-13668,71,355,88
143729912,1408,-212,-13656,80,329,95
143734712,1256,-236,-13660,103,329,104
143809512,1332,-104,-13676,88,332,103
143908412,1388,-132,-13600,71,339,102
143910012,1388,-132,-13600,71,339,102
143914812,1236,-124,-13780,74,353,65
143919612,1348,-92,-13756,96,327,104
143924412,1288,-52,-13760,79,345,64
143934410,1372,-72,-13744,83,359,112
143940310,1356,-136,-13732,71,359,95
143945212,1412,-80,-13672,79,330,83
143950012,1340,-200,-13708,86,357,93
143954812,1496,-184,-13632,63,329,84
143959612,1380,-152,-13580,86,361,101
143964412,1372,-168,-13752,80,350,90
143970312,1380,-200,-13712,82,346,89
143975212,1404,-96,-13624,89,325,97
143980012,1244,0,-13752,86,356,115
143984812,1308,-116,-13676,85,344,105
143989612,1364,-4,-13836,66,333,82
144088810,1364,-64,-13708,102,337,105
144090410,1364,-64,-13708,102,337,105
144167110,1356,-124,-13684,106,342,114
144169710,1400,-44,-13848,88,356,88
144174512,1324,-120,-13644,80,355,92
144180412,1368,-76,-13592,95,343,94
144185212,1288,-132,-13800,66,345,112
144190112,1344,-108,-13524,75,352,84
144194912,1284,-64,-13756,92,332,85
144199712,1412,-172,-13812,73,345,90
144204512,1412,-136,-13712,88,349,100
144210412,1380,-104,-13828,70,348,88
144215212,1468,-60,-13668,71,317,91
144220012,1336,-144,-13804,112,322,91
144224812,1328,-116,-13788,90,353,103
144229712,1372,-56,-13644,90,353,97
144234512,1404,-140,-13640,105,309,107
144240412,1476,36,-13728,95,317,108
144336212,1476,36,-13728,95,317,108
144340112,1348,-56,-13892,77,354,106
144345012,1312,-88,-13664,77,356,97
144349812,1404,4,-13756,76,331,87
144424012,1408,-180,-13696,72,334,84
144425612,1408,-180,-13696,72,334,84
144436712,1356,0,-13732,85,340,87
144440413,1268,-112,-13880,69,344,90
144445212,1424,-120,-13604,65,348,86
144450012,1444,-212,-13616,63,356,81
144474112,1352,-28,-13756,98,325,92
144475613,1352,-28,-13756,98,325,92
144479512,1368,-136,-13704,94,356,93
144485412,1360,-16,-13692,84,359,82
144490312,1408,-16,-13692,61,340,100
144495112,1420,-52,-13640,81,344,114
144499912,1392,-108,-13768,90,339,110
144504712,1260,-44,-13736,100,350,94
144509512,1380,-96,-13784,100,316,117
144515412,1412,-96,-13532,82,357,93
144611114,1412,-96,-13532,82,357,93
144614912,1452,-92,-13608,90,335,94
144619712,1320,-64,-13740,66,309,97
144624612,1300,-56,-13728,85,333,106
144698512,1416,-84,-13720,75,363,94
144700113,1416,-84,-13720,75,363,94
144705012,1352,-132,-13808,76,319,102
144709812,1372,4,-13720,79,332,100
144714612,1384,-144,-13848,83,348,104
144719412,1352,-64,-13848,85,328,88
144725312,1392,-104,-13728,75,344,89
144730112,1252,-192,-13704,86,332,105
144735012,1292,-92,-13724,78,334,108
144739812,1348,-136,-13712,72,358,83
144744612,1344,-172,-13564,73,346,88
144749412,1236,-124,-13848,92,321,89
144755312,1380,-108,-13704,90,341,111
144760112,1388,-28,-13584,59,341,115
144856212,1388,-28,-13584,59,341,115
144860012,1416,-120,-13860,100,336,71
144864912,1412,-88,-13724,90,340,98
144869712,1420,-68,-13628,94,340,88
144874512,1388,-96,-13788,97,327,95
144880412,1456,-164,-13780,108,334,81
144954910,1352,-172,-13684,91,330,98
144971912,1324,-132,-13836,103,336,104
144974512,1420,-196,-13540,120,347,117
144980412,1404,-80,-13684,70,342,94
144985212,1404,-100,-13684,79,323,74
144990012,1352,-96,-13752,81,351,96
144994812,1296,-136,-13660,87,332,108
144999612,1332,-152,-13656,95,362,111
145004412,1404,-136,-13732,109,347,118
145010412,1412,-112,-13700,89,330,110
145015212,1380,-164,-13772,109,319,94
145020012,1436,52,-13768,92,357,117
145116712,1428,-96,-13832,78,340,78
145119512,1364,-164,-13796,83,351,99
145125412,1176,-212,-13544,99,344,91
145130212,1392,-252,-13780,84,345,80
145135012,1336,-184,-13696,72,330,103
145139812,1412,-152,-13816,83,349,74
145144712,1412,-148,-13700,76,357,101
145149512,1308,-140,-13852,87,321,88
145224912,1344,-52,-13700,80,362,115
145229812,1308,-64,-13772,71,348,92
145234712,1304,-144,-13600,66,328,102
145239512,1476,-52,-13636,79,315,107
145245412,1316,-116,-13624,101,344,105
145250212,1444,-136,-13684,101,339,120
145255012,1340,-152,-13680,71,337,116
145259812,1392,-84,-13608,80,348,110
145264712,1280,-20,-13848,95,349,95
145362910,1352,-176,-13660,91,335,95
145364510,1412,-156,-13676,84,337,111
145369512,1348,-96,-13896,93,336,96
145375412,1244,-160,-13696,85,361,106
145380212,1296,-124,-13804,75,327,118
145385012,1432,0,-13732,83,338,105
145389812,1372,-44,-13680,66,348,96
145394712,1468,-112,-13736,73,325,88
145399512,1388,-148,-13752,94,340,89
145405412,1380,-80,-13720,63,349,113
145410212,1364,-80,-13676,97,336,94
145509312,1480,-68,-13744,71,348,82
145523810,1308,0,-13644,58,347,79
145525310,1308,0,-13644,58,347,79
145530212,1352,-92,-13628,65,335,91
145535012,1388,-92,-13684,84,324,99
145539812,1380,-60,-13588,75,355,84
145544712,1276,-8,-13768,87,354,105
145549512,1308,44,-13876,70,351,77
145645112,1364,-128,-13740,107,347,90
145650312,1396,-128,-13740,78,333,97
145655112,1440,-100,-13668,97,332,105
145659912,1304,-96,-13744,96,329,104
145664712,1340,-96,-13796,82,335,106
145669512,1448,-84,-13724,75,341,97
145675412,1376,-76,-13648,76,347,100
145680312,1392,-84,-13624,69,343,100
145685112,1156,-24,-13660,95,305,96
145689912,1420,-116,-13680,82,349,120
145694712,1288,-148,-13556,82,312,105
145699512,1328,-92,-13756,119,334,95
145774010,1340,-48,-13692,78,341,84
145775510,1340,-48,-13692,78,341,84
145780412,1364,8,-13660,75,350,90
145785212,1252,-44,-13732,105,346,104
145790112,1356,-16,-13748,80,351,95
145794912,1376,-180,-13668,102,329,91
145890513,1376,-180,-13668,102,329,91
145895412,1508,-132,-13608,86,333,71
145900212,1480,-104,-13700,82,343,100
145905012,1344,28,-13496,74,355,110
145909812,1380,-124,-13832,83,355,114
145914612,1400,24,-13932,71,348,115
145919412,1400,-132,-13672,67,345,117
145925312,1352,-68,-13764,91,360,111
145935212,1352,-28,-13628,92,339,106
145940012,1420,-108,-13588,90,350,102
145944812,1296,-76,-13792,72,340,104
145949612,1388,-148,-13620,91,330,88
145954512,1448,-100,-13640,57,362,109
145960412,1256,-40,-13772,95,325,77
146034910,1476,-80,-13536,102,326,95
146039910,1336,-128,-13700,83,352,105
146044712,1320,-148,-13692,58,359,93
146143812,1368,0,-13608,99,353,102
146145412,1368,0,-13608,99,353,102
146150312,1396,-64,-13668,75,343,108
146155112,1436,16,-13824,101,343,83
146159912,1236,-100,-13736,102,344,130
146164712,1404,-84,-13768,79,368,97
146169512,1348,-68,-13836,106,348,121
146175412,1316,-112,-13700,102,364,90
146180312,1344,-8,-13724,71,356,104
146185112,1272,-184,-13744,79,319,114
146189912,1400,-108,-13472,106,344,120
146194712,1352,-132,-13664,46,334,125
146199512,1324,-84,-13772,83,373,102
146205412,1364,-56,-13764,124,309,108
146210212,1372,-60,-13788,74,341,100
146215012,1264,-8,-13888,83,367,94
146219912,1324,-108,-13824,95,326,114
146393670,1364,-28,-13756,63,348,100
146395210,1364,-28,-13756,63,348,100
146400010,1420,-76,-13588,78,343,104
146404812,1344,-28,-13768,101,341,115
146409612,1476,-144,-13592,95,343,124
146414412,1300,-124,-13860,66,344,97
146420412,1388,-76,-13836,97,340,102
146425212,1296,-132,-13560,85,342,112
146435112,1352,-68,-13692,88,342,110
146440112,1316,-80,-13716,110,329,111
146444912,1312,-184,-13744,76,360,106
146449712,1320,-64,-13776,92,337,99
146454612,1336,-108,-13792,67,336,107
146459412,1456,-144,-13700,84,354,106
146465312,1388,-124,-13712,86,319,106
146470112,1452,-152,-13712,102,337,116
146474912,1372,-112,-13496,89,369,97
146598512,1312,-124,-13728,83,325,93
146600112,1292,-184,-13664,98,348,90
146605112,1424,-192,-13732,103,357,80
146680610,1400,-64,-13740,86,356,92
146684473,1404,-152,-13528,86,342,108
146690410,1420,-64,-13680,90,355,124
146695210,1412,0,-13712,115,329,112
146700012,1344,-44,-13628,88,357,99
146704812,1276,-52,-13760,68,328,124
146709612,1284,12,-13772,88,336,96
146714512,1332,-96,-13756,79,359,101
146720412,1360,-16,-13712,83,372,100
146725212,1416,-48,-13676,86,325,95
146730012,1452,68,-13652,75,329,109
146734812,1304,-56,-13808,112,324,82
146739612,1316,-56,-13664,68,347,101
146744412,1392,-8,-13676,63,366,97
146844510,1424,-156,-13588,78,339,82
146849410,1404,-92,-13620,70,368,96
146855412,1420,-160,-13696,98,354,94
146860212,1348,-96,-13684,97,362,93
146865012,1360,-56,-13760,77,373,95
146869812,1388,-144,-13720,87,351,101
146943612,1400,-96,-13560,88,358,121
146974312,1408,-44,-13612,90,328,83
146975812,1408,-44,-13612,90,328,83
146979712,1324,-16,-13584,94,350,115
146984512,1356,52,-13636,79,351,94
146990412,1460,0,-13632,91,335,114
146995212,1356,4,-13720,108,352,86
147000012,1408,-88,-13792,79,335,96
147004812,1344,-100,-13696,84,349,99
147009712,1452,-60,-13720,94,349,85
147014512,1380,-144,-13556,89,334,92
147020412,1432,-164,-13632,56,342,88
147118212,1468,-108,-13792,81,325,111
147119812,1332,-108,-13740,75,342,117
147124612,1348,-68,-13640,62,360,103
147129412,1352,-84,-13764,65,341,112
147135312,1392,-148,-13688,94,336,125
147140112,1344,-208,-13548,86,327,123
147144912,1276,-68,-13852,85,344,124
147149712,1412,-84,-13696,90,334,123
147223712,1408,-8,-13680,93,344,101
147225312,1320,36,-13716,93,344,87
147230112,1468,-40,-13684,84,344,101
147234912,1384,20,-13728,74,348,79
147239812,1384,-128,-13696,69,347,98
147244612,1348,-36,-13740,86,341,100
147249412,1352,-28,-13696,84,321,92
147255312,1444,-8,-13696,96,329,100
147260112,1308,-104,-13692,97,340,101
147264912,1420,-92,-13756,106,350,94
147362910,1412,-92,-13772,80,326,104
147364510,1392,-44,-13816,111,326,109
147369512,1328,-36,-13620,88,353,98
147375412,1332,-52,-13744,110,325,124
147380212,1356,16,-13584,108,340,117
147385112,1324,-116,-13672,73,337,99
147389912,1496,-24,-13752,69,346,120
147394712,1352,-76,-13664,78,331,90
147399512,1388,-20,-13684,78,335,89
147405412,1364,8,-13716,117,331,96
147479111,1340,-136,-13676,59,331,111
147496210,1248,-140,-13612,87,347,115
147499910,1336,-160,-13772,127,340,111
147504710,1392,-120,-13632,62,379,91
147509612,1404,-104,-13812,88,314,94
147514412,1324,-188,-13756,107,349,83
147520312,1296,-92,-13500,55,374,87
147525112,1396,-76,-13680,95,325,107
147647968,1456,-116,-13788,97,332,95
147649512,1380,-176,-13612,96,327,99
147654412,1364,-100,-13740,100,344,118
147660412,1380,-160,-13676,121,344,95
147665212,1420,-12,-13792,101,334,88
147670012,1340,-16,-13728,76,352,100
147674812,1436,-144,-13664,84,331,103
147679612,1364,-76,-13784,97,334,95
147684412,1328,-80,-13848,65,369,100
147690312,1352,-48,-13568,71,344,88
147695112,1388,-100,-13656,94,338,93
147700012,1352,-84,-13628,84,329,95
147775010,1312,-48,-13696,82,332,101
147779810,1320,-116,-13616,91,338,87
147784612,1432,-180,-13696,54,343,90
147789412,1332,-80,-13672,88,323,99
147795312,1432,-152,-13796,106,315,81
147893012,1516,-28,-13604,77,332,93
147894612,1528,-60,-13776,72,354,92
147899512,1468,-108,-13724,106,347,96
147905412,1460,-56,-13848,74,344,102
147910212,1396,-64,-13628,95,333,91
147915012,1460,-44,-13680,93,346,103
147919812,1408,28,-13880,83,358,87
147924612,1384,-104,-13728,117,335,100
147934612,1316,-24,-13808,93,318,93
147939512,1324,-152,-13632,72,340,74
147944412,1312,-120,-13740,84,365,123
147950312,1444,-164,-13612,106,350,97
147955112,1436,-128,-13636,93,323,95
147959912,1332,-68,-13684,90,335,89
147964712,1328,-116,-13720,89,330,91
148039210,1460,-156,-13804,82,358,125
148040810,1412,-128,-13740,117,335,97
148044712,1384,-84,-13768,101,324,108
148049512,1388,-12,-13740,74,342,85
148147510,1412,-100,-13680,96,312,98
148150110,1400,-112,-13620,88,371,94
148154912,1308,-64,-13668,69,340,102
148159712,1364,-172,-13624,99,337,113
148164512,1332,28,-13560,79,337,99
148169412,1428,-60,-13616,93,338,103
148175312,1392,-52,-13720,75,343,104
148180112,1344,-64,-13516,98,345,93
148184912,1356,4,-13800,91,329,100
148189712,1420,32,-13708,79,346,103
148194512,1288,-104,-13724,79,336,110
148200412,1376,-4,-13708,88,346,106
148205212,1436,-92,-13880,81,327,96
148210112,1348,-32,-13828,67,364,81
148214912,1276,-12,-13672,92,348,107
148219712,1388,-60,-13856,79,340,92
148293810,1368,-192,-13708,75,342,90
148295410,1380,-152,-13708,89,344,87
148392212,1488,-20,-13644,72,338,107
148395012,1340,36,-13640,82,330,87
148399812,1372,4,-13684,91,317,93
148404612,1352,48,-13728,79,328,117
148409512,1368,-44,-13676,90,322,84
148415412,1352,-52,-13552,72,329,86
148420212,1300,24,-13572,76,349,99
148425012,1300,-40,-13696,77,314,95
148455912,1420,-164,-13720,60,332,94
148459612,1352,-88,-13692,100,317,102
148464412,1352,-88,-13692,100,317,102
148470312,1392,-296,-13776,89,351,92
148475112,1456,-268,-13820,82,339,103
148479912,1364,-176,-13608,102,330,95
148484712,1340,-216,-13592,71,329,102
148489512,1316,-180,-13764,61,360,99
148494412,1316,-180,-13764,61,360,99
148593710,1344,-132,-13752,90,357,101
148695710,1368,-32,-13712,64,333,87
148699510,1368,-32,-13712,64,333,87
148705410,1408,-100,-13740,80,343,99
148710312,1416,0,-13760,85,330,78
148715112,1340,-100,-13688,84,328,93
148719912,1368,-164,-13752,74,333,84
148724712,1380,-44,-13636,74,337,81
148729512,1380,-44,-13636,74,337,81
148735412,1400,-48,-13716,98,344,89
148740212,1320,-156,-13548,87,356,64
148745012,1268,-152,-13724,77,342,97
148749912,1324,-96,-13688,85,345,92
148754712,1356,-112,-13848,58,326,100
148759512,1356,-112,-13848,58,326,100
148765412,1392,-200,-13740,88,366,99
148770212,1324,-92,-13696,100,319,87
148866010,1364,-68,-13812,84,343,85
148869912,1264,4,-13680,77,337,88
148874712,1256,-128,-13668,82,343,104
148879612,1256,-128,-13668,82,343,104
148953410,1380,-52,-13788,99,363,69
148970412,1304,-80,-13800,95,355,85
148975312,1328,-108,-13780,92,351,67
148980112,1460,-80,-13724,90,331,103
148984912,1396,-112,-13796,95,341,103
148989712,1336,-80,-13536,96,318,88
148994612,1336,-80,-13536,96,318,88
148999412,1372,-76,-13812,69,338,86
149005312,1432,-68,-13748,76,331,80
149010112,1380,-120,-13804,111,335,93
149014912,1324,-64,-13680,101,337,95
149019712,1324,-64,-13680,101,337,95
149024512,1448,-32,-13764,66,339,90
149030412,1352,-88,-13672,84,331,88
149126212,1340,-124,-13780,63,343,105
149130012,1348,-16,-13624,98,343,104
149134812,1348,-16,-13624,98,343,104
149139712,1380,-128,-13800,89,343,91
149144512,1412,4,-13672,88,362,84
149150412,1400,28,-13808,75,330,89
149224112,1344,-104,-13620,73,353,86
149225712,1424,-208,-13708,97,314,82
149229412,1424,-208,-13708,97,314,82
149235312,1436,-148,-13660,71,332,86
149240212,1408,-56,-13672,96,360,110
149245012,1392,-108,-13664,89,327,84
149249812,1392,-108,-13664,89,327,84
149254612,1376,-140,-13668,92,336,93
149259412,1384,-236,-13660,80,323,88
149265312,1324,-112,-13688,82,340,113
149270112,1288,-60,-13748,111,335,132
149274912,1392,32,-13768,87,346,66
149370715,1320,20,-13608,75,346,106
149374512,1320,20,-13608,75,346,106
149380412,1388,-80,-13688,84,329,87
149385312,1372,-72,-13724,79,350,62
149390112,1440,-100,-13520,81,349,84
149394912,1440,-100,-13520,81,349,84
149399712,1364,-88,-13628,76,332,93
149404512,1456,-92,-13564,85,349,93
149478512,1332,-108,-13528,108,346,113
149499210,1448,-28,-13764,100,351,101
149500710,1448,-20,-13684,101,358,126
149504512,1448,-20,-13684,101,358,126
149510412,1424,-80,-13692,94,341,77
149515212,1416,-12,-13800,85,337,113
149520112,1304,-132,-13712,72,345,83
149524912,1304,-132,-13712,72,345,83
149529712,1372,-20,-13764,94,354,94
149534512,1436,-32,-13800,74,319,95
149634810,1332,-104,-13744,69,347,92
149639710,1284,-136,-13792,121,347,115
149644612,1324,-124,-13632,89,336,105
149649412,1336,-136,-13700,93,333,86
149655312,1344,-156,-13756,65,318,104
149660112,1308,-64,-13768,83,349,80
149664912,1308,-64,-13768,83,349,80
149669712,1368,-72,-13696,69,350,104
149690510,1436,-96,-13664,64,349,90
149695510,1336,-52,-13560,85,336,76
149770212,1348,-168,-13696,80,340,108
149775412,1276,-144,-13808,94,303,116
149780212,1284,-208,-13576,74,315,103
149785012,1284,-208,-13576,74,315,103
149789812,1400,-204,-13768,100,344,106
149794612,1392,-164,-13668,79,341,94
149799412,1404,-136,-13780,94,352,100
149898512,1392,-8,-13632,95,364,90
149900112,1392,-8,-13632,95,364,90
149904912,1316,-96,-13696,64,341,114
149909712,1372,-60,-13656,81,359,83
149914512,1324,-192,-13720,94,341,105
149920412,1300,-132,-13696,103,346,100
149925212,1372,-52,-13748,94,317,94
149939610,1384,-148,-13744,71,329,80
149944510,1416,-148,-13796,60,332,83
149949412,1368,-184,-13760,96,352,106
149955312,1400,-280,-13848,80,340,110
149960112,1400,-280,-13848,80,340,110
149964912,1472,-92,-13676,105,335,110
150040110,1400,0,-13764,91,349,87
150044910,1476,-8,-13716,93,346,115
150049712,1372,-24,-13724,67,340,104
150054512,1412,-68,-13676,80,335,79
150060412,1520,24,-13796,43,350,105
150157212,1176,-184,-13536,57,336,114
150160012,1176,-184,-13536,57,336,114
150164812,1364,-212,-13676,57,354,110
150169712,1464,-152,-13836,75,327,93
150174512,1364,-184,-13704,90,314,78
150180412,1428,-52,-13564,57,367,96
150185212,1428,-52,-13564,57,367,96
150190012,1384,-44,-13584,88,342,86
150194812,1500,-16,-13708,87,330,98
150199712,1488,12,-13460,103,321,71
150204512,1488,-16,-13548,78,339,80
150210412,1436,0,-13584,76,351,59
150215212,1436,0,-13584,76,351,59
150220012,1468,-64,-13736,83,347,83
150224812,1364,28,-13748,86,342,103
150297910,1340,-208,-13620,85,342,93
150299410,1340,-208,-13620,85,342,93
150305412,1360,-196,-13812,88,350,93
150401112,1428,-68,-13672,101,321,71
150404912,1428,-68,-13672,101,321,71
150409712,1344,-92,-13856,111,338,104
150414612,1312,-136,-13644,73,367,84
150419412,1196,-84,-13732,81,370,77
150425312,1336,0,-13732,87,321,73
150442312,1336,-116,-13640,97,332,92
150444912,1336,-116,-13640,97,332,92
150449712,1416,-112,-13896,80,306,71
150454512,1388,-212,-13592,92,385,105
150460412,1328,-112,-13660,68,336,91
150465212,1464,-48,-13524,105,322,100
150470012,1424,-72,-13728,82,352,109
150474812,1440,-56,-13692,69,342,123
150479712,1504,-192,-13736,88,347,119
150484512,1420,-88,-13692,65,334,123
150490412,1516,-16,-13696,74,342,127
150565012,1400,-64,-13640,105,342,85
150662710,1308,-28,-13612,79,344,91
150665410,1308,-28,-13612,79,344,91
150670312,1436,-80,-13652,96,332,109
150691112,1316,-104,-13792,84,324,79
150695012,1316,-104,-13792,84,324,79
150699812,1420,-68,-13768,91,338,96
150704612,1300,-80,-13600,99,353,99
150709412,1324,52,-13808,79,346,114
150715412,1288,-56,-13832,74,357,105
150720212,1368,-16,-13604,85,345,104
150725012,1412,-128,-13936,66,319,105
150729812,1368,-204,-13784,72,348,90
150734612,1404,0,-13528,84,345,106
150739412,1364,-20,-13672,93,336,93
150745312,1408,-44,-13612,96,316,95
150750112,1440,-116,-13600,78,339,98
150755012,1412,-60,-13688,81,355,100
150854310,1384,-240,-13756,103,354,100
150855910,1380,-196,-13640,61,339,100
150931010,1332,-4,-13856,79,362,102
150947912,1304,-80,-13616,57,350,109
150949412,1304,-80,-13616,57,350,109
150955412,1300,12,-13548,78,340,102
150960212,1468,-104,-13784,89,349,72
150965012,1332,-108,-13532,94,336,100
150969912,1336,-112,-13872,98,320,91
150974712,1316,-68,-13848,93,350,116
150979512,1420,-96,-13784,74,349,105
150985412,1400,-16,-13724,91,314,121
150990212,1372,-28,-13660,88,328,95
150995012,1240,-160,-13688,81,350,107
150999812,1432,-108,-13688,90,343,104
151004612,1336,136,-13820,67,338,115
151009512,1368,0,-13724,98,324,89
151015412,1360,-64,-13640,77,350,100
151020212,1364,-172,-13640,85,338,127
151116510,1320,-124,-13668,77,341,95
151120410,1320,-124,-13668,77,341,95
151125210,1336,-24,-13732,79,353,110
151199710,1408,-24,-13624,71,353,99
151204610,1420,-68,-13780,103,308,105
151209410,1316,-28,-13692,48,361,79
151215412,1384,-180,-13740,90,352,91
151220212,1404,-164,-13716,92,342,100
151225012,1344,-28,-13672,107,347,96
151229812,1364,-128,-13668,85,334,104
151234612,1268,-60,-13804,89,360,100
151239412,1260,-232,-13776,99,353,127
151245312,1392,-84,-13876,74,340,124
151250112,1280,-84,-13660,84,368,117
151255012,1308,-128,-13432,103,338,95
151259812,1272,-76,-13776,76,347,111
151264612,1344,-44,-13700,117,337,113
151361312,1384,-68,-13760,80,351,105
151365212,1384,-68,-13760,80,351,105
151370012,1436,-120,-13716,77,347,109
151374812,1416,-156,-13560,91,342,96
151379612,1416,4,-13660,72,327,99
151384412,1352,-76,-13668,97,334,77
151459012,1400,-220,-13656,88,313,108
151471212,1308,-40,-13572,80,347,128
151475112,1308,-40,-13572,80,347,128
151479912,1492,-68,-13576,89,334,111
151484712,1304,-172,-13832,103,334,104
151489612,1324,-24,-13736,109,340,110
151494412,1324,52,-13648,75,329,110
151500312,1356,-24,-13628,73,333,91
151505112,1312,-96,-13700,89,328,89
151509912,1420,-56,-13668,71,352,104
151514712,1292,76,-13748,93,318,68
151519512,1272,-8,-13636,69,366,93
151617410,1424,-88,-13628,86,319,93
151620010,1424,-88,-13628,86,319,93
151624812,1396,-208,-13724,101,350,76
151629612,1364,-64,-13644,74,321,99
151634412,1340,-160,-13716,52,348,92
151640412,1480,-136,-13628,74,343,104
151645212,1480,-24,-13712,83,318,76
151650012,1348,-64,-13740,88,341,90
151748311,1328,-16,-13848,99,329,102
151749911,1328,-16,-13848,99,329,102
151754811,1332,-80,-13668,83,382,94
151759611,1324,-12,-13724,75,352,117
151764511,1416,-144,-13680,105,340,104
151770411,1348,-92,-13640,87,334,90
151775211,1352,36,-13744,108,337,91
151780011,1348,-148,-13576,96,343,109
151784811,1320,-180,-13560,83,329,82
151789611,1404,-4,-13708,92,327,81
151886512,1364,-160,-13748,86,336,93
151890512,1364,-160,-13748,86,336,93
151895312,1352,-36,-13616,88,348,88
151900212,1404,-12,-13644,89,332,76
151905012,1304,-76,-13712,61,343,120
151909812,1432,-116,-13720,52,352,109
151914612,1316,4,-13764,81,339,84
151919412,1408,-180,-13612,72,337,103
151925312,1328,-196,-13580,62,347,106
151935312,1416,-108,-13756,80,362,86
152012912,1372,-24,-13644,85,326,112
152014512,1372,-24,-13644,85,326,112
152020412,1312,36,-13708,60,322,88
152025212,1364,-96,-13824,102,335,107
152030012,1300,-32,-13652,90,360,104
152034812,1352,72,-13584,67,349,108
152039612,1260,-32,-13644,89,363,89
152044512,1332,-124,-13676,100,355,96
152143810,1344,-84,-13656,94,351,110
152145410,1344,-84,-13656,94,351,110
152150412,1380,44,-13744,93,335,111
152155212,1372,40,-13732,63,318,119
152160012,1360,-56,-13656,101,325,90
152164812,1364,36,-13724,64,321,117
152169612,1356,-92,-13776,73,343,101
152174512,1420,-36,-13584,69,338,96
152180412,1388,40,-13796,69,343,102
152185212,1368,-112,-13668,61,327,85
152190012,1308,-88,-13668,100,347,82
152194812,1296,-184,-13688,74,359,93
152268712,1356,-84,-13672,89,374,104
152270312,1356,-84,-13672,89,374,104
152275112,1372,-100,-13672,89,339,106
152279912,1272,-24,-13816,54,328,93
152284712,1408,-112,-13744,84,337,97
152289512,1400,36,-13752,102,360,117
152389011,1392,-104,-13872,62,361,115
152390611,1392,-104,-13872,62,361,115
152394411,1368,-260,-13564,97,368,135
152400311,1416,-92,-13708,96,321,107
152405111,1380,0,-13736,93,346,99
152409911,1384,-148,-13656,84,382,119
152414711,1312,-128,-13876,83,342,87
152419511,1364,60,-13732,96,314,96
152424411,1276,-40,-13608,108,336,82
152437812,1364,-72,-13692,97,329,86
152440412,1364,-72,-13692,97,329,86
152445212,1492,-120,-13720,58,328,86
152450012,1368,-104,-13748,96,347,99
152454812,1412,-260,-13716,91,326,108
152529310,1356,72,-13796,117,337,97
152530810,1356,72,-13796,117,337,97
152534612,1368,-120,-13752,73,331,84
152539412,1292,-96,-13568,94,329,101
152545312,1340,-108,-13664,113,328,76
152550212,1320,-96,-13864,78,358,130
152647310,1304,-4,-13772,109,339,104
152650180,1304,-4,-13772,109,339,104
152655010,1396,-108,-13816,79,331,92
152659810,1280,-8,-13676,60,346,96
152664612,1460,-140,-13576,104,332,92
152669412,1332,-196,-13760,93,350,134
152675312,1444,-36,-13672,43,332,95
152680212,1372,-80,-13852,90,337,83
152685012,1384,-76,-13784,91,341,95
152689812,1376,-148,-13720,66,317,101
152694612,1336,-200,-13824,87,349,108
152699412,1408,-88,-13564,98,353,95
152705312,1492,8,-13788,66,333,87
152710112,1324,-180,-13676,75,339,72
152808312,1388,-36,-13836,70,325,89
152809912,1388,-36,-13836,70,325,89
152814812,1268,-60,-13628,88,351,86
152819712,1368,-176,-13832,101,348,108
152916412,1324,-12,-13752,60,333,91
152920412,1296,-84,-13576,84,363,98
152925212,1444,24,-13748,111,323,118
152935112,1328,28,-13672,100,342,104
152939912,1448,-136,-13716,85,334,81
152944712,1528,-56,-13744,71,376,94
152949512,1428,-60,-13628,92,332,96
152954412,1416,-184,-13640,113,332,97
152960312,1328,-236,-13744,73,348,105
152965112,1436,-164,-13864,111,361,97
152969912,1400,-168,-13680,127,340,103
152974712,1476,-128,-13772,80,332,101
152979512,1292,-172,-13604,89,335,96
152985412,1400,-192,-13840,90,347,98
152990212,1288,44,-13680,85,331,114
152995112,1300,-76,-13780,57,333,102
153069810,1404,-80,-13936,92,349,102
153074710,1412,-104,-13708,93,338,101
153171620,1412,-104,-13708,93,338,101
153174411,1464,-132,-13856,81,330,85
153180311,1448,-8,-13720,107,342,99
153185111,1220,-208,-13592,85,355,97
153190011,1364,-112,-13756,81,345,101
153194811,1344,-16,-13708,98,347,111
153199611,1352,-48,-13752,87,341,86
153204411,1404,-152,-13756,79,327,111
153210311,1316,-44,-13648,95,358,118
153215111,1360,-88,-13760,74,345,92
153219911,1320,-64,-13768,96,368,86
153224711,1332,-68,-13756,98,345,87
153229611,1344,16,-13632,80,357,98
153234411,1376,-116,-13664,70,346,73
153240311,1332,-132,-13748,118,345,100
153245111,1460,-104,-13740,100,318,108
153343210,1300,-12,-13656,70,360,91
153344810,1300,-12,-13656,70,360,91
153421510,1364,-40,-13648,81,367,94
153425413,1316,-32,-13624,105,343,93
153445912,1440,-196,-13728,80,321,83
153449612,1424,-196,-13692,69,348,90
153454412,1392,-144,-13756,85,351,85
153460312,1368,-140,-13788,91,354,82
153465112,1368,-168,-13676,68,352,90
153469912,1304,-60,-13696,102,352,82
153474712,1280,-136,-13880,91,334,85
153479512,1288,-92,-13684,59,311,106
153484412,1292,-140,-13700,105,352,102
153490312,1412,-88,-13684,90,360,87
153495112,1336,-16,-13624,62,344,94
153499912,1392,-112,-13784,83,363,112
153504712,1380,-76,-13776,69,350,106
153509512,1380,-64,-13640,70,349,116
153609710,1300,-248,-13752,74,338,90
153614710,1340,-40,-13748,66,342,96
153619512,1364,-40,-13772,109,342,102
153625412,1256,-128,-13740,85,330,123
153700110,1392,-80,-13752,83,357,92
153704910,1344,-24,-13876,57,324,95
153709712,1344,-144,-13652,103,340,107
153714512,1264,20,-13768,87,339,93
153720412,1320,-108,-13640,68,319,107
153725212,1284,-112,-13784,87,332,110
153730012,1428,-104,-13716,81,352,87
153734812,1392,-228,-13664,91,321,99
153739712,1296,-144,-13684,103,347,116
153744512,1432,-20,-13716,74,340,115
153750412,1372,-132,-13656,82,344,118
153755212,1428,-140,-13620,101,344,115
153878812,1380,-52,-13684,68,335,93
153880412,1380,-52,-13684,68,335,93
153885312,1324,-80,-13648,106,350,100
153890112,1328,-128,-13540,90,350,110
153895012,1216,-144,-13788,72,331,93
153899812,1344,-120,-13556,97,361,99
153904612,1372,-76,-13672,80,341,107
153909412,1368,-24,-13788,71,344,99
153984310,1352,-132,-13772,85,323,109
154005112,1440,20,-13640,75,339,114
154010012,1352,-244,-13588,91,332,87
154014912,1300,-92,-13672,77,349,98
154019712,1336,100,-13728,75,330,114
154024512,1364,-120,-13712,91,338,88
154030412,1480,-68,-13672,80,348,102
154035212,1280,-156,-13472,68,336,116
154040012,1456,-192,-13836,99,338,100
154044912,1468,-20,-13688,62,339,111
154143110,1368,-8,-13844,74,374,115
154144871,1368,-8,-13844,74,374,115
154149710,1328,-124,-13800,91,357,97
154154510,1352,8,-13688,106,370,88
154160412,1396,-144,-13812,85,335,105
154165212,1320,-28,-13744,76,324,94
154170012,1384,88,-13628,81,358,91
154174912,1276,-160,-13756,77,331,119
154179712,1352,-84,-13732,104,340,81
154184512,1392,-64,-13508,82,321,112
154258712,1388,-204,-13720,94,343,79
154260312,1388,-204,-13720,94,343,79
154265112,1364,-36,-13756,74,344,100
154269912,1364,-100,-13536,67,349,101
154274712,1360,-44,-13584,102,355,93
154279612,1408,-40,-13776,88,358,95
154284412,1360,-160,-13632,81,358,95
154290312,1404,0,-13860,103,351,90
154388312,1308,-268,-13700,127,342,85
154389912,1308,-268,-13700,127,342,85
154394912,1272,-48,-13692,75,352,106
154399712,1376,-96,-13688,76,353,96
154404512,1452,-176,-13868,92,335,86
154410412,1296,0,-13800,45,368,88
154415212,1324,-84,-13552,78,329,99
154420012,1352,-112,-13540,99,353,86
154424912,1460,12,-13732,46,329,83
154434913,1372,-136,-13780,111,357,100
154439812,1480,-44,-13768,64,357,94
154444612,1412,-96,-13692,77,380,102
154518712,1388,-64,-13684,84,332,89
154520312,1388,-64,-13684,84,332,89
154525112,1468,44,-13788,93,345,90
154529912,1360,-8,-13776,76,342,97
154534712,1456,-176,-13844,119,355,100
154539512,1476,-56,-13784,71,345,73
154545412,1412,36,-13524,91,373,73
154642310,1352,-8,-13748,64,343,100
154645012,1348,56,-13568,88,338,101
154649812,1432,-120,-13684,102,326,76
154654612,1400,72,-13768,55,330,84
154659412,1260,-40,-13712,65,332,80
154665412,1376,28,-13512,110,361,92
154670212,1404,-12,-13736,67,314,99
154675012,1360,-136,-13672,87,332,107
154679812,1440,-16,-13664,86,350,87
154684612,1464,-88,-13668,61,318,95
154689412,1456,-184,-13728,118,358,117
154695312,1452,4,-13752,69,345,91
154700112,1504,-184,-13712,89,339,123
154773410,1372,-204,-13468,65,316,98
154774910,1372,-204,-13468,65,316,98
154779812,1436,-68,-13624,76,341,95
154784612,1288,-116,-13680,44,357,102
154789412,1352,-20,-13516,115,356,91
154910779,1300,-132,-13640,77,323,108
154914710,1276,72,-13756,74,339,123
154919612,1300,-120,-13588,96,355,88
154924412,1440,-144,-13772,85,336,121
154937812,1228,4,-13700,96,339,102
154940412,1228,4,-13700,96,339,102
154945312,1292,-72,-13668,73,350,113
154950112,1472,-244,-13804,91,338,92
154954912,1320,-64,-13708,73,325,91
154959712,1364,-180,-13684,93,333,96
154964512,1340,-24,-13836,77,347,98
154970412,1464,-56,-13620,79,341,84
154975212,1400,-52,-13668,91,375,78
154980012,1368,-8,-13808,72,331,84
154984912,1468,-92,-13672,93,320,90
155058712,1340,-140,-13768,120,346,98
155060313,1340,-140,-13768,120,346,98
155065112,1344,-44,-13684,86,336,89
155069912,1280,-216,-13768,66,355,98
155166712,1412,-192,-13732,76,302,108
155169512,1312,60,-13816,99,341,98
155174412,1108,12,-13612,83,387,96
155180312,1428,-104,-13572,122,341,99
155185112,1368,-52,-13680,66,348,100
155189912,1380,-144,-13784,73,333,109
155194712,1404,4,-13720,88,318,93
155199512,1228,-76,-13664,92,345,64
155205412,1316,-168,-13580,85,369,77
155210212,1452,-28,-13976,78,349,73
155215112,1300,-152,-13616,96,356,75
155219912,1344,-40,-13892,110,313,81
155224712,1384,-112,-13692,77,356,75
155229512,1432,-180,-13728,96,352,89
155235412,1436,-112,-13736,79,338,99
155240212,1376,-84,-13636,80,331,87
155314312,1276,-56,-13672,93,328,102
155315912,1352,-68,-13724,85,336,99
155412312,1352,-68,-13724,85,336,99
155415012,1224,-12,-13624,96,343,117
155419812,1396,-192,-13704,67,306,79
155424612,1304,136,-13692,91,343,102
155434510,1264,-68,-13672,68,340,111
155440410,1300,0,-13752,98,356,101
155445212,1308,-168,-13708,106,335,87
155450012,1408,-68,-13892,55,323,98
155454812,1376,-28,-13804,69,324,94
155459612,1380,-176,-13884,107,365,102
155464412,1276,-104,-13616,62,329,92
155470312,1340,-124,-13684,105,367,97
155475212,1352,20,-13744,82,341,121
155480012,1448,-144,-13792,107,342,100
155484812,1480,-16,-13580,108,354,112
155489612,1396,-148,-13668,96,338,113
155494412,1500,-64,-13632,102,326,114
155592212,1496,-152,-13756,61,320,89
155670510,1344,-160,-13572,93,356,96
155675512,1392,-140,-13792,84,354,84
155680312,1392,12,-13628,76,321,84
155685112,1304,-204,-13836,130,330,99
155690012,1424,8,-13604,83,334,82
155694812,1348,-104,-13684,83,343,76
155699612,1428,-92,-13700,112,369,104
155704412,1312,-56,-13832,43,335,97
155710312,1268,-196,-13876,92,347,105
155715112,1388,84,-13752,109,344,109
155719912,1364,-152,-13760,68,334,116
155724712,1420,-132,-13824,76,351,98
155729612,1248,-76,-13780,87,339,104
155734412,1332,-136,-13712,89,338,104
155740312,1432,-28,-13648,42,341,114
155745112,1464,-192,-13648,96,334,97
155840912,1464,-192,-13648,96,334,97
155844912,1424,-116,-13648,66,342,122
155849712,1352,-132,-13720,71,329,90
155854512,1332,-296,-13768,116,359,94
155953212,1328,-100,-13724,103,327,81
155967710,1532,-52,-13604,79,340,106
155970310,1412,-104,-13976,89,350,102
155975112,1316,-112,-13696,104,356,88
155979912,1388,-32,-13604,94,336,103
155984712,1384,-116,-13752,72,321,120
155989512,1296,-28,-13700,103,347,96
155995412,1332,-312,-13748,113,324,90
156000212,1388,-100,-13844,101,349,111
156005112,1332,-136,-13644,90,331,86
156009912,1388,-228,-13752,99,350,106
156014712,1284,12,-13716,74,373,97
156019512,1280,-204,-13508,105,330,113
156025412,1396,-116,-13616,83,336,121
156123310,1288,-116,-13800,65,337,84
156124912,1288,-116,-13800,65,337,84
156129712,1388,-232,-13680,101,358,99
156134512,1432,-88,-13640,71,348,112
156139412,1488,-252,-13880,87,321,129
156145312,1360,-108,-13576,92,346,116
156221012,1376,60,-13768,83,338,92
156225068,1496,-200,-13852,68,340,88
156229912,1424,64,-13744,101,367,88
156234712,1416,-176,-13676,73,332,113
156239512,1460,-44,-13624,97,369,105
156245412,1412,-56,-13632,52,320,112
156250212,1388,-184,-13556,84,323,91
156255112,1468,-20,-13648,71,340,112
156259912,1396,-140,-13736,102,341,117
156264712,1380,96,-13820,81,320,122
156269512,1316,-88,-13604,95,319,121
156368712,1572,-160,-13656,93,400,98
156370312,1572,-160,-13656,93,400,98
156375312,1380,-60,-13648,108,337,125
156380112,1376,24,-14000,95,305,103
156384912,1356,44,-13624,93,365,94
156389712,1364,-124,-13696,64,367,119
156394512,1408,-16,-13724,69,333,92
156399412,1268,72,-13552,86,304,97
156405312,1344,-104,-13612,105,346,100
156480710,1264,-128,-13904,97,340,100
156494312,1260,-92,-13752,111,372,107
156495812,1260,-92,-13752,111,372,107
156499612,1356,-192,-13656,66,300,107
156504412,1372,-76,-13736,99,354,102
156510312,1332,-164,-13800,84,333,101
156515212,1328,-116,-13732,74,357,74
156520012,1384,-128,-13788,72,338,91
156524812,1416,-100,-13828,115,353,106
156529612,1312,-92,-13596,90,391,74
156627710,1368,-12,-13724,82,346,92
156630579,1288,-164,-13580,92,342,77
156635410,1376,-104,-13664,99,361,88
156640210,1280,-144,-13776,67,348,85
156645012,1320,-208,-13788,93,365,84
156649812,1416,-48,-13644,81,363,80
156654612,1316,-168,-13544,88,351,91
156659512,1440,-84,-13664,94,332,96
156665412,1344,-108,-13692,68,314,115
156670212,1412,-80,-13768,121,339,91
156745210,1352,-4,-13620,65,365,98
156750010,1392,-144,-13652,81,337,93
156754912,1364,-60,-13748,70,342,71
156759712,1416,-40,-13688,72,334,87
156764512,1452,-52,-13600,82,326,57
156770412,1356,-96,-13628,82,343,80
156775212,1368,-212,-13760,55,333,104
156873212,1412,-204,-13704,100,324,94
156874812,1416,76,-13660,63,326,74
156879712,1304,-20,-13712,77,356,85
156884512,1404,-32,-13744,122,342,92
156890412,1268,32,-13800,90,328,90
156895212,1444,-224,-13672,104,310,82
156900012,1400,4,-13736,97,370,92
156904812,1380,8,-13852,62,325,108
156909612,1400,28,-13764,109,337,101
156914412,1364,12,-13632,64,331,103
156920412,1320,-108,-13676,93,338,133
156925212,1364,-16,-13700,87,331,120
156966412,1304,-184,-13596,81,343,63
157045012,1392,100,-13608,81,350,87
157050212,1396,-32,-13512,85,343,118
157055012,1360,124,-13900,110,353,84
157059812,1320,-68,-13640,70,335,106
157064612,1404,-116,-13836,94,334,110
157163910,1392,112,-13792,86,335,131
157165510,1392,112,-13792,86,335,131
157170312,1384,64,-13728,85,346,112
157175112,1328,172,-13636,108,375,76
157179912,1436,40,-13788,93,344,88
157184712,1340,152,-13856,86,354,89
157189512,1328,84,-13532,93,295,93
157195412,1472,48,-13840,92,352,87
157200312,1528,136,-13776,80,350,61
157205112,1448,-84,-13752,97,310,84
157209912,1440,-8,-13616,93,341,93
157214712,1372,-8,-13556,77,349,75
157219512,1472,-16,-13764,102,363,94
157225412,1472,-36,-13748,74,337,76
157230212,1384,-96,-13708,90,359,57
157303310,1364,-184,-13840,64,307,110
157304912,1352,-148,-13636,90,351,89
157309712,1268,-52,-13680,72,356,82
157407812,1520,148,-14068,132,381,106
157409412,1312,180,-13660,74,435,105
157415312,1084,176,-13668,67,261,73
157420212,1164,188,-13632,118,372,70
157425012,1408,-72,-13704,38,417,49
157445712,1464,-288,-13544,14,383,58
157449413,1540,-220,-13784,105,346,55
157455412,1388,-488,-13756,121,287,71
157460212,1412,-408,-13652,46,330,77
157465012,1420,-308,-13756,79,383,91
157469812,1596,-448,-13688,103,373,124
157474612,1444,-296,-13656,68,342,147
157479412,1376,-488,-13592,76,336,128
157485412,1340,-240,-13784,47,382,145
157490212,1400,-196,-13684,85,329,158
157495012,1356,-272,-13656,106,332,144
157499812,1264,-80,-13676,79,345,147
157575110,1348,-172,-13720,88,325,79
157673612,1236,24,-13652,101,344,75
157675213,1440,-24,-13708,104,350,72
157680012,1276,188,-13808,81,363,62
157684812,1248,0,-13552,70,352,59
157689612,1360,180,-13660,27,336,75
157694412,1232,20,-13980,21,308,73
157700312,1320,60,-13404,60,325,97
157705112,1304,12,-13816,-29,280,72
157710012,1272,52,-13632,84,216,87
157714812,1296,164,-13900,62,208,75
157719612,1444,-96,-13832,64,327,76
157724412,1556,-48,-13756,89,355,86
157730312,1588,-44,-13808,80,345,92
157735112,1400,-256,-12404,-39,135,81
157739912,1976,-128,-15840,416,246,113
157744712,1568,-476,-11792,-46,443,108
157749612,1288,-148,-13464,176,380,112
157845212,1264,-136,-13468,34,423,102
157850112,1120,-60,-14008,101,302,79
157923712,1404,-32,-13348,40,280,141
157925312,1556,-132,-14216,237,462,152
157936312,1216,-24,-14008,152,381,136
157940012,1004,72,-13712,58,294,128
157962012,1140,48,-13612,2,403,45
157964612,1260,180,-14164,102,293,46
157969512,1300,-104,-13520,112,262,43
157974412,1296,-28,-13404,58,336,40
157980312,1472,-68,-13872,13,329,31
157985112,1640,-284,-13440,100,313,37
157989912,1644,-172,-13580,75,349,43
157994712,1592,-436,-13892,69,269,68
157999512,1632,-112,-13600,94,398,86
158005412,1580,-232,-13896,52,345,91
158010212,1604,-292,-13660,118,328,124
158015112,1444,-144,-13552,83,380,119
158019912,1384,-204,-13820,103,411,135
158119612,1424,128,-13948,119,295,105
158124869,1100,-180,-13156,30,257,108
158129712,1388,-140,-13868,25,623,112
158204810,1296,-108,-13344,-40,402,61
158209912,1336,-220,-14256,67,392,52
158214712,1276,124,-13896,166,276,32
158219612,1104,-76,-13324,77,278,32
158224412,1452,-356,-13484,83,323,59
158230312,1180,28,-14004,27,396,66
158235112,1252,-96,-14548,90,148,64
158239912,1352,-120,-12964,66,586,72
158244712,1364,-396,-13412,42,600,59
158249612,2080,-24,-13900,52,-864,59
158254412,1672,-240,-13704,712,1452,192
158260312,1144,-376,-14328,-720,-713,47
158265112,1412,-132,-11968,641,1701,153
158269912,1424,-176,-13344,100,364,94
158364614,1460,-260,-14060,62,367,77
158369512,1264,-240,-13516,79,333,114
158375412,1508,376,-13320,130,40,93
158380212,1508,684,-18052,222,866,168
158385112,708,-1624,-6852,1559,1306,226
158389912,1232,-1208,-18744,-1557,-1330,14
158465912,1452,240,-13712,-26,757,115
158479112,1120,236,-11680,443,-254,154
158480712,1012,516,-14704,-323,29,122
158484412,1204,1152,-17052,-90,751,124
158490312,1488,-16,-11480,11,1307,171
158495112,1656,-548,-15288,1294,233,212
158499912,868,-508,-12016,-1006,-438,118
158504712,664,308,-14124,359,1280,103
158509612,2148,-204,-15000,406,229,122
158514412,1428,-160,-12488,-48,210,133
158520312,712,-572,-12836,121,401,138
158525112,1452,-296,-15376,80,436,93
158623210,1336,208,-13700,-263,237,149
158624810,1320,400,-14256,149,401,116
158629812,1740,220,-13776,208,403,106
158634612,1468,208,-13088,73,390,96
158639412,1160,44,-13924,15,294,79
158645312,1240,40,-13820,142,320,66
158650112,1152,44,-13568,124,394,47
158655012,1304,-56,-13872,65,373,36
158731112,1048,404,-11676,376,1110,141
158735212,1980,-64,-15984,89,374,169
158740012,1244,152,-12716,7,3,164
158744812,904,320,-12636,226,556,143
158749612,1584,216,-15508,-10,294,113
158754412,1112,492,-12940,49,323,107
158760312,1400,220,-13404,183,447,90
158765212,1412,352,-13988,25,228,85
158770012,1228,100,-13380,48,333,71
158774812,1332,-24,-13144,290,467,93
158870415,1564,-132,-13476,54,407,116
158875312,1176,-60,-14172,-93,247,102
158880112,1112,-88,-13712,175,290,88
158885012,1456,128,-13864,101,423,68
158889812,1468,-20,-13860,35,346,68
158894612,1480,132,-13424,122,319,63
158899412,1464,40,-13744,65,270,75
158905312,1472,136,-13768,63,392,74
158910112,1456,276,-13684,113,355,76
158915012,1564,88,-13756,113,322,104
159013412,1148,-416,-13688,78,329,77
159034110,1356,-108,-13584,58,361,97
159035610,1440,-244,-13760,97,347,95
159039412,1440,-244,-13760,97,347,95
159045312,1468,-88,-13732,53,338,102
159050112,1396,-60,-13604,73,346,115
159055012,1332,52,-13588,73,347,113
159059812,1516,-40,-13664,65,307,129
159158712,1356,-532,-13696,81,354,79
159160312,1428,-308,-13736,73,352,110
159165212,1304,-456,-13596,88,340,100
159170012,1288,-328,-13696,82,385,139
159174812,1284,-292,-13664,66,332,145
159179612,1280,-392,-13672,98,355,117
159184412,1280,-392,-13672,98,355,117
159190312,1300,-188,-13532,106,362,146
159195112,1304,-32,-13692,72,362,130
159199912,1328,-96,-13796,66,313,108
159204812,1372,92,-13860,100,330,109
159209612,1360,92,-13748,85,337,92
159284512,1592,-104,-13276,98,440,102
159289512,1392,-272,-13848,33,248,104
159295412,1156,-248,-13720,12,375,112
159300312,1368,-212,-13672,68,466,105
159305112,1288,-136,-13724,74,304,118
159404310,1396,-124,-13756,99,359,122
159405910,1212,-56,-13840,113,368,152
159409812,1196,60,-13740,81,382,144
159414612,1196,60,-13740,81,382,144
159419412,1128,120,-13792,90,354,132
159425312,1104,148,-13936,60,342,113
159445912,1260,144,-13736,89,307,89
159449712,1484,-32,-13508,73,299,81
159454612,1484,-32,-13508,73,299,81
159459412,1532,-60,-13696,68,321,71
159465312,1680,-220,-13660,90,371,64
159470112,1660,-120,-13432,72,358,38
159474912,1532,-216,-13668,102,352,52
159479712,1664,-284,-13696,138,354,83
159484612,1664,-284,-13696,138,354,83
159559610,1528,52,-13596,69,328,129
159564410,1468,-124,-13636,89,322,114
159570312,1380,56,-13596,92,341,83
159668310,1092,-128,-13804,85,489,137
159669910,1100,-92,-13760,66,334,129
159674812,908,-68,-13556,38,308,114
159679612,908,-68,-13556,38,308,114
159684412,1004,-120,-13896,11,419,69
159690312,1296,20,-14204,64,383,26
159695112,1092,-672,-12340,290,210,36
159699912,1656,64,-14832,-424,44,22
159704812,1340,-52,-14540,88,863,31
159709612,1340,-52,-14540,88,863,31
159714412,2148,-124,-12024,625,315,80
159720312,1624,-184,-13408,237,659,50
159725112,1892,-44,-13964,129,318,61
159729912,1972,-304,-13400,169,420,124
159734712,1972,-304,-13400,169,420,124
159739512,1444,-332,-13144,-2,295,146
159744412,924,-372,-13336,-123,108,90
159917912,1548,-212,-13772,230,99,116
159919612,1548,-212,-13772,230,99,116
159924412,1432,1228,-16420,480,294,139
159945012,1644,-376,-11360,-110,187,98
159949912,632,52,-13740,-331,636,68
159954712,632,52,-13740,-331,636,68
159959512,1228,-304,-15144,171,275,62
159965412,1548,-8,-12872,187,461,106
159970312,1844,-268,-13952,-109,359,121
159975112,1076,-348,-14076,-37,251,100
159979912,1456,-152,-13580,216,510,115
159984712,1456,-152,-13580,216,510,115
160008812,1304,-148,-13572,39,432,105
160010312,1292,-228,-13616,113,141,141
160015312,1400,-420,-14576,349,1158,165
160020112,1132,-488,-11700,-26,-188,72
160025012,1104,-204,-13404,-97,610,87
160029812,1104,-204,-13404,-97,610,87
160129010,1216,92,-13656,35,323,110
160130510,1132,-104,-13628,63,324,104
160209419,1268,-148,-13740,93,361,124
160214510,1136,12,-13760,73,351,126
160220410,1132,124,-13832,94,356,129
160225210,1196,-68,-13844,85,335,126
160230012,1340,-128,-13640,74,331,114
160234812,1340,-128,-13640,74,331,114
160239612,1180,0,-13660,101,336,103
160244512,1480,-180,-13732,86,340,98
160250412,1464,-60,-13880,109,309,102
160255212,1492,-228,-13816,97,356,86
160260012,1492,-228,-13816,97,356,86
160264812,1472,-44,-13672,78,338,93
160269612,1452,-48,-13472,76,361,84
160274412,1456,36,-13712,83,338,90
160280312,1424,-72,-13728,83,357,91
160378612,1216,-116,-13612,84,341,96
160380212,1288,-168,-13740,91,321,84
160385212,1316,-36,-13588,85,350,94
160390012,1316,-36,-13588,85,350,94
160394812,1244,-44,-13700,100,335,100
160469210,1052,460,-15348,-5,-120,60
160496612,708,-464,-12196,98,427,69
160500312,1436,20,-15568,131,300,73
160505112,1252,-160,-13200,106,252,63
160510012,1252,-160,-13200,106,252,63
160514812,1424,-148,-13608,167,314,89
160519612,1376,-400,-13852,-63,367,85
160524412,1360,-56,-13496,146,270,68
160530312,1488,16,-13464,-15,210,81
160535112,1488,16,-13464,-15,210,81
160539912,1588,-248,-13620,113,383,111
160544712,1340,-148,-13932,51,300,121
160549612,1464,60,-13268,116,363,99
160554412,1428,-228,-13788,78,372,70
160650310,1244,-220,-13736,95,357,94
160655312,1312,-272,-13552,63,341,89
160660112,1312,-272,-13552,63,341,89
160665012,1116,-120,-13780,97,359,116
160669812,1188,-52,-13732,32,345,118
160674612,1276,-24,-13812,108,323,99
160749310,912,880,-17920,465,464,146
160750912,724,516,-11204,-423,320,59
160754612,724,516,-11204,-423,320,59
160759412,1508,-132,-17656,121,344,65
160765312,1576,140,-16676,149,-207,153
160770112,1576,140,-16676,149,-207,153
160774912,720,-244,-13668,214,182,114
160779812,1064,-20,-12400,-74,772,63
160784612,1620,176,-15084,-32,513,97
160789412,1412,-324,-13632,63,67,123
160795312,1800,-80,-14488,-21,457,86
160800112,1500,-212,-13528,34,394,94
160896010,1652,-212,-13352,65,355,74
160899912,1652,-212,-13352,65,355,74
160904712,1736,-204,-14028,130,333,98
160909512,1728,-164,-13288,105,271,102
160915412,1448,-124,-13820,42,412,141
160920212,1448,-124,-13820,42,412,141
160925012,1428,-96,-13684,129,342,128
160935012,1156,-144,-13736,84,334,145
161038212,1364,-116,-13028,182,117,89
161039812,1364,-116,-13028,182,117,89
161044812,1280,192,-14380,68,300,136
161049712,1068,232,-14144,58,202,85
161054512,1164,500,-14640,-215,729,109
161060412,1880,4,-15180,529,-6,153
161065212,1880,4,-15180,529,-6,153
161070012,824,-620,-12084,-321,226,122
161074812,1200,228,-14200,33,724,57
161079612,2084,-152,-14872,380,398,96
161178612,1508,-24,-13700,63,347,89
161180212,1508,-24,-13700,63,347,89
161185112,1456,-164,-13844,93,336,103
161189912,1516,4,-13648,45,367,104
161194712,1460,8,-13808,91,354,93
161199512,1396,-92,-13784,89,312,104
161205412,1304,156,-13432,54,330,110
161210212,968,-484,-12360,303,-194,117
161215012,1972,964,-16124,-178,-166,100
161219812,720,-232,-13204,-69,816,96
161294312,1308,-208,-13568,73,308,105
161295912,1208,-48,-13644,44,339,68
161299712,1208,-48,-13644,44,339,68
161304512,1220,-164,-13840,127,385,101
161310412,1308,52,-13504,102,306,79
161315212,1224,-140,-13636,52,338,91
161320012,1320,-144,-13804,75,385,97
161324812,1296,16,-14020,136,257,96
161423810,1432,-272,-14248,137,321,81
161425410,1432,-272,-14248,137,321,81
161446012,1944,340,-15760,92,182,75
161449812,1944,340,-15760,92,182,75
161454712,992,-264,-12140,-105,640,61
161459512,1864,20,-14596,412,396,72
161465412,1340,-388,-13156,-49,249,118
161470212,1228,-4,-13392,-10,192,100
161475012,1488,-28,-14196,198,561,109
161479812,1532,-20,-13744,93,318,98
161484712,1356,-116,-13124,72,319,124
161489512,1304,-44,-14128,83,336,138
161564110,1328,-12,-13656,91,342,65
161565610,1328,-12,-13656,91,342,65
161569412,1348,-200,-13740,84,344,60
161575312,1384,-76,-13824,55,350,64
161580212,1400,-164,-13724,77,344,77
161585012,1440,-108,-13688,86,327,101
161589812,1344,-216,-13652,78,331,76
161688712,1420,36,-13628,80,351,101
161690378,1420,36,-13628,80,351,101
161695212,1468,28,-13696,91,342,67
161700012,1436,-156,-13796,74,315,87
161704812,1344,-60,-13668,73,343,105
161709612,1296,-424,-13716,70,296,86
161714412,1528,196,-13192,289,519,116
161720412,1332,648,-15764,-363,88,105
161725212,984,-444,-11896,787,823,132
161730012,1752,-576,-14652,-19,38,112
161734812,968,-16,-13432,-359,383,117
161739612,1048,-228,-14156,379,434,111
161744412,1668,-176,-13108,278,444,108
161819210,1152,-124,-13412,72,569,114
161820710,1152,-124,-13412,72,569,114
161824410,1528,180,-13752,147,273,96
161830312,1564,-48,-13292,100,378,112
161835112,1392,-68,-13916,-31,222,113
161934212,400,-600,-13284,-23,783,105
161958510,1096,-244,-13260,-21,420,85
161960010,1096,-244,-13260,-21,420,85
161964912,1504,-40,-14080,78,547,95
161969712,1360,-124,-13556,71,106,119
161974512,1232,-100,-13964,103,210,120
161979412,1140,8,-13616,18,464,82
161985312,1436,-152,-13888,5,408,69
161990112,1432,-20,-13540,148,295,73
161994912,1596,-580,-12880,168,220,97
161999712,1244,-332,-14884,-451,26,89
162004512,1000,132,-12980,389,714,74
162010412,1936,-184,-14412,160,139,71
162033510,1452,-140,-13472,-13,468,95
162035010,1452,-140,-13472,-13,468,95
162114570,1232,-192,-13404,215,239,64
162119510,1400,-52,-14684,512,681,93
162125410,1664,76,-11556,-110,99,78
162130312,1088,-368,-15296,-248,577,115
162227410,1232,-172,-13464,67,350,110
162230279,1232,-172,-13464,67,350,110
162235110,1340,-244,-13896,65,342,103
162239910,1352,-100,-13996,91,340,114
162244712,1296,-8,-13748,84,320,77
162249512,1544,-84,-13540,74,340,113
162255412,1408,-20,-13752,55,350,110
162260312,1456,-212,-13644,82,349,116
162265112,1388,44,-13684,67,330,118
162269912,1324,-80,-13752,99,327,93
162274712,1372,72,-13612,77,360,85
162279512,1364,92,-13784,92,339,92
162285412,1404,-92,-13724,107,325,104
162290212,1500,56,-13656,93,337,100
162295012,1340,-100,-13736,103,339,82
162299912,1308,36,-13704,82,344,93
162374312,1336,-212,-13880,74,347,115
162375912,1336,-212,-13880,74,347,115
162473010,1188,-484,-12720,447,720,125
162493710,1004,8,-13032,-61,538,96
162495210,1004,8,-13032,-61,538,96
162500112,1604,-160,-14044,275,388,102
162504912,1516,124,-13684,65,304,100
162509712,1196,-340,-13436,-3,308,122
162514512,1300,64,-14488,188,301,118
162520412,1392,-176,-13268,9,427,71
162525212,1592,68,-13908,156,362,95
162530112,1452,-36,-13512,95,262,105
162534912,1412,-124,-13560,32,390,97
162539712,1352,-80,-14196,115,365,91
162544512,1432,-140,-13216,105,333,103
162550412,1380,32,-13724,49,381,99
162555212,1448,-60,-13892,51,305,92
162560012,1312,-124,-13356,102,351,98
162564812,1360,84,-13880,136,366,90
162663812,1132,-200,-13536,134,225,75
162742110,1004,172,-13460,115,256,109
162744912,1004,172,-13460,115,256,109
162749712,1084,-28,-13608,-25,518,104
162754512,1296,200,-13960,-65,459,84
162760412,1268,136,-13720,138,280,90
162765212,1228,-152,-13840,101,343,84
162770112,1156,-8,-13576,-61,430,45
162774912,1344,-88,-13736,23,445,79
162779712,1568,-124,-13780,56,374,88
162784512,1508,-272,-13588,86,336,87
162790412,1480,-128,-13448,23,472,116
162795212,1740,-204,-13684,-3,419,106
162800012,1624,-164,-13944,82,308,115
162804812,1652,-188,-13348,129,325,127
162809712,1136,-232,-12584,-78,22,137
162814512,1764,1432,-19396,39,549,114
162912410,968,72,-14544,-305,184,99
162915114,968,72,-14544,-305,184,99
162919912,1228,672,-12076,342,805,142
162924712,1880,-8,-14752,6,457,173
163039712,1188,-344,-11220,-539,-111,174
163044812,1100,280,-15692,232,270,189
163049612,1700,104,-13912,146,288,154
163054412,1788,248,-13008,176,560,185
163060312,1620,28,-13672,-19,413,192
163065212,1272,236,-13664,28,340,191
163070012,1360,128,-13576,188,308,135
163074812,1364,440,-14192,86,347,128
163079612,1148,264,-13288,32,454,125
163084412,1124,328,-13844,57,341,84
163090312,1140,316,-13376,72,312,52
163095112,1232,284,-13864,52,326,13
163099912,1100,280,-13844,76,353,10
163198510,1924,640,-18108,342,-430,99
163200010,1924,640,-18108,342,-430,99
163204912,828,-372,-12172,-577,751,58
163209712,1716,140,-10696,409,909,78
163214512,2132,72,-16296,-133,-243,172
163219412,1592,784,-12880,159,-374,94
163225312,1408,360,-14752,-157,1475,72
163301012,1412,-368,-13424,122,227,35
163305112,1276,-400,-13752,61,369,60
163309912,1400,-452,-13996,62,350,65
163314712,1632,-1116,-12668,394,457,68
163319512,1880,32,-14356,-95,-332,49
163325412,1364,-460,-13888,-95,670,63
163330212,1676,-204,-14380,670,403,70
163335112,1624,-484,-12380,-202,313,104
163339912,1428,44,-13876,-4,467,125
163344712,1268,-552,-13744,208,74,125
163349512,1232,-248,-13364,115,376,87
163445212,1232,-248,-13364,115,376,87
163457510,1096,-128,-13632,89,412,132
163460110,1096,-128,-13632,89,412,132
163464912,1316,-304,-13868,11,325,138
163469712,1068,-176,-12012,398,242,156
163474512,1408,804,-14108,-601,-1277,107
163480412,1252,-828,-17808,258,1570,221
163485212,1188,-112,-10896,364,-94,158
163490012,1948,-540,-14304,12,930,224
163566812,1232,160,-14624,220,1246,104
163569612,1232,160,-14624,220,1246,104
163574412,1828,-24,-12316,256,209,128
163580312,1804,-300,-14084,110,349,156
163585212,944,-424,-12956,-270,-21,149
163590012,1464,296,-15104,251,624,145
163594812,1700,-280,-12968,184,395,164
163599612,1584,-52,-13620,-18,331,188
163604412,1032,-328,-13380,-66,325,165
163703912,1356,-76,-13660,68,380,144
163705512,1356,-76,-13660,68,380,144
163710412,1336,-12,-13724,50,359,155
163715212,1340,-144,-13832,74,332,154
163720012,1412,132,-13560,80,351,154
163724812,1356,-64,-13700,79,366,110
163729612,1320,88,-13616,62,355,129
163734412,1244,96,-13636,68,334,103
163740412,1248,-196,-13728,100,331,83
163745212,1268,84,-13688,64,341,85
163750012,1264,-8,-13744,84,313,72
163825510,1420,-40,-13724,84,321,122
163829512,1308,68,-13660,53,352,112
163835412,1316,-104,-13688,71,315,109
163840312,1324,100,-13588,64,351,103
163845112,1368,-164,-13604,92,347,104
163849912,1352,-44,-13776,95,350,67
163854712,1288,-32,-13520,97,322,125
163950412,1288,-32,-13520,97,322,125
163963910,1236,-128,-13400,38,458,92
163965410,1236,-128,-13400,38,458,92
163970312,1392,368,-14648,57,-19,69
163975112,1092,92,-12788,228,398,59
163979912,1420,-316,-13612,-117,428,38
163984712,1220,0,-14292,91,193,45
163989512,1512,-80,-13460,224,267,50
163995412,1360,-340,-13984,45,356,38
164000312,1196,-300,-13772,-47,339,52
164005112,1292,12,-12956,61,452,32
164009912,1468,-420,-13500,18,456,68
164014712,1724,152,-15044,114,222,108
164113212,1356,0,-13644,-35,452,105
164114812,1356,0,-13644,-35,452,105
164119812,1312,196,-13772,99,314,83
164124712,1392,116,-13824,162,289,100
164129512,1348,60,-13532,51,278,89
164135412,1448,84,-13800,47,408,70
164232369,1420,-108,-13868,73,398,117
164235010,1420,-108,-13868,73,398,117
164239810,1300,-184,-13536,77,317,113
164244612,1356,-72,-13352,79,410,130
164249412,1400,-464,-13812,24,612,145
164255312,1608,-24,-13752,7,296,116
164260212,1416,-164,-14168,216,262,122
164265012,1464,-320,-13736,89,432,140
164269812,1284,-124,-13424,-59,461,134
164274612,1540,-108,-13752,128,434,154
164279412,1448,-120,-13836,191,290,158
164285312,1096,-184,-13388,93,316,139
164290112,1196,-36,-13840,9,460,136
164294912,1220,0,-13772,30,451,111
164370010,1268,-136,-13788,65,324,108
164374910,1344,-48,-13736,80,369,123
164379710,1240,-188,-13680,87,341,111
164478412,1372,44,-13640,63,367,103
164499110,1580,-100,-13560,96,316,107
164500610,1580,-100,-13560,96,316,107
164504610,1536,24,-13736,79,360,122
164509410,1484,-16,-13756,58,334,120
164515310,1484,-20,-13588,124,336,136
164520112,1408,152,-13716,81,344,107
164524912,1328,-28,-13572,63,348,116
164529712,1280,52,-13684,94,334,90
164534612,1248,60,-13724,76,334,88
164539412,1284,-36,-13596,89,364,110
164545312,1232,-180,-13768,62,359,89
164550112,1308,-44,-13892,96,366,93
164554912,1304,-88,-13660,60,319,102
164559712,1284,-228,-13920,84,335,76
164564512,1308,-192,-13640,93,365,80
164570412,1300,-248,-13820,70,347,78
164644812,1364,-108,-13680,62,363,103
164743012,1368,72,-13580,45,335,116
164744612,1368,72,-13580,45,335,116
164749512,1328,-108,-13792,78,319,93
164755412,1480,-12,-13820,96,345,96
164760212,1348,-116,-13660,100,372,94
164765012,1380,-96,-13632,73,329,81
164769812,1344,-36,-13832,65,352,89
164774612,1392,-120,-13656,96,356,93
164779412,1388,-24,-13740,76,365,94
164785312,1332,-76,-13644,58,327,105
164790212,1480,-12,-13748,117,368,93
164795012,1352,-84,-13604,108,336,92
164799812,1380,-136,-13656,66,352,83
164804612,1300,92,-13748,95,347,109
164809412,1332,-240,-13784,93,334,82
164815312,1416,24,-13652,71,352,110
164914412,1416,-64,-13756,72,326,82
164919512,1440,8,-13724,109,370,112
164925412,1320,-60,-13712,59,350,105
165012510,1316,-68,-13788,54,238,82
165015210,1316,-68,-13788,54,238,82
165020112,1312,-40,-13832,163,325,108
165024912,1404,-288,-13572,84,374,90
165029712,1372,28,-13944,47,311,89
165034512,1336,-284,-13760,122,308,97
165040412,1384,-124,-13556,106,365,99
165045212,1296,-208,-13656,50,334,99
165050112,1412,-176,-13740,118,359,103
165054912,1320,120,-13616,66,355,113
165059712,1324,-148,-13792,66,308,94
165064512,1344,-48,-13572,119,335,94
165070412,1288,-160,-13796,56,376,73
165075212,1420,-72,-13720,105,344,91
165196512,1452,-28,-13592,79,359,95
165200413,1252,68,-13632,74,331,88
165205312,1400,-220,-14020,121,379,97
165210112,1268,-40,-13604,40,348,87
165214912,1308,-84,-13636,87,344,96
165219712,1452,-96,-13824,75,391,118
165293911,1356,4,-13736,58,338,119
165295511,1356,4,-13736,58,338,119
165300311,1328,-112,-13584,115,335,94
165305211,1448,40,-13888,73,332,101
165310011,1336,-124,-13792,71,363,73
165314811,1464,48,-13820,83,365,108
165319611,1468,-120,-13784,105,338,91
165324411,1336,28,-13636,80,329,89
165330311,1268,-28,-13760,86,337,82
165335211,1344,-144,-13724,76,354,92
165340011,1260,92,-13744,93,337,101
165344811,1392,-132,-13648,99,337,115
165441912,1352,-200,-13756,80,335,95
165455412,1372,-104,-13784,93,349,98
165460212,1344,-80,-13764,68,353,97
165465012,1444,-104,-13756,93,332,88
165469812,1372,-64,-13732,78,350,106
165474612,1300,-112,-13860,81,343,115
165479412,1336,-20,-13560,126,342,87
165485312,1344,-44,-13672,72,338,100
165559112,1372,-252,-13660,59,334,106
165560612,1372,-252,-13660,59,334,106
165564412,1332,84,-13752,97,362,93
165570312,1368,-68,-13760,90,351,94
165575212,1376,-108,-13588,62,359,87
165580012,1288,80,-13684,75,343,88
165584812,1400,-136,-13680,99,365,90
165589612,1380,64,-13520,44,363,79
165594412,1316,-232,-13656,88,359,102
165600312,1336,-64,-13760,100,364,99
165698312,1376,-64,-13712,73,353,86
165699912,1376,-64,-13712,73,353,86
165704712,1360,-164,-13476,86,353,87
165709512,1424,-28,-13688,82,373,101
165715412,1400,-228,-13820,67,336,95
165720212,1268,-40,-13592,93,318,104
165725012,1324,-256,-13680,96,348,127
165729812,1400,-76,-13764,91,379,100
165734612,1340,-92,-13792,64,348,96
165739512,1304,-240,-13756,105,330,74
165813412,1424,12,-13608,102,351,107
165815012,1424,12,-13608,102,351,107
165819812,1236,-36,-13688,79,345,99
165824612,1500,-80,-13708,100,364,90
165829412,1320,48,-13768,74,341,90
165835412,1388,-136,-13624,79,337,97
165840212,1364,68,-13600,71,345,115
165845012,1272,-92,-13736,87,342,106
165943012,1328,-100,-13640,92,357,102
165960012,1396,124,-13736,87,372,77
165964912,1252,-124,-13568,84,312,101
165969712,1464,-36,-13624,99,332,100
165974512,1444,12,-13624,63,371,104
165980412,1332,-148,-13600,99,332,104
165985312,1360,4,-13672,79,348,83
165990112,1356,-80,-13740,93,311,95
165994912,1292,-24,-13752,121,358,95
165999712,1336,0,-13860,72,341,98
166004512,1424,-24,-13744,104,359,89
166010412,1376,-40,-13768,85,332,94
166083810,1228,-148,-13772,99,349,91
166085312,1228,-148,-13772,99,349,91
166090212,1392,-164,-13700,95,365,95
166095112,1396,-200,-13748,63,330,107
166099912,1432,-32,-13688,82,324,93
166104712,1404,-156,-13756,88,362,82
166226912,1332,-128,-13664,59,337,110
166229612,1360,-152,-13684,111,338,86
166234512,1336,56,-13700,57,333,102
166240412,1324,-120,-13764,97,351,115
166245212,1428,-124,-13632,62,355,116
166250012,1248,-132,-13748,70,326,86
166254812,1420,-60,-13724,80,365,101
166259612,1312,28,-13484,82,321,102
166264412,1340,-116,-13764,76,341,100
166270412,1396,4,-13648,86,355,84
166275212,1392,-160,-13612,89,351,99
166280012,1448,-56,-13584,72,313,120
166284812,1344,-8,-13652,76,310,90
166289612,1400,-124,-13780,108,340,103
166364110,1312,16,-13616,61,348,102
166365610,1312,16,-13616,61,348,102
166369412,1324,-72,-13668,75,352,107
166375312,1416,-144,-13664,62,348,104
166472310,1400,-88,-13620,86,361,103
166489510,1432,-176,-13692,79,327,103
166495410,1452,-60,-13660,99,340,104
166500312,1344,-104,-13816,99,347,63
166505112,1428,-164,-13756,66,333,80
166509912,1324,40,-13704,114,334,104
166514712,1360,-168,-13820,120,336,97
166519512,1372,80,-13768,86,343,100
166525412,1388,-164,-13560,99,351,92
166530312,1452,-64,-13684,98,325,109
166535112,1220,-92,-13896,78,335,109
166539912,1292,-248,-13604,91,345,94
166544712,1332,0,-13660,73,362,127
166549512,1288,-160,-13756,84,339,105
166555412,1460,-144,-13620,113,357,87
166560212,1524,-208,-13824,62,343,104
166634910,1508,-200,-13656,87,324,96
166733810,1356,-72,-13716,93,346,99
166735410,1356,-72,-13716,93,346,99
166739410,1304,-164,-13732,100,339,90
166745310,1428,-188,-13672,43,339,102
166750110,1376,-116,-13744,73,340,99
166754912,1416,-200,-13684,127,319,85
166759712,1368,36,-13604,79,331,96
166764512,1328,-136,-13784,81,339,94
166769412,1384,-36,-13844,81,348,108
166775312,1304,-24,-13640,96,343,91
166780112,1348,-252,-13768,105,350,105
166784912,1292,-4,-13696,68,335,109
166789712,1364,-72,-13540,90,351,87
166794512,1348,-24,-13716,93,343,80
166800412,1320,-180,-13784,49,347,100
166805212,1380,-40,-13644,101,362,88
166810112,1276,52,-13692,69,334,104
166906112,1276,52,-13692,69,334,104
166910112,1360,-216,-13808,100,325,81
166984312,1440,20,-13700,73,345,98
166997712,1492,-168,-13688,119,333,92
167000412,1392,-116,-13692,77,356,88
167005212,1384,-252,-13708,93,349,79
167010012,1368,56,-13704,94,345,102
167014812,1476,-84,-13724,77,333,107
167019712,1412,28,-13792,97,333,92
167024512,1448,-160,-13768,85,345,110
167030412,1448,-88,-13768,77,374,112
167035212,1316,-64,-13752,63,355,81
167040012,1396,-216,-13728,75,327,115
167044812,1304,4,-13648,80,334,98
167049612,1324,-144,-13764,91,321,108
167054412,1384,-104,-13596,88,343,94
167060412,1304,-84,-13660,91,338,113
167065212,1304,-184,-13640,88,362,110
167163012,1364,-224,-13760,96,330,107
167164612,1380,0,-13784,114,335,112
167169612,1324,-32,-13736,58,338,115
167174412,1296,-56,-13764,109,361,112
167272912,1476,-48,-13680,101,332,109
167274512,1428,-116,-13784,80,349,104
167279412,1496,-72,-13728,76,339,111
167285312,1384,44,-13648,82,346,111
167290112,1488,-204,-13740,76,325,124
167295012,1452,52,-13688,69,328,119
167299812,1376,8,-13796,97,369,99
167304612,1444,-12,-13716,92,354,110
167309412,1400,-4,-13672,56,325,104
167315312,1328,-72,-13760,103,359,103
167320112,1288,-28,-13744,88,371,86
167324912,1448,-96,-13616,60,332,90
167329712,1368,-24,-13668,109,348,80
167334612,1264,-196,-13664,67,312,108
167432810,1368,-128,-13732,75,356,88
167453512,1368,40,-13752,71,350,102
167455012,1368,40,-13752,71,350,102
167460012,1396,-208,-13632,109,332,92
167464812,1412,12,-13700,49,344,76
167469612,1404,-160,-13896,83,363,93
167543710,1396,20,-13680,93,353,99
167545210,1396,20,-13680,93,353,99
167550010,1212,4,-13648,65,325,94
167554812,1420,-112,-13588,107,359,104
167559612,1272,-20,-13672,61,331,98
167564412,1296,-100,-13628,87,345,97
167570412,1364,-24,-13592,80,347,94
167575212,1388,-24,-13800,60,341,83
167580012,1372,8,-13700,98,347,113
167584812,1332,-176,-13720,53,331,101
167589612,1416,-96,-13748,76,346,96
167594412,1380,92,-13524,103,377,84
167600312,1404,-324,-13760,119,340,96
167697212,1280,-128,-13800,97,341,99
167699916,1328,-48,-13768,64,337,98
167704712,1292,-112,-13560,74,347,103
167709512,1360,-100,-13572,106,336,101
167715412,1320,-36,-13880,68,338,99
167720312,1312,-136,-13668,103,333,113
167725112,1352,-60,-13716,93,343,103
167798912,1368,-148,-13848,46,329,80
167800512,1368,-148,-13848,46,329,80
167805312,1392,8,-13720,91,338,102
167810112,1344,-104,-13800,99,348,98
167815012,1440,-140,-13672,78,338,90
167819812,1384,48,-13776,73,361,96
167824612,1380,-84,-13788,113,353,108
167829412,1360,-16,-13664,87,340,107
167835312,1304,-180,-13820,96,349,93
167840112,1348,-172,-13828,102,347,96
167844912,1248,-116,-13824,60,353,90
167940612,1336,-8,-13660,65,342,107
167955220,1292,-116,-13780,28,355,112
167960110,1380,92,-13656,86,345,106
167965012,1260,-56,-13800,70,339,106
167969812,1380,-148,-13612,97,305,101
167974612,1332,52,-13832,62,344,85
167979412,1148,-112,-13672,90,373,96
167985312,1508,-4,-13628,73,343,85
167990112,1412,-64,-13932,94,368,85
168064111,1368,-272,-13836,90,336,143
168065711,1368,-272,-13836,90,336,143
168069411,1316,-72,-13716,92,339,138
168075311,1328,-76,-13728,82,344,124
168080111,1356,-96,-13776,90,347,112
168084911,1292,-64,-13676,94,344,103
168089711,1328,-144,-13660,119,318,100
168094511,1260,-100,-13616,44,318,119
168099411,1424,-32,-13656,92,370,93
168198810,1244,-120,-13780,60,327,98
168200412,1244,-120,-13780,60,327,98
168205512,1304,-340,-13768,95,331,102
168209412,1392,-72,-13676,133,359,76
168214512,1392,-40,-13592,52,277,66
168219712,1436,-196,-13828,124,374,68
168224912,1288,-44,-13516,73,361,80
168230072,1424,-116,-13708,60,334,77
168235212,1452,12,-13624,95,340,83
168240312,1380,-156,-13672,63,329,67
168245471,1424,44,-13696,92,371,108
168344313,1344,-256,-13796,74,353,88
168345913,1344,-256,-13796,74,353,88
168349812,1352,-160,-13700,78,346,81
168354612,1200,-120,-13812,70,351,93
168359412,1296,-344,-13716,105,349,111
168365312,1404,-164,-13680,55,315,96
168370212,1260,-172,-13824,85,356,107
168375012,1432,-300,-13732,142,393,113
168471712,1328,-68,-13612,81,339,83
168488913,1428,-324,-13764,119,371,82
168490413,1428,-324,-13764,119,371,82
168495512,1324,-200,-13692,64,309,85
168499412,1380,-212,-13836,85,363,86
168504612,1504,-308,-13508,113,366,87
168509772,1312,-224,-13668,71,303,88
168514912,1376,-264,-13792,113,358,77
168520012,1280,-36,-13720,67,349,99
168525171,1312,-200,-13716,84,376,92
168530312,1448,-212,-13788,108,341,115
168535412,1236,-100,-13788,53,340,102
168610912,1252,-28,-13556,119,372,107
168614913,1400,-8,-13660,90,359,79
168619712,1288,-112,-13612,67,337,102
168624612,1356,-8,-13672,118,330,119
168629412,1240,-44,-13688,91,346,84
168635312,1304,-48,-13620,77,348,62
168640112,1316,-76,-13628,112,352,100
168737110,1248,-40,-13468,26,328,71
168739710,1280,-208,-13692,109,359,106
168744512,1408,-56,-13688,123,326,93
168750412,1240,-72,-13752,62,313,82
168755212,1476,-216,-13684,108,410,75
168760012,1480,96,-13840,76,326,104
168764812,1424,-84,-13740,118,302,90
168769612,1464,-36,-13716,91,364,78
168774512,1412,16,-13720,60,374,108
168780412,1420,-64,-13532,104,306,99
168785212,1508,-128,-13644,127,365,116
168790012,1464,-104,-13644,75,341,123
168794812,1380,124,-13728,127,375,115
168869310,1344,-184,-13820,47,314,74
168870810,1344,-184,-13820,47,314,74
168874612,1412,-36,-13680,97,338,106
168879412,1392,-76,-13768,99,342,89
168885312,1376,-160,-13596,81,330,98
168982212,1360,-120,-13788,92,340,109
168995910,1444,-76,-13804,81,372,98
168999610,1304,-8,-13668,61,313,82
169004412,1352,-224,-13580,93,353,85
169010312,1420,12,-13748,78,341,104
169015112,1388,-80,-13864,88,300,112
169019912,1488,-4,-13652,96,359,112
169024712,1324,-156,-13816,76,344,104
169029512,1464,4,-13620,111,337,102
169034412,1440,-180,-13728,98,331,110
169040312,1492,-184,-13848,87,338,107
169045112,1312,4,-13752,67,341,112
169049912,1460,-416,-13736,123,346,102
169054712,1396,-108,-13552,61,335,118
169059512,1384,-132,-13672,90,322,107
169133912,1368,-32,-13660,70,355,86
169135512,1472,-48,-13780,85,340,114
169140312,1460,60,-13692,87,348,94
169238412,1448,-4,-13856,62,340,80
169240077,1316,-248,-13592,92,337,96
169244912,1268,-128,-13636,122,343,105
169249712,1344,-116,-13736,60,362,107
169254512,1388,-268,-13912,103,337,105
169260412,1360,-56,-13692,105,332,84
169265212,1356,-192,-13740,100,330,86
169270112,1244,84,-13612,80,292,88
169274912,1296,-172,-13872,116,386,90
169279712,1448,-100,-13576,53,320,98
169284512,1236,-44,-13680,93,294,83
169290412,1352,-128,-13920,103,329,118
169295212,1364,16,-13588,64,382,94
169300012,1372,-8,-13792,109,322,107
169304812,1416,-116,-13716,130,305,71
169309712,1368,-44,-13752,47,329,88
169314512,1252,-104,-13832,80,336,63
169511410,1296,108,-13732,70,334,106
169528612,1292,-144,-13596,99,354,92
169530212,1356,-140,-13656,66,373,87
169535012,1368,4,-13808,72,337,83
169539812,1344,-100,-13572,101,329,83
169544612,1412,-76,-13816,79,370,97
169549412,1384,-240,-13804,53,346,95
169555312,1344,-48,-13700,95,363,82
169560112,1328,-152,-13588,80,339,76
169564912,1352,-148,-13724,103,369,102
169569812,1304,-56,-13724,113,344,94
169574612,1348,-264,-13768,77,314,105
169579412,1308,52,-13672,96,349,104
169585312,1356,-164,-13664,100,340,85
169590112,1288,-168,-13644,70,369,103
169594912,1368,-144,-13728,73,337,99
169599712,1404,-304,-13800,116,318,126
169699412,1352,24,-13664,81,358,89
169704412,1352,24,-13664,81,358,89
169710412,1380,12,-13712,105,353,85
169784712,1300,-108,-13828,48,336,96
169789812,1356,-120,-13684,115,345,93
169794612,1524,76,-13720,105,340,91
169799412,1420,-164,-13804,55,317,90
169805412,1464,8,-13528,105,370,111
169810212,1332,-52,-13832,101,362,115
169815012,1520,-140,-13748,106,329,125
169819812,1416,-40,-13612,110,342,106
169824612,1436,-132,-13596,80,350,128
169829412,1436,-132,-13596,80,350,128
169835312,1280,-80,-13616,85,325,104
169840112,1364,-44,-13612,106,349,101
169845012,1188,-60,-13632,63,345,104
169944319,1396,-8,-14088,131,345,104
169957712,1192,-188,-12856,-356,7,45
169960312,2160,264,-17208,1335,849,176
169965112,1124,-704,-8920,-512,-13,114
169969912,1188,-60,-17000,-95,680,95
169974712,1144,68,-12532,306,684,116
169979512,1144,68,-12532,306,684,116
170055012,1520,-28,-14036,31,337,112
170060012,1304,-84,-13376,87,317,80
170064812,1372,-232,-13692,137,363,71
170069712,1432,128,-13616,49,372,75
170074512,1432,128,-13616,49,372,75
170080412,1436,-116,-13876,101,355,117
170085212,1360,-124,-13660,71,368,107
170090012,1300,-92,-13588,71,364,101
170094812,1488,-16,-14100,188,454,100
170099712,1360,-276,-12692,42,329,101
170104512,1360,-276,-12692,42,329,101
170202412,1316,96,-13920,83,283,120
170205212,1200,-184,-13476,77,347,102
170210012,1316,-168,-14044,74,347,88
170214812,1316,-60,-13588,96,338,93
170219712,1392,-112,-13808,110,302,80
170224512,1392,-112,-13808,110,302,80
170230412,1348,-200,-13512,110,380,85
170235212,1388,-116,-13836,89,364,62
170240012,1272,-92,-13648,62,306,81
170314910,1348,-136,-13580,104,345,109
170319812,1384,-12,-13728,82,325,106
170324612,1384,-12,-13728,82,325,106
170329512,1276,-200,-13660,79,341,70
170335412,1264,-208,-13832,70,310,80
170340212,1432,-124,-13760,96,323,96
170345012,1208,-32,-13668,110,322,104
170349812,1368,-60,-13676,72,343,105
170447812,1344,-108,-13576,118,349,69
170461212,1380,-144,-13580,114,340,86
170464912,1328,28,-13620,84,357,78
170469712,1328,28,-13620,84,357,78
170474512,1328,-200,-13720,94,348,87
170480412,1400,-124,-13668,84,359,99
170485212,1368,-152,-13692,135,324,103
170507110,1308,-96,-13732,52,343,112
170509810,1360,4,-13744,126,347,114
170514810,1428,-96,-13816,91,363,96
170519610,1428,-96,-13816,91,363,96
170524410,1460,-84,-13716,46,333,108
170598912,1716,156,-15732,640,700,108
170600512,1184,-424,-10996,-347,128,91
170605312,1508,80,-15104,166,661,82
170610112,1324,-308,-13244,259,-51,74
170614912,1432,212,-14004,92,275,112
170619812,1432,212,-14004,92,275,112
170624612,1148,-228,-13316,76,616,102
170629412,1480,-180,-13740,90,314,78
170725013,1484,-220,-13648,78,361,54
170729912,1424,-288,-13680,93,316,87
170734712,1424,-288,-13680,93,316,87
170739512,1508,-232,-13576,79,325,82
170745412,1460,-232,-13708,85,306,110
170750212,1424,-76,-13532,111,343,114
170755012,1320,-288,-13608,75,350,113
170759812,1320,-288,-13608,75,350,113
170764612,1388,108,-13796,68,411,115
170769512,1376,-32,-13744,39,335,117
170775412,1140,192,-13580,26,358,120
170780212,1340,72,-13848,125,259,96
170855412,1176,-132,-13668,98,349,113
170860410,1232,-164,-13628,62,341,134
170865212,1164,-164,-13768,61,340,113
170870012,1248,-44,-13924,87,319,136
170874812,1372,-16,-13644,82,346,109
170970614,1440,-176,-13684,75,342,108
170984210,1404,-108,-13780,84,327,112
170985710,1452,-136,-13656,103,342,124
170989410,1452,-136,-13656,103,342,124
170995312,1572,-296,-13620,112,346,99
171000112,1476,-44,-13436,78,350,119
171004912,1476,-44,-13436,78,350,119
171009812,1372,-216,-13796,86,356,124
171014612,1460,-192,-13516,91,364,122
171019412,1272,-80,-13628,96,351,109
171025312,1216,-88,-13760,83,334,86
171030112,1292,-160,-13808,92,372,110
171034912,1292,-160,-13808,92,372,110
171039712,1228,-48,-13744,93,377,77
171044512,1272,-100,-13876,72,349,95
171120210,1280,72,-13764,99,348,128
171125210,1256,16,-13792,90,335,98
171130010,1256,16,-13792,90,335,98
171229210,1384,-20,-13660,61,336,133
171230810,1200,-36,-13712,84,356,140
171234712,1200,-36,-13712,84,356,140
171239512,1344,28,-13700,96,346,125
171245412,1304,60,-13808,104,347,128
171250212,1304,116,-13604,79,338,114
171255012,1304,116,-13604,79,338,114
171259912,1268,-64,-13572,87,338,97
171264712,1376,164,-13668,78,346,95
171269512,1340,56,-13812,69,320,107
171275412,1344,12,-13612,63,361,83
171280212,1352,-112,-13592,70,355,82
171285012,1352,-112,-13592,70,355,82
171289812,1328,160,-13820,80,321,80
171294612,1344,-60,-13852,75,330,55
171299512,1336,-116,-13700,109,331,80
171305412,1428,0,-13744,57,422,78
171478010,1488,-152,-13296,27,314,130
171522912,1236,-52,-14024,-8,313,78
171524421,1236,-52,-14024,-8,313,78
171529412,1088,12,-13424,99,363,72
171535312,1296,0,-13440,4,299,102
171540112,1296,0,-13440,4,299,102
171544912,1264,8,-13612,71,344,82
171549712,1452,-56,-13892,64,361,83
171554512,1700,164,-13800,122,227,87
171559412,1752,200,-15348,265,1829,148
171565312,1820,300,-15088,-275,-252,56
171570112,1820,300,-15088,-275,-252,56
171574912,1108,-244,-13316,-487,560,30
171579712,1884,260,-13992,849,303,104
171584512,1936,-456,-13400,-51,415,127
171590412,1232,-360,-14128,48,304,100
171595212,1232,-360,-14128,48,304,100
171693212,1820,200,-14832,769,437,109
171694812,1820,200,-14832,769,437,109
171699612,1432,-288,-12160,-117,136,132
171774510,656,-1032,-9404,410,1479,119
171779612,2192,52,-15980,567,-433,108
171784412,808,-500,-11700,-735,152,69
171790312,1216,384,-15132,582,540,71
171795112,1816,-180,-14220,197,364,88
171799912,1144,-200,-12592,64,276,91
171804712,952,-192,-13896,-31,300,57
171809512,1164,-224,-14504,155,285,59
171815412,1436,-132,-13964,48,414,84
171820312,1436,-132,-13964,48,414,84
171825112,1256,-88,-13592,98,292,84
171829912,1236,-376,-13740,33,309,80
171834712,1268,-216,-14168,83,335,77
171839512,1532,-152,-13216,123,412,90
171938412,1308,-184,-14096,-13,282,110
171955610,1304,-172,-12088,99,170,115
171959410,1304,-172,-12088,99,170,115
171965412,1296,52,-12612,1088,620,207
171970212,1524,96,-18552,-1093,-1133,48
171975012,664,-196,-10832,901,1189,119
172051012,1312,140,-13216,83,301,99
172054912,1312,140,-13216,83,301,99
172059712,1572,-300,-13788,457,662,104
172064512,1576,-80,-13584,-431,-263,62
172070412,932,-236,-13600,105,740,97
172075212,1492,448,-14012,263,253,98
172080012,1536,-108,-13424,9,306,126
172084812,1148,-120,-13588,147,269,119
172089612,1224,-92,-14180,75,292,95
172094512,1372,-96,-13564,61,419,75
172100412,1464,96,-13892,55,372,94
172105212,1320,-216,-13560,58,309,90
172200815,1412,-40,-13588,112,356,92
172204712,1412,-40,-13588,112,356,92
172209512,1528,-164,-13756,72,359,116
172215412,1416,-196,-13436,85,322,97
172220212,1472,28,-13616,76,350,119
172225012,1464,-144,-13864,94,353,100
172229812,1316,80,-13764,119,330,101
172234612,1332,-92,-13708,64,347,126
172309310,1348,-264,-13672,107,359,102
172310910,1508,8,-13520,96,368,105
172314612,1508,8,-13520,96,368,105
172319412,1400,-280,-13640,92,325,104
172325312,1464,-92,-13796,87,361,112
172330112,1264,-104,-13596,72,326,98
172334912,1316,-240,-13640,53,349,126
172339712,1328,100,-13688,62,359,95
172344612,1224,-108,-13700,89,322,109
172349412,1344,68,-13612,68,350,98
172446110,1240,-192,-13996,95,302,75
172459312,1236,-192,-13716,78,321,88
172460812,1364,-168,-13792,101,335,100
172464612,1364,-168,-13792,101,335,100
172469412,1280,-12,-13476,76,336,82
172475312,1344,-208,-13780,57,350,106
172480212,1428,36,-13704,97,350,114
172485012,1328,-132,-13820,74,331,97
172489812,1268,-80,-13692,106,331,109
172494612,1420,64,-13736,76,312,100
172593612,1296,-216,-13728,62,324,97
172595212,1296,-216,-13728,62,324,97
172600212,1240,-92,-13596,108,338,92
172605012,1256,-180,-13652,80,352,90
172609812,1284,-40,-13552,103,344,86
172614612,1320,-124,-13640,78,324,89
172619412,1396,-148,-13748,89,335,80
172625312,1352,-24,-13516,92,324,74
172630112,1336,-248,-13776,77,315,83
172728212,1484,-108,-13492,79,343,92
172729812,1484,-108,-13492,79,343,92
172734612,1412,-116,-13760,65,327,84
172739412,1420,-140,-13676,77,347,105
172745312,1388,-32,-13684,85,342,91
172750112,1380,-204,-13600,69,336,100
172754912,1364,-120,-13520,94,336,91
172759812,1228,-300,-13812,92,358,113
172764612,1460,-112,-13784,93,337,121
172769412,1404,-124,-13544,84,344,132
172775312,1324,-256,-13912,104,341,125
172850310,1444,-4,-13628,72,317,88
172855110,1380,-92,-13696,103,361,101
172860012,1464,-20,-13820,100,352,117
172864812,1400,32,-13820,62,336,108
172869612,1276,-84,-13588,85,344,143
172874412,1392,-4,-13792,78,361,122
172973610,1456,-148,-13896,78,353,104
172987012,1368,-156,-13700,96,346,123
172989612,1368,-156,-13700,96,346,123
172994412,1388,-80,-13600,43,356,109
173000312,1460,-208,-13940,79,348,98
173005112,1416,-40,-13636,77,337,120
173010012,1300,-100,-13820,65,320,103
173014812,1400,12,-13820,93,365,117
173019612,1344,-24,-13644,62,339,83
173024412,1376,-80,-13768,87,352,87
173030312,1340,12,-13648,86,321,90
173035112,1324,-28,-13704,79,328,62
173039912,1300,20,-13808,127,338,88
173044712,1368,-172,-13684,78,304,64
173118910,1368,-160,-13756,89,356,100
173120410,1368,-160,-13756,89,356,100
173125312,1352,0,-13728,97,316,114
173130112,1372,-176,-13688,67,341,114
173134912,1424,-124,-13864,68,366,119
173230715,1424,-124,-13864,68,366,119
173234512,1372,-136,-13496,103,339,111
173240412,1364,-244,-13796,66,323,97
173245312,1464,96,-13696,74,338,104
173250112,1392,-48,-13648,75,325,90
173254912,1472,-68,-13884,95,339,101
173259712,1332,-48,-13396,71,310,87
173264512,1372,-24,-13600,87,341,81
173270412,1380,40,-13892,88,341,102
173275312,1400,12,-13708,53,333,88
173280112,1452,96,-13524,69,339,79
173284912,1468,-40,-13768,76,337,86
173289712,1392,84,-13616,113,327,82
173294512,1456,64,-13632,83,353,107
173300412,1424,-48,-13708,105,366,97
173374310,1344,-176,-13656,96,353,110
173375810,1344,-176,-13656,96,353,110
173379612,1352,68,-13740,96,322,89
173475315,1352,68,-13740,96,322,89
173487610,1360,116,-13672,69,313,77
173490210,1360,116,-13672,69,313,77
173495112,1348,-88,-13716,108,321,80
173499912,1320,20,-13520,99,342,94
173504712,1436,-96,-13716,79,334,66
173509512,1400,-148,-13640,89,329,97
173515412,1296,20,-13720,83,342,74
173520212,1388,-160,-13776,85,340,94
173525112,1300,-148,-13700,79,363,108
173529912,1296,-168,-13600,94,352,102
173534712,1444,-208,-13680,85,343,114
173539512,1384,-40,-13724,63,371,111
173545412,1312,-152,-13736,122,330,115
173550212,1388,-152,-13780,73,350,111
173555012,1320,-268,-13612,84,322,107
173559812,1376,-24,-13740,85,349,90
173658412,1368,-12,-13724,82,353,100
173660012,1364,-56,-13772,85,367,110
173758312,1364,-56,-13772,85,367,110
173759912,1364,-56,-13772,85,367,110
173764712,1596,-36,-13664,85,335,120
173769612,1404,-88,-13772,83,337,88
173774412,1300,32,-13656,99,336,105
173780312,1452,-84,-13620,101,353,110
173785112,1376,-56,-13756,88,332,103
173789912,1400,88,-13588,99,338,115
173794712,1424,-136,-13676,74,339,83
173799512,1472,-128,-13700,87,345,103
173805412,1348,-32,-13556,84,348,112
173810312,1348,-308,-13812,93,342,94
173815112,1400,-24,-13892,74,337,111
173819912,1304,-132,-13892,91,330,90
173824712,1380,-208,-13828,92,304,91
173829512,1224,-88,-13632,90,347,98
173929512,1500,172,-14536,-28,463,114
173946712,1264,284,-13852,103,344,98
174024412,1156,-224,-13540,108,379,176
174029412,1068,-292,-13824,32,336,173
174035312,1268,-208,-13944,91,346,175
174040112,1076,-112,-13540,125,385,158
174045012,1172,-112,-13796,14,323,170
174049812,1168,140,-13808,84,391,159
174054612,1304,112,-13520,96,339,122
174059412,1308,-64,-13792,60,354,92
174065312,1424,260,-13708,49,328,95
174070112,1556,80,-13780,113,361,87
174074912,1648,-48,-13808,32,379,101
174079712,1636,132,-13684,64,358,92
174084612,1740,-56,-13480,107,373,72
174089412,1640,-44,-13700,61,385,92
174095312,1620,68,-13700,114,395,99
174194110,1248,-328,-13548,73,356,78
174195612,1248,-328,-13548,73,356,78
174199412,1156,-160,-13952,99,328,89
174205412,1084,-140,-13768,85,358,80
174210212,1132,-280,-13744,77,356,91
174284910,1332,140,-13756,108,365,120
174289710,1268,64,-13684,61,337,93
174294612,1204,132,-13708,101,333,94
174299412,1116,116,-13844,79,352,82
174305312,1296,-32,-13612,79,326,75
174310112,1096,-44,-13688,118,337,70
174314912,1140,-96,-13540,63,342,92
174319712,1252,-144,-13612,80,326,82
174324612,1364,-16,-13600,84,313,82
174329412,1344,-244,-13848,63,343,98
174335312,1492,-284,-13764,76,328,101
174340112,1472,-104,-13680,82,364,120
174438310,1540,-24,-13780,76,338,107
174459110,1268,56,-13832,118,361,104
174460610,1268,56,-13832,118,361,104
174464412,1236,56,-13808,86,356,119
174470312,1324,48,-13756,80,339,95
174475112,1276,-8,-13628,100,352,89
174480012,1324,-56,-13780,81,341,87
174484812,1328,-20,-13724,66,346,77
174558512,1288,-24,-13844,64,339,119
174560112,1288,-24,-13844,64,339,119
174564912,1292,-108,-13688,91,334,140
174569712,1296,-80,-13680,76,334,111
174574512,1388,-168,-13624,93,347,142
174580412,1356,-12,-13684,78,343,126
174585212,1356,68,-13716,83,310,109
174590112,1440,-112,-13920,74,350,124
174594912,1332,44,-13508,72,361,100
174599712,1400,-44,-13860,97,355,76
174604512,1376,-180,-13860,82,297,91
174727012,1164,-44,-13708,82,349,94
174729712,1164,-44,-13708,82,349,94
174734512,1340,-128,-13728,76,347,81
174740412,1288,-180,-13748,60,328,80
174745212,1424,-56,-13628,71,343,101
174750012,1292,-76,-13680,85,342,68
174754812,1420,-152,-13816,70,343,79
174759712,1476,-124,-13620,107,349,94
174764512,1332,-192,-13748,113,346,81
174839010,1288,76,-13800,103,323,92
174840610,1288,76,-13800,103,323,92
174845412,1328,-60,-13564,132,349,102
174850212,1400,-252,-13728,107,360,83
174855012,1448,-56,-13596,93,384,80
174859812,1392,-96,-13788,71,363,94
174864612,1408,-124,-13872,129,354,99
174869412,1412,-52,-13772,131,339,89
174875412,1344,-124,-13688,82,352,95
174972510,1364,-272,-14032,88,340,83
174993212,1380,-280,-13896,93,353,87
174994712,1380,-280,-13896,93,353,87
174999712,1376,-112,-13696,106,292,111
175004512,1340,-196,-13588,52,336,110
175010412,1324,-248,-13644,41,366,113
175015212,1380,-112,-13600,93,366,108
175020012,1436,-84,-13724,88,307,143
175024812,1436,12,-13672,69,360,117
175029712,1424,28,-13696,43,351,119
175034512,1448,-104,-13548,101,340,107
175109410,1384,-232,-13784,80,335,119
175114512,1536,-204,-13780,66,325,101
175120412,1336,-272,-13624,67,326,121
175125212,1372,-124,-13608,90,376,108
175130012,1448,-168,-13740,77,345,129
175134812,1292,-108,-13764,69,350,96
175139612,1232,-212,-13772,90,341,100
175237612,1456,132,-13856,124,303,92
175240412,1456,132,-13856,124,303,92
175245212,1452,36,-13816,111,327,98
175250012,1320,-40,-13536,8,344,74
175254812,1320,-108,-13828,122,379,57
175259612,1420,12,-13592,101,317,67
175264412,1392,-72,-13748,56,342,72
175270312,1380,-120,-13748,102,353,74
175275212,1460,-108,-13668,75,349,76
175280012,1304,-32,-13760,90,328,72
175284812,1476,-332,-13640,125,364,93
175289612,1364,-228,-13676,63,362,89
175294412,1284,-252,-13752,65,354,96
175369110,1324,-44,-13752,71,361,91
175370712,1324,-44,-13752,71,361,91
175374612,1480,8,-13572,118,354,84
175379812,1392,164,-13860,88,311,84
175384971,1344,-44,-13612,70,317,76
175483712,1340,-68,-13756,100,354,74
175497012,1304,-80,-13672,97,343,84
175499612,1324,-104,-13824,77,359,85
175504412,1356,-188,-13676,97,324,78
175510312,1408,-236,-13740,67,346,92
175515112,1348,-84,-13532,70,354,88
175519912,1372,-100,-13728,82,329,94
175524712,1396,4,-13708,117,329,115
175529612,1400,-64,-13568,95,360,122
175534412,1448,-72,-13568,84,349,110
175540312,1408,-32,-13680,89,321,104
175545112,1508,-28,-13568,116,344,100
175549912,1468,48,-13808,75,368,129
175554712,1288,64,-13768,71,331,115
175559512,1324,32,-13800,96,334,113
175633112,1460,-80,-13604,101,333,81
175634712,1460,-80,-13604,101,333,81
175639512,1324,-80,-13764,83,319,67
175762912,1360,0,-13644,90,327,108
175764513,1360,0,-13644,90,327,108
175769412,1432,-40,-13740,88,335,113
175775312,1384,36,-13628,55,342,129
175780112,1400,-48,-13748,88,338,122
175784912,1460,-100,-13600,105,345,124
175789712,1436,44,-13732,82,334,96
175794512,1408,-152,-13700,77,334,92
175799412,1424,-96,-13700,73,340,98
175805312,1460,8,-13816,76,373,95
175810112,1352,-112,-13668,95,323,97
175814912,1352,-216,-13576,86,351,75
175819712,1412,-116,-13576,83,325,103
175824512,1332,8,-13464,109,321,96
175830412,1284,-152,-13644,96,338,81
175835212,1376,-156,-13700,78,360,105
175934311,1388,-80,-13736,82,329,97
176024210,1380,-52,-13784,100,325,88
176025710,1380,-52,-13784,100,325,88
176029512,1404,-96,-13748,103,327,100
176035412,1352,-204,-13596,72,349,92
176040212,1280,12,-13696,101,350,99
176045112,1328,-68,-13784,75,344,92
176049912,1348,-112,-13744,89,301,100
176054712,1324,-144,-13668,85,358,111
176059512,1440,-112,-13844,55,349,98
176065412,1304,-96,-13424,96,314,90
176070212,1336,-56,-13676,110,349,105
176075012,1336,-12,-13672,73,342,93
176079812,1276,-20,-13680,76,351,105
176084712,1388,-84,-13576,77,340,104
176089512,1364,-76,-13772,91,352,102
176095412,1292,-8,-13580,102,317,86
176194110,1300,28,-13640,87,350,113
176195712,1300,28,-13640,87,350,113
176199412,1384,-80,-13644,90,324,86
176205312,1464,-60,-13556,81,348,109
176279712,1228,-48,-13852,53,334,76
176284612,1432,-128,-13576,99,361,78
176289412,1360,-132,-13796,68,344,95
176295312,1332,-72,-13660,51,330,87
176300112,1324,-108,-13776,99,332,102
176305012,1436,-48,-13836,99,360,69
176309812,1404,-128,-13696,73,336,92
176314612,1464,-88,-13640,98,356,105
176319412,1336,-16,-13664,83,327,87
176325312,1436,-12,-13644,95,333,97
176330112,1424,-148,-13752,94,317,97
176334912,1256,-132,-13640,118,348,95
176339712,1364,56,-13648,83,328,104
176438810,1476,-92,-13580,103,367,112
176452112,1440,-164,-13564,102,329,106
176454812,1376,-100,-13756,93,351,99
176459612,1280,-24,-13924,84,330,109
176464412,1408,-108,-13672,94,346,113
176470312,1448,-116,-13616,77,334,103
176475112,1404,8,-13744,63,328,113
176549612,1404,-48,-13652,111,346,96
176554812,1340,-152,-13740,71,323,100
176559612,1364,20,-13852,107,354,86
176564412,1444,12,-13644,107,347,97
176570312,1420,-64,-13596,56,344,117
176575112,1324,-32,-13612,71,355,101
176579912,1360,20,-13716,81,331,89
176584812,1392,-48,-13784,90,355,94
176589612,1412,-52,-13580,103,348,93
176594412,1376,-32,-13636,111,356,110
176600312,1212,-144,-13696,79,323,116
176696012,1212,-144,-13696,79,323,116
176699812,1344,-76,-13564,91,358,110
176704612,1296,-116,-13904,72,341,118
176709412,1456,-96,-13828,68,331,111
176715312,1228,32,-13708,88,333,105
176720212,1368,60,-13724,72,326,91
176725012,1332,-112,-13748,63,361,100
176729812,1324,100,-13748,115,348,86
176734612,1404,-40,-13732,97,316,102
176833310,1472,-76,-13688,70,352,89
176834910,1472,-76,-13688,70,352,89
176839710,1332,92,-13632,100,378,125
176844612,1440,-24,-13592,93,334,121
176849412,1384,-128,-13768,86,333,86
176855312,1420,-44,-13592,72,363,93
176860112,1368,72,-13672,81,306,94
176864912,1484,24,-13716,68,346,93
176869712,1420,-232,-13560,73,345,79
176965512,1420,-232,-13560,73,345,79
176979010,1356,-212,-13640,92,356,121
176980510,1356,-212,-13640,92,356,121
176985412,1336,-68,-13660,75,336,118
176990212,1256,-44,-13844,104,332,95
176995012,1260,-224,-13708,81,338,114
176999812,1312,-152,-13740,86,329,111
177004612,1316,-132,-13596,116,349,103
177009412,1340,-124,-13708,60,358,101
177015412,1284,-104,-13732,87,341,120
177020212,1384,-124,-13704,101,353,111
177094810,1400,-108,-13784,59,361,90
177099610,1312,-84,-13708,82,342,77
177104412,1296,-16,-13624,73,333,101
177110312,1292,32,-13628,50,348,116
177115112,1348,-96,-13748,112,375,88
177119912,1344,28,-13700,91,339,110
177124712,1436,-116,-13712,102,341,85
177222712,1308,-84,-13680,89,342,102
177225421,1344,-120,-13756,76,343,95
177230312,1356,-4,-13720,95,312,84
177235112,1360,40,-13656,112,315,103
177239912,1380,8,-13748,95,359,84
177244712,1336,20,-13724,67,343,93
177249512,1444,-176,-13836,84,333,89
177255412,1344,-64,-13524,62,336,98
177260212,1352,-68,-13896,81,361,98
177265012,1284,28,-13692,99,357,87
177269912,1432,-16,-13904,88,323,75
177274712,1376,-124,-13584,85,373,82
177279512,1416,-76,-13564,61,347,116
177352712,1448,-140,-13556,89,321,116
177355312,1320,-188,-13612,78,349,105
177360112,1304,-148,-13780,85,334,83
177364912,1496,-48,-13756,68,351,94
177369712,1396,-88,-13740,75,333,106
177466612,1360,-176,-13676,91,360,111
177479912,1328,-128,-13744,84,346,91
177484912,1336,-164,-13716,106,353,115
177489712,1268,-72,-13684,64,345,106
177494512,1352,-80,-13652,100,352,96
177500412,1380,-212,-13704,100,340,110
177505212,1264,-60,-13608,84,339,107
177510112,1280,-80,-13784,65,357,113
177514912,1332,-64,-13688,98,353,97
177519712,1308,-192,-13644,85,347,116
177524512,1452,-32,-13572,80,370,87
177530412,1420,-48,-13736,91,350,110
177535212,1376,32,-13680,59,340,113
177540012,1380,32,-13576,62,345,110
177544812,1300,44,-13700,104,354,91
177620612,1300,-24,-13672,73,361,98
177625512,1324,-92,-13620,52,310,82
177724720,1400,-92,-13660,76,346,124
177729968,1412,-60,-13628,95,342,120
177734811,1324,88,-13548,112,336,118
177739611,1396,-32,-13700,59,344,125
177744411,1352,-108,-13852,69,357,105
177750311,1388,-64,-13788,90,330,99
177755111,1480,60,-13524,85,330,88
177760011,1412,-36,-13648,101,357,88
177764811,1256,-72,-13616,100,337,93
177769611,1332,-32,-13660,79,360,104
177774411,1320,-140,-13692,69,335,95
177780311,1384,-100,-13556,86,347,73
177785111,1284,-120,-13744,73,328,80
177789911,1436,-192,-13788,79,341,81
177794711,1292,-236,-13704,101,357,103
177799611,1484,-64,-13908,92,345,118
177921112,1352,-48,-13668,84,345,98
177925012,1452,-24,-13800,109,343,74
178013812,1344,-284,-13784,96,347,108
178015412,1344,-284,-13784,96,347,108
178020212,1320,-152,-13724,76,358,98
178025012,1372,-60,-13628,77,336,95
178029812,1304,-80,-13544,81,343,96
178034612,1292,0,-13756,56,339,98
178039412,1364,-144,-13684,85,330,105
178045412,1396,-12,-13692,96,358,128
178050212,1348,24,-13736,86,333,106
178055012,1336,88,-13688,94,335,117
178059812,1392,-48,-13708,83,324,112
178064612,1356,-16,-13804,97,327,93
178069412,1372,-48,-13912,62,343,112
178075312,1392,44,-13728,87,346,89
178080112,1412,-60,-13764,81,353,103
178085012,1388,-176,-13628,105,339,96
178180612,1388,-176,-13628,105,339,96
178184412,1420,-92,-13744,79,343,92
178190412,1272,-40,-13736,87,350,86
178195212,1344,28,-13652,114,330,89
178269012,1412,-60,-13708,70,346,113
178270612,1412,-60,-13708,70,346,113
178275412,1304,28,-13684,113,346,87
178280212,1316,-40,-13804,92,348,107
178285012,1368,-28,-13628,59,356,93
178289912,1324,-80,-13808,72,356,82
178294712,1364,-16,-13708,85,330,94
178299512,1364,-64,-13684,92,355,80
178305412,1304,-80,-13708,88,336,91
178310212,1424,-48,-13644,73,326,93
178315012,1336,-160,-13768,87,360,99
178319812,1384,24,-13584,78,345,89
178324612,1436,-144,-13840,79,328,75
178329512,1328,-124,-13716,94,334,109
178425212,1328,-124,-13716,94,334,109
178438712,1316,-104,-13768,88,338,110
178440212,1316,-104,-13768,88,338,110
178445112,1296,-56,-13820,65,331,98
178449912,1448,-68,-13704,93,355,113
178454712,1332,-60,-13780,70,359,105
178528912,1368,-32,-13684,73,327,120
178530512,1368,-32,-13684,73,327,120
178535312,1300,-120,-13728,79,340,108
178540112,1316,-176,-13700,85,349,103
178544912,1440,-108,-13692,84,326,111
178549712,1444,-116,-13936,82,351,97
178554512,1320,-140,-13704,111,345,92
178560412,1420,-4,-13620,67,337,97
178565312,1296,-36,-13800,83,353,97
178570112,1352,-56,-13732,96,365,106
178574912,1380,-40,-13824,103,344,111
178579712,1344,-36,-13636,85,353,102
178584512,1408,-76,-13640,97,321,110
178682312,1264,-108,-13636,83,359,100
178685112,1488,-100,-13752,63,337,117
178689912,1312,-104,-13604,86,330,91
178694712,1408,-132,-13516,98,314,100
178699612,1328,-152,-13604,70,371,87
178704412,1364,-88,-13528,90,349,90
178710312,1492,48,-13776,83,343,100
178785012,1316,-56,-13640,47,351,113
178790012,1352,-116,-13804,96,355,108
178794812,1388,-164,-13728,67,319,112
178799612,1336,-76,-13616,75,356,96
178804412,1248,8,-13860,73,333,97
178810312,1420,-60,-13648,81,351,82
178815212,1352,-76,-13516,76,331,90
178820012,1316,-124,-13676,83,340,97
178824812,1260,-76,-13708,92,361,121
178829612,1420,8,-13916,85,328,90
178950912,1372,-76,-13800,87,333,107
178965412,1464,-136,-13588,66,354,82
178970212,1468,-80,-13684,81,348,85
178975112,1364,-136,-13708,93,357,92
178979912,1324,-96,-13620,76,334,115
178984712,1304,-108,-13532,89,342,110
178989512,1368,-28,-13820,68,337,88
178995412,1368,-92,-13536,87,363,85
179000212,1292,-40,-13536,72,323,94
179005012,1368,-12,-13800,80,348,105
179078712,1324,-56,-13776,65,335,124
179080312,1336,-56,-13784,82,320,100
179085112,1296,-40,-13740,80,344,111
179089912,1392,-96,-13688,83,352,114
179094712,1296,-152,-13720,75,336,89
179099612,1388,20,-13648,89,324,101
179104412,1384,-152,-13724,85,352,92
179110312,1464,32,-13660,69,334,96
179208312,1412,-96,-13648,78,350,112
179209912,1420,-88,-13684,85,340,101
179214712,1396,-140,-13604,67,345,95
179219612,1356,-128,-13732,98,340,76
179224412,1324,-24,-13784,83,347,110
179230312,1360,-140,-13756,77,335,102
179235112,1364,-156,-13676,66,346,107
179239912,1316,28,-13756,87,341,124
179244712,1440,-40,-13696,95,340,68
179249512,1280,-112,-13664,74,354,100
179255412,1392,-100,-13700,60,351,83
179260312,1448,-80,-13808,82,335,84
179334512,1456,-136,-13632,79,328,100
179339512,1304,-136,-13676,77,346,88
179345412,1360,-96,-13804,92,347,99
179350312,1336,-72,-13876,93,337,114
179355112,1284,-120,-13772,86,356,115
179453210,1312,-16,-13704,94,346,104
179466621,1392,-64,-13864,100,316,118
179470412,1340,-108,-13672,87,373,96
179475312,1348,-68,-13636,86,352,101
179480112,1328,-60,-13516,80,317,100
179484912,1416,-104,-13796,99,344,76
179489712,1264,-160,-13516,91,338,82
179494512,1336,52,-13812,91,327,94
179500412,1316,0,-13780,76,339,92
179505212,1352,-32,-13680,80,350,98
179510012,1372,-108,-13768,92,349,101
179514912,1508,-76,-13740,94,340,89
179519712,1324,-8,-13744,70,369,93
179524512,1404,-44,-13680,85,346,77
179530412,1428,-76,-13716,97,353,90
179604212,1252,-76,-13676,84,331,85
179605812,1252,-76,-13676,84,331,85
179609512,1316,-156,-13752,82,319,110
179709910,1424,-132,-13648,78,350,101
179714710,1372,-60,-13688,91,343,109
179719512,1316,-80,-13700,91,312,94
179725412,1340,-140,-13748,87,341,103
179730212,1364,28,-13848,68,339,79
179735012,1336,4,-13740,67,345,112
179739812,1348,-124,-13788,90,316,117
179744612,1324,-112,-13700,97,338,116
179749512,1424,-4,-13844,68,324,93
179755412,1512,-112,-13800,94,346,127
179760212,1268,-124,-13632,103,335,85
179765012,1332,-92,-13740,82,353,97
179769812,1396,-112,-13648,101,346,87
179774612,1364,-12,-13776,74,355,89
179779412,1364,-64,-13696,109,323,115
179785312,1436,-48,-13716,87,328,106
179881112,1436,-48,-13716,87,328,106
179982910,1236,-112,-13688,59,335,84
179998610,1396,-164,-13696,59,320,86
180000110,1324,-200,-13836,95,348,100
180005012,1408,-80,-13724,81,352,95
180009812,1344,-116,-13860,89,347,89
180014712,1312,-92,-13680,92,331,103
180019512,1344,-140,-13768,107,340,99
180025412,1248,-32,-13632,89,342,91
180030212,1516,-124,-13600,95,338,90
180035012,1432,-112,-13812,87,341,107
180039812,1304,-32,-13744,70,342,87
180044712,1368,-96,-13768,108,334,100
180049512,1420,-148,-13636,109,356,104
180055412,1344,-116,-13776,73,333,102
180060212,1364,-48,-13716,92,352,99
180065012,1380,-4,-13824,95,322,99
180069812,1380,-144,-13828,93,358,107
180167710,1352,-40,-13560,39,348,79
180170419,1352,-60,-13524,101,339,82
180175210,1424,-116,-13612,75,319,96
180249812,1396,-152,-13692,81,332,104
180254812,1476,-96,-13852,71,345,89
180259612,1316,-84,-13772,93,345,104
180264412,1332,-44,-13536,66,315,98
180270412,1436,-88,-13696,67,356,102
180275212,1360,-92,-13604,84,335,89
180280012,1448,-28,-13808,79,334,108
180284812,1324,-104,-13752,88,355,78
180289612,1360,-8,-13760,99,360,99
180294412,1360,-8,-13760,99,360,99
180300312,1488,-56,-13560,85,336,94
180305112,1412,-56,-13632,90,348,99
180310012,1412,-32,-13572,59,335,95
180314812,1348,-12,-13732,65,344,104
180412612,1368,-104,-13788,103,344,103
180415512,1476,-48,-13748,68,361,116
180420312,1312,-36,-13748,112,331,104
180425112,1368,-104,-13744,76,320,100
180442112,1300,32,-13836,101,359,109
180444712,1312,-68,-13688,93,323,96
180518812,1424,-176,-13640,85,348,96
180520412,1292,-56,-13744,48,344,98
180525312,1480,-48,-13748,71,356,107
180530112,1472,0,-13680,103,331,97
180534912,1324,-56,-13748,87,351,116
180539712,1312,-100,-13680,79,346,115
180544512,1312,-100,-13680,79,346,115
180550412,1392,-56,-13732,72,342,78
180555212,1320,-168,-13776,113,325,106
180560112,1364,-92,-13692,75,336,113
180564912,1340,-132,-13708,79,340,101
180569712,1352,-100,-13724,85,372,98
180574512,1352,-100,-13724,85,372,98
180673710,1420,-88,-13616,75,338,106
180675310,1416,-52,-13888,71,336,104
180680312,1296,-112,-13724,103,351,68
180685112,1428,-116,-13704,86,346,115
180689912,1264,-48,-13856,98,323,108
180694712,1328,-168,-13796,99,327,113
180699512,1328,-168,-13796,99,327,113
180774612,1400,-108,-13672,104,341,98
180779512,1400,-108,-13672,104,341,98
180785412,1432,-32,-13712,78,356,85
180790312,1392,-56,-13772,81,365,90
180795112,1500,0,-13708,80,357,90
180799912,1332,4,-13732,89,340,111
180804712,1308,-56,-13688,95,353,126
180809512,1308,-56,-13688,95,353,126
180815412,1400,-24,-13764,70,332,99
180820212,1336,-20,-13540,76,346,93
180919210,1372,-136,-13764,69,346,103
180920710,1312,-40,-13672,85,329,122
180924512,1312,-40,-13672,85,329,122
180952310,1408,-24,-13764,64,348,86
180954910,1352,-96,-13752,93,352,95
180977912,1248,-72,-13756,86,341,111
180979512,1248,-72,-13756,86,341,111
180984412,1316,-4,-13752,79,356,103
180990312,1412,-132,-13784,72,340,115
180995212,1388,-104,-13776,95,349,95
181069112,1404,-44,-13768,75,339,105
181070712,1272,-120,-13764,86,339,94
181074412,1272,-120,-13764,86,339,94
181080312,1320,-76,-13700,81,358,76
181085112,1492,-116,-13740,84,339,96
181090012,1416,-124,-13672,82,335,100
181094812,1388,-148,-13660,79,352,91
181099612,1388,-148,-13660,79,352,91
181104412,1400,0,-13756,88,338,98
181110312,1348,-100,-13680,84,371,103
181115112,1368,-72,-13612,74,346,76
181210812,1380,-92,-13732,78,344,94
181214612,1380,-92,-13732,78,344,94
181219412,1376,-100,-13740,88,332,101
181225412,1364,-232,-13560,95,329,75
181230212,1360,-60,-13696,87,352,69
181235012,1432,-136,-13564,78,343,95
181239812,1432,-136,-13564,78,343,95
181244612,1328,-116,-13868,73,370,97
181249412,1364,-88,-13820,110,345,101
181323512,1404,-56,-13688,74,329,105
181325112,1468,-132,-13592,63,355,101
181329912,1484,-124,-13792,82,353,89
181334712,1484,-124,-13792,82,353,89
181339512,1440,-96,-13736,71,355,87
181344412,1288,-36,-13688,97,341,99
181350312,1404,-88,-13696,95,340,103
181355112,1324,-88,-13808,67,332,106
181359912,1336,-20,-13656,69,352,100
181455710,1328,-52,-13764,78,343,88
181472812,1284,-92,-13876,97,363,103
181474412,1284,-92,-13876,97,363,103
181480312,1340,-168,-13616,89,334,109
181485112,1412,-156,-13764,72,331,106
181489912,1412,-156,-13764,72,331,106
181494712,1296,-132,-13848,75,346,102
181499512,1432,-112,-13892,69,359,102
181505412,1296,-156,-13768,74,338,102
181510212,1392,-136,-13708,82,348,85
181515112,1360,-52,-13780,50,332,101
181590110,1348,-104,-13760,72,353,87
181594910,1348,-104,-13760,72,353,87
181599712,1452,-68,-13604,87,335,111
181604512,1372,-160,-13676,85,327,119
181610412,1380,0,-13704,115,328,93
181615212,1300,-200,-13680,69,348,100
181620012,1300,-200,-13680,69,348,100
181717112,1352,36,-13756,92,335,103
181719912,1352,36,-13756,92,335,103
181724712,1344,-64,-13804,65,334,103
181729612,1444,-120,-13724,99,334,98
181734412,1388,-20,-13784,89,363,95
181740312,1420,8,-13764,117,345,87
181745112,1356,36,-13680,94,348,77
181749912,1356,36,-13680,94,348,77
181754712,1388,-40,-13784,61,348,91
181759612,1392,-88,-13720,99,349,97
181764412,1252,-136,-13844,95,357,96
181770312,1364,-44,-13744,72,342,83
181775112,1364,-44,-13744,72,342,83
181848712,1412,-176,-13760,57,325,95
181850312,1308,-40,-13584,54,326,92
181855112,1308,-40,-13584,54,326,92
181859912,1392,-168,-13564,91,352,102
181864712,1388,-100,-13824,63,335,93
181985910,1320,-88,-13600,86,327,99
182000412,1340,-92,-13572,70,336,98
182005412,1348,-144,-13692,99,322,85
182010212,1348,-144,-13692,99,322,85
182015012,1420,-56,-13664,82,341,111
182019812,1416,-80,-13648,95,356,90
182024612,1388,-100,-13508,68,353,100
182029512,1364,-112,-13732,88,322,104
182035412,1260,-96,-13712,77,378,93
182040212,1260,-96,-13712,77,378,93
182045012,1344,-108,-13796,97,344,105
182049812,1316,-164,-13768,81,349,95
182054612,1324,-192,-13660,96,361,115
182059412,1468,-104,-13552,115,346,98
182065312,1384,-124,-13692,84,343,107
182139812,1504,-28,-13760,118,351,121
182144768,1396,-36,-13748,69,347,108
182242512,1444,-148,-13604,96,344,92
182245221,1444,-148,-13604,96,344,92
182250012,1336,-68,-13776,45,345,96
182254812,1448,-136,-13816,114,327,99
182259712,1316,-136,-13740,102,328,90
182264512,1420,-96,-13768,95,354,91
182270412,1332,-72,-13604,91,345,116
182275212,1332,-72,-13604,91,345,116
182280012,1340,-84,-13828,73,353,98
182284812,1324,-112,-13716,78,350,89
182289612,1356,-172,-13724,57,359,92
182294412,1384,-76,-13700,87,348,96
182300412,1356,-108,-13720,85,318,101
182305212,1356,-108,-13720,85,318,101
182310012,1416,-80,-13384,97,336,101
182314812,1364,20,-13672,93,351,113
182414010,1364,8,-13656,127,330,75
182415610,1284,-160,-13764,84,349,109
182491210,1352,-28,-13620,83,348,78
182504512,1392,-136,-13656,93,329,95
182509412,1408,-76,-13572,79,351,94
182515412,1396,-64,-13656,66,322,98
182520212,1400,-40,-13740,69,342,98
182525012,1432,-84,-13656,84,355,92
182529812,1376,-104,-13668,78,344,97
182534612,1372,-68,-13772,80,334,81
182539412,1276,-80,-13680,91,352,114
182545312,1368,-128,-13760,75,346,96
182550112,1400,-116,-13652,85,348,106
182555012,1412,-188,-13660,106,324,78
182559812,1364,-56,-13752,68,360,89
182564612,1384,-132,-13648,84,338,86
182569412,1308,-84,-13692,90,350,97
182575312,1368,-104,-13756,67,366,99
182672612,1452,-92,-13728,83,351,81
182675321,1452,-92,-13728,83,351,81
182680212,1336,-48,-13856,68,324,105
182685012,1432,-136,-13640,85,345,80
182758812,1276,-40,-13752,95,342,90
182760412,1276,-40,-13752,95,342,90
182765212,1352,-128,-13532,84,349,103
182770012,1384,-52,-13816,99,359,96
182774812,1240,-84,-13612,71,367,105
182779712,1512,-88,-13808,84,328,111
182784512,1316,0,-13648,81,376,100
182790412,1296,96,-13860,103,341,80
182795212,1400,36,-13748,127,346,100
182800012,1428,-52,-13748,92,373,84
182804812,1308,-8,-13660,91,327,97
182809612,1448,0,-13608,82,323,63
182814412,1524,-28,-13648,92,342,96
182820412,1416,-24,-13824,95,340,111
182917410,1356,20,-13628,103,314,81
182920010,1356,20,-13628,103,314,81
182924812,1388,-124,-13872,85,355,83
182941812,1376,-28,-13824,105,358,113
182944412,1376,-28,-13824,105,358,113
182950412,1344,60,-13696,75,344,82
183047912,1352,-104,-13628,67,352,106
183049513,1352,-104,-13628,67,352,106
183054412,1368,-112,-13696,110,355,88
183060312,1408,-180,-13656,101,359,96
183065112,1452,-208,-13740,81,343,100
183069912,1368,-88,-13688,91,315,93
183074812,1356,-68,-13684,51,349,117
183079612,1448,-92,-13668,74,334,122
183084412,1440,-44,-13756,100,366,134
183090312,1468,-96,-13668,95,330,120
183095112,1280,-44,-13572,89,356,122
183099912,1404,-32,-13716,74,360,105
183104712,1332,-12,-13724,88,341,114
183201810,1284,-132,-13672,106,329,108
183204412,1284,-132,-13672,106,329,108
183210312,1384,-108,-13512,81,343,98
183215112,1392,-120,-13840,75,323,109
183219912,1404,-140,-13892,97,296,112
183224712,1328,-64,-13664,101,310,100
183229512,1400,-136,-13684,51,393,104
183305210,1456,-52,-13680,86,309,102
183310312,1436,-152,-13692,81,351,108
183315112,1336,-180,-13568,83,341,96
183320012,1260,-160,-13720,74,338,96
183324812,1340,-92,-13676,74,342,91
183329612,1400,-212,-13752,84,333,98
183334412,1292,-136,-13716,87,331,97
183340312,1392,-140,-13712,116,302,106
183345112,1352,-220,-13700,105,310,115
183350012,1288,-68,-13556,59,343,86
183448110,1464,-64,-13728,89,349,111
183462712,1428,-100,-13704,82,323,78
183465312,1428,-100,-13704,82,323,78
183470112,1460,-108,-13804,100,325,84
183474912,1340,-92,-13764,93,320,94
183479712,1444,-80,-13696,87,356,98
183484612,1404,-140,-13616,96,344,108
183489412,1244,-4,-13812,77,323,100
183495312,1360,-108,-13664,79,351,99
183500112,1468,-176,-13720,83,363,95
183574913,1428,-20,-13728,82,335,116
183579912,1316,-4,-13772,72,339,119
183584712,1380,-44,-13652,105,339,91
183589512,1400,0,-13568,62,337,105
183595412,1320,-76,-13676,103,348,114
183600312,1292,-32,-13704,95,343,113
183605112,1416,-128,-13664,96,328,79
183609912,1328,-100,-13696,87,364,98
183706870,1440,-8,-13784,96,343,75
183709510,1440,-8,-13784,96,343,75
183715410,1316,-116,-13720,97,343,85
183720212,1336,-116,-13588,83,340,95
183725012,1432,0,-13744,93,340,107
183729812,1408,-112,-13688,90,343,98
183734712,1360,-60,-13528,66,328,104
183739512,1300,-120,-13552,83,331,89
183745412,1364,-32,-13808,76,321,95
183750212,1288,-48,-13684,83,347,94
183755012,1288,-52,-13752,96,336,113
183759812,1384,4,-13748,92,352,112
183833310,1444,-80,-13596,63,343,96
183834912,1444,-80,-13596,63,343,96
183839712,1332,-184,-13684,65,340,112
183844512,1384,-76,-13616,90,347,87
183850412,1328,-28,-13752,100,340,99
183855212,1328,-64,-13772,87,334,69
183951110,1412,-96,-13784,76,347,88
183964712,1396,-112,-13712,88,352,103
183969612,1460,-128,-13812,73,364,106
183974412,1404,-44,-13832,87,346,101
183980412,1448,-176,-13564,84,334,99
183985212,1412,-152,-13668,96,358,98
183990012,1340,-160,-13708,92,329,83
183994812,1420,-192,-13788,81,337,110
183999612,1348,-164,-13744,90,336,87
184004412,1356,-196,-13684,65,342,96
184010312,1536,-44,-13680,85,348,101
184015112,1296,-132,-13760,98,343,98
184020012,1288,-108,-13820,88,338,110
184043012,1352,-72,-13680,95,355,93
184121710,1328,-20,-13628,92,352,90
184124513,1328,-20,-13628,92,352,90
184130412,1372,-84,-13676,86,357,106
184135312,1408,-92,-13668,72,338,95
184232269,1336,52,-13676,93,332,104
184234910,1336,52,-13676,93,332,104
184239710,1416,-52,-13856,71,332,109
184244512,1228,96,-13704,77,311,116
184250412,1344,-4,-13716,73,334,105
184255212,1336,-44,-13656,94,348,89
184260112,1400,-12,-13696,65,326,117
184264912,1484,24,-13724,92,360,124
184269712,1332,-80,-13560,100,353,89
184274512,1408,-16,-13620,79,357,106
184280412,1508,4,-13704,88,340,96
184285212,1376,20,-13776,63,329,83
184290012,1384,-40,-13656,92,363,89
184294812,1352,-124,-13708,96,345,67
184299712,1404,-112,-13748,84,361,94
184304512,1372,-124,-13580,78,327,88
184377712,1404,-144,-13624,62,354,108
184380512,1324,-148,-13784,74,344,88
184476410,1400,-128,-13652,84,355,109
184488612,1372,-120,-13740,98,341,85
184490112,1372,-120,-13740,98,341,85
184495012,1364,-80,-13716,81,342,104
184499812,1332,-136,-13708,90,353,106
184504712,1452,-124,-13752,70,362,105
184509512,1296,-112,-13864,67,353,121
184515412,1280,-84,-13760,56,329,101
184520212,1408,-84,-13676,90,364,101
184525012,1380,-144,-13668,94,325,124
184529812,1400,-116,-13556,85,338,114
184534612,1400,-276,-13828,80,330,85
184539412,1440,-144,-13716,88,319,87
184545412,1428,-76,-13620,75,350,99
184550212,1356,-84,-13672,97,348,87
184555012,1408,28,-13740,87,347,91
184559812,1336,-156,-13808,75,346,89
184659010,1216,-148,-13760,104,336,101
184737610,1312,-52,-13688,77,358,107
184740312,1312,-52,-13688,77,358,107
184745112,1352,-88,-13648,88,317,98
184749912,1332,-36,-13644,75,336,82
184754712,1344,-8,-13780,87,309,81
184759512,1412,8,-13564,90,367,87
184765412,1416,52,-13556,102,338,109
184770312,1416,-52,-13808,78,351,91
184775112,1360,-4,-13576,74,362,82
184779912,1568,-64,-13824,108,352,85
184784712,1488,0,-13692,87,334,94
184789512,1432,-84,-13620,95,342,114
184795412,1420,-20,-13620,86,369,79
184800212,1440,-60,-13696,98,339,100
184805012,1340,-120,-13724,86,342,105
184809912,1220,-160,-13772,112,333,82
184908110,1364,8,-13596,71,323,131
184909719,1364,8,-13596,71,323,131
184914712,1452,-52,-13744,87,357,93
184919512,1364,4,-13512,90,344,88
184992312,1352,-112,-13852,94,342,95
185005910,1332,-148,-13676,76,334,75
185009610,1416,-132,-13664,72,322,109
185014410,1316,-196,-13744,61,334,122
185020412,1316,-164,-13572,85,335,106
185043413,1372,-132,-13684,83,346,89
185044912,1372,-132,-13684,83,346,89
185049912,1384,-124,-13676,99,357,107
185054712,1340,-108,-13720,85,338,92
185059512,1396,-92,-13812,74,328,102
185064412,1456,-60,-13780,88,338,80
185070312,1344,-8,-13716,93,341,83
185075112,1312,-84,-13528,98,353,98
185079912,1436,-24,-13720,102,327,94
185084712,1412,-44,-13592,88,347,81
185183710,1412,-152,-13868,87,334,93
185185212,1412,-152,-13868,87,334,93
185190112,1348,56,-13652,79,344,94
185194912,1320,-100,-13640,90,347,113
185199812,1440,-152,-13720,59,354,86
185274212,1372,-96,-13688,76,353,96
185275812,1372,-96,-13688,76,353,96
185279512,1324,-192,-13660,77,331,95
185285412,1380,-104,-13748,90,323,110
185290212,1336,-52,-13792,96,339,96
185295012,1340,-116,-13648,66,340,102
185299812,1400,-136,-13548,72,369,101
185304612,1464,-148,-13756,85,309,98
185309412,1368,-16,-13904,93,335,72
185315412,1404,-144,-13768,62,352,100
185320212,1332,-60,-13460,109,345,80
185325012,1416,-104,-13632,100,337,96
185329812,1444,-132,-13860,80,357,96
185428010,1432,-128,-13624,77,342,99
185442312,1316,-68,-13596,93,345,106
185444912,1316,-68,-13596,93,345,106
185449812,1416,20,-13624,97,310,118
185454612,1356,-76,-13732,77,330,91
185459412,1396,40,-13608,80,359,90
185465312,1308,-112,-13468,85,358,94
185539512,1388,-76,-13696,94,326,115
185544512,1412,-116,-13712,71,347,98
185550412,1344,-64,-13852,98,332,102
185555212,1420,-20,-13656,78,327,104
185560012,1412,-144,-13876,67,329,101
185564812,1392,-40,-13764,96,316,107
185569612,1444,-36,-13636,79,346,100
185574412,1356,0,-13888,67,336,109
185580312,1336,-92,-13724,94,297,102
185585212,1456,-36,-13772,98,340,109
185590012,1376,-96,-13712,59,345,102
185684914,1376,-96,-13712,59,345,102
185689812,1384,-96,-13864,99,327,88
185694612,1380,-56,-13644,95,339,101
185699512,1364,-160,-13728,66,338,100
185705412,1468,-132,-13828,115,317,117
185710212,1480,-40,-13744,43,353,102
185715012,1380,-104,-13668,81,344,110
185719812,1332,-188,-13676,82,337,105
185724612,1412,-72,-13672,72,354,87
185799412,1340,-140,-13676,87,353,87
185804412,1488,-116,-13616,87,334,72
185810312,1328,-88,-13672,103,355,78
185815112,1368,-200,-13584,31,342,89
185819912,1372,-20,-13672,90,311,96
185824712,1476,-104,-13728,111,336,112
185829512,1316,-64,-13864,70,353,89
185929912,1364,28,-13752,80,349,91
185943410,1384,-24,-13768,68,343,84
185944910,1384,-24,-13768,68,343,84
185949712,1384,-128,-13784,100,334,101
185954512,1312,-44,-13756,82,352,106
185960412,1316,8,-13696,79,376,96
185965312,1348,-124,-13704,90,332,92
185970112,1336,-108,-13700,70,333,111
185974912,1412,-48,-13736,97,339,109
185979712,1276,-80,-13744,88,330,96
185984512,1384,-44,-13788,80,345,96
185990412,1472,-80,-13752,61,363,99
185995212,1348,-164,-13600,80,354,85
186093112,1420,-248,-13888,111,330,96
186094712,1420,-248,-13888,111,330,96
186099612,1432,-4,-13700,86,343,74
186104412,1488,-60,-13668,88,349,103
186110412,1416,-124,-13708,58,332,115
186115212,1412,-48,-13700,115,324,89
186210812,1412,-48,-13700,115,324,89
186214612,1256,-132,-13652,78,342,103
186219412,1412,36,-13632,70,352,100
186225312,1412,-100,-13820,84,326,94
186230112,1372,-40,-13760,103,356,102
186234912,1464,-28,-13628,65,373,104
186239712,1296,-60,-13776,86,346,72
186244512,1420,-44,-13620,96,351,76
186249412,1476,-80,-13880,88,310,98
186255312,1340,-28,-13836,66,361,96
186260112,1368,-152,-13556,67,342,114
186264912,1304,-96,-13760,63,342,103
186269712,1352,-124,-13708,82,316,112
186274512,1344,-180,-13640,76,337,103
186349112,1372,-28,-14000,100,318,89
186350712,1372,-28,-14000,100,318,89
186354412,1236,-100,-13660,91,350,71
186360312,1384,-104,-13788,95,318,85
186456115,1384,-104,-13788,95,318,85
186468410,1304,-140,-13764,76,353,94
186469910,1304,-140,-13764,76,353,94
186474812,1408,-212,-13780,100,335,96
186479612,1396,-160,-13584,95,333,111
186484412,1360,-56,-13716,87,357,110
186490312,1432,-116,-13876,76,361,93
186495112,1320,-36,-13696,106,373,121
186499912,1376,-16,-13592,70,352,101
186504812,1424,-16,-13740,69,344,109
186509612,1336,40,-13836,82,346,94
186514412,1336,-104,-13784,86,336,105
186520312,1260,8,-13416,79,337,102
186525112,1340,-108,-13720,87,348,117
186529912,1428,28,-13640,70,345,90
186534712,1412,56,-13588,88,331,112
186609210,1440,-124,-13628,77,367,100
186610810,1440,-124,-13628,77,367,100
186614712,1256,-124,-13612,81,367,82
186712712,1380,-32,-13560,102,348,119
186715512,1380,-32,-13560,102,348,119
186720312,1312,-48,-13612,79,346,99
186725112,1264,-48,-13688,65,363,108
186729912,1316,32,-13868,89,321,86
186734712,1208,8,-13792,50,330,99
186739512,1336,20,-13780,89,347,102
186745412,1300,-76,-13624,50,346,98
186750312,1336,-28,-13708,69,325,103
186755112,1420,-128,-13552,100,342,89
186759912,1364,-28,-13668,92,347,75
186764712,1408,-60,-13812,61,353,68
186769512,1360,-88,-13640,84,346,65
186775412,1320,-124,-13688,93,337,76
186780212,1220,-260,-13872,80,360,68
186785012,1352,-112,-13624,96,355,83
186884112,1364,32,-13860,135,336,69
186960810,1364,-248,-13736,91,325,137
186981410,1316,-4,-13712,93,338,120
186985210,1272,-52,-13548,73,372,123
186990112,1360,0,-13908,107,345,56
186994912,1388,8,-13580,70,349,92
186999712,1332,112,-13808,61,326,68
187004512,1396,20,-13740,94,326,93
187010412,1460,28,-13536,84,340,93
187015212,1372,-84,-13708,82,332,86
187020112,1456,-44,-13800,110,313,90
187024912,1528,-44,-13716,77,351,100
187029712,1504,32,-13560,92,350,102
187034512,1432,24,-13640,108,346,84
187040412,1412,-48,-13616,58,343,104
187045212,1528,-64,-13696,94,331,128
187050012,1360,-28,-13724,71,353,129
187054812,1356,-168,-13644,67,333,80
187174810,1468,76,-13760,77,339,115
187179812,1356,-48,-13648,48,352,113
187184612,1348,-40,-13832,78,324,107
187258012,1280,-156,-13728,80,350,77
187259613,1280,-156,-13728,80,350,77
187264412,1372,-168,-13728,86,349,99
187270312,1432,-160,-13664,85,335,88
187275112,1344,-156,-13652,78,343,90
187280012,1344,-240,-13860,87,330,116
187284812,1252,-208,-13660,116,355,103
187289612,1360,-88,-13604,80,362,95
187294412,1376,-180,-13876,67,347,127
187300312,1436,-48,-13840,101,345,116
187305112,1320,-128,-13688,70,354,89
187309912,1392,-64,-13716,99,331,98
187314712,1412,-68,-13676,124,339,106
187319612,1432,-60,-13692,68,360,91
187418910,1260,-136,-13724,57,344,81
187420410,1260,-136,-13724,57,344,81
187425312,1452,-48,-13664,95,355,81
187435310,1420,-268,-13752,81,351,85
187440110,1316,-220,-13648,91,349,90
187444910,1264,-188,-13680,100,337,124
187520012,1408,8,-13740,87,377,88
187524912,1360,-12,-13728,97,346,107
187529712,1424,-40,-13532,85,368,88
187534612,1436,-140,-13900,76,333,96
187539412,1376,-84,-13816,98,347,96
187545312,1420,-128,-13708,105,352,89
187550112,1400,-40,-13580,69,336,64
187554912,1436,-20,-13784,79,354,92
187559712,1376,-112,-13768,75,315,91
187564512,1384,4,-13632,94,338,89
187570412,1412,-136,-13732,90,334,99
187575312,1372,-116,-13740,99,339,96
187673012,1308,-4,-13764,102,314,84
187674612,1308,-4,-13764,102,314,84
187679612,1360,-152,-13852,67,344,116
187684412,1412,-72,-13848,71,366,117
187690312,1408,-36,-13564,99,346,105
187695112,1304,-128,-13684,52,333,81
187699912,1344,-68,-13728,79,351,113
187704712,1420,-124,-13820,100,343,118
187778710,1364,-132,-13684,90,344,85
187780210,1364,-132,-13684,90,344,85
187785010,1392,-184,-13700,97,325,105
187789812,1408,-16,-13700,76,329,83
187794612,1420,-168,-13672,58,343,94
187799412,1332,-164,-13904,85,343,81
187805412,1352,-188,-13704,64,326,84
187810212,1344,-120,-13808,79,330,98
187815012,1296,-128,-13840,70,323,88
187819812,1460,-76,-13608,92,320,101
187917469,1368,12,-13548,67,335,80
187920110,1380,-208,-13772,86,346,80
187924910,1272,-148,-13700,59,341,85
187934812,1368,-96,-13748,89,347,108
187939712,1440,-212,-13752,78,342,103
187944512,1308,-76,-13860,58,326,76
187950412,1436,-212,-13576,93,337,105
187955312,1428,-76,-13788,94,315,99
187960112,1364,-124,-13524,77,339,101
187964912,1428,-84,-13804,87,307,120
188039212,1376,-100,-13816,92,324,93
188040712,1376,-100,-13816,92,324,93
188044512,1368,-104,-13800,120,317,103
188050412,1348,-132,-13588,58,373,71
188055312,1364,-96,-13724,81,332,89
188060112,1356,-44,-13820,97,346,70
188064912,1468,-16,-13656,81,322,102
188069712,1324,-196,-13628,75,360,101
188074512,1384,-104,-13728,87,351,70
188196212,1468,-16,-13624,75,328,120
188200112,1288,-84,-13612,69,344,105
188205012,1344,0,-13660,69,337,119
188209812,1320,52,-13716,80,334,109
188214612,1308,156,-13688,86,330,104
188219412,1296,84,-13576,108,343,101
188225312,1388,-100,-13632,83,334,71
188230112,1528,-28,-13688,84,338,112
188235012,1396,88,-13752,67,356,79
188239812,1324,92,-13700,96,341,81
188244612,1484,16,-13880,115,331,81
188318612,1628,-32,-13872,83,237,103
188320112,1628,-32,-13872,83,237,103
188325012,1364,-64,-13656,127,345,93
188329812,1404,-92,-13588,64,355,87
188334612,1420,-68,-13668,107,372,112
188339412,1444,12,-13576,72,340,87
188345312,1280,24,-13672,64,348,110
188441412,1280,24,-13672,64,348,110
188458512,1228,32,-13816,80,338,73
188460012,1228,32,-13816,80,338,73
188465012,1360,-52,-13668,109,337,97
188469812,1232,-108,-13876,50,343,70
188474612,1356,-64,-13852,91,318,66
188479412,1312,-108,-13612,53,329,83
188485312,1404,-40,-13680,109,331,91
188490112,1388,-72,-13688,83,344,94
188495012,1452,-80,-13620,90,336,99
188499812,1444,-120,-13600,100,349,106
188504612,1364,-156,-13784,92,355,103
188509412,1420,-116,-13724,69,345,99
188583212,1388,-192,-13580,86,357,79
188584712,1428,-204,-13724,92,370,56
188589612,1456,-244,-13496,97,346,67
188594412,1360,-224,-13604,89,349,83
188600312,1368,-320,-13744,94,358,43
188605212,1372,-144,-13888,88,360,70
188701210,1344,-196,-13628,116,341,66
188705210,1236,-48,-13800,85,354,77
188710010,1196,-44,-13844,88,352,84
188714810,1196,-8,-13744,101,313,82
188719612,1132,-144,-13640,88,351,59
188724412,1160,-40,-13868,60,339,69
188730312,1364,-228,-13676,80,338,78
188735212,1404,-96,-13792,111,279,84
188740012,1344,-204,-13560,58,363,76
188744812,1528,-304,-13632,80,301,86
188749612,1636,-148,-13808,75,249,103
188754412,1524,-140,-13648,72,335,131
188760312,1576,-172,-13760,79,381,123
188765112,1516,-120,-13544,95,370,145
188839810,1344,-328,-14144,204,294,48
188844810,1632,-144,-12592,35,494,46
188849612,1520,-432,-13552,-30,286,64
188947210,1584,4,-13628,79,359,84
188961969,1380,-96,-13544,80,362,86
188964610,1436,-40,-13708,101,350,86
188969410,1284,-32,-13732,86,365,97
188975312,1316,-60,-13772,77,360,95
188980112,1144,12,-13640,72,372,97
188984912,1100,-28,-13700,71,334,89
188989812,1024,-164,-13688,83,328,103
188994612,1028,-100,-13584,70,319,94
188999412,1400,228,-13920,76,365,104
189005312,1136,-316,-14264,151,946,128
189010112,1232,-676,-12676,25,335,88
189014912,1336,-332,-13188,8,418,77
189019712,1456,-364,-14440,48,238,83
189024512,1632,-244,-13744,247,293,114
189029412,1364,-340,-13376,20,453,98
189035312,1488,-380,-14012,47,305,102
189109812,1640,-508,-10636,-104,234,118
189232512,1020,136,-9700,77,474,124
189235212,1456,128,-15436,185,270,114
189240112,1344,188,-12996,-68,510,111
189244912,1320,308,-14020,-27,87,62
189249812,1432,332,-13864,234,432,86
189254612,1624,76,-13484,-62,482,80
189259412,1420,96,-13768,-119,353,61
189265312,1496,280,-13600,233,365,56
189270112,1552,-52,-13576,59,395,50
189274912,1556,-24,-13680,-64,324,56
189279712,1476,12,-13816,137,419,73
189284512,1556,-324,-13708,100,421,102
189289412,1460,-132,-13696,60,290,91
189295312,1184,372,-13172,115,187,85
189300112,1608,-164,-16084,174,767,137
189304912,992,-608,-11456,78,687,106
189404110,1384,76,-13828,99,361,87
189405610,1384,76,-13828,99,361,87
189409412,1464,84,-13160,156,120,72
189483812,1520,-256,-14420,-220,816,54
189501012,868,-404,-12432,-23,479,68
189504712,1556,-96,-16204,-83,1152,113
189509512,1544,-304,-12560,329,273,73
189515412,1312,-412,-13392,-132,203,95
189520212,1076,-504,-13856,185,556,106
189525012,1484,-164,-13872,-4,206,94
189529812,1380,-92,-13068,198,628,124
189534612,1624,-16,-14588,-1,185,105
189539512,1252,-196,-13448,54,376,109
189545412,1356,-124,-13108,199,458,106
189550212,1616,4,-14028,42,381,141
189555012,1248,264,-13648,117,126,160
189559812,1180,124,-13784,123,396,125
189564612,1260,124,-13724,-22,466,92
189569412,1024,-56,-14992,311,-167,119
189665420,1024,-56,-14992,311,-167,119
189669412,912,-740,-12192,-88,509,103
189675312,1588,348,-12592,-373,836,126
189680112,1720,152,-17684,278,384,172
189756512,1320,-528,-12164,125,324,78
189760612,1744,-300,-16296,242,583,115
189765412,1044,-796,-9348,196,-305,31
189770212,2048,112,-14300,-257,549,84
189775012,1416,-124,-16716,-335,-268,57
189779812,1680,12,-10024,970,1110,157
189784612,1940,-488,-14488,-571,-84,114
189789512,1476,-96,-14856,348,179,162
189795412,1124,-308,-12136,-15,492,128
189800212,1720,-20,-14764,135,473,127
189805012,1448,-212,-13308,159,303,171
189809812,1168,-320,-13592,-10,266,159
189814612,1152,-76,-13972,157,307,135
189912212,1304,-852,-11832,251,11,105
189914921,1536,724,-15632,-108,-604,89
189919712,1016,-104,-13128,-298,823,92
189924612,1548,344,-14352,706,336,120
189934612,964,60,-13236,-107,205,99
189939512,1200,96,-14940,148,347,78
189945412,1516,-24,-13544,188,382,80
190022212,2116,116,-14948,1569,-112,253
190025013,96,-852,-9476,-1289,-605,104
190029812,468,-268,-14360,255,1395,105
190034612,2100,-48,-14576,-380,429,58
190039512,2192,500,-14884,397,238,168
190045412,1052,-320,-12988,379,-458,154
190050212,748,-520,-12048,-401,449,78
190055012,1224,-148,-14760,78,1092,129
190059812,2108,356,-14496,114,312,86
190064612,1252,-276,-13016,221,-14,82
190069412,784,-408,-13712,57,317,91
190168010,1256,-12,-14100,67,236,122
190169610,1208,-76,-13452,107,296,115
190174610,1180,-72,-13640,121,425,107
190179410,1388,28,-13976,40,291,91
190185310,1392,100,-13796,84,281,75
190190112,1236,-44,-13752,114,351,57
190194912,1304,-80,-13420,67,374,64
190199712,1388,0,-13768,124,361,56
190204612,1376,-12,-13836,86,269,62
190304310,1452,-148,-13760,66,372,62
190305913,1452,-148,-13760,66,372,62
190309813,1408,-196,-13652,65,333,74
190315012,1492,-180,-13660,82,328,87
190320212,1472,-116,-13744,77,369,64
190325371,1508,-100,-13604,76,353,103
190330512,1480,-20,-13668,103,323,105
190334412,1356,112,-13800,75,340,97
190339512,1320,84,-13632,93,398,102
190344712,1408,0,-13628,78,374,116
190440412,1236,-76,-13928,64,343,52
190457412,1296,-192,-13672,65,358,115
190460212,1324,-128,-13652,76,350,113
190465012,1344,-168,-13808,124,311,95
190469812,1300,-68,-13828,66,303,123
190474612,1364,-24,-13688,76,369,84
190479412,1440,-24,-13736,60,364,107
190485412,1448,-8,-13672,96,286,95
190490212,1432,28,-13712,97,330,95
190495012,1344,128,-13544,82,380,107
190569110,1480,-108,-13672,72,345,122
190570710,1548,-256,-13644,59,340,136
190574411,1448,-212,-13588,101,336,148
190580311,1420,-348,-13664,79,321,138
190585111,1336,-352,-13844,110,314,139
190589911,1300,-336,-13732,115,367,136
190594711,1376,-384,-13712,71,373,130
190599511,1264,-372,-13764,100,338,102
190604411,1180,-520,-13696,109,303,119
190701510,1392,336,-13660,83,349,114
190705310,1344,348,-13648,98,331,88
190710212,1360,444,-13800,129,364,79
190715012,1228,-112,-11660,245,-24,81
190719812,1412,1144,-17520,109,-41,79
190724612,1100,-332,-12044,733,697,74
190729412,1340,-56,-13844,-604,351,45
190735312,1092,-352,-15472,207,537,36
190740112,1576,-112,-11044,614,165,56
190744912,1560,-184,-15540,-108,23,87
190749812,1152,-276,-13540,173,417,73
190826212,1400,0,-13880,59,360,102
190830112,1268,268,-13824,-12,384,59
190834912,1248,-196,-12112,208,67,79
190839812,1444,672,-16464,-269,-69,15
190844612,1464,-68,-12308,394,657,44
190849412,1636,624,-12108,346,102,84
190948412,1212,-308,-13880,0,393,103
190965512,792,-68,-15284,317,1106,86
190970312,984,-408,-10592,123,279,33
190975112,1344,-260,-15940,-311,229,42
190980012,1000,16,-11988,222,397,66
190984812,1712,208,-15800,227,-99,41
190989612,1192,-408,-11616,245,767,81
190994412,1192,-408,-11616,245,767,81
191000312,1256,-36,-14432,190,414,99
191005112,1648,-28,-13044,314,226,114
191009912,1652,-12,-13576,-95,468,129
191014712,1380,64,-14052,61,161,111
191019612,1344,12,-13604,174,431,143
191024412,1344,12,-13604,174,431,143
191099010,1088,164,-13952,-120,891,55
191100510,1512,-584,-15220,18,332,66
191105412,1440,-216,-13000,318,162,103
191110212,1228,-504,-13004,-111,500,99
191209512,1412,-128,-13568,55,469,81
191214612,1332,-128,-13572,79,246,77
191219412,1332,-128,-13572,79,246,77
191225412,1156,-720,-12464,412,208,111
191230212,2020,248,-12544,-195,-1169,88
191235012,1364,-132,-15848,317,323,139
191239812,1168,928,-12856,208,-59,132
191244612,1288,56,-16560,-167,365,127
191249412,1288,56,-16560,-167,365,127
191255412,1792,60,-16348,108,13,154
191260212,772,-152,-13528,35,-121,115
191265012,988,184,-12680,128,698,87
191269812,1644,-324,-14508,-229,682,98
191274612,1148,16,-14148,40,82,93
191279412,1148,16,-14148,40,82,93
191300210,1468,-240,-13816,125,354,63
191381110,1384,-68,-13976,118,330,105
191384810,1488,-176,-13700,79,345,107
191480712,1436,-20,-13552,101,361,118
191494012,1412,-100,-12764,303,65,115
191495612,1988,960,-15588,243,395,138
191500412,336,-1292,-9884,510,643,149
191505212,1244,56,-16584,-305,-327,30
191510012,1200,460,-13964,378,926,103
191514812,1424,-116,-11632,-399,549,74
191519612,1424,-116,-11632,-399,549,74
191524512,1364,244,-14652,492,275,118
191530412,952,240,-11244,-61,796,42
191535212,1824,96,-15828,-262,622,61
191540012,1380,-76,-13356,161,176,81
191544812,1084,-168,-12876,202,258,80
191549612,1084,-168,-12876,202,258,80
191554412,1388,-140,-14108,-54,639,78
191560312,1316,-476,-12824,325,464,112
191565212,1156,76,-13520,-236,153,73
191664012,1404,-44,-13652,118,295,124
191742712,868,-1288,-11720,518,73,112
191745512,2212,488,-11236,-226,-2187,37
191750312,1752,-448,-24964,1039,1922,322
191755112,380,964,-8844,135,-536,74
191759912,768,-1440,-12016,75,1468,128
191764712,768,-1440,-12016,75,1468,128
191769512,532,-1032,-9116,-962,1129,9
191774412,2476,860,-21768,361,154,211
191780312,744,584,-13140,-392,124,108
191785112,484,-956,-14656,-366,770,91
191789912,1532,376,-13212,108,640,108
191794712,1532,376,-13212,108,640,108
191799512,1652,288,-13620,115,285,111
191805412,740,-76,-12376,-125,523,78
191810212,1244,72,-13108,-154,764,88
191815112,2008,256,-15268,224,277,114
191913910,1536,-260,-13476,96,332,98
191915510,1584,-260,-13812,109,395,135
191919510,1584,-260,-13812,109,395,135
191925410,1364,-168,-13536,95,381,118
192015512,1672,-320,-13508,28,631,108
192019412,1672,-320,-13508,28,631,108
192025312,1084,-168,-13368,17,353,98
192030112,1440,-112,-13448,-13,592,107
192034912,1440,-112,-13448,-13,592,107
192039712,1228,-364,-13108,348,73,108
192044512,1636,200,-14116,-542,-495,94
192050412,1904,296,-12916,252,42,53
192055312,1292,-388,-13836,108,567,142
192060112,928,-32,-13144,-247,-205,88
192064912,928,-32,-13144,-247,-205,88
192069712,1384,172,-15468,339,630,84
192074512,1736,-160,-12080,199,466,90
192175612,1324,-440,-13136,64,238,79
192179412,1324,-440,-13136,64,238,79
192185412,1532,-484,-13768,-186,463,94
192190212,1232,-288,-13244,-105,427,76
192195012,1536,-152,-14476,239,403,105
192199812,1536,-152,-14476,239,403,105
192204612,1708,528,-13052,27,290,86
192305212,1184,-192,-13780,61,355,83
192310212,1292,-176,-13684,93,359,95
192315012,1292,-176,-13684,93,359,95
192319812,1272,-84,-13664,106,322,94
192324612,1284,-160,-13748,49,289,86
192329512,1308,-156,-13772,72,313,92
192335412,1488,-136,-13548,85,328,95
192340212,1512,-148,-13620,78,342,105
192345012,1512,-148,-13620,78,342,105
192349812,1448,-156,-13604,86,319,102
192447212,372,-980,-10724,-747,632,50
192460712,1512,68,-12516,355,96,147
192464412,1512,68,-12516,355,96,147
192470312,1120,-76,-15032,7,295,115
192475112,1120,-76,-15032,7,295,115
192479912,1160,-80,-13008,227,490,123
192484812,1424,228,-14152,75,244,131
192489612,1124,-76,-13668,75,348,124
192494412,1016,-136,-13792,-107,410,95
192500312,1340,-108,-13516,170,331,67
192575210,1528,-504,-13508,-155,571,144
192580010,1528,-504,-13508,-155,571,144
192584812,1360,-168,-13872,26,196,178
192589612,1144,-80,-13476,166,430,159
192594412,1144,-112,-13916,60,283,129
192600312,1148,-264,-13780,44,289,142
192605112,1148,-264,-13780,44,289,142
192704512,2128,476,-15316,506,-228,125
192709612,700,-488,-13752,93,-76,109
192714412,596,-776,-12024,-216,316,56
192720312,2612,132,-15892,151,111,105
192725112,2612,132,-15892,151,111,105
192729912,1344,-1916,-12460,767,329,91
192734812,1076,440,-10644,-38,-388,34
192739612,1692,152,-17800,-477,2036,130
192744412,1328,-928,-8956,231,338,45
192750312,832,-148,-7560,-367,182,69
192755112,832,-148,-7560,-367,182,69
192759912,1636,920,-18496,1,423,115
192764712,1584,60,-13608,201,946,127
192841012,1464,-108,-14176,86,266,12
192844912,1464,-108,-14176,86,266,12
192849712,1196,-276,-14448,396,1059,74
192854512,1208,-396,-12076,-201,-78,-18
192951212,844,-120,-12964,187,392,27
192964512,1324,-20,-13504,-98,428,17
192969412,1392,-36,-14200,271,261,34
192975312,1168,-264,-13028,76,323,43
192980112,1516,-224,-13868,-63,421,29
192984912,1832,-544,-14060,55,492,16
192989712,1348,-1272,-11104,211,31,39
192994512,1984,-484,-15156,-64,-939,26
193000412,1804,-108,-15164,124,208,100
193005212,1804,-108,-15164,124,208,100
193010112,1596,-452,-12912,488,422,214
193014912,1108,-780,-13288,-142,-15,155
193019712,936,-104,-14300,-32,360,128
193024512,1296,-176,-13736,146,515,121
193030412,984,-156,-13704,35,150,160
193035212,984,-156,-13704,35,150,160
193111512,1348,68,-13156,358,503,82
193209812,1784,36,-8984,877,850,124
193214912,1428,-188,-14308,-1290,-7,133
193219712,788,176,-13860,418,512,191
193224512,1576,476,-14240,308,98,137
193229412,1508,200,-13796,223,639,166
193235312,1284,168,-12932,-86,568,195
193240112,980,-112,-14084,-241,272,157
193244912,1232,92,-13380,375,222,146
193249712,1692,212,-13984,181,440,151
193254512,1292,-76,-13620,-70,259,136
193260412,1132,120,-13812,53,376,95
193265212,1232,-152,-13732,86,382,85
193270112,1284,-124,-13788,73,300,51
193274912,1240,-164,-13572,109,407,49
193279712,1276,-236,-13780,18,300,-2
193300610,1388,-288,-14184,9,286,35
193305510,348,-552,-11936,-2428,-301,-155
193401212,-612,1056,-9424,-96,1450,-46
193405012,-612,1056,-9424,-96,1450,-46
193480910,1264,-76,-13240,188,246,149
193494112,1000,-228,-12188,126,120,83
193495712,1732,152,-15952,-12,92,39
193499412,1732,152,-15952,-12,92,39
193505312,1152,316,-13104,175,807,49
193510112,1500,-332,-12872,6,238,26
193514912,1484,104,-14008,202,210,38
193519712,1484,-56,-13516,16,281,40
193524612,1520,224,-13476,140,531,15
193529412,1572,68,-14360,62,283,49
193535312,1236,-8,-13484,69,309,65
193540112,1420,56,-13516,75,438,56
193544912,1760,40,-13780,100,442,85
193549712,1604,104,-13992,70,142,114
193554512,1160,0,-13480,107,351,144
193560412,1216,-32,-13588,62,470,137
193658412,1408,-92,-13592,59,371,102
193660012,1408,-92,-13592,59,371,102
193664812,1480,-88,-13812,73,344,133
193669612,1364,-36,-13564,80,328,133
193743410,1364,-48,-13808,105,330,46
193744910,1364,-48,-13808,105,330,46
193749710,1412,-72,-13732,97,332,49
193754512,1460,-152,-13720,80,335,58
193760412,1388,-140,-13780,63,329,64
193765212,1396,-200,-13656,67,340,109
193770112,1460,-248,-13724,78,331,114
193774912,1528,-228,-13788,54,318,123
193779712,1500,-212,-13524,82,346,136
193784512,1508,-72,-13800,55,351,152
193790412,1500,-128,-13680,89,360,139
193795212,1432,-104,-13740,81,338,149
193800012,1484,-112,-13612,85,349,163
193804812,1272,-152,-13716,72,331,123
193903112,984,-452,-12076,-687,606,88
193904712,984,-452,-12076,-687,606,88
193909712,1760,296,-15120,937,-83,150
193914512,1724,-60,-13572,341,127,201
193920412,928,-144,-13420,-303,502,144
193925312,1180,24,-13944,-186,799,124
194013710,1632,368,-17192,-231,-486,85
194015310,1632,368,-17192,-231,-486,85
194020210,828,-124,-12032,-40,1007,129
194025010,2032,36,-14904,530,444,153
194029810,1532,-608,-12588,-163,172,164
194034610,1116,-168,-13828,-39,175,135
194039412,1368,-48,-14632,214,554,104
194045310,1652,-204,-13572,181,345,133
194050112,1396,-64,-13048,20,462,150
194054910,1216,-156,-14136,69,305,154
194059810,1224,4,-13756,164,326,122
194064610,1368,56,-13536,59,428,95
194162412,520,-108,-6912,-933,47,23
194165312,520,-108,-6912,-933,47,23
194170112,1516,8,-19052,696,851,136
194174912,1256,-288,-10916,-33,-337,74
194179712,1440,644,-14592,166,18,95
194184512,1312,-284,-13860,46,747,121
194190412,1632,52,-13972,-80,250,74
194195312,1512,92,-12928,200,397,115
194270812,1292,-92,-13844,44,368,33
194274712,1340,-260,-13552,116,315,37
194279512,1500,-368,-13600,75,311,60
194301412,1276,-564,-11672,-104,302,108
194305212,1276,-564,-11672,-104,302,108
194310012,1348,228,-15332,44,49,93
194314812,1396,-112,-13252,392,706,144
194319712,1416,-84,-13632,-177,231,134
194324512,1148,-64,-13556,17,459,146
194330412,1528,-72,-13820,290,311,137
194428412,1296,108,-11324,-53,1612,148
194441812,1304,-1292,-13964,50,-123,174
194444512,1304,-1292,-13964,50,-123,174
194449412,1364,344,-15652,160,-1114,111
194455312,1448,-508,-8796,318,1839,116
194460112,2044,220,-16848,-998,-57,28
194464912,1520,56,-13364,570,903,196
194469712,1512,-92,-12836,211,-403,117
194474512,1332,4,-14764,171,272,101
194479412,1072,-224,-12384,-117,834,78
194556412,1636,36,-15312,84,83,85
194560413,1636,36,-15312,84,83,85
194565312,1772,-296,-13000,450,520,154
194570112,1076,-512,-12484,-203,159,104
194574912,1284,-64,-15648,39,239,71
194579712,1228,-64,-12892,233,384,84
194584512,1332,-28,-13228,78,493,92
194590412,1096,16,-14136,-38,253,106
194688511,892,-324,-13068,-8,447,86
194690111,892,-324,-13068,-8,447,86
194694911,1040,-4,-14540,53,327,56
194699711,1284,-244,-13452,196,320,62
194704511,1268,-272,-13628,58,304,87
194710411,1228,-324,-13648,-52,303,80
194715211,1384,-132,-13876,41,368,89
194720011,1460,-344,-13792,143,357,75
194724911,1516,-272,-13364,75,317,88
194729711,1568,-252,-13804,15,377,76
194734511,1660,-140,-14076,15,344,91
194740411,1488,-152,-13580,116,380,113
194814912,1252,-448,-13184,115,228,114
194819812,1328,-172,-13948,114,443,103
194824612,1688,-164,-13464,-112,469,91
194829512,1576,-48,-14188,236,298,95
194835412,1308,-352,-13132,155,280,132
194933412,1424,104,-13768,137,333,90
194946512,1320,40,-13508,208,173,103
194950212,1320,40,-13508,208,173,103
194955012,1364,-28,-13396,210,270,124
194959812,1504,112,-14304,199,253,117
194964612,1308,-80,-13844,270,254,113
194969512,1352,104,-13564,65,288,92
194975412,1268,-548,-14620,34,493,134
194980212,1648,-68,-10856,318,129,95
194985012,1592,136,-16552,-268,126,95
194989812,1248,36,-12528,511,262,99
194994612,1472,-116,-13752,-8,221,118
194999412,1272,-296,-13788,-225,581,107
195005312,1460,-104,-14280,264,177,77
195010212,1372,-336,-13288,175,321,113
195089712,1400,64,-13436,37,323,105
195094612,1280,152,-13892,-47,485,98
195099512,1336,-176,-14364,29,289,115
195195012,1336,-176,-14364,29,289,115
195200012,1268,-76,-13516,150,417,137
195204912,1252,-144,-13656,9,303,124
195209712,1380,-172,-13756,123,416,123
195214512,1476,-104,-13444,62,310,112
195220412,1308,20,-13700,50,348,110
195225212,1404,-76,-13812,107,307,118
195230012,1396,104,-13464,93,340,117
195234912,1512,52,-13832,61,399,100
195239712,1544,72,-13684,63,331,118
195244512,1484,128,-13584,120,342,114
195250412,1492,124,-13624,102,303,117
195255212,1340,20,-12156,434,427,116
195260012,1892,552,-18176,-50,439,102
195264812,1156,-1232,-6744,3430,2078,337
195269612,2820,764,-18040,-3622,-2908,-51
195391212,1632,88,-13548,121,481,61
195472212,1256,-160,-13908,84,342,101
195485512,1440,-292,-13804,100,283,114
195490412,1304,-392,-13604,59,352,89
195495212,1432,-236,-13880,77,346,91
195500012,1424,-200,-13612,79,341,80
195504812,1392,-196,-13688,74,333,82
195509612,1444,-236,-13652,69,360,89
195514412,1384,-180,-13640,88,329,92
195520312,1236,-228,-13760,96,345,110
195525112,1308,-180,-13672,69,358,95
195530012,1236,-40,-13684,75,377,87
195534812,1344,-76,-13832,94,363,98
195539612,1260,-32,-13564,77,345,96
195544412,1356,-44,-13640,102,340,103
195550312,1392,-28,-13668,106,320,98
195555112,1376,-20,-13824,99,319,120
195654212,1412,-252,-13716,76,337,98
195655812,1412,-252,-13716,76,337,98
195659612,1316,-288,-13632,87,351,94
195664412,1384,-140,-13644,92,339,116
195739213,1444,12,-13608,70,332,96
195740812,1444,12,-13608,70,332,96
195744512,1368,128,-13692,54,310,87
195750412,1472,8,-13696,74,352,95
195755212,1340,28,-13736,66,330,85
195760012,1396,-44,-13532,93,332,92
195764812,1404,-180,-13624,74,361,105
195769612,1452,-140,-13716,94,358,94
195774512,1392,-104,-13720,63,317,107
195780412,1400,-168,-13700,69,344,102
195785212,1488,-196,-13632,77,350,100
195790012,1236,-268,-13616,85,338,133
195794812,1208,-152,-13824,89,324,111
195799612,1284,-240,-13696,78,347,122
195804412,1252,-16,-13772,81,345,97
195900112,1252,-16,-13772,81,345,97
195905312,1312,-28,-13708,94,350,97
195910112,1308,-72,-13772,69,333,103
195914912,1372,-92,-13740,87,362,111
195919712,1328,-36,-13500,62,352,102
195993611,1236,-52,-13684,84,350,108
196006921,1472,-160,-13632,80,338,97
196009512,1472,-160,-13632,80,338,97
196014412,1416,-16,-13608,57,332,91
196020312,1412,12,-13752,77,337,110
196025112,1404,-92,-13624,112,348,104
196029912,1376,-104,-13760,87,334,104
196034712,1440,28,-13716,93,383,94
196039512,1568,28,-13536,94,339,125
196044412,1380,-108,-13620,94,334,100
196050312,1352,-24,-13812,95,361,104
196055112,1376,68,-13556,87,369,86
196059912,1280,208,-13564,98,334,92
196156910,1256,32,-13704,95,308,97
196159510,1256,32,-13704,95,308,97
196165412,1380,-4,-13688,60,375,96
196170212,1548,124,-13968,102,273,71
196175012,1312,-36,-13776,131,351,96
196179812,1268,4,-13672,52,287,102
196184612,1296,20,-13760,63,365,88
196257712,1296,-124,-13748,134,344,95
196260512,1296,-124,-13748,134,344,95
196265312,1428,-68,-13612,72,369,129
196270112,1456,-124,-13736,83,327,111
196274912,1420,4,-13544,68,340,108
196279712,1448,-124,-13604,85,370,111
196284612,1408,-232,-13532,94,365,120
196289412,1384,-136,-13708,84,338,98
196295312,1352,-116,-13740,80,348,118
196300112,1364,-144,-13772,79,354,99
196304912,112,-220,-10976,248,1159,74
196424812,1464,40,-14308,65,473,25
196439312,880,-368,-14124,-56,590,72
196440812,880,-368,-14124,-56,590,72
196444612,1372,-116,-14004,95,470,56
196449412,1680,72,-13808,121,307,56
196455412,1404,-316,-12864,-23,454,75
196460212,1636,-136,-14328,-2,303,90
196465012,1500,-156,-13768,91,357,73
196469812,1616,-20,-13460,175,391,90
196544610,1380,-152,-13448,-74,381,110
196549610,1392,76,-14496,234,274,105
196554412,1384,-188,-13116,43,372,89
196560312,1344,-8,-14028,69,421,93
196565112,1316,-220,-13736,95,307,83
196570012,1348,-128,-13512,78,323,86
196574812,1264,-168,-13924,67,383,75
196579612,1368,-244,-13472,93,314,72
196584412,1276,-212,-13896,63,378,56
196683610,496,-792,-11492,-471,1063,148
196685280,496,-792,-11492,-471,1063,148
196690110,1244,256,-15320,131,140,94
196694910,1536,252,-14132,202,272,67
196699712,1128,64,-13464,504,35,54
196704512,908,-324,-13216,-323,636,33
196710412,964,116,-13504,-295,688,47
196715312,1944,116,-15524,433,127,45
196720112,1324,-100,-12956,246,-2,32
196724912,1288,-472,-12576,-46,467,33
196729712,1372,-48,-13476,-153,478,32
196804810,1284,76,-13244,343,215,80
196809812,1332,-252,-13372,-97,459,86
196814612,1132,-20,-14228,36,160,38
196819412,1324,-188,-13728,170,397,36
196825412,1428,-212,-13416,35,416,-7
196830212,1644,-124,-13668,93,283,7
196928212,1596,88,-14252,288,-9,58
196941512,708,-732,-10868,71,353,-19
196945368,1576,184,-16296,-293,393,-3
196950212,980,-200,-12288,208,260,-19
196955012,1636,220,-14804,481,164,36
196959812,1300,-576,-12184,-35,534,61
196964612,1312,56,-14596,-261,247,42
196969412,1304,-184,-13908,249,409,93
196975412,1636,104,-13412,182,204,97
196980212,1672,-140,-12960,-16,500,154
196985012,1504,16,-14488,26,134,187
196989812,1312,-60,-13424,94,375,193
196994612,1576,24,-13356,126,366,194
196999412,1736,56,-13984,112,395,209
197074210,1112,1000,-17376,-526,129,-79
197075710,1112,1000,-17376,-526,129,-79
197079410,2496,168,-14900,1113,1663,149
197085312,2180,-1176,-11504,174,-471,117
197090112,1848,-92,-13932,186,321,-16
197186210,1848,-92,-13932,186,321,-16
197190112,1452,-108,-13340,55,353,31
197194912,1288,-260,-13872,105,246,68
197199812,1404,-272,-13584,79,442,107
197204612,1412,-188,-13964,26,354,114
197209412,1448,-204,-13620,126,364,127
197215312,1212,-200,-13732,92,278,160
197220112,1244,-324,-13640,60,338,156
197224912,1168,-396,-13812,36,351,168
197229812,1240,-296,-13932,72,364,180
197234612,1252,-312,-13576,104,304,167
197239412,1272,-280,-13748,38,335,181
197245312,1236,-236,-13584,99,323,158
197250112,1336,-168,-13744,111,305,130
197254912,1372,-264,-13652,79,372,108
197332312,1564,-52,-13824,80,356,155
197335112,1548,-192,-14020,110,309,167
197458612,1468,4,-14580,96,388,185
197473510,1144,76,-13924,29,502,134
197475010,1144,76,-13924,29,502,134
197479912,1256,284,-13772,155,261,98
197484712,1040,-12,-13704,90,248,98
197489512,1152,44,-13648,48,327,54
197495412,1324,-80,-13784,22,446,53
197500212,1404,0,-13640,105,282,20
197505012,1416,-176,-13820,189,311,35
197509812,1144,-416,-12132,66,9,21
197514612,1720,-576,-16336,382,578,56
197519512,1244,-288,-10156,-360,-387,-61
197525412,1664,-332,-14828,130,608,69
197530212,1704,-344,-16208,104,-197,33
197535012,1440,-20,-10832,381,602,112
197539812,1388,-724,-14208,-187,486,137
197544612,1168,-100,-15012,-16,4,146
197643812,712,864,-13592,-629,392,-78
197722319,540,-24,-8728,169,10,81
197724910,1200,436,-17152,-275,-852,44
197729712,676,-28,-15680,686,1166,88
197734512,1556,740,-11780,124,208,10
197740412,964,-288,-11972,-1171,619,0
197745312,1972,160,-16128,1559,258,121
197750112,1876,-372,-12936,-126,-127,63
197754912,800,292,-12592,-236,783,14
197759712,1620,-192,-14692,98,966,65
197764512,1876,84,-13240,-99,-15,66
197770412,1228,76,-13280,223,190,124
197775212,1748,-88,-13776,8,536,115
197780012,1728,56,-13924,-35,320,146
197784912,1500,-56,-13556,-75,404,147
197789712,1432,-116,-13688,188,398,184
197794512,1544,-236,-13840,84,292,189
197892512,1420,-80,-13892,118,277,143
197895212,1392,80,-13852,81,382,142
197900012,1332,104,-13516,86,447,150
197904912,1652,68,-13428,21,340,134
197979910,1104,-520,-12988,70,396,75
197993512,1172,-644,-7600,1340,-228,120
197995012,1172,-644,-7600,1340,-228,120
197999812,1336,284,-19268,-1285,-434,56
198004612,56,-768,-13068,551,1144,-14
198009412,1764,184,-11888,-548,984,8
198015412,1316,-876,-14852,179,645,181
198020212,1556,-708,-14748,630,-770,149
198025012,548,-304,-13204,-345,144,57
198029812,1024,-492,-14048,-30,851,85
198034612,1740,-248,-14112,-211,729,73
198039412,1756,-208,-13480,367,116,99
198045312,1468,-364,-13540,245,-7,132
198050112,940,-480,-14152,-110,380,111
198055012,1304,-564,-13520,101,312,87
198151012,1304,-564,-13520,101,312,87
198154912,1220,-540,-13708,69,309,75
198159712,1216,-536,-13948,93,339,93
198164512,1112,-648,-13712,97,315,112
198170412,1096,-560,-13808,81,385,107
198247410,2024,272,-13820,919,559,308
198250110,1792,1072,-14112,-16,-747,156
198254910,348,-76,-11428,-353,663,34
198259812,1664,1176,-16960,-105,916,-14
198264612,1500,36,-12204,31,827,73
198269412,1352,384,-13660,103,-2,106
198275312,1116,-168,-13972,69,519,75
198280112,1212,136,-13748,52,186,31
198284912,1400,-4,-13152,-160,691,53
198289712,1540,-168,-13924,193,333,67
198294512,1660,-132,-13836,174,11,93
198299412,1352,-356,-13716,-53,400,74
198398710,1528,360,-13756,84,322,94
198400210,1528,360,-13756,84,322,94
198405112,1724,348,-13352,161,119,91
198409912,1140,-228,-13164,321,358,153
198414712,1500,64,-12672,-73,-899,78
198419612,1260,780,-14944,502,34,144
198424412,1384,668,-14604,89,65,134
198458212,1360,-232,-13544,56,152,96
198538812,1256,172,-13260,48,304,123
198540312,1256,172,-13260,48,304,123
198545212,1356,140,-14188,124,291,98
198550012,1496,76,-13484,49,399,89
198554812,1440,244,-13640,68,295,62
198559712,1564,200,-13804,84,295,75
198564512,1496,224,-13832,70,285,74
198570412,1460,160,-13696,86,414,65
198575212,1612,144,-13624,119,325,85
198580012,1660,96,-13704,131,279,104
198584812,1440,-4,-13528,58,321,108
198683319,1300,-16,-13676,108,347,96
198684919,1300,-16,-13676,108,347,96
198689912,1384,432,-12204,193,110,90
198694712,540,2544,-14208,-355,-493,85
198699512,1512,460,-26292,468,2807,220
198705412,640,944,-3828,1609,-733,113
198710212,-52,-888,-14080,-877,994,130
198715112,212,588,-11480,-948,1055,-51
198719912,2680,1692,-20868,1040,798,230
198794810,1064,-328,-14388,-154,191,91
198799712,1012,-372,-13208,45,697,69
198804512,1712,72,-14232,197,253,82
198810412,1368,-264,-13532,24,315,91
198815312,1064,-88,-13696,171,157,107
198820112,1424,-200,-13856,38,641,103
198824912,1400,-168,-13528,11,326,100
198829712,1580,0,-14140,189,282,134
198928910,1396,-116,-13868,86,322,104
198949612,1396,-232,-13848,88,328,113
198954512,1352,-96,-13792,105,332,112
198959412,1296,-244,-13628,62,340,121
198965312,1264,-168,-13616,99,392,109
198970112,1288,-88,-13796,79,332,122
198974912,1424,-100,-13680,118,317,113
198979712,1312,-36,-13740,86,325,131
198984512,1312,-144,-13636,95,359,116
198989412,1376,-132,-13780,83,337,99
198995312,1276,-124,-13884,68,345,123
199000112,1396,-112,-13712,81,332,86
199075710,888,-752,-13800,-104,226,119
199079712,1316,420,-14060,501,159,123
199084512,1324,-200,-13032,-101,393,86
199090412,1596,76,-14592,65,445,124
199095212,1128,-160,-12956,72,344,118
199194810,1328,-84,-13672,92,351,131
199199712,1412,20,-13652,112,356,110
199204512,1324,-36,-13676,120,324,103
199210412,1188,-64,-13688,123,334,90
199215212,1264,-32,-13624,121,326,106
199220012,1324,-8,-13800,120,340,86
199224812,1312,-84,-13728,136,294,90
199229612,1420,-112,-13700,123,333,111
199234412,1408,-164,-13700,122,334,77
199240412,1408,-32,-13824,109,318,106
199245212,1288,-96,-13764,89,327,88
199250012,1412,-116,-13692,124,364,90
199254812,1396,-244,-13588,128,320,89
199259612,1384,-104,-13644,133,319,93
199264412,1324,-112,-13764,110,332,100
199340310,1316,-48,-13688,116,328,107
199345210,1336,-48,-13764,75,339,114
199466312,1188,-32,-13516,55,371,90
199480810,1224,-212,-12008,476,402,93
199484812,1512,192,-14372,-76,196,103
199489612,1348,-292,-13300,58,393,75
199494512,1448,60,-14116,269,193,104
199500412,1452,-92,-13228,88,433,62
199505212,1540,-76,-13888,60,365,112
199510012,1420,-176,-13580,55,377,99
199514812,1352,-112,-14128,111,256,119
199519612,1332,-148,-13620,149,379,105
199524512,1400,-108,-13924,2,359,97
199530412,1412,-56,-14048,23,342,90
199535212,1244,-4,-13352,24,374,113
199540012,1336,-52,-13876,24,387,125
199544812,1440,-152,-13640,29,350,107
199549612,1352,32,-13520,59,306,114
199554412,1196,-40,-13576,102,348,115
199651410,968,-376,-11148,-391,-420,56
199729012,1304,-196,-13380,-37,310,74
199730613,1304,-196,-13380,-37,310,74
199734512,1516,-80,-13880,147,412,94
199740412,1484,-112,-13268,18,282,102
199745212,1324,-48,-13676,98,354,100
199750112,1408,-40,-13896,146,337,99
199754912,1256,-116,-13564,-30,359,91
199759712,1252,-56,-13776,211,415,122
199764512,1464,-56,-13772,52,272,110
199770412,1304,-48,-13380,24,390,120
199775212,1392,-144,-13872,102,368,117
199780012,1424,-64,-13564,83,325,119
199784812,1372,-96,-13516,92,363,131
199789712,1360,24,-13776,71,342,93
199794512,1360,16,-13624,89,364,104
199800412,1456,28,-13892,101,293,107
199899812,1292,-128,-13504,33,234,115
199905012,1144,16,-13512,49,345,122
199909812,1308,-152,-14016,30,377,96
199914612,1320,4,-13312,72,296,87
199989110,1228,-36,-14136,66,343,91
200002512,1332,-164,-13736,103,412,100
200005212,1344,-204,-14016,13,316,100
200010012,1340,-68,-13588,102,325,124
200014812,1344,-68,-13772,106,349,122
200019612,1448,-104,-13488,83,306,96
200024512,1412,-136,-13800,68,359,114
200030412,1464,-140,-13704,48,289,110
200035212,1400,8,-13532,78,347,129
200040012,1408,-64,-13760,92,359,109
200044812,1236,-32,-13756,90,301,94
200049612,1336,-12,-13700,98,340,129
200054412,1336,-84,-13756,38,319,85
200060312,1324,12,-13616,97,345,110
200157510,1424,-12,-13656,91,319,122
200160310,1392,-100,-13684,73,343,103
200165112,1364,-56,-13604,56,368,93
200169912,1316,16,-13696,67,322,121
200174712,1304,-12,-13660,76,315,103
200179512,1332,-76,-13772,84,346,80
200253911,1272,-124,-13744,96,334,107
200255511,1272,-124,-13744,96,334,107
200260311,1300,-136,-13780,91,341,114
200265111,1332,-112,-13656,80,344,90
200270011,1380,-212,-13700,73,367,57
200274811,1424,-208,-13772,100,336,96
200279611,1352,-124,-13700,79,338,94
200284411,1388,-108,-13564,80,330,94
200290311,1496,-56,-13848,83,319,79
200295111,1300,-148,-13688,86,302,89
200299911,1332,-196,-13776,66,345,115
200304711,1332,-76,-13740,76,334,105
200402512,1456,-160,-13560,79,325,96
200405312,1296,-100,-13780,92,341,109
200410112,1392,-28,-13716,88,334,101
200415012,1344,-116,-13616,87,333,99
200419812,1404,-84,-13712,96,327,100
200424612,1324,-96,-13644,69,352,102
200441612,1360,-64,-13852,66,370,71
200465712,1336,12,-13676,73,344,81
200544710,1356,-144,-13696,78,355,94
200549712,1352,-84,-13804,86,353,104
200554512,1292,-40,-13672,90,341,124
200560412,1348,-144,-13636,100,323,103
200565212,1308,4,-13404,66,350,124
200570012,1392,-64,-13724,62,351,105
200574812,1356,-160,-13788,97,337,110
200579612,1316,-88,-13808,91,310,96
200584412,1340,-156,-13588,95,324,75
200590412,1400,-68,-13728,91,331,103
200595212,1416,-52,-13876,90,330,99
200691110,1416,-52,-13876,90,330,99
200695012,1316,-108,-13648,89,339,59
200699812,1392,-116,-13792,70,330,90
200704712,1288,-104,-13696,68,346,83
200709512,1264,-44,-13696,106,307,76
200715412,1412,-112,-13616,94,329,67
200720212,1364,-192,-13708,91,347,90
200725012,1524,-84,-13680,86,342,96
200729812,1436,-76,-13532,89,338,102
200804319,1296,-116,-13600,75,308,79
200805919,1296,-116,-13600,75,308,79
200809812,1408,-100,-13720,69,357,84
200814612,1400,52,-13740,64,358,91
200819412,1460,-68,-13780,81,338,90
200825312,1432,-108,-13808,70,348,98
200830112,1372,-256,-13728,85,354,99
200835012,1324,-96,-13784,62,343,99
200839812,1432,-72,-13776,77,357,106
200936512,1344,-160,-13756,90,357,74
200957210,1392,-80,-13732,91,329,115
200959810,1236,-76,-13664,69,360,109
200964712,1424,-28,-13684,85,350,119
200969512,1444,-8,-13536,91,363,109
200975412,1356,-152,-13604,67,351,121
200980212,1452,-88,-13588,90,358,105
200985012,1332,-96,-13864,97,371,97
200989812,1428,-44,-13628,88,347,100
200994712,1320,-72,-13892,81,345,95
200999512,1416,-68,-13712,89,346,84
201073312,1320,-56,-13736,64,347,92
201074912,1472,-120,-13752,80,347,111
201079712,1380,-24,-13752,73,341,128
201084512,1336,-40,-13580,90,377,122
201089412,1424,60,-13656,96,347,119
201095312,1408,-84,-13712,89,345,136
201100112,1324,-20,-13648,94,347,115
201104912,1448,-216,-13572,72,347,115
201200512,1296,-92,-13732,63,327,98
201205412,1320,-104,-13744,82,348,121
201210212,1284,-136,-13680,88,351,126
201215012,1288,-12,-13724,91,338,113
201219812,1348,16,-13660,61,358,102
201224612,1336,-48,-13792,70,358,120
201229412,1360,-136,-13724,89,350,92
201235312,1268,12,-13644,81,360,80
201240212,1336,-64,-13688,99,338,99
201245012,1392,-32,-13688,84,353,93
201249812,1324,12,-13724,79,330,94
201254612,1392,-72,-13780,58,336,86
201328412,1288,-60,-13712,102,341,99
201330012,1464,-208,-13772,73,353,111
201334812,1280,-144,-13732,84,338,101
201339612,1340,-160,-13772,96,337,102
201344412,1288,-88,-13508,85,338,100
201469010,1376,-132,-13576,92,357,66
201485010,1304,-32,-13700,104,345,84
201489910,1420,-60,-13824,76,320,79
201494712,1372,-88,-13676,81,334,99
201499512,1480,-180,-13768,78,340,82
201505412,1388,-8,-13692,79,341,102
201510312,1376,-32,-13840,80,345,74
201515112,1424,-92,-13696,71,344,119
201519912,1304,-44,-13656,75,344,129
201524712,1412,24,-13600,96,359,106
201529512,1388,44,-13712,87,336,127
201535412,1392,-24,-13716,92,327,131
201540212,1404,-16,-13848,78,349,119
201545012,1396,-44,-13720,77,351,121
201549912,1392,-72,-13652,82,349,104
201624012,1440,-88,-13724,90,326,100
201625512,1332,-84,-13632,104,357,127
201630412,1400,-196,-13692,97,342,112
201728610,1460,-124,-13640,96,355,98
201730210,1364,-100,-13740,88,337,91
201735212,1380,-128,-13672,95,360,117
201740012,1288,-28,-13600,96,327,83
201744812,1324,-124,-13692,82,362,70
201749612,1368,-124,-13684,89,339,93
201754412,1368,-124,-13684,89,339,93
201760412,1316,-16,-13656,68,358,96
201765212,1276,-144,-13616,76,347,79
201770012,1296,-40,-13632,72,326,77
201774812,1348,-164,-13688,82,364,68
201779612,1220,68,-13736,54,366,86
201784412,1220,68,-13736,54,366,86
201790312,1384,-144,-13600,88,337,94
201795112,1376,-28,-13684,102,355,99
201800012,1472,-52,-13728,91,345,87
201804812,1400,-136,-13692,92,372,96
201978270,1340,-84,-13788,87,358,85
201990612,1352,-8,-13748,86,360,100
201994412,1352,-8,-13748,86,360,100
202000412,1384,-88,-13692,102,364,104
202005212,1416,-200,-13760,79,354,97
202010012,1352,-160,-13712,87,344,102
202014812,1364,-124,-13632,100,340,100
202019612,1356,12,-13780,84,339,89
202024412,1356,12,-13780,84,339,89
202030412,1276,-140,-13656,94,341,100
202035212,1364,-168,-13744,86,351,111
202040012,1344,-156,-13796,86,334,102
202044812,1376,-180,-13708,73,328,98
202049612,1376,-180,-13708,73,328,98
202054412,1344,-44,-13720,76,360,109
202060312,1328,-104,-13696,69,360,99
202065112,1400,-32,-13676,86,334,122
202160914,1420,60,-13744,83,346,90
202164712,1420,-68,-13832,86,326,89
202169512,1420,-68,-13832,86,326,89
202243810,1296,-56,-13788,89,336,78
202245310,1384,-136,-13624,90,321,84
202250110,1420,-248,-13712,75,346,108
202254912,1352,-108,-13668,79,307,98
202259712,1352,-108,-13668,79,307,98
202264512,1332,-60,-13692,99,336,110
202269412,1408,-64,-13728,99,334,88
202275312,1296,-100,-13704,86,335,73
202280112,1412,-24,-13760,90,330,105
202284912,1468,-16,-13664,80,334,122
202289712,1468,-16,-13664,80,334,122
202294512,1392,-28,-13684,81,324,118
202300412,1268,-20,-13628,100,342,104
202305212,1448,0,-13608,82,337,111
202310112,1400,-152,-13768,96,353,110
202405817,1408,-80,-13528,95,348,117
202409812,1336,-16,-13820,88,316,111
202414712,1336,-16,-13820,88,316,111
202419512,1332,32,-13724,72,342,112
202425412,1324,-92,-13724,77,329,110
202546612,1380,-120,-13688,83,336,87
202549412,1380,-120,-13688,83,336,87
202555412,1396,-48,-13680,101,348,87
202560212,1352,-20,-13704,85,365,106
202565012,1332,-108,-13536,94,323,106
202569912,1392,-136,-13736,84,339,106
202574712,1392,-136,-13736,84,339,106
202579512,1396,-16,-13808,84,329,106
202585412,1372,-156,-13716,100,338,93
202590212,1380,28,-13772,77,343,78
202595012,1432,-16,-13620,93,342,99
202599812,1432,-16,-13620,93,342,99
202697710,1340,-148,-13712,83,345,85
202700310,1428,-68,-13784,103,335,100
202705112,1320,-88,-13728,93,364,96
202709912,1320,-88,-13728,93,364,96
202714712,1488,-72,-13540,100,360,78
202719612,1364,-28,-13764,64,345,101
202724412,1312,-104,-13752,84,361,94
202730312,1380,-48,-13712,87,353,89
202804612,1352,28,-13668,89,348,98
202809512,1356,-4,-13712,89,351,119
202814412,1340,-56,-13724,94,342,102
202820312,1396,-28,-13696,84,362,89
202825112,1296,-48,-13672,107,325,98
202829912,1296,-48,-13672,107,325,98
202834712,1352,-60,-13592,88,351,88
202839512,1340,0,-13760,94,336,80
202845412,1480,8,-13664,65,322,100
202942312,1312,-88,-13648,83,334,110
202959412,1316,-100,-13612,93,336,93
202964412,1336,8,-13748,77,331,116
202970312,1436,-48,-13828,98,369,91
202975112,1456,16,-13752,87,329,106
202979912,1456,16,-13752,87,329,106
202984712,1376,-72,-13824,80,359,81
202989612,1404,4,-13652,72,352,115
202994412,1384,-36,-13692,100,341,124
203000312,1336,-144,-13800,84,339,86
203005112,1448,-48,-13764,96,329,109
203078110,1408,-84,-13624,82,335,99
203079712,1408,-84,-13624,82,335,99
203084512,1244,-140,-13724,104,333,107
203090412,1392,-120,-13732,81,349,108
203095312,1344,-136,-13744,103,326,99
203100112,1344,-136,-13744,103,326,99
203104912,1356,-112,-13812,94,339,107
203201869,1360,-124,-13772,80,333,87
203204510,1360,-124,-13772,80,333,87
203210410,1400,-36,-13600,81,335,94
203215212,1508,-144,-13844,76,348,97
203220012,1508,-144,-13844,76,348,97
203224812,1280,-52,-13712,70,346,93
203229712,1376,-108,-13696,87,339,91
203234512,1344,-76,-13716,72,326,86
203240412,1208,-116,-13660,96,315,104
203245212,1416,-128,-13620,88,335,103
203250012,1416,-128,-13620,88,335,103
203254812,1268,-28,-13796,99,350,97
203259612,1356,-28,-13784,70,330,95
203334510,1500,-124,-13716,62,352,83
203339610,1392,-172,-13756,86,344,89
203344410,1388,-128,-13776,90,346,86
203350310,1372,-20,-13836,90,334,90
203447210,1496,-108,-13536,99,352,101
203464410,1420,-112,-13644,80,358,110
203470310,1316,-88,-13876,66,348,102
203475112,1316,-88,-13876,66,348,102
203479912,1384,-32,-13812,81,333,116
203484712,1324,-116,-13764,99,326,100
203489512,1424,-56,-13704,83,348,96
203495412,1388,-84,-13576,90,354,103
203500212,1388,-84,-13576,90,354,103
203505112,1256,-84,-13632,90,322,105
203509912,1256,-68,-13628,109,362,105
203514712,1312,-56,-13760,66,341,92
203519512,1420,-60,-13584,94,353,83
203541412,1352,-116,-13852,82,332,88
203545212,1352,-116,-13852,82,332,88
203550012,1312,-164,-13796,93,336,96
203624612,1320,32,-13792,88,367,81
203629612,1324,36,-13676,87,368,86
203727710,1208,-140,-13880,90,270,109
203730410,1316,-164,-13640,82,335,114
203735312,1316,-164,-13640,82,335,114
203740112,1404,280,-13932,53,346,125
203744912,1272,-608,-11760,294,-38,124
203749712,1424,216,-17276,75,132,129
203754512,1356,-696,-11632,688,709,167
203760412,1660,-468,-13372,-656,423,139
203765212,1272,-508,-15936,255,535,138
203770012,1796,-296,-10796,583,205,151
203774912,1440,-240,-15084,-234,301,163
203779712,1036,-152,-13672,142,482,145
203784512,1112,-12,-13736,-9,494,102
203790412,1232,-72,-13808,210,414,129
203795212,1212,16,-13676,21,302,100
203800012,1004,-36,-13540,47,421,77
203899510,1132,-16,-13772,52,382,95
203904610,1304,-84,-13540,106,344,87
203980212,1244,-168,-13864,39,103,108
203993312,1196,-300,-13964,115,240,92
203994812,1196,-300,-13964,115,240,92
203999712,1244,-224,-13200,169,365,88
204004512,1616,-176,-14004,43,373,95
204009412,1608,-356,-13680,76,316,84
204015312,1380,-400,-13548,102,307,66
204020112,1480,-456,-13888,109,358,44
204024912,1488,-432,-13612,48,410,45
204029712,1356,-340,-13596,73,323,45
204034512,1328,-296,-13572,85,354,69
204039412,1424,-196,-13828,76,357,52
204045312,1208,-248,-13708,52,377,67
204050112,1276,-36,-13572,70,376,67
204054912,1388,-24,-13832,82,365,91
204059712,1312,44,-13632,-14,340,87
204157612,1280,-228,-12608,7,128,120
204160321,1280,-228,-12608,7,128,120
204165112,1264,-128,-14252,67,319,118
204169912,1464,-88,-13948,97,492,125
204245010,1244,444,-12900,-83,-558,-5
204249910,2176,1696,-25788,1161,1747,179
204254710,-24,-52,-4036,-603,201,-107
204259612,1016,-896,-17472,1203,2210,163
204264412,2000,-932,-12688,-627,-44,9
204270312,1884,1192,-13700,360,4,133
204275112,1580,-624,-13596,-3,902,125
204279912,2068,192,-14548,219,82,160
204284712,1460,200,-11660,-61,744,217
204289512,2228,172,-14756,262,468,241
204295412,1400,180,-13808,-89,14,233
204300312,1188,192,-13280,248,445,237
204305112,1452,260,-13648,177,559,272
204402912,1112,1232,-15436,-480,-584,138
204404669,1112,1232,-15436,-480,-584,138
204409512,1748,-984,-15324,1586,1331,353
204415412,1468,440,-14148,-271,-1046,261
204420212,-36,-1672,-11232,-145,1601,174
204425012,1548,112,-9236,-419,14,99
204445612,1224,-508,-15704,-492,213,61
204550912,1160,228,-13472,-5,388,51
204554712,1160,228,-13472,-5,388,51
204559512,1400,-48,-13868,102,454,46
204565412,1120,8,-13712,68,178,-7
204570312,1040,-140,-13496,133,413,-35
204575112,1340,-132,-13916,23,420,-40
204579912,1332,-68,-13944,73,307,-57
204584712,1344,-212,-13404,109,357,-75
204589512,1504,-272,-13836,53,368,-40
204595412,1144,-520,-11660,72,-295,-34
204600212,1992,1108,-18092,-40,-322,18
204698212,1284,-472,-14824,282,98,-4
204699812,1284,-472,-14824,282,98,-4
204704712,1196,-844,-13204,-224,358,-27
204709512,1612,-520,-13508,497,485,-24
204715412,1744,-128,-14508,-14,311,33
204720212,824,-776,-12472,-30,377,62
204725012,1104,-440,-14496,115,474,90
204729812,1088,-396,-13812,-40,285,76
204734612,1256,-364,-13732,244,336,132
204810612,1348,344,-13056,187,-33,-17
204814412,1692,496,-15060,818,-499,96
204820412,884,136,-13816,1824,1424,257
204825212,1524,1340,-19536,-2255,-542,43
204830012,-1288,1512,-8392,-125,1234,-58
204834812,1876,-328,-12888,388,1542,29
204839612,2504,-1092,-15976,205,1057,183
204844412,2112,280,-13652,-7,-639,248
204944812,1800,-260,-14012,-3,447,46
204958312,1596,-200,-13544,126,358,124
204959812,1596,-200,-13544,126,358,124
204964712,1788,-64,-13416,66,412,140
204969512,1556,40,-13716,42,463,140
204974412,1488,4,-13924,135,285,188
204980312,1372,144,-13424,157,261,207
204985112,1180,208,-13668,98,383,201
204989912,1300,328,-13972,56,401,184
204994712,1188,392,-13828,53,374,150
204999512,1192,296,-13768,133,332,138
205004412,1244,96,-13508,67,311,129
205080912,1208,-572,-14028,283,222,161
205084812,812,-356,-13056,-36,274,127
205089612,1168,-224,-13524,-204,715,131
205094412,1688,144,-14260,237,239,159
205100312,1164,-568,-15160,315,530,220
205105112,984,-552,-11964,-90,488,136
205204112,1508,-412,-13660,66,352,127
205205712,1508,-412,-13660,66,352,127
205209412,1528,-384,-13856,67,412,166
205215312,1460,-432,-13560,79,337,155
205220212,1384,-368,-13808,123,334,160
205225012,1272,-384,-13824,87,331,149
205229812,1204,-224,-13764,81,381,128
205234612,1188,-280,-13900,91,360,125
205239412,1204,-188,-13828,90,363,122
205245312,1092,-180,-13804,108,329,102
205250112,1172,-44,-13684,88,302,85
205254912,928,176,-13772,80,295,77
205259812,2256,-80,-14780,613,1215,136
205264612,876,-2400,-2596,2761,-464,181
205341410,868,-264,-12476,-65,438,88
205345110,868,-264,-12476,-65,438,88
205349912,1300,176,-14444,-114,659,83
205354712,1308,116,-12516,59,108,91
205451710,1684,-668,-8188,194,-1584,102
205465112,1044,1340,-11876,352,-75,83
205470012,984,-884,-11680,109,1380,96
205474912,1564,-792,-9792,-626,465,82
205479712,2208,668,-20420,223,-483,174
205484512,1180,-484,-12320,731,-180,106
205490412,852,-16,-11536,-123,773,60
205495212,1112,-548,-16104,-515,968,62
205500012,1288,112,-12340,225,334,78
205504812,2300,-268,-16668,330,1100,104
205509612,476,-716,-9580,-258,-575,-33
205514512,1148,352,-17600,723,1000,134
205520412,1024,-612,-9008,-994,622,15
205525212,2096,192,-16940,636,452,112
205546112,2124,48,-16104,-399,-579,104
205549812,1416,488,-13252,337,716,169
205627711,1824,-452,-12472,280,488,109
205630511,1824,-452,-12472,280,488,109
205635311,1044,-380,-13164,-356,19,70
205732212,976,-496,-13892,46,427,6
205734912,976,-496,-13892,46,427,6
205739812,1368,-288,-14060,-132,521,13
205744612,1436,-120,-13252,183,443,41
205749412,1508,-260,-13692,236,203,79
205755312,1152,-324,-13672,44,184,88
205760112,1024,-316,-13752,-42,431,107
205764912,1424,-92,-14092,80,479,113
205769812,1720,-316,-13536,222,243,157
205774612,1068,-720,-12228,367,-147,202
205779412,1944,640,-12156,327,-2791,210
205785312,1748,-480,-22160,1577,214,430
205790112,900,-1340,-10896,-747,210,94
205794912,652,84,-10220,-739,1563,58
205799712,2088,-68,-13368,47,185,165
205804512,2492,-804,-18400,744,-446,261
205903212,1404,-200,-13772,73,291,144
205983610,1420,216,-12884,135,-5,118
206007910,1084,108,-10812,-1130,1239,92
206009410,1084,108,-10812,-1130,1239,92
206015412,1576,-164,-13328,1069,802,234
206020212,2124,-396,-17160,476,-1334,211
206025012,340,700,-12548,-52,-434,97
206029912,412,-308,-12232,201,1062,87
206034712,1080,-240,-15232,-533,1565,61
206039512,1704,-8,-12776,6,599,51
206045412,1964,152,-14700,439,-218,114
206050212,680,-792,-13780,137,-120,15
206055012,868,-264,-11460,-204,841,-4
206059812,1636,-284,-14488,-215,927,10
206064612,2264,-80,-13980,267,-118,89
206069512,1488,88,-15860,424,-17,85
206075412,1140,-468,-11560,196,563,65
206080212,1104,-372,-14012,-541,1231,62
206177110,1140,48,-13656,102,339,70
206179810,1140,48,-13656,102,339,70
206184610,1288,-104,-13648,105,351,61
206261212,2708,2652,-25992,-652,-901,145
206265312,2028,496,-11672,1525,1204,148
206270112,1300,528,-12932,277,-667,117
206274912,176,-1028,-12380,-878,551,123
206279712,540,180,-13576,195,488,34
206284512,2036,600,-14984,-49,628,45
206290412,1648,92,-14468,383,-445,31
206295312,704,-192,-12540,194,246,68
206300112,772,-444,-11884,-512,1089,39
206304912,2080,440,-16008,78,347,39
206309712,1976,312,-13584,422,-65,80
206314512,1280,-696,-13360,275,461,87
206320412,1064,176,-11720,-114,176,70
206325212,1756,76,-15624,-404,800,69
206424512,1336,-1012,-6432,1016,-520,139
206441610,1608,324,-11100,-641,1452,100
206445310,1876,-832,-12976,658,1430,226
206450212,1992,700,-16344,-74,-1168,173
206455012,156,228,-13176,-154,74,100
206459812,964,224,-12128,620,1157,63
206560812,1264,-24,-13352,106,258,120
206564912,1508,-20,-13740,114,354,126
206569712,1504,-104,-13544,-43,436,122
206574612,1460,-96,-13956,62,361,101
206579412,1460,-268,-13632,139,337,87
206585312,1340,-284,-13416,88,285,98
206590112,1516,-268,-13696,111,383,83
206594912,1476,-272,-14048,64,330,76
206599712,1312,-236,-13740,64,361,63
206604612,1284,-212,-13680,110,403,64
206609412,1296,-240,-13572,101,363,59
206615312,1280,-108,-13724,108,302,78
206712012,2016,116,-14180,-135,230,11
206714721,2016,116,-14180,-135,230,11
206719512,1736,792,-14532,285,195,67
206725412,704,-548,-13472,-80,205,57
206730212,860,-280,-12992,-265,1063,35
206735012,1472,-152,-13604,190,520,59
206739812,1876,-108,-14920,175,-153,68
206744612,1016,-488,-13148,103,92,82
206820512,1360,164,-13676,39,402,67
206824569,1368,48,-13664,145,320,74
206829412,1328,-88,-13556,110,315,82
206835312,1372,-32,-13640,90,363,74
206840112,1452,72,-14128,100,371,44
206844912,1396,-156,-13680,85,328,85
206849712,1284,-88,-13396,70,337,72
206854612,1448,-80,-13608,68,400,103
206859412,1456,-100,-14012,95,338,77
206958312,1504,-80,-13728,78,371,45
206975512,1412,-56,-13704,68,354,81
206980412,1420,-124,-13708,73,379,93
206985212,1516,20,-13756,75,342,111
206990112,1448,72,-13700,87,325,109
206994912,1444,12,-13644,63,325,107
206999712,1452,0,-13588,91,357,132
207004512,1456,-36,-13748,56,340,127
207010412,1484,-8,-13708,102,345,107
207015212,1240,20,-13684,65,336,115
207020012,1224,8,-13624,80,339,116
207093110,1256,-208,-13780,110,339,90
207094712,1256,-208,-13780,110,339,90
207099512,1288,-228,-13736,98,337,130
207105412,1396,-80,-13656,63,337,116
207110212,1352,-36,-13684,68,349,124
207115012,1224,-64,-13676,107,337,117
207119812,1276,24,-13820,84,332,136
207217811,1348,-232,-13452,99,331,101
207219411,1348,-232,-13452,99,331,101
207224411,1444,-164,-13648,88,329,113
207230311,1476,-232,-13824,72,319,124
207235111,1352,-192,-13672,76,326,114
207240011,1336,-128,-13736,86,356,124
207244811,1440,-92,-13692,78,344,132
207249611,1292,-140,-13956,95,338,100
207254411,1236,-100,-13732,73,308,133
207260311,1304,-92,-13812,76,359,110
207265111,1324,24,-13688,74,362,101
207269911,1328,0,-13760,129,329,96
207274711,1412,-136,-13724,84,343,82
207350110,1584,152,-14224,189,539,119
207355110,1288,-532,-14312,-133,184,98
207359912,1212,28,-12892,164,320,132
207364712,1468,-128,-13928,77,428,128
207463810,1352,-848,-15764,153,-628,110
207484512,1436,72,-13520,222,477,110
207489412,1588,300,-14220,618,-302,99
207495412,1216,-328,-13408,-67,204,74
207500212,1080,-268,-12804,-297,806,84
207505012,1668,148,-14712,38,515,67
207509812,2184,268,-14232,331,64,106
207514612,1236,-944,-13456,602,863,160
207519412,1508,-356,-11060,-306,485,111
207525412,1252,-136,-15572,-494,728,85
207530212,1824,168,-13052,707,599,156
207535012,1308,-1168,-11608,89,-551,130
207555912,1588,-408,-10348,137,402,158
207559612,1108,-40,-15312,-250,81,166
207564412,1080,256,-14192,265,-27,115
207570312,1080,-48,-14148,5,709,64
207646812,1288,-32,-13440,28,314,121
207649613,1292,-24,-13660,77,374,114
207654412,1436,-224,-14168,257,85,90
207750411,1436,-224,-14168,257,85,90
207754411,1128,-492,-12568,-51,390,73
207760311,1388,-388,-14136,-68,581,96
207765111,1472,-344,-14316,37,347,121
207769911,1460,-148,-12976,263,148,112
207774711,1276,-960,-13632,271,340,134
207779511,1452,-60,-14484,-241,265,85
207785411,1240,-84,-12956,100,623,69
207790211,1608,-188,-14072,127,179,131
207795111,1204,-256,-13852,248,169,149
207799911,1160,-60,-13180,-3,289,95
207804711,1300,-16,-13944,86,589,94
207809511,1316,84,-13844,34,237,97
207815411,1224,104,-13692,34,338,82
207820211,692,148,-13044,122,-43,70
207825011,2292,360,-17060,676,1252,175
207921612,1224,-388,-13496,94,313,69
208002610,1420,260,-13844,57,310,122
208015712,1872,640,-17948,333,412,117
208019670,64,-248,-6888,-368,340,53
208024512,2316,1052,-21288,589,-139,106
208030412,1104,-328,-7876,-115,458,112
208035212,1740,380,-16828,27,-152,47
208040012,1608,-220,-12844,285,846,81
208044812,1624,136,-13304,-2,-84,52
208049712,1604,-188,-13744,88,579,106
208054512,1392,-144,-13976,119,159,102
208060412,1316,-188,-13316,38,463,109
208065212,1424,-188,-13940,116,387,83
208070012,1244,-128,-13764,88,348,105
208074812,1380,44,-13220,-19,213,107
208079612,744,-884,-14280,529,526,165
208084412,1124,-720,-10476,94,-1036,86
208184610,1444,272,-14448,230,104,100
208189812,1344,392,-12992,45,145,119
208194712,1352,256,-14016,152,562,120
208199512,1532,60,-14116,-65,363,115
208275512,1120,-176,-14484,394,181,122
208279612,1488,-132,-13680,44,438,129
208284412,1372,-332,-13052,183,480,169
208290312,1124,-148,-14304,-172,229,161
208295112,1028,-212,-13228,157,305,145
208299912,1540,96,-13920,282,389,117
208304712,1496,8,-13644,-123,312,129
208309612,1380,60,-13756,113,335,109
208314412,1248,56,-13648,83,330,96
208320312,1356,192,-13612,36,379,71
208325112,1452,216,-13796,124,390,90
208329912,1384,132,-13496,71,320,92
208334712,1404,96,-13480,18,393,61
208431612,1864,-24,-14624,584,-318,140
208448612,1348,-124,-13584,758,825,130
208450113,1348,-124,-13584,758,825,130
208455012,1808,-292,-12456,345,-413,100
208459812,1108,-524,-12948,-314,934,93
208464612,996,212,-15160,-262,85,37
208469412,1988,424,-14136,660,625,91
208569512,1148,268,-13856,108,983,46
208574412,1916,-656,-14092,2,747,119
208580312,1404,-308,-13528,96,-59,135
208585112,988,-312,-13352,-113,459,118
208589912,1388,-244,-14436,230,458,73
208594712,1636,-180,-13504,61,473,120
208599512,1108,-384,-13032,-80,307,120
208605412,1284,-460,-14700,174,295,131
208610312,904,24,-12500,34,102,119
208615112,1748,380,-16168,-376,-110,80
208619912,988,-48,-12664,389,1296,145
208717969,1216,-284,-13680,86,350,108
208719510,1216,-284,-13680,86,350,108
208725410,1212,-416,-13668,92,344,113
208730212,1628,240,-12948,182,-20,96
208735012,2244,324,-17716,187,647,185
208739812,84,-2188,-6024,1845,1138,216
208744712,2044,-120,-20972,-1708,-2154,34
208749512,696,324,-7700,626,1537,87
208755412,1220,104,-14576,-747,1140,39
208831812,1832,140,-14076,531,-9,140
208834612,1040,-200,-13000,12,-169,115
208839512,1208,136,-14324,-10,632,95
208845412,1488,-164,-13420,107,641,108
208850212,1472,-68,-13720,96,219,132
208855012,1064,-80,-13400,79,158,113
208859812,1244,-148,-13832,192,480,83
208864612,1440,-244,-13728,-13,380,97
208869412,1024,-284,-13544,134,525,94
208964410,1024,-284,-13544,134,525,94
208976610,1368,52,-13456,-215,731,109
208980312,1496,140,-14020,251,270,96
208985112,1412,-788,-13164,317,239,110
208989912,1224,292,-13504,-208,23,48
208994712,1500,180,-14272,15,623,65
208999512,1632,-116,-13240,192,398,96
209005412,1288,-184,-14188,257,-40,96
209010312,1248,-124,-12948,-4,389,62
209015112,1292,-148,-14084,-38,510,85
209019912,1516,-128,-14076,126,320,80
209095710,1860,-1276,-16268,-1013,-1123,-1
209099612,432,72,-9864,578,1522,63
209104412,1412,576,-13396,-1253,-235,-13
209110312,2284,-28,-17580,1196,1251,181
209115112,1484,-576,-12084,-51,-637,85
209119912,852,72,-11280,-123,991,89
209124812,1100,-716,-15888,-242,490,59
209221910,1208,-12,-12500,111,278,104
209224779,1364,-164,-13560,122,460,117
209229610,1112,-28,-14596,7,196,85
209234410,1024,-28,-13496,143,319,101
209240312,1444,-116,-13656,62,600,74
209245112,1452,92,-14120,54,168,70
209249912,1456,-204,-13036,118,380,97
209254812,1120,-92,-14252,14,271,83
209259612,1420,-208,-13352,84,453,64
209264412,1484,-124,-13644,144,374,76
209270312,1500,-168,-13760,-25,305,112
209275112,1332,-128,-13184,109,357,113
209279912,1512,-60,-14028,151,350,91
209356212,1256,-352,-12176,237,421,95
209360312,1200,140,-13664,-164,101,63
209365112,1364,-84,-14432,214,557,82
209369912,1508,-244,-13180,124,265,97
209468912,920,236,-12900,-310,414,27
209482012,1440,164,-13352,576,-106,116
209484612,1412,172,-14568,-506,-344,92
209489512,536,-212,-12104,422,680,62
209495412,1928,356,-14480,-260,392,70
209500212,1384,-52,-13088,42,511,82
209505012,1592,-128,-15380,465,-201,110
209509812,948,-44,-11628,-86,355,73
209514612,1408,-196,-14484,5,654,103
209519412,1660,-168,-14212,58,373,75
209525312,1316,8,-12960,176,167,113
209530212,1368,-260,-13796,170,353,90
209535012,1228,-316,-13780,-21,328,110
209539812,1460,-60,-13636,112,421,83
209544612,1408,-216,-14040,106,368,107
209565412,1144,-204,-13656,48,304,110
209645612,1344,-84,-13804,103,368,101
209650512,1312,40,-13764,93,327,96
209655412,1304,-168,-13752,101,356,118
209751015,1304,-168,-13752,101,356,118
209755012,1508,-64,-13644,82,324,106
209759812,1280,-16,-13648,84,304,74
209764712,1216,-12,-13696,83,341,92
209769512,1432,-32,-13768,124,346,92
209775412,1456,-8,-13828,96,343,108
209780212,1496,52,-13636,67,339,102
209785012,1520,-88,-13636,75,391,105
209789812,1504,28,-13736,109,341,95
209794612,1416,12,-13852,106,313,96
209799412,1352,116,-13564,74,339,86
209805412,1332,76,-13696,32,395,95
209810212,1412,16,-13672,93,350,103
209815012,1332,20,-13808,106,291,116
209819812,1380,-28,-13680,103,324,103
209824612,1288,-60,-13636,60,388,98
209922412,1392,-84,-13700,89,331,112
210000070,1344,-144,-13624,86,345,88
210017112,1388,-32,-13752,93,345,96
210019712,1360,-112,-13572,80,338,84
210024512,1412,-180,-13716,126,359,97
210030412,1344,-96,-13772,103,341,106
210035212,1412,-136,-13860,68,339,72
210040012,1400,-108,-13576,90,356,86
210044812,1320,-144,-13816,75,348,101
210049612,1276,-68,-13672,74,340,99
210054512,1344,0,-13796,61,365,91
210060412,1360,-96,-13684,72,359,114
210065212,1384,-8,-13612,90,351,99
210070012,1344,-20,-13744,94,338,102
210074812,1392,-36,-13692,80,355,92
210079612,1384,-68,-13640,96,357,82
210084412,1364,-20,-13648,88,353,82
210090312,1364,-100,-13632,72,314,109
210186010,1364,-100,-13632,72,314,109
210189812,1328,-92,-13684,83,335,113
210194612,1344,-204,-13612,85,357,94
210268712,1396,-108,-13884,90,319,106
210270312,1396,-108,-13884,90,319,106
210275112,1452,-48,-13740,86,346,107
210279912,1324,-84,-13536,97,330,96
210284712,1328,-108,-13700,68,332,84
210289512,1252,-116,-13692,89,370,85
210295412,1424,-64,-13760,64,359,109
210300212,1424,-112,-13752,69,333,80
210305012,1304,-164,-13712,71,310,82
210309912,1436,-196,-13784,79,316,110
210314712,1304,-120,-13720,93,337,80
210319512,1388,-24,-13716,83,334,87
210325412,1388,-16,-13616,101,337,111
210330212,1428,-96,-13692,99,346,103
210335012,1264,-120,-13680,69,336,105
210430716,1264,-120,-13680,69,336,105
210443012,1296,-60,-13676,84,311,103
210444512,1228,-68,-13808,86,333,103
210449512,1260,-96,-13748,83,350,94
210455412,1292,-148,-13832,90,338,82
210530210,1356,-84,-13652,70,326,115
210535210,1296,-20,-13824,79,327,104
210540012,1368,0,-13632,87,347,100
210544812,1404,-104,-13720,92,333,119
210565712,1388,-128,-13700,68,340,110
210569412,1352,-8,-13532,64,316,81
210575412,1416,-128,-13700,77,370,100
210580212,1364,-76,-13768,84,347,91
210585012,1400,-200,-13876,115,323,88
210589812,1424,-16,-13520,102,331,94
210594612,1276,36,-13656,56,341,100
210599412,1496,-100,-13692,77,356,97
210605312,1340,-92,-13704,73,336,97
210610112,1328,-44,-13592,63,333,83
210707010,1384,-48,-13716,83,344,70
210709719,1308,-64,-13604,64,351,88
210714512,1380,-20,-13676,93,348,93
210720412,1388,-96,-13612,89,365,93
210725212,1428,-116,-13616,83,338,102
210730012,1256,12,-13732,78,364,112
210803812,1348,-140,-13712,114,373,63
210805412,1348,-140,-13712,114,373,63
210810212,1276,-156,-13604,84,351,97
210815112,1380,-196,-13672,95,322,94
210819912,1388,-184,-13708,89,342,95
210824712,1340,-96,-13624,107,384,91
210829512,1292,-148,-13656,88,337,97
210835412,1268,-180,-13692,70,343,96
210840212,1380,-156,-13656,94,323,102
210845112,1420,-84,-13812,97,328,104
210849912,1304,-56,-13808,79,358,101
210854712,1328,-112,-13544,92,364,98
210952110,1240,-168,-13744,79,334,105
210969212,1296,-236,-13764,76,337,106
210970812,1296,-236,-13764,76,337,106
210974512,1296,-96,-13864,112,328,98
210980412,1400,-92,-13800,102,342,121
210985212,1480,-20,-13772,70,338,128
210990012,1344,-220,-13860,97,359,117
210994812,1308,-136,-13788,79,346,106
211070010,1252,-76,-13696,89,355,104
211074810,1468,-124,-13672,95,359,107
211079612,1428,-88,-13824,74,327,93
211084412,1336,-108,-13724,84,326,86
211090312,1352,-88,-13680,102,337,98
211095112,1280,-140,-13772,85,345,97
211099912,1404,-56,-13676,80,326,90
211104712,1452,-32,-13712,94,323,80
211109612,1352,-116,-13716,86,363,102
211114412,1444,-132,-13656,82,326,113
211212512,1352,-152,-13576,59,328,90
211215312,1316,-212,-13700,86,334,72
211220112,1432,-180,-13648,93,346,97
211224912,1380,-36,-13640,56,355,102
211229712,1384,-180,-13700,91,330,97
211234512,1292,-28,-13676,63,337,93
211240412,1380,-180,-13644,85,352,88
211245212,1396,-56,-13612,84,338,127
211250012,1344,-160,-13784,72,339,110
211254912,1384,-136,-13552,96,358,116
211329610,1468,-140,-13800,86,346,95
211334510,1432,-100,-13672,71,334,101
211339412,1424,-160,-13764,101,344,75
211345312,1332,-204,-13624,101,335,116
211350112,1212,-96,-13688,112,359,74
211354912,1344,-112,-13756,72,347,90
211359712,1328,-120,-13820,81,364,109
211457610,2220,664,-20292,368,-796,132
211471012,1328,-608,-13148,-436,521,79
211474812,1628,4,-13428,337,216,118
211479712,1340,-192,-13488,9,133,118
211484512,1524,224,-15300,187,160,52
211490412,1096,-340,-11748,-155,821,85
211495212,1560,-232,-14020,-17,489,91
211500012,1728,12,-14640,149,175,131
211504812,1144,-112,-13012,135,120,92
211509612,904,-688,-11688,293,459,107
211514412,1616,276,-16008,-579,-454,47
211520412,1360,732,-14952,342,959,108
211525212,1532,-136,-11908,235,323,126
211625610,1292,-92,-13704,90,347,107
211629412,1328,396,-13316,74,192,95
211635312,1352,-392,-13868,326,233,107
211640112,1540,612,-13992,-59,-326,85
211644912,2364,1180,-19308,308,-1043,115
211740415,816,-264,-9272,-579,698,78
211745312,1964,296,-15280,1002,627,142
211750212,1576,-460,-14860,-695,53,106
211755012,800,164,-11864,306,421,65
211759812,1688,68,-14688,293,544,115
211764612,1524,-108,-14224,-51,123,113
211769412,792,-104,-12604,10,511,120
211775312,1140,-84,-14764,-26,449,70
211780212,1332,40,-13892,326,185,81
211785012,1376,-168,-12640,15,432,108
211789812,1100,48,-14324,-112,218,89
211794612,1344,-228,-13668,166,405,56
211799412,1396,-108,-13496,139,259,72
211805312,1488,-240,-13528,25,324,89
211810112,1584,-220,-13980,-4,438,89
211885810,1284,-32,-12788,-70,424,98
211889510,1312,-144,-14244,99,335,102
211986712,1876,-408,-17052,606,-784,157
212007212,1940,340,-14588,146,74,127
212009812,1276,-584,-13784,341,105,109
212014612,1316,168,-14464,78,192,65
212019412,908,-300,-12352,-350,977,81
212025312,1788,-28,-14568,262,509,65
212030112,1652,-140,-13892,229,4,102
212034912,1076,-104,-13072,-39,154,91
212039712,1244,-76,-13696,-39,752,83
212044612,1496,24,-13976,34,470,83
212049412,1556,140,-13200,264,-185,130
212055312,1276,-184,-15552,105,413,118
212060112,1184,-264,-12404,-116,781,80
212064912,1524,232,-13368,-25,542,79
212069712,1456,-108,-14292,226,164,124
212074512,1228,-56,-13876,249,-99,112
212080412,1160,-132,-12560,7,743,106
212177811,1472,-284,-13796,119,341,117
212257312,1332,-28,-13552,78,356,97
212260021,1432,-16,-13688,82,330,102
212264912,1432,-56,-13664,127,350,92
212269712,1392,-132,-13708,54,348,79
212274512,1396,-196,-13696,79,353,92
212280412,1376,-120,-13800,81,362,108
212285212,1300,-144,-13576,101,348,107
212290012,1364,-164,-13576,98,355,100
212294812,1304,-200,-13664,79,351,124
212299612,1296,-88,-13860,94,344,84
212304512,1336,-260,-13664,97,323,107
212310412,1236,-68,-13740,65,349,124
212315212,1292,-128,-13680,58,349,92
212320012,1324,-100,-13588,74,340,107
212324812,1264,-64,-13636,116,331,104
212329612,1360,-176,-13844,64,331,115
212427612,1440,-72,-13784,72,345,98
212441021,1304,-96,-13716,95,366,90
212444812,1276,-164,-13868,69,348,95
212449612,1332,-112,-13680,97,356,86
212524612,1652,-748,-16920,-332,-78,157
212529612,-208,-864,-10312,-397,1604,16
212534412,-208,-864,-10312,-397,1604,16
212540312,2100,856,-18900,594,101,270
212545112,1156,-1124,-13820,436,-247,153
212549912,700,244,-10888,-275,401,45
212554712,132,-716,-12584,127,1354,51
212559512,1912,-420,-14128,-797,374,27
212564412,1912,-420,-14128,-797,374,27
212570312,1492,104,-14164,708,-460,70
212575112,788,-424,-13092,-284,183,37
212579912,996,-232,-11708,-175,1223,95
212584712,1848,-500,-14532,-23,332,73
212589512,1908,-40,-14232,425,186,94
212709612,1484,-752,-13028,96,584,94
212714612,1484,-752,-13028,96,584,94
212719412,1208,-160,-14372,-159,45,77
212725312,1472,-216,-13760,181,424,87
212730112,1308,-96,-13452,-11,333,109
212735012,1176,-136,-13920,58,292,117
212812210,2784,76,-13660,-380,-96,58
212814810,968,-56,-11744,195,709,52
212819612,968,-56,-11744,195,709,52
212824412,1512,208,-14840,184,227,63
212830312,1584,212,-12596,271,401,73
212835112,1792,76,-15908,245,213,118
212839912,940,-704,-11956,136,76,113
212844712,884,-200,-14012,-228,737,116
212849612,884,-200,-14012,-228,737,116
212854412,1424,-20,-13788,39,520,116
212860312,996,-196,-13724,50,114,118
212957511,1764,224,-14768,186,144,125
212972012,1720,244,-14468,-51,470,149
212974612,1720,244,-14468,-51,470,149
212979412,1576,-2052,-11848,631,418,203
212985312,984,-84,-15464,-385,1693,183
212990112,988,-396,-13352,472,998,91
212995012,2200,-12,-11076,174,327,144
212999812,976,-592,-15056,-350,-319,112
213004612,976,-592,-15056,-350,-319,112
213080712,1364,-96,-14028,146,334,141
213084412,1364,-96,-14028,146,334,141
213090412,1276,-760,-13464,167,1018,159
213095212,1212,-556,-12652,210,-130,109
213100012,1648,224,-13208,-305,236,124
213104812,1648,224,-13208,-305,236,124
213109612,1432,-60,-15212,95,329,88
213114412,1692,156,-12828,445,374,100
213120412,1144,-132,-14100,-28,331,90
213217710,1048,-244,-12792,-65,1001,79
213220418,1908,240,-15376,166,423,101
213225212,1412,-228,-12076,-67,172,105
213230012,1472,-48,-14072,248,340,107
213234912,1808,132,-14224,132,242,94
213239712,1808,132,-14224,132,242,94
213244512,1520,208,-13080,59,477,99
213250412,1352,148,-13712,7,175,97
213255212,1416,204,-13628,209,311,114
213260012,1180,292,-13736,-31,428,107
213264812,1180,292,-13736,-31,428,107
213341012,1456,-268,-13640,192,32,99
213344912,1456,-268,-13640,192,32,99
213349712,1924,288,-16920,291,1760,205
213354612,-336,-1232,-7720,46,38,59
213359412,2152,752,-19844,603,39,155
213365312,1812,880,-16624,869,358,138
213464512,1392,-388,-14032,33,366,90
213479410,1528,28,-14088,78,273,84
213485410,2328,232,-13004,340,397,137
213490212,460,-2872,-9468,1062,1162,201
213495012,1716,-356,-17432,-1200,-1110,-8
213499812,1716,-356,-17432,-1200,-1110,-8
213504712,736,1384,-10004,808,1145,103
213509512,2152,-680,-13256,-486,70,120
213515412,1076,-324,-12936,11,-159,134
213520212,816,148,-11416,78,1252,122
213525012,816,148,-11416,78,1252,122
213529812,1468,-208,-16548,-427,163,76
213534612,1384,344,-12452,435,573,139
213539412,1128,-16,-13332,32,139,131
213616012,988,-196,-13080,23,647,77
213620112,1204,-272,-14600,-16,408,79
213624912,1204,-272,-14600,-16,408,79
213629712,1392,208,-13868,46,357,91
213749610,1556,-192,-13748,95,335,73
213754810,1500,-184,-13632,115,281,63
213759610,1588,-308,-13756,102,343,85
213764512,1340,-224,-13608,103,370,62
213770412,1348,-432,-13512,101,326,88
213775212,1236,-428,-13844,108,352,69
213780012,1236,-428,-13844,108,352,69
213784812,1144,-368,-13688,70,380,105
213789612,1072,-360,-13772,99,358,108
213794512,1056,-248,-13792,120,336,114
213800412,1096,-216,-13720,62,352,77
213805212,1292,-208,-13824,103,318,118
213810012,1292,-208,-13824,103,318,118
213814812,1224,-168,-13848,96,283,106
213819612,1268,-72,-13728,98,324,118
213824412,1272,-68,-13672,51,355,106
213900312,1772,140,-12820,71,129,109
213998412,1772,140,-12820,71,129,109
214019112,1704,20,-13820,105,327,122
214020612,1324,28,-13088,-1,242,94
214024512,1324,28,-13088,-1,242,94
214030412,1696,544,-12848,278,-32,113
214035212,1696,544,-12848,278,-32,113
214040012,1540,464,-17420,160,839,146
214044812,1064,-232,-9344,1317,722,154
214049612,1140,164,-16496,-1166,-253,46
214054512,728,-640,-14784,349,1714,19
214060412,1576,-308,-18040,-18,-203,85
214065212,1576,-308,-18040,-18,-203,85
214070012,788,-452,-12636,445,291,68
214074812,1300,-516,-11828,-231,692,-53
214079612,1080,1484,-16180,-70,-330,33
214084412,1712,404,-19556,877,1197,157
214090312,1788,-248,-17692,758,707,164
214189312,1836,-280,-13916,28,294,16
214190912,1552,-104,-13588,30,448,29
214269010,1164,456,-12652,298,-140,97
214270610,1448,-424,-14252,-52,920,108
214274412,1448,-424,-14252,-52,920,108
214280312,1924,388,-14852,-39,263,112
214285112,1528,100,-12060,152,298,99
214289912,1764,32,-14240,251,327,99
214294712,1540,208,-13728,-17,229,96
214299512,1540,412,-13204,39,514,88
214304412,1664,416,-14080,182,492,86
214310312,1436,256,-13408,20,232,82
214315112,1312,404,-13596,159,314,96
214319912,1204,336,-13760,11,358,101
214324712,1388,368,-13968,-2,458,98
214329512,1088,300,-13644,195,264,98
214335412,1440,-92,-13644,-33,411,63
214340212,1440,-92,-13644,-33,411,63
214436812,1660,-508,-11520,968,705,104
214456110,1844,176,-13920,-17,717,129
214459810,1844,176,-13920,-17,717,129
214464610,1848,284,-13488,245,485,153
214539812,1432,-584,-13640,17,389,111
214544712,1604,-588,-13916,92,374,112
214549512,1620,-512,-13316,82,351,157
214554412,1488,-472,-13740,33,348,144
214560312,1380,-296,-13608,80,356,172
214565112,1332,-448,-13964,108,376,159
214569912,1536,916,-11556,1017,1141,221
214574712,3520,-6528,-21624,6907,5111,959
214579512,5912,-1552,-8688,-5539,-6369,487
214585412,-380,4204,-7284,2096,449,378
214590212,2172,-1664,-17336,1613,268,284
214595112,348,-1008,-4900,-2152,3123,328
214599912,2568,-1624,-20892,-266,2722,40
214604712,1732,-332,-14136,121,331,107
214701310,1168,-324,-13364,107,156,106
214705212,1168,-324,-13364,107,156,106
214710012,1124,-368,-13584,57,365,115
214714812,1344,-420,-13872,9,418,109
214719712,1460,-136,-13684,107,325,148
214724512,1416,-228,-14056,150,294,102
214827512,1320,-208,-13692,69,357,115
214830212,1320,-208,-13692,69,357,115
214835012,1200,-204,-13576,75,329,93
214839812,1104,-240,-13680,90,351,92
214844612,1132,-368,-13700,81,364,87
214849412,1228,-212,-13744,76,353,69
214855312,1084,-236,-13708,89,303,75
214860112,1116,-256,-13468,93,312,82
214865012,1256,-268,-13916,73,334,96
214869812,1224,-260,-13636,94,331,68
214874612,1364,-268,-13864,93,343,58
214879412,1428,-276,-13620,129,340,64
214975015,1428,-276,-13620,129,340,64
214988512,1400,-184,-13768,94,411,81
214990012,1400,-184,-13768,94,411,81
214994912,1372,-372,-13632,69,319,88
214999712,1308,-364,-13724,107,349,83
215004512,1276,-296,-13756,83,363,100
215009412,1152,-384,-13644,101,373,126
215015312,1292,-388,-13764,99,350,132
215090712,1412,140,-13572,111,313,92
215094712,1412,140,-13572,111,313,92
215099612,1420,16,-13748,64,344,96
215104412,1280,28,-13716,140,370,70
215110312,1360,-56,-13808,82,339,67
215115112,1332,-256,-13732,57,339,91
215119912,1236,-200,-13740,77,343,91
215124712,1240,-340,-13636,50,348,55
215129512,1100,-244,-13812,91,310,69
215135412,1256,-452,-13680,114,318,65
215235210,1380,256,-13796,71,320,77
215240310,1476,80,-13612,79,347,61
215245110,1352,216,-13788,86,335,67
215249910,1448,124,-13700,86,339,73
215254712,1472,-24,-13640,100,330,74
215259512,1548,-148,-13704,89,321,84
215265412,1528,-124,-13824,91,353,97
215270312,1464,-252,-13612,81,328,98
215275112,1396,-224,-13756,113,333,103
215279912,1336,-316,-13644,101,349,115
215354112,1408,-12,-13652,95,357,74
215355712,1408,-12,-13652,95,357,74
215359412,1440,-40,-13716,83,336,99
215365312,1376,132,-13660,107,366,68
215370112,1428,128,-13676,98,324,69
215375012,1412,128,-13564,82,349,79
215379812,1328,44,-13572,94,331,111
215384612,1292,-384,-13728,71,342,91
215480210,1292,-384,-13728,71,342,91
215492412,1464,-244,-13752,98,351,96
215495212,1464,-244,-13752,98,351,96
215500012,1400,-176,-13708,77,352,124
215504812,1384,-256,-13648,98,359,123
215509612,1412,-152,-13756,91,334,124
215514412,1488,20,-13716,110,381,124
215520412,1548,40,-13832,87,342,125
215525212,1352,24,-13656,113,331,110
215530012,1372,172,-13768,78,353,105
215534812,1388,192,-13652,66,387,125
215539612,1412,260,-13764,91,328,105
215613912,1480,-388,-13716,104,339,122
215615513,1480,-388,-13716,104,339,122
215620312,1396,-352,-13640,79,332,131
215625112,1340,-452,-13756,106,326,98
215629912,1288,-436,-13764,95,366,117
215634812,1320,-268,-13724,73,362,126
215639612,1320,-308,-13688,61,340,135
215736312,1436,-56,-13780,75,340,106
215740312,1436,-56,-13780,75,340,106
215745112,1392,-112,-13688,98,325,110
215749912,1368,-192,-13912,87,322,103
215754812,1308,-180,-13644,88,350,98
215759612,1252,-228,-13792,71,330,99
215764412,1304,-208,-13644,74,341,94
215770312,1320,-196,-13720,83,343,110
215775112,1316,-340,-13880,93,318,92
215779912,1292,-356,-13712,57,322,111
215784712,1308,-308,-13800,76,332,91
215789512,1484,-296,-13616,88,324,83
215794412,1348,-320,-13640,95,350,97
215894312,1516,12,-13844,79,323,99
215895913,1516,12,-13844,79,323,99
215899812,1384,-52,-13768,81,349,71
215904612,1340,-124,-13680,99,355,80
215909412,1340,-92,-13724,57,356,64
216007512,1340,8,-13632,105,338,88
216028012,1460,0,-13604,85,346,91
216029512,1460,0,-13604,85,346,91
216034412,1480,36,-13764,81,324,91
216040312,1344,60,-13736,81,341,91
216045112,1420,-8,-13788,72,335,73
216050012,1568,-48,-13688,91,351,94
216054812,1368,-52,-13816,68,353,99
216059612,1412,-144,-13720,75,347,100
216064412,1368,-168,-13668,83,361,84
216070312,1388,-168,-13800,74,339,114
216075112,1340,-108,-13552,116,349,96
216079912,1316,-272,-13772,98,342,123
216084712,1336,-152,-13736,96,330,110
216089612,1316,-176,-13768,99,343,100
216162610,1380,-8,-13764,84,374,91
216165210,1380,-8,-13764,84,374,91
216170112,1488,112,-13632,86,338,105
216174912,1496,-240,-13780,76,333,87
216270810,1496,-240,-13780,76,333,87
216274612,1400,-164,-13764,82,332,92
216279412,1332,-48,-13744,83,336,114
216285412,1344,-220,-13716,87,322,116
216290212,1356,-60,-13720,79,340,100
216295012,1336,-124,-13704,93,309,101
216299812,1408,-48,-13652,87,326,110
216304612,1340,4,-13708,83,318,94
216309412,1388,8,-13564,76,351,113
216315412,1464,-8,-13668,92,365,82
216320212,1392,36,-13536,59,376,106
216325012,1428,4,-13696,81,365,110
216329812,1464,8,-13592,79,351,125
216334612,1264,72,-13768,123,317,84
216339412,1324,-8,-13668,96,332,84
216345312,1404,60,-13568,63,370,60
216418110,1492,-4,-13756,92,347,109
216516410,1440,-12,-13852,94,318,132
216537110,1316,28,-13564,98,341,114
216539710,1316,28,-13564,98,341,114
216544512,1308,-116,-13872,84,339,102
216550412,1224,-60,-13788,68,325,70
216555212,1300,-132,-13592,73,356,69
216560012,1400,-116,-13736,72,342,86
216564812,1360,-148,-13700,88,346,84
216569612,1272,-108,-13736,77,353,86
216574512,1348,-232,-13712,105,353,80
216580412,1268,-144,-13760,93,319,100
216585212,1380,-232,-13652,84,345,82
216590012,1324,-124,-13844,76,341,83
216594812,1304,-264,-13788,74,342,108
216599612,1308,-116,-13608,78,327,96
216604412,1380,-248,-13740,69,347,108
216610312,1388,-124,-13816,101,350,119
216707620,1380,-56,-13764,91,360,79
216710411,1380,-56,-13764,91,360,79
216786110,1348,4,-13640,76,335,104
216789910,1300,-20,-13772,85,333,97
216794812,1456,-20,-13752,103,347,76
216799612,1260,12,-13636,94,338,78
216804412,1488,-4,-13664,86,345,76
216810312,1420,80,-13732,74,359,74
216815112,1388,4,-13668,72,350,69
216819912,1296,40,-13720,72,347,71
216824712,1384,104,-13760,93,340,59
216829512,1416,84,-13740,87,352,87
216834412,1488,-16,-13708,106,336,80
216840312,1420,-124,-13712,76,316,94
216845112,1348,-88,-13748,66,369,96
216849912,1468,-84,-13660,80,350,104
216854712,1360,-68,-13744,79,349,94
216978110,1380,-20,-13728,96,328,97
216994010,1356,-92,-13748,77,358,115
216995510,1356,-92,-13748,77,358,115
217000412,1292,-104,-13736,78,342,107
217005212,1296,-92,-13744,88,359,106
217077910,1436,-128,-13824,96,341,104
217079410,1436,-128,-13824,96,341,104
217085412,1280,-132,-13648,56,367,103
217090212,1488,-100,-13864,62,368,98
217095012,1464,-8,-13708,84,346,92
217099912,1356,-112,-13532,80,326,122
217104712,1468,-56,-13636,92,337,88
217109512,1336,-28,-13616,80,325,99
217115412,1348,-4,-13716,77,332,82
217120212,1324,-52,-13744,82,320,107
217125012,1448,68,-13580,55,354,94
217129812,1464,64,-13556,102,372,99
217134612,1348,176,-13592,74,330,86
217139512,1324,32,-13728,78,320,103
217236610,1292,-184,-13620,85,320,92
217239479,1328,-208,-13744,68,356,92
217245410,1348,-108,-13896,90,350,117
217250210,1376,-4,-13688,80,341,84
217255012,1316,-80,-13580,96,335,109
217259812,1416,-108,-13728,109,317,85
217333512,1280,-96,-13760,95,334,98
217335112,1280,-96,-13760,95,334,98
217339912,1408,-200,-13744,75,337,102
217344712,1296,-116,-13764,79,345,93
217349512,1424,-164,-13548,78,323,97
217354412,1328,-176,-13808,94,332,90
217360312,1312,-80,-13704,93,347,91
217365112,1288,-268,-13568,116,327,109
217369912,1368,-160,-13772,79,347,98
217374712,1292,-160,-13816,102,341,91
217379512,1236,-136,-13704,96,340,71
217385412,1400,-96,-13716,58,376,72
217481112,1400,-96,-13716,58,376,72
217498212,1316,-96,-13680,81,371,108
217499812,1316,-96,-13680,81,371,108
217504612,1264,-136,-13632,70,344,78
217509412,1388,-268,-13780,77,347,78
217515312,1468,-176,-13788,99,326,108
217520112,1448,-136,-13636,67,344,91
217524912,1364,-184,-13680,75,338,103
217599511,1336,-4,-13728,84,320,102
217604511,1456,-28,-13736,82,351,83
217610411,1388,-48,-13592,86,339,95
217615211,1440,-16,-13668,102,327,80
217620011,1360,-56,-13764,98,359,99
217624811,1500,-56,-13608,71,337,75
217629711,1348,-76,-13764,109,342,89
217634511,1400,-140,-13648,81,341,120
217640411,1376,-120,-13732,75,362,93
217645211,1376,-64,-13564,90,338,130
217741010,1380,-44,-13812,69,359,104
217744910,1456,-84,-13816,89,353,90
217749812,1328,-20,-13752,104,325,93
217754612,1368,-80,-13680,61,364,105
217759412,1332,-68,-13696,78,329,98
217765312,1352,-60,-13736,112,329,87
217770112,1332,-32,-13828,101,341,97
217774912,1376,-12,-13636,67,347,100
217779712,1316,-40,-13672,73,352,100
217784512,1192,-28,-13872,93,326,110
217858710,1332,-136,-13784,77,354,97
217860210,1332,-136,-13784,77,354,97
217865112,1396,-124,-13668,104,362,98
217869912,1248,-156,-13640,77,354,105
217874712,1420,-84,-13780,95,357,101
217879512,1368,-92,-13684,85,348,98
217885412,1440,-124,-13780,59,339,118
217890212,1332,-236,-13748,85,340,110
218010012,1300,-116,-13868,93,353,84
218027212,1288,-148,-13696,72,337,85
218029812,1288,-148,-13696,72,337,85
218034612,1332,-108,-13688,81,329,97
218039512,1324,-128,-13720,72,342,109
218045412,1388,-64,-13536,53,347,107
218050212,1284,-68,-13780,75,343,110
218055012,1368,-48,-13764,83,345,113
218059812,1440,-4,-13712,68,347,100
218064612,1332,-92,-13768,82,321,89
218069412,1392,-88,-13584,74,340,96
218075312,1424,-40,-13664,95,355,103
218149912,1380,-100,-13628,78,331,90
218154912,1360,-244,-13576,93,325,97
218159712,1344,-148,-13792,104,338,95
218164512,1336,-148,-13620,93,332,83
218169412,1356,-68,-13644,92,328,66
218175312,1464,-72,-13784,92,342,100
218271210,1464,-72,-13784,92,342,100
218275112,1412,-24,-13852,79,356,92
218279912,1404,-128,-13600,69,357,87
218284812,1360,-148,-13688,87,353,88
218289612,1332,-80,-13536,94,335,99
218294412,1344,-184,-13772,92,324,89
218300312,1424,-172,-13696,85,343,70
218305112,1408,-72,-13628,84,338,93
218309912,1344,-200,-13600,100,338,104
218314812,1468,-80,-13788,83,344,99
218319612,1232,-128,-13636,94,352,112
218324412,1320,-192,-13840,72,340,99
218330312,1404,-172,-13720,95,355,113
218335112,1440,-52,-13728,68,326,100
218409610,1480,-32,-13736,68,322,85
218414410,1400,-60,-13784,88,344,122
218420312,1392,-164,-13608,101,352,96
218515912,1392,-164,-13608,101,352,96
218529610,1368,-152,-13680,77,358,95
218534410,1328,-124,-13672,87,363,90
218540312,1352,-136,-13768,103,337,82
218545112,1336,-132,-13728,80,339,100
218549912,1368,44,-13696,109,352,100
218554712,1444,-40,-13832,80,350,123
218559512,1380,24,-13768,79,358,127
218565412,1328,-64,-13668,92,389,103
218570312,1468,-88,-13780,92,330,91
218575112,1412,-76,-13476,99,338,107
218579912,1332,-84,-13752,81,328,82
218584712,1372,-144,-13600,84,354,99
218589512,1384,-168,-13644,81,349,99
218595412,1396,20,-13820,92,335,103
218600212,1364,-132,-13628,89,333,92
218699212,1380,8,-13720,102,347,93
218777110,1340,-148,-13756,90,350,79
218779810,1444,-120,-13748,72,335,100
218784712,1364,-216,-13768,92,338,101
218789512,1364,-8,-13672,75,365,93
218795412,1352,-92,-13736,76,339,106
218800212,1344,-16,-13712,85,341,109
218805012,1248,-20,-13832,82,331,84
218809812,1236,-64,-13664,87,347,97
218814712,1344,-84,-13800,76,330,67
218819512,1364,-136,-13728,91,337,91
218825412,1380,-64,-13752,96,343,86
218830212,1464,-92,-13540,82,328,87
218835012,1316,-40,-13716,107,326,88
218839812,1316,-48,-13560,80,324,100
218844612,1360,-12,-13720,62,337,79
218849412,1352,-140,-13528,90,324,112
218947310,1404,-200,-13732,64,333,95
218962069,1356,-92,-13756,70,355,85
218964710,1352,-32,-13696,69,330,94
218969510,1428,-64,-13760,81,314,101
219067517,1360,-104,-13596,53,355,93
219070212,1336,-104,-13732,87,338,96
219075112,1376,-156,-13696,117,322,100
219079912,1312,-20,-13504,62,375,103
219084712,1368,-80,-13704,49,342,96
219089512,1352,-100,-13696,107,333,108
219095412,1308,-100,-13668,57,342,102
219100212,1348,-152,-13744,64,330,129
219105012,1348,-140,-13636,90,330,95
219109912,1404,-28,-13668,69,343,110
219114712,1312,4,-13808,72,362,84
219119512,1464,-84,-13784,91,340,90
219125412,1364,-60,-13656,69,340,99
219130212,1320,-52,-13644,77,354,106
219229112,1340,-60,-13632,90,335,102
219230712,1340,-60,-13632,90,335,102
219234412,1364,-132,-13764,83,335,98
219240312,1472,-116,-13564,109,323,113
219245112,1456,-96,-13860,72,339,99
219249912,1316,-24,-13668,90,352,101
219324812,1364,-144,-13716,85,354,132
219329912,1428,-32,-13680,102,349,93
219334712,1452,56,-13708,90,331,124
219339512,1384,32,-13840,82,336,104
219345412,1264,-44,-13768,92,340,113
219350212,1340,-104,-13712,75,346,99
219355012,1432,52,-13704,79,326,96
219359912,1472,36,-13764,99,323,122
219364712,1504,-44,-13660,92,358,92
219369512,1268,-68,-13524,85,353,100
219375412,1412,-24,-13564,80,315,94
219474610,1296,-24,-13616,88,318,115
219495312,1396,-56,-13684,100,327,93
219500212,1376,-12,-13676,96,351,84
219505112,1288,-84,-13744,95,339,73
219509912,1276,-76,-13736,107,346,70
219514712,1448,56,-13604,89,355,84
219519512,1288,-48,-13688,93,361,85
219525412,1388,-56,-13640,98,347,98
219530212,1376,-176,-13560,123,336,82
219603712,1348,24,-13608,91,333,117
219605312,1348,24,-13608,91,333,117
219610112,1376,12,-13824,65,350,99
219614912,1332,-52,-13644,83,350,85
219619712,1380,-76,-13704,86,349,113
219624512,1400,0,-13740,82,339,80
219630412,1348,8,-13472,78,351,69
219635312,1340,12,-13848,96,341,86
219640112,1400,-116,-13648,75,338,90
219737910,1332,-116,-13724,67,357,61
219739410,1332,-116,-13724,67,357,61
219745412,1320,-136,-13704,71,324,82
219750212,1408,-104,-13700,73,350,71
219755012,1432,-108,-13668,68,343,112
219759812,1308,-44,-13808,79,327,99
219764612,1328,-104,-13656,90,345,83
219769412,1404,-52,-13664,72,359,103
219775312,1332,104,-13772,96,333,102
219780112,1500,-36,-13664,66,339,103
219785012,1296,-16,-13732,65,354,116
219858310,1360,8,-13736,66,321,110
219859912,1360,8,-13736,66,321,110
219864712,1468,-144,-13720,68,356,90
219869512,1296,-92,-13544,88,315,79
219875412,1396,-80,-13824,70,360,96
219880212,1352,-160,-13504,57,358,74
219885012,1348,-136,-13576,93,337,69
219981912,1380,-60,-13848,99,331,76
220006212,1380,-184,-13792,61,345,78
220010113,1328,-100,-13668,106,331,93
220015212,1384,-212,-13552,85,335,106
220020371,1372,-64,-13604,70,353,107
220025512,1292,-156,-13744,94,348,112
220029412,1484,-176,-13704,96,350,103
220034512,1328,-112,-13584,46,357,111
220039712,1240,-68,-13544,96,344,102
220063013,1356,-104,-13588,106,350,112
220064513,1288,-44,-13688,59,343,123
220069612,1396,-8,-13696,90,328,105
220074712,1368,-120,-13796,93,347,107
220149410,1340,8,-13712,130,318,105
220154410,1380,-52,-13688,90,361,97
220160310,1368,-92,-13772,76,344,105
220165110,1344,-124,-13744,95,335,112
220169910,1408,-8,-13644,80,323,103
220174810,1328,-84,-13724,58,352,108
220272712,1328,-48,-13668,72,327,125
220275512,1392,-52,-13700,85,343,97
220280312,1352,-100,-13792,113,358,105
220285112,1356,-120,-13708,78,362,96
220289912,1352,-84,-13876,62,325,93
220294812,1436,-128,-13672,93,350,94
220299612,1444,48,-13700,66,338,120
220304412,1396,-136,-13716,69,367,95
220310312,1356,-40,-13568,98,339,109
220315112,1356,-92,-13676,94,334,76
220319912,1360,-132,-13640,83,338,100
220324712,1444,-80,-13604,74,346,102
220329512,1316,-160,-13684,119,366,91
220334412,1332,-176,-13732,71,359,86
220408812,1448,-12,-13660,62,336,85
220410412,1448,-12,-13660,62,336,85
220415212,1336,-28,-13868,59,335,80
220420012,1476,100,-13712,115,334,113
220518310,1328,-24,-13684,81,323,126
220531821,1332,-176,-13692,104,347,106
220534412,1236,-108,-13576,89,322,106
220540312,1352,-64,-13772,66,343,80
220545112,1264,-28,-13668,117,345,112
220549912,1328,-32,-13688,93,302,89
220554812,1348,4,-13712,70,352,111
220559612,1364,28,-13536,80,313,113
220564412,1448,-48,-13844,86,353,73
220570312,1328,44,-13792,51,363,104
220575112,1316,-104,-13620,66,344,98
220579912,1360,-64,-13700,70,333,99
220584712,1292,-84,-13648,88,368,105
220589512,1436,-28,-13712,67,325,106
220594412,1360,-32,-13752,81,344,106
220600312,1332,-12,-13696,92,331,86
220674112,1460,-128,-13760,67,343,102
220675712,1460,-128,-13760,67,343,102
220679412,1256,-104,-13764,68,337,95
220775512,1256,-104,-13764,68,337,95
220779412,1460,-44,-13624,117,340,103
220785312,1352,-112,-13752,55,373,89
220790212,1340,-4,-13756,86,340,129
220795012,1484,-108,-13784,106,341,115
220799812,1304,-172,-13612,65,363,94
220804612,1308,-124,-13680,97,332,98
220809412,1380,-192,-13592,109,346,105
220815312,1428,-60,-13704,72,350,110
220820212,1376,-100,-13728,100,331,95
220825012,1388,-136,-13704,94,330,88
220829812,1232,-140,-13648,53,347,93
220834612,1512,-32,-13728,91,318,95
220839412,1340,-28,-13776,88,354,87
220845312,1424,-168,-13644,76,345,96
220850112,1400,-148,-13620,91,315,105
220945512,1388,-44,-13744,74,331,113
221039310,1392,-164,-13768,94,319,92
221040910,1392,-164,-13768,94,319,92
221063410,1460,-64,-13640,72,339,106
221064910,1372,-96,-13748,83,317,85
221069710,1420,-16,-13640,98,347,104
221074512,1416,-100,-13780,87,364,90
221080412,1408,-36,-13764,77,352,105
221085212,1476,-32,-13580,89,345,94
221090112,1440,-84,-13760,75,343,96
221094912,1320,-128,-13668,84,354,86
221099712,1264,-4,-13732,66,339,100
221104512,1316,-148,-13732,84,370,85
221110412,1380,-40,-13840,57,322,99
221115212,1276,-168,-13684,77,381,127
221120012,1412,-188,-13916,88,342,92
221124812,1432,-148,-13832,85,350,105
221129712,1264,-60,-13740,82,327,87
221134512,1340,-84,-13856,56,365,107
221230111,1448,-132,-13780,99,322,90
221235111,1384,-156,-13776,53,343,104
221309312,1392,-168,-13824,70,337,81
221310912,1392,-168,-13824,70,337,81
221314612,1372,-148,-13752,92,329,78
221319412,1292,-44,-13580,82,339,98
221325312,1412,-80,-13740,100,331,96
221330212,1416,-204,-13700,77,323,89
221335012,1304,-128,-13656,95,317,96
221339812,1476,-24,-13756,96,347,109
221344612,1328,-112,-13820,90,350,91
221349412,1456,-76,-13804,78,329,109
221355312,1284,-32,-13612,65,354,88
221360112,1288,-92,-13736,87,350,86
221364912,1316,44,-13664,84,337,84
221369812,1440,4,-13680,104,333,91
221374612,1304,-40,-13728,56,325,118
221379412,1324,12,-13852,66,343,96
221475015,1392,-92,-13652,99,316,123
221488710,1408,-16,-13736,81,345,96
221490210,1364,-56,-13600,88,330,101
221495112,1372,-24,-13744,71,353,97
221568610,1288,-80,-13628,104,325,97
221570212,1324,-100,-13616,75,342,104
221575012,1416,-32,-13752,87,329,86
221579812,1488,-112,-13744,90,334,95
221584612,1496,-188,-13660,92,353,116
221589412,1316,-84,-13588,82,347,89
221595312,1420,-132,-13868,87,350,102
221600112,1316,-116,-13796,92,324,88
221604912,1500,-160,-13812,70,316,104
221609812,1276,-80,-13684,75,336,78
221614612,1276,-56,-13632,71,338,131
221619412,1280,-168,-13712,83,350,135
221625312,1444,-144,-13604,99,324,93
221630112,1284,-152,-13656,92,330,114
221634912,1416,-60,-13720,80,309,80
221731812,1440,-124,-13836,85,332,111
221734515,1388,-72,-13672,70,358,80
221739412,1360,-100,-13704,90,339,80
221745312,1424,-112,-13564,113,330,76
221750112,1388,-228,-13792,79,332,92
221824810,1460,-112,-13704,90,339,124
221830012,1480,-104,-13740,70,305,106
221835172,1324,-136,-13668,91,352,112
221840312,1400,12,-13796,102,349,102
221845412,1356,-16,-13588,80,339,96
221850571,1388,-68,-13732,106,354,92
221854512,1400,-140,-13668,85,367,105
221859712,1280,-108,-13820,102,340,77
221864871,1388,-196,-13720,93,332,79
221870012,1380,-96,-13760,98,329,113
221875112,1404,-144,-13820,120,360,109
221880272,1428,-96,-13724,54,328,101
221885412,1396,-40,-13812,88,367,96
221981310,1396,-40,-13812,88,367,96
221998412,1432,-84,-13664,84,348,84
221999912,1484,-20,-13780,94,343,119
222004912,1408,-72,-13708,119,331,93
222009712,1340,-44,-13864,83,334,103
222014512,1340,-76,-13696,91,328,97
222020412,1452,-148,-13772,87,334,102
222119412,1408,-68,-13760,84,336,109
222124512,1316,12,-13732,73,350,97
222130412,1408,-36,-13648,86,352,89
222135212,1344,-72,-13764,61,350,76
222140012,1304,-60,-13764,80,313,90
222144812,1332,-68,-13680,76,369,73
222149612,1372,12,-13704,90,331,113
222154412,1352,-16,-13768,82,331,122
222160412,1408,-168,-13620,76,337,90
222165212,1400,-136,-13772,86,337,91
222170012,1268,-92,-13676,71,356,87
222267211,1300,-60,-13784,78,333,88
222270011,1368,40,-13668,83,334,90
222274911,1352,-40,-13652,63,354,120
222279711,1404,-16,-13596,53,338,99
222284511,1320,-52,-13548,78,340,104
222290411,1412,-44,-13644,109,344,92
222295211,1436,-116,-13668,83,327,106
222300011,1328,8,-13736,66,342,101
222304811,1292,-32,-13672,83,331,97
222378213,1324,-76,-13752,84,333,100
222379712,1344,-152,-13660,83,328,99
222384712,1300,-140,-13676,90,340,101
222389512,1372,-176,-13760,100,325,100
222395412,1412,-56,-13712,82,323,92
222400212,1400,-88,-13880,111,331,81
222405012,1380,-96,-13748,87,328,128
222409812,1376,-52,-13660,83,326,106
222414712,1404,12,-13600,82,331,86
222510610,1388,-128,-13660,88,352,92
222523010,1344,-128,-13636,89,365,77
222524510,1332,-16,-13676,71,348,109
222529412,1380,-160,-13664,94,315,103
222535312,1356,-116,-13736,86,363,114
222540112,1284,-80,-13680,87,345,101
222544912,1372,-144,-13716,105,356,106
222549712,1340,-112,-13740,108,373,98
222554512,1392,-160,-13616,73,340,103
222560412,1320,-68,-13716,106,331,78
222565212,1300,-52,-13608,71,353,118
222640511,1304,-132,-13680,137,346,111
222644411,1332,-96,-13744,57,357,104
222650311,1468,-60,-13688,87,346,82
222655111,1428,-84,-13724,101,328,99
222659911,1280,-112,-13680,83,343,100
222664811,1300,-48,-13584,102,340,100
222669611,1368,-148,-13676,109,359,120
222767512,1296,-36,-13644,92,294,84
222770412,1352,112,-13844,86,357,109
222775212,1432,-56,-13856,73,340,104
222780012,1316,24,-13840,104,324,88
222784812,1284,-100,-13776,91,321,109
222789612,1372,-72,-13680,80,369,91
222794412,1416,-100,-13644,66,332,89
222800412,1328,-112,-13768,96,330,66
222805212,1320,-64,-13784,77,351,103
222810012,1364,-180,-13796,92,364,99
222814812,1340,-236,-13656,99,293,90
222819612,1404,-36,-13816,93,329,72
222824412,1352,-156,-13612,91,390,89
222899210,1364,64,-13684,111,344,92
222900710,1428,-88,-13740,39,350,91
222904410,1428,-88,-13740,39,350,91
222910312,1488,-88,-13680,113,348,126
222915112,1352,-112,-13600,68,352,112
223013412,1264,-132,-13700,95,335,109
223026712,1304,-160,-13768,83,337,90
223030412,1352,-112,-13556,76,338,74
223035212,1268,-64,-13704,88,341,95
223040012,1400,-84,-13804,83,320,119
223044912,1368,-36,-13660,66,341,83
223049712,1368,-64,-13708,125,327,104
223054512,1356,-168,-13772,96,360,88
223060412,1420,-28,-13624,75,351,93
223065212,1380,-68,-13784,92,338,93
223070012,1280,-12,-13728,99,350,99
223074812,1364,32,-13696,73,349,108
223079612,1364,-28,-13708,83,348,88
223084512,1364,-28,-13708,83,348,88
223090412,1364,64,-13660,57,349,109
223188413,1408,-132,-13652,87,333,98
223190013,1356,-188,-13688,72,369,99
223194912,1464,-88,-13620,90,330,87
223293912,1304,-80,-13584,79,334,87
223295512,1392,-204,-13832,91,323,94
223300412,1436,-68,-13868,132,287,98
223305212,1296,-56,-13612,-25,534,107
223310012,1392,-60,-14132,235,142,98
223314812,1332,-248,-13708,66,406,84
223319612,1332,-248,-13708,66,406,84
223324412,1508,-116,-13528,-38,453,99
223330312,1332,-172,-13628,182,474,191
223335112,1536,-400,-13800,-62,270,127
223340012,1372,148,-14144,14,111,98
223344812,1252,-96,-12872,144,830,172
223349612,1252,-96,-12872,144,830,172
223354412,1364,-268,-13940,-100,118,153
223360312,1336,-284,-12820,65,392,111
223365112,1268,-204,-13424,-37,377,77
223369912,1316,-76,-13644,135,266,115
223543912,1464,-204,-13748,89,363,95
223564510,1348,60,-13960,106,291,125
223569410,1240,56,-13756,55,367,139
223575412,1364,28,-13740,99,322,122
223580212,1392,44,-13896,126,318,134
223585012,1336,40,-13796,50,301,90
223589812,1272,-132,-13572,88,290,119
223594612,1272,-132,-13572,88,290,119
223599412,1372,-92,-13540,60,359,99
223605412,1400,-160,-13888,65,327,47
223610212,1440,-32,-13492,50,379,43
223615012,1388,-208,-13664,118,327,35
223619812,1364,8,-13456,111,391,4
223624612,1364,8,-13456,111,391,4
223629412,1496,-128,-13960,110,305,22
223635312,1560,64,-13640,75,426,30
223734610,1248,-276,-13828,60,326,-41
223739512,1340,-168,-13436,77,384,-6
223745412,1252,-172,-13780,106,291,23
223750212,1496,-264,-13712,107,292,54
223824212,1068,200,-13820,100,375,33
223825713,1056,56,-13748,133,344,21
223829512,1056,56,-13748,133,344,21
223834412,1048,28,-13732,90,332,-33
223840312,1148,-84,-13672,94,366,-50
223845112,1244,-200,-13784,120,330,-33
223849912,1352,-348,-13668,87,332,-33
223854712,1352,-348,-13668,87,332,-33
223859512,1360,-328,-13908,86,336,-13
223865412,1632,-488,-13564,87,335,41
223870212,1664,-540,-13756,75,314,75
223875112,1620,-460,-13620,48,328,120
223879912,1488,-472,-13604,63,356,156
223979110,1576,-108,-13628,110,354,17
223993612,1500,-196,-13716,101,346,133
223995212,1444,-236,-13660,80,343,180
224000012,1328,-220,-13712,77,381,203
224004812,1328,-220,-13712,77,381,203
224009612,1284,-216,-13700,52,377,214
224014412,1288,-312,-13716,65,344,202
224090012,1652,56,-13580,93,353,68
224095212,1532,-8,-13596,100,356,105
224100012,1500,132,-13744,61,360,112
224104812,1500,132,-13744,61,360,112
224109612,1496,160,-13488,82,319,141
224114412,1396,72,-13648,67,358,164
224120312,1568,-24,-13836,90,354,192
224125212,1500,36,-13652,68,377,199
224130012,1440,64,-13796,65,327,200
224134812,1440,64,-13796,65,327,200
224139612,1284,-16,-13628,80,324,175
224262012,1224,140,-13696,96,325,129
224264912,1224,140,-13696,96,325,129
224269812,1296,264,-13828,85,334,115
224274612,1208,272,-13852,77,362,83
224279512,1260,260,-13716,108,346,45
224285412,1240,132,-13756,97,329,11
224290212,1264,152,-13668,69,338,-10
224295012,1264,152,-13668,69,338,-10
224299812,1260,24,-13708,82,320,-3
224373512,1104,-196,-13700,94,347,153
224375112,1204,-132,-13624,102,348,97
224379912,1204,-132,-13624,102,348,97
224384712,1212,-24,-13948,91,330,89
224389612,1276,-68,-13772,74,348,76
224394412,1216,-64,-13808,89,360,53
224400312,1528,28,-13688,79,326,-6
224405112,1528,28,-13688,79,326,-6
224409912,1448,72,-13788,87,340,14
224506612,1336,-244,-13668,70,344,53
224527410,1344,-232,-13752,72,332,36
224530010,1344,-232,-13752,72,332,36
224534812,1248,-200,-13572,66,331,42
224539612,1480,-36,-13800,98,323,45
224544412,1348,-108,-13600,65,323,74
224550312,1372,-76,-13864,54,335,113
224555112,1372,-76,-13864,54,335,113
224559912,1468,-116,-13552,66,350,126
224564812,1404,104,-13536,100,342,160
224569612,1528,-4,-13696,85,343,165
224643612,1368,-104,-13656,89,350,23
224645212,1368,-104,-13656,89,350,23
224650012,1428,-212,-13820,87,343,41
224654812,1432,-252,-13660,64,310,56
224659612,1328,-332,-13740,80,356,69
224664412,1520,-288,-13668,80,346,117
224670312,1460,-284,-13816,47,319,146
224675112,1456,-24,-13772,85,318,83
224769819,1456,-24,-13772,85,318,83
224774910,1572,28,-13660,84,334,86
224779710,1420,-156,-13616,60,347,113
224784510,1500,-28,-13632,76,362,120
224790412,1392,-92,-13644,77,350,178
224795212,1392,-92,-13644,77,350,178
224800012,1368,-204,-13700,72,344,164
224804912,1372,-108,-13672,90,350,161
224809712,1260,-116,-13748,60,342,143
224814512,1280,-84,-13676,62,357,129
224820412,1284,-208,-13728,88,347,127
224825212,1284,-208,-13728,88,347,127
224900110,1536,-44,-13580,81,356,134
224905211,1440,-12,-13676,62,333,166
224910011,1460,60,-13616,63,330,167
224914811,1448,60,-13688,80,326,142
224919611,1528,-284,-13724,85,342,143
225015411,1296,-96,-13588,84,317,161
225027510,1524,-60,-13576,104,329,165
225030110,1524,-60,-13576,104,329,165
225034912,1384,-60,-13796,76,330,154
225039712,1452,36,-13680,79,367,175
225044512,1344,68,-13756,70,337,138
225050412,1356,52,-13696,87,327,141
225055212,1248,48,-13744,94,353,94
225060012,1296,144,-13728,89,331,80
225064912,1296,64,-13740,92,338,60
225069712,1356,80,-13680,98,325,67
225074512,1456,4,-13624,84,345,42
225080412,1300,32,-13716,89,341,40
225085212,1352,16,-13804,98,341,36
225090012,1472,-156,-13672,105,339,39
225163010,1236,-100,-13724,104,354,126
225164510,1236,-100,-13724,104,354,126
225169412,1332,-52,-13772,89,343,109
225294012,1380,-132,-13672,88,326,69
225295612,1324,-204,-13784,99,347,69
225300412,1324,-204,-13784,99,347,69
225305212,1320,-124,-13736,86,327,60
225310012,1376,-120,-13764,79,319,28
225314912,1284,-328,-13632,85,335,53
225319712,1400,-176,-13752,117,343,44
225324512,1364,-196,-13736,79,342,51
225330412,1440,-180,-13632,75,336,74
225335212,1352,-152,-13716,99,347,90
225340012,1388,-108,-13624,80,362,112
225344812,1452,-52,-13668,66,339,110
225349612,1492,-16,-13676,99,322,109
225354512,1404,-116,-13564,77,342,120
225360412,1404,-144,-13700,69,337,160
225365212,1444,-56,-13652,54,345,161
225370012,1488,-280,-13856,78,344,118
225543212,1412,56,-13668,102,333,46
225556412,1344,-76,-13720,65,343,107
225560312,1344,-76,-13720,65,343,107
225565112,1440,-12,-13772,87,344,105
225569912,1420,-116,-13592,87,341,107
225574812,1344,36,-13888,79,363,132
225579612,1424,-92,-13764,92,322,116
225584412,1408,-168,-13720,84,319,138
225590312,1216,-100,-13704,91,364,150
225595112,1356,-112,-13772,75,352,130
225599912,1372,-164,-13772,81,357,125
225604712,1188,-236,-13672,104,337,123
225609512,1288,-140,-13648,100,342,112
225614412,1280,-212,-13680,78,344,90
225620312,1248,-156,-13716,93,333,97
225625112,1328,-228,-13772,90,360,75
225629912,1136,-204,-13688,78,331,78
225725710,1344,-48,-13800,82,325,108
225729410,1256,-28,-13812,76,337,86
225735312,1276,-60,-13672,87,347,107
225810512,1408,-136,-13860,84,327,116
225814410,1252,-28,-13600,99,351,117
225820312,1384,-184,-13704,77,338,132
225825112,1312,-120,-13748,75,352,109
225829912,1296,-96,-13704,118,339,130
225834812,1320,-12,-13768,80,341,116
225839612,1348,-12,-13680,91,352,125
225844412,1340,-12,-13712,87,346,96
225850312,1340,8,-13688,107,349,85
225855112,1300,-48,-13864,102,324,99
225859912,1308,12,-13752,86,338,87
225864712,1336,-4,-13752,101,364,71
225869512,1428,-40,-13648,52,337,81
225874412,1540,-128,-13608,88,337,61
225971510,1264,-108,-13748,78,363,62
225984912,1384,8,-13652,108,351,55
225989812,1420,-80,-13596,101,359,72
225994712,1372,-36,-13628,87,344,65
225999512,1420,-28,-13728,93,357,87
226005412,1384,0,-13728,101,361,71
226079210,1292,-136,-13620,85,328,93
226080710,1292,-136,-13620,85,328,93
226084410,1292,-108,-13720,91,351,72
226090312,1348,-144,-13584,81,318,81
226095112,1336,-188,-13700,114,340,82
226099912,1336,-196,-13816,82,343,86
226104812,1372,-224,-13640,88,339,74
226109612,1268,-184,-13616,116,352,90
226114412,1388,-220,-13628,73,328,90
226120312,1360,-204,-13784,93,326,100
226125112,1472,-248,-13672,86,371,87
226129912,1400,-124,-13752,67,343,95
226228112,1492,-244,-13668,77,329,104
226229713,1492,-244,-13668,77,329,104
226234512,1348,-104,-13660,76,350,106
226240412,1384,-160,-13680,69,325,118
226245212,1380,-212,-13628,76,351,106
226250112,1252,-184,-13656,98,333,122
226254912,1356,-160,-13664,76,343,123
226259712,1284,-144,-13680,69,337,116
226359312,1388,128,-13620,88,357,124
226360912,1388,128,-13620,88,357,124
226364712,1504,24,-13816,93,330,116
226369512,1380,-188,-13564,72,346,100
226375412,1396,-120,-13684,74,351,112
226380212,1260,-184,-13808,69,328,107
226385012,1348,-84,-13696,87,360,119
226389812,1328,-28,-13688,94,329,117
226394612,1324,-168,-13728,74,338,96
226399412,1392,-112,-13572,60,330,111
226498512,1336,28,-13660,76,346,103
226511712,1404,-68,-13640,55,358,83
226515412,1404,-68,-13640,55,358,83
226520212,1364,20,-13752,96,340,85
226525012,1328,-44,-13700,84,339,92
226529812,1316,-28,-13576,105,341,91
226534612,1356,-72,-13832,94,340,78
226539412,1396,-88,-13580,74,333,76
226545412,1340,-112,-13900,89,344,62
226550212,1388,-180,-13700,111,355,81
226624512,1304,-84,-13752,87,330,102
226629412,1372,-168,-13536,81,344,96
226635412,1432,-192,-14008,93,331,77
226640212,1304,-88,-13756,113,320,66
226645012,1304,-48,-13788,90,327,46
226649812,1368,-32,-13512,82,350,79
226654612,1372,-44,-13700,83,348,72
226659412,1332,32,-13812,81,364,63
226755567,1332,32,-13812,81,364,63
226759412,1392,-236,-13700,88,361,90
226765312,1356,-168,-13812,82,345,76
226770212,1304,-136,-13772,81,335,97
226775012,1500,-152,-13684,83,332,69
226779812,1380,-140,-13648,87,332,89
226784612,1332,-116,-13684,81,347,101
226789412,1396,-96,-13740,90,345,106
226795312,1428,-136,-13636,74,348,75
226800112,1392,48,-13656,85,362,122
226804912,1452,-52,-13788,94,346,125
226809812,1400,-4,-13640,89,338,133
226883712,1336,-112,-13788,91,349,78
226885312,1336,-112,-13788,91,349,78
226890112,1408,-192,-13672,100,348,97
226894912,1272,-116,-13612,98,350,70
226899712,1380,-36,-13816,85,332,81
226904612,1388,-92,-13604,102,377,68
227000112,1388,-92,-13604,102,377,68
227013713,1360,-140,-13704,72,333,87
227015212,1360,-140,-13704,72,333,87
227020112,1356,-84,-13664,56,338,124
227024912,1408,-132,-13812,76,334,119
227029712,1412,-140,-13684,92,359,110
227034512,1348,-68,-13620,94,327,106
227040412,1404,-144,-13792,70,337,114
227045212,1308,-104,-13720,111,354,106
227050112,1380,-28,-13740,84,338,143
227054912,1452,-80,-13588,87,316,127
227059712,1324,-196,-13672,107,354,119
227064512,1292,-76,-13576,81,335,98
227070412,1324,-16,-13724,92,348,99
227145310,1288,-80,-13768,78,349,115
227150312,1372,-68,-13776,72,334,124
227155112,1352,-32,-13660,68,343,107
227159912,1388,-156,-13656,103,331,127
227257910,1444,-112,-13648,68,341,109
227259510,1444,-112,-13648,68,341,109
227264510,1432,-60,-13724,85,334,100
227270410,1356,-40,-13672,90,318,95
227275210,1380,-12,-13612,78,342,128
227280012,1332,-20,-13632,101,358,107
227284812,1300,-48,-13620,98,350,109
227289612,1416,12,-13724,100,340,127
227294512,1348,52,-13812,95,337,102
227300412,1208,4,-13748,123,337,110
227305212,1388,-36,-13700,83,323,94
227310012,1372,-16,-13640,87,346,85
227314812,1468,-104,-13548,92,352,72
227319612,1324,-132,-13708,69,316,81
227324412,1448,-76,-13444,88,335,72
227330312,1384,-20,-13676,75,354,77
227428912,1280,28,-13752,84,336,80
227443410,1272,-96,-13576,66,356,71
227444910,1380,-32,-13696,99,331,86
227540410,1380,-32,-13696,99,331,86
227544470,1284,-68,-13588,111,359,100
227550410,1360,-48,-13648,80,350,58
227555210,1468,-108,-13636,75,346,75
227560012,1380,-44,-13720,92,344,82
227564812,1400,4,-13708,87,334,85
227569612,1312,-44,-13792,89,350,104
227574512,1488,52,-13712,95,333,78
227580412,1396,-84,-13564,71,345,96
227585212,1384,-16,-13724,74,364,96
227590012,1296,-56,-13776,71,338,83
227594812,1356,-104,-13752,84,349,91
227599612,1376,-200,-13672,68,322,106
227604412,1408,-128,-13628,86,335,98
227610312,1448,-140,-13788,98,335,122
227615212,1336,-112,-13776,96,327,113
227712310,1296,-84,-13852,77,351,111
227789512,1352,-204,-13744,91,360,95
227794412,1488,-44,-13744,75,361,96
227800412,1492,-52,-13584,92,312,97
227805212,1260,-228,-13624,76,342,102
227810012,1388,-236,-13680,67,356,79
227814812,1324,-44,-13756,83,356,105
227819612,1260,-128,-13576,82,328,91
227824412,1372,-140,-13764,87,343,107
227830312,1380,-172,-13812,75,351,117
227835112,1324,-148,-13868,80,357,116
227840012,1420,-152,-13572,106,317,128
227844812,1264,-60,-13796,82,336,100
227849612,1356,-136,-13652,57,373,94
227854412,1320,-48,-13640,73,362,112
227860312,1352,-64,-13716,96,328,114
227959312,1452,-152,-13672,79,324,101
227972412,1280,-200,-13624,96,350,104
227975012,1280,-200,-13624,96,350,104
227979812,1364,-152,-13804,108,326,111
227984612,1384,-84,-13696,91,322,106
228059910,1444,-24,-13652,75,349,106
228064912,1488,32,-13728,55,361,120
228069712,1368,-124,-13708,83,330,117
228074512,1320,-68,-13708,94,315,114
228080412,1384,-104,-13632,92,364,98
228085212,1352,24,-13768,65,355,94
228090112,1300,-44,-13564,103,320,113
228094912,1328,-152,-13616,99,329,104
228099712,1276,-164,-13696,93,343,91
228104512,1312,-96,-13720,88,333,95
228110412,1284,-140,-13736,77,350,101
228115212,1432,-140,-13672,89,354,99
228120012,1500,-220,-13644,83,341,82
228216912,1476,-124,-13608,110,375,79
228219615,1476,-124,-13608,110,375,79
228224512,1452,-108,-13572,91,331,78
228230412,1376,-32,-13688,97,345,87
228235212,1412,-56,-13380,47,371,81
228240012,1448,-44,-13708,101,320,87
228244812,1396,-168,-13684,90,327,102
228319310,1392,-84,-13600,96,341,118
228320810,1392,-84,-13600,96,341,118
228324612,1336,-136,-13716,94,364,118
228329412,1336,12,-13640,85,334,90
228335312,1364,-64,-13624,96,315,107
228340212,1396,-132,-13792,94,376,86
228345012,1376,-84,-13864,54,361,106
228349812,1376,-92,-13784,59,353,100
228354612,1316,-16,-13600,90,320,95
228359412,1372,-92,-13624,61,364,97
228365312,1324,-76,-13620,61,333,79
228486611,1400,-116,-13696,112,318,91
228501110,1448,-132,-13744,89,360,122
228504810,1324,-108,-13564,79,326,103
228509612,1432,-88,-13624,90,322,110
228514412,1356,-16,-13616,92,339,127
228520312,1384,-152,-13652,75,357,108
228525112,1404,36,-13540,78,351,114
228529912,1380,-60,-13636,100,340,99
228534712,1416,-84,-13788,76,363,115
228609212,1316,-76,-13672,74,331,117
228610712,1316,-76,-13672,74,331,117
228614512,1368,-116,-13604,108,332,95
228620412,1396,-128,-13688,96,352,94
228625212,1428,-40,-13712,98,331,133
228630012,1432,-136,-13656,104,315,137
228634812,1296,-124,-13560,70,349,95
228639612,1248,-112,-13836,104,352,106
228644412,1476,-8,-13716,102,337,131
228744612,1316,-112,-13652,59,351,111
228749712,1416,-92,-13784,83,332,123
228754512,1384,-72,-13796,81,316,104
228760412,1344,-136,-13620,73,318,119
228765212,1416,-36,-13772,71,333,107
228770012,1364,-80,-13696,92,349,106
228774812,1324,-104,-13748,69,356,95
228779712,1376,32,-13584,94,343,84
228784512,1424,-12,-13776,73,350,101
228790412,1420,-32,-13724,64,334,97
228795212,1388,-16,-13648,113,343,88
228870110,1180,-72,-13824,78,366,103
228874910,1284,-52,-13700,90,339,98
228879712,1204,-64,-13580,84,349,107
228884512,1332,-120,-13772,78,345,106
228890412,1424,-144,-13764,86,341,100
228988512,1368,-20,-13596,80,338,97
229002212,1256,-88,-13844,119,344,118
229004812,1312,4,-13636,88,346,105
229009712,1296,-44,-13780,88,324,104
229014512,1344,-48,-13564,72,353,86
229020412,1464,4,-13712,70,346,99
229025212,1392,-128,-13656,90,354,91
229030012,1376,-104,-13584,91,362,109
229034812,1324,-248,-13688,76,336,106
229039712,1348,-60,-13772,79,341,79
229044512,1468,-132,-13740,81,352,92
229050412,1364,-124,-13708,87,345,83
229055212,1352,-136,-13712,102,335,77
229060012,1372,-144,-13656,96,326,86
229064812,1424,-216,-13676,107,344,112
229139211,1500,-136,-13636,83,361,81
229140811,1500,-136,-13636,83,361,81
229144511,1424,-16,-13828,73,342,80
229150411,1396,-124,-13792,77,341,90
229245710,1396,-124,-13792,77,341,90
229249810,1496,-24,-13772,102,325,106
229254610,1360,-84,-13568,64,339,84
229259410,1388,-116,-13700,75,342,73
229265312,1328,-100,-13792,106,367,96
229270112,1420,-36,-13688,80,330,127
229274912,1260,-176,-13632,94,344,89
229279812,1356,-52,-13708,111,338,90
229284612,1376,-52,-13768,62,333,89
229289412,1268,-92,-13780,74,328,89
229295312,1312,-60,-13708,111,340,102
229300112,1428,-52,-13540,93,357,91
229304912,1372,-24,-13632,76,348,78
229309712,1468,-188,-13676,111,310,99
229314512,1256,-124,-13968,90,349,103
229319412,1396,-88,-13712,81,327,104
229393812,1260,-104,-13616,65,360,81
229395412,1308,-156,-13636,72,325,90
229515812,1268,-108,-13640,105,333,106
229530312,1244,-40,-13652,92,333,99
229535212,1332,-68,-13612,89,331,80
229540012,1376,-96,-13568,72,356,104
229544812,1412,-60,-13660,99,354,99
229549712,1388,-184,-13788,85,328,96
229554512,1304,-104,-13724,78,340,110
229560412,1444,-64,-13740,70,332,121
229565212,1440,-136,-13600,84,352,108
229570012,1364,-204,-13668,72,335,109
229574812,1416,12,-13788,94,334,96
229579612,1384,-96,-13636,77,336,101
229584412,1332,-40,-13672,88,313,126
229590412,1512,-116,-13604,75,353,116
229595212,1420,0,-13656,64,354,97
229600012,1364,-36,-13576,87,336,113
229604812,1420,-24,-13668,69,332,93
229700312,1420,-24,-13668,69,332,93
229777812,1304,-56,-13684,93,326,113
229779412,1304,-56,-13684,93,326,113
229784412,1400,-156,-13908,79,340,101
229790312,1264,-96,-13852,110,349,103
229795112,1272,-164,-13768,95,361,108
229799912,1176,-96,-13704,97,369,99
229804712,1424,-64,-13596,101,332,103
229809612,1316,-144,-13720,106,355,96
229814412,1248,-140,-13696,77,324,118
229820312,1384,-156,-13672,78,336,79
229825112,1436,-24,-13652,95,351,99
229829912,1452,-40,-13680,99,344,91
229834712,1432,-144,-13728,95,350,93
229839512,1344,-108,-13708,101,336,112
229845412,1404,-76,-13632,81,334,99
229850312,1304,-56,-13788,77,336,110
229948510,1332,-84,-13648,82,351,80
229969212,1368,-88,-13524,105,364,96
229970712,1368,-88,-13524,105,364,96
229974612,1352,-112,-13812,96,328,109
230049610,1444,-120,-13712,88,385,86
230054710,1364,16,-13612,96,321,88
230059512,1416,-108,-13696,86,357,99
230065412,1360,-128,-13652,105,332,117
230070212,1344,-104,-13704,90,348,118
230075112,1380,8,-13656,105,360,86
230079912,1332,40,-13716,113,332,110
230084712,1332,-40,-13644,78,356,107
230089512,1368,-108,-13696,89,363,107
230095412,1432,-156,-13736,94,346,111
230100212,1360,-136,-13736,82,332,105
230105012,1480,-24,-13732,75,335,117
230109812,1456,24,-13704,105,332,121
230114712,1300,-172,-13596,93,331,106
230214010,1392,-180,-13724,83,351,99
230215610,1392,-180,-13724,83,351,99
230219512,1360,4,-13708,79,337,90
230225412,1380,-56,-13692,72,330,94
230230212,1304,-160,-13664,91,327,113
230235012,1384,-32,-13716,95,328,86
230309510,1380,-168,-13740,59,343,109
230314610,1324,-132,-13636,93,333,93
230319412,1416,-96,-13772,60,317,102
230325312,1444,-28,-13732,99,355,97
230330112,1332,-64,-13696,95,341,99
230335012,1496,4,-13776,87,331,88
230339812,1364,40,-13772,78,355,94
230344612,1264,-32,-13732,62,365,107
230349412,1356,-28,-13624,91,333,113
230355312,1400,-40,-13740,81,346,93
230360112,1420,-96,-13732,86,339,95
230459212,1296,-8,-13648,75,326,95
230476112,1344,-116,-13624,77,339,90
230479813,1424,-56,-13600,65,332,106
230484612,1256,-96,-13684,71,344,104
230489412,1316,-60,-13684,90,339,102
230511312,1396,-96,-13716,93,354,100
230515113,1344,-88,-13840,94,355,89
230519912,1380,-76,-13692,106,321,91
230524712,1356,-96,-13672,80,328,97
230598310,1368,-68,-13760,91,347,75
230599910,1368,-68,-13760,91,347,75
230604712,1424,-84,-13660,93,357,105
230609512,1452,-152,-13656,96,356,91
230615412,1444,-88,-13736,80,323,95
230620212,1296,-4,-13612,96,337,87
230625012,1380,-108,-13592,89,318,89
230629812,1500,-100,-13740,103,337,82
230634712,1372,-100,-13652,88,339,80
230639512,1304,-60,-13584,89,350,67
230737312,1284,-76,-13736,101,340,81
230740169,1276,-92,-13652,60,350,97
230745012,1340,-76,-13768,85,370,94
230749812,1336,-68,-13752,90,362,99
230754612,1504,-44,-13616,93,342,89
230759412,1404,-180,-13668,93,336,89
230765312,1384,-120,-13644,105,351,76
230770212,1372,-32,-13816,91,336,104
230775012,1356,-192,-13632,101,339,114
230779812,1424,-260,-13684,89,334,91
230854112,1444,-96,-13872,90,354,92
230855612,1444,-96,-13872,90,354,92
230859412,1428,-88,-13712,85,363,90
230865312,1448,-80,-13620,84,341,104
230870212,1332,-92,-13756,98,332,83
230875012,1412,-64,-13620,72,319,87
230879812,1276,-16,-13856,84,346,117
230884612,1344,-184,-13684,85,359,87
230982610,1452,-48,-13568,105,347,104
230995912,1396,-76,-13564,73,352,105
230999812,1400,-136,-13844,91,347,109
231004612,1332,-92,-13784,104,344,92
231009412,1412,-36,-13792,81,328,84
231015312,1448,-56,-13524,92,317,106
231020112,1440,-48,-13820,127,340,112
231024912,1420,-104,-13600,85,366,107
231029712,1324,-180,-13652,65,341,96
231034612,1360,-80,-13564,82,338,113
231039412,1300,-80,-13680,77,333,110
231045312,1420,-164,-13684,79,328,107
231119612,1272,-28,-13796,62,338,108
231124512,1356,-192,-13580,96,360,117
231129412,1380,-56,-13776,80,338,111
231135312,1352,20,-13724,90,358,100
231140112,1344,-92,-13700,95,331,108
231239212,1348,-104,-13680,65,337,96
231240812,1348,-104,-13680,65,337,96
231244512,1268,-124,-13604,92,348,116
231249412,1396,-48,-13928,82,325,104
231255312,1404,-84,-13688,74,355,93
231260112,1420,-76,-13588,87,346,97
231264912,1312,-80,-13700,78,340,108
231269712,1408,36,-13564,79,343,97
231274512,1404,-76,-13572,63,333,84
231280412,1328,-160,-13684,106,329,109
231285212,1256,-120,-13712,84,343,101
231290112,1324,-16,-13536,76,330,92
231294912,1360,8,-13808,76,328,91
231299712,1368,-140,-13644,85,337,100
231304512,1352,-76,-13624,77,335,130
231378712,1316,-124,-13660,116,343,97
231380312,1316,-124,-13660,116,343,97
231385112,1420,-68,-13824,82,331,101
231484112,1364,-92,-13676,93,346,99
231522610,1364,-64,-13736,84,354,97
231525310,1348,-144,-13688,84,339,92
231530212,1440,-128,-13696,75,340,95
231535012,1304,-144,-13708,76,341,74
231539812,1336,-20,-13708,84,337,88
231544612,1288,-52,-13696,66,361,104
231549412,1408,-92,-13772,89,365,89
231555312,1524,28,-13752,85,355,93
231560112,1268,-56,-13576,61,353,99
231564912,1412,-92,-13536,96,354,108
231569812,1396,-144,-13624,71,347,102
231574612,1376,-52,-13816,72,348,89
231579412,1332,-104,-13768,83,336,94
231585312,1372,-56,-13768,84,364,70
231590112,1364,-144,-13680,77,362,93
231594912,1412,-12,-13744,81,330,100
231669012,1432,-144,-13664,93,356,97
231670612,1320,-88,-13824,80,356,93
231767110,1320,-88,-13824,80,356,93
231769810,1332,-124,-13784,83,356,107
231774712,1360,-4,-13912,84,343,102
231779512,1352,-60,-13728,80,351,88
231785412,1376,20,-13632,102,355,114
231790212,1412,-184,-13900,101,346,101
231795012,1404,-152,-13724,90,335,99
231799812,1320,-128,-13796,91,338,85
231804612,1208,-108,-13652,104,352,96
231809412,1272,-168,-13736,91,352,107
231815412,1384,-160,-13704,104,363,114
231820212,1368,-104,-13704,111,336,73
231825012,1312,-116,-13640,93,335,101
231829812,1452,-144,-13672,75,357,116
231834612,1368,-68,-13828,77,355,119
231839412,1436,-104,-13740,99,349,85
231938512,1368,-164,-13720,98,339,106
231955412,1320,-60,-13800,66,347,86
232033810,1440,-128,-13704,100,332,121
232035310,1440,-128,-13704,100,332,121
232040212,1368,-40,-13676,87,371,107
232045012,1344,-40,-13664,82,324,87
232049912,1420,-20,-13640,49,341,86
232054712,1308,52,-13816,78,340,86
232059512,1448,12,-13792,105,341,88
232065412,1284,4,-13744,75,362,83
232070212,1444,-184,-13784,70,349,105
232075012,1468,-68,-13656,60,346,74
232079912,1476,-32,-13712,78,350,99
232084712,1324,-144,-13704,64,331,89
232089512,1324,-188,-13676,74,337,98
232095412,1368,-100,-13672,88,348,99
232100212,1364,-76,-13716,101,340,99
232105012,1488,-140,-13776,67,354,92
232201912,1404,-48,-13656,102,351,92
232204612,1268,-112,-13692,98,333,84
232209512,1376,-176,-13700,75,331,91
232215412,1296,-36,-13680,80,341,93
232289412,1236,-140,-13652,95,352,97
232294412,1360,-140,-13708,93,376,95
232300312,1404,-108,-13668,67,347,104
232305112,1364,-160,-13668,87,345,85
232310012,1356,-84,-13656,87,348,85
232314812,1396,-116,-13740,98,342,80
232319612,1364,-8,-13800,80,349,101
232324412,1308,-144,-13640,91,354,94
232330312,1324,-44,-13616,65,355,94
232335112,1392,-40,-13712,81,356,108
232339912,1380,-164,-13620,83,302,96
232344712,1404,-100,-13648,109,330,98
232349612,1316,-148,-13636,84,360,96
232445610,1420,-168,-13644,100,330,98
232459112,1384,-60,-13696,75,340,106
232460612,1384,-60,-13696,75,340,106
232465412,1452,-168,-13724,78,344,111
232470212,1384,-116,-13616,72,337,106
232475012,1324,-164,-13800,88,339,97
232479912,1428,-100,-13640,100,348,107
232579110,1456,-4,-13716,66,345,83
232580710,1456,-4,-13716,66,345,83
232584512,1296,-108,-13712,99,338,66
232590412,1328,-16,-13656,85,359,108
232595312,1296,-36,-13796,91,345,108
232600112,1440,-88,-13648,91,321,115
232604912,1356,-84,-13656,93,322,117
232609712,1440,-156,-13716,97,318,93
232614512,1376,-132,-13656,93,350,112
232620412,1388,-64,-13820,59,336,120
232625312,1392,-192,-13672,91,328,88
232630112,1384,-88,-13756,84,328,75
232727910,1396,-8,-13700,88,361,108
232729580,1388,-64,-13616,115,344,66
232734410,1400,-100,-13688,73,365,108
232740310,1304,-100,-13668,86,349,97
232745112,1420,-56,-13712,98,341,82
232749912,1364,-100,-13600,71,339,84
232754712,1360,-144,-13784,81,349,99
232759612,1344,-156,-13784,98,351,105
232833812,1368,-12,-13800,115,369,115
232835412,1328,-76,-13756,75,345,111
232840212,1392,-68,-13652,85,346,111
232845012,1360,-36,-13652,65,325,80
232849912,1320,-132,-13680,92,350,83
232854712,1412,0,-13684,83,336,111
232859512,1384,-60,-13652,95,328,104
232865412,1332,-32,-13656,76,320,70
232870212,1364,-84,-13728,74,350,89
232875012,1432,4,-13800,95,343,108
232973012,1416,-140,-13756,92,357,105
232989912,1372,-28,-13648,61,327,73
232994712,1420,-48,-13736,95,340,103
232999512,1312,-108,-13684,91,305,99
233005412,1488,-20,-13852,84,331,94
233010212,1304,-28,-13484,83,344,108
233015012,1400,-84,-13708,82,337,85
233019812,1424,-108,-13636,82,359,99
233024612,1332,-100,-13792,66,340,104
233029512,1312,-88,-13544,88,352,120
233103412,1344,-208,-13600,84,353,87
233105012,1432,-36,-13616,84,340,97
233109812,1368,-196,-13584,94,345,101
233114612,1372,-64,-13688,73,340,104
233119412,1376,-140,-13616,85,348,95
233125412,1380,-68,-13640,85,349,94
233130212,1316,40,-13700,78,384,108
233135012,1272,-104,-13516,76,341,100
233233012,1316,-68,-13612,92,358,93
233234612,1352,-132,-13632,87,311,79
233239412,1368,-24,-13728,77,369,86
233245412,1392,-168,-13716,104,341,81
233250212,1380,-120,-13708,100,341,100
233255012,1420,-84,-13720,77,360,98
233259812,1360,-60,-13700,87,335,110
233264612,1332,-132,-13688,69,344,99
233269412,1332,-124,-13764,72,346,99
233275312,1296,-112,-13740,87,347,90
233280112,1328,-68,-13636,102,355,110
233285012,1364,-192,-13736,92,358,88
233359610,1300,-80,-13644,68,347,108
233364510,1412,-120,-13632,90,346,122
233370410,1372,-44,-13796,105,361,89
233375312,1308,-20,-13632,72,341,96
233380112,1316,-36,-13780,93,332,93
233478012,1336,-16,-13632,109,343,87
233491312,1348,-44,-13620,93,318,121
233495112,1232,-64,-13668,89,327,101
233500012,1372,-48,-13716,102,363,106
233504812,1360,-112,-13708,104,323,90
233509612,1316,-112,-13696,100,340,100
233514412,1424,-68,-13728,86,342,90
233520312,1520,-76,-13768,88,335,88
233525112,1368,-116,-13752,55,343,103
233529912,1412,-124,-13736,86,326,97
233534712,1372,-136,-13720,75,338,111
233539612,1388,-64,-13780,96,320,80
233544412,1388,-64,-13780,96,320,80
233550312,1420,4,-13728,86,349,93
233574510,1304,-60,-13676,90,349,95
233654310,1476,-68,-13868,78,332,90
233655919,1276,-96,-13692,79,347,110
233659812,1304,-116,-13764,92,335,98
233664612,1380,-212,-13600,105,318,97
233760410,1420,-24,-13776,104,336,88
233765412,1408,-84,-13724,79,336,110
233770212,1336,-60,-13704,79,325,86
233775112,1280,-152,-13700,72,330,100
233779912,1392,-40,-13668,105,340,91
233784712,1336,-80,-13596,73,344,93
233789512,1336,-80,-13596,73,344,93
233795412,1432,-128,-13672,83,335,109
233800212,1324,-220,-13752,83,367,99
233805112,1428,-132,-13576,81,370,98
233809912,1456,-24,-13756,71,332,90
233814712,1312,-144,-13724,92,369,95
233819512,1312,-144,-13724,92,369,95
233825412,1412,-148,-13644,98,345,95
233830212,1364,-100,-13776,74,343,96
233835012,1448,24,-13668,67,341,110
233909212,1356,-100,-13800,82,353,107
234007912,1356,-100,-13800,82,353,107
234021312,1264,-52,-13640,81,335,95
234025168,1468,-32,-13860,65,322,85
234030012,1400,-112,-13752,93,333,96
234034812,1336,-136,-13624,87,331,104
234039612,1336,-136,-13624,87,331,104
234044412,1332,-96,-13784,104,314,111
234050312,1388,-12,-13740,104,359,100
234055212,1324,-140,-13596,99,347,107
234060012,1372,-84,-13780,77,338,102
234064812,1360,-80,-13564,104,350,109
234069612,1360,-80,-13564,104,350,109
234074412,1332,-116,-13688,89,347,100
234080312,1240,-16,-13788,111,334,86
234085112,1468,-28,-13612,85,347,87
234089912,1412,-116,-13740,91,338,95
234094812,1316,12,-13700,95,361,91
234191910,1284,-88,-13716,89,328,99
234194870,1256,-84,-13816,81,330,85
234270712,1296,-152,-13648,68,352,91
234274512,1296,-152,-13648,68,352,91
234280412,1336,-92,-13912,106,344,98
234285212,1432,-76,-13724,85,321,98
234290012,1280,-132,-13896,101,335,121
234294812,1240,-124,-13740,93,330,106
234299612,1240,-124,-13740,93,330,106
234304412,1388,-144,-13628,96,344,93
234310312,1324,-56,-13668,90,347,99
234315212,1312,-116,-13692,78,351,102
234320012,1436,4,-13596,100,342,115
234324812,1372,-36,-13604,103,327,97
234329612,1372,-36,-13604,103,327,97
234334412,1428,-84,-13564,69,322,100
234340312,1368,-68,-13592,90,334,102
234438311,1384,-264,-13652,75,358,92
234462610,1284,-128,-13740,82,348,106
234465210,1328,-100,-13744,92,351,97
234470010,1400,-24,-13824,104,334,87
234474912,1352,-92,-13676,93,357,85
234549712,1412,-112,-13684,125,329,117
234554712,1440,-56,-13792,92,341,106
234575612,1356,-116,-13776,68,333,97
234579512,1356,-116,-13776,68,333,97
234585412,1356,-192,-13860,93,338,108
234590212,1376,-108,-13688,82,328,103
234595012,1312,-52,-13760,82,323,94
234599812,1312,-52,-13760,82,323,94
234604712,1444,-44,-13556,102,347,98
234609512,1348,-172,-13768,103,329,75
234615412,1360,-148,-13684,86,338,101
234620212,1420,-248,-13864,85,356,98
234625012,1336,-224,-13628,74,337,90
234629812,1336,-224,-13628,74,337,90
234726712,1388,-212,-13684,117,357,104
234729421,1388,-212,-13684,117,357,104
234735412,1328,-96,-13620,77,347,76
234740212,1348,-92,-13664,106,353,98
234745012,1392,-192,-13620,102,347,83
234749812,1392,-192,-13620,102,347,83
234825010,1368,-4,-13732,100,343,108
234829810,1368,-4,-13732,100,343,108
234834612,1388,-64,-13684,77,341,111
234839412,1316,-116,-13716,87,324,97
234845312,1420,-16,-13828,82,331,99
234850112,1396,-48,-13756,99,368,102
234854912,1396,-48,-13756,99,368,102
234859712,1380,-176,-13712,84,345,82
234864612,1396,-152,-13692,93,358,88
234869412,1320,-24,-13632,70,343,109
234875312,1356,-136,-13700,75,336,99
234972012,1332,-24,-13676,87,344,98
234992512,1328,16,-13664,98,326,95
234995112,1352,-24,-13608,70,352,90
234999912,1352,-24,-13608,70,352,90
235004712,1296,-96,-13760,90,329,95
235009512,1324,-8,-13700,64,335,67
235015412,1448,-40,-13652,66,347,103
235020212,1316,-40,-13824,92,358,96
235025012,1316,-40,-13824,92,358,96
235098610,1384,-132,-13716,77,353,76
235100112,1384,-132,-13716,77,353,76
235105012,1384,-196,-13640,73,335,76
235109812,1268,-192,-13636,112,350,97
235114712,1464,-108,-13612,73,349,113
235119512,1496,-124,-13620,104,334,111
235125412,1312,-56,-13740,77,343,113
235130212,1388,28,-13728,71,327,96
235135012,1388,28,-13728,71,327,96
235139812,1448,-168,-13812,94,338,99
235235512,1332,-220,-13692,91,338,79
235239412,1332,-220,-13692,91,338,79
235245412,1312,-176,-13740,96,348,100
235250212,1420,-128,-13628,82,360,103
235255012,1420,-128,-13628,82,360,103
235259812,1368,-116,-13672,98,352,109
235264612,1380,-100,-14012,95,328,96
235269412,1400,-100,-13556,94,364,101
235275412,1380,-152,-13684,115,349,107
235280212,1380,-152,-13684,115,349,107
235355612,1384,-128,-13676,56,363,130
235359412,1384,-128,-13676,56,363,130
235365412,1324,-224,-13676,97,341,95
235370212,1324,-224,-13676,97,341,95
235375012,1420,-76,-13788,96,358,112
235379812,1428,-192,-13800,81,354,109
235384612,1316,-192,-13732,100,354,115
235481512,1472,-76,-13784,69,331,109
235498612,1368,-148,-13780,117,330,84
235500212,1368,-148,-13780,117,330,84
235505012,1400,-120,-13628,97,335,111
235509812,1344,-76,-13708,77,359,91
235514612,1320,16,-13652,75,341,78
235519412,1356,-124,-13632,89,353,93
235525312,1312,-128,-13716,104,325,90
235530112,1296,-164,-13668,98,325,84
235534912,1480,-12,-13668,104,363,105
235539812,1364,-144,-13516,87,339,108
235544612,1352,-124,-13496,76,348,81
235549412,1376,-88,-13832,89,340,79
235648812,1356,-32,-13816,107,316,76
235650412,1380,-76,-13688,84,345,101
235655312,1380,-76,-13688,84,345,101
235660112,1340,-80,-13644,96,334,82
235664912,1332,-96,-13932,89,324,96
235669812,1408,-84,-13664,112,321,95
235768010,1408,-52,-13892,69,361,122
235769610,1408,-52,-13892,69,361,122
235774612,1464,-64,-13784,94,349,101
235779412,1352,-40,-13712,66,329,85
235785312,1392,8,-13620,72,310,98
235790112,1476,-84,-13704,86,343,91
235794912,1408,-96,-13792,72,321,67
235799812,1404,-52,-13772,102,307,107
235804612,1492,-112,-13660,84,337,97
235809412,1300,-148,-13664,78,349,77
235815312,1400,-84,-13812,102,329,112
235820112,1340,-108,-13668,93,344,109
235824912,1216,-120,-13636,103,340,105
235829712,1364,-96,-13692,102,349,87
235903912,1264,0,-13564,88,333,92
235905512,1312,40,-13584,105,357,100
235910312,1312,40,-13584,105,357,100
235915112,1416,-120,-13760,92,351,78
236012912,1328,-104,-13628,77,319,84
236026212,1364,-196,-13768,111,360,96
236030012,1364,-196,-13768,111,360,96
236034812,1328,-128,-13712,93,352,89
236039612,1372,-104,-13672,84,312,83
236044412,1392,-224,-13612,65,334,82
236050312,1440,-80,-13760,98,339,83
236055112,1316,-164,-13740,96,354,111
236059912,1460,-64,-13772,79,339,91
236064712,1336,-28,-13768,90,351,120
236069612,1380,-112,-13740,96,349,108
236074412,1300,-88,-13688,111,338,107
236080312,1332,-40,-13836,106,340,102
236085112,1364,-20,-13568,100,336,103
236089912,1480,-96,-13544,78,345,107
236094712,1432,-136,-13784,86,336,90
236169510,1320,-124,-13736,74,355,92
236174410,1372,-68,-13532,77,371,111
236270110,1372,-68,-13532,77,371,111
236275310,1380,-24,-13780,83,347,74
236280110,1424,-76,-13664,87,344,98
236284910,1300,0,-13460,72,343,109
236289712,1312,-112,-13776,75,341,91
236294512,1332,-88,-13792,102,341,86
236300412,1380,-132,-13948,73,321,119
236305312,1308,-68,-13780,64,363,90
236310112,1272,-72,-13676,88,325,111
236314912,1416,-196,-13848,100,353,110
236319712,1360,-68,-13756,91,337,118
236324512,1372,-76,-13752,76,339,106
236330412,1364,-84,-13736,106,350,94
236335212,1268,-96,-13780,80,347,75
236340012,1300,-92,-13636,97,339,94
236344912,1400,-140,-13732,85,339,91
236442010,1420,-92,-13600,78,319,104
236462610,1204,-64,-13680,69,331,100
236540112,1376,-108,-13656,107,332,90
236545012,1440,-100,-13660,90,347,107
236549912,1416,-128,-13652,76,347,82
236554712,1404,-112,-13700,110,314,105
236559512,1428,-60,-13724,94,330,88
236565412,1408,-68,-13532,68,340,112
236570212,1396,-12,-13672,108,348,99
236575012,1372,-40,-13816,97,345,89
236579812,1372,-116,-13716,75,327,117
236584612,1296,-24,-13660,100,315,96
236589512,1380,-80,-13672,77,347,92
236595412,1304,0,-13588,97,351,79
236600212,1372,-64,-13664,88,339,100
236605012,1372,20,-13736,83,332,115
236609812,1296,-56,-13688,82,351,112
236733412,1288,4,-13844,97,331,93
236735012,1288,4,-13844,97,331,93
236740012,1340,-16,-13700,92,342,94
236744812,1380,-92,-13608,90,367,102
236749612,1444,-116,-13792,80,358,86
236823312,1348,0,-13704,83,348,98
236824912,1348,0,-13704,83,348,98
236829712,1304,-52,-13516,106,365,103
236834512,1288,-116,-13632,78,355,94
236839412,1396,-116,-13868,97,346,94
236845312,1408,-100,-13796,74,349,87
236850112,1408,36,-13728,86,347,109
236854912,1420,-136,-13756,84,363,108
236859712,1332,-108,-13652,84,334,107
236864512,1348,-128,-13696,102,347,67
236870412,1356,-132,-13840,92,348,100
236875212,1360,-64,-13784,77,360,103
236880112,1412,-52,-13700,98,345,109
236978310,1344,-116,-13704,74,343,67
236991712,1388,-200,-13836,67,360,84
236995412,1388,-200,-13836,67,360,84
237000212,1292,-100,-13780,101,355,96
237005012,1244,-160,-13760,82,333,107
237009812,1300,-88,-13880,87,353,106
237014612,1288,-64,-13848,90,305,107
237089212,1420,-76,-13660,93,330,113
237090812,1420,-76,-13660,93,330,113
237094512,1392,-96,-13780,125,334,95
237100412,1408,-196,-13708,72,368,97
237105212,1412,-60,-13640,79,361,78
237110012,1344,-12,-13632,90,326,116
237114812,1252,-192,-13736,79,355,117
237119612,1372,-176,-13656,60,358,99
237124412,1336,-168,-13704,101,316,83
237130412,1320,-68,-13672,98,323,121
237135212,1228,-148,-13528,62,343,99
237140012,1412,-40,-13632,74,333,92
237235812,1412,-40,-13632,74,333,92
237239712,1368,-8,-13712,68,337,100
237244612,1404,-104,-13812,75,345,99
237249412,1372,-48,-13696,76,364,107
237255312,1332,-84,-13540,96,342,93
237260112,1296,-68,-13556,78,318,90
237264912,1464,-88,-13604,70,340,108
237269712,1288,-140,-13848,109,346,104
237344212,1456,-44,-13712,95,351,90
237345712,1456,-44,-13712,95,351,90
237349512,1292,-32,-13656,90,349,99
237355412,1412,-80,-13644,87,317,124
237360312,1432,-92,-13660,77,341,91
237365112,1384,-100,-13624,83,355,105
237369912,1416,-108,-13696,100,332,115
237374712,1340,-16,-13744,70,314,90
237379512,1332,-16,-13604,65,355,114
237385412,1344,-148,-13712,97,331,115
237481212,1400,-116,-13836,83,334,95
237493412,1384,-28,-13784,98,327,82
237494912,1384,-28,-13784,98,327,82
237499812,1436,-148,-13756,67,353,109
237504712,1408,-28,-13688,85,358,106
237509512,1364,-172,-13780,74,333,100
237515412,1256,-188,-13576,77,346,106
237520212,1448,-4,-13724,87,338,96
237525012,1384,-72,-13744,70,335,94
237529812,1408,-32,-13656,76,351,89
237604210,1300,-144,-13596,79,330,100
237605710,1300,-144,-13596,79,330,100
237609512,1364,-92,-13744,94,345,98
237615412,1356,-196,-13736,78,320,102
237620212,1280,-124,-13752,104,348,86
237625112,1332,-40,-13696,96,334,92
237629912,1356,-112,-13724,86,339,109
237634712,1344,-120,-13748,70,344,101
237639512,1244,12,-13584,84,340,87
237762110,1400,-76,-13756,82,342,107
237764812,1400,-76,-13756,82,342,107
237769612,1284,-100,-13760,90,323,86
237774412,1288,-32,-13744,91,330,93
237780312,1368,-28,-13760,95,338,99
237785112,1320,-216,-13648,88,369,116
237789912,1424,-12,-13548,92,337,88
237794812,1440,32,-13792,101,351,99
237799612,1448,-64,-13680,101,350,96
237804412,1380,-140,-13772,87,361,99
237810312,1556,-24,-13640,125,331,79
237884812,1336,-112,-13892,120,321,81
237889712,1388,-104,-13632,75,331,81
237894612,1380,-108,-13676,70,357,106
237899412,1316,-208,-13812,86,347,94
237905312,1392,-148,-13680,93,335,99
237910112,1412,-172,-13612,60,345,136
238006612,1448,-52,-13744,83,330,104
238019912,1392,-76,-13712,61,344,111
238024712,1392,-24,-13788,106,322,103
238029512,1368,-60,-13824,99,341,108
238035412,1404,-52,-13636,70,348,95
238040312,1396,-16,-13696,76,336,100
238045112,1428,-60,-13540,60,367,98
238049912,1292,-16,-13776,78,326,103
238054712,1324,-52,-13608,85,317,118
238059512,1360,-120,-13668,92,335,101
238065412,1368,-92,-13684,83,355,85
238070212,1260,-44,-13824,75,318,83
238075012,1480,-148,-13596,78,347,100
238079912,1392,-100,-13600,80,357,98
238154710,1392,-8,-13748,80,323,89
238159510,1304,-44,-13680,71,342,109
238165412,1300,-164,-13820,62,332,71
238263412,1344,-12,-13712,79,376,110
238265012,1344,-12,-13712,79,376,110
238270012,1316,-100,-13704,108,345,100
238274812,1304,-80,-13668,100,354,83
238279612,1472,-120,-13656,51,333,96
238284412,1400,-76,-13768,91,361,82
238290312,1304,-24,-13696,87,327,108
238295112,1340,-64,-13792,89,339,122
238300012,1444,-96,-13704,81,358,98
238304812,1332,-48,-13764,96,358,88
238309612,1372,-92,-13736,88,333,101
238314412,1344,-44,-13872,83,348,82
238320312,1412,-68,-13724,92,362,82
238325112,1416,-56,-13600,74,334,90
238329912,1420,-152,-13580,85,341,98
238334712,1384,-44,-13732,83,338,104
238339612,1304,-52,-13768,93,355,88
238513110,1368,-128,-13728,102,348,87
238530112,1348,-148,-13748,99,339,99
238535012,1360,-80,-13804,82,348,107
238539912,1404,-220,-13708,102,349,122
238544712,1484,-80,-13680,75,332,109
238549512,1316,-124,-13660,96,341,76
238555412,1296,-112,-13736,97,321,106
238560212,1440,-112,-13804,83,346,97
238565012,1336,-184,-13704,89,324,86
238569912,1340,-20,-13676,87,327,102
238574712,1388,-104,-13864,82,346,100
238579512,1284,-32,-13660,110,336,105
238585412,1416,-96,-13672,92,330,88
238590212,1384,-88,-13776,94,338,107
238595012,1372,-60,-13652,80,341,113
238599812,1356,-184,-13684,67,307,114
238604612,1208,-116,-13672,82,356,124
238700412,1208,-116,-13672,82,356,124
238705312,1416,-112,-13632,95,319,92
238710112,1368,-84,-13744,72,336,97
238809512,1404,-96,-13728,76,334,96
238814412,1360,-88,-13668,90,356,95
238820312,1400,-24,-13760,87,347,103
238825112,1328,-44,-13608,61,341,104
238829912,1496,-48,-13656,66,343,117
238834712,1320,-76,-13560,74,351,113
238839512,1396,-20,-13852,105,344,92
238845412,1392,-68,-13564,89,340,102
238850212,1320,-140,-13620,82,365,96
238855112,1324,-80,-13700,58,321,97
238859912,1292,-16,-13604,85,349,101
238864712,1344,-112,-13752,74,360,112
238869512,1356,-144,-13796,73,327,73
238969612,1292,-136,-13676,89,305,78
238982012,1328,-108,-13552,114,356,124
238984612,1328,-108,-13552,114,356,124
238989512,1336,-92,-13708,70,334,101
238995412,1296,-160,-13708,79,349,88
239000212,1324,-32,-13896,96,348,101
239005012,1388,-44,-13564,74,331,73
239079713,1460,-44,-13736,86,330,92
239085012,1292,-128,-13840,87,330,115
239090112,1372,-108,-13740,82,344,92
239095212,1320,-172,-13568,100,348,103
239100372,1308,-72,-13664,83,362,91
239105512,1380,-80,-13772,89,342,94
239109412,1392,-100,-13632,72,319,68
239114512,1448,-96,-13796,76,342,104
239119712,1328,-156,-13668,94,350,80
239124912,1240,56,-13584,82,347,106
239130072,1420,-56,-13712,82,350,100
239229510,1480,12,-13956,87,361,94
239234667,1432,-20,-13664,82,348,94
239239510,1396,-44,-13824,94,338,113
239245410,1360,-44,-13768,98,339,96
239250210,1276,-80,-13724,74,345,108
239255010,1332,-40,-13624,106,348,94
239259810,1308,-44,-13660,111,360,99
239264710,1376,-152,-13536,94,359,92
239269510,1384,-148,-13620,83,340,117
239343810,1332,-60,-13716,61,332,91
239345410,1332,-60,-13716,61,332,91
239350412,1368,4,-13940,108,344,86
239355212,1352,-92,-13628,93,337,90
239360012,1348,-96,-13752,83,365,106
239364912,1372,-36,-13672,82,351,105
239369712,1424,-16,-13744,80,344,99
239374512,1340,-28,-13620,98,344,95
239474769,1280,-52,-13772,96,333,93
239488170,1428,-60,-13696,85,320,85
239489710,1428,-60,-13696,85,320,85
239494510,1308,-68,-13752,94,338,108
239500412,1324,68,-13600,70,348,106
239505212,1384,76,-13556,73,348,110
239510012,1276,-68,-13864,91,330,106
239514912,1400,-100,-13672,82,342,100
239519712,1428,-64,-13640,92,344,96
239524512,1376,-40,-13656,105,320,89
239530412,1340,28,-13664,87,331,93
239535212,1260,-124,-13716,67,345,87
239608612,1324,-232,-13668,89,359,86
239610212,1324,-232,-13668,89,359,86
239615012,1352,-60,-13868,94,333,108
239619812,1404,-108,-13572,83,323,97
239624612,1364,-36,-13556,78,359,105
239629512,1312,-100,-13644,109,347,98
239635412,1400,-84,-13776,94,335,94
239731210,1400,-84,-13776,94,335,94
239735112,1480,-36,-13744,89,357,105
239739912,1296,-64,-13752,104,320,102
239744812,1264,-52,-13720,92,356,122
239749612,1344,-104,-13748,58,370,106
239754412,1412,-56,-13660,100,346,91
239760312,1316,-128,-13720,90,335,93
239765112,1428,-60,-13688,105,369,97
239769912,1404,-156,-13680,88,360,81
239774812,1380,-60,-13840,80,328,78
239779612,1396,-124,-13788,69,332,100
239784412,1236,-116,-13712,74,358,61
239805312,1228,-60,-13680,105,347,116
239884310,1392,-180,-13764,63,328,111
239885912,1392,-180,-13764,63,328,111
239889612,1372,-148,-13724,100,356,98
239894512,1372,8,-13700,101,329,91
239900412,1420,-124,-13756,87,351,111
239905212,1340,-76,-13608,94,339,94
240001010,1340,-76,-13608,94,339,94
240014312,1292,-128,-13660,100,344,72
240015912,1292,-128,-13660,100,344,72
240019612,1368,-168,-13692,108,353,84
240024412,1488,-140,-13776,96,355,98
240030312,1352,-124,-13612,80,328,109
240035112,1300,-68,-13704,99,339,110
240039912,1328,-148,-13648,96,337,109
240044812,1436,-140,-13532,100,376,107
240049612,1332,-184,-13680,59,332,107
240054412,1452,-100,-13800,81,325,105
240060312,1408,12,-13800,75,349,91
240065112,1364,12,-13872,92,340,95
240069912,1428,-48,-13648,69,356,118
240144910,1416,-44,-13664,81,332,99
240149710,1396,-172,-13840,91,324,117
240154512,1292,-32,-13732,100,344,92
240160412,1420,-168,-13696,91,361,92
240258510,1452,-96,-13720,103,336,101
240260110,1452,-96,-13720,103,336,101
240265112,1416,-48,-13608,74,350,117
240269912,1404,-12,-13664,79,364,104
240274712,1300,-160,-13648,99,356,110
240279512,1360,-132,-13736,89,330,101
240285412,1264,-76,-13756,85,341,102
240290312,1424,-116,-13784,80,334,112
240295112,1380,-152,-13860,89,319,101
240299912,1248,-136,-13684,71,325,79
240304712,1332,-116,-13648,88,322,106
240309512,1348,32,-13676,90,353,116
240315412,1364,-32,-13908,72,335,88
240320212,1316,-108,-13704,95,330,94
240325012,1372,-120,-13684,63,321,97
240329912,1372,-32,-13776,77,329,88
240404910,1264,-60,-13584,84,336,84
240505210,1444,-56,-13616,69,355,107
240520810,1412,24,-13704,86,347,102
240524510,1396,-28,-13716,88,358,97
240530412,1364,20,-13616,69,350,119
240535212,1248,-100,-13716,83,343,116
240540012,1412,-76,-13648,85,345,75
240544812,1360,-132,-13660,94,368,112
240549612,1340,-112,-13648,86,336,84
240554412,1344,-92,-13712,90,344,100
240560412,1360,-80,-13700,88,361,87
240565212,1400,-136,-13796,109,343,97
240570012,1424,-188,-13756,97,338,80
240574812,1392,-88,-13620,84,332,82
240579612,1388,-80,-13628,75,349,90
240584412,1456,4,-13496,78,363,99
240590312,1424,-104,-13712,82,344,104
240595112,1348,-108,-13756,94,346,88
240690810,1348,-108,-13756,94,346,88
240694612,1460,-188,-13680,105,353,98
240768612,1384,-96,-13708,100,354,74
240770212,1384,-96,-13708,100,354,74
240775012,1316,-92,-13808,95,325,93
240779812,1400,36,-13676,73,342,47
240784612,1272,-68,-13820,91,341,98
240805510,1304,-104,-13596,108,372,88
240809412,1388,-8,-13696,95,363,92
240815312,1380,-100,-13532,84,336,98
240820112,1436,-312,-13764,84,331,127
240824912,1420,-64,-13824,80,366,123
240829712,1404,-56,-13636,101,358,87
240834612,1420,-108,-13764,94,341,108
240839412,1316,-116,-13704,104,316,96
240845312,1376,-44,-13780,90,336,125
240850112,1316,0,-13736,85,350,98
240854912,1372,-40,-13756,91,327,102
240859712,1436,-152,-13724,60,345,102
240955412,1436,-152,-13724,60,345,102
240967712,1356,-132,-13640,99,340,128
240970312,1464,-48,-13820,99,344,100
241045912,1344,-48,-13616,81,357,112
241049812,1308,-44,-13616,101,308,92
241054612,1392,-8,-13916,74,353,102
241059412,1364,-136,-13676,84,345,95
241065312,1436,-60,-13752,107,329,134
241070112,1364,36,-13780,79,338,93
241074912,1360,-104,-13700,88,325,130
241079712,1352,-132,-13768,61,322,103
241084612,1364,-32,-13644,87,357,105
241089412,1356,-12,-13700,75,329,94
241095312,1288,-28,-13756,89,334,75
241100112,1380,-48,-13560,86,365,109
241104912,1304,-116,-13720,90,349,97
241109712,1308,-92,-13728,82,324,89
241114512,1264,-212,-13656,79,340,92
241212512,1392,-92,-13712,89,338,99
241215216,1392,8,-13552,102,358,108
241220112,1352,-184,-13716,89,347,96
241224912,1336,-48,-13576,71,339,86
241229712,1304,-16,-13816,98,343,65
241303610,1332,-68,-13740,76,315,115
241305110,1332,-68,-13740,76,315,115
241310012,1372,-40,-13756,87,344,111
241314812,1352,-96,-13652,66,329,71
241319612,1316,-64,-13692,91,349,96
241324412,1316,-96,-13664,92,344,69
241330312,1324,-132,-13680,76,344,89
241335112,1384,-112,-13740,100,327,74
241340012,1384,-144,-13764,69,339,92
241344812,1364,-4,-13788,92,334,75
241349612,1448,-84,-13740,86,341,91
241354412,1324,-92,-13556,83,330,77
241360312,1408,-92,-13820,88,342,77
241457012,1464,-116,-13624,92,350,94
241474212,1396,32,-13684,94,325,104
241475712,1396,32,-13684,94,325,104
241479612,1412,8,-13560,83,380,98
241484412,1408,12,-13808,44,345,100
241490312,1468,-8,-13724,82,345,124
241495112,1600,-36,-13724,53,371,130
241568410,1188,-296,-13552,65,336,55
241570012,1188,-296,-13552,65,336,55
241574812,1316,-276,-13716,54,349,49
241579612,1332,-392,-13700,76,350,29
241584512,1232,-424,-13868,79,355,51
241590412,1212,-304,-13824,87,318,35
241595212,1248,-416,-13616,70,324,26
241600012,1276,-476,-13660,67,356,35
241604812,1352,-344,-13848,84,345,42
241609612,1336,-364,-13744,81,328,45
241614412,1304,-256,-13644,75,335,55
241620312,1344,-212,-13740,69,335,50
241715712,1280,144,-13788,50,316,47
241719674,1332,80,-13776,82,318,75
241724512,1468,72,-13616,85,311,61
241730412,1432,44,-13660,73,327,68
241735212,1420,16,-13764,64,338,89
241740012,1400,20,-13900,89,315,98
241744812,1432,-60,-13700,76,330,131
241749712,1556,-52,-13588,83,333,127
241848512,1524,-40,-13772,109,347,127
241850112,1524,-40,-13772,109,347,127
241855212,1540,-60,-13480,80,331,118
241860012,1448,64,-13636,96,348,130
241864812,1380,24,-13068,20,405,136
241869712,1488,32,-13244,-15,457,134
241874512,1672,108,-13520,-12,527,168
241880412,1884,244,-14968,131,279,152
241885212,1472,280,-14648,264,85,150
241890012,1512,80,-13836,120,335,186
241986112,1512,80,-13836,120,335,186
241998410,1264,36,-13896,45,410,127
241999910,1264,36,-13896,45,410,127
242004812,1356,196,-13664,57,385,91
242009612,1260,-28,-13676,146,298,84
242014412,1324,-48,-13832,114,286,82
242020312,1108,80,-13620,47,393,52
242025112,1260,28,-13800,54,413,63
242029912,1372,-68,-13696,115,302,38
242034812,1228,-320,-13476,103,332,46
242109010,1208,72,-13792,91,346,125
242110612,1208,72,-13792,91,346,125
242115412,1332,96,-13636,69,350,98
242120212,1336,20,-13640,94,335,79
242125112,1372,32,-13788,88,337,86
242129912,1288,-48,-13584,95,327,77
242134712,1412,-32,-13520,92,355,58
242139512,1404,-64,-13800,83,338,66
242145412,1432,-140,-13696,103,361,75
242242012,1344,-68,-13656,70,341,94
242244716,1388,-24,-13716,87,311,84
242249612,1216,-92,-13580,108,371,95
242254412,1308,-20,-13668,74,363,69
242260312,1328,-140,-13728,90,346,75
242265112,1272,-112,-13568,65,332,79
242269912,1300,-92,-13832,103,370,62
242274712,1296,-28,-13688,62,364,85
242279512,1320,-216,-13768,76,343,83
242285412,1416,-92,-13740,94,327,78
242290312,1340,-60,-13612,71,351,106
242363410,1352,132,-13768,76,343,82
242365012,1280,12,-13672,100,317,76
242369812,1368,56,-13700,86,313,48
242374612,1256,-112,-13768,102,356,73
242379512,1324,-48,-13696,31,337,77
242385412,1372,-4,-13820,99,346,65
242390212,1400,-28,-13796,36,358,79
242486312,1400,-28,-13796,36,358,79
242499712,1428,-12,-13752,106,325,90
242504612,1368,-20,-13688,101,375,96
242509412,1448,8,-13616,88,320,73
242515312,1356,108,-13652,90,355,80
242520112,1448,-72,-13692,96,355,96
242525012,1348,-240,-13552,82,329,107
242529812,1344,-120,-13756,81,328,107
242534612,1340,-132,-13696,72,358,94
242539412,1324,-152,-13892,95,340,82
242545312,1348,-44,-13700,79,350,123
242550112,1380,-116,-13780,109,336,119
242554912,1392,-140,-13632,69,354,114
242628712,1368,-124,-13648,104,362,107
242630212,1368,-124,-13648,104,362,107
242635112,1380,-128,-13592,62,323,77
242639912,1368,-212,-13796,82,338,103
242644812,1404,-96,-13888,89,339,92
242743310,1284,-160,-13564,84,360,68
242744910,1304,-48,-13824,61,340,71
242749912,1352,-112,-13796,94,348,73
242754712,1392,-136,-13784,57,338,85
242759512,1320,-228,-13700,92,334,86
242765412,1356,-156,-13660,69,343,100
242770212,1300,-140,-13768,69,345,113
242775112,1412,-156,-13808,106,326,115
242779912,1372,-112,-13600,70,342,108
242784712,1332,-188,-13836,74,352,108
242789512,1360,-160,-13824,98,321,122
242795412,1320,-136,-13604,103,335,111
242800212,1356,-176,-13832,77,318,116
242805012,1348,-60,-13844,122,333,105
242809812,1392,-20,-13820,109,345,118
242909912,1312,24,-13784,74,347,105
242914912,1384,-20,-13660,112,305,113
243014210,1376,8,-13732,83,315,90
243027512,1344,0,-13612,58,342,107
243030112,1300,-132,-13768,92,335,118
243034912,1372,-40,-13752,113,325,103
243039712,1380,-64,-13524,81,340,98
243044512,1320,32,-13676,84,329,107
243050412,1352,12,-13652,100,335,88
243055212,1416,-128,-13780,82,341,103
243060012,1364,104,-13744,97,345,105
243064912,1304,24,-13744,81,347,85
243069712,1380,-60,-13872,85,313,89
243074512,1472,-64,-13644,83,339,76
243080412,1364,-64,-13728,86,371,106
243085212,1484,-56,-13708,80,356,82
243090012,1472,8,-13720,98,339,94
243094812,1392,-112,-13704,101,319,81
243099612,1392,-96,-13608,82,348,86
243197510,1480,24,-13596,107,341,115
243274512,1404,-152,-13716,82,354,87
243279412,1380,-80,-13692,112,358,119
243285312,1320,-100,-13884,71,334,103
243290112,1276,-184,-13720,95,339,83
243294912,1312,-44,-13880,112,332,88
243299712,1376,-44,-13592,70,341,92
243304512,1360,-128,-13656,109,346,112
243309412,1424,-88,-13812,86,343,123
243315312,1388,28,-13496,102,340,119
243320112,1360,-80,-13588,82,358,89
243324912,1424,4,-13616,111,337,107
243329712,1404,-80,-13856,73,361,88
243334512,1440,-176,-13660,85,333,102
243340412,1304,-144,-13648,84,335,108
243345212,1380,-88,-13608,100,362,104
243444310,1380,-40,-13608,94,365,94
243459021,1408,-96,-13800,91,340,70
243460512,1352,-148,-13772,83,341,93
243465312,1408,-32,-13740,70,343,88
243470212,1340,-104,-13528,106,340,106
243545012,1344,-88,-13688,77,340,101
243550112,1420,-104,-13660,121,276,79
243555012,1328,-56,-13600,108,338,89
243559812,1472,-60,-13624,68,406,110
243564612,1368,24,-13656,106,318,83
243569412,1340,-16,-13872,126,273,103
243575312,1364,-4,-13648,107,335,89
243580112,1440,116,-13816,65,370,78
243584912,1404,8,-13884,72,340,87
243589712,1344,-84,-13552,72,329,90
243594612,1412,44,-13564,77,332,86
243599412,1504,-80,-13752,93,342,118
243605312,1348,-96,-13740,90,335,76
243703369,1364,88,-13716,111,339,87
243704910,1340,-28,-13648,69,325,76
243709710,1412,-116,-13768,146,340,106
243714512,1316,-112,-13752,83,327,94
243720412,1348,-148,-13712,99,334,103
243725212,1344,-148,-13780,72,390,75
243730112,1376,-32,-13768,77,320,107
243805212,1480,52,-13780,104,339,87
243810312,1380,-20,-13776,110,328,72
243815112,1356,116,-13576,68,389,96
243819912,1396,-64,-13684,85,379,86
243824712,1364,64,-13816,117,318,115
243829512,1400,-20,-13796,105,307,112
243835412,1404,20,-13728,95,361,99
243840312,1332,-88,-13744,70,373,109
243845112,1288,0,-13668,110,338,101
243849912,1360,-28,-13632,82,305,111
243972111,1384,-104,-13748,73,350,100
243987912,1404,-184,-13764,86,340,107
243989413,1384,-100,-13668,91,362,109
243995412,1344,4,-13792,86,354,104
244000212,1328,40,-13760,96,366,94
244005012,1180,72,-13500,56,328,92
244009912,1340,36,-13804,99,398,97
244014712,1412,40,-13784,102,325,109
244019512,1372,-44,-13628,72,337,113
244025412,1328,112,-13708,85,354,97
244099010,1396,-244,-13696,100,345,86
244100510,1320,-212,-13700,80,336,79
244105412,1448,-276,-13776,85,370,72
244110212,1428,-264,-13540,94,368,119
244115012,1312,-192,-13648,67,327,91
244119912,1268,-124,-13796,80,392,83
244124712,1180,-184,-13556,63,355,94
244129512,1296,-144,-13764,87,366,109
244135412,1392,-104,-13708,76,334,75
244231610,1392,-104,-13708,76,334,75
244234413,1404,-128,-13680,81,340,93
244240312,1492,-220,-13880,76,345,80
244245212,1468,-160,-13708,99,323,99
244250012,1352,-168,-13768,105,356,122
244254812,1460,-200,-13640,82,335,134
244259612,1396,-212,-13800,93,319,107
244264412,1328,-152,-13724,90,345,122
244270312,1320,-68,-13668,84,353,107
244275212,1328,-192,-13680,60,356,97
244280012,1264,-40,-13644,93,343,126
244355411,1392,28,-13868,89,317,107
244360311,1368,-64,-13956,109,340,82
244365211,1296,-56,-13676,69,354,98
244370011,1364,-32,-13784,102,346,93
244374811,1456,-24,-13672,99,346,106
244379611,1400,-40,-13600,68,316,84
244476912,1244,-56,-13692,79,330,94
244497612,1428,-88,-13780,73,332,99
244500212,1552,-60,-13688,78,352,112
244505012,1316,-36,-13828,92,316,101
244509912,1420,-68,-13796,88,332,106
244514712,1380,-16,-13700,74,324,88
244519512,1380,-16,-13700,74,324,88
244525412,1376,4,-13716,84,318,95
244530212,1324,44,-13696,100,316,92
244535012,1252,8,-13888,96,337,88
244539812,1452,-84,-13568,85,305,104
244544612,1360,-80,-13764,72,320,93
244549512,1360,-80,-13764,72,320,93
244555412,1356,-12,-13892,86,346,96
244628310,1240,-148,-13604,74,355,128
244629912,1428,-168,-13732,88,343,128
244634712,1384,-128,-13592,99,329,108
244639512,1384,-128,-13592,99,329,108
244739512,1432,-84,-13740,125,325,84
244744512,1440,-124,-13688,56,334,99
244750412,1380,-16,-13724,96,346,100
244755212,1364,-100,-13708,66,336,99
244760012,1368,-152,-13764,102,336,123
244764812,1432,-148,-13672,114,362,88
244769712,1412,-160,-13652,71,356,84
244774512,1412,-160,-13652,71,356,84
244780412,1304,-160,-13680,87,329,108
244785212,1364,-232,-13544,100,310,102
244790012,1368,-160,-13696,79,354,95
244794812,1312,-148,-13792,102,364,97
244799612,1312,-148,-13792,102,364,97
244804412,1336,-128,-13808,96,342,88
244810412,1384,-48,-13800,91,360,123
244815212,1324,-104,-13668,76,357,84
245013210,1292,-44,-13728,108,339,103
245027710,1304,-76,-13816,89,320,104
245030310,1356,52,-13644,74,332,118
245035112,1460,-60,-13512,66,345,90
245039912,1256,-44,-13660,94,332,134
245044712,1256,-44,-13660,94,332,134
245049512,1320,-108,-13832,80,321,82
245055412,1316,4,-13728,73,332,115
245060212,1412,-64,-13940,73,352,104
245065112,1460,-8,-13624,77,332,93
245069912,1396,-28,-13736,71,340,91
245074712,1396,-28,-13736,71,340,91
245079512,1348,12,-13748,86,342,94
245085412,1392,-148,-13792,105,356,122
245090212,1372,-8,-13748,71,342,97
245095012,1308,0,-13704,89,325,99
245099812,1400,-56,-13812,118,325,102
245198510,1400,100,-13772,81,323,107
245200010,1476,-16,-13672,104,312,117
245204912,1360,-140,-13672,85,331,104
245278710,1528,-264,-9192,37,209,151
245280210,1396,-4,-19896,-254,11,107
245285112,940,-248,-9008,214,907,71
245289912,2184,248,-16268,234,164,97
245294712,2184,248,-16268,234,164,97
245299612,1408,-408,-12456,-66,407,150
245304412,900,44,-13968,20,65,103
245310312,1620,-108,-13420,242,234,92
245315112,1332,-192,-13232,-119,387,134
245319912,1204,-204,-13948,146,244,122
245324712,1204,-204,-13948,146,244,122
245329512,1368,-52,-13876,206,252,84
245335412,1436,32,-13660,222,310,136
245340312,1500,-296,-13648,-29,312,143
245345112,1252,-76,-13476,127,327,116
245443812,1376,4,-13908,73,399,92
245457210,1432,-136,-14016,-15,382,104
245459910,1432,-136,-14016,-15,382,104
245464712,1424,16,-13260,93,423,117
245469512,1440,-48,-13824,70,339,113
245544810,1412,-44,-13688,105,189,125
245549812,1560,64,-13912,74,365,106
245554612,1616,-8,-13440,181,401,139
245559412,1552,80,-13728,42,253,146
245565312,1404,132,-14000,121,307,148
245570112,1504,0,-13308,109,381,157
245575012,1504,0,-13308,109,381,157
245579812,1516,20,-13644,102,369,152
245584612,1432,8,-13696,30,299,179
245589412,1280,204,-13712,89,374,126
245595312,1484,-4,-13656,69,316,114
245600112,1228,-88,-13756,62,366,129
245604912,1228,-88,-13756,62,366,129
245701810,1132,-12,-13660,102,356,90
245704679,1132,-12,-13660,102,356,90
245709510,1128,4,-13664,75,359,64
245715410,1788,-692,-13596,56,303,91
245720212,1056,152,-13712,74,274,47
245725012,1056,152,-13712,74,274,47
245729812,1500,-352,-13444,164,373,46
245803510,1300,-40,-13768,54,337,115
245805112,1300,-40,-13768,54,337,115
245809912,1500,-216,-13672,67,341,126
245814812,1448,-132,-13688,89,339,100
245819612,1432,-76,-13664,97,329,111
245824412,1396,-100,-13656,73,344,92
245830312,1392,-176,-13760,95,348,88
245835112,1392,-176,-13760,95,348,88
245839912,1412,-80,-13824,100,337,91
245844812,1256,-56,-13692,90,335,88
245849612,1396,-60,-13684,105,333,74
245946410,1264,-140,-13728,64,381,90
245959712,1260,-116,-13760,102,320,88
245964669,1284,-176,-13508,60,343,86
245969512,1216,-168,-13672,96,348,80
245975412,1248,-172,-13780,96,306,74
245980212,1408,-200,-13736,88,304,97
245985012,1408,-200,-13736,88,304,97
246008112,1392,-16,-13636,112,360,126
246009612,1392,-16,-13636,112,360,126
246087412,1328,-172,-13708,110,326,88
246090212,1328,-172,-13708,110,326,88
246095012,1480,-132,-13908,92,356,93
246099812,1460,-228,-13728,91,353,92
246104612,1432,-184,-13588,109,353,100
246109412,1464,-176,-13780,106,364,99
246115312,1384,-84,-13636,85,342,97
246120212,1384,-84,-13636,85,342,97
246125012,1352,-116,-13604,92,353,118
246129812,1312,-128,-13744,80,363,123
246227210,1436,-80,-13808,85,349,107
246230081,1436,-80,-13808,85,349,107
246234910,1444,-84,-13752,78,345,115
246239710,1412,-96,-13592,89,358,102
246244512,1356,-148,-13668,70,370,111
246250412,1464,-196,-13556,98,347,115
246255212,1464,-196,-13556,98,347,115
246260112,1268,-100,-13584,81,349,114
246264912,1344,-128,-13808,77,363,100
246269712,1472,-212,-13628,93,329,95
246345110,1456,-68,-13672,87,324,97
246350010,1436,-20,-13712,71,324,107
246354912,1420,-60,-13732,78,346,116
246359712,1404,-64,-13768,97,334,98
246364512,1228,-72,-13776,103,352,141
246370412,1420,36,-13704,85,331,121
246375212,1420,36,-13704,85,331,121
246472910,1352,-104,-13756,103,339,122
246486312,1364,-16,-13720,74,344,112
246490012,1364,-16,-13720,74,344,112
246494812,1368,-16,-13832,88,320,125
246499612,1372,-116,-13796,82,339,116
246504412,1352,-76,-13664,74,331,113
246510312,1392,0,-13756,69,357,103
246515112,1388,4,-13652,71,329,92
246519912,1400,4,-13764,100,341,91
246524812,1372,12,-13624,92,361,98
246529612,1392,12,-13732,70,353,81
246534412,1248,8,-13600,85,340,99
246540312,1384,-4,-13484,72,322,79
246613412,1412,-244,-13620,112,350,126
246615012,1412,-244,-13620,112,350,126
246619812,1340,-60,-13652,95,328,120
246624712,1288,-152,-13764,88,345,107
246629512,1276,-84,-13716,75,343,116
246728810,1488,-128,-13736,69,352,96
246730480,1488,-128,-13736,69,352,96
246735310,1448,-152,-13712,57,356,99
246740110,1220,-168,-13868,83,348,117
246744912,1244,-84,-13764,100,363,107
246749712,1368,-212,-13800,52,365,107
246754512,1396,-172,-13828,73,311,109
246759412,1336,-188,-13652,83,343,92
246765312,1340,-160,-13704,93,315,114
246770112,1364,-124,-13828,79,328,98
246774912,1252,-164,-13716,83,359,68
246779712,1300,-168,-13812,87,346,62
246784512,1440,-220,-13772,85,341,75
246790412,1384,-96,-13708,105,325,97
246795212,1300,-92,-13660,98,323,72
246870613,1352,8,-13668,120,347,118
246874512,1352,8,-13668,120,347,118
246973710,1412,-52,-13704,95,330,116
246987012,1268,0,-13736,110,326,110
247011012,1400,-100,-13680,63,353,97
247014812,1400,-100,-13680,63,353,97
247019612,1336,-40,-13536,79,346,86
247024412,1360,-40,-13680,89,347,76
247030412,1296,-148,-13824,105,336,107
247035212,1364,-56,-13600,93,333,104
247040012,1424,-232,-13640,56,348,94
247044812,1476,-68,-13780,63,374,97
247049612,1436,-196,-13652,82,338,88
247054412,1420,-60,-13808,83,329,106
247060312,1324,-80,-13656,82,336,118
247065112,1352,-60,-13664,79,343,101
247070012,1412,-152,-13632,104,336,108
247074812,1296,-144,-13768,83,324,124
247079612,1396,-232,-13780,100,323,121
247084412,1312,-132,-13708,101,339,104
247258521,1304,-56,-13832,98,337,100
247260121,1304,-56,-13832,98,337,100
247265112,1344,-28,-13668,112,329,113
247269912,1432,32,-13708,67,353,104
247274712,1344,-76,-13692,82,353,81
247279512,1320,-120,-13644,105,323,93
247285412,1276,-56,-13692,91,337,83
247290312,1308,-52,-13780,64,329,111
247295112,1468,4,-13608,61,343,106
247299912,1348,-40,-13812,79,323,109
247304712,1392,-144,-13804,61,344,97
247309512,1396,-48,-13680,72,365,88
247315412,1344,-116,-13524,70,341,86
247320212,1372,-68,-13620,76,334,113
247325012,1384,-80,-13688,75,332,80
247329912,1404,-32,-13748,84,366,111
247334712,1436,-84,-13740,114,349,97
247430610,1436,-84,-13740,114,349,97
247442812,1324,-56,-13788,104,355,91
247445412,1324,-56,-13788,104,355,91
247519612,1296,-36,-13744,95,330,119
247524812,1352,-304,-13592,80,340,100
247529612,1348,-76,-13764,57,328,79
247534412,1228,-152,-13820,88,325,83
247540312,1336,-124,-13568,94,335,85
247545112,1396,-24,-13912,101,342,99
247549912,1472,-32,-13548,88,342,102
247554812,1320,-116,-13620,74,343,105
247559612,1432,-20,-13768,85,343,89
247564412,1308,-176,-13672,97,350,110
247570312,1380,-48,-13712,96,338,87
247575112,1344,-28,-13708,101,358,113
247579912,1424,-112,-13712,81,343,119
247584712,1260,-64,-13780,91,342,90
247589512,1420,-60,-13672,107,349,88
247686412,1456,0,-13784,100,325,115
247690312,1456,0,-13784,100,325,115
247695112,1412,-136,-13852,94,344,76
247699912,1360,-120,-13708,96,314,97
247704712,1420,-72,-13740,89,340,113
247779212,1460,-96,-13780,96,319,68
247780712,1460,-96,-13780,96,319,68
247784612,1356,-36,-13664,88,349,106
247789412,1348,0,-13684,91,342,113
247795312,1372,-68,-13600,88,333,96
247800112,1480,-16,-13904,111,359,97
247804912,1388,-152,-13768,86,329,88
247809712,1316,-240,-13644,121,333,93
247814612,1408,-44,-13672,97,357,102
247819412,1412,-100,-13792,104,348,79
247825312,1348,-212,-13660,87,340,96
247830112,1380,-72,-13712,98,344,85
247834912,1328,-60,-13832,78,333,91
247931612,1480,44,-13804,72,341,90
247955712,1336,-48,-13800,94,361,105
247959412,1356,-48,-13524,67,339,103
247965312,1296,-100,-13620,101,353,102
247970112,1244,-156,-13608,72,362,94
247974912,1296,-92,-13772,101,335,89
247979712,1384,-48,-13568,92,312,102
248078012,1428,-188,-13684,84,324,109
248079612,1428,-188,-13684,84,324,109
248084512,1424,-148,-13784,98,358,94
248090412,1276,52,-13684,90,339,113
248095312,1236,-128,-13680,78,314,125
248100112,1320,-20,-13672,102,350,112
248104912,1460,-96,-13712,73,331,75
248109712,1208,-100,-13756,89,339,109
248114512,1380,-116,-13688,95,328,80
248120412,1432,-44,-13708,87,346,101
248125312,1448,-72,-13800,83,320,103
248222310,1384,-44,-13640,90,347,119
248224910,1384,-44,-13640,90,347,119
248229712,1428,-80,-13772,76,327,115
248234512,1244,0,-13668,89,347,103
248240412,1316,-124,-13632,86,336,95
248245212,1296,-80,-13688,77,330,99
248250012,1336,-216,-13840,115,340,98
248254812,1416,-44,-13696,88,336,120
248259712,1300,-108,-13660,93,347,108
248334510,1404,-120,-13732,88,364,104
248340410,1400,-4,-13704,115,354,105
248345212,1380,-100,-13672,88,340,104
248350012,1336,-68,-13708,98,337,94
248354812,1316,-24,-13772,108,338,114
248359612,1492,-172,-13640,89,358,86
248364412,1316,-156,-13720,99,361,91
248370312,1428,-44,-13588,74,334,117
248467712,1492,-40,-13720,59,350,96
248481210,1332,56,-13656,80,331,92
248484910,1320,-116,-13808,91,321,99
248489712,1508,-128,-13780,100,333,92
248494512,1324,-128,-13764,74,318,101
248500412,1420,8,-13628,60,353,96
248505212,1332,-156,-13736,76,338,71
248510012,1372,-60,-13720,82,332,100
248514812,1344,-36,-13648,62,336,108
248519712,1364,-96,-13740,92,345,91
248524512,1348,-88,-13744,72,350,92
248530412,1316,-108,-13704,92,344,113
248604612,1388,-12,-13816,62,343,117
248609812,1344,-32,-13624,82,360,99
248614612,1404,-80,-13752,74,364,105
248619412,1404,-56,-13668,62,342,93
248625312,1404,-32,-13732,95,324,100
248724310,1384,-40,-13620,96,346,91
248725910,1384,-40,-13620,96,346,91
248729610,1248,28,-13588,111,345,116
248734512,1424,-184,-13716,76,379,85
248740412,1372,-4,-13776,90,361,97
248745212,1336,-56,-13764,93,316,66
248750012,1440,-40,-13836,80,342,106
248754812,1432,-196,-13528,71,334,90
248759612,1448,-44,-13668,66,339,108
248764412,1416,-192,-13732,89,336,93
248770312,1492,-68,-13660,131,309,99
248775212,1324,-80,-13768,71,343,110
248780012,1376,-124,-13624,71,342,86
248784812,1388,-128,-13652,96,327,86
248789612,1360,-132,-13728,76,339,81
248863412,1408,-12,-13724,79,354,102
248865012,1408,-12,-13724,79,354,102
248869812,1392,-140,-13572,102,336,96
248968912,1392,-52,-13664,94,336,97
248985812,1344,-24,-13728,92,367,105
248989512,1344,-208,-13756,95,346,105
248995412,1252,-24,-13584,96,329,108
249000212,1408,52,-13860,91,325,102
249005012,1440,-88,-13680,76,346,110
249009812,1288,-128,-13624,75,361,105
249014612,1356,-80,-13700,98,352,102
249019412,1344,-112,-13744,84,334,112
249025412,1444,-48,-13656,81,347,87
249030212,1440,88,-13784,90,354,94
249035012,1484,0,-13860,82,312,106
249039812,1320,-56,-13676,82,327,80
249044612,1416,-68,-13628,80,356,94
249049412,1436,-68,-13604,78,334,112
249072412,1308,-132,-13648,92,323,101
249075112,1308,-132,-13648,92,323,101
249151110,1452,-84,-13780,93,335,113
249154810,1368,-48,-13720,86,366,102
249250515,1368,-48,-13720,86,366,102
249255412,1388,-8,-13700,87,310,115
249260212,1380,-32,-13744,101,343,106
249265112,1452,-64,-13632,72,369,126
249269912,1396,-56,-13780,77,331,105
249274712,1392,-112,-13736,88,338,108
249279512,1376,-92,-13740,100,333,109
249285412,1392,-20,-13660,98,364,93
249290212,1268,-96,-13628,57,351,104
249295112,1340,40,-13672,93,360,87
249299912,1296,-156,-13736,81,347,100
249304712,1484,-44,-13712,72,346,107
249309512,1396,-212,-13660,106,370,89
249315412,1356,-128,-13648,99,364,90
249320212,1448,-20,-13744,80,337,86
249325012,1244,-112,-13836,100,364,82
249421912,1396,-48,-13628,67,335,104
249424622,1396,-48,-13628,67,335,104
249526312,1436,-8,-13552,90,360,98
249530112,1264,84,-13672,65,347,102
249535012,1332,-48,-13832,81,361,92
249539812,1280,0,-13644,76,352,83
249544612,1372,-92,-13588,71,358,81
249549412,1296,12,-13716,76,343,82
249555312,1292,-24,-13700,96,345,108
249560112,1328,-144,-13828,84,341,77
249565012,1344,-48,-13612,93,353,75
249569812,1372,-80,-13668,93,333,83
249574612,1400,-140,-13708,78,343,86
249579412,1436,-124,-13736,90,352,80
249585312,1324,-108,-13860,100,342,88
249590112,1356,-108,-13704,100,339,80
249594912,1380,-88,-13624,85,347,101
249693912,1464,100,-13680,95,333,100
249695512,1464,100,-13680,95,333,100
249699412,1368,-68,-13752,89,337,93
249705312,1296,-176,-13808,98,334,90
249710112,1356,-108,-13692,88,379,94
249783610,1192,-176,-13756,65,363,102
249785212,1192,-176,-13756,65,363,102
249790012,1328,-64,-13832,89,329,106
249794812,1300,-100,-13728,80,322,104
249799612,1444,-84,-13632,87,345,100
249804412,1392,-112,-13668,83,350,94
249810312,1288,-116,-13756,89,354,90
249815112,1356,-164,-13660,97,338,99
249819912,1388,-60,-13768,87,366,86
249824812,1316,-68,-13660,90,341,81
249829612,1468,-60,-13820,89,353,99
249834412,1400,-152,-13744,86,349,104
249840312,1420,-108,-13752,99,309,106
249938410,1348,-28,-13808,84,335,98
249952812,1332,-212,-13592,92,345,99
249955412,1332,-212,-13592,92,345,99
249960212,1444,-64,-13688,83,336,83
249965012,1324,-48,-13616,103,329,82
249969812,1300,-80,-13800,84,341,119
249974712,1364,-156,-13744,97,361,93
250049312,1368,-140,-13680,85,373,97
250050812,1368,-140,-13680,85,373,97
250073512,1272,-36,-13620,52,343,82
250075012,1272,-36,-13620,52,343,82
250079812,1396,-112,-13768,116,332,120
250084712,1324,-200,-13756,128,325,95
250089512,1392,-76,-13688,95,362,106
250095412,1340,-4,-13880,70,318,113
250100212,1400,-88,-13676,95,348,99
250105012,1316,-196,-13556,110,330,88
250109812,1408,144,-13700,85,368,81
250114612,1368,-184,-13652,94,319,100
250119412,1324,-192,-13912,79,318,105
250217712,1284,64,-13696,115,341,89
250220412,1284,64,-13696,115,341,89
250225312,1304,-148,-13716,93,314,104
250230112,1400,-116,-13776,59,329,107
250234912,1300,-40,-13812,97,360,112
250239712,1380,-4,-13524,87,329,99
250244512,1288,-188,-13768,66,337,105
250319213,1344,-152,-13732,98,342,106
250320812,1344,-152,-13732,98,342,106
250324512,1336,-84,-13760,95,364,90
250330412,1260,-100,-13804,91,357,85
250335212,1324,-108,-13576,98,332,82
250340012,1352,-56,-13700,80,343,81
250344812,1348,-144,-13808,112,336,102
250349612,1444,-112,-13648,87,311,106
250354512,1352,-44,-13724,84,360,86
250360412,1324,-116,-13724,110,356,105
250365212,1380,-68,-13592,96,316,114
250463270,1372,64,-13692,76,326,91
250480312,1500,-56,-13768,99,361,93
250485112,1368,-20,-13588,94,355,93
250489912,1432,-108,-13708,102,351,75
250494712,1360,44,-13616,96,357,106
250499512,1328,16,-13780,100,354,113
250505412,1456,-40,-13808,94,337,88
250510212,1448,-88,-13680,75,333,93
250515012,1368,16,-13592,103,344,117
250589412,1468,-88,-13712,76,350,93
250594612,1300,8,-13708,69,359,114
250599412,1356,-48,-13644,78,334,102
250605312,1364,-212,-13636,89,356,93
250610112,1400,-44,-13708,77,354,135
250614912,1376,48,-13708,69,348,93
250619712,1428,-220,-13624,71,334,93
250624612,1360,4,-13776,89,325,92
250723910,1372,-68,-13660,68,325,107
250725510,1372,-68,-13660,68,325,107
250729412,1320,-176,-13692,106,358,79
250735312,1308,-156,-13688,89,320,83
250740112,1404,36,-13604,75,330,110
250744912,1392,-112,-13612,68,345,102
250749712,1304,-128,-13668,111,337,74
250754612,1392,12,-13820,76,355,105
250759412,1296,-52,-13636,101,357,106
250765312,1332,-184,-13616,86,337,90
250770112,1424,20,-13556,77,338,99
250774912,1376,-152,-13712,76,334,103
250848812,1396,-4,-13664,108,344,77
250850412,1396,-4,-13664,108,344,77
250855212,1344,-248,-13804,64,332,115
250860012,1320,-136,-13780,100,323,93
250864812,1368,36,-13712,111,336,101
250869612,1412,-136,-13656,73,353,108
250968512,1340,0,-13720,97,353,93
250981812,1284,-68,-13524,86,343,104
250984412,1420,80,-13772,98,323,97
250990412,1332,-132,-13684,80,341,108
250995212,1356,-84,-13712,87,334,90
251000012,1500,0,-13676,78,336,106
251004812,1324,-60,-13636,80,365,93
251009612,1384,-88,-13624,92,333,89
251014412,1348,-32,-13708,98,358,85
251020312,1432,44,-13716,73,339,113
251025112,1380,-76,-13852,71,326,94
251030012,1476,-60,-13832,111,358,96
251034812,1460,-12,-13696,90,309,88
251039612,1344,-128,-13616,80,327,102
251137313,1328,20,-13724,69,338,96
251140012,1460,-80,-13644,88,325,117
251144912,1404,-140,-13856,81,353,108
251149712,1432,-16,-13636,87,345,82
251248812,1380,-76,-13680,53,356,88
251250413,1380,-76,-13680,53,356,88
251254412,1380,-124,-13748,48,348,65
251260312,1392,-84,-13772,96,349,80
251265112,1480,-60,-13612,46,331,97
251269912,1304,-100,-13648,76,357,94
251274712,1332,-104,-13844,115,338,92
251279512,1464,12,-13752,72,342,89
251284412,1348,-136,-13584,84,342,95
251290312,1348,-104,-13708,117,342,89
251295112,1428,16,-13592,68,357,110
251299912,1376,-48,-13624,85,333,103
251304712,1420,-96,-13632,103,344,100
251309512,1272,104,-13656,86,333,97
251315412,1424,-92,-13876,83,356,95
251320212,1436,-132,-13784,107,350,93
251394212,1196,-48,-13740,65,360,111
251395812,1196,-48,-13740,65,360,111
251494112,1324,-188,-13868,70,370,125
251507212,1260,40,-13720,79,302,99
251509914,1344,-96,-13680,77,326,97
251514712,1392,-100,-13632,67,385,105
251519512,1384,-148,-13764,77,356,94
251525412,1436,-168,-13792,116,326,117
251530212,1408,-40,-13600,79,315,85
251535012,1516,-204,-13616,69,371,92
251539912,1432,-112,-13628,71,332,76
251544712,1396,-24,-13664,85,329,91
251549512,1464,-84,-13644,89,354,98
251555412,1420,-96,-13752,83,355,90
251560212,1328,16,-13548,93,352,95
251565012,1336,-92,-13828,103,329,100
251569812,1256,-48,-13536,105,355,78
251574612,1384,-48,-13496,88,354,96
251579512,1352,-52,-13616,74,349,112
251677710,1424,-48,-13608,69,332,99
251755210,1392,124,-13648,107,339,76
251760212,1340,8,-13592,91,336,73
251765012,1316,-148,-13900,101,312,121
251769812,1276,-64,-13880,79,330,78
251774612,1312,-228,-13628,81,371,94
251779412,1440,-28,-13864,62,310,92
251785312,1400,-32,-13656,76,319,77
251790112,1380,-272,-13760,90,357,93
251794912,1392,-56,-13568,87,351,75
251799812,1516,-212,-13668,73,327,98
251804612,1440,-188,-13768,109,336,105
251809412,1432,-116,-13780,89,351,102
251815312,1348,-192,-13724,111,355,85
251820112,1404,-100,-13572,102,373,110
251824912,1336,-100,-13728,85,341,106
251829712,1304,80,-13720,81,374,104
251925412,1304,80,-13720,81,374,104
251946112,1448,-124,-13648,108,336,80
251949912,1400,48,-13644,67,331,113
251954812,1424,-208,-13724,95,316,105
252029412,1372,-144,-13608,103,328,102
252034412,1436,-96,-13784,102,354,90
252040312,1392,12,-13432,62,365,88
252045112,1252,-228,-13756,105,371,106
252049912,1492,0,-13808,71,324,92
252054712,1280,-156,-13812,91,341,86
252059512,1432,-80,-13828,93,361,87
252065412,1364,-44,-13688,89,339,93
252070212,1356,-148,-13688,131,350,88
252075112,1336,52,-13648,81,344,110
252079912,1472,-180,-13664,82,355,98
252084712,1432,-116,-13728,104,346,84
252089512,1376,-64,-13804,60,340,95
252214212,1412,-124,-13644,122,333,110
252215812,1412,-124,-13644,122,333,110
252219512,1420,16,-13772,58,322,113
252225412,1292,-8,-13636,67,340,93
252230212,1376,-196,-13704,100,351,86
252235012,1400,-60,-13504,62,354,94
252239812,1252,-36,-13648,67,359,101
252314212,1392,-212,-13756,89,344,77
252315812,1392,-212,-13756,89,344,77
252319512,1336,0,-13640,61,367,97
252325412,1396,-172,-13712,59,349,102
252330212,1408,-76,-13688,117,328,87
252335112,1380,-44,-13704,61,324,97
252339912,1376,-152,-13544,83,328,116
252344712,1424,-40,-13824,105,324,100
252349512,1356,-216,-13612,90,304,98
252355412,1364,-48,-13736,107,333,94
252360212,1344,-76,-13796,74,344,85
252459510,1388,-104,-13816,85,339,76
252471910,1368,-40,-13804,76,319,76
252474510,1452,-108,-13632,97,334,79
252479412,1352,8,-13696,74,348,101
252485312,1324,-256,-13688,114,349,78
252490112,1384,60,-13672,75,319,88
252494912,1312,-124,-13748,84,349,82
252499712,1300,20,-13764,88,323,96
252504512,1468,-40,-13676,59,354,80
252578312,1380,-136,-13668,77,314,101
252579812,1380,-136,-13668,77,314,101
252584712,1320,44,-13644,91,381,114
252589512,1332,-120,-13640,74,352,100
252595412,1320,-144,-13596,91,315,90
252600212,1288,-56,-13844,74,328,88
252605012,1376,-160,-13816,112,353,96
252609812,1372,4,-13600,81,360,108
252614712,1388,-100,-13544,70,325,95
252619512,1436,-116,-13728,57,266,88
252715410,1436,-116,-13728,57,266,88
252720312,1332,60,-13792,104,338,117
252725112,1328,-160,-13760,104,330,113
252730012,1336,-104,-13724,83,358,92
252734812,1376,-72,-13876,81,312,96
252739612,1368,-44,-13724,102,340,85
252744412,1352,-100,-13592,75,356,91
252750312,1388,-152,-13752,117,338,99
252755112,1352,-56,-13756,44,364,94
252760012,1388,-196,-13812,55,337,82
252834710,1348,-8,-13688,102,333,100
252839810,1344,-24,-13876,88,333,105
252844612,1324,-92,-13924,68,349,89
252849412,1304,-60,-13644,93,369,82
252855312,1288,-176,-14004,107,362,106
252860212,1408,-176,-13384,98,342,71
252865012,1344,-48,-13628,92,345,82
252960910,1344,-48,-13628,92,345,82
252978010,1328,-260,-13656,88,325,71
252979510,1444,12,-13552,122,339,85
252984610,1224,-64,-13776,74,349,75
252989410,1460,-180,-13668,92,354,83
252995310,1356,-80,-13772,77,347,81
253000112,1408,-272,-13652,89,330,87
253004912,1308,0,-13572,86,374,96
253009712,1392,-120,-13780,84,328,94
253014612,1496,-96,-13744,83,335,88
253019412,1404,-76,-13672,76,358,87
253025312,1372,-176,-13696,82,329,82
253030112,1316,72,-13812,84,386,126
253103710,1400,-180,-13688,103,317,77
253105210,1400,-180,-13688,103,317,77
253110112,1384,-80,-13664,78,336,70
253114912,1328,-64,-13676,81,371,76
253119712,1400,-272,-13696,102,368,88
253124612,1352,8,-13696,96,338,88
253246112,1368,-124,-13660,98,349,110
253250012,1364,-192,-13752,111,329,107
253254812,1168,-92,-13512,96,330,121
253259612,1352,-136,-13884,73,352,100
253264512,1320,-124,-13832,58,371,117
253270412,1268,-112,-13772,100,357,108
253275212,1384,-228,-13652,87,362,115
253280012,1276,68,-13796,21,274,101
253284812,1380,-116,-13788,110,355,114
253289612,1376,-204,-13748,91,411,97
253294412,1296,-80,-13540,83,359,74
253300312,1380,24,-13836,88,318,102
253305212,1344,-96,-13948,78,344,84
253310012,1332,-136,-13612,77,351,96
253384910,1428,-12,-13668,100,337,121
253390011,1272,-152,-13800,81,295,117
253394811,1304,-72,-13864,75,353,80
253490412,1376,-256,-13804,82,347,111
253504812,1444,-4,-13780,83,338,89
253509712,1460,-184,-13740,82,341,115
253514612,1436,-20,-13768,123,349,119
253519412,1400,-28,-13772,49,323,98
253525312,1504,-24,-13696,122,359,101
253530112,1324,4,-13808,83,344,111
253534912,1356,-192,-13652,106,340,110
253539712,1296,-44,-13580,119,360,88
253544512,1392,-52,-13720,62,329,100
253550412,1316,-64,-13492,109,343,110
253555312,1304,16,-13724,85,334,94
253560112,1396,-144,-13844,52,326,75
253564912,1436,-12,-13596,50,354,92
253569712,1312,-224,-13812,90,332,96
253574512,1420,-12,-13728,81,331,104
253674510,1352,-40,-13868,80,311,84
253752610,1420,-124,-13828,76,333,88
253755210,1380,-120,-13868,99,345,66
253760012,1408,-144,-13664,77,341,78
253764812,1432,-72,-13644,85,350,76
253769612,1332,-132,-13792,103,317,72
253774512,1508,-108,-13564,80,344,101
253780412,1392,-184,-13684,86,340,72
253785212,1420,-300,-13868,77,343,107
253790012,1304,-12,-13820,81,361,103
253794812,1280,-176,-13632,107,323,94
253799612,1432,-104,-13628,79,334,104
253804412,1376,-24,-13868,89,302,110
253810312,1304,-220,-13832,112,350,120
253815212,1360,8,-13664,68,332,117
253820012,1356,-60,-13720,100,316,128
253824812,1436,-56,-13756,74,355,128
253922810,1436,-104,-13516,112,338,103
253924410,1320,-120,-13792,50,302,91
253945010,1324,56,-13808,106,367,101
253949810,1268,-176,-13728,100,345,115
254025110,1464,-48,-13576,89,321,99
254030111,1304,24,-13752,74,316,105
254034911,1472,-244,-13812,113,329,95
254039711,1372,16,-13600,63,348,119
254044511,1360,-100,-13812,89,358,112
254050411,1384,-76,-13716,92,332,104
254055311,1272,-120,-13708,83,330,108
254060111,1304,-100,-13548,105,378,92
254064911,1272,-140,-13784,74,333,121
254069711,1332,-8,-13672,97,324,115
254074511,1364,0,-13616,72,349,110
254080411,1268,-204,-13808,89,344,94
254085211,1400,-84,-13508,101,316,106
254090011,1400,-168,-13744,95,347,79
254187812,1400,-24,-13664,62,369,99
254189412,1428,-56,-13632,103,326,97
254195312,1376,68,-13744,69,362,96
254200112,1292,-52,-13564,92,329,97
254205012,1396,20,-13636,63,348,101
254209812,1324,-60,-13824,83,353,112
254308274,1364,-232,-13792,85,339,116
254309812,1336,-16,-13728,80,321,111
254314610,1220,-116,-13784,97,340,98
254319412,1412,-116,-13716,97,333,99
254325312,1372,88,-13700,83,360,76
254330112,1284,-184,-13688,88,345,84
254335012,1296,0,-13600,118,347,90
254339812,1344,24,-13768,88,332,108
254344612,1324,-44,-13832,101,364,113
254349412,1304,8,-13684,59,363,67
254355312,1336,-160,-13656,92,340,93
254360112,1340,24,-13808,86,328,97
254456112,1380,0,-13792,99,319,103
254470610,1356,20,-13544,77,334,79
254474410,1352,-72,-13840,94,333,94
254480412,1352,-24,-13556,65,363,90
254485212,1484,-160,-13936,114,313,97
254490012,1456,52,-13900,103,352,85
254494812,1236,-60,-13648,75,365,83
254499612,1444,-124,-13656,118,344,87
254573112,1508,-28,-13904,113,272,95
254574712,1180,32,-13636,118,362,77
254579712,1192,-80,-13664,78,328,75
254584512,1384,-36,-13744,59,313,116
254590412,1360,-12,-13748,110,326,84
254595212,1364,-144,-13628,98,349,97
254600012,1276,0,-13612,37,328,87
254604912,1392,-120,-13580,121,337,82
254609712,1408,-84,-13636,80,355,64
254614512,1360,-168,-13844,53,332,105
254713812,1356,-140,-13816,91,317,93
254715412,1396,-36,-13700,77,345,71
254720212,1428,-16,-13684,67,344,95
254725012,1348,-236,-13696,120,340,76
254729812,1412,-32,-13756,62,322,87
254734612,1248,-264,-13636,121,355,93
254739412,1332,-32,-13888,88,359,104
254745312,1368,-64,-13872,47,358,82
254750212,1528,-164,-13712,125,339,101
254755012,1332,44,-13712,49,355,125
254829012,1360,28,-13728,77,319,104
254830612,1400,-128,-13688,87,332,82
254835412,1376,-20,-13436,99,346,92
254840212,1476,-124,-13748,38,339,75
254845012,1340,36,-13652,104,344,93
254849812,1372,-24,-13644,94,346,81
254854612,1396,-136,-13808,68,345,84
254859412,1320,-32,-13796,82,348,88
254958612,1424,184,-14184,131,352,76
254975810,1444,-224,-13740,76,393,89
254979610,1476,28,-13756,62,324,103
254984512,1356,-160,-13712,109,247,99
254990412,1460,-80,-13704,120,416,104
254995212,1352,-284,-13560,21,337,97
255000012,1416,-112,-13888,152,315,97
255004812,1472,-120,-13764,111,379,122
255009612,1476,-144,-13728,40,361,124
255014512,1336,52,-13728,107,344,95
255020412,1388,-268,-13720,92,366,98
255025212,1288,136,-13640,69,299,103
255099612,1304,-104,-13656,87,389,115
255104712,1368,-292,-13836,113,311,125
255109512,1340,152,-13644,79,307,120
255114412,1340,152,-13644,79,307,120
255120312,1368,-156,-13772,80,383,129
255219510,1284,-164,-13828,57,315,128
255224672,1364,-92,-13648,88,333,116
255229510,1364,-92,-13648,88,333,116
255235410,1460,-152,-13696,76,314,104
255240212,1564,92,-13664,77,327,106
255245012,1412,-108,-13676,73,327,104
255249812,1468,16,-13768,108,337,86
255254712,1340,0,-13780,71,365,84
255259512,1340,0,-13780,71,365,84
255265412,1456,96,-13636,90,369,76
255270212,1420,-88,-13688,100,343,68
255275012,1320,-128,-13512,98,391,89
255279812,1348,52,-13732,76,363,95
255302813,1356,-160,-13848,83,342,120
255305513,1264,-168,-13936,69,334,116
255382610,1428,-124,-13684,116,342,71
255385480,1388,76,-13624,107,361,57
255390310,1508,-60,-13728,60,350,80
255487310,1276,-152,-13648,103,345,70
255508012,1316,-36,-13804,54,321,45
255509512,1316,-36,-13804,54,321,45
255514512,1396,-116,-13612,109,361,75
255520412,1468,-268,-13852,84,316,92
255525212,1392,-96,-13568,98,362,103
255530012,1424,-84,-13644,90,291,109
255534812,1468,32,-13684,107,339,96
255539612,1304,-84,-13596,94,309,129
255544512,1304,-84,-13596,94,309,129
255550412,1424,108,-13644,68,322,99
255555212,1360,-164,-13756,96,335,107
255560012,1392,28,-13728,67,339,112
255564812,1332,-12,-13688,75,333,114
255569612,1332,-12,-13688,75,333,114
255574412,1324,-108,-13816,112,349,122
255580312,1340,-168,-13724,96,345,100
255654912,1308,60,-13716,88,358,130
255752910,1512,-184,-13592,92,365,117
255754410,1512,-184,-13592,92,365,117
255760412,1336,-204,-13600,104,354,141
255765212,1308,-36,-13708,96,337,124
255770012,1420,-284,-13812,81,337,114
255774812,1376,28,-13704,85,361,122
255779612,1376,28,-13704,85,361,122
255784412,1304,-184,-13740,99,335,105
255790312,1400,-128,-13640,75,359,70
255795112,1384,-200,-13688,93,347,106
255800012,1420,-52,-13596,76,335,84
255804812,1372,-144,-13624,112,354,91
255809612,1372,-144,-13624,112,354,91
255814412,1432,76,-13792,93,356,77
255820312,1376,-16,-13876,98,353,67
255825112,1344,52,-13568,85,355,89
255924312,1376,-272,-13712,61,346,70
255925913,1444,-220,-13796,90,301,71
255963911,1276,-176,-13688,97,340,100
256041812,1336,-160,-13728,58,324,84
256044520,1336,-160,-13728,58,324,84
256050412,1408,36,-13776,62,352,80
256055212,1436,-104,-13868,74,343,77
256060012,1424,-32,-13620,90,349,96
256064812,1424,-32,-13620,90,349,96
256069612,1388,-228,-13736,92,332,84
256074412,1452,-152,-13800,85,384,102
256080312,1376,-212,-13616,103,335,103
256085212,1476,-56,-13680,101,345,110
256090012,1424,-204,-13824,100,342,118
256094812,1424,-204,-13824,100,342,118
256099612,1388,0,-13600,74,343,108
256104412,1344,-120,-13820,81,324,132
256110312,1376,-44,-13692,61,318,135
256209412,1316,44,-13684,70,348,96
256214412,1404,-136,-13612,118,342,115
256220312,1344,-108,-13912,76,329,103
256225112,1384,-32,-13632,112,344,95
256229912,1384,-32,-13632,112,344,95
256329013,1384,44,-13632,67,333,98
256330613,1372,-140,-13648,94,338,88
256334412,1372,-140,-13648,94,338,88
256340312,1360,-112,-13620,92,350,79
256345112,1460,-56,-13780,63,347,106
256349912,1460,-56,-13780,63,347,106
256354712,1304,-132,-13804,69,315,107
256359512,1304,-104,-13788,104,341,96
256365412,1440,-236,-13620,97,339,107
256370312,1400,-32,-13660,96,340,108
256375112,1252,-108,-13852,71,329,104
256379912,1252,-108,-13852,71,329,104
256479069,1428,-88,-13744,99,364,95
256492612,1368,8,-13596,97,346,83
256495212,1332,-300,-13748,114,327,90
256500112,1332,-300,-13748,114,327,90
256504912,1452,-24,-13724,84,356,104
256509712,1312,-92,-13660,77,314,97
256514512,1372,-100,-13724,106,345,84
256520412,1392,-160,-13660,95,338,91
256595113,1500,-164,-13568,96,342,105
256600110,1452,-28,-13660,91,342,85
256604912,1312,0,-13808,66,350,94
256609712,1296,-24,-13768,101,373,96
256614512,1196,-32,-13788,65,327,77
256619412,1344,-12,-13704,72,295,103
256625312,1372,-60,-13760,100,347,98
256630112,1372,-60,-13760,100,347,98
256634912,1308,40,-13688,86,326,69
256639712,1400,-32,-13580,105,314,88
256735610,1488,-196,-13512,89,350,87
256739612,1488,-196,-13512,89,350,87
256744412,1284,-64,-13724,89,337,99
256750412,1460,-12,-13732,90,344,90
256755212,1460,-12,-13732,90,344,90
256760012,1408,-164,-13848,54,331,98
256764812,1552,28,-13620,99,346,117
256769612,1452,64,-13656,74,349,103
256774412,1364,-40,-13860,71,333,82
256780312,1508,-196,-13744,83,344,97
256853912,1316,-304,-13728,77,343,100
256855512,1372,-132,-13524,81,353,98
256860312,1392,-44,-13524,92,334,94
256865112,1392,-44,-13524,92,334,94
256869912,1376,-244,-13844,82,357,90
256874712,1372,44,-13712,94,343,89
256879512,1300,-172,-13592,76,358,87
256979510,1348,-124,-13696,111,341,93
256993021,1400,-96,-13748,95,326,72
256994512,1400,-96,-13748,95,326,72
257000412,1400,-68,-13768,90,367,88
257005212,1400,-68,-13768,90,367,88
257010012,1316,-164,-13896,102,353,80
257014912,1480,-228,-13784,69,336,80
257019712,1372,-12,-13788,85,345,84
257024512,1480,-200,-13932,99,343,105
257030412,1260,-16,-13796,96,334,122
257035212,1260,-16,-13796,96,334,122
257040012,1444,-28,-13820,116,343,104
257044812,1364,-20,-13672,53,321,88
257118812,1336,-240,-13836,97,337,106
257120412,1336,-240,-13836,97,337,106
257125212,1404,-92,-13772,98,348,78
257130012,1280,-88,-13604,57,331,103
257134912,1400,-164,-13588,67,348,81
257139712,1432,-100,-13808,74,343,106
257236412,1420,-64,-13688,79,331,92
257240412,1420,-64,-13688,79,331,92
257245212,1412,16,-13476,75,347,102
257250012,1448,-124,-13940,118,340,109
257254812,1400,24,-13608,74,330,88
257259612,1356,-16,-13768,87,355,108
257264412,1504,-128,-13672,112,351,116
257270412,1372,-164,-13656,89,319,109
257275212,1364,-320,-13628,81,346,103
257280012,1400,-116,-13660,92,342,142
257284812,1424,-140,-13720,52,329,125
257289612,1384,-160,-13712,115,353,115
257294412,1332,28,-13660,94,347,105
257300312,1340,-192,-13608,84,329,93
257399610,1456,24,-13536,88,337,93
257404612,1280,-100,-13752,87,343,98
257409412,1332,-16,-13728,84,326,112
257506212,1472,-28,-13648,76,341,105
257519412,1340,-12,-13776,81,344,118
257525412,1376,-84,-13700,74,337,102
257530312,1448,12,-13680,87,350,125
257535112,1328,-196,-13844,67,316,94
257539912,1348,-116,-13708,73,337,84
257544712,1368,-24,-13668,111,341,93
257549512,1368,-168,-13636,91,340,88
257555412,1420,124,-13664,90,352,99
257560212,1372,-96,-13880,112,335,104
257565012,1368,-80,-13804,81,342,78
257569912,1284,24,-13688,87,344,115
257574712,1300,-128,-13640,97,356,101
257579512,1380,56,-13744,70,333,100
257585412,1352,-180,-13832,100,337,94
257590212,1316,4,-13768,83,368,122
257689210,1344,40,-13792,47,361,101
257765810,1344,-16,-13596,91,332,92
257769510,1344,-16,-13596,91,332,92
257774412,1308,-80,-13824,81,355,96
257780312,1320,-16,-13700,97,339,84
257785112,1392,-128,-13860,96,337,95
257789912,1492,-104,-13832,97,317,89
257794712,1264,-8,-13620,86,338,94
257799512,1460,-196,-13812,104,358,84
257804412,1420,44,-13600,106,340,115
257810312,1328,-120,-13820,85,346,105
257815112,1384,-44,-13592,108,358,88
257819912,1296,-48,-13860,55,352,105
257824712,1348,-100,-13688,95,372,85
257829512,1376,-36,-13760,95,338,105
257835412,1388,-92,-13460,79,329,105
257840212,1452,8,-13672,83,311,101
257935915,1376,-200,-13804,96,342,77
257963810,1376,-12,-13576,111,352,94
257965310,1376,-12,-13576,111,352,94
257970110,1412,-140,-13876,117,361,94
258044212,1284,-84,-13700,79,333,89
258045713,1284,-84,-13700,79,333,89
258049512,1344,-96,-13632,95,360,82
258054412,1380,20,-13832,106,346,94
258060312,1268,-64,-13644,80,321,96
258065112,1456,-28,-13780,112,356,98
258069912,1400,88,-13740,66,346,95
258074712,1484,-48,-13724,82,364,85
258079512,1380,0,-13720,101,350,108
258085412,1284,-228,-13656,84,343,93
258090212,1456,56,-13712,91,341,104
258095112,1340,-124,-13612,93,337,110
258099912,1380,-68,-13692,86,321,119
258104712,1392,-104,-13544,77,364,113
258109512,1392,-160,-13708,99,334,95
258207610,1332,-44,-13788,82,356,113
258210210,1332,-44,-13788,82,356,113
258215012,1372,16,-13676,85,329,111
258219812,1360,-96,-13736,111,369,120
258224612,1408,-20,-13752,82,321,97
258298312,1340,-64,-13816,68,348,111
258299912,1340,-64,-13816,68,348,111
258304712,1392,-80,-13632,100,354,122
258309512,1216,-256,-13976,88,332,107
258314412,1364,-60,-13736,93,330,114
258320312,1364,-124,-13668,67,361,91
258325112,1432,-80,-13676,79,341,111
258329912,1304,-44,-13716,112,381,98
258334712,1320,-212,-13596,76,338,107
258339512,1380,-72,-13808,59,322,106
258345412,1292,-20,-13684,85,328,85
258350212,1480,-164,-13884,99,362,94
258355112,1396,-16,-13588,80,321,72
258476612,1340,-228,-13764,63,323,108
258491112,1460,-52,-13748,62,359,100
258494812,1460,-52,-13748,62,359,100
258499612,1340,-28,-13748,60,330,95
258504412,1328,-192,-13716,107,349,90
258510312,1500,-32,-13824,73,369,95
258515112,1480,-136,-13784,98,339,91
258589812,1292,-128,-13680,89,345,94
258594810,1252,-68,-13684,82,314,100
258599612,1368,-148,-13624,116,318,113
258604412,1424,-144,-13640,57,345,80
258610312,1436,-268,-13756,65,366,95
258615212,1384,-108,-13684,97,324,99
258620012,1328,-184,-13612,68,298,110
258624812,1408,-68,-13752,102,308,134
258629612,1340,-84,-13592,62,334,104
258634412,1404,-216,-13748,88,341,102
258734410,1480,-28,-13728,87,375,99
258739512,1408,-156,-13776,78,327,107
258745412,1392,-164,-13764,88,339,105
258750312,1408,-76,-13780,71,320,123
258755112,1364,-124,-13680,107,361,89
258759912,1324,-80,-13648,82,355,106
258764712,1276,-180,-13656,53,345,112
258769512,1296,-68,-13688,91,334,122
258775412,1340,-116,-13812,58,325,107
258780312,1352,-48,-13740,80,376,113
258855610,1368,12,-13564,75,353,97
258860512,1464,-116,-13636,82,328,106
258865312,1396,20,-13664,93,351,105
258870112,1376,-92,-13772,86,327,85
258875012,1372,-16,-13744,67,312,102
258879812,1244,-20,-13684,83,353,80
258884612,1372,-188,-13468,85,338,95
258980715,1372,-188,-13468,85,338,95
259004812,1336,-48,-13728,113,312,88
259009612,1392,-24,-13676,94,367,97
259014412,1312,-108,-13804,50,336,97
259020412,1300,-4,-13680,105,360,101
259025212,1264,-188,-13924,96,320,109
259030012,1520,-16,-13820,101,353,112
259034812,1340,-24,-13548,50,331,79
259039612,1312,-252,-13784,105,349,95
259044412,1448,20,-13592,86,352,94
259050312,1264,-148,-13700,86,328,89
259055112,1400,-72,-13584,94,355,88
259060012,1376,-60,-13544,86,317,98
259133912,1324,-116,-13668,121,339,90
259135512,1324,-116,-13668,121,339,90
259140312,1384,60,-13712,93,337,87
259145112,1312,-224,-13552,59,353,101
259149912,1280,-40,-13596,89,332,94
259247812,1404,-204,-13752,73,345,121
259249412,1404,-204,-13752,73,345,121
259255312,1400,-20,-13780,55,359,107
259260212,1392,-8,-13716,97,344,123
259265012,1368,-160,-13760,94,341,86
259269812,1376,-84,-13728,76,333,106
259274612,1348,-188,-13648,94,334,98
259279412,1360,-92,-13544,106,333,82
259285312,1364,-40,-13580,57,353,100
259290212,1280,-68,-13592,99,354,123
259295012,1420,0,-13876,73,348,104
259299812,1324,-176,-13836,98,313,92
259304612,1516,-8,-13564,99,365,95
259309412,1396,-120,-13700,66,328,94
259315312,1432,-28,-13720,98,314,110
259389412,1352,44,-13588,99,343,106
259394612,1452,-40,-13700,78,327,102
259517210,1452,80,-13620,87,360,103
259534512,1380,-60,-13704,74,323,95
259539412,1340,-88,-13600,65,342,95
259545312,1492,56,-13552,88,357,107
259550212,1264,-124,-13912,49,336,94
259555012,1220,-84,-13692,87,370,91
259559812,1352,-220,-13712,93,335,90
259564612,1392,-4,-13788,68,330,93
259569412,1344,-72,-13796,77,359,92
259575312,1352,-200,-13656,105,338,95
259580112,1400,-164,-13668,77,347,93
259584912,1356,-212,-13636,94,357,89
259589812,1440,-164,-13696,90,377,94
259594612,1388,-196,-13880,75,344,94
259599412,1500,-252,-13656,112,326,94
259605312,1352,-184,-13712,98,333,84
259704510,1244,-248,-13684,84,314,77
259709610,1320,32,-13612,77,330,92
259783410,1340,-96,-13856,100,339,90
259784910,1340,-96,-13856,100,339,90
259789710,1480,-64,-13776,81,341,96
259794512,1368,12,-13572,78,351,107
259800412,1400,-128,-13732,83,333,106
259805212,1488,64,-13812,78,324,92
259810112,1344,-80,-13644,103,352,86
259814912,1448,-80,-13756,100,328,89
259819712,1292,96,-13640,84,333,84
259824512,1356,-88,-13660,86,341,107
259830412,1380,84,-13736,102,340,83
259835212,1364,48,-13712,62,346,85
259840012,1368,12,-13648,121,356,79
259844812,1324,-40,-13852,48,349,83
259849712,1312,12,-13576,84,344,77
259947910,1224,64,-13660,82,381,91
259968612,1412,-8,-13568,97,350,112
259970112,1412,-8,-13568,97,350,112
259974912,1340,-64,-13576,92,333,74
259979812,1396,-124,-13776,88,346,78
260052810,1336,-128,-13684,95,342,97
260054412,1336,-128,-13684,95,342,97
260060312,1340,-68,-13480,60,334,99
260065112,1432,-168,-13596,64,343,79
260069912,1336,-92,-13908,81,364,97
260074712,1256,-184,-13692,77,335,90
260079512,1360,-116,-13624,96,348,90
260084412,1400,-280,-13548,48,324,105
260090312,1308,12,-13600,92,339,121
260095112,1304,-168,-13772,88,323,100
260099912,1360,-36,-13644,77,325,120
260104712,1404,-8,-13712,71,325,97
260109512,1384,-140,-13728,109,346,105
260115412,1432,-32,-13812,91,373,78
260211218,1432,-32,-13812,91,373,78
260215211,1292,-72,-13692,73,338,77
260220011,1488,-168,-13724,83,360,99
260224811,1396,-68,-13808,63,333,99
260229611,1396,-152,-13736,90,343,99
260234411,1404,-56,-13716,96,339,91
260308412,1356,-60,-13716,42,311,88
260310012,1356,-60,-13716,42,311,88
260314812,1352,-100,-13748,91,346,107
260319612,1316,16,-13556,97,346,104
260324512,1344,-40,-13812,85,329,82
260330412,1400,12,-13612,106,326,90
260335212,1400,-236,-13752,85,347,89
260340012,1392,24,-13584,88,344,93
260344812,1368,-44,-13700,69,329,100
260349612,1468,-192,-13696,100,325,100
260354412,1352,-24,-13712,82,358,108
260360312,1268,-80,-13820,79,330,91
260456012,1268,-80,-13820,79,330,91
260468212,1340,-20,-13776,97,346,88
260469812,1340,-20,-13776,97,346,88
260474612,1400,64,-13588,92,357,90
260479412,1372,-132,-13764,86,330,88
260485312,1324,20,-13604,84,362,99
260490112,1368,-196,-13696,105,316,83
260512113,1308,-328,-13812,110,333,98
260590210,1432,-120,-13720,94,342,111
260595010,1384,-88,-13700,66,347,85
260599812,1372,-112,-13660,112,350,106
260604612,1452,-8,-13644,73,348,109
260609412,1292,-148,-13836,97,327,68
260615312,1252,-44,-13644,92,347,105
260620112,1344,-176,-13752,75,350,109
260624912,1392,20,-13688,79,341,100
260629812,1368,-32,-13652,85,343,114
260634612,1336,-160,-13760,70,343,107
260639412,1400,-40,-13728,72,370,114
260735015,1400,-40,-13728,72,370,114
260739912,1352,-140,-13676,93,326,108
260744712,1500,-56,-13672,119,364,118
260749612,1356,-64,-13620,95,335,90
260754412,1240,-208,-13736,98,344,102
260760312,1412,40,-13792,71,346,88
260765112,1252,-152,-13564,89,338,95
260769912,1432,-28,-13520,98,334,99
260774712,1264,-108,-13764,72,351,115
260849512,1384,-112,-13816,88,342,103
260854512,1376,-64,-13688,91,350,102
260860412,1332,-180,-13784,58,318,84
260865212,1376,-52,-13644,67,347,82
260870012,1336,-212,-13688,66,330,119
260874812,1308,-80,-13588,96,330,84
260879612,1292,-108,-13672,81,367,85
260884412,1384,-100,-13788,70,354,107
260979111,1384,-100,-13788,70,354,107
260992412,1464,12,-13824,85,334,93
260995012,1464,12,-13824,85,334,93
260999812,1348,-72,-13572,84,336,106
261004612,1440,-64,-13644,86,358,108
261009412,1304,-64,-13600,93,364,81
261015412,1360,-184,-13744,62,325,102
261020212,1448,-32,-13488,70,358,103
261025012,1300,-176,-13752,82,340,78
261029812,1316,-68,-13628,60,323,118
261034612,1292,-96,-13704,78,335,78
261039412,1328,-188,-13684,89,338,103
