timestamp_ms,object_temp_c,ambient_temp_c
6324,30.91,30.55
6827,30.93,30.59
7402,30.91,30.55
7909,30.79,30.55
8388,30.87,30.55
8889,30.93,30.55
9378,30.99,30.55
9900,31.13,30.57
10324,31.13,30.57
10828,31.01,30.59
11414,31.11,30.59
11830,31.11,30.59
12412,31.01,30.57
12868,31.13,30.61
13350,31.01,30.57
13861,31.07,30.59
14348,31.05,30.61
14875,30.93,30.59
15390,30.99,30.61
15824,30.91,30.61
16324,30.91,30.61
16834,30.87,30.59
17341,30.87,30.59
17850,30.99,30.61
18450,31.01,30.63
18890,30.99,30.61
19380,31.01,30.63
19888,31.05,30.61
20388,30.91,30.61
20827,31.05,30.59
21327,31.07,30.67
21824,31.01,30.61
22323,30.97,30.61
22828,31.05,30.63
23327,30.99,30.63
23854,30.97,30.61
24386,30.97,30.61
25001,30.99,30.63
25324,30.99,30.67
25931,30.99,30.63
26323,30.99,30.61
26939,30.99,30.63
27367,31.01,30.67
27852,30.97,30.63
28373,30.97,30.63
28858,30.93,30.67
29389,30.91,30.67
29896,30.91,30.67
30330,30.93,30.63
30824,30.93,30.67
31331,30.99,30.69
31841,30.91,30.67
32378,30.87,30.63
32970,31.05,30.67
33410,30.99,30.67
33900,30.99,30.67
34411,30.93,30.67
34894,30.93,30.69
35337,30.97,30.71
35831,30.97,30.67
36337,30.93,30.69
36831,30.87,30.67
37355,30.93,30.67
37869,30.97,30.69
38331,30.97,30.67
38824,30.93,30.69
39328,30.97,30.69
39824,30.93,30.69
40327,30.99,30.71
40930,30.99,30.69
41365,31.05,30.71
41858,31.05,30.73
42376,30.99,30.73
42860,31.11,30.73
43380,30.99,30.73
43894,31.05,30.71
44395,31.05,30.69
44824,31.13,30.75
45324,31.11,30.73
45827,31.11,30.73
46323,30.99,30.73
46834,31.07,30.75
47441,31.11,30.71
47882,31.11,30.75
48364,31.11,30.73
48876,31.11,30.73
49366,31.11,30.75
49894,31.07,30.73
50323,31.07,30.73
50823,31.01,30.77
51327,31.11,30.75
51828,31.11,30.75
52327,31.13,30.77
52831,31.13,30.75
53342,31.07,30.79
53886,30.99,30.77
54373,31.05,30.75
54886,30.99,30.75
55369,31.05,30.77
55882,31.07,30.79
56391,31.01,30.77
56827,30.99,30.77
57324,30.99,30.79
57835,31.01,30.79
58335,31.05,30.79
58863,31.01,30.79
59380,31.11,30.81
59827,31.07,30.79
60415,31.05,30.79
60823,31.07,30.79
61411,31.05,30.77
61846,31.13,30.77
62337,31.07,30.79
62850,31.11,30.79
63338,31.05,30.83
63848,31.07,30.83
64354,31.07,30.81
64885,31.05,30.79
65395,31.01,30.79
65919,31.07,30.79
66324,31.07,30.81
66908,31.07,30.85
67416,31.05,30.79
67841,31.07,30.83
68347,31.11,30.81
68833,31.13,30.85
69343,31.07,30.83
69845,31.01,30.83
70380,31.11,30.81
70890,31.05,30.81
71324,31.13,30.85
71911,31.11,30.83
72323,31.07,30.89
72901,31.07,30.91
73426,31.11,30.81
73839,31.07,30.91
74367,31.13,30.85
74850,31.11,30.89
75366,31.13,30.83
75860,31.07,30.83
76390,31.07,30.85
76891,31.07,30.89
77331,31.07,30.85
77831,31.07,30.85
78331,31.05,30.89
78823,31.07,30.91
79347,31.11,30.89
79953,31.13,30.91
80393,31.11,30.89
80875,31.19,30.91
81383,31.11,30.91
81874,31.13,30.89
82324,31.13,30.93
82834,31.15,30.93
83324,31.13,30.93
83823,31.11,30.89
84325,31.15,30.91
84843,31.13,30.93
85374,31.13,30.91
85887,31.13,30.89
86396,31.13,30.95
86885,31.01,30.89
87376,31.11,30.93
87827,31.07,30.93
88324,31.05,30.91
88834,31.07,30.91
89327,31.07,30.91
89826,31.11,30.93
90336,30.99,30.89
90871,31.11,30.93
91392,31.11,30.97
91902,31.11,30.93
92402,31.13,30.93
92909,31.07,30.91
93410,31.13,30.93
93845,31.13,30.95
94341,31.13,30.93
94848,31.07,30.93
95340,31.11,30.93
95871,31.01,30.93
96387,30.99,30.95
96830,31.01,30.95
97324,30.99,30.95
97824,31.11,30.91
98334,31.01,30.95
98842,30.99,30.95
99365,31.07,30.95
99875,31.01,30.95
100372,30.99,30.95
100901,31.07,30.93
101418,31.01,30.91
101872,31.11,30.95
102373,31.13,30.95
102911,31.01,30.97
103408,31.01,30.95
103911,31.13,30.95
104365,31.07,30.95
104867,31.01,30.97
105397,31.01,30.95
105898,30.99,30.95
106361,31.13,30.99
106861,31.07,30.95
107386,31.07,30.95
107886,31.11,30.97
108427,31.11,30.97
108855,31.05,30.97
109378,31.01,30.97
109881,31.13,30.97
110411,31.11,30.99
110913,31.01,30.97
111370,30.99,30.95
111878,31.11,30.97
112400,31.05,30.95
112903,31.05,30.97
113336,31.05,30.99
113857,31.07,30.99
114361,31.05,30.99
114882,31.01,30.97
115392,31.05,30.97
115847,31.05,30.97
116346,31.05,30.97
116875,30.97,30.99
117378,31.11,30.99
117906,31.07,31.03
118346,31.07,30.99
118866,31.07,31.01
119376,31.11,30.97
119896,30.99,30.99
120402,31.07,31.01
120862,31.01,30.99
121360,31.01,30.99
121888,31.05,30.99
122393,31.05,31.01
122916,30.97,30.99
123342,31.05,31.01
123866,31.07,31.01
124371,31.01,30.99
124906,31.07,31.03
125413,30.99,30.99
125840,31.05,31.01
126365,31.05,30.97
126873,31.11,31.01
127395,31.05,31.01
127831,31.05,31.01
128355,31.05,30.99
128862,31.05,31.03
129395,31.05,31.03
129892,31.05,31.01
130348,31.05,31.01
130850,31.07,30.99
131385,31.05,31.01
131882,31.05,31.01
132418,31.11,31.05
132853,31.01,31.01
133388,31.05,31.03
133885,30.97,31.01
134410,31.01,31.01
134844,31.11,31.03
135378,31.05,31.01
135883,31.07,31.03
136406,31.07,31.03
136906,31.01,31.03
137366,31.05,31.05
137873,31.01,31.03
138401,31.05,31.03
138912,31.01,31.03
139422,31.05,31.01
139874,31.07,31.05
140379,31.01,31.01
140911,31.05,31.03
141408,31.01,31.03
141870,31.11,31.05
142373,31.05,31.01
142902,31.05,31.05
143407,31.01,31.01
143824,31.01,31.05
144445,31.01,31.03
144893,31.01,31.03
145402,31.05,31.03
145827,31.01,31.01
146328,31.01,31.03
146964,31.05,31.05
147397,31.01,31.05
147917,31.01,31.05
148418,31.01,31.05
148823,31.01,31.01
149453,31.01,31.03
149877,31.01,31.05
150402,31.05,31.05
150917,31.01,31.03
151443,31.05,31.07
151875,31.01,31.03
152393,31.05,31.03
152900,31.01,31.03
153337,31.05,31.07
153941,31.07,31.01
154403,31.05,31.09
154900,31.01,31.05
155328,31.05,31.05
155827,31.05,31.03
156353,31.07,31.07
156885,31.07,31.05
157414,31.05,31.05
157911,31.07,31.07
158333,31.01,31.05
158878,31.07,31.07
159401,31.05,31.07
159902,31.05,31.05
160427,31.07,31.07
160937,31.01,31.05
161362,31.07,31.05
161895,31.07,31.07
162404,30.99,31.03
162823,31.05,31.05
163352,31.07,31.07
163884,31.05,31.05
164387,31.07,31.07
164909,31.01,31.05
165408,31.07,31.07
165872,31.01,31.09
166383,31.07,31.07
166905,31.07,31.07
167416,31.11,31.05
167848,31.11,31.09
168389,31.07,31.07
168917,31.07,31.09
169433,31.07,31.09
169831,31.11,31.09
170357,31.11,31.05
170908,31.07,31.07
171421,31.07,31.07
171824,31.05,31.07
172327,31.07,31.07
172862,31.07,31.09
173408,31.05,31.05
173930,31.07,31.07
174323,31.05,31.05
174824,31.05,31.07
175463,31.07,31.07
175898,31.11,31.07
176327,31.11,31.09
176823,31.05,31.07
177439,31.07,31.07
177873,31.07,31.07
178402,31.11,31.07
178907,31.05,31.07
179327,31.05,31.09
179835,31.11,31.09
180389,31.11,31.07
180917,31.11,31.07
181330,31.07,31.09
181824,31.13,31.09
182377,31.13,31.09
182908,31.11,31.09
183323,31.13,31.07
183823,31.07,31.07
184337,31.11,31.09
184858,31.11,31.09
185408,31.11,31.09
185918,31.13,31.13
186444,31.13,31.13
186827,31.11,31.09
187338,31.13,31.09
187984,31.05,31.07
188420,31.13,31.09
188824,31.11,31.13
189327,31.11,31.13
189864,31.13,31.13
190397,31.13,31.13
190823,31.11,31.09
191334,31.13,31.13
191833,31.13,31.13
192371,31.11,31.09
192828,31.11,31.13
193334,31.11,31.15
193823,31.13,31.17
194341,31.11,31.15
194882,31.13,31.15
195438,31.13,31.13
195834,31.11,31.15
196324,31.07,31.15
196838,31.11,31.13
197372,31.15,31.15
198023,31.11,31.13
198334,31.05,31.15
198827,31.11,31.15
199348,31.11,31.13
199884,31.11,31.09
200327,31.13,31.13
200828,31.11,31.13
201336,31.11,31.15
201857,31.07,31.13
202396,31.13,31.13
202848,31.07,31.15
203331,31.05,31.13
203858,31.13,31.15
204407,31.07,31.15
204823,31.13,31.13
205324,31.07,31.15
205824,31.07,31.15
206366,31.15,31.13
206895,31.07,31.13
207327,30.99,31.17
207827,31.11,31.13
208331,31.07,31.15
208862,31.05,31.13
209407,31.11,31.15
209824,31.11,31.17
210330,31.11,31.17
210859,31.11,31.17
211381,30.99,31.15
211823,31.11,31.15
212324,30.99,31.13
212827,31.05,31.15
213333,31.13,31.17
213899,31.13,31.17
214334,31.05,31.15
214824,31.11,31.17
215327,31.05,31.17
215851,31.13,31.17
216371,31.07,31.17
216831,30.99,31.13
217327,31.07,31.15
217824,31.11,31.17
218324,31.05,31.15
218873,31.01,31.17
219393,31.07,31.17
219823,31.13,31.15
220335,31.11,31.17
220867,31.05,31.17
221382,30.99,31.15
221849,31.13,31.17
222323,31.11,31.17
222860,31.13,31.17
223348,31.07,31.17
223887,31.07,31.15
224324,31.05,31.19
224823,31.11,31.19
225327,31.11,31.17
225824,31.11,31.15
226373,31.13,31.17
226888,31.11,31.15
227327,31.01,31.17
227824,31.07,31.17
228333,31.11,31.15
228848,31.13,31.19
229400,31.01,31.17
229831,31.13,31.17
230327,31.07,31.15
230824,31.07,31.15
231365,31.11,31.17
231886,31.11,31.17
232324,31.07,31.17
232827,31.15,31.17
233331,31.11,31.21
233852,31.15,31.17
234400,31.01,31.19
234824,31.11,31.15
235334,31.05,31.19
235832,31.13,31.19
236353,31.07,31.17
236903,31.11,31.19
237324,31.01,31.17
237823,31.13,31.19
238336,31.11,31.19
238881,31.15,31.19
239396,31.07,31.15
239830,30.99,31.15
240327,31.13,31.17
240851,31.05,31.21
241371,31.07,31.17
241830,31.05,31.21
242331,31.11,31.17
242838,31.05,31.19
243352,31.07,31.17
243897,31.13,31.19
244331,31.11,31.21
244823,31.05,31.23
245327,31.11,31.19
245843,31.05,31.21
246392,31.13,31.19
246823,31.05,31.19
247327,31.11,31.21
247824,31.01,31.19
248351,31.13,31.21
248879,31.01,31.17
249327,31.01,31.21
249827,31.11,31.21
250334,31.05,31.19
250837,31.01,31.19
251386,31.11,31.21
251831,31.05,31.21
252334,31.05,31.21
252838,31.05,31.21
253370,31.11,31.19
253887,31.01,31.21
254324,31.01,31.19
254831,31.01,31.21
255340,30.99,31.21
255864,31.13,31.21
256410,31.05,31.21
256827,31.11,31.19
257338,30.99,31.19
257839,31.07,31.19
258364,30.99,31.21
258824,31.13,31.19
259331,31.05,31.21
259830,31.01,31.23
260343,31.05,31.21
260901,30.99,31.23
261323,31.05,31.21
261824,31.11,31.21
262327,31.05,31.21
262853,31.05,31.21
263375,31.01,31.21
263831,30.99,31.23
264324,30.99,31.21
264823,30.99,31.21
265334,31.11,31.23
265887,31.01,31.21
266324,31.05,31.21
266824,30.99,31.21
267323,31.05,31.21
267823,31.05,31.23
268353,31.11,31.21
268892,31.07,31.17
269327,31.11,31.23
269828,31.01,31.19
270331,31.05,31.21
270855,31.07,31.23
271396,31.07,31.23
271824,31.11,31.21
272324,31.11,31.23
272827,31.05,31.23
273379,31.11,31.23
273903,31.05,31.21
274338,31.07,31.21
274823,30.99,31.25
275357,31.11,31.21
275886,31.11,31.25
276331,31.15,31.25
276827,31.13,31.23
277332,31.07,31.21
277867,31.13,31.23
278334,31.11,31.21
278823,31.11,31.25
279334,31.05,31.21
279835,31.11,31.23
280377,31.11,31.25
280995,31.13,31.21
281324,31.13,31.23
281838,31.05,31.21
282347,31.19,31.25
282994,31.11,31.25
283429,31.11,31.23
283824,31.11,31.27
284334,31.11,31.27
284878,31.07,31.21
285405,31.07,31.19
285824,31.05,31.23
286324,31.11,31.23
286832,31.11,31.27
287356,31.05,31.23
287914,31.05,31.25
288411,31.05,31.23
288831,31.07,31.23
289337,31.05,31.23
289895,31.05,31.23
290394,31.05,31.23
290917,31.05,31.23
291324,31.05,31.23
291850,31.11,31.23
292378,31.05,31.25
292904,31.05,31.25
293405,31.05,31.23
293955,30.99,31.23
294389,31.01,31.25
294897,31.07,31.23
295417,31.07,31.23
295831,31.07,31.27
296348,31.11,31.23
296889,31.07,31.23
297424,31.13,31.27
297827,31.05,31.25
298327,31.15,31.23
298854,31.11,31.23
299410,31.07,31.25
299910,31.07,31.25
300330,31.11,31.27
300824,31.07,31.25
301359,31.07,31.25
301895,31.11,31.25
302331,31.11,31.25
302823,31.07,31.23
303331,31.07,31.23
303848,31.07,31.25
304413,31.13,31.25
304916,31.05,31.23
305444,31.07,31.27
305828,31.13,31.27
306352,31.05,31.23
306907,31.07,31.25
307405,31.13,31.27
307824,30.99,31.21
308324,31.11,31.27
308852,31.07,31.25
309383,31.07,31.25
309912,31.07,31.25
310416,31.11,31.29
310824,31.07,31.27
311341,31.05,31.25
311900,31.11,31.29
312403,31.05,31.25
312823,31.11,31.27
313330,31.13,31.21
313857,31.11,31.27
314402,31.07,31.25
314924,31.07,31.25
315330,31.11,31.29
315835,31.05,31.25
316470,31.11,31.27
316895,31.13,31.29
317324,31.07,31.27
317824,31.05,31.25
318332,31.05,31.25
318959,31.13,31.27
319411,30.99,31.25
319915,31.13,31.23
320323,31.11,31.27
320841,31.13,31.29
321399,31.11,31.27
321903,31.13,31.25
322323,31.07,31.25
322831,31.07,31.25
323454,31.13,31.29
323892,31.05,31.31
324413,31.13,31.29
324915,31.07,31.27
325332,31.11,31.29
325867,31.13,31.29
326394,31.07,31.27
326912,31.07,31.27
327434,31.11,31.25
327939,31.13,31.27
328378,31.21,31.27
328900,31.11,31.29
329404,31.13,31.29
329824,31.11,31.29
330352,31.11,31.29
330879,31.07,31.29
331382,31.13,31.27
331908,31.11,31.29
332406,31.11,31.27
332934,31.11,31.29
333369,31.11,31.31
333891,31.07,31.27
334405,31.13,31.29
334945,31.11,31.29
335370,31.13,31.29
335894,31.11,31.29
336398,31.11,31.29
336831,31.07,31.29
337375,31.07,31.29
337893,31.07,31.27
338400,31.05,31.29
338824,31.15,31.29
339424,31.11,31.31
339875,31.11,31.27
340393,31.05,31.27
340916,31.15,31.29
341417,31.13,31.29
341845,31.11,31.29
342375,31.11,31.31
342874,31.13,31.29
343402,31.11,31.31
343903,31.13,31.29
344363,31.07,31.27
344870,31.11,31.29
345402,31.13,31.29
345903,31.13,31.29
346323,31.15,31.35
346853,31.11,31.29
347381,31.11,31.31
347882,31.13,31.29
348418,31.11,31.29
348842,31.11,31.31
349382,31.11,31.35
349887,31.13,31.31
350414,31.13,31.27
350917,31.11,31.29
351440,31.13,31.35
351879,31.11,31.29
352386,31.13,31.29
352913,31.11,31.29
353411,31.07,31.29
353850,31.11,31.29
354375,31.15,31.35
354900,31.11,31.31
355408,31.11,31.31
355824,31.11,31.29
356429,31.11,31.31
356890,31.15,31.35
357387,31.11,31.31
357912,31.13,31.31
358412,31.11,31.31
358870,31.11,31.31
359369,31.13,31.29
359908,31.19,31.29
360405,31.11,31.29
360830,31.15,31.31
361363,31.13,31.35
361880,31.07,31.31
362383,31.11,31.35
362909,31.11,31.35
363413,31.11,31.31
363863,31.11,31.35
364366,31.11,31.29
364890,31.15,31.37
365402,31.11,31.29
365840,31.19,31.37
366366,31.15,31.29
366865,31.15,31.35
367393,31.07,31.29
367891,31.11,31.35
368351,31.13,31.35
368851,31.11,31.35
369386,31.13,31.35
369884,31.11,31.31
370417,31.07,31.31
370843,31.07,31.31
371378,31.15,31.37
371884,31.13,31.35
372411,31.15,31.35
372927,31.13,31.35
373375,31.11,31.31
373872,31.07,31.31
374408,31.13,31.35
374920,31.11,31.35
375446,31.13,31.35
375872,31.07,31.31
376404,31.11,31.37
376900,31.13,31.35
377328,31.13,31.35
377863,31.11,31.29
378392,31.13,31.37
378895,31.15,31.37
379420,31.11,31.35
379831,31.11,31.35
380367,31.13,31.37
380895,31.07,31.35
381395,31.07,31.35
381929,31.19,31.31
382430,31.13,31.39
382883,31.07,31.35
383387,31.13,31.35
383921,31.13,31.37
384424,31.13,31.35
384876,31.11,31.37
385384,31.13,31.37
385905,31.15,31.37
386410,31.11,31.37
386862,31.15,31.37
387379,31.11,31.37
387903,31.13,31.37
388411,31.15,31.35
388836,31.13,31.37
389363,31.13,31.35
389871,31.19,31.35
390396,31.13,31.35
390903,31.05,31.37
391361,31.11,31.35
391860,31.13,31.37
392387,31.13,31.35
392886,31.13,31.35
393420,31.05,31.31
393852,31.07,31.31
394381,31.13,31.35
394903,31.13,31.39
395324,31.15,31.39
395824,31.15,31.37
396444,31.11,31.39
396872,31.13,31.35
397404,31.11,31.37
397905,31.11,31.35
398327,31.15,31.39
398866,31.13,31.37
399388,31.11,31.37
399898,31.15,31.37
400422,31.13,31.31
400838,31.07,31.35
401362,31.15,31.37
401897,31.13,31.37
402405,31.11,31.37
402823,31.11,31.37
403324,31.13,31.37
403963,31.15,31.39
404394,31.13,31.37
404927,31.13,31.39
405323,31.13,31.37
405846,31.11,31.37
406378,31.13,31.39
406902,31.13,31.35
407409,31.13,31.35
407829,31.15,31.37
408364,31.19,31.41
408885,31.07,31.37
409414,31.13,31.37
409824,31.15,31.37
410336,31.15,31.37
410898,31.15,31.39
411406,31.15,31.41
411928,31.19,31.39
412324,31.13,31.37
412940,31.11,31.37
413389,31.15,31.39
413889,31.21,31.39
414416,31.11,31.39
414925,31.15,31.37
415390,31.13,31.39
415887,31.11,31.37
416419,31.11,31.37
416924,31.13,31.37
417347,31.13,31.39
417874,31.15,31.39
418404,31.19,31.41
418902,31.19,31.41
419327,31.01,31.41
419933,31.11,31.41
420389,31.13,31.37
420894,31.13,31.41
421437,31.13,31.41
421833,31.13,31.39
422389,31.15,31.37
422903,31.15,31.39
423433,31.15,31.39
423824,31.13,31.39
424440,31.13,31.41
424890,31.15,31.37
425395,31.15,31.39
425928,31.13,31.41
426327,31.11,31.39
426885,31.07,31.41
427388,31.13,31.37
427906,31.15,31.37
428421,31.13,31.41
428832,31.15,31.41
429384,31.15,31.43
429906,31.07,31.39
430408,31.15,31.41
430827,31.11,31.37
431366,31.13,31.39
431905,31.13,31.41
432409,31.13,31.39
432824,31.13,31.37
433335,31.15,31.39
433882,31.13,31.39
434392,31.19,31.41
434922,31.15,31.43
435420,31.13,31.41
435855,31.15,31.41
436398,31.13,31.39
436929,31.05,31.39
437337,31.15,31.41
437824,31.13,31.39
438363,31.15,31.41
438893,31.13,31.41
439417,31.13,31.39
439917,31.13,31.41
440342,31.01,31.41
440880,31.11,31.43
441398,31.11,31.39
441905,31.15,31.41
442324,31.13,31.43
442941,31.15,31.41
443405,31.05,31.39
443920,31.05,31.39
444335,31.13,31.41
444847,31.15,31.41
445403,31.11,31.39
445911,31.07,31.41
446327,31.15,31.39
446823,31.13,31.39
447360,31.11,31.41
447898,31.07,31.41
448425,31.15,31.43
448824,31.11,31.43
449336,31.07,31.43
449949,31.07,31.39
450405,31.05,31.43
450906,31.07,31.39
451431,31.15,31.41
451832,31.13,31.39
452366,31.05,31.45
452898,31.13,31.39
453395,31.07,31.39
453918,31.11,31.39
454356,31.01,31.43
454875,31.05,31.41
455375,31.13,31.41
455910,31.05,31.43
456415,31.11,31.41
456867,31.07,31.41
457379,31.13,31.41
457907,31.15,31.39
458406,31.13,31.39
458934,31.13,31.37
459374,31.07,31.37
459896,31.11,31.41
460400,31.07,31.37
460824,31.15,31.43
461359,31.13,31.41
461888,31.11,31.39
462392,31.05,31.39
462929,31.13,31.41
463428,31.11,31.39
463882,31.13,31.39
464391,31.15,31.41
464924,31.13,31.43
465339,31.15,31.41
465866,31.13,31.41
466393,31.15,31.41
466901,31.19,31.43
467324,31.15,31.41
467928,31.13,31.41
468378,31.15,31.39
468878,31.19,31.43
469404,31.01,31.41
469907,31.13,31.41
470357,31.19,31.39
470868,31.13,31.41
471390,31.15,31.39
471891,31.19,31.41
472416,31.13,31.41
472937,31.15,31.41
473390,31.13,31.41
473891,31.15,31.39
474415,31.19,31.41
474924,31.19,31.41
475352,31.05,31.41
475885,31.13,31.41
476382,31.21,31.41
476907,31.07,31.43
477341,31.15,31.41
477860,31.15,31.41
478361,31.15,31.45
478897,31.19,31.39
479406,31.13,31.41
479860,31.19,31.43
480368,31.19,31.41
480889,31.21,31.41
481390,31.19,31.43
481913,31.13,31.41
482353,31.13,31.39
482877,31.13,31.43
483389,31.19,31.45
483921,31.19,31.45
484428,31.15,31.41
484879,31.19,31.45
485387,31.15,31.41
485920,31.15,31.39
486421,31.07,31.41
486847,31.13,31.39
487386,31.13,31.41
487908,31.15,31.41
488410,31.13,31.41
488938,31.15,31.43
489338,31.15,31.43
489865,31.13,31.43
490388,31.19,31.41
490891,31.15,31.41
491427,31.07,31.41
491827,31.13,31.41
492378,31.13,31.41
492893,31.15,31.41
493417,31.07,31.41
493917,31.13,31.41
494382,31.15,31.43
494883,31.15,31.43
495427,31.15,31.43
495838,31.15,31.45
496342,31.07,31.41
496976,31.19,31.41
497341,31.13,31.43
497824,31.19,31.45
498339,31.15,31.43
498861,31.19,31.45
499494,31.19,31.43
499935,31.13,31.45
500331,31.13,31.43
500843,31.19,31.45
501390,31.15,31.45
501824,31.19,31.43
502324,31.15,31.45
502824,31.19,31.41
503328,31.15,31.41
503866,31.07,31.41
504484,31.13,31.41
504824,31.11,31.43
505334,31.11,31.45
505840,31.11,31.45
506375,31.15,31.45
506824,31.15,31.45
507323,31.07,31.43
507823,31.07,31.43
508340,31.07,31.45
508899,31.19,31.43
509409,31.15,31.45
509838,31.13,31.43
510331,31.19,31.45
510867,31.13,31.41
511407,31.13,31.43
511823,31.07,31.43
512324,31.15,31.43
512847,31.11,31.45
513463,31.15,31.45
513920,31.15,31.43
514323,31.15,31.45
514838,31.19,31.45
515352,31.15,31.43
515887,31.13,31.43
516415,31.07,31.41
516917,31.11,31.43
517328,31.13,31.45
517960,31.15,31.45
518417,31.07,31.43
518919,31.07,31.47
519331,31.15,31.47
519837,31.15,31.45
520398,31.15,31.45
520905,31.19,31.45
521323,31.19,31.45
521827,31.19,31.45
522348,31.11,31.47
522884,31.13,31.43
523408,31.15,31.43
523921,31.19,31.45
524443,31.11,31.45
524882,31.19,31.45
525386,31.13,31.43
525908,31.19,31.45
526420,31.19,31.45
526948,31.13,31.45
527378,31.19,31.45
527899,31.21,31.43
528400,31.13,31.47
528831,31.13,31.43
529432,31.19,31.47
529886,31.11,31.45
530386,31.15,31.45
530922,31.07,31.43
531422,31.13,31.47
531878,31.13,31.45
532399,31.11,31.45
532921,31.13,31.43
533330,31.11,31.43
533852,31.19,31.45
534389,31.21,31.43
534918,31.21,31.47
535422,31.11,31.45
535826,31.07,31.45
536348,31.19,31.45
536909,31.11,31.45
537415,31.19,31.47
537940,31.15,31.41
538332,31.13,31.47
538868,31.21,31.43
539404,31.13,31.43
539919,31.13,31.45
540331,31.11,31.45
540853,31.15,31.45
541423,31.19,31.47
541830,31.07,31.47
542331,31.19,31.47
542842,31.15,31.45
543383,31.07,31.45
543913,31.19,31.47
544331,31.21,31.45
544824,31.11,31.45
545358,31.07,31.45
545900,31.15,31.45
546344,31.19,31.45
546827,31.13,31.47
547347,31.11,31.45
547875,31.07,31.43
548323,31.13,31.45
548823,31.11,31.45
549328,31.21,31.49
549858,31.21,31.45
550412,31.19,31.45
550919,31.21,31.49
551418,31.15,31.45
551827,31.13,31.45
552347,31.19,31.45
552907,31.13,31.47
553422,31.13,31.47
553824,31.15,31.45
554334,31.13,31.43
554876,31.21,31.47
555408,31.21,31.49
555823,31.21,31.45
556324,31.15,31.47
556843,31.19,31.47
557466,31.07,31.47
557915,31.13,31.47
558423,31.21,31.45
558827,31.13,31.45
559337,31.15,31.49
559976,31.19,31.45
560409,31.13,31.43
560935,31.15,31.47
561327,31.13,31.47
561836,31.21,31.45
562400,31.25,31.49
562896,31.15,31.47
563328,31.11,31.45
563824,31.07,31.47
564459,31.19,31.47
564888,31.11,31.47
565417,31.11,31.49
565918,31.15,31.45
566337,31.13,31.47
566878,31.05,31.43
567410,31.07,31.45
567907,31.11,31.47
568338,31.15,31.47
568847,31.07,31.47
569396,31.15,31.45
569907,31.19,31.47
570324,31.11,31.47
570831,31.15,31.47
571352,31.19,31.47
571897,31.19,31.47
572422,31.15,31.45
572824,31.19,31.47
573327,31.21,31.47
573951,31.21,31.47
574378,31.13,31.45
574903,31.13,31.47
575415,31.21,31.45
575836,31.21,31.49
576370,31.15,31.47
576903,31.15,31.49
577401,31.15,31.47
577824,31.11,31.47
578424,31.13,31.47
578885,31.13,31.47
579382,31.13,31.47
579910,31.19,31.49
580412,31.11,31.47
580868,31.19,31.47
581369,31.13,31.47
581892,31.11,31.49
582401,31.13,31.49
582923,31.13,31.47
583351,31.13,31.47
583858,31.21,31.49
584382,31.19,31.49
584886,31.11,31.47
585419,31.21,31.47
585851,31.19,31.47
586372,31.15,31.47
586889,31.13,31.47
587411,31.21,31.45
587915,31.19,31.47
588371,31.21,31.47
588869,31.19,31.51
589397,31.25,31.49
589898,31.15,31.47
590351,31.21,31.49
590864,31.25,31.49
591386,31.15,31.51
591902,31.13,31.47
592409,31.15,31.49
592864,31.13,31.47
593363,31.19,31.49
593887,31.25,31.49
594402,31.25,31.49
594860,31.21,31.47
595364,31.21,31.49
595885,31.25,31.51
596383,31.11,31.49
596915,31.25,31.49
597344,31.21,31.49
597868,31.19,31.47
598377,31.15,31.49
598910,31.15,31.47
599412,31.15,31.49
599863,31.15,31.47
600371,31.19,31.47
600905,31.07,31.47
601402,31.13,31.47
601857,31.13,31.49
602362,31.13,31.47
602893,31.13,31.47
603394,31.15,31.49
603920,31.19,31.47
604351,31.11,31.47
604854,31.13,31.49
605383,31.21,31.49
605882,31.15,31.47
606338,31.11,31.49
606835,31.15,31.47
607368,31.13,31.49
607870,31.11,31.47
608411,31.15,31.49
608844,31.15,31.53
609364,31.15,31.49
609869,31.21,31.49
610395,31.11,31.47
610897,31.15,31.47
611348,31.19,31.51
611849,31.25,31.49
612373,31.07,31.49
612884,31.11,31.49
613332,31.11,31.49
613834,31.13,31.49
614363,31.07,31.51
614863,31.13,31.49
615400,31.13,31.47
615825,31.13,31.51
616333,31.15,31.49
616864,31.11,31.47
617364,31.13,31.49
617827,31.15,31.49
618328,31.15,31.49
618853,31.13,31.49
619351,31.13,31.47
619884,31.15,31.47
620396,31.13,31.47
620840,31.13,31.49
621353,31.13,31.49
621884,31.27,31.47
622388,31.25,31.47
622834,31.07,31.47
623334,31.19,31.47
623865,31.13,31.47
624370,31.11,31.47
624823,31.21,31.49
625332,31.25,31.47
625859,31.25,31.49
626362,31.07,31.47
626889,31.21,31.49
627405,31.25,31.49
627826,31.25,31.47
628350,31.21,31.49
628862,31.25,31.49
629385,31.25,31.51
629824,31.21,31.51
630349,31.21,31.49
630846,31.19,31.47
631370,31.13,31.49
631882,31.25,31.49
632328,31.25,31.47
632829,31.15,31.49
633363,31.25,31.49
633868,31.27,31.49
634335,31.25,31.51
634836,31.21,31.49
635357,31.15,31.47
635863,31.21,31.49
636388,31.15,31.47
636823,31.21,31.49
637353,31.25,31.47
637851,31.13,31.53
638380,31.15,31.47
638884,31.19,31.51
639323,31.15,31.51
639836,31.25,31.49
640337,31.15,31.53
640861,31.21,31.51
641366,31.21,31.49
641834,31.15,31.51
642324,31.15,31.49
642849,31.19,31.51
643350,31.15,31.51
643900,31.15,31.49
644324,31.25,31.53
644846,31.21,31.47
645343,31.19,31.51
645875,31.25,31.51
646400,31.27,31.51
646824,31.11,31.51
647324,31.15,31.49
647845,31.13,31.53
648373,31.19,31.51
648917,31.15,31.51
649328,31.15,31.49
649851,31.15,31.49
650347,31.15,31.51
650886,31.21,31.51
651335,31.25,31.49
651823,31.13,31.49
652327,31.21,31.51
652824,31.25,31.51
653357,31.25,31.53
653920,31.13,31.49
654324,31.25,31.51
654823,31.21,31.57
655341,31.19,31.51
655858,31.25,31.51
656399,31.19,31.51
656823,31.19,31.51
657323,31.25,31.53
657827,31.19,31.53
658343,31.25,31.51
658862,31.25,31.51
659323,31.19,31.53
659827,31.19,31.47
660323,31.19,31.49
660824,31.15,31.51
661364,31.25,31.51
661882,31.15,31.51
662324,31.15,31.53
662828,31.13,31.53
663327,31.25,31.53
663851,31.25,31.51
664392,31.19,31.51
664824,31.27,31.57
665323,31.13,31.53
665834,31.25,31.53
666360,31.25,31.51
666882,31.25,31.51
667324,31.19,31.53
667827,31.25,31.53
668327,31.25,31.51
668854,31.19,31.51
669402,31.19,31.51
669827,31.27,31.51
670327,31.27,31.57
670827,31.21,31.53
671353,31.19,31.53
671892,31.19,31.57
672324,31.27,31.53
672837,31.19,31.53
673324,31.21,31.51
673862,31.25,31.53
674391,31.19,31.51
674824,31.15,31.51
675334,31.13,31.57
675845,31.19,31.57
676363,31.15,31.51
676823,31.21,31.57
677338,31.19,31.57
677824,31.19,31.53
678332,31.19,31.53
678883,31.19,31.51
679323,31.13,31.53
679827,31.15,31.53
680327,31.15,31.57
680824,31.19,31.53
681358,31.19,31.53
681881,31.13,31.49
682330,31.15,31.53
682824,31.15,31.53
683327,31.15,31.51
683851,31.13,31.51
684498,31.11,31.53
684831,31.13,31.53
685327,31.13,31.53
685824,31.13,31.57
686366,31.19,31.53
686984,31.15,31.51
687324,31.27,31.57
687823,31.21,31.53
688354,31.15,31.53
688980,31.15,31.57
689436,31.15,31.57
689824,31.25,31.57
690338,31.15,31.51
690855,31.15,31.51
691372,31.13,31.53
691827,31.13,31.57
692338,31.13,31.53
692824,31.11,31.49
693349,31.15,31.53
693893,31.19,31.53
694324,31.15,31.57
694835,31.15,31.51
695348,31.13,31.57
695995,31.15,31.53
696328,31.19,31.53
696823,31.13,31.53
697328,31.19,31.51
697977,31.19,31.57
698409,31.13,31.53
698907,31.15,31.57
699324,31.13,31.53
699824,31.27,31.51
700459,31.15,31.53
700888,31.15,31.51
701424,31.19,31.53
701830,31.15,31.57
702346,31.19,31.57
702883,31.13,31.51
703402,31.15,31.57
703913,31.15,31.51
704324,31.11,31.59
704936,31.15,31.51
705387,31.15,31.57
705891,31.19,31.57
706416,31.15,31.51
706922,31.15,31.51
707372,31.15,31.53
707877,31.11,31.53
708411,31.13,31.51
708910,31.15,31.53
709361,31.19,31.51
709870,31.25,31.51
710402,31.13,31.51
710908,31.13,31.53
711431,31.15,31.53
711863,31.11,31.53
712382,31.19,31.57
712907,31.15,31.53
713405,31.13,31.53
713824,31.21,31.57
714457,31.21,31.53
714924,31.19,31.53
715327,31.19,31.51
715832,31.15,31.53
716343,31.15,31.57
716881,31.19,31.53
717408,31.15,31.53
717824,31.15,31.51
718324,31.19,31.51
718843,31.21,31.57
719457,31.15,31.53
719915,31.13,31.53
720423,31.15,31.51
720842,31.21,31.53
721454,31.19,31.53
721911,31.19,31.51
722411,31.19,31.53
722824,31.13,31.51
723331,31.21,31.57
723891,31.13,31.53
724391,31.19,31.53
724920,31.19,31.59
725335,31.19,31.57
725963,31.15,31.57
726400,31.19,31.53
726907,31.19,31.57
727323,31.19,31.53
727831,31.15,31.53
728467,31.11,31.53
728898,31.19,31.57
729327,31.15,31.57
729824,31.15,31.53
730343,31.13,31.53
730958,31.13,31.53
731412,31.15,31.51
731921,31.19,31.53
732323,31.21,31.53
732962,31.19,31.57
733420,31.15,31.53
733928,31.19,31.53
734328,31.19,31.53
734848,31.19,31.53
735406,31.15,31.53
735909,31.11,31.57
736338,31.15,31.57
736825,31.19,31.57
737361,31.15,31.57
737908,31.13,31.53
738439,31.15,31.57
738824,31.19,31.53
739334,31.07,31.49
739872,31.15,31.57
740401,31.19,31.53
740835,31.19,31.57
741323,31.15,31.53
741843,31.19,31.53
742471,31.15,31.53
742823,31.15,31.51
743330,31.21,31.57
743827,31.21,31.53
744353,31.13,31.53
744910,31.13,31.53
745417,31.13,31.53
745831,31.15,31.51
746328,31.15,31.51
746875,31.15,31.51
747415,31.13,31.53
747936,31.15,31.57
748324,31.15,31.53
748843,31.19,31.57
749396,31.13,31.59
749908,31.19,31.53
750323,31.19,31.57
750824,31.15,31.57
751348,31.15,31.53
751881,31.15,31.57
752410,31.15,31.57
752910,31.15,31.57
753342,31.13,31.51
753878,31.21,31.53
754399,31.13,31.57
754907,31.15,31.53
755331,31.15,31.53
755832,31.13,31.53
756388,31.13,31.53
756892,31.13,31.53
757417,31.15,31.53
757918,31.21,31.59
758353,31.15,31.57
758887,31.15,31.59
759384,31.15,31.53
759918,31.15,31.57
760423,31.15,31.53
760887,31.15,31.53
761385,31.13,31.51
761919,31.15,31.53
762428,31.19,31.53
762848,31.11,31.57
763394,31.11,31.53
763924,31.11,31.53
764324,31.19,31.57
764832,31.25,31.57
765450,31.13,31.51
765903,31.13,31.51
766419,31.15,31.57
766959,31.19,31.53
767463,31.19,31.57
767889,31.25,31.53
768414,31.19,31.57
768922,31.19,31.51
769354,31.19,31.57
769882,31.15,31.57
770414,31.13,31.57
770920,31.13,31.53
771331,31.13,31.57
771945,31.15,31.51
772400,31.21,31.53
772905,31.19,31.59
773323,31.11,31.57
773835,31.13,31.57
774463,31.13,31.57
774888,31.13,31.53
775422,31.13,31.53
775918,31.21,31.53
776343,31.15,31.57
776876,31.19,31.57
777402,31.25,31.53
777906,31.27,31.57
778331,31.19,31.57
778937,31.21,31.61
779397,31.27,31.53
779896,31.29,31.57
780428,31.19,31.53
780823,31.27,31.57
781357,31.15,31.57
781890,31.21,31.59
782386,31.27,31.59
782915,31.25,31.53
783423,31.25,31.53
783880,31.25,31.59
784381,31.27,31.57
784914,31.29,31.59
785419,31.21,31.57
785886,31.27,31.57
786394,31.19,31.57
786925,31.21,31.57
787323,31.19,31.57
787846,31.29,31.57
788474,31.21,31.59
788824,31.19,31.57
789421,31.21,31.57
789826,31.27,31.59
790362,31.21,31.57
790924,31.21,31.57
791324,31.19,31.57
791835,31.21,31.57
792344,31.19,31.59
792863,31.27,31.57
793418,31.19,31.57
793926,31.27,31.57
794341,31.19,31.57
794848,31.29,31.57
795388,31.19,31.57
795929,31.29,31.59
796324,31.27,31.59
796823,31.19,31.59
797348,31.21,31.59
797870,31.19,31.57
798324,31.25,31.59
798834,31.29,31.61
799324,31.19,31.59
799852,31.21,31.57
800399,31.19,31.59
800831,31.21,31.57
801331,31.15,31.57
801827,31.29,31.59
802383,31.19,31.57
802824,31.21,31.59
803334,31.19,31.57
803831,31.21,31.59
804336,31.21,31.61
804877,31.25,31.59
805520,31.15,31.59
805823,31.21,31.61
806327,31.25,31.57
806848,31.21,31.57
807374,31.19,31.59
807824,31.15,31.59
808324,31.25,31.59
808834,31.21,31.57
809353,31.25,31.59
809993,31.19,31.57
810422,31.15,31.59
810823,31.21,31.61
811334,31.21,31.59
811860,31.21,31.61
812474,31.19,31.59
812827,31.25,31.63
813327,31.15,31.61
813823,31.25,31.59
814342,31.21,31.59
814996,31.27,31.61
815324,31.19,31.61
815823,31.21,31.59
816328,31.27,31.61
816862,31.21,31.59
817400,31.21,31.59
817927,31.19,31.59
818323,31.27,31.61
818832,31.21,31.59
819463,31.21,31.57
819893,31.15,31.61
820425,31.25,31.59
820834,31.21,31.57
821352,31.21,31.57
821886,31.19,31.59
822412,31.15,31.59
822917,31.27,31.61
823324,31.25,31.63
823833,31.15,31.57
824402,31.25,31.59
824911,31.21,31.59
825330,31.25,31.59
825823,31.19,31.61
826350,31.21,31.61
826867,31.25,31.61
827422,31.15,31.59
827824,31.21,31.59
828330,31.21,31.59
828838,31.19,31.59
829487,31.21,31.59
829927,31.15,31.61
830330,31.21,31.59
830833,31.15,31.59
831458,31.15,31.53
831915,31.15,31.61
832420,31.25,31.61
832827,31.25,31.61
833337,31.21,31.63
833975,31.19,31.59
834410,31.21,31.59
834824,31.21,31.63
835327,31.19,31.59
835852,31.21,31.61
836392,31.19,31.61
836922,31.19,31.61
837327,31.19,31.59
837832,31.25,31.59
838363,31.21,31.61
838914,31.21,31.59
839426,31.19,31.59
839835,31.21,31.59
840469,31.21,31.59
840892,31.25,31.57
841428,31.21,31.61
841823,31.21,31.61
842453,31.21,31.59
842891,31.19,31.59
843424,31.25,31.61
843831,31.19,31.59
844461,31.25,31.63
844891,31.25,31.63
845416,31.27,31.61
845915,31.33,31.61
846345,31.25,31.61
846884,31.25,31.59
847405,31.25,31.61
847908,31.21,31.61
848432,31.25,31.61
848867,31.21,31.61
849366,31.21,31.63
849891,31.21,31.61
850392,31.25,31.61
850854,31.19,31.61
851356,31.21,31.61
851886,31.25,31.61
852385,31.19,31.59
852912,31.19,31.61
853338,31.15,31.59
853873,31.15,31.61
854379,31.21,31.61
854900,31.25,31.59
855332,31.19,31.61
855868,31.25,31.61
856369,31.25,31.61
856892,31.21,31.61
857324,31.27,31.59
857846,31.19,31.59
858353,31.25,31.59
858890,31.21,31.63
859404,31.25,31.61
859859,31.21,31.59
860367,31.25,31.61
860901,31.15,31.63
861398,31.19,31.63
861828,31.21,31.63
862352,31.27,31.61
862885,31.27,31.61
863390,31.25,31.63
863924,31.21,31.61
864324,31.15,31.61
864856,31.21,31.61
865379,31.27,31.61
865880,31.25,31.59
866412,31.25,31.61
866921,31.27,31.61
867386,31.19,31.59
867885,31.25,31.61
868422,31.27,31.63
868935,31.33,31.63
869462,31.21,31.59
869890,31.25,31.63
870417,31.21,31.61
870917,31.21,31.63
871337,31.27,31.63
871877,31.21,31.63
872402,31.25,31.61
872915,31.21,31.61
873440,31.21,31.59
873867,31.25,31.65
874372,31.19,31.63
874905,31.27,31.63
875417,31.25,31.61
875833,31.25,31.61
876372,31.27,31.63
876894,31.27,31.63
877409,31.25,31.61
877827,31.33,31.65
878331,31.27,31.61
878974,31.19,31.63
879407,31.21,31.61
879828,31.25,31.61
880324,31.25,31.63
880846,31.29,31.65
881383,31.25,31.63
881919,31.27,31.67
882424,31.25,31.61
882847,31.25,31.63
883455,31.25,31.65
883919,31.27,31.61
884430,31.27,31.63
884840,31.25,31.63
885463,31.25,31.63
885912,31.25,31.61
886413,31.21,31.65
886831,31.25,31.65
887343,31.21,31.65
887898,31.21,31.65
888413,31.21,31.67
888939,31.25,31.63
889331,31.19,31.63
889850,31.19,31.65
890402,31.19,31.63
890907,31.19,31.63
891331,31.21,31.65
891827,31.21,31.63
892363,31.19,31.63
892889,31.25,31.63
893414,31.27,31.65
893924,31.19,31.63
894332,31.25,31.63
894949,31.19,31.63
895416,31.21,31.63
895920,31.25,31.65
896335,31.19,31.65
896858,31.25,31.65
897411,31.25,31.63
897909,31.19,31.63
898323,31.21,31.63
898824,31.27,31.65
899356,31.25,31.63
899895,31.21,31.63
900424,31.21,31.63
900823,31.27,31.61
901345,31.27,31.61
901904,31.25,31.63
902402,31.25,31.65
902824,31.27,31.67
903324,31.21,31.63
903949,31.21,31.65
904388,31.25,31.65
904914,31.25,31.65
905420,31.29,31.65
905842,31.27,31.61
906378,31.25,31.63
906908,31.21,31.63
907407,31.27,31.63
907823,31.21,31.61
908332,31.25,31.61
908968,31.21,31.63
909396,31.29,31.67
909926,31.35,31.69
910324,31.25,31.63
910852,31.27,31.65
911387,31.25,31.67
911886,31.25,31.65
912418,31.25,31.65
912919,31.21,31.65
913373,31.25,31.65
913883,31.21,31.65
914417,31.25,31.65
914915,31.25,31.61
915443,31.21,31.65
915876,31.27,31.65
916404,31.25,31.67
916904,31.19,31.65
917327,31.19,31.65
917860,31.21,31.65
918388,31.15,31.67
918890,31.19,31.65
919420,31.21,31.65
919936,31.25,31.65
920360,31.21,31.65
920885,31.15,31.65
921390,31.21,31.67
921912,31.15,31.67
922343,31.19,31.63
922876,31.21,31.65
923375,31.27,31.67
923910,31.19,31.65
924408,31.21,31.65
924861,31.21,31.63
925369,31.19,31.63
925897,31.21,31.65
926416,31.19,31.65
926870,31.21,31.67
927378,31.21,31.67
927911,31.25,31.65
928423,31.29,31.65
928837,31.19,31.63
929367,31.25,31.65
929914,31.25,31.65
930425,31.25,31.63
930823,31.21,31.63
931328,31.19,31.67
931976,31.25,31.67
932412,31.27,31.67
932935,31.27,31.67
933330,31.29,31.67
933837,31.21,31.67
934394,31.25,31.63
934895,31.19,31.67
935425,31.21,31.63
935824,31.25,31.65
936453,31.21,31.65
936878,31.25,31.67
937405,31.25,31.65
937908,31.21,31.63
938327,31.21,31.67
938872,31.15,31.65
939398,31.19,31.63
939910,31.15,31.63
940331,31.21,31.65
940837,31.27,31.65
941393,31.25,31.65
941893,31.25,31.65
942418,31.19,31.65
942928,31.25,31.65
943392,31.25,31.65
943897,31.25,31.65
944420,31.25,31.65
944835,31.27,31.67
945332,31.21,31.67
945901,31.25,31.65
946398,31.21,31.69
946823,31.27,31.65
947324,31.19,31.63
947843,31.21,31.67
948371,31.13,31.63
948907,31.21,31.63
949412,31.27,31.67
949827,31.21,31.63
950434,31.21,31.67
950895,31.25,31.65
951392,31.25,31.63
951918,31.19,31.65
952422,31.19,31.65
952873,31.21,31.65
953373,31.21,31.65
953901,31.27,31.65
954402,31.25,31.65
954855,31.21,31.67
955371,31.25,31.67
955901,31.27,31.67
956406,31.25,31.65
956928,31.29,31.67
957358,31.21,31.65
957865,31.21,31.67
958397,31.29,31.67
958913,31.19,31.67
959330,31.19,31.65
959873,31.13,31.65
960402,31.19,31.65
960901,31.25,31.65
961324,31.27,31.69
961823,31.19,31.63
962453,31.29,31.65
962890,31.19,31.65
963426,31.21,31.69
963831,31.19,31.63
964342,31.25,31.67
964963,31.21,31.61
965412,31.21,31.63
965913,31.29,31.69
966333,31.29,31.65
966883,31.19,31.63
967413,31.27,31.65
967912,31.25,31.65
968438,31.21,31.67
968944,31.21,31.67
969372,31.21,31.65
969896,31.19,31.63
970409,31.21,31.67
970870,31.21,31.65
971380,31.25,31.67
971904,31.25,31.65
972411,31.19,31.65
972841,31.25,31.67
973376,31.27,31.67
973898,31.15,31.63
974400,31.21,31.65
974941,31.25,31.65
975370,31.21,31.65
975908,31.25,31.67
976409,31.27,31.67
976840,31.19,31.63
977378,31.25,31.65
977907,31.25,31.67
978409,31.27,31.67
978823,31.27,31.65
979337,31.21,31.63
979891,31.29,31.67
980398,31.15,31.63
980934,31.21,31.69
981334,31.25,31.65
981944,31.19,31.65
982408,31.27,31.63
982903,31.21,31.63
983328,31.21,31.67
983828,31.27,31.67
984387,31.27,31.65
984891,31.21,31.63
985425,31.29,31.67
985824,31.25,31.65
986374,31.21,31.69
986885,31.25,31.67
987424,31.25,31.67
987830,31.27,31.63
988355,31.29,31.67
988882,31.21,31.69
989410,31.21,31.67
989910,31.25,31.65
990328,31.27,31.67
990842,31.25,31.65
991395,31.25,31.65
991898,31.27,31.65
992433,31.27,31.65
992838,31.19,31.63
993371,31.33,31.65
993904,31.25,31.61
994413,31.21,31.67
994827,31.21,31.65
995362,31.25,31.65
995885,31.25,31.67
996385,31.21,31.65
996910,31.15,31.65
997339,31.29,31.65
997867,31.19,31.69
998380,31.21,31.65
998913,31.25,31.65
999411,31.29,31.67
999876,31.21,31.65
1000391,31.25,31.65
1000923,31.27,31.69
1001346,31.25,31.63
1001923,31.29,31.67
1002335,31.25,31.67
1002853,31.21,31.65
1003385,31.27,31.65
1003834,31.27,31.67
1004340,31.15,31.65
1004902,31.25,31.67
1005323,31.27,31.67
1005846,31.27,31.67
1006380,31.27,31.67
1006831,31.27,31.67
1007337,31.21,31.65
1007879,31.27,31.65
1008331,31.19,31.67
1008845,31.27,31.69
1009385,31.25,31.67
1009830,31.21,31.65
1010381,31.21,31.63
1010901,31.25,31.65
1011331,31.27,31.67
1011881,31.25,31.67
1012424,31.19,31.65
1012827,31.19,31.65
1013364,31.25,31.65
1013824,31.25,31.65
1014323,31.27,31.65
1014849,31.27,31.67
1015402,31.21,31.67
1015827,31.25,31.65
1016335,31.21,31.65
1016875,31.21,31.65
1017327,31.25,31.65
1017823,31.29,31.65
1018364,31.27,31.65
1018912,31.21,31.65
1019355,31.21,31.65
1019869,31.27,31.67
1020421,31.19,31.65
1020866,31.25,31.65
1021400,31.25,31.65
1021919,31.29,31.69
1022339,31.25,31.65
1022914,31.29,31.65
1023331,31.21,31.67
1023842,31.29,31.65
1024327,31.27,31.67
1024838,31.29,31.67
1025360,31.27,31.63
1025898,31.27,31.65
1026335,31.27,31.63
1026854,31.29,31.67
1027406,31.29,31.67
1027842,31.29,31.67
1028380,31.33,31.71
1028898,31.33,31.67
1029353,31.27,31.67
1029893,31.27,31.69
1030445,31.33,31.67
1030845,31.27,31.65
1031402,31.27,31.69
1031831,31.27,31.67
1032349,31.29,31.69
1032828,31.27,31.65
1033327,31.29,31.67
1033858,31.25,31.65
1034390,31.21,31.67
1034823,31.33,31.69
1035325,31.35,31.67
1035879,31.33,31.69
1036341,31.29,31.69
1036862,31.27,31.65
1037378,31.33,31.69
1037844,31.33,31.69
1038367,31.29,31.67
1038907,31.27,31.69
1039421,31.39,31.67
1039887,31.27,31.67
1040418,31.29,31.67
1040830,31.33,31.67
1041355,31.29,31.67
1041823,31.35,31.65
1042334,31.33,31.71
1042850,31.27,31.67
1043393,31.29,31.67
1043835,31.29,31.71
1044344,31.25,31.67
1044906,31.21,31.63
1045327,31.27,31.67
1045859,31.29,31.69
1046383,31.29,31.65
1046824,31.33,31.71
1047379,31.27,31.65
1047920,31.29,31.69
1048378,31.29,31.65
1048919,31.27,31.69
1049323,31.21,31.67
1049834,31.21,31.69
1050416,31.25,31.67
1050824,31.19,31.63
1051333,31.21,31.67
1051875,31.25,31.67
1052324,31.25,31.65
1052831,31.25,31.67
1053372,31.25,31.69
1053827,31.27,31.69
1054327,31.27,31.69
1054846,31.25,31.67
1055328,31.33,31.67
1055834,31.27,31.67
1056377,31.21,31.67
1056890,31.25,31.65
1057355,31.29,31.69
1057874,31.21,31.67
1058410,31.25,31.67
1058924,31.21,31.65
1059397,31.25,31.67
1059911,31.25,31.65
1060332,31.21,31.69
1060968,31.21,31.65
1061324,31.29,31.67
1061823,31.25,31.65
1062364,31.25,31.65
1063002,31.25,31.65
1063323,31.27,31.69
1063862,31.25,31.67
1064324,31.21,31.67
1064824,31.29,31.69
1065347,31.27,31.67
1065884,31.25,31.67
1066343,31.21,31.67
1066834,31.33,31.71
1067394,31.19,31.65
1067838,31.27,31.65
1068352,31.25,31.63
1068893,31.21,31.71
1069334,31.27,31.65
1069885,31.33,31.69
1070402,31.21,31.65
1070827,31.25,31.67
1071355,31.27,31.67
1071931,31.27,31.67
1072331,31.27,31.67
1072863,31.27,31.67
1073324,31.25,31.65
1073827,31.27,31.65
1074345,31.25,31.67
1074912,31.21,31.67
1075330,31.19,31.69
1075851,31.25,31.67
1076393,31.27,31.69
1076826,31.25,31.65
1077351,31.25,31.67
1077897,31.25,31.67
1078339,31.25,31.69
1078880,31.29,31.67
1079393,31.29,31.67
1079838,31.25,31.67
1080389,31.27,31.63
1080838,31.25,31.65
1081334,31.25,31.67
1081895,31.25,31.67
1082324,31.27,31.67
1082831,31.21,31.69
1083369,31.27,31.67
1083835,31.21,31.65
1084328,31.21,31.65
1084867,31.25,31.69
1085324,31.21,31.69
1085844,31.25,31.67
1086359,31.29,31.69
1086835,31.29,31.69
1087348,31.25,31.69
1087887,31.19,31.65
1088405,31.19,31.67
1088864,31.19,31.67
1089411,31.25,31.63
1089947,31.25,31.67
1090355,31.25,31.65
1090907,31.27,31.65
1091324,31.25,31.67
1091835,31.27,31.67
1092399,31.27,31.65
1092823,31.29,31.67
1093334,31.25,31.67
1093884,31.25,31.65
1094324,31.27,31.67
1094824,31.27,31.67
1095379,31.27,31.69
1095824,31.29,31.65
1096324,31.33,31.67
1096850,31.21,31.69
1097331,31.27,31.63
1097841,31.15,31.67
1098376,31.29,31.69
1098890,31.25,31.67
1099361,31.21,31.67
1099881,31.29,31.67
1100425,31.19,31.65
1100837,31.25,31.67
1101418,31.27,31.67
1101831,31.33,31.63
1102343,31.25,31.65
1102883,31.27,31.67
1103323,31.29,31.67
1103823,31.27,31.65
1104375,31.29,31.69
1104831,31.27,31.67
1105323,31.33,31.69
1105854,31.29,31.69
1106328,31.29,31.67
1106834,31.29,31.65
1107365,31.29,31.67
1107901,31.29,31.67
1108331,31.29,31.67
1108875,31.29,31.67
1109413,31.25,31.67
1109863,31.27,31.67
1110375,31.27,31.65
1110931,31.33,31.69
1111474,31.35,31.69
1111920,31.29,31.67
1112323,31.29,31.65
1112848,31.27,31.65
1113380,31.33,31.69
1113824,31.29,31.67
1114327,31.25,31.67
1114880,31.25,31.67
1115323,31.27,31.67
1115830,31.25,31.67
1116360,31.27,31.67
1116845,31.29,31.67
1117342,31.25,31.67
1117887,31.27,31.69
1118325,31.27,31.71
1118875,31.27,31.67
1119388,31.27,31.69
1119831,31.25,31.65
1120464,31.27,31.67
1120924,31.25,31.65
1121324,31.19,31.65
1121866,31.27,31.69
1122503,31.27,31.69
1122834,31.29,31.69
1123358,31.27,31.67
1123834,31.21,31.67
1124345,31.21,31.65
1124881,31.25,31.65
1125323,31.21,31.67
1125831,31.27,31.69
1126372,31.21,31.65
1126919,31.29,31.69
1127360,31.27,31.67
1127886,31.25,31.65
1128427,31.27,31.65
1128946,31.19,31.67
1129411,31.25,31.67
1129824,31.27,31.69
1130345,31.27,31.67
1130985,31.25,31.65
1131324,31.25,31.69
1131828,31.27,31.69
1132383,31.21,31.63
1132830,31.21,31.71
1133338,31.21,31.67
1133855,31.27,31.67
1134327,31.29,31.69
1134827,31.25,31.67
1135364,31.25,31.67
1135889,31.19,31.65
1136351,31.25,31.65
1136872,31.21,31.65
1137406,31.25,31.65
1137852,31.27,31.65
1138392,31.25,31.65
1138912,31.21,31.65
1139335,31.21,31.69
1139901,31.25,31.67
1140324,31.21,31.65
1140827,31.21,31.69
1141365,31.29,31.67
1141827,31.29,31.65
1142327,31.25,31.67
1142840,31.21,31.69
1143406,31.27,31.67
1143827,31.19,31.67
1144352,31.21,31.65
1144878,31.21,31.65
1145323,31.33,31.69
1145867,31.29,31.67
1146406,31.27,31.67
1146924,31.19,31.65
1147381,31.21,31.65
1147920,31.27,31.67
1148324,31.27,31.67
1148873,31.21,31.65
1149416,31.29,31.67
1149824,31.27,31.69
1150357,31.25,31.67
1150827,31.29,31.67
1151323,31.19,31.67
1151855,31.29,31.69
1152408,31.25,31.67
1152830,31.27,31.67
1153349,31.19,31.67
1153823,31.25,31.65
1154339,31.27,31.65
1154879,31.25,31.65
1155397,31.25,31.65
1155860,31.25,31.67
1156374,31.25,31.65
1156914,31.25,31.67
1157324,31.27,31.67
1157904,31.27,31.67
1158420,31.27,31.67
1158824,31.25,31.65
1159354,31.27,31.65
1159824,31.25,31.65
1160331,31.21,31.67
1160849,31.27,31.65
1161396,31.29,31.67
1161834,31.25,31.67
1162342,31.27,31.69
1162893,31.29,31.67
1163331,31.25,31.63
1163858,31.29,31.65
1164376,31.13,31.63
1164831,31.29,31.67
1165379,31.27,31.65
1165922,31.33,31.69
1166325,31.25,31.65
1166879,31.33,31.69
1167428,31.25,31.65
1167824,31.25,31.65
1168381,31.21,31.67
1168824,31.33,31.69
1169331,31.25,31.65
1169864,31.29,31.65
1170334,31.29,31.65
1170827,31.25,31.67
1171359,31.27,31.65
1171895,31.33,31.67
1172326,31.25,31.61
1172842,31.29,31.65
1173400,31.33,31.71
1173851,31.25,31.65
1174392,31.29,31.67
1174913,31.27,31.69
1175378,31.27,31.65
1175894,31.25,31.69
1176323,31.21,31.65
1176835,31.29,31.67
1177515,31.29,31.67
1177827,31.29,31.67
1178348,31.27,31.67
1178889,31.27,31.67
1179324,31.21,31.67
1179828,31.25,31.65
1180384,31.29,31.69
1180835,31.29,31.69
1181345,31.27,31.67
1181890,31.27,31.67
1182331,31.21,31.67
1182879,31.27,31.65
1183402,31.27,31.65
1183833,31.29,31.69
1184381,31.29,31.65
1184932,31.29,31.67
1185331,31.29,31.65
1185884,31.29,31.65
1186323,31.21,31.65
1186831,31.25,31.65
1187354,31.25,31.65
1187827,31.27,31.65
1188323,31.27,31.65
1188845,31.27,31.67
1189384,31.29,31.65
1189830,31.29,31.69
1190332,31.25,31.65
1190877,31.29,31.67
1191324,31.39,31.65
1191854,31.35,31.69
1192367,31.27,31.65
1192910,31.27,31.63
1193353,31.29,31.67
1193898,31.33,31.65
1194415,31.33,31.67
1194959,31.33,31.67
1195404,31.25,31.67
1195824,31.29,31.67
1196335,31.29,31.67
1196918,31.33,31.69
1197323,31.27,31.67
1197825,31.35,31.69
1198359,31.39,31.67
1198823,31.29,31.67
1199323,31.27,31.69
1199844,31.29,31.69
1200397,31.33,31.67
1200843,31.27,31.65
1201336,31.29,31.65
1201896,31.29,31.69
1202331,31.33,31.67
1202848,31.33,31.69
1203388,31.33,31.69
1203831,31.21,31.65
1204372,31.29,31.65
1204889,31.33,31.65
1205428,31.27,31.69
1205865,31.27,31.65
1206413,31.39,31.67
1206931,31.29,31.67
1207354,31.35,31.69
1207908,31.41,31.71
1208323,31.27,31.67
1208825,31.41,31.69
1209383,31.33,31.67
1209834,31.41,31.69
1210327,31.35,31.65
1210855,31.35,31.67
1211323,31.35,31.69
1211824,31.41,31.71
1212356,31.35,31.69
1212885,31.29,31.71
1213335,31.35,31.69
1213851,31.35,31.69
1214391,31.35,31.69
1214834,31.35,31.69
1215379,31.39,31.69
1215892,31.33,31.71
1216327,31.27,31.67
1216952,31.27,31.67
1217416,31.33,31.67
1217827,31.27,31.69
1218344,31.29,31.69
1218892,31.29,31.69
1219324,31.29,31.69
1219837,31.33,31.73
1220385,31.43,31.71
1220824,31.29,31.67
1221325,31.27,31.67
1221869,31.29,31.71
1222341,31.29,31.67
1222836,31.29,31.65
1223376,31.21,31.67
1223831,31.27,31.67
1224345,31.35,31.71
1224889,31.39,31.65
1225430,31.33,31.69
1225872,31.27,31.69
1226403,31.29,31.67
1226823,31.35,31.69
1227347,31.33,31.69
1227938,31.29,31.69
1228341,31.29,31.69
1228869,31.29,31.69
1229327,31.29,31.67
1229824,31.33,31.69
1230359,31.33,31.67
1230830,31.33,31.65
1231331,31.33,31.69
1231872,31.27,31.69
1232394,31.35,31.71
1232866,31.35,31.69
1233378,31.33,31.69
1233915,31.41,31.69
1234330,31.33,31.71
1234911,31.39,31.67
1235424,31.29,31.67
1235829,31.35,31.71
1236375,31.33,31.69
1236823,31.33,31.69
1237331,31.29,31.69
1237871,31.39,31.69
1238323,31.29,31.67
1238824,31.33,31.67
1239348,31.39,31.73
1239894,31.33,31.69
1240324,31.33,31.67
1240844,31.33,31.69
1241366,31.29,31.69
1241843,31.27,31.67
1242363,31.27,31.67
1242900,31.39,31.73
1243421,31.35,31.69
1243867,31.33,31.71
1244413,31.33,31.69
1244824,31.35,31.71
1245402,31.33,31.71
1245918,31.35,31.71
1246324,31.35,31.69
1246856,31.33,31.71
1247328,31.33,31.69
1247824,31.29,31.69
1248350,31.39,31.67
1248889,31.39,31.67
1249324,31.29,31.69
1249824,31.35,31.71
1250390,31.39,31.67
1250830,31.43,31.69
1251349,31.43,31.71
1251879,31.33,31.69
1252345,31.35,31.71
1252868,31.35,31.71
1253410,31.29,31.67
1253923,31.33,31.71
1254391,31.39,31.71
1254909,31.35,31.71
1255327,31.33,31.71
1255855,31.39,31.75
1256330,31.43,31.71
1256823,31.41,31.69
1257351,31.35,31.71
1257897,31.33,31.69
1258324,31.35,31.73
1258833,31.35,31.69
1259384,31.33,31.71
1259831,31.35,31.69
1260350,31.33,31.69
1260876,31.29,31.69
1261344,31.33,31.71
1261855,31.35,31.69
1262407,31.39,31.71
1262938,31.43,31.71
1263415,31.35,31.73
1263823,31.39,31.69
1264334,31.35,31.69
1264914,31.33,31.69
1265331,31.33,31.73
1265836,31.35,31.71
1266378,31.35,31.71
1266823,31.35,31.71
1267327,31.35,31.69
1267865,31.33,31.69
1268399,31.47,31.69
1268831,31.27,31.69
1269348,31.29,31.71
1269898,31.29,31.69
1270342,31.35,31.71
1270878,31.33,31.69
1271402,31.29,31.71
1271869,31.35,31.71
1272390,31.35,31.71
1272929,31.29,31.71
1273352,31.39,31.71
1273922,31.29,31.71
1274331,31.33,31.71
1274855,31.33,31.71
1275398,31.33,31.71
1275824,31.35,31.69
1276334,31.29,31.71
1276885,31.33,31.73
1277324,31.33,31.69
1277832,31.35,31.73
1278359,31.33,31.71
1278827,31.39,31.71
1279331,31.35,31.71
1279873,31.39,31.73
1280403,31.33,31.69
1280841,31.29,31.69
1281387,31.35,31.69
1281925,31.35,31.73
1282448,31.33,31.73
1282888,31.35,31.71
1283334,31.29,31.71
1283840,31.33,31.71
1284428,31.33,31.73
1284830,31.33,31.73
1285335,31.35,31.73
1285870,31.35,31.73
1286324,31.29,31.73
1286824,31.29,31.71
1287375,31.29,31.69
1287824,31.33,31.67
1288336,31.35,31.71
1288854,31.29,31.71
1289324,31.39,31.71
1289830,31.33,31.73
1290367,31.33,31.71
1290887,31.33,31.71
1291353,31.33,31.71
1291872,31.33,31.71
1292409,31.29,31.69
1292924,31.35,31.69
1293401,31.29,31.71
1293922,31.33,31.73
1294330,31.33,31.71
1294855,31.29,31.69
1295327,31.29,31.73
1295824,31.35,31.69
1296366,31.33,31.71
1296824,31.39,31.71
1297327,31.35,31.71
1297845,31.29,31.71
1298327,31.33,31.71
1298838,31.35,31.73
1299366,31.29,31.73
1299897,31.35,31.71
1300327,31.33,31.73
1300867,31.39,31.71
1301423,31.41,31.73
1301864,31.35,31.69
1302385,31.41,31.75
1302931,31.29,31.73
1303334,31.35,31.73
1303911,31.39,31.73
1304327,31.29,31.71
1304827,31.35,31.71
1305366,31.33,31.71
1305823,31.33,31.71
1306324,31.35,31.71
1306861,31.35,31.71
1307399,31.33,31.75
1307823,31.39,31.71
1308354,31.39,31.71
1308823,31.35,31.69
1309334,31.33,31.71
1309872,31.39,31.71
1310395,31.39,31.71
1310869,31.35,31.71
1311383,31.35,31.73
1311928,31.35,31.73
1312340,31.35,31.71
1312915,31.35,31.73
1313330,31.35,31.71
1313825,31.33,31.73
1314368,31.33,31.71
1314823,31.39,31.73
1315327,31.33,31.73
1315860,31.39,31.71
1316399,31.39,31.75
1316827,31.33,31.73
1317357,31.41,31.73
1317902,31.39,31.73
1318336,31.33,31.73
1318877,31.33,31.73
1319401,31.35,31.73
1319855,31.35,31.73
1320403,31.41,31.75
1320942,31.29,31.75
1321345,31.29,31.73
1321980,31.39,31.79
1322324,31.35,31.73
1322828,31.35,31.73
1323380,31.39,31.75
1323827,31.39,31.71
1324327,31.39,31.71
1324855,31.39,31.75
1325324,31.35,31.71
1325823,31.27,31.71
1326341,31.33,31.71
1326893,31.35,31.71
1327337,31.33,31.75
1327858,31.29,31.73
1328400,31.35,31.71
1328849,31.35,31.75
1329384,31.33,31.73
1329905,31.29,31.75
1330369,31.33,31.75
1330889,31.29,31.71
1331327,31.29,31.73
1331842,31.29,31.71
1332405,31.29,31.73
1332828,31.33,31.71
1333337,31.33,31.73
1333874,31.27,31.73
1334334,31.29,31.71
1334827,31.33,31.75
1335373,31.29,31.79
1335827,31.27,31.75
1336349,31.25,31.71
1336870,31.27,31.71
1337416,31.25,31.73
1337859,31.33,31.73
1338376,31.29,31.73
1338915,31.33,31.71
1339434,31.29,31.71
1339913,31.29,31.73
1340331,31.33,31.73
1340850,31.29,31.71
1341413,31.27,31.71
1341823,31.29,31.75
1342338,31.39,31.73
1342894,31.35,31.73
1343334,31.35,31.71
1343844,31.39,31.73
1344384,31.35,31.71
1344823,31.33,31.69
1345323,31.35,31.71
1345882,31.33,31.71
1346323,31.33,31.73
1346848,31.35,31.71
1347369,31.35,31.71
1347847,31.35,31.73
1348364,31.39,31.79
1348897,31.33,31.71
1349422,31.39,31.75
1349962,31.39,31.75
1350404,31.35,31.73
1350828,31.41,31.75
1351338,31.43,31.79
1351931,31.39,31.73
1352341,31.41,31.73
1352880,31.33,31.75
1353324,31.43,31.73
1353835,31.35,31.73
1354367,31.39,31.75
1354823,31.39,31.71
1355330,31.33,31.71
1355877,31.35,31.75
1356398,31.29,31.73
1356832,31.35,31.73
1357374,31.35,31.73
1357915,31.39,31.73
1358365,31.33,31.75
1358895,31.35,31.73
1359323,31.39,31.73
1359835,31.35,31.75
1360416,31.35,31.73
1360824,31.35,31.73
1361330,31.35,31.75
1361875,31.33,31.75
1362324,31.35,31.73
1362834,31.35,31.73
1363375,31.39,31.73
1363831,31.41,31.79
1364330,31.35,31.71
1364867,31.33,31.73
1365324,31.35,31.73
1365823,31.35,31.71
1366365,31.33,31.75
1366899,31.35,31.75
1367349,31.35,31.75
1367868,31.33,31.73
1368406,31.33,31.73
1368857,31.35,31.73
1369391,31.35,31.75
1369908,31.39,31.73
1370340,31.33,31.75
1370898,31.39,31.75
1371331,31.33,31.73
1371824,31.35,31.79
1372375,31.29,31.73
1372834,31.33,31.75
1373323,31.29,31.79
1373856,31.27,31.73
1374323,31.41,31.75
1374824,31.33,31.75
1375353,31.39,31.75
1375911,31.27,31.75
1376359,31.33,31.75
1376874,31.29,31.73
1377424,31.33,31.79
1377878,31.33,31.73
1378393,31.33,31.79
1378823,31.33,31.71
1379451,31.39,31.73
1379933,31.29,31.73
1380327,31.43,31.81
1380875,31.29,31.73
1381327,31.33,31.79
1381835,31.29,31.75
1382368,31.33,31.71
1382835,31.33,31.73
1383324,31.33,31.75
1383876,31.33,31.73
1384335,31.35,31.73
1384842,31.35,31.75
1385359,31.29,31.75
1385829,31.29,31.79
1386346,31.33,31.73
1386881,31.33,31.71
1387398,31.29,31.71
1387868,31.33,31.73
1388385,31.39,31.75
1388927,31.39,31.73
1389329,31.33,31.71
1389911,31.39,31.71
1390330,31.39,31.75
1390823,31.35,31.73
1391363,31.41,31.73
1391831,31.41,31.73
1392327,31.39,31.75
1392855,31.39,31.71
1393394,31.43,31.73
1393824,31.33,31.73
1394346,31.43,31.79
1394894,31.35,31.75
1395336,31.47,31.79
1395849,31.39,31.75
1396386,31.33,31.73
1396828,31.35,31.73
1397373,31.35,31.75
1397894,31.39,31.75
1398324,31.41,31.75
1398846,31.33,31.73
1399415,31.35,31.73
1399823,31.35,31.75
1400338,31.35,31.75
1400880,31.35,31.75
1401323,31.35,31.73
1401827,31.39,31.73
1402379,31.47,31.75
1402823,31.39,31.75
1403323,31.35,31.73
1403860,31.35,31.75
1404327,31.39,31.73
1404838,31.39,31.73
1405377,31.39,31.71
1405830,31.39,31.75
1406363,31.35,31.75
1406877,31.39,31.75
1407429,31.35,31.75
1407868,31.29,31.79
1408410,31.35,31.75
1408924,31.43,31.79
1409359,31.39,31.75
1409923,31.35,31.75
1410323,31.35,31.73
1410835,31.33,31.73
1411394,31.35,31.73
1411824,31.35,31.75
1412337,31.29,31.73
1412885,31.33,31.75
1413328,31.29,31.73
1413837,31.35,31.75
1414383,31.33,31.73
1414824,31.47,31.75
1415333,31.33,31.75
1415874,31.41,31.75
1416423,31.33,31.79
1416872,31.29,31.73
1417398,31.35,31.79
1417835,31.33,31.75
1418386,31.35,31.75
1418823,31.33,31.75
1419327,31.33,31.73
1419860,31.35,31.71
1420502,31.39,31.75
1420824,31.27,31.73
1421345,31.33,31.75
1421899,31.27,31.73
1422324,31.33,31.75
1422838,31.29,31.73
1423375,31.33,31.79
1423824,31.35,31.75
1424326,31.35,31.75
1424871,31.33,31.73
1425334,31.35,31.79
1425863,31.33,31.75
1426384,31.33,31.73
1426929,31.35,31.71
1427369,31.33,31.75
1427916,31.29,31.73
1428330,31.35,31.75
1428981,31.35,31.73
1429421,31.35,31.75
1429830,31.33,31.75
1430360,31.33,31.73
1430828,31.41,31.79
1431323,31.33,31.75
1431848,31.39,31.79
1432391,31.41,31.79
1432843,31.35,31.75
1433338,31.39,31.71
1433881,31.35,31.73
1434327,31.35,31.71
1434847,31.35,31.73
1435393,31.35,31.73
1435930,31.35,31.73
1436377,31.39,31.73
1436898,31.33,31.71
1437323,31.35,31.75
1437983,31.33,31.81
1438427,31.29,31.73
1438831,31.41,31.73
1439367,31.29,31.71
1439830,31.35,31.75
1440327,31.35,31.75
1440843,31.39,31.73
1441394,31.39,31.75
1441827,31.29,31.73
1442341,31.29,31.71
1442882,31.33,31.73
1443334,31.27,31.75
1443850,31.29,31.73
1444398,31.35,31.73
1444837,31.39,31.73
1445380,31.35,31.79
1445902,31.33,31.75
1446329,31.33,31.75
1446887,31.41,31.75
1447323,31.35,31.75
1447827,31.29,31.75
1448372,31.29,31.75
1448835,31.33,31.73
1449323,31.33,31.75
1449851,31.39,31.75
1450330,31.29,31.73
1450824,31.29,31.71
1451368,31.35,31.75
1451899,31.35,31.75
1452331,31.29,31.73
1452868,31.33,31.79
1453419,31.39,31.75
1453870,31.35,31.75
1454388,31.39,31.73
1454927,31.29,31.75
1455452,31.35,31.73
1455921,31.33,31.79
1456323,31.35,31.73
1456849,31.39,31.75
1457488,31.35,31.75
1457827,31.29,31.73
1458328,31.29,31.75
1458900,31.41,31.73
1459323,31.35,31.79
1459836,31.25,31.73
1460390,31.29,31.73
1460823,31.33,31.75
1461333,31.39,31.73
1461883,31.33,31.75
1462324,31.35,31.75
1462874,31.35,31.73
1463387,31.35,31.73
1463823,31.41,31.75
1464371,31.35,31.75
1464913,31.33,31.79
1465328,31.39,31.75
1465847,31.33,31.79
1466384,31.29,31.73
1466828,31.33,31.73
1467324,31.35,31.75
1467871,31.35,31.75
1468324,31.33,31.75
1468824,31.33,31.73
1469369,31.33,31.79
1469830,31.39,31.73
1470329,31.33,31.75
1470885,31.35,31.73
1471326,31.39,31.75
1471850,31.35,31.73
1472399,31.39,31.75
1472949,31.33,31.73
1473388,31.35,31.75
1473916,31.35,31.75
1474329,31.39,31.75
1474871,31.35,31.75
1475327,31.39,31.75
1475824,31.35,31.75
1476359,31.39,31.75
1476903,31.39,31.79
1477331,31.41,31.75
1477845,31.39,31.73
1478409,31.33,31.73
1478828,31.41,31.75
1479369,31.33,31.79
1479912,31.35,31.73
1480374,31.33,31.73
1480891,31.41,31.79
1481443,31.43,31.73
1481884,31.35,31.73
1482421,31.35,31.75
1482823,31.35,31.73
1483360,31.33,31.71
1483921,31.33,31.73
1484328,31.39,31.75
1484834,31.33,31.73
1485402,31.35,31.79
1485831,31.39,31.75
1486345,31.33,31.73
1486896,31.39,31.79
1487358,31.33,31.75
1487858,31.39,31.75
1488404,31.29,31.73
1488847,31.35,31.79
1489363,31.33,31.73
1489912,31.39,31.79
1490431,31.33,31.75
1490897,31.41,31.73
1491415,31.33,31.73
1491823,31.35,31.75
1492358,31.39,31.71
1492824,31.35,31.75
1493335,31.35,31.79
1493864,31.35,31.75
1494324,31.35,31.75
1494834,31.33,31.75
1495345,31.29,31.75
1495906,31.33,31.73
1496324,31.35,31.75
1496866,31.25,31.73
1497389,31.27,31.75
1497853,31.39,31.79
1498367,31.29,31.73
1498912,31.33,31.73
1499358,31.39,31.79
1499903,31.27,31.73
1500425,31.27,31.73
1500842,31.35,31.73
1501374,31.39,31.75
1501827,31.35,31.73
1502327,31.33,31.73
1502860,31.39,31.75
1503402,31.29,31.81
1503823,31.29,31.75
1504346,31.39,31.73
1504895,31.29,31.73
1505330,31.29,31.75
1505864,31.29,31.73
1506385,31.39,31.73
1506827,31.33,31.73
1507376,31.29,31.73
1507918,31.33,31.75
1508337,31.29,31.73
1508895,31.35,31.73
1509323,31.39,31.73
1509827,31.35,31.75
1510380,31.35,31.75
1510838,31.33,31.75
1511338,31.39,31.73
1511870,31.27,31.73
1512324,31.33,31.73
1512824,31.33,31.73
1513374,31.33,31.73
1513827,31.33,31.73
1514336,31.39,31.75
1514865,31.35,31.81
1515342,31.29,31.75
1515857,31.41,31.81
1516395,31.39,31.73
1516911,31.29,31.73
1517389,31.29,31.71
1517903,31.29,31.73
1518327,31.35,31.73
1518851,31.29,31.73
1519324,31.35,31.73
1519823,31.35,31.75
1520343,31.33,31.75
1520880,31.43,31.75
1521323,31.39,31.75
1521828,31.33,31.73
1522375,31.29,31.73
1522831,31.29,31.71
1523328,31.29,31.73
1523858,31.39,31.75
1524327,31.39,31.73
1524843,31.33,31.71
1525388,31.33,31.75
1525906,31.29,31.73
1526348,31.35,31.75
1526896,31.33,31.75
1527434,31.35,31.79
1527848,31.35,31.73
1528395,31.29,31.75
1528827,31.35,31.79
1529324,31.33,31.71
1529885,31.35,31.73
1530324,31.33,31.73
1530824,31.39,31.75
1531367,31.33,31.73
1531824,31.35,31.73
1532323,31.33,31.73
1532862,31.39,31.79
1533399,31.35,31.75
1533834,31.35,31.75
1534351,31.29,31.75
1534898,31.35,31.73
1535338,31.33,31.69
1535879,31.39,31.75
1536395,31.33,31.71
1536939,31.33,31.75
1537391,31.29,31.73
1537923,31.41,31.73
1538328,31.35,31.71
1538887,31.33,31.75
1539324,31.35,31.75
1539827,31.33,31.73
1540355,31.39,31.71
1540827,31.33,31.73
1541324,31.33,31.71
1541857,31.33,31.69
1542405,31.33,31.75
1542830,31.33,31.71
1543361,31.35,31.71
1543823,31.35,31.75
1544344,31.33,31.79
1544886,31.35,31.71
1545336,31.33,31.75
1545857,31.33,31.71
1546400,31.35,31.71
1546941,31.33,31.75
1547392,31.35,31.73
1547912,31.39,31.75
1548331,31.33,31.73
1548850,31.29,31.73
1549324,31.33,31.73
1549838,31.35,31.73
1550353,31.33,31.75
1550890,31.39,31.75
1551323,31.29,31.73
1551829,31.33,31.69
1552397,31.33,31.75
1552827,31.39,31.71
1553359,31.39,31.73
1553883,31.39,31.71
1554346,31.33,31.73
1554866,31.35,31.73
1555410,31.35,31.69
1555935,31.33,31.75
1556399,31.35,31.75
1556929,31.39,31.73
1557330,31.35,31.75
1557872,31.35,31.73
1558327,31.35,31.71
1558823,31.39,31.75
1559358,31.39,31.75
1559903,31.41,31.73
1560327,31.35,31.73
1560849,31.35,31.75
1561331,31.35,31.73
1561842,31.41,31.79
1562393,31.39,31.73
1562910,31.33,31.69
1563358,31.33,31.71
1563902,31.35,31.73
1564446,31.33,31.79
1564850,31.35,31.73
1565491,31.33,31.73
1565823,31.35,31.73
1566335,31.33,31.71
1566890,31.33,31.73
1567324,31.39,31.75
1567830,31.41,31.71
1568369,31.33,31.71
1568835,31.35,31.73
1569342,31.33,31.75
1569886,31.35,31.71
1570339,31.35,31.71
1570885,31.33,31.71
1571409,31.39,31.75
1571841,31.39,31.73
1572376,31.35,31.73
1572831,31.41,31.75
1573332,31.35,31.73
1573916,31.33,31.73
1574324,31.41,31.75
1574860,31.43,31.75
1575398,31.39,31.71
1575845,31.39,31.75
1576363,31.35,31.75
1576911,31.33,31.71
1577358,31.43,31.79
1577875,31.33,31.71
1578427,31.35,31.71
1578855,31.41,31.75
1579428,31.35,31.73
1579831,31.33,31.73
1580360,31.35,31.71
1580900,31.35,31.73
1581334,31.35,31.73
1581855,31.39,31.73
1582323,31.33,31.73
1582823,31.33,31.73
1583348,31.33,31.73
1583881,31.33,31.73
1584344,31.43,31.71
1584864,31.35,31.73
1585415,31.35,31.73
1585857,31.35,31.71
1586398,31.43,31.71
1586918,31.35,31.71
1587342,31.39,31.73
1587995,31.35,31.73
1588324,31.39,31.75
1588837,31.33,31.73
1589399,31.41,31.79
1589824,31.35,31.69
1590343,31.43,31.73
1590886,31.33,31.75
1591334,31.35,31.73
1591837,31.39,31.71
1592393,31.41,31.69
1592832,31.39,31.75
1593354,31.35,31.71
1593896,31.35,31.73
1594346,31.39,31.71
1594889,31.41,31.73
1595423,31.47,31.75
1595848,31.35,31.73
1596490,31.35,31.71
1596834,31.33,31.73
1597349,31.39,31.71
1597823,31.43,31.71
1598334,31.33,31.73
1598862,31.35,31.73
1599398,31.35,31.71
1599848,31.35,31.73
1600379,31.35,31.71
1600927,31.35,31.73
1601381,31.39,31.73
1601931,31.39,31.75
1602338,31.41,31.73
1602893,31.39,31.75
1603328,31.35,31.71
1603834,31.33,31.73
1604375,31.39,31.71
1604824,31.41,31.71
1605324,31.43,31.71
1605892,31.35,31.73
1606331,31.35,31.69
1606857,31.35,31.73
1607396,31.33,31.75
1607939,31.33,31.71
1608389,31.39,31.73
1608905,31.35,31.71
1609323,31.29,31.73
1609856,31.35,31.71
1610327,31.39,31.71
1610830,31.35,31.71
1611355,31.35,31.73
1611906,31.33,31.71
1612326,31.33,31.73
1612846,31.43,31.71
1613331,31.39,31.71
1613841,31.43,31.79
1614381,31.35,31.71
1614900,31.33,31.71
1615341,31.33,31.73
1615891,31.35,31.73
1616324,31.33,31.73
1616827,31.39,31.73
1617376,31.33,31.71
1617824,31.35,31.71
1618324,31.33,31.71
1618857,31.33,31.71
1619327,31.33,31.71
1619835,31.35,31.69
1620371,31.33,31.71
1620827,31.35,31.71
1621354,31.33,31.71
1621874,31.33,31.71
1622420,31.29,31.69
1622873,31.39,31.71
1623397,31.39,31.71
1623823,31.35,31.69
1624344,31.35,31.73
1624922,31.35,31.71
1625328,31.35,31.69
1625836,31.33,31.73
1626378,31.35,31.71
1626835,31.33,31.71
1627336,31.39,31.69
1627896,31.39,31.71
1628328,31.33,31.71
1628868,31.35,31.73
1629404,31.29,31.71
1629873,31.35,31.69
1630392,31.39,31.71
1630827,31.35,31.73
1631466,31.33,31.71
1631924,31.39,31.73
1632331,31.35,31.71
1632885,31.39,31.71
1633327,31.39,31.69
1633835,31.39,31.69
1634366,31.33,31.69
1634831,31.29,31.69
1635323,31.33,31.71
1635875,31.43,31.73
1636331,31.39,31.73
1636837,31.39,31.73
1637384,31.41,31.69
1637831,31.39,31.71
1638380,31.33,31.73
1638904,31.35,31.69
1639328,31.43,31.71
1639997,31.33,31.71
1640324,31.39,31.71
1640831,31.39,31.71
1641370,31.35,31.71
1641827,31.39,31.73
1642331,31.35,31.71
1642855,31.39,31.71
1643334,31.29,31.69
1643826,31.43,31.71
1644377,31.35,31.71
1644903,31.43,31.69
1645366,31.33,31.69
1645886,31.43,31.69
1646323,31.35,31.71
1646873,31.35,31.69
1647412,31.43,31.71
1647835,31.33,31.73
1648378,31.39,31.71
1648830,31.39,31.73
1649327,31.35,31.69
1649861,31.39,31.71
1650327,31.35,31.71
1650824,31.43,31.71
1651362,31.39,31.71
1651899,31.43,31.71
1652328,31.39,31.73
1652876,31.43,31.75
1653418,31.35,31.71
1653863,31.35,31.71
1654384,31.39,31.73
1654823,31.39,31.71
1655325,31.39,31.71
1655991,31.43,31.73
1656338,31.47,31.71
1656853,31.33,31.69
1657399,31.39,31.69
1657830,31.47,31.69
1658348,31.39,31.71
1658902,31.43,31.69
1659345,31.35,31.73
1659892,31.41,31.75
1660412,31.39,31.71
1660881,31.35,31.71
1661404,31.35,31.69
1661829,31.47,31.71
1662472,31.39,31.71
1662827,31.43,31.75
1663330,31.35,31.69
1663884,31.43,31.71
1664323,31.43,31.71
1664830,31.43,31.75
1665368,31.35,31.73
1665824,31.39,31.71
1666325,31.39,31.71
1666864,31.43,31.71
1667398,31.47,31.71
1667831,31.33,31.69
1668385,31.39,31.73
1668934,31.33,31.69
1669382,31.29,31.71
1669905,31.39,31.71
1670334,31.35,31.71
1670864,31.35,31.73
1671323,31.29,31.71
1671824,31.33,31.69
1672350,31.33,31.71
1672896,31.39,31.69
1673323,31.35,31.69
1673850,31.35,31.69
1674331,31.41,31.69
1674853,31.41,31.71
1675398,31.39,31.73
1675918,31.33,31.69
1676382,31.33,31.71
1676902,31.35,31.71
1677323,31.33,31.71
1677841,31.33,31.71
1678344,31.29,31.71
1678838,31.43,31.71
1679382,31.29,31.67
1679824,31.39,31.71
1680334,31.33,31.71
1680860,31.35,31.71
1681329,31.35,31.69
1681845,31.35,31.73
1682384,31.33,31.67
1682911,31.33,31.71
1683352,31.35,31.73
1683894,31.39,31.69
1684441,31.39,31.71
1684896,31.33,31.67
1685440,31.39,31.71
1685831,31.33,31.71
1686397,31.33,31.69
1686824,31.39,31.71
1687330,31.41,31.71
1687883,31.33,31.69
1688324,31.33,31.67
1688836,31.35,31.69
1689367,31.35,31.71
1689824,31.33,31.69
1690343,31.39,31.73
1690887,31.39,31.71
1691411,31.39,31.69
1691876,31.35,31.71
1692394,31.33,31.71
1692824,31.35,31.71
1693460,31.39,31.71
1693823,31.35,31.69
1694323,31.33,31.69
1694859,31.43,31.73
1695406,31.27,31.67
1695823,31.39,31.69
1696345,31.35,31.71
1696838,31.33,31.69
1697331,31.41,31.73
1697883,31.41,31.71
1698335,31.35,31.69
1698876,31.29,31.71
1699405,31.41,31.75
1699941,31.33,31.75
1700408,31.41,31.73
1700823,31.43,31.71
1701339,31.35,31.71
1701880,31.39,31.73
1702330,31.39,31.71
1702825,31.35,31.71
1703380,31.43,31.73
1703823,31.39,31.69
1704324,31.43,31.73
1704860,31.35,31.71
1705338,31.41,31.69
1705836,31.39,31.73
1706386,31.39,31.73
1706829,31.33,31.69
1707369,31.39,31.69
1707893,31.39,31.67
1708323,31.47,31.69
1708957,31.39,31.73
1709422,31.43,31.69
1709827,31.39,31.71
1710365,31.47,31.73
1710898,31.43,31.73
1711324,31.39,31.71
1711855,31.39,31.73
1712324,31.39,31.69
1712831,31.43,31.71
1713363,31.39,31.67
1713892,31.43,31.71
1714332,31.35,31.71
1714890,31.35,31.71
1715432,31.39,31.71
1715956,31.43,31.75
1716401,31.43,31.69
1716827,31.39,31.69
1717346,31.39,31.71
1717827,31.41,31.73
1718331,31.43,31.75
1718858,31.47,31.71
1719395,31.49,31.67
1719828,31.43,31.73
1720347,31.39,31.71
1720831,31.43,31.73
1721337,31.43,31.69
1721881,31.41,31.69
1722401,31.43,31.71
1722868,31.41,31.69
1723391,31.47,31.73
1723824,31.41,31.69
1724456,31.33,31.73
1724920,31.43,31.75
1725323,31.39,31.71
1725870,31.41,31.73
1726327,31.47,31.69
1726824,31.43,31.71
1727352,31.35,31.69
1727824,31.35,31.71
1728338,31.43,31.73
1728870,31.39,31.73
1729327,31.39,31.73
1729847,31.41,31.75
1730387,31.43,31.73
1730949,31.35,31.73
1731394,31.35,31.69
1731935,31.43,31.71
1732329,31.39,31.69
1732883,31.43,31.71
1733331,31.43,31.71
1733830,31.43,31.71
1734390,31.47,31.71
1734824,31.47,31.69
1735334,31.43,31.73
1735871,31.39,31.69
1736324,31.39,31.71
1736837,31.47,31.71
1737386,31.39,31.69
1737830,31.35,31.71
1738368,31.43,31.73
1738890,31.49,31.73
1739324,31.43,31.73
1739891,31.43,31.69
1740323,31.33,31.73
1740823,31.39,31.71
1741370,31.35,31.73
1741824,31.35,31.71
1742348,31.35,31.73
1742870,31.43,31.71
1743331,31.35,31.71
1743848,31.35,31.71
1744406,31.35,31.67
1744852,31.29,31.71
1745395,31.35,31.69
1745915,31.35,31.71
1746324,31.39,31.71
1746865,31.39,31.71
1747425,31.35,31.69
1747824,31.35,31.69
1748345,31.43,31.73
1748913,31.35,31.73
1749324,31.39,31.71
1749872,31.35,31.71
1750335,31.35,31.71
1750856,31.39,31.73
1751383,31.35,31.69
1751935,31.33,31.69
1752383,31.43,31.75
1752931,31.43,31.73
1753325,31.35,31.71
1754003,31.41,31.71
1754324,31.47,31.69
1754838,31.41,31.73
1755380,31.43,31.73
1755834,31.35,31.67
1756329,31.39,31.71
1756880,31.41,31.73
1757323,31.41,31.73
1757841,31.43,31.71
1758369,31.39,31.71
1758840,31.47,31.71
1759359,31.43,31.71
1759899,31.47,31.75
1760419,31.47,31.73
1760876,31.39,31.73
1761424,31.47,31.71
1761827,31.47,31.71
1762374,31.43,31.69
1762824,31.43,31.71
1763334,31.47,31.73
1763855,31.41,31.69
1764334,31.53,31.79
1764824,31.39,31.73
1765359,31.43,31.71
1765899,31.39,31.71
1766352,31.39,31.73
1766877,31.43,31.71
1767426,31.41,31.71
1767867,31.47,31.71
1768407,31.43,31.71
1768824,31.41,31.75
1769362,31.39,31.71
1769897,31.39,31.71
1770324,31.49,31.71
1770831,31.39,31.71
1771405,31.33,31.69
1771824,31.47,31.71
1772348,31.43,31.73
1772905,31.47,31.73
1773352,31.43,31.73
1773894,31.43,31.73
1774438,31.47,31.73
1774885,31.43,31.73
1775404,31.39,31.73
1775823,31.39,31.75
1776367,31.43,31.73
1776831,31.47,31.75
1777335,31.43,31.73
1777875,31.47,31.75
1778324,31.41,31.73
1778826,31.43,31.73
1779364,31.43,31.73
1779823,31.47,31.73
1780329,31.43,31.71
1780874,31.43,31.75
1781408,31.47,31.73
1781885,31.47,31.75
1782405,31.35,31.73
1782831,31.41,31.71
1783364,31.43,31.73
1783827,31.41,31.75
1784323,31.47,31.71
1784855,31.43,31.73
1785404,31.47,31.73
1785823,31.39,31.71
1786343,31.41,31.73
1786910,31.41,31.73
1787331,31.43,31.73
1787874,31.47,31.71
1788399,31.43,31.73
1788852,31.39,31.73
1789394,31.39,31.71
1789938,31.39,31.73
1790354,31.39,31.73
1790906,31.43,31.73
1791324,31.47,31.73
1791835,31.35,31.73
1792323,31.35,31.73
1792827,31.43,31.73
1793345,31.33,31.71
1793899,31.39,31.73
1794331,31.43,31.73
1794847,31.43,31.75
1795393,31.33,31.73
1795835,31.43,31.73
1796384,31.47,31.75
1796905,31.35,31.71
1797341,31.49,31.79
1797893,31.43,31.73
1798324,31.43,31.75
1798835,31.33,31.71
1799386,31.47,31.69
1799831,31.39,31.71
1800342,31.35,31.73
1800886,31.39,31.71
1801324,31.41,31.75
1801837,31.47,31.71
1802404,31.33,31.73
1802832,31.47,31.71
1803395,31.39,31.73
1803914,31.33,31.69
1804386,31.43,31.75
1804904,31.41,31.71
1805448,31.43,31.73
1805972,31.39,31.73
1806416,31.41,31.75
1806831,31.39,31.73
1807366,31.39,31.73
1807824,31.33,31.69
1808330,31.33,31.71
1808874,31.35,31.71
1809323,31.33,31.73
1809846,31.39,31.73
1810363,31.43,31.73
1810831,31.39,31.73
1811365,31.39,31.73
1811907,31.39,31.71
1812432,31.43,31.71
1812982,31.39,31.73
1813430,31.39,31.71
1813834,31.43,31.71
1814371,31.39,31.69
1814824,31.35,31.73
1815334,31.39,31.73
1815881,31.39,31.71
1816327,31.43,31.71
1816844,31.35,31.73
1817365,31.41,31.75
1817850,31.43,31.71
1818369,31.39,31.73
1818911,31.39,31.71
1819325,31.43,31.71
1819880,31.41,31.75
1820422,31.35,31.71
1820824,31.39,31.73
1821378,31.47,31.71
1821831,31.39,31.71
1822334,31.39,31.71
1822868,31.39,31.71
1823327,31.43,31.75
1823833,31.43,31.71
1824379,31.39,31.75
1824824,31.43,31.73
1825361,31.43,31.73
1825888,31.47,31.73
1826331,31.47,31.69
1826853,31.39,31.71
1827324,31.41,31.73
1827835,31.39,31.71
1828362,31.49,31.71
1828823,31.39,31.73
1829323,31.47,31.69
1829855,31.39,31.71
1830323,31.41,31.73
1830831,31.39,31.71
1831372,31.43,31.73
1831903,31.39,31.71
1832335,31.47,31.71
1832883,31.47,31.73
1833428,31.35,31.71
1833873,31.35,31.69
1834406,31.39,31.73
1834830,31.39,31.71
1835358,31.39,31.71
1835835,31.43,31.73
1836323,31.43,31.73
1836861,31.49,31.71
1837323,31.43,31.71
1837831,31.43,31.71
1838379,31.35,31.73
1838828,31.43,31.73
1839348,31.43,31.79
1839902,31.39,31.73
1840361,31.43,31.73
1840902,31.47,31.73
1841428,31.39,31.73
1841859,31.43,31.73
1842419,31.35,31.73
1842823,31.39,31.73
1843341,31.43,31.71
1843824,31.39,31.71
1844323,31.35,31.73
1844845,31.39,31.71
1845397,31.43,31.75
1845832,31.53,31.73
1846354,31.49,31.71
1846917,31.35,31.71
1847362,31.43,31.69
1847907,31.39,31.73
1848438,31.35,31.73
1848911,31.43,31.69
1849324,31.49,31.79
1849835,31.49,31.79
1850376,31.47,31.73
1850824,31.47,31.73
1851323,31.39,31.71
1851857,31.35,31.73
1852328,31.39,31.71
1852834,31.43,31.75
1853374,31.43,31.75
1853824,31.39,31.71
1854358,31.39,31.73
1854876,31.47,31.71
1855424,31.43,31.71
1855878,31.47,31.73
1856417,31.43,31.69
1856830,31.43,31.73
1857369,31.43,31.71
1857823,31.43,31.73
1858327,31.39,31.73
1858850,31.39,31.73
1859331,31.47,31.73
1859831,31.47,31.75
1860381,31.49,31.75
1860824,31.39,31.73
1861370,31.43,31.73
1861888,31.39,31.71
1862435,31.35,31.73
1862877,31.43,31.73
1863400,31.39,31.73
1863834,31.49,31.75
1864351,31.47,31.73
1864827,31.47,31.75
1865323,31.43,31.79
1865857,31.47,31.75
1866395,31.39,31.73
1866823,31.43,31.73
1867340,31.43,31.71
1867905,31.35,31.73
1868335,31.47,31.73
1868881,31.47,31.73
1869399,31.47,31.71
1869875,31.39,31.71
1870395,31.47,31.75
1870824,31.47,31.73
1871336,31.47,31.71
1872003,31.47,31.73
1872324,31.39,31.73
1872848,31.47,31.75
1873397,31.43,31.71
1873823,31.43,31.73
1874335,31.47,31.75
1874890,31.39,31.73
1875330,31.43,31.79
1875865,31.43,31.73
1876387,31.43,31.75
1876859,31.47,31.71
1877376,31.39,31.71
1877934,31.35,31.73
1878345,31.49,31.73
1878936,31.39,31.73
1879331,31.43,31.79
1879853,31.43,31.73
1880324,31.43,31.73
1880830,31.43,31.79
1881369,31.39,31.71
1881830,31.41,31.71
1882337,31.43,31.79
1882856,31.47,31.73
1883338,31.39,31.73
1883858,31.43,31.71
1884394,31.39,31.73
1884919,31.35,31.69
1885392,31.39,31.71
1885912,31.39,31.69
1886324,31.39,31.73
1886851,31.41,31.75
1887334,31.41,31.73
1887823,31.35,31.73
1888350,31.39,31.71
1888902,31.43,31.73
1889335,31.43,31.75
1889863,31.53,31.75
1890411,31.39,31.73
1890855,31.47,31.75
1891374,31.39,31.73
1891917,31.41,31.73
1892472,31.47,31.75
1892916,31.43,31.73
1893324,31.41,31.75
1893866,31.43,31.73
1894413,31.47,31.73
1894830,31.43,31.69
1895355,31.43,31.73
1895824,31.43,31.73
1896328,31.43,31.73
1896866,31.43,31.75
1897323,31.39,31.73
1897863,31.35,31.71
1898379,31.39,31.71
1898928,31.47,31.75
1899367,31.47,31.71
1899908,31.39,31.71
1900330,31.39,31.73
1900870,31.39,31.73
1901431,31.47,31.73
1901824,31.47,31.79
1902350,31.43,31.71
1902823,31.41,31.73
1903328,31.43,31.73
1903860,31.49,31.75
1904399,31.43,31.75
1904830,31.39,31.73
1905351,31.43,31.73
1905907,31.43,31.73
1906349,31.43,31.73
1906873,31.39,31.71
1907422,31.39,31.73
1907839,31.39,31.73
1908410,31.43,31.75
1908824,31.49,31.71
1909339,31.41,31.75
1909884,31.41,31.73
1910327,31.49,31.75
1910827,31.43,31.73
1911398,31.39,31.73
1911824,31.47,31.71
1912342,31.39,31.71
1912901,31.35,31.71
1913337,31.47,31.73
1913856,31.43,31.69
1914409,31.39,31.73
1914861,31.47,31.75
1915406,31.41,31.75
1915927,31.39,31.71
1916475,31.43,31.71
1916920,31.39,31.69
1917323,31.43,31.75
1917850,31.47,31.73
1918324,31.43,31.75
1918834,31.41,31.73
1919360,31.49,31.75
1919909,31.43,31.73
1920351,31.43,31.73
1920873,31.39,31.73
1921340,31.39,31.73
1921873,31.47,31.75
1922417,31.53,31.81
1922835,31.43,31.71
1923382,31.43,31.75
1923924,31.49,31.75
1924324,31.53,31.79
1924876,31.35,31.73
1925324,31.43,31.79
1925824,31.39,31.73
1926363,31.43,31.69
1926841,31.35,31.69
1927328,31.47,31.71
1927881,31.47,31.69
1928324,31.41,31.69
1928849,31.49,31.71
1929368,31.47,31.73
1929915,31.35,31.71
1930367,31.39,31.73
1930916,31.47,31.73
1931324,31.41,31.71
1931978,31.47,31.71
1932429,31.53,31.75
1932832,31.47,31.71
1933374,31.49,31.73
1933827,31.49,31.73
1934324,31.47,31.71
1934867,31.41,31.73
1935324,31.43,31.73
1935832,31.43,31.73
1936357,31.47,31.73
1936824,31.43,31.73
1937342,31.39,31.71
1937890,31.49,31.71
1938418,31.47,31.73
1938859,31.49,31.75
1939405,31.41,31.79
1939934,31.43,31.71
1940489,31.47,31.73
1940835,31.47,31.73
1941330,31.47,31.71
1941869,31.43,31.73
1942327,31.43,31.73
1942834,31.47,31.71
1943372,31.49,31.71
1943834,31.43,31.73
1944363,31.39,31.75
1944882,31.39,31.73
1945442,31.39,31.71
1945887,31.43,31.73
1946331,31.43,31.69
1946841,31.43,31.75
1947402,31.47,31.73
1947823,31.43,31.75
1948333,31.47,31.71
1948884,31.47,31.73
1949335,31.47,31.75
1949840,31.47,31.75
1950395,31.43,31.73
1950834,31.43,31.73
1951355,31.39,31.73
1951907,31.39,31.71
1952424,31.43,31.73
1952898,31.49,31.75
1953417,31.43,31.71
1953830,31.39,31.69
1954375,31.47,31.73
1954824,31.47,31.71
1955324,31.47,31.71
1955874,31.49,31.73
1956327,31.47,31.73
1956833,31.47,31.73
1957361,31.43,31.73
1957823,31.39,31.73
1958335,31.47,31.73
1958884,31.55,31.73
1959403,31.43,31.73
1959869,31.53,31.75
1960389,31.43,31.73
1960824,31.43,31.73
1961456,31.39,31.73
1961923,31.49,31.73
1962323,31.47,31.75
1962863,31.43,31.81
1963324,31.43,31.73
1963823,31.47,31.73
1964341,31.43,31.73
1964907,31.43,31.75
1965324,31.47,31.73
1965864,31.49,31.73
1966403,31.49,31.73
1966824,31.47,31.73
1967367,31.35,31.73
1967916,31.47,31.75
1968367,31.43,31.71
1968883,31.47,31.73
1969323,31.43,31.71
1969851,31.47,31.75
1970428,31.43,31.73
1970823,31.53,31.73
1971359,31.53,31.71
1971899,31.43,31.73
1972324,31.47,31.75
1972852,31.49,31.75
1973403,31.43,31.73
1973823,31.47,31.71
1974361,31.47,31.71
1974899,31.43,31.79
1975357,31.47,31.71
1975873,31.47,31.73
1976420,31.43,31.79
1976873,31.49,31.75
1977422,31.43,31.73
1977828,31.43,31.79
1978396,31.47,31.73
1978824,31.47,31.73
1979339,31.43,31.71
1979888,31.43,31.75
1980331,31.53,31.71
1980832,31.43,31.75
1981389,31.47,31.71
1981824,31.43,31.71
1982368,31.43,31.71
1982886,31.39,31.71
1983339,31.43,31.79
1983885,31.39,31.73
1984432,31.49,31.73
1984841,31.39,31.75
1985383,31.43,31.75
1985824,31.47,31.71
1986323,31.39,31.75
1986879,31.39,31.73
1987334,31.47,31.75
1987839,31.43,31.73
1988393,31.47,31.75
1988844,31.35,31.73
1989362,31.43,31.73
1989915,31.39,31.73
1990359,31.49,31.73
1990898,31.47,31.75
1991417,31.47,31.73
1991854,31.39,31.73
1992408,31.43,31.71
1992827,31.47,31.75
1993325,31.47,31.73
1993890,31.43,31.75
1994331,31.35,31.73
1994832,31.49,31.75
1995371,31.43,31.71
1995834,31.49,31.73
1996342,31.43,31.69
1996888,31.43,31.73
1997333,31.49,31.79
1997857,31.41,31.69
1998397,31.43,31.71
1998939,31.49,31.71
1999383,31.47,31.73
1999908,31.39,31.71
2000324,31.39,31.73
2000868,31.47,31.75
2001327,31.47,31.71
2001842,31.47,31.75
2002388,31.47,31.73
2002834,31.41,31.73
2003353,31.39,31.73
2003888,31.43,31.75
2004362,31.47,31.73
2004890,31.47,31.73
2005327,31.43,31.71
2005845,31.49,31.75
2006431,31.39,31.73
2006824,31.43,31.73
2007351,31.47,31.71
2007899,31.43,31.75
2008324,31.43,31.73
2008843,31.43,31.73
2009394,31.35,31.73
2009828,31.47,31.73
2010354,31.47,31.73
2010883,31.47,31.73
2011324,31.47,31.69
2011865,31.35,31.71
2012420,31.39,31.73
2012826,31.43,31.69
2013382,31.49,31.75
2013924,31.39,31.73
2014330,31.47,31.73
2014879,31.43,31.71
2015323,31.47,31.73
2015823,31.47,31.71
2016368,31.43,31.75
2016823,31.43,31.73
2017323,31.47,31.71
2017856,31.43,31.73
2018403,31.49,31.71
2018848,31.43,31.71
2019370,31.39,31.71
2019912,31.53,31.71
2020376,31.39,31.73
2020918,31.39,31.71
2021324,31.43,31.75
2021866,31.47,31.73
2022441,31.49,31.73
2022824,31.47,31.73
2023360,31.47,31.71
2023823,31.47,31.71
2024335,31.43,31.75
2024877,31.47,31.69
2025323,31.43,31.71
2025837,31.43,31.75
2026385,31.49,31.71
2026908,31.47,31.71
2027380,31.53,31.71
2027897,31.47,31.73
2028331,31.47,31.75
2028964,31.47,31.71
2029335,31.49,31.71
2029827,31.47,31.73
2030394,31.49,31.73
2030824,31.53,31.73
2031338,31.49,31.75
2031880,31.47,31.71
2032327,31.43,31.73
2032824,31.41,31.73
2033372,31.47,31.71
2033824,31.47,31.73
2034350,31.47,31.73
2034876,31.53,31.75
2035426,31.53,31.75
2035887,31.55,31.79
2036323,31.53,31.69
2036824,31.47,31.73
2037391,31.47,31.75
2037823,31.49,31.73
2038325,31.53,31.73
2038876,31.47,31.75
2039324,31.49,31.73
2039823,31.47,31.73
2040374,31.43,31.73
2040824,31.53,31.73
2041333,31.49,31.75
2041873,31.43,31.73
2042423,31.47,31.73
2042870,31.47,31.73
2043391,31.43,31.73
2043841,31.43,31.73
2044476,31.41,31.69
2044823,31.39,31.75
2045327,31.47,31.73
2045872,31.39,31.73
2046331,31.39,31.73
2046834,31.39,31.73
2047378,31.39,31.71
2047830,31.49,31.71
2048352,31.47,31.71
2048894,31.47,31.71
2049340,31.47,31.73
2049888,31.41,31.71
2050418,31.49,31.71
2050856,31.47,31.73
2051411,31.47,31.71
2051831,31.47,31.71
2052349,31.47,31.71
2052824,31.47,31.73
2053327,31.39,31.73
2053845,31.39,31.75
2054391,31.47,31.73
2054844,31.41,31.71
2055353,31.43,31.73
2055903,31.49,31.73
2056340,31.49,31.75
2056859,31.43,31.73
2057401,31.43,31.75
2057945,31.43,31.73
2058400,31.41,31.75
2058918,31.39,31.73
2059332,31.39,31.71
2059876,31.47,31.73
2060331,31.49,31.79
2060828,31.39,31.73
2061386,31.47,31.69
2061844,31.43,31.69
2062372,31.47,31.71
2062901,31.43,31.69
2063363,31.39,31.73
2063893,31.47,31.71
2064323,31.35,31.73
2064961,31.49,31.73
2065439,31.39,31.73
2065823,31.43,31.73
2066371,31.49,31.73
2066823,31.39,31.73
2067324,31.53,31.73
2067862,31.49,31.73
2068335,31.47,31.73
2068832,31.43,31.75
2069378,31.53,31.75
2069824,31.47,31.73
2070356,31.43,31.71
2070901,31.49,31.73
2071443,31.49,31.73
2071971,31.47,31.71
2072413,31.47,31.71
2072827,31.47,31.73
2073350,31.47,31.75
2073824,31.49,31.73
2074331,31.47,31.73
2074861,31.49,31.73
2075331,31.49,31.71
2075835,31.47,31.73
2076355,31.49,31.73
2076913,31.47,31.73
2077351,31.49,31.75
2077894,31.47,31.69
2078414,31.55,31.73
2078959,31.47,31.71
2079404,31.49,31.73
2079837,31.47,31.71
2080341,31.53,31.73
2080827,31.47,31.71
2081323,31.47,31.71
2081853,31.47,31.69
2082394,31.49,31.73
2082826,31.43,31.71
2083348,31.53,31.73
2083904,31.43,31.71
2084342,31.39,31.71
2084882,31.39,31.75
2085435,31.49,31.73
2085988,31.47,31.73
2086324,31.49,31.71
2086830,31.47,31.73
2087370,31.49,31.73
2087831,31.53,31.73
2088323,31.47,31.73
2088864,31.47,31.73
2089323,31.47,31.75
2089823,31.49,31.73
2090376,31.39,31.73
2090900,31.49,31.71
2091367,31.41,31.73
2091884,31.47,31.71
2092324,31.41,31.73
2092872,31.43,31.75
2093412,31.43,31.79
2093838,31.41,31.73
2094376,31.47,31.71
2094828,31.47,31.73
2095327,31.47,31.75
2095851,31.35,31.75
2096327,31.49,31.73
2096823,31.49,31.73
2097363,31.47,31.73
2097827,31.47,31.71
2098337,31.47,31.73
2098879,31.49,31.71
2099431,31.43,31.73
2099873,31.49,31.73
2100396,31.49,31.75
2100827,31.49,31.73
2101473,31.49,31.71
2101824,31.43,31.71
2102324,31.47,31.73
2102869,31.49,31.73
2103331,31.47,31.75
2103823,31.43,31.71
2104350,31.43,31.73
2104827,31.47,31.73
2105335,31.49,31.71
2105872,31.43,31.75
2106395,31.47,31.73
2106878,31.47,31.73
2107399,31.41,31.73
2107824,31.49,31.75
2108358,31.43,31.73
2108831,31.47,31.71
2109327,31.47,31.71
2109846,31.47,31.73
2110393,31.47,31.69
2110823,31.41,31.73
2111347,31.47,31.71
2111827,31.43,31.73
2112337,31.49,31.73
2112882,31.49,31.71
2113407,31.49,31.69
2113848,31.47,31.73
2114392,31.43,31.73
2114938,31.49,31.75
2115381,31.49,31.73
2115914,31.49,31.73
2116324,31.49,31.73
2116866,31.53,31.73
2117334,31.49,31.73
2117823,31.49,31.73
2118372,31.49,31.75
2118824,31.49,31.73
2119323,31.47,31.75
2119849,31.49,31.75
2120324,31.47,31.71
2120842,31.53,31.75
2121399,31.49,31.73
2121920,31.49,31.73
2122407,31.49,31.73
2122830,31.47,31.73
2123341,31.43,31.73
2123881,31.49,31.73
2124331,31.43,31.73
2124831,31.47,31.73
2125376,31.39,31.73
2125824,31.47,31.73
2126344,31.47,31.75
2126902,31.47,31.73
2127379,31.43,31.71
2127896,31.47,31.73
2128440,31.47,31.75
2128849,31.49,31.73
2129408,31.39,31.73
2129827,31.43,31.75
2130337,31.47,31.73
2130899,31.43,31.73
2131323,31.39,31.71
2131852,31.49,31.75
2132402,31.39,31.75
2132843,31.39,31.73
2133361,31.49,31.73
2133832,31.47,31.73
2134351,31.43,31.73
2134907,31.47,31.73
2135428,31.47,31.71
2135977,31.47,31.73
2136418,31.47,31.71
2136827,31.39,31.73
2137366,31.39,31.71
2137831,31.39,31.75
2138324,31.49,31.73
2138860,31.47,31.71
2139413,31.39,31.73
2139849,31.53,31.75
2140370,31.47,31.71
2140847,31.47,31.75
2141360,31.43,31.73
2141904,31.43,31.75
2142424,31.47,31.73
2142868,31.49,31.75
2143418,31.43,31.71
2143828,31.47,31.73
2144377,31.43,31.73
2144823,31.47,31.71
2145323,31.55,31.75
2145857,31.47,31.75
2146323,31.49,31.71
2146831,31.49,31.73
2147360,31.47,31.71
2147831,31.55,31.75
2148355,31.47,31.73
2148876,31.55,31.71
2149428,31.47,31.71
2149876,31.43,31.73
2150420,31.47,31.73
2150824,31.49,31.73
2151369,31.43,31.73
2151824,31.47,31.73
2152334,31.39,31.73
2152850,31.43,31.69
2153323,31.47,31.71
2153824,31.49,31.71
2154349,31.49,31.71
2154889,31.47,31.73
2155324,31.47,31.73
2155860,31.43,31.73
2156404,31.47,31.73
2156863,31.43,31.69
2157403,31.43,31.71
2157824,31.43,31.73
2158331,31.39,31.73
2158994,31.47,31.71
2159327,31.47,31.73
2159831,31.47,31.73
2160374,31.47,31.73
2160824,31.47,31.71
2161323,31.47,31.73
2161876,31.43,31.73
2162324,31.43,31.71
2162842,31.47,31.71
2163361,31.39,31.73
2163855,31.47,31.71
2164380,31.47,31.73
2164922,31.47,31.73
2165331,31.43,31.73
2165917,31.43,31.71
2166324,31.43,31.75
2166838,31.43,31.73
2167375,31.47,31.75
2167831,31.47,31.71
2168327,31.43,31.73
2168874,31.39,31.71
2169324,31.35,31.69
2169839,31.43,31.75
2170371,31.53,31.79
2170916,31.47,31.71
2171359,31.39,31.71
2171895,31.43,31.73
2172324,31.43,31.71
2172959,31.43,31.73
2173423,31.43,31.69
2173828,31.43,31.69
2174367,31.47,31.71
2174838,31.43,31.73
2175338,31.47,31.71
2175871,31.41,31.73
2176331,31.47,31.71
2176837,31.49,31.73
2177393,31.49,31.71
2177832,31.47,31.71
2178371,31.53,31.71
2178890,31.47,31.71
2179335,31.49,31.71
2179894,31.47,31.71
2180324,31.47,31.71
2180825,31.49,31.73
2181517,31.43,31.73
2181824,31.47,31.73
2182361,31.49,31.71
2182910,31.41,31.71
2183324,31.47,31.69
2183873,31.47,31.71
2184331,31.47,31.73
2184846,31.47,31.69
2185394,31.43,31.69
2185842,31.47,31.71
2186361,31.47,31.73
2186908,31.49,31.71
2187427,31.47,31.71
2187979,31.43,31.75
2188419,31.47,31.71
2188824,31.47,31.69
2189354,31.49,31.71
2189827,31.41,31.69
2190331,31.47,31.73
2190873,31.43,31.69
2191324,31.47,31.71
2191834,31.47,31.73
2192354,31.47,31.71
2192823,31.49,31.71
2193348,31.47,31.69
2193888,31.35,31.71
2194414,31.47,31.69
2194881,31.47,31.71
2195402,31.43,31.73
2195824,31.49,31.73
2196349,31.47,31.69
2196834,31.47,31.71
2197324,31.49,31.69
2197856,31.47,31.71
2198395,31.43,31.79
2198824,31.47,31.71
2199339,31.43,31.71
2199896,31.43,31.73
2200324,31.43,31.71
2200862,31.43,31.75
2201382,31.39,31.73
2201832,31.43,31.69
2202373,31.49,31.73
2202920,31.47,31.71
2203442,31.43,31.71
2203886,31.47,31.71
2204327,31.47,31.69
2204831,31.47,31.71
2205387,31.47,31.71
2205827,31.49,31.71
2206333,31.43,31.69
2206878,31.43,31.73
2207323,31.49,31.69
2207850,31.43,31.73
2208396,31.49,31.69
2208843,31.39,31.69
2209378,31.49,31.73
2209899,31.43,31.71
2210340,31.47,31.73
2210895,31.43,31.69
2211328,31.53,31.71
2211835,31.47,31.69
2212385,31.49,31.71
2212827,31.49,31.73
2213335,31.43,31.75
2213874,31.43,31.73
2214328,31.43,31.71
2214831,31.49,31.71
2215375,31.49,31.69
2215825,31.49,31.71
2216346,31.47,31.69
2216887,31.49,31.69
2217434,31.43,31.69
2217878,31.47,31.69
2218403,31.49,31.71
2218827,31.49,31.71
2219354,31.49,31.71
2219830,31.43,31.69
2220331,31.47,31.69
2220861,31.47,31.69
2221324,31.41,31.69
2221824,31.49,31.71
2222349,31.49,31.71
2222824,31.49,31.71
2223331,31.49,31.71
2223886,31.47,31.69
2224403,31.47,31.71
2224874,31.41,31.69
2225398,31.47,31.69
2225824,31.49,31.67
2226347,31.49,31.73
2226823,31.47,31.71
2227324,31.41,31.69
2227844,31.49,31.71
2228393,31.53,31.69
2228827,31.49,31.71
2229336,31.49,31.73
2229891,31.47,31.69
2230324,31.49,31.69
2230863,31.49,31.71
2231395,31.49,31.69
2231863,31.41,31.69
2232381,31.53,31.71
2232925,31.49,31.73
2233336,31.43,31.69
2233900,31.49,31.71
2234324,31.49,31.73
2234824,31.41,31.67
2235386,31.53,31.69
2235831,31.47,31.73
2236354,31.47,31.71
2236904,31.53,31.67
2237341,31.47,31.71
2237859,31.53,31.69
2238329,31.47,31.73
2238852,31.47,31.71
2239399,31.47,31.71
2239916,31.43,31.69
2240359,31.49,31.73
2240927,31.43,31.71
2241323,31.49,31.69
2241855,31.43,31.69
2242323,31.47,31.71
2242823,31.43,31.69
2243353,31.49,31.71
2243897,31.49,31.71
2244329,31.49,31.71
2244856,31.47,31.69
2245406,31.49,31.69
2245860,31.49,31.71
2246380,31.43,31.71
2246928,31.43,31.71
2247380,31.41,31.69
2247835,31.53,31.71
2248324,31.39,31.71
2248884,31.49,31.69
2249334,31.49,31.73
2249839,31.43,31.69
2250381,31.49,31.69
2250827,31.41,31.71
2251342,31.47,31.67
2251891,31.53,31.73
2252334,31.49,31.69
2252881,31.53,31.71
2253413,31.53,31.71
2253854,31.47,31.71
2254403,31.47,31.69
2254824,31.49,31.69
2255324,31.47,31.71
2255897,31.49,31.71
2256330,31.43,31.69
2256838,31.49,31.69
2257385,31.53,31.69
2257831,31.49,31.71
2258353,31.47,31.69
2258895,31.43,31.69
2259342,31.49,31.71
2259862,31.47,31.69
2260406,31.47,31.69
2260823,31.49,31.67
2261401,31.43,31.69
2261929,31.49,31.71
2262334,31.53,31.71
2262878,31.47,31.71
2263323,31.49,31.69
2263823,31.47,31.67
2264370,31.39,31.67
2264842,31.41,31.69
2265358,31.53,31.71
2265883,31.49,31.71
2266348,31.49,31.73
2266877,31.47,31.69
2267414,31.47,31.69
2267830,31.41,31.65
2268376,31.47,31.69
2268830,31.49,31.69
2269330,31.47,31.71
2269859,31.53,31.71
2270331,31.49,31.71
2270824,31.47,31.69
2271364,31.47,31.69
2271823,31.53,31.73
2272340,31.49,31.73
2272880,31.53,31.67
2273439,31.53,31.69
2273881,31.49,31.69
2274432,31.49,31.69
2274828,31.47,31.67
2275355,31.53,31.71
2275827,31.49,31.71
2276331,31.43,31.67
2276868,31.43,31.73
2277323,31.49,31.69
2277831,31.53,31.69
2278366,31.43,31.69
2278834,31.53,31.71
2279358,31.49,31.69
2279911,31.53,31.67
2280327,31.49,31.71
2280904,31.47,31.69
2281421,31.53,31.71
2281829,31.49,31.71
2282365,31.49,31.71
2282827,31.49,31.71
2283323,31.47,31.71
2283862,31.47,31.67
2284404,31.47,31.69
2284835,31.47,31.69
2285362,31.49,31.69
2285828,31.49,31.71
2286346,31.53,31.71
2286893,31.47,31.69
2287427,31.41,31.69
2287896,31.41,31.69
2288414,31.43,31.73
2288827,31.43,31.71
2289372,31.47,31.71
2289824,31.47,31.69
2290324,31.47,31.67
2290862,31.47,31.71
2291334,31.49,31.79
2291827,31.49,31.73
2292362,31.49,31.71
2292895,31.49,31.69
2293348,31.39,31.71
2293868,31.47,31.69
2294412,31.49,31.69
2294864,31.43,31.71
2295402,31.53,31.71
2295922,31.49,31.73
2296344,31.43,31.73
2297001,31.47,31.73
2297323,31.47,31.71
2297839,31.49,31.71
2298399,31.43,31.73
2298823,31.47,31.71
2299350,31.49,31.69
2299891,31.43,31.67
2300338,31.49,31.69
2300851,31.47,31.71
2301394,31.43,31.73
2301843,31.43,31.73
2302363,31.49,31.71
2302908,31.53,31.71
2303324,31.49,31.69
2303901,31.43,31.71
2304418,31.47,31.73
2304826,31.43,31.71
2305386,31.43,31.71
2305827,31.47,31.71
2306323,31.47,31.69
2306877,31.47,31.71
2307323,31.47,31.73
2307826,31.53,31.71
2308368,31.49,31.69
2308835,31.53,31.71
2309347,31.39,31.67
2309888,31.43,31.71
2310340,31.43,31.69
2310883,31.49,31.73
2311406,31.49,31.71
2311832,31.41,31.69
2312484,31.47,31.71
2312824,31.47,31.71
2313333,31.47,31.73
2313911,31.47,31.73
2314323,31.49,31.71
2314849,31.43,31.71
2315395,31.47,31.69
2315827,31.49,31.69
2316348,31.47,31.71
2316900,31.39,31.67
2317338,31.47,31.69
2317858,31.49,31.71
2318415,31.55,31.79
2318862,31.47,31.73
2319410,31.47,31.69
2319827,31.47,31.71
2320354,31.47,31.71
2320902,31.47,31.69
2321324,31.47,31.71
2321842,31.43,31.71
2322323,31.49,31.71
2322831,31.47,31.71
2323368,31.41,31.69
2323823,31.47,31.69
2324349,31.43,31.71
2324867,31.53,31.71
2325426,31.49,31.71
2325867,31.53,31.71
2326416,31.39,31.71
2326824,31.43,31.73
2327380,31.43,31.69
2327824,31.41,31.75
2328331,31.53,31.75
2328884,31.53,31.71
2329327,31.49,31.71
2329830,31.43,31.71
2330394,31.47,31.71
2330827,31.49,31.71
2331370,31.49,31.71
2331903,31.49,31.71
2332376,31.53,31.69
2332894,31.43,31.69
2333447,31.43,31.69
2333851,31.43,31.71
2334427,31.49,31.73
2334841,31.49,31.73
2335372,31.47,31.71
2335824,31.53,31.71
2336323,31.49,31.73
2336882,31.47,31.73
2337327,31.49,31.69
2337857,31.43,31.71
2338382,31.47,31.73
2338933,31.47,31.69
2339380,31.47,31.69
2339935,31.43,31.69
2340334,31.49,31.71
2340888,31.47,31.71
2341323,31.43,31.71
2341830,31.47,31.71
2342386,31.49,31.73
2342823,31.47,31.71
2343331,31.47,31.71
2343881,31.49,31.71
2344324,31.53,31.69
2344848,31.47,31.69
2345402,31.43,31.67
2345944,31.47,31.69
2346397,31.47,31.73
2346915,31.47,31.73
2347345,31.47,31.73
2347879,31.47,31.71
2348323,31.47,31.67
2348834,31.43,31.69
2349384,31.47,31.69
2349823,31.47,31.71
2350358,31.41,31.69
2350876,31.49,31.71
2351347,31.47,31.71
2351870,31.47,31.71
2352418,31.49,31.73
2352834,31.53,31.71
2353411,31.53,31.71
2353824,31.49,31.69
2354331,31.47,31.71
2354877,31.47,31.73
2355327,31.47,31.69
2355844,31.47,31.73
2356324,31.43,31.71
2356823,31.53,31.71
2357362,31.49,31.73
2357904,31.47,31.71
2358332,31.43,31.67
2358876,31.47,31.69
2359422,31.53,31.71
2359866,31.49,31.71
2360389,31.47,31.69
2360827,31.49,31.71
2361334,31.49,31.69
2361900,31.43,31.69
2362323,31.43,31.69
2362834,31.43,31.69
2363375,31.49,31.67
2363827,31.49,31.69
2364324,31.47,31.73
2364865,31.53,31.71
2365327,31.53,31.73
2365849,31.49,31.69
2366376,31.49,31.73
2366855,31.47,31.67
2367383,31.43,31.71
2367927,31.49,31.71
2368333,31.47,31.69
2369008,31.47,31.71
2369334,31.43,31.69
2369855,31.49,31.71
2370403,31.43,31.71
2370823,31.43,31.73
2371336,31.53,31.75
2371893,31.49,31.71
2372324,31.49,31.73
2372859,31.49,31.73
2373388,31.49,31.71
2373835,31.47,31.69
2374382,31.43,31.69
2374938,31.47,31.69
2375349,31.53,31.71
2375931,31.47,31.73
2376327,31.49,31.71
2376835,31.49,31.71
2377410,31.47,31.71
2377827,31.47,31.71
2378358,31.47,31.73
2378906,31.53,31.71
2379336,31.47,31.71
2379863,31.49,31.71
2380407,31.43,31.69
2380851,31.47,31.69
2381392,31.47,31.71
2381912,31.47,31.69
2382358,31.47,31.71
2382924,31.49,31.71
2383323,31.53,31.73
2383851,31.53,31.73
2384324,31.47,31.71
2384842,31.49,31.73
2385371,31.49,31.71
2385824,31.47,31.71
2386336,31.53,31.71
2386859,31.47,31.75
2387331,31.53,31.71
2387865,31.47,31.73
2388408,31.53,31.71
2388841,31.47,31.71
2389502,31.53,31.69
2389823,31.47,31.69
2390330,31.49,31.73
2390827,31.47,31.69
2391323,31.49,31.73
2391846,31.35,31.69
2392394,31.49,31.71
2392823,31.49,31.67
2393330,31.53,31.73
2393902,31.55,31.71
2394323,31.49,31.73
2394870,31.53,31.71
2395387,31.53,31.71
2395859,31.55,31.75
2396381,31.53,31.73
2396924,31.47,31.73
2397327,31.49,31.73
2397994,31.49,31.73
2398327,31.49,31.73
2398831,31.49,31.73
2399374,31.49,31.75
2399830,31.47,31.73
2400324,31.43,31.69
2400875,31.53,31.71
2401324,31.53,31.73
2401853,31.49,31.73
2402375,31.53,31.73
2402924,31.53,31.71
2403375,31.53,31.73
2403900,31.49,31.71
2404325,31.53,31.75
2404890,31.49,31.73
2405327,31.53,31.73
2405824,31.49,31.73
2406381,31.53,31.73
2406827,31.49,31.71
2407324,31.53,31.69
2407863,31.47,31.73
2408327,31.49,31.73
2408825,31.53,31.73
2409368,31.49,31.73
2409899,31.53,31.69
2410377,31.47,31.69
2410900,31.49,31.69
2411327,31.43,31.69
2411851,31.47,31.71
2412331,31.49,31.71
2412823,31.47,31.69
2413346,31.49,31.71
2413891,31.49,31.71
2414324,31.53,31.71
2414829,31.49,31.71
2415391,31.49,31.71
2415824,31.47,31.69
2416364,31.53,31.73
2416882,31.49,31.69
2417332,31.53,31.71
2417877,31.47,31.73
2418422,31.49,31.71
2418830,31.47,31.71
2419398,31.49,31.71
2419827,31.49,31.71
2420327,31.53,31.73
2420894,31.53,31.71
2421327,31.49,31.73
2421827,31.47,31.71
2422365,31.39,31.71
2422823,31.49,31.73
2423325,31.55,31.75
2423880,31.47,31.73
2424327,31.47,31.71
2424868,31.53,31.71
2425388,31.47,31.73
2425826,31.49,31.73
2426380,31.47,31.73
2426931,31.49,31.71
2427331,31.49,31.71
2427881,31.49,31.73
2428331,31.43,31.73
2428832,31.49,31.71
2429361,31.47,31.73
2429823,31.49,31.69
2430337,31.43,31.73
2430879,31.47,31.69
2431329,31.47,31.71
2431852,31.47,31.71
2432402,31.53,31.73
2432948,31.53,31.73
2433474,31.49,31.71
2433922,31.49,31.71
2434324,31.53,31.71
2434864,31.49,31.73
2435338,31.53,31.71
2435824,31.41,31.69
2436385,31.55,31.75
2436830,31.53,31.73
2437350,31.49,31.73
2437869,31.55,31.73
2438341,31.49,31.71
2438861,31.49,31.71
2439406,31.47,31.75
2439924,31.53,31.71
2440391,31.53,31.73
2440912,31.49,31.73
2441344,31.53,31.73
2441869,31.49,31.71
2442335,31.49,31.69
2442827,31.55,31.71
2443391,31.53,31.73
2443823,31.53,31.73
2444350,31.53,31.73
2444876,31.49,31.71
2445341,31.55,31.73
2445873,31.55,31.71
2446416,31.53,31.71
2446945,31.53,31.73
2447393,31.49,31.73
2447830,31.53,31.73
2448346,31.53,31.69
2448827,31.53,31.69
2449323,31.53,31.73
2449852,31.49,31.73
2450396,31.49,31.73
2450831,31.49,31.73
2451351,31.55,31.75
2451823,31.53,31.73
2452337,31.53,31.75
2452876,31.55,31.75
2453400,31.53,31.73
2453945,31.47,31.73
2454392,31.47,31.71
2454831,31.49,31.73
2455333,31.47,31.73
2455895,31.53,31.73
2456327,31.53,31.73
2456844,31.55,31.71
2457381,31.47,31.71
2457831,31.49,31.73
2458334,31.49,31.75
2458902,31.49,31.73
2459341,31.53,31.73
2459886,31.49,31.73
2460416,31.55,31.75
2460827,31.53,31.71
2461414,31.53,31.71
2461824,31.47,31.73
2462324,31.53,31.73
2462875,31.49,31.73
2463331,31.49,31.81
2463824,31.49,31.69
2464376,31.49,31.73
2464831,31.43,31.71
2465360,31.47,31.73
2465879,31.49,31.73
2466428,31.43,31.73
2466882,31.55,31.73
2467424,31.49,31.71
2467827,31.47,31.71
2468365,31.53,31.75
2468824,31.49,31.73
2469324,31.47,31.73
2469848,31.49,31.73
2470403,31.49,31.73
2470827,31.47,31.73
2471361,31.49,31.75
2471908,31.53,31.75
2472364,31.49,31.73
2472884,31.49,31.71
2473440,31.55,31.71
2473967,31.47,31.71
2474433,31.49,31.73
2474828,31.43,31.69
2475355,31.53,31.73
2475831,31.55,31.73
2476324,31.49,31.73
2476856,31.49,31.73
2477399,31.55,31.75
2477827,31.53,31.73
2478350,31.53,31.71
2478907,31.49,31.73
2479341,31.53,31.71
2479881,31.53,31.71
2480408,31.53,31.75
2480850,31.53,31.71
2481401,31.53,31.73
2481835,31.49,31.73
2482330,31.53,31.75
2482903,31.49,31.73
2483334,31.49,31.73
2483856,31.53,31.73
2484399,31.53,31.71
2484843,31.55,31.75
2485368,31.55,31.75
2485844,31.49,31.75
2486364,31.49,31.73
2486909,31.49,31.73
2487323,31.53,31.73
2487980,31.53,31.73
2488424,31.49,31.73
2488824,31.49,31.73
2489356,31.53,31.73
2489899,31.55,31.75
2490323,31.57,31.73
2490846,31.53,31.73
2491403,31.53,31.75
2491827,31.55,31.73
2492375,31.53,31.73
2492896,31.55,31.75
2493367,31.53,31.75
2493887,31.47,31.73
2494335,31.47,31.75
2494851,31.49,31.73
2495323,31.49,31.73
2495823,31.53,31.75
2496351,31.49,31.73
2496894,31.53,31.75
2497330,31.49,31.75
2497834,31.43,31.75
2498391,31.55,31.75
2498827,31.55,31.73
2499359,31.49,31.75
2499877,31.47,31.75
2500323,31.49,31.73
2500871,31.55,31.75
2501413,31.53,31.75
2501824,31.47,31.73
2502377,31.47,31.73
2502934,31.49,31.75
2503334,31.49,31.73
2503889,31.55,31.73
2504331,31.49,31.73
2504836,31.55,31.79
2505378,31.55,31.75
2505833,31.53,31.75
2506361,31.49,31.75
2506902,31.47,31.73
2507347,31.49,31.75
2507891,31.53,31.71
2508412,31.49,31.75
2508834,31.49,31.79
2509487,31.47,31.73
2509830,31.53,31.71
2510324,31.53,31.75
2510889,31.47,31.73
2511331,31.49,31.79
2511842,31.49,31.73
2512386,31.49,31.73
2512830,31.49,31.75
2513358,31.43,31.73
2513908,31.53,31.75
2514355,31.43,31.79
2514877,31.53,31.75
2515427,31.53,31.75
2515838,31.53,31.79
2516421,31.47,31.75
2516824,31.49,31.73
2517352,31.53,31.73
2517898,31.53,31.73
2518324,31.49,31.73
2518841,31.55,31.73
2519396,31.35,31.73
2519831,31.55,31.79
2520360,31.49,31.75
2520881,31.47,31.75
2521345,31.47,31.75
2521872,31.49,31.75
2522413,31.47,31.73
2522950,31.55,31.75
2523418,31.55,31.75
2523823,31.49,31.75
2524351,31.49,31.75
2525003,31.49,31.73
2525323,31.53,31.75
2525844,31.47,31.73
2526410,31.47,31.73
2526824,31.49,31.75
2527353,31.55,31.73
2527898,31.55,31.73
2528324,31.53,31.73
2528860,31.47,31.73
2529401,31.53,31.75
2529860,31.53,31.73
2530409,31.53,31.73
2530831,31.49,31.75
2531348,31.53,31.75
2531831,31.53,31.71
2532323,31.49,31.73
2532845,31.53,31.73
2533390,31.53,31.75
2533828,31.53,31.71
2534345,31.53,31.75
2534824,31.53,31.73
2535345,31.49,31.75
2535891,31.55,31.79
2536411,31.49,31.75
2536891,31.47,31.75
2537413,31.47,31.73
2537834,31.49,31.75
2538371,31.53,31.73
2538824,31.47,31.73
2539324,31.47,31.75
2539861,31.53,31.73
2540323,31.55,31.73
2540823,31.53,31.79
2541346,31.53,31.73
2541823,31.43,31.73
2542324,31.55,31.79
2542861,31.39,31.73
2543385,31.53,31.75
2543824,31.49,31.73
2544372,31.47,31.73
2544924,31.49,31.75
2545373,31.47,31.73
2545918,31.47,31.73
2546330,31.47,31.73
2546846,31.53,31.73
2547324,31.49,31.73
2547831,31.49,31.75
2548351,31.49,31.73
2548899,31.49,31.73
2549323,31.53,31.71
2549863,31.57,31.71
2550323,31.53,31.73
2550834,31.53,31.75
2551378,31.43,31.71
2551908,31.47,31.73
2552381,31.49,31.73
2552898,31.55,31.73
2553326,31.49,31.73
2553887,31.53,31.73
2554323,31.49,31.73
2554824,31.53,31.73
2555374,31.53,31.75
2555823,31.47,31.75
2556331,31.49,31.73
2556848,31.53,31.71
2557327,31.53,31.71
2557855,31.53,31.75
2558396,31.49,31.75
2558848,31.47,31.71
2559370,31.47,31.71
2559913,31.49,31.73
2560323,31.49,31.73
2560981,31.49,31.71
2561421,31.49,31.73
2561824,31.53,31.71
2562357,31.49,31.75
2562827,31.53,31.75
2563334,31.55,31.79
2563857,31.53,31.73
2564399,31.53,31.73
2564845,31.53,31.73
2565366,31.49,31.75
2565836,31.53,31.73
2566368,31.49,31.73
2566909,31.49,31.75
2567327,31.49,31.73
2567864,31.53,31.73
2568423,31.49,31.75
2568824,31.53,31.71
2569343,31.53,31.73
2569824,31.55,31.75
2570323,31.53,31.71
2570850,31.49,31.73
2571397,31.53,31.75
2571824,31.49,31.73
2572365,31.49,31.71
2572911,31.53,31.71
2573356,31.53,31.71
2573879,31.55,31.71
2574423,31.53,31.71
2574830,31.53,31.73
2575413,31.49,31.73
2575823,31.55,31.75
2576338,31.53,31.73
2576879,31.49,31.69
2577328,31.49,31.73
2577832,31.49,31.73
2578386,31.47,31.73
2578824,31.47,31.75
2579343,31.49,31.73
2579865,31.53,31.73
2580340,31.43,31.71
2580857,31.49,31.71
2581404,31.47,31.73
2581922,31.53,31.71
2582468,31.49,31.69
2582916,31.49,31.73
2583324,31.53,31.73
2583845,31.55,31.75
2584327,31.47,31.73
2584834,31.47,31.71
2585357,31.47,31.73
2585899,31.47,31.73
2586330,31.49,31.71
2586853,31.49,31.73
2587323,31.49,31.71
2587837,31.53,31.71
2588381,31.53,31.73
2588916,31.49,31.71
2589381,31.49,31.73
2589903,31.49,31.73
2590451,31.55,31.73
2590986,31.55,31.75
2591324,31.49,31.73
2591831,31.49,31.73
2592376,31.47,31.73
2592824,31.49,31.73
2593330,31.49,31.71
2593879,31.49,31.75
2594334,31.53,31.73
2594854,31.43,31.73
2595375,31.49,31.73
2595842,31.49,31.73
2596361,31.47,31.73
2596900,31.49,31.71
2597433,31.49,31.75
2597904,31.47,31.73
2598424,31.43,31.73
2598823,31.43,31.73
2599365,31.47,31.73
2599824,31.47,31.73
2600327,31.47,31.71
2600877,31.47,31.73
2601324,31.47,31.71
2601838,31.53,31.71
2602371,31.53,31.71
2602826,31.49,31.73
2603348,31.49,31.73
2603893,31.53,31.71
2604341,31.49,31.71
2604868,31.49,31.71
2605409,31.47,31.73
2605823,31.49,31.71
2606477,31.49,31.71
2606919,31.49,31.73
2607331,31.53,31.73
2607873,31.53,31.73
2608323,31.49,31.75
2608838,31.53,31.71
2609389,31.53,31.73
2609823,31.53,31.73
2610343,31.47,31.69
2610880,31.53,31.71
2611350,31.49,31.73
2611877,31.53,31.73
2612421,31.49,31.73
2612826,31.53,31.71
2613424,31.53,31.71
2613824,31.55,31.71
2614364,31.47,31.71
2614834,31.47,31.69
2615333,31.49,31.71
2615870,31.49,31.71
2616328,31.53,31.71
2616846,31.47,31.69
2617398,31.49,31.73
2617843,31.53,31.71
2618366,31.53,31.71
2618916,31.47,31.71
2619326,31.49,31.73
2619916,31.53,31.71
2620324,31.55,31.71
2620837,31.53,31.71
2621382,31.53,31.73
2621824,31.53,31.73
2622331,31.53,31.71
2622885,31.49,31.71
2623324,31.49,31.71
2623849,31.53,31.73
2624378,31.53,31.73
2624850,31.53,31.73
2625367,31.53,31.71
2625912,31.53,31.71
2626326,31.47,31.71
2626915,31.53,31.71
2627324,31.53,31.73
2627831,31.43,31.75
2628382,31.49,31.73
2628835,31.53,31.73
2629330,31.53,31.71
2629895,31.49,31.69
2630335,31.53,31.73
2630861,31.49,31.71
2631384,31.49,31.73
2631832,31.49,31.71
2632383,31.53,31.71
2632925,31.49,31.71
2633332,31.49,31.69
2633895,31.43,31.69
2634323,31.49,31.71
2634834,31.49,31.71
2635395,31.39,31.71
2635841,31.39,31.71
2636343,31.49,31.73
2636884,31.47,31.73
2637333,31.53,31.73
2637855,31.49,31.71
2638402,31.49,31.71
2638924,31.53,31.71
2639398,31.53,31.73
2639915,31.49,31.73
2640343,31.49,31.73
2640882,31.47,31.69
2641324,31.49,31.71
2641831,31.49,31.71
2642386,31.55,31.79
2642824,31.47,31.73
2643338,31.49,31.73
2643861,31.49,31.75
2644347,31.53,31.71
2644859,31.53,31.71
2645402,31.49,31.71
2645941,31.53,31.73
2646411,31.53,31.73
2646838,31.53,31.71
2647354,31.53,31.71
2647824,31.49,31.69
2648327,31.53,31.73
2648859,31.53,31.73
2649399,31.47,31.73
2649823,31.49,31.71
2650344,31.55,31.71
2650824,31.53,31.73
2651339,31.53,31.71
2651876,31.53,31.69
2652411,31.53,31.71
2652876,31.49,31.69
2653395,31.49,31.73
2653824,31.49,31.69
2654330,31.49,31.71
2655003,31.49,31.69
2655324,31.53,31.71
2655836,31.53,31.71
2656388,31.53,31.71
2656828,31.53,31.69
2657347,31.49,31.73
2657824,31.49,31.71
2658334,31.57,31.75
2658864,31.53,31.69
2659324,31.49,31.73
2659833,31.53,31.71
2660383,31.53,31.71
2660932,31.49,31.69
2661383,31.49,31.69
2661904,31.49,31.71
2662331,31.49,31.69
2662855,31.53,31.71
2663323,31.49,31.67
2663824,31.55,31.75
2664361,31.55,31.73
2664899,31.53,31.71
2665323,31.49,31.69
2665851,31.53,31.71
2666406,31.53,31.71
2666846,31.49,31.71
2667387,31.47,31.69
2667919,31.49,31.69
2668388,31.49,31.71
2668907,31.49,31.71
2669338,31.53,31.73
2669860,31.43,31.69
2670324,31.53,31.71
2670831,31.53,31.71
2671368,31.53,31.71
2671835,31.47,31.71
2672357,31.43,31.69
2672880,31.53,31.69
2673348,31.53,31.73
2673869,31.53,31.73
2674413,31.53,31.71
2674838,31.53,31.71
2675390,31.49,31.69
2675827,31.47,31.69
2676328,31.49,31.69
2676893,31.49,31.71
2677331,31.49,31.73
2677835,31.53,31.73
2678393,31.53,31.69
2678824,31.53,31.71
2679331,31.53,31.71
2679914,31.49,31.69
2680345,31.53,31.73
2680888,31.53,31.71
2681409,31.49,31.69
2681883,31.53,31.73
2682407,31.47,31.73
2682823,31.53,31.75
2683350,31.53,31.71
2683824,31.43,31.71
2684335,31.47,31.73
2684871,31.49,31.71
2685323,31.53,31.71
2685824,31.53,31.73
2686347,31.53,31.71
2686831,31.53,31.71
2687335,31.55,31.71
2687880,31.49,31.73
2688410,31.53,31.71
2688865,31.49,31.71
2689406,31.49,31.73
2689827,31.53,31.71
2690371,31.53,31.71
2690835,31.55,31.73
2691323,31.47,31.69
2691855,31.49,31.71
2692327,31.49,31.69
2692835,31.49,31.73
2693369,31.53,31.71
2693824,31.53,31.73
2694359,31.53,31.71
2694876,31.53,31.69
2695419,31.49,31.71
2695888,31.47,31.69
2696324,31.53,31.73
2696827,31.47,31.69
2697383,31.55,31.73
2697823,31.53,31.71
2698323,31.53,31.71
2698864,31.47,31.69
2699335,31.53,31.73
2699827,31.53,31.71
2700375,31.53,31.71
2700824,31.53,31.69
2701345,31.53,31.73
2701890,31.47,31.71
2702431,31.49,31.69
2702891,31.49,31.69
2703434,31.49,31.73
2703830,31.47,31.73
2704369,31.53,31.71
2704824,31.53,31.71
2705324,31.47,31.73
2705877,31.53,31.69
2706323,31.53,31.69
2706835,31.43,31.71
2707369,31.53,31.71
2707832,31.49,31.71
2708352,31.49,31.73
2708896,31.53,31.73
2709428,31.49,31.71
2709898,31.53,31.71
2710427,31.53,31.71
2710860,31.47,31.73
2711397,31.53,31.71
2711831,31.49,31.69
2712353,31.49,31.71
2712827,31.53,31.71
2713330,31.49,31.73
2713880,31.53,31.73
2714401,31.49,31.69
2714880,31.49,31.71
2715398,31.53,31.69
2715942,31.49,31.71
2716466,31.53,31.71
2716918,31.49,31.71
2717324,31.49,31.71
2717863,31.53,31.73
2718324,31.53,31.71
2718823,31.49,31.73
2719371,31.53,31.71
2719827,31.47,31.71
2720327,31.53,31.71
2720845,31.47,31.71
2721327,31.53,31.71
2721840,31.53,31.71
2722377,31.53,31.73
2722900,31.53,31.73
2723367,31.49,31.71
2723887,31.53,31.69
2724323,31.49,31.73
2724830,31.53,31.71
2725423,31.55,31.73
2725823,31.53,31.71
2726338,31.53,31.73
2726876,31.49,31.71
2727323,31.55,31.73
2727823,31.53,31.73
2728372,31.53,31.71
2728830,31.53,31.71
2729348,31.53,31.69
2729871,31.53,31.71
2730353,31.49,31.69
2730865,31.53,31.69
2731410,31.49,31.71
2731823,31.49,31.69
2732462,31.49,31.73
2732831,31.55,31.75
2733327,31.49,31.71
2733861,31.53,31.73
2734323,31.49,31.71
2734823,31.49,31.73
2735349,31.47,31.71
2735827,31.53,31.69
2736324,31.53,31.69
2736863,31.49,31.69
2737403,31.47,31.69
2737853,31.53,31.71
2738376,31.49,31.73
2738917,31.53,31.71
2739364,31.53,31.69
2739913,31.49,31.73
2740324,31.53,31.71
2740856,31.53,31.73
2741417,31.53,31.71
2741824,31.53,31.71
2742339,31.53,31.73
2742823,31.53,31.71
2743323,31.53,31.73
2743858,31.53,31.71
2744400,31.49,31.73
2744833,31.49,31.73
2745370,31.47,31.73
2745835,31.53,31.73
2746357,31.53,31.73
2746905,31.53,31.73
2747432,31.53,31.73
2747876,31.53,31.71
2748417,31.53,31.71
2748827,31.53,31.73
2749371,31.53,31.73
2749828,31.49,31.69
2750323,31.53,31.73
2750855,31.49,31.69
2751334,31.53,31.71
2751831,31.53,31.73
2752366,31.55,31.75
2752900,31.53,31.73
2753346,31.53,31.73
2753870,31.53,31.71
2754417,31.49,31.73
2754869,31.53,31.71
2755417,31.49,31.69
2755824,31.49,31.73
2756355,31.53,31.73
2757021,31.53,31.71
2757324,31.49,31.71
2757870,31.53,31.69
2758327,31.49,31.75
2758844,31.49,31.71
2759400,31.53,31.73
2759847,31.53,31.73
2760390,31.49,31.71
2760926,31.53,31.75
2761331,31.47,31.69
2761912,31.49,31.71
2762331,31.49,31.71
2762841,31.47,31.69
2763386,31.53,31.73
2763827,31.53,31.71
2764345,31.55,31.71
2764824,31.53,31.69
2765324,31.53,31.71
2765881,31.53,31.75
2766400,31.53,31.73
2766868,31.53,31.73
2767391,31.53,31.73
2767827,31.53,31.71
2768346,31.53,31.71
2768827,31.49,31.71
2769324,31.53,31.71
2769844,31.53,31.73
2770385,31.53,31.71
2770830,31.53,31.75
2771335,31.49,31.71
2771902,31.49,31.73
2772330,31.53,31.71
2772875,31.49,31.75
2773405,31.47,31.71
2773888,31.53,31.71
2774408,31.43,31.69
2774823,31.49,31.75
2775351,31.53,31.71
2776000,31.53,31.69
2776334,31.49,31.71
2776846,31.53,31.73
2777406,31.49,31.71
2777841,31.49,31.71
2778367,31.47,31.71
2778899,31.53,31.73
2779360,31.53,31.71
2779892,31.53,31.73
2780325,31.53,31.71
2780891,31.49,31.69
2781327,31.53,31.73
2781823,31.49,31.73
2782381,31.53,31.69
2782828,31.53,31.73
2783324,31.49,31.73
2783862,31.53,31.71
2784323,31.53,31.71
2784824,31.53,31.71
2785364,31.53,31.73
2785899,31.53,31.75
2786326,31.53,31.73
2786872,31.49,31.75
2787415,31.53,31.71
2787871,31.55,31.73
2788389,31.49,31.71
2788831,31.49,31.73
2789346,31.53,31.71
2789823,31.53,31.71
2790327,31.53,31.73
2790842,31.49,31.69
2791381,31.47,31.71
2791823,31.53,31.71
2792324,31.53,31.71
2792903,31.53,31.71
2793332,31.53,31.73
2793870,31.49,31.71
2794394,31.53,31.71
2794863,31.53,31.69
2795392,31.53,31.73
2795823,31.57,31.73
2796326,31.53,31.73
2797010,31.53,31.73
2797334,31.53,31.71
2797856,31.53,31.73
2798403,31.49,31.69
2798834,31.53,31.71
2799353,31.53,31.69
2799823,31.53,31.71
2800340,31.49,31.75
2800887,31.53,31.71
2801406,31.53,31.71
2801862,31.53,31.71
2802403,31.47,31.71
2802947,31.49,31.71
2803366,31.47,31.71
2803913,31.53,31.75
2804324,31.53,31.71
2804846,31.53,31.75
2805323,31.47,31.75
2805824,31.53,31.71
2806340,31.49,31.71
2806881,31.53,31.73
2807331,31.53,31.71
2807839,31.47,31.71
2808385,31.53,31.73
2808829,31.55,31.71
2809372,31.49,31.71
2809907,31.53,31.67
2810336,31.49,31.71
2810907,31.53,31.71
2811324,31.53,31.71
2811830,31.53,31.71
2812404,31.53,31.75
2812827,31.49,31.71
2813347,31.53,31.69
2813900,31.53,31.73
2814324,31.53,31.69
2814848,31.49,31.69
2815324,31.53,31.69
2815837,31.53,31.69
2816386,31.49,31.69
2816912,31.53,31.73
2817378,31.53,31.73
2817899,31.53,31.73
2818444,31.49,31.71
2818864,31.49,31.69
2819418,31.47,31.71
2819823,31.53,31.73
2820350,31.53,31.71
2820831,31.47,31.71
2821324,31.53,31.73
2821861,31.49,31.71
2822324,31.53,31.73
2822829,31.53,31.71
2823351,31.55,31.71
2823832,31.49,31.73
2824350,31.53,31.69
2824902,31.53,31.73
2825421,31.49,31.69
2825856,31.53,31.69
2826435,31.53,31.69
2826826,31.53,31.67
2827386,31.53,31.69
2827831,31.53,31.73
2828350,31.49,31.73
2828823,31.53,31.71
2829340,31.53,31.71
2829892,31.49,31.71
2830421,31.49,31.71
2830894,31.53,31.71
2831413,31.49,31.73
2831835,31.49,31.69
2832385,31.53,31.73
2832823,31.47,31.71
2833335,31.49,31.71
2833865,31.53,31.71
2834323,31.55,31.73
2834824,31.49,31.69
2835361,31.47,31.69
2835899,31.53,31.73
2836350,31.53,31.73
2836871,31.49,31.69
2837340,31.53,31.73
2837872,31.47,31.73
2838417,31.49,31.69
2838834,31.53,31.73
2839500,31.47,31.71
2839824,31.49,31.71
2840324,31.53,31.71
2840856,31.53,31.71
2841331,31.47,31.73
2841824,31.49,31.73
2842367,31.47,31.73
2842823,31.53,31.71
2843338,31.53,31.71
2843891,31.49,31.71
2844435,31.53,31.71
2844879,31.53,31.71
2845417,31.49,31.69
2845831,31.53,31.71
2846366,31.49,31.73
2846827,31.55,31.71
2847324,31.47,31.71
2847860,31.53,31.73
2848324,31.53,31.71
2848838,31.49,31.69
2849363,31.53,31.73
2849842,31.53,31.71
2850367,31.53,31.71
2850909,31.53,31.73
2851324,31.49,31.69
2851974,31.55,31.71
2852433,31.53,31.71
2852839,31.49,31.71
2853388,31.49,31.69
2853823,31.49,31.71
2854326,31.53,31.71
2854886,31.49,31.73
2855331,31.49,31.71
2855850,31.49,31.69
2856374,31.49,31.71
2856855,31.49,31.73
2857369,31.53,31.71
2857921,31.53,31.69
2858344,31.49,31.69
2858922,31.43,31.69
2859341,31.47,31.69
2859831,31.49,31.75
2860396,31.41,31.73
2860824,31.53,31.71
2861338,31.53,31.71
2861881,31.53,31.71
2862323,31.47,31.69
2862836,31.47,31.73
2863380,31.53,31.71
2863824,31.53,31.69
2864371,31.49,31.69
2864908,31.49,31.71
2865331,31.57,31.75
2865977,31.49,31.73
2866324,31.49,31.71
2866831,31.49,31.73
2867398,31.47,31.69
2867838,31.49,31.71
2868363,31.49,31.69
2868827,31.47,31.67
2869338,31.53,31.71
2869860,31.43,31.67
2870332,31.49,31.69
2870846,31.53,31.71
2871393,31.53,31.71
2871912,31.53,31.71
2872366,31.49,31.71
2872907,31.53,31.71
2873324,31.53,31.71
2873863,31.47,31.71
2874419,31.49,31.69
2874823,31.49,31.69
2875350,31.53,31.69
2875824,31.47,31.71
2876323,31.47,31.71
2876862,31.49,31.69
2877323,31.53,31.73
2877849,31.49,31.73
2878373,31.53,31.73
2878921,31.49,31.69
2879363,31.53,31.71
2879904,31.53,31.71
2880428,31.49,31.71
2880972,31.53,31.71
2881425,31.53,31.71
2881824,31.53,31.71
2882368,31.53,31.71
2882824,31.53,31.71
2883327,31.55,31.71
2883860,31.53,31.69
2884328,31.53,31.75
2884845,31.53,31.71
2885364,31.53,31.71
2885840,31.49,31.71
2886365,31.53,31.73
2886910,31.53,31.71
2887327,31.49,31.71
2887968,31.53,31.69
2888323,31.49,31.69
2888830,31.49,31.71
2889383,31.53,31.73
2889830,31.49,31.73
2890337,31.47,31.67
2890890,31.53,31.71
2891328,31.49,31.71
2891855,31.53,31.71
2892408,31.55,31.75
2892847,31.49,31.73
2893401,31.47,31.71
2893919,31.53,31.73
2894465,31.53,31.71
2894912,31.55,31.71
2895327,31.53,31.73
2895848,31.43,31.69
2896334,31.53,31.73
2896834,31.53,31.71
2897382,31.53,31.69
2897823,31.53,31.71
2898356,31.53,31.71
2898882,31.49,31.73
2899427,31.53,31.73
2899872,31.53,31.75
2900406,31.53,31.71
2900830,31.49,31.71
2901395,31.53,31.69
2901827,31.53,31.71
2902323,31.49,31.69
2902892,31.53,31.71
2903323,31.53,31.71
2903830,31.53,31.71
2904372,31.53,31.69
2904827,31.55,31.71
2905346,31.49,31.73
2905888,31.49,31.71
2906339,31.43,31.67
2906886,31.49,31.69
2907410,31.53,31.71
2907837,31.47,31.71
2908400,31.53,31.73
2908824,31.53,31.73
2909324,31.49,31.71
2909877,31.53,31.71
2910341,31.53,31.69
2910841,31.53,31.69
2911376,31.53,31.71
2911833,31.49,31.71
2912346,31.49,31.73
2912894,31.53,31.71
2913414,31.49,31.73
2913861,31.47,31.73
2914413,31.53,31.69
2914823,31.53,31.73
2915474,31.47,31.69
2915920,31.53,31.73
2916328,31.49,31.71
2916850,31.49,31.71
2917324,31.53,31.73
2917831,31.55,31.71
2918377,31.53,31.69
2918828,31.53,31.71
2919349,31.49,31.71
2919879,31.53,31.71
2920435,31.53,31.71
2920877,31.53,31.71
2921419,31.49,31.71
2921823,31.55,31.69
2922371,31.53,31.69
2922827,31.53,31.71
2923328,31.53,31.71
2923851,31.53,31.73
2924327,31.49,31.73
2924827,31.53,31.71
2925365,31.49,31.71
2925830,31.53,31.71
2926354,31.53,31.73
2926881,31.53,31.73
2927434,31.47,31.69
2927881,31.49,31.69
2928424,31.53,31.71
2928824,31.49,31.73
2929344,31.53,31.73
2929824,31.53,31.71
2930330,31.47,31.73
2930855,31.53,31.71
2931396,31.49,31.69
2931824,31.47,31.71
2932337,31.49,31.69
2932909,31.53,31.71
2933337,31.53,31.75
2933878,31.53,31.73
2934401,31.47,31.71
2934878,31.53,31.71
2935398,31.53,31.75
2935824,31.47,31.71
2936340,31.53,31.69
2936834,31.53,31.73
2937323,31.47,31.69
2937860,31.53,31.69
2938403,31.49,31.69
2938823,31.49,31.69
2939342,31.49,31.71
2939897,31.49,31.69
2940327,31.49,31.73
2940875,31.53,31.71
2941393,31.47,31.71
2941837,31.47,31.71
2942383,31.47,31.69
2942928,31.53,31.71
2943348,31.47,31.69
2943903,31.53,31.71
2944323,31.53,31.69
2944832,31.57,31.73
2945399,31.53,31.69
2945824,31.53,31.69
2946352,31.47,31.71
2946903,31.55,31.71
2947342,31.53,31.71
2947859,31.57,31.71
2948340,31.53,31.75
2948858,31.53,31.71
2949406,31.49,31.69
2949923,31.47,31.71
2950398,31.49,31.69
2950916,31.49,31.73
2951327,31.53,31.73
2951869,31.53,31.69
2952324,31.49,31.67
2952827,31.53,31.71
2953371,31.53,31.73
2953827,31.53,31.71
2954339,31.53,31.73
2954859,31.49,31.69
2955337,31.53,31.71
2955859,31.53,31.71
2956416,31.49,31.73
2956830,31.53,31.71
2957408,31.53,31.73
2957831,31.49,31.69
2958327,31.53,31.71
2958883,31.49,31.69
2959324,31.53,31.75
2959834,31.53,31.71
2960376,31.53,31.69
2960827,31.53,31.69
2961346,31.53,31.71
2961892,31.53,31.71
2962345,31.53,31.69
2962889,31.49,31.69
2963407,31.53,31.71
2963841,31.49,31.69
2964398,31.49,31.69
2964831,31.49,31.69
2965333,31.53,31.69
2965900,31.53,31.71
2966324,31.47,31.69
2966846,31.49,31.75
2967389,31.53,31.73
2967824,31.53,31.73
2968332,31.53,31.71
2968884,31.53,31.71
2969331,31.49,31.73
2969876,31.53,31.67
2970403,31.53,31.71
2970951,31.53,31.71
2971404,31.49,31.71
2971947,31.49,31.69
2972358,31.47,31.69
2972903,31.49,31.71
2973323,31.53,31.71
2973839,31.53,31.73
2974397,31.53,31.71
2974827,31.55,31.69
2975351,31.55,31.71
2975880,31.49,31.71
2976344,31.55,31.71
2976886,31.55,31.71
2977323,31.47,31.71
2977842,31.43,31.71
2978419,31.43,31.69
2978827,31.47,31.73
2979336,31.43,31.71
2979890,31.55,31.69
2980327,31.71,31.71
2980844,31.77,31.73
2981327,31.71,31.71
2981843,31.67,31.71
2982385,31.71,31.71
2982910,31.55,31.71
2983363,31.49,31.73
2983906,31.49,31.73
2984331,31.49,31.73
2984879,31.47,31.71
2985328,31.49,31.71
2985827,31.53,31.73
2986373,31.49,31.69
2986823,31.49,31.71
2987323,31.43,31.73
2987871,31.49,31.73
2988327,31.47,31.71
2988849,31.49,31.71
2989366,31.53,31.69
2989834,31.49,31.69
2990360,31.55,31.73
2990896,31.53,31.69
2991424,31.55,31.71
2991861,31.53,31.69
2992416,31.53,31.71
2992830,31.57,31.71
2993335,31.57,31.73
2993902,31.49,31.71
2994338,31.57,31.71
2994872,31.55,31.71
2995330,31.57,31.69
2995856,31.55,31.73
2996376,31.53,31.73
2996925,31.49,31.69
2997374,31.61,31.69
2997892,31.61,31.69
2998324,31.71,31.71
2998961,31.77,31.69
2999323,30.97,31.73
2999823,30.19,31.73
3000398,30.29,31.71
3000831,30.45,31.75
3001354,30.39,31.73
3001890,30.29,31.75
3002334,30.25,31.73
3002848,30.23,31.73
3003394,30.29,31.73
3003836,30.23,31.71
3004372,30.23,31.75
3004889,30.17,31.73
3005357,30.19,31.73
3005883,30.25,31.79
3006426,30.23,31.75
3006827,30.15,31.73
3007388,30.23,31.73
3007823,30.19,31.81
3008328,30.31,31.75
3008852,30.31,31.75
3009330,30.29,31.75
3009824,30.17,31.73
3010349,30.17,31.73
3010893,30.11,31.75
3011323,30.23,31.75
3011835,30.19,31.75
3012400,30.19,31.79
3012827,30.23,31.73
3013367,30.19,31.75
3013890,30.19,31.75
3014352,30.19,31.73
3014895,30.19,31.71
3015434,30.17,31.73
3015880,30.23,31.79
3016403,30.19,31.75
3016830,30.17,31.73
3017495,30.19,31.73
3017823,30.25,31.79
3018338,30.19,31.79
3018885,30.17,31.73
3019323,30.09,31.73
3019823,30.17,31.73
3020353,30.19,31.75
3020824,30.25,31.69
3021334,30.23,31.73
3021863,30.23,31.73
3022412,30.17,31.73
3022871,30.25,31.73
3023404,30.29,31.73
3023851,30.29,31.75
3024400,30.25,31.73
3024830,30.29,31.73
3025333,30.23,31.71
3025890,30.25,31.71
3026324,30.25,31.75
3026832,30.23,31.73
3027370,30.25,31.73
3027824,30.29,31.73
3028331,30.19,31.75
3028873,30.29,31.75
3029331,30.25,31.75
3029840,30.33,31.79
3030385,30.31,31.75
3030924,30.23,31.73
3031369,30.31,31.75
3031889,30.23,31.73
3032323,30.31,31.75
3032978,30.29,31.75
3033419,30.23,31.73
3033823,30.25,31.73
3034345,30.29,31.75
3034879,30.29,31.79
3035324,30.29,31.79
3035828,30.29,31.75
3036370,30.25,31.75
3036824,30.31,31.75
3037329,30.25,31.75
3037858,30.29,31.73
3038331,30.23,31.75
3038846,30.25,31.75
3039389,30.29,31.73
3039903,30.29,31.79
3040376,30.25,31.75
3040912,30.25,31.75
3041338,30.23,31.75
3041868,30.23,31.73
3042324,30.33,31.81
3042824,30.31,31.75
3043361,30.23,31.75
3043898,30.25,31.75
3044323,30.25,31.75
3044838,30.25,31.73
3045388,30.25,31.75
3045824,30.31,31.75
3046348,30.37,31.79
3046883,30.25,31.75
3047323,30.23,31.73
3047873,30.23,31.73
3048416,30.29,31.73
3048932,30.17,31.73
3049376,30.25,31.75
3049917,30.29,31.75
3050328,30.31,31.75
3050904,30.31,31.75
3051427,30.31,31.73
3051841,30.23,31.71
3052385,30.25,31.73
3052835,30.25,31.73
3053327,30.29,31.75
3053879,30.29,31.79
3054323,30.31,31.75
3054847,30.25,31.75
3055367,30.25,31.75
3055834,30.25,31.73
3056357,30.23,31.73
3056895,30.25,31.75
3057425,30.25,31.73
3057903,30.29,31.75
3058422,30.29,31.73
3058842,30.31,31.73
3059481,30.23,31.75
3059827,30.23,31.73
3060336,30.23,31.71
3060894,30.25,31.73
3061335,30.31,31.75
3061838,30.25,31.75
3062376,30.29,31.75
3062830,30.31,31.83
3063342,30.31,31.75
3063884,30.25,31.73
3064343,30.19,31.75
3064857,30.25,31.75
3065399,30.23,31.75
3065852,30.25,31.73
3066392,30.25,31.73
3066909,30.23,31.73
3067328,30.25,31.73
3067971,30.23,31.73
3068331,30.25,31.73
3068827,30.31,31.73
3069370,30.25,31.75
